year,cohort,school_rep_code,school_rep_name,region,estb,school_division,enrolled_students,enrolled_dropouts,enrolled_dropout_rate,freshman_students,freshman_dropouts,freshman_dropout_rate,campus_count,grad_program_count,has_alimi,updated_at
2019,university,0000513,가톨릭관동대학교,강원,사립,대학,12897,979,7.6,0,0,,1,0,Y,2026-08-15T04:17:46.259Z
2019,university,0000041,경동대학교,강원,사립,대학,9978,592,5.9,0,0,,4,0,Y,2026-08-15T04:17:46.259Z
2019,university,0000086,상지대학교,강원,사립,대학,9301,875,9.4,0,0,,1,0,Y,2026-08-15T04:17:46.259Z
2019,university,0000147,한라대학교,강원,사립,대학,5352,344,6.4,0,0,,1,0,Y,2026-08-15T04:17:46.259Z
2019,university,0000148,한림대학교,강원,사립,대학,11025,446,4,0,0,,1,0,Y,2026-08-15T04:17:46.259Z
2019,university,0000044,가천대학교,경기,사립,대학,25780,932,3.6,0,0,,1,0,Y,2026-08-15T04:17:46.259Z
2019,university,0000034,가톨릭대학교,경기,사립,대학,10748,322,3,0,0,,3,0,Y,2026-08-15T04:17:46.259Z
2019,university,0000036,강남대학교,경기,사립,대학,9172,528,5.8,0,0,,1,0,Y,2026-08-15T04:17:46.259Z
2019,university,0000039,경기대학교,경기,사립,대학,19271,705,3.7,0,0,,2,0,Y,2026-08-15T04:17:46.259Z
2019,university,0000060,단국대학교,경기,사립,대학,31347,1109,3.5,0,0,,2,0,Y,2026-08-15T04:17:46.259Z
2019,university,0000068,대진대학교,경기,사립,대학,10266,616,6,0,0,,1,0,Y,2026-08-15T04:17:46.259Z
2019,university,0000078,루터대학교,경기,사립,대학,422,44,10.4,0,0,,1,0,Y,2026-08-15T04:17:46.259Z
2019,university,0000079,명지대학교,경기,사립,대학,19608,700,3.6,0,0,,2,0,Y,2026-08-15T04:17:46.259Z
2019,university,0000090,서울신학대학교,경기,사립,대학,2821,145,5.1,0,0,,1,0,Y,2026-08-15T04:17:46.259Z
2019,university,0000092,서울장신대학교,경기,사립,대학,635,33,5.2,0,0,,1,0,Y,2026-08-15T04:17:46.259Z
2019,university,0000095,성결대학교,경기,사립,대학,7292,382,5.2,0,0,,1,0,Y,2026-08-15T04:17:46.259Z
2019,university,0000101,수원가톨릭대학교,경기,사립,대학,183,7,3.8,0,0,,1,0,Y,2026-08-15T04:17:46.259Z
2019,university,0000102,수원대학교,경기,사립,대학,12916,840,6.5,0,0,,1,0,Y,2026-08-15T04:17:46.259Z
2019,university,0000178,신경대학교,경기,사립,대학,1146,160,14,0,0,,1,0,Y,2026-08-15T04:17:46.259Z
2019,university,0000509,신한대학교,경기,사립,대학,8497,439,5.2,0,0,,2,0,Y,2026-08-15T04:17:46.259Z
2019,university,0000558,아신대학교,경기,사립,대학,947,76,8,0,0,,1,0,Y,2026-08-15T04:17:46.259Z
2019,university,0000108,아주대학교,경기,사립,대학,13803,340,2.5,0,0,,1,0,Y,2026-08-15T04:17:46.259Z
2019,university,0000109,안양대학교,경기,사립,대학,6724,371,5.5,0,0,,2,0,Y,2026-08-15T04:17:46.259Z
2019,university,0000115,용인대학교,경기,사립,대학,8611,528,6.1,0,0,,1,0,Y,2026-08-15T04:17:46.259Z
2019,university,0000130,중앙승가대학교,경기,사립,대학,149,8,5.4,0,0,,1,0,Y,2026-08-15T04:17:46.259Z
2019,university,0000139,차의과학대학교,경기,사립,대학,2810,144,5.1,0,0,,1,0,Y,2026-08-15T04:17:46.259Z
2019,university,0000136,칼빈대학교,경기,사립,대학,670,48,7.2,0,0,,1,0,Y,2026-08-15T04:17:46.259Z
2019,university,0000138,평택대학교,경기,사립,대학,4810,339,7,0,0,,1,0,Y,2026-08-15T04:17:46.259Z
2019,university,0000191,한국산업기술대학교,경기,사립,대학,9839,555,5.6,0,0,,1,0,Y,2026-08-15T04:17:46.259Z
2019,university,0000144,한국항공대학교,경기,사립,대학,5824,173,3,0,0,,1,0,Y,2026-08-15T04:17:46.259Z
2019,university,0000151,한세대학교,경기,사립,대학,3503,203,5.8,0,0,,1,0,Y,2026-08-15T04:17:46.259Z
2019,university,0000152,한신대학교,경기,사립,대학,7359,357,4.9,0,0,,1,0,Y,2026-08-15T04:17:46.259Z
2019,university,0000156,협성대학교,경기,사립,대학,5789,406,7,0,0,,1,0,Y,2026-08-15T04:17:46.259Z
2019,university,0000032,가야대학교,경남,사립,대학,3124,199,6.4,0,0,,2,0,Y,2026-08-15T04:17:46.259Z
2019,university,0000040,경남대학교,경남,사립,대학,16923,975,5.8,0,0,,1,0,Y,2026-08-15T04:17:46.259Z
2019,university,0000167,부산장신대학교,경남,사립,대학,285,23,8.1,0,0,,1,0,Y,2026-08-15T04:17:46.259Z
2019,university,0000181,영산대학교,경남,사립,대학,0,0,,0,0,,2,0,N,2026-08-15T04:17:46.259Z
2019,university,0000122,인제대학교,경남,사립,대학,12655,641,5.1,0,0,,2,0,Y,2026-08-15T04:17:46.259Z
2019,university,0000193,창신대학교,경남,사립,대학,2396,159,6.6,0,0,,1,0,Y,2026-08-15T04:17:46.259Z
2019,university,0000174,한국국제대학교,경남,사립,대학,3441,529,15.4,0,0,,1,0,Y,2026-08-15T04:17:46.259Z
2019,university,0000188,경운대학교,경북,사립,대학,6296,566,9,0,0,,1,0,Y,2026-08-15T04:17:46.259Z
2019,university,0000045,경일대학교,경북,사립,대학,9557,718,7.5,0,0,,1,0,Y,2026-08-15T04:17:46.259Z
2019,university,0000046,경주대학교,경북,사립,대학,1751,323,18.4,0,0,,1,0,Y,2026-08-15T04:17:46.259Z
2019,university,0000185,김천대학교,경북,사립,대학,4157,392,9.4,0,0,,1,0,Y,2026-08-15T04:17:46.259Z
2019,university,0000063,대구가톨릭대학교,경북,사립,대학,17115,833,4.9,0,0,,1,0,Y,2026-08-15T04:17:46.259Z
2019,university,0000061,대구대학교,경북,사립,대학,24608,1358,5.5,0,0,,1,0,Y,2026-08-15T04:17:46.259Z
2019,university,0000062,대구예술대학교,경북,사립,대학,1670,200,12,0,0,,1,0,Y,2026-08-15T04:17:46.259Z
2019,university,0000042,대구한의대학교,경북,사립,대학,8605,506,5.9,0,0,,1,0,Y,2026-08-15T04:17:46.259Z
2019,university,0000065,대신대학교,경북,사립,대학,646,39,6,0,0,,1,0,Y,2026-08-15T04:17:46.259Z
2019,university,0000076,동양대학교,경북,사립,대학,5751,481,8.4,0,0,,2,0,Y,2026-08-15T04:17:46.259Z
2019,university,0000111,영남대학교,경북,사립,대학,30052,1132,3.8,0,0,,1,0,Y,2026-08-15T04:17:46.259Z
2019,university,0000112,영남신학대학교,경북,사립,대학,550,40,7.3,0,0,,1,0,Y,2026-08-15T04:17:46.259Z
2019,university,0000119,위덕대학교,경북,사립,대학,3928,408,10.4,0,0,,1,0,Y,2026-08-15T04:17:46.259Z
2019,university,0000140,포항공과대학교,경북,사립,대학,1697,21,1.2,0,0,,1,0,Y,2026-08-15T04:17:46.259Z
2019,university,0000146,한동대학교,경북,사립,대학,5447,125,2.3,0,0,,1,0,Y,2026-08-15T04:17:46.259Z
2019,university,0000052,광신대학교,광주,사립,대학,602,60,10,0,0,,1,0,Y,2026-08-15T04:17:46.259Z
2019,university,0000176,광주대학교,광주,사립,대학,9388,829,8.8,0,0,,1,0,Y,2026-08-15T04:17:46.259Z
2019,university,0000055,광주여자대학교,광주,사립,대학,3846,196,5.1,0,0,,1,0,Y,2026-08-15T04:17:46.259Z
2019,university,0000162,남부대학교,광주,사립,대학,3757,296,7.9,0,0,,1,0,Y,2026-08-15T04:17:46.259Z
2019,university,0000187,송원대학교,광주,사립,대학,3706,362,9.8,0,0,,1,0,Y,2026-08-15T04:17:46.259Z
2019,university,0000127,조선대학교,광주,사립,대학,27589,1348,4.9,0,0,,1,0,Y,2026-08-15T04:17:46.259Z
2019,university,0000157,호남대학교,광주,사립,대학,9364,557,5.9,0,0,,1,0,Y,2026-08-15T04:17:46.259Z
2019,university,0000158,호남신학대학교,광주,사립,대학,807,49,6.1,0,0,,1,0,Y,2026-08-15T04:17:46.259Z
2019,university,0000048,계명대학교,대구,사립,대학,30583,1511,4.9,0,0,,1,0,Y,2026-08-15T04:17:46.259Z
2019,university,0000067,대전대학교,대전,사립,대학,12908,622,4.8,0,0,,1,0,Y,2026-08-15T04:17:46.259Z
2019,university,0000182,대전신학대학교,대전,사립,대학,116,6,5.2,0,0,,1,0,Y,2026-08-15T04:17:46.259Z
2019,university,0000080,목원대학교,대전,사립,대학,10675,659,6.2,0,0,,1,0,Y,2026-08-15T04:17:46.259Z
2019,university,0000081,배재대학교,대전,사립,대학,11089,718,6.5,0,0,,1,0,Y,2026-08-15T04:17:46.259Z
2019,university,0000184,우송대학교,대전,사립,대학,12782,623,4.9,0,0,,1,0,Y,2026-08-15T04:17:46.259Z
2019,university,0000120,을지대학교,대전,사립,대학,5824,205,3.5,0,0,,3,0,Y,2026-08-15T04:17:46.259Z
2019,university,0000551,한국침례신학대학교,대전,사립,대학,1686,76,4.5,0,0,,1,0,Y,2026-08-15T04:17:46.259Z
2019,university,0000145,한남대학교,대전,사립,대학,16822,891,5.3,0,0,,1,0,Y,2026-08-15T04:17:46.259Z
2019,university,0000043,경성대학교,부산,사립,대학,16969,1026,6,0,0,,1,0,Y,2026-08-15T04:17:46.259Z
2019,university,0000050,고신대학교,부산,사립,대학,4826,313,6.5,0,0,,1,0,Y,2026-08-15T04:17:46.259Z
2019,university,0000180,동명대학교,부산,사립,대학,11869,868,7.3,0,0,,1,0,Y,2026-08-15T04:17:46.259Z
2019,university,0000073,동서대학교,부산,사립,대학,14733,905,6.1,0,0,,1,0,Y,2026-08-15T04:17:46.259Z
2019,university,0000075,동아대학교,부산,사립,대학,26185,1086,4.1,0,0,,1,0,Y,2026-08-15T04:17:46.259Z
2019,university,0000077,동의대학교,부산,사립,대학,21406,1040,4.9,0,0,,1,0,Y,2026-08-15T04:17:46.259Z
2019,university,0000082,부산가톨릭대학교,부산,사립,대학,4874,213,4.4,0,0,,1,0,Y,2026-08-15T04:17:46.259Z
2019,university,0000083,부산외국어대학교,부산,사립,대학,11870,741,6.2,0,0,,1,0,Y,2026-08-15T04:17:46.259Z
2019,university,0000106,신라대학교,부산,사립,대학,11990,860,7.2,0,0,,1,0,Y,2026-08-15T04:17:46.259Z
2019,university,0000035,감리교신학대학교,서울,사립,대학,1133,45,4,0,0,,1,0,Y,2026-08-15T04:17:46.259Z
2019,university,0000037,건국대학교,서울,사립,대학,33778,1042,3.1,0,0,,2,0,Y,2026-08-15T04:17:46.259Z
2019,university,0000047,경희대학교,서울,사립,대학,34753,971,2.8,0,0,,1,0,Y,2026-08-15T04:17:46.259Z
2019,university,0000049,고려대학교,서울,사립,대학,37460,1017,2.7,0,0,,2,0,Y,2026-08-15T04:17:46.259Z
2019,university,0000053,광운대학교,서울,사립,대학,11574,425,3.7,0,0,,1,0,Y,2026-08-15T04:17:46.259Z
2019,university,0000056,국민대학교,서울,사립,대학,21875,590,2.7,0,0,,1,0,Y,2026-08-15T04:17:46.259Z
2019,university,0000070,덕성여자대학교,서울,사립,대학,6944,267,3.8,0,0,,1,0,Y,2026-08-15T04:17:46.259Z
2019,university,0000071,동국대학교,서울,사립,대학,29895,1168,3.9,0,0,,2,0,Y,2026-08-15T04:17:46.259Z
2019,university,0000072,동덕여자대학교,서울,사립,대학,8000,341,4.3,0,0,,1,0,Y,2026-08-15T04:17:46.259Z
2019,university,0000084,삼육대학교,서울,사립,대학,7244,314,4.3,0,0,,1,0,Y,2026-08-15T04:17:46.259Z
2019,university,0000085,상명대학교,서울,사립,대학,17229,696,4,0,0,,2,0,Y,2026-08-15T04:17:46.259Z
2019,university,0000087,서강대학교,서울,사립,대학,11828,363,3.1,0,0,,1,0,Y,2026-08-15T04:17:46.259Z
2019,university,0000088,서경대학교,서울,사립,대학,8714,467,5.4,0,0,,1,0,Y,2026-08-15T04:17:46.259Z
2019,university,0000069,서울기독대학교,서울,사립,대학,726,148,20.4,0,0,,1,0,Y,2026-08-15T04:17:46.259Z
2019,university,0000091,서울여자대학교,서울,사립,대학,8568,314,3.7,0,0,,1,0,Y,2026-08-15T04:17:46.259Z
2019,university,0000539,서울한영대학교,서울,사립,대학,929,99,10.7,0,0,,1,0,Y,2026-08-15T04:17:46.259Z
2019,university,0000096,성공회대학교,서울,사립,대학,2966,149,5,0,0,,1,0,Y,2026-08-15T04:17:46.259Z
2019,university,0000097,성균관대학교,서울,사립,대학,26225,594,2.3,0,0,,1,0,Y,2026-08-15T04:17:46.259Z
2019,university,0000098,성신여자대학교,서울,사립,대학,10675,351,3.3,0,0,,1,0,Y,2026-08-15T04:17:46.259Z
2019,university,0000100,세종대학교,서울,사립,대학,16207,896,5.5,0,0,,1,0,Y,2026-08-15T04:17:46.259Z
2019,university,0000103,숙명여자대학교,서울,사립,대학,12141,344,2.8,0,0,,1,0,Y,2026-08-15T04:17:46.259Z
2019,university,0000105,숭실대학교,서울,사립,대학,19255,528,2.7,0,0,,1,0,Y,2026-08-15T04:17:46.259Z
2019,university,0000110,연세대학교,서울,사립,대학,36318,867,2.4,0,0,,2,0,Y,2026-08-15T04:17:46.259Z
2019,university,0000121,이화여자대학교,서울,사립,대학,18984,445,2.3,0,0,,1,0,Y,2026-08-15T04:17:46.259Z
2019,university,0000125,장로회신학대학교,서울,사립,대학,876,22,2.5,0,0,,1,0,Y,2026-08-15T04:17:46.259Z
2019,university,0000129,중앙대학교,서울,사립,대학,32392,895,2.8,0,0,,2,0,Y,2026-08-15T04:17:46.259Z
2019,university,0000133,총신대학교,서울,사립,대학,2172,94,4.3,0,0,,1,0,Y,2026-08-15T04:17:46.259Z
2019,university,0000134,추계예술대학교,서울,사립,대학,1491,84,5.6,0,0,,1,0,Y,2026-08-15T04:17:46.259Z
2019,university,0000525,케이씨대학교,서울,사립,대학,1775,150,8.5,0,0,,1,0,Y,2026-08-15T04:17:46.259Z
2019,university,0000142,한국성서대학교,서울,사립,대학,1287,72,5.6,0,0,,1,0,Y,2026-08-15T04:17:46.259Z
2019,university,0000143,한국외국어대학교,서울,사립,대학,23840,834,3.5,0,0,,1,0,Y,2026-08-15T04:17:46.259Z
2019,university,0000150,한성대학교,서울,사립,대학,9406,447,4.8,0,0,,1,0,Y,2026-08-15T04:17:46.259Z
2019,university,0000153,한양대학교,서울,사립,대학,35812,877,2.4,0,0,,2,0,Y,2026-08-15T04:17:46.259Z
2019,university,0000160,홍익대학교,서울,사립,대학,25342,1004,4,0,0,,2,0,Y,2026-08-15T04:17:46.259Z
2019,university,0000066,대전가톨릭대학교,세종,사립,대학,64,8,12.5,0,0,,1,0,Y,2026-08-15T04:17:46.259Z
2019,university,0000117,울산대학교,울산,사립,대학,17842,895,5,0,0,,1,0,Y,2026-08-15T04:17:46.259Z
2019,university,0000123,인천가톨릭대학교,인천,사립,대학,837,40,4.8,0,0,,2,0,Y,2026-08-15T04:17:46.259Z
2019,university,0000124,인하대학교,인천,사립,대학,25729,595,2.3,0,0,,1,0,Y,2026-08-15T04:17:46.259Z
2019,university,0000054,광주가톨릭대학교,전남,사립,대학,125,12,9.6,0,0,,1,0,Y,2026-08-15T04:17:46.259Z
2019,university,0000074,동신대학교,전남,사립,대학,8559,649,7.6,0,0,,1,0,Y,2026-08-15T04:17:46.259Z
2019,university,0000166,목포가톨릭대학교,전남,사립,대학,571,17,3,0,0,,1,0,Y,2026-08-15T04:17:46.259Z
2019,university,0000064,세한대학교,전남,사립,대학,5333,659,12.4,0,0,,1,0,Y,2026-08-15T04:17:46.259Z
2019,university,0000114,영산선학대학교,전남,사립,대학,49,4,8.2,0,0,,1,0,Y,2026-08-15T04:17:46.259Z
2019,university,0000190,초당대학교,전남,사립,대학,4156,325,7.8,0,0,,1,0,Y,2026-08-15T04:17:46.259Z
2019,university,0000186,한려대학교,전남,사립,대학,517,64,12.4,0,0,,1,0,Y,2026-08-15T04:17:46.259Z
2019,university,0000173,예수대학교,전북,사립,대학,645,9,1.4,0,0,,1,0,Y,2026-08-15T04:17:46.259Z
2019,university,0000164,예원예술대학교,전북,사립,대학,1542,160,10.4,0,0,,2,0,Y,2026-08-15T04:17:46.259Z
2019,university,0000116,우석대학교,전북,사립,대학,9743,788,8.1,0,0,,1,0,Y,2026-08-15T04:17:46.259Z
2019,university,0000118,원광대학교,전북,사립,대학,21789,1448,6.6,0,0,,1,0,Y,2026-08-15T04:17:46.259Z
2019,university,0000126,전주대학교,전북,사립,대학,15875,871,5.5,0,0,,1,0,Y,2026-08-15T04:17:46.259Z
2019,university,0000155,한일장신대학교,전북,사립,대학,1194,98,8.2,0,0,,1,0,Y,2026-08-15T04:17:46.259Z
2019,university,0000223,호원대학교,전북,사립,대학,7129,763,10.7,0,0,,1,0,Y,2026-08-15T04:17:46.259Z
2019,university,0000192,제주국제대학교,제주,사립,대학,1852,307,16.6,0,0,,1,0,Y,2026-08-15T04:17:46.259Z
2019,university,0000038,건양대학교,충남,사립,대학,9138,361,4,0,0,,2,0,Y,2026-08-15T04:17:46.259Z
2019,university,0000169,금강대학교,충남,사립,대학,649,66,10.2,0,0,,1,0,Y,2026-08-15T04:17:46.259Z
2019,university,0000059,나사렛대학교,충남,사립,대학,7006,405,5.8,0,0,,1,0,Y,2026-08-15T04:17:46.259Z
2019,university,0000189,남서울대학교,충남,사립,대학,13626,1315,9.7,0,0,,1,0,Y,2026-08-15T04:17:46.259Z
2019,university,0000131,백석대학교,충남,사립,대학,15976,771,4.8,0,0,,1,0,Y,2026-08-15T04:17:46.259Z
2019,university,0000094,선문대학교,충남,사립,대학,12817,722,5.6,0,0,,1,0,Y,2026-08-15T04:17:46.259Z
2019,university,0000104,순천향대학교,충남,사립,대학,14151,698,4.9,0,0,,1,0,Y,2026-08-15T04:17:46.259Z
2019,university,0000128,중부대학교,충남,사립,대학,12086,765,6.3,0,0,,1,0,Y,2026-08-15T04:17:46.259Z
2019,university,0000225,청운대학교,충남,사립,대학,8627,643,7.5,0,0,,1,0,Y,2026-08-15T04:17:46.259Z
2019,university,0000141,한국기술교육대학교,충남,사립,대학,6325,257,4.1,0,0,,1,0,Y,2026-08-15T04:17:46.259Z
2019,university,0000149,한서대학교,충남,사립,대학,9270,477,5.1,0,0,,1,0,Y,2026-08-15T04:17:46.259Z
2019,university,0000159,호서대학교,충남,사립,대학,16477,756,4.6,0,0,,1,0,Y,2026-08-15T04:17:46.259Z
2019,university,0000557,가톨릭꽃동네대학교,충북,사립,대학,587,21,3.6,0,0,,1,0,Y,2026-08-15T04:17:46.259Z
2019,university,0000058,극동대학교,충북,사립,대학,5136,265,5.2,0,0,,1,0,Y,2026-08-15T04:17:46.259Z
2019,university,0000093,서원대학교,충북,사립,대학,9042,435,4.8,0,0,,1,0,Y,2026-08-15T04:17:46.259Z
2019,university,0000099,세명대학교,충북,사립,대학,10864,621,5.7,0,0,,1,0,Y,2026-08-15T04:17:46.259Z
2019,university,0000113,유원대학교,충북,사립,대학,5378,548,10.2,0,0,,1,0,Y,2026-08-15T04:17:46.259Z
2019,university,0000183,중원대학교,충북,사립,대학,5636,681,12.1,0,0,,1,0,Y,2026-08-15T04:17:46.259Z
2019,university,0000132,청주대학교,충북,사립,대학,16055,746,4.6,0,0,,1,0,Y,2026-08-15T04:17:46.259Z
2019,junior-college,0000347,강릉영동대학교,강원,사립,전문대학,4704,200,4.3,0,0,,1,0,Y,2026-08-15T04:17:46.259Z
2019,junior-college,0000378,강원관광대학교,강원,사립,전문대학,1828,130,7.1,0,0,,1,0,Y,2026-08-15T04:17:46.259Z
2019,junior-college,0000348,세경대학교,강원,사립,전문대학,1330,94,7.1,0,0,,1,0,Y,2026-08-15T04:17:46.259Z
2019,junior-college,0000393,송곡대학교,강원,사립,전문대학,782,54,6.9,0,0,,1,0,Y,2026-08-15T04:17:46.259Z
2019,junior-college,0000390,송호대학교,강원,사립,전문대학,1457,152,10.4,0,0,,1,0,Y,2026-08-15T04:17:46.259Z
2019,junior-college,0000542,한국골프대학교,강원,사립,전문대학,739,29,3.9,0,0,,1,0,Y,2026-08-15T04:17:46.259Z
2019,junior-college,0000383,한림성심대학교,강원,사립,전문대학,4906,332,6.8,0,0,,1,0,Y,2026-08-15T04:17:46.259Z
2019,junior-college,0000387,경기과학기술대학교,경기,사립,전문대학,7320,333,4.5,0,0,,1,0,Y,2026-08-15T04:17:46.259Z
2019,junior-college,0000255,경민대학교,경기,사립,전문대학,7290,546,7.5,0,0,,1,0,Y,2026-08-15T04:17:46.259Z
2019,junior-college,0000259,경복대학교,경기,사립,전문대학,8263,357,4.3,0,0,,1,0,Y,2026-08-15T04:17:46.259Z
2019,junior-college,0000264,계원예술대학교,경기,사립,전문대학,4238,347,8.2,0,0,,1,0,Y,2026-08-15T04:17:46.259Z
2019,junior-college,0000379,국제대학교,경기,사립,전문대학,6221,541,8.7,0,0,,1,0,Y,2026-08-15T04:17:46.259Z
2019,junior-college,0000277,김포대학교,경기,사립,전문대학,5276,518,9.8,0,0,,1,0,Y,2026-08-15T04:17:46.259Z
2019,junior-college,0000278,농협대학교,경기,사립,전문대학,511,7,1.4,0,0,,1,0,Y,2026-08-15T04:17:46.259Z
2019,junior-college,0000285,대림대학교,경기,사립,전문대학,10317,921,8.9,0,0,,1,0,Y,2026-08-15T04:17:46.259Z
2019,junior-college,0000294,동남보건대학교,경기,사립,전문대학,5678,261,4.6,0,0,,1,0,Y,2026-08-15T04:17:46.259Z
2019,junior-college,0000287,동서울대학교,경기,사립,전문대학,8909,628,7,0,0,,1,0,Y,2026-08-15T04:17:46.259Z
2019,junior-college,0000298,동아방송예술대학교,경기,사립,전문대학,4232,251,5.9,0,0,,1,0,Y,2026-08-15T04:17:46.259Z
2019,junior-college,0000302,동원대학교,경기,사립,전문대학,5615,534,9.5,0,0,,1,0,Y,2026-08-15T04:17:46.259Z
2019,junior-college,0000305,두원공과대학교,경기,사립,전문대학,8213,742,9,0,0,,1,0,Y,2026-08-15T04:17:46.259Z
2019,junior-college,0000316,부천대학교,경기,사립,전문대학,10641,631,5.9,0,0,,1,0,Y,2026-08-15T04:17:46.259Z
2019,junior-college,0000323,서울예술대학교,경기,사립,전문대학,4335,185,4.3,0,0,,1,0,Y,2026-08-15T04:17:46.259Z
2019,junior-college,0000392,서정대학교,경기,사립,전문대학,9174,340,3.7,0,0,,1,0,Y,2026-08-15T04:17:46.259Z
2019,junior-college,0000330,수원과학대학교,경기,사립,전문대학,9006,774,8.6,0,0,,1,0,Y,2026-08-15T04:17:46.259Z
2019,junior-college,0000329,수원여자대학교,경기,사립,전문대학,4611,294,6.4,0,0,,1,0,Y,2026-08-15T04:17:46.259Z
2019,junior-college,0000334,신구대학교,경기,사립,전문대학,8759,601,6.9,0,0,,1,0,Y,2026-08-15T04:17:46.259Z
2019,junior-college,0000339,신안산대학교,경기,사립,전문대학,6440,474,7.4,0,0,,1,0,Y,2026-08-15T04:17:46.259Z
2019,junior-college,0000340,안산대학교,경기,사립,전문대학,5730,352,6.1,0,0,,1,0,Y,2026-08-15T04:17:46.259Z
2019,junior-college,0000343,여주대학교,경기,사립,전문대학,8159,791,9.7,0,0,,1,0,Y,2026-08-15T04:17:46.259Z
2019,junior-college,0000341,연성대학교,경기,사립,전문대학,8543,740,8.7,0,0,,1,0,Y,2026-08-15T04:17:46.259Z
2019,junior-college,0000350,오산대학교,경기,사립,전문대학,7843,708,9,0,0,,1,0,Y,2026-08-15T04:17:46.259Z
2019,junior-college,0000559,용인예술과학대학교,경기,사립,전문대학,6213,568,9.1,0,0,,1,0,Y,2026-08-15T04:17:46.259Z
2019,junior-college,0000394,웅지세무대학교,경기,사립,전문대학,2262,213,9.4,0,0,,1,0,Y,2026-08-15T04:17:46.259Z
2019,junior-college,0000355,유한대학교,경기,사립,전문대학,8113,458,5.6,0,0,,1,0,Y,2026-08-15T04:17:46.259Z
2019,junior-college,0000358,장안대학교,경기,사립,전문대학,8140,782,9.6,0,0,,1,0,Y,2026-08-15T04:17:46.259Z
2019,junior-college,0000374,청강문화산업대학교,경기,사립,전문대학,5013,266,5.3,0,0,,1,0,Y,2026-08-15T04:17:46.259Z
2019,junior-college,0000391,한국관광대학교,경기,사립,전문대학,2629,156,5.9,0,0,,1,0,Y,2026-08-15T04:17:46.259Z
2019,junior-college,0000251,거제대학교,경남,사립,전문대학,1720,164,9.5,0,0,,1,0,Y,2026-08-15T04:17:46.259Z
2019,junior-college,0000395,김해대학교,경남,사립,전문대학,1800,141,7.8,0,0,,1,0,Y,2026-08-15T04:17:46.259Z
2019,junior-college,0000342,동원과학기술대학교,경남,사립,전문대학,3280,236,7.2,0,0,,1,0,Y,2026-08-15T04:17:46.259Z
2019,junior-college,0000306,마산대학교,경남,사립,전문대학,7499,575,7.7,0,0,,1,0,Y,2026-08-15T04:17:46.259Z
2019,junior-college,0000530,연암공과대학교,경남,사립,전문대학,2624,159,6.1,0,0,,1,0,Y,2026-08-15T04:17:46.259Z
2019,junior-college,0000369,진주보건대학교,경남,사립,전문대학,3203,116,3.6,0,0,,1,0,Y,2026-08-15T04:17:46.259Z
2019,junior-college,0000528,창원문성대학교,경남,사립,전문대학,6168,1069,17.3,0,0,,1,0,Y,2026-08-15T04:17:46.259Z
2019,junior-college,0000396,한국승강기대학교,경남,사립,전문대학,1493,55,3.7,0,0,,1,0,Y,2026-08-15T04:17:46.259Z
2019,junior-college,0000249,가톨릭상지대학교,경북,사립,전문대학,2447,178,7.3,0,0,,1,0,Y,2026-08-15T04:17:46.259Z
2019,junior-college,0000293,경북과학대학교,경북,사립,전문대학,1720,193,11.2,0,0,,1,0,Y,2026-08-15T04:17:46.259Z
2019,junior-college,0000523,경북보건대학교,경북,사립,전문대학,1510,58,3.8,0,0,,1,0,Y,2026-08-15T04:17:46.259Z
2019,junior-college,0000258,경북전문대학교,경북,사립,전문대학,3799,245,6.4,0,0,,1,0,Y,2026-08-15T04:17:46.259Z
2019,junior-college,0000268,구미대학교,경북,사립,전문대학,7201,603,8.4,0,0,,1,0,Y,2026-08-15T04:17:46.259Z
2019,junior-college,0000279,대경대학교,경북,사립,전문대학,5634,707,12.5,0,0,,1,0,Y,2026-08-15T04:17:46.259Z
2019,junior-college,0000309,문경대학교,경북,사립,전문대학,1109,54,4.9,0,0,,1,0,Y,2026-08-15T04:17:46.259Z
2019,junior-college,0000262,서라벌대학교,경북,사립,전문대학,859,55,6.4,0,0,,1,0,Y,2026-08-15T04:17:46.259Z
2019,junior-college,0000380,선린대학교,경북,사립,전문대학,3242,209,6.4,0,0,,1,0,Y,2026-08-15T04:17:46.259Z
2019,junior-college,0000547,성운대학교,경북,사립,전문대학,1669,210,12.6,0,0,,1,0,Y,2026-08-15T04:17:46.259Z
2019,junior-college,0000338,안동과학대학교,경북,사립,전문대학,3697,147,4,0,0,,1,0,Y,2026-08-15T04:17:46.259Z
2019,junior-college,0000257,영남외국어대학,경북,사립,전문대학,593,84,14.2,0,0,,1,0,Y,2026-08-15T04:17:46.259Z
2019,junior-college,0000381,포항대학교,경북,사립,전문대학,2518,226,9,0,0,,1,0,Y,2026-08-15T04:17:46.259Z
2019,junior-college,0000522,호산대학교,경북,사립,전문대학,2368,253,10.7,0,0,,1,0,Y,2026-08-15T04:17:46.259Z
2019,junior-college,0000267,광주보건대학교,광주,사립,전문대학,4875,160,3.3,0,0,,1,0,Y,2026-08-15T04:17:46.259Z
2019,junior-college,0000273,기독간호대학교,광주,사립,전문대학,680,13,1.9,0,0,,1,0,Y,2026-08-15T04:17:46.259Z
2019,junior-college,0000297,동강대학교,광주,사립,전문대학,4099,452,11,0,0,,1,0,Y,2026-08-15T04:17:46.259Z
2019,junior-college,0000320,서영대학교,광주,사립,전문대학,8091,548,6.8,0,0,,1,0,Y,2026-08-15T04:17:46.259Z
2019,junior-college,0000366,조선간호대학교,광주,사립,전문대학,829,12,1.4,0,0,,1,0,Y,2026-08-15T04:17:46.259Z
2019,junior-college,0000365,조선이공대학교,광주,사립,전문대학,6477,536,8.3,0,0,,1,0,Y,2026-08-15T04:17:46.259Z
2019,junior-college,0000263,계명문화대학교,대구,사립,전문대학,7705,636,8.3,0,0,,1,0,Y,2026-08-15T04:17:46.259Z
2019,junior-college,0000280,대구공업대학교,대구,사립,전문대학,2964,286,9.6,0,0,,1,0,Y,2026-08-15T04:17:46.259Z
2019,junior-college,0000283,대구과학대학교,대구,사립,전문대학,5143,405,7.9,0,0,,1,0,Y,2026-08-15T04:17:46.259Z
2019,junior-college,0000281,대구보건대학교,대구,사립,전문대학,8913,449,5,0,0,,1,0,Y,2026-08-15T04:17:46.259Z
2019,junior-college,0000282,수성대학교,대구,사립,전문대학,4988,358,7.2,0,0,,1,0,Y,2026-08-15T04:17:46.259Z
2019,junior-college,0000346,영남이공대학교,대구,사립,전문대학,9154,606,6.6,0,0,,1,0,Y,2026-08-15T04:17:46.259Z
2019,junior-college,0000349,영진전문대학교,대구,사립,전문대학,13387,931,7,0,0,,1,0,Y,2026-08-15T04:17:46.259Z
2019,junior-college,0000376,대덕대학교,대전,사립,전문대학,6227,546,8.8,0,0,,1,0,Y,2026-08-15T04:17:46.259Z
2019,junior-college,0000512,대전과학기술대학교,대전,사립,전문대학,5829,481,8.3,0,0,,1,0,Y,2026-08-15T04:17:46.259Z
2019,junior-college,0000288,대전보건대학교,대전,사립,전문대학,7716,596,7.7,0,0,,1,0,Y,2026-08-15T04:17:46.259Z
2019,junior-college,0000289,우송정보대학,대전,사립,전문대학,7268,713,9.8,0,0,,1,0,Y,2026-08-15T04:17:46.259Z
2019,junior-college,0000253,경남정보대학교,부산,사립,전문대학,11859,698,5.9,0,0,,1,0,Y,2026-08-15T04:17:46.259Z
2019,junior-college,0000284,대동대학교,부산,사립,전문대학,1818,114,6.3,0,0,,1,0,Y,2026-08-15T04:17:46.259Z
2019,junior-college,0000303,동의과학대학교,부산,사립,전문대학,9582,1034,10.8,0,0,,1,0,Y,2026-08-15T04:17:46.259Z
2019,junior-college,0000304,동주대학교,부산,사립,전문대학,4426,368,8.3,0,0,,1,0,Y,2026-08-15T04:17:46.259Z
2019,junior-college,0000313,부산경상대학교,부산,사립,전문대학,4193,224,5.3,0,0,,1,0,Y,2026-08-15T04:17:46.259Z
2019,junior-college,0000315,부산과학기술대학교,부산,사립,전문대학,7659,1062,13.9,0,0,,1,0,Y,2026-08-15T04:17:46.259Z
2019,junior-college,0000314,부산여자대학교,부산,사립,전문대학,2987,232,7.8,0,0,,1,0,Y,2026-08-15T04:17:46.259Z
2019,junior-college,0000388,부산예술대학교,부산,사립,전문대학,1035,191,18.5,0,0,,1,0,Y,2026-08-15T04:17:46.259Z
2019,junior-college,0000300,동양미래대학교,서울,사립,전문대학,10594,735,6.9,0,0,,1,0,Y,2026-08-15T04:17:46.259Z
2019,junior-college,0000307,명지전문대학,서울,사립,전문대학,9999,899,9,0,0,,1,0,Y,2026-08-15T04:17:46.259Z
2019,junior-college,0000310,배화여자대학교,서울,사립,전문대학,3268,280,8.6,0,0,,1,0,Y,2026-08-15T04:17:46.259Z
2019,junior-college,0000317,삼육보건대학교,서울,사립,전문대학,1551,79,5.1,0,0,,1,0,Y,2026-08-15T04:17:46.259Z
2019,junior-college,0000321,서울여자간호대학교,서울,사립,전문대학,995,16,1.6,0,0,,1,0,Y,2026-08-15T04:17:46.259Z
2019,junior-college,0000324,서일대학교,서울,사립,전문대학,9079,654,7.2,0,0,,1,0,Y,2026-08-15T04:17:46.259Z
2019,junior-college,0000333,숭의여자대학교,서울,사립,전문대학,3661,332,9.1,0,0,,1,0,Y,2026-08-15T04:17:46.259Z
2019,junior-college,0000356,인덕대학교,서울,사립,전문대학,9187,616,6.7,0,0,,1,0,Y,2026-08-15T04:17:46.259Z
2019,junior-college,0000384,한양여자대학교,서울,사립,전문대학,7284,511,7,0,0,,1,0,Y,2026-08-15T04:17:46.259Z
2019,junior-college,0000353,한국영상대학교,세종,사립,전문대학,4789,380,7.9,0,0,,1,0,Y,2026-08-15T04:17:46.259Z
2019,junior-college,0000352,울산과학대학교,울산,사립,전문대학,8139,449,5.5,0,0,,1,0,Y,2026-08-15T04:17:46.259Z
2019,junior-college,0000375,춘해보건대학교,울산,사립,전문대학,3176,91,2.9,0,0,,1,0,Y,2026-08-15T04:17:46.259Z
2019,junior-college,0000261,경인여자대학교,인천,사립,전문대학,5032,307,6.1,0,0,,1,0,Y,2026-08-15T04:17:46.259Z
2019,junior-college,0000292,인천재능대학교,인천,사립,전문대학,6236,552,8.9,0,0,,1,0,Y,2026-08-15T04:17:46.259Z
2019,junior-college,0000357,인하공업전문대학,인천,사립,전문대학,11603,734,6.3,0,0,,1,0,Y,2026-08-15T04:17:46.259Z
2019,junior-college,0000272,고구려대학교,전남,사립,전문대학,2306,358,15.5,0,0,,1,0,Y,2026-08-15T04:17:46.259Z
2019,junior-college,0000266,광양보건대학교,전남,사립,전문대학,1185,111,9.4,0,0,,1,0,Y,2026-08-15T04:17:46.259Z
2019,junior-college,0000532,동아보건대학교,전남,사립,전문대학,1990,191,9.6,0,0,,1,0,Y,2026-08-15T04:17:46.259Z
2019,junior-college,0000308,목포과학대학교,전남,사립,전문대학,3994,457,11.4,0,0,,1,0,Y,2026-08-15T04:17:46.259Z
2019,junior-college,0000331,순천제일대학교,전남,사립,전문대학,4267,454,10.6,0,0,,1,0,Y,2026-08-15T04:17:46.259Z
2019,junior-college,0000360,전남과학대학교,전남,사립,전문대학,4612,466,10.1,0,0,,1,0,Y,2026-08-15T04:17:46.259Z
2019,junior-college,0000332,청암대학교,전남,사립,전문대학,3423,213,6.2,0,0,,1,0,Y,2026-08-15T04:17:46.259Z
2019,junior-college,0000546,한영대학교,전남,사립,전문대학,1724,133,7.7,0,0,,1,0,Y,2026-08-15T04:17:46.259Z
2019,junior-college,0000250,군산간호대학교,전북,사립,전문대학,1265,21,1.7,0,0,,1,0,Y,2026-08-15T04:17:46.259Z
2019,junior-college,0000270,군장대학교,전북,사립,전문대학,2500,189,7.6,0,0,,1,0,Y,2026-08-15T04:17:46.259Z
2019,junior-college,0000311,백제예술대학교,전북,사립,전문대학,1866,239,12.8,0,0,,1,0,Y,2026-08-15T04:17:46.259Z
2019,junior-college,0000354,원광보건대학교,전북,사립,전문대학,6836,449,6.6,0,0,,1,0,Y,2026-08-15T04:17:46.259Z
2019,junior-college,0000362,전북과학대학교,전북,사립,전문대학,1789,115,6.4,0,0,,1,0,Y,2026-08-15T04:17:46.259Z
2019,junior-college,0000274,전주기전대학,전북,사립,전문대학,2090,226,10.8,0,0,,1,0,Y,2026-08-15T04:17:46.259Z
2019,junior-college,0000361,전주비전대학교,전북,사립,전문대학,5359,354,6.6,0,0,,1,0,Y,2026-08-15T04:17:46.259Z
2019,junior-college,0000363,제주관광대학교,제주,사립,전문대학,3197,339,10.6,0,0,,1,0,Y,2026-08-15T04:17:46.259Z
2019,junior-college,0000382,제주한라대학교,제주,사립,전문대학,9943,804,8.1,0,0,,1,0,Y,2026-08-15T04:17:46.259Z
2019,junior-college,0000373,백석문화대학교,충남,사립,전문대학,8116,756,9.3,0,0,,1,0,Y,2026-08-15T04:17:46.259Z
2019,junior-college,0000335,신성대학교,충남,사립,전문대학,5799,425,7.3,0,0,,1,0,Y,2026-08-15T04:17:46.259Z
2019,junior-college,0000291,아주자동차대학,충남,사립,전문대학,2506,125,5,0,0,,1,0,Y,2026-08-15T04:17:46.259Z
2019,junior-college,0000529,연암대학교,충남,사립,전문대학,1516,97,6.4,0,0,,1,0,Y,2026-08-15T04:17:46.259Z
2019,junior-college,0000386,혜전대학교,충남,사립,전문대학,3909,281,7.2,0,0,,1,0,Y,2026-08-15T04:17:46.259Z
2019,junior-college,0000271,강동대학교,충북,사립,전문대학,5587,564,10.1,0,0,,1,0,Y,2026-08-15T04:17:46.259Z
2019,junior-college,0000286,대원대학교,충북,사립,전문대학,3264,239,7.3,0,0,,1,0,Y,2026-08-15T04:17:46.259Z
2019,junior-college,0000367,충북보건과학대학교,충북,사립,전문대학,3986,301,7.6,0,0,,1,0,Y,2026-08-15T04:17:46.259Z
2019,junior-college,0000377,충청대학교,충북,사립,전문대학,6175,583,9.4,0,0,,1,0,Y,2026-08-15T04:17:46.259Z
2019,graduate,0000513,가톨릭관동대학교,강원,사립,대학원,370,41,11.1,,,,4,5,Y,2026-08-15T04:17:46.259Z
2019,graduate,0000086,상지대학교,강원,사립,대학원,325,33,10.2,,,,5,6,Y,2026-08-15T04:17:46.259Z
2019,graduate,0000147,한라대학교,강원,사립,대학원,45,3,6.7,,,,1,1,Y,2026-08-15T04:17:46.259Z
2019,graduate,0000148,한림대학교,강원,사립,대학원,722,43,6,,,,7,9,Y,2026-08-15T04:17:46.259Z
2019,graduate,0000044,가천대학교,경기,사립,대학원,2441,118,4.8,,,,9,11,Y,2026-08-15T04:17:46.259Z
2019,graduate,0000034,가톨릭대학교,경기,사립,대학원,2646,96,3.6,,,,16,21,Y,2026-08-15T04:17:46.259Z
2019,graduate,0000036,강남대학교,경기,사립,대학원,390,26,6.7,,,,4,5,Y,2026-08-15T04:17:46.259Z
2019,graduate,0000039,경기대학교,경기,사립,대학원,2223,128,5.8,,,,10,13,Y,2026-08-15T04:17:46.259Z
2019,graduate,0000060,단국대학교,경기,사립,대학원,4109,209,5.1,,,,13,16,Y,2026-08-15T04:17:46.259Z
2019,graduate,0000068,대진대학교,경기,사립,대학원,426,16,3.8,,,,4,5,Y,2026-08-15T04:17:46.259Z
2019,graduate,0000078,루터대학교,경기,사립,대학원,44,5,11.4,,,,1,1,Y,2026-08-15T04:17:46.259Z
2019,graduate,0000079,명지대학교,경기,사립,대학원,2197,121,5.5,,,,9,11,Y,2026-08-15T04:17:46.259Z
2019,graduate,0000090,서울신학대학교,경기,사립,대학원,1062,64,6,,,,7,8,Y,2026-08-15T04:17:46.259Z
2019,graduate,0000092,서울장신대학교,경기,사립,대학원,415,18,4.3,,,,7,9,Y,2026-08-15T04:17:46.259Z
2019,graduate,0000095,성결대학교,경기,사립,대학원,460,36,7.8,,,,5,6,Y,2026-08-15T04:17:46.259Z
2019,graduate,0000101,수원가톨릭대학교,경기,사립,대학원,47,2,4.3,,,,1,1,Y,2026-08-15T04:17:46.259Z
2019,graduate,0000102,수원대학교,경기,사립,대학원,980,84,8.6,,,,14,14,Y,2026-08-15T04:17:46.259Z
2019,graduate,0000509,신한대학교,경기,사립,대학원,258,14,5.4,,,,2,3,Y,2026-08-15T04:17:46.259Z
2019,graduate,0000558,아신대학교,경기,사립,대학원,831,85,10.2,,,,6,8,Y,2026-08-15T04:17:46.259Z
2019,graduate,0000108,아주대학교,경기,사립,대학원,4667,233,5,,,,14,16,Y,2026-08-15T04:17:46.259Z
2019,graduate,0000109,안양대학교,경기,사립,대학원,691,99,14.3,,,,6,8,Y,2026-08-15T04:17:46.259Z
2019,graduate,0000115,용인대학교,경기,사립,대학원,855,140,16.4,,,,8,9,Y,2026-08-15T04:17:46.259Z
2019,graduate,0000120,을지대학교,경기,사립,대학원,306,21,6.9,,,,4,5,Y,2026-08-15T04:17:46.259Z
2019,graduate,0000130,중앙승가대학교,경기,사립,대학원,95,9,9.5,,,,1,2,Y,2026-08-15T04:17:46.259Z
2019,graduate,0000139,차의과학대학교,경기,사립,대학원,1312,75,5.7,,,,9,12,Y,2026-08-15T04:17:46.259Z
2019,graduate,0000136,칼빈대학교,경기,사립,대학원,775,93,12,,,,2,4,Y,2026-08-15T04:17:46.259Z
2019,graduate,0000138,평택대학교,경기,사립,대학원,481,37,7.7,,,,6,7,Y,2026-08-15T04:17:46.259Z
2019,graduate,0000191,한국산업기술대학교,경기,사립,대학원,424,28,6.6,,,,3,4,Y,2026-08-15T04:17:46.259Z
2019,graduate,0000144,한국항공대학교,경기,사립,대학원,590,26,4.4,,,,2,4,Y,2026-08-15T04:17:46.259Z
2019,graduate,0000151,한세대학교,경기,사립,대학원,743,62,8.3,,,,6,4,Y,2026-08-15T04:17:46.259Z
2019,graduate,0000152,한신대학교,경기,사립,대학원,435,24,5.5,,,,5,7,Y,2026-08-15T04:17:46.259Z
2019,graduate,0000156,협성대학교,경기,사립,대학원,455,23,5.1,,,,4,5,Y,2026-08-15T04:17:46.259Z
2019,graduate,0000032,가야대학교,경남,사립,대학원,121,9,7.4,,,,4,4,Y,2026-08-15T04:17:46.259Z
2019,graduate,0000040,경남대학교,경남,사립,대학원,1252,68,5.4,,,,4,5,Y,2026-08-15T04:17:46.259Z
2019,graduate,0000167,부산장신대학교,경남,사립,대학원,208,12,5.8,,,,5,4,Y,2026-08-15T04:17:46.259Z
2019,graduate,0000181,영산대학교,경남,사립,대학원,343,22,6.4,,,,8,8,Y,2026-08-15T04:17:46.259Z
2019,graduate,0000122,인제대학교,경남,사립,대학원,1416,71,5,,,,6,8,Y,2026-08-15T04:17:46.259Z
2019,graduate,0000193,창신대학교,경남,사립,대학원,191,11,5.8,,,,3,5,Y,2026-08-15T04:17:46.259Z
2019,graduate,0000188,경운대학교,경북,사립,대학원,139,15,10.8,,,,3,4,Y,2026-08-15T04:17:46.259Z
2019,graduate,0000045,경일대학교,경북,사립,대학원,156,9,5.8,,,,2,3,Y,2026-08-15T04:17:46.259Z
2019,graduate,0000046,경주대학교,경북,사립,대학원,102,9,8.8,,,,2,3,Y,2026-08-15T04:17:46.259Z
2019,graduate,0000185,김천대학교,경북,사립,대학원,94,3,3.2,,,,3,1,Y,2026-08-15T04:17:46.259Z
2019,graduate,0000063,대구가톨릭대학교,경북,사립,대학원,1455,74,5.1,,,,10,12,Y,2026-08-15T04:17:46.259Z
2019,graduate,0000061,대구대학교,경북,사립,대학원,1704,88,5.2,,,,6,7,Y,2026-08-15T04:17:46.259Z
2019,graduate,0000042,대구한의대학교,경북,사립,대학원,365,29,7.9,,,,3,5,Y,2026-08-15T04:17:46.259Z
2019,graduate,0000065,대신대학교,경북,사립,대학원,287,4,1.4,,,,2,3,Y,2026-08-15T04:17:46.259Z
2019,graduate,0000076,동양대학교,경북,사립,대학원,260,7,2.7,,,,3,4,Y,2026-08-15T04:17:46.259Z
2019,graduate,0000111,영남대학교,경북,사립,대학원,2857,205,7.2,,,,10,13,Y,2026-08-15T04:17:46.259Z
2019,graduate,0000112,영남신학대학교,경북,사립,대학원,337,22,6.5,,,,7,6,Y,2026-08-15T04:17:46.259Z
2019,graduate,0000119,위덕대학교,경북,사립,대학원,284,21,7.4,,,,5,6,Y,2026-08-15T04:17:46.259Z
2019,graduate,0000140,포항공과대학교,경북,사립,대학원,1670,52,3.1,,,,3,3,Y,2026-08-15T04:17:46.259Z
2019,graduate,0000146,한동대학교,경북,사립,대학원,417,18,4.3,,,,7,9,Y,2026-08-15T04:17:46.259Z
2019,graduate,0000052,광신대학교,광주,사립,대학원,536,39,7.3,,,,6,8,Y,2026-08-15T04:17:46.259Z
2019,graduate,0000176,광주대학교,광주,사립,대학원,499,34,6.8,,,,3,5,Y,2026-08-15T04:17:46.259Z
2019,graduate,0000055,광주여자대학교,광주,사립,대학원,261,22,8.4,,,,3,4,Y,2026-08-15T04:17:46.259Z
2019,graduate,0000162,남부대학교,광주,사립,대학원,392,24,6.1,,,,3,4,Y,2026-08-15T04:17:46.259Z
2019,graduate,0000187,송원대학교,광주,사립,대학원,90,10,11.1,,,,1,1,Y,2026-08-15T04:17:46.259Z
2019,graduate,0000127,조선대학교,광주,사립,대학원,1788,143,8,,,,8,9,Y,2026-08-15T04:17:46.259Z
2019,graduate,0000157,호남대학교,광주,사립,대학원,783,53,6.8,,,,3,4,Y,2026-08-15T04:17:46.259Z
2019,graduate,0000158,호남신학대학교,광주,사립,대학원,571,7,1.2,,,,5,6,Y,2026-08-15T04:17:46.259Z
2019,graduate,0000048,계명대학교,대구,사립,대학원,2619,190,7.3,,,,10,12,Y,2026-08-15T04:17:46.259Z
2019,graduate,0000038,건양대학교,대전,사립,대학원,633,39,6.2,,,,6,7,Y,2026-08-15T04:17:46.259Z
2019,graduate,0000067,대전대학교,대전,사립,대학원,713,39,5.5,,,,4,5,Y,2026-08-15T04:17:46.259Z
2019,graduate,0000182,대전신학대학교,대전,사립,대학원,103,3,2.9,,,,2,3,Y,2026-08-15T04:17:46.259Z
2019,graduate,0000080,목원대학교,대전,사립,대학원,839,45,5.4,,,,3,4,Y,2026-08-15T04:17:46.259Z
2019,graduate,0000081,배재대학교,대전,사립,대학원,468,39,8.3,,,,3,3,Y,2026-08-15T04:17:46.259Z
2019,graduate,0000184,우송대학교,대전,사립,대학원,709,30,4.2,,,,6,7,Y,2026-08-15T04:17:46.259Z
2019,graduate,0000551,한국침례신학대학교,대전,사립,대학원,743,69,9.3,,,,5,5,Y,2026-08-15T04:17:46.259Z
2019,graduate,0000145,한남대학교,대전,사립,대학원,1140,67,5.9,,,,5,7,Y,2026-08-15T04:17:46.259Z
2019,graduate,0000043,경성대학교,부산,사립,대학원,639,25,3.9,,,,3,4,Y,2026-08-15T04:17:46.259Z
2019,graduate,0000050,고신대학교,부산,사립,대학원,1214,31,2.6,,,,7,8,Y,2026-08-15T04:17:46.259Z
2019,graduate,0000180,동명대학교,부산,사립,대학원,311,18,5.8,,,,2,4,Y,2026-08-15T04:17:46.259Z
2019,graduate,0000073,동서대학교,부산,사립,대학원,344,20,5.8,,,,3,4,Y,2026-08-15T04:17:46.259Z
2019,graduate,0000075,동아대학교,부산,사립,대학원,2249,183,8.1,,,,7,11,Y,2026-08-15T04:17:46.259Z
2019,graduate,0000077,동의대학교,부산,사립,대학원,1015,54,5.3,,,,7,8,Y,2026-08-15T04:17:46.259Z
2019,graduate,0000082,부산가톨릭대학교,부산,사립,대학원,152,10,6.6,,,,1,2,Y,2026-08-15T04:17:46.259Z
2019,graduate,0000083,부산외국어대학교,부산,사립,대학원,536,35,6.5,,,,5,7,Y,2026-08-15T04:17:46.259Z
2019,graduate,0000106,신라대학교,부산,사립,대학원,839,67,8,,,,6,7,Y,2026-08-15T04:17:46.259Z
2019,graduate,0000035,감리교신학대학교,서울,사립,대학원,848,20,2.4,,,,3,4,Y,2026-08-15T04:17:46.259Z
2019,graduate,0000037,건국대학교,서울,사립,대학원,6240,304,4.9,,,,17,22,Y,2026-08-15T04:17:46.259Z
2019,graduate,0000047,경희대학교,서울,사립,대학원,8136,395,4.9,,,,15,19,Y,2026-08-15T04:17:46.259Z
2019,graduate,0000049,고려대학교,서울,사립,대학원,9841,445,4.5,,,,23,32,Y,2026-08-15T04:17:46.259Z
2019,graduate,0000053,광운대학교,서울,사립,대학원,1464,82,5.6,,,,7,9,Y,2026-08-15T04:17:46.259Z
2019,graduate,0000056,국민대학교,서울,사립,대학원,3405,197,5.8,,,,15,22,Y,2026-08-15T04:17:46.259Z
2019,graduate,0000070,덕성여자대학교,서울,사립,대학원,377,10,2.7,,,,3,5,Y,2026-08-15T04:17:46.259Z
2019,graduate,0000071,동국대학교,서울,사립,대학원,4772,368,7.7,,,,16,20,Y,2026-08-15T04:17:46.259Z
2019,graduate,0000072,동덕여자대학교,서울,사립,대학원,201,17,8.5,,,,4,6,Y,2026-08-15T04:17:46.259Z
2019,graduate,0000131,백석대학교,서울,사립,대학원,2650,170,6.4,,,,7,9,Y,2026-08-15T04:17:46.259Z
2019,graduate,0000084,삼육대학교,서울,사립,대학원,451,20,4.4,,,,4,6,Y,2026-08-15T04:17:46.259Z
2019,graduate,0000085,상명대학교,서울,사립,대학원,1451,146,10.1,,,,6,9,Y,2026-08-15T04:17:46.259Z
2019,graduate,0000087,서강대학교,서울,사립,대학원,3114,257,8.3,,,,11,17,Y,2026-08-15T04:17:46.259Z
2019,graduate,0000088,서경대학교,서울,사립,대학원,494,46,9.3,,,,4,4,Y,2026-08-15T04:17:46.259Z
2019,graduate,0000069,서울기독대학교,서울,사립,대학원,221,19,8.6,,,,6,6,Y,2026-08-15T04:17:46.259Z
2019,graduate,0000091,서울여자대학교,서울,사립,대학원,274,11,4,,,,3,5,Y,2026-08-15T04:17:46.259Z
2019,graduate,0000539,서울한영대학교,서울,사립,대학원,249,17,6.8,,,,3,4,Y,2026-08-15T04:17:46.259Z
2019,graduate,0000096,성공회대학교,서울,사립,대학원,366,22,6,,,,7,7,Y,2026-08-15T04:17:46.259Z
2019,graduate,0000097,성균관대학교,서울,사립,대학원,7731,443,5.7,,,,18,25,Y,2026-08-15T04:17:46.259Z
2019,graduate,0000098,성신여자대학교,서울,사립,대학원,844,55,6.5,,,,5,7,Y,2026-08-15T04:17:46.259Z
2019,graduate,0000100,세종대학교,서울,사립,대학원,2620,184,7,,,,7,9,Y,2026-08-15T04:17:46.259Z
2019,graduate,0000103,숙명여자대학교,서울,사립,대학원,2624,180,6.9,,,,10,12,Y,2026-08-15T04:17:46.259Z
2019,graduate,0000105,숭실대학교,서울,사립,대학원,2854,159,5.6,,,,8,9,Y,2026-08-15T04:17:46.259Z
2019,graduate,0000110,연세대학교,서울,사립,대학원,13726,852,6.2,,,,20,33,Y,2026-08-15T04:17:46.259Z
2019,graduate,0000121,이화여자대학교,서울,사립,대학원,6033,308,5.1,,,,14,19,Y,2026-08-15T04:17:46.259Z
2019,graduate,0000125,장로회신학대학교,서울,사립,대학원,1786,58,3.2,,,,6,8,Y,2026-08-15T04:17:46.259Z
2019,graduate,0000129,중앙대학교,서울,사립,대학원,6203,326,5.3,,,,18,22,Y,2026-08-15T04:17:46.259Z
2019,graduate,0000133,총신대학교,서울,사립,대학원,2385,83,3.5,,,,9,10,Y,2026-08-15T04:17:46.259Z
2019,graduate,0000134,추계예술대학교,서울,사립,대학원,183,16,8.7,,,,3,4,Y,2026-08-15T04:17:46.259Z
2019,graduate,0000525,케이씨대학교,서울,사립,대학원,156,15,9.6,,,,4,5,Y,2026-08-15T04:17:46.259Z
2019,graduate,0000142,한국성서대학교,서울,사립,대학원,225,19,8.4,,,,4,6,Y,2026-08-15T04:17:46.259Z
2019,graduate,0000143,한국외국어대학교,서울,사립,대학원,3696,215,5.8,,,,9,15,Y,2026-08-15T04:17:46.259Z
2019,graduate,0000150,한성대학교,서울,사립,대학원,994,48,4.8,,,,8,9,Y,2026-08-15T04:17:46.259Z
2019,graduate,0000153,한양대학교,서울,사립,대학원,8859,503,5.7,,,,19,28,Y,2026-08-15T04:17:46.259Z
2019,graduate,0000160,홍익대학교,서울,사립,대학원,4621,260,5.6,,,,15,17,Y,2026-08-15T04:17:46.259Z
2019,graduate,0000066,대전가톨릭대학교,세종,사립,대학원,49,2,4.1,,,,1,1,Y,2026-08-15T04:17:46.259Z
2019,graduate,0000117,울산대학교,울산,사립,대학원,2207,113,5.1,,,,5,7,Y,2026-08-15T04:17:46.259Z
2019,graduate,0000123,인천가톨릭대학교,인천,사립,대학원,125,6,4.8,,,,2,2,Y,2026-08-15T04:17:46.259Z
2019,graduate,0000124,인하대학교,인천,사립,대학원,3123,183,5.9,,,,10,12,Y,2026-08-15T04:17:46.259Z
2019,graduate,0000054,광주가톨릭대학교,전남,사립,대학원,33,1,3,,,,1,1,Y,2026-08-15T04:17:46.259Z
2019,graduate,0000074,동신대학교,전남,사립,대학원,588,33,5.6,,,,3,4,Y,2026-08-15T04:17:46.259Z
2019,graduate,0000064,세한대학교,전남,사립,대학원,128,10,7.8,,,,1,2,Y,2026-08-15T04:17:46.259Z
2019,graduate,0000190,초당대학교,전남,사립,대학원,164,3,1.8,,,,2,3,Y,2026-08-15T04:17:46.259Z
2019,graduate,0000186,한려대학교,전남,사립,대학원,35,7,20,,,,4,5,Y,2026-08-15T04:17:46.259Z
2019,graduate,0000173,예수대학교,전북,사립,대학원,8,0,0,,,,1,1,Y,2026-08-15T04:17:46.259Z
2019,graduate,0000164,예원예술대학교,전북,사립,대학원,621,36,5.8,,,,3,3,Y,2026-08-15T04:17:46.259Z
2019,graduate,0000116,우석대학교,전북,사립,대학원,923,41,4.4,,,,4,4,Y,2026-08-15T04:17:46.259Z
2019,graduate,0000118,원광대학교,전북,사립,대학원,1800,115,6.4,,,,6,9,Y,2026-08-15T04:17:46.259Z
2019,graduate,0000126,전주대학교,전북,사립,대학원,1074,78,7.3,,,,7,7,Y,2026-08-15T04:17:46.259Z
2019,graduate,0000155,한일장신대학교,전북,사립,대학원,452,47,10.4,,,,6,7,Y,2026-08-15T04:17:46.259Z
2019,graduate,0000192,제주국제대학교,제주,사립,대학원,216,14,6.5,,,,4,5,Y,2026-08-15T04:17:46.259Z
2019,graduate,0000169,금강대학교,충남,사립,대학원,14,1,7.1,,,,1,2,Y,2026-08-15T04:17:46.259Z
2019,graduate,0000059,나사렛대학교,충남,사립,대학원,723,9,1.2,,,,5,6,Y,2026-08-15T04:17:46.259Z
2019,graduate,0000189,남서울대학교,충남,사립,대학원,673,58,8.6,,,,3,4,Y,2026-08-15T04:17:46.259Z
2019,graduate,0000094,선문대학교,충남,사립,대학원,294,17,5.8,,,,3,4,Y,2026-08-15T04:17:46.259Z
2019,graduate,0000104,순천향대학교,충남,사립,대학원,1056,55,5.2,,,,6,6,Y,2026-08-15T04:17:46.259Z
2019,graduate,0000128,중부대학교,충남,사립,대학원,1311,56,4.3,,,,4,4,Y,2026-08-15T04:17:46.259Z
2019,graduate,0000225,청운대학교,충남,사립,대학원,225,18,8,,,,1,1,Y,2026-08-15T04:17:46.259Z
2019,graduate,0000141,한국기술교육대학교,충남,사립,대학원,446,25,5.6,,,,3,7,Y,2026-08-15T04:17:46.259Z
2019,graduate,0000149,한서대학교,충남,사립,대학원,591,26,4.4,,,,5,7,Y,2026-08-15T04:17:46.259Z
2019,graduate,0000159,호서대학교,충남,사립,대학원,1594,112,7,,,,10,14,Y,2026-08-15T04:17:46.259Z
2019,graduate,0000557,가톨릭꽃동네대학교,충북,사립,대학원,91,11,12.1,,,,1,1,Y,2026-08-15T04:17:46.259Z
2019,graduate,0000058,극동대학교,충북,사립,대학원,105,8,7.6,,,,5,6,Y,2026-08-15T04:17:46.259Z
2019,graduate,0000093,서원대학교,충북,사립,대학원,245,36,14.7,,,,2,2,Y,2026-08-15T04:17:46.259Z
2019,graduate,0000099,세명대학교,충북,사립,대학원,286,23,8,,,,3,4,Y,2026-08-15T04:17:46.259Z
2019,graduate,0000113,유원대학교,충북,사립,대학원,103,9,8.7,,,,1,1,Y,2026-08-15T04:17:46.259Z
2019,graduate,0000183,중원대학교,충북,사립,대학원,152,7,4.6,,,,3,4,Y,2026-08-15T04:17:46.259Z
2019,graduate,0000132,청주대학교,충북,사립,대학원,575,31,5.4,,,,5,6,Y,2026-08-15T04:17:46.259Z
2019,combined,0000513,가톨릭관동대학교,강원,사립,대학,13267,1020,7.7,0,0,,1,5,Y,2026-08-15T04:17:46.259Z
2019,combined,0000041,경동대학교,강원,사립,대학,9978,592,5.9,0,0,,4,0,Y,2026-08-15T04:17:46.259Z
2019,combined,0000086,상지대학교,강원,사립,대학,9626,908,9.4,0,0,,1,6,Y,2026-08-15T04:17:46.259Z
2019,combined,0000147,한라대학교,강원,사립,대학,5397,347,6.4,0,0,,1,1,Y,2026-08-15T04:17:46.259Z
2019,combined,0000148,한림대학교,강원,사립,대학,11747,489,4.2,0,0,,1,9,Y,2026-08-15T04:17:46.259Z
2019,combined,0000044,가천대학교,경기,사립,대학,28221,1050,3.7,0,0,,1,11,Y,2026-08-15T04:17:46.259Z
2019,combined,0000034,가톨릭대학교,경기,사립,대학,13394,418,3.1,0,0,,3,21,Y,2026-08-15T04:17:46.259Z
2019,combined,0000036,강남대학교,경기,사립,대학,9562,554,5.8,0,0,,1,5,Y,2026-08-15T04:17:46.259Z
2019,combined,0000039,경기대학교,경기,사립,대학,21494,833,3.9,0,0,,2,13,Y,2026-08-15T04:17:46.259Z
2019,combined,0000060,단국대학교,경기,사립,대학,35456,1318,3.7,0,0,,2,16,Y,2026-08-15T04:17:46.259Z
2019,combined,0000068,대진대학교,경기,사립,대학,10692,632,5.9,0,0,,1,5,Y,2026-08-15T04:17:46.259Z
2019,combined,0000078,루터대학교,경기,사립,대학,466,49,10.5,0,0,,1,1,Y,2026-08-15T04:17:46.259Z
2019,combined,0000079,명지대학교,경기,사립,대학,21805,821,3.8,0,0,,2,11,Y,2026-08-15T04:17:46.259Z
2019,combined,0000090,서울신학대학교,경기,사립,대학,3883,209,5.4,0,0,,1,8,Y,2026-08-15T04:17:46.259Z
2019,combined,0000092,서울장신대학교,경기,사립,대학,1050,51,4.9,0,0,,1,9,Y,2026-08-15T04:17:46.259Z
2019,combined,0000095,성결대학교,경기,사립,대학,7752,418,5.4,0,0,,1,6,Y,2026-08-15T04:17:46.259Z
2019,combined,0000101,수원가톨릭대학교,경기,사립,대학,230,9,3.9,0,0,,1,1,Y,2026-08-15T04:17:46.259Z
2019,combined,0000102,수원대학교,경기,사립,대학,13896,924,6.6,0,0,,1,14,Y,2026-08-15T04:17:46.259Z
2019,combined,0000178,신경대학교,경기,사립,대학,1146,160,14,0,0,,1,0,Y,2026-08-15T04:17:46.259Z
2019,combined,0000509,신한대학교,경기,사립,대학,8755,453,5.2,0,0,,2,3,Y,2026-08-15T04:17:46.259Z
2019,combined,0000558,아신대학교,경기,사립,대학,1778,161,9.1,0,0,,1,8,Y,2026-08-15T04:17:46.259Z
2019,combined,0000108,아주대학교,경기,사립,대학,18470,573,3.1,0,0,,1,16,Y,2026-08-15T04:17:46.259Z
2019,combined,0000109,안양대학교,경기,사립,대학,7415,470,6.3,0,0,,2,8,Y,2026-08-15T04:17:46.259Z
2019,combined,0000115,용인대학교,경기,사립,대학,9466,668,7.1,0,0,,1,9,Y,2026-08-15T04:17:46.259Z
2019,combined,0000130,중앙승가대학교,경기,사립,대학,244,17,7,0,0,,1,2,Y,2026-08-15T04:17:46.259Z
2019,combined,0000139,차의과학대학교,경기,사립,대학,4122,219,5.3,0,0,,1,12,Y,2026-08-15T04:17:46.259Z
2019,combined,0000136,칼빈대학교,경기,사립,대학,1445,141,9.8,0,0,,1,4,Y,2026-08-15T04:17:46.259Z
2019,combined,0000138,평택대학교,경기,사립,대학,5291,376,7.1,0,0,,1,7,Y,2026-08-15T04:17:46.259Z
2019,combined,0000191,한국산업기술대학교,경기,사립,대학,10263,583,5.7,0,0,,1,4,Y,2026-08-15T04:17:46.259Z
2019,combined,0000144,한국항공대학교,경기,사립,대학,6414,199,3.1,0,0,,1,4,Y,2026-08-15T04:17:46.259Z
2019,combined,0000151,한세대학교,경기,사립,대학,4246,265,6.2,0,0,,1,4,Y,2026-08-15T04:17:46.259Z
2019,combined,0000152,한신대학교,경기,사립,대학,7794,381,4.9,0,0,,1,7,Y,2026-08-15T04:17:46.259Z
2019,combined,0000156,협성대학교,경기,사립,대학,6244,429,6.9,0,0,,1,5,Y,2026-08-15T04:17:46.259Z
2019,combined,0000032,가야대학교,경남,사립,대학,3245,208,6.4,0,0,,2,4,Y,2026-08-15T04:17:46.259Z
2019,combined,0000040,경남대학교,경남,사립,대학,18175,1043,5.7,0,0,,1,5,Y,2026-08-15T04:17:46.259Z
2019,combined,0000167,부산장신대학교,경남,사립,대학,493,35,7.1,0,0,,1,4,Y,2026-08-15T04:17:46.259Z
2019,combined,0000181,영산대학교,경남,사립,대학,343,22,6.4,0,0,,2,8,Y,2026-08-15T04:17:46.259Z
2019,combined,0000122,인제대학교,경남,사립,대학,14071,712,5.1,0,0,,2,8,Y,2026-08-15T04:17:46.259Z
2019,combined,0000193,창신대학교,경남,사립,대학,2587,170,6.6,0,0,,1,5,Y,2026-08-15T04:17:46.259Z
2019,combined,0000174,한국국제대학교,경남,사립,대학,3441,529,15.4,0,0,,1,0,Y,2026-08-15T04:17:46.259Z
2019,combined,0000188,경운대학교,경북,사립,대학,6435,581,9,0,0,,1,4,Y,2026-08-15T04:17:46.259Z
2019,combined,0000045,경일대학교,경북,사립,대학,9713,727,7.5,0,0,,1,3,Y,2026-08-15T04:17:46.259Z
2019,combined,0000046,경주대학교,경북,사립,대학,1853,332,17.9,0,0,,1,3,Y,2026-08-15T04:17:46.259Z
2019,combined,0000185,김천대학교,경북,사립,대학,4251,395,9.3,0,0,,1,1,Y,2026-08-15T04:17:46.259Z
2019,combined,0000063,대구가톨릭대학교,경북,사립,대학,18570,907,4.9,0,0,,1,12,Y,2026-08-15T04:17:46.259Z
2019,combined,0000061,대구대학교,경북,사립,대학,26312,1446,5.5,0,0,,1,7,Y,2026-08-15T04:17:46.259Z
2019,combined,0000062,대구예술대학교,경북,사립,대학,1670,200,12,0,0,,1,0,Y,2026-08-15T04:17:46.259Z
2019,combined,0000042,대구한의대학교,경북,사립,대학,8970,535,6,0,0,,1,5,Y,2026-08-15T04:17:46.259Z
2019,combined,0000065,대신대학교,경북,사립,대학,933,43,4.6,0,0,,1,3,Y,2026-08-15T04:17:46.259Z
2019,combined,0000076,동양대학교,경북,사립,대학,6011,488,8.1,0,0,,2,4,Y,2026-08-15T04:17:46.259Z
2019,combined,0000111,영남대학교,경북,사립,대학,32909,1337,4.1,0,0,,1,13,Y,2026-08-15T04:17:46.259Z
2019,combined,0000112,영남신학대학교,경북,사립,대학,887,62,7,0,0,,1,6,Y,2026-08-15T04:17:46.259Z
2019,combined,0000119,위덕대학교,경북,사립,대학,4212,429,10.2,0,0,,1,6,Y,2026-08-15T04:17:46.259Z
2019,combined,0000140,포항공과대학교,경북,사립,대학,3367,73,2.2,0,0,,1,3,Y,2026-08-15T04:17:46.259Z
2019,combined,0000146,한동대학교,경북,사립,대학,5864,143,2.4,0,0,,1,9,Y,2026-08-15T04:17:46.259Z
2019,combined,0000052,광신대학교,광주,사립,대학,1138,99,8.7,0,0,,1,8,Y,2026-08-15T04:17:46.259Z
2019,combined,0000176,광주대학교,광주,사립,대학,9887,863,8.7,0,0,,1,5,Y,2026-08-15T04:17:46.259Z
2019,combined,0000055,광주여자대학교,광주,사립,대학,4107,218,5.3,0,0,,1,4,Y,2026-08-15T04:17:46.259Z
2019,combined,0000162,남부대학교,광주,사립,대학,4149,320,7.7,0,0,,1,4,Y,2026-08-15T04:17:46.259Z
2019,combined,0000187,송원대학교,광주,사립,대학,3796,372,9.8,0,0,,1,1,Y,2026-08-15T04:17:46.259Z
2019,combined,0000127,조선대학교,광주,사립,대학,29377,1491,5.1,0,0,,1,9,Y,2026-08-15T04:17:46.259Z
2019,combined,0000157,호남대학교,광주,사립,대학,10147,610,6,0,0,,1,4,Y,2026-08-15T04:17:46.259Z
2019,combined,0000158,호남신학대학교,광주,사립,대학,1378,56,4.1,0,0,,1,6,Y,2026-08-15T04:17:46.259Z
2019,combined,0000048,계명대학교,대구,사립,대학,33202,1701,5.1,0,0,,1,12,Y,2026-08-15T04:17:46.259Z
2019,combined,0000067,대전대학교,대전,사립,대학,13621,661,4.9,0,0,,1,5,Y,2026-08-15T04:17:46.259Z
2019,combined,0000182,대전신학대학교,대전,사립,대학,219,9,4.1,0,0,,1,3,Y,2026-08-15T04:17:46.259Z
2019,combined,0000080,목원대학교,대전,사립,대학,11514,704,6.1,0,0,,1,4,Y,2026-08-15T04:17:46.259Z
2019,combined,0000081,배재대학교,대전,사립,대학,11557,757,6.6,0,0,,1,3,Y,2026-08-15T04:17:46.259Z
2019,combined,0000184,우송대학교,대전,사립,대학,13491,653,4.8,0,0,,1,7,Y,2026-08-15T04:17:46.259Z
2019,combined,0000120,을지대학교,대전,사립,대학,6130,226,3.7,0,0,,3,5,Y,2026-08-15T04:17:46.259Z
2019,combined,0000551,한국침례신학대학교,대전,사립,대학,2429,145,6,0,0,,1,5,Y,2026-08-15T04:17:46.259Z
2019,combined,0000145,한남대학교,대전,사립,대학,17962,958,5.3,0,0,,1,7,Y,2026-08-15T04:17:46.259Z
2019,combined,0000043,경성대학교,부산,사립,대학,17608,1051,6,0,0,,1,4,Y,2026-08-15T04:17:46.259Z
2019,combined,0000050,고신대학교,부산,사립,대학,6040,344,5.7,0,0,,1,8,Y,2026-08-15T04:17:46.259Z
2019,combined,0000180,동명대학교,부산,사립,대학,12180,886,7.3,0,0,,1,4,Y,2026-08-15T04:17:46.259Z
2019,combined,0000073,동서대학교,부산,사립,대학,15077,925,6.1,0,0,,1,4,Y,2026-08-15T04:17:46.259Z
2019,combined,0000075,동아대학교,부산,사립,대학,28434,1269,4.5,0,0,,1,11,Y,2026-08-15T04:17:46.259Z
2019,combined,0000077,동의대학교,부산,사립,대학,22421,1094,4.9,0,0,,1,8,Y,2026-08-15T04:17:46.259Z
2019,combined,0000082,부산가톨릭대학교,부산,사립,대학,5026,223,4.4,0,0,,1,2,Y,2026-08-15T04:17:46.259Z
2019,combined,0000083,부산외국어대학교,부산,사립,대학,12406,776,6.3,0,0,,1,7,Y,2026-08-15T04:17:46.259Z
2019,combined,0000106,신라대학교,부산,사립,대학,12829,927,7.2,0,0,,1,7,Y,2026-08-15T04:17:46.259Z
2019,combined,0000035,감리교신학대학교,서울,사립,대학,1981,65,3.3,0,0,,1,4,Y,2026-08-15T04:17:46.259Z
2019,combined,0000037,건국대학교,서울,사립,대학,40018,1346,3.4,0,0,,2,22,Y,2026-08-15T04:17:46.259Z
2019,combined,0000047,경희대학교,서울,사립,대학,42889,1366,3.2,0,0,,1,19,Y,2026-08-15T04:17:46.259Z
2019,combined,0000049,고려대학교,서울,사립,대학,47301,1462,3.1,0,0,,2,32,Y,2026-08-15T04:17:46.259Z
2019,combined,0000053,광운대학교,서울,사립,대학,13038,507,3.9,0,0,,1,9,Y,2026-08-15T04:17:46.259Z
2019,combined,0000056,국민대학교,서울,사립,대학,25280,787,3.1,0,0,,1,22,Y,2026-08-15T04:17:46.259Z
2019,combined,0000070,덕성여자대학교,서울,사립,대학,7321,277,3.8,0,0,,1,5,Y,2026-08-15T04:17:46.259Z
2019,combined,0000071,동국대학교,서울,사립,대학,34667,1536,4.4,0,0,,2,20,Y,2026-08-15T04:17:46.259Z
2019,combined,0000072,동덕여자대학교,서울,사립,대학,8201,358,4.4,0,0,,1,6,Y,2026-08-15T04:17:46.259Z
2019,combined,0000084,삼육대학교,서울,사립,대학,7695,334,4.3,0,0,,1,6,Y,2026-08-15T04:17:46.259Z
2019,combined,0000085,상명대학교,서울,사립,대학,18680,842,4.5,0,0,,2,9,Y,2026-08-15T04:17:46.259Z
2019,combined,0000087,서강대학교,서울,사립,대학,14942,620,4.1,0,0,,1,17,Y,2026-08-15T04:17:46.259Z
2019,combined,0000088,서경대학교,서울,사립,대학,9208,513,5.6,0,0,,1,4,Y,2026-08-15T04:17:46.259Z
2019,combined,0000069,서울기독대학교,서울,사립,대학,947,167,17.6,0,0,,1,6,Y,2026-08-15T04:17:46.259Z
2019,combined,0000091,서울여자대학교,서울,사립,대학,8842,325,3.7,0,0,,1,5,Y,2026-08-15T04:17:46.259Z
2019,combined,0000539,서울한영대학교,서울,사립,대학,1178,116,9.8,0,0,,1,4,Y,2026-08-15T04:17:46.259Z
2019,combined,0000096,성공회대학교,서울,사립,대학,3332,171,5.1,0,0,,1,7,Y,2026-08-15T04:17:46.259Z
2019,combined,0000097,성균관대학교,서울,사립,대학,33956,1037,3.1,0,0,,1,25,Y,2026-08-15T04:17:46.259Z
2019,combined,0000098,성신여자대학교,서울,사립,대학,11519,406,3.5,0,0,,1,7,Y,2026-08-15T04:17:46.259Z
2019,combined,0000100,세종대학교,서울,사립,대학,18827,1080,5.7,0,0,,1,9,Y,2026-08-15T04:17:46.259Z
2019,combined,0000103,숙명여자대학교,서울,사립,대학,14765,524,3.5,0,0,,1,12,Y,2026-08-15T04:17:46.259Z
2019,combined,0000105,숭실대학교,서울,사립,대학,22109,687,3.1,0,0,,1,9,Y,2026-08-15T04:17:46.259Z
2019,combined,0000110,연세대학교,서울,사립,대학,50044,1719,3.4,0,0,,2,33,Y,2026-08-15T04:17:46.259Z
2019,combined,0000121,이화여자대학교,서울,사립,대학,25017,753,3,0,0,,1,19,Y,2026-08-15T04:17:46.259Z
2019,combined,0000125,장로회신학대학교,서울,사립,대학,2662,80,3,0,0,,1,8,Y,2026-08-15T04:17:46.259Z
2019,combined,0000129,중앙대학교,서울,사립,대학,38595,1221,3.2,0,0,,2,22,Y,2026-08-15T04:17:46.259Z
2019,combined,0000133,총신대학교,서울,사립,대학,4557,177,3.9,0,0,,1,10,Y,2026-08-15T04:17:46.259Z
2019,combined,0000134,추계예술대학교,서울,사립,대학,1674,100,6,0,0,,1,4,Y,2026-08-15T04:17:46.259Z
2019,combined,0000525,케이씨대학교,서울,사립,대학,1931,165,8.5,0,0,,1,5,Y,2026-08-15T04:17:46.259Z
2019,combined,0000142,한국성서대학교,서울,사립,대학,1512,91,6,0,0,,1,6,Y,2026-08-15T04:17:46.259Z
2019,combined,0000143,한국외국어대학교,서울,사립,대학,27536,1049,3.8,0,0,,1,15,Y,2026-08-15T04:17:46.259Z
2019,combined,0000150,한성대학교,서울,사립,대학,10400,495,4.8,0,0,,1,9,Y,2026-08-15T04:17:46.259Z
2019,combined,0000153,한양대학교,서울,사립,대학,44671,1380,3.1,0,0,,2,28,Y,2026-08-15T04:17:46.259Z
2019,combined,0000160,홍익대학교,서울,사립,대학,29963,1264,4.2,0,0,,2,17,Y,2026-08-15T04:17:46.259Z
2019,combined,0000066,대전가톨릭대학교,세종,사립,대학,113,10,8.8,0,0,,1,1,Y,2026-08-15T04:17:46.259Z
2019,combined,0000117,울산대학교,울산,사립,대학,20049,1008,5,0,0,,1,7,Y,2026-08-15T04:17:46.259Z
2019,combined,0000123,인천가톨릭대학교,인천,사립,대학,962,46,4.8,0,0,,2,2,Y,2026-08-15T04:17:46.259Z
2019,combined,0000124,인하대학교,인천,사립,대학,28852,778,2.7,0,0,,1,12,Y,2026-08-15T04:17:46.259Z
2019,combined,0000054,광주가톨릭대학교,전남,사립,대학,158,13,8.2,0,0,,1,1,Y,2026-08-15T04:17:46.259Z
2019,combined,0000074,동신대학교,전남,사립,대학,9147,682,7.5,0,0,,1,4,Y,2026-08-15T04:17:46.259Z
2019,combined,0000166,목포가톨릭대학교,전남,사립,대학,571,17,3,0,0,,1,0,Y,2026-08-15T04:17:46.259Z
2019,combined,0000064,세한대학교,전남,사립,대학,5461,669,12.3,0,0,,1,2,Y,2026-08-15T04:17:46.259Z
2019,combined,0000114,영산선학대학교,전남,사립,대학,49,4,8.2,0,0,,1,0,Y,2026-08-15T04:17:46.259Z
2019,combined,0000190,초당대학교,전남,사립,대학,4320,328,7.6,0,0,,1,3,Y,2026-08-15T04:17:46.259Z
2019,combined,0000186,한려대학교,전남,사립,대학,552,71,12.9,0,0,,1,5,Y,2026-08-15T04:17:46.259Z
2019,combined,0000173,예수대학교,전북,사립,대학,653,9,1.4,0,0,,1,1,Y,2026-08-15T04:17:46.259Z
2019,combined,0000164,예원예술대학교,전북,사립,대학,2163,196,9.1,0,0,,2,3,Y,2026-08-15T04:17:46.259Z
2019,combined,0000116,우석대학교,전북,사립,대학,10666,829,7.8,0,0,,1,4,Y,2026-08-15T04:17:46.259Z
2019,combined,0000118,원광대학교,전북,사립,대학,23589,1563,6.6,0,0,,1,9,Y,2026-08-15T04:17:46.259Z
2019,combined,0000126,전주대학교,전북,사립,대학,16949,949,5.6,0,0,,1,7,Y,2026-08-15T04:17:46.259Z
2019,combined,0000155,한일장신대학교,전북,사립,대학,1646,145,8.8,0,0,,1,7,Y,2026-08-15T04:17:46.259Z
2019,combined,0000223,호원대학교,전북,사립,대학,7129,763,10.7,0,0,,1,0,Y,2026-08-15T04:17:46.259Z
2019,combined,0000192,제주국제대학교,제주,사립,대학,2068,321,15.5,0,0,,1,5,Y,2026-08-15T04:17:46.259Z
2019,combined,0000038,건양대학교,충남,사립,대학,9771,400,4.1,0,0,,2,7,Y,2026-08-15T04:17:46.259Z
2019,combined,0000169,금강대학교,충남,사립,대학,663,67,10.1,0,0,,1,2,Y,2026-08-15T04:17:46.259Z
2019,combined,0000059,나사렛대학교,충남,사립,대학,7729,414,5.4,0,0,,1,6,Y,2026-08-15T04:17:46.259Z
2019,combined,0000189,남서울대학교,충남,사립,대학,14299,1373,9.6,0,0,,1,4,Y,2026-08-15T04:17:46.259Z
2019,combined,0000131,백석대학교,충남,사립,대학,18626,941,5.1,0,0,,1,9,Y,2026-08-15T04:17:46.259Z
2019,combined,0000094,선문대학교,충남,사립,대학,13111,739,5.6,0,0,,1,4,Y,2026-08-15T04:17:46.259Z
2019,combined,0000104,순천향대학교,충남,사립,대학,15207,753,5,0,0,,1,6,Y,2026-08-15T04:17:46.259Z
2019,combined,0000128,중부대학교,충남,사립,대학,13397,821,6.1,0,0,,1,4,Y,2026-08-15T04:17:46.259Z
2019,combined,0000225,청운대학교,충남,사립,대학,8852,661,7.5,0,0,,1,1,Y,2026-08-15T04:17:46.259Z
2019,combined,0000141,한국기술교육대학교,충남,사립,대학,6771,282,4.2,0,0,,1,7,Y,2026-08-15T04:17:46.259Z
2019,combined,0000149,한서대학교,충남,사립,대학,9861,503,5.1,0,0,,1,7,Y,2026-08-15T04:17:46.259Z
2019,combined,0000159,호서대학교,충남,사립,대학,18071,868,4.8,0,0,,1,14,Y,2026-08-15T04:17:46.259Z
2019,combined,0000557,가톨릭꽃동네대학교,충북,사립,대학,678,32,4.7,0,0,,1,1,Y,2026-08-15T04:17:46.259Z
2019,combined,0000058,극동대학교,충북,사립,대학,5241,273,5.2,0,0,,1,6,Y,2026-08-15T04:17:46.259Z
2019,combined,0000093,서원대학교,충북,사립,대학,9287,471,5.1,0,0,,1,2,Y,2026-08-15T04:17:46.259Z
2019,combined,0000099,세명대학교,충북,사립,대학,11150,644,5.8,0,0,,1,4,Y,2026-08-15T04:17:46.259Z
2019,combined,0000113,유원대학교,충북,사립,대학,5481,557,10.2,0,0,,1,1,Y,2026-08-15T04:17:46.259Z
2019,combined,0000183,중원대학교,충북,사립,대학,5788,688,11.9,0,0,,1,4,Y,2026-08-15T04:17:46.259Z
2019,combined,0000132,청주대학교,충북,사립,대학,16630,777,4.7,0,0,,1,6,Y,2026-08-15T04:17:46.259Z
2020,university,0000513,가톨릭관동대학교,강원,사립,대학,12473,960,7.7,2236,142,6.4,1,0,Y,2026-08-15T04:17:46.259Z
2020,university,0000041,경동대학교,강원,사립,대학,9844,486,4.9,1991,87,4.4,4,0,Y,2026-08-15T04:17:46.259Z
2020,university,0000086,상지대학교,강원,사립,대학,9694,602,6.2,2304,152,6.6,1,0,Y,2026-08-15T04:17:46.259Z
2020,university,0000147,한라대학교,강원,사립,대학,5291,295,5.6,938,36,3.8,1,0,Y,2026-08-15T04:17:46.259Z
2020,university,0000148,한림대학교,강원,사립,대학,10798,482,4.5,1825,102,5.6,1,0,Y,2026-08-15T04:17:46.259Z
2020,university,0000044,가천대학교,경기,사립,대학,25467,943,3.7,4186,290,6.9,1,0,Y,2026-08-15T04:17:46.259Z
2020,university,0000034,가톨릭대학교,경기,사립,대학,10878,369,3.4,1832,146,8,3,0,Y,2026-08-15T04:17:46.259Z
2020,university,0000036,강남대학교,경기,사립,대학,8973,588,6.6,1616,149,9.2,1,0,Y,2026-08-15T04:17:46.259Z
2020,university,0000039,경기대학교,경기,사립,대학,19143,717,3.7,3398,257,7.6,2,0,Y,2026-08-15T04:17:46.259Z
2020,university,0000060,단국대학교,경기,사립,대학,30982,1165,3.8,5104,377,7.4,2,0,Y,2026-08-15T04:17:46.259Z
2020,university,0000068,대진대학교,경기,사립,대학,10306,561,5.4,1920,180,9.4,1,0,Y,2026-08-15T04:17:46.259Z
2020,university,0000078,루터대학교,경기,사립,대학,417,19,4.6,87,4,4.6,1,0,Y,2026-08-15T04:17:46.259Z
2020,university,0000079,명지대학교,경기,사립,대학,19603,781,4,3179,230,7.2,2,0,Y,2026-08-15T04:17:46.259Z
2020,university,0000090,서울신학대학교,경기,사립,대학,2770,136,4.9,534,31,5.8,1,0,Y,2026-08-15T04:17:46.259Z
2020,university,0000092,서울장신대학교,경기,사립,대학,599,36,6,119,10,8.4,1,0,Y,2026-08-15T04:17:46.259Z
2020,university,0000095,성결대학교,경기,사립,대학,7199,340,4.7,1303,90,6.9,1,0,Y,2026-08-15T04:17:46.259Z
2020,university,0000101,수원가톨릭대학교,경기,사립,대학,174,6,3.4,35,2,5.7,1,0,Y,2026-08-15T04:17:46.259Z
2020,university,0000102,수원대학교,경기,사립,대학,12484,765,6.1,2327,219,9.4,1,0,Y,2026-08-15T04:17:46.259Z
2020,university,0000178,신경대학교,경기,사립,대학,1026,151,14.7,163,15,9.2,1,0,Y,2026-08-15T04:17:46.259Z
2020,university,0000509,신한대학교,경기,사립,대학,8371,346,4.1,1577,59,3.7,2,0,Y,2026-08-15T04:17:46.259Z
2020,university,0000558,아신대학교,경기,사립,대학,846,105,12.4,155,24,15.5,1,0,Y,2026-08-15T04:17:46.259Z
2020,university,0000108,아주대학교,경기,사립,대학,13740,440,3.2,2179,162,7.4,1,0,Y,2026-08-15T04:17:46.259Z
2020,university,0000109,안양대학교,경기,사립,대학,6652,348,5.2,1194,108,9,2,0,Y,2026-08-15T04:17:46.259Z
2020,university,0000115,용인대학교,경기,사립,대학,8610,643,7.5,1654,174,10.5,1,0,Y,2026-08-15T04:17:46.259Z
2020,university,0000130,중앙승가대학교,경기,사립,대학,147,12,8.2,39,7,17.9,1,0,Y,2026-08-15T04:17:46.259Z
2020,university,0000139,차의과학대학교,경기,사립,대학,2761,94,3.4,498,26,5.2,1,0,Y,2026-08-15T04:17:46.259Z
2020,university,0000136,칼빈대학교,경기,사립,대학,701,86,12.3,115,9,7.8,1,0,Y,2026-08-15T04:17:46.259Z
2020,university,0000138,평택대학교,경기,사립,대학,4820,379,7.9,959,72,7.5,1,0,Y,2026-08-15T04:17:46.259Z
2020,university,0000191,한국산업기술대학교,경기,사립,대학,9661,468,4.8,1701,117,6.9,1,0,Y,2026-08-15T04:17:46.259Z
2020,university,0000144,한국항공대학교,경기,사립,대학,5796,216,3.7,928,79,8.5,1,0,Y,2026-08-15T04:17:46.259Z
2020,university,0000151,한세대학교,경기,사립,대학,3370,177,5.3,616,51,8.3,1,0,Y,2026-08-15T04:17:46.259Z
2020,university,0000152,한신대학교,경기,사립,대학,7435,315,4.2,1274,72,5.7,1,0,Y,2026-08-15T04:17:46.259Z
2020,university,0000156,협성대학교,경기,사립,대학,5624,347,6.2,1062,67,6.3,1,0,Y,2026-08-15T04:17:46.259Z
2020,university,0000032,가야대학교,경남,사립,대학,2919,225,7.7,496,30,6,2,0,Y,2026-08-15T04:17:46.259Z
2020,university,0000040,경남대학교,경남,사립,대학,16506,909,5.5,2889,123,4.3,1,0,Y,2026-08-15T04:17:46.259Z
2020,university,0000167,부산장신대학교,경남,사립,대학,277,22,7.9,49,3,6.1,1,0,Y,2026-08-15T04:17:46.259Z
2020,university,0000181,영산대학교,경남,사립,대학,0,0,,0,0,,2,0,N,2026-08-15T04:17:46.259Z
2020,university,0000122,인제대학교,경남,사립,대학,12370,638,5.2,2272,111,4.9,2,0,Y,2026-08-15T04:17:46.259Z
2020,university,0000193,창신대학교,경남,사립,대학,2398,132,5.5,523,37,7.1,1,0,Y,2026-08-15T04:17:46.259Z
2020,university,0000174,한국국제대학교,경남,사립,대학,2497,466,18.7,179,33,18.4,1,0,Y,2026-08-15T04:17:46.259Z
2020,university,0000188,경운대학교,경북,사립,대학,6107,497,8.1,1227,46,3.7,1,0,Y,2026-08-15T04:17:46.259Z
2020,university,0000045,경일대학교,경북,사립,대학,9489,691,7.3,1772,86,4.9,1,0,Y,2026-08-15T04:17:46.259Z
2020,university,0000046,경주대학교,경북,사립,대학,1577,321,20.4,185,37,20,1,0,Y,2026-08-15T04:17:46.259Z
2020,university,0000185,김천대학교,경북,사립,대학,3834,388,10.1,731,134,18.3,1,0,Y,2026-08-15T04:17:46.259Z
2020,university,0000063,대구가톨릭대학교,경북,사립,대학,16871,925,5.5,3039,175,5.8,1,0,Y,2026-08-15T04:17:46.259Z
2020,university,0000061,대구대학교,경북,사립,대학,24342,1409,5.8,4482,226,5,1,0,Y,2026-08-15T04:17:46.259Z
2020,university,0000062,대구예술대학교,경북,사립,대학,1530,179,11.7,236,22,9.3,1,0,Y,2026-08-15T04:17:46.259Z
2020,university,0000042,대구한의대학교,경북,사립,대학,8730,572,6.6,1707,181,10.6,1,0,Y,2026-08-15T04:17:46.259Z
2020,university,0000065,대신대학교,경북,사립,대학,658,120,18.2,116,12,10.3,1,0,Y,2026-08-15T04:17:46.259Z
2020,university,0000076,동양대학교,경북,사립,대학,5692,455,8,1057,63,6,2,0,Y,2026-08-15T04:17:46.259Z
2020,university,0000111,영남대학교,경북,사립,대학,29593,1193,4,4931,278,5.6,1,0,Y,2026-08-15T04:17:46.259Z
2020,university,0000112,영남신학대학교,경북,사립,대학,575,56,9.7,118,9,7.6,1,0,Y,2026-08-15T04:17:46.259Z
2020,university,0000119,위덕대학교,경북,사립,대학,3813,508,13.3,783,172,22,1,0,Y,2026-08-15T04:17:46.259Z
2020,university,0000140,포항공과대학교,경북,사립,대학,1702,17,1,330,5,1.5,1,0,Y,2026-08-15T04:17:46.259Z
2020,university,0000146,한동대학교,경북,사립,대학,5411,136,2.5,821,19,2.3,1,0,Y,2026-08-15T04:17:46.259Z
2020,university,0000052,광신대학교,광주,사립,대학,600,66,11,130,23,17.7,1,0,Y,2026-08-15T04:17:46.259Z
2020,university,0000176,광주대학교,광주,사립,대학,9032,707,7.8,1721,79,4.6,1,0,Y,2026-08-15T04:17:46.259Z
2020,university,0000055,광주여자대학교,광주,사립,대학,3977,191,4.8,990,49,4.9,1,0,Y,2026-08-15T04:17:46.259Z
2020,university,0000162,남부대학교,광주,사립,대학,3763,261,6.9,768,69,9,1,0,Y,2026-08-15T04:17:46.259Z
2020,university,0000187,송원대학교,광주,사립,대학,3923,500,12.7,793,143,18,1,0,Y,2026-08-15T04:17:46.259Z
2020,university,0000127,조선대학교,광주,사립,대학,27463,1341,4.9,4744,240,5.1,1,0,Y,2026-08-15T04:17:46.259Z
2020,university,0000157,호남대학교,광주,사립,대학,9444,594,6.3,1703,66,3.9,1,0,Y,2026-08-15T04:17:46.259Z
2020,university,0000158,호남신학대학교,광주,사립,대학,805,52,6.5,139,14,10.1,1,0,Y,2026-08-15T04:17:46.259Z
2020,university,0000048,계명대학교,대구,사립,대학,30292,1408,4.6,4948,208,4.2,1,0,Y,2026-08-15T04:17:46.259Z
2020,university,0000067,대전대학교,대전,사립,대학,12680,766,6,2209,136,6.2,1,0,Y,2026-08-15T04:17:46.259Z
2020,university,0000182,대전신학대학교,대전,사립,대학,102,8,7.8,16,1,6.3,1,0,Y,2026-08-15T04:17:46.259Z
2020,university,0000080,목원대학교,대전,사립,대학,10340,626,6.1,1973,87,4.4,1,0,Y,2026-08-15T04:17:46.259Z
2020,university,0000081,배재대학교,대전,사립,대학,10938,651,6,2197,134,6.1,1,0,Y,2026-08-15T04:17:46.259Z
2020,university,0000184,우송대학교,대전,사립,대학,12769,570,4.5,2174,90,4.1,1,0,Y,2026-08-15T04:17:46.259Z
2020,university,0000120,을지대학교,대전,사립,대학,5738,175,3,1096,69,6.3,3,0,Y,2026-08-15T04:17:46.259Z
2020,university,0000551,한국침례신학대학교,대전,사립,대학,1574,111,7.1,291,20,6.9,1,0,Y,2026-08-15T04:17:46.259Z
2020,university,0000145,한남대학교,대전,사립,대학,15438,752,4.9,2849,142,5,1,0,Y,2026-08-15T04:17:46.259Z
2020,university,0000043,경성대학교,부산,사립,대학,16831,846,5,3062,171,5.6,1,0,Y,2026-08-15T04:17:46.259Z
2020,university,0000050,고신대학교,부산,사립,대학,4784,314,6.6,928,44,4.7,1,0,Y,2026-08-15T04:17:46.259Z
2020,university,0000180,동명대학교,부산,사립,대학,11746,730,6.2,2027,100,4.9,1,0,Y,2026-08-15T04:17:46.259Z
2020,university,0000073,동서대학교,부산,사립,대학,14429,865,6,2542,108,4.2,1,0,Y,2026-08-15T04:17:46.259Z
2020,university,0000075,동아대학교,부산,사립,대학,25670,1062,4.1,4370,217,5,1,0,Y,2026-08-15T04:17:46.259Z
2020,university,0000077,동의대학교,부산,사립,대학,21057,1073,5.1,3865,152,3.9,1,0,Y,2026-08-15T04:17:46.259Z
2020,university,0000082,부산가톨릭대학교,부산,사립,대학,4815,223,4.6,937,33,3.5,1,0,Y,2026-08-15T04:17:46.259Z
2020,university,0000083,부산외국어대학교,부산,사립,대학,11687,753,6.4,1954,119,6.1,1,0,Y,2026-08-15T04:17:46.259Z
2020,university,0000106,신라대학교,부산,사립,대학,11652,757,6.5,2069,114,5.5,1,0,Y,2026-08-15T04:17:46.259Z
2020,university,0000035,감리교신학대학교,서울,사립,대학,1106,42,3.8,198,4,2,1,0,Y,2026-08-15T04:17:46.259Z
2020,university,0000037,건국대학교,서울,사립,대학,33662,1049,3.1,5207,414,8,2,0,Y,2026-08-15T04:17:46.259Z
2020,university,0000047,경희대학교,서울,사립,대학,34710,1133,3.3,5739,483,8.4,1,0,Y,2026-08-15T04:17:46.259Z
2020,university,0000049,고려대학교,서울,사립,대학,37102,1183,3.2,5844,407,7,2,0,Y,2026-08-15T04:17:46.259Z
2020,university,0000053,광운대학교,서울,사립,대학,11671,461,3.9,2024,194,9.6,1,0,Y,2026-08-15T04:17:46.259Z
2020,university,0000056,국민대학교,서울,사립,대학,22077,715,3.2,3393,246,7.3,1,0,Y,2026-08-15T04:17:46.259Z
2020,university,0000070,덕성여자대학교,서울,사립,대학,6964,221,3.2,1107,74,6.7,1,0,Y,2026-08-15T04:17:46.259Z
2020,university,0000071,동국대학교,서울,사립,대학,29820,1165,3.9,5129,386,7.5,2,0,Y,2026-08-15T04:17:46.259Z
2020,university,0000072,동덕여자대학교,서울,사립,대학,8050,285,3.5,1663,148,8.9,1,0,Y,2026-08-15T04:17:46.259Z
2020,university,0000084,삼육대학교,서울,사립,대학,7266,263,3.6,1275,74,5.8,1,0,Y,2026-08-15T04:17:46.259Z
2020,university,0000085,상명대학교,서울,사립,대학,17051,673,3.9,2957,199,6.7,2,0,Y,2026-08-15T04:17:46.259Z
2020,university,0000087,서강대학교,서울,사립,대학,12090,380,3.1,1866,220,11.8,1,0,Y,2026-08-15T04:17:46.259Z
2020,university,0000088,서경대학교,서울,사립,대학,8582,453,5.3,1532,133,8.7,1,0,Y,2026-08-15T04:17:46.259Z
2020,university,0000069,서울기독대학교,서울,사립,대학,616,66,10.7,128,12,9.4,1,0,Y,2026-08-15T04:17:46.259Z
2020,university,0000091,서울여자대학교,서울,사립,대학,8686,408,4.7,1711,213,12.4,1,0,Y,2026-08-15T04:17:46.259Z
2020,university,0000539,서울한영대학교,서울,사립,대학,919,79,8.6,202,23,11.4,1,0,Y,2026-08-15T04:17:46.259Z
2020,university,0000096,성공회대학교,서울,사립,대학,2914,157,5.4,529,43,8.1,1,0,Y,2026-08-15T04:17:46.259Z
2020,university,0000097,성균관대학교,서울,사립,대학,25911,917,3.5,4087,384,9.4,1,0,Y,2026-08-15T04:17:46.259Z
2020,university,0000098,성신여자대학교,서울,사립,대학,10739,335,3.1,2226,183,8.2,1,0,Y,2026-08-15T04:17:46.259Z
2020,university,0000100,세종대학교,서울,사립,대학,16227,766,4.7,2771,337,12.2,1,0,Y,2026-08-15T04:17:46.259Z
2020,university,0000103,숙명여자대학교,서울,사립,대학,12094,298,2.5,2407,157,6.5,1,0,Y,2026-08-15T04:17:46.259Z
2020,university,0000105,숭실대학교,서울,사립,대학,19396,574,3,3172,279,8.8,1,0,Y,2026-08-15T04:17:46.259Z
2020,university,0000110,연세대학교,서울,사립,대학,36546,901,2.5,5682,350,6.2,2,0,Y,2026-08-15T04:17:46.259Z
2020,university,0000121,이화여자대학교,서울,사립,대학,19179,411,2.1,3367,174,5.2,1,0,Y,2026-08-15T04:17:46.259Z
2020,university,0000125,장로회신학대학교,서울,사립,대학,893,26,2.9,157,7,4.5,1,0,Y,2026-08-15T04:17:46.259Z
2020,university,0000129,중앙대학교,서울,사립,대학,32619,1018,3.1,5217,466,8.9,2,0,Y,2026-08-15T04:17:46.259Z
2020,university,0000133,총신대학교,서울,사립,대학,2081,95,4.6,363,17,4.7,1,0,Y,2026-08-15T04:17:46.259Z
2020,university,0000134,추계예술대학교,서울,사립,대학,1445,84,5.8,277,27,9.7,1,0,Y,2026-08-15T04:17:46.259Z
2020,university,0000525,케이씨대학교,서울,사립,대학,1736,132,7.6,303,26,8.6,1,0,Y,2026-08-15T04:17:46.259Z
2020,university,0000142,한국성서대학교,서울,사립,대학,1242,53,4.3,236,14,5.9,1,0,Y,2026-08-15T04:17:46.259Z
2020,university,0000143,한국외국어대학교,서울,사립,대학,23596,910,3.9,3809,389,10.2,1,0,Y,2026-08-15T04:17:46.259Z
2020,university,0000150,한성대학교,서울,사립,대학,9462,381,4,1625,135,8.3,1,0,Y,2026-08-15T04:17:46.259Z
2020,university,0000153,한양대학교,서울,사립,대학,36213,1037,2.9,5820,470,8.1,2,0,Y,2026-08-15T04:17:46.259Z
2020,university,0000160,홍익대학교,서울,사립,대학,26035,1021,3.9,4286,397,9.3,2,0,Y,2026-08-15T04:17:46.259Z
2020,university,0000066,대전가톨릭대학교,세종,사립,대학,58,6,10.3,14,2,14.3,1,0,Y,2026-08-15T04:17:46.259Z
2020,university,0000117,울산대학교,울산,사립,대학,17677,785,4.4,2916,141,4.8,1,0,Y,2026-08-15T04:17:46.259Z
2020,university,0000123,인천가톨릭대학교,인천,사립,대학,829,35,4.2,176,19,10.8,2,0,Y,2026-08-15T04:17:46.259Z
2020,university,0000124,인하대학교,인천,사립,대학,25615,714,2.8,4005,265,6.6,1,0,Y,2026-08-15T04:17:46.259Z
2020,university,0000054,광주가톨릭대학교,전남,사립,대학,129,5,3.9,24,0,0,1,0,Y,2026-08-15T04:17:46.259Z
2020,university,0000074,동신대학교,전남,사립,대학,8371,533,6.4,1547,97,6.3,1,0,Y,2026-08-15T04:17:46.259Z
2020,university,0000166,목포가톨릭대학교,전남,사립,대학,567,15,2.6,126,1,0.8,1,0,Y,2026-08-15T04:17:46.259Z
2020,university,0000064,세한대학교,전남,사립,대학,4616,555,12,947,92,9.7,1,0,Y,2026-08-15T04:17:46.259Z
2020,university,0000114,영산선학대학교,전남,사립,대학,47,2,4.3,6,0,0,1,0,Y,2026-08-15T04:17:46.259Z
2020,university,0000190,초당대학교,전남,사립,대학,4141,428,10.3,793,68,8.6,1,0,Y,2026-08-15T04:17:46.259Z
2020,university,0000186,한려대학교,전남,사립,대학,454,42,9.3,79,10,12.7,1,0,Y,2026-08-15T04:17:46.259Z
2020,university,0000173,예수대학교,전북,사립,대학,615,12,2,131,8,6.1,1,0,Y,2026-08-15T04:17:46.259Z
2020,university,0000164,예원예술대학교,전북,사립,대학,1866,204,10.9,478,46,9.6,2,0,Y,2026-08-15T04:17:46.259Z
2020,university,0000116,우석대학교,전북,사립,대학,9709,658,6.8,1877,99,5.3,1,0,Y,2026-08-15T04:17:46.259Z
2020,university,0000118,원광대학교,전북,사립,대학,21569,1273,5.9,3697,208,5.6,1,0,Y,2026-08-15T04:17:46.259Z
2020,university,0000126,전주대학교,전북,사립,대학,15758,826,5.2,2806,112,4,1,0,Y,2026-08-15T04:17:46.259Z
2020,university,0000155,한일장신대학교,전북,사립,대학,1142,136,11.9,256,35,13.7,1,0,Y,2026-08-15T04:17:46.259Z
2020,university,0000223,호원대학교,전북,사립,대학,7034,846,12,1385,285,20.6,1,0,Y,2026-08-15T04:17:46.259Z
2020,university,0000192,제주국제대학교,제주,사립,대학,1486,230,15.5,166,18,10.8,1,0,Y,2026-08-15T04:17:46.259Z
2020,university,0000038,건양대학교,충남,사립,대학,8826,339,3.8,1736,83,4.8,2,0,Y,2026-08-15T04:17:46.259Z
2020,university,0000169,금강대학교,충남,사립,대학,589,74,12.6,90,29,32.2,1,0,Y,2026-08-15T04:17:46.259Z
2020,university,0000059,나사렛대학교,충남,사립,대학,6830,403,5.9,1353,60,4.4,1,0,Y,2026-08-15T04:17:46.259Z
2020,university,0000189,남서울대학교,충남,사립,대학,12784,721,5.6,2328,103,4.4,1,0,Y,2026-08-15T04:17:46.259Z
2020,university,0000131,백석대학교,충남,사립,대학,15823,692,4.4,2966,128,4.3,1,0,Y,2026-08-15T04:17:46.259Z
2020,university,0000094,선문대학교,충남,사립,대학,12812,751,5.9,2409,152,6.3,1,0,Y,2026-08-15T04:17:46.259Z
2020,university,0000104,순천향대학교,충남,사립,대학,14233,582,4.1,2560,174,6.8,1,0,Y,2026-08-15T04:17:46.259Z
2020,university,0000128,중부대학교,충남,사립,대학,12156,789,6.5,2141,106,5,1,0,Y,2026-08-15T04:17:46.259Z
2020,university,0000225,청운대학교,충남,사립,대학,8350,651,7.8,1439,128,8.9,1,0,Y,2026-08-15T04:17:46.259Z
2020,university,0000141,한국기술교육대학교,충남,사립,대학,6178,221,3.6,987,71,7.2,1,0,Y,2026-08-15T04:17:46.259Z
2020,university,0000149,한서대학교,충남,사립,대학,9277,492,5.3,1713,101,5.9,1,0,Y,2026-08-15T04:17:46.259Z
2020,university,0000159,호서대학교,충남,사립,대학,16785,788,4.7,3156,203,6.4,1,0,Y,2026-08-15T04:17:46.259Z
2020,university,0000557,가톨릭꽃동네대학교,충북,사립,대학,584,13,2.2,112,4,3.6,1,0,Y,2026-08-15T04:17:46.259Z
2020,university,0000058,극동대학교,충북,사립,대학,5212,258,5,983,53,5.4,1,0,Y,2026-08-15T04:17:46.259Z
2020,university,0000093,서원대학교,충북,사립,대학,8946,454,5.1,1751,92,5.3,1,0,Y,2026-08-15T04:17:46.259Z
2020,university,0000099,세명대학교,충북,사립,대학,10744,619,5.8,1994,119,6,1,0,Y,2026-08-15T04:17:46.259Z
2020,university,0000113,유원대학교,충북,사립,대학,5173,475,9.2,879,71,8.1,1,0,Y,2026-08-15T04:17:46.259Z
2020,university,0000183,중원대학교,충북,사립,대학,5591,708,12.7,1043,70,6.7,1,0,Y,2026-08-15T04:17:46.259Z
2020,university,0000132,청주대학교,충북,사립,대학,16141,675,4.2,2849,127,4.5,1,0,Y,2026-08-15T04:17:46.259Z
2020,junior-college,0000347,강릉영동대학교,강원,사립,전문대학,4509,179,4,950,73,7.7,1,0,Y,2026-08-15T04:17:46.259Z
2020,junior-college,0000378,강원관광대학교,강원,사립,전문대학,1688,195,11.6,429,102,23.8,1,0,Y,2026-08-15T04:17:46.259Z
2020,junior-college,0000348,세경대학교,강원,사립,전문대학,1301,133,10.2,524,51,9.7,1,0,Y,2026-08-15T04:17:46.259Z
2020,junior-college,0000393,송곡대학교,강원,사립,전문대학,783,74,9.5,230,19,8.3,1,0,Y,2026-08-15T04:17:46.259Z
2020,junior-college,0000390,송호대학교,강원,사립,전문대학,1358,120,8.8,406,40,9.9,1,0,Y,2026-08-15T04:17:46.259Z
2020,junior-college,0000542,한국골프대학교,강원,사립,전문대학,776,29,3.7,196,6,3.1,1,0,Y,2026-08-15T04:17:46.259Z
2020,junior-college,0000383,한림성심대학교,강원,사립,전문대학,4782,528,11,1317,51,3.9,1,0,Y,2026-08-15T04:17:46.259Z
2020,junior-college,0000387,경기과학기술대학교,경기,사립,전문대학,7870,319,4.1,2351,130,5.5,1,0,Y,2026-08-15T04:17:46.259Z
2020,junior-college,0000255,경민대학교,경기,사립,전문대학,7013,648,9.2,2064,101,4.9,1,0,Y,2026-08-15T04:17:46.259Z
2020,junior-college,0000259,경복대학교,경기,사립,전문대학,8100,326,4,2573,88,3.4,1,0,Y,2026-08-15T04:17:46.259Z
2020,junior-college,0000264,계원예술대학교,경기,사립,전문대학,4221,239,5.7,1318,69,5.2,1,0,Y,2026-08-15T04:17:46.259Z
2020,junior-college,0000379,국제대학교,경기,사립,전문대학,6034,544,9,1781,177,9.9,1,0,Y,2026-08-15T04:17:46.259Z
2020,junior-college,0000277,김포대학교,경기,사립,전문대학,5034,494,9.8,1548,125,8.1,1,0,Y,2026-08-15T04:17:46.259Z
2020,junior-college,0000278,농협대학교,경기,사립,전문대학,541,12,2.2,179,2,1.1,1,0,Y,2026-08-15T04:17:46.259Z
2020,junior-college,0000285,대림대학교,경기,사립,전문대학,10459,607,5.8,3223,114,3.5,1,0,Y,2026-08-15T04:17:46.259Z
2020,junior-college,0000294,동남보건대학교,경기,사립,전문대학,5740,293,5.1,1793,132,7.4,1,0,Y,2026-08-15T04:17:46.259Z
2020,junior-college,0000287,동서울대학교,경기,사립,전문대학,8811,495,5.6,2707,134,5,1,0,Y,2026-08-15T04:17:46.259Z
2020,junior-college,0000298,동아방송예술대학교,경기,사립,전문대학,4281,231,5.4,1200,61,5.1,1,0,Y,2026-08-15T04:17:46.259Z
2020,junior-college,0000302,동원대학교,경기,사립,전문대학,5459,519,9.5,1755,167,9.5,1,0,Y,2026-08-15T04:17:46.259Z
2020,junior-college,0000305,두원공과대학교,경기,사립,전문대학,7381,575,7.8,1718,145,8.4,1,0,Y,2026-08-15T04:17:46.259Z
2020,junior-college,0000316,부천대학교,경기,사립,전문대학,10445,565,5.4,3617,189,5.2,1,0,Y,2026-08-15T04:17:46.259Z
2020,junior-college,0000323,서울예술대학교,경기,사립,전문대학,4281,170,4,1158,29,2.5,1,0,Y,2026-08-15T04:17:46.259Z
2020,junior-college,0000392,서정대학교,경기,사립,전문대학,9808,371,3.8,2679,175,6.5,1,0,Y,2026-08-15T04:17:46.259Z
2020,junior-college,0000330,수원과학대학교,경기,사립,전문대학,8649,662,7.7,2595,189,7.3,1,0,Y,2026-08-15T04:17:46.259Z
2020,junior-college,0000329,수원여자대학교,경기,사립,전문대학,4666,231,5,1829,130,7.1,1,0,Y,2026-08-15T04:17:46.259Z
2020,junior-college,0000334,신구대학교,경기,사립,전문대학,8818,584,6.6,2973,191,6.4,1,0,Y,2026-08-15T04:17:46.259Z
2020,junior-college,0000339,신안산대학교,경기,사립,전문대학,6359,448,7,2008,136,6.8,1,0,Y,2026-08-15T04:17:46.259Z
2020,junior-college,0000340,안산대학교,경기,사립,전문대학,5768,258,4.5,1862,103,5.5,1,0,Y,2026-08-15T04:17:46.259Z
2020,junior-college,0000343,여주대학교,경기,사립,전문대학,7814,697,8.9,2247,189,8.4,1,0,Y,2026-08-15T04:17:46.259Z
2020,junior-college,0000341,연성대학교,경기,사립,전문대학,8450,605,7.2,2746,164,6,1,0,Y,2026-08-15T04:17:46.259Z
2020,junior-college,0000350,오산대학교,경기,사립,전문대학,7803,714,9.2,2539,232,9.1,1,0,Y,2026-08-15T04:17:46.259Z
2020,junior-college,0000559,용인예술과학대학교,경기,사립,전문대학,6037,588,9.7,1775,165,9.3,1,0,Y,2026-08-15T04:17:46.259Z
2020,junior-college,0000394,웅지세무대학교,경기,사립,전문대학,1979,183,9.2,272,22,8.1,1,0,Y,2026-08-15T04:17:46.259Z
2020,junior-college,0000355,유한대학교,경기,사립,전문대학,7880,474,6,2293,135,5.9,1,0,Y,2026-08-15T04:17:46.259Z
2020,junior-college,0000358,장안대학교,경기,사립,전문대학,7980,700,8.8,2597,227,8.7,1,0,Y,2026-08-15T04:17:46.259Z
2020,junior-college,0000374,청강문화산업대학교,경기,사립,전문대학,5123,211,4.1,1474,50,3.4,1,0,Y,2026-08-15T04:17:46.259Z
2020,junior-college,0000391,한국관광대학교,경기,사립,전문대학,2694,146,5.4,1039,61,5.9,1,0,Y,2026-08-15T04:17:46.259Z
2020,junior-college,0000251,거제대학교,경남,사립,전문대학,1613,129,8,394,24,6.1,1,0,Y,2026-08-15T04:17:46.259Z
2020,junior-college,0000395,김해대학교,경남,사립,전문대학,1800,132,7.3,549,31,5.6,1,0,Y,2026-08-15T04:17:46.259Z
2020,junior-college,0000342,동원과학기술대학교,경남,사립,전문대학,3237,185,5.7,997,49,4.9,1,0,Y,2026-08-15T04:17:46.259Z
2020,junior-college,0000306,마산대학교,경남,사립,전문대학,7262,502,6.9,2152,115,5.3,1,0,Y,2026-08-15T04:17:46.259Z
2020,junior-college,0000530,연암공과대학교,경남,사립,전문대학,2571,184,7.2,546,5,0.9,1,0,Y,2026-08-15T04:17:46.259Z
2020,junior-college,0000369,진주보건대학교,경남,사립,전문대학,3283,129,3.9,993,41,4.1,1,0,Y,2026-08-15T04:17:46.259Z
2020,junior-college,0000528,창원문성대학교,경남,사립,전문대학,4312,674,15.6,989,65,6.6,1,0,Y,2026-08-15T04:17:46.259Z
2020,junior-college,0000396,한국승강기대학교,경남,사립,전문대학,1470,83,5.6,336,18,5.4,1,0,Y,2026-08-15T04:17:46.259Z
2020,junior-college,0000249,가톨릭상지대학교,경북,사립,전문대학,2476,195,7.9,768,66,8.6,1,0,Y,2026-08-15T04:17:46.259Z
2020,junior-college,0000293,경북과학대학교,경북,사립,전문대학,1890,263,13.9,821,164,20,1,0,Y,2026-08-15T04:17:46.259Z
2020,junior-college,0000523,경북보건대학교,경북,사립,전문대학,1477,56,3.8,375,13,3.5,1,0,Y,2026-08-15T04:17:46.259Z
2020,junior-college,0000258,경북전문대학교,경북,사립,전문대학,3736,247,6.6,1229,46,3.7,1,0,Y,2026-08-15T04:17:46.259Z
2020,junior-college,0000268,구미대학교,경북,사립,전문대학,6874,542,7.9,2421,146,6,1,0,Y,2026-08-15T04:17:46.259Z
2020,junior-college,0000279,대경대학교,경북,사립,전문대학,5412,694,12.8,1828,269,14.7,1,0,Y,2026-08-15T04:17:46.259Z
2020,junior-college,0000309,문경대학교,경북,사립,전문대학,1112,54,4.9,314,19,6.1,1,0,Y,2026-08-15T04:17:46.259Z
2020,junior-college,0000262,서라벌대학교,경북,사립,전문대학,753,50,6.6,205,20,9.8,1,0,Y,2026-08-15T04:17:46.259Z
2020,junior-college,0000380,선린대학교,경북,사립,전문대학,3108,234,7.5,882,62,7,1,0,Y,2026-08-15T04:17:46.259Z
2020,junior-college,0000547,성운대학교,경북,사립,전문대학,1628,109,6.7,747,77,10.3,1,0,Y,2026-08-15T04:17:46.259Z
2020,junior-college,0000338,안동과학대학교,경북,사립,전문대학,3628,288,7.9,992,39,3.9,1,0,Y,2026-08-15T04:17:46.259Z
2020,junior-college,0000257,영남외국어대학,경북,사립,전문대학,534,53,9.9,230,36,15.7,1,0,Y,2026-08-15T04:17:46.259Z
2020,junior-college,0000381,포항대학교,경북,사립,전문대학,2437,197,8.1,762,57,7.5,1,0,Y,2026-08-15T04:17:46.259Z
2020,junior-college,0000522,호산대학교,경북,사립,전문대학,2235,226,10.1,817,92,11.3,1,0,Y,2026-08-15T04:17:46.259Z
2020,junior-college,0000267,광주보건대학교,광주,사립,전문대학,4830,268,5.5,1488,68,4.6,1,0,Y,2026-08-15T04:17:46.259Z
2020,junior-college,0000273,기독간호대학교,광주,사립,전문대학,662,15,2.3,172,7,4.1,1,0,Y,2026-08-15T04:17:46.259Z
2020,junior-college,0000297,동강대학교,광주,사립,전문대학,4015,512,12.8,1338,216,16.1,1,0,Y,2026-08-15T04:17:46.259Z
2020,junior-college,0000320,서영대학교,광주,사립,전문대학,7935,457,5.8,2408,138,5.7,1,0,Y,2026-08-15T04:17:46.259Z
2020,junior-college,0000366,조선간호대학교,광주,사립,전문대학,836,12,1.4,193,6,3.1,1,0,Y,2026-08-15T04:17:46.259Z
2020,junior-college,0000365,조선이공대학교,광주,사립,전문대학,6220,705,11.3,1698,116,6.8,1,0,Y,2026-08-15T04:17:46.259Z
2020,junior-college,0000263,계명문화대학교,대구,사립,전문대학,7334,498,6.8,2303,108,4.7,1,0,Y,2026-08-15T04:17:46.259Z
2020,junior-college,0000280,대구공업대학교,대구,사립,전문대학,2845,330,11.6,847,116,13.7,1,0,Y,2026-08-15T04:17:46.259Z
2020,junior-college,0000283,대구과학대학교,대구,사립,전문대학,5080,329,6.5,1656,95,5.7,1,0,Y,2026-08-15T04:17:46.259Z
2020,junior-college,0000281,대구보건대학교,대구,사립,전문대학,8901,440,4.9,2727,142,5.2,1,0,Y,2026-08-15T04:17:46.259Z
2020,junior-college,0000282,수성대학교,대구,사립,전문대학,4961,496,10,1430,146,10.2,1,0,Y,2026-08-15T04:17:46.259Z
2020,junior-college,0000346,영남이공대학교,대구,사립,전문대학,9139,632,6.9,2646,153,5.8,1,0,Y,2026-08-15T04:17:46.259Z
2020,junior-college,0000349,영진전문대학교,대구,사립,전문대학,13224,1062,8,3749,287,7.7,1,0,Y,2026-08-15T04:17:46.259Z
2020,junior-college,0000376,대덕대학교,대전,사립,전문대학,5744,600,10.4,1742,159,9.1,1,0,Y,2026-08-15T04:17:46.259Z
2020,junior-college,0000512,대전과학기술대학교,대전,사립,전문대학,5661,587,10.4,1874,182,9.7,1,0,Y,2026-08-15T04:17:46.259Z
2020,junior-college,0000288,대전보건대학교,대전,사립,전문대학,7440,458,6.2,2331,118,5.1,1,0,Y,2026-08-15T04:17:46.259Z
2020,junior-college,0000289,우송정보대학,대전,사립,전문대학,6890,611,8.9,2155,144,6.7,1,0,Y,2026-08-15T04:17:46.259Z
2020,junior-college,0000253,경남정보대학교,부산,사립,전문대학,11632,633,5.4,3050,158,5.2,1,0,Y,2026-08-15T04:17:46.259Z
2020,junior-college,0000284,대동대학교,부산,사립,전문대학,1824,78,4.3,560,23,4.1,1,0,Y,2026-08-15T04:17:46.259Z
2020,junior-college,0000303,동의과학대학교,부산,사립,전문대학,8911,897,10.1,2366,207,8.7,1,0,Y,2026-08-15T04:17:46.259Z
2020,junior-college,0000304,동주대학교,부산,사립,전문대학,4318,518,12,1255,89,7.1,1,0,Y,2026-08-15T04:17:46.259Z
2020,junior-college,0000313,부산경상대학교,부산,사립,전문대학,3962,628,15.9,1146,181,15.8,1,0,Y,2026-08-15T04:17:46.259Z
2020,junior-college,0000315,부산과학기술대학교,부산,사립,전문대학,6469,593,9.2,1355,127,9.4,1,0,Y,2026-08-15T04:17:46.259Z
2020,junior-college,0000314,부산여자대학교,부산,사립,전문대학,2827,211,7.5,970,85,8.8,1,0,Y,2026-08-15T04:17:46.259Z
2020,junior-college,0000388,부산예술대학교,부산,사립,전문대학,939,162,17.3,345,39,11.3,1,0,Y,2026-08-15T04:17:46.259Z
2020,junior-college,0000300,동양미래대학교,서울,사립,전문대학,10322,735,7.1,2833,221,7.8,1,0,Y,2026-08-15T04:17:46.259Z
2020,junior-college,0000307,명지전문대학,서울,사립,전문대학,9753,761,7.8,3424,362,10.6,1,0,Y,2026-08-15T04:17:46.259Z
2020,junior-college,0000310,배화여자대학교,서울,사립,전문대학,3277,234,7.1,1476,115,7.8,1,0,Y,2026-08-15T04:17:46.259Z
2020,junior-college,0000317,삼육보건대학교,서울,사립,전문대학,1517,65,4.3,528,30,5.7,1,0,Y,2026-08-15T04:17:46.259Z
2020,junior-college,0000321,서울여자간호대학교,서울,사립,전문대학,1002,21,2.1,259,12,4.6,1,0,Y,2026-08-15T04:17:46.259Z
2020,junior-college,0000324,서일대학교,서울,사립,전문대학,8866,683,7.7,2629,228,8.7,1,0,Y,2026-08-15T04:17:46.259Z
2020,junior-college,0000333,숭의여자대학교,서울,사립,전문대학,3673,214,5.8,1727,128,7.4,1,0,Y,2026-08-15T04:17:46.259Z
2020,junior-college,0000356,인덕대학교,서울,사립,전문대학,9133,650,7.1,2834,181,6.4,1,0,Y,2026-08-15T04:17:46.259Z
2020,junior-college,0000384,한양여자대학교,서울,사립,전문대학,7421,452,6.1,3052,267,8.7,1,0,Y,2026-08-15T04:17:46.259Z
2020,junior-college,0000353,한국영상대학교,세종,사립,전문대학,4706,340,7.2,1433,80,5.6,1,0,Y,2026-08-15T04:17:46.259Z
2020,junior-college,0000352,울산과학대학교,울산,사립,전문대학,8399,478,5.7,2237,96,4.3,1,0,Y,2026-08-15T04:17:46.259Z
2020,junior-college,0000375,춘해보건대학교,울산,사립,전문대학,3171,129,4.1,921,46,5,1,0,Y,2026-08-15T04:17:46.259Z
2020,junior-college,0000261,경인여자대학교,인천,사립,전문대학,5095,258,5.1,2138,127,5.9,1,0,Y,2026-08-15T04:17:46.259Z
2020,junior-college,0000292,인천재능대학교,인천,사립,전문대학,5993,542,9,1950,191,9.8,1,0,Y,2026-08-15T04:17:46.259Z
2020,junior-college,0000357,인하공업전문대학,인천,사립,전문대학,11324,709,6.3,3330,264,7.9,1,0,Y,2026-08-15T04:17:46.259Z
2020,junior-college,0000272,고구려대학교,전남,사립,전문대학,2135,354,16.6,914,239,26.1,1,0,Y,2026-08-15T04:17:46.259Z
2020,junior-college,0000266,광양보건대학교,전남,사립,전문대학,823,77,9.4,96,11,11.5,1,0,Y,2026-08-15T04:17:46.259Z
2020,junior-college,0000532,동아보건대학교,전남,사립,전문대학,1950,266,13.6,629,79,12.6,1,0,Y,2026-08-15T04:17:46.259Z
2020,junior-college,0000308,목포과학대학교,전남,사립,전문대학,3774,814,21.6,928,143,15.4,1,0,Y,2026-08-15T04:17:46.259Z
2020,junior-college,0000331,순천제일대학교,전남,사립,전문대학,3958,492,12.4,1267,124,9.8,1,0,Y,2026-08-15T04:17:46.259Z
2020,junior-college,0000360,전남과학대학교,전남,사립,전문대학,4357,360,8.3,1734,189,10.9,1,0,Y,2026-08-15T04:17:46.259Z
2020,junior-college,0000332,청암대학교,전남,사립,전문대학,3468,240,6.9,1113,152,13.7,1,0,Y,2026-08-15T04:17:46.259Z
2020,junior-college,0000546,한영대학교,전남,사립,전문대학,1761,95,5.4,702,26,3.7,1,0,Y,2026-08-15T04:17:46.259Z
2020,junior-college,0000250,군산간호대학교,전북,사립,전문대학,1278,30,2.3,304,18,5.9,1,0,Y,2026-08-15T04:17:46.259Z
2020,junior-college,0000270,군장대학교,전북,사립,전문대학,2236,339,15.2,872,78,8.9,1,0,Y,2026-08-15T04:17:46.259Z
2020,junior-college,0000311,백제예술대학교,전북,사립,전문대학,1718,184,10.7,607,70,11.5,1,0,Y,2026-08-15T04:17:46.259Z
2020,junior-college,0000354,원광보건대학교,전북,사립,전문대학,6754,492,7.3,1911,113,5.9,1,0,Y,2026-08-15T04:17:46.259Z
2020,junior-college,0000362,전북과학대학교,전북,사립,전문대학,1862,134,7.2,744,55,7.4,1,0,Y,2026-08-15T04:17:46.259Z
2020,junior-college,0000274,전주기전대학,전북,사립,전문대학,2039,235,11.5,749,85,11.3,1,0,Y,2026-08-15T04:17:46.259Z
2020,junior-college,0000361,전주비전대학교,전북,사립,전문대학,5145,307,6,1576,78,4.9,1,0,Y,2026-08-15T04:17:46.259Z
2020,junior-college,0000363,제주관광대학교,제주,사립,전문대학,2917,353,12.1,846,75,8.9,1,0,Y,2026-08-15T04:17:46.259Z
2020,junior-college,0000382,제주한라대학교,제주,사립,전문대학,10019,612,6.1,2189,176,8,1,0,Y,2026-08-15T04:17:46.259Z
2020,junior-college,0000373,백석문화대학교,충남,사립,전문대학,7896,666,8.4,2478,188,7.6,1,0,Y,2026-08-15T04:17:46.259Z
2020,junior-college,0000335,신성대학교,충남,사립,전문대학,5417,399,7.4,1537,107,7,1,0,Y,2026-08-15T04:17:46.259Z
2020,junior-college,0000291,아주자동차대학,충남,사립,전문대학,2321,90,3.9,398,28,7,1,0,Y,2026-08-15T04:17:46.259Z
2020,junior-college,0000529,연암대학교,충남,사립,전문대학,1530,92,6,575,21,3.7,1,0,Y,2026-08-15T04:17:46.259Z
2020,junior-college,0000386,혜전대학교,충남,사립,전문대학,3698,222,6,1068,69,6.5,1,0,Y,2026-08-15T04:17:46.259Z
2020,junior-college,0000271,강동대학교,충북,사립,전문대학,5221,576,11,1505,225,15,1,0,Y,2026-08-15T04:17:46.259Z
2020,junior-college,0000286,대원대학교,충북,사립,전문대학,3140,231,7.4,992,55,5.5,1,0,Y,2026-08-15T04:17:46.259Z
2020,junior-college,0000367,충북보건과학대학교,충북,사립,전문대학,3935,284,7.2,1165,73,6.3,1,0,Y,2026-08-15T04:17:46.259Z
2020,junior-college,0000377,충청대학교,충북,사립,전문대학,5690,428,7.5,1645,115,7,1,0,Y,2026-08-15T04:17:46.259Z
2020,graduate,0000513,가톨릭관동대학교,강원,사립,대학원,353,23,6.5,,,,4,5,Y,2026-08-15T04:17:46.259Z
2020,graduate,0000086,상지대학교,강원,사립,대학원,349,29,8.3,,,,5,6,Y,2026-08-15T04:17:46.259Z
2020,graduate,0000147,한라대학교,강원,사립,대학원,46,7,15.2,,,,1,1,Y,2026-08-15T04:17:46.259Z
2020,graduate,0000148,한림대학교,강원,사립,대학원,769,22,2.9,,,,7,9,Y,2026-08-15T04:17:46.259Z
2020,graduate,0000044,가천대학교,경기,사립,대학원,2659,105,3.9,,,,9,11,Y,2026-08-15T04:17:46.259Z
2020,graduate,0000034,가톨릭대학교,경기,사립,대학원,2581,133,5.2,,,,16,21,Y,2026-08-15T04:17:46.259Z
2020,graduate,0000036,강남대학교,경기,사립,대학원,426,26,6.1,,,,4,5,Y,2026-08-15T04:17:46.259Z
2020,graduate,0000039,경기대학교,경기,사립,대학원,2253,101,4.5,,,,10,13,Y,2026-08-15T04:17:46.259Z
2020,graduate,0000060,단국대학교,경기,사립,대학원,4213,217,5.2,,,,13,16,Y,2026-08-15T04:17:46.259Z
2020,graduate,0000068,대진대학교,경기,사립,대학원,485,22,4.5,,,,4,5,Y,2026-08-15T04:17:46.259Z
2020,graduate,0000078,루터대학교,경기,사립,대학원,45,0,0,,,,1,1,Y,2026-08-15T04:17:46.259Z
2020,graduate,0000079,명지대학교,경기,사립,대학원,2378,109,4.6,,,,9,12,Y,2026-08-15T04:17:46.259Z
2020,graduate,0000090,서울신학대학교,경기,사립,대학원,1034,61,5.9,,,,7,8,Y,2026-08-15T04:17:46.259Z
2020,graduate,0000092,서울장신대학교,경기,사립,대학원,393,20,5.1,,,,7,9,Y,2026-08-15T04:17:46.259Z
2020,graduate,0000095,성결대학교,경기,사립,대학원,424,26,6.1,,,,5,7,Y,2026-08-15T04:17:46.259Z
2020,graduate,0000101,수원가톨릭대학교,경기,사립,대학원,55,4,7.3,,,,1,1,Y,2026-08-15T04:17:46.259Z
2020,graduate,0000102,수원대학교,경기,사립,대학원,937,91,9.7,,,,14,14,Y,2026-08-15T04:17:46.259Z
2020,graduate,0000509,신한대학교,경기,사립,대학원,433,23,5.3,,,,2,3,Y,2026-08-15T04:17:46.259Z
2020,graduate,0000558,아신대학교,경기,사립,대학원,782,81,10.4,,,,6,8,Y,2026-08-15T04:17:46.259Z
2020,graduate,0000108,아주대학교,경기,사립,대학원,4397,249,5.7,,,,14,16,Y,2026-08-15T04:17:46.259Z
2020,graduate,0000109,안양대학교,경기,사립,대학원,598,36,6,,,,6,8,Y,2026-08-15T04:17:46.259Z
2020,graduate,0000115,용인대학교,경기,사립,대학원,711,58,8.2,,,,8,9,Y,2026-08-15T04:17:46.259Z
2020,graduate,0000120,을지대학교,경기,사립,대학원,280,16,5.7,,,,4,5,Y,2026-08-15T04:17:46.259Z
2020,graduate,0000130,중앙승가대학교,경기,사립,대학원,101,3,3,,,,1,2,Y,2026-08-15T04:17:46.259Z
2020,graduate,0000139,차의과학대학교,경기,사립,대학원,1361,49,3.6,,,,9,11,Y,2026-08-15T04:17:46.259Z
2020,graduate,0000136,칼빈대학교,경기,사립,대학원,619,67,10.8,,,,2,4,Y,2026-08-15T04:17:46.259Z
2020,graduate,0000138,평택대학교,경기,사립,대학원,498,42,8.4,,,,6,8,Y,2026-08-15T04:17:46.259Z
2020,graduate,0000191,한국산업기술대학교,경기,사립,대학원,380,20,5.3,,,,3,5,Y,2026-08-15T04:17:46.259Z
2020,graduate,0000144,한국항공대학교,경기,사립,대학원,589,42,7.1,,,,2,4,Y,2026-08-15T04:17:46.259Z
2020,graduate,0000151,한세대학교,경기,사립,대학원,730,44,6,,,,6,4,Y,2026-08-15T04:17:46.259Z
2020,graduate,0000152,한신대학교,경기,사립,대학원,425,41,9.6,,,,5,7,Y,2026-08-15T04:17:46.259Z
2020,graduate,0000156,협성대학교,경기,사립,대학원,460,36,7.8,,,,4,5,Y,2026-08-15T04:17:46.259Z
2020,graduate,0000032,가야대학교,경남,사립,대학원,124,3,2.4,,,,4,4,Y,2026-08-15T04:17:46.259Z
2020,graduate,0000040,경남대학교,경남,사립,대학원,1333,65,4.9,,,,4,5,Y,2026-08-15T04:17:46.259Z
2020,graduate,0000167,부산장신대학교,경남,사립,대학원,215,14,6.5,,,,5,5,Y,2026-08-15T04:17:46.259Z
2020,graduate,0000181,영산대학교,경남,사립,대학원,361,22,6.1,,,,8,7,Y,2026-08-15T04:17:46.259Z
2020,graduate,0000122,인제대학교,경남,사립,대학원,1352,90,6.7,,,,6,8,Y,2026-08-15T04:17:46.259Z
2020,graduate,0000193,창신대학교,경남,사립,대학원,239,8,3.3,,,,3,4,Y,2026-08-15T04:17:46.259Z
2020,graduate,0000188,경운대학교,경북,사립,대학원,136,12,8.8,,,,3,4,Y,2026-08-15T04:17:46.259Z
2020,graduate,0000045,경일대학교,경북,사립,대학원,216,14,6.5,,,,2,3,Y,2026-08-15T04:17:46.259Z
2020,graduate,0000046,경주대학교,경북,사립,대학원,101,11,10.9,,,,2,3,Y,2026-08-15T04:17:46.259Z
2020,graduate,0000185,김천대학교,경북,사립,대학원,125,9,7.2,,,,3,1,Y,2026-08-15T04:17:46.259Z
2020,graduate,0000063,대구가톨릭대학교,경북,사립,대학원,1477,94,6.4,,,,10,12,Y,2026-08-15T04:17:46.259Z
2020,graduate,0000061,대구대학교,경북,사립,대학원,1687,118,7,,,,6,7,Y,2026-08-15T04:17:46.259Z
2020,graduate,0000042,대구한의대학교,경북,사립,대학원,345,15,4.3,,,,3,5,Y,2026-08-15T04:17:46.259Z
2020,graduate,0000065,대신대학교,경북,사립,대학원,304,5,1.6,,,,2,3,Y,2026-08-15T04:17:46.259Z
2020,graduate,0000076,동양대학교,경북,사립,대학원,236,15,6.4,,,,3,4,Y,2026-08-15T04:17:46.259Z
2020,graduate,0000111,영남대학교,경북,사립,대학원,2705,136,5,,,,10,13,Y,2026-08-15T04:17:46.259Z
2020,graduate,0000112,영남신학대학교,경북,사립,대학원,363,25,6.9,,,,7,6,Y,2026-08-15T04:17:46.259Z
2020,graduate,0000119,위덕대학교,경북,사립,대학원,299,21,7,,,,5,6,Y,2026-08-15T04:17:46.259Z
2020,graduate,0000140,포항공과대학교,경북,사립,대학원,1722,57,3.3,,,,3,3,Y,2026-08-15T04:17:46.259Z
2020,graduate,0000146,한동대학교,경북,사립,대학원,433,19,4.4,,,,7,9,Y,2026-08-15T04:17:46.259Z
2020,graduate,0000052,광신대학교,광주,사립,대학원,541,34,6.3,,,,6,8,Y,2026-08-15T04:17:46.259Z
2020,graduate,0000176,광주대학교,광주,사립,대학원,504,34,6.7,,,,3,5,Y,2026-08-15T04:17:46.259Z
2020,graduate,0000055,광주여자대학교,광주,사립,대학원,242,21,8.7,,,,3,4,Y,2026-08-15T04:17:46.259Z
2020,graduate,0000162,남부대학교,광주,사립,대학원,427,26,6.1,,,,3,4,Y,2026-08-15T04:17:46.259Z
2020,graduate,0000187,송원대학교,광주,사립,대학원,103,7,6.8,,,,1,1,Y,2026-08-15T04:17:46.259Z
2020,graduate,0000127,조선대학교,광주,사립,대학원,1770,137,7.7,,,,8,10,Y,2026-08-15T04:17:46.259Z
2020,graduate,0000157,호남대학교,광주,사립,대학원,839,43,5.1,,,,3,4,Y,2026-08-15T04:17:46.259Z
2020,graduate,0000158,호남신학대학교,광주,사립,대학원,613,5,0.8,,,,5,6,Y,2026-08-15T04:17:46.259Z
2020,graduate,0000048,계명대학교,대구,사립,대학원,2737,163,6,,,,10,12,Y,2026-08-15T04:17:46.259Z
2020,graduate,0000038,건양대학교,대전,사립,대학원,634,40,6.3,,,,6,7,Y,2026-08-15T04:17:46.259Z
2020,graduate,0000067,대전대학교,대전,사립,대학원,726,50,6.9,,,,4,5,Y,2026-08-15T04:17:46.259Z
2020,graduate,0000182,대전신학대학교,대전,사립,대학원,108,10,9.3,,,,2,3,Y,2026-08-15T04:17:46.259Z
2020,graduate,0000080,목원대학교,대전,사립,대학원,878,65,7.4,,,,3,4,Y,2026-08-15T04:17:46.259Z
2020,graduate,0000081,배재대학교,대전,사립,대학원,596,48,8.1,,,,3,4,Y,2026-08-15T04:17:46.259Z
2020,graduate,0000184,우송대학교,대전,사립,대학원,679,34,5,,,,6,7,Y,2026-08-15T04:17:46.259Z
2020,graduate,0000551,한국침례신학대학교,대전,사립,대학원,728,63,8.7,,,,5,5,Y,2026-08-15T04:17:46.259Z
2020,graduate,0000145,한남대학교,대전,사립,대학원,1188,65,5.5,,,,5,7,Y,2026-08-15T04:17:46.259Z
2020,graduate,0000043,경성대학교,부산,사립,대학원,644,46,7.1,,,,3,4,Y,2026-08-15T04:17:46.259Z
2020,graduate,0000050,고신대학교,부산,사립,대학원,1175,103,8.8,,,,7,9,Y,2026-08-15T04:17:46.259Z
2020,graduate,0000180,동명대학교,부산,사립,대학원,340,16,4.7,,,,2,4,Y,2026-08-15T04:17:46.259Z
2020,graduate,0000073,동서대학교,부산,사립,대학원,371,21,5.7,,,,3,4,Y,2026-08-15T04:17:46.259Z
2020,graduate,0000075,동아대학교,부산,사립,대학원,2230,161,7.2,,,,7,11,Y,2026-08-15T04:17:46.259Z
2020,graduate,0000077,동의대학교,부산,사립,대학원,989,63,6.4,,,,7,8,Y,2026-08-15T04:17:46.259Z
2020,graduate,0000082,부산가톨릭대학교,부산,사립,대학원,148,9,6.1,,,,1,2,Y,2026-08-15T04:17:46.259Z
2020,graduate,0000083,부산외국어대학교,부산,사립,대학원,576,49,8.5,,,,5,7,Y,2026-08-15T04:17:46.259Z
2020,graduate,0000106,신라대학교,부산,사립,대학원,784,61,7.8,,,,6,7,Y,2026-08-15T04:17:46.259Z
2020,graduate,0000035,감리교신학대학교,서울,사립,대학원,871,40,4.6,,,,3,4,Y,2026-08-15T04:17:46.259Z
2020,graduate,0000037,건국대학교,서울,사립,대학원,6195,257,4.1,,,,17,22,Y,2026-08-15T04:17:46.259Z
2020,graduate,0000047,경희대학교,서울,사립,대학원,8327,416,5,,,,15,19,Y,2026-08-15T04:17:46.259Z
2020,graduate,0000049,고려대학교,서울,사립,대학원,10213,406,4,,,,23,35,Y,2026-08-15T04:17:46.259Z
2020,graduate,0000053,광운대학교,서울,사립,대학원,1565,79,5,,,,7,9,Y,2026-08-15T04:17:46.259Z
2020,graduate,0000056,국민대학교,서울,사립,대학원,3466,179,5.2,,,,15,22,Y,2026-08-15T04:17:46.259Z
2020,graduate,0000070,덕성여자대학교,서울,사립,대학원,365,22,6,,,,3,5,Y,2026-08-15T04:17:46.259Z
2020,graduate,0000071,동국대학교,서울,사립,대학원,4890,307,6.3,,,,16,20,Y,2026-08-15T04:17:46.259Z
2020,graduate,0000072,동덕여자대학교,서울,사립,대학원,217,14,6.5,,,,4,7,Y,2026-08-15T04:17:46.259Z
2020,graduate,0000131,백석대학교,서울,사립,대학원,2769,200,7.2,,,,7,9,Y,2026-08-15T04:17:46.259Z
2020,graduate,0000084,삼육대학교,서울,사립,대학원,533,31,5.8,,,,4,6,Y,2026-08-15T04:17:46.259Z
2020,graduate,0000085,상명대학교,서울,사립,대학원,1590,100,6.3,,,,6,10,Y,2026-08-15T04:17:46.259Z
2020,graduate,0000087,서강대학교,서울,사립,대학원,3205,135,4.2,,,,11,17,Y,2026-08-15T04:17:46.259Z
2020,graduate,0000088,서경대학교,서울,사립,대학원,568,16,2.8,,,,4,5,Y,2026-08-15T04:17:46.259Z
2020,graduate,0000069,서울기독대학교,서울,사립,대학원,227,13,5.7,,,,6,6,Y,2026-08-15T04:17:46.259Z
2020,graduate,0000091,서울여자대학교,서울,사립,대학원,275,8,2.9,,,,3,5,Y,2026-08-15T04:17:46.259Z
2020,graduate,0000539,서울한영대학교,서울,사립,대학원,267,18,6.7,,,,3,4,Y,2026-08-15T04:17:46.259Z
2020,graduate,0000096,성공회대학교,서울,사립,대학원,337,16,4.7,,,,7,7,Y,2026-08-15T04:17:46.259Z
2020,graduate,0000097,성균관대학교,서울,사립,대학원,8510,620,7.3,,,,18,26,Y,2026-08-15T04:17:46.259Z
2020,graduate,0000098,성신여자대학교,서울,사립,대학원,843,35,4.2,,,,5,7,Y,2026-08-15T04:17:46.259Z
2020,graduate,0000100,세종대학교,서울,사립,대학원,2796,187,6.7,,,,7,9,Y,2026-08-15T04:17:46.259Z
2020,graduate,0000103,숙명여자대학교,서울,사립,대학원,2802,163,5.8,,,,10,12,Y,2026-08-15T04:17:46.259Z
2020,graduate,0000105,숭실대학교,서울,사립,대학원,2803,153,5.5,,,,8,9,Y,2026-08-15T04:17:46.259Z
2020,graduate,0000110,연세대학교,서울,사립,대학원,13902,602,4.3,,,,20,33,Y,2026-08-15T04:17:46.259Z
2020,graduate,0000121,이화여자대학교,서울,사립,대학원,5882,264,4.5,,,,14,20,Y,2026-08-15T04:17:46.259Z
2020,graduate,0000125,장로회신학대학교,서울,사립,대학원,1753,60,3.4,,,,6,8,Y,2026-08-15T04:17:46.259Z
2020,graduate,0000129,중앙대학교,서울,사립,대학원,6351,334,5.3,,,,18,23,Y,2026-08-15T04:17:46.259Z
2020,graduate,0000133,총신대학교,서울,사립,대학원,2362,73,3.1,,,,9,10,Y,2026-08-15T04:17:46.259Z
2020,graduate,0000134,추계예술대학교,서울,사립,대학원,189,8,4.2,,,,3,4,Y,2026-08-15T04:17:46.259Z
2020,graduate,0000525,케이씨대학교,서울,사립,대학원,174,19,10.9,,,,4,5,Y,2026-08-15T04:17:46.259Z
2020,graduate,0000142,한국성서대학교,서울,사립,대학원,221,15,6.8,,,,4,6,Y,2026-08-15T04:17:46.259Z
2020,graduate,0000143,한국외국어대학교,서울,사립,대학원,3529,206,5.8,,,,9,15,Y,2026-08-15T04:17:46.259Z
2020,graduate,0000150,한성대학교,서울,사립,대학원,960,49,5.1,,,,8,9,Y,2026-08-15T04:17:46.259Z
2020,graduate,0000153,한양대학교,서울,사립,대학원,9245,498,5.4,,,,19,29,Y,2026-08-15T04:17:46.259Z
2020,graduate,0000160,홍익대학교,서울,사립,대학원,4832,215,4.4,,,,15,18,Y,2026-08-15T04:17:46.259Z
2020,graduate,0000066,대전가톨릭대학교,세종,사립,대학원,46,2,4.3,,,,1,1,Y,2026-08-15T04:17:46.259Z
2020,graduate,0000117,울산대학교,울산,사립,대학원,2268,98,4.3,,,,5,7,Y,2026-08-15T04:17:46.259Z
2020,graduate,0000123,인천가톨릭대학교,인천,사립,대학원,111,9,8.1,,,,2,2,Y,2026-08-15T04:17:46.259Z
2020,graduate,0000124,인하대학교,인천,사립,대학원,3193,195,6.1,,,,10,14,Y,2026-08-15T04:17:46.259Z
2020,graduate,0000054,광주가톨릭대학교,전남,사립,대학원,33,1,3,,,,1,1,Y,2026-08-15T04:17:46.259Z
2020,graduate,0000074,동신대학교,전남,사립,대학원,631,40,6.3,,,,3,4,Y,2026-08-15T04:17:46.259Z
2020,graduate,0000064,세한대학교,전남,사립,대학원,253,10,4,,,,1,3,Y,2026-08-15T04:17:46.259Z
2020,graduate,0000190,초당대학교,전남,사립,대학원,203,11,5.4,,,,2,3,Y,2026-08-15T04:17:46.259Z
2020,graduate,0000186,한려대학교,전남,사립,대학원,29,0,0,,,,4,5,Y,2026-08-15T04:17:46.259Z
2020,graduate,0000173,예수대학교,전북,사립,대학원,8,0,0,,,,1,1,Y,2026-08-15T04:17:46.259Z
2020,graduate,0000164,예원예술대학교,전북,사립,대학원,898,159,17.7,,,,3,3,Y,2026-08-15T04:17:46.259Z
2020,graduate,0000116,우석대학교,전북,사립,대학원,1117,40,3.6,,,,4,5,Y,2026-08-15T04:17:46.259Z
2020,graduate,0000118,원광대학교,전북,사립,대학원,1587,92,5.8,,,,6,9,Y,2026-08-15T04:17:46.259Z
2020,graduate,0000126,전주대학교,전북,사립,대학원,1209,67,5.5,,,,7,8,Y,2026-08-15T04:17:46.259Z
2020,graduate,0000155,한일장신대학교,전북,사립,대학원,426,18,4.2,,,,6,6,Y,2026-08-15T04:17:46.259Z
2020,graduate,0000192,제주국제대학교,제주,사립,대학원,195,16,8.2,,,,4,5,Y,2026-08-15T04:17:46.259Z
2020,graduate,0000169,금강대학교,충남,사립,대학원,18,2,11.1,,,,1,2,Y,2026-08-15T04:17:46.259Z
2020,graduate,0000059,나사렛대학교,충남,사립,대학원,725,12,1.7,,,,5,6,Y,2026-08-15T04:17:46.259Z
2020,graduate,0000189,남서울대학교,충남,사립,대학원,619,50,8.1,,,,3,4,Y,2026-08-15T04:17:46.259Z
2020,graduate,0000094,선문대학교,충남,사립,대학원,289,31,10.7,,,,3,4,Y,2026-08-15T04:17:46.259Z
2020,graduate,0000104,순천향대학교,충남,사립,대학원,1120,66,5.9,,,,6,7,Y,2026-08-15T04:17:46.259Z
2020,graduate,0000128,중부대학교,충남,사립,대학원,1402,69,4.9,,,,4,4,Y,2026-08-15T04:17:46.259Z
2020,graduate,0000225,청운대학교,충남,사립,대학원,280,13,4.6,,,,1,1,Y,2026-08-15T04:17:46.259Z
2020,graduate,0000141,한국기술교육대학교,충남,사립,대학원,472,35,7.4,,,,3,7,Y,2026-08-15T04:17:46.259Z
2020,graduate,0000149,한서대학교,충남,사립,대학원,554,41,7.4,,,,5,7,Y,2026-08-15T04:17:46.259Z
2020,graduate,0000159,호서대학교,충남,사립,대학원,1767,137,7.8,,,,10,15,Y,2026-08-15T04:17:46.259Z
2020,graduate,0000557,가톨릭꽃동네대학교,충북,사립,대학원,84,15,17.9,,,,1,1,Y,2026-08-15T04:17:46.259Z
2020,graduate,0000058,극동대학교,충북,사립,대학원,115,7,6.1,,,,5,6,Y,2026-08-15T04:17:46.259Z
2020,graduate,0000093,서원대학교,충북,사립,대학원,228,33,14.5,,,,2,2,Y,2026-08-15T04:17:46.259Z
2020,graduate,0000099,세명대학교,충북,사립,대학원,304,23,7.6,,,,3,4,Y,2026-08-15T04:17:46.259Z
2020,graduate,0000113,유원대학교,충북,사립,대학원,97,5,5.2,,,,1,1,Y,2026-08-15T04:17:46.259Z
2020,graduate,0000183,중원대학교,충북,사립,대학원,255,30,11.8,,,,3,4,Y,2026-08-15T04:17:46.259Z
2020,graduate,0000132,청주대학교,충북,사립,대학원,706,21,3,,,,5,6,Y,2026-08-15T04:17:46.259Z
2020,combined,0000513,가톨릭관동대학교,강원,사립,대학,12826,983,7.7,2236,142,6.4,1,5,Y,2026-08-15T04:17:46.259Z
2020,combined,0000041,경동대학교,강원,사립,대학,9844,486,4.9,1991,87,4.4,4,0,Y,2026-08-15T04:17:46.259Z
2020,combined,0000086,상지대학교,강원,사립,대학,10043,631,6.3,2304,152,6.6,1,6,Y,2026-08-15T04:17:46.259Z
2020,combined,0000147,한라대학교,강원,사립,대학,5337,302,5.7,938,36,3.8,1,1,Y,2026-08-15T04:17:46.259Z
2020,combined,0000148,한림대학교,강원,사립,대학,11567,504,4.4,1825,102,5.6,1,9,Y,2026-08-15T04:17:46.259Z
2020,combined,0000044,가천대학교,경기,사립,대학,28126,1048,3.7,4186,290,6.9,1,11,Y,2026-08-15T04:17:46.259Z
2020,combined,0000034,가톨릭대학교,경기,사립,대학,13459,502,3.7,1832,146,8,3,21,Y,2026-08-15T04:17:46.259Z
2020,combined,0000036,강남대학교,경기,사립,대학,9399,614,6.5,1616,149,9.2,1,5,Y,2026-08-15T04:17:46.259Z
2020,combined,0000039,경기대학교,경기,사립,대학,21396,818,3.8,3398,257,7.6,2,13,Y,2026-08-15T04:17:46.259Z
2020,combined,0000060,단국대학교,경기,사립,대학,35195,1382,3.9,5104,377,7.4,2,16,Y,2026-08-15T04:17:46.259Z
2020,combined,0000068,대진대학교,경기,사립,대학,10791,583,5.4,1920,180,9.4,1,5,Y,2026-08-15T04:17:46.259Z
2020,combined,0000078,루터대학교,경기,사립,대학,462,19,4.1,87,4,4.6,1,1,Y,2026-08-15T04:17:46.259Z
2020,combined,0000079,명지대학교,경기,사립,대학,21981,890,4,3179,230,7.2,2,12,Y,2026-08-15T04:17:46.259Z
2020,combined,0000090,서울신학대학교,경기,사립,대학,3804,197,5.2,534,31,5.8,1,8,Y,2026-08-15T04:17:46.259Z
2020,combined,0000092,서울장신대학교,경기,사립,대학,992,56,5.6,119,10,8.4,1,9,Y,2026-08-15T04:17:46.259Z
2020,combined,0000095,성결대학교,경기,사립,대학,7623,366,4.8,1303,90,6.9,1,7,Y,2026-08-15T04:17:46.259Z
2020,combined,0000101,수원가톨릭대학교,경기,사립,대학,229,10,4.4,35,2,5.7,1,1,Y,2026-08-15T04:17:46.259Z
2020,combined,0000102,수원대학교,경기,사립,대학,13421,856,6.4,2327,219,9.4,1,14,Y,2026-08-15T04:17:46.259Z
2020,combined,0000178,신경대학교,경기,사립,대학,1026,151,14.7,163,15,9.2,1,0,Y,2026-08-15T04:17:46.259Z
2020,combined,0000509,신한대학교,경기,사립,대학,8804,369,4.2,1577,59,3.7,2,3,Y,2026-08-15T04:17:46.259Z
2020,combined,0000558,아신대학교,경기,사립,대학,1628,186,11.4,155,24,15.5,1,8,Y,2026-08-15T04:17:46.259Z
2020,combined,0000108,아주대학교,경기,사립,대학,18137,689,3.8,2179,162,7.4,1,16,Y,2026-08-15T04:17:46.259Z
2020,combined,0000109,안양대학교,경기,사립,대학,7250,384,5.3,1194,108,9,2,8,Y,2026-08-15T04:17:46.259Z
2020,combined,0000115,용인대학교,경기,사립,대학,9321,701,7.5,1654,174,10.5,1,9,Y,2026-08-15T04:17:46.259Z
2020,combined,0000130,중앙승가대학교,경기,사립,대학,248,15,6,39,7,17.9,1,2,Y,2026-08-15T04:17:46.259Z
2020,combined,0000139,차의과학대학교,경기,사립,대학,4122,143,3.5,498,26,5.2,1,11,Y,2026-08-15T04:17:46.259Z
2020,combined,0000136,칼빈대학교,경기,사립,대학,1320,153,11.6,115,9,7.8,1,4,Y,2026-08-15T04:17:46.259Z
2020,combined,0000138,평택대학교,경기,사립,대학,5318,421,7.9,959,72,7.5,1,8,Y,2026-08-15T04:17:46.259Z
2020,combined,0000191,한국산업기술대학교,경기,사립,대학,10041,488,4.9,1701,117,6.9,1,5,Y,2026-08-15T04:17:46.259Z
2020,combined,0000144,한국항공대학교,경기,사립,대학,6385,258,4,928,79,8.5,1,4,Y,2026-08-15T04:17:46.259Z
2020,combined,0000151,한세대학교,경기,사립,대학,4100,221,5.4,616,51,8.3,1,4,Y,2026-08-15T04:17:46.259Z
2020,combined,0000152,한신대학교,경기,사립,대학,7860,356,4.5,1274,72,5.7,1,7,Y,2026-08-15T04:17:46.259Z
2020,combined,0000156,협성대학교,경기,사립,대학,6084,383,6.3,1062,67,6.3,1,5,Y,2026-08-15T04:17:46.259Z
2020,combined,0000032,가야대학교,경남,사립,대학,3043,228,7.5,496,30,6,2,4,Y,2026-08-15T04:17:46.259Z
2020,combined,0000040,경남대학교,경남,사립,대학,17839,974,5.5,2889,123,4.3,1,5,Y,2026-08-15T04:17:46.259Z
2020,combined,0000167,부산장신대학교,경남,사립,대학,492,36,7.3,49,3,6.1,1,5,Y,2026-08-15T04:17:46.259Z
2020,combined,0000181,영산대학교,경남,사립,대학,361,22,6.1,0,0,,2,7,Y,2026-08-15T04:17:46.259Z
2020,combined,0000122,인제대학교,경남,사립,대학,13722,728,5.3,2272,111,4.9,2,8,Y,2026-08-15T04:17:46.259Z
2020,combined,0000193,창신대학교,경남,사립,대학,2637,140,5.3,523,37,7.1,1,4,Y,2026-08-15T04:17:46.259Z
2020,combined,0000174,한국국제대학교,경남,사립,대학,2497,466,18.7,179,33,18.4,1,0,Y,2026-08-15T04:17:46.259Z
2020,combined,0000188,경운대학교,경북,사립,대학,6243,509,8.2,1227,46,3.7,1,4,Y,2026-08-15T04:17:46.259Z
2020,combined,0000045,경일대학교,경북,사립,대학,9705,705,7.3,1772,86,4.9,1,3,Y,2026-08-15T04:17:46.259Z
2020,combined,0000046,경주대학교,경북,사립,대학,1678,332,19.8,185,37,20,1,3,Y,2026-08-15T04:17:46.259Z
2020,combined,0000185,김천대학교,경북,사립,대학,3959,397,10,731,134,18.3,1,1,Y,2026-08-15T04:17:46.259Z
2020,combined,0000063,대구가톨릭대학교,경북,사립,대학,18348,1019,5.6,3039,175,5.8,1,12,Y,2026-08-15T04:17:46.259Z
2020,combined,0000061,대구대학교,경북,사립,대학,26029,1527,5.9,4482,226,5,1,7,Y,2026-08-15T04:17:46.259Z
2020,combined,0000062,대구예술대학교,경북,사립,대학,1530,179,11.7,236,22,9.3,1,0,Y,2026-08-15T04:17:46.259Z
2020,combined,0000042,대구한의대학교,경북,사립,대학,9075,587,6.5,1707,181,10.6,1,5,Y,2026-08-15T04:17:46.259Z
2020,combined,0000065,대신대학교,경북,사립,대학,962,125,13,116,12,10.3,1,3,Y,2026-08-15T04:17:46.259Z
2020,combined,0000076,동양대학교,경북,사립,대학,5928,470,7.9,1057,63,6,2,4,Y,2026-08-15T04:17:46.259Z
2020,combined,0000111,영남대학교,경북,사립,대학,32298,1329,4.1,4931,278,5.6,1,13,Y,2026-08-15T04:17:46.259Z
2020,combined,0000112,영남신학대학교,경북,사립,대학,938,81,8.6,118,9,7.6,1,6,Y,2026-08-15T04:17:46.259Z
2020,combined,0000119,위덕대학교,경북,사립,대학,4112,529,12.9,783,172,22,1,6,Y,2026-08-15T04:17:46.259Z
2020,combined,0000140,포항공과대학교,경북,사립,대학,3424,74,2.2,330,5,1.5,1,3,Y,2026-08-15T04:17:46.259Z
2020,combined,0000146,한동대학교,경북,사립,대학,5844,155,2.7,821,19,2.3,1,9,Y,2026-08-15T04:17:46.259Z
2020,combined,0000052,광신대학교,광주,사립,대학,1141,100,8.8,130,23,17.7,1,8,Y,2026-08-15T04:17:46.259Z
2020,combined,0000176,광주대학교,광주,사립,대학,9536,741,7.8,1721,79,4.6,1,5,Y,2026-08-15T04:17:46.259Z
2020,combined,0000055,광주여자대학교,광주,사립,대학,4219,212,5,990,49,4.9,1,4,Y,2026-08-15T04:17:46.259Z
2020,combined,0000162,남부대학교,광주,사립,대학,4190,287,6.8,768,69,9,1,4,Y,2026-08-15T04:17:46.259Z
2020,combined,0000187,송원대학교,광주,사립,대학,4026,507,12.6,793,143,18,1,1,Y,2026-08-15T04:17:46.259Z
2020,combined,0000127,조선대학교,광주,사립,대학,29233,1478,5.1,4744,240,5.1,1,10,Y,2026-08-15T04:17:46.259Z
2020,combined,0000157,호남대학교,광주,사립,대학,10283,637,6.2,1703,66,3.9,1,4,Y,2026-08-15T04:17:46.259Z
2020,combined,0000158,호남신학대학교,광주,사립,대학,1418,57,4,139,14,10.1,1,6,Y,2026-08-15T04:17:46.259Z
2020,combined,0000048,계명대학교,대구,사립,대학,33029,1571,4.8,4948,208,4.2,1,12,Y,2026-08-15T04:17:46.259Z
2020,combined,0000067,대전대학교,대전,사립,대학,13406,816,6.1,2209,136,6.2,1,5,Y,2026-08-15T04:17:46.259Z
2020,combined,0000182,대전신학대학교,대전,사립,대학,210,18,8.6,16,1,6.3,1,3,Y,2026-08-15T04:17:46.259Z
2020,combined,0000080,목원대학교,대전,사립,대학,11218,691,6.2,1973,87,4.4,1,4,Y,2026-08-15T04:17:46.259Z
2020,combined,0000081,배재대학교,대전,사립,대학,11534,699,6.1,2197,134,6.1,1,4,Y,2026-08-15T04:17:46.259Z
2020,combined,0000184,우송대학교,대전,사립,대학,13448,604,4.5,2174,90,4.1,1,7,Y,2026-08-15T04:17:46.259Z
2020,combined,0000120,을지대학교,대전,사립,대학,6018,191,3.2,1096,69,6.3,3,5,Y,2026-08-15T04:17:46.259Z
2020,combined,0000551,한국침례신학대학교,대전,사립,대학,2302,174,7.6,291,20,6.9,1,5,Y,2026-08-15T04:17:46.259Z
2020,combined,0000145,한남대학교,대전,사립,대학,16626,817,4.9,2849,142,5,1,7,Y,2026-08-15T04:17:46.259Z
2020,combined,0000043,경성대학교,부산,사립,대학,17475,892,5.1,3062,171,5.6,1,4,Y,2026-08-15T04:17:46.259Z
2020,combined,0000050,고신대학교,부산,사립,대학,5959,417,7,928,44,4.7,1,9,Y,2026-08-15T04:17:46.259Z
2020,combined,0000180,동명대학교,부산,사립,대학,12086,746,6.2,2027,100,4.9,1,4,Y,2026-08-15T04:17:46.259Z
2020,combined,0000073,동서대학교,부산,사립,대학,14800,886,6,2542,108,4.2,1,4,Y,2026-08-15T04:17:46.259Z
2020,combined,0000075,동아대학교,부산,사립,대학,27900,1223,4.4,4370,217,5,1,11,Y,2026-08-15T04:17:46.259Z
2020,combined,0000077,동의대학교,부산,사립,대학,22046,1136,5.2,3865,152,3.9,1,8,Y,2026-08-15T04:17:46.259Z
2020,combined,0000082,부산가톨릭대학교,부산,사립,대학,4963,232,4.7,937,33,3.5,1,2,Y,2026-08-15T04:17:46.259Z
2020,combined,0000083,부산외국어대학교,부산,사립,대학,12263,802,6.5,1954,119,6.1,1,7,Y,2026-08-15T04:17:46.259Z
2020,combined,0000106,신라대학교,부산,사립,대학,12436,818,6.6,2069,114,5.5,1,7,Y,2026-08-15T04:17:46.259Z
2020,combined,0000035,감리교신학대학교,서울,사립,대학,1977,82,4.1,198,4,2,1,4,Y,2026-08-15T04:17:46.259Z
2020,combined,0000037,건국대학교,서울,사립,대학,39857,1306,3.3,5207,414,8,2,22,Y,2026-08-15T04:17:46.259Z
2020,combined,0000047,경희대학교,서울,사립,대학,43037,1549,3.6,5739,483,8.4,1,19,Y,2026-08-15T04:17:46.259Z
2020,combined,0000049,고려대학교,서울,사립,대학,47315,1589,3.4,5844,407,7,2,35,Y,2026-08-15T04:17:46.259Z
2020,combined,0000053,광운대학교,서울,사립,대학,13236,540,4.1,2024,194,9.6,1,9,Y,2026-08-15T04:17:46.259Z
2020,combined,0000056,국민대학교,서울,사립,대학,25543,894,3.5,3393,246,7.3,1,22,Y,2026-08-15T04:17:46.259Z
2020,combined,0000070,덕성여자대학교,서울,사립,대학,7329,243,3.3,1107,74,6.7,1,5,Y,2026-08-15T04:17:46.259Z
2020,combined,0000071,동국대학교,서울,사립,대학,34710,1472,4.2,5129,386,7.5,2,20,Y,2026-08-15T04:17:46.259Z
2020,combined,0000072,동덕여자대학교,서울,사립,대학,8267,299,3.6,1663,148,8.9,1,7,Y,2026-08-15T04:17:46.259Z
2020,combined,0000084,삼육대학교,서울,사립,대학,7799,294,3.8,1275,74,5.8,1,6,Y,2026-08-15T04:17:46.259Z
2020,combined,0000085,상명대학교,서울,사립,대학,18641,773,4.1,2957,199,6.7,2,10,Y,2026-08-15T04:17:46.259Z
2020,combined,0000087,서강대학교,서울,사립,대학,15295,515,3.4,1866,220,11.8,1,17,Y,2026-08-15T04:17:46.259Z
2020,combined,0000088,서경대학교,서울,사립,대학,9150,469,5.1,1532,133,8.7,1,5,Y,2026-08-15T04:17:46.259Z
2020,combined,0000069,서울기독대학교,서울,사립,대학,843,79,9.4,128,12,9.4,1,6,Y,2026-08-15T04:17:46.259Z
2020,combined,0000091,서울여자대학교,서울,사립,대학,8961,416,4.6,1711,213,12.4,1,5,Y,2026-08-15T04:17:46.259Z
2020,combined,0000539,서울한영대학교,서울,사립,대학,1186,97,8.2,202,23,11.4,1,4,Y,2026-08-15T04:17:46.259Z
2020,combined,0000096,성공회대학교,서울,사립,대학,3251,173,5.3,529,43,8.1,1,7,Y,2026-08-15T04:17:46.259Z
2020,combined,0000097,성균관대학교,서울,사립,대학,34421,1537,4.5,4087,384,9.4,1,26,Y,2026-08-15T04:17:46.259Z
2020,combined,0000098,성신여자대학교,서울,사립,대학,11582,370,3.2,2226,183,8.2,1,7,Y,2026-08-15T04:17:46.259Z
2020,combined,0000100,세종대학교,서울,사립,대학,19023,953,5,2771,337,12.2,1,9,Y,2026-08-15T04:17:46.259Z
2020,combined,0000103,숙명여자대학교,서울,사립,대학,14896,461,3.1,2407,157,6.5,1,12,Y,2026-08-15T04:17:46.259Z
2020,combined,0000105,숭실대학교,서울,사립,대학,22199,727,3.3,3172,279,8.8,1,9,Y,2026-08-15T04:17:46.259Z
2020,combined,0000110,연세대학교,서울,사립,대학,50448,1503,3,5682,350,6.2,2,33,Y,2026-08-15T04:17:46.259Z
2020,combined,0000121,이화여자대학교,서울,사립,대학,25061,675,2.7,3367,174,5.2,1,20,Y,2026-08-15T04:17:46.259Z
2020,combined,0000125,장로회신학대학교,서울,사립,대학,2646,86,3.3,157,7,4.5,1,8,Y,2026-08-15T04:17:46.259Z
2020,combined,0000129,중앙대학교,서울,사립,대학,38970,1352,3.5,5217,466,8.9,2,23,Y,2026-08-15T04:17:46.259Z
2020,combined,0000133,총신대학교,서울,사립,대학,4443,168,3.8,363,17,4.7,1,10,Y,2026-08-15T04:17:46.259Z
2020,combined,0000134,추계예술대학교,서울,사립,대학,1634,92,5.6,277,27,9.7,1,4,Y,2026-08-15T04:17:46.259Z
2020,combined,0000525,케이씨대학교,서울,사립,대학,1910,151,7.9,303,26,8.6,1,5,Y,2026-08-15T04:17:46.259Z
2020,combined,0000142,한국성서대학교,서울,사립,대학,1463,68,4.6,236,14,5.9,1,6,Y,2026-08-15T04:17:46.259Z
2020,combined,0000143,한국외국어대학교,서울,사립,대학,27125,1116,4.1,3809,389,10.2,1,15,Y,2026-08-15T04:17:46.259Z
2020,combined,0000150,한성대학교,서울,사립,대학,10422,430,4.1,1625,135,8.3,1,9,Y,2026-08-15T04:17:46.259Z
2020,combined,0000153,한양대학교,서울,사립,대학,45458,1535,3.4,5820,470,8.1,2,29,Y,2026-08-15T04:17:46.259Z
2020,combined,0000160,홍익대학교,서울,사립,대학,30867,1236,4,4286,397,9.3,2,18,Y,2026-08-15T04:17:46.259Z
2020,combined,0000066,대전가톨릭대학교,세종,사립,대학,104,8,7.7,14,2,14.3,1,1,Y,2026-08-15T04:17:46.259Z
2020,combined,0000117,울산대학교,울산,사립,대학,19945,883,4.4,2916,141,4.8,1,7,Y,2026-08-15T04:17:46.259Z
2020,combined,0000123,인천가톨릭대학교,인천,사립,대학,940,44,4.7,176,19,10.8,2,2,Y,2026-08-15T04:17:46.259Z
2020,combined,0000124,인하대학교,인천,사립,대학,28808,909,3.2,4005,265,6.6,1,14,Y,2026-08-15T04:17:46.259Z
2020,combined,0000054,광주가톨릭대학교,전남,사립,대학,162,6,3.7,24,0,0,1,1,Y,2026-08-15T04:17:46.259Z
2020,combined,0000074,동신대학교,전남,사립,대학,9002,573,6.4,1547,97,6.3,1,4,Y,2026-08-15T04:17:46.259Z
2020,combined,0000166,목포가톨릭대학교,전남,사립,대학,567,15,2.6,126,1,0.8,1,0,Y,2026-08-15T04:17:46.259Z
2020,combined,0000064,세한대학교,전남,사립,대학,4869,565,11.6,947,92,9.7,1,3,Y,2026-08-15T04:17:46.259Z
2020,combined,0000114,영산선학대학교,전남,사립,대학,47,2,4.3,6,0,0,1,0,Y,2026-08-15T04:17:46.259Z
2020,combined,0000190,초당대학교,전남,사립,대학,4344,439,10.1,793,68,8.6,1,3,Y,2026-08-15T04:17:46.259Z
2020,combined,0000186,한려대학교,전남,사립,대학,483,42,8.7,79,10,12.7,1,5,Y,2026-08-15T04:17:46.259Z
2020,combined,0000173,예수대학교,전북,사립,대학,623,12,1.9,131,8,6.1,1,1,Y,2026-08-15T04:17:46.259Z
2020,combined,0000164,예원예술대학교,전북,사립,대학,2764,363,13.1,478,46,9.6,2,3,Y,2026-08-15T04:17:46.259Z
2020,combined,0000116,우석대학교,전북,사립,대학,10826,698,6.4,1877,99,5.3,1,5,Y,2026-08-15T04:17:46.259Z
2020,combined,0000118,원광대학교,전북,사립,대학,23156,1365,5.9,3697,208,5.6,1,9,Y,2026-08-15T04:17:46.259Z
2020,combined,0000126,전주대학교,전북,사립,대학,16967,893,5.3,2806,112,4,1,8,Y,2026-08-15T04:17:46.259Z
2020,combined,0000155,한일장신대학교,전북,사립,대학,1568,154,9.8,256,35,13.7,1,6,Y,2026-08-15T04:17:46.259Z
2020,combined,0000223,호원대학교,전북,사립,대학,7034,846,12,1385,285,20.6,1,0,Y,2026-08-15T04:17:46.259Z
2020,combined,0000192,제주국제대학교,제주,사립,대학,1681,246,14.6,166,18,10.8,1,5,Y,2026-08-15T04:17:46.259Z
2020,combined,0000038,건양대학교,충남,사립,대학,9460,379,4,1736,83,4.8,2,7,Y,2026-08-15T04:17:46.259Z
2020,combined,0000169,금강대학교,충남,사립,대학,607,76,12.5,90,29,32.2,1,2,Y,2026-08-15T04:17:46.259Z
2020,combined,0000059,나사렛대학교,충남,사립,대학,7555,415,5.5,1353,60,4.4,1,6,Y,2026-08-15T04:17:46.259Z
2020,combined,0000189,남서울대학교,충남,사립,대학,13403,771,5.8,2328,103,4.4,1,4,Y,2026-08-15T04:17:46.259Z
2020,combined,0000131,백석대학교,충남,사립,대학,18592,892,4.8,2966,128,4.3,1,9,Y,2026-08-15T04:17:46.259Z
2020,combined,0000094,선문대학교,충남,사립,대학,13101,782,6,2409,152,6.3,1,4,Y,2026-08-15T04:17:46.259Z
2020,combined,0000104,순천향대학교,충남,사립,대학,15353,648,4.2,2560,174,6.8,1,7,Y,2026-08-15T04:17:46.259Z
2020,combined,0000128,중부대학교,충남,사립,대학,13558,858,6.3,2141,106,5,1,4,Y,2026-08-15T04:17:46.259Z
2020,combined,0000225,청운대학교,충남,사립,대학,8630,664,7.7,1439,128,8.9,1,1,Y,2026-08-15T04:17:46.259Z
2020,combined,0000141,한국기술교육대학교,충남,사립,대학,6650,256,3.8,987,71,7.2,1,7,Y,2026-08-15T04:17:46.259Z
2020,combined,0000149,한서대학교,충남,사립,대학,9831,533,5.4,1713,101,5.9,1,7,Y,2026-08-15T04:17:46.259Z
2020,combined,0000159,호서대학교,충남,사립,대학,18552,925,5,3156,203,6.4,1,15,Y,2026-08-15T04:17:46.259Z
2020,combined,0000557,가톨릭꽃동네대학교,충북,사립,대학,668,28,4.2,112,4,3.6,1,1,Y,2026-08-15T04:17:46.259Z
2020,combined,0000058,극동대학교,충북,사립,대학,5327,265,5,983,53,5.4,1,6,Y,2026-08-15T04:17:46.259Z
2020,combined,0000093,서원대학교,충북,사립,대학,9174,487,5.3,1751,92,5.3,1,2,Y,2026-08-15T04:17:46.259Z
2020,combined,0000099,세명대학교,충북,사립,대학,11048,642,5.8,1994,119,6,1,4,Y,2026-08-15T04:17:46.259Z
2020,combined,0000113,유원대학교,충북,사립,대학,5270,480,9.1,879,71,8.1,1,1,Y,2026-08-15T04:17:46.259Z
2020,combined,0000183,중원대학교,충북,사립,대학,5846,738,12.6,1043,70,6.7,1,4,Y,2026-08-15T04:17:46.259Z
2020,combined,0000132,청주대학교,충북,사립,대학,16847,696,4.1,2849,127,4.5,1,6,Y,2026-08-15T04:17:46.259Z
2021,university,0000513,가톨릭관동대학교,강원,사립,대학,11694,690,5.9,1627,100,6.1,1,0,Y,2026-08-15T04:17:46.259Z
2021,university,0000041,경동대학교,강원,사립,대학,9536,522,5.5,1737,111,6.4,4,0,Y,2026-08-15T04:17:46.259Z
2021,university,0000086,상지대학교,강원,사립,대학,9686,633,6.5,1653,143,8.7,1,0,Y,2026-08-15T04:17:46.259Z
2021,university,0000147,한라대학교,강원,사립,대학,4913,291,5.9,684,39,5.7,1,0,Y,2026-08-15T04:17:46.259Z
2021,university,0000148,한림대학교,강원,사립,대학,10635,483,4.5,1874,119,6.4,1,0,Y,2026-08-15T04:17:46.259Z
2021,university,0000044,가천대학교,경기,사립,대학,25871,941,3.6,4442,289,6.5,1,0,Y,2026-08-15T04:17:46.259Z
2021,university,0000034,가톨릭대학교,경기,사립,대학,10735,348,3.2,1919,135,7,3,0,Y,2026-08-15T04:17:46.259Z
2021,university,0000036,강남대학교,경기,사립,대학,8807,451,5.1,1590,148,9.3,1,0,Y,2026-08-15T04:17:46.259Z
2021,university,0000039,경기대학교,경기,사립,대학,19045,716,3.8,3325,226,6.8,2,0,Y,2026-08-15T04:17:46.259Z
2021,university,0000060,단국대학교,경기,사립,대학,30144,1076,3.6,5097,382,7.5,2,0,Y,2026-08-15T04:17:46.259Z
2021,university,0000068,대진대학교,경기,사립,대학,10225,520,5.1,1927,156,8.1,1,0,Y,2026-08-15T04:17:46.259Z
2021,university,0000078,루터대학교,경기,사립,대학,409,42,10.3,88,16,18.2,1,0,Y,2026-08-15T04:17:46.259Z
2021,university,0000079,명지대학교,경기,사립,대학,19604,768,3.9,3232,202,6.3,2,0,Y,2026-08-15T04:17:46.259Z
2021,university,0000090,서울신학대학교,경기,사립,대학,2714,151,5.6,484,28,5.8,1,0,Y,2026-08-15T04:17:46.259Z
2021,university,0000092,서울장신대학교,경기,사립,대학,517,30,5.8,65,1,1.5,1,0,Y,2026-08-15T04:17:46.259Z
2021,university,0000095,성결대학교,경기,사립,대학,7216,354,4.9,1295,98,7.6,1,0,Y,2026-08-15T04:17:46.259Z
2021,university,0000101,수원가톨릭대학교,경기,사립,대학,181,9,5,38,5,13.2,1,0,Y,2026-08-15T04:17:46.259Z
2021,university,0000102,수원대학교,경기,사립,대학,12168,638,5.2,2248,185,8.2,1,0,Y,2026-08-15T04:17:46.259Z
2021,university,0000178,신경대학교,경기,사립,대학,841,211,25.1,75,4,5.3,1,0,Y,2026-08-15T04:17:46.259Z
2021,university,0000509,신한대학교,경기,사립,대학,8424,345,4.1,1570,74,4.7,2,0,Y,2026-08-15T04:17:46.259Z
2021,university,0000558,아신대학교,경기,사립,대학,725,72,9.9,99,14,14.1,1,0,Y,2026-08-15T04:17:46.259Z
2021,university,0000108,아주대학교,경기,사립,대학,13780,481,3.5,2196,184,8.4,1,0,Y,2026-08-15T04:17:46.259Z
2021,university,0000109,안양대학교,경기,사립,대학,6568,379,5.8,1136,95,8.4,2,0,Y,2026-08-15T04:17:46.259Z
2021,university,0000115,용인대학교,경기,사립,대학,7985,483,6,1338,90,6.7,1,0,Y,2026-08-15T04:17:46.259Z
2021,university,0000130,중앙승가대학교,경기,사립,대학,128,13,10.2,29,7,24.1,1,0,Y,2026-08-15T04:17:46.259Z
2021,university,0000139,차의과학대학교,경기,사립,대학,2703,131,4.8,498,38,7.6,1,0,Y,2026-08-15T04:17:46.259Z
2021,university,0000136,칼빈대학교,경기,사립,대학,668,72,10.8,86,11,12.8,1,0,Y,2026-08-15T04:17:46.259Z
2021,university,0000138,평택대학교,경기,사립,대학,4615,299,6.5,855,48,5.6,1,0,Y,2026-08-15T04:17:46.259Z
2021,university,0000191,한국산업기술대학교,경기,사립,대학,9726,444,4.6,1671,109,6.5,1,0,Y,2026-08-15T04:17:46.259Z
2021,university,0000144,한국항공대학교,경기,사립,대학,5729,191,3.3,996,62,6.2,1,0,Y,2026-08-15T04:17:46.259Z
2021,university,0000151,한세대학교,경기,사립,대학,3318,189,5.7,606,56,9.2,1,0,Y,2026-08-15T04:17:46.259Z
2021,university,0000152,한신대학교,경기,사립,대학,7651,399,5.2,1286,80,6.2,1,0,Y,2026-08-15T04:17:46.259Z
2021,university,0000156,협성대학교,경기,사립,대학,5474,320,5.8,1026,81,7.9,1,0,Y,2026-08-15T04:17:46.259Z
2021,university,0000032,가야대학교,경남,사립,대학,2693,232,8.6,449,59,13.1,2,0,Y,2026-08-15T04:17:46.259Z
2021,university,0000040,경남대학교,경남,사립,대학,15855,1011,6.4,2066,112,5.4,1,0,Y,2026-08-15T04:17:46.259Z
2021,university,0000167,부산장신대학교,경남,사립,대학,233,21,9,32,4,12.5,1,0,Y,2026-08-15T04:17:46.259Z
2021,university,0000181,영산대학교,경남,사립,대학,0,0,,0,0,,2,0,N,2026-08-15T04:17:46.259Z
2021,university,0000122,인제대학교,경남,사립,대학,11610,715,6.2,1720,112,6.5,2,0,Y,2026-08-15T04:17:46.259Z
2021,university,0000193,창신대학교,경남,사립,대학,2370,202,8.5,487,38,7.8,1,0,Y,2026-08-15T04:17:46.259Z
2021,university,0000174,한국국제대학교,경남,사립,대학,1736,356,20.5,147,39,26.5,1,0,Y,2026-08-15T04:17:46.259Z
2021,university,0000188,경운대학교,경북,사립,대학,6095,603,9.9,1208,144,11.9,1,0,Y,2026-08-15T04:17:46.259Z
2021,university,0000045,경일대학교,경북,사립,대학,9470,736,7.8,1740,160,9.2,1,0,Y,2026-08-15T04:17:46.259Z
2021,university,0000046,경주대학교,경북,사립,대학,1101,204,18.5,108,28,25.9,1,0,Y,2026-08-15T04:17:46.259Z
2021,university,0000185,김천대학교,경북,사립,대학,3585,366,10.2,705,139,19.7,1,0,Y,2026-08-15T04:17:46.259Z
2021,university,0000063,대구가톨릭대학교,경북,사립,대학,16095,943,5.9,2537,140,5.5,1,0,Y,2026-08-15T04:17:46.259Z
2021,university,0000061,대구대학교,경북,사립,대학,23167,1360,5.9,3631,186,5.1,1,0,Y,2026-08-15T04:17:46.259Z
2021,university,0000062,대구예술대학교,경북,사립,대학,1261,163,12.9,123,9,7.3,1,0,Y,2026-08-15T04:17:46.259Z
2021,university,0000042,대구한의대학교,경북,사립,대학,8514,749,8.8,1644,361,22,1,0,Y,2026-08-15T04:17:46.259Z
2021,university,0000065,대신대학교,경북,사립,대학,579,27,4.7,116,12,10.3,1,0,Y,2026-08-15T04:17:46.259Z
2021,university,0000076,동양대학교,경북,사립,대학,5227,398,7.6,822,64,7.8,2,0,Y,2026-08-15T04:17:46.259Z
2021,university,0000111,영남대학교,경북,사립,대학,29034,1167,4,4847,233,4.8,1,0,Y,2026-08-15T04:17:46.259Z
2021,university,0000112,영남신학대학교,경북,사립,대학,557,59,10.6,115,26,22.6,1,0,Y,2026-08-15T04:17:46.259Z
2021,university,0000119,위덕대학교,경북,사립,대학,3551,429,12.1,760,122,16.1,1,0,Y,2026-08-15T04:17:46.259Z
2021,university,0000140,포항공과대학교,경북,사립,대학,1695,35,2.1,327,22,6.7,1,0,Y,2026-08-15T04:17:46.259Z
2021,university,0000146,한동대학교,경북,사립,대학,5388,149,2.8,812,21,2.6,1,0,Y,2026-08-15T04:17:46.259Z
2021,university,0000052,광신대학교,광주,사립,대학,560,67,12,123,25,20.3,1,0,Y,2026-08-15T04:17:46.259Z
2021,university,0000176,광주대학교,광주,사립,대학,8674,806,9.3,1558,250,16,1,0,Y,2026-08-15T04:17:46.259Z
2021,university,0000055,광주여자대학교,광주,사립,대학,3991,213,5.3,929,63,6.8,1,0,Y,2026-08-15T04:17:46.259Z
2021,university,0000162,남부대학교,광주,사립,대학,3750,312,8.3,707,97,13.7,1,0,Y,2026-08-15T04:17:46.259Z
2021,university,0000187,송원대학교,광주,사립,대학,3791,514,13.6,785,170,21.7,1,0,Y,2026-08-15T04:17:46.259Z
2021,university,0000127,조선대학교,광주,사립,대학,26553,1348,5.1,4557,269,5.9,1,0,Y,2026-08-15T04:17:46.259Z
2021,university,0000157,호남대학교,광주,사립,대학,9088,608,6.7,1520,91,6,1,0,Y,2026-08-15T04:17:46.259Z
2021,university,0000158,호남신학대학교,광주,사립,대학,791,60,7.6,131,26,19.8,1,0,Y,2026-08-15T04:17:46.259Z
2021,university,0000048,계명대학교,대구,사립,대학,29997,1469,4.9,4935,215,4.4,1,0,Y,2026-08-15T04:17:46.259Z
2021,university,0000067,대전대학교,대전,사립,대학,12241,675,5.5,1966,104,5.3,1,0,Y,2026-08-15T04:17:46.259Z
2021,university,0000182,대전신학대학교,대전,사립,대학,89,7,7.9,12,0,0,1,0,Y,2026-08-15T04:17:46.259Z
2021,university,0000080,목원대학교,대전,사립,대학,9956,577,5.8,1704,107,6.3,1,0,Y,2026-08-15T04:17:46.259Z
2021,university,0000081,배재대학교,대전,사립,대학,10466,798,7.6,1912,179,9.4,1,0,Y,2026-08-15T04:17:46.259Z
2021,university,0000184,우송대학교,대전,사립,대학,12490,629,5,2174,105,4.8,1,0,Y,2026-08-15T04:17:46.259Z
2021,university,0000120,을지대학교,대전,사립,대학,5618,172,3.1,1124,58,5.2,3,0,Y,2026-08-15T04:17:46.259Z
2021,university,0000551,한국침례신학대학교,대전,사립,대학,1367,78,5.7,193,7,3.6,1,0,Y,2026-08-15T04:17:46.259Z
2021,university,0000145,한남대학교,대전,사립,대학,15153,949,6.3,2861,158,5.5,1,0,Y,2026-08-15T04:17:46.259Z
2021,university,0000043,경성대학교,부산,사립,대학,16576,989,6,3007,223,7.4,1,0,Y,2026-08-15T04:17:46.259Z
2021,university,0000050,고신대학교,부산,사립,대학,4554,421,9.2,886,159,17.9,1,0,Y,2026-08-15T04:17:46.259Z
2021,university,0000180,동명대학교,부산,사립,대학,11447,1026,9,1779,321,18,1,0,Y,2026-08-15T04:17:46.259Z
2021,university,0000073,동서대학교,부산,사립,대학,13676,799,5.8,2039,74,3.6,1,0,Y,2026-08-15T04:17:46.259Z
2021,university,0000075,동아대학교,부산,사립,대학,25148,1015,4,4352,199,4.6,1,0,Y,2026-08-15T04:17:46.259Z
2021,university,0000077,동의대학교,부산,사립,대학,20777,1236,5.9,3689,176,4.8,1,0,Y,2026-08-15T04:17:46.259Z
2021,university,0000082,부산가톨릭대학교,부산,사립,대학,4583,241,5.3,818,45,5.5,1,0,Y,2026-08-15T04:17:46.259Z
2021,university,0000083,부산외국어대학교,부산,사립,대학,10934,704,6.4,1586,90,5.7,1,0,Y,2026-08-15T04:17:46.259Z
2021,university,0000106,신라대학교,부산,사립,대학,11015,1039,9.4,1871,299,16,1,0,Y,2026-08-15T04:17:46.259Z
2021,university,0000035,감리교신학대학교,서울,사립,대학,1048,60,5.7,150,5,3.3,1,0,Y,2026-08-15T04:17:46.259Z
2021,university,0000037,건국대학교,서울,사립,대학,33431,1102,3.3,5155,428,8.3,2,0,Y,2026-08-15T04:17:46.259Z
2021,university,0000047,경희대학교,서울,사립,대학,34542,1087,3.1,5838,419,7.2,1,0,Y,2026-08-15T04:17:46.259Z
2021,university,0000049,고려대학교,서울,사립,대학,36490,1309,3.6,6082,545,9,2,0,Y,2026-08-15T04:17:46.259Z
2021,university,0000053,광운대학교,서울,사립,대학,11785,506,4.3,2026,191,9.4,1,0,Y,2026-08-15T04:17:46.259Z
2021,university,0000056,국민대학교,서울,사립,대학,21679,705,3.3,3348,279,8.3,1,0,Y,2026-08-15T04:17:46.259Z
2021,university,0000070,덕성여자대학교,서울,사립,대학,6815,204,3,1118,92,8.2,1,0,Y,2026-08-15T04:17:46.259Z
2021,university,0000071,동국대학교,서울,사립,대학,29223,1101,3.8,4852,403,8.3,2,0,Y,2026-08-15T04:17:46.259Z
2021,university,0000072,동덕여자대학교,서울,사립,대학,8098,257,3.2,1693,148,8.7,1,0,Y,2026-08-15T04:17:46.259Z
2021,university,0000084,삼육대학교,서울,사립,대학,7154,298,4.2,1207,72,6,1,0,Y,2026-08-15T04:17:46.259Z
2021,university,0000085,상명대학교,서울,사립,대학,16951,908,5.4,3054,229,7.5,2,0,Y,2026-08-15T04:17:46.259Z
2021,university,0000087,서강대학교,서울,사립,대학,11949,435,3.6,1804,217,12,1,0,Y,2026-08-15T04:17:46.259Z
2021,university,0000088,서경대학교,서울,사립,대학,8659,418,4.8,1589,122,7.7,1,0,Y,2026-08-15T04:17:46.259Z
2021,university,0000069,서울기독대학교,서울,사립,대학,555,63,11.4,86,11,12.8,1,0,Y,2026-08-15T04:17:46.259Z
2021,university,0000091,서울여자대학교,서울,사립,대학,8637,312,3.6,1749,159,9.1,1,0,Y,2026-08-15T04:17:46.259Z
2021,university,0000539,서울한영대학교,서울,사립,대학,893,61,6.8,176,9,5.1,1,0,Y,2026-08-15T04:17:46.259Z
2021,university,0000096,성공회대학교,서울,사립,대학,2865,136,4.7,533,38,7.1,1,0,Y,2026-08-15T04:17:46.259Z
2021,university,0000097,성균관대학교,서울,사립,대학,25439,853,3.4,3970,409,10.3,1,0,Y,2026-08-15T04:17:46.259Z
2021,university,0000098,성신여자대학교,서울,사립,대학,10918,397,3.6,2434,258,10.6,1,0,Y,2026-08-15T04:17:46.259Z
2021,university,0000100,세종대학교,서울,사립,대학,15955,856,5.4,2816,375,13.3,1,0,Y,2026-08-15T04:17:46.259Z
2021,university,0000103,숙명여자대학교,서울,사립,대학,12065,361,3,2408,193,8,1,0,Y,2026-08-15T04:17:46.259Z
2021,university,0000105,숭실대학교,서울,사립,대학,19290,553,2.9,3204,215,6.7,1,0,Y,2026-08-15T04:17:46.259Z
2021,university,0000110,연세대학교,서울,사립,대학,37006,992,2.7,5898,368,6.2,2,0,Y,2026-08-15T04:17:46.259Z
2021,university,0000121,이화여자대학교,서울,사립,대학,19359,485,2.5,3372,223,6.6,1,0,Y,2026-08-15T04:17:46.259Z
2021,university,0000125,장로회신학대학교,서울,사립,대학,858,32,3.7,152,12,7.9,1,0,Y,2026-08-15T04:17:46.259Z
2021,university,0000129,중앙대학교,서울,사립,대학,32665,1137,3.5,5337,454,8.5,2,0,Y,2026-08-15T04:17:46.259Z
2021,university,0000133,총신대학교,서울,사립,대학,1972,84,4.3,325,20,6.2,1,0,Y,2026-08-15T04:17:46.259Z
2021,university,0000134,추계예술대학교,서울,사립,대학,1427,71,5,263,23,8.7,1,0,Y,2026-08-15T04:17:46.259Z
2021,university,0000525,케이씨대학교,서울,사립,대학,2022,231,11.4,485,102,21,1,0,Y,2026-08-15T04:17:46.259Z
2021,university,0000142,한국성서대학교,서울,사립,대학,1233,57,4.6,239,15,6.3,1,0,Y,2026-08-15T04:17:46.259Z
2021,university,0000143,한국외국어대학교,서울,사립,대학,23145,834,3.6,3820,316,8.3,1,0,Y,2026-08-15T04:17:46.259Z
2021,university,0000150,한성대학교,서울,사립,대학,9469,310,3.3,1646,100,6.1,1,0,Y,2026-08-15T04:17:46.259Z
2021,university,0000153,한양대학교,서울,사립,대학,36213,1120,3.1,5904,479,8.1,2,0,Y,2026-08-15T04:17:46.259Z
2021,university,0000160,홍익대학교,서울,사립,대학,25860,1176,4.5,4187,509,12.2,2,0,Y,2026-08-15T04:17:46.259Z
2021,university,0000066,대전가톨릭대학교,세종,사립,대학,48,1,2.1,8,0,0,1,0,Y,2026-08-15T04:17:46.259Z
2021,university,0000117,울산대학교,울산,사립,대학,17338,799,4.6,2857,158,5.5,1,0,Y,2026-08-15T04:17:46.259Z
2021,university,0000123,인천가톨릭대학교,인천,사립,대학,841,39,4.6,176,17,9.7,2,0,Y,2026-08-15T04:17:46.259Z
2021,university,0000124,인하대학교,인천,사립,대학,25481,863,3.4,4143,344,8.3,1,0,Y,2026-08-15T04:17:46.259Z
2021,university,0000054,광주가톨릭대학교,전남,사립,대학,128,8,6.3,22,1,4.5,1,0,Y,2026-08-15T04:17:46.259Z
2021,university,0000074,동신대학교,전남,사립,대학,8098,820,10.1,1489,325,21.8,1,0,Y,2026-08-15T04:17:46.259Z
2021,university,0000166,목포가톨릭대학교,전남,사립,대학,570,17,3,124,3,2.4,1,0,Y,2026-08-15T04:17:46.259Z
2021,university,0000064,세한대학교,전남,사립,대학,4653,585,12.6,858,118,13.8,1,0,Y,2026-08-15T04:17:46.259Z
2021,university,0000114,영산선학대학교,전남,사립,대학,52,4,7.7,7,0,0,1,0,Y,2026-08-15T04:17:46.259Z
2021,university,0000190,초당대학교,전남,사립,대학,4083,543,13.3,784,162,20.7,1,0,Y,2026-08-15T04:17:46.259Z
2021,university,0000186,한려대학교,전남,사립,대학,424,25,5.9,60,3,5,1,0,Y,2026-08-15T04:17:46.259Z
2021,university,0000173,예수대학교,전북,사립,대학,593,13,2.2,129,7,5.4,1,0,Y,2026-08-15T04:17:46.259Z
2021,university,0000164,예원예술대학교,전북,사립,대학,1884,223,11.8,328,53,16.2,2,0,Y,2026-08-15T04:17:46.259Z
2021,university,0000116,우석대학교,전북,사립,대학,9445,749,7.9,1537,129,8.4,1,0,Y,2026-08-15T04:17:46.259Z
2021,university,0000118,원광대학교,전북,사립,대학,20622,1309,6.3,2962,185,6.2,1,0,Y,2026-08-15T04:17:46.259Z
2021,university,0000126,전주대학교,전북,사립,대학,15618,891,5.7,2647,128,4.8,1,0,Y,2026-08-15T04:17:46.259Z
2021,university,0000155,한일장신대학교,전북,사립,대학,1068,107,10,197,18,9.1,1,0,Y,2026-08-15T04:17:46.259Z
2021,university,0000223,호원대학교,전북,사립,대학,6700,723,10.8,1217,144,11.8,1,0,Y,2026-08-15T04:17:46.259Z
2021,university,0000192,제주국제대학교,제주,사립,대학,1154,218,18.9,112,34,30.4,1,0,Y,2026-08-15T04:17:46.259Z
2021,university,0000038,건양대학교,충남,사립,대학,8459,395,4.7,1587,97,6.1,2,0,Y,2026-08-15T04:17:46.259Z
2021,university,0000169,금강대학교,충남,사립,대학,443,54,12.2,29,9,31,1,0,Y,2026-08-15T04:17:46.259Z
2021,university,0000059,나사렛대학교,충남,사립,대학,6587,376,5.7,1242,56,4.5,1,0,Y,2026-08-15T04:17:46.259Z
2021,university,0000189,남서울대학교,충남,사립,대학,12556,676,5.4,2367,118,5,1,0,Y,2026-08-15T04:17:46.259Z
2021,university,0000131,백석대학교,충남,사립,대학,15678,777,5,3211,174,5.4,1,0,Y,2026-08-15T04:17:46.259Z
2021,university,0000094,선문대학교,충남,사립,대학,12775,724,5.7,2369,194,8.2,1,0,Y,2026-08-15T04:17:46.259Z
2021,university,0000104,순천향대학교,충남,사립,대학,14075,647,4.6,2636,186,7.1,1,0,Y,2026-08-15T04:17:46.259Z
2021,university,0000128,중부대학교,충남,사립,대학,11857,988,8.3,1873,116,6.2,1,0,Y,2026-08-15T04:17:46.259Z
2021,university,0000225,청운대학교,충남,사립,대학,7839,535,6.8,1162,102,8.8,1,0,Y,2026-08-15T04:17:46.259Z
2021,university,0000141,한국기술교육대학교,충남,사립,대학,6012,239,4,986,68,6.9,1,0,Y,2026-08-15T04:17:46.259Z
2021,university,0000149,한서대학교,충남,사립,대학,9190,606,6.6,1628,168,10.3,1,0,Y,2026-08-15T04:17:46.259Z
2021,university,0000159,호서대학교,충남,사립,대학,16469,820,5,3041,211,6.9,1,0,Y,2026-08-15T04:17:46.259Z
2021,university,0000557,가톨릭꽃동네대학교,충북,사립,대학,567,13,2.3,108,5,4.6,1,0,Y,2026-08-15T04:17:46.259Z
2021,university,0000058,극동대학교,충북,사립,대학,4843,323,6.7,621,21,3.4,1,0,Y,2026-08-15T04:17:46.259Z
2021,university,0000093,서원대학교,충북,사립,대학,8733,516,5.9,1663,109,6.6,1,0,Y,2026-08-15T04:17:46.259Z
2021,university,0000099,세명대학교,충북,사립,대학,10077,626,6.2,1533,106,6.9,1,0,Y,2026-08-15T04:17:46.259Z
2021,university,0000113,유원대학교,충북,사립,대학,4881,465,9.5,732,43,5.9,1,0,Y,2026-08-15T04:17:46.259Z
2021,university,0000183,중원대학교,충북,사립,대학,5216,699,13.4,899,113,12.6,1,0,Y,2026-08-15T04:17:46.259Z
2021,university,0000132,청주대학교,충북,사립,대학,15930,681,4.3,2760,122,4.4,1,0,Y,2026-08-15T04:17:46.259Z
2021,junior-college,0000347,강릉영동대학교,강원,사립,전문대학,4258,146,3.4,831,47,5.7,1,0,Y,2026-08-15T04:17:46.259Z
2021,junior-college,0000378,강원관광대학교,강원,사립,전문대학,718,534,74.4,124,8,6.5,1,0,Y,2026-08-15T04:17:46.259Z
2021,junior-college,0000348,세경대학교,강원,사립,전문대학,1212,132,10.9,470,46,9.8,1,0,Y,2026-08-15T04:17:46.259Z
2021,junior-college,0000393,송곡대학교,강원,사립,전문대학,768,68,8.9,233,28,12,1,0,Y,2026-08-15T04:17:46.259Z
2021,junior-college,0000390,송호대학교,강원,사립,전문대학,1325,214,16.2,360,72,20,1,0,Y,2026-08-15T04:17:46.259Z
2021,junior-college,0000542,한국골프대학교,강원,사립,전문대학,777,134,17.2,187,22,11.8,1,0,Y,2026-08-15T04:17:46.259Z
2021,junior-college,0000383,한림성심대학교,강원,사립,전문대학,4267,324,7.6,1139,64,5.6,1,0,Y,2026-08-15T04:17:46.259Z
2021,junior-college,0000387,경기과학기술대학교,경기,사립,전문대학,7575,369,4.9,1863,145,7.8,1,0,Y,2026-08-15T04:17:46.259Z
2021,junior-college,0000255,경민대학교,경기,사립,전문대학,6473,302,4.7,1722,125,7.3,1,0,Y,2026-08-15T04:17:46.259Z
2021,junior-college,0000259,경복대학교,경기,사립,전문대학,7942,349,4.4,2332,148,6.3,1,0,Y,2026-08-15T04:17:46.259Z
2021,junior-college,0000264,계원예술대학교,경기,사립,전문대학,4046,237,5.9,1250,89,7.1,1,0,Y,2026-08-15T04:17:46.259Z
2021,junior-college,0000379,국제대학교,경기,사립,전문대학,5243,727,13.9,1313,301,22.9,1,0,Y,2026-08-15T04:17:46.259Z
2021,junior-college,0000277,김포대학교,경기,사립,전문대학,4107,436,10.6,1004,98,9.8,1,0,Y,2026-08-15T04:17:46.259Z
2021,junior-college,0000278,농협대학교,경기,사립,전문대학,515,16,3.1,157,7,4.5,1,0,Y,2026-08-15T04:17:46.259Z
2021,junior-college,0000285,대림대학교,경기,사립,전문대학,10583,549,5.2,3173,148,4.7,1,0,Y,2026-08-15T04:17:46.259Z
2021,junior-college,0000294,동남보건대학교,경기,사립,전문대학,5616,232,4.1,1726,96,5.6,1,0,Y,2026-08-15T04:17:46.259Z
2021,junior-college,0000287,동서울대학교,경기,사립,전문대학,8293,611,7.4,2616,167,6.4,1,0,Y,2026-08-15T04:17:46.259Z
2021,junior-college,0000298,동아방송예술대학교,경기,사립,전문대학,4207,221,5.3,1201,76,6.3,1,0,Y,2026-08-15T04:17:46.259Z
2021,junior-college,0000302,동원대학교,경기,사립,전문대학,4764,493,10.3,1370,133,9.7,1,0,Y,2026-08-15T04:17:46.259Z
2021,junior-college,0000305,두원공과대학교,경기,사립,전문대학,5928,549,9.3,955,83,8.7,1,0,Y,2026-08-15T04:17:46.259Z
2021,junior-college,0000316,부천대학교,경기,사립,전문대학,10281,617,6,3529,194,5.5,1,0,Y,2026-08-15T04:17:46.259Z
2021,junior-college,0000323,서울예술대학교,경기,사립,전문대학,4243,137,3.2,1137,23,2,1,0,Y,2026-08-15T04:17:46.259Z
2021,junior-college,0000392,서정대학교,경기,사립,전문대학,9024,2504,27.7,2725,279,10.2,1,0,Y,2026-08-15T04:17:46.259Z
2021,junior-college,0000330,수원과학대학교,경기,사립,전문대학,7335,580,7.9,1686,135,8,1,0,Y,2026-08-15T04:17:46.259Z
2021,junior-college,0000329,수원여자대학교,경기,사립,전문대학,4400,257,5.8,1513,107,7.1,1,0,Y,2026-08-15T04:17:46.259Z
2021,junior-college,0000334,신구대학교,경기,사립,전문대학,8579,496,5.8,2872,185,6.4,1,0,Y,2026-08-15T04:17:46.259Z
2021,junior-college,0000339,신안산대학교,경기,사립,전문대학,5226,433,8.3,1156,97,8.4,1,0,Y,2026-08-15T04:17:46.259Z
2021,junior-college,0000340,안산대학교,경기,사립,전문대학,5477,304,5.6,1496,94,6.3,1,0,Y,2026-08-15T04:17:46.259Z
2021,junior-college,0000343,여주대학교,경기,사립,전문대학,6716,552,8.2,1713,131,7.6,1,0,Y,2026-08-15T04:17:46.259Z
2021,junior-college,0000341,연성대학교,경기,사립,전문대학,8196,360,4.4,2631,153,5.8,1,0,Y,2026-08-15T04:17:46.259Z
2021,junior-college,0000350,오산대학교,경기,사립,전문대학,7096,780,11,2099,272,13,1,0,Y,2026-08-15T04:17:46.259Z
2021,junior-college,0000559,용인예술과학대학교,경기,사립,전문대학,5234,465,8.9,1261,117,9.3,1,0,Y,2026-08-15T04:17:46.259Z
2021,junior-college,0000394,웅지세무대학교,경기,사립,전문대학,1547,164,10.6,156,17,10.9,1,0,Y,2026-08-15T04:17:46.259Z
2021,junior-college,0000355,유한대학교,경기,사립,전문대학,7642,390,5.1,2198,109,5,1,0,Y,2026-08-15T04:17:46.259Z
2021,junior-college,0000358,장안대학교,경기,사립,전문대학,6535,677,10.4,1630,123,7.5,1,0,Y,2026-08-15T04:17:46.259Z
2021,junior-college,0000374,청강문화산업대학교,경기,사립,전문대학,5019,188,3.7,1423,29,2,1,0,Y,2026-08-15T04:17:46.259Z
2021,junior-college,0000391,한국관광대학교,경기,사립,전문대학,2560,116,4.5,845,40,4.7,1,0,Y,2026-08-15T04:17:46.259Z
2021,junior-college,0000251,거제대학교,경남,사립,전문대학,1397,90,6.4,326,14,4.3,1,0,Y,2026-08-15T04:17:46.259Z
2021,junior-college,0000395,김해대학교,경남,사립,전문대학,1705,112,6.6,495,37,7.5,1,0,Y,2026-08-15T04:17:46.259Z
2021,junior-college,0000342,동원과학기술대학교,경남,사립,전문대학,3191,237,7.4,996,84,8.4,1,0,Y,2026-08-15T04:17:46.259Z
2021,junior-college,0000306,마산대학교,경남,사립,전문대학,6972,471,6.8,2061,117,5.7,1,0,Y,2026-08-15T04:17:46.259Z
2021,junior-college,0000530,연암공과대학교,경남,사립,전문대학,2482,176,7.1,558,26,4.7,1,0,Y,2026-08-15T04:17:46.259Z
2021,junior-college,0000369,진주보건대학교,경남,사립,전문대학,3106,126,4.1,843,39,4.6,1,0,Y,2026-08-15T04:17:46.259Z
2021,junior-college,0000528,창원문성대학교,경남,사립,전문대학,3716,207,5.6,736,42,5.7,1,0,Y,2026-08-15T04:17:46.259Z
2021,junior-college,0000396,한국승강기대학교,경남,사립,전문대학,1339,98,7.3,278,8,2.9,1,0,Y,2026-08-15T04:17:46.259Z
2021,junior-college,0000249,가톨릭상지대학교,경북,사립,전문대학,2452,200,8.2,793,72,9.1,1,0,Y,2026-08-15T04:17:46.259Z
2021,junior-college,0000293,경북과학대학교,경북,사립,전문대학,2004,215,10.7,811,129,15.9,1,0,Y,2026-08-15T04:17:46.259Z
2021,junior-college,0000523,경북보건대학교,경북,사립,전문대학,1460,71,4.9,381,16,4.2,1,0,Y,2026-08-15T04:17:46.259Z
2021,junior-college,0000258,경북전문대학교,경북,사립,전문대학,3474,152,4.4,1098,37,3.4,1,0,Y,2026-08-15T04:17:46.259Z
2021,junior-college,0000268,구미대학교,경북,사립,전문대학,6885,578,8.4,2488,223,9,1,0,Y,2026-08-15T04:17:46.259Z
2021,junior-college,0000279,대경대학교,경북,사립,전문대학,5142,570,11.1,1917,228,11.9,1,0,Y,2026-08-15T04:17:46.259Z
2021,junior-college,0000309,문경대학교,경북,사립,전문대학,1069,61,5.7,294,14,4.8,1,0,Y,2026-08-15T04:17:46.259Z
2021,junior-college,0000262,서라벌대학교,경북,사립,전문대학,709,37,5.2,208,16,7.7,1,0,Y,2026-08-15T04:17:46.259Z
2021,junior-college,0000380,선린대학교,경북,사립,전문대학,2836,227,8,779,51,6.5,1,0,Y,2026-08-15T04:17:46.259Z
2021,junior-college,0000547,성운대학교,경북,사립,전문대학,1523,143,9.4,712,82,11.5,1,0,Y,2026-08-15T04:17:46.259Z
2021,junior-college,0000338,안동과학대학교,경북,사립,전문대학,3193,254,8,804,35,4.4,1,0,Y,2026-08-15T04:17:46.259Z
2021,junior-college,0000257,영남외국어대학,경북,사립,전문대학,481,32,6.7,167,19,11.4,1,0,Y,2026-08-15T04:17:46.259Z
2021,junior-college,0000381,포항대학교,경북,사립,전문대학,2167,203,9.4,633,54,8.5,1,0,Y,2026-08-15T04:17:46.259Z
2021,junior-college,0000522,호산대학교,경북,사립,전문대학,2170,184,8.5,781,92,11.8,1,0,Y,2026-08-15T04:17:46.259Z
2021,junior-college,0000267,광주보건대학교,광주,사립,전문대학,4751,275,5.8,1435,76,5.3,1,0,Y,2026-08-15T04:17:46.259Z
2021,junior-college,0000273,기독간호대학교,광주,사립,전문대학,648,11,1.7,162,6,3.7,1,0,Y,2026-08-15T04:17:46.259Z
2021,junior-college,0000297,동강대학교,광주,사립,전문대학,3378,420,12.4,1090,216,19.8,1,0,Y,2026-08-15T04:17:46.259Z
2021,junior-college,0000320,서영대학교,광주,사립,전문대학,7564,517,6.8,2231,173,7.8,1,0,Y,2026-08-15T04:17:46.259Z
2021,junior-college,0000366,조선간호대학교,광주,사립,전문대학,817,14,1.7,193,4,2.1,1,0,Y,2026-08-15T04:17:46.259Z
2021,junior-college,0000365,조선이공대학교,광주,사립,전문대학,5596,560,10,1507,122,8.1,1,0,Y,2026-08-15T04:17:46.259Z
2021,junior-college,0000263,계명문화대학교,대구,사립,전문대학,6825,543,8,2176,127,5.8,1,0,Y,2026-08-15T04:17:46.259Z
2021,junior-college,0000280,대구공업대학교,대구,사립,전문대학,2552,586,23,815,110,13.5,1,0,Y,2026-08-15T04:17:46.259Z
2021,junior-college,0000283,대구과학대학교,대구,사립,전문대학,4896,310,6.3,1610,99,6.1,1,0,Y,2026-08-15T04:17:46.259Z
2021,junior-college,0000281,대구보건대학교,대구,사립,전문대학,8594,492,5.7,2596,148,5.7,1,0,Y,2026-08-15T04:17:46.259Z
2021,junior-college,0000282,수성대학교,대구,사립,전문대학,4595,509,11.1,1386,132,9.5,1,0,Y,2026-08-15T04:17:46.259Z
2021,junior-college,0000346,영남이공대학교,대구,사립,전문대학,8260,585,7.1,2171,130,6,1,0,Y,2026-08-15T04:17:46.259Z
2021,junior-college,0000349,영진전문대학교,대구,사립,전문대학,11971,1238,10.3,3148,426,13.5,1,0,Y,2026-08-15T04:17:46.259Z
2021,junior-college,0000376,대덕대학교,대전,사립,전문대학,4472,699,15.6,1217,121,9.9,1,0,Y,2026-08-15T04:17:46.259Z
2021,junior-college,0000512,대전과학기술대학교,대전,사립,전문대학,5169,491,9.5,1573,184,11.7,1,0,Y,2026-08-15T04:17:46.259Z
2021,junior-college,0000288,대전보건대학교,대전,사립,전문대학,6943,406,5.8,1925,78,4.1,1,0,Y,2026-08-15T04:17:46.259Z
2021,junior-college,0000289,우송정보대학,대전,사립,전문대학,6128,600,9.8,1551,113,7.3,1,0,Y,2026-08-15T04:17:46.259Z
2021,junior-college,0000253,경남정보대학교,부산,사립,전문대학,10760,711,6.6,2654,144,5.4,1,0,Y,2026-08-15T04:17:46.259Z
2021,junior-college,0000284,대동대학교,부산,사립,전문대학,1790,93,5.2,479,25,5.2,1,0,Y,2026-08-15T04:17:46.259Z
2021,junior-college,0000303,동의과학대학교,부산,사립,전문대학,7521,743,9.9,1756,156,8.9,1,0,Y,2026-08-15T04:17:46.259Z
2021,junior-college,0000304,동주대학교,부산,사립,전문대학,3787,348,9.2,965,80,8.3,1,0,Y,2026-08-15T04:17:46.259Z
2021,junior-college,0000313,부산경상대학교,부산,사립,전문대학,3764,936,24.9,1292,278,21.5,1,0,Y,2026-08-15T04:17:46.259Z
2021,junior-college,0000315,부산과학기술대학교,부산,사립,전문대학,5779,700,12.1,1300,123,9.5,1,0,Y,2026-08-15T04:17:46.259Z
2021,junior-college,0000314,부산여자대학교,부산,사립,전문대학,2576,128,5,836,56,6.7,1,0,Y,2026-08-15T04:17:46.259Z
2021,junior-college,0000388,부산예술대학교,부산,사립,전문대학,876,145,16.6,389,61,15.7,1,0,Y,2026-08-15T04:17:46.259Z
2021,junior-college,0000300,동양미래대학교,서울,사립,전문대학,10156,654,6.4,2837,212,7.5,1,0,Y,2026-08-15T04:17:46.259Z
2021,junior-college,0000307,명지전문대학,서울,사립,전문대학,9524,683,7.2,3280,290,8.8,1,0,Y,2026-08-15T04:17:46.259Z
2021,junior-college,0000310,배화여자대학교,서울,사립,전문대학,3227,190,5.9,1364,91,6.7,1,0,Y,2026-08-15T04:17:46.259Z
2021,junior-college,0000317,삼육보건대학교,서울,사립,전문대학,1560,66,4.2,553,29,5.2,1,0,Y,2026-08-15T04:17:46.259Z
2021,junior-college,0000321,서울여자간호대학교,서울,사립,전문대학,997,28,2.8,261,18,6.9,1,0,Y,2026-08-15T04:17:46.259Z
2021,junior-college,0000324,서일대학교,서울,사립,전문대학,8477,661,7.8,2506,192,7.7,1,0,Y,2026-08-15T04:17:46.259Z
2021,junior-college,0000333,숭의여자대학교,서울,사립,전문대학,3587,205,5.7,1575,122,7.7,1,0,Y,2026-08-15T04:17:46.259Z
2021,junior-college,0000356,인덕대학교,서울,사립,전문대학,8800,560,6.4,2591,148,5.7,1,0,Y,2026-08-15T04:17:46.259Z
2021,junior-college,0000384,한양여자대학교,서울,사립,전문대학,7661,458,6,3021,255,8.4,1,0,Y,2026-08-15T04:17:46.259Z
2021,junior-college,0000353,한국영상대학교,세종,사립,전문대학,4273,287,6.7,1209,71,5.9,1,0,Y,2026-08-15T04:17:46.259Z
2021,junior-college,0000352,울산과학대학교,울산,사립,전문대학,8129,460,5.7,2010,107,5.3,1,0,Y,2026-08-15T04:17:46.259Z
2021,junior-college,0000375,춘해보건대학교,울산,사립,전문대학,3092,113,3.7,893,47,5.3,1,0,Y,2026-08-15T04:17:46.259Z
2021,junior-college,0000261,경인여자대학교,인천,사립,전문대학,4943,249,5,1888,106,5.6,1,0,Y,2026-08-15T04:17:46.259Z
2021,junior-college,0000292,인천재능대학교,인천,사립,전문대학,5687,497,8.7,1752,195,11.1,1,0,Y,2026-08-15T04:17:46.259Z
2021,junior-college,0000357,인하공업전문대학,인천,사립,전문대학,11087,657,5.9,3246,198,6.1,1,0,Y,2026-08-15T04:17:46.259Z
2021,junior-college,0000272,고구려대학교,전남,사립,전문대학,1776,251,14.1,776,147,18.9,1,0,Y,2026-08-15T04:17:46.259Z
2021,junior-college,0000266,광양보건대학교,전남,사립,전문대학,454,71,15.6,60,6,10,1,0,Y,2026-08-15T04:17:46.259Z
2021,junior-college,0000532,동아보건대학교,전남,사립,전문대학,1659,205,12.4,552,92,16.7,1,0,Y,2026-08-15T04:17:46.259Z
2021,junior-college,0000308,목포과학대학교,전남,사립,전문대학,3225,446,13.8,966,107,11.1,1,0,Y,2026-08-15T04:17:46.259Z
2021,junior-college,0000331,순천제일대학교,전남,사립,전문대학,3734,456,12.2,1212,104,8.6,1,0,Y,2026-08-15T04:17:46.259Z
2021,junior-college,0000360,전남과학대학교,전남,사립,전문대학,4035,393,9.7,1531,171,11.2,1,0,Y,2026-08-15T04:17:46.259Z
2021,junior-college,0000332,청암대학교,전남,사립,전문대학,3252,199,6.1,908,111,12.2,1,0,Y,2026-08-15T04:17:46.259Z
2021,junior-college,0000546,한영대학교,전남,사립,전문대학,1794,117,6.5,667,52,7.8,1,0,Y,2026-08-15T04:17:46.259Z
2021,junior-college,0000250,군산간호대학교,전북,사립,전문대학,1274,28,2.2,310,13,4.2,1,0,Y,2026-08-15T04:17:46.259Z
2021,junior-college,0000270,군장대학교,전북,사립,전문대학,2227,162,7.3,822,93,11.3,1,0,Y,2026-08-15T04:17:46.259Z
2021,junior-college,0000311,백제예술대학교,전북,사립,전문대학,1575,170,10.8,565,47,8.3,1,0,Y,2026-08-15T04:17:46.259Z
2021,junior-college,0000354,원광보건대학교,전북,사립,전문대학,6497,431,6.6,1795,101,5.6,1,0,Y,2026-08-15T04:17:46.259Z
2021,junior-college,0000362,전북과학대학교,전북,사립,전문대학,1868,109,5.8,730,55,7.5,1,0,Y,2026-08-15T04:17:46.259Z
2021,junior-college,0000274,전주기전대학,전북,사립,전문대학,1900,234,12.3,687,96,14,1,0,Y,2026-08-15T04:17:46.259Z
2021,junior-college,0000361,전주비전대학교,전북,사립,전문대학,5052,332,6.6,1534,83,5.4,1,0,Y,2026-08-15T04:17:46.259Z
2021,junior-college,0000363,제주관광대학교,제주,사립,전문대학,2738,421,15.4,756,139,18.4,1,0,Y,2026-08-15T04:17:46.259Z
2021,junior-college,0000382,제주한라대학교,제주,사립,전문대학,9653,574,5.9,1811,166,9.2,1,0,Y,2026-08-15T04:17:46.259Z
2021,junior-college,0000373,백석문화대학교,충남,사립,전문대학,6998,617,8.8,1738,160,9.2,1,0,Y,2026-08-15T04:17:46.259Z
2021,junior-college,0000335,신성대학교,충남,사립,전문대학,4835,441,9.1,1282,104,8.1,1,0,Y,2026-08-15T04:17:46.259Z
2021,junior-college,0000291,아주자동차대학,충남,사립,전문대학,2117,108,5.1,371,44,11.9,1,0,Y,2026-08-15T04:17:46.259Z
2021,junior-college,0000529,연암대학교,충남,사립,전문대학,1516,68,4.5,575,19,3.3,1,0,Y,2026-08-15T04:17:46.259Z
2021,junior-college,0000386,혜전대학교,충남,사립,전문대학,3373,226,6.7,951,62,6.5,1,0,Y,2026-08-15T04:17:46.259Z
2021,junior-college,0000271,강동대학교,충북,사립,전문대학,4526,536,11.8,1207,132,10.9,1,0,Y,2026-08-15T04:17:46.259Z
2021,junior-college,0000286,대원대학교,충북,사립,전문대학,2861,210,7.3,861,60,7,1,0,Y,2026-08-15T04:17:46.259Z
2021,junior-college,0000367,충북보건과학대학교,충북,사립,전문대학,3646,291,8,1020,72,7.1,1,0,Y,2026-08-15T04:17:46.259Z
2021,junior-college,0000377,충청대학교,충북,사립,전문대학,5175,418,8.1,1388,103,7.4,1,0,Y,2026-08-15T04:17:46.259Z
2021,graduate,0000513,가톨릭관동대학교,강원,사립,대학원,398,22,5.5,,,,4,6,Y,2026-08-15T04:17:46.259Z
2021,graduate,0000086,상지대학교,강원,사립,대학원,345,33,9.6,,,,5,6,Y,2026-08-15T04:17:46.259Z
2021,graduate,0000147,한라대학교,강원,사립,대학원,35,1,2.9,,,,1,1,Y,2026-08-15T04:17:46.259Z
2021,graduate,0000148,한림대학교,강원,사립,대학원,762,36,4.7,,,,7,9,Y,2026-08-15T04:17:46.259Z
2021,graduate,0000044,가천대학교,경기,사립,대학원,2875,121,4.2,,,,9,11,Y,2026-08-15T04:17:46.259Z
2021,graduate,0000034,가톨릭대학교,경기,사립,대학원,2688,111,4.1,,,,16,21,Y,2026-08-15T04:17:46.259Z
2021,graduate,0000036,강남대학교,경기,사립,대학원,435,25,5.7,,,,4,5,Y,2026-08-15T04:17:46.259Z
2021,graduate,0000039,경기대학교,경기,사립,대학원,2060,147,7.1,,,,10,13,Y,2026-08-15T04:17:46.259Z
2021,graduate,0000060,단국대학교,경기,사립,대학원,4498,245,5.4,,,,13,17,Y,2026-08-15T04:17:46.259Z
2021,graduate,0000068,대진대학교,경기,사립,대학원,591,23,3.9,,,,4,5,Y,2026-08-15T04:17:46.259Z
2021,graduate,0000078,루터대학교,경기,사립,대학원,42,11,26.2,,,,1,1,Y,2026-08-15T04:17:46.259Z
2021,graduate,0000079,명지대학교,경기,사립,대학원,2629,106,4,,,,9,12,Y,2026-08-15T04:17:46.259Z
2021,graduate,0000090,서울신학대학교,경기,사립,대학원,1015,62,6.1,,,,7,9,Y,2026-08-15T04:17:46.259Z
2021,graduate,0000092,서울장신대학교,경기,사립,대학원,403,18,4.5,,,,7,9,Y,2026-08-15T04:17:46.259Z
2021,graduate,0000095,성결대학교,경기,사립,대학원,402,20,5,,,,5,7,Y,2026-08-15T04:17:46.259Z
2021,graduate,0000101,수원가톨릭대학교,경기,사립,대학원,62,10,16.1,,,,1,1,Y,2026-08-15T04:17:46.259Z
2021,graduate,0000102,수원대학교,경기,사립,대학원,870,60,6.9,,,,14,15,Y,2026-08-15T04:17:46.259Z
2021,graduate,0000509,신한대학교,경기,사립,대학원,406,28,6.9,,,,2,3,Y,2026-08-15T04:17:46.259Z
2021,graduate,0000558,아신대학교,경기,사립,대학원,761,64,8.4,,,,6,8,Y,2026-08-15T04:17:46.259Z
2021,graduate,0000108,아주대학교,경기,사립,대학원,4419,216,4.9,,,,14,16,Y,2026-08-15T04:17:46.259Z
2021,graduate,0000109,안양대학교,경기,사립,대학원,489,34,7,,,,6,8,Y,2026-08-15T04:17:46.259Z
2021,graduate,0000115,용인대학교,경기,사립,대학원,676,42,6.2,,,,8,9,Y,2026-08-15T04:17:46.259Z
2021,graduate,0000120,을지대학교,경기,사립,대학원,280,10,3.6,,,,4,6,Y,2026-08-15T04:17:46.259Z
2021,graduate,0000130,중앙승가대학교,경기,사립,대학원,90,10,11.1,,,,1,2,Y,2026-08-15T04:17:46.259Z
2021,graduate,0000139,차의과학대학교,경기,사립,대학원,1303,61,4.7,,,,9,11,Y,2026-08-15T04:17:46.259Z
2021,graduate,0000136,칼빈대학교,경기,사립,대학원,505,34,6.7,,,,2,4,Y,2026-08-15T04:17:46.259Z
2021,graduate,0000138,평택대학교,경기,사립,대학원,441,34,7.7,,,,6,8,Y,2026-08-15T04:17:46.259Z
2021,graduate,0000191,한국산업기술대학교,경기,사립,대학원,408,30,7.4,,,,3,5,Y,2026-08-15T04:17:46.259Z
2021,graduate,0000144,한국항공대학교,경기,사립,대학원,657,39,5.9,,,,2,4,Y,2026-08-15T04:17:46.259Z
2021,graduate,0000151,한세대학교,경기,사립,대학원,653,63,9.6,,,,6,7,Y,2026-08-15T04:17:46.259Z
2021,graduate,0000152,한신대학교,경기,사립,대학원,412,29,7,,,,5,7,Y,2026-08-15T04:17:46.259Z
2021,graduate,0000156,협성대학교,경기,사립,대학원,402,28,7,,,,4,5,Y,2026-08-15T04:17:46.259Z
2021,graduate,0000032,가야대학교,경남,사립,대학원,121,20,16.5,,,,4,4,Y,2026-08-15T04:17:46.259Z
2021,graduate,0000040,경남대학교,경남,사립,대학원,1293,76,5.9,,,,4,5,Y,2026-08-15T04:17:46.259Z
2021,graduate,0000167,부산장신대학교,경남,사립,대학원,235,13,5.5,,,,5,6,Y,2026-08-15T04:17:46.259Z
2021,graduate,0000181,영산대학교,경남,사립,대학원,316,26,8.2,,,,8,7,Y,2026-08-15T04:17:46.259Z
2021,graduate,0000122,인제대학교,경남,사립,대학원,1357,115,8.5,,,,6,8,Y,2026-08-15T04:17:46.259Z
2021,graduate,0000193,창신대학교,경남,사립,대학원,263,17,6.5,,,,3,4,Y,2026-08-15T04:17:46.259Z
2021,graduate,0000188,경운대학교,경북,사립,대학원,133,3,2.3,,,,3,4,Y,2026-08-15T04:17:46.259Z
2021,graduate,0000045,경일대학교,경북,사립,대학원,273,9,3.3,,,,2,4,Y,2026-08-15T04:17:46.259Z
2021,graduate,0000046,경주대학교,경북,사립,대학원,93,11,11.8,,,,2,3,Y,2026-08-15T04:17:46.259Z
2021,graduate,0000185,김천대학교,경북,사립,대학원,119,5,4.2,,,,3,4,Y,2026-08-15T04:17:46.259Z
2021,graduate,0000063,대구가톨릭대학교,경북,사립,대학원,1503,82,5.5,,,,10,12,Y,2026-08-15T04:17:46.259Z
2021,graduate,0000061,대구대학교,경북,사립,대학원,1677,87,5.2,,,,6,7,Y,2026-08-15T04:17:46.259Z
2021,graduate,0000042,대구한의대학교,경북,사립,대학원,366,13,3.6,,,,3,5,Y,2026-08-15T04:17:46.259Z
2021,graduate,0000065,대신대학교,경북,사립,대학원,312,5,1.6,,,,2,3,Y,2026-08-15T04:17:46.259Z
2021,graduate,0000076,동양대학교,경북,사립,대학원,246,6,2.4,,,,3,4,Y,2026-08-15T04:17:46.259Z
2021,graduate,0000111,영남대학교,경북,사립,대학원,2760,151,5.5,,,,10,12,Y,2026-08-15T04:17:46.259Z
2021,graduate,0000112,영남신학대학교,경북,사립,대학원,356,47,13.2,,,,7,8,Y,2026-08-15T04:17:46.259Z
2021,graduate,0000119,위덕대학교,경북,사립,대학원,283,23,8.1,,,,5,6,Y,2026-08-15T04:17:46.259Z
2021,graduate,0000140,포항공과대학교,경북,사립,대학원,1989,64,3.2,,,,3,6,Y,2026-08-15T04:17:46.259Z
2021,graduate,0000146,한동대학교,경북,사립,대학원,436,19,4.4,,,,7,9,Y,2026-08-15T04:17:46.259Z
2021,graduate,0000052,광신대학교,광주,사립,대학원,568,45,7.9,,,,6,8,Y,2026-08-15T04:17:46.259Z
2021,graduate,0000176,광주대학교,광주,사립,대학원,514,27,5.3,,,,3,5,Y,2026-08-15T04:17:46.259Z
2021,graduate,0000055,광주여자대학교,광주,사립,대학원,219,18,8.2,,,,3,4,Y,2026-08-15T04:17:46.259Z
2021,graduate,0000162,남부대학교,광주,사립,대학원,439,35,8,,,,3,4,Y,2026-08-15T04:17:46.259Z
2021,graduate,0000187,송원대학교,광주,사립,대학원,126,4,3.2,,,,1,1,Y,2026-08-15T04:17:46.259Z
2021,graduate,0000127,조선대학교,광주,사립,대학원,1611,126,7.8,,,,8,10,Y,2026-08-15T04:17:46.259Z
2021,graduate,0000157,호남대학교,광주,사립,대학원,956,72,7.5,,,,3,4,Y,2026-08-15T04:17:46.259Z
2021,graduate,0000158,호남신학대학교,광주,사립,대학원,571,7,1.2,,,,5,6,Y,2026-08-15T04:17:46.259Z
2021,graduate,0000048,계명대학교,대구,사립,대학원,2532,167,6.6,,,,10,11,Y,2026-08-15T04:17:46.259Z
2021,graduate,0000038,건양대학교,대전,사립,대학원,645,31,4.8,,,,6,7,Y,2026-08-15T04:17:46.259Z
2021,graduate,0000067,대전대학교,대전,사립,대학원,735,46,6.3,,,,4,6,Y,2026-08-15T04:17:46.259Z
2021,graduate,0000182,대전신학대학교,대전,사립,대학원,92,7,7.6,,,,2,3,Y,2026-08-15T04:17:46.259Z
2021,graduate,0000080,목원대학교,대전,사립,대학원,920,57,6.2,,,,3,4,Y,2026-08-15T04:17:46.259Z
2021,graduate,0000081,배재대학교,대전,사립,대학원,592,46,7.8,,,,3,4,Y,2026-08-15T04:17:46.259Z
2021,graduate,0000184,우송대학교,대전,사립,대학원,727,44,6.1,,,,6,7,Y,2026-08-15T04:17:46.259Z
2021,graduate,0000551,한국침례신학대학교,대전,사립,대학원,727,59,8.1,,,,5,7,Y,2026-08-15T04:17:46.259Z
2021,graduate,0000145,한남대학교,대전,사립,대학원,1198,86,7.2,,,,5,7,Y,2026-08-15T04:17:46.259Z
2021,graduate,0000043,경성대학교,부산,사립,대학원,633,42,6.6,,,,3,4,Y,2026-08-15T04:17:46.259Z
2021,graduate,0000050,고신대학교,부산,사립,대학원,1203,60,5,,,,7,9,Y,2026-08-15T04:17:46.259Z
2021,graduate,0000180,동명대학교,부산,사립,대학원,318,26,8.2,,,,2,4,Y,2026-08-15T04:17:46.259Z
2021,graduate,0000073,동서대학교,부산,사립,대학원,364,15,4.1,,,,3,5,Y,2026-08-15T04:17:46.259Z
2021,graduate,0000075,동아대학교,부산,사립,대학원,2269,161,7.1,,,,7,11,Y,2026-08-15T04:17:46.259Z
2021,graduate,0000077,동의대학교,부산,사립,대학원,950,90,9.5,,,,7,8,Y,2026-08-15T04:17:46.259Z
2021,graduate,0000082,부산가톨릭대학교,부산,사립,대학원,159,2,1.3,,,,1,2,Y,2026-08-15T04:17:46.259Z
2021,graduate,0000083,부산외국어대학교,부산,사립,대학원,572,47,8.2,,,,5,7,Y,2026-08-15T04:17:46.259Z
2021,graduate,0000106,신라대학교,부산,사립,대학원,787,73,9.3,,,,6,7,Y,2026-08-15T04:17:46.259Z
2021,graduate,0000035,감리교신학대학교,서울,사립,대학원,852,49,5.8,,,,3,4,Y,2026-08-15T04:17:46.259Z
2021,graduate,0000037,건국대학교,서울,사립,대학원,6346,272,4.3,,,,17,23,Y,2026-08-15T04:17:46.259Z
2021,graduate,0000047,경희대학교,서울,사립,대학원,8666,343,4,,,,15,20,Y,2026-08-15T04:17:46.259Z
2021,graduate,0000049,고려대학교,서울,사립,대학원,11147,465,4.2,,,,23,35,Y,2026-08-15T04:17:46.259Z
2021,graduate,0000053,광운대학교,서울,사립,대학원,1524,103,6.8,,,,7,9,Y,2026-08-15T04:17:46.259Z
2021,graduate,0000056,국민대학교,서울,사립,대학원,3580,241,6.7,,,,15,22,Y,2026-08-15T04:17:46.259Z
2021,graduate,0000070,덕성여자대학교,서울,사립,대학원,350,25,7.1,,,,3,5,Y,2026-08-15T04:17:46.259Z
2021,graduate,0000071,동국대학교,서울,사립,대학원,4863,357,7.3,,,,16,20,Y,2026-08-15T04:17:46.259Z
2021,graduate,0000072,동덕여자대학교,서울,사립,대학원,286,20,7,,,,4,7,Y,2026-08-15T04:17:46.259Z
2021,graduate,0000131,백석대학교,서울,사립,대학원,2855,143,5,,,,7,9,Y,2026-08-15T04:17:46.259Z
2021,graduate,0000084,삼육대학교,서울,사립,대학원,568,43,7.6,,,,4,6,Y,2026-08-15T04:17:46.259Z
2021,graduate,0000085,상명대학교,서울,사립,대학원,1485,64,4.3,,,,6,10,Y,2026-08-15T04:17:46.259Z
2021,graduate,0000087,서강대학교,서울,사립,대학원,3534,224,6.3,,,,11,18,Y,2026-08-15T04:17:46.259Z
2021,graduate,0000088,서경대학교,서울,사립,대학원,537,47,8.8,,,,4,5,Y,2026-08-15T04:17:46.259Z
2021,graduate,0000069,서울기독대학교,서울,사립,대학원,220,18,8.2,,,,6,6,Y,2026-08-15T04:17:46.259Z
2021,graduate,0000091,서울여자대학교,서울,사립,대학원,260,16,6.2,,,,3,5,Y,2026-08-15T04:17:46.259Z
2021,graduate,0000539,서울한영대학교,서울,사립,대학원,228,10,4.4,,,,3,3,Y,2026-08-15T04:17:46.259Z
2021,graduate,0000096,성공회대학교,서울,사립,대학원,378,23,6.1,,,,7,8,Y,2026-08-15T04:17:46.259Z
2021,graduate,0000097,성균관대학교,서울,사립,대학원,9267,440,4.7,,,,18,26,Y,2026-08-15T04:17:46.259Z
2021,graduate,0000098,성신여자대학교,서울,사립,대학원,867,45,5.2,,,,5,7,Y,2026-08-15T04:17:46.259Z
2021,graduate,0000100,세종대학교,서울,사립,대학원,3100,192,6.2,,,,7,9,Y,2026-08-15T04:17:46.259Z
2021,graduate,0000103,숙명여자대학교,서울,사립,대학원,2957,235,7.9,,,,10,12,Y,2026-08-15T04:17:46.259Z
2021,graduate,0000105,숭실대학교,서울,사립,대학원,2777,138,5,,,,8,10,Y,2026-08-15T04:17:46.259Z
2021,graduate,0000110,연세대학교,서울,사립,대학원,14565,719,4.9,,,,20,33,Y,2026-08-15T04:17:46.259Z
2021,graduate,0000121,이화여자대학교,서울,사립,대학원,6027,299,5,,,,14,20,Y,2026-08-15T04:17:46.259Z
2021,graduate,0000125,장로회신학대학교,서울,사립,대학원,1726,48,2.8,,,,6,8,Y,2026-08-15T04:17:46.259Z
2021,graduate,0000129,중앙대학교,서울,사립,대학원,6692,302,4.5,,,,18,25,Y,2026-08-15T04:17:46.259Z
2021,graduate,0000133,총신대학교,서울,사립,대학원,2332,95,4.1,,,,9,10,Y,2026-08-15T04:17:46.259Z
2021,graduate,0000134,추계예술대학교,서울,사립,대학원,242,10,4.1,,,,3,5,Y,2026-08-15T04:17:46.259Z
2021,graduate,0000525,케이씨대학교,서울,사립,대학원,251,33,13.1,,,,4,5,Y,2026-08-15T04:17:46.259Z
2021,graduate,0000142,한국성서대학교,서울,사립,대학원,212,13,6.1,,,,4,6,Y,2026-08-15T04:17:46.259Z
2021,graduate,0000143,한국외국어대학교,서울,사립,대학원,3438,178,5.2,,,,9,15,Y,2026-08-15T04:17:46.259Z
2021,graduate,0000150,한성대학교,서울,사립,대학원,958,54,5.6,,,,8,9,Y,2026-08-15T04:17:46.259Z
2021,graduate,0000153,한양대학교,서울,사립,대학원,10489,496,4.7,,,,19,29,Y,2026-08-15T04:17:46.259Z
2021,graduate,0000160,홍익대학교,서울,사립,대학원,4822,259,5.4,,,,15,17,Y,2026-08-15T04:17:46.259Z
2021,graduate,0000066,대전가톨릭대학교,세종,사립,대학원,45,5,11.1,,,,1,1,Y,2026-08-15T04:17:46.259Z
2021,graduate,0000117,울산대학교,울산,사립,대학원,2267,88,3.9,,,,5,7,Y,2026-08-15T04:17:46.259Z
2021,graduate,0000123,인천가톨릭대학교,인천,사립,대학원,97,7,7.2,,,,2,2,Y,2026-08-15T04:17:46.259Z
2021,graduate,0000124,인하대학교,인천,사립,대학원,3515,187,5.3,,,,10,15,Y,2026-08-15T04:17:46.259Z
2021,graduate,0000054,광주가톨릭대학교,전남,사립,대학원,31,3,9.7,,,,1,1,Y,2026-08-15T04:17:46.259Z
2021,graduate,0000074,동신대학교,전남,사립,대학원,650,22,3.4,,,,3,5,Y,2026-08-15T04:17:46.259Z
2021,graduate,0000064,세한대학교,전남,사립,대학원,332,6,1.8,,,,1,3,Y,2026-08-15T04:17:46.259Z
2021,graduate,0000190,초당대학교,전남,사립,대학원,232,3,1.3,,,,2,3,Y,2026-08-15T04:17:46.259Z
2021,graduate,0000186,한려대학교,전남,사립,대학원,0,0,,,,,4,0,N,2026-08-15T04:17:46.259Z
2021,graduate,0000173,예수대학교,전북,사립,대학원,8,1,12.5,,,,1,1,Y,2026-08-15T04:17:46.259Z
2021,graduate,0000164,예원예술대학교,전북,사립,대학원,493,47,9.5,,,,3,3,Y,2026-08-15T04:17:46.259Z
2021,graduate,0000116,우석대학교,전북,사립,대학원,1052,48,4.6,,,,4,5,Y,2026-08-15T04:17:46.259Z
2021,graduate,0000118,원광대학교,전북,사립,대학원,1314,79,6,,,,6,9,Y,2026-08-15T04:17:46.259Z
2021,graduate,0000126,전주대학교,전북,사립,대학원,1234,74,6,,,,7,8,Y,2026-08-15T04:17:46.259Z
2021,graduate,0000155,한일장신대학교,전북,사립,대학원,327,20,6.1,,,,6,6,Y,2026-08-15T04:17:46.259Z
2021,graduate,0000192,제주국제대학교,제주,사립,대학원,167,24,14.4,,,,4,5,Y,2026-08-15T04:17:46.259Z
2021,graduate,0000169,금강대학교,충남,사립,대학원,21,2,9.5,,,,1,2,Y,2026-08-15T04:17:46.259Z
2021,graduate,0000059,나사렛대학교,충남,사립,대학원,714,9,1.3,,,,5,6,Y,2026-08-15T04:17:46.259Z
2021,graduate,0000189,남서울대학교,충남,사립,대학원,563,28,5,,,,3,4,Y,2026-08-15T04:17:46.259Z
2021,graduate,0000094,선문대학교,충남,사립,대학원,339,20,5.9,,,,3,5,Y,2026-08-15T04:17:46.259Z
2021,graduate,0000104,순천향대학교,충남,사립,대학원,1112,63,5.7,,,,6,7,Y,2026-08-15T04:17:46.259Z
2021,graduate,0000128,중부대학교,충남,사립,대학원,1801,115,6.4,,,,4,5,Y,2026-08-15T04:17:46.259Z
2021,graduate,0000225,청운대학교,충남,사립,대학원,336,8,2.4,,,,1,1,Y,2026-08-15T04:17:46.259Z
2021,graduate,0000141,한국기술교육대학교,충남,사립,대학원,519,37,7.1,,,,3,7,Y,2026-08-15T04:17:46.259Z
2021,graduate,0000149,한서대학교,충남,사립,대학원,524,24,4.6,,,,5,7,Y,2026-08-15T04:17:46.259Z
2021,graduate,0000159,호서대학교,충남,사립,대학원,1734,95,5.5,,,,10,15,Y,2026-08-15T04:17:46.259Z
2021,graduate,0000557,가톨릭꽃동네대학교,충북,사립,대학원,77,2,2.6,,,,1,1,Y,2026-08-15T04:17:46.259Z
2021,graduate,0000058,극동대학교,충북,사립,대학원,116,2,1.7,,,,5,6,Y,2026-08-15T04:17:46.259Z
2021,graduate,0000093,서원대학교,충북,사립,대학원,234,28,12,,,,2,2,Y,2026-08-15T04:17:46.259Z
2021,graduate,0000099,세명대학교,충북,사립,대학원,325,22,6.8,,,,3,4,Y,2026-08-15T04:17:46.259Z
2021,graduate,0000113,유원대학교,충북,사립,대학원,73,15,20.5,,,,1,1,Y,2026-08-15T04:17:46.259Z
2021,graduate,0000183,중원대학교,충북,사립,대학원,252,38,15.1,,,,3,4,Y,2026-08-15T04:17:46.259Z
2021,graduate,0000132,청주대학교,충북,사립,대학원,753,30,4,,,,5,6,Y,2026-08-15T04:17:46.259Z
2021,combined,0000513,가톨릭관동대학교,강원,사립,대학,12092,712,5.9,1627,100,6.1,1,6,Y,2026-08-15T04:17:46.259Z
2021,combined,0000041,경동대학교,강원,사립,대학,9536,522,5.5,1737,111,6.4,4,0,Y,2026-08-15T04:17:46.259Z
2021,combined,0000086,상지대학교,강원,사립,대학,10031,666,6.6,1653,143,8.7,1,6,Y,2026-08-15T04:17:46.259Z
2021,combined,0000147,한라대학교,강원,사립,대학,4948,292,5.9,684,39,5.7,1,1,Y,2026-08-15T04:17:46.259Z
2021,combined,0000148,한림대학교,강원,사립,대학,11397,519,4.6,1874,119,6.4,1,9,Y,2026-08-15T04:17:46.259Z
2021,combined,0000044,가천대학교,경기,사립,대학,28746,1062,3.7,4442,289,6.5,1,11,Y,2026-08-15T04:17:46.259Z
2021,combined,0000034,가톨릭대학교,경기,사립,대학,13423,459,3.4,1919,135,7,3,21,Y,2026-08-15T04:17:46.259Z
2021,combined,0000036,강남대학교,경기,사립,대학,9242,476,5.2,1590,148,9.3,1,5,Y,2026-08-15T04:17:46.259Z
2021,combined,0000039,경기대학교,경기,사립,대학,21105,863,4.1,3325,226,6.8,2,13,Y,2026-08-15T04:17:46.259Z
2021,combined,0000060,단국대학교,경기,사립,대학,34642,1321,3.8,5097,382,7.5,2,17,Y,2026-08-15T04:17:46.259Z
2021,combined,0000068,대진대학교,경기,사립,대학,10816,543,5,1927,156,8.1,1,5,Y,2026-08-15T04:17:46.259Z
2021,combined,0000078,루터대학교,경기,사립,대학,451,53,11.8,88,16,18.2,1,1,Y,2026-08-15T04:17:46.259Z
2021,combined,0000079,명지대학교,경기,사립,대학,22233,874,3.9,3232,202,6.3,2,12,Y,2026-08-15T04:17:46.259Z
2021,combined,0000090,서울신학대학교,경기,사립,대학,3729,213,5.7,484,28,5.8,1,9,Y,2026-08-15T04:17:46.259Z
2021,combined,0000092,서울장신대학교,경기,사립,대학,920,48,5.2,65,1,1.5,1,9,Y,2026-08-15T04:17:46.259Z
2021,combined,0000095,성결대학교,경기,사립,대학,7618,374,4.9,1295,98,7.6,1,7,Y,2026-08-15T04:17:46.259Z
2021,combined,0000101,수원가톨릭대학교,경기,사립,대학,243,19,7.8,38,5,13.2,1,1,Y,2026-08-15T04:17:46.259Z
2021,combined,0000102,수원대학교,경기,사립,대학,13038,698,5.4,2248,185,8.2,1,15,Y,2026-08-15T04:17:46.259Z
2021,combined,0000178,신경대학교,경기,사립,대학,841,211,25.1,75,4,5.3,1,0,Y,2026-08-15T04:17:46.259Z
2021,combined,0000509,신한대학교,경기,사립,대학,8830,373,4.2,1570,74,4.7,2,3,Y,2026-08-15T04:17:46.259Z
2021,combined,0000558,아신대학교,경기,사립,대학,1486,136,9.2,99,14,14.1,1,8,Y,2026-08-15T04:17:46.259Z
2021,combined,0000108,아주대학교,경기,사립,대학,18199,697,3.8,2196,184,8.4,1,16,Y,2026-08-15T04:17:46.259Z
2021,combined,0000109,안양대학교,경기,사립,대학,7057,413,5.9,1136,95,8.4,2,8,Y,2026-08-15T04:17:46.259Z
2021,combined,0000115,용인대학교,경기,사립,대학,8661,525,6.1,1338,90,6.7,1,9,Y,2026-08-15T04:17:46.259Z
2021,combined,0000130,중앙승가대학교,경기,사립,대학,218,23,10.6,29,7,24.1,1,2,Y,2026-08-15T04:17:46.259Z
2021,combined,0000139,차의과학대학교,경기,사립,대학,4006,192,4.8,498,38,7.6,1,11,Y,2026-08-15T04:17:46.259Z
2021,combined,0000136,칼빈대학교,경기,사립,대학,1173,106,9,86,11,12.8,1,4,Y,2026-08-15T04:17:46.259Z
2021,combined,0000138,평택대학교,경기,사립,대학,5056,333,6.6,855,48,5.6,1,8,Y,2026-08-15T04:17:46.259Z
2021,combined,0000191,한국산업기술대학교,경기,사립,대학,10134,474,4.7,1671,109,6.5,1,5,Y,2026-08-15T04:17:46.259Z
2021,combined,0000144,한국항공대학교,경기,사립,대학,6386,230,3.6,996,62,6.2,1,4,Y,2026-08-15T04:17:46.259Z
2021,combined,0000151,한세대학교,경기,사립,대학,3971,252,6.3,606,56,9.2,1,7,Y,2026-08-15T04:17:46.259Z
2021,combined,0000152,한신대학교,경기,사립,대학,8063,428,5.3,1286,80,6.2,1,7,Y,2026-08-15T04:17:46.259Z
2021,combined,0000156,협성대학교,경기,사립,대학,5876,348,5.9,1026,81,7.9,1,5,Y,2026-08-15T04:17:46.259Z
2021,combined,0000032,가야대학교,경남,사립,대학,2814,252,9,449,59,13.1,2,4,Y,2026-08-15T04:17:46.259Z
2021,combined,0000040,경남대학교,경남,사립,대학,17148,1087,6.3,2066,112,5.4,1,5,Y,2026-08-15T04:17:46.259Z
2021,combined,0000167,부산장신대학교,경남,사립,대학,468,34,7.3,32,4,12.5,1,6,Y,2026-08-15T04:17:46.259Z
2021,combined,0000181,영산대학교,경남,사립,대학,316,26,8.2,0,0,,2,7,Y,2026-08-15T04:17:46.259Z
2021,combined,0000122,인제대학교,경남,사립,대학,12967,830,6.4,1720,112,6.5,2,8,Y,2026-08-15T04:17:46.259Z
2021,combined,0000193,창신대학교,경남,사립,대학,2633,219,8.3,487,38,7.8,1,4,Y,2026-08-15T04:17:46.259Z
2021,combined,0000174,한국국제대학교,경남,사립,대학,1736,356,20.5,147,39,26.5,1,0,Y,2026-08-15T04:17:46.259Z
2021,combined,0000188,경운대학교,경북,사립,대학,6228,606,9.7,1208,144,11.9,1,4,Y,2026-08-15T04:17:46.259Z
2021,combined,0000045,경일대학교,경북,사립,대학,9743,745,7.6,1740,160,9.2,1,4,Y,2026-08-15T04:17:46.259Z
2021,combined,0000046,경주대학교,경북,사립,대학,1194,215,18,108,28,25.9,1,3,Y,2026-08-15T04:17:46.259Z
2021,combined,0000185,김천대학교,경북,사립,대학,3704,371,10,705,139,19.7,1,4,Y,2026-08-15T04:17:46.259Z
2021,combined,0000063,대구가톨릭대학교,경북,사립,대학,17598,1025,5.8,2537,140,5.5,1,12,Y,2026-08-15T04:17:46.259Z
2021,combined,0000061,대구대학교,경북,사립,대학,24844,1447,5.8,3631,186,5.1,1,7,Y,2026-08-15T04:17:46.259Z
2021,combined,0000062,대구예술대학교,경북,사립,대학,1261,163,12.9,123,9,7.3,1,0,Y,2026-08-15T04:17:46.259Z
2021,combined,0000042,대구한의대학교,경북,사립,대학,8880,762,8.6,1644,361,22,1,5,Y,2026-08-15T04:17:46.259Z
2021,combined,0000065,대신대학교,경북,사립,대학,891,32,3.6,116,12,10.3,1,3,Y,2026-08-15T04:17:46.259Z
2021,combined,0000076,동양대학교,경북,사립,대학,5473,404,7.4,822,64,7.8,2,4,Y,2026-08-15T04:17:46.259Z
2021,combined,0000111,영남대학교,경북,사립,대학,31794,1318,4.1,4847,233,4.8,1,12,Y,2026-08-15T04:17:46.259Z
2021,combined,0000112,영남신학대학교,경북,사립,대학,913,106,11.6,115,26,22.6,1,8,Y,2026-08-15T04:17:46.259Z
2021,combined,0000119,위덕대학교,경북,사립,대학,3834,452,11.8,760,122,16.1,1,6,Y,2026-08-15T04:17:46.259Z
2021,combined,0000140,포항공과대학교,경북,사립,대학,3684,99,2.7,327,22,6.7,1,6,Y,2026-08-15T04:17:46.259Z
2021,combined,0000146,한동대학교,경북,사립,대학,5824,168,2.9,812,21,2.6,1,9,Y,2026-08-15T04:17:46.259Z
2021,combined,0000052,광신대학교,광주,사립,대학,1128,112,9.9,123,25,20.3,1,8,Y,2026-08-15T04:17:46.259Z
2021,combined,0000176,광주대학교,광주,사립,대학,9188,833,9.1,1558,250,16,1,5,Y,2026-08-15T04:17:46.259Z
2021,combined,0000055,광주여자대학교,광주,사립,대학,4210,231,5.5,929,63,6.8,1,4,Y,2026-08-15T04:17:46.259Z
2021,combined,0000162,남부대학교,광주,사립,대학,4189,347,8.3,707,97,13.7,1,4,Y,2026-08-15T04:17:46.259Z
2021,combined,0000187,송원대학교,광주,사립,대학,3917,518,13.2,785,170,21.7,1,1,Y,2026-08-15T04:17:46.259Z
2021,combined,0000127,조선대학교,광주,사립,대학,28164,1474,5.2,4557,269,5.9,1,10,Y,2026-08-15T04:17:46.259Z
2021,combined,0000157,호남대학교,광주,사립,대학,10044,680,6.8,1520,91,6,1,4,Y,2026-08-15T04:17:46.259Z
2021,combined,0000158,호남신학대학교,광주,사립,대학,1362,67,4.9,131,26,19.8,1,6,Y,2026-08-15T04:17:46.259Z
2021,combined,0000048,계명대학교,대구,사립,대학,32529,1636,5,4935,215,4.4,1,11,Y,2026-08-15T04:17:46.259Z
2021,combined,0000067,대전대학교,대전,사립,대학,12976,721,5.6,1966,104,5.3,1,6,Y,2026-08-15T04:17:46.259Z
2021,combined,0000182,대전신학대학교,대전,사립,대학,181,14,7.7,12,0,0,1,3,Y,2026-08-15T04:17:46.259Z
2021,combined,0000080,목원대학교,대전,사립,대학,10876,634,5.8,1704,107,6.3,1,4,Y,2026-08-15T04:17:46.259Z
2021,combined,0000081,배재대학교,대전,사립,대학,11058,844,7.6,1912,179,9.4,1,4,Y,2026-08-15T04:17:46.259Z
2021,combined,0000184,우송대학교,대전,사립,대학,13217,673,5.1,2174,105,4.8,1,7,Y,2026-08-15T04:17:46.259Z
2021,combined,0000120,을지대학교,대전,사립,대학,5898,182,3.1,1124,58,5.2,3,6,Y,2026-08-15T04:17:46.259Z
2021,combined,0000551,한국침례신학대학교,대전,사립,대학,2094,137,6.5,193,7,3.6,1,7,Y,2026-08-15T04:17:46.259Z
2021,combined,0000145,한남대학교,대전,사립,대학,16351,1035,6.3,2861,158,5.5,1,7,Y,2026-08-15T04:17:46.259Z
2021,combined,0000043,경성대학교,부산,사립,대학,17209,1031,6,3007,223,7.4,1,4,Y,2026-08-15T04:17:46.259Z
2021,combined,0000050,고신대학교,부산,사립,대학,5757,481,8.4,886,159,17.9,1,9,Y,2026-08-15T04:17:46.259Z
2021,combined,0000180,동명대학교,부산,사립,대학,11765,1052,8.9,1779,321,18,1,4,Y,2026-08-15T04:17:46.259Z
2021,combined,0000073,동서대학교,부산,사립,대학,14040,814,5.8,2039,74,3.6,1,5,Y,2026-08-15T04:17:46.259Z
2021,combined,0000075,동아대학교,부산,사립,대학,27417,1176,4.3,4352,199,4.6,1,11,Y,2026-08-15T04:17:46.259Z
2021,combined,0000077,동의대학교,부산,사립,대학,21727,1326,6.1,3689,176,4.8,1,8,Y,2026-08-15T04:17:46.259Z
2021,combined,0000082,부산가톨릭대학교,부산,사립,대학,4742,243,5.1,818,45,5.5,1,2,Y,2026-08-15T04:17:46.259Z
2021,combined,0000083,부산외국어대학교,부산,사립,대학,11506,751,6.5,1586,90,5.7,1,7,Y,2026-08-15T04:17:46.259Z
2021,combined,0000106,신라대학교,부산,사립,대학,11802,1112,9.4,1871,299,16,1,7,Y,2026-08-15T04:17:46.259Z
2021,combined,0000035,감리교신학대학교,서울,사립,대학,1900,109,5.7,150,5,3.3,1,4,Y,2026-08-15T04:17:46.259Z
2021,combined,0000037,건국대학교,서울,사립,대학,39777,1374,3.5,5155,428,8.3,2,23,Y,2026-08-15T04:17:46.259Z
2021,combined,0000047,경희대학교,서울,사립,대학,43208,1430,3.3,5838,419,7.2,1,20,Y,2026-08-15T04:17:46.259Z
2021,combined,0000049,고려대학교,서울,사립,대학,47637,1774,3.7,6082,545,9,2,35,Y,2026-08-15T04:17:46.259Z
2021,combined,0000053,광운대학교,서울,사립,대학,13309,609,4.6,2026,191,9.4,1,9,Y,2026-08-15T04:17:46.259Z
2021,combined,0000056,국민대학교,서울,사립,대학,25259,946,3.7,3348,279,8.3,1,22,Y,2026-08-15T04:17:46.259Z
2021,combined,0000070,덕성여자대학교,서울,사립,대학,7165,229,3.2,1118,92,8.2,1,5,Y,2026-08-15T04:17:46.259Z
2021,combined,0000071,동국대학교,서울,사립,대학,34086,1458,4.3,4852,403,8.3,2,20,Y,2026-08-15T04:17:46.259Z
2021,combined,0000072,동덕여자대학교,서울,사립,대학,8384,277,3.3,1693,148,8.7,1,7,Y,2026-08-15T04:17:46.259Z
2021,combined,0000084,삼육대학교,서울,사립,대학,7722,341,4.4,1207,72,6,1,6,Y,2026-08-15T04:17:46.259Z
2021,combined,0000085,상명대학교,서울,사립,대학,18436,972,5.3,3054,229,7.5,2,10,Y,2026-08-15T04:17:46.259Z
2021,combined,0000087,서강대학교,서울,사립,대학,15483,659,4.3,1804,217,12,1,18,Y,2026-08-15T04:17:46.259Z
2021,combined,0000088,서경대학교,서울,사립,대학,9196,465,5.1,1589,122,7.7,1,5,Y,2026-08-15T04:17:46.259Z
2021,combined,0000069,서울기독대학교,서울,사립,대학,775,81,10.5,86,11,12.8,1,6,Y,2026-08-15T04:17:46.259Z
2021,combined,0000091,서울여자대학교,서울,사립,대학,8897,328,3.7,1749,159,9.1,1,5,Y,2026-08-15T04:17:46.259Z
2021,combined,0000539,서울한영대학교,서울,사립,대학,1121,71,6.3,176,9,5.1,1,3,Y,2026-08-15T04:17:46.259Z
2021,combined,0000096,성공회대학교,서울,사립,대학,3243,159,4.9,533,38,7.1,1,8,Y,2026-08-15T04:17:46.259Z
2021,combined,0000097,성균관대학교,서울,사립,대학,34706,1293,3.7,3970,409,10.3,1,26,Y,2026-08-15T04:17:46.259Z
2021,combined,0000098,성신여자대학교,서울,사립,대학,11785,442,3.8,2434,258,10.6,1,7,Y,2026-08-15T04:17:46.259Z
2021,combined,0000100,세종대학교,서울,사립,대학,19055,1048,5.5,2816,375,13.3,1,9,Y,2026-08-15T04:17:46.259Z
2021,combined,0000103,숙명여자대학교,서울,사립,대학,15022,596,4,2408,193,8,1,12,Y,2026-08-15T04:17:46.259Z
2021,combined,0000105,숭실대학교,서울,사립,대학,22067,691,3.1,3204,215,6.7,1,10,Y,2026-08-15T04:17:46.259Z
2021,combined,0000110,연세대학교,서울,사립,대학,51571,1711,3.3,5898,368,6.2,2,33,Y,2026-08-15T04:17:46.259Z
2021,combined,0000121,이화여자대학교,서울,사립,대학,25386,784,3.1,3372,223,6.6,1,20,Y,2026-08-15T04:17:46.259Z
2021,combined,0000125,장로회신학대학교,서울,사립,대학,2584,80,3.1,152,12,7.9,1,8,Y,2026-08-15T04:17:46.259Z
2021,combined,0000129,중앙대학교,서울,사립,대학,39357,1439,3.7,5337,454,8.5,2,25,Y,2026-08-15T04:17:46.259Z
2021,combined,0000133,총신대학교,서울,사립,대학,4304,179,4.2,325,20,6.2,1,10,Y,2026-08-15T04:17:46.259Z
2021,combined,0000134,추계예술대학교,서울,사립,대학,1669,81,4.9,263,23,8.7,1,5,Y,2026-08-15T04:17:46.259Z
2021,combined,0000525,케이씨대학교,서울,사립,대학,2273,264,11.6,485,102,21,1,5,Y,2026-08-15T04:17:46.259Z
2021,combined,0000142,한국성서대학교,서울,사립,대학,1445,70,4.8,239,15,6.3,1,6,Y,2026-08-15T04:17:46.259Z
2021,combined,0000143,한국외국어대학교,서울,사립,대학,26583,1012,3.8,3820,316,8.3,1,15,Y,2026-08-15T04:17:46.259Z
2021,combined,0000150,한성대학교,서울,사립,대학,10427,364,3.5,1646,100,6.1,1,9,Y,2026-08-15T04:17:46.259Z
2021,combined,0000153,한양대학교,서울,사립,대학,46702,1616,3.5,5904,479,8.1,2,29,Y,2026-08-15T04:17:46.259Z
2021,combined,0000160,홍익대학교,서울,사립,대학,30682,1435,4.7,4187,509,12.2,2,17,Y,2026-08-15T04:17:46.259Z
2021,combined,0000066,대전가톨릭대학교,세종,사립,대학,93,6,6.5,8,0,0,1,1,Y,2026-08-15T04:17:46.259Z
2021,combined,0000117,울산대학교,울산,사립,대학,19605,887,4.5,2857,158,5.5,1,7,Y,2026-08-15T04:17:46.259Z
2021,combined,0000123,인천가톨릭대학교,인천,사립,대학,938,46,4.9,176,17,9.7,2,2,Y,2026-08-15T04:17:46.259Z
2021,combined,0000124,인하대학교,인천,사립,대학,28996,1050,3.6,4143,344,8.3,1,15,Y,2026-08-15T04:17:46.259Z
2021,combined,0000054,광주가톨릭대학교,전남,사립,대학,159,11,6.9,22,1,4.5,1,1,Y,2026-08-15T04:17:46.259Z
2021,combined,0000074,동신대학교,전남,사립,대학,8748,842,9.6,1489,325,21.8,1,5,Y,2026-08-15T04:17:46.259Z
2021,combined,0000166,목포가톨릭대학교,전남,사립,대학,570,17,3,124,3,2.4,1,0,Y,2026-08-15T04:17:46.259Z
2021,combined,0000064,세한대학교,전남,사립,대학,4985,591,11.9,858,118,13.8,1,3,Y,2026-08-15T04:17:46.259Z
2021,combined,0000114,영산선학대학교,전남,사립,대학,52,4,7.7,7,0,0,1,0,Y,2026-08-15T04:17:46.259Z
2021,combined,0000190,초당대학교,전남,사립,대학,4315,546,12.7,784,162,20.7,1,3,Y,2026-08-15T04:17:46.259Z
2021,combined,0000186,한려대학교,전남,사립,대학,424,25,5.9,60,3,5,1,0,Y,2026-08-15T04:17:46.259Z
2021,combined,0000173,예수대학교,전북,사립,대학,601,14,2.3,129,7,5.4,1,1,Y,2026-08-15T04:17:46.259Z
2021,combined,0000164,예원예술대학교,전북,사립,대학,2377,270,11.4,328,53,16.2,2,3,Y,2026-08-15T04:17:46.259Z
2021,combined,0000116,우석대학교,전북,사립,대학,10497,797,7.6,1537,129,8.4,1,5,Y,2026-08-15T04:17:46.259Z
2021,combined,0000118,원광대학교,전북,사립,대학,21936,1388,6.3,2962,185,6.2,1,9,Y,2026-08-15T04:17:46.259Z
2021,combined,0000126,전주대학교,전북,사립,대학,16852,965,5.7,2647,128,4.8,1,8,Y,2026-08-15T04:17:46.259Z
2021,combined,0000155,한일장신대학교,전북,사립,대학,1395,127,9.1,197,18,9.1,1,6,Y,2026-08-15T04:17:46.259Z
2021,combined,0000223,호원대학교,전북,사립,대학,6700,723,10.8,1217,144,11.8,1,0,Y,2026-08-15T04:17:46.259Z
2021,combined,0000192,제주국제대학교,제주,사립,대학,1321,242,18.3,112,34,30.4,1,5,Y,2026-08-15T04:17:46.259Z
2021,combined,0000038,건양대학교,충남,사립,대학,9104,426,4.7,1587,97,6.1,2,7,Y,2026-08-15T04:17:46.259Z
2021,combined,0000169,금강대학교,충남,사립,대학,464,56,12.1,29,9,31,1,2,Y,2026-08-15T04:17:46.259Z
2021,combined,0000059,나사렛대학교,충남,사립,대학,7301,385,5.3,1242,56,4.5,1,6,Y,2026-08-15T04:17:46.259Z
2021,combined,0000189,남서울대학교,충남,사립,대학,13119,704,5.4,2367,118,5,1,4,Y,2026-08-15T04:17:46.259Z
2021,combined,0000131,백석대학교,충남,사립,대학,18533,920,5,3211,174,5.4,1,9,Y,2026-08-15T04:17:46.259Z
2021,combined,0000094,선문대학교,충남,사립,대학,13114,744,5.7,2369,194,8.2,1,5,Y,2026-08-15T04:17:46.259Z
2021,combined,0000104,순천향대학교,충남,사립,대학,15187,710,4.7,2636,186,7.1,1,7,Y,2026-08-15T04:17:46.259Z
2021,combined,0000128,중부대학교,충남,사립,대학,13658,1103,8.1,1873,116,6.2,1,5,Y,2026-08-15T04:17:46.259Z
2021,combined,0000225,청운대학교,충남,사립,대학,8175,543,6.6,1162,102,8.8,1,1,Y,2026-08-15T04:17:46.259Z
2021,combined,0000141,한국기술교육대학교,충남,사립,대학,6531,276,4.2,986,68,6.9,1,7,Y,2026-08-15T04:17:46.259Z
2021,combined,0000149,한서대학교,충남,사립,대학,9714,630,6.5,1628,168,10.3,1,7,Y,2026-08-15T04:17:46.259Z
2021,combined,0000159,호서대학교,충남,사립,대학,18203,915,5,3041,211,6.9,1,15,Y,2026-08-15T04:17:46.259Z
2021,combined,0000557,가톨릭꽃동네대학교,충북,사립,대학,644,15,2.3,108,5,4.6,1,1,Y,2026-08-15T04:17:46.259Z
2021,combined,0000058,극동대학교,충북,사립,대학,4959,325,6.6,621,21,3.4,1,6,Y,2026-08-15T04:17:46.259Z
2021,combined,0000093,서원대학교,충북,사립,대학,8967,544,6.1,1663,109,6.6,1,2,Y,2026-08-15T04:17:46.259Z
2021,combined,0000099,세명대학교,충북,사립,대학,10402,648,6.2,1533,106,6.9,1,4,Y,2026-08-15T04:17:46.259Z
2021,combined,0000113,유원대학교,충북,사립,대학,4954,480,9.7,732,43,5.9,1,1,Y,2026-08-15T04:17:46.259Z
2021,combined,0000183,중원대학교,충북,사립,대학,5468,737,13.5,899,113,12.6,1,4,Y,2026-08-15T04:17:46.259Z
2021,combined,0000132,청주대학교,충북,사립,대학,16683,711,4.3,2760,122,4.4,1,6,Y,2026-08-15T04:17:46.259Z
2022,university,0000513,가톨릭관동대학교,강원,사립,대학,10959,850,7.8,1563,157,10,1,0,Y,2026-08-15T04:17:46.259Z
2022,university,0000041,경동대학교,강원,사립,대학,9123,574,6.3,1755,120,6.8,4,0,Y,2026-08-15T04:17:46.259Z
2022,university,0000086,상지대학교,강원,사립,대학,9482,819,8.6,1540,189,12.3,1,0,Y,2026-08-15T04:17:46.259Z
2022,university,0000147,한라대학교,강원,사립,대학,4479,347,7.7,577,59,10.2,1,0,Y,2026-08-15T04:17:46.259Z
2022,university,0000148,한림대학교,강원,사립,대학,10365,448,4.3,1873,111,5.9,1,0,Y,2026-08-15T04:17:46.259Z
2022,university,0000044,가천대학교,경기,사립,대학,26126,945,3.6,4675,330,7.1,1,0,Y,2026-08-15T04:17:46.259Z
2022,university,0000034,가톨릭대학교,경기,사립,대학,10660,371,3.5,2003,136,6.8,3,0,Y,2026-08-15T04:17:46.259Z
2022,university,0000036,강남대학교,경기,사립,대학,8713,476,5.5,1589,142,8.9,1,0,Y,2026-08-15T04:17:46.259Z
2022,university,0000039,경기대학교,경기,사립,대학,18688,782,4.2,3181,209,6.6,2,0,Y,2026-08-15T04:17:46.259Z
2022,university,0000060,단국대학교,경기,사립,대학,29671,1119,3.8,5139,404,7.9,2,0,Y,2026-08-15T04:17:46.259Z
2022,university,0000068,대진대학교,경기,사립,대학,10209,509,5,1900,168,8.8,1,0,Y,2026-08-15T04:17:46.259Z
2022,university,0000078,루터대학교,경기,사립,대학,393,48,12.2,88,14,15.9,1,0,Y,2026-08-15T04:17:46.259Z
2022,university,0000079,명지대학교,경기,사립,대학,19426,890,4.6,3101,264,8.5,2,0,Y,2026-08-15T04:17:46.259Z
2022,university,0000090,서울신학대학교,경기,사립,대학,2573,153,5.9,479,42,8.8,1,0,Y,2026-08-15T04:17:46.259Z
2022,university,0000092,서울장신대학교,경기,사립,대학,453,36,7.9,68,5,7.4,1,0,Y,2026-08-15T04:17:46.259Z
2022,university,0000095,성결대학교,경기,사립,대학,7056,379,5.4,1297,109,8.4,1,0,Y,2026-08-15T04:17:46.259Z
2022,university,0000101,수원가톨릭대학교,경기,사립,대학,171,9,5.3,24,0,0,1,0,Y,2026-08-15T04:17:46.259Z
2022,university,0000102,수원대학교,경기,사립,대학,11964,702,5.9,2249,216,9.6,1,0,Y,2026-08-15T04:17:46.259Z
2022,university,0000509,신한대학교,경기,사립,대학,8295,425,5.1,1496,101,6.8,2,0,Y,2026-08-15T04:17:46.259Z
2022,university,0000558,아신대학교,경기,사립,대학,573,63,11,50,7,14,1,0,Y,2026-08-15T04:17:46.259Z
2022,university,0000108,아주대학교,경기,사립,대학,13541,464,3.4,2176,171,7.9,1,0,Y,2026-08-15T04:17:46.259Z
2022,university,0000109,안양대학교,경기,사립,대학,6520,337,5.2,1220,93,7.6,2,0,Y,2026-08-15T04:17:46.259Z
2022,university,0000115,용인대학교,경기,사립,대학,7755,462,6,1340,96,7.2,1,0,Y,2026-08-15T04:17:46.259Z
2022,university,0000130,중앙승가대학교,경기,사립,대학,108,16,14.8,19,6,31.6,1,0,Y,2026-08-15T04:17:46.259Z
2022,university,0000139,차의과학대학교,경기,사립,대학,2658,155,5.8,539,68,12.6,1,0,Y,2026-08-15T04:17:46.259Z
2022,university,0000136,칼빈대학교,경기,사립,대학,563,64,11.4,98,7,7.1,1,0,Y,2026-08-15T04:17:46.259Z
2022,university,0000138,평택대학교,경기,사립,대학,4456,396,8.9,813,94,11.6,1,0,Y,2026-08-15T04:17:46.259Z
2022,university,0000562,한국공학대학교,경기,사립,대학,9826,502,5.1,1834,166,9.1,1,0,Y,2026-08-15T04:17:46.259Z
2022,university,0000144,한국항공대학교,경기,사립,대학,5917,231,3.9,993,78,7.9,1,0,Y,2026-08-15T04:17:46.259Z
2022,university,0000151,한세대학교,경기,사립,대학,3304,188,5.7,611,53,8.7,1,0,Y,2026-08-15T04:17:46.259Z
2022,university,0000152,한신대학교,경기,사립,대학,7588,483,6.4,1240,84,6.8,1,0,Y,2026-08-15T04:17:46.259Z
2022,university,0000156,협성대학교,경기,사립,대학,5383,346,6.4,1070,94,8.8,1,0,Y,2026-08-15T04:17:46.259Z
2022,university,0000567,화성의과학대학교,경기,사립,대학,586,53,9,71,10,14.1,1,0,Y,2026-08-15T04:17:46.259Z
2022,university,0000032,가야대학교,경남,사립,대학,2355,218,9.3,383,36,9.4,2,0,Y,2026-08-15T04:17:46.259Z
2022,university,0000040,경남대학교,경남,사립,대학,14486,935,6.5,1920,114,5.9,1,0,Y,2026-08-15T04:17:46.259Z
2022,university,0000167,부산장신대학교,경남,사립,대학,180,26,14.4,32,3,9.4,1,0,Y,2026-08-15T04:17:46.259Z
2022,university,0000181,영산대학교,경남,사립,대학,0,0,,0,0,,2,0,N,2026-08-15T04:17:46.259Z
2022,university,0000122,인제대학교,경남,사립,대학,10615,700,6.6,1540,108,7,2,0,Y,2026-08-15T04:17:46.259Z
2022,university,0000193,창신대학교,경남,사립,대학,2170,216,10,343,26,7.6,1,0,Y,2026-08-15T04:17:46.259Z
2022,university,0000174,한국국제대학교,경남,사립,대학,0,0,,0,0,,1,0,N,2026-08-15T04:17:46.259Z
2022,university,0000188,경운대학교,경북,사립,대학,5772,624,10.8,1131,169,14.9,1,0,Y,2026-08-15T04:17:46.259Z
2022,university,0000045,경일대학교,경북,사립,대학,9311,778,8.4,1645,198,12,1,0,Y,2026-08-15T04:17:46.259Z
2022,university,0000046,경주대학교,경북,사립,대학,957,252,26.3,214,108,50.5,1,0,Y,2026-08-15T04:17:46.259Z
2022,university,0000185,김천대학교,경북,사립,대학,3325,458,13.8,645,178,27.6,1,0,Y,2026-08-15T04:17:46.259Z
2022,university,0000063,대구가톨릭대학교,경북,사립,대학,15333,988,6.4,2760,188,6.8,1,0,Y,2026-08-15T04:17:46.259Z
2022,university,0000061,대구대학교,경북,사립,대학,22207,1480,6.7,3819,237,6.2,1,0,Y,2026-08-15T04:17:46.259Z
2022,university,0000062,대구예술대학교,경북,사립,대학,1004,155,15.4,77,9,11.7,1,0,Y,2026-08-15T04:17:46.259Z
2022,university,0000042,대구한의대학교,경북,사립,대학,8113,673,8.3,1612,228,14.1,1,0,Y,2026-08-15T04:17:46.259Z
2022,university,0000065,대신대학교,경북,사립,대학,605,50,8.3,117,7,6,1,0,Y,2026-08-15T04:17:46.259Z
2022,university,0000076,동양대학교,경북,사립,대학,5159,469,9.1,994,119,12,2,0,Y,2026-08-15T04:17:46.259Z
2022,university,0000111,영남대학교,경북,사립,대학,28429,1283,4.5,4859,282,5.8,1,0,Y,2026-08-15T04:17:46.259Z
2022,university,0000112,영남신학대학교,경북,사립,대학,501,40,8,100,12,12,1,0,Y,2026-08-15T04:17:46.259Z
2022,university,0000119,위덕대학교,경북,사립,대학,3317,437,13.2,693,133,19.2,1,0,Y,2026-08-15T04:17:46.259Z
2022,university,0000140,포항공과대학교,경북,사립,대학,1675,36,2.1,329,18,5.5,1,0,Y,2026-08-15T04:17:46.259Z
2022,university,0000146,한동대학교,경북,사립,대학,5333,157,2.9,813,14,1.7,1,0,Y,2026-08-15T04:17:46.259Z
2022,university,0000052,광신대학교,광주,사립,대학,534,54,10.1,122,26,21.3,1,0,Y,2026-08-15T04:17:46.259Z
2022,university,0000176,광주대학교,광주,사립,대학,8209,963,11.7,1560,386,24.7,1,0,Y,2026-08-15T04:17:46.259Z
2022,university,0000055,광주여자대학교,광주,사립,대학,3982,301,7.6,908,145,16,1,0,Y,2026-08-15T04:17:46.259Z
2022,university,0000162,남부대학교,광주,사립,대학,3609,304,8.4,636,79,12.4,1,0,Y,2026-08-15T04:17:46.259Z
2022,university,0000187,송원대학교,광주,사립,대학,3713,610,16.4,733,186,25.4,1,0,Y,2026-08-15T04:17:46.259Z
2022,university,0000127,조선대학교,광주,사립,대학,25907,1308,5,4652,262,5.6,1,0,Y,2026-08-15T04:17:46.259Z
2022,university,0000157,호남대학교,광주,사립,대학,8926,671,7.5,1549,133,8.6,1,0,Y,2026-08-15T04:17:46.259Z
2022,university,0000158,호남신학대학교,광주,사립,대학,814,40,4.9,119,12,10.1,1,0,Y,2026-08-15T04:17:46.259Z
2022,university,0000048,계명대학교,대구,사립,대학,29306,1513,5.2,4898,284,5.8,1,0,Y,2026-08-15T04:17:46.259Z
2022,university,0000067,대전대학교,대전,사립,대학,11959,727,6.1,2042,158,7.7,1,0,Y,2026-08-15T04:17:46.259Z
2022,university,0000182,대전신학대학교,대전,사립,대학,71,10,14.1,8,0,0,1,0,Y,2026-08-15T04:17:46.259Z
2022,university,0000080,목원대학교,대전,사립,대학,9764,671,6.9,1885,155,8.2,1,0,Y,2026-08-15T04:17:46.259Z
2022,university,0000081,배재대학교,대전,사립,대학,10218,875,8.6,1989,185,9.3,1,0,Y,2026-08-15T04:17:46.259Z
2022,university,0000184,우송대학교,대전,사립,대학,12422,582,4.7,2218,102,4.6,1,0,Y,2026-08-15T04:17:46.259Z
2022,university,0000120,을지대학교,대전,사립,대학,5461,190,3.5,1123,61,5.4,3,0,Y,2026-08-15T04:17:46.259Z
2022,university,0000551,한국침례신학대학교,대전,사립,대학,1208,75,6.2,186,7,3.8,1,0,Y,2026-08-15T04:17:46.259Z
2022,university,0000145,한남대학교,대전,사립,대학,15444,866,5.6,2928,208,7.1,1,0,Y,2026-08-15T04:17:46.259Z
2022,university,0000043,경성대학교,부산,사립,대학,16076,899,5.6,2963,175,5.9,1,0,Y,2026-08-15T04:17:46.259Z
2022,university,0000050,고신대학교,부산,사립,대학,4283,412,9.6,823,128,15.6,1,0,Y,2026-08-15T04:17:46.259Z
2022,university,0000180,동명대학교,부산,사립,대학,10619,1230,11.6,1518,195,12.8,1,0,Y,2026-08-15T04:17:46.259Z
2022,university,0000073,동서대학교,부산,사립,대학,12871,821,6.4,2090,133,6.4,1,0,Y,2026-08-15T04:17:46.259Z
2022,university,0000075,동아대학교,부산,사립,대학,24717,1010,4.1,4388,206,4.7,1,0,Y,2026-08-15T04:17:46.259Z
2022,university,0000077,동의대학교,부산,사립,대학,20322,1235,6.1,3826,259,6.8,1,0,Y,2026-08-15T04:17:46.259Z
2022,university,0000082,부산가톨릭대학교,부산,사립,대학,4352,225,5.2,764,32,4.2,1,0,Y,2026-08-15T04:17:46.259Z
2022,university,0000083,부산외국어대학교,부산,사립,대학,10261,609,5.9,1455,108,7.4,1,0,Y,2026-08-15T04:17:46.259Z
2022,university,0000106,신라대학교,부산,사립,대학,9607,935,9.7,1422,95,6.7,1,0,Y,2026-08-15T04:17:46.259Z
2022,university,0000035,감리교신학대학교,서울,사립,대학,925,61,6.6,94,7,7.4,1,0,Y,2026-08-15T04:17:46.259Z
2022,university,0000565,강서대학교,서울,사립,대학,1913,137,7.2,338,60,17.8,1,0,Y,2026-08-15T04:17:46.259Z
2022,university,0000037,건국대학교,서울,사립,대학,32713,1098,3.4,5145,429,8.3,2,0,Y,2026-08-15T04:17:46.259Z
2022,university,0000047,경희대학교,서울,사립,대학,33980,1151,3.4,5798,537,9.3,1,0,Y,2026-08-15T04:17:46.259Z
2022,university,0000049,고려대학교,서울,사립,대학,35856,1392,3.9,6147,574,9.3,2,0,Y,2026-08-15T04:17:46.259Z
2022,university,0000053,광운대학교,서울,사립,대학,11633,464,4,1957,166,8.5,1,0,Y,2026-08-15T04:17:46.259Z
2022,university,0000056,국민대학교,서울,사립,대학,20917,658,3.1,3463,264,7.6,1,0,Y,2026-08-15T04:17:46.259Z
2022,university,0000070,덕성여자대학교,서울,사립,대학,6610,272,4.1,1210,140,11.6,1,0,Y,2026-08-15T04:17:46.259Z
2022,university,0000071,동국대학교,서울,사립,대학,28653,1137,4,5061,461,9.1,2,0,Y,2026-08-15T04:17:46.259Z
2022,university,0000072,동덕여자대학교,서울,사립,대학,8054,318,3.9,1747,201,11.5,1,0,Y,2026-08-15T04:17:46.259Z
2022,university,0000084,삼육대학교,서울,사립,대학,7062,255,3.6,1224,79,6.5,1,0,Y,2026-08-15T04:17:46.259Z
2022,university,0000085,상명대학교,서울,사립,대학,16491,673,4.1,3012,239,7.9,2,0,Y,2026-08-15T04:17:46.259Z
2022,university,0000087,서강대학교,서울,사립,대학,11679,432,3.7,1826,230,12.6,1,0,Y,2026-08-15T04:17:46.259Z
2022,university,0000088,서경대학교,서울,사립,대학,8623,408,4.7,1618,134,8.3,1,0,Y,2026-08-15T04:17:46.259Z
2022,university,0000069,서울기독대학교,서울,사립,대학,497,40,8,68,11,16.2,1,0,Y,2026-08-15T04:17:46.259Z
2022,university,0000091,서울여자대학교,서울,사립,대학,8639,349,4,1759,202,11.5,1,0,Y,2026-08-15T04:17:46.259Z
2022,university,0000539,서울한영대학교,서울,사립,대학,885,105,11.9,178,29,16.3,1,0,Y,2026-08-15T04:17:46.259Z
2022,university,0000096,성공회대학교,서울,사립,대학,2813,150,5.3,529,39,7.4,1,0,Y,2026-08-15T04:17:46.259Z
2022,university,0000097,성균관대학교,서울,사립,대학,25049,798,3.2,4149,404,9.7,1,0,Y,2026-08-15T04:17:46.259Z
2022,university,0000098,성신여자대학교,서울,사립,대학,10754,401,3.7,2436,249,10.2,1,0,Y,2026-08-15T04:17:46.259Z
2022,university,0000100,세종대학교,서울,사립,대학,15920,732,4.6,2879,339,11.8,1,0,Y,2026-08-15T04:17:46.259Z
2022,university,0000103,숙명여자대학교,서울,사립,대학,11994,397,3.3,2452,212,8.6,1,0,Y,2026-08-15T04:17:46.259Z
2022,university,0000105,숭실대학교,서울,사립,대학,19486,625,3.2,3206,263,8.2,1,0,Y,2026-08-15T04:17:46.259Z
2022,university,0000110,연세대학교,서울,사립,대학,36760,1207,3.3,5556,496,8.9,2,0,Y,2026-08-15T04:17:46.259Z
2022,university,0000121,이화여자대학교,서울,사립,대학,18994,476,2.5,3487,220,6.3,1,0,Y,2026-08-15T04:17:46.259Z
2022,university,0000125,장로회신학대학교,서울,사립,대학,816,35,4.3,155,8,5.2,1,0,Y,2026-08-15T04:17:46.259Z
2022,university,0000129,중앙대학교,서울,사립,대학,32241,1176,3.6,5365,516,9.6,2,0,Y,2026-08-15T04:17:46.259Z
2022,university,0000133,총신대학교,서울,사립,대학,1824,63,3.5,333,16,4.8,1,0,Y,2026-08-15T04:17:46.259Z
2022,university,0000134,추계예술대학교,서울,사립,대학,1401,77,5.5,272,27,9.9,1,0,Y,2026-08-15T04:17:46.259Z
2022,university,0000142,한국성서대학교,서울,사립,대학,1209,69,5.7,240,20,8.3,1,0,Y,2026-08-15T04:17:46.259Z
2022,university,0000143,한국외국어대학교,서울,사립,대학,22720,912,4,3821,413,10.8,1,0,Y,2026-08-15T04:17:46.259Z
2022,university,0000150,한성대학교,서울,사립,대학,9484,393,4.1,1646,145,8.8,1,0,Y,2026-08-15T04:17:46.259Z
2022,university,0000153,한양대학교,서울,사립,대학,36248,1163,3.2,6077,510,8.4,2,0,Y,2026-08-15T04:17:46.259Z
2022,university,0000160,홍익대학교,서울,사립,대학,25196,1069,4.2,4259,461,10.8,2,0,Y,2026-08-15T04:17:46.259Z
2022,university,0000066,대전가톨릭대학교,세종,사립,대학,50,3,6,12,1,8.3,1,0,Y,2026-08-15T04:17:46.259Z
2022,university,0000117,울산대학교,울산,사립,대학,16938,836,4.9,2896,156,5.4,1,0,Y,2026-08-15T04:17:46.259Z
2022,university,0000123,인천가톨릭대학교,인천,사립,대학,830,46,5.5,174,23,13.2,2,0,Y,2026-08-15T04:17:46.259Z
2022,university,0000124,인하대학교,인천,사립,대학,24968,790,3.2,4041,276,6.8,1,0,Y,2026-08-15T04:17:46.259Z
2022,university,0000054,광주가톨릭대학교,전남,사립,대학,114,10,8.8,12,0,0,1,0,Y,2026-08-15T04:17:46.259Z
2022,university,0000074,동신대학교,전남,사립,대학,7718,875,11.3,1529,356,23.3,1,0,Y,2026-08-15T04:17:46.259Z
2022,university,0000166,목포가톨릭대학교,전남,사립,대학,566,14,2.5,126,6,4.8,1,0,Y,2026-08-15T04:17:46.259Z
2022,university,0000064,세한대학교,전남,사립,대학,4399,300,6.8,836,79,9.4,1,0,Y,2026-08-15T04:17:46.259Z
2022,university,0000114,영산선학대학교,전남,사립,대학,53,2,3.8,8,2,25,1,0,Y,2026-08-15T04:17:46.259Z
2022,university,0000190,초당대학교,전남,사립,대학,3931,667,17,824,232,28.2,1,0,Y,2026-08-15T04:17:46.259Z
2022,university,0000173,예수대학교,전북,사립,대학,593,12,2,121,2,1.7,1,0,Y,2026-08-15T04:17:46.259Z
2022,university,0000164,예원예술대학교,전북,사립,대학,1819,204,11.2,293,30,10.2,2,0,Y,2026-08-15T04:17:46.259Z
2022,university,0000116,우석대학교,전북,사립,대학,8999,793,8.8,1475,168,11.4,1,0,Y,2026-08-15T04:17:46.259Z
2022,university,0000118,원광대학교,전북,사립,대학,18956,1265,6.7,2990,202,6.8,1,0,Y,2026-08-15T04:17:46.259Z
2022,university,0000126,전주대학교,전북,사립,대학,15247,1044,6.8,2677,193,7.2,1,0,Y,2026-08-15T04:17:46.259Z
2022,university,0000155,한일장신대학교,전북,사립,대학,1035,117,11.3,222,27,12.2,1,0,Y,2026-08-15T04:17:46.259Z
2022,university,0000223,호원대학교,전북,사립,대학,6644,745,11.2,1376,211,15.3,1,0,Y,2026-08-15T04:17:46.259Z
2022,university,0000192,제주국제대학교,제주,사립,대학,796,174,21.9,61,20,32.8,1,0,Y,2026-08-15T04:17:46.259Z
2022,university,0000038,건양대학교,충남,사립,대학,8116,436,5.4,1651,137,8.3,2,0,Y,2026-08-15T04:17:46.259Z
2022,university,0000169,금강대학교,충남,사립,대학,339,54,15.9,33,15,45.5,1,0,Y,2026-08-15T04:17:46.259Z
2022,university,0000059,나사렛대학교,충남,사립,대학,6491,429,6.6,1306,87,6.7,1,0,Y,2026-08-15T04:17:46.259Z
2022,university,0000189,남서울대학교,충남,사립,대학,12456,731,5.9,2335,165,7.1,1,0,Y,2026-08-15T04:17:46.259Z
2022,university,0000131,백석대학교,충남,사립,대학,15612,814,5.2,3160,210,6.6,1,0,Y,2026-08-15T04:17:46.259Z
2022,university,0000094,선문대학교,충남,사립,대학,12554,893,7.1,2236,245,11,1,0,Y,2026-08-15T04:17:46.259Z
2022,university,0000104,순천향대학교,충남,사립,대학,14011,761,5.4,2673,228,8.5,1,0,Y,2026-08-15T04:17:46.259Z
2022,university,0000128,중부대학교,충남,사립,대학,11247,954,8.5,1816,157,8.6,1,0,Y,2026-08-15T04:17:46.259Z
2022,university,0000225,청운대학교,충남,사립,대학,7614,678,8.9,1288,142,11,1,0,Y,2026-08-15T04:17:46.259Z
2022,university,0000141,한국기술교육대학교,충남,사립,대학,5923,268,4.5,983,88,9,1,0,Y,2026-08-15T04:17:46.259Z
2022,university,0000149,한서대학교,충남,사립,대학,8857,559,6.3,1589,154,9.7,1,0,Y,2026-08-15T04:17:46.259Z
2022,university,0000159,호서대학교,충남,사립,대학,16155,923,5.7,3087,304,9.8,1,0,Y,2026-08-15T04:17:46.259Z
2022,university,0000557,가톨릭꽃동네대학교,충북,사립,대학,545,24,4.4,108,7,6.5,1,0,Y,2026-08-15T04:17:46.259Z
2022,university,0000058,극동대학교,충북,사립,대학,4397,338,7.7,582,47,8.1,1,0,Y,2026-08-15T04:17:46.259Z
2022,university,0000093,서원대학교,충북,사립,대학,8630,489,5.7,1745,133,7.6,1,0,Y,2026-08-15T04:17:46.259Z
2022,university,0000099,세명대학교,충북,사립,대학,9553,719,7.5,1566,175,11.2,1,0,Y,2026-08-15T04:17:46.259Z
2022,university,0000113,유원대학교,충북,사립,대학,4773,636,13.3,905,136,15,1,0,Y,2026-08-15T04:17:46.259Z
2022,university,0000183,중원대학교,충북,사립,대학,4819,663,13.8,770,135,17.5,1,0,Y,2026-08-15T04:17:46.259Z
2022,university,0000132,청주대학교,충북,사립,대학,15767,767,4.9,2784,178,6.4,1,0,Y,2026-08-15T04:17:46.259Z
2022,junior-college,0000347,강릉영동대학교,강원,사립,전문대학,4092,199,4.9,866,127,14.7,1,0,Y,2026-08-15T04:17:46.259Z
2022,junior-college,0000378,강원관광대학교,강원,사립,전문대학,504,43,8.5,104,11,10.6,1,0,Y,2026-08-15T04:17:46.259Z
2022,junior-college,0000348,세경대학교,강원,사립,전문대학,1109,71,6.4,408,30,7.4,1,0,Y,2026-08-15T04:17:46.259Z
2022,junior-college,0000393,송곡대학교,강원,사립,전문대학,840,148,17.6,287,64,22.3,1,0,Y,2026-08-15T04:17:46.259Z
2022,junior-college,0000390,송호대학교,강원,사립,전문대학,951,187,19.7,308,42,13.6,1,0,Y,2026-08-15T04:17:46.259Z
2022,junior-college,0000542,한국골프대학교,강원,사립,전문대학,747,172,23,190,14,7.4,1,0,Y,2026-08-15T04:17:46.259Z
2022,junior-college,0000383,한림성심대학교,강원,사립,전문대학,3957,235,5.9,1095,55,5,1,0,Y,2026-08-15T04:17:46.259Z
2022,junior-college,0000387,경기과학기술대학교,경기,사립,전문대학,7362,615,8.4,2068,180,8.7,1,0,Y,2026-08-15T04:17:46.259Z
2022,junior-college,0000255,경민대학교,경기,사립,전문대학,6366,334,5.2,1821,113,6.2,1,0,Y,2026-08-15T04:17:46.259Z
2022,junior-college,0000259,경복대학교,경기,사립,전문대학,7813,393,5,2354,119,5.1,1,0,Y,2026-08-15T04:17:46.259Z
2022,junior-college,0000264,계원예술대학교,경기,사립,전문대학,3915,251,6.4,1233,81,6.6,1,0,Y,2026-08-15T04:17:46.259Z
2022,junior-college,0000379,국제대학교,경기,사립,전문대학,4569,825,18.1,1401,476,34,1,0,Y,2026-08-15T04:17:46.259Z
2022,junior-college,0000277,김포대학교,경기,사립,전문대학,3210,428,13.3,744,92,12.4,1,0,Y,2026-08-15T04:17:46.259Z
2022,junior-college,0000278,농협대학교,경기,사립,전문대학,489,13,2.7,153,4,2.6,1,0,Y,2026-08-15T04:17:46.259Z
2022,junior-college,0000285,대림대학교,경기,사립,전문대학,10357,562,5.4,3204,186,5.8,1,0,Y,2026-08-15T04:17:46.259Z
2022,junior-college,0000294,동남보건대학교,경기,사립,전문대학,5602,306,5.5,1801,143,7.9,1,0,Y,2026-08-15T04:17:46.259Z
2022,junior-college,0000287,동서울대학교,경기,사립,전문대학,8226,660,8,2701,214,7.9,1,0,Y,2026-08-15T04:17:46.259Z
2022,junior-college,0000298,동아방송예술대학교,경기,사립,전문대학,4216,240,5.7,1245,77,6.2,1,0,Y,2026-08-15T04:17:46.259Z
2022,junior-college,0000302,동원대학교,경기,사립,전문대학,4069,564,13.9,1224,127,10.4,1,0,Y,2026-08-15T04:17:46.259Z
2022,junior-college,0000305,두원공과대학교,경기,사립,전문대학,4530,523,11.5,739,67,9.1,1,0,Y,2026-08-15T04:17:46.259Z
2022,junior-college,0000316,부천대학교,경기,사립,전문대학,10125,590,5.8,3419,209,6.1,1,0,Y,2026-08-15T04:17:46.259Z
2022,junior-college,0000323,서울예술대학교,경기,사립,전문대학,4169,122,2.9,1155,28,2.4,1,0,Y,2026-08-15T04:17:46.259Z
2022,junior-college,0000392,서정대학교,경기,사립,전문대학,9146,840,9.2,2675,173,6.5,1,0,Y,2026-08-15T04:17:46.259Z
2022,junior-college,0000330,수원과학대학교,경기,사립,전문대학,6310,768,12.2,1626,265,16.3,1,0,Y,2026-08-15T04:17:46.259Z
2022,junior-college,0000329,수원여자대학교,경기,사립,전문대학,4184,249,6,1525,117,7.7,1,0,Y,2026-08-15T04:17:46.259Z
2022,junior-college,0000334,신구대학교,경기,사립,전문대학,8328,600,7.2,2825,257,9.1,1,0,Y,2026-08-15T04:17:46.259Z
2022,junior-college,0000339,신안산대학교,경기,사립,전문대학,4305,547,12.7,1161,161,13.9,1,0,Y,2026-08-15T04:17:46.259Z
2022,junior-college,0000340,안산대학교,경기,사립,전문대학,5344,320,6,1781,123,6.9,1,0,Y,2026-08-15T04:17:46.259Z
2022,junior-college,0000343,여주대학교,경기,사립,전문대학,5893,563,9.6,1519,149,9.8,1,0,Y,2026-08-15T04:17:46.259Z
2022,junior-college,0000341,연성대학교,경기,사립,전문대학,8275,395,4.8,2695,152,5.6,1,0,Y,2026-08-15T04:17:46.259Z
2022,junior-college,0000350,오산대학교,경기,사립,전문대학,6218,532,8.6,1861,144,7.7,1,0,Y,2026-08-15T04:17:46.259Z
2022,junior-college,0000559,용인예술과학대학교,경기,사립,전문대학,4405,506,11.5,1174,117,10,1,0,Y,2026-08-15T04:17:46.259Z
2022,junior-college,0000394,웅지세무대학교,경기,사립,전문대학,1189,144,12.1,127,22,17.3,1,0,Y,2026-08-15T04:17:46.259Z
2022,junior-college,0000355,유한대학교,경기,사립,전문대학,7570,454,6,2184,131,6,1,0,Y,2026-08-15T04:17:46.259Z
2022,junior-college,0000358,장안대학교,경기,사립,전문대학,5040,704,14,1259,156,12.4,1,0,Y,2026-08-15T04:17:46.259Z
2022,junior-college,0000374,청강문화산업대학교,경기,사립,전문대학,5101,211,4.1,1426,58,4.1,1,0,Y,2026-08-15T04:17:46.259Z
2022,junior-college,0000391,한국관광대학교,경기,사립,전문대학,2306,135,5.9,647,44,6.8,1,0,Y,2026-08-15T04:17:46.259Z
2022,junior-college,0000251,거제대학교,경남,사립,전문대학,1279,92,7.2,306,18,5.9,1,0,Y,2026-08-15T04:17:46.259Z
2022,junior-college,0000395,김해대학교,경남,사립,전문대학,1704,151,8.9,528,59,11.2,1,0,Y,2026-08-15T04:17:46.259Z
2022,junior-college,0000342,동원과학기술대학교,경남,사립,전문대학,3100,264,8.5,989,111,11.2,1,0,Y,2026-08-15T04:17:46.259Z
2022,junior-college,0000306,마산대학교,경남,사립,전문대학,6791,503,7.4,2145,171,8,1,0,Y,2026-08-15T04:17:46.259Z
2022,junior-college,0000530,연암공과대학교,경남,사립,전문대학,2424,181,7.5,543,18,3.3,1,0,Y,2026-08-15T04:17:46.259Z
2022,junior-college,0000369,진주보건대학교,경남,사립,전문대학,2944,161,5.5,853,51,6,1,0,Y,2026-08-15T04:17:46.259Z
2022,junior-college,0000528,창원문성대학교,경남,사립,전문대학,2418,889,36.8,440,41,9.3,1,0,Y,2026-08-15T04:17:46.259Z
2022,junior-college,0000396,한국승강기대학교,경남,사립,전문대학,1278,119,9.3,317,44,13.9,1,0,Y,2026-08-15T04:17:46.259Z
2022,junior-college,0000249,가톨릭상지대학교,경북,사립,전문대학,2376,223,9.4,754,89,11.8,1,0,Y,2026-08-15T04:17:46.259Z
2022,junior-college,0000293,경북과학대학교,경북,사립,전문대학,1985,283,14.3,814,181,22.2,1,0,Y,2026-08-15T04:17:46.259Z
2022,junior-college,0000523,경북보건대학교,경북,사립,전문대학,1457,80,5.5,425,35,8.2,1,0,Y,2026-08-15T04:17:46.259Z
2022,junior-college,0000258,경북전문대학교,경북,사립,전문대학,3345,170,5.1,1124,55,4.9,1,0,Y,2026-08-15T04:17:46.259Z
2022,junior-college,0000268,구미대학교,경북,사립,전문대학,6792,532,7.8,2455,203,8.3,1,0,Y,2026-08-15T04:17:46.259Z
2022,junior-college,0000279,대경대학교,경북,사립,전문대학,4822,719,14.9,1756,225,12.8,1,0,Y,2026-08-15T04:17:46.259Z
2022,junior-college,0000309,문경대학교,경북,사립,전문대학,1051,80,7.6,296,22,7.4,1,0,Y,2026-08-15T04:17:46.259Z
2022,junior-college,0000262,서라벌대학교,경북,사립,전문대학,679,61,9,211,28,13.3,1,0,Y,2026-08-15T04:17:46.259Z
2022,junior-college,0000380,선린대학교,경북,사립,전문대학,2696,206,7.6,776,80,10.3,1,0,Y,2026-08-15T04:17:46.259Z
2022,junior-college,0000547,성운대학교,경북,사립,전문대학,1573,174,11.1,811,110,13.6,1,0,Y,2026-08-15T04:17:46.259Z
2022,junior-college,0000338,안동과학대학교,경북,사립,전문대학,2808,275,9.8,786,27,3.4,1,0,Y,2026-08-15T04:17:46.259Z
2022,junior-college,0000257,영남외국어대학,경북,사립,전문대학,395,28,7.1,138,18,13,1,0,Y,2026-08-15T04:17:46.259Z
2022,junior-college,0000381,포항대학교,경북,사립,전문대학,2020,183,9.1,643,64,10,1,0,Y,2026-08-15T04:17:46.259Z
2022,junior-college,0000522,호산대학교,경북,사립,전문대학,2093,189,9,667,69,10.3,1,0,Y,2026-08-15T04:17:46.259Z
2022,junior-college,0000267,광주보건대학교,광주,사립,전문대학,4672,252,5.4,1432,75,5.2,1,0,Y,2026-08-15T04:17:46.259Z
2022,junior-college,0000273,기독간호대학교,광주,사립,전문대학,659,10,1.5,166,3,1.8,1,0,Y,2026-08-15T04:17:46.259Z
2022,junior-college,0000297,동강대학교,광주,사립,전문대학,3132,444,14.2,1160,237,20.4,1,0,Y,2026-08-15T04:17:46.259Z
2022,junior-college,0000320,서영대학교,광주,사립,전문대학,7150,436,6.1,2207,156,7.1,1,0,Y,2026-08-15T04:17:46.259Z
2022,junior-college,0000366,조선간호대학교,광주,사립,전문대학,815,20,2.5,193,8,4.1,1,0,Y,2026-08-15T04:17:46.259Z
2022,junior-college,0000365,조선이공대학교,광주,사립,전문대학,5176,514,9.9,1507,131,8.7,1,0,Y,2026-08-15T04:17:46.259Z
2022,junior-college,0000263,계명문화대학교,대구,사립,전문대학,6392,515,8.1,2073,143,6.9,1,0,Y,2026-08-15T04:17:46.259Z
2022,junior-college,0000280,대구공업대학교,대구,사립,전문대학,1932,304,15.7,527,51,9.7,1,0,Y,2026-08-15T04:17:46.259Z
2022,junior-college,0000283,대구과학대학교,대구,사립,전문대학,4887,358,7.3,1753,130,7.4,1,0,Y,2026-08-15T04:17:46.259Z
2022,junior-college,0000281,대구보건대학교,대구,사립,전문대학,8467,503,5.9,2686,176,6.6,1,0,Y,2026-08-15T04:17:46.259Z
2022,junior-college,0000282,수성대학교,대구,사립,전문대학,4302,386,9,1413,139,9.8,1,0,Y,2026-08-15T04:17:46.259Z
2022,junior-college,0000346,영남이공대학교,대구,사립,전문대학,8201,712,8.7,2724,223,8.2,1,0,Y,2026-08-15T04:17:46.259Z
2022,junior-college,0000349,영진전문대학교,대구,사립,전문대학,10948,1236,11.3,3315,392,11.8,1,0,Y,2026-08-15T04:17:46.259Z
2022,junior-college,0000376,대덕대학교,대전,사립,전문대학,3460,541,15.6,884,166,18.8,1,0,Y,2026-08-15T04:17:46.259Z
2022,junior-college,0000512,대전과학기술대학교,대전,사립,전문대학,4766,561,11.8,1521,242,15.9,1,0,Y,2026-08-15T04:17:46.259Z
2022,junior-college,0000288,대전보건대학교,대전,사립,전문대학,6432,445,6.9,1867,100,5.4,1,0,Y,2026-08-15T04:17:46.259Z
2022,junior-college,0000289,우송정보대학,대전,사립,전문대학,5192,665,12.8,1485,157,10.6,1,0,Y,2026-08-15T04:17:46.259Z
2022,junior-college,0000253,경남정보대학교,부산,사립,전문대학,10129,952,9.4,2745,208,7.6,1,0,Y,2026-08-15T04:17:46.259Z
2022,junior-college,0000284,대동대학교,부산,사립,전문대학,1747,95,5.4,473,27,5.7,1,0,Y,2026-08-15T04:17:46.259Z
2022,junior-college,0000303,동의과학대학교,부산,사립,전문대학,6636,931,14,1807,176,9.7,1,0,Y,2026-08-15T04:17:46.259Z
2022,junior-college,0000304,동주대학교,부산,사립,전문대학,3337,289,8.7,942,60,6.4,1,0,Y,2026-08-15T04:17:46.259Z
2022,junior-college,0000313,부산경상대학교,부산,사립,전문대학,3223,523,16.2,1195,252,21.1,1,0,Y,2026-08-15T04:17:46.259Z
2022,junior-college,0000315,부산과학기술대학교,부산,사립,전문대학,5160,687,13.3,1374,141,10.3,1,0,Y,2026-08-15T04:17:46.259Z
2022,junior-college,0000314,부산여자대학교,부산,사립,전문대학,2328,179,7.7,761,68,8.9,1,0,Y,2026-08-15T04:17:46.259Z
2022,junior-college,0000388,부산예술대학교,부산,사립,전문대학,815,143,17.5,322,53,16.5,1,0,Y,2026-08-15T04:17:46.259Z
2022,junior-college,0000300,동양미래대학교,서울,사립,전문대학,9973,742,7.4,2891,291,10.1,1,0,Y,2026-08-15T04:17:46.259Z
2022,junior-college,0000307,명지전문대학,서울,사립,전문대학,9522,828,8.7,3247,385,11.9,1,0,Y,2026-08-15T04:17:46.259Z
2022,junior-college,0000310,배화여자대학교,서울,사립,전문대학,3248,280,8.6,1377,175,12.7,1,0,Y,2026-08-15T04:17:46.259Z
2022,junior-college,0000317,삼육보건대학교,서울,사립,전문대학,1587,79,5,516,33,6.4,1,0,Y,2026-08-15T04:17:46.259Z
2022,junior-college,0000321,서울여자간호대학교,서울,사립,전문대학,984,40,4.1,254,19,7.5,1,0,Y,2026-08-15T04:17:46.259Z
2022,junior-college,0000324,서일대학교,서울,사립,전문대학,8483,712,8.4,2664,266,10,1,0,Y,2026-08-15T04:17:46.259Z
2022,junior-college,0000333,숭의여자대학교,서울,사립,전문대학,3533,343,9.7,1593,234,14.7,1,0,Y,2026-08-15T04:17:46.259Z
2022,junior-college,0000356,인덕대학교,서울,사립,전문대학,8631,715,8.3,2634,225,8.5,1,0,Y,2026-08-15T04:17:46.259Z
2022,junior-college,0000384,한양여자대학교,서울,사립,전문대학,7748,505,6.5,3015,278,9.2,1,0,Y,2026-08-15T04:17:46.259Z
2022,junior-college,0000353,한국영상대학교,세종,사립,전문대학,4152,228,5.5,1300,63,4.8,1,0,Y,2026-08-15T04:17:46.259Z
2022,junior-college,0000352,울산과학대학교,울산,사립,전문대학,7736,540,7,1909,127,6.7,1,0,Y,2026-08-15T04:17:46.259Z
2022,junior-college,0000375,춘해보건대학교,울산,사립,전문대학,3044,144,4.7,903,66,7.3,1,0,Y,2026-08-15T04:17:46.259Z
2022,junior-college,0000261,경인여자대학교,인천,사립,전문대학,4548,309,6.8,1722,153,8.9,1,0,Y,2026-08-15T04:17:46.259Z
2022,junior-college,0000292,인천재능대학교,인천,사립,전문대학,5203,413,7.9,1478,153,10.4,1,0,Y,2026-08-15T04:17:46.259Z
2022,junior-college,0000357,인하공업전문대학,인천,사립,전문대학,10829,671,6.2,3260,286,8.8,1,0,Y,2026-08-15T04:17:46.259Z
2022,junior-college,0000272,고구려대학교,전남,사립,전문대학,1562,133,8.5,635,82,12.9,1,0,Y,2026-08-15T04:17:46.259Z
2022,junior-college,0000266,광양보건대학교,전남,사립,전문대학,210,30,14.3,33,2,6.1,1,0,Y,2026-08-15T04:17:46.259Z
2022,junior-college,0000532,동아보건대학교,전남,사립,전문대학,1407,224,15.9,459,64,13.9,1,0,Y,2026-08-15T04:17:46.259Z
2022,junior-college,0000308,목포과학대학교,전남,사립,전문대학,3034,73,2.4,964,43,4.5,1,0,Y,2026-08-15T04:17:46.259Z
2022,junior-college,0000331,순천제일대학교,전남,사립,전문대학,3464,415,12,1166,148,12.7,1,0,Y,2026-08-15T04:17:46.259Z
2022,junior-college,0000360,전남과학대학교,전남,사립,전문대학,3777,314,8.3,1527,145,9.5,1,0,Y,2026-08-15T04:17:46.259Z
2022,junior-college,0000332,청암대학교,전남,사립,전문대학,3105,212,6.8,911,104,11.4,1,0,Y,2026-08-15T04:17:46.259Z
2022,junior-college,0000546,한영대학교,전남,사립,전문대학,1815,109,6,637,16,2.5,1,0,Y,2026-08-15T04:17:46.259Z
2022,junior-college,0000250,군산간호대학교,전북,사립,전문대학,1274,26,2,310,11,3.5,1,0,Y,2026-08-15T04:17:46.259Z
2022,junior-college,0000270,군장대학교,전북,사립,전문대학,2058,254,12.3,718,103,14.3,1,0,Y,2026-08-15T04:17:46.259Z
2022,junior-college,0000311,백제예술대학교,전북,사립,전문대학,1464,186,12.7,512,80,15.6,1,0,Y,2026-08-15T04:17:46.259Z
2022,junior-college,0000354,원광보건대학교,전북,사립,전문대학,5999,449,7.5,1543,98,6.4,1,0,Y,2026-08-15T04:17:46.259Z
2022,junior-college,0000362,전북과학대학교,전북,사립,전문대학,1829,130,7.1,691,60,8.7,1,0,Y,2026-08-15T04:17:46.259Z
2022,junior-college,0000274,전주기전대학,전북,사립,전문대학,1927,368,19.1,838,213,25.4,1,0,Y,2026-08-15T04:17:46.259Z
2022,junior-college,0000361,전주비전대학교,전북,사립,전문대학,4701,438,9.3,1398,94,6.7,1,0,Y,2026-08-15T04:17:46.259Z
2022,junior-college,0000363,제주관광대학교,제주,사립,전문대학,2354,366,15.5,696,157,22.6,1,0,Y,2026-08-15T04:17:46.259Z
2022,junior-college,0000382,제주한라대학교,제주,사립,전문대학,9165,494,5.4,1724,184,10.7,1,0,Y,2026-08-15T04:17:46.259Z
2022,junior-college,0000373,백석문화대학교,충남,사립,전문대학,6220,682,11,1698,169,10,1,0,Y,2026-08-15T04:17:46.259Z
2022,junior-college,0000335,신성대학교,충남,사립,전문대학,4174,408,9.8,1114,101,9.1,1,0,Y,2026-08-15T04:17:46.259Z
2022,junior-college,0000568,아주자동차대학교,충남,사립,전문대학,1382,49,3.5,427,0,0,1,0,Y,2026-08-15T04:17:46.259Z
2022,junior-college,0000529,연암대학교,충남,사립,전문대학,1577,95,6,586,31,5.3,1,0,Y,2026-08-15T04:17:46.259Z
2022,junior-college,0000386,혜전대학교,충남,사립,전문대학,3154,179,5.7,880,51,5.8,1,0,Y,2026-08-15T04:17:46.259Z
2022,junior-college,0000271,강동대학교,충북,사립,전문대학,4055,441,10.9,1268,118,9.3,1,0,Y,2026-08-15T04:17:46.259Z
2022,junior-college,0000286,대원대학교,충북,사립,전문대학,2539,188,7.4,782,53,6.8,1,0,Y,2026-08-15T04:17:46.259Z
2022,junior-college,0000367,충북보건과학대학교,충북,사립,전문대학,3264,293,9,948,91,9.6,1,0,Y,2026-08-15T04:17:46.259Z
2022,junior-college,0000377,충청대학교,충북,사립,전문대학,4700,409,8.7,1302,121,9.3,1,0,Y,2026-08-15T04:17:46.259Z
2022,graduate,0000513,가톨릭관동대학교,강원,사립,대학원,493,38,7.7,,,,4,6,Y,2026-08-15T04:17:46.259Z
2022,graduate,0000086,상지대학교,강원,사립,대학원,338,11,3.3,,,,5,6,Y,2026-08-15T04:17:46.259Z
2022,graduate,0000147,한라대학교,강원,사립,대학원,35,3,8.6,,,,1,1,Y,2026-08-15T04:17:46.259Z
2022,graduate,0000148,한림대학교,강원,사립,대학원,800,52,6.5,,,,7,9,Y,2026-08-15T04:17:46.259Z
2022,graduate,0000044,가천대학교,경기,사립,대학원,2896,129,4.5,,,,9,11,Y,2026-08-15T04:17:46.259Z
2022,graduate,0000034,가톨릭대학교,경기,사립,대학원,2887,103,3.6,,,,16,20,Y,2026-08-15T04:17:46.259Z
2022,graduate,0000036,강남대학교,경기,사립,대학원,446,37,8.3,,,,4,5,Y,2026-08-15T04:17:46.259Z
2022,graduate,0000039,경기대학교,경기,사립,대학원,2250,114,5.1,,,,10,14,Y,2026-08-15T04:17:46.259Z
2022,graduate,0000060,단국대학교,경기,사립,대학원,4711,249,5.3,,,,13,17,Y,2026-08-15T04:17:46.259Z
2022,graduate,0000068,대진대학교,경기,사립,대학원,721,22,3.1,,,,4,5,Y,2026-08-15T04:17:46.259Z
2022,graduate,0000078,루터대학교,경기,사립,대학원,60,6,10,,,,1,1,Y,2026-08-15T04:17:46.259Z
2022,graduate,0000079,명지대학교,경기,사립,대학원,2791,116,4.2,,,,9,12,Y,2026-08-15T04:17:46.259Z
2022,graduate,0000090,서울신학대학교,경기,사립,대학원,949,71,7.5,,,,7,9,Y,2026-08-15T04:17:46.259Z
2022,graduate,0000092,서울장신대학교,경기,사립,대학원,385,34,8.8,,,,7,9,Y,2026-08-15T04:17:46.259Z
2022,graduate,0000095,성결대학교,경기,사립,대학원,447,38,8.5,,,,5,6,Y,2026-08-15T04:17:46.259Z
2022,graduate,0000101,수원가톨릭대학교,경기,사립,대학원,42,0,0,,,,1,2,Y,2026-08-15T04:17:46.259Z
2022,graduate,0000102,수원대학교,경기,사립,대학원,849,44,5.2,,,,14,15,Y,2026-08-15T04:17:46.259Z
2022,graduate,0000509,신한대학교,경기,사립,대학원,342,10,2.9,,,,2,3,Y,2026-08-15T04:17:46.259Z
2022,graduate,0000558,아신대학교,경기,사립,대학원,741,56,7.6,,,,6,8,Y,2026-08-15T04:17:46.259Z
2022,graduate,0000108,아주대학교,경기,사립,대학원,4483,248,5.5,,,,14,15,Y,2026-08-15T04:17:46.259Z
2022,graduate,0000109,안양대학교,경기,사립,대학원,522,14,2.7,,,,6,8,Y,2026-08-15T04:17:46.259Z
2022,graduate,0000115,용인대학교,경기,사립,대학원,649,47,7.2,,,,8,9,Y,2026-08-15T04:17:46.259Z
2022,graduate,0000120,을지대학교,경기,사립,대학원,298,14,4.7,,,,3,5,Y,2026-08-15T04:17:46.259Z
2022,graduate,0000130,중앙승가대학교,경기,사립,대학원,73,16,21.9,,,,1,2,Y,2026-08-15T04:17:46.259Z
2022,graduate,0000139,차의과학대학교,경기,사립,대학원,1389,77,5.5,,,,9,11,Y,2026-08-15T04:17:46.259Z
2022,graduate,0000136,칼빈대학교,경기,사립,대학원,625,14,2.2,,,,2,4,Y,2026-08-15T04:17:46.259Z
2022,graduate,0000138,평택대학교,경기,사립,대학원,430,44,10.2,,,,6,8,Y,2026-08-15T04:17:46.259Z
2022,graduate,0000562,한국공학대학교,경기,사립,대학원,432,38,8.8,,,,3,5,Y,2026-08-15T04:17:46.259Z
2022,graduate,0000144,한국항공대학교,경기,사립,대학원,672,43,6.4,,,,2,4,Y,2026-08-15T04:17:46.259Z
2022,graduate,0000151,한세대학교,경기,사립,대학원,701,56,8,,,,6,7,Y,2026-08-15T04:17:46.259Z
2022,graduate,0000152,한신대학교,경기,사립,대학원,433,93,21.5,,,,5,7,Y,2026-08-15T04:17:46.259Z
2022,graduate,0000156,협성대학교,경기,사립,대학원,355,22,6.2,,,,4,5,Y,2026-08-15T04:17:46.259Z
2022,graduate,0000032,가야대학교,경남,사립,대학원,116,5,4.3,,,,4,4,Y,2026-08-15T04:17:46.259Z
2022,graduate,0000040,경남대학교,경남,사립,대학원,1272,60,4.7,,,,4,5,Y,2026-08-15T04:17:46.259Z
2022,graduate,0000167,부산장신대학교,경남,사립,대학원,214,15,7,,,,5,6,Y,2026-08-15T04:17:46.259Z
2022,graduate,0000181,영산대학교,경남,사립,대학원,227,15,6.6,,,,8,6,Y,2026-08-15T04:17:46.259Z
2022,graduate,0000122,인제대학교,경남,사립,대학원,1379,89,6.5,,,,6,8,Y,2026-08-15T04:17:46.259Z
2022,graduate,0000193,창신대학교,경남,사립,대학원,274,25,9.1,,,,3,4,Y,2026-08-15T04:17:46.259Z
2022,graduate,0000188,경운대학교,경북,사립,대학원,153,6,3.9,,,,3,4,Y,2026-08-15T04:17:46.259Z
2022,graduate,0000045,경일대학교,경북,사립,대학원,315,24,7.6,,,,2,4,Y,2026-08-15T04:17:46.259Z
2022,graduate,0000046,경주대학교,경북,사립,대학원,84,7,8.3,,,,2,3,Y,2026-08-15T04:17:46.259Z
2022,graduate,0000185,김천대학교,경북,사립,대학원,124,4,3.2,,,,3,4,Y,2026-08-15T04:17:46.259Z
2022,graduate,0000063,대구가톨릭대학교,경북,사립,대학원,1505,108,7.2,,,,10,12,Y,2026-08-15T04:17:46.259Z
2022,graduate,0000061,대구대학교,경북,사립,대학원,1686,106,6.3,,,,6,7,Y,2026-08-15T04:17:46.259Z
2022,graduate,0000042,대구한의대학교,경북,사립,대학원,370,13,3.5,,,,3,5,Y,2026-08-15T04:17:46.259Z
2022,graduate,0000065,대신대학교,경북,사립,대학원,306,3,1,,,,2,3,Y,2026-08-15T04:17:46.259Z
2022,graduate,0000076,동양대학교,경북,사립,대학원,235,3,1.3,,,,3,4,Y,2026-08-15T04:17:46.259Z
2022,graduate,0000111,영남대학교,경북,사립,대학원,2757,160,5.8,,,,8,10,Y,2026-08-15T04:17:46.259Z
2022,graduate,0000112,영남신학대학교,경북,사립,대학원,351,18,5.1,,,,7,8,Y,2026-08-15T04:17:46.259Z
2022,graduate,0000119,위덕대학교,경북,사립,대학원,268,8,3,,,,5,6,Y,2026-08-15T04:17:46.259Z
2022,graduate,0000140,포항공과대학교,경북,사립,대학원,2067,54,2.6,,,,3,6,Y,2026-08-15T04:17:46.259Z
2022,graduate,0000146,한동대학교,경북,사립,대학원,453,20,4.4,,,,7,9,Y,2026-08-15T04:17:46.259Z
2022,graduate,0000052,광신대학교,광주,사립,대학원,574,40,7,,,,6,8,Y,2026-08-15T04:17:46.259Z
2022,graduate,0000176,광주대학교,광주,사립,대학원,486,29,6,,,,3,5,Y,2026-08-15T04:17:46.259Z
2022,graduate,0000055,광주여자대학교,광주,사립,대학원,230,14,6.1,,,,3,4,Y,2026-08-15T04:17:46.259Z
2022,graduate,0000162,남부대학교,광주,사립,대학원,415,39,9.4,,,,3,4,Y,2026-08-15T04:17:46.259Z
2022,graduate,0000187,송원대학교,광주,사립,대학원,149,17,11.4,,,,1,1,Y,2026-08-15T04:17:46.259Z
2022,graduate,0000127,조선대학교,광주,사립,대학원,1475,132,8.9,,,,8,10,Y,2026-08-15T04:17:46.259Z
2022,graduate,0000157,호남대학교,광주,사립,대학원,943,80,8.5,,,,3,4,Y,2026-08-15T04:17:46.259Z
2022,graduate,0000158,호남신학대학교,광주,사립,대학원,563,6,1.1,,,,5,6,Y,2026-08-15T04:17:46.259Z
2022,graduate,0000048,계명대학교,대구,사립,대학원,2360,133,5.6,,,,9,11,Y,2026-08-15T04:17:46.259Z
2022,graduate,0000038,건양대학교,대전,사립,대학원,693,33,4.8,,,,6,7,Y,2026-08-15T04:17:46.259Z
2022,graduate,0000067,대전대학교,대전,사립,대학원,690,37,5.4,,,,4,6,Y,2026-08-15T04:17:46.259Z
2022,graduate,0000182,대전신학대학교,대전,사립,대학원,90,7,7.8,,,,2,3,Y,2026-08-15T04:17:46.259Z
2022,graduate,0000080,목원대학교,대전,사립,대학원,905,25,2.8,,,,3,4,Y,2026-08-15T04:17:46.259Z
2022,graduate,0000081,배재대학교,대전,사립,대학원,621,25,4,,,,3,5,Y,2026-08-15T04:17:46.259Z
2022,graduate,0000184,우송대학교,대전,사립,대학원,852,36,4.2,,,,6,8,Y,2026-08-15T04:17:46.259Z
2022,graduate,0000551,한국침례신학대학교,대전,사립,대학원,783,65,8.3,,,,5,7,Y,2026-08-15T04:17:46.259Z
2022,graduate,0000145,한남대학교,대전,사립,대학원,1124,72,6.4,,,,5,7,Y,2026-08-15T04:17:46.259Z
2022,graduate,0000043,경성대학교,부산,사립,대학원,673,47,7,,,,3,4,Y,2026-08-15T04:17:46.259Z
2022,graduate,0000050,고신대학교,부산,사립,대학원,1143,59,5.2,,,,7,9,Y,2026-08-15T04:17:46.259Z
2022,graduate,0000180,동명대학교,부산,사립,대학원,379,26,6.9,,,,2,4,Y,2026-08-15T04:17:46.259Z
2022,graduate,0000073,동서대학교,부산,사립,대학원,371,15,4,,,,3,5,Y,2026-08-15T04:17:46.259Z
2022,graduate,0000075,동아대학교,부산,사립,대학원,2278,139,6.1,,,,7,11,Y,2026-08-15T04:17:46.259Z
2022,graduate,0000077,동의대학교,부산,사립,대학원,973,84,8.6,,,,7,7,Y,2026-08-15T04:17:46.259Z
2022,graduate,0000082,부산가톨릭대학교,부산,사립,대학원,190,6,3.2,,,,1,2,Y,2026-08-15T04:17:46.259Z
2022,graduate,0000083,부산외국어대학교,부산,사립,대학원,609,61,10,,,,4,6,Y,2026-08-15T04:17:46.259Z
2022,graduate,0000106,신라대학교,부산,사립,대학원,770,68,8.8,,,,6,7,Y,2026-08-15T04:17:46.259Z
2022,graduate,0000035,감리교신학대학교,서울,사립,대학원,784,44,5.6,,,,3,4,Y,2026-08-15T04:17:46.259Z
2022,graduate,0000565,강서대학교,서울,사립,대학원,261,22,8.4,,,,4,5,Y,2026-08-15T04:17:46.259Z
2022,graduate,0000037,건국대학교,서울,사립,대학원,6377,251,3.9,,,,17,23,Y,2026-08-15T04:17:46.259Z
2022,graduate,0000047,경희대학교,서울,사립,대학원,9257,378,4.1,,,,15,21,Y,2026-08-15T04:17:46.259Z
2022,graduate,0000049,고려대학교,서울,사립,대학원,11706,411,3.5,,,,23,37,Y,2026-08-15T04:17:46.259Z
2022,graduate,0000053,광운대학교,서울,사립,대학원,1428,96,6.7,,,,7,9,Y,2026-08-15T04:17:46.259Z
2022,graduate,0000056,국민대학교,서울,사립,대학원,3853,216,5.6,,,,15,22,Y,2026-08-15T04:17:46.259Z
2022,graduate,0000070,덕성여자대학교,서울,사립,대학원,297,12,4,,,,3,5,Y,2026-08-15T04:17:46.259Z
2022,graduate,0000071,동국대학교,서울,사립,대학원,5035,340,6.8,,,,17,22,Y,2026-08-15T04:17:46.259Z
2022,graduate,0000072,동덕여자대학교,서울,사립,대학원,313,14,4.5,,,,4,7,Y,2026-08-15T04:17:46.259Z
2022,graduate,0000131,백석대학교,서울,사립,대학원,2924,188,6.4,,,,8,10,Y,2026-08-15T04:17:46.259Z
2022,graduate,0000084,삼육대학교,서울,사립,대학원,634,44,6.9,,,,4,6,Y,2026-08-15T04:17:46.259Z
2022,graduate,0000085,상명대학교,서울,사립,대학원,1515,72,4.8,,,,6,10,Y,2026-08-15T04:17:46.259Z
2022,graduate,0000087,서강대학교,서울,사립,대학원,3691,162,4.4,,,,12,20,Y,2026-08-15T04:17:46.259Z
2022,graduate,0000088,서경대학교,서울,사립,대학원,569,44,7.7,,,,4,5,Y,2026-08-15T04:17:46.259Z
2022,graduate,0000069,서울기독대학교,서울,사립,대학원,195,19,9.7,,,,6,6,Y,2026-08-15T04:17:46.259Z
2022,graduate,0000091,서울여자대학교,서울,사립,대학원,269,12,4.5,,,,3,5,Y,2026-08-15T04:17:46.259Z
2022,graduate,0000539,서울한영대학교,서울,사립,대학원,280,27,9.6,,,,3,4,Y,2026-08-15T04:17:46.259Z
2022,graduate,0000096,성공회대학교,서울,사립,대학원,378,17,4.5,,,,7,8,Y,2026-08-15T04:17:46.259Z
2022,graduate,0000097,성균관대학교,서울,사립,대학원,9369,480,5.1,,,,18,26,Y,2026-08-15T04:17:46.259Z
2022,graduate,0000098,성신여자대학교,서울,사립,대학원,906,42,4.6,,,,6,8,Y,2026-08-15T04:17:46.259Z
2022,graduate,0000100,세종대학교,서울,사립,대학원,3190,236,7.4,,,,7,9,Y,2026-08-15T04:17:46.259Z
2022,graduate,0000103,숙명여자대학교,서울,사립,대학원,2889,187,6.5,,,,10,12,Y,2026-08-15T04:17:46.259Z
2022,graduate,0000105,숭실대학교,서울,사립,대학원,3026,180,5.9,,,,8,10,Y,2026-08-15T04:17:46.259Z
2022,graduate,0000110,연세대학교,서울,사립,대학원,14841,869,5.9,,,,20,33,Y,2026-08-15T04:17:46.259Z
2022,graduate,0000121,이화여자대학교,서울,사립,대학원,6317,243,3.8,,,,15,22,Y,2026-08-15T04:17:46.259Z
2022,graduate,0000125,장로회신학대학교,서울,사립,대학원,1714,59,3.4,,,,6,9,Y,2026-08-15T04:17:46.259Z
2022,graduate,0000129,중앙대학교,서울,사립,대학원,7022,398,5.7,,,,18,25,Y,2026-08-15T04:17:46.259Z
2022,graduate,0000133,총신대학교,서울,사립,대학원,2309,122,5.3,,,,9,11,Y,2026-08-15T04:17:46.259Z
2022,graduate,0000134,추계예술대학교,서울,사립,대학원,306,28,9.2,,,,3,5,Y,2026-08-15T04:17:46.259Z
2022,graduate,0000142,한국성서대학교,서울,사립,대학원,194,14,7.2,,,,4,6,Y,2026-08-15T04:17:46.259Z
2022,graduate,0000143,한국외국어대학교,서울,사립,대학원,3439,193,5.6,,,,9,15,Y,2026-08-15T04:17:46.259Z
2022,graduate,0000150,한성대학교,서울,사립,대학원,911,64,7,,,,8,9,Y,2026-08-15T04:17:46.259Z
2022,graduate,0000153,한양대학교,서울,사립,대학원,10915,507,4.6,,,,19,30,Y,2026-08-15T04:17:46.259Z
2022,graduate,0000160,홍익대학교,서울,사립,대학원,5082,212,4.2,,,,15,18,Y,2026-08-15T04:17:46.259Z
2022,graduate,0000066,대전가톨릭대학교,세종,사립,대학원,31,0,0,,,,1,1,Y,2026-08-15T04:17:46.259Z
2022,graduate,0000117,울산대학교,울산,사립,대학원,2175,79,3.6,,,,5,7,Y,2026-08-15T04:17:46.259Z
2022,graduate,0000123,인천가톨릭대학교,인천,사립,대학원,86,6,7,,,,2,2,Y,2026-08-15T04:17:46.259Z
2022,graduate,0000124,인하대학교,인천,사립,대학원,3667,174,4.7,,,,10,16,Y,2026-08-15T04:17:46.259Z
2022,graduate,0000054,광주가톨릭대학교,전남,사립,대학원,35,0,0,,,,1,1,Y,2026-08-15T04:17:46.259Z
2022,graduate,0000074,동신대학교,전남,사립,대학원,735,54,7.3,,,,3,5,Y,2026-08-15T04:17:46.259Z
2022,graduate,0000064,세한대학교,전남,사립,대학원,533,7,1.3,,,,1,3,Y,2026-08-15T04:17:46.259Z
2022,graduate,0000190,초당대학교,전남,사립,대학원,199,1,0.5,,,,2,3,Y,2026-08-15T04:17:46.259Z
2022,graduate,0000173,예수대학교,전북,사립,대학원,13,0,0,,,,1,1,Y,2026-08-15T04:17:46.259Z
2022,graduate,0000164,예원예술대학교,전북,사립,대학원,269,34,12.6,,,,3,3,Y,2026-08-15T04:17:46.259Z
2022,graduate,0000116,우석대학교,전북,사립,대학원,1257,43,3.4,,,,4,5,Y,2026-08-15T04:17:46.259Z
2022,graduate,0000118,원광대학교,전북,사립,대학원,1302,83,6.4,,,,6,9,Y,2026-08-15T04:17:46.259Z
2022,graduate,0000126,전주대학교,전북,사립,대학원,1145,70,6.1,,,,7,8,Y,2026-08-15T04:17:46.259Z
2022,graduate,0000155,한일장신대학교,전북,사립,대학원,305,20,6.6,,,,6,5,Y,2026-08-15T04:17:46.259Z
2022,graduate,0000192,제주국제대학교,제주,사립,대학원,178,26,14.6,,,,4,5,Y,2026-08-15T04:17:46.259Z
2022,graduate,0000169,금강대학교,충남,사립,대학원,21,3,14.3,,,,1,2,Y,2026-08-15T04:17:46.259Z
2022,graduate,0000059,나사렛대학교,충남,사립,대학원,709,6,0.8,,,,5,6,Y,2026-08-15T04:17:46.259Z
2022,graduate,0000189,남서울대학교,충남,사립,대학원,571,45,7.9,,,,3,4,Y,2026-08-15T04:17:46.259Z
2022,graduate,0000094,선문대학교,충남,사립,대학원,373,40,10.7,,,,3,5,Y,2026-08-15T04:17:46.259Z
2022,graduate,0000104,순천향대학교,충남,사립,대학원,1163,40,3.4,,,,6,8,Y,2026-08-15T04:17:46.259Z
2022,graduate,0000128,중부대학교,충남,사립,대학원,1793,80,4.5,,,,4,5,Y,2026-08-15T04:17:46.259Z
2022,graduate,0000225,청운대학교,충남,사립,대학원,350,10,2.9,,,,1,1,Y,2026-08-15T04:17:46.259Z
2022,graduate,0000141,한국기술교육대학교,충남,사립,대학원,608,53,8.7,,,,3,7,Y,2026-08-15T04:17:46.259Z
2022,graduate,0000149,한서대학교,충남,사립,대학원,544,18,3.3,,,,5,7,Y,2026-08-15T04:17:46.259Z
2022,graduate,0000159,호서대학교,충남,사립,대학원,1564,104,6.6,,,,10,16,Y,2026-08-15T04:17:46.259Z
2022,graduate,0000557,가톨릭꽃동네대학교,충북,사립,대학원,86,0,0,,,,1,1,Y,2026-08-15T04:17:46.259Z
2022,graduate,0000058,극동대학교,충북,사립,대학원,138,10,7.2,,,,3,4,Y,2026-08-15T04:17:46.259Z
2022,graduate,0000093,서원대학교,충북,사립,대학원,191,39,20.4,,,,2,2,Y,2026-08-15T04:17:46.259Z
2022,graduate,0000099,세명대학교,충북,사립,대학원,329,28,8.5,,,,3,4,Y,2026-08-15T04:17:46.259Z
2022,graduate,0000113,유원대학교,충북,사립,대학원,64,4,6.3,,,,1,1,Y,2026-08-15T04:17:46.259Z
2022,graduate,0000183,중원대학교,충북,사립,대학원,336,26,7.7,,,,3,4,Y,2026-08-15T04:17:46.259Z
2022,graduate,0000132,청주대학교,충북,사립,대학원,819,40,4.9,,,,5,6,Y,2026-08-15T04:17:46.259Z
2022,combined,0000513,가톨릭관동대학교,강원,사립,대학,11452,888,7.8,1563,157,10,1,6,Y,2026-08-15T04:17:46.259Z
2022,combined,0000041,경동대학교,강원,사립,대학,9123,574,6.3,1755,120,6.8,4,0,Y,2026-08-15T04:17:46.259Z
2022,combined,0000086,상지대학교,강원,사립,대학,9820,830,8.5,1540,189,12.3,1,6,Y,2026-08-15T04:17:46.259Z
2022,combined,0000147,한라대학교,강원,사립,대학,4514,350,7.8,577,59,10.2,1,1,Y,2026-08-15T04:17:46.259Z
2022,combined,0000148,한림대학교,강원,사립,대학,11165,500,4.5,1873,111,5.9,1,9,Y,2026-08-15T04:17:46.259Z
2022,combined,0000044,가천대학교,경기,사립,대학,29022,1074,3.7,4675,330,7.1,1,11,Y,2026-08-15T04:17:46.259Z
2022,combined,0000034,가톨릭대학교,경기,사립,대학,13547,474,3.5,2003,136,6.8,3,20,Y,2026-08-15T04:17:46.259Z
2022,combined,0000036,강남대학교,경기,사립,대학,9159,513,5.6,1589,142,8.9,1,5,Y,2026-08-15T04:17:46.259Z
2022,combined,0000039,경기대학교,경기,사립,대학,20938,896,4.3,3181,209,6.6,2,14,Y,2026-08-15T04:17:46.259Z
2022,combined,0000060,단국대학교,경기,사립,대학,34382,1368,4,5139,404,7.9,2,17,Y,2026-08-15T04:17:46.259Z
2022,combined,0000068,대진대학교,경기,사립,대학,10930,531,4.9,1900,168,8.8,1,5,Y,2026-08-15T04:17:46.259Z
2022,combined,0000078,루터대학교,경기,사립,대학,453,54,11.9,88,14,15.9,1,1,Y,2026-08-15T04:17:46.259Z
2022,combined,0000079,명지대학교,경기,사립,대학,22217,1006,4.5,3101,264,8.5,2,12,Y,2026-08-15T04:17:46.259Z
2022,combined,0000090,서울신학대학교,경기,사립,대학,3522,224,6.4,479,42,8.8,1,9,Y,2026-08-15T04:17:46.259Z
2022,combined,0000092,서울장신대학교,경기,사립,대학,838,70,8.4,68,5,7.4,1,9,Y,2026-08-15T04:17:46.259Z
2022,combined,0000095,성결대학교,경기,사립,대학,7503,417,5.6,1297,109,8.4,1,6,Y,2026-08-15T04:17:46.259Z
2022,combined,0000101,수원가톨릭대학교,경기,사립,대학,213,9,4.2,24,0,0,1,2,Y,2026-08-15T04:17:46.259Z
2022,combined,0000102,수원대학교,경기,사립,대학,12813,746,5.8,2249,216,9.6,1,15,Y,2026-08-15T04:17:46.259Z
2022,combined,0000509,신한대학교,경기,사립,대학,8637,435,5,1496,101,6.8,2,3,Y,2026-08-15T04:17:46.259Z
2022,combined,0000558,아신대학교,경기,사립,대학,1314,119,9.1,50,7,14,1,8,Y,2026-08-15T04:17:46.259Z
2022,combined,0000108,아주대학교,경기,사립,대학,18024,712,4,2176,171,7.9,1,15,Y,2026-08-15T04:17:46.259Z
2022,combined,0000109,안양대학교,경기,사립,대학,7042,351,5,1220,93,7.6,2,8,Y,2026-08-15T04:17:46.259Z
2022,combined,0000115,용인대학교,경기,사립,대학,8404,509,6.1,1340,96,7.2,1,9,Y,2026-08-15T04:17:46.259Z
2022,combined,0000130,중앙승가대학교,경기,사립,대학,181,32,17.7,19,6,31.6,1,2,Y,2026-08-15T04:17:46.259Z
2022,combined,0000139,차의과학대학교,경기,사립,대학,4047,232,5.7,539,68,12.6,1,11,Y,2026-08-15T04:17:46.259Z
2022,combined,0000136,칼빈대학교,경기,사립,대학,1188,78,6.6,98,7,7.1,1,4,Y,2026-08-15T04:17:46.259Z
2022,combined,0000138,평택대학교,경기,사립,대학,4886,440,9,813,94,11.6,1,8,Y,2026-08-15T04:17:46.259Z
2022,combined,0000562,한국공학대학교,경기,사립,대학,10258,540,5.3,1834,166,9.1,1,5,Y,2026-08-15T04:17:46.259Z
2022,combined,0000144,한국항공대학교,경기,사립,대학,6589,274,4.2,993,78,7.9,1,4,Y,2026-08-15T04:17:46.259Z
2022,combined,0000151,한세대학교,경기,사립,대학,4005,244,6.1,611,53,8.7,1,7,Y,2026-08-15T04:17:46.259Z
2022,combined,0000152,한신대학교,경기,사립,대학,8021,576,7.2,1240,84,6.8,1,7,Y,2026-08-15T04:17:46.259Z
2022,combined,0000156,협성대학교,경기,사립,대학,5738,368,6.4,1070,94,8.8,1,5,Y,2026-08-15T04:17:46.259Z
2022,combined,0000567,화성의과학대학교,경기,사립,대학,586,53,9,71,10,14.1,1,0,Y,2026-08-15T04:17:46.259Z
2022,combined,0000032,가야대학교,경남,사립,대학,2471,223,9,383,36,9.4,2,4,Y,2026-08-15T04:17:46.259Z
2022,combined,0000040,경남대학교,경남,사립,대학,15758,995,6.3,1920,114,5.9,1,5,Y,2026-08-15T04:17:46.259Z
2022,combined,0000167,부산장신대학교,경남,사립,대학,394,41,10.4,32,3,9.4,1,6,Y,2026-08-15T04:17:46.259Z
2022,combined,0000181,영산대학교,경남,사립,대학,227,15,6.6,0,0,,2,6,Y,2026-08-15T04:17:46.259Z
2022,combined,0000122,인제대학교,경남,사립,대학,11994,789,6.6,1540,108,7,2,8,Y,2026-08-15T04:17:46.259Z
2022,combined,0000193,창신대학교,경남,사립,대학,2444,241,9.9,343,26,7.6,1,4,Y,2026-08-15T04:17:46.259Z
2022,combined,0000174,한국국제대학교,경남,사립,대학,0,0,,0,0,,1,0,N,2026-08-15T04:17:46.259Z
2022,combined,0000188,경운대학교,경북,사립,대학,5925,630,10.6,1131,169,14.9,1,4,Y,2026-08-15T04:17:46.259Z
2022,combined,0000045,경일대학교,경북,사립,대학,9626,802,8.3,1645,198,12,1,4,Y,2026-08-15T04:17:46.259Z
2022,combined,0000046,경주대학교,경북,사립,대학,1041,259,24.9,214,108,50.5,1,3,Y,2026-08-15T04:17:46.259Z
2022,combined,0000185,김천대학교,경북,사립,대학,3449,462,13.4,645,178,27.6,1,4,Y,2026-08-15T04:17:46.259Z
2022,combined,0000063,대구가톨릭대학교,경북,사립,대학,16838,1096,6.5,2760,188,6.8,1,12,Y,2026-08-15T04:17:46.259Z
2022,combined,0000061,대구대학교,경북,사립,대학,23893,1586,6.6,3819,237,6.2,1,7,Y,2026-08-15T04:17:46.259Z
2022,combined,0000062,대구예술대학교,경북,사립,대학,1004,155,15.4,77,9,11.7,1,0,Y,2026-08-15T04:17:46.259Z
2022,combined,0000042,대구한의대학교,경북,사립,대학,8483,686,8.1,1612,228,14.1,1,5,Y,2026-08-15T04:17:46.259Z
2022,combined,0000065,대신대학교,경북,사립,대학,911,53,5.8,117,7,6,1,3,Y,2026-08-15T04:17:46.259Z
2022,combined,0000076,동양대학교,경북,사립,대학,5394,472,8.8,994,119,12,2,4,Y,2026-08-15T04:17:46.259Z
2022,combined,0000111,영남대학교,경북,사립,대학,31186,1443,4.6,4859,282,5.8,1,10,Y,2026-08-15T04:17:46.259Z
2022,combined,0000112,영남신학대학교,경북,사립,대학,852,58,6.8,100,12,12,1,8,Y,2026-08-15T04:17:46.259Z
2022,combined,0000119,위덕대학교,경북,사립,대학,3585,445,12.4,693,133,19.2,1,6,Y,2026-08-15T04:17:46.259Z
2022,combined,0000140,포항공과대학교,경북,사립,대학,3742,90,2.4,329,18,5.5,1,6,Y,2026-08-15T04:17:46.259Z
2022,combined,0000146,한동대학교,경북,사립,대학,5786,177,3.1,813,14,1.7,1,9,Y,2026-08-15T04:17:46.259Z
2022,combined,0000052,광신대학교,광주,사립,대학,1108,94,8.5,122,26,21.3,1,8,Y,2026-08-15T04:17:46.259Z
2022,combined,0000176,광주대학교,광주,사립,대학,8695,992,11.4,1560,386,24.7,1,5,Y,2026-08-15T04:17:46.259Z
2022,combined,0000055,광주여자대학교,광주,사립,대학,4212,315,7.5,908,145,16,1,4,Y,2026-08-15T04:17:46.259Z
2022,combined,0000162,남부대학교,광주,사립,대학,4024,343,8.5,636,79,12.4,1,4,Y,2026-08-15T04:17:46.259Z
2022,combined,0000187,송원대학교,광주,사립,대학,3862,627,16.2,733,186,25.4,1,1,Y,2026-08-15T04:17:46.259Z
2022,combined,0000127,조선대학교,광주,사립,대학,27382,1440,5.3,4652,262,5.6,1,10,Y,2026-08-15T04:17:46.259Z
2022,combined,0000157,호남대학교,광주,사립,대학,9869,751,7.6,1549,133,8.6,1,4,Y,2026-08-15T04:17:46.259Z
2022,combined,0000158,호남신학대학교,광주,사립,대학,1377,46,3.3,119,12,10.1,1,6,Y,2026-08-15T04:17:46.259Z
2022,combined,0000048,계명대학교,대구,사립,대학,31666,1646,5.2,4898,284,5.8,1,11,Y,2026-08-15T04:17:46.259Z
2022,combined,0000067,대전대학교,대전,사립,대학,12649,764,6,2042,158,7.7,1,6,Y,2026-08-15T04:17:46.259Z
2022,combined,0000182,대전신학대학교,대전,사립,대학,161,17,10.6,8,0,0,1,3,Y,2026-08-15T04:17:46.259Z
2022,combined,0000080,목원대학교,대전,사립,대학,10669,696,6.5,1885,155,8.2,1,4,Y,2026-08-15T04:17:46.259Z
2022,combined,0000081,배재대학교,대전,사립,대학,10839,900,8.3,1989,185,9.3,1,5,Y,2026-08-15T04:17:46.259Z
2022,combined,0000184,우송대학교,대전,사립,대학,13274,618,4.7,2218,102,4.6,1,8,Y,2026-08-15T04:17:46.259Z
2022,combined,0000120,을지대학교,대전,사립,대학,5759,204,3.5,1123,61,5.4,3,5,Y,2026-08-15T04:17:46.259Z
2022,combined,0000551,한국침례신학대학교,대전,사립,대학,1991,140,7,186,7,3.8,1,7,Y,2026-08-15T04:17:46.259Z
2022,combined,0000145,한남대학교,대전,사립,대학,16568,938,5.7,2928,208,7.1,1,7,Y,2026-08-15T04:17:46.259Z
2022,combined,0000043,경성대학교,부산,사립,대학,16749,946,5.6,2963,175,5.9,1,4,Y,2026-08-15T04:17:46.259Z
2022,combined,0000050,고신대학교,부산,사립,대학,5426,471,8.7,823,128,15.6,1,9,Y,2026-08-15T04:17:46.259Z
2022,combined,0000180,동명대학교,부산,사립,대학,10998,1256,11.4,1518,195,12.8,1,4,Y,2026-08-15T04:17:46.259Z
2022,combined,0000073,동서대학교,부산,사립,대학,13242,836,6.3,2090,133,6.4,1,5,Y,2026-08-15T04:17:46.259Z
2022,combined,0000075,동아대학교,부산,사립,대학,26995,1149,4.3,4388,206,4.7,1,11,Y,2026-08-15T04:17:46.259Z
2022,combined,0000077,동의대학교,부산,사립,대학,21295,1319,6.2,3826,259,6.8,1,7,Y,2026-08-15T04:17:46.259Z
2022,combined,0000082,부산가톨릭대학교,부산,사립,대학,4542,231,5.1,764,32,4.2,1,2,Y,2026-08-15T04:17:46.259Z
2022,combined,0000083,부산외국어대학교,부산,사립,대학,10870,670,6.2,1455,108,7.4,1,6,Y,2026-08-15T04:17:46.259Z
2022,combined,0000106,신라대학교,부산,사립,대학,10377,1003,9.7,1422,95,6.7,1,7,Y,2026-08-15T04:17:46.259Z
2022,combined,0000035,감리교신학대학교,서울,사립,대학,1709,105,6.1,94,7,7.4,1,4,Y,2026-08-15T04:17:46.259Z
2022,combined,0000565,강서대학교,서울,사립,대학,2174,159,7.3,338,60,17.8,1,5,Y,2026-08-15T04:17:46.259Z
2022,combined,0000037,건국대학교,서울,사립,대학,39090,1349,3.5,5145,429,8.3,2,23,Y,2026-08-15T04:17:46.259Z
2022,combined,0000047,경희대학교,서울,사립,대학,43237,1529,3.5,5798,537,9.3,1,21,Y,2026-08-15T04:17:46.259Z
2022,combined,0000049,고려대학교,서울,사립,대학,47562,1803,3.8,6147,574,9.3,2,37,Y,2026-08-15T04:17:46.259Z
2022,combined,0000053,광운대학교,서울,사립,대학,13061,560,4.3,1957,166,8.5,1,9,Y,2026-08-15T04:17:46.259Z
2022,combined,0000056,국민대학교,서울,사립,대학,24770,874,3.5,3463,264,7.6,1,22,Y,2026-08-15T04:17:46.259Z
2022,combined,0000070,덕성여자대학교,서울,사립,대학,6907,284,4.1,1210,140,11.6,1,5,Y,2026-08-15T04:17:46.259Z
2022,combined,0000071,동국대학교,서울,사립,대학,33688,1477,4.4,5061,461,9.1,2,22,Y,2026-08-15T04:17:46.259Z
2022,combined,0000072,동덕여자대학교,서울,사립,대학,8367,332,4,1747,201,11.5,1,7,Y,2026-08-15T04:17:46.259Z
2022,combined,0000084,삼육대학교,서울,사립,대학,7696,299,3.9,1224,79,6.5,1,6,Y,2026-08-15T04:17:46.259Z
2022,combined,0000085,상명대학교,서울,사립,대학,18006,745,4.1,3012,239,7.9,2,10,Y,2026-08-15T04:17:46.259Z
2022,combined,0000087,서강대학교,서울,사립,대학,15370,594,3.9,1826,230,12.6,1,20,Y,2026-08-15T04:17:46.259Z
2022,combined,0000088,서경대학교,서울,사립,대학,9192,452,4.9,1618,134,8.3,1,5,Y,2026-08-15T04:17:46.259Z
2022,combined,0000069,서울기독대학교,서울,사립,대학,692,59,8.5,68,11,16.2,1,6,Y,2026-08-15T04:17:46.259Z
2022,combined,0000091,서울여자대학교,서울,사립,대학,8908,361,4.1,1759,202,11.5,1,5,Y,2026-08-15T04:17:46.259Z
2022,combined,0000539,서울한영대학교,서울,사립,대학,1165,132,11.3,178,29,16.3,1,4,Y,2026-08-15T04:17:46.259Z
2022,combined,0000096,성공회대학교,서울,사립,대학,3191,167,5.2,529,39,7.4,1,8,Y,2026-08-15T04:17:46.259Z
2022,combined,0000097,성균관대학교,서울,사립,대학,34418,1278,3.7,4149,404,9.7,1,26,Y,2026-08-15T04:17:46.259Z
2022,combined,0000098,성신여자대학교,서울,사립,대학,11660,443,3.8,2436,249,10.2,1,8,Y,2026-08-15T04:17:46.259Z
2022,combined,0000100,세종대학교,서울,사립,대학,19110,968,5.1,2879,339,11.8,1,9,Y,2026-08-15T04:17:46.259Z
2022,combined,0000103,숙명여자대학교,서울,사립,대학,14883,584,3.9,2452,212,8.6,1,12,Y,2026-08-15T04:17:46.259Z
2022,combined,0000105,숭실대학교,서울,사립,대학,22512,805,3.6,3206,263,8.2,1,10,Y,2026-08-15T04:17:46.259Z
2022,combined,0000110,연세대학교,서울,사립,대학,51601,2076,4,5556,496,8.9,2,33,Y,2026-08-15T04:17:46.259Z
2022,combined,0000121,이화여자대학교,서울,사립,대학,25311,719,2.8,3487,220,6.3,1,22,Y,2026-08-15T04:17:46.259Z
2022,combined,0000125,장로회신학대학교,서울,사립,대학,2530,94,3.7,155,8,5.2,1,9,Y,2026-08-15T04:17:46.259Z
2022,combined,0000129,중앙대학교,서울,사립,대학,39263,1574,4,5365,516,9.6,2,25,Y,2026-08-15T04:17:46.259Z
2022,combined,0000133,총신대학교,서울,사립,대학,4133,185,4.5,333,16,4.8,1,11,Y,2026-08-15T04:17:46.259Z
2022,combined,0000134,추계예술대학교,서울,사립,대학,1707,105,6.2,272,27,9.9,1,5,Y,2026-08-15T04:17:46.259Z
2022,combined,0000142,한국성서대학교,서울,사립,대학,1403,83,5.9,240,20,8.3,1,6,Y,2026-08-15T04:17:46.259Z
2022,combined,0000143,한국외국어대학교,서울,사립,대학,26159,1105,4.2,3821,413,10.8,1,15,Y,2026-08-15T04:17:46.259Z
2022,combined,0000150,한성대학교,서울,사립,대학,10395,457,4.4,1646,145,8.8,1,9,Y,2026-08-15T04:17:46.259Z
2022,combined,0000153,한양대학교,서울,사립,대학,47163,1670,3.5,6077,510,8.4,2,30,Y,2026-08-15T04:17:46.259Z
2022,combined,0000160,홍익대학교,서울,사립,대학,30278,1281,4.2,4259,461,10.8,2,18,Y,2026-08-15T04:17:46.259Z
2022,combined,0000066,대전가톨릭대학교,세종,사립,대학,81,3,3.7,12,1,8.3,1,1,Y,2026-08-15T04:17:46.259Z
2022,combined,0000117,울산대학교,울산,사립,대학,19113,915,4.8,2896,156,5.4,1,7,Y,2026-08-15T04:17:46.259Z
2022,combined,0000123,인천가톨릭대학교,인천,사립,대학,916,52,5.7,174,23,13.2,2,2,Y,2026-08-15T04:17:46.259Z
2022,combined,0000124,인하대학교,인천,사립,대학,28635,964,3.4,4041,276,6.8,1,16,Y,2026-08-15T04:17:46.259Z
2022,combined,0000054,광주가톨릭대학교,전남,사립,대학,149,10,6.7,12,0,0,1,1,Y,2026-08-15T04:17:46.259Z
2022,combined,0000074,동신대학교,전남,사립,대학,8453,929,11,1529,356,23.3,1,5,Y,2026-08-15T04:17:46.259Z
2022,combined,0000166,목포가톨릭대학교,전남,사립,대학,566,14,2.5,126,6,4.8,1,0,Y,2026-08-15T04:17:46.259Z
2022,combined,0000064,세한대학교,전남,사립,대학,4932,307,6.2,836,79,9.4,1,3,Y,2026-08-15T04:17:46.259Z
2022,combined,0000114,영산선학대학교,전남,사립,대학,53,2,3.8,8,2,25,1,0,Y,2026-08-15T04:17:46.259Z
2022,combined,0000190,초당대학교,전남,사립,대학,4130,668,16.2,824,232,28.2,1,3,Y,2026-08-15T04:17:46.259Z
2022,combined,0000173,예수대학교,전북,사립,대학,606,12,2,121,2,1.7,1,1,Y,2026-08-15T04:17:46.259Z
2022,combined,0000164,예원예술대학교,전북,사립,대학,2088,238,11.4,293,30,10.2,2,3,Y,2026-08-15T04:17:46.259Z
2022,combined,0000116,우석대학교,전북,사립,대학,10256,836,8.2,1475,168,11.4,1,5,Y,2026-08-15T04:17:46.259Z
2022,combined,0000118,원광대학교,전북,사립,대학,20258,1348,6.7,2990,202,6.8,1,9,Y,2026-08-15T04:17:46.259Z
2022,combined,0000126,전주대학교,전북,사립,대학,16392,1114,6.8,2677,193,7.2,1,8,Y,2026-08-15T04:17:46.259Z
2022,combined,0000155,한일장신대학교,전북,사립,대학,1340,137,10.2,222,27,12.2,1,5,Y,2026-08-15T04:17:46.259Z
2022,combined,0000223,호원대학교,전북,사립,대학,6644,745,11.2,1376,211,15.3,1,0,Y,2026-08-15T04:17:46.259Z
2022,combined,0000192,제주국제대학교,제주,사립,대학,974,200,20.5,61,20,32.8,1,5,Y,2026-08-15T04:17:46.259Z
2022,combined,0000038,건양대학교,충남,사립,대학,8809,469,5.3,1651,137,8.3,2,7,Y,2026-08-15T04:17:46.259Z
2022,combined,0000169,금강대학교,충남,사립,대학,360,57,15.8,33,15,45.5,1,2,Y,2026-08-15T04:17:46.259Z
2022,combined,0000059,나사렛대학교,충남,사립,대학,7200,435,6,1306,87,6.7,1,6,Y,2026-08-15T04:17:46.259Z
2022,combined,0000189,남서울대학교,충남,사립,대학,13027,776,6,2335,165,7.1,1,4,Y,2026-08-15T04:17:46.259Z
2022,combined,0000131,백석대학교,충남,사립,대학,18536,1002,5.4,3160,210,6.6,1,10,Y,2026-08-15T04:17:46.259Z
2022,combined,0000094,선문대학교,충남,사립,대학,12927,933,7.2,2236,245,11,1,5,Y,2026-08-15T04:17:46.259Z
2022,combined,0000104,순천향대학교,충남,사립,대학,15174,801,5.3,2673,228,8.5,1,8,Y,2026-08-15T04:17:46.259Z
2022,combined,0000128,중부대학교,충남,사립,대학,13040,1034,7.9,1816,157,8.6,1,5,Y,2026-08-15T04:17:46.259Z
2022,combined,0000225,청운대학교,충남,사립,대학,7964,688,8.6,1288,142,11,1,1,Y,2026-08-15T04:17:46.259Z
2022,combined,0000141,한국기술교육대학교,충남,사립,대학,6531,321,4.9,983,88,9,1,7,Y,2026-08-15T04:17:46.259Z
2022,combined,0000149,한서대학교,충남,사립,대학,9401,577,6.1,1589,154,9.7,1,7,Y,2026-08-15T04:17:46.259Z
2022,combined,0000159,호서대학교,충남,사립,대학,17719,1027,5.8,3087,304,9.8,1,16,Y,2026-08-15T04:17:46.259Z
2022,combined,0000557,가톨릭꽃동네대학교,충북,사립,대학,631,24,3.8,108,7,6.5,1,1,Y,2026-08-15T04:17:46.259Z
2022,combined,0000058,극동대학교,충북,사립,대학,4535,348,7.7,582,47,8.1,1,4,Y,2026-08-15T04:17:46.259Z
2022,combined,0000093,서원대학교,충북,사립,대학,8821,528,6,1745,133,7.6,1,2,Y,2026-08-15T04:17:46.259Z
2022,combined,0000099,세명대학교,충북,사립,대학,9882,747,7.6,1566,175,11.2,1,4,Y,2026-08-15T04:17:46.259Z
2022,combined,0000113,유원대학교,충북,사립,대학,4837,640,13.2,905,136,15,1,1,Y,2026-08-15T04:17:46.259Z
2022,combined,0000183,중원대학교,충북,사립,대학,5155,689,13.4,770,135,17.5,1,4,Y,2026-08-15T04:17:46.259Z
2022,combined,0000132,청주대학교,충북,사립,대학,16586,807,4.9,2784,178,6.4,1,6,Y,2026-08-15T04:17:46.259Z
2023,university,0000513,가톨릭관동대학교,강원,사립,대학,9398,861,9.2,1078,74,6.9,1,0,Y,2026-08-15T04:17:46.259Z
2023,university,0000041,경동대학교,강원,사립,대학,9077,588,6.5,1819,129,7.1,4,0,Y,2026-08-15T04:17:46.259Z
2023,university,0000086,상지대학교,강원,사립,대학,9180,869,9.5,1629,220,13.5,1,0,Y,2026-08-15T04:17:46.259Z
2023,university,0000147,한라대학교,강원,사립,대학,4172,383,9.2,777,109,14,1,0,Y,2026-08-15T04:17:46.259Z
2023,university,0000148,한림대학교,강원,사립,대학,10314,470,4.6,1875,127,6.8,1,0,Y,2026-08-15T04:17:46.259Z
2023,university,0000044,가천대학교,경기,사립,대학,27102,966,3.6,4856,380,7.8,1,0,Y,2026-08-15T04:17:46.259Z
2023,university,0000034,가톨릭대학교,경기,사립,대학,10824,391,3.6,2075,168,8.1,3,0,Y,2026-08-15T04:17:46.259Z
2023,university,0000036,강남대학교,경기,사립,대학,8716,497,5.7,1591,180,11.3,1,0,Y,2026-08-15T04:17:46.259Z
2023,university,0000039,경기대학교,경기,사립,대학,19030,728,3.8,3217,283,8.8,2,0,Y,2026-08-15T04:17:46.259Z
2023,university,0000060,단국대학교,경기,사립,대학,29279,1210,4.1,5107,504,9.9,2,0,Y,2026-08-15T04:17:46.259Z
2023,university,0000068,대진대학교,경기,사립,대학,9980,619,6.2,1848,221,12,1,0,Y,2026-08-15T04:17:46.259Z
2023,university,0000078,루터대학교,경기,사립,대학,396,47,11.9,86,10,11.6,1,0,Y,2026-08-15T04:17:46.259Z
2023,university,0000079,명지대학교,경기,사립,대학,18830,756,4,2949,224,7.6,2,0,Y,2026-08-15T04:17:46.259Z
2023,university,0000090,서울신학대학교,경기,사립,대학,2456,142,5.8,487,52,10.7,1,0,Y,2026-08-15T04:17:46.259Z
2023,university,0000092,서울장신대학교,경기,사립,대학,379,54,14.2,75,15,20,1,0,Y,2026-08-15T04:17:46.259Z
2023,university,0000095,성결대학교,경기,사립,대학,7024,386,5.5,1300,116,8.9,1,0,Y,2026-08-15T04:17:46.259Z
2023,university,0000101,수원가톨릭대학교,경기,사립,대학,169,6,3.6,30,0,0,1,0,Y,2026-08-15T04:17:46.259Z
2023,university,0000102,수원대학교,경기,사립,대학,11860,725,6.1,2251,223,9.9,1,0,Y,2026-08-15T04:17:46.259Z
2023,university,0000509,신한대학교,경기,사립,대학,7961,441,5.5,1513,104,6.9,2,0,Y,2026-08-15T04:17:46.259Z
2023,university,0000558,아신대학교,경기,사립,대학,453,66,14.6,65,10,15.4,1,0,Y,2026-08-15T04:17:46.259Z
2023,university,0000108,아주대학교,경기,사립,대학,13395,412,3.1,2255,173,7.7,1,0,Y,2026-08-15T04:17:46.259Z
2023,university,0000109,안양대학교,경기,사립,대학,6514,410,6.3,1208,128,10.6,2,0,Y,2026-08-15T04:17:46.259Z
2023,university,0000115,용인대학교,경기,사립,대학,7536,433,5.7,1272,86,6.8,1,0,Y,2026-08-15T04:17:46.259Z
2023,university,0000130,중앙승가대학교,경기,사립,대학,78,6,7.7,16,2,12.5,1,0,Y,2026-08-15T04:17:46.259Z
2023,university,0000139,차의과학대학교,경기,사립,대학,2698,143,5.3,539,74,13.7,1,0,Y,2026-08-15T04:17:46.259Z
2023,university,0000136,칼빈대학교,경기,사립,대학,731,84,11.5,194,22,11.3,1,0,Y,2026-08-15T04:17:46.259Z
2023,university,0000138,평택대학교,경기,사립,대학,4214,249,5.9,859,71,8.3,1,0,Y,2026-08-15T04:17:46.259Z
2023,university,0000562,한국공학대학교,경기,사립,대학,9957,646,6.5,1782,187,10.5,1,0,Y,2026-08-15T04:17:46.259Z
2023,university,0000144,한국항공대학교,경기,사립,대학,5899,246,4.2,934,96,10.3,1,0,Y,2026-08-15T04:17:46.259Z
2023,university,0000151,한세대학교,경기,사립,대학,3300,230,7,602,71,11.8,1,0,Y,2026-08-15T04:17:46.259Z
2023,university,0000152,한신대학교,경기,사립,대학,7530,449,6,1277,116,9.1,1,0,Y,2026-08-15T04:17:46.259Z
2023,university,0000156,협성대학교,경기,사립,대학,5258,322,6.1,1065,107,10,1,0,Y,2026-08-15T04:17:46.259Z
2023,university,0000567,화성의과학대학교,경기,사립,대학,574,95,16.6,155,25,16.1,1,0,Y,2026-08-15T04:17:46.259Z
2023,university,0000032,가야대학교,경남,사립,대학,2153,207,9.6,407,58,14.3,2,0,Y,2026-08-15T04:17:46.259Z
2023,university,0000040,경남대학교,경남,사립,대학,13132,950,7.2,1875,144,7.7,1,0,Y,2026-08-15T04:17:46.259Z
2023,university,0000167,부산장신대학교,경남,사립,대학,158,17,10.8,32,7,21.9,1,0,Y,2026-08-15T04:17:46.259Z
2023,university,0000181,영산대학교,경남,사립,대학,0,0,,0,0,,2,0,N,2026-08-15T04:17:46.259Z
2023,university,0000122,인제대학교,경남,사립,대학,9832,704,7.2,1609,127,7.9,2,0,Y,2026-08-15T04:17:46.259Z
2023,university,0000193,창신대학교,경남,사립,대학,2061,215,10.4,362,30,8.3,1,0,Y,2026-08-15T04:17:46.259Z
2023,university,0000174,한국국제대학교,경남,사립,대학,0,0,,0,0,,1,0,N,2026-08-15T04:17:46.259Z
2023,university,0000188,경운대학교,경북,사립,대학,5719,646,11.3,1212,132,10.9,1,0,Y,2026-08-15T04:17:46.259Z
2023,university,0000045,경일대학교,경북,사립,대학,8774,636,7.2,1554,142,9.1,1,0,Y,2026-08-15T04:17:46.259Z
2023,university,0000046,경주대학교,경북,사립,대학,972,300,30.9,415,200,48.2,1,0,Y,2026-08-15T04:17:46.259Z
2023,university,0000185,김천대학교,경북,사립,대학,2947,375,12.7,576,96,16.7,1,0,Y,2026-08-15T04:17:46.259Z
2023,university,0000063,대구가톨릭대학교,경북,사립,대학,14679,971,6.6,2591,215,8.3,1,0,Y,2026-08-15T04:17:46.259Z
2023,university,0000061,대구대학교,경북,사립,대학,21395,1562,7.3,3983,354,8.9,1,0,Y,2026-08-15T04:17:46.259Z
2023,university,0000062,대구예술대학교,경북,사립,대학,697,151,21.7,67,23,34.3,1,0,Y,2026-08-15T04:17:46.259Z
2023,university,0000042,대구한의대학교,경북,사립,대학,7964,806,10.1,1694,253,14.9,1,0,Y,2026-08-15T04:17:46.259Z
2023,university,0000065,대신대학교,경북,사립,대학,600,31,5.2,116,15,12.9,1,0,Y,2026-08-15T04:17:46.259Z
2023,university,0000076,동양대학교,경북,사립,대학,5210,559,10.7,1057,150,14.2,2,0,Y,2026-08-15T04:17:46.259Z
2023,university,0000111,영남대학교,경북,사립,대학,28090,1280,4.6,4916,298,6.1,1,0,Y,2026-08-15T04:17:46.259Z
2023,university,0000112,영남신학대학교,경북,사립,대학,484,50,10.3,114,30,26.3,1,0,Y,2026-08-15T04:17:46.259Z
2023,university,0000119,위덕대학교,경북,사립,대학,2951,458,15.5,582,144,24.7,1,0,Y,2026-08-15T04:17:46.259Z
2023,university,0000140,포항공과대학교,경북,사립,대학,1747,43,2.5,365,22,6,1,0,Y,2026-08-15T04:17:46.259Z
2023,university,0000146,한동대학교,경북,사립,대학,5339,155,2.9,825,27,3.3,1,0,Y,2026-08-15T04:17:46.259Z
2023,university,0000052,광신대학교,광주,사립,대학,521,62,11.9,122,26,21.3,1,0,Y,2026-08-15T04:17:46.259Z
2023,university,0000176,광주대학교,광주,사립,대학,7359,745,10.1,1236,186,15,1,0,Y,2026-08-15T04:17:46.259Z
2023,university,0000055,광주여자대학교,광주,사립,대학,3777,378,10,902,214,23.7,1,0,Y,2026-08-15T04:17:46.259Z
2023,university,0000162,남부대학교,광주,사립,대학,3340,304,9.1,628,120,19.1,1,0,Y,2026-08-15T04:17:46.259Z
2023,university,0000187,송원대학교,광주,사립,대학,3403,518,15.2,717,209,29.1,1,0,Y,2026-08-15T04:17:46.259Z
2023,university,0000127,조선대학교,광주,사립,대학,25619,1029,4,4625,329,7.1,1,0,Y,2026-08-15T04:17:46.259Z
2023,university,0000157,호남대학교,광주,사립,대학,8401,598,7.1,1352,109,8.1,1,0,Y,2026-08-15T04:17:46.259Z
2023,university,0000158,호남신학대학교,광주,사립,대학,780,42,5.4,104,20,19.2,1,0,Y,2026-08-15T04:17:46.259Z
2023,university,0000048,계명대학교,대구,사립,대학,28949,1429,4.9,4976,309,6.2,1,0,Y,2026-08-15T04:17:46.259Z
2023,university,0000067,대전대학교,대전,사립,대학,11469,751,6.5,1974,170,8.6,1,0,Y,2026-08-15T04:17:46.259Z
2023,university,0000182,대전신학대학교,대전,사립,대학,54,5,9.3,6,0,0,1,0,Y,2026-08-15T04:17:46.259Z
2023,university,0000080,목원대학교,대전,사립,대학,9602,692,7.2,1888,165,8.7,1,0,Y,2026-08-15T04:17:46.259Z
2023,university,0000081,배재대학교,대전,사립,대학,9769,783,8,1911,164,8.6,1,0,Y,2026-08-15T04:17:46.259Z
2023,university,0000184,우송대학교,대전,사립,대학,12760,660,5.2,2301,113,4.9,1,0,Y,2026-08-15T04:17:46.259Z
2023,university,0000120,을지대학교,대전,사립,대학,5832,222,3.8,1129,95,8.4,3,0,Y,2026-08-15T04:17:46.259Z
2023,university,0000551,한국침례신학대학교,대전,사립,대학,1030,57,5.5,128,4,3.1,1,0,Y,2026-08-15T04:17:46.259Z
2023,university,0000145,한남대학교,대전,사립,대학,15273,835,5.5,2923,219,7.5,1,0,Y,2026-08-15T04:17:46.259Z
2023,university,0000043,경성대학교,부산,사립,대학,16061,976,6.1,3130,211,6.7,1,0,Y,2026-08-15T04:17:46.259Z
2023,university,0000050,고신대학교,부산,사립,대학,3945,395,10,745,154,20.7,1,0,Y,2026-08-15T04:17:46.259Z
2023,university,0000180,동명대학교,부산,사립,대학,9801,1000,10.2,1521,129,8.5,1,0,Y,2026-08-15T04:17:46.259Z
2023,university,0000073,동서대학교,부산,사립,대학,12122,846,7,2084,137,6.6,1,0,Y,2026-08-15T04:17:46.259Z
2023,university,0000075,동아대학교,부산,사립,대학,24504,1062,4.3,4401,245,5.6,1,0,Y,2026-08-15T04:17:46.259Z
2023,university,0000077,동의대학교,부산,사립,대학,19880,1371,6.9,3786,298,7.9,1,0,Y,2026-08-15T04:17:46.259Z
2023,university,0000082,부산가톨릭대학교,부산,사립,대학,4122,193,4.7,741,42,5.7,1,0,Y,2026-08-15T04:17:46.259Z
2023,university,0000083,부산외국어대학교,부산,사립,대학,10014,746,7.4,1682,135,8,1,0,Y,2026-08-15T04:17:46.259Z
2023,university,0000106,신라대학교,부산,사립,대학,8862,688,7.8,1541,141,9.1,1,0,Y,2026-08-15T04:17:46.259Z
2023,university,0000035,감리교신학대학교,서울,사립,대학,849,69,8.1,120,7,5.8,1,0,Y,2026-08-15T04:17:46.259Z
2023,university,0000565,강서대학교,서울,사립,대학,2035,120,5.9,395,36,9.1,1,0,Y,2026-08-15T04:17:46.259Z
2023,university,0000037,건국대학교,서울,사립,대학,32563,1039,3.2,5139,437,8.5,2,0,Y,2026-08-15T04:17:46.259Z
2023,university,0000047,경희대학교,서울,사립,대학,33431,1099,3.3,5759,532,9.2,1,0,Y,2026-08-15T04:17:46.259Z
2023,university,0000049,고려대학교,서울,사립,대학,35731,1346,3.8,6181,625,10.1,2,0,Y,2026-08-15T04:17:46.259Z
2023,university,0000053,광운대학교,서울,사립,대학,11406,562,4.9,1929,212,11,1,0,Y,2026-08-15T04:17:46.259Z
2023,university,0000056,국민대학교,서울,사립,대학,20692,718,3.5,3469,326,9.4,1,0,Y,2026-08-15T04:17:46.259Z
2023,university,0000070,덕성여자대학교,서울,사립,대학,6507,314,4.8,1209,181,15,1,0,Y,2026-08-15T04:17:46.259Z
2023,university,0000071,동국대학교,서울,사립,대학,28068,1287,4.6,5069,437,8.6,2,0,Y,2026-08-15T04:17:46.259Z
2023,university,0000072,동덕여자대학교,서울,사립,대학,8085,417,5.2,1749,274,15.7,1,0,Y,2026-08-15T04:17:46.259Z
2023,university,0000084,삼육대학교,서울,사립,대학,7060,287,4.1,1218,99,8.1,1,0,Y,2026-08-15T04:17:46.259Z
2023,university,0000085,상명대학교,서울,사립,대학,16112,700,4.3,3003,255,8.5,2,0,Y,2026-08-15T04:17:46.259Z
2023,university,0000087,서강대학교,서울,사립,대학,11553,401,3.5,1882,217,11.5,1,0,Y,2026-08-15T04:17:46.259Z
2023,university,0000088,서경대학교,서울,사립,대학,8773,460,5.2,1720,153,8.9,1,0,Y,2026-08-15T04:17:46.259Z
2023,university,0000069,서울기독대학교,서울,사립,대학,493,56,11.4,119,29,24.4,1,0,Y,2026-08-15T04:17:46.259Z
2023,university,0000091,서울여자대학교,서울,사립,대학,8726,406,4.7,1814,233,12.8,1,0,Y,2026-08-15T04:17:46.259Z
2023,university,0000539,서울한영대학교,서울,사립,대학,839,102,12.2,195,38,19.5,1,0,Y,2026-08-15T04:17:46.259Z
2023,university,0000096,성공회대학교,서울,사립,대학,2862,154,5.4,529,55,10.4,1,0,Y,2026-08-15T04:17:46.259Z
2023,university,0000097,성균관대학교,서울,사립,대학,25362,765,3,4189,445,10.6,1,0,Y,2026-08-15T04:17:46.259Z
2023,university,0000098,성신여자대학교,서울,사립,대학,10993,471,4.3,2411,324,13.4,1,0,Y,2026-08-15T04:17:46.259Z
2023,university,0000100,세종대학교,서울,사립,대학,16235,731,4.5,2856,331,11.6,1,0,Y,2026-08-15T04:17:46.259Z
2023,university,0000103,숙명여자대학교,서울,사립,대학,12231,449,3.7,2508,289,11.5,1,0,Y,2026-08-15T04:17:46.259Z
2023,university,0000105,숭실대학교,서울,사립,대학,19473,634,3.3,3200,284,8.9,1,0,Y,2026-08-15T04:17:46.259Z
2023,university,0000110,연세대학교,서울,사립,대학,36588,1228,3.4,5679,533,9.4,2,0,Y,2026-08-15T04:17:46.259Z
2023,university,0000121,이화여자대학교,서울,사립,대학,19165,469,2.4,3546,290,8.2,1,0,Y,2026-08-15T04:17:46.259Z
2023,university,0000125,장로회신학대학교,서울,사립,대학,791,47,5.9,152,16,10.5,1,0,Y,2026-08-15T04:17:46.259Z
2023,university,0000129,중앙대학교,서울,사립,대학,32217,1376,4.3,5407,633,11.7,2,0,Y,2026-08-15T04:17:46.259Z
2023,university,0000133,총신대학교,서울,사립,대학,1733,69,4,334,16,4.8,1,0,Y,2026-08-15T04:17:46.259Z
2023,university,0000134,추계예술대학교,서울,사립,대학,1394,83,6,265,39,14.7,1,0,Y,2026-08-15T04:17:46.259Z
2023,university,0000142,한국성서대학교,서울,사립,대학,1195,96,8,241,28,11.6,1,0,Y,2026-08-15T04:17:46.259Z
2023,university,0000143,한국외국어대학교,서울,사립,대학,22631,1030,4.6,3875,470,12.1,1,0,Y,2026-08-15T04:17:46.259Z
2023,university,0000150,한성대학교,서울,사립,대학,9415,409,4.3,1653,172,10.4,1,0,Y,2026-08-15T04:17:46.259Z
2023,university,0000153,한양대학교,서울,사립,대학,36681,1271,3.5,6164,591,9.6,2,0,Y,2026-08-15T04:17:46.259Z
2023,university,0000160,홍익대학교,서울,사립,대학,24869,1034,4.2,4252,448,10.5,2,0,Y,2026-08-15T04:17:46.259Z
2023,university,0000066,대전가톨릭대학교,세종,사립,대학,51,4,7.8,9,0,0,1,0,Y,2026-08-15T04:17:46.259Z
2023,university,0000117,울산대학교,울산,사립,대학,16498,854,5.2,2877,187,6.5,1,0,Y,2026-08-15T04:17:46.259Z
2023,university,0000123,인천가톨릭대학교,인천,사립,대학,805,62,7.7,172,28,16.3,2,0,Y,2026-08-15T04:17:46.259Z
2023,university,0000124,인하대학교,인천,사립,대학,24981,734,2.9,4066,313,7.7,1,0,Y,2026-08-15T04:17:46.259Z
2023,university,0000054,광주가톨릭대학교,전남,사립,대학,103,4,3.9,13,0,0,1,0,Y,2026-08-15T04:17:46.259Z
2023,university,0000074,동신대학교,전남,사립,대학,7125,781,11,1390,307,22.1,1,0,Y,2026-08-15T04:17:46.259Z
2023,university,0000166,목포가톨릭대학교,전남,사립,대학,567,16,2.8,121,2,1.7,1,0,Y,2026-08-15T04:17:46.259Z
2023,university,0000064,세한대학교,전남,사립,대학,4414,603,13.7,959,293,30.6,1,0,Y,2026-08-15T04:17:46.259Z
2023,university,0000114,영산선학대학교,전남,사립,대학,46,2,4.3,2,0,0,1,0,Y,2026-08-15T04:17:46.259Z
2023,university,0000190,초당대학교,전남,사립,대학,3492,586,16.8,722,197,27.3,1,0,Y,2026-08-15T04:17:46.259Z
2023,university,0000173,예수대학교,전북,사립,대학,567,10,1.8,121,3,2.5,1,0,Y,2026-08-15T04:17:46.259Z
2023,university,0000164,예원예술대학교,전북,사립,대학,1548,202,13,205,23,11.2,2,0,Y,2026-08-15T04:17:46.259Z
2023,university,0000116,우석대학교,전북,사립,대학,8394,805,9.6,1391,150,10.8,1,0,Y,2026-08-15T04:17:46.259Z
2023,university,0000118,원광대학교,전북,사립,대학,18063,1205,6.7,3046,243,8,1,0,Y,2026-08-15T04:17:46.259Z
2023,university,0000126,전주대학교,전북,사립,대학,14540,1007,6.9,2524,192,7.6,1,0,Y,2026-08-15T04:17:46.259Z
2023,university,0000155,한일장신대학교,전북,사립,대학,961,92,9.6,211,40,19,1,0,Y,2026-08-15T04:17:46.259Z
2023,university,0000223,호원대학교,전북,사립,대학,6436,731,11.4,1406,186,13.2,1,0,Y,2026-08-15T04:17:46.259Z
2023,university,0000192,제주국제대학교,제주,사립,대학,533,149,28,49,19,38.8,1,0,Y,2026-08-15T04:17:46.259Z
2023,university,0000038,건양대학교,충남,사립,대학,7952,486,6.1,1666,193,11.6,2,0,Y,2026-08-15T04:17:46.259Z
2023,university,0000169,금강대학교,충남,사립,대학,287,72,25.1,57,33,57.9,1,0,Y,2026-08-15T04:17:46.259Z
2023,university,0000059,나사렛대학교,충남,사립,대학,6317,646,10.2,1292,135,10.4,1,0,Y,2026-08-15T04:17:46.259Z
2023,university,0000189,남서울대학교,충남,사립,대학,12128,666,5.5,2366,189,8,1,0,Y,2026-08-15T04:17:46.259Z
2023,university,0000131,백석대학교,충남,사립,대학,15436,909,5.9,3084,239,7.7,1,0,Y,2026-08-15T04:17:46.259Z
2023,university,0000094,선문대학교,충남,사립,대학,12066,939,7.8,2221,271,12.2,1,0,Y,2026-08-15T04:17:46.259Z
2023,university,0000104,순천향대학교,충남,사립,대학,13889,781,5.6,2675,233,8.7,1,0,Y,2026-08-15T04:17:46.259Z
2023,university,0000128,중부대학교,충남,사립,대학,10768,768,7.1,1851,152,8.2,1,0,Y,2026-08-15T04:17:46.259Z
2023,university,0000225,청운대학교,충남,사립,대학,7292,583,8,1329,162,12.2,1,0,Y,2026-08-15T04:17:46.259Z
2023,university,0000141,한국기술교육대학교,충남,사립,대학,5819,242,4.2,983,72,7.3,1,0,Y,2026-08-15T04:17:46.259Z
2023,university,0000149,한서대학교,충남,사립,대학,8555,625,7.3,1552,208,13.4,1,0,Y,2026-08-15T04:17:46.259Z
2023,university,0000159,호서대학교,충남,사립,대학,16124,1016,6.3,3150,322,10.2,1,0,Y,2026-08-15T04:17:46.259Z
2023,university,0000557,가톨릭꽃동네대학교,충북,사립,대학,554,29,5.2,110,12,10.9,1,0,Y,2026-08-15T04:17:46.259Z
2023,university,0000058,극동대학교,충북,사립,대학,3901,366,9.4,553,53,9.6,1,0,Y,2026-08-15T04:17:46.259Z
2023,university,0000093,서원대학교,충북,사립,대학,8629,539,6.2,1821,135,7.4,1,0,Y,2026-08-15T04:17:46.259Z
2023,university,0000099,세명대학교,충북,사립,대학,8775,656,7.5,1449,158,10.9,1,0,Y,2026-08-15T04:17:46.259Z
2023,university,0000113,유원대학교,충북,사립,대학,4401,822,18.7,779,155,19.9,1,0,Y,2026-08-15T04:17:46.259Z
2023,university,0000183,중원대학교,충북,사립,대학,4257,513,12.1,638,61,9.6,1,0,Y,2026-08-15T04:17:46.259Z
2023,university,0000132,청주대학교,충북,사립,대학,15548,727,4.7,2810,167,5.9,1,0,Y,2026-08-15T04:17:46.259Z
2023,junior-college,0000347,강릉영동대학교,강원,사립,전문대학,3953,173,4.4,871,93,10.7,1,0,Y,2026-08-15T04:17:46.259Z
2023,junior-college,0000378,강원관광대학교,강원,사립,전문대학,0,0,,0,0,,1,0,N,2026-08-15T04:17:46.259Z
2023,junior-college,0000348,세경대학교,강원,사립,전문대학,1067,193,18.1,410,59,14.4,1,0,Y,2026-08-15T04:17:46.259Z
2023,junior-college,0000393,송곡대학교,강원,사립,전문대학,950,152,16,297,49,16.5,1,0,Y,2026-08-15T04:17:46.259Z
2023,junior-college,0000390,송호대학교,강원,사립,전문대학,951,93,9.8,341,36,10.6,1,0,Y,2026-08-15T04:17:46.259Z
2023,junior-college,0000542,한국골프대학교,강원,사립,전문대학,625,55,8.8,182,13,7.1,1,0,Y,2026-08-15T04:17:46.259Z
2023,junior-college,0000383,한림성심대학교,강원,사립,전문대학,3709,347,9.4,1002,69,6.9,1,0,Y,2026-08-15T04:17:46.259Z
2023,junior-college,0000387,경기과학기술대학교,경기,사립,전문대학,6989,591,8.5,2035,171,8.4,1,0,Y,2026-08-15T04:17:46.259Z
2023,junior-college,0000255,경민대학교,경기,사립,전문대학,6353,322,5.1,1916,93,4.9,1,0,Y,2026-08-15T04:17:46.259Z
2023,junior-college,0000259,경복대학교,경기,사립,전문대학,7793,477,6.1,2449,127,5.2,1,0,Y,2026-08-15T04:17:46.259Z
2023,junior-college,0000264,계원예술대학교,경기,사립,전문대학,3838,319,8.3,1244,109,8.8,1,0,Y,2026-08-15T04:17:46.259Z
2023,junior-college,0000379,국제대학교,경기,사립,전문대학,3584,447,12.5,1016,67,6.6,1,0,Y,2026-08-15T04:17:46.259Z
2023,junior-college,0000277,김포대학교,경기,사립,전문대학,2393,337,14.1,702,97,13.8,1,0,Y,2026-08-15T04:17:46.259Z
2023,junior-college,0000278,농협대학교,경기,사립,전문대학,471,16,3.4,165,7,4.2,1,0,Y,2026-08-15T04:17:46.259Z
2023,junior-college,0000285,대림대학교,경기,사립,전문대학,10418,769,7.4,3095,232,7.5,1,0,Y,2026-08-15T04:17:46.259Z
2023,junior-college,0000294,동남보건대학교,경기,사립,전문대학,5697,342,6,1798,160,8.9,1,0,Y,2026-08-15T04:17:46.259Z
2023,junior-college,0000287,동서울대학교,경기,사립,전문대학,8112,778,9.6,2756,296,10.7,1,0,Y,2026-08-15T04:17:46.259Z
2023,junior-college,0000298,동아방송예술대학교,경기,사립,전문대학,4203,225,5.4,1191,74,6.2,1,0,Y,2026-08-15T04:17:46.259Z
2023,junior-college,0000302,동원대학교,경기,사립,전문대학,3586,522,14.6,1247,204,16.4,1,0,Y,2026-08-15T04:17:46.259Z
2023,junior-college,0000305,두원공과대학교,경기,사립,전문대학,3525,417,11.8,721,60,8.3,1,0,Y,2026-08-15T04:17:46.259Z
2023,junior-college,0000316,부천대학교,경기,사립,전문대학,9806,636,6.5,3284,242,7.4,1,0,Y,2026-08-15T04:17:46.259Z
2023,junior-college,0000323,서울예술대학교,경기,사립,전문대학,4152,128,3.1,1130,13,1.2,1,0,Y,2026-08-15T04:17:46.259Z
2023,junior-college,0000392,서정대학교,경기,사립,전문대학,9718,562,5.8,3057,193,6.3,1,0,Y,2026-08-15T04:17:46.259Z
2023,junior-college,0000330,수원과학대학교,경기,사립,전문대학,4915,642,13.1,1163,165,14.2,1,0,Y,2026-08-15T04:17:46.259Z
2023,junior-college,0000329,수원여자대학교,경기,사립,전문대학,4131,340,8.2,1604,169,10.5,1,0,Y,2026-08-15T04:17:46.259Z
2023,junior-college,0000334,신구대학교,경기,사립,전문대학,8097,728,9,2886,289,10,1,0,Y,2026-08-15T04:17:46.259Z
2023,junior-college,0000339,신안산대학교,경기,사립,전문대학,3367,550,16.3,954,145,15.2,1,0,Y,2026-08-15T04:17:46.259Z
2023,junior-college,0000340,안산대학교,경기,사립,전문대학,5450,397,7.3,1892,172,9.1,1,0,Y,2026-08-15T04:17:46.259Z
2023,junior-college,0000343,여주대학교,경기,사립,전문대학,5051,454,9,1287,93,7.2,1,0,Y,2026-08-15T04:17:46.259Z
2023,junior-college,0000341,연성대학교,경기,사립,전문대학,8299,529,6.4,2684,217,8.1,1,0,Y,2026-08-15T04:17:46.259Z
2023,junior-college,0000350,오산대학교,경기,사립,전문대학,6031,546,9.1,2045,169,8.3,1,0,Y,2026-08-15T04:17:46.259Z
2023,junior-college,0000559,용인예술과학대학교,경기,사립,전문대학,3809,451,11.8,1094,116,10.6,1,0,Y,2026-08-15T04:17:46.259Z
2023,junior-college,0000394,웅지세무대학교,경기,사립,전문대학,932,129,13.8,151,19,12.6,1,0,Y,2026-08-15T04:17:46.259Z
2023,junior-college,0000355,유한대학교,경기,사립,전문대학,7237,576,8,2014,162,8,1,0,Y,2026-08-15T04:17:46.259Z
2023,junior-college,0000358,장안대학교,경기,사립,전문대학,3654,506,13.8,859,122,14.2,1,0,Y,2026-08-15T04:17:46.259Z
2023,junior-college,0000374,청강문화산업대학교,경기,사립,전문대학,5116,200,3.9,1414,33,2.3,1,0,Y,2026-08-15T04:17:46.259Z
2023,junior-college,0000391,한국관광대학교,경기,사립,전문대학,1946,176,9,549,34,6.2,1,0,Y,2026-08-15T04:17:46.259Z
2023,junior-college,0000251,거제대학교,경남,사립,전문대학,1256,94,7.5,389,31,8,1,0,Y,2026-08-15T04:17:46.259Z
2023,junior-college,0000395,김해대학교,경남,사립,전문대학,1675,122,7.3,488,50,10.2,1,0,Y,2026-08-15T04:17:46.259Z
2023,junior-college,0000342,동원과학기술대학교,경남,사립,전문대학,2894,216,7.5,895,84,9.4,1,0,Y,2026-08-15T04:17:46.259Z
2023,junior-college,0000306,마산대학교,경남,사립,전문대학,6502,471,7.2,1986,159,8,1,0,Y,2026-08-15T04:17:46.259Z
2023,junior-college,0000530,연암공과대학교,경남,사립,전문대학,2255,161,7.1,489,22,4.5,1,0,Y,2026-08-15T04:17:46.259Z
2023,junior-college,0000369,진주보건대학교,경남,사립,전문대학,2841,142,5,807,38,4.7,1,0,Y,2026-08-15T04:17:46.259Z
2023,junior-college,0000528,창원문성대학교,경남,사립,전문대학,1877,379,20.2,371,54,14.6,1,0,Y,2026-08-15T04:17:46.259Z
2023,junior-college,0000396,한국승강기대학교,경남,사립,전문대학,1158,143,12.3,252,29,11.5,1,0,Y,2026-08-15T04:17:46.259Z
2023,junior-college,0000249,가톨릭상지대학교,경북,사립,전문대학,2282,183,8,731,52,7.1,1,0,Y,2026-08-15T04:17:46.259Z
2023,junior-college,0000293,경북과학대학교,경북,사립,전문대학,1925,193,10,855,110,12.9,1,0,Y,2026-08-15T04:17:46.259Z
2023,junior-college,0000523,경북보건대학교,경북,사립,전문대학,1458,69,4.7,407,39,9.6,1,0,Y,2026-08-15T04:17:46.259Z
2023,junior-college,0000258,경북전문대학교,경북,사립,전문대학,3172,251,7.9,1047,66,6.3,1,0,Y,2026-08-15T04:17:46.259Z
2023,junior-college,0000268,구미대학교,경북,사립,전문대학,6701,595,8.9,2412,233,9.7,1,0,Y,2026-08-15T04:17:46.259Z
2023,junior-college,0000279,대경대학교,경북,사립,전문대학,4475,578,12.9,1685,239,14.2,1,0,Y,2026-08-15T04:17:46.259Z
2023,junior-college,0000309,문경대학교,경북,사립,전문대학,995,71,7.1,243,24,9.9,1,0,Y,2026-08-15T04:17:46.259Z
2023,junior-college,0000262,서라벌대학교,경북,사립,전문대학,680,58,8.5,253,30,11.9,1,0,Y,2026-08-15T04:17:46.259Z
2023,junior-college,0000380,선린대학교,경북,사립,전문대학,2483,187,7.5,717,68,9.5,1,0,Y,2026-08-15T04:17:46.259Z
2023,junior-college,0000547,성운대학교,경북,사립,전문대학,1607,188,11.7,755,100,13.2,1,0,Y,2026-08-15T04:17:46.259Z
2023,junior-college,0000338,안동과학대학교,경북,사립,전문대학,2573,172,6.7,835,65,7.8,1,0,Y,2026-08-15T04:17:46.259Z
2023,junior-college,0000257,영남외국어대학,경북,사립,전문대학,445,48,10.8,218,35,16.1,1,0,Y,2026-08-15T04:17:46.259Z
2023,junior-college,0000381,포항대학교,경북,사립,전문대학,1948,208,10.7,652,71,10.9,1,0,Y,2026-08-15T04:17:46.259Z
2023,junior-college,0000522,호산대학교,경북,사립,전문대학,2159,163,7.5,834,90,10.8,1,0,Y,2026-08-15T04:17:46.259Z
2023,junior-college,0000267,광주보건대학교,광주,사립,전문대학,4564,316,6.9,1335,85,6.4,1,0,Y,2026-08-15T04:17:46.259Z
2023,junior-college,0000273,기독간호대학교,광주,사립,전문대학,651,12,1.8,152,6,3.9,1,0,Y,2026-08-15T04:17:46.259Z
2023,junior-college,0000297,동강대학교,광주,사립,전문대학,2837,374,13.2,1054,169,16,1,0,Y,2026-08-15T04:17:46.259Z
2023,junior-college,0000320,서영대학교,광주,사립,전문대학,6953,484,7,2188,164,7.5,1,0,Y,2026-08-15T04:17:46.259Z
2023,junior-college,0000366,조선간호대학교,광주,사립,전문대학,824,14,1.7,193,7,3.6,1,0,Y,2026-08-15T04:17:46.259Z
2023,junior-college,0000365,조선이공대학교,광주,사립,전문대학,4725,491,10.4,1479,129,8.7,1,0,Y,2026-08-15T04:17:46.259Z
2023,junior-college,0000263,계명문화대학교,대구,사립,전문대학,6321,814,12.9,2205,235,10.7,1,0,Y,2026-08-15T04:17:46.259Z
2023,junior-college,0000280,대구공업대학교,대구,사립,전문대학,1503,237,15.8,620,96,15.5,1,0,Y,2026-08-15T04:17:46.259Z
2023,junior-college,0000283,대구과학대학교,대구,사립,전문대학,4976,481,9.7,1897,232,12.2,1,0,Y,2026-08-15T04:17:46.259Z
2023,junior-college,0000281,대구보건대학교,대구,사립,전문대학,8390,593,7.1,2735,211,7.7,1,0,Y,2026-08-15T04:17:46.259Z
2023,junior-college,0000282,수성대학교,대구,사립,전문대학,4200,372,8.9,1485,134,9,1,0,Y,2026-08-15T04:17:46.259Z
2023,junior-college,0000346,영남이공대학교,대구,사립,전문대학,8108,748,9.2,2686,239,8.9,1,0,Y,2026-08-15T04:17:46.259Z
2023,junior-college,0000349,영진전문대학교,대구,사립,전문대학,10094,1178,11.7,3284,446,13.6,1,0,Y,2026-08-15T04:17:46.259Z
2023,junior-college,0000376,대덕대학교,대전,사립,전문대학,2581,480,18.6,922,162,17.6,1,0,Y,2026-08-15T04:17:46.259Z
2023,junior-college,0000512,대전과학기술대학교,대전,사립,전문대학,4572,478,10.5,1537,212,13.8,1,0,Y,2026-08-15T04:17:46.259Z
2023,junior-college,0000288,대전보건대학교,대전,사립,전문대학,5890,389,6.6,1722,111,6.4,1,0,Y,2026-08-15T04:17:46.259Z
2023,junior-college,0000289,우송정보대학,대전,사립,전문대학,4619,598,12.9,1536,204,13.3,1,0,Y,2026-08-15T04:17:46.259Z
2023,junior-college,0000253,경남정보대학교,부산,사립,전문대학,9457,749,7.9,2512,242,9.6,1,0,Y,2026-08-15T04:17:46.259Z
2023,junior-college,0000284,대동대학교,부산,사립,전문대학,1655,104,6.3,466,32,6.9,1,0,Y,2026-08-15T04:17:46.259Z
2023,junior-college,0000303,동의과학대학교,부산,사립,전문대학,5641,921,16.3,1698,159,9.4,1,0,Y,2026-08-15T04:17:46.259Z
2023,junior-college,0000313,부산경상대학교,부산,사립,전문대학,2832,536,18.9,1016,262,25.8,1,0,Y,2026-08-15T04:17:46.259Z
2023,junior-college,0000315,부산과학기술대학교,부산,사립,전문대학,4559,509,11.2,1468,149,10.1,1,0,Y,2026-08-15T04:17:46.259Z
2023,junior-college,0000569,부산보건대학교,부산,사립,전문대학,3119,271,8.7,896,61,6.8,1,0,Y,2026-08-15T04:17:46.259Z
2023,junior-college,0000314,부산여자대학교,부산,사립,전문대학,2032,187,9.2,701,76,10.8,1,0,Y,2026-08-15T04:17:46.259Z
2023,junior-college,0000388,부산예술대학교,부산,사립,전문대학,727,168,23.1,383,83,21.7,1,0,Y,2026-08-15T04:17:46.259Z
2023,junior-college,0000300,동양미래대학교,서울,사립,전문대학,9697,689,7.1,2873,282,9.8,1,0,Y,2026-08-15T04:17:46.259Z
2023,junior-college,0000307,명지전문대학,서울,사립,전문대학,9379,796,8.5,3314,344,10.4,1,0,Y,2026-08-15T04:17:46.259Z
2023,junior-college,0000310,배화여자대학교,서울,사립,전문대학,3139,334,10.6,1398,209,14.9,1,0,Y,2026-08-15T04:17:46.259Z
2023,junior-college,0000317,삼육보건대학교,서울,사립,전문대학,1542,120,7.8,503,58,11.5,1,0,Y,2026-08-15T04:17:46.259Z
2023,junior-college,0000321,서울여자간호대학교,서울,사립,전문대학,937,33,3.5,229,16,7,1,0,Y,2026-08-15T04:17:46.259Z
2023,junior-college,0000324,서일대학교,서울,사립,전문대학,8536,763,8.9,2709,294,10.9,1,0,Y,2026-08-15T04:17:46.259Z
2023,junior-college,0000333,숭의여자대학교,서울,사립,전문대학,3360,337,10,1583,214,13.5,1,0,Y,2026-08-15T04:17:46.259Z
2023,junior-college,0000356,인덕대학교,서울,사립,전문대학,8375,803,9.6,2613,242,9.3,1,0,Y,2026-08-15T04:17:46.259Z
2023,junior-college,0000384,한양여자대학교,서울,사립,전문대학,7780,598,7.7,3089,349,11.3,1,0,Y,2026-08-15T04:17:46.259Z
2023,junior-college,0000353,한국영상대학교,세종,사립,전문대학,4073,292,7.2,1258,100,7.9,1,0,Y,2026-08-15T04:17:46.259Z
2023,junior-college,0000352,울산과학대학교,울산,사립,전문대학,7520,499,6.6,1933,138,7.1,1,0,Y,2026-08-15T04:17:46.259Z
2023,junior-college,0000375,춘해보건대학교,울산,사립,전문대학,2958,137,4.6,864,62,7.2,1,0,Y,2026-08-15T04:17:46.259Z
2023,junior-college,0000261,경인여자대학교,인천,사립,전문대학,4187,303,7.2,1625,152,9.4,1,0,Y,2026-08-15T04:17:46.259Z
2023,junior-college,0000292,인천재능대학교,인천,사립,전문대학,4650,480,10.3,1353,141,10.4,1,0,Y,2026-08-15T04:17:46.259Z
2023,junior-college,0000357,인하공업전문대학,인천,사립,전문대학,10603,692,6.5,3300,308,9.3,1,0,Y,2026-08-15T04:17:46.259Z
2023,junior-college,0000272,고구려대학교,전남,사립,전문대학,1485,422,28.4,629,158,25.1,1,0,Y,2026-08-15T04:17:46.259Z
2023,junior-college,0000266,광양보건대학교,전남,사립,전문대학,141,24,17,28,3,10.7,1,0,Y,2026-08-15T04:17:46.259Z
2023,junior-college,0000532,동아보건대학교,전남,사립,전문대학,1144,111,9.7,349,40,11.5,1,0,Y,2026-08-15T04:17:46.259Z
2023,junior-college,0000308,목포과학대학교,전남,사립,전문대학,3067,87,2.8,938,52,5.5,1,0,Y,2026-08-15T04:17:46.259Z
2023,junior-college,0000331,순천제일대학교,전남,사립,전문대학,3173,374,11.8,1153,136,11.8,1,0,Y,2026-08-15T04:17:46.259Z
2023,junior-college,0000360,전남과학대학교,전남,사립,전문대학,3612,402,11.1,1436,210,14.6,1,0,Y,2026-08-15T04:17:46.259Z
2023,junior-college,0000332,청암대학교,전남,사립,전문대학,2898,210,7.2,817,116,14.2,1,0,Y,2026-08-15T04:17:46.259Z
2023,junior-college,0000546,한영대학교,전남,사립,전문대학,1888,99,5.2,657,35,5.3,1,0,Y,2026-08-15T04:17:46.259Z
2023,junior-college,0000250,군산간호대학교,전북,사립,전문대학,1288,42,3.3,310,20,6.5,1,0,Y,2026-08-15T04:17:46.259Z
2023,junior-college,0000270,군장대학교,전북,사립,전문대학,1749,191,10.9,657,71,10.8,1,0,Y,2026-08-15T04:17:46.259Z
2023,junior-college,0000311,백제예술대학교,전북,사립,전문대학,1213,191,15.7,428,63,14.7,1,0,Y,2026-08-15T04:17:46.259Z
2023,junior-college,0000354,원광보건대학교,전북,사립,전문대학,5584,419,7.5,1514,128,8.5,1,0,Y,2026-08-15T04:17:46.259Z
2023,junior-college,0000362,전북과학대학교,전북,사립,전문대학,1726,102,5.9,675,56,8.3,1,0,Y,2026-08-15T04:17:46.259Z
2023,junior-college,0000274,전주기전대학,전북,사립,전문대학,1819,309,17,767,131,17.1,1,0,Y,2026-08-15T04:17:46.259Z
2023,junior-college,0000361,전주비전대학교,전북,사립,전문대학,4195,342,8.2,1283,83,6.5,1,0,Y,2026-08-15T04:17:46.259Z
2023,junior-college,0000363,제주관광대학교,제주,사립,전문대학,2089,443,21.2,664,158,23.8,1,0,Y,2026-08-15T04:17:46.259Z
2023,junior-college,0000382,제주한라대학교,제주,사립,전문대학,8588,1020,11.9,1570,151,9.6,1,0,Y,2026-08-15T04:17:46.259Z
2023,junior-college,0000373,백석문화대학교,충남,사립,전문대학,5775,634,11,1737,181,10.4,1,0,Y,2026-08-15T04:17:46.259Z
2023,junior-college,0000335,신성대학교,충남,사립,전문대학,3546,366,10.3,1100,102,9.3,1,0,Y,2026-08-15T04:17:46.259Z
2023,junior-college,0000568,아주자동차대학교,충남,사립,전문대학,1541,226,14.7,398,153,38.4,1,0,Y,2026-08-15T04:17:46.259Z
2023,junior-college,0000529,연암대학교,충남,사립,전문대학,1588,86,5.4,592,19,3.2,1,0,Y,2026-08-15T04:17:46.259Z
2023,junior-college,0000386,혜전대학교,충남,사립,전문대학,3287,245,7.5,965,62,6.4,1,0,Y,2026-08-15T04:17:46.259Z
2023,junior-college,0000271,강동대학교,충북,사립,전문대학,3809,410,10.8,1318,96,7.3,1,0,Y,2026-08-15T04:17:46.259Z
2023,junior-college,0000286,대원대학교,충북,사립,전문대학,2270,184,8.1,679,46,6.8,1,0,Y,2026-08-15T04:17:46.259Z
2023,junior-college,0000367,충북보건과학대학교,충북,사립,전문대학,2917,261,8.9,857,78,9.1,1,0,Y,2026-08-15T04:17:46.259Z
2023,junior-college,0000377,충청대학교,충북,사립,전문대학,4273,431,10.1,1316,151,11.5,1,0,Y,2026-08-15T04:17:46.259Z
2023,graduate,0000513,가톨릭관동대학교,강원,사립,대학원,524,54,10.3,,,,4,6,Y,2026-08-15T04:17:46.259Z
2023,graduate,0000086,상지대학교,강원,사립,대학원,344,12,3.5,,,,5,6,Y,2026-08-15T04:17:46.259Z
2023,graduate,0000147,한라대학교,강원,사립,대학원,31,6,19.4,,,,1,1,Y,2026-08-15T04:17:46.259Z
2023,graduate,0000148,한림대학교,강원,사립,대학원,756,36,4.8,,,,7,9,Y,2026-08-15T04:17:46.259Z
2023,graduate,0000044,가천대학교,경기,사립,대학원,3102,149,4.8,,,,9,11,Y,2026-08-15T04:17:46.259Z
2023,graduate,0000034,가톨릭대학교,경기,사립,대학원,2995,104,3.5,,,,16,21,Y,2026-08-15T04:17:46.259Z
2023,graduate,0000036,강남대학교,경기,사립,대학원,434,35,8.1,,,,4,5,Y,2026-08-15T04:17:46.259Z
2023,graduate,0000039,경기대학교,경기,사립,대학원,2413,144,6,,,,10,14,Y,2026-08-15T04:17:46.259Z
2023,graduate,0000060,단국대학교,경기,사립,대학원,4780,282,5.9,,,,13,17,Y,2026-08-15T04:17:46.259Z
2023,graduate,0000068,대진대학교,경기,사립,대학원,564,27,4.8,,,,4,5,Y,2026-08-15T04:17:46.259Z
2023,graduate,0000078,루터대학교,경기,사립,대학원,62,5,8.1,,,,1,1,Y,2026-08-15T04:17:46.259Z
2023,graduate,0000079,명지대학교,경기,사립,대학원,2717,130,4.8,,,,9,12,Y,2026-08-15T04:17:46.259Z
2023,graduate,0000090,서울신학대학교,경기,사립,대학원,927,70,7.6,,,,7,9,Y,2026-08-15T04:17:46.259Z
2023,graduate,0000092,서울장신대학교,경기,사립,대학원,394,25,6.3,,,,7,9,Y,2026-08-15T04:17:46.259Z
2023,graduate,0000095,성결대학교,경기,사립,대학원,387,42,10.9,,,,5,7,Y,2026-08-15T04:17:46.259Z
2023,graduate,0000101,수원가톨릭대학교,경기,사립,대학원,58,1,1.7,,,,1,2,Y,2026-08-15T04:17:46.259Z
2023,graduate,0000102,수원대학교,경기,사립,대학원,771,85,11,,,,13,14,Y,2026-08-15T04:17:46.259Z
2023,graduate,0000509,신한대학교,경기,사립,대학원,407,23,5.7,,,,2,3,Y,2026-08-15T04:17:46.259Z
2023,graduate,0000558,아신대학교,경기,사립,대학원,738,60,8.1,,,,6,8,Y,2026-08-15T04:17:46.259Z
2023,graduate,0000108,아주대학교,경기,사립,대학원,4480,205,4.6,,,,14,15,Y,2026-08-15T04:17:46.259Z
2023,graduate,0000109,안양대학교,경기,사립,대학원,661,22,3.3,,,,7,9,Y,2026-08-15T04:17:46.259Z
2023,graduate,0000115,용인대학교,경기,사립,대학원,639,53,8.3,,,,7,8,Y,2026-08-15T04:17:46.259Z
2023,graduate,0000120,을지대학교,경기,사립,대학원,320,16,5,,,,3,5,Y,2026-08-15T04:17:46.259Z
2023,graduate,0000130,중앙승가대학교,경기,사립,대학원,82,6,7.3,,,,1,2,Y,2026-08-15T04:17:46.259Z
2023,graduate,0000139,차의과학대학교,경기,사립,대학원,1415,52,3.7,,,,9,11,Y,2026-08-15T04:17:46.259Z
2023,graduate,0000136,칼빈대학교,경기,사립,대학원,1004,101,10.1,,,,2,4,Y,2026-08-15T04:17:46.259Z
2023,graduate,0000138,평택대학교,경기,사립,대학원,418,28,6.7,,,,6,8,Y,2026-08-15T04:17:46.259Z
2023,graduate,0000562,한국공학대학교,경기,사립,대학원,393,17,4.3,,,,3,5,Y,2026-08-15T04:17:46.259Z
2023,graduate,0000144,한국항공대학교,경기,사립,대학원,694,43,6.2,,,,2,4,Y,2026-08-15T04:17:46.259Z
2023,graduate,0000151,한세대학교,경기,사립,대학원,653,62,9.5,,,,6,7,Y,2026-08-15T04:17:46.259Z
2023,graduate,0000152,한신대학교,경기,사립,대학원,431,37,8.6,,,,6,7,Y,2026-08-15T04:17:46.259Z
2023,graduate,0000156,협성대학교,경기,사립,대학원,205,22,10.7,,,,4,5,Y,2026-08-15T04:17:46.259Z
2023,graduate,0000032,가야대학교,경남,사립,대학원,110,8,7.3,,,,4,4,Y,2026-08-15T04:17:46.259Z
2023,graduate,0000040,경남대학교,경남,사립,대학원,1249,76,6.1,,,,4,6,Y,2026-08-15T04:17:46.259Z
2023,graduate,0000167,부산장신대학교,경남,사립,대학원,224,25,11.2,,,,5,6,Y,2026-08-15T04:17:46.259Z
2023,graduate,0000181,영산대학교,경남,사립,대학원,350,18,5.1,,,,7,9,Y,2026-08-15T04:17:46.259Z
2023,graduate,0000122,인제대학교,경남,사립,대학원,1274,82,6.4,,,,6,8,Y,2026-08-15T04:17:46.259Z
2023,graduate,0000193,창신대학교,경남,사립,대학원,297,15,5.1,,,,3,4,Y,2026-08-15T04:17:46.259Z
2023,graduate,0000188,경운대학교,경북,사립,대학원,190,9,4.7,,,,3,4,Y,2026-08-15T04:17:46.259Z
2023,graduate,0000045,경일대학교,경북,사립,대학원,358,14,3.9,,,,2,4,Y,2026-08-15T04:17:46.259Z
2023,graduate,0000046,경주대학교,경북,사립,대학원,98,11,11.2,,,,2,3,Y,2026-08-15T04:17:46.259Z
2023,graduate,0000185,김천대학교,경북,사립,대학원,141,13,9.2,,,,3,4,Y,2026-08-15T04:17:46.259Z
2023,graduate,0000063,대구가톨릭대학교,경북,사립,대학원,1520,90,5.9,,,,10,12,Y,2026-08-15T04:17:46.259Z
2023,graduate,0000061,대구대학교,경북,사립,대학원,1637,106,6.5,,,,6,7,Y,2026-08-15T04:17:46.259Z
2023,graduate,0000042,대구한의대학교,경북,사립,대학원,393,17,4.3,,,,3,5,Y,2026-08-15T04:17:46.259Z
2023,graduate,0000065,대신대학교,경북,사립,대학원,319,3,0.9,,,,2,3,Y,2026-08-15T04:17:46.259Z
2023,graduate,0000076,동양대학교,경북,사립,대학원,239,12,5,,,,3,4,Y,2026-08-15T04:17:46.259Z
2023,graduate,0000111,영남대학교,경북,사립,대학원,2702,170,6.3,,,,8,10,Y,2026-08-15T04:17:46.259Z
2023,graduate,0000112,영남신학대학교,경북,사립,대학원,316,20,6.3,,,,7,8,Y,2026-08-15T04:17:46.259Z
2023,graduate,0000119,위덕대학교,경북,사립,대학원,262,21,8,,,,5,6,Y,2026-08-15T04:17:46.259Z
2023,graduate,0000140,포항공과대학교,경북,사립,대학원,2108,69,3.3,,,,3,6,Y,2026-08-15T04:17:46.259Z
2023,graduate,0000146,한동대학교,경북,사립,대학원,442,13,2.9,,,,7,9,Y,2026-08-15T04:17:46.259Z
2023,graduate,0000052,광신대학교,광주,사립,대학원,573,45,7.9,,,,6,8,Y,2026-08-15T04:17:46.259Z
2023,graduate,0000176,광주대학교,광주,사립,대학원,482,35,7.3,,,,3,5,Y,2026-08-15T04:17:46.259Z
2023,graduate,0000055,광주여자대학교,광주,사립,대학원,235,12,5.1,,,,3,4,Y,2026-08-15T04:17:46.259Z
2023,graduate,0000162,남부대학교,광주,사립,대학원,401,18,4.5,,,,3,4,Y,2026-08-15T04:17:46.259Z
2023,graduate,0000187,송원대학교,광주,사립,대학원,153,8,5.2,,,,1,1,Y,2026-08-15T04:17:46.259Z
2023,graduate,0000127,조선대학교,광주,사립,대학원,1436,84,5.8,,,,8,10,Y,2026-08-15T04:17:46.259Z
2023,graduate,0000157,호남대학교,광주,사립,대학원,949,79,8.3,,,,3,4,Y,2026-08-15T04:17:46.259Z
2023,graduate,0000158,호남신학대학교,광주,사립,대학원,540,5,0.9,,,,5,6,Y,2026-08-15T04:17:46.259Z
2023,graduate,0000048,계명대학교,대구,사립,대학원,2292,133,5.8,,,,9,11,Y,2026-08-15T04:17:46.259Z
2023,graduate,0000038,건양대학교,대전,사립,대학원,660,49,7.4,,,,6,7,Y,2026-08-15T04:17:46.259Z
2023,graduate,0000067,대전대학교,대전,사립,대학원,651,41,6.3,,,,4,6,Y,2026-08-15T04:17:46.259Z
2023,graduate,0000182,대전신학대학교,대전,사립,대학원,99,6,6.1,,,,2,3,Y,2026-08-15T04:17:46.259Z
2023,graduate,0000080,목원대학교,대전,사립,대학원,806,52,6.5,,,,3,4,Y,2026-08-15T04:17:46.259Z
2023,graduate,0000081,배재대학교,대전,사립,대학원,598,27,4.5,,,,3,5,Y,2026-08-15T04:17:46.259Z
2023,graduate,0000184,우송대학교,대전,사립,대학원,990,24,2.4,,,,6,8,Y,2026-08-15T04:17:46.259Z
2023,graduate,0000551,한국침례신학대학교,대전,사립,대학원,795,73,9.2,,,,5,7,Y,2026-08-15T04:17:46.259Z
2023,graduate,0000145,한남대학교,대전,사립,대학원,1094,66,6,,,,5,7,Y,2026-08-15T04:17:46.259Z
2023,graduate,0000043,경성대학교,부산,사립,대학원,644,60,9.3,,,,3,4,Y,2026-08-15T04:17:46.259Z
2023,graduate,0000050,고신대학교,부산,사립,대학원,1050,43,4.1,,,,7,9,Y,2026-08-15T04:17:46.259Z
2023,graduate,0000180,동명대학교,부산,사립,대학원,533,33,6.2,,,,2,4,Y,2026-08-15T04:17:46.259Z
2023,graduate,0000073,동서대학교,부산,사립,대학원,403,27,6.7,,,,3,4,Y,2026-08-15T04:17:46.259Z
2023,graduate,0000075,동아대학교,부산,사립,대학원,2186,186,8.5,,,,7,11,Y,2026-08-15T04:17:46.259Z
2023,graduate,0000077,동의대학교,부산,사립,대학원,863,51,5.9,,,,7,7,Y,2026-08-15T04:17:46.259Z
2023,graduate,0000082,부산가톨릭대학교,부산,사립,대학원,259,16,6.2,,,,2,3,Y,2026-08-15T04:17:46.259Z
2023,graduate,0000083,부산외국어대학교,부산,사립,대학원,631,43,6.8,,,,4,6,Y,2026-08-15T04:17:46.259Z
2023,graduate,0000106,신라대학교,부산,사립,대학원,810,59,7.3,,,,6,7,Y,2026-08-15T04:17:46.259Z
2023,graduate,0000035,감리교신학대학교,서울,사립,대학원,738,64,8.7,,,,3,4,Y,2026-08-15T04:17:46.259Z
2023,graduate,0000565,강서대학교,서울,사립,대학원,171,19,11.1,,,,4,5,Y,2026-08-15T04:17:46.259Z
2023,graduate,0000037,건국대학교,서울,사립,대학원,6232,255,4.1,,,,17,23,Y,2026-08-15T04:17:46.259Z
2023,graduate,0000047,경희대학교,서울,사립,대학원,9483,433,4.6,,,,15,21,Y,2026-08-15T04:17:46.259Z
2023,graduate,0000049,고려대학교,서울,사립,대학원,11557,457,4,,,,24,38,Y,2026-08-15T04:17:46.259Z
2023,graduate,0000053,광운대학교,서울,사립,대학원,1483,79,5.3,,,,7,9,Y,2026-08-15T04:17:46.259Z
2023,graduate,0000056,국민대학교,서울,사립,대학원,3803,234,6.2,,,,15,22,Y,2026-08-15T04:17:46.259Z
2023,graduate,0000070,덕성여자대학교,서울,사립,대학원,405,13,3.2,,,,3,5,Y,2026-08-15T04:17:46.259Z
2023,graduate,0000071,동국대학교,서울,사립,대학원,5280,302,5.7,,,,17,22,Y,2026-08-15T04:17:46.259Z
2023,graduate,0000072,동덕여자대학교,서울,사립,대학원,306,11,3.6,,,,4,6,Y,2026-08-15T04:17:46.259Z
2023,graduate,0000131,백석대학교,서울,사립,대학원,2937,263,9,,,,8,10,Y,2026-08-15T04:17:46.259Z
2023,graduate,0000084,삼육대학교,서울,사립,대학원,871,67,7.7,,,,4,6,Y,2026-08-15T04:17:46.259Z
2023,graduate,0000085,상명대학교,서울,사립,대학원,1545,66,4.3,,,,6,10,Y,2026-08-15T04:17:46.259Z
2023,graduate,0000087,서강대학교,서울,사립,대학원,4040,135,3.3,,,,12,20,Y,2026-08-15T04:17:46.259Z
2023,graduate,0000088,서경대학교,서울,사립,대학원,592,27,4.6,,,,4,5,Y,2026-08-15T04:17:46.259Z
2023,graduate,0000069,서울기독대학교,서울,사립,대학원,162,7,4.3,,,,6,5,Y,2026-08-15T04:17:46.259Z
2023,graduate,0000091,서울여자대학교,서울,사립,대학원,267,13,4.9,,,,3,5,Y,2026-08-15T04:17:46.259Z
2023,graduate,0000539,서울한영대학교,서울,사립,대학원,334,83,24.9,,,,3,4,Y,2026-08-15T04:17:46.259Z
2023,graduate,0000096,성공회대학교,서울,사립,대학원,336,19,5.7,,,,7,8,Y,2026-08-15T04:17:46.259Z
2023,graduate,0000097,성균관대학교,서울,사립,대학원,9226,313,3.4,,,,17,25,Y,2026-08-15T04:17:46.259Z
2023,graduate,0000098,성신여자대학교,서울,사립,대학원,886,38,4.3,,,,6,8,Y,2026-08-15T04:17:46.259Z
2023,graduate,0000100,세종대학교,서울,사립,대학원,3286,196,6,,,,7,9,Y,2026-08-15T04:17:46.259Z
2023,graduate,0000103,숙명여자대학교,서울,사립,대학원,2866,193,6.7,,,,10,12,Y,2026-08-15T04:17:46.259Z
2023,graduate,0000105,숭실대학교,서울,사립,대학원,3074,147,4.8,,,,8,10,Y,2026-08-15T04:17:46.259Z
2023,graduate,0000110,연세대학교,서울,사립,대학원,15220,1013,6.7,,,,20,33,Y,2026-08-15T04:17:46.259Z
2023,graduate,0000121,이화여자대학교,서울,사립,대학원,6537,295,4.5,,,,15,22,Y,2026-08-15T04:17:46.259Z
2023,graduate,0000125,장로회신학대학교,서울,사립,대학원,1697,61,3.6,,,,6,9,Y,2026-08-15T04:17:46.259Z
2023,graduate,0000129,중앙대학교,서울,사립,대학원,6913,334,4.8,,,,18,25,Y,2026-08-15T04:17:46.259Z
2023,graduate,0000133,총신대학교,서울,사립,대학원,2163,109,5,,,,9,11,Y,2026-08-15T04:17:46.259Z
2023,graduate,0000134,추계예술대학교,서울,사립,대학원,323,22,6.8,,,,3,5,Y,2026-08-15T04:17:46.259Z
2023,graduate,0000142,한국성서대학교,서울,사립,대학원,193,22,11.4,,,,4,6,Y,2026-08-15T04:17:46.259Z
2023,graduate,0000143,한국외국어대학교,서울,사립,대학원,3360,169,5,,,,9,15,Y,2026-08-15T04:17:46.259Z
2023,graduate,0000150,한성대학교,서울,사립,대학원,999,59,5.9,,,,8,9,Y,2026-08-15T04:17:46.259Z
2023,graduate,0000153,한양대학교,서울,사립,대학원,11129,549,4.9,,,,19,30,Y,2026-08-15T04:17:46.259Z
2023,graduate,0000160,홍익대학교,서울,사립,대학원,5059,261,5.2,,,,15,18,Y,2026-08-15T04:17:46.259Z
2023,graduate,0000066,대전가톨릭대학교,세종,사립,대학원,31,1,3.2,,,,1,1,Y,2026-08-15T04:17:46.259Z
2023,graduate,0000117,울산대학교,울산,사립,대학원,2050,97,4.7,,,,5,7,Y,2026-08-15T04:17:46.259Z
2023,graduate,0000123,인천가톨릭대학교,인천,사립,대학원,86,8,9.3,,,,2,2,Y,2026-08-15T04:17:46.259Z
2023,graduate,0000124,인하대학교,인천,사립,대학원,3769,244,6.5,,,,10,16,Y,2026-08-15T04:17:46.259Z
2023,graduate,0000054,광주가톨릭대학교,전남,사립,대학원,39,0,0,,,,1,1,Y,2026-08-15T04:17:46.259Z
2023,graduate,0000074,동신대학교,전남,사립,대학원,902,38,4.2,,,,3,5,Y,2026-08-15T04:17:46.259Z
2023,graduate,0000064,세한대학교,전남,사립,대학원,683,16,2.3,,,,1,3,Y,2026-08-15T04:17:46.259Z
2023,graduate,0000190,초당대학교,전남,사립,대학원,337,17,5,,,,2,3,Y,2026-08-15T04:17:46.259Z
2023,graduate,0000173,예수대학교,전북,사립,대학원,11,1,9.1,,,,1,1,Y,2026-08-15T04:17:46.259Z
2023,graduate,0000164,예원예술대학교,전북,사립,대학원,212,22,10.4,,,,3,3,Y,2026-08-15T04:17:46.259Z
2023,graduate,0000116,우석대학교,전북,사립,대학원,1074,48,4.5,,,,4,5,Y,2026-08-15T04:17:46.259Z
2023,graduate,0000118,원광대학교,전북,사립,대학원,1333,72,5.4,,,,6,9,Y,2026-08-15T04:17:46.259Z
2023,graduate,0000126,전주대학교,전북,사립,대학원,961,66,6.9,,,,7,8,Y,2026-08-15T04:17:46.259Z
2023,graduate,0000155,한일장신대학교,전북,사립,대학원,277,31,11.2,,,,7,6,Y,2026-08-15T04:17:46.259Z
2023,graduate,0000192,제주국제대학교,제주,사립,대학원,193,29,15,,,,4,5,Y,2026-08-15T04:17:46.259Z
2023,graduate,0000169,금강대학교,충남,사립,대학원,21,3,14.3,,,,1,2,Y,2026-08-15T04:17:46.259Z
2023,graduate,0000059,나사렛대학교,충남,사립,대학원,445,42,9.4,,,,4,5,Y,2026-08-15T04:17:46.259Z
2023,graduate,0000189,남서울대학교,충남,사립,대학원,727,43,5.9,,,,3,4,Y,2026-08-15T04:17:46.259Z
2023,graduate,0000094,선문대학교,충남,사립,대학원,440,31,7,,,,3,5,Y,2026-08-15T04:17:46.259Z
2023,graduate,0000104,순천향대학교,충남,사립,대학원,1220,52,4.3,,,,6,8,Y,2026-08-15T04:17:46.259Z
2023,graduate,0000128,중부대학교,충남,사립,대학원,1943,120,6.2,,,,4,5,Y,2026-08-15T04:17:46.259Z
2023,graduate,0000225,청운대학교,충남,사립,대학원,391,10,2.6,,,,1,1,Y,2026-08-15T04:17:46.259Z
2023,graduate,0000141,한국기술교육대학교,충남,사립,대학원,599,40,6.7,,,,3,7,Y,2026-08-15T04:17:46.259Z
2023,graduate,0000149,한서대학교,충남,사립,대학원,540,34,6.3,,,,5,7,Y,2026-08-15T04:17:46.259Z
2023,graduate,0000159,호서대학교,충남,사립,대학원,1647,112,6.8,,,,10,16,Y,2026-08-15T04:17:46.259Z
2023,graduate,0000557,가톨릭꽃동네대학교,충북,사립,대학원,79,0,0,,,,2,2,Y,2026-08-15T04:17:46.259Z
2023,graduate,0000058,극동대학교,충북,사립,대학원,227,4,1.8,,,,3,4,Y,2026-08-15T04:17:46.259Z
2023,graduate,0000093,서원대학교,충북,사립,대학원,190,30,15.8,,,,3,3,Y,2026-08-15T04:17:46.259Z
2023,graduate,0000099,세명대학교,충북,사립,대학원,456,24,5.3,,,,3,4,Y,2026-08-15T04:17:46.259Z
2023,graduate,0000113,유원대학교,충북,사립,대학원,74,7,9.5,,,,1,1,Y,2026-08-15T04:17:46.259Z
2023,graduate,0000183,중원대학교,충북,사립,대학원,320,21,6.6,,,,3,4,Y,2026-08-15T04:17:46.259Z
2023,graduate,0000132,청주대학교,충북,사립,대학원,864,58,6.7,,,,5,6,Y,2026-08-15T04:17:46.259Z
2023,combined,0000513,가톨릭관동대학교,강원,사립,대학,9922,915,9.2,1078,74,6.9,1,6,Y,2026-08-15T04:17:46.259Z
2023,combined,0000041,경동대학교,강원,사립,대학,9077,588,6.5,1819,129,7.1,4,0,Y,2026-08-15T04:17:46.259Z
2023,combined,0000086,상지대학교,강원,사립,대학,9524,881,9.3,1629,220,13.5,1,6,Y,2026-08-15T04:17:46.259Z
2023,combined,0000147,한라대학교,강원,사립,대학,4203,389,9.3,777,109,14,1,1,Y,2026-08-15T04:17:46.259Z
2023,combined,0000148,한림대학교,강원,사립,대학,11070,506,4.6,1875,127,6.8,1,9,Y,2026-08-15T04:17:46.259Z
2023,combined,0000044,가천대학교,경기,사립,대학,30204,1115,3.7,4856,380,7.8,1,11,Y,2026-08-15T04:17:46.259Z
2023,combined,0000034,가톨릭대학교,경기,사립,대학,13819,495,3.6,2075,168,8.1,3,21,Y,2026-08-15T04:17:46.259Z
2023,combined,0000036,강남대학교,경기,사립,대학,9150,532,5.8,1591,180,11.3,1,5,Y,2026-08-15T04:17:46.259Z
2023,combined,0000039,경기대학교,경기,사립,대학,21443,872,4.1,3217,283,8.8,2,14,Y,2026-08-15T04:17:46.259Z
2023,combined,0000060,단국대학교,경기,사립,대학,34059,1492,4.4,5107,504,9.9,2,17,Y,2026-08-15T04:17:46.259Z
2023,combined,0000068,대진대학교,경기,사립,대학,10544,646,6.1,1848,221,12,1,5,Y,2026-08-15T04:17:46.259Z
2023,combined,0000078,루터대학교,경기,사립,대학,458,52,11.4,86,10,11.6,1,1,Y,2026-08-15T04:17:46.259Z
2023,combined,0000079,명지대학교,경기,사립,대학,21547,886,4.1,2949,224,7.6,2,12,Y,2026-08-15T04:17:46.259Z
2023,combined,0000090,서울신학대학교,경기,사립,대학,3383,212,6.3,487,52,10.7,1,9,Y,2026-08-15T04:17:46.259Z
2023,combined,0000092,서울장신대학교,경기,사립,대학,773,79,10.2,75,15,20,1,9,Y,2026-08-15T04:17:46.259Z
2023,combined,0000095,성결대학교,경기,사립,대학,7411,428,5.8,1300,116,8.9,1,7,Y,2026-08-15T04:17:46.259Z
2023,combined,0000101,수원가톨릭대학교,경기,사립,대학,227,7,3.1,30,0,0,1,2,Y,2026-08-15T04:17:46.259Z
2023,combined,0000102,수원대학교,경기,사립,대학,12631,810,6.4,2251,223,9.9,1,14,Y,2026-08-15T04:17:46.259Z
2023,combined,0000509,신한대학교,경기,사립,대학,8368,464,5.5,1513,104,6.9,2,3,Y,2026-08-15T04:17:46.259Z
2023,combined,0000558,아신대학교,경기,사립,대학,1191,126,10.6,65,10,15.4,1,8,Y,2026-08-15T04:17:46.259Z
2023,combined,0000108,아주대학교,경기,사립,대학,17875,617,3.5,2255,173,7.7,1,15,Y,2026-08-15T04:17:46.259Z
2023,combined,0000109,안양대학교,경기,사립,대학,7175,432,6,1208,128,10.6,2,9,Y,2026-08-15T04:17:46.259Z
2023,combined,0000115,용인대학교,경기,사립,대학,8175,486,5.9,1272,86,6.8,1,8,Y,2026-08-15T04:17:46.259Z
2023,combined,0000130,중앙승가대학교,경기,사립,대학,160,12,7.5,16,2,12.5,1,2,Y,2026-08-15T04:17:46.259Z
2023,combined,0000139,차의과학대학교,경기,사립,대학,4113,195,4.7,539,74,13.7,1,11,Y,2026-08-15T04:17:46.259Z
2023,combined,0000136,칼빈대학교,경기,사립,대학,1735,185,10.7,194,22,11.3,1,4,Y,2026-08-15T04:17:46.259Z
2023,combined,0000138,평택대학교,경기,사립,대학,4632,277,6,859,71,8.3,1,8,Y,2026-08-15T04:17:46.259Z
2023,combined,0000562,한국공학대학교,경기,사립,대학,10350,663,6.4,1782,187,10.5,1,5,Y,2026-08-15T04:17:46.259Z
2023,combined,0000144,한국항공대학교,경기,사립,대학,6593,289,4.4,934,96,10.3,1,4,Y,2026-08-15T04:17:46.259Z
2023,combined,0000151,한세대학교,경기,사립,대학,3953,292,7.4,602,71,11.8,1,7,Y,2026-08-15T04:17:46.259Z
2023,combined,0000152,한신대학교,경기,사립,대학,7961,486,6.1,1277,116,9.1,1,7,Y,2026-08-15T04:17:46.259Z
2023,combined,0000156,협성대학교,경기,사립,대학,5463,344,6.3,1065,107,10,1,5,Y,2026-08-15T04:17:46.259Z
2023,combined,0000567,화성의과학대학교,경기,사립,대학,574,95,16.6,155,25,16.1,1,0,Y,2026-08-15T04:17:46.259Z
2023,combined,0000032,가야대학교,경남,사립,대학,2263,215,9.5,407,58,14.3,2,4,Y,2026-08-15T04:17:46.259Z
2023,combined,0000040,경남대학교,경남,사립,대학,14381,1026,7.1,1875,144,7.7,1,6,Y,2026-08-15T04:17:46.259Z
2023,combined,0000167,부산장신대학교,경남,사립,대학,382,42,11,32,7,21.9,1,6,Y,2026-08-15T04:17:46.259Z
2023,combined,0000181,영산대학교,경남,사립,대학,350,18,5.1,0,0,,2,9,Y,2026-08-15T04:17:46.259Z
2023,combined,0000122,인제대학교,경남,사립,대학,11106,786,7.1,1609,127,7.9,2,8,Y,2026-08-15T04:17:46.259Z
2023,combined,0000193,창신대학교,경남,사립,대학,2358,230,9.8,362,30,8.3,1,4,Y,2026-08-15T04:17:46.259Z
2023,combined,0000174,한국국제대학교,경남,사립,대학,0,0,,0,0,,1,0,N,2026-08-15T04:17:46.259Z
2023,combined,0000188,경운대학교,경북,사립,대학,5909,655,11.1,1212,132,10.9,1,4,Y,2026-08-15T04:17:46.259Z
2023,combined,0000045,경일대학교,경북,사립,대학,9132,650,7.1,1554,142,9.1,1,4,Y,2026-08-15T04:17:46.259Z
2023,combined,0000046,경주대학교,경북,사립,대학,1070,311,29.1,415,200,48.2,1,3,Y,2026-08-15T04:17:46.259Z
2023,combined,0000185,김천대학교,경북,사립,대학,3088,388,12.6,576,96,16.7,1,4,Y,2026-08-15T04:17:46.259Z
2023,combined,0000063,대구가톨릭대학교,경북,사립,대학,16199,1061,6.5,2591,215,8.3,1,12,Y,2026-08-15T04:17:46.259Z
2023,combined,0000061,대구대학교,경북,사립,대학,23032,1668,7.2,3983,354,8.9,1,7,Y,2026-08-15T04:17:46.259Z
2023,combined,0000062,대구예술대학교,경북,사립,대학,697,151,21.7,67,23,34.3,1,0,Y,2026-08-15T04:17:46.259Z
2023,combined,0000042,대구한의대학교,경북,사립,대학,8357,823,9.8,1694,253,14.9,1,5,Y,2026-08-15T04:17:46.259Z
2023,combined,0000065,대신대학교,경북,사립,대학,919,34,3.7,116,15,12.9,1,3,Y,2026-08-15T04:17:46.259Z
2023,combined,0000076,동양대학교,경북,사립,대학,5449,571,10.5,1057,150,14.2,2,4,Y,2026-08-15T04:17:46.259Z
2023,combined,0000111,영남대학교,경북,사립,대학,30792,1450,4.7,4916,298,6.1,1,10,Y,2026-08-15T04:17:46.259Z
2023,combined,0000112,영남신학대학교,경북,사립,대학,800,70,8.8,114,30,26.3,1,8,Y,2026-08-15T04:17:46.259Z
2023,combined,0000119,위덕대학교,경북,사립,대학,3213,479,14.9,582,144,24.7,1,6,Y,2026-08-15T04:17:46.259Z
2023,combined,0000140,포항공과대학교,경북,사립,대학,3855,112,2.9,365,22,6,1,6,Y,2026-08-15T04:17:46.259Z
2023,combined,0000146,한동대학교,경북,사립,대학,5781,168,2.9,825,27,3.3,1,9,Y,2026-08-15T04:17:46.259Z
2023,combined,0000052,광신대학교,광주,사립,대학,1094,107,9.8,122,26,21.3,1,8,Y,2026-08-15T04:17:46.259Z
2023,combined,0000176,광주대학교,광주,사립,대학,7841,780,9.9,1236,186,15,1,5,Y,2026-08-15T04:17:46.259Z
2023,combined,0000055,광주여자대학교,광주,사립,대학,4012,390,9.7,902,214,23.7,1,4,Y,2026-08-15T04:17:46.259Z
2023,combined,0000162,남부대학교,광주,사립,대학,3741,322,8.6,628,120,19.1,1,4,Y,2026-08-15T04:17:46.259Z
2023,combined,0000187,송원대학교,광주,사립,대학,3556,526,14.8,717,209,29.1,1,1,Y,2026-08-15T04:17:46.259Z
2023,combined,0000127,조선대학교,광주,사립,대학,27055,1113,4.1,4625,329,7.1,1,10,Y,2026-08-15T04:17:46.259Z
2023,combined,0000157,호남대학교,광주,사립,대학,9350,677,7.2,1352,109,8.1,1,4,Y,2026-08-15T04:17:46.259Z
2023,combined,0000158,호남신학대학교,광주,사립,대학,1320,47,3.6,104,20,19.2,1,6,Y,2026-08-15T04:17:46.259Z
2023,combined,0000048,계명대학교,대구,사립,대학,31241,1562,5,4976,309,6.2,1,11,Y,2026-08-15T04:17:46.259Z
2023,combined,0000067,대전대학교,대전,사립,대학,12120,792,6.5,1974,170,8.6,1,6,Y,2026-08-15T04:17:46.259Z
2023,combined,0000182,대전신학대학교,대전,사립,대학,153,11,7.2,6,0,0,1,3,Y,2026-08-15T04:17:46.259Z
2023,combined,0000080,목원대학교,대전,사립,대학,10408,744,7.1,1888,165,8.7,1,4,Y,2026-08-15T04:17:46.259Z
2023,combined,0000081,배재대학교,대전,사립,대학,10367,810,7.8,1911,164,8.6,1,5,Y,2026-08-15T04:17:46.259Z
2023,combined,0000184,우송대학교,대전,사립,대학,13750,684,5,2301,113,4.9,1,8,Y,2026-08-15T04:17:46.259Z
2023,combined,0000120,을지대학교,대전,사립,대학,6152,238,3.9,1129,95,8.4,3,5,Y,2026-08-15T04:17:46.259Z
2023,combined,0000551,한국침례신학대학교,대전,사립,대학,1825,130,7.1,128,4,3.1,1,7,Y,2026-08-15T04:17:46.259Z
2023,combined,0000145,한남대학교,대전,사립,대학,16367,901,5.5,2923,219,7.5,1,7,Y,2026-08-15T04:17:46.259Z
2023,combined,0000043,경성대학교,부산,사립,대학,16705,1036,6.2,3130,211,6.7,1,4,Y,2026-08-15T04:17:46.259Z
2023,combined,0000050,고신대학교,부산,사립,대학,4995,438,8.8,745,154,20.7,1,9,Y,2026-08-15T04:17:46.259Z
2023,combined,0000180,동명대학교,부산,사립,대학,10334,1033,10,1521,129,8.5,1,4,Y,2026-08-15T04:17:46.259Z
2023,combined,0000073,동서대학교,부산,사립,대학,12525,873,7,2084,137,6.6,1,4,Y,2026-08-15T04:17:46.259Z
2023,combined,0000075,동아대학교,부산,사립,대학,26690,1248,4.7,4401,245,5.6,1,11,Y,2026-08-15T04:17:46.259Z
2023,combined,0000077,동의대학교,부산,사립,대학,20743,1422,6.9,3786,298,7.9,1,7,Y,2026-08-15T04:17:46.259Z
2023,combined,0000082,부산가톨릭대학교,부산,사립,대학,4381,209,4.8,741,42,5.7,1,3,Y,2026-08-15T04:17:46.259Z
2023,combined,0000083,부산외국어대학교,부산,사립,대학,10645,789,7.4,1682,135,8,1,6,Y,2026-08-15T04:17:46.259Z
2023,combined,0000106,신라대학교,부산,사립,대학,9672,747,7.7,1541,141,9.1,1,7,Y,2026-08-15T04:17:46.259Z
2023,combined,0000035,감리교신학대학교,서울,사립,대학,1587,133,8.4,120,7,5.8,1,4,Y,2026-08-15T04:17:46.259Z
2023,combined,0000565,강서대학교,서울,사립,대학,2206,139,6.3,395,36,9.1,1,5,Y,2026-08-15T04:17:46.259Z
2023,combined,0000037,건국대학교,서울,사립,대학,38795,1294,3.3,5139,437,8.5,2,23,Y,2026-08-15T04:17:46.259Z
2023,combined,0000047,경희대학교,서울,사립,대학,42914,1532,3.6,5759,532,9.2,1,21,Y,2026-08-15T04:17:46.259Z
2023,combined,0000049,고려대학교,서울,사립,대학,47288,1803,3.8,6181,625,10.1,2,38,Y,2026-08-15T04:17:46.259Z
2023,combined,0000053,광운대학교,서울,사립,대학,12889,641,5,1929,212,11,1,9,Y,2026-08-15T04:17:46.259Z
2023,combined,0000056,국민대학교,서울,사립,대학,24495,952,3.9,3469,326,9.4,1,22,Y,2026-08-15T04:17:46.259Z
2023,combined,0000070,덕성여자대학교,서울,사립,대학,6912,327,4.7,1209,181,15,1,5,Y,2026-08-15T04:17:46.259Z
2023,combined,0000071,동국대학교,서울,사립,대학,33348,1589,4.8,5069,437,8.6,2,22,Y,2026-08-15T04:17:46.259Z
2023,combined,0000072,동덕여자대학교,서울,사립,대학,8391,428,5.1,1749,274,15.7,1,6,Y,2026-08-15T04:17:46.259Z
2023,combined,0000084,삼육대학교,서울,사립,대학,7931,354,4.5,1218,99,8.1,1,6,Y,2026-08-15T04:17:46.259Z
2023,combined,0000085,상명대학교,서울,사립,대학,17657,766,4.3,3003,255,8.5,2,10,Y,2026-08-15T04:17:46.259Z
2023,combined,0000087,서강대학교,서울,사립,대학,15593,536,3.4,1882,217,11.5,1,20,Y,2026-08-15T04:17:46.259Z
2023,combined,0000088,서경대학교,서울,사립,대학,9365,487,5.2,1720,153,8.9,1,5,Y,2026-08-15T04:17:46.259Z
2023,combined,0000069,서울기독대학교,서울,사립,대학,655,63,9.6,119,29,24.4,1,5,Y,2026-08-15T04:17:46.259Z
2023,combined,0000091,서울여자대학교,서울,사립,대학,8993,419,4.7,1814,233,12.8,1,5,Y,2026-08-15T04:17:46.259Z
2023,combined,0000539,서울한영대학교,서울,사립,대학,1173,185,15.8,195,38,19.5,1,4,Y,2026-08-15T04:17:46.259Z
2023,combined,0000096,성공회대학교,서울,사립,대학,3198,173,5.4,529,55,10.4,1,8,Y,2026-08-15T04:17:46.259Z
2023,combined,0000097,성균관대학교,서울,사립,대학,34588,1078,3.1,4189,445,10.6,1,25,Y,2026-08-15T04:17:46.259Z
2023,combined,0000098,성신여자대학교,서울,사립,대학,11879,509,4.3,2411,324,13.4,1,8,Y,2026-08-15T04:17:46.259Z
2023,combined,0000100,세종대학교,서울,사립,대학,19521,927,4.7,2856,331,11.6,1,9,Y,2026-08-15T04:17:46.259Z
2023,combined,0000103,숙명여자대학교,서울,사립,대학,15097,642,4.3,2508,289,11.5,1,12,Y,2026-08-15T04:17:46.259Z
2023,combined,0000105,숭실대학교,서울,사립,대학,22547,781,3.5,3200,284,8.9,1,10,Y,2026-08-15T04:17:46.259Z
2023,combined,0000110,연세대학교,서울,사립,대학,51808,2241,4.3,5679,533,9.4,2,33,Y,2026-08-15T04:17:46.259Z
2023,combined,0000121,이화여자대학교,서울,사립,대학,25702,764,3,3546,290,8.2,1,22,Y,2026-08-15T04:17:46.259Z
2023,combined,0000125,장로회신학대학교,서울,사립,대학,2488,108,4.3,152,16,10.5,1,9,Y,2026-08-15T04:17:46.259Z
2023,combined,0000129,중앙대학교,서울,사립,대학,39130,1710,4.4,5407,633,11.7,2,25,Y,2026-08-15T04:17:46.259Z
2023,combined,0000133,총신대학교,서울,사립,대학,3896,178,4.6,334,16,4.8,1,11,Y,2026-08-15T04:17:46.259Z
2023,combined,0000134,추계예술대학교,서울,사립,대학,1717,105,6.1,265,39,14.7,1,5,Y,2026-08-15T04:17:46.259Z
2023,combined,0000142,한국성서대학교,서울,사립,대학,1388,118,8.5,241,28,11.6,1,6,Y,2026-08-15T04:17:46.259Z
2023,combined,0000143,한국외국어대학교,서울,사립,대학,25991,1199,4.6,3875,470,12.1,1,15,Y,2026-08-15T04:17:46.259Z
2023,combined,0000150,한성대학교,서울,사립,대학,10414,468,4.5,1653,172,10.4,1,9,Y,2026-08-15T04:17:46.259Z
2023,combined,0000153,한양대학교,서울,사립,대학,47810,1820,3.8,6164,591,9.6,2,30,Y,2026-08-15T04:17:46.259Z
2023,combined,0000160,홍익대학교,서울,사립,대학,29928,1295,4.3,4252,448,10.5,2,18,Y,2026-08-15T04:17:46.259Z
2023,combined,0000066,대전가톨릭대학교,세종,사립,대학,82,5,6.1,9,0,0,1,1,Y,2026-08-15T04:17:46.259Z
2023,combined,0000117,울산대학교,울산,사립,대학,18548,951,5.1,2877,187,6.5,1,7,Y,2026-08-15T04:17:46.259Z
2023,combined,0000123,인천가톨릭대학교,인천,사립,대학,891,70,7.9,172,28,16.3,2,2,Y,2026-08-15T04:17:46.259Z
2023,combined,0000124,인하대학교,인천,사립,대학,28750,978,3.4,4066,313,7.7,1,16,Y,2026-08-15T04:17:46.259Z
2023,combined,0000054,광주가톨릭대학교,전남,사립,대학,142,4,2.8,13,0,0,1,1,Y,2026-08-15T04:17:46.259Z
2023,combined,0000074,동신대학교,전남,사립,대학,8027,819,10.2,1390,307,22.1,1,5,Y,2026-08-15T04:17:46.259Z
2023,combined,0000166,목포가톨릭대학교,전남,사립,대학,567,16,2.8,121,2,1.7,1,0,Y,2026-08-15T04:17:46.259Z
2023,combined,0000064,세한대학교,전남,사립,대학,5097,619,12.1,959,293,30.6,1,3,Y,2026-08-15T04:17:46.259Z
2023,combined,0000114,영산선학대학교,전남,사립,대학,46,2,4.3,2,0,0,1,0,Y,2026-08-15T04:17:46.259Z
2023,combined,0000190,초당대학교,전남,사립,대학,3829,603,15.7,722,197,27.3,1,3,Y,2026-08-15T04:17:46.259Z
2023,combined,0000173,예수대학교,전북,사립,대학,578,11,1.9,121,3,2.5,1,1,Y,2026-08-15T04:17:46.259Z
2023,combined,0000164,예원예술대학교,전북,사립,대학,1760,224,12.7,205,23,11.2,2,3,Y,2026-08-15T04:17:46.259Z
2023,combined,0000116,우석대학교,전북,사립,대학,9468,853,9,1391,150,10.8,1,5,Y,2026-08-15T04:17:46.259Z
2023,combined,0000118,원광대학교,전북,사립,대학,19396,1277,6.6,3046,243,8,1,9,Y,2026-08-15T04:17:46.259Z
2023,combined,0000126,전주대학교,전북,사립,대학,15501,1073,6.9,2524,192,7.6,1,8,Y,2026-08-15T04:17:46.259Z
2023,combined,0000155,한일장신대학교,전북,사립,대학,1238,123,9.9,211,40,19,1,6,Y,2026-08-15T04:17:46.259Z
2023,combined,0000223,호원대학교,전북,사립,대학,6436,731,11.4,1406,186,13.2,1,0,Y,2026-08-15T04:17:46.259Z
2023,combined,0000192,제주국제대학교,제주,사립,대학,726,178,24.5,49,19,38.8,1,5,Y,2026-08-15T04:17:46.259Z
2023,combined,0000038,건양대학교,충남,사립,대학,8612,535,6.2,1666,193,11.6,2,7,Y,2026-08-15T04:17:46.259Z
2023,combined,0000169,금강대학교,충남,사립,대학,308,75,24.4,57,33,57.9,1,2,Y,2026-08-15T04:17:46.259Z
2023,combined,0000059,나사렛대학교,충남,사립,대학,6762,688,10.2,1292,135,10.4,1,5,Y,2026-08-15T04:17:46.259Z
2023,combined,0000189,남서울대학교,충남,사립,대학,12855,709,5.5,2366,189,8,1,4,Y,2026-08-15T04:17:46.259Z
2023,combined,0000131,백석대학교,충남,사립,대학,18373,1172,6.4,3084,239,7.7,1,10,Y,2026-08-15T04:17:46.259Z
2023,combined,0000094,선문대학교,충남,사립,대학,12506,970,7.8,2221,271,12.2,1,5,Y,2026-08-15T04:17:46.259Z
2023,combined,0000104,순천향대학교,충남,사립,대학,15109,833,5.5,2675,233,8.7,1,8,Y,2026-08-15T04:17:46.259Z
2023,combined,0000128,중부대학교,충남,사립,대학,12711,888,7,1851,152,8.2,1,5,Y,2026-08-15T04:17:46.259Z
2023,combined,0000225,청운대학교,충남,사립,대학,7683,593,7.7,1329,162,12.2,1,1,Y,2026-08-15T04:17:46.259Z
2023,combined,0000141,한국기술교육대학교,충남,사립,대학,6418,282,4.4,983,72,7.3,1,7,Y,2026-08-15T04:17:46.259Z
2023,combined,0000149,한서대학교,충남,사립,대학,9095,659,7.2,1552,208,13.4,1,7,Y,2026-08-15T04:17:46.259Z
2023,combined,0000159,호서대학교,충남,사립,대학,17771,1128,6.3,3150,322,10.2,1,16,Y,2026-08-15T04:17:46.259Z
2023,combined,0000557,가톨릭꽃동네대학교,충북,사립,대학,633,29,4.6,110,12,10.9,1,2,Y,2026-08-15T04:17:46.259Z
2023,combined,0000058,극동대학교,충북,사립,대학,4128,370,9,553,53,9.6,1,4,Y,2026-08-15T04:17:46.259Z
2023,combined,0000093,서원대학교,충북,사립,대학,8819,569,6.5,1821,135,7.4,1,3,Y,2026-08-15T04:17:46.259Z
2023,combined,0000099,세명대학교,충북,사립,대학,9231,680,7.4,1449,158,10.9,1,4,Y,2026-08-15T04:17:46.259Z
2023,combined,0000113,유원대학교,충북,사립,대학,4475,829,18.5,779,155,19.9,1,1,Y,2026-08-15T04:17:46.259Z
2023,combined,0000183,중원대학교,충북,사립,대학,4577,534,11.7,638,61,9.6,1,4,Y,2026-08-15T04:17:46.259Z
2023,combined,0000132,청주대학교,충북,사립,대학,16412,785,4.8,2810,167,5.9,1,6,Y,2026-08-15T04:17:46.259Z
2024,university,0000513,가톨릭관동대학교,강원,사립,대학,8410,627,7.5,1178,127,10.8,1,0,Y,2026-08-15T04:17:46.259Z
2024,university,0000041,경동대학교,강원,사립,대학,8973,549,6.1,1771,147,8.3,4,0,Y,2026-08-15T04:17:46.259Z
2024,university,0000086,상지대학교,강원,사립,대학,8533,787,9.2,1528,168,11,1,0,Y,2026-08-15T04:17:46.259Z
2024,university,0000147,한라대학교,강원,사립,대학,4080,367,9,832,73,8.8,1,0,Y,2026-08-15T04:17:46.259Z
2024,university,0000148,한림대학교,강원,사립,대학,10348,484,4.7,1933,128,6.6,1,0,Y,2026-08-15T04:17:46.259Z
2024,university,0000044,가천대학교,경기,사립,대학,28264,1090,3.9,5268,451,8.6,1,0,Y,2026-08-15T04:17:46.259Z
2024,university,0000034,가톨릭대학교,경기,사립,대학,11072,416,3.8,2088,180,8.6,3,0,Y,2026-08-15T04:17:46.259Z
2024,university,0000036,강남대학교,경기,사립,대학,8516,520,6.1,1590,159,10,1,0,Y,2026-08-15T04:17:46.259Z
2024,university,0000039,경기대학교,경기,사립,대학,18732,818,4.4,3154,346,11,2,0,Y,2026-08-15T04:17:46.259Z
2024,university,0000060,단국대학교,경기,사립,대학,29110,1251,4.3,5071,510,10.1,2,0,Y,2026-08-15T04:17:46.259Z
2024,university,0000068,대진대학교,경기,사립,대학,10047,624,6.2,1940,246,12.7,1,0,Y,2026-08-15T04:17:46.259Z
2024,university,0000078,루터대학교,경기,사립,대학,386,48,12.4,85,16,18.8,1,0,Y,2026-08-15T04:17:46.259Z
2024,university,0000079,명지대학교,경기,사립,대학,18376,772,4.2,2941,273,9.3,2,0,Y,2026-08-15T04:17:46.259Z
2024,university,0000090,서울신학대학교,경기,사립,대학,2423,158,6.5,488,56,11.5,1,0,Y,2026-08-15T04:17:46.259Z
2024,university,0000092,서울장신대학교,경기,사립,대학,357,39,10.9,82,12,14.6,1,0,Y,2026-08-15T04:17:46.259Z
2024,university,0000095,성결대학교,경기,사립,대학,6975,404,5.8,1295,104,8,1,0,Y,2026-08-15T04:17:46.259Z
2024,university,0000101,수원가톨릭대학교,경기,사립,대학,156,12,7.7,25,3,12,1,0,Y,2026-08-15T04:17:46.259Z
2024,university,0000102,수원대학교,경기,사립,대학,11528,850,7.4,2251,262,11.6,1,0,Y,2026-08-15T04:17:46.259Z
2024,university,0000509,신한대학교,경기,사립,대학,7915,403,5.1,1555,105,6.8,2,0,Y,2026-08-15T04:17:46.259Z
2024,university,0000558,아신대학교,경기,사립,대학,345,37,10.7,54,3,5.6,1,0,Y,2026-08-15T04:17:46.259Z
2024,university,0000108,아주대학교,경기,사립,대학,13395,475,3.5,2313,224,9.7,1,0,Y,2026-08-15T04:17:46.259Z
2024,university,0000109,안양대학교,경기,사립,대학,6479,371,5.7,1209,113,9.3,2,0,Y,2026-08-15T04:17:46.259Z
2024,university,0000115,용인대학교,경기,사립,대학,7318,404,5.5,1339,95,7.1,1,0,Y,2026-08-15T04:17:46.259Z
2024,university,0000130,중앙승가대학교,경기,사립,대학,68,6,8.8,15,3,20,1,0,Y,2026-08-15T04:17:46.259Z
2024,university,0000139,차의과학대학교,경기,사립,대학,2597,142,5.5,531,64,12.1,1,0,Y,2026-08-15T04:17:46.259Z
2024,university,0000136,칼빈대학교,경기,사립,대학,1523,92,6,570,27,4.7,1,0,Y,2026-08-15T04:17:46.259Z
2024,university,0000138,평택대학교,경기,사립,대학,4064,340,8.4,852,91,10.7,1,0,Y,2026-08-15T04:17:46.259Z
2024,university,0000562,한국공학대학교,경기,사립,대학,9979,567,5.7,1804,197,10.9,1,0,Y,2026-08-15T04:17:46.259Z
2024,university,0000144,한국항공대학교,경기,사립,대학,5907,219,3.7,942,57,6.1,1,0,Y,2026-08-15T04:17:46.259Z
2024,university,0000151,한세대학교,경기,사립,대학,3261,222,6.8,601,85,14.1,1,0,Y,2026-08-15T04:17:46.259Z
2024,university,0000152,한신대학교,경기,사립,대학,7388,433,5.9,1257,114,9.1,1,0,Y,2026-08-15T04:17:46.259Z
2024,university,0000156,협성대학교,경기,사립,대학,5192,440,8.5,1072,126,11.8,1,0,Y,2026-08-15T04:17:46.259Z
2024,university,0000567,화성의과학대학교,경기,사립,대학,603,61,10.1,204,28,13.7,1,0,Y,2026-08-15T04:17:46.259Z
2024,university,0000032,가야대학교,경남,사립,대학,2012,179,8.9,370,42,11.4,2,0,Y,2026-08-15T04:17:46.259Z
2024,university,0000040,경남대학교,경남,사립,대학,11895,862,7.2,1770,146,8.2,1,0,Y,2026-08-15T04:17:46.259Z
2024,university,0000167,부산장신대학교,경남,사립,대학,152,19,12.5,33,11,33.3,1,0,Y,2026-08-15T04:17:46.259Z
2024,university,0000122,인제대학교,경남,사립,대학,9017,688,7.6,1626,167,10.3,2,0,Y,2026-08-15T04:17:46.259Z
2024,university,0000193,창신대학교,경남,사립,대학,1969,168,8.5,374,29,7.8,1,0,Y,2026-08-15T04:17:46.259Z
2024,university,0000188,경운대학교,경북,사립,대학,5965,652,10.9,1261,207,16.4,1,0,Y,2026-08-15T04:17:46.259Z
2024,university,0000045,경일대학교,경북,사립,대학,8602,592,6.9,1816,137,7.5,1,0,Y,2026-08-15T04:17:46.259Z
2024,university,0000185,김천대학교,경북,사립,대학,2688,301,11.2,623,97,15.6,1,0,Y,2026-08-15T04:17:46.259Z
2024,university,0000063,대구가톨릭대학교,경북,사립,대학,14268,1041,7.3,2665,204,7.7,1,0,Y,2026-08-15T04:17:46.259Z
2024,university,0000061,대구대학교,경북,사립,대학,21003,1497,7.1,3987,320,8,1,0,Y,2026-08-15T04:17:46.259Z
2024,university,0000062,대구예술대학교,경북,사립,대학,455,99,21.8,37,8,21.6,1,0,Y,2026-08-15T04:17:46.259Z
2024,university,0000042,대구한의대학교,경북,사립,대학,8067,819,10.2,1717,270,15.7,1,0,Y,2026-08-15T04:17:46.259Z
2024,university,0000065,대신대학교,경북,사립,대학,669,52,7.8,171,16,9.4,1,0,Y,2026-08-15T04:17:46.259Z
2024,university,0000076,동양대학교,경북,사립,대학,5192,526,10.1,1091,157,14.4,2,0,Y,2026-08-15T04:17:46.259Z
2024,university,0000586,신경주대학교,경북,사립,대학,965,389,40.3,571,172,30.1,1,0,Y,2026-08-15T04:17:46.259Z
2024,university,0000111,영남대학교,경북,사립,대학,27926,1232,4.4,4948,330,6.7,1,0,Y,2026-08-15T04:17:46.259Z
2024,university,0000112,영남신학대학교,경북,사립,대학,446,12,2.7,116,4,3.4,1,0,Y,2026-08-15T04:17:46.259Z
2024,university,0000119,위덕대학교,경북,사립,대학,2664,384,14.4,554,123,22.2,1,0,Y,2026-08-15T04:17:46.259Z
2024,university,0000140,포항공과대학교,경북,사립,대학,1805,29,1.6,368,21,5.7,1,0,Y,2026-08-15T04:17:46.259Z
2024,university,0000146,한동대학교,경북,사립,대학,5307,148,2.8,809,22,2.7,1,0,Y,2026-08-15T04:17:46.259Z
2024,university,0000052,광신대학교,광주,사립,대학,500,55,11,105,12,11.4,1,0,Y,2026-08-15T04:17:46.259Z
2024,university,0000176,광주대학교,광주,사립,대학,6777,793,11.7,1295,254,19.6,1,0,Y,2026-08-15T04:17:46.259Z
2024,university,0000055,광주여자대학교,광주,사립,대학,3480,292,8.4,842,150,17.8,1,0,Y,2026-08-15T04:17:46.259Z
2024,university,0000162,남부대학교,광주,사립,대학,3033,316,10.4,569,125,22,1,0,Y,2026-08-15T04:17:46.259Z
2024,university,0000187,송원대학교,광주,사립,대학,3297,441,13.4,687,191,27.8,1,0,Y,2026-08-15T04:17:46.259Z
2024,university,0000127,조선대학교,광주,사립,대학,25134,1327,5.3,4565,306,6.7,1,0,Y,2026-08-15T04:17:46.259Z
2024,university,0000157,호남대학교,광주,사립,대학,8346,551,6.6,1486,114,7.7,1,0,Y,2026-08-15T04:17:46.259Z
2024,university,0000158,호남신학대학교,광주,사립,대학,765,62,8.1,120,32,26.7,1,0,Y,2026-08-15T04:17:46.259Z
2024,university,0000048,계명대학교,대구,사립,대학,28685,1523,5.3,5017,352,7,1,0,Y,2026-08-15T04:17:46.259Z
2024,university,0000067,대전대학교,대전,사립,대학,10965,835,7.6,1934,195,10.1,1,0,Y,2026-08-15T04:17:46.259Z
2024,university,0000182,대전신학대학교,대전,사립,대학,57,3,5.3,13,0,0,1,0,Y,2026-08-15T04:17:46.259Z
2024,university,0000080,목원대학교,대전,사립,대학,9489,857,9,1906,237,12.4,1,0,Y,2026-08-15T04:17:46.259Z
2024,university,0000081,배재대학교,대전,사립,대학,9564,745,7.8,1949,177,9.1,1,0,Y,2026-08-15T04:17:46.259Z
2024,university,0000184,우송대학교,대전,사립,대학,12856,777,6,2274,141,6.2,1,0,Y,2026-08-15T04:17:46.259Z
2024,university,0000120,을지대학교,대전,사립,대학,5536,235,4.2,1097,105,9.6,3,0,Y,2026-08-15T04:17:46.259Z
2024,university,0000551,한국침례신학대학교,대전,사립,대학,935,68,7.3,186,12,6.5,1,0,Y,2026-08-15T04:17:46.259Z
2024,university,0000145,한남대학교,대전,사립,대학,15555,761,4.9,2954,253,8.6,1,0,Y,2026-08-15T04:17:46.259Z
2024,university,0000043,경성대학교,부산,사립,대학,16289,921,5.7,3289,212,6.4,1,0,Y,2026-08-15T04:17:46.259Z
2024,university,0000050,고신대학교,부산,사립,대학,3591,213,5.9,762,74,9.7,1,0,Y,2026-08-15T04:17:46.259Z
2024,university,0000180,동명대학교,부산,사립,대학,9276,1013,10.9,1658,137,8.3,1,0,Y,2026-08-15T04:17:46.259Z
2024,university,0000073,동서대학교,부산,사립,대학,11557,999,8.6,2155,174,8.1,1,0,Y,2026-08-15T04:17:46.259Z
2024,university,0000075,동아대학교,부산,사립,대학,24276,1081,4.5,4425,278,6.3,1,0,Y,2026-08-15T04:17:46.259Z
2024,university,0000077,동의대학교,부산,사립,대학,19490,1256,6.4,3864,323,8.4,1,0,Y,2026-08-15T04:17:46.259Z
2024,university,0000082,부산가톨릭대학교,부산,사립,대학,4068,184,4.5,767,39,5.1,1,0,Y,2026-08-15T04:17:46.259Z
2024,university,0000083,부산외국어대학교,부산,사립,대학,9532,813,8.5,1606,140,8.7,1,0,Y,2026-08-15T04:17:46.259Z
2024,university,0000106,신라대학교,부산,사립,대학,8383,664,7.9,1540,124,8.1,1,0,Y,2026-08-15T04:17:46.259Z
2024,university,0000181,영산대학교,부산,사립,대학,6719,893,13.3,1392,278,20,2,0,Y,2026-08-15T04:17:46.259Z
2024,university,0000035,감리교신학대학교,서울,사립,대학,786,56,7.1,143,11,7.7,1,0,Y,2026-08-15T04:17:46.259Z
2024,university,0000565,강서대학교,서울,사립,대학,2157,123,5.7,399,33,8.3,1,0,Y,2026-08-15T04:17:46.259Z
2024,university,0000037,건국대학교,서울,사립,대학,32586,1036,3.2,5261,451,8.6,2,0,Y,2026-08-15T04:17:46.259Z
2024,university,0000047,경희대학교,서울,사립,대학,33019,1175,3.6,5790,576,9.9,1,0,Y,2026-08-15T04:17:46.259Z
2024,university,0000049,고려대학교,서울,사립,대학,36324,1601,4.4,6539,729,11.1,2,0,Y,2026-08-15T04:17:46.259Z
2024,university,0000053,광운대학교,서울,사립,대학,11252,484,4.3,2106,222,10.5,1,0,Y,2026-08-15T04:17:46.259Z
2024,university,0000056,국민대학교,서울,사립,대학,20478,768,3.8,3459,387,11.2,1,0,Y,2026-08-15T04:17:46.259Z
2024,university,0000070,덕성여자대학교,서울,사립,대학,6459,344,5.3,1325,213,16.1,1,0,Y,2026-08-15T04:17:46.259Z
2024,university,0000071,동국대학교,서울,사립,대학,27927,1306,4.7,5146,498,9.7,2,0,Y,2026-08-15T04:17:46.259Z
2024,university,0000072,동덕여자대학교,서울,사립,대학,8257,419,5.1,1767,274,15.5,1,0,Y,2026-08-15T04:17:46.259Z
2024,university,0000084,삼육대학교,서울,사립,대학,6856,320,4.7,1243,117,9.4,1,0,Y,2026-08-15T04:17:46.259Z
2024,university,0000085,상명대학교,서울,사립,대학,15943,739,4.6,2866,317,11.1,2,0,Y,2026-08-15T04:17:46.259Z
2024,university,0000087,서강대학교,서울,사립,대학,11667,391,3.4,1926,219,11.4,1,0,Y,2026-08-15T04:17:46.259Z
2024,university,0000088,서경대학교,서울,사립,대학,8700,487,5.6,1690,186,11,1,0,Y,2026-08-15T04:17:46.259Z
2024,university,0000069,서울기독대학교,서울,사립,대학,728,69,9.5,360,30,8.3,1,0,Y,2026-08-15T04:17:46.259Z
2024,university,0000091,서울여자대학교,서울,사립,대학,9007,433,4.8,1818,225,12.4,1,0,Y,2026-08-15T04:17:46.259Z
2024,university,0000539,서울한영대학교,서울,사립,대학,825,105,12.7,197,41,20.8,1,0,Y,2026-08-15T04:17:46.259Z
2024,university,0000096,성공회대학교,서울,사립,대학,2901,130,4.5,544,56,10.3,1,0,Y,2026-08-15T04:17:46.259Z
2024,university,0000097,성균관대학교,서울,사립,대학,25193,951,3.8,4378,536,12.2,1,0,Y,2026-08-15T04:17:46.259Z
2024,university,0000098,성신여자대학교,서울,사립,대학,11227,527,4.7,2336,352,15.1,1,0,Y,2026-08-15T04:17:46.259Z
2024,university,0000100,세종대학교,서울,사립,대학,16633,844,5.1,3080,407,13.2,1,0,Y,2026-08-15T04:17:46.259Z
2024,university,0000103,숙명여자대학교,서울,사립,대학,12054,465,3.9,2479,286,11.5,1,0,Y,2026-08-15T04:17:46.259Z
2024,university,0000105,숭실대학교,서울,사립,대학,19764,729,3.7,3382,344,10.2,1,0,Y,2026-08-15T04:17:46.259Z
2024,university,0000110,연세대학교,서울,사립,대학,36716,1351,3.7,5989,577,9.6,2,0,Y,2026-08-15T04:17:46.259Z
2024,university,0000121,이화여자대학교,서울,사립,대학,19495,539,2.8,3629,327,9,1,0,Y,2026-08-15T04:17:46.259Z
2024,university,0000125,장로회신학대학교,서울,사립,대학,783,38,4.9,156,11,7.1,1,0,Y,2026-08-15T04:17:46.259Z
2024,university,0000129,중앙대학교,서울,사립,대학,32268,1450,4.5,5329,680,12.8,2,0,Y,2026-08-15T04:17:46.259Z
2024,university,0000133,총신대학교,서울,사립,대학,1714,74,4.3,344,18,5.2,1,0,Y,2026-08-15T04:17:46.259Z
2024,university,0000134,추계예술대학교,서울,사립,대학,1364,91,6.7,267,39,14.6,1,0,Y,2026-08-15T04:17:46.259Z
2024,university,0000142,한국성서대학교,서울,사립,대학,1133,66,5.8,247,26,10.5,1,0,Y,2026-08-15T04:17:46.259Z
2024,university,0000143,한국외국어대학교,서울,사립,대학,22599,1084,4.8,3934,481,12.2,1,0,Y,2026-08-15T04:17:46.259Z
2024,university,0000150,한성대학교,서울,사립,대학,9442,461,4.9,1691,186,11,1,0,Y,2026-08-15T04:17:46.259Z
2024,university,0000153,한양대학교,서울,사립,대학,37242,1385,3.7,6169,654,10.6,2,0,Y,2026-08-15T04:17:46.259Z
2024,university,0000160,홍익대학교,서울,사립,대학,24835,1082,4.4,4325,506,11.7,2,0,Y,2026-08-15T04:17:46.259Z
2024,university,0000066,대전가톨릭대학교,세종,사립,대학,48,6,12.5,8,2,25,1,0,Y,2026-08-15T04:17:46.259Z
2024,university,0000117,울산대학교,울산,사립,대학,15931,808,5.1,2648,180,6.8,1,0,Y,2026-08-15T04:17:46.259Z
2024,university,0000123,인천가톨릭대학교,인천,사립,대학,793,52,6.6,175,22,12.6,2,0,Y,2026-08-15T04:17:46.259Z
2024,university,0000124,인하대학교,인천,사립,대학,24704,701,2.8,3990,284,7.1,1,0,Y,2026-08-15T04:17:46.259Z
2024,university,0000054,광주가톨릭대학교,전남,사립,대학,97,9,9.3,13,1,7.7,1,0,Y,2026-08-15T04:17:46.259Z
2024,university,0000074,동신대학교,전남,사립,대학,6764,726,10.7,1370,279,20.4,1,0,Y,2026-08-15T04:17:46.259Z
2024,university,0000166,목포가톨릭대학교,전남,사립,대학,535,18,3.4,110,5,4.5,1,0,Y,2026-08-15T04:17:46.259Z
2024,university,0000064,세한대학교,전남,사립,대학,4308,595,13.8,857,214,25,1,0,Y,2026-08-15T04:17:46.259Z
2024,university,0000114,영산선학대학교,전남,사립,대학,31,2,6.5,2,0,0,1,0,Y,2026-08-15T04:17:46.259Z
2024,university,0000190,초당대학교,전남,사립,대학,3087,451,14.6,611,103,16.9,1,0,Y,2026-08-15T04:17:46.259Z
2024,university,0000173,예수대학교,전북,사립,대학,560,16,2.9,121,4,3.3,1,0,Y,2026-08-15T04:17:46.259Z
2024,university,0000164,예원예술대학교,전북,사립,대학,1675,168,10,413,32,7.7,2,0,Y,2026-08-15T04:17:46.259Z
2024,university,0000116,우석대학교,전북,사립,대학,8363,812,9.7,1722,265,15.4,1,0,Y,2026-08-15T04:17:46.259Z
2024,university,0000118,원광대학교,전북,사립,대학,17101,1204,7,3024,298,9.9,1,0,Y,2026-08-15T04:17:46.259Z
2024,university,0000126,전주대학교,전북,사립,대학,13998,940,6.7,2537,184,7.3,1,0,Y,2026-08-15T04:17:46.259Z
2024,university,0000155,한일장신대학교,전북,사립,대학,911,89,9.8,196,52,26.5,1,0,Y,2026-08-15T04:17:46.259Z
2024,university,0000223,호원대학교,전북,사립,대학,6186,631,10.2,1373,168,12.2,1,0,Y,2026-08-15T04:17:46.259Z
2024,university,0000192,제주국제대학교,제주,사립,대학,402,90,22.4,115,34,29.6,1,0,Y,2026-08-15T04:17:46.259Z
2024,university,0000038,건양대학교,충남,사립,대학,7719,506,6.6,1659,175,10.5,2,0,Y,2026-08-15T04:17:46.259Z
2024,university,0000169,금강대학교,충남,사립,대학,156,31,19.9,20,2,10,1,0,Y,2026-08-15T04:17:46.259Z
2024,university,0000059,나사렛대학교,충남,사립,대학,6008,556,9.3,1297,154,11.9,1,0,Y,2026-08-15T04:17:46.259Z
2024,university,0000189,남서울대학교,충남,사립,대학,11997,724,6,2459,189,7.7,1,0,Y,2026-08-15T04:17:46.259Z
2024,university,0000131,백석대학교,충남,사립,대학,15281,849,5.6,2976,218,7.3,1,0,Y,2026-08-15T04:17:46.259Z
2024,university,0000094,선문대학교,충남,사립,대학,11560,914,7.9,2293,274,11.9,1,0,Y,2026-08-15T04:17:46.259Z
2024,university,0000104,순천향대학교,충남,사립,대학,14008,748,5.3,2628,258,9.8,1,0,Y,2026-08-15T04:17:46.259Z
2024,university,0000128,중부대학교,충남,사립,대학,10470,873,8.3,1939,164,8.5,1,0,Y,2026-08-15T04:17:46.259Z
2024,university,0000225,청운대학교,충남,사립,대학,7127,763,10.7,1315,186,14.1,1,0,Y,2026-08-15T04:17:46.259Z
2024,university,0000141,한국기술교육대학교,충남,사립,대학,5872,252,4.3,980,81,8.3,1,0,Y,2026-08-15T04:17:46.259Z
2024,university,0000149,한서대학교,충남,사립,대학,8167,612,7.5,1561,164,10.5,1,0,Y,2026-08-15T04:17:46.259Z
2024,university,0000159,호서대학교,충남,사립,대학,15735,951,6,3109,305,9.8,1,0,Y,2026-08-15T04:17:46.259Z
2024,university,0000557,가톨릭꽃동네대학교,충북,사립,대학,557,26,4.7,113,18,15.9,1,0,Y,2026-08-15T04:17:46.259Z
2024,university,0000058,극동대학교,충북,사립,대학,3777,338,8.9,803,68,8.5,1,0,Y,2026-08-15T04:17:46.259Z
2024,university,0000093,서원대학교,충북,사립,대학,8965,626,7,2066,175,8.5,1,0,Y,2026-08-15T04:17:46.259Z
2024,university,0000099,세명대학교,충북,사립,대학,8002,630,7.9,1474,198,13.4,1,0,Y,2026-08-15T04:17:46.259Z
2024,university,0000113,유원대학교,충북,사립,대학,4171,604,14.5,892,139,15.6,1,0,Y,2026-08-15T04:17:46.259Z
2024,university,0000183,중원대학교,충북,사립,대학,4009,611,15.2,744,101,13.6,1,0,Y,2026-08-15T04:17:46.259Z
2024,university,0000132,청주대학교,충북,사립,대학,15979,784,4.9,2788,206,7.4,1,0,Y,2026-08-15T04:17:46.259Z
2024,junior-college,0000347,강릉영동대학교,강원,사립,전문대학,4271,300,7,1156,136,11.8,1,0,Y,2026-08-15T04:17:46.259Z
2024,junior-college,0000348,세경대학교,강원,사립,전문대학,921,137,14.9,369,44,11.9,1,0,Y,2026-08-15T04:17:46.259Z
2024,junior-college,0000393,송곡대학교,강원,사립,전문대학,959,138,14.4,253,64,25.3,1,0,Y,2026-08-15T04:17:46.259Z
2024,junior-college,0000390,송호대학교,강원,사립,전문대학,987,113,11.4,413,44,10.7,1,0,Y,2026-08-15T04:17:46.259Z
2024,junior-college,0000542,한국골프과학기술대학교,강원,사립,전문대학,641,33,5.1,190,6,3.2,1,0,Y,2026-08-15T04:17:46.259Z
2024,junior-college,0000383,한림성심대학교,강원,사립,전문대학,3422,286,8.4,958,53,5.5,1,0,Y,2026-08-15T04:17:46.259Z
2024,junior-college,0000387,경기과학기술대학교,경기,사립,전문대학,6671,560,8.4,1938,169,8.7,1,0,Y,2026-08-15T04:17:46.259Z
2024,junior-college,0000255,경민대학교,경기,사립,전문대학,6464,484,7.5,1931,157,8.1,1,0,Y,2026-08-15T04:17:46.259Z
2024,junior-college,0000259,경복대학교,경기,사립,전문대학,7941,645,8.1,2427,194,8,1,0,Y,2026-08-15T04:17:46.259Z
2024,junior-college,0000264,계원예술대학교,경기,사립,전문대학,3715,293,7.9,1244,114,9.2,1,0,Y,2026-08-15T04:17:46.259Z
2024,junior-college,0000379,국제대학교,경기,사립,전문대학,3219,477,14.8,1053,138,13.1,1,0,Y,2026-08-15T04:17:46.259Z
2024,junior-college,0000277,김포대학교,경기,사립,전문대학,2266,334,14.7,783,94,12,1,0,Y,2026-08-15T04:17:46.259Z
2024,junior-college,0000278,농협대학교,경기,사립,전문대학,495,21,4.2,134,9,6.7,1,0,Y,2026-08-15T04:17:46.259Z
2024,junior-college,0000285,대림대학교,경기,사립,전문대학,10087,744,7.4,3011,258,8.6,1,0,Y,2026-08-15T04:17:46.259Z
2024,junior-college,0000294,동남보건대학교,경기,사립,전문대학,5699,438,7.7,1805,222,12.3,1,0,Y,2026-08-15T04:17:46.259Z
2024,junior-college,0000287,동서울대학교,경기,사립,전문대학,8051,885,11,2768,325,11.7,1,0,Y,2026-08-15T04:17:46.259Z
2024,junior-college,0000298,동아방송예술대학교,경기,사립,전문대학,4159,223,5.4,1157,67,5.8,1,0,Y,2026-08-15T04:17:46.259Z
2024,junior-college,0000302,동원대학교,경기,사립,전문대학,3621,401,11.1,1472,129,8.8,1,0,Y,2026-08-15T04:17:46.259Z
2024,junior-college,0000305,두원공과대학교,경기,사립,전문대학,2991,416,13.9,828,100,12.1,1,0,Y,2026-08-15T04:17:46.259Z
2024,junior-college,0000316,부천대학교,경기,사립,전문대학,9685,593,6.1,3252,242,7.4,1,0,Y,2026-08-15T04:17:46.259Z
2024,junior-college,0000323,서울예술대학교,경기,사립,전문대학,4122,144,3.5,1162,23,2,1,0,Y,2026-08-15T04:17:46.259Z
2024,junior-college,0000392,서정대학교,경기,사립,전문대학,10849,580,5.3,3553,237,6.7,1,0,Y,2026-08-15T04:17:46.259Z
2024,junior-college,0000330,수원과학대학교,경기,사립,전문대학,4121,473,11.5,1116,165,14.8,1,0,Y,2026-08-15T04:17:46.259Z
2024,junior-college,0000329,수원여자대학교,경기,사립,전문대학,4024,301,7.5,1516,138,9.1,1,0,Y,2026-08-15T04:17:46.259Z
2024,junior-college,0000334,신구대학교,경기,사립,전문대학,8027,739,9.2,2823,298,10.6,1,0,Y,2026-08-15T04:17:46.259Z
2024,junior-college,0000339,신안산대학교,경기,사립,전문대학,2786,390,14,1018,124,12.2,1,0,Y,2026-08-15T04:17:46.259Z
2024,junior-college,0000340,안산대학교,경기,사립,전문대학,5637,453,8,1992,201,10.1,1,0,Y,2026-08-15T04:17:46.259Z
2024,junior-college,0000343,여주대학교,경기,사립,전문대학,4093,366,8.9,1109,65,5.9,1,0,Y,2026-08-15T04:17:46.259Z
2024,junior-college,0000341,연성대학교,경기,사립,전문대학,8437,559,6.6,2718,206,7.6,1,0,Y,2026-08-15T04:17:46.259Z
2024,junior-college,0000350,오산대학교,경기,사립,전문대학,6119,635,10.4,2159,218,10.1,1,0,Y,2026-08-15T04:17:46.259Z
2024,junior-college,0000559,용인예술과학대학교,경기,사립,전문대학,3456,382,11.1,1069,112,10.5,1,0,Y,2026-08-15T04:17:46.259Z
2024,junior-college,0000394,웅지세무대학교,경기,사립,전문대학,669,133,19.9,82,15,18.3,1,0,Y,2026-08-15T04:17:46.259Z
2024,junior-college,0000355,유한대학교,경기,사립,전문대학,6896,508,7.4,1960,143,7.3,1,0,Y,2026-08-15T04:17:46.259Z
2024,junior-college,0000358,장안대학교,경기,사립,전문대학,2790,431,15.4,813,76,9.3,1,0,Y,2026-08-15T04:17:46.259Z
2024,junior-college,0000374,청강문화산업대학교,경기,사립,전문대학,5100,181,3.5,1427,33,2.3,1,0,Y,2026-08-15T04:17:46.259Z
2024,junior-college,0000391,한국관광대학교,경기,사립,전문대학,1754,154,8.8,557,42,7.5,1,0,Y,2026-08-15T04:17:46.259Z
2024,junior-college,0000251,거제대학교,경남,사립,전문대학,1293,100,7.7,448,41,9.2,1,0,Y,2026-08-15T04:17:46.259Z
2024,junior-college,0000395,김해대학교,경남,사립,전문대학,1632,116,7.1,508,44,8.7,1,0,Y,2026-08-15T04:17:46.259Z
2024,junior-college,0000342,동원과학기술대학교,경남,사립,전문대학,2801,240,8.6,986,111,11.3,1,0,Y,2026-08-15T04:17:46.259Z
2024,junior-college,0000306,마산대학교,경남,사립,전문대학,6273,491,7.8,1952,175,9,1,0,Y,2026-08-15T04:17:46.259Z
2024,junior-college,0000530,연암공과대학교,경남,사립,전문대학,2084,186,8.9,509,34,6.7,1,0,Y,2026-08-15T04:17:46.259Z
2024,junior-college,0000369,진주보건대학교,경남,사립,전문대학,2723,134,4.9,724,52,7.2,1,0,Y,2026-08-15T04:17:46.259Z
2024,junior-college,0000528,창원문성대학교,경남,사립,전문대학,1182,140,11.8,248,25,10.1,1,0,Y,2026-08-15T04:17:46.259Z
2024,junior-college,0000396,한국승강기대학교,경남,사립,전문대학,1041,52,5,273,27,9.9,1,0,Y,2026-08-15T04:17:46.259Z
2024,junior-college,0000249,가톨릭상지대학교,경북,사립,전문대학,2206,210,9.5,752,65,8.6,1,0,Y,2026-08-15T04:17:46.259Z
2024,junior-college,0000293,경북과학대학교,경북,사립,전문대학,2085,164,7.9,865,91,10.5,1,0,Y,2026-08-15T04:17:46.259Z
2024,junior-college,0000523,경북보건대학교,경북,사립,전문대학,1480,85,5.7,416,38,9.1,1,0,Y,2026-08-15T04:17:46.259Z
2024,junior-college,0000258,경북전문대학교,경북,사립,전문대학,3128,182,5.8,1187,66,5.6,1,0,Y,2026-08-15T04:17:46.259Z
2024,junior-college,0000268,구미대학교,경북,사립,전문대학,6779,550,8.1,2597,209,8,1,0,Y,2026-08-15T04:17:46.259Z
2024,junior-college,0000279,대경대학교,경북,사립,전문대학,4169,507,12.2,1661,228,13.7,1,0,Y,2026-08-15T04:17:46.259Z
2024,junior-college,0000309,문경대학교,경북,사립,전문대학,912,89,9.8,214,24,11.2,1,0,Y,2026-08-15T04:17:46.259Z
2024,junior-college,0000380,선린대학교,경북,사립,전문대학,2399,182,7.6,753,54,7.2,1,0,Y,2026-08-15T04:17:46.259Z
2024,junior-college,0000547,성운대학교,경북,사립,전문대학,1612,157,9.7,775,102,13.2,1,0,Y,2026-08-15T04:17:46.259Z
2024,junior-college,0000338,안동과학대학교,경북,사립,전문대학,2487,164,6.6,782,45,5.8,1,0,Y,2026-08-15T04:17:46.259Z
2024,junior-college,0000257,영남외국어대학,경북,사립,전문대학,541,46,8.5,267,34,12.7,1,0,Y,2026-08-15T04:17:46.259Z
2024,junior-college,0000381,포항대학교,경북,사립,전문대학,1904,221,11.6,658,93,14.1,1,0,Y,2026-08-15T04:17:46.259Z
2024,junior-college,0000522,호산대학교,경북,사립,전문대학,2624,256,9.8,913,100,11,1,0,Y,2026-08-15T04:17:46.259Z
2024,junior-college,0000267,광주보건대학교,광주,사립,전문대학,4491,291,6.5,1445,90,6.2,1,0,Y,2026-08-15T04:17:46.259Z
2024,junior-college,0000273,기독간호대학교,광주,사립,전문대학,673,21,3.1,178,10,5.6,1,0,Y,2026-08-15T04:17:46.259Z
2024,junior-college,0000297,동강대학교,광주,사립,전문대학,2791,451,16.2,1083,260,24,1,0,Y,2026-08-15T04:17:46.259Z
2024,junior-college,0000320,서영대학교,광주,사립,전문대학,6881,535,7.8,2180,206,9.4,1,0,Y,2026-08-15T04:17:46.259Z
2024,junior-college,0000366,조선간호대학교,광주,사립,전문대학,820,22,2.7,193,10,5.2,1,0,Y,2026-08-15T04:17:46.259Z
2024,junior-college,0000365,조선이공대학교,광주,사립,전문대학,4379,425,9.7,1431,130,9.1,1,0,Y,2026-08-15T04:17:46.259Z
2024,junior-college,0000263,계명문화대학교,대구,사립,전문대학,5964,516,8.7,2109,159,7.5,1,0,Y,2026-08-15T04:17:46.259Z
2024,junior-college,0000280,대구공업대학교,대구,사립,전문대학,1322,210,15.9,654,102,15.6,1,0,Y,2026-08-15T04:17:46.259Z
2024,junior-college,0000283,대구과학대학교,대구,사립,전문대학,4840,483,10,1848,198,10.7,1,0,Y,2026-08-15T04:17:46.259Z
2024,junior-college,0000281,대구보건대학교,대구,사립,전문대학,8276,656,7.9,2687,229,8.5,1,0,Y,2026-08-15T04:17:46.259Z
2024,junior-college,0000282,수성대학교,대구,사립,전문대학,4209,335,8,1523,148,9.7,1,0,Y,2026-08-15T04:17:46.259Z
2024,junior-college,0000346,영남이공대학교,대구,사립,전문대학,7982,767,9.6,2730,245,9,1,0,Y,2026-08-15T04:17:46.259Z
2024,junior-college,0000349,영진전문대학교,대구,사립,전문대학,9595,1062,11.1,3427,372,10.9,1,0,Y,2026-08-15T04:17:46.259Z
2024,junior-college,0000376,대덕대학교,대전,사립,전문대학,2328,430,18.5,879,169,19.2,1,0,Y,2026-08-15T04:17:46.259Z
2024,junior-college,0000512,대전과학기술대학교,대전,사립,전문대학,4380,368,8.4,1463,118,8.1,1,0,Y,2026-08-15T04:17:46.259Z
2024,junior-college,0000288,대전보건대학교,대전,사립,전문대학,5522,400,7.2,1673,116,6.9,1,0,Y,2026-08-15T04:17:46.259Z
2024,junior-college,0000289,우송정보대학,대전,사립,전문대학,4127,513,12.4,1392,167,12,1,0,Y,2026-08-15T04:17:46.259Z
2024,junior-college,0000253,경남정보대학교,부산,사립,전문대학,8741,685,7.8,2309,179,7.8,1,0,Y,2026-08-15T04:17:46.259Z
2024,junior-college,0000284,대동대학교,부산,사립,전문대학,1690,94,5.6,479,46,9.6,1,0,Y,2026-08-15T04:17:46.259Z
2024,junior-college,0000303,동의과학대학교,부산,사립,전문대학,5008,612,12.2,1666,189,11.3,1,0,Y,2026-08-15T04:17:46.259Z
2024,junior-college,0000313,부산경상대학교,부산,사립,전문대학,2364,496,21,915,188,20.5,1,0,Y,2026-08-15T04:17:46.259Z
2024,junior-college,0000315,부산과학기술대학교,부산,사립,전문대학,4738,331,7,1696,156,9.2,1,0,Y,2026-08-15T04:17:46.259Z
2024,junior-college,0000569,부산보건대학교,부산,사립,전문대학,2980,245,8.2,887,76,8.6,1,0,Y,2026-08-15T04:17:46.259Z
2024,junior-college,0000314,부산여자대학교,부산,사립,전문대학,1857,146,7.9,646,69,10.7,1,0,Y,2026-08-15T04:17:46.259Z
2024,junior-college,0000388,부산예술대학교,부산,사립,전문대학,741,130,17.5,360,62,17.2,1,0,Y,2026-08-15T04:17:46.259Z
2024,junior-college,0000300,동양미래대학교,서울,사립,전문대학,9568,748,7.8,2873,304,10.6,1,0,Y,2026-08-15T04:17:46.259Z
2024,junior-college,0000307,명지전문대학,서울,사립,전문대학,9350,795,8.5,3291,393,11.9,1,0,Y,2026-08-15T04:17:46.259Z
2024,junior-college,0000310,배화여자대학교,서울,사립,전문대학,3086,329,10.7,1383,197,14.2,1,0,Y,2026-08-15T04:17:46.259Z
2024,junior-college,0000317,삼육보건대학교,서울,사립,전문대학,1598,121,7.6,552,69,12.5,1,0,Y,2026-08-15T04:17:46.259Z
2024,junior-college,0000321,서울여자간호대학교,서울,사립,전문대학,960,41,4.3,227,30,13.2,1,0,Y,2026-08-15T04:17:46.259Z
2024,junior-college,0000324,서일대학교,서울,사립,전문대학,8562,760,8.9,2707,333,12.3,1,0,Y,2026-08-15T04:17:46.259Z
2024,junior-college,0000333,숭의여자대학교,서울,사립,전문대학,3312,373,11.3,1506,243,16.1,1,0,Y,2026-08-15T04:17:46.259Z
2024,junior-college,0000356,인덕대학교,서울,사립,전문대학,8163,762,9.3,2600,250,9.6,1,0,Y,2026-08-15T04:17:46.259Z
2024,junior-college,0000384,한양여자대학교,서울,사립,전문대학,7538,637,8.5,3008,381,12.7,1,0,Y,2026-08-15T04:17:46.259Z
2024,junior-college,0000353,한국영상대학교,세종,사립,전문대학,4090,302,7.4,1243,97,7.8,1,0,Y,2026-08-15T04:17:46.259Z
2024,junior-college,0000352,울산과학대학교,울산,사립,전문대학,7268,453,6.2,1959,132,6.7,1,0,Y,2026-08-15T04:17:46.259Z
2024,junior-college,0000375,춘해보건대학교,울산,사립,전문대학,2983,155,5.2,913,50,5.5,1,0,Y,2026-08-15T04:17:46.259Z
2024,junior-college,0000261,경인여자대학교,인천,사립,전문대학,3876,399,10.3,1520,206,13.6,1,0,Y,2026-08-15T04:17:46.259Z
2024,junior-college,0000357,인하공업전문대학,인천,사립,전문대학,10815,713,6.6,3473,297,8.6,1,0,Y,2026-08-15T04:17:46.259Z
2024,junior-college,0000587,재능대학교,인천,사립,전문대학,4480,478,10.7,1353,186,13.7,1,0,Y,2026-08-15T04:17:46.259Z
2024,junior-college,0000266,광양보건대학교,전남,사립,전문대학,131,19,14.5,66,12,18.2,1,0,Y,2026-08-15T04:17:46.259Z
2024,junior-college,0000585,나주대학교,전남,사립,전문대학,1429,161,11.3,756,103,13.6,1,0,Y,2026-08-15T04:17:46.259Z
2024,junior-college,0000532,동아보건대학교,전남,사립,전문대학,1014,103,10.2,351,35,10,1,0,Y,2026-08-15T04:17:46.259Z
2024,junior-college,0000308,목포과학대학교,전남,사립,전문대학,3133,131,4.2,944,62,6.6,1,0,Y,2026-08-15T04:17:46.259Z
2024,junior-college,0000331,순천제일대학교,전남,사립,전문대학,3165,345,10.9,1340,165,12.3,1,0,Y,2026-08-15T04:17:46.259Z
2024,junior-college,0000360,전남과학대학교,전남,사립,전문대학,3374,311,9.2,1400,178,12.7,1,0,Y,2026-08-15T04:17:46.259Z
2024,junior-college,0000332,청암대학교,전남,사립,전문대학,2759,189,6.9,825,112,13.6,1,0,Y,2026-08-15T04:17:46.259Z
2024,junior-college,0000546,한영대학교,전남,사립,전문대학,1811,141,7.8,591,35,5.9,1,0,Y,2026-08-15T04:17:46.259Z
2024,junior-college,0000250,군산간호대학교,전북,사립,전문대학,1272,43,3.4,306,22,7.2,1,0,Y,2026-08-15T04:17:46.259Z
2024,junior-college,0000270,군장대학교,전북,사립,전문대학,1750,127,7.3,736,70,9.5,1,0,Y,2026-08-15T04:17:46.259Z
2024,junior-college,0000311,백제예술대학교,전북,사립,전문대학,1016,182,17.9,390,65,16.7,1,0,Y,2026-08-15T04:17:46.259Z
2024,junior-college,0000354,원광보건대학교,전북,사립,전문대학,5323,426,8,1470,104,7.1,1,0,Y,2026-08-15T04:17:46.259Z
2024,junior-college,0000362,전북과학대학교,전북,사립,전문대학,1727,111,6.4,707,52,7.4,1,0,Y,2026-08-15T04:17:46.259Z
2024,junior-college,0000274,전주기전대학,전북,사립,전문대학,1872,285,15.2,900,138,15.3,1,0,Y,2026-08-15T04:17:46.259Z
2024,junior-college,0000361,전주비전대학교,전북,사립,전문대학,3965,258,6.5,1238,77,6.2,1,0,Y,2026-08-15T04:17:46.259Z
2024,junior-college,0000363,제주관광대학교,제주,사립,전문대학,1953,431,22.1,789,216,27.4,1,0,Y,2026-08-15T04:17:46.259Z
2024,junior-college,0000382,제주한라대학교,제주,사립,전문대학,7701,939,12.2,1484,187,12.6,1,0,Y,2026-08-15T04:17:46.259Z
2024,junior-college,0000373,백석문화대학교,충남,사립,전문대학,5077,559,11,1397,127,9.1,1,0,Y,2026-08-15T04:17:46.259Z
2024,junior-college,0000335,신성대학교,충남,사립,전문대학,3359,315,9.4,1196,101,8.4,1,0,Y,2026-08-15T04:17:46.259Z
2024,junior-college,0000568,아주자동차대학교,충남,사립,전문대학,1942,169,8.7,307,23,7.5,1,0,Y,2026-08-15T04:17:46.259Z
2024,junior-college,0000529,연암대학교,충남,사립,전문대학,1552,109,7,593,37,6.2,1,0,Y,2026-08-15T04:17:46.259Z
2024,junior-college,0000386,혜전대학교,충남,사립,전문대학,3300,251,7.6,1069,60,5.6,1,0,Y,2026-08-15T04:17:46.259Z
2024,junior-college,0000271,강동대학교,충북,사립,전문대학,4018,380,9.5,1380,141,10.2,1,0,Y,2026-08-15T04:17:46.259Z
2024,junior-college,0000286,대원대학교,충북,사립,전문대학,1944,174,9,523,47,9,1,0,Y,2026-08-15T04:17:46.259Z
2024,junior-college,0000367,충북보건과학대학교,충북,사립,전문대학,2785,326,11.7,1053,116,11,1,0,Y,2026-08-15T04:17:46.259Z
2024,junior-college,0000377,충청대학교,충북,사립,전문대학,4088,495,12.1,1246,217,17.4,1,0,Y,2026-08-15T04:17:46.259Z
2024,graduate,0000513,가톨릭관동대학교,강원,사립,대학원,610,49,8,,,,4,6,Y,2026-08-15T04:17:46.259Z
2024,graduate,0000086,상지대학교,강원,사립,대학원,378,42,11.1,,,,5,6,Y,2026-08-15T04:17:46.259Z
2024,graduate,0000147,한라대학교,강원,사립,대학원,34,1,2.9,,,,1,1,Y,2026-08-15T04:17:46.259Z
2024,graduate,0000148,한림대학교,강원,사립,대학원,752,41,5.5,,,,8,10,Y,2026-08-15T04:17:46.259Z
2024,graduate,0000044,가천대학교,경기,사립,대학원,3473,175,5,,,,9,10,Y,2026-08-15T04:17:46.259Z
2024,graduate,0000034,가톨릭대학교,경기,사립,대학원,3029,116,3.8,,,,16,21,Y,2026-08-15T04:17:46.259Z
2024,graduate,0000036,강남대학교,경기,사립,대학원,393,24,6.1,,,,4,5,Y,2026-08-15T04:17:46.259Z
2024,graduate,0000039,경기대학교,경기,사립,대학원,2321,114,4.9,,,,10,14,Y,2026-08-15T04:17:46.259Z
2024,graduate,0000060,단국대학교,경기,사립,대학원,4587,260,5.7,,,,13,17,Y,2026-08-15T04:17:46.259Z
2024,graduate,0000068,대진대학교,경기,사립,대학원,391,24,6.1,,,,5,7,Y,2026-08-15T04:17:46.259Z
2024,graduate,0000078,루터대학교,경기,사립,대학원,39,2,5.1,,,,1,1,Y,2026-08-15T04:17:46.259Z
2024,graduate,0000079,명지대학교,경기,사립,대학원,2714,121,4.5,,,,9,12,Y,2026-08-15T04:17:46.259Z
2024,graduate,0000090,서울신학대학교,경기,사립,대학원,928,57,6.1,,,,7,8,Y,2026-08-15T04:17:46.259Z
2024,graduate,0000092,서울장신대학교,경기,사립,대학원,351,26,7.4,,,,7,7,Y,2026-08-15T04:17:46.259Z
2024,graduate,0000095,성결대학교,경기,사립,대학원,389,39,10,,,,5,7,Y,2026-08-15T04:17:46.259Z
2024,graduate,0000101,수원가톨릭대학교,경기,사립,대학원,51,2,3.9,,,,1,2,Y,2026-08-15T04:17:46.259Z
2024,graduate,0000102,수원대학교,경기,사립,대학원,767,87,11.3,,,,13,14,Y,2026-08-15T04:17:46.259Z
2024,graduate,0000509,신한대학교,경기,사립,대학원,724,39,5.4,,,,2,3,Y,2026-08-15T04:17:46.259Z
2024,graduate,0000558,아신대학교,경기,사립,대학원,743,82,11,,,,6,8,Y,2026-08-15T04:17:46.259Z
2024,graduate,0000108,아주대학교,경기,사립,대학원,4559,237,5.2,,,,14,15,Y,2026-08-15T04:17:46.259Z
2024,graduate,0000109,안양대학교,경기,사립,대학원,570,52,9.1,,,,6,8,Y,2026-08-15T04:17:46.259Z
2024,graduate,0000115,용인대학교,경기,사립,대학원,666,62,9.3,,,,7,8,Y,2026-08-15T04:17:46.259Z
2024,graduate,0000120,을지대학교,경기,사립,대학원,331,12,3.6,,,,3,5,Y,2026-08-15T04:17:46.259Z
2024,graduate,0000130,중앙승가대학교,경기,사립,대학원,76,6,7.9,,,,1,2,Y,2026-08-15T04:17:46.259Z
2024,graduate,0000139,차의과학대학교,경기,사립,대학원,1454,52,3.6,,,,9,11,Y,2026-08-15T04:17:46.259Z
2024,graduate,0000136,칼빈대학교,경기,사립,대학원,906,58,6.4,,,,2,4,Y,2026-08-15T04:17:46.259Z
2024,graduate,0000138,평택대학교,경기,사립,대학원,452,47,10.4,,,,6,8,Y,2026-08-15T04:17:46.259Z
2024,graduate,0000562,한국공학대학교,경기,사립,대학원,399,23,5.8,,,,4,6,Y,2026-08-15T04:17:46.259Z
2024,graduate,0000144,한국항공대학교,경기,사립,대학원,715,49,6.9,,,,3,5,Y,2026-08-15T04:17:46.259Z
2024,graduate,0000151,한세대학교,경기,사립,대학원,638,74,11.6,,,,6,7,Y,2026-08-15T04:17:46.259Z
2024,graduate,0000152,한신대학교,경기,사립,대학원,441,51,11.6,,,,6,8,Y,2026-08-15T04:17:46.259Z
2024,graduate,0000156,협성대학교,경기,사립,대학원,241,15,6.2,,,,4,5,Y,2026-08-15T04:17:46.259Z
2024,graduate,0000032,가야대학교,경남,사립,대학원,93,9,9.7,,,,4,4,Y,2026-08-15T04:17:46.259Z
2024,graduate,0000040,경남대학교,경남,사립,대학원,1250,78,6.2,,,,4,6,Y,2026-08-15T04:17:46.259Z
2024,graduate,0000167,부산장신대학교,경남,사립,대학원,206,25,12.1,,,,5,6,Y,2026-08-15T04:17:46.259Z
2024,graduate,0000122,인제대학교,경남,사립,대학원,1224,69,5.6,,,,6,8,Y,2026-08-15T04:17:46.259Z
2024,graduate,0000193,창신대학교,경남,사립,대학원,332,23,6.9,,,,3,4,Y,2026-08-15T04:17:46.259Z
2024,graduate,0000188,경운대학교,경북,사립,대학원,215,11,5.1,,,,3,4,Y,2026-08-15T04:17:46.259Z
2024,graduate,0000045,경일대학교,경북,사립,대학원,490,18,3.7,,,,2,3,Y,2026-08-15T04:17:46.259Z
2024,graduate,0000185,김천대학교,경북,사립,대학원,161,7,4.3,,,,3,4,Y,2026-08-15T04:17:46.259Z
2024,graduate,0000063,대구가톨릭대학교,경북,사립,대학원,1566,70,4.5,,,,9,11,Y,2026-08-15T04:17:46.259Z
2024,graduate,0000061,대구대학교,경북,사립,대학원,1629,86,5.3,,,,6,7,Y,2026-08-15T04:17:46.259Z
2024,graduate,0000042,대구한의대학교,경북,사립,대학원,474,26,5.5,,,,3,5,Y,2026-08-15T04:17:46.259Z
2024,graduate,0000065,대신대학교,경북,사립,대학원,359,42,11.7,,,,2,3,Y,2026-08-15T04:17:46.259Z
2024,graduate,0000076,동양대학교,경북,사립,대학원,251,12,4.8,,,,3,4,Y,2026-08-15T04:17:46.259Z
2024,graduate,0000586,신경주대학교,경북,사립,대학원,109,8,7.3,,,,2,3,Y,2026-08-15T04:17:46.259Z
2024,graduate,0000111,영남대학교,경북,사립,대학원,2673,154,5.8,,,,8,10,Y,2026-08-15T04:17:46.259Z
2024,graduate,0000112,영남신학대학교,경북,사립,대학원,331,12,3.6,,,,7,8,Y,2026-08-15T04:17:46.259Z
2024,graduate,0000119,위덕대학교,경북,사립,대학원,242,12,5,,,,5,6,Y,2026-08-15T04:17:46.259Z
2024,graduate,0000140,포항공과대학교,경북,사립,대학원,2138,59,2.8,,,,3,6,Y,2026-08-15T04:17:46.259Z
2024,graduate,0000146,한동대학교,경북,사립,대학원,452,7,1.5,,,,7,9,Y,2026-08-15T04:17:46.259Z
2024,graduate,0000052,광신대학교,광주,사립,대학원,595,41,6.9,,,,6,8,Y,2026-08-15T04:17:46.259Z
2024,graduate,0000176,광주대학교,광주,사립,대학원,509,25,4.9,,,,3,5,Y,2026-08-15T04:17:46.259Z
2024,graduate,0000055,광주여자대학교,광주,사립,대학원,265,16,6,,,,3,4,Y,2026-08-15T04:17:46.259Z
2024,graduate,0000162,남부대학교,광주,사립,대학원,437,27,6.2,,,,3,4,Y,2026-08-15T04:17:46.259Z
2024,graduate,0000187,송원대학교,광주,사립,대학원,155,4,2.6,,,,1,1,Y,2026-08-15T04:17:46.259Z
2024,graduate,0000127,조선대학교,광주,사립,대학원,1450,100,6.9,,,,8,10,Y,2026-08-15T04:17:46.259Z
2024,graduate,0000157,호남대학교,광주,사립,대학원,1000,39,3.9,,,,3,4,Y,2026-08-15T04:17:46.259Z
2024,graduate,0000158,호남신학대학교,광주,사립,대학원,519,4,0.8,,,,5,6,Y,2026-08-15T04:17:46.259Z
2024,graduate,0000048,계명대학교,대구,사립,대학원,2249,194,8.6,,,,9,11,Y,2026-08-15T04:17:46.259Z
2024,graduate,0000038,건양대학교,대전,사립,대학원,652,43,6.6,,,,6,7,Y,2026-08-15T04:17:46.259Z
2024,graduate,0000067,대전대학교,대전,사립,대학원,631,44,7,,,,4,6,Y,2026-08-15T04:17:46.259Z
2024,graduate,0000182,대전신학대학교,대전,사립,대학원,131,9,6.9,,,,2,3,Y,2026-08-15T04:17:46.259Z
2024,graduate,0000080,목원대학교,대전,사립,대학원,721,38,5.3,,,,3,4,Y,2026-08-15T04:17:46.259Z
2024,graduate,0000081,배재대학교,대전,사립,대학원,575,28,4.9,,,,4,6,Y,2026-08-15T04:17:46.259Z
2024,graduate,0000184,우송대학교,대전,사립,대학원,957,19,2,,,,6,8,Y,2026-08-15T04:17:46.259Z
2024,graduate,0000551,한국침례신학대학교,대전,사립,대학원,768,54,7,,,,4,5,Y,2026-08-15T04:17:46.259Z
2024,graduate,0000145,한남대학교,대전,사립,대학원,1018,60,5.9,,,,8,9,Y,2026-08-15T04:17:46.259Z
2024,graduate,0000043,경성대학교,부산,사립,대학원,692,39,5.6,,,,3,4,Y,2026-08-15T04:17:46.259Z
2024,graduate,0000050,고신대학교,부산,사립,대학원,942,46,4.9,,,,8,9,Y,2026-08-15T04:17:46.259Z
2024,graduate,0000180,동명대학교,부산,사립,대학원,578,16,2.8,,,,2,3,Y,2026-08-15T04:17:46.259Z
2024,graduate,0000073,동서대학교,부산,사립,대학원,461,31,6.7,,,,3,5,Y,2026-08-15T04:17:46.259Z
2024,graduate,0000075,동아대학교,부산,사립,대학원,2131,140,6.6,,,,7,11,Y,2026-08-15T04:17:46.259Z
2024,graduate,0000077,동의대학교,부산,사립,대학원,867,73,8.4,,,,7,7,Y,2026-08-15T04:17:46.259Z
2024,graduate,0000082,부산가톨릭대학교,부산,사립,대학원,317,19,6,,,,2,4,Y,2026-08-15T04:17:46.259Z
2024,graduate,0000083,부산외국어대학교,부산,사립,대학원,653,56,8.6,,,,4,6,Y,2026-08-15T04:17:46.259Z
2024,graduate,0000106,신라대학교,부산,사립,대학원,882,60,6.8,,,,5,6,Y,2026-08-15T04:17:46.259Z
2024,graduate,0000181,영산대학교,부산,사립,대학원,388,32,8.2,,,,7,8,Y,2026-08-15T04:17:46.259Z
2024,graduate,0000035,감리교신학대학교,서울,사립,대학원,381,28,7.3,,,,3,4,Y,2026-08-15T04:17:46.259Z
2024,graduate,0000565,강서대학교,서울,사립,대학원,174,35,20.1,,,,4,5,Y,2026-08-15T04:17:46.259Z
2024,graduate,0000037,건국대학교,서울,사립,대학원,6247,251,4,,,,17,23,Y,2026-08-15T04:17:46.259Z
2024,graduate,0000047,경희대학교,서울,사립,대학원,9663,464,4.8,,,,15,21,Y,2026-08-15T04:17:46.259Z
2024,graduate,0000049,고려대학교,서울,사립,대학원,12038,454,3.8,,,,26,39,Y,2026-08-15T04:17:46.259Z
2024,graduate,0000053,광운대학교,서울,사립,대학원,1615,114,7.1,,,,7,9,Y,2026-08-15T04:17:46.259Z
2024,graduate,0000056,국민대학교,서울,사립,대학원,3941,231,5.9,,,,16,22,Y,2026-08-15T04:17:46.259Z
2024,graduate,0000070,덕성여자대학교,서울,사립,대학원,392,22,5.6,,,,3,5,Y,2026-08-15T04:17:46.259Z
2024,graduate,0000071,동국대학교,서울,사립,대학원,5570,303,5.4,,,,17,22,Y,2026-08-15T04:17:46.259Z
2024,graduate,0000072,동덕여자대학교,서울,사립,대학원,348,11,3.2,,,,5,5,Y,2026-08-15T04:17:46.259Z
2024,graduate,0000131,백석대학교,서울,사립,대학원,3034,191,6.3,,,,8,10,Y,2026-08-15T04:17:46.259Z
2024,graduate,0000084,삼육대학교,서울,사립,대학원,780,34,4.4,,,,4,6,Y,2026-08-15T04:17:46.259Z
2024,graduate,0000085,상명대학교,서울,사립,대학원,1317,128,9.7,,,,6,10,Y,2026-08-15T04:17:46.259Z
2024,graduate,0000087,서강대학교,서울,사립,대학원,4020,189,4.7,,,,12,19,Y,2026-08-15T04:17:46.259Z
2024,graduate,0000088,서경대학교,서울,사립,대학원,685,34,5,,,,6,7,Y,2026-08-15T04:17:46.259Z
2024,graduate,0000069,서울기독대학교,서울,사립,대학원,198,14,7.1,,,,6,6,Y,2026-08-15T04:17:46.259Z
2024,graduate,0000091,서울여자대학교,서울,사립,대학원,281,10,3.6,,,,3,5,Y,2026-08-15T04:17:46.259Z
2024,graduate,0000539,서울한영대학교,서울,사립,대학원,361,107,29.6,,,,3,4,Y,2026-08-15T04:17:46.259Z
2024,graduate,0000096,성공회대학교,서울,사립,대학원,308,22,7.1,,,,7,8,Y,2026-08-15T04:17:46.259Z
2024,graduate,0000097,성균관대학교,서울,사립,대학원,9593,415,4.3,,,,17,25,Y,2026-08-15T04:17:46.259Z
2024,graduate,0000098,성신여자대학교,서울,사립,대학원,866,44,5.1,,,,5,7,Y,2026-08-15T04:17:46.259Z
2024,graduate,0000100,세종대학교,서울,사립,대학원,3757,159,4.2,,,,7,9,Y,2026-08-15T04:17:46.259Z
2024,graduate,0000103,숙명여자대학교,서울,사립,대학원,2863,184,6.4,,,,10,12,Y,2026-08-15T04:17:46.259Z
2024,graduate,0000105,숭실대학교,서울,사립,대학원,3145,115,3.7,,,,8,10,Y,2026-08-15T04:17:46.259Z
2024,graduate,0000110,연세대학교,서울,사립,대학원,15446,770,5,,,,20,33,Y,2026-08-15T04:17:46.259Z
2024,graduate,0000121,이화여자대학교,서울,사립,대학원,6763,275,4.1,,,,15,22,Y,2026-08-15T04:17:46.259Z
2024,graduate,0000125,장로회신학대학교,서울,사립,대학원,1700,55,3.2,,,,6,9,Y,2026-08-15T04:17:46.259Z
2024,graduate,0000129,중앙대학교,서울,사립,대학원,6807,382,5.6,,,,19,26,Y,2026-08-15T04:17:46.259Z
2024,graduate,0000133,총신대학교,서울,사립,대학원,2200,130,5.9,,,,9,11,Y,2026-08-15T04:17:46.259Z
2024,graduate,0000134,추계예술대학교,서울,사립,대학원,227,16,7,,,,2,4,Y,2026-08-15T04:17:46.259Z
2024,graduate,0000142,한국성서대학교,서울,사립,대학원,193,14,7.3,,,,4,6,Y,2026-08-15T04:17:46.259Z
2024,graduate,0000143,한국외국어대학교,서울,사립,대학원,3211,177,5.5,,,,10,16,Y,2026-08-15T04:17:46.259Z
2024,graduate,0000150,한성대학교,서울,사립,대학원,1075,41,3.8,,,,8,9,Y,2026-08-15T04:17:46.259Z
2024,graduate,0000153,한양대학교,서울,사립,대학원,11121,541,4.9,,,,19,30,Y,2026-08-15T04:17:46.259Z
2024,graduate,0000160,홍익대학교,서울,사립,대학원,4977,227,4.6,,,,15,18,Y,2026-08-15T04:17:46.259Z
2024,graduate,0000066,대전가톨릭대학교,세종,사립,대학원,28,1,3.6,,,,1,1,Y,2026-08-15T04:17:46.259Z
2024,graduate,0000117,울산대학교,울산,사립,대학원,2018,89,4.4,,,,5,7,Y,2026-08-15T04:17:46.259Z
2024,graduate,0000123,인천가톨릭대학교,인천,사립,대학원,75,3,4,,,,2,2,Y,2026-08-15T04:17:46.259Z
2024,graduate,0000124,인하대학교,인천,사립,대학원,3799,208,5.5,,,,10,16,Y,2026-08-15T04:17:46.259Z
2024,graduate,0000054,광주가톨릭대학교,전남,사립,대학원,42,2,4.8,,,,1,1,Y,2026-08-15T04:17:46.259Z
2024,graduate,0000074,동신대학교,전남,사립,대학원,1142,72,6.3,,,,3,5,Y,2026-08-15T04:17:46.259Z
2024,graduate,0000064,세한대학교,전남,사립,대학원,819,16,2,,,,1,3,Y,2026-08-15T04:17:46.259Z
2024,graduate,0000190,초당대학교,전남,사립,대학원,302,28,9.3,,,,2,3,Y,2026-08-15T04:17:46.259Z
2024,graduate,0000173,예수대학교,전북,사립,대학원,10,0,0,,,,1,1,Y,2026-08-15T04:17:46.259Z
2024,graduate,0000164,예원예술대학교,전북,사립,대학원,296,30,10.1,,,,3,3,Y,2026-08-15T04:17:46.259Z
2024,graduate,0000116,우석대학교,전북,사립,대학원,909,58,6.4,,,,6,5,Y,2026-08-15T04:17:46.259Z
2024,graduate,0000118,원광대학교,전북,사립,대학원,1262,82,6.5,,,,6,9,Y,2026-08-15T04:17:46.259Z
2024,graduate,0000126,전주대학교,전북,사립,대학원,842,47,5.6,,,,7,9,Y,2026-08-15T04:17:46.259Z
2024,graduate,0000155,한일장신대학교,전북,사립,대학원,239,28,11.7,,,,7,6,Y,2026-08-15T04:17:46.259Z
2024,graduate,0000192,제주국제대학교,제주,사립,대학원,233,13,5.6,,,,4,5,Y,2026-08-15T04:17:46.259Z
2024,graduate,0000169,금강대학교,충남,사립,대학원,18,4,22.2,,,,1,2,Y,2026-08-15T04:17:46.259Z
2024,graduate,0000059,나사렛대학교,충남,사립,대학원,445,10,2.2,,,,4,5,Y,2026-08-15T04:17:46.259Z
2024,graduate,0000189,남서울대학교,충남,사립,대학원,852,54,6.3,,,,3,4,Y,2026-08-15T04:17:46.259Z
2024,graduate,0000094,선문대학교,충남,사립,대학원,642,35,5.5,,,,3,5,Y,2026-08-15T04:17:46.259Z
2024,graduate,0000104,순천향대학교,충남,사립,대학원,1298,65,5,,,,6,8,Y,2026-08-15T04:17:46.259Z
2024,graduate,0000128,중부대학교,충남,사립,대학원,2310,126,5.5,,,,4,5,Y,2026-08-15T04:17:46.259Z
2024,graduate,0000225,청운대학교,충남,사립,대학원,577,77,13.3,,,,1,1,Y,2026-08-15T04:17:46.259Z
2024,graduate,0000141,한국기술교육대학교,충남,사립,대학원,604,45,7.5,,,,3,7,Y,2026-08-15T04:17:46.259Z
2024,graduate,0000149,한서대학교,충남,사립,대학원,544,26,4.8,,,,5,7,Y,2026-08-15T04:17:46.259Z
2024,graduate,0000159,호서대학교,충남,사립,대학원,1835,158,8.6,,,,11,17,Y,2026-08-15T04:17:46.259Z
2024,graduate,0000557,가톨릭꽃동네대학교,충북,사립,대학원,83,0,0,,,,2,2,Y,2026-08-15T04:17:46.259Z
2024,graduate,0000058,극동대학교,충북,사립,대학원,269,9,3.3,,,,3,4,Y,2026-08-15T04:17:46.259Z
2024,graduate,0000093,서원대학교,충북,사립,대학원,203,22,10.8,,,,3,3,Y,2026-08-15T04:17:46.259Z
2024,graduate,0000099,세명대학교,충북,사립,대학원,496,35,7.1,,,,3,4,Y,2026-08-15T04:17:46.259Z
2024,graduate,0000113,유원대학교,충북,사립,대학원,76,2,2.6,,,,1,1,Y,2026-08-15T04:17:46.259Z
2024,graduate,0000183,중원대학교,충북,사립,대학원,278,35,12.6,,,,3,4,Y,2026-08-15T04:17:46.259Z
2024,graduate,0000132,청주대학교,충북,사립,대학원,943,56,5.9,,,,5,6,Y,2026-08-15T04:17:46.259Z
2024,combined,0000513,가톨릭관동대학교,강원,사립,대학,9020,676,7.5,1178,127,10.8,1,6,Y,2026-08-15T04:17:46.259Z
2024,combined,0000041,경동대학교,강원,사립,대학,8973,549,6.1,1771,147,8.3,4,0,Y,2026-08-15T04:17:46.259Z
2024,combined,0000086,상지대학교,강원,사립,대학,8911,829,9.3,1528,168,11,1,6,Y,2026-08-15T04:17:46.259Z
2024,combined,0000147,한라대학교,강원,사립,대학,4114,368,8.9,832,73,8.8,1,1,Y,2026-08-15T04:17:46.259Z
2024,combined,0000148,한림대학교,강원,사립,대학,11100,525,4.7,1933,128,6.6,1,10,Y,2026-08-15T04:17:46.259Z
2024,combined,0000044,가천대학교,경기,사립,대학,31737,1265,4,5268,451,8.6,1,10,Y,2026-08-15T04:17:46.259Z
2024,combined,0000034,가톨릭대학교,경기,사립,대학,14101,532,3.8,2088,180,8.6,3,21,Y,2026-08-15T04:17:46.259Z
2024,combined,0000036,강남대학교,경기,사립,대학,8909,544,6.1,1590,159,10,1,5,Y,2026-08-15T04:17:46.259Z
2024,combined,0000039,경기대학교,경기,사립,대학,21053,932,4.4,3154,346,11,2,14,Y,2026-08-15T04:17:46.259Z
2024,combined,0000060,단국대학교,경기,사립,대학,33697,1511,4.5,5071,510,10.1,2,17,Y,2026-08-15T04:17:46.259Z
2024,combined,0000068,대진대학교,경기,사립,대학,10438,648,6.2,1940,246,12.7,1,7,Y,2026-08-15T04:17:46.259Z
2024,combined,0000078,루터대학교,경기,사립,대학,425,50,11.8,85,16,18.8,1,1,Y,2026-08-15T04:17:46.259Z
2024,combined,0000079,명지대학교,경기,사립,대학,21090,893,4.2,2941,273,9.3,2,12,Y,2026-08-15T04:17:46.259Z
2024,combined,0000090,서울신학대학교,경기,사립,대학,3351,215,6.4,488,56,11.5,1,8,Y,2026-08-15T04:17:46.259Z
2024,combined,0000092,서울장신대학교,경기,사립,대학,708,65,9.2,82,12,14.6,1,7,Y,2026-08-15T04:17:46.259Z
2024,combined,0000095,성결대학교,경기,사립,대학,7364,443,6,1295,104,8,1,7,Y,2026-08-15T04:17:46.259Z
2024,combined,0000101,수원가톨릭대학교,경기,사립,대학,207,14,6.8,25,3,12,1,2,Y,2026-08-15T04:17:46.259Z
2024,combined,0000102,수원대학교,경기,사립,대학,12295,937,7.6,2251,262,11.6,1,14,Y,2026-08-15T04:17:46.259Z
2024,combined,0000509,신한대학교,경기,사립,대학,8639,442,5.1,1555,105,6.8,2,3,Y,2026-08-15T04:17:46.259Z
2024,combined,0000558,아신대학교,경기,사립,대학,1088,119,10.9,54,3,5.6,1,8,Y,2026-08-15T04:17:46.259Z
2024,combined,0000108,아주대학교,경기,사립,대학,17954,712,4,2313,224,9.7,1,15,Y,2026-08-15T04:17:46.259Z
2024,combined,0000109,안양대학교,경기,사립,대학,7049,423,6,1209,113,9.3,2,8,Y,2026-08-15T04:17:46.259Z
2024,combined,0000115,용인대학교,경기,사립,대학,7984,466,5.8,1339,95,7.1,1,8,Y,2026-08-15T04:17:46.259Z
2024,combined,0000130,중앙승가대학교,경기,사립,대학,144,12,8.3,15,3,20,1,2,Y,2026-08-15T04:17:46.259Z
2024,combined,0000139,차의과학대학교,경기,사립,대학,4051,194,4.8,531,64,12.1,1,11,Y,2026-08-15T04:17:46.259Z
2024,combined,0000136,칼빈대학교,경기,사립,대학,2429,150,6.2,570,27,4.7,1,4,Y,2026-08-15T04:17:46.259Z
2024,combined,0000138,평택대학교,경기,사립,대학,4516,387,8.6,852,91,10.7,1,8,Y,2026-08-15T04:17:46.259Z
2024,combined,0000562,한국공학대학교,경기,사립,대학,10378,590,5.7,1804,197,10.9,1,6,Y,2026-08-15T04:17:46.259Z
2024,combined,0000144,한국항공대학교,경기,사립,대학,6622,268,4,942,57,6.1,1,5,Y,2026-08-15T04:17:46.259Z
2024,combined,0000151,한세대학교,경기,사립,대학,3899,296,7.6,601,85,14.1,1,7,Y,2026-08-15T04:17:46.259Z
2024,combined,0000152,한신대학교,경기,사립,대학,7829,484,6.2,1257,114,9.1,1,8,Y,2026-08-15T04:17:46.259Z
2024,combined,0000156,협성대학교,경기,사립,대학,5433,455,8.4,1072,126,11.8,1,5,Y,2026-08-15T04:17:46.259Z
2024,combined,0000567,화성의과학대학교,경기,사립,대학,603,61,10.1,204,28,13.7,1,0,Y,2026-08-15T04:17:46.259Z
2024,combined,0000032,가야대학교,경남,사립,대학,2105,188,8.9,370,42,11.4,2,4,Y,2026-08-15T04:17:46.259Z
2024,combined,0000040,경남대학교,경남,사립,대학,13145,940,7.2,1770,146,8.2,1,6,Y,2026-08-15T04:17:46.259Z
2024,combined,0000167,부산장신대학교,경남,사립,대학,358,44,12.3,33,11,33.3,1,6,Y,2026-08-15T04:17:46.259Z
2024,combined,0000122,인제대학교,경남,사립,대학,10241,757,7.4,1626,167,10.3,2,8,Y,2026-08-15T04:17:46.259Z
2024,combined,0000193,창신대학교,경남,사립,대학,2301,191,8.3,374,29,7.8,1,4,Y,2026-08-15T04:17:46.259Z
2024,combined,0000188,경운대학교,경북,사립,대학,6180,663,10.7,1261,207,16.4,1,4,Y,2026-08-15T04:17:46.259Z
2024,combined,0000045,경일대학교,경북,사립,대학,9092,610,6.7,1816,137,7.5,1,3,Y,2026-08-15T04:17:46.259Z
2024,combined,0000185,김천대학교,경북,사립,대학,2849,308,10.8,623,97,15.6,1,4,Y,2026-08-15T04:17:46.259Z
2024,combined,0000063,대구가톨릭대학교,경북,사립,대학,15834,1111,7,2665,204,7.7,1,11,Y,2026-08-15T04:17:46.259Z
2024,combined,0000061,대구대학교,경북,사립,대학,22632,1583,7,3987,320,8,1,7,Y,2026-08-15T04:17:46.259Z
2024,combined,0000062,대구예술대학교,경북,사립,대학,455,99,21.8,37,8,21.6,1,0,Y,2026-08-15T04:17:46.259Z
2024,combined,0000042,대구한의대학교,경북,사립,대학,8541,845,9.9,1717,270,15.7,1,5,Y,2026-08-15T04:17:46.259Z
2024,combined,0000065,대신대학교,경북,사립,대학,1028,94,9.1,171,16,9.4,1,3,Y,2026-08-15T04:17:46.259Z
2024,combined,0000076,동양대학교,경북,사립,대학,5443,538,9.9,1091,157,14.4,2,4,Y,2026-08-15T04:17:46.259Z
2024,combined,0000586,신경주대학교,경북,사립,대학,1074,397,37,571,172,30.1,1,3,Y,2026-08-15T04:17:46.259Z
2024,combined,0000111,영남대학교,경북,사립,대학,30599,1386,4.5,4948,330,6.7,1,10,Y,2026-08-15T04:17:46.259Z
2024,combined,0000112,영남신학대학교,경북,사립,대학,777,24,3.1,116,4,3.4,1,8,Y,2026-08-15T04:17:46.259Z
2024,combined,0000119,위덕대학교,경북,사립,대학,2906,396,13.6,554,123,22.2,1,6,Y,2026-08-15T04:17:46.259Z
2024,combined,0000140,포항공과대학교,경북,사립,대학,3943,88,2.2,368,21,5.7,1,6,Y,2026-08-15T04:17:46.259Z
2024,combined,0000146,한동대학교,경북,사립,대학,5759,155,2.7,809,22,2.7,1,9,Y,2026-08-15T04:17:46.259Z
2024,combined,0000052,광신대학교,광주,사립,대학,1095,96,8.8,105,12,11.4,1,8,Y,2026-08-15T04:17:46.259Z
2024,combined,0000176,광주대학교,광주,사립,대학,7286,818,11.2,1295,254,19.6,1,5,Y,2026-08-15T04:17:46.259Z
2024,combined,0000055,광주여자대학교,광주,사립,대학,3745,308,8.2,842,150,17.8,1,4,Y,2026-08-15T04:17:46.259Z
2024,combined,0000162,남부대학교,광주,사립,대학,3470,343,9.9,569,125,22,1,4,Y,2026-08-15T04:17:46.259Z
2024,combined,0000187,송원대학교,광주,사립,대학,3452,445,12.9,687,191,27.8,1,1,Y,2026-08-15T04:17:46.259Z
2024,combined,0000127,조선대학교,광주,사립,대학,26584,1427,5.4,4565,306,6.7,1,10,Y,2026-08-15T04:17:46.259Z
2024,combined,0000157,호남대학교,광주,사립,대학,9346,590,6.3,1486,114,7.7,1,4,Y,2026-08-15T04:17:46.259Z
2024,combined,0000158,호남신학대학교,광주,사립,대학,1284,66,5.1,120,32,26.7,1,6,Y,2026-08-15T04:17:46.259Z
2024,combined,0000048,계명대학교,대구,사립,대학,30934,1717,5.6,5017,352,7,1,11,Y,2026-08-15T04:17:46.259Z
2024,combined,0000067,대전대학교,대전,사립,대학,11596,879,7.6,1934,195,10.1,1,6,Y,2026-08-15T04:17:46.259Z
2024,combined,0000182,대전신학대학교,대전,사립,대학,188,12,6.4,13,0,0,1,3,Y,2026-08-15T04:17:46.259Z
2024,combined,0000080,목원대학교,대전,사립,대학,10210,895,8.8,1906,237,12.4,1,4,Y,2026-08-15T04:17:46.259Z
2024,combined,0000081,배재대학교,대전,사립,대학,10139,773,7.6,1949,177,9.1,1,6,Y,2026-08-15T04:17:46.259Z
2024,combined,0000184,우송대학교,대전,사립,대학,13813,796,5.8,2274,141,6.2,1,8,Y,2026-08-15T04:17:46.259Z
2024,combined,0000120,을지대학교,대전,사립,대학,5867,247,4.2,1097,105,9.6,3,5,Y,2026-08-15T04:17:46.259Z
2024,combined,0000551,한국침례신학대학교,대전,사립,대학,1703,122,7.2,186,12,6.5,1,5,Y,2026-08-15T04:17:46.259Z
2024,combined,0000145,한남대학교,대전,사립,대학,16573,821,5,2954,253,8.6,1,9,Y,2026-08-15T04:17:46.259Z
2024,combined,0000043,경성대학교,부산,사립,대학,16981,960,5.7,3289,212,6.4,1,4,Y,2026-08-15T04:17:46.259Z
2024,combined,0000050,고신대학교,부산,사립,대학,4533,259,5.7,762,74,9.7,1,9,Y,2026-08-15T04:17:46.259Z
2024,combined,0000180,동명대학교,부산,사립,대학,9854,1029,10.4,1658,137,8.3,1,3,Y,2026-08-15T04:17:46.259Z
2024,combined,0000073,동서대학교,부산,사립,대학,12018,1030,8.6,2155,174,8.1,1,5,Y,2026-08-15T04:17:46.259Z
2024,combined,0000075,동아대학교,부산,사립,대학,26407,1221,4.6,4425,278,6.3,1,11,Y,2026-08-15T04:17:46.259Z
2024,combined,0000077,동의대학교,부산,사립,대학,20357,1329,6.5,3864,323,8.4,1,7,Y,2026-08-15T04:17:46.259Z
2024,combined,0000082,부산가톨릭대학교,부산,사립,대학,4385,203,4.6,767,39,5.1,1,4,Y,2026-08-15T04:17:46.259Z
2024,combined,0000083,부산외국어대학교,부산,사립,대학,10185,869,8.5,1606,140,8.7,1,6,Y,2026-08-15T04:17:46.259Z
2024,combined,0000106,신라대학교,부산,사립,대학,9265,724,7.8,1540,124,8.1,1,6,Y,2026-08-15T04:17:46.259Z
2024,combined,0000181,영산대학교,부산,사립,대학,7107,925,13,1392,278,20,2,8,Y,2026-08-15T04:17:46.259Z
2024,combined,0000035,감리교신학대학교,서울,사립,대학,1167,84,7.2,143,11,7.7,1,4,Y,2026-08-15T04:17:46.259Z
2024,combined,0000565,강서대학교,서울,사립,대학,2331,158,6.8,399,33,8.3,1,5,Y,2026-08-15T04:17:46.259Z
2024,combined,0000037,건국대학교,서울,사립,대학,38833,1287,3.3,5261,451,8.6,2,23,Y,2026-08-15T04:17:46.259Z
2024,combined,0000047,경희대학교,서울,사립,대학,42682,1639,3.8,5790,576,9.9,1,21,Y,2026-08-15T04:17:46.259Z
2024,combined,0000049,고려대학교,서울,사립,대학,48362,2055,4.2,6539,729,11.1,2,39,Y,2026-08-15T04:17:46.259Z
2024,combined,0000053,광운대학교,서울,사립,대학,12867,598,4.6,2106,222,10.5,1,9,Y,2026-08-15T04:17:46.259Z
2024,combined,0000056,국민대학교,서울,사립,대학,24419,999,4.1,3459,387,11.2,1,22,Y,2026-08-15T04:17:46.259Z
2024,combined,0000070,덕성여자대학교,서울,사립,대학,6851,366,5.3,1325,213,16.1,1,5,Y,2026-08-15T04:17:46.259Z
2024,combined,0000071,동국대학교,서울,사립,대학,33497,1609,4.8,5146,498,9.7,2,22,Y,2026-08-15T04:17:46.259Z
2024,combined,0000072,동덕여자대학교,서울,사립,대학,8605,430,5,1767,274,15.5,1,5,Y,2026-08-15T04:17:46.259Z
2024,combined,0000084,삼육대학교,서울,사립,대학,7636,354,4.6,1243,117,9.4,1,6,Y,2026-08-15T04:17:46.259Z
2024,combined,0000085,상명대학교,서울,사립,대학,17260,867,5,2866,317,11.1,2,10,Y,2026-08-15T04:17:46.259Z
2024,combined,0000087,서강대학교,서울,사립,대학,15687,580,3.7,1926,219,11.4,1,19,Y,2026-08-15T04:17:46.259Z
2024,combined,0000088,서경대학교,서울,사립,대학,9385,521,5.6,1690,186,11,1,7,Y,2026-08-15T04:17:46.259Z
2024,combined,0000069,서울기독대학교,서울,사립,대학,926,83,9,360,30,8.3,1,6,Y,2026-08-15T04:17:46.259Z
2024,combined,0000091,서울여자대학교,서울,사립,대학,9288,443,4.8,1818,225,12.4,1,5,Y,2026-08-15T04:17:46.259Z
2024,combined,0000539,서울한영대학교,서울,사립,대학,1186,212,17.9,197,41,20.8,1,4,Y,2026-08-15T04:17:46.259Z
2024,combined,0000096,성공회대학교,서울,사립,대학,3209,152,4.7,544,56,10.3,1,8,Y,2026-08-15T04:17:46.259Z
2024,combined,0000097,성균관대학교,서울,사립,대학,34786,1366,3.9,4378,536,12.2,1,25,Y,2026-08-15T04:17:46.259Z
2024,combined,0000098,성신여자대학교,서울,사립,대학,12093,571,4.7,2336,352,15.1,1,7,Y,2026-08-15T04:17:46.259Z
2024,combined,0000100,세종대학교,서울,사립,대학,20390,1003,4.9,3080,407,13.2,1,9,Y,2026-08-15T04:17:46.259Z
2024,combined,0000103,숙명여자대학교,서울,사립,대학,14917,649,4.4,2479,286,11.5,1,12,Y,2026-08-15T04:17:46.259Z
2024,combined,0000105,숭실대학교,서울,사립,대학,22909,844,3.7,3382,344,10.2,1,10,Y,2026-08-15T04:17:46.259Z
2024,combined,0000110,연세대학교,서울,사립,대학,52162,2121,4.1,5989,577,9.6,2,33,Y,2026-08-15T04:17:46.259Z
2024,combined,0000121,이화여자대학교,서울,사립,대학,26258,814,3.1,3629,327,9,1,22,Y,2026-08-15T04:17:46.259Z
2024,combined,0000125,장로회신학대학교,서울,사립,대학,2483,93,3.7,156,11,7.1,1,9,Y,2026-08-15T04:17:46.259Z
2024,combined,0000129,중앙대학교,서울,사립,대학,39075,1832,4.7,5329,680,12.8,2,26,Y,2026-08-15T04:17:46.259Z
2024,combined,0000133,총신대학교,서울,사립,대학,3914,204,5.2,344,18,5.2,1,11,Y,2026-08-15T04:17:46.259Z
2024,combined,0000134,추계예술대학교,서울,사립,대학,1591,107,6.7,267,39,14.6,1,4,Y,2026-08-15T04:17:46.259Z
2024,combined,0000142,한국성서대학교,서울,사립,대학,1326,80,6,247,26,10.5,1,6,Y,2026-08-15T04:17:46.259Z
2024,combined,0000143,한국외국어대학교,서울,사립,대학,25810,1261,4.9,3934,481,12.2,1,16,Y,2026-08-15T04:17:46.259Z
2024,combined,0000150,한성대학교,서울,사립,대학,10517,502,4.8,1691,186,11,1,9,Y,2026-08-15T04:17:46.259Z
2024,combined,0000153,한양대학교,서울,사립,대학,48363,1926,4,6169,654,10.6,2,30,Y,2026-08-15T04:17:46.259Z
2024,combined,0000160,홍익대학교,서울,사립,대학,29812,1309,4.4,4325,506,11.7,2,18,Y,2026-08-15T04:17:46.259Z
2024,combined,0000066,대전가톨릭대학교,세종,사립,대학,76,7,9.2,8,2,25,1,1,Y,2026-08-15T04:17:46.259Z
2024,combined,0000117,울산대학교,울산,사립,대학,17949,897,5,2648,180,6.8,1,7,Y,2026-08-15T04:17:46.259Z
2024,combined,0000123,인천가톨릭대학교,인천,사립,대학,868,55,6.3,175,22,12.6,2,2,Y,2026-08-15T04:17:46.259Z
2024,combined,0000124,인하대학교,인천,사립,대학,28503,909,3.2,3990,284,7.1,1,16,Y,2026-08-15T04:17:46.259Z
2024,combined,0000054,광주가톨릭대학교,전남,사립,대학,139,11,7.9,13,1,7.7,1,1,Y,2026-08-15T04:17:46.259Z
2024,combined,0000074,동신대학교,전남,사립,대학,7906,798,10.1,1370,279,20.4,1,5,Y,2026-08-15T04:17:46.259Z
2024,combined,0000166,목포가톨릭대학교,전남,사립,대학,535,18,3.4,110,5,4.5,1,0,Y,2026-08-15T04:17:46.259Z
2024,combined,0000064,세한대학교,전남,사립,대학,5127,611,11.9,857,214,25,1,3,Y,2026-08-15T04:17:46.259Z
2024,combined,0000114,영산선학대학교,전남,사립,대학,31,2,6.5,2,0,0,1,0,Y,2026-08-15T04:17:46.259Z
2024,combined,0000190,초당대학교,전남,사립,대학,3389,479,14.1,611,103,16.9,1,3,Y,2026-08-15T04:17:46.259Z
2024,combined,0000173,예수대학교,전북,사립,대학,570,16,2.8,121,4,3.3,1,1,Y,2026-08-15T04:17:46.259Z
2024,combined,0000164,예원예술대학교,전북,사립,대학,1971,198,10,413,32,7.7,2,3,Y,2026-08-15T04:17:46.259Z
2024,combined,0000116,우석대학교,전북,사립,대학,9272,870,9.4,1722,265,15.4,1,5,Y,2026-08-15T04:17:46.259Z
2024,combined,0000118,원광대학교,전북,사립,대학,18363,1286,7,3024,298,9.9,1,9,Y,2026-08-15T04:17:46.259Z
2024,combined,0000126,전주대학교,전북,사립,대학,14840,987,6.7,2537,184,7.3,1,9,Y,2026-08-15T04:17:46.259Z
2024,combined,0000155,한일장신대학교,전북,사립,대학,1150,117,10.2,196,52,26.5,1,6,Y,2026-08-15T04:17:46.259Z
2024,combined,0000223,호원대학교,전북,사립,대학,6186,631,10.2,1373,168,12.2,1,0,Y,2026-08-15T04:17:46.259Z
2024,combined,0000192,제주국제대학교,제주,사립,대학,635,103,16.2,115,34,29.6,1,5,Y,2026-08-15T04:17:46.259Z
2024,combined,0000038,건양대학교,충남,사립,대학,8371,549,6.6,1659,175,10.5,2,7,Y,2026-08-15T04:17:46.259Z
2024,combined,0000169,금강대학교,충남,사립,대학,174,35,20.1,20,2,10,1,2,Y,2026-08-15T04:17:46.259Z
2024,combined,0000059,나사렛대학교,충남,사립,대학,6453,566,8.8,1297,154,11.9,1,5,Y,2026-08-15T04:17:46.259Z
2024,combined,0000189,남서울대학교,충남,사립,대학,12849,778,6.1,2459,189,7.7,1,4,Y,2026-08-15T04:17:46.259Z
2024,combined,0000131,백석대학교,충남,사립,대학,18315,1040,5.7,2976,218,7.3,1,10,Y,2026-08-15T04:17:46.259Z
2024,combined,0000094,선문대학교,충남,사립,대학,12202,949,7.8,2293,274,11.9,1,5,Y,2026-08-15T04:17:46.259Z
2024,combined,0000104,순천향대학교,충남,사립,대학,15306,813,5.3,2628,258,9.8,1,8,Y,2026-08-15T04:17:46.259Z
2024,combined,0000128,중부대학교,충남,사립,대학,12780,999,7.8,1939,164,8.5,1,5,Y,2026-08-15T04:17:46.259Z
2024,combined,0000225,청운대학교,충남,사립,대학,7704,840,10.9,1315,186,14.1,1,1,Y,2026-08-15T04:17:46.259Z
2024,combined,0000141,한국기술교육대학교,충남,사립,대학,6476,297,4.6,980,81,8.3,1,7,Y,2026-08-15T04:17:46.259Z
2024,combined,0000149,한서대학교,충남,사립,대학,8711,638,7.3,1561,164,10.5,1,7,Y,2026-08-15T04:17:46.259Z
2024,combined,0000159,호서대학교,충남,사립,대학,17570,1109,6.3,3109,305,9.8,1,17,Y,2026-08-15T04:17:46.259Z
2024,combined,0000557,가톨릭꽃동네대학교,충북,사립,대학,640,26,4.1,113,18,15.9,1,2,Y,2026-08-15T04:17:46.259Z
2024,combined,0000058,극동대학교,충북,사립,대학,4046,347,8.6,803,68,8.5,1,4,Y,2026-08-15T04:17:46.259Z
2024,combined,0000093,서원대학교,충북,사립,대학,9168,648,7.1,2066,175,8.5,1,3,Y,2026-08-15T04:17:46.259Z
2024,combined,0000099,세명대학교,충북,사립,대학,8498,665,7.8,1474,198,13.4,1,4,Y,2026-08-15T04:17:46.259Z
2024,combined,0000113,유원대학교,충북,사립,대학,4247,606,14.3,892,139,15.6,1,1,Y,2026-08-15T04:17:46.259Z
2024,combined,0000183,중원대학교,충북,사립,대학,4287,646,15.1,744,101,13.6,1,4,Y,2026-08-15T04:17:46.259Z
2024,combined,0000132,청주대학교,충북,사립,대학,16922,840,5,2788,206,7.4,1,6,Y,2026-08-15T04:17:46.259Z
