year,school_code_std,school_name,school_division,school_kind,region,estb,school_funds_carryover,school_funds_endowment,industry_carryover,industry_endowment,total_funds,tuition_revenue,fund_secure_rate,uploaded_at
2020,0002748,가야대학교(김해),대학,대학교,경남,사립,1116530,27074722,167160,,28358412,14881198,190.6,2026-08-01T02:42:38.332Z
2020,0000063,가천대학교,대학,대학교,경기,사립,24578402,72701342,14671159,,111950903,168762138,66.3,2026-08-01T02:42:38.332Z
2020,0000072,가톨릭관동대학교,대학,대학교,강원,사립,2089888,8438995,1696460,,12225343,58587742,20.9,2026-08-01T02:42:38.332Z
2020,0000215,가톨릭꽃동네대학교,대학,대학교,충북,사립,687794,2881897,43950,,3613641,3524694,102.5,2026-08-01T02:42:38.332Z
2020,0000046,가톨릭대학교,대학,대학교,경기,사립,5613379,119564619,25196574,,150374571,82770521,181.7,2026-08-01T02:42:38.332Z
2020,0000050,감리교신학대학교,대학,대학교,서울,사립,2124842,8699177,17433,,10841452,9013574,120.3,2026-08-01T02:42:38.332Z
2020,0000051,강남대학교,대학,대학교,경기,사립,2043167,6595614,3738773,,12377554,52505535,23.6,2026-08-01T02:42:38.332Z
2020,0000052,건국대학교,대학,대학교,서울,사립,7300025,87897839,28593459,7200010,130991334,232698112,56.3,2026-08-01T02:42:38.332Z
2020,0000054,건양대학교,대학,대학교,충남,사립,8338776,102591583,2967117,,113897476,51893414,219.5,2026-08-01T02:42:38.332Z
2020,0000056,경기대학교,대학,대학교,경기,사립,13253765,46756544,7216835,3003514,70230659,119491132,58.8,2026-08-01T02:42:38.332Z
2020,0000059,경남대학교,대학,대학교,경남,사립,8272477,98913154,4222177,,111407809,77583650,143.6,2026-08-01T02:42:38.332Z
2020,0000060,경동대학교,대학,대학교,강원,사립,15632539,13911400,375214,,29919153,58162860,51.4,2026-08-01T02:42:38.332Z
2020,0000062,경성대학교,대학,대학교,부산,사립,2825248,25674060,3392575,,31891883,82234747,38.8,2026-08-01T02:42:38.332Z
2020,0000244,경운대학교,대학,대학교,경북,사립,864897,399989,1813805,,3078691,33217838,9.3,2026-08-01T02:42:38.332Z
2020,0000064,경일대학교,대학,대학교,경북,사립,3826516,8306782,5910214,,18043513,46013829,39.2,2026-08-01T02:42:38.332Z
2020,0000065,신경주대학교,대학,대학교,경북,사립,-5290234,,211223,,-5079011,6976203,-72.8,2026-08-01T02:42:38.332Z
2020,0000066,경희대학교,대학,대학교,서울,사립,9005976,112617269,38048853,5067680,164739778,289984318,56.8,2026-08-01T02:42:38.332Z
2020,0000068,계명대학교,대학,대학교,대구,사립,12264173,230617220,12486928,2022910,257391231,163092514,157.8,2026-08-01T02:42:38.332Z
2020,0000069,고려대학교,대학,대학교,서울,사립,22191818,328875394,66605358,,417672569,352941598,118.3,2026-08-01T02:42:38.332Z
2020,0000071,고신대학교,대학,대학교,부산,사립,-801023,3645066,618749,,3462793,29690495,11.7,2026-08-01T02:42:38.332Z
2020,0000073,광신대학교,대학,대학교,광주,사립,-68789,4844,,,-63945,5515697,-1.2,2026-08-01T02:42:38.332Z
2020,0000074,광운대학교,대학,대학교,서울,사립,4176520,22073840,9772935,,36023294,76370613,47.2,2026-08-01T02:42:38.332Z
2020,0000075,광주가톨릭대학교,대학,대학교,전남,사립,278818,20431351,,,20710168,,0,2026-08-01T02:42:38.332Z
2020,0000231,광주대학교,대학,대학교,광주,사립,2184829,13106633,2709466,102600,18103529,44202214,41,2026-08-01T02:42:38.332Z
2020,0000076,광주여자대학교,대학,대학교,광주,사립,2563529,13367000,504081,,16434611,24667441,66.6,2026-08-01T02:42:38.332Z
2020,0000078,국민대학교,대학,대학교,서울,사립,2822368,159054871,-7030301,3000000,157846938,151941942,103.9,2026-08-01T02:42:38.332Z
2020,0000080,극동대학교,대학,대학교,충북,사립,1241856,221677,286684,,1750216,26690535,6.6,2026-08-01T02:42:38.332Z
2020,0000224,금강대학교,대학,대학교,충남,사립,417575,1194140,504473,,2116188,2417714,87.5,2026-08-01T02:42:38.332Z
2020,0000241,김천대학교,대학,대학교,경북,사립,-965569,,63983,,-901585,20362792,-4.4,2026-08-01T02:42:38.332Z
2020,0000081,나사렛대학교,대학,대학교,충남,사립,914563,7289266,288180,,8492009,37338009,22.7,2026-08-01T02:42:38.332Z
2020,0000216,남부대학교,대학,대학교,광주,사립,7089199,11030530,372661,,18492391,21387951,86.5,2026-08-01T02:42:38.332Z
2020,0000245,남서울대학교,대학,대학교,충남,사립,4664924,13889949,2962702,900000,22417575,73962775,30.3,2026-08-01T02:42:38.332Z
2020,0000082,단국대학교,대학,대학교,경기,사립,6959992,26336472,17869653,,51166117,221932276,23.1,2026-08-01T02:42:38.332Z
2020,0000088,대구가톨릭대학교,대학,대학교,경북,사립,6738827,73489694,3697632,2981769,86907921,92699560,93.8,2026-08-01T02:42:38.332Z
2020,0000084,대구대학교,대학,대학교,경북,사립,14701739,109257451,2430286,1521907,127911383,124908128,102.4,2026-08-01T02:42:38.332Z
2020,0000087,대구예술대학교,대학,대학교,경북,사립,4732099,4463100,119793,,9314992,7638563,121.9,2026-08-01T02:42:38.332Z
2020,0000061,대구한의대학교,대학,대학교,경북,사립,4911668,9699576,3520323,,18131568,49198346,36.9,2026-08-01T02:42:38.332Z
2020,0000093,대신대학교,대학,대학교,경북,사립,492963,1148988,26636,,1668586,3634566,45.9,2026-08-01T02:42:38.332Z
2020,0000094,대전가톨릭대학교,대학,대학교,세종,사립,179759,3159420,,,3339178,444970,750.4,2026-08-01T02:42:38.332Z
2020,0000095,대전대학교,대학,대학교,대전,사립,6552126,20290434,4055779,,30898339,68080580,45.4,2026-08-01T02:42:38.332Z
2020,0000238,대전신학대학교,대학,대학교,대전,사립,-809574,,,,-809574,1025169,-79,2026-08-01T02:42:38.332Z
2020,0000097,대진대학교,대학,대학교,경기,사립,3919472,2702227,1012711,,7634409,56468029,13.5,2026-08-01T02:42:38.332Z
2020,0000099,덕성여자대학교,대학,대학교,서울,사립,836623,74599617,2925406,,78361646,41306777,189.7,2026-08-01T02:42:38.332Z
2020,0000100,동국대학교,대학,대학교,서울,사립,8083558,88822475,27220460,244259,124370751,214686986,57.9,2026-08-01T02:42:38.332Z
2020,0000102,동덕여자대학교,대학,대학교,서울,사립,1736507,223671864,1159517,,226567888,52311935,433.1,2026-08-01T02:42:38.332Z
2020,0000235,동명대학교,대학,대학교,부산,사립,3836555,27143248,5498987,46972,36525761,52533683,69.5,2026-08-01T02:42:38.332Z
2020,0000103,동서대학교,대학,대학교,부산,사립,6820499,32854534,752592,,40427626,67662503,59.7,2026-08-01T02:42:38.332Z
2020,0000104,동신대학교,대학,대학교,전남,사립,3041501,17664941,3708343,2097591,26512376,43864480,60.4,2026-08-01T02:42:38.332Z
2020,0000105,동아대학교,대학,대학교,부산,사립,6813366,53901507,11678473,5100000,77493346,138086062,56.1,2026-08-01T02:42:38.332Z
2020,0000106,동양대학교,대학,대학교,경북,사립,-7615436,,897412,,-6718023,26398334,-25.4,2026-08-01T02:42:38.332Z
2020,0000107,동의대학교,대학,대학교,부산,사립,2228765,10504141,7699421,503279,20935607,101102346,20.7,2026-08-01T02:42:38.332Z
2020,0000108,루터대학교,대학,대학교,경기,사립,219647,155794,108206,,483648,2500677,19.3,2026-08-01T02:42:38.332Z
2020,0000109,명지대학교,대학,대학교,경기,사립,1214629,2262629,12373746,,15851003,130128966,12.2,2026-08-01T02:42:38.332Z
2020,0000112,목원대학교,대학,대학교,대전,사립,1715176,3973606,4370792,,10059573,56116573,17.9,2026-08-01T02:42:38.332Z
2020,0000221,목포가톨릭대학교,대학,대학교,전남,사립,284527,3879324,25959,,4189810,3258564,128.6,2026-08-01T02:42:38.332Z
2020,0000113,배재대학교,대학,대학교,대전,사립,1797869,21506879,3165896,,26470644,57936665,45.7,2026-08-01T02:42:38.332Z
2020,0000178,백석대학교,대학,대학교,충남,사립,1626500,96823237,1060007,4300000,103809744,107357957,96.7,2026-08-01T02:42:38.332Z
2020,0000114,부산가톨릭대학교,대학,대학교,부산,사립,2472205,25588138,2755806,,30816149,26170762,117.8,2026-08-01T02:42:38.332Z
2020,0000115,부산외국어대학교,대학,대학교,부산,사립,4295507,5530484,2291415,,12117406,49311188,24.6,2026-08-01T02:42:38.332Z
2020,0000222,부산장신대학교,대학,대학교,경남,사립,296747,718094,,,1014841,2415840,42,2026-08-01T02:42:38.332Z
2020,0000116,삼육대학교,대학,대학교,서울,사립,1828988,21840191,1763183,,25432361,46201973,55,2026-08-01T02:42:38.332Z
2020,0000117,상명대학교,대학,대학교,서울,사립,5507933,26138202,8913259,500000,41059393,107670379,38.1,2026-08-01T02:42:38.332Z
2020,0000119,상지대학교,대학,대학교,강원,사립,-4968291,5350031,2570726,962000,3914465,55415340,7.1,2026-08-01T02:42:38.332Z
2020,0000120,서강대학교,대학,대학교,서울,사립,3196636,50251344,5631519,6124091,65203590,102451524,63.6,2026-08-01T02:42:38.332Z
2020,0000121,서경대학교,대학,대학교,서울,사립,2634749,15124757,1353414,,19112920,49019921,39,2026-08-01T02:42:38.332Z
2020,0000125,서울신학대학교,대학,대학교,경기,사립,2615250,8327157,236652,,11179059,19630027,56.9,2026-08-01T02:42:38.332Z
2020,0000126,서울여자대학교,대학,대학교,서울,사립,2851060,47361191,3218667,,53430918,53089895,100.6,2026-08-01T02:42:38.332Z
2020,0000127,서울장신대학교,대학,대학교,경기,사립,218303,602486,22250,,843039,5897008,14.3,2026-08-01T02:42:38.332Z
2020,0000205,서울한영대학교,대학,대학교,서울,사립,-737640,,345,,-737295,6045081,-12.2,2026-08-01T02:42:38.332Z
2020,0000128,서원대학교,대학,대학교,충북,사립,4958654,28931650,1898293,776244,36564842,44583303,82,2026-08-01T02:42:38.332Z
2020,0000129,선문대학교,대학,대학교,충남,사립,2355548,35419600,3479921,,41255069,68914909,59.9,2026-08-01T02:42:38.332Z
2020,0000131,성결대학교,대학,대학교,경기,사립,1302927,49119384,906521,,51328832,38666495,132.7,2026-08-01T02:42:38.332Z
2020,0000132,성공회대학교,대학,대학교,서울,사립,1522120,3199267,1213116,551243,6485747,17041987,38.1,2026-08-01T02:42:38.332Z
2020,0000133,성균관대학교,대학,대학교,서울,사립,44069223,283056914,-19502211,993940,308617866,271257112,113.8,2026-08-01T02:42:38.332Z
2020,0000136,성신여자대학교,대학,대학교,서울,사립,3819405,56828706,4472752,1000000,66120863,75745580,87.3,2026-08-01T02:42:38.332Z
2020,0000137,세명대학교,대학,대학교,충북,사립,1407768,131090051,8847361,,141345180,52045574,271.6,2026-08-01T02:42:38.332Z
2020,0000138,세종대학교,대학,대학교,서울,사립,468225,96806173,9851473,4000000,111125871,120201796,92.4,2026-08-01T02:42:38.332Z
2020,0000092,세한대학교,대학,대학교,전남,사립,1219752,21188393,1086966,,23495111,21975288,106.9,2026-08-01T02:42:38.332Z
2020,0000243,송원대학교,대학,대학교,광주,사립,734202,,87875,,822077,18651519,4.4,2026-08-01T02:42:38.332Z
2020,0000139,수원가톨릭대학교,대학,대학교,경기,사립,1533298,27095115,,,28628413,982571,2913.6,2026-08-01T02:42:38.332Z
2020,0000140,수원대학교,대학,대학교,경기,사립,65726703,369847921,7705406,3254184,446534215,72285549,617.7,2026-08-01T02:42:38.332Z
2020,0000141,숙명여자대학교,대학,대학교,서울,사립,2623717,191703217,19022303,114456,213463693,103145048,207,2026-08-01T02:42:38.332Z
2020,0000142,순천향대학교,대학,대학교,충남,사립,3748634,64176305,6571473,1500000,75996412,92226560,82.4,2026-08-01T02:42:38.332Z
2020,0000143,숭실대학교,대학,대학교,서울,사립,20701410,97714054,10718010,,129133473,135433854,95.3,2026-08-01T02:42:38.332Z
2020,0000233,화성의과학대학교,대학,대학교,경기,사립,-4448424,,28501,,-4419923,3869698,-114.2,2026-08-01T02:42:38.332Z
2020,0000144,신라대학교,대학,대학교,부산,사립,2718656,12220502,838811,,15777970,56650737,27.9,2026-08-01T02:42:38.332Z
2020,0002712,신한대학교,대학,대학교,경기,사립,3763527,131259,1029980,,4924766,57791758,8.5,2026-08-01T02:42:38.332Z
2020,0000145,아신대학교,대학,대학교,경기,사립,3335,588369,20539,,612242,7304141,8.4,2026-08-01T02:42:38.332Z
2020,0000146,아주대학교,대학,대학교,경기,사립,18154916,96371434,20264981,1039104,135830436,121505890,111.8,2026-08-01T02:42:38.332Z
2020,0000147,안양대학교,대학,대학교,경기,사립,1397812,11586013,2410580,,15394405,38285129,40.2,2026-08-01T02:42:38.332Z
2020,0000149,연세대학교,대학,대학교,서울,사립,21622785,630596664,30440560,24941132,707601141,391949729,180.5,2026-08-01T02:42:38.332Z
2020,0000151,영남대학교,대학,대학교,경북,사립,20905815,131876989,17761353,1014950,171559106,170120987,100.8,2026-08-01T02:42:38.332Z
2020,0000153,영남신학대학교,대학,대학교,경북,사립,246484,364203,1620,,612307,4314827,14.2,2026-08-01T02:42:38.332Z
2020,0003193,영산대학교(해운대),대학,대학교,부산,사립,4023273,3265440,1583308,,8872022,37419225,23.7,2026-08-01T02:42:38.332Z
2020,0000155,영산선학대학교,대학,대학교,전남,사립,3151,,,,3151,59000,5.3,2026-08-01T02:42:38.332Z
2020,0000228,예수대학교,대학,대학교,전북,사립,76851,,83945,17849,178645,3693796,4.8,2026-08-01T02:42:38.332Z
2020,0000218,예원예술대학교,대학,대학교,전북,사립,73881,,1714,,75594,16191203,0.5,2026-08-01T02:42:38.332Z
2020,0000156,용인대학교,대학,대학교,경기,사립,1930270,91708148,745669,,94384087,51595853,182.9,2026-08-01T02:42:38.332Z
2020,0000157,우석대학교,대학,대학교,전북,사립,5513862,6878161,3139758,250000,15781782,53833025,29.3,2026-08-01T02:42:38.332Z
2020,0000240,우송대학교,대학,대학교,대전,사립,4728380,26738049,1556465,,33022894,72726546,45.4,2026-08-01T02:42:38.332Z
2020,0000158,울산대학교,대학,대학교,울산,사립,11706147,51006343,17764231,,80476721,102326755,78.6,2026-08-01T02:42:38.332Z
2020,0000159,원광대학교,대학,대학교,전북,사립,5611286,36157661,12947288,1500000,56216235,119006586,47.2,2026-08-01T02:42:38.332Z
2020,0000160,위덕대학교,대학,대학교,경북,사립,511777,2335898,402283,100000,3349957,20582160,16.3,2026-08-01T02:42:38.332Z
2020,0000154,유원대학교,대학,대학교,충북,사립,-625763,,865615,,239852,25047225,1,2026-08-01T02:42:38.332Z
2020,0000161,을지대학교,대학,대학교,대전,사립,11802616,144142547,5993062,,161938225,42352121,382.4,2026-08-01T02:42:38.332Z
2020,0000163,이화여자대학교,대학,대학교,서울,사립,8874402,635004427,34110031,,677988860,201722872,336.1,2026-08-01T02:42:38.332Z
2020,0000164,인제대학교,대학,대학교,경남,사립,5204582,25732144,13820636,,44757362,75343397,59.4,2026-08-01T02:42:38.332Z
2020,0000168,인천가톨릭대학교,대학,대학교,인천,사립,422783,4652065,221924,,5296772,6549511,80.9,2026-08-01T02:42:38.332Z
2020,0000169,인하대학교,대학,대학교,인천,사립,3643590,39725375,8599091,,51968056,163868470,31.7,2026-08-01T02:42:38.332Z
2020,0000170,장로회신학대학교,대학,대학교,서울,사립,350881,35787056,,,36137937,16144373,223.8,2026-08-01T02:42:38.332Z
2020,0000171,전주대학교,대학,대학교,전북,사립,10515081,15716078,5465999,,31697158,80657543,39.3,2026-08-01T02:42:38.332Z
2020,0000172,조선대학교,대학,대학교,광주,사립,5924231,63016357,17652585,,86593173,145566170,59.5,2026-08-01T02:42:38.332Z
2020,0000173,중부대학교,대학,대학교,충남,사립,3834266,3680955,2527227,,10042449,62417532,16.1,2026-08-01T02:42:38.332Z
2020,0000175,중앙대학교,대학,대학교,서울,사립,17162021,111842442,16038326,1400000,146442789,261283132,56,2026-08-01T02:42:38.332Z
2020,0000177,중앙승가대학교,대학,대학교,경기,사립,955370,1054983,-53631,,1956722,729658,268.2,2026-08-01T02:42:38.332Z
2020,0000239,중원대학교,대학,대학교,충북,사립,1337287,496672,1538558,,3372516,28085992,12,2026-08-01T02:42:38.332Z
2020,0000187,차의과학대학교,대학,대학교,경기,사립,16596407,30731518,3182860,3000000,53510784,28583866,187.2,2026-08-01T02:42:38.332Z
2020,0000249,창신대학교,대학,대학교,경남,사립,1142386,15750531,41397,,16934314,13467324,125.7,2026-08-01T02:42:38.332Z
2020,0000179,청주대학교,대학,대학교,충북,사립,2459004,241887004,878225,,245224233,88077277,278.4,2026-08-01T02:42:38.332Z
2020,0000246,초당대학교,대학,대학교,전남,사립,1475488,30911400,1800,,32388689,19701845,164.4,2026-08-01T02:42:38.332Z
2020,0000180,총신대학교,대학,대학교,서울,사립,5741829,39520534,112423,27621,45402408,25697682,176.7,2026-08-01T02:42:38.332Z
2020,0000181,추계예술대학교,대학,대학교,서울,사립,-1010177,156578,15892,,-837708,10830626,-7.7,2026-08-01T02:42:38.332Z
2020,0000184,칼빈대학교,대학,대학교,경기,사립,-509388,104165,,,-405224,7057672,-5.7,2026-08-01T02:42:38.332Z
2020,0000079,강서대학교,대학,대학교,서울,사립,324343,2075131,98360,,2497833,9976511,25,2026-08-01T02:42:38.332Z
2020,0000186,평택대학교,대학,대학교,경기,사립,2009618,1848618,585394,,4443630,30298819,14.7,2026-08-01T02:42:38.332Z
2020,0000188,포항공과대학교,대학,대학교,경북,사립,43898996,90524289,32479568,40500000,207402853,23776147,872.3,2026-08-01T02:42:38.332Z
2020,0000189,한국기술교육대학교,대학,대학교,충남,사립,4490854,5795400,9630949,8791134,28708336,19984540,143.7,2026-08-01T02:42:38.332Z
2020,0000247,한국공학대학교,대학,대학교,경기,사립,5543700,6861361,8162589,2003704,22571354,59815790,37.7,2026-08-01T02:42:38.332Z
2020,0000191,한국성서대학교,대학,대학교,서울,사립,19865,224069,47853,,291786,8167635,3.6,2026-08-01T02:42:38.332Z
2020,0000192,한국외국어대학교,대학,대학교,서울,사립,1937855,11789506,5387350,500000,19614711,147333499,13.3,2026-08-01T02:42:38.332Z
2020,0000182,한국침례신학대학교,대학,대학교,대전,사립,980087,25994759,,,26974845,11679118,231,2026-08-01T02:42:38.332Z
2020,0000194,한국항공대학교,대학,대학교,경기,사립,2293800,6410569,8160969,1750000,18615338,37955420,49,2026-08-01T02:42:38.332Z
2020,0000195,한남대학교,대학,대학교,대전,사립,4553871,9181839,3030569,1159862,17926140,84485082,21.2,2026-08-01T02:42:38.332Z
2020,0000196,한동대학교,대학,대학교,경북,사립,4595196,8127644,2980110,,15702950,31647906,49.6,2026-08-01T02:42:38.332Z
2020,0000197,한라대학교,대학,대학교,강원,사립,1005918,39000,591528,,1636446,22979958,7.1,2026-08-01T02:42:38.332Z
2020,0000242,한려대학교,대학,대학교,전남,사립,-10318431,,12824,,-10305607,2734816,-376.8,2026-08-01T02:42:38.332Z
2020,0000198,한림대학교,대학,대학교,강원,사립,8842157,46578784,13207293,3800130,72428364,62686742,115.5,2026-08-01T02:42:38.332Z
2020,0000199,한서대학교,대학,대학교,충남,사립,9634078,2503726,2408404,,14546207,55835506,26.1,2026-08-01T02:42:38.332Z
2020,0000200,한성대학교,대학,대학교,서울,사립,4804613,15471109,3424661,,23700383,55508500,42.7,2026-08-01T02:42:38.332Z
2020,0000201,한세대학교,대학,대학교,경기,사립,980570,35130023,70849,,36181443,24857872,145.6,2026-08-01T02:42:38.332Z
2020,0000202,한신대학교,대학,대학교,경기,사립,2852283,27250822,684010,500000,31287115,37527805,83.4,2026-08-01T02:42:38.332Z
2020,0000203,한양대학교,대학,대학교,서울,사립,27909954,173281216,17735055,2206070,221132295,327516821,67.5,2026-08-01T02:42:38.332Z
2020,0000206,한일장신대학교,대학,대학교,전북,사립,42320,1030852,320334,,1393505,7525306,18.5,2026-08-01T02:42:38.332Z
2020,0000207,협성대학교,대학,대학교,경기,사립,1987276,8224044,456356,,10667676,31335490,34,2026-08-01T02:42:38.332Z
2020,0000208,호남대학교,대학,대학교,광주,사립,19440102,38331970,2687201,,60459273,48697699,124.2,2026-08-01T02:42:38.332Z
2020,0000209,호남신학대학교,대학,대학교,광주,사립,1462180,1045886,151,,2508218,5426029,46.2,2026-08-01T02:42:38.332Z
2020,0000211,호서대학교,대학,대학교,충남,사립,4810240,49615349,15731771,,70157360,105798481,66.3,2026-08-01T02:42:38.332Z
2020,0000212,홍익대학교,대학,대학교,서울,사립,39918928,718409657,8421612,,766750197,195991497,391.2,2026-08-01T02:42:38.332Z
2020,0000284,청운대학교,대학,산업대학,충남,사립,2652697,9900297,910715,100000,13563710,43683333,31.1,2026-08-01T02:42:38.332Z
2020,0000282,호원대학교,대학,산업대학,전북,사립,-914611,975958,108384,,169732,35400654,0.5,2026-08-01T02:42:38.332Z
2020,0000663,개신대학원대학교,대학원대학,전문대학원,서울,사립,3882,,,,3882,653083,0.6,2026-08-01T02:42:38.332Z
2020,0000643,건신대학원대학교,대학원대학,전문대학원,대전,사립,21526,,19310,,40836,1053978,3.9,2026-08-01T02:42:38.332Z
2020,0000668,경안대학원대학교,대학원대학,전문대학원,경북,사립,-14612,,,,-14612,256300,-5.7,2026-08-01T02:42:38.332Z
2020,0002643,계약신학대학원대학교,대학원대학,전문대학원,경기,사립,58822,,,,58822,173260,33.9,2026-08-01T02:42:38.332Z
2020,0002857,구세군사관대학원대학교,대학원대학,특수대학원,경기,사립,183613,368246,,,551858,172800,319.4,2026-08-01T02:42:38.332Z
2020,0000657,국제뇌교육종합대학원대학교,대학원대학,전문대학원,충남,사립,219605,560000,12256,,791861,2220705,35.7,2026-08-01T02:42:38.332Z
2020,0000655,국제법률경영대학원대학교,대학원대학,전문대학원,경기,사립,-2712510,,,,-2712510,1057753,-256.4,2026-08-01T02:42:38.332Z
2020,0000649,수도국제대학원대학교,대학원대학,전문대학원,서울,사립,423987,,,,423987,2195317,19.3,2026-08-01T02:42:38.332Z
2020,0000656,국제언어대학원대학교,대학원대학,전문대학원,서울,사립,68302,,12381,,80683,518397,15.6,2026-08-01T02:42:38.332Z
2020,0002818,능인대학원대학교,대학원대학,전문대학원,경기,사립,47642,,,,47642,498460,9.6,2026-08-01T02:42:38.332Z
2020,0000641,대한신학대학원대학교,대학원대학,전문대학원,경기,사립,-2333194,,,,-2333194,1242644,-187.8,2026-08-01T02:42:38.332Z
2020,0000669,동방문화대학원대학교,대학원대학,전문대학원,서울,사립,362391,,177471,,539862,2805519,19.2,2026-08-01T02:42:38.332Z
2020,0000642,베뢰아국제대학원대학교,대학원대학,전문대학원,서울,사립,201762,,,,201762,226015,89.3,2026-08-01T02:42:38.332Z
2020,0000670,북한대학원대학교,대학원대학,전문대학원,서울,사립,742255,6353975,153016,,7249246,1414283,512.6,2026-08-01T02:42:38.332Z
2020,0000666,서울과학종합대학원대학교,대학원대학,전문대학원,서울,사립,4080460,,1713287,,5793747,9494983,61,2026-08-01T02:42:38.332Z
2020,0000677,서울미디어대학원대학교,대학원대학,특수대학원,서울,사립,3342072,,98153,,3440225,1072733,320.7,2026-08-01T02:42:38.332Z
2020,0000660,서울벤처대학원대학교,대학원대학,전문대학원,서울,사립,2837569,1178866,133042,,4149477,2259400,183.7,2026-08-01T02:42:38.332Z
2020,0000658,서울불교대학원대학교,대학원대학,전문대학원,서울,사립,335003,,,,335003,1660846,20.2,2026-08-01T02:42:38.332Z
2020,0000653,서울사회복지대학원대학교,대학원대학,특수대학원,서울,사립,2265238,2448271,,,4713509,1239918,380.1,2026-08-01T02:42:38.332Z
2020,0000650,서울성경신학대학원대학교,대학원대학,전문대학원,서울,사립,50883,364000,,,414883,475780,87.2,2026-08-01T02:42:38.332Z
2020,0000659,서울외국어대학원대학교,대학원대학,전문대학원,서울,사립,416478,218045,68078,,702600,2941942,23.9,2026-08-01T02:42:38.332Z
2020,0000667,선학유피대학원대학교,대학원대학,전문대학원,경기,사립,647913,2404109,,,3052023,429481,710.6,2026-08-01T02:42:38.332Z
2020,0000644,성산효대학원대학교,대학원대학,전문대학원,인천,사립,32980,3354,,,36334,1353434,2.7,2026-08-01T02:42:38.332Z
2020,0000661,성서침례대학원대학교,대학원대학,전문대학원,경기,사립,249850,1051,,,250900,202435,123.9,2026-08-01T02:42:38.332Z
2020,0000672,실천신학대학원대학교,대학원대학,전문대학원,경기,사립,26593,,,,26593,325817,8.2,2026-08-01T02:42:38.332Z
2020,0000662,에스라성경대학원대학교,대학원대학,전문대학원,경기,사립,50181,350373,,,400554,458945,87.3,2026-08-01T02:42:38.332Z
2020,0000651,예명대학원대학교,대학원대학,전문대학원,서울,사립,321879,,,,321879,1268038,25.4,2026-08-01T02:42:38.332Z
2020,0000654,온석대학원대학교,대학원대학,전문대학원,경기,사립,593696,,,,593696,902520,65.8,2026-08-01T02:42:38.332Z
2020,0000678,서울상담심리대학원대학교,대학원대학,전문대학원,서울,사립,16282089,,,,16282089,1026416,1586.3,2026-08-01T02:42:38.332Z
2020,0000645,원불교대학원대학교,대학원대학,전문대학원,전북,사립,96093,,,,96093,182000,52.8,2026-08-01T02:42:38.332Z
2020,0000646,웨스트민스터신학대학원대학교,대학원대학,전문대학원,경기,사립,1515224,1411254,,,2926478,3025523,96.7,2026-08-01T02:42:38.332Z
2020,0002668,제네바신학대학원대학교,대학원대학,전문대학원,경기,사립,5927,,,,5927,45500,13,2026-08-01T02:42:38.332Z
2020,0000680,주안대학원대학교,대학원대학,전문대학원,인천,사립,147121,22516,,,169636,415648,40.8,2026-08-01T02:42:38.332Z
2020,0002817,치유상담대학원대학교,대학원대학,전문대학원,서울,사립,-143852,110000,,,-33852,1293420,-2.6,2026-08-01T02:42:38.332Z
2020,0000679,한국상담대학원대학교,대학원대학,전문대학원,서울,사립,58834,1667471,,,1726305,1162871,148.5,2026-08-01T02:42:38.332Z
2020,0000681,한국전력국제원자력대학원대학교,대학원대학,전문대학원,울산,사립,1163454,,897111,,2060564,4168438,49.4,2026-08-01T02:42:38.332Z
2020,0000673,한림국제대학원대학교,대학원대학,특수대학원,서울,사립,646662,395297,53677,19799,1115436,2441714,45.7,2026-08-01T02:42:38.332Z
2020,0000676,한반도국제대학원대학교,대학원대학,특수대학원,서울,사립,91912,122102,,,214014,247200,86.6,2026-08-01T02:42:38.332Z
2020,0000647,합동신학대학원대학교,대학원대학,전문대학원,경기,사립,55774,4312536,,,4368310,2064285,211.6,2026-08-01T02:42:38.332Z
2020,0000648,횃불트리니티신학대학원대학교,대학원대학,전문대학원,서울,사립,278531,1402431,,,1680962,2847591,59,2026-08-01T02:42:38.332Z
2020,0000410,가톨릭상지대학교,전문대학,전문대학,경북,사립,526295,5620147,597789,,6744231,10294551,65.5,2026-08-01T02:42:38.332Z
2020,0000433,강동대학교,전문대학,전문대학,충북,사립,447861,1126417,168730,,1743009,18757157,9.3,2026-08-01T02:42:38.332Z
2020,0000514,강릉영동대학교,전문대학,전문대학,강원,사립,-1968136,35618,97495,,-1835023,15238042,-12,2026-08-01T02:42:38.332Z
2020,0000548,강원관광대학교,전문대학,전문대학,강원,사립,2541436,,102048,,2643484,4883366,54.1,2026-08-01T02:42:38.332Z
2020,0000412,거제대학교,전문대학,전문대학,경남,사립,215512,1820549,380277,,2416338,7051627,34.3,2026-08-01T02:42:38.332Z
2020,0000560,경기과학기술대학교,전문대학,전문대학,경기,사립,2669958,,906181,,3576139,28527406,12.5,2026-08-01T02:42:38.332Z
2020,0002640,경남정보대학교,전문대학,전문대학,부산,사립,2410342,18620056,583411,,21613809,39068377,55.3,2026-08-01T02:42:38.332Z
2020,0000416,경민대학교,전문대학,전문대학,경기,사립,-821873,32488,741467,,-47917,28095777,-0.2,2026-08-01T02:42:38.332Z
2020,0002641,경복대학교,전문대학,전문대학,경기,사립,7534179,15591836,1293244,340440,24759700,39814871,62.2,2026-08-01T02:42:38.332Z
2020,0000456,경북과학대학교,전문대학,전문대학,경북,사립,1057366,,138912,,1196278,9224032,13,2026-08-01T02:42:38.332Z
2020,0000438,경북보건대학교,전문대학,전문대학,경북,사립,153200,1462860,294777,,1910837,6964537,27.4,2026-08-01T02:42:38.332Z
2020,0002642,경북전문대학교,전문대학,전문대학,경북,사립,449357,20798384,292283,,21540024,16239752,132.6,2026-08-01T02:42:38.332Z
2020,0000422,경인여자대학교,전문대학,전문대학,인천,사립,1654970,62317483,1000001,,64972454,27915559,232.7,2026-08-01T02:42:38.332Z
2020,0000425,계명문화대학교,전문대학,전문대학,대구,사립,1654420,43907608,349940,,45911968,28830680,159.2,2026-08-01T02:42:38.332Z
2020,0000426,계원예술대학교,전문대학,전문대학,경기,사립,1813200,4899533,385211,,7097944,21632315,32.8,2026-08-01T02:42:38.332Z
2020,0000435,나주대학교,전문대학,전문대학,전남,사립,-1388401,2,45844,,-1342555,7174213,-18.7,2026-08-01T02:42:38.332Z
2020,0000429,광주보건대학교,전문대학,전문대학,광주,사립,165469,4054547,236092,,4456108,18728790,23.8,2026-08-01T02:42:38.332Z
2020,0000430,구미대학교,전문대학,전문대학,경북,사립,6997860,61815104,3887550,1015948,73716462,29979190,245.9,2026-08-01T02:42:38.332Z
2020,0000549,국제대학교,전문대학,전문대학,경기,사립,3262269,3823380,199065,,7284715,23349828,31.2,2026-08-01T02:42:38.332Z
2020,0002971,군산간호대학교,전문대학,전문대학,전북,사립,188245,1559814,74335,,1822394,7269617,25.1,2026-08-01T02:42:38.332Z
2020,0000432,군장대학교,전문대학,전문대학,전북,사립,814667,,140175,,954842,10526218,9.1,2026-08-01T02:42:38.332Z
2020,0002972,기독간호대학교,전문대학,전문대학,광주,사립,46989,1976456,298922,,2322367,3190981,72.8,2026-08-01T02:42:38.332Z
2020,0000440,김포대학교,전문대학,전문대학,경기,사립,23719881,19444211,470714,,43634806,19329800,225.7,2026-08-01T02:42:38.332Z
2020,0000569,김해대학교,전문대학,전문대학,경남,사립,84930,,65371,,150301,8381542,1.8,2026-08-01T02:42:38.332Z
2020,0000441,농협대학교,전문대학,전문대학,경기,사립,15758,7722736,893970,,8632464,2223630,388.2,2026-08-01T02:42:38.332Z
2020,0000442,대경대학교,전문대학,전문대학,경북,사립,57814,,515452,,573267,22467826,2.6,2026-08-01T02:42:38.332Z
2020,0000443,대구공업대학교,전문대학,전문대학,대구,사립,1254276,10412807,227934,,11895017,9207963,129.2,2026-08-01T02:42:38.332Z
2020,0000446,대구과학대학교,전문대학,전문대학,대구,사립,1568540,5378383,376971,,7323893,23397112,31.3,2026-08-01T02:42:38.332Z
2020,0000444,대구보건대학교,전문대학,전문대학,대구,사립,6433663,1078613,1064118,,8576394,42673861,20.1,2026-08-01T02:42:38.332Z
2020,0000546,대덕대학교,전문대학,전문대학,대전,사립,9287608,33321987,505394,,43114990,19889827,216.8,2026-08-01T02:42:38.332Z
2020,0000447,대동대학교,전문대학,전문대학,부산,사립,135523,5576691,4386,,5716601,8868995,64.5,2026-08-01T02:42:38.332Z
2020,0000448,대림대학교,전문대학,전문대학,경기,사립,8368034,44265499,1956766,,54590298,46935109,116.3,2026-08-01T02:42:38.332Z
2020,0000449,대원대학교,전문대학,전문대학,충북,사립,43334,13855885,951648,,14850866,13302338,111.6,2026-08-01T02:42:38.332Z
2020,0000453,대전과학기술대학교,전문대학,전문대학,대전,사립,933877,6023818,313503,,7271198,25429912,28.6,2026-08-01T02:42:38.332Z
2020,0000451,대전보건대학교,전문대학,전문대학,대전,사립,2464963,53153048,1449251,,57067261,31671192,180.2,2026-08-01T02:42:38.332Z
2020,0000460,동강대학교,전문대학,전문대학,광주,사립,428126,1662868,110650,,2201644,15506971,14.2,2026-08-01T02:42:38.332Z
2020,0000457,동남보건대학교,전문대학,전문대학,경기,사립,10688113,8124050,246680,,19058843,30398537,62.7,2026-08-01T02:42:38.332Z
2020,0000450,동서울대학교,전문대학,전문대학,경기,사립,3151372,9067152,1083097,,13301621,39730555,33.5,2026-08-01T02:42:38.332Z
2020,0000461,동아방송예술대학교,전문대학,전문대학,경기,사립,943647,1028430,136238,,2108315,22497398,9.4,2026-08-01T02:42:38.332Z
2020,0000462,동아보건대학교,전문대학,전문대학,전남,사립,522092,3525623,44513,,4092228,7224309,56.6,2026-08-01T02:42:38.332Z
2020,0000463,동양미래대학교,전문대학,전문대학,서울,사립,878651,70564866,2194333,,73637850,37454844,196.6,2026-08-01T02:42:38.332Z
2020,0000509,동원과학기술대학교,전문대학,전문대학,경남,사립,1171781,32600000,579434,,34351216,12770485,269,2026-08-01T02:42:38.332Z
2020,0000465,동원대학교,전문대학,전문대학,경기,사립,675172,5384340,162791,,6222303,21072864,29.5,2026-08-01T02:42:38.332Z
2020,0000466,동의과학대학교,전문대학,전문대학,부산,사립,841347,4940912,1982731,,7764990,30980065,25.1,2026-08-01T02:42:38.332Z
2020,0000467,부산보건대학교,전문대학,전문대학,부산,사립,14045472,2886688,687147,,17619308,17408802,101.2,2026-08-01T02:42:38.332Z
2020,0000469,두원공과대학교,전문대학,전문대학,경기,사립,33125455,47893639,8504,,81027598,25521818,317.5,2026-08-01T02:42:38.332Z
2020,0000470,마산대학교,전문대학,전문대학,경남,사립,1746036,113320225,609954,,115676215,32281150,358.3,2026-08-01T02:42:38.332Z
2020,0000473,명지전문대학,전문대학,전문대학,서울,사립,1414034,41142635,350968,,42907637,43138630,99.5,2026-08-01T02:42:38.332Z
2020,0000474,목포과학대학교,전문대학,전문대학,전남,사립,2925548,3650812,286997,,6863357,11976817,57.3,2026-08-01T02:42:38.332Z
2020,0000475,문경대학교,전문대학,전문대학,경북,사립,564847,1242731,201139,,2008717,5051280,39.8,2026-08-01T02:42:38.332Z
2020,0000476,배화여자대학교,전문대학,전문대학,서울,사립,330450,26119507,230944,,26680901,16160687,165.1,2026-08-01T02:42:38.332Z
2020,0000543,백석문화대학교,전문대학,전문대학,충남,사립,551546,37455193,1556444,,39563183,35850978,110.4,2026-08-01T02:42:38.332Z
2020,0000477,백제예술대학교,전문대학,전문대학,전북,사립,45453,3425288,1871,,3472612,8477809,41,2026-08-01T02:42:38.332Z
2020,0000479,부산경상대학교,전문대학,전문대학,부산,사립,929991,11611847,736857,,13278696,12778181,103.9,2026-08-01T02:42:38.332Z
2020,0000481,부산과학기술대학교,전문대학,전문대학,부산,사립,524139,2527558,855336,,3907033,20609506,19,2026-08-01T02:42:38.332Z
2020,0000480,부산여자대학교,전문대학,전문대학,부산,사립,4085996,35347831,343145,,39776972,15641980,254.3,2026-08-01T02:42:38.332Z
2020,0000561,부산예술대학교,전문대학,전문대학,부산,사립,314899,202550,3187,,520636,3942769,13.2,2026-08-01T02:42:38.332Z
2020,0000482,부천대학교,전문대학,전문대학,경기,사립,4005416,25123847,2216215,,31345477,48406532,64.8,2026-08-01T02:42:38.332Z
2020,0000483,삼육보건대학교,전문대학,전문대학,서울,사립,548039,5635541,223019,,6406599,7625867,84,2026-08-01T02:42:38.332Z
2020,0002645,서라벌대학교,전문대학,전문대학,경북,사립,1205525,1525646,186749,,2917920,3671001,79.5,2026-08-01T02:42:38.332Z
2020,0002646,서영대학교,전문대학,전문대학,광주,사립,-207261,,492783,,285523,29037532,1,2026-08-01T02:42:38.332Z
2020,0002973,서울여자간호대학교,전문대학,전문대학,서울,사립,1242923,2895661,256880,,4395464,6050617,72.6,2026-08-01T02:42:38.332Z
2020,0000489,서울예술대학교,전문대학,전문대학,경기,사립,12269376,46825498,150497,,59245371,25481842,232.5,2026-08-01T02:42:38.332Z
2020,0000490,서일대학교,전문대학,전문대학,서울,사립,10278210,32189162,659243,,43126615,35510943,121.4,2026-08-01T02:42:38.332Z
2020,0000566,서정대학교,전문대학,전문대학,경기,사립,4969057,10681728,135356,,15786141,34146550,46.2,2026-08-01T02:42:38.332Z
2020,0000550,선린대학교,전문대학,전문대학,경북,사립,8038504,9782264,41876,,17862644,13089289,136.5,2026-08-01T02:42:38.332Z
2020,0002647,성운대학교,전문대학,전문대학,경북,사립,1368666,423958,160008,,1952632,7656680,25.5,2026-08-01T02:42:38.332Z
2020,0000515,세경대학교,전문대학,전문대학,강원,사립,3612236,8567640,170726,,12350602,4907246,251.7,2026-08-01T02:42:38.332Z
2020,0000567,송곡대학교,전문대학,전문대학,강원,사립,365255,6254,2298,,373807,3318441,11.3,2026-08-01T02:42:38.332Z
2020,0000564,송호대학교,전문대학,전문대학,강원,사립,1471414,827823,209653,,2508890,5288205,47.4,2026-08-01T02:42:38.332Z
2020,0002649,수성대학교,전문대학,전문대학,대구,사립,3174246,10250360,474783,,13899389,19423832,71.6,2026-08-01T02:42:38.332Z
2020,0000497,수원과학대학교,전문대학,전문대학,경기,사립,19846628,95849182,567951,,116263761,30060951,386.8,2026-08-01T02:42:38.332Z
2020,0000496,수원여자대학교,전문대학,전문대학,경기,사립,13119256,32585001,567757,,46272014,28205285,164.1,2026-08-01T02:42:38.332Z
2020,0000498,순천제일대학교,전문대학,전문대학,전남,사립,12823028,14924402,192216,,27939646,13349838,209.3,2026-08-01T02:42:38.332Z
2020,0000500,숭의여자대학교,전문대학,전문대학,서울,사립,8635770,52580519,9809,,61226098,19100508,320.5,2026-08-01T02:42:38.332Z
2020,0000501,신구대학교,전문대학,전문대학,경기,사립,4000874,65914308,2322145,,72237327,43548144,165.9,2026-08-01T02:42:38.332Z
2020,0000502,신성대학교,전문대학,전문대학,충남,사립,871018,21240602,1301393,,23413013,23737451,98.6,2026-08-01T02:42:38.332Z
2020,0000506,신안산대학교,전문대학,전문대학,경기,사립,1128333,3451285,507916,,5087534,23781735,21.4,2026-08-01T02:42:38.332Z
2020,0000454,아주자동차대학교,전문대학,전문대학,충남,사립,445612,5491297,389586,,6326495,5554066,113.9,2026-08-01T02:42:38.332Z
2020,0002650,안동과학대학교,전문대학,전문대학,경북,사립,1925849,12976193,294181,,15196223,14996501,101.3,2026-08-01T02:42:38.332Z
2020,0000507,안산대학교,전문대학,전문대학,경기,사립,862198,65900779,505699,,67268676,26951922,249.6,2026-08-01T02:42:38.332Z
2020,0000510,여주대학교,전문대학,전문대학,경기,사립,1070884,5097343,386917,,6555143,33312414,19.7,2026-08-01T02:42:38.332Z
2020,0002651,연성대학교,전문대학,전문대학,경기,사립,5006741,97822740,1296927,,104126408,37278857,279.3,2026-08-01T02:42:38.332Z
2020,0002652,연암공과대학교,전문대학,전문대학,경남,사립,5072487,1801606,263497,,7137590,6320750,112.9,2026-08-01T02:42:38.332Z
2020,0000512,연암대학교,전문대학,전문대학,충남,사립,1412360,331240,272416,,2016016,6509065,31,2026-08-01T02:42:38.332Z
2020,0000418,영남외국어대학,전문대학,전문대학,경북,사립,2526664,5084481,,,7611145,2789459,272.9,2026-08-01T02:42:38.332Z
2020,0000513,영남이공대학교,전문대학,전문대학,대구,사립,11055673,39481707,758387,,51295767,35560293,144.3,2026-08-01T02:42:38.332Z
2020,0000517,영진전문대학교,전문대학,전문대학,대구,사립,3075249,99368134,4243025,9266,106695673,46209247,230.9,2026-08-01T02:42:38.332Z
2020,0002653,오산대학교,전문대학,전문대학,경기,사립,1331299,64859092,1945254,,68135645,31273533,217.9,2026-08-01T02:42:38.332Z
2020,0000520,용인예술과학대학교,전문대학,전문대학,경기,사립,1342557,17994290,1230369,,20567217,25018055,82.2,2026-08-01T02:42:38.332Z
2020,0000452,우송정보대학,전문대학,전문대학,대전,사립,649758,30831427,249772,,31730956,25331032,125.3,2026-08-01T02:42:38.332Z
2020,0000521,울산과학대학교,전문대학,전문대학,울산,사립,5569413,16941642,4237215,10000,26758271,34121006,78.4,2026-08-01T02:42:38.332Z
2020,0000568,웅지세무대학교,전문대학,전문대학,경기,사립,1215657,,-4251,,1211406,6882544,17.6,2026-08-01T02:42:38.332Z
2020,0000523,원광보건대학교,전문대학,전문대학,전북,사립,4171111,18674067,703658,,23548836,27789924,84.7,2026-08-01T02:42:38.332Z
2020,0000524,유한대학교,전문대학,전문대학,경기,사립,523727,31003990,825230,,32352947,27891502,116,2026-08-01T02:42:38.332Z
2020,0000525,인덕대학교,전문대학,전문대학,서울,사립,4097697,4965035,490479,210000,9763211,38861330,25.1,2026-08-01T02:42:38.332Z
2020,0000455,재능대학교,전문대학,전문대학,인천,사립,3455075,10324583,909863,,14689520,21148061,69.5,2026-08-01T02:42:38.332Z
2020,0002654,인하공업전문대학,전문대학,전문대학,인천,사립,630613,60447878,959872,,62038362,43765824,141.8,2026-08-01T02:42:38.332Z
2020,0000527,장안대학교,전문대학,전문대학,경기,사립,1458477,20940540,122162,,22521179,32777439,68.7,2026-08-01T02:42:38.332Z
2020,0000529,전남과학대학교,전문대학,전문대학,전남,사립,2128367,19154771,1430172,,22713310,19230417,118.1,2026-08-01T02:42:38.332Z
2020,0000531,전북과학대학교,전문대학,전문대학,전북,사립,19446817,7746922,139890,,27333629,8985306,304.2,2026-08-01T02:42:38.332Z
2020,0000437,전주기전대학,전문대학,전문대학,전북,사립,1827154,5881025,426817,,8134996,9719965,83.7,2026-08-01T02:42:38.332Z
2020,0000530,전주비전대학교,전문대학,전문대학,전북,사립,12658322,3132061,1420751,,17211133,21028920,81.8,2026-08-01T02:42:38.332Z
2020,0000532,제주관광대학교,전문대학,전문대학,제주,사립,1452140,1008035,299531,,2759706,9672087,28.5,2026-08-01T02:42:38.332Z
2020,0002655,제주한라대학교,전문대학,전문대학,제주,사립,1024109,2253894,376998,,3655001,27881217,13.1,2026-08-01T02:42:38.332Z
2020,0002974,조선간호대학교,전문대학,전문대학,광주,사립,126327,7154111,33322,,7313760,3888337,188.1,2026-08-01T02:42:38.332Z
2020,0000534,조선이공대학교,전문대학,전문대학,광주,사립,1148558,33194675,506242,,34849476,18007454,193.5,2026-08-01T02:42:38.332Z
2020,0000539,진주보건대학교,전문대학,전문대학,경남,사립,1492855,100463796,64078,,102020730,16644609,612.9,2026-08-01T02:42:38.332Z
2020,0000542,창원문성대학교,전문대학,전문대학,경남,사립,128148,52886678,2279196,,55294022,14222184,388.8,2026-08-01T02:42:38.332Z
2020,0000544,청강문화산업대학교,전문대학,전문대학,경기,사립,3585073,40612390,836258,,45033721,25906045,173.8,2026-08-01T02:42:38.332Z
2020,0002656,청암대학교,전문대학,전문대학,전남,사립,1213246,2803857,535606,,4552709,14005609,32.5,2026-08-01T02:42:38.332Z
2020,0000545,춘해보건대학교,전문대학,전문대학,울산,사립,276754,12820655,386291,,13483700,16553929,81.5,2026-08-01T02:42:38.332Z
2020,0000536,충북보건과학대학교,전문대학,전문대학,충북,사립,725285,600000,641976,,1967261,16315587,12.1,2026-08-01T02:42:38.332Z
2020,0000547,충청대학교,전문대학,전문대학,충북,사립,1010180,19524025,944762,,21478967,22503926,95.4,2026-08-01T02:42:38.332Z
2020,0002658,포항대학교,전문대학,전문대학,경북,사립,192373,71010,501525,,764908,10738955,7.1,2026-08-01T02:42:38.332Z
2020,0000578,한국골프과학기술대학교,전문대학,전문대학,강원,사립,-311884,28512,-44669,,-328041,3206915,-10.2,2026-08-01T02:42:38.332Z
2020,0000565,한국관광대학교,전문대학,전문대학,경기,사립,3623794,63604857,47556,,67276206,11663896,576.8,2026-08-01T02:42:38.332Z
2020,0000570,한국승강기대학교,전문대학,전문대학,경남,사립,1285749,3076718,211367,,4573835,4325777,105.7,2026-08-01T02:42:38.332Z
2020,0000522,한국영상대학교,전문대학,전문대학,세종,사립,1628552,14471770,1230760,,17331083,19451709,89.1,2026-08-01T02:42:38.332Z
2020,0000553,한림성심대학교,전문대학,전문대학,강원,사립,2980687,8608175,629727,,12218589,16792765,72.8,2026-08-01T02:42:38.332Z
2020,0000554,한양여자대학교,전문대학,전문대학,서울,사립,6826336,67892554,2682584,,77401475,39607817,195.4,2026-08-01T02:42:38.332Z
2020,0000555,한영대학교,전문대학,전문대학,전남,사립,497146,1591646,1539376,,3628168,7339895,49.4,2026-08-01T02:42:38.332Z
2020,0000556,혜전대학교,전문대학,전문대학,충남,사립,862739,39874150,191504,,40928393,15211434,269.1,2026-08-01T02:42:38.332Z
2020,0000415,호산대학교,전문대학,전문대학,경북,사립,473683,2275783,90014,,2839480,10702880,26.5,2026-08-01T02:42:38.332Z
2020,0000335,건양사이버대학교,대학,사이버대학(대학),대전,사립,19213382,2757092,53988,,22024462,9074886,242.7,2026-08-01T02:42:38.332Z
2020,0000318,경희사이버대학교,대학,사이버대학(대학),서울,사립,2173240,33745840,,,35919080,29205867,123,2026-08-01T02:42:38.332Z
2020,0000328,고려사이버대학교,대학,사이버대학(대학),서울,사립,30142640,5086874,101290,,35330805,19519433,181,2026-08-01T02:42:38.332Z
2020,0000319,국제사이버대학교,대학,사이버대학(대학),경기,사립,5809412,3400000,2228,,9211640,7862350,117.2,2026-08-01T02:42:38.332Z
2020,0000334,글로벌사이버대학교,대학,사이버대학(대학),충남,사립,2708309,1024200,6228,,3738737,6021932,62.1,2026-08-01T02:42:38.332Z
2020,0000320,대구사이버대학교,대학,사이버대학(대학),경북,사립,1156379,10480790,113318,,11750487,9522019,123.4,2026-08-01T02:42:38.332Z
2020,0000330,디지털서울문화예술대학교,대학,사이버대학(대학),서울,사립,2485777,1218834,46760,,3751370,12134739,30.9,2026-08-01T02:42:38.332Z
2020,0000321,부산디지털대학교,대학,사이버대학(대학),부산,사립,1838688,11000000,147904,,12986592,6193861,209.7,2026-08-01T02:42:38.332Z
2020,0000332,사이버한국외국어대학교,대학,사이버대학(대학),서울,사립,9334635,1766571,98619,,11199824,16685522,67.1,2026-08-01T02:42:38.332Z
2020,0000322,서울디지털대학교,대학,사이버대학(대학),서울,사립,34037771,15556153,,,49593924,21799506,227.5,2026-08-01T02:42:38.332Z
2020,0000323,서울사이버대학교,대학,사이버대학(대학),서울,사립,325313,108675,249925,,683912,36039890,1.9,2026-08-01T02:42:38.332Z
2020,0000325,세종사이버대학교,대학,사이버대학(대학),서울,사립,9878599,1217579,163282,,11259459,26336984,42.8,2026-08-01T02:42:38.332Z
2020,0000329,숭실사이버대학교,대학,사이버대학(대학),서울,사립,20599488,5682005,386443,,26667936,18220820,146.4,2026-08-01T02:42:38.332Z
2020,0000327,원광디지털대학교,대학,사이버대학(대학),전북,사립,6015639,4147161,164387,,10327188,15304080,67.5,2026-08-01T02:42:38.332Z
2020,0000326,한국열린사이버대학교,대학,사이버대학(대학),서울,사립,12310004,,60674,,12370678,12753841,97,2026-08-01T02:42:38.332Z
2020,0000331,한양사이버대학교,대학,사이버대학(대학),서울,사립,69307019,5257000,512604,,75076623,45600526,164.6,2026-08-01T02:42:38.332Z
2020,0000333,화신사이버대학교,대학,사이버대학(대학),부산,사립,1285976,1388949,11417,,2686342,3548114,75.7,2026-08-01T02:42:38.332Z
2020,0000575,영진사이버대학교,전문대학,사이버대학(전문대학),대구,사립,15402834,9307593,,,24710427,9096670,271.6,2026-08-01T02:42:38.332Z
2020,0000576,한국복지사이버대학교,전문대학,사이버대학(전문대학),경북,사립,2346330,455910,,,2802240,5110900,54.8,2026-08-01T02:42:38.332Z
2021,0002748,가야대학교(김해),대학,대학교,경남,사립,1513472,27074722,167160,,28755354,13875084,207.2,2026-08-01T02:42:38.332Z
2021,0000063,가천대학교,대학,대학교,경기,사립,5803059,72701342,14671159,,93175561,174780399,53.3,2026-08-01T02:42:38.332Z
2021,0000072,가톨릭관동대학교,대학,대학교,강원,사립,3683163,8438995,1696460,,13818618,53558853,25.8,2026-08-01T02:42:38.332Z
2021,0000215,가톨릭꽃동네대학교,대학,대학교,충북,사립,327949,2881897,43950,,3253796,3363339,96.7,2026-08-01T02:42:38.332Z
2021,0000046,가톨릭대학교,대학,대학교,경기,사립,6730197,119564619,25196574,,151491389,83455502,181.5,2026-08-01T02:42:38.332Z
2021,0000050,감리교신학대학교,대학,대학교,서울,사립,3454885,8699177,17433,,12171496,8667114,140.4,2026-08-01T02:42:38.332Z
2021,0000051,강남대학교,대학,대학교,경기,사립,1343069,6595614,3738773,,11677456,50948062,22.9,2026-08-01T02:42:38.332Z
2021,0000079,강서대학교,대학,대학교,서울,사립,758027,2075131,98360,,2931518,11516435,25.5,2026-08-01T02:42:38.332Z
2021,0000052,건국대학교,대학,대학교,서울,사립,10228706,87897839,28593459,7200010,133920015,231870911,57.8,2026-08-01T02:42:38.332Z
2021,0000054,건양대학교,대학,대학교,충남,사립,10189091,102591583,2967117,,115747791,49819865,232.3,2026-08-01T02:42:38.332Z
2021,0000056,경기대학교,대학,대학교,경기,사립,17831024,46756544,7216835,3003514,74807917,118445561,63.2,2026-08-01T02:42:38.332Z
2021,0000059,경남대학교,대학,대학교,경남,사립,11588639,98913154,4222177,,114723971,71705268,160,2026-08-01T02:42:38.332Z
2021,0000060,경동대학교,대학,대학교,강원,사립,33459172,13911400,375214,,47745786,58026992,82.3,2026-08-01T02:42:38.332Z
2021,0000062,경성대학교,대학,대학교,부산,사립,1842848,25674060,3392575,,30909482,80315657,38.5,2026-08-01T02:42:38.332Z
2021,0000244,경운대학교,대학,대학교,경북,사립,832526,399989,1813805,,3046320,33302930,9.1,2026-08-01T02:42:38.332Z
2021,0000064,경일대학교,대학,대학교,경북,사립,3356002,8306782,5910214,,17572998,47354127,37.1,2026-08-01T02:42:38.332Z
2021,0000065,신경주대학교,대학,대학교,경북,사립,-8210902,,211223,,-7999679,5384468,-148.6,2026-08-01T02:42:38.332Z
2021,0000066,경희대학교,대학,대학교,서울,사립,5787506,112617269,38048853,5067680,161521309,298100153,54.2,2026-08-01T02:42:38.332Z
2021,0000068,계명대학교,대학,대학교,대구,사립,11632751,230617220,12486928,2022910,256759809,161862040,158.6,2026-08-01T02:42:38.332Z
2021,0000069,고려대학교,대학,대학교,서울,사립,18991200,328875394,66605358,,414471952,356169042,116.4,2026-08-01T02:42:38.332Z
2021,0000071,고신대학교,대학,대학교,부산,사립,-567348,3645066,618749,,3696467,29207272,12.7,2026-08-01T02:42:38.332Z
2021,0000073,광신대학교,대학,대학교,광주,사립,247283,4844,,,252127,5570109,4.5,2026-08-01T02:42:38.332Z
2021,0000074,광운대학교,대학,대학교,서울,사립,3830922,22073840,9772935,,35677696,77572513,46,2026-08-01T02:42:38.332Z
2021,0000075,광주가톨릭대학교,대학,대학교,전남,사립,184820,20431351,,,20616170,,0,2026-08-01T02:42:38.332Z
2021,0000231,광주대학교,대학,대학교,광주,사립,5887189,13106633,2709466,102600,21805888,42366055,51.5,2026-08-01T02:42:38.332Z
2021,0000076,광주여자대학교,대학,대학교,광주,사립,2235215,13367000,504081,,16106296,24793298,65,2026-08-01T02:42:38.332Z
2021,0000078,국민대학교,대학,대학교,서울,사립,2239468,159054871,-7030301,3000000,157264038,153140979,102.7,2026-08-01T02:42:38.332Z
2021,0000080,극동대학교,대학,대학교,충북,사립,843934,221677,286684,,1352294,24016229,5.6,2026-08-01T02:42:38.332Z
2021,0000224,금강대학교,대학,대학교,충남,사립,1406658,1194140,504473,,3105272,1740630,178.4,2026-08-01T02:42:38.332Z
2021,0000241,김천대학교,대학,대학교,경북,사립,1124437,,63983,,1188420,19705960,6,2026-08-01T02:42:38.332Z
2021,0000081,나사렛대학교,대학,대학교,충남,사립,1264749,7289266,288180,,8842195,34996623,25.3,2026-08-01T02:42:38.332Z
2021,0000216,남부대학교,대학,대학교,광주,사립,8384183,11030530,372661,,19787374,21619171,91.5,2026-08-01T02:42:38.332Z
2021,0000245,남서울대학교,대학,대학교,충남,사립,4910657,13889949,2962702,900000,22663309,74749665,30.3,2026-08-01T02:42:38.332Z
2021,0000082,단국대학교,대학,대학교,경기,사립,7873930,26336472,17869653,,52080055,220768583,23.6,2026-08-01T02:42:38.332Z
2021,0000088,대구가톨릭대학교,대학,대학교,경북,사립,5727235,73489694,3697632,2981769,85896329,86869071,98.9,2026-08-01T02:42:38.332Z
2021,0000084,대구대학교,대학,대학교,경북,사립,8926681,109257451,2430286,1521907,122136325,118503187,103.1,2026-08-01T02:42:38.332Z
2021,0000087,대구예술대학교,대학,대학교,경북,사립,3945919,4463100,119793,,8528812,6144825,138.8,2026-08-01T02:42:38.332Z
2021,0000061,대구한의대학교,대학,대학교,경북,사립,4614104,9699576,3520323,,17834004,47455641,37.6,2026-08-01T02:42:38.332Z
2021,0000093,대신대학교,대학,대학교,경북,사립,836597,1148988,26636,,2012221,3744077,53.7,2026-08-01T02:42:38.332Z
2021,0000094,대전가톨릭대학교,대학,대학교,세종,사립,223154,3159420,,,3382574,390280,866.7,2026-08-01T02:42:38.332Z
2021,0000095,대전대학교,대학,대학교,대전,사립,3854858,20290434,4055779,,28201072,65236653,43.2,2026-08-01T02:42:38.332Z
2021,0000238,대전신학대학교,대학,대학교,대전,사립,-88623,,,,-88623,863627,-10.3,2026-08-01T02:42:38.332Z
2021,0000097,대진대학교,대학,대학교,경기,사립,5095130,2702227,1012711,,8810067,56297726,15.6,2026-08-01T02:42:38.332Z
2021,0000099,덕성여자대학교,대학,대학교,서울,사립,1896241,74599617,2925406,,79421264,40929857,194,2026-08-01T02:42:38.332Z
2021,0000100,동국대학교,대학,대학교,서울,사립,20128378,88822475,27220460,244259,136415572,209852665,65,2026-08-01T02:42:38.332Z
2021,0000102,동덕여자대학교,대학,대학교,서울,사립,1339144,223671864,1159517,,226170525,52793246,428.4,2026-08-01T02:42:38.332Z
2021,0000235,동명대학교,대학,대학교,부산,사립,4187184,27143248,5498987,46972,36876391,50316930,73.3,2026-08-01T02:42:38.332Z
2021,0000103,동서대학교,대학,대학교,부산,사립,5004175,32854534,752592,,38611301,62469484,61.8,2026-08-01T02:42:38.332Z
2021,0000104,동신대학교,대학,대학교,전남,사립,2500780,17664941,3708343,2097591,25971655,42189038,61.6,2026-08-01T02:42:38.332Z
2021,0000105,동아대학교,대학,대학교,부산,사립,6563035,53901507,11678473,5100000,77243014,137264203,56.3,2026-08-01T02:42:38.332Z
2021,0000106,동양대학교,대학,대학교,경북,사립,-4778351,,897412,,-3880939,25013470,-15.5,2026-08-01T02:42:38.332Z
2021,0000107,동의대학교,대학,대학교,부산,사립,1068989,10504141,7699421,503279,19775831,99916982,19.8,2026-08-01T02:42:38.332Z
2021,0000108,루터대학교,대학,대학교,경기,사립,-850033,155794,108206,,-586032,2249680,-26,2026-08-01T02:42:38.332Z
2021,0000109,명지대학교,대학,대학교,경기,사립,-9175619,2262629,12373746,,5460756,130744991,4.2,2026-08-01T02:42:38.332Z
2021,0000112,목원대학교,대학,대학교,대전,사립,1320197,3973606,4370792,,9664595,53894594,17.9,2026-08-01T02:42:38.332Z
2021,0000221,목포가톨릭대학교,대학,대학교,전남,사립,104761,3879324,25959,,4010045,3223931,124.4,2026-08-01T02:42:38.332Z
2021,0000113,배재대학교,대학,대학교,대전,사립,1293655,21506879,3165896,,25966430,54731625,47.4,2026-08-01T02:42:38.332Z
2021,0000178,백석대학교,대학,대학교,충남,사립,660228,96823237,1060007,4300000,102843472,108626618,94.7,2026-08-01T02:42:38.332Z
2021,0000114,부산가톨릭대학교,대학,대학교,부산,사립,1913732,25588138,2755806,,30257676,25353994,119.3,2026-08-01T02:42:38.332Z
2021,0000115,부산외국어대학교,대학,대학교,부산,사립,3266224,5530484,2291415,,11088123,45344864,24.5,2026-08-01T02:42:38.332Z
2021,0000222,부산장신대학교,대학,대학교,경남,사립,4182795,718094,,,4900888,2322736,211,2026-08-01T02:42:38.332Z
2021,0000116,삼육대학교,대학,대학교,서울,사립,2585316,21840191,1763183,,26188689,45872034,57.1,2026-08-01T02:42:38.332Z
2021,0000117,상명대학교,대학,대학교,서울,사립,3624794,26138202,8913259,500000,39176255,105155704,37.3,2026-08-01T02:42:38.332Z
2021,0000119,상지대학교,대학,대학교,강원,사립,-4476164,5350031,2570726,962000,4406593,48952362,9,2026-08-01T02:42:38.332Z
2021,0000120,서강대학교,대학,대학교,서울,사립,2397672,50251344,5631519,6124091,64404626,103109819,62.5,2026-08-01T02:42:38.332Z
2021,0000121,서경대학교,대학,대학교,서울,사립,1693714,15124757,1353414,,18171885,49492884,36.7,2026-08-01T02:42:38.332Z
2021,0000098,서울기독대학교,대학,대학교,서울,사립,-772954,171053,12458,,-589442,4002035,-14.7,2026-08-01T02:42:38.332Z
2021,0000125,서울신학대학교,대학,대학교,경기,사립,3508209,8327157,236652,,12072018,19058499,63.3,2026-08-01T02:42:38.332Z
2021,0000126,서울여자대학교,대학,대학교,서울,사립,642430,47361191,3218667,,51222287,51737189,99,2026-08-01T02:42:38.332Z
2021,0000127,서울장신대학교,대학,대학교,경기,사립,533793,602486,22250,,1158529,5275664,22,2026-08-01T02:42:38.332Z
2021,0000205,서울한영대학교,대학,대학교,서울,사립,-765341,,345,,-764996,6042080,-12.7,2026-08-01T02:42:38.332Z
2021,0000128,서원대학교,대학,대학교,충북,사립,2048383,28931650,1898293,776244,33654570,42753194,78.7,2026-08-01T02:42:38.332Z
2021,0000129,선문대학교,대학,대학교,충남,사립,2319360,35419600,3479921,,41218881,67866603,60.7,2026-08-01T02:42:38.332Z
2021,0000131,성결대학교,대학,대학교,경기,사립,1380891,49119384,906521,,51406796,37771061,136.1,2026-08-01T02:42:38.332Z
2021,0000132,성공회대학교,대학,대학교,서울,사립,1157799,3199267,1213116,551243,6121426,16923160,36.2,2026-08-01T02:42:38.332Z
2021,0000133,성균관대학교,대학,대학교,서울,사립,53755207,283056914,-19502211,993940,318303850,279340542,113.9,2026-08-01T02:42:38.332Z
2021,0000136,성신여자대학교,대학,대학교,서울,사립,6426585,56828706,4472752,1000000,68728042,78771005,87.3,2026-08-01T02:42:38.332Z
2021,0000137,세명대학교,대학,대학교,충북,사립,2744484,131090051,8847361,,142681896,48795936,292.4,2026-08-01T02:42:38.332Z
2021,0000138,세종대학교,대학,대학교,서울,사립,-516224,96806173,9851473,4000000,110141422,122744761,89.7,2026-08-01T02:42:38.332Z
2021,0000092,세한대학교,대학,대학교,전남,사립,2793148,21188393,1086966,,25068506,21391190,117.2,2026-08-01T02:42:38.332Z
2021,0000243,송원대학교,대학,대학교,광주,사립,399205,,87875,,487080,19044693,2.6,2026-08-01T02:42:38.332Z
2021,0000139,수원가톨릭대학교,대학,대학교,경기,사립,1432052,27095115,,,28527167,1004211,2840.8,2026-08-01T02:42:38.332Z
2021,0000140,수원대학교,대학,대학교,경기,사립,64963801,369847921,7705406,3254184,445771313,69449058,641.9,2026-08-01T02:42:38.332Z
2021,0000141,숙명여자대학교,대학,대학교,서울,사립,2041921,191703217,19022303,114456,212881897,103149578,206.4,2026-08-01T02:42:38.332Z
2021,0000142,순천향대학교,대학,대학교,충남,사립,3075910,64176305,6571473,1500000,75323688,90775078,83,2026-08-01T02:42:38.332Z
2021,0000143,숭실대학교,대학,대학교,서울,사립,19465375,97714054,10718010,,127897438,134295241,95.2,2026-08-01T02:42:38.332Z
2021,0000233,화성의과학대학교,대학,대학교,경기,사립,-5689352,,28501,,-5660851,3322258,-170.4,2026-08-01T02:42:38.332Z
2021,0000144,신라대학교,대학,대학교,부산,사립,2454838,12220502,838811,,15514151,53231200,29.1,2026-08-01T02:42:38.332Z
2021,0002712,신한대학교,대학,대학교,경기,사립,2912023,131259,1029980,,4073262,56970566,7.1,2026-08-01T02:42:38.332Z
2021,0000145,아신대학교,대학,대학교,경기,사립,5387,588369,20539,,614295,6786724,9.1,2026-08-01T02:42:38.332Z
2021,0000146,아주대학교,대학,대학교,경기,사립,19162093,96371434,20264981,1039104,136837612,121793618,112.4,2026-08-01T02:42:38.332Z
2021,0000147,안양대학교,대학,대학교,경기,사립,2411550,11586013,2410580,,16408142,36000335,45.6,2026-08-01T02:42:38.332Z
2021,0000149,연세대학교,대학,대학교,서울,사립,37860911,630596664,30440560,24941132,723839267,399520843,181.2,2026-08-01T02:42:38.332Z
2021,0000151,영남대학교,대학,대학교,경북,사립,11257153,131876989,17761353,1014950,161910444,167572540,96.6,2026-08-01T02:42:38.332Z
2021,0000153,영남신학대학교,대학,대학교,경북,사립,302249,364203,1620,,668072,4250848,15.7,2026-08-01T02:42:38.332Z
2021,0003193,영산대학교(해운대),대학,대학교,부산,사립,3786486,3265440,1583308,,8635235,35134286,24.6,2026-08-01T02:42:38.332Z
2021,0000155,영산선학대학교,대학,대학교,전남,사립,59953,,,,59953,66000,90.8,2026-08-01T02:42:38.332Z
2021,0000228,예수대학교,대학,대학교,전북,사립,126374,,83945,17849,228168,3648491,6.3,2026-08-01T02:42:38.332Z
2021,0000218,예원예술대학교,대학,대학교,전북,사립,152938,,1714,,154652,14150007,1.1,2026-08-01T02:42:38.332Z
2021,0000156,용인대학교,대학,대학교,경기,사립,904224,91708148,745669,,93358041,47741741,195.5,2026-08-01T02:42:38.332Z
2021,0000157,우석대학교,대학,대학교,전북,사립,5243921,6878161,3139758,250000,15511840,52968425,29.3,2026-08-01T02:42:38.332Z
2021,0000240,우송대학교,대학,대학교,대전,사립,7218798,26738049,1556465,,35513312,71804323,49.5,2026-08-01T02:42:38.332Z
2021,0000158,울산대학교,대학,대학교,울산,사립,24797647,51006343,17764231,,93568221,99996294,93.6,2026-08-01T02:42:38.332Z
2021,0000159,원광대학교,대학,대학교,전북,사립,7933906,36157661,12947288,1500000,58538854,111212140,52.6,2026-08-01T02:42:38.332Z
2021,0000160,위덕대학교,대학,대학교,경북,사립,640318,2335898,402283,100000,3478498,19737640,17.6,2026-08-01T02:42:38.332Z
2021,0000154,유원대학교,대학,대학교,충북,사립,4453565,,865615,,5319179,23076883,23,2026-08-01T02:42:38.332Z
2021,0000161,을지대학교,대학,대학교,대전,사립,18242149,144142547,5993062,,168377758,41094866,409.7,2026-08-01T02:42:38.332Z
2021,0000163,이화여자대학교,대학,대학교,서울,사립,10570447,635004427,34110031,,679684906,202851728,335.1,2026-08-01T02:42:38.332Z
2021,0000164,인제대학교,대학,대학교,경남,사립,39811769,25732144,13820636,,79364549,69990355,113.4,2026-08-01T02:42:38.332Z
2021,0000168,인천가톨릭대학교,대학,대학교,인천,사립,385818,4652065,221924,,5259807,6407584,82.1,2026-08-01T02:42:38.332Z
2021,0000169,인하대학교,대학,대학교,인천,사립,5860629,39725375,8599091,,54185095,164777790,32.9,2026-08-01T02:42:38.332Z
2021,0000170,장로회신학대학교,대학,대학교,서울,사립,567950,35787056,,,36355006,15892866,228.8,2026-08-01T02:42:38.332Z
2021,0000171,전주대학교,대학,대학교,전북,사립,6845672,15716078,5465999,,28027750,78951611,35.5,2026-08-01T02:42:38.332Z
2021,0000248,제주국제대학교,대학,대학교,제주,사립,1632044,440968,298455,,2371467,4719708,50.2,2026-08-01T02:42:38.332Z
2021,0000172,조선대학교,대학,대학교,광주,사립,6793636,63016357,17652585,,87462578,141067058,62,2026-08-01T02:42:38.332Z
2021,0000173,중부대학교,대학,대학교,충남,사립,2332230,3680955,2527227,,8540413,60144790,14.2,2026-08-01T02:42:38.332Z
2021,0000175,중앙대학교,대학,대학교,서울,사립,13990596,111842442,16038326,1400000,143271364,261684549,54.7,2026-08-01T02:42:38.332Z
2021,0000177,중앙승가대학교,대학,대학교,경기,사립,808743,1054983,-53631,,1810095,613317,295.1,2026-08-01T02:42:38.332Z
2021,0000239,중원대학교,대학,대학교,충북,사립,577035,496672,1538558,,2612264,25835487,10.1,2026-08-01T02:42:38.332Z
2021,0000187,차의과학대학교,대학,대학교,경기,사립,16016807,30731518,3182860,3000000,52931185,28092847,188.4,2026-08-01T02:42:38.332Z
2021,0000249,창신대학교,대학,대학교,경남,사립,1055615,15750531,41397,,16847542,13130487,128.3,2026-08-01T02:42:38.332Z
2021,0000179,청주대학교,대학,대학교,충북,사립,7108735,241887004,878225,,249873964,86380544,289.3,2026-08-01T02:42:38.332Z
2021,0000246,초당대학교,대학,대학교,전남,사립,1238617,30911400,1800,,32151818,19451686,165.3,2026-08-01T02:42:38.332Z
2021,0000180,총신대학교,대학,대학교,서울,사립,6092540,39520534,112423,27621,45753119,24864896,184,2026-08-01T02:42:38.332Z
2021,0000181,추계예술대학교,대학,대학교,서울,사립,278423,156578,15892,,450893,11472040,3.9,2026-08-01T02:42:38.332Z
2021,0000184,칼빈대학교,대학,대학교,경기,사립,30219,104165,,,134384,6871470,2,2026-08-01T02:42:38.332Z
2021,0000186,평택대학교,대학,대학교,경기,사립,1224863,1848618,585394,,3658875,28586328,12.8,2026-08-01T02:42:38.332Z
2021,0000188,포항공과대학교,대학,대학교,경북,사립,48253501,90524289,32479568,40500000,211757358,24810943,853.5,2026-08-01T02:42:38.332Z
2021,0000189,한국기술교육대학교,대학,대학교,충남,사립,6198662,5795400,9630949,8791134,30416145,19665325,154.7,2026-08-01T02:42:38.332Z
2021,0000247,한국공학대학교,대학,대학교,경기,사립,6768953,6861361,8162589,2003704,23796607,59244092,40.2,2026-08-01T02:42:38.332Z
2021,0000191,한국성서대학교,대학,대학교,서울,사립,165648,224069,47853,,437570,7977568,5.5,2026-08-01T02:42:38.332Z
2021,0000192,한국외국어대학교,대학,대학교,서울,사립,2014780,11789506,5387350,500000,19691636,146071399,13.5,2026-08-01T02:42:38.332Z
2021,0000182,한국침례신학대학교,대학,대학교,대전,사립,357540,25994759,,,26352299,10060581,261.9,2026-08-01T02:42:38.332Z
2021,0000194,한국항공대학교,대학,대학교,경기,사립,1290880,6410569,8160969,1750000,17612419,37919033,46.4,2026-08-01T02:42:38.332Z
2021,0000195,한남대학교,대학,대학교,대전,사립,5315868,9181839,3030569,1159862,18688138,82363082,22.7,2026-08-01T02:42:38.332Z
2021,0000196,한동대학교,대학,대학교,경북,사립,5221123,8127644,2980110,,16328877,31860695,51.3,2026-08-01T02:42:38.332Z
2021,0000197,한라대학교,대학,대학교,강원,사립,944261,39000,591528,,1574789,21032898,7.5,2026-08-01T02:42:38.332Z
2021,0000198,한림대학교,대학,대학교,강원,사립,6038193,46578784,13207293,3800130,69624399,62115202,112.1,2026-08-01T02:42:38.332Z
2021,0000199,한서대학교,대학,대학교,충남,사립,4006775,2503726,2408404,,8918904,53401061,16.7,2026-08-01T02:42:38.332Z
2021,0000200,한성대학교,대학,대학교,서울,사립,4920256,15471109,3424661,,23816027,56035750,42.5,2026-08-01T02:42:38.332Z
2021,0000201,한세대학교,대학,대학교,경기,사립,1690931,35130023,70849,,36891804,24384114,151.3,2026-08-01T02:42:38.332Z
2021,0000202,한신대학교,대학,대학교,경기,사립,3738201,27250822,684010,500000,32173033,38150696,84.3,2026-08-01T02:42:38.332Z
2021,0000203,한양대학교,대학,대학교,서울,사립,32308572,173281216,17735055,2206070,225530913,340529676,66.2,2026-08-01T02:42:38.332Z
2021,0000206,한일장신대학교,대학,대학교,전북,사립,22630,1030852,320334,,1373815,6674506,20.6,2026-08-01T02:42:38.332Z
2021,0000207,협성대학교,대학,대학교,경기,사립,770122,8224044,456356,,9450521,30957557,30.5,2026-08-01T02:42:38.332Z
2021,0000208,호남대학교,대학,대학교,광주,사립,9776454,38331970,2687201,,50795625,48920992,103.8,2026-08-01T02:42:38.332Z
2021,0000209,호남신학대학교,대학,대학교,광주,사립,1592201,1045886,151,,2638238,4951413,53.3,2026-08-01T02:42:38.332Z
2021,0000211,호서대학교,대학,대학교,충남,사립,7115241,49615349,15731771,,72462361,102453467,70.7,2026-08-01T02:42:38.332Z
2021,0000212,홍익대학교,대학,대학교,서울,사립,25944104,718409657,8421612,,752775372,192050507,392,2026-08-01T02:42:38.332Z
2021,0000284,청운대학교,대학,산업대학,충남,사립,2911631,9900297,910715,100000,13822644,40816747,33.9,2026-08-01T02:42:38.332Z
2021,0000282,호원대학교,대학,산업대학,전북,사립,-850551,975958,108384,,233791,34332687,0.7,2026-08-01T02:42:38.332Z
2021,0000663,개신대학원대학교,대학원대학,전문대학원,서울,사립,193923,,,,193923,781484,24.8,2026-08-01T02:42:38.332Z
2021,0000643,건신대학원대학교,대학원대학,전문대학원,대전,사립,105298,,19310,,124608,1057098,11.8,2026-08-01T02:42:38.332Z
2021,0000668,경안대학원대학교,대학원대학,전문대학원,경북,사립,-24815,,,,-24815,233992,-10.6,2026-08-01T02:42:38.332Z
2021,0002643,계약신학대학원대학교,대학원대학,전문대학원,경기,사립,9882,,,,9882,,0,2026-08-01T02:42:38.332Z
2021,0002857,구세군사관대학원대학교,대학원대학,특수대학원,경기,사립,230186,368246,,,598432,179200,333.9,2026-08-01T02:42:38.332Z
2021,0000657,국제뇌교육종합대학원대학교,대학원대학,전문대학원,충남,사립,187231,560000,12256,,759487,2179138,34.9,2026-08-01T02:42:38.332Z
2021,0000655,국제법률경영대학원대학교,대학원대학,전문대학원,경기,사립,-2880215,,,,-2880215,1018227,-282.9,2026-08-01T02:42:38.332Z
2021,0000649,수도국제대학원대학교,대학원대학,전문대학원,서울,사립,452159,,,,452159,2375846,19,2026-08-01T02:42:38.332Z
2021,0000656,국제언어대학원대학교,대학원대학,전문대학원,서울,사립,277143,,12381,,289524,734379,39.4,2026-08-01T02:42:38.332Z
2021,0002818,능인대학원대학교,대학원대학,전문대학원,경기,사립,35788,,,,35788,401120,8.9,2026-08-01T02:42:38.332Z
2021,0000641,대한신학대학원대학교,대학원대학,전문대학원,경기,사립,-2433751,,,,-2433751,1038766,-234.3,2026-08-01T02:42:38.332Z
2021,0000669,동방문화대학원대학교,대학원대학,전문대학원,서울,사립,700138,,177471,,877609,2823295,31.1,2026-08-01T02:42:38.332Z
2021,0000642,베뢰아국제대학원대학교,대학원대학,전문대학원,서울,사립,113702,,,,113702,212519,53.5,2026-08-01T02:42:38.332Z
2021,0000670,북한대학원대학교,대학원대학,전문대학원,서울,사립,841765,6353975,153016,,7348756,1520879,483.2,2026-08-01T02:42:38.332Z
2021,0000666,서울과학종합대학원대학교,대학원대학,전문대학원,서울,사립,3132776,,1713287,,4846063,10718250,45.2,2026-08-01T02:42:38.332Z
2021,0000677,서울미디어대학원대학교,대학원대학,특수대학원,서울,사립,4976992,,98153,,5075145,1718900,295.3,2026-08-01T02:42:38.332Z
2021,0000660,서울벤처대학원대학교,대학원대학,전문대학원,서울,사립,3030686,1178866,133042,,4342594,2373966,182.9,2026-08-01T02:42:38.332Z
2021,0000658,서울불교대학원대학교,대학원대학,전문대학원,서울,사립,378224,,,,378224,1560352,24.2,2026-08-01T02:42:38.332Z
2021,0000653,서울사회복지대학원대학교,대학원대학,특수대학원,서울,사립,2520140,2448271,,,4968411,949957,523,2026-08-01T02:42:38.332Z
2021,0000678,서울상담심리대학원대학교,대학원대학,전문대학원,서울,사립,15990852,,,,15990852,976082,1638.3,2026-08-01T02:42:38.332Z
2021,0000650,서울성경신학대학원대학교,대학원대학,전문대학원,서울,사립,56641,364000,,,420641,429297,98,2026-08-01T02:42:38.332Z
2021,0000659,서울외국어대학원대학교,대학원대학,전문대학원,서울,사립,212325,218045,68078,,498447,2824900,17.6,2026-08-01T02:42:38.332Z
2021,0000667,선학유피대학원대학교,대학원대학,전문대학원,경기,사립,565575,2404109,,,2969684,518699,572.5,2026-08-01T02:42:38.332Z
2021,0000644,성산효대학원대학교,대학원대학,전문대학원,인천,사립,142012,3354,,,145366,1297595,11.2,2026-08-01T02:42:38.332Z
2021,0000661,성서침례대학원대학교,대학원대학,전문대학원,경기,사립,324438,1051,,,325488,275532,118.1,2026-08-01T02:42:38.332Z
2021,0000671,순복음대학원대학교,대학원대학,전문대학원,서울,사립,-288153,,,,-288153,742929,-38.8,2026-08-01T02:42:38.332Z
2021,0000672,실천신학대학원대학교,대학원대학,전문대학원,경기,사립,580257,,,,580257,359003,161.6,2026-08-01T02:42:38.332Z
2021,0000662,에스라성경대학원대학교,대학원대학,전문대학원,경기,사립,50155,350373,,,400528,464549,86.2,2026-08-01T02:42:38.332Z
2021,0000651,예명대학원대학교,대학원대학,전문대학원,서울,사립,466033,,,,466033,1150360,40.5,2026-08-01T02:42:38.332Z
2021,0000654,온석대학원대학교,대학원대학,전문대학원,경기,사립,366499,,,,366499,951500,38.5,2026-08-01T02:42:38.332Z
2021,0000645,원불교대학원대학교,대학원대학,전문대학원,전북,사립,34147,,,,34147,164000,20.8,2026-08-01T02:42:38.332Z
2021,0000646,웨스트민스터신학대학원대학교,대학원대학,전문대학원,경기,사립,1543801,1411254,,,2955055,3149272,93.8,2026-08-01T02:42:38.332Z
2021,0002668,제네바신학대학원대학교,대학원대학,전문대학원,경기,사립,10658,,,,10658,30000,35.5,2026-08-01T02:42:38.332Z
2021,0000680,주안대학원대학교,대학원대학,전문대학원,인천,사립,124657,22516,,,147173,411242,35.8,2026-08-01T02:42:38.332Z
2021,0002817,치유상담대학원대학교,대학원대학,전문대학원,서울,사립,218468,110000,,,328468,1268006,25.9,2026-08-01T02:42:38.332Z
2021,0000679,한국상담대학원대학교,대학원대학,전문대학원,서울,사립,197780,1667471,,,1865251,1248740,149.4,2026-08-01T02:42:38.332Z
2021,0000681,한국전력국제원자력대학원대학교,대학원대학,전문대학원,울산,사립,2187921,,897111,,3085032,4442006,69.5,2026-08-01T02:42:38.332Z
2021,0000673,한림국제대학원대학교,대학원대학,특수대학원,서울,사립,851014,395297,53677,19799,1319788,2392793,55.2,2026-08-01T02:42:38.332Z
2021,0000676,한반도국제대학원대학교,대학원대학,특수대학원,서울,사립,29064,122102,,,151166,251000,60.2,2026-08-01T02:42:38.332Z
2021,0000647,합동신학대학원대학교,대학원대학,전문대학원,경기,사립,32695,4312536,,,4345231,2024882,214.6,2026-08-01T02:42:38.332Z
2021,0000648,횃불트리니티신학대학원대학교,대학원대학,전문대학원,서울,사립,356346,1402431,,,1758777,2876255,61.1,2026-08-01T02:42:38.332Z
2021,0000317,순복음총회신학교,대학,각종학교(대학),충북,사립,-56258,,,,-56258,928819,-6.1,2026-08-01T02:42:38.332Z
2021,0000410,가톨릭상지대학교,전문대학,전문대학,경북,사립,500601,5620147,597789,,6718537,10434580,64.4,2026-08-01T02:42:38.332Z
2021,0000433,강동대학교,전문대학,전문대학,충북,사립,1113332,1126417,168730,,2408480,17312277,13.9,2026-08-01T02:42:38.332Z
2021,0000514,강릉영동대학교,전문대학,전문대학,강원,사립,1214652,35618,97495,,1347765,14150543,9.5,2026-08-01T02:42:38.332Z
2021,0000548,강원관광대학교,전문대학,전문대학,강원,사립,1853945,,102048,,1955992,3040538,64.3,2026-08-01T02:42:38.332Z
2021,0000412,거제대학교,전문대학,전문대학,경남,사립,291238,1820549,380277,,2492064,6411214,38.9,2026-08-01T02:42:38.332Z
2021,0000560,경기과학기술대학교,전문대학,전문대학,경기,사립,2036210,,906181,,2942391,26396776,11.1,2026-08-01T02:42:38.332Z
2021,0002640,경남정보대학교,전문대학,전문대학,부산,사립,2716607,18620056,583411,,21920074,35186517,62.3,2026-08-01T02:42:38.332Z
2021,0000416,경민대학교,전문대학,전문대학,경기,사립,-1397320,32488,741467,,-623364,24412753,-2.6,2026-08-01T02:42:38.332Z
2021,0002641,경복대학교,전문대학,전문대학,경기,사립,6856989,15591836,1293244,340440,24082510,38127464,63.2,2026-08-01T02:42:38.332Z
2021,0000456,경북과학대학교,전문대학,전문대학,경북,사립,1268709,,138912,,1407621,10142478,13.9,2026-08-01T02:42:38.332Z
2021,0000438,경북보건대학교,전문대학,전문대학,경북,사립,-68189,1462860,294777,,1689448,6899295,24.5,2026-08-01T02:42:38.332Z
2021,0002642,경북전문대학교,전문대학,전문대학,경북,사립,65035,20798384,292283,,21155702,15664904,135.1,2026-08-01T02:42:38.332Z
2021,0000422,경인여자대학교,전문대학,전문대학,인천,사립,1351747,62317483,1000001,,64669231,26824177,241.1,2026-08-01T02:42:38.332Z
2021,0000425,계명문화대학교,전문대학,전문대학,대구,사립,1915750,43907608,349940,,46173298,27123381,170.2,2026-08-01T02:42:38.332Z
2021,0000426,계원예술대학교,전문대학,전문대학,경기,사립,1409827,4899533,385211,,6694570,20783700,32.2,2026-08-01T02:42:38.332Z
2021,0000435,나주대학교,전문대학,전문대학,전남,사립,-2042498,2,45844,,-1996652,6237816,-32,2026-08-01T02:42:38.332Z
2021,0000429,광주보건대학교,전문대학,전문대학,광주,사립,373123,4054547,236092,,4663762,18480198,25.2,2026-08-01T02:42:38.332Z
2021,0000430,구미대학교,전문대학,전문대학,경북,사립,6890778,61815104,3887550,1015948,73609380,30216055,243.6,2026-08-01T02:42:38.332Z
2021,0000549,국제대학교,전문대학,전문대학,경기,사립,2730254,3823380,199065,,6752700,19662732,34.3,2026-08-01T02:42:38.332Z
2021,0002971,군산간호대학교,전문대학,전문대학,전북,사립,476634,1559814,74335,,2110784,7306771,28.9,2026-08-01T02:42:38.332Z
2021,0000432,군장대학교,전문대학,전문대학,전북,사립,1211667,,140175,,1351842,10403689,13,2026-08-01T02:42:38.332Z
2021,0002972,기독간호대학교,전문대학,전문대학,광주,사립,100143,1976456,298922,,2375522,3148673,75.4,2026-08-01T02:42:38.332Z
2021,0000440,김포대학교,전문대학,전문대학,경기,사립,18397204,19444211,470714,,38312129,15173717,252.5,2026-08-01T02:42:38.332Z
2021,0000569,김해대학교,전문대학,전문대학,경남,사립,86637,,65371,,152008,8327201,1.8,2026-08-01T02:42:38.332Z
2021,0000441,농협대학교,전문대학,전문대학,경기,사립,2430,7722736,893970,,8619137,2101307,410.2,2026-08-01T02:42:38.332Z
2021,0000442,대경대학교,전문대학,전문대학,경북,사립,358843,,515452,,874295,22758619,3.8,2026-08-01T02:42:38.332Z
2021,0000443,대구공업대학교,전문대학,전문대학,대구,사립,585900,10412807,227934,,11226641,9763539,115,2026-08-01T02:42:38.332Z
2021,0000446,대구과학대학교,전문대학,전문대학,대구,사립,1375890,5378383,376971,,7131244,22984445,31,2026-08-01T02:42:38.332Z
2021,0000444,대구보건대학교,전문대학,전문대학,대구,사립,2539266,1078613,1064118,,4681997,40907264,11.4,2026-08-01T02:42:38.332Z
2021,0000546,대덕대학교,전문대학,전문대학,대전,사립,5662344,33321987,505394,,39489726,15099047,261.5,2026-08-01T02:42:38.332Z
2021,0000447,대동대학교,전문대학,전문대학,부산,사립,83519,5576691,4386,,5664597,8606208,65.8,2026-08-01T02:42:38.332Z
2021,0000448,대림대학교,전문대학,전문대학,경기,사립,5178807,44265499,1956766,,51401072,46104937,111.5,2026-08-01T02:42:38.332Z
2021,0000449,대원대학교,전문대학,전문대학,충북,사립,158580,13855885,951648,,14966112,12459784,120.1,2026-08-01T02:42:38.332Z
2021,0000453,대전과학기술대학교,전문대학,전문대학,대전,사립,838418,6023818,313503,,7175739,23487134,30.6,2026-08-01T02:42:38.332Z
2021,0000451,대전보건대학교,전문대학,전문대학,대전,사립,2751286,53153048,1449251,,57353584,28775340,199.3,2026-08-01T02:42:38.332Z
2021,0000460,동강대학교,전문대학,전문대학,광주,사립,214889,1662868,110650,,1988407,13312522,14.9,2026-08-01T02:42:38.332Z
2021,0000457,동남보건대학교,전문대학,전문대학,경기,사립,13821421,8124050,246680,,22192152,29759869,74.6,2026-08-01T02:42:38.332Z
2021,0000450,동서울대학교,전문대학,전문대학,경기,사립,3197025,9067152,1083097,,13347275,37098660,36,2026-08-01T02:42:38.332Z
2021,0000461,동아방송예술대학교,전문대학,전문대학,경기,사립,1011757,1028430,136238,,2176425,21792806,10,2026-08-01T02:42:38.332Z
2021,0000462,동아보건대학교,전문대학,전문대학,전남,사립,612442,3525623,44513,,4182579,6813873,61.4,2026-08-01T02:42:38.332Z
2021,0000463,동양미래대학교,전문대학,전문대학,서울,사립,1757814,70564866,2194333,,74517014,37297868,199.8,2026-08-01T02:42:38.332Z
2021,0000509,동원과학기술대학교,전문대학,전문대학,경남,사립,410565,32600000,579434,,33589999,12994007,258.5,2026-08-01T02:42:38.332Z
2021,0000465,동원대학교,전문대학,전문대학,경기,사립,612560,5384340,162791,,6159691,18305921,33.6,2026-08-01T02:42:38.332Z
2021,0000466,동의과학대학교,전문대학,전문대학,부산,사립,1084731,4940912,1982731,,8008374,25741655,31.1,2026-08-01T02:42:38.332Z
2021,0000467,부산보건대학교,전문대학,전문대학,부산,사립,9698107,2886688,687147,,13271943,15599537,85.1,2026-08-01T02:42:38.332Z
2021,0000469,두원공과대학교,전문대학,전문대학,경기,사립,29655757,47893639,8504,,77557900,19670023,394.3,2026-08-01T02:42:38.332Z
2021,0000470,마산대학교,전문대학,전문대학,경남,사립,1714290,113320225,609954,,115644469,31705673,364.7,2026-08-01T02:42:38.332Z
2021,0000473,명지전문대학,전문대학,전문대학,서울,사립,1498682,41142635,350968,,42992286,41030209,104.8,2026-08-01T02:42:38.332Z
2021,0000474,목포과학대학교,전문대학,전문대학,전남,사립,3708033,3650812,286997,,7645842,12231969,62.5,2026-08-01T02:42:38.332Z
2021,0000475,문경대학교,전문대학,전문대학,경북,사립,496717,1242731,201139,,1940587,4856531,40,2026-08-01T02:42:38.332Z
2021,0000476,배화여자대학교,전문대학,전문대학,서울,사립,929179,26119507,230944,,27279630,15201462,179.5,2026-08-01T02:42:38.332Z
2021,0000543,백석문화대학교,전문대학,전문대학,충남,사립,536243,37455193,1556444,,39547880,30719443,128.7,2026-08-01T02:42:38.332Z
2021,0000477,백제예술대학교,전문대학,전문대학,전북,사립,48908,3425288,1871,,3476067,7963099,43.7,2026-08-01T02:42:38.332Z
2021,0000479,부산경상대학교,전문대학,전문대학,부산,사립,998086,11611847,736857,,13346790,12990646,102.7,2026-08-01T02:42:38.332Z
2021,0000481,부산과학기술대학교,전문대학,전문대학,부산,사립,586873,2527558,855336,,3969767,18242359,21.8,2026-08-01T02:42:38.332Z
2021,0000480,부산여자대학교,전문대학,전문대학,부산,사립,3971417,35347831,343145,,39662393,14201573,279.3,2026-08-01T02:42:38.332Z
2021,0000561,부산예술대학교,전문대학,전문대학,부산,사립,102357,202550,3187,,308094,3789033,8.1,2026-08-01T02:42:38.332Z
2021,0000482,부천대학교,전문대학,전문대학,경기,사립,3263383,25123847,2216215,,30603444,46673293,65.6,2026-08-01T02:42:38.332Z
2021,0000483,삼육보건대학교,전문대학,전문대학,서울,사립,705049,5635541,223019,,6563608,7568477,86.7,2026-08-01T02:42:38.332Z
2021,0002645,서라벌대학교,전문대학,전문대학,경북,사립,854832,1525646,186749,,2567227,3516901,73,2026-08-01T02:42:38.332Z
2021,0002646,서영대학교,전문대학,전문대학,광주,사립,-147849,,492783,,344935,27795173,1.2,2026-08-01T02:42:38.332Z
2021,0002973,서울여자간호대학교,전문대학,전문대학,서울,사립,1197551,2895661,256880,,4350092,5886056,73.9,2026-08-01T02:42:38.332Z
2021,0000489,서울예술대학교,전문대학,전문대학,경기,사립,12109047,46825498,150497,,59085043,25303971,233.5,2026-08-01T02:42:38.332Z
2021,0000490,서일대학교,전문대학,전문대학,서울,사립,32399144,32189162,659243,,65247549,33131513,196.9,2026-08-01T02:42:38.332Z
2021,0000566,서정대학교,전문대학,전문대학,경기,사립,5146252,10681728,135356,,15963336,38138589,41.9,2026-08-01T02:42:38.332Z
2021,0000550,선린대학교,전문대학,전문대학,경북,사립,6636947,9782264,41876,,16461087,12148283,135.5,2026-08-01T02:42:38.332Z
2021,0002647,성운대학교,전문대학,전문대학,경북,사립,870098,423958,160008,,1454063,7206897,20.2,2026-08-01T02:42:38.332Z
2021,0000515,세경대학교,전문대학,전문대학,강원,사립,3499769,8567640,170726,,12238136,4684822,261.2,2026-08-01T02:42:38.332Z
2021,0000567,송곡대학교,전문대학,전문대학,강원,사립,889984,6254,2298,,898536,3387678,26.5,2026-08-01T02:42:38.332Z
2021,0000564,송호대학교,전문대학,전문대학,강원,사립,609459,827823,209653,,1646935,5022125,32.8,2026-08-01T02:42:38.332Z
2021,0002649,수성대학교,전문대학,전문대학,대구,사립,1910281,10250360,474783,,12635425,18583381,68,2026-08-01T02:42:38.332Z
2021,0000497,수원과학대학교,전문대학,전문대학,경기,사립,20887677,95849182,567951,,117304810,24356772,481.6,2026-08-01T02:42:38.332Z
2021,0000496,수원여자대학교,전문대학,전문대학,경기,사립,11516001,32585001,567757,,44668758,26084892,171.2,2026-08-01T02:42:38.332Z
2021,0000498,순천제일대학교,전문대학,전문대학,전남,사립,13606643,14924402,192216,,28723262,13425175,214,2026-08-01T02:42:38.332Z
2021,0000500,숭의여자대학교,전문대학,전문대학,서울,사립,9207676,52580519,9809,,61798004,18405816,335.8,2026-08-01T02:42:38.332Z
2021,0000501,신구대학교,전문대학,전문대학,경기,사립,4584525,65914308,2322145,,72820978,42180462,172.6,2026-08-01T02:42:38.332Z
2021,0000502,신성대학교,전문대학,전문대학,충남,사립,2916900,21240602,1301393,,25458895,20991106,121.3,2026-08-01T02:42:38.332Z
2021,0000506,신안산대학교,전문대학,전문대학,경기,사립,386546,3451285,507916,,4345747,17941058,24.2,2026-08-01T02:42:38.332Z
2021,0000454,아주자동차대학교,전문대학,전문대학,충남,사립,256064,5491297,389586,,6136946,5063100,121.2,2026-08-01T02:42:38.332Z
2021,0002650,안동과학대학교,전문대학,전문대학,경북,사립,1049094,12976193,294181,,14319468,13551100,105.7,2026-08-01T02:42:38.332Z
2021,0000507,안산대학교,전문대학,전문대학,경기,사립,1144726,65900779,505699,,67551204,24980254,270.4,2026-08-01T02:42:38.332Z
2021,0000510,여주대학교,전문대학,전문대학,경기,사립,151407,5097343,386917,,5635667,28241566,20,2026-08-01T02:42:38.332Z
2021,0002651,연성대학교,전문대학,전문대학,경기,사립,7259018,97822740,1296927,,106378686,36211014,293.8,2026-08-01T02:42:38.332Z
2021,0002652,연암공과대학교,전문대학,전문대학,경남,사립,3760714,1801606,263497,,5825817,6282245,92.7,2026-08-01T02:42:38.332Z
2021,0000512,연암대학교,전문대학,전문대학,충남,사립,1276400,331240,272416,,1880057,6343489,29.6,2026-08-01T02:42:38.332Z
2021,0000418,영남외국어대학,전문대학,전문대학,경북,사립,2824955,5084481,,,7909435,2508940,315.3,2026-08-01T02:42:38.332Z
2021,0000513,영남이공대학교,전문대학,전문대학,대구,사립,9629208,39481707,758387,,49869302,31605300,157.8,2026-08-01T02:42:38.332Z
2021,0000517,영진전문대학교,전문대학,전문대학,대구,사립,2758898,99368134,4243025,9266,106379322,41195269,258.2,2026-08-01T02:42:38.332Z
2021,0002653,오산대학교,전문대학,전문대학,경기,사립,725545,64859092,1945254,,67529891,27893703,242.1,2026-08-01T02:42:38.332Z
2021,0000520,용인예술과학대학교,전문대학,전문대학,경기,사립,1580624,17994290,1230369,,20805283,21681201,96,2026-08-01T02:42:38.332Z
2021,0000452,우송정보대학,전문대학,전문대학,대전,사립,615638,30831427,249772,,31696836,21376294,148.3,2026-08-01T02:42:38.332Z
2021,0000521,울산과학대학교,전문대학,전문대학,울산,사립,5226636,16941642,4237215,10000,26415494,33145748,79.7,2026-08-01T02:42:38.332Z
2021,0000568,웅지세무대학교,전문대학,전문대학,경기,사립,257708,,-4251,,253456,5469086,4.6,2026-08-01T02:42:38.332Z
2021,0000523,원광보건대학교,전문대학,전문대학,전북,사립,5669159,18674067,703658,,25046884,26893670,93.1,2026-08-01T02:42:38.332Z
2021,0000524,유한대학교,전문대학,전문대학,경기,사립,1269281,31003990,825230,,33098500,26384329,125.4,2026-08-01T02:42:38.332Z
2021,0000525,인덕대학교,전문대학,전문대학,서울,사립,4627283,4965035,490479,210000,10292797,36917675,27.9,2026-08-01T02:42:38.332Z
2021,0000455,재능대학교,전문대학,전문대학,인천,사립,2738339,10324583,909863,,13972785,19419746,72,2026-08-01T02:42:38.332Z
2021,0002654,인하공업전문대학,전문대학,전문대학,인천,사립,621218,60447878,959872,,62028968,42914205,144.5,2026-08-01T02:42:38.332Z
2021,0000527,장안대학교,전문대학,전문대학,경기,사립,-219027,20940540,122162,,20843675,25593983,81.4,2026-08-01T02:42:38.332Z
2021,0000529,전남과학대학교,전문대학,전문대학,전남,사립,2838294,19154771,1430172,,23423237,17529518,133.6,2026-08-01T02:42:38.332Z
2021,0000531,전북과학대학교,전문대학,전문대학,전북,사립,20061328,7746922,139890,,27948140,9142922,305.7,2026-08-01T02:42:38.332Z
2021,0000437,전주기전대학,전문대학,전문대학,전북,사립,1116438,5881025,426817,,7424280,9091346,81.7,2026-08-01T02:42:38.332Z
2021,0000530,전주비전대학교,전문대학,전문대학,전북,사립,11404826,3132061,1420751,,15957638,20838976,76.6,2026-08-01T02:42:38.332Z
2021,0000532,제주관광대학교,전문대학,전문대학,제주,사립,859769,1008035,299531,,2167334,8422068,25.7,2026-08-01T02:42:38.332Z
2021,0002655,제주한라대학교,전문대학,전문대학,제주,사립,1868836,2253894,376998,,4499728,25722217,17.5,2026-08-01T02:42:38.332Z
2021,0002974,조선간호대학교,전문대학,전문대학,광주,사립,132404,7154111,33322,,7319837,3755316,194.9,2026-08-01T02:42:38.332Z
2021,0000534,조선이공대학교,전문대학,전문대학,광주,사립,1157847,33194675,506242,,34858764,16134872,216,2026-08-01T02:42:38.332Z
2021,0000539,진주보건대학교,전문대학,전문대학,경남,사립,887402,100463796,64078,,101415276,15764275,643.3,2026-08-01T02:42:38.332Z
2021,0000542,창원문성대학교,전문대학,전문대학,경남,사립,658861,52886678,2279196,,55824735,11329319,492.7,2026-08-01T02:42:38.332Z
2021,0000544,청강문화산업대학교,전문대학,전문대학,경기,사립,2680398,40612390,836258,,44129045,23834166,185.2,2026-08-01T02:42:38.332Z
2021,0002656,청암대학교,전문대학,전문대학,전남,사립,371674,2803857,535606,,3711137,12821278,28.9,2026-08-01T02:42:38.332Z
2021,0000545,춘해보건대학교,전문대학,전문대학,울산,사립,220504,12820655,386291,,13427450,16179898,83,2026-08-01T02:42:38.332Z
2021,0000536,충북보건과학대학교,전문대학,전문대학,충북,사립,557029,600000,641976,,1799005,15243524,11.8,2026-08-01T02:42:38.332Z
2021,0000547,충청대학교,전문대학,전문대학,충북,사립,915389,19524025,944762,,21384176,19936166,107.3,2026-08-01T02:42:38.332Z
2021,0002658,포항대학교,전문대학,전문대학,경북,사립,356847,71010,501525,,929382,9755488,9.5,2026-08-01T02:42:38.332Z
2021,0000578,한국골프과학기술대학교,전문대학,전문대학,강원,사립,-405643,28512,-44669,,-421800,3088508,-13.7,2026-08-01T02:42:38.332Z
2021,0000565,한국관광대학교,전문대학,전문대학,경기,사립,1807153,63604857,47556,,65459565,10241257,639.2,2026-08-01T02:42:38.332Z
2021,0000570,한국승강기대학교,전문대학,전문대학,경남,사립,727678,3076718,211367,,4015764,4062883,98.8,2026-08-01T02:42:38.332Z
2021,0000522,한국영상대학교,전문대학,전문대학,세종,사립,1697533,14471770,1230760,,17400063,17950886,96.9,2026-08-01T02:42:38.332Z
2021,0000553,한림성심대학교,전문대학,전문대학,강원,사립,2226413,8608175,629727,,11464314,15553193,73.7,2026-08-01T02:42:38.332Z
2021,0000554,한양여자대학교,전문대학,전문대학,서울,사립,6782830,67892554,2682584,,77357968,38941553,198.7,2026-08-01T02:42:38.332Z
2021,0000555,한영대학교,전문대학,전문대학,전남,사립,984276,1591646,1539376,,4115298,7266404,56.6,2026-08-01T02:42:38.332Z
2021,0000556,혜전대학교,전문대학,전문대학,충남,사립,658439,39874150,191504,,40724093,14313403,284.5,2026-08-01T02:42:38.332Z
2021,0000415,호산대학교,전문대학,전문대학,경북,사립,620415,2275783,90014,,2986212,10598286,28.2,2026-08-01T02:42:38.332Z
2021,0000335,건양사이버대학교,대학,사이버대학(대학),대전,사립,21818424,2757092,53988,,24629505,9053756,272,2026-08-01T02:42:38.332Z
2021,0000318,경희사이버대학교,대학,사이버대학(대학),서울,사립,2398766,33745840,,,36144606,31483755,114.8,2026-08-01T02:42:38.332Z
2021,0000328,고려사이버대학교,대학,사이버대학(대학),서울,사립,33360265,5086874,101290,,38548429,20930181,184.2,2026-08-01T02:42:38.332Z
2021,0000319,국제사이버대학교,대학,사이버대학(대학),경기,사립,7077179,3400000,2228,,10479406,8013231,130.8,2026-08-01T02:42:38.332Z
2021,0000334,글로벌사이버대학교,대학,사이버대학(대학),충남,사립,2507794,1024200,6228,,3538222,5625618,62.9,2026-08-01T02:42:38.332Z
2021,0000320,대구사이버대학교,대학,사이버대학(대학),경북,사립,973601,10480790,113318,,11567709,9996682,115.7,2026-08-01T02:42:38.332Z
2021,0000330,디지털서울문화예술대학교,대학,사이버대학(대학),서울,사립,1926505,1218834,46760,,3192098,11945152,26.7,2026-08-01T02:42:38.332Z
2021,0000321,부산디지털대학교,대학,사이버대학(대학),부산,사립,1586186,11000000,147904,,12734090,6284807,202.6,2026-08-01T02:42:38.332Z
2021,0000332,사이버한국외국어대학교,대학,사이버대학(대학),서울,사립,10991855,1766571,98619,,12857045,16715447,76.9,2026-08-01T02:42:38.332Z
2021,0000322,서울디지털대학교,대학,사이버대학(대학),서울,사립,39049768,15556153,,,54605921,24393461,223.9,2026-08-01T02:42:38.332Z
2021,0000323,서울사이버대학교,대학,사이버대학(대학),서울,사립,879186,108675,249925,,1237786,42710149,2.9,2026-08-01T02:42:38.332Z
2021,0000325,세종사이버대학교,대학,사이버대학(대학),서울,사립,13342942,1217579,163282,,14723802,28294484,52,2026-08-01T02:42:38.332Z
2021,0000329,숭실사이버대학교,대학,사이버대학(대학),서울,사립,23896530,5682005,386443,,29964978,19333818,155,2026-08-01T02:42:38.332Z
2021,0000327,원광디지털대학교,대학,사이버대학(대학),전북,사립,5808831,4147161,164387,,10120380,15413577,65.7,2026-08-01T02:42:38.332Z
2021,0000326,한국열린사이버대학교,대학,사이버대학(대학),서울,사립,13121245,,60674,,13181919,13242392,99.5,2026-08-01T02:42:38.332Z
2021,0000331,한양사이버대학교,대학,사이버대학(대학),서울,사립,69136373,5257000,512604,,74905977,49066300,152.7,2026-08-01T02:42:38.332Z
2021,0000333,화신사이버대학교,대학,사이버대학(대학),부산,사립,1971579,1388949,11417,,3371945,3901508,86.4,2026-08-01T02:42:38.332Z
2021,0000575,영진사이버대학교,전문대학,사이버대학(전문대학),대구,사립,17505035,9307593,,,26812628,9635960,278.3,2026-08-01T02:42:38.332Z
2021,0000576,한국복지사이버대학교,전문대학,사이버대학(전문대학),경북,사립,3299018,455910,,,3754929,6275041,59.8,2026-08-01T02:42:38.332Z
2022,0002748,가야대학교(김해),대학,대학교,경남,사립,2022082,27074722,167160,,29263964,12768541,229.2,2026-08-01T02:42:38.332Z
2022,0000063,가천대학교,대학,대학교,경기,사립,150148,72701342,14671159,,87522649,177138413,49.4,2026-08-01T02:42:38.332Z
2022,0000072,가톨릭관동대학교,대학,대학교,강원,사립,4465584,8438995,1696460,,14601039,50348377,29,2026-08-01T02:42:38.332Z
2022,0000215,가톨릭꽃동네대학교,대학,대학교,충북,사립,380716,2881897,43950,,3306563,3290705,100.5,2026-08-01T02:42:38.332Z
2022,0000046,가톨릭대학교,대학,대학교,경기,사립,14655761,119564619,25196574,,159416954,85846755,185.7,2026-08-01T02:42:38.332Z
2022,0000050,감리교신학대학교,대학,대학교,서울,사립,4156161,8699177,17433,,12872771,7532798,170.9,2026-08-01T02:42:38.332Z
2022,0000051,강남대학교,대학,대학교,경기,사립,2883486,6595614,3738773,,13217874,49592935,26.7,2026-08-01T02:42:38.332Z
2022,0000079,강서대학교,대학,대학교,서울,사립,199835,2075131,98360,,2373326,10937881,21.7,2026-08-01T02:42:38.332Z
2022,0000052,건국대학교,대학,대학교,서울,사립,12064365,87897839,28593459,7200010,135755674,227714694,59.6,2026-08-01T02:42:38.332Z
2022,0000054,건양대학교,대학,대학교,충남,사립,9959533,102591583,2967117,,115518232,48141803,240,2026-08-01T02:42:38.332Z
2022,0000056,경기대학교,대학,대학교,경기,사립,22174329,46756544,7216835,3003514,79151222,115768066,68.4,2026-08-01T02:42:38.332Z
2022,0000059,경남대학교,대학,대학교,경남,사립,13109370,98913154,4222177,,116244702,67162255,173.1,2026-08-01T02:42:38.332Z
2022,0000060,경동대학교,대학,대학교,강원,사립,22606501,13911400,375214,,36893115,56598765,65.2,2026-08-01T02:42:38.332Z
2022,0000062,경성대학교,대학,대학교,부산,사립,4253231,25674060,3392575,,33319866,77895533,42.8,2026-08-01T02:42:38.332Z
2022,0000244,경운대학교,대학,대학교,경북,사립,742486,399989,1813805,,2956280,32109906,9.2,2026-08-01T02:42:38.332Z
2022,0000064,경일대학교,대학,대학교,경북,사립,6107810,8306782,5910214,,20324806,47787604,42.5,2026-08-01T02:42:38.332Z
2022,0000065,신경주대학교,대학,대학교,경북,사립,-10574038,,211223,,-10362815,5018218,-206.5,2026-08-01T02:42:38.332Z
2022,0000066,경희대학교,대학,대학교,서울,사립,4552434,112617269,38048853,5067680,160286237,299960452,53.4,2026-08-01T02:42:38.332Z
2022,0000068,계명대학교,대학,대학교,대구,사립,13629399,230617220,12486928,2022910,258756457,158954473,162.8,2026-08-01T02:42:38.332Z
2022,0000069,고려대학교,대학,대학교,서울,사립,16170640,328875394,66605358,,411651392,359214470,114.6,2026-08-01T02:42:38.332Z
2022,0000071,고신대학교,대학,대학교,부산,사립,-725863,3645066,618749,,3537953,27318169,13,2026-08-01T02:42:38.332Z
2022,0000073,광신대학교,대학,대학교,광주,사립,-473145,4844,,,-468301,5418535,-8.6,2026-08-01T02:42:38.332Z
2022,0000074,광운대학교,대학,대학교,서울,사립,3487095,22073840,9772935,,35333870,77728915,45.5,2026-08-01T02:42:38.332Z
2022,0000075,광주가톨릭대학교,대학,대학교,전남,사립,199487,20431351,,,20630838,,0,2026-08-01T02:42:38.332Z
2022,0000231,광주대학교,대학,대학교,광주,사립,10129020,13106633,2709466,102600,26047719,40620627,64.1,2026-08-01T02:42:38.332Z
2022,0000076,광주여자대학교,대학,대학교,광주,사립,2985162,13367000,504081,,16856243,24181562,69.7,2026-08-01T02:42:38.332Z
2022,0000078,국민대학교,대학,대학교,서울,사립,1407207,159054871,-7030301,3000000,156431777,152143187,102.8,2026-08-01T02:42:38.332Z
2022,0000080,극동대학교,대학,대학교,충북,사립,1436365,221677,286684,,1944726,22243385,8.7,2026-08-01T02:42:38.332Z
2022,0000224,금강대학교,대학,대학교,충남,사립,1353424,1194140,504473,,3052037,1338783,228,2026-08-01T02:42:38.332Z
2022,0000241,김천대학교,대학,대학교,경북,사립,-971851,,63983,,-907868,18079740,-5,2026-08-01T02:42:38.332Z
2022,0000081,나사렛대학교,대학,대학교,충남,사립,1503747,7289266,288180,,9081193,34513420,26.3,2026-08-01T02:42:38.332Z
2022,0000216,남부대학교,대학,대학교,광주,사립,9078977,11030530,372661,,20482168,20458427,100.1,2026-08-01T02:42:38.332Z
2022,0000245,남서울대학교,대학,대학교,충남,사립,3591308,13889949,2962702,900000,21343960,73559653,29,2026-08-01T02:42:38.332Z
2022,0000082,단국대학교,대학,대학교,경기,사립,5535617,26336472,17869653,,49741742,220425180,22.6,2026-08-01T02:42:38.332Z
2022,0000088,대구가톨릭대학교,대학,대학교,경북,사립,7919688,73489694,3697632,2981769,88088782,85240409,103.3,2026-08-01T02:42:38.332Z
2022,0000084,대구대학교,대학,대학교,경북,사립,9211730,109257451,2430286,1521907,122421374,116029444,105.5,2026-08-01T02:42:38.332Z
2022,0000087,대구예술대학교,대학,대학교,경북,사립,3418902,4463100,119793,,8001795,4679283,171,2026-08-01T02:42:38.332Z
2022,0000061,대구한의대학교,대학,대학교,경북,사립,10475400,9699576,3520323,,23695300,46569059,50.9,2026-08-01T02:42:38.332Z
2022,0000093,대신대학교,대학,대학교,경북,사립,553753,1148988,26636,,1729376,3615064,47.8,2026-08-01T02:42:38.332Z
2022,0000094,대전가톨릭대학교,대학,대학교,세종,사립,71936,3159420,,,3231355,316130,1022.2,2026-08-01T02:42:38.332Z
2022,0000095,대전대학교,대학,대학교,대전,사립,7326563,20290434,4055779,,31672776,63858810,49.6,2026-08-01T02:42:38.332Z
2022,0000238,대전신학대학교,대학,대학교,대전,사립,-132849,,,,-132849,796397,-16.7,2026-08-01T02:42:38.332Z
2022,0000097,대진대학교,대학,대학교,경기,사립,5101613,2702227,1012711,,8816550,56937369,15.5,2026-08-01T02:42:38.332Z
2022,0000099,덕성여자대학교,대학,대학교,서울,사립,1458128,74599617,2925406,,78983151,38982059,202.6,2026-08-01T02:42:38.332Z
2022,0000100,동국대학교,대학,대학교,서울,사립,23820098,88822475,27220460,244259,140107291,208342779,67.2,2026-08-01T02:42:38.332Z
2022,0000102,동덕여자대학교,대학,대학교,서울,사립,1823370,223671864,1159517,,226654751,51119534,443.4,2026-08-01T02:42:38.332Z
2022,0000235,동명대학교,대학,대학교,부산,사립,3706274,27143248,5498987,46972,36395481,46986879,77.5,2026-08-01T02:42:38.332Z
2022,0000103,동서대학교,대학,대학교,부산,사립,4118809,32854534,752592,,37725935,59955249,62.9,2026-08-01T02:42:38.332Z
2022,0000104,동신대학교,대학,대학교,전남,사립,2192855,17664941,3708343,2097591,25663730,42549047,60.3,2026-08-01T02:42:38.332Z
2022,0000105,동아대학교,대학,대학교,부산,사립,3610486,53901507,11678473,5100000,74290465,134861262,55.1,2026-08-01T02:42:38.332Z
2022,0000106,동양대학교,대학,대학교,경북,사립,-5657382,,897412,,-4759970,25579217,-18.6,2026-08-01T02:42:38.332Z
2022,0000107,동의대학교,대학,대학교,부산,사립,1796887,10504141,7699421,503279,20503729,98007478,20.9,2026-08-01T02:42:38.332Z
2022,0000108,루터대학교,대학,대학교,경기,사립,-250573,155794,108206,,13427,2339875,0.6,2026-08-01T02:42:38.332Z
2022,0000109,명지대학교,대학,대학교,경기,사립,-8442655,2262629,12373746,,6193720,128164150,4.8,2026-08-01T02:42:38.332Z
2022,0000112,목원대학교,대학,대학교,대전,사립,201626,3973606,4370792,,8546024,51762567,16.5,2026-08-01T02:42:38.332Z
2022,0000221,목포가톨릭대학교,대학,대학교,전남,사립,205888,3879324,25959,,4111171,3205278,128.3,2026-08-01T02:42:38.332Z
2022,0000113,배재대학교,대학,대학교,대전,사립,2880786,21506879,3165896,,27553562,54026459,51,2026-08-01T02:42:38.332Z
2022,0000178,백석대학교,대학,대학교,충남,사립,725851,96823237,1060007,4300000,102909095,108496465,94.9,2026-08-01T02:42:38.332Z
2022,0000114,부산가톨릭대학교,대학,대학교,부산,사립,1679866,25588138,2755806,,30023810,24788979,121.1,2026-08-01T02:42:38.332Z
2022,0000115,부산외국어대학교,대학,대학교,부산,사립,5707749,5530484,2291415,,13529648,42120761,32.1,2026-08-01T02:42:38.332Z
2022,0000222,부산장신대학교,대학,대학교,경남,사립,3671357,718094,,,4389450,1947645,225.4,2026-08-01T02:42:38.332Z
2022,0000116,삼육대학교,대학,대학교,서울,사립,14425240,21840191,1763183,,38028613,46614430,81.6,2026-08-01T02:42:38.332Z
2022,0000117,상명대학교,대학,대학교,서울,사립,3664538,26138202,8913259,500000,39215998,103138668,38,2026-08-01T02:42:38.332Z
2022,0000119,상지대학교,대학,대학교,강원,사립,-44320,5350031,2570726,962000,8838437,45994771,19.2,2026-08-01T02:42:38.332Z
2022,0000120,서강대학교,대학,대학교,서울,사립,4383201,50251344,5631519,6124091,66390155,107414144,61.8,2026-08-01T02:42:38.332Z
2022,0000121,서경대학교,대학,대학교,서울,사립,1946134,15124757,1353414,,18424305,50378277,36.6,2026-08-01T02:42:38.332Z
2022,0000098,서울기독대학교,대학,대학교,서울,사립,-1598776,171053,12458,,-1415265,3438485,-41.2,2026-08-01T02:42:38.332Z
2022,0000125,서울신학대학교,대학,대학교,경기,사립,2399825,8327157,236652,,10963634,17803205,61.6,2026-08-01T02:42:38.332Z
2022,0000126,서울여자대학교,대학,대학교,서울,사립,1735865,47361191,3218667,,52315722,51038306,102.5,2026-08-01T02:42:38.332Z
2022,0000127,서울장신대학교,대학,대학교,경기,사립,256626,602486,22250,,881362,4659508,18.9,2026-08-01T02:42:38.332Z
2022,0000205,서울한영대학교,대학,대학교,서울,사립,-1796663,,345,,-1796318,5997702,-30,2026-08-01T02:42:38.332Z
2022,0000128,서원대학교,대학,대학교,충북,사립,4643683,28931650,1898293,776244,36249870,42381409,85.5,2026-08-01T02:42:38.332Z
2022,0000129,선문대학교,대학,대학교,충남,사립,1907797,35419600,3479921,,40807318,67836816,60.2,2026-08-01T02:42:38.332Z
2022,0000131,성결대학교,대학,대학교,경기,사립,1471415,49119384,906521,,51497319,38034396,135.4,2026-08-01T02:42:38.332Z
2022,0000132,성공회대학교,대학,대학교,서울,사립,421548,3199267,1213116,551243,5385175,15880914,33.9,2026-08-01T02:42:38.332Z
2022,0000133,성균관대학교,대학,대학교,서울,사립,64895290,283056914,-19502211,993940,329443933,281558724,117,2026-08-01T02:42:38.332Z
2022,0000136,성신여자대학교,대학,대학교,서울,사립,5783633,56828706,4472752,1000000,68085090,77255389,88.1,2026-08-01T02:42:38.332Z
2022,0000137,세명대학교,대학,대학교,충북,사립,3402373,131090051,8847361,,143339785,47090572,304.4,2026-08-01T02:42:38.332Z
2022,0000138,세종대학교,대학,대학교,서울,사립,902699,96806173,9851473,4000000,111560345,125657072,88.8,2026-08-01T02:42:38.332Z
2022,0000092,세한대학교,대학,대학교,전남,사립,3744773,21188393,1086966,,26020132,21301724,122.2,2026-08-01T02:42:38.332Z
2022,0000243,송원대학교,대학,대학교,광주,사립,3347971,,87875,,3435847,18853098,18.2,2026-08-01T02:42:38.332Z
2022,0000139,수원가톨릭대학교,대학,대학교,경기,사립,1270777,27095115,,,28365892,958874,2958.3,2026-08-01T02:42:38.332Z
2022,0000140,수원대학교,대학,대학교,경기,사립,68006133,369847921,7705406,3254184,448813645,68383084,656.3,2026-08-01T02:42:38.332Z
2022,0000141,숙명여자대학교,대학,대학교,서울,사립,3229299,191703217,19022303,114456,214069275,102221997,209.4,2026-08-01T02:42:38.332Z
2022,0000142,순천향대학교,대학,대학교,충남,사립,3727840,64176305,6571473,1500000,75975618,90761396,83.7,2026-08-01T02:42:38.332Z
2022,0000143,숭실대학교,대학,대학교,서울,사립,19846768,97714054,10718010,,128278831,136122954,94.2,2026-08-01T02:42:38.332Z
2022,0000144,신라대학교,대학,대학교,부산,사립,6723140,12220502,838811,,19782453,48880731,40.5,2026-08-01T02:42:38.332Z
2022,0002712,신한대학교,대학,대학교,경기,사립,3733688,131259,1029980,,4894927,55667074,8.8,2026-08-01T02:42:38.332Z
2022,0000145,아신대학교,대학,대학교,경기,사립,127182,588369,20539,,736089,5922124,12.4,2026-08-01T02:42:38.332Z
2022,0000146,아주대학교,대학,대학교,경기,사립,11223996,96371434,20264981,1039104,128899515,122302447,105.4,2026-08-01T02:42:38.332Z
2022,0000147,안양대학교,대학,대학교,경기,사립,2133170,11586013,2410580,,16129763,37354389,43.2,2026-08-01T02:42:38.332Z
2022,0000149,연세대학교,대학,대학교,서울,사립,37690099,630596664,30440560,24941132,723668455,404156048,179.1,2026-08-01T02:42:38.332Z
2022,0000151,영남대학교,대학,대학교,경북,사립,29431993,131876989,17761353,1014950,180085284,167133635,107.7,2026-08-01T02:42:38.332Z
2022,0000153,영남신학대학교,대학,대학교,경북,사립,237072,364203,1620,,602894,3943738,15.3,2026-08-01T02:42:38.332Z
2022,0003193,영산대학교(해운대),대학,대학교,부산,사립,4323957,3265440,1583308,,9172706,34027580,27,2026-08-01T02:42:38.332Z
2022,0000155,영산선학대학교,대학,대학교,전남,사립,39295,,,,39295,74000,53.1,2026-08-01T02:42:38.332Z
2022,0000228,예수대학교,대학,대학교,전북,사립,262476,,83945,17849,364270,3706606,9.8,2026-08-01T02:42:38.332Z
2022,0000218,예원예술대학교,대학,대학교,전북,사립,61005,,1714,,62719,12404803,0.5,2026-08-01T02:42:38.332Z
2022,0000156,용인대학교,대학,대학교,경기,사립,631169,91708148,745669,,93084986,46261087,201.2,2026-08-01T02:42:38.332Z
2022,0000157,우석대학교,대학,대학교,전북,사립,5186013,6878161,3139758,250000,15453933,51484159,30,2026-08-01T02:42:38.332Z
2022,0000240,우송대학교,대학,대학교,대전,사립,8402638,26738049,1556465,,36697152,75815689,48.4,2026-08-01T02:42:38.332Z
2022,0000158,울산대학교,대학,대학교,울산,사립,31914148,51006343,17764231,,100684722,97512142,103.3,2026-08-01T02:42:38.332Z
2022,0000159,원광대학교,대학,대학교,전북,사립,13319084,36157661,12947288,1500000,63924032,106665601,59.9,2026-08-01T02:42:38.332Z
2022,0000160,위덕대학교,대학,대학교,경북,사립,444292,2335898,402283,100000,3282473,18257635,18,2026-08-01T02:42:38.332Z
2022,0000154,유원대학교,대학,대학교,충북,사립,3095831,,865615,,3961446,22926317,17.3,2026-08-01T02:42:38.332Z
2022,0000161,을지대학교,대학,대학교,대전,사립,23974408,144142547,5993062,,174110018,38814915,448.6,2026-08-01T02:42:38.332Z
2022,0000163,이화여자대학교,대학,대학교,서울,사립,9678831,635004427,34110031,,678793290,200994722,337.7,2026-08-01T02:42:38.332Z
2022,0000164,인제대학교,대학,대학교,경남,사립,4302741,25732144,13820636,,43855522,66291855,66.2,2026-08-01T02:42:38.332Z
2022,0000168,인천가톨릭대학교,대학,대학교,인천,사립,609152,4652065,221924,,5483141,6044621,90.7,2026-08-01T02:42:38.332Z
2022,0000169,인하대학교,대학,대학교,인천,사립,5167496,39725375,8599091,,53491962,166197469,32.2,2026-08-01T02:42:38.332Z
2022,0000170,장로회신학대학교,대학,대학교,서울,사립,441743,35787056,,,36228799,15692854,230.9,2026-08-01T02:42:38.332Z
2022,0000171,전주대학교,대학,대학교,전북,사립,6402427,15716078,5465999,,27584505,76539348,36,2026-08-01T02:42:38.332Z
2022,0000248,제주국제대학교,대학,대학교,제주,사립,-1720695,440968,298455,,-981271,3649910,-26.9,2026-08-01T02:42:38.332Z
2022,0000172,조선대학교,대학,대학교,광주,사립,10117240,63016357,17652585,,90786183,138450565,65.6,2026-08-01T02:42:38.332Z
2022,0000173,중부대학교,대학,대학교,충남,사립,2877612,3680955,2527227,,9085794,59613073,15.2,2026-08-01T02:42:38.332Z
2022,0000175,중앙대학교,대학,대학교,서울,사립,11094057,111842442,16038326,1400000,140374825,260802781,53.8,2026-08-01T02:42:38.332Z
2022,0000177,중앙승가대학교,대학,대학교,경기,사립,593250,1054983,-53631,,1594603,534673,298.2,2026-08-01T02:42:38.332Z
2022,0000239,중원대학교,대학,대학교,충북,사립,-456766,496672,1538558,,1578464,23901166,6.6,2026-08-01T02:42:38.332Z
2022,0000187,차의과학대학교,대학,대학교,경기,사립,18039675,30731518,3182860,3000000,54954053,29105203,188.8,2026-08-01T02:42:38.332Z
2022,0000249,창신대학교,대학,대학교,경남,사립,994361,15750531,41397,,16786288,12636356,132.8,2026-08-01T02:42:38.332Z
2022,0000179,청주대학교,대학,대학교,충북,사립,9921605,241887004,878225,,252686834,85842951,294.4,2026-08-01T02:42:38.332Z
2022,0000246,초당대학교,대학,대학교,전남,사립,1622123,30911400,1800,,32535323,18976822,171.4,2026-08-01T02:42:38.332Z
2022,0000180,총신대학교,대학,대학교,서울,사립,2683746,39520534,112423,27621,42344325,23500321,180.2,2026-08-01T02:42:38.332Z
2022,0000181,추계예술대학교,대학,대학교,서울,사립,-1105814,156578,15892,,-933345,12356323,-7.6,2026-08-01T02:42:38.332Z
2022,0000184,칼빈대학교,대학,대학교,경기,사립,53332,104165,,,157497,8888224,1.8,2026-08-01T02:42:38.332Z
2022,0000186,평택대학교,대학,대학교,경기,사립,2218113,1848618,585394,,4652125,26838968,17.3,2026-08-01T02:42:38.332Z
2022,0000188,포항공과대학교,대학,대학교,경북,사립,46911373,90524289,32479568,40500000,210415230,25228774,834,2026-08-01T02:42:38.332Z
2022,0000247,한국공학대학교,대학,대학교,경기,사립,8205126,6861361,8162589,2003704,25232780,60223491,41.9,2026-08-01T02:42:38.332Z
2022,0000189,한국기술교육대학교,대학,대학교,충남,사립,1842839,5795400,9630949,8791134,26060321,20239055,128.8,2026-08-01T02:42:38.332Z
2022,0000191,한국성서대학교,대학,대학교,서울,사립,407122,224069,47853,,679044,7769245,8.7,2026-08-01T02:42:38.332Z
2022,0000192,한국외국어대학교,대학,대학교,서울,사립,5587145,11789506,5387350,500000,23264001,140036982,16.6,2026-08-01T02:42:38.332Z
2022,0000182,한국침례신학대학교,대학,대학교,대전,사립,692000,25994759,,,26686759,9361886,285.1,2026-08-01T02:42:38.332Z
2022,0000194,한국항공대학교,대학,대학교,경기,사립,807354,6410569,8160969,1750000,17128892,37939230,45.1,2026-08-01T02:42:38.332Z
2022,0000195,한남대학교,대학,대학교,대전,사립,6561702,9181839,3030569,1159862,19933972,81154765,24.6,2026-08-01T02:42:38.332Z
2022,0000196,한동대학교,대학,대학교,경북,사립,6016571,8127644,2980110,,17124325,31746130,53.9,2026-08-01T02:42:38.332Z
2022,0000197,한라대학교,대학,대학교,강원,사립,1135012,39000,591528,,1765540,19393197,9.1,2026-08-01T02:42:38.332Z
2022,0000198,한림대학교,대학,대학교,강원,사립,5296477,46578784,13207293,3800130,68882683,60498025,113.9,2026-08-01T02:42:38.332Z
2022,0000199,한서대학교,대학,대학교,충남,사립,6213122,2503726,2408404,,11125252,52721094,21.1,2026-08-01T02:42:38.332Z
2022,0000200,한성대학교,대학,대학교,서울,사립,4807356,15471109,3424661,,23703127,56891995,41.7,2026-08-01T02:42:38.332Z
2022,0000201,한세대학교,대학,대학교,경기,사립,732615,35130023,70849,,35933487,23244422,154.6,2026-08-01T02:42:38.332Z
2022,0000202,한신대학교,대학,대학교,경기,사립,7103338,27250822,684010,500000,35538170,37793076,94,2026-08-01T02:42:38.332Z
2022,0000203,한양대학교,대학,대학교,서울,사립,32076685,173281216,17735055,2206070,225299026,349738415,64.4,2026-08-01T02:42:38.332Z
2022,0000206,한일장신대학교,대학,대학교,전북,사립,282867,1030852,320334,,1634052,6702308,24.4,2026-08-01T02:42:38.332Z
2022,0000207,협성대학교,대학,대학교,경기,사립,754412,8224044,456356,,9434812,29690859,31.8,2026-08-01T02:42:38.332Z
2022,0000208,호남대학교,대학,대학교,광주,사립,10647864,38331970,2687201,,51667035,49146026,105.1,2026-08-01T02:42:38.332Z
2022,0000209,호남신학대학교,대학,대학교,광주,사립,1494942,1045886,151,,2540980,4790151,53,2026-08-01T02:42:38.332Z
2022,0000211,호서대학교,대학,대학교,충남,사립,7476932,49615349,15731771,,72824052,100507191,72.5,2026-08-01T02:42:38.332Z
2022,0000212,홍익대학교,대학,대학교,서울,사립,24658816,718409657,8421612,,751490084,192510423,390.4,2026-08-01T02:42:38.332Z
2022,0000233,화성의과학대학교,대학,대학교,경기,사립,-499918,,28501,,-471417,2738419,-17.2,2026-08-01T02:42:38.332Z
2022,0000284,청운대학교,대학,산업대학,충남,사립,3308622,9900297,910715,100000,14219635,40079934,35.5,2026-08-01T02:42:38.332Z
2022,0000282,호원대학교,대학,산업대학,전북,사립,975409,975958,108384,,2059752,34332417,6,2026-08-01T02:42:38.332Z
2022,0000663,개신대학원대학교,대학원대학,전문대학원,서울,사립,432894,,,,432894,1131197,38.3,2026-08-01T02:42:38.332Z
2022,0000643,건신대학원대학교,대학원대학,전문대학원,대전,사립,76748,,19310,,96058,994634,9.7,2026-08-01T02:42:38.332Z
2022,0000668,경안대학원대학교,대학원대학,전문대학원,경북,사립,10414,,,,10414,203508,5.1,2026-08-01T02:42:38.332Z
2022,0002857,구세군사관대학원대학교,대학원대학,특수대학원,경기,사립,285530,368246,,,653775,150400,434.7,2026-08-01T02:42:38.332Z
2022,0000657,국제뇌교육종합대학원대학교,대학원대학,전문대학원,충남,사립,114445,560000,12256,,686701,2313046,29.7,2026-08-01T02:42:38.332Z
2022,0000655,국제법률경영대학원대학교,대학원대학,전문대학원,경기,사립,-3084677,,,,-3084677,927069,-332.7,2026-08-01T02:42:38.332Z
2022,0000656,국제언어대학원대학교,대학원대학,전문대학원,서울,사립,239347,,12381,,251728,1092833,23,2026-08-01T02:42:38.332Z
2022,0002818,능인대학원대학교,대학원대학,전문대학원,경기,사립,11547,,,,11547,169820,6.8,2026-08-01T02:42:38.332Z
2022,0000641,대한신학대학원대학교,대학원대학,전문대학원,경기,사립,-2606335,,,,-2606335,1180038,-220.9,2026-08-01T02:42:38.332Z
2022,0000669,동방문화대학원대학교,대학원대학,전문대학원,서울,사립,934600,,177471,,1112071,2576513,43.2,2026-08-01T02:42:38.332Z
2022,0000642,베뢰아국제대학원대학교,대학원대학,전문대학원,서울,사립,60898,,,,60898,212683,28.6,2026-08-01T02:42:38.332Z
2022,0000670,북한대학원대학교,대학원대학,전문대학원,서울,사립,578633,6353975,153016,,7085624,1435131,493.7,2026-08-01T02:42:38.332Z
2022,0000666,서울과학종합대학원대학교,대학원대학,전문대학원,서울,사립,6822556,,1713287,,8535843,16152249,52.8,2026-08-01T02:42:38.332Z
2022,0000677,서울미디어대학원대학교,대학원대학,특수대학원,서울,사립,6220856,,98153,,6319009,1327250,476.1,2026-08-01T02:42:38.332Z
2022,0000660,서울벤처대학원대학교,대학원대학,전문대학원,서울,사립,3335036,1178866,133042,,4646944,2442914,190.2,2026-08-01T02:42:38.332Z
2022,0000658,서울불교대학원대학교,대학원대학,전문대학원,서울,사립,272046,,,,272046,1533672,17.7,2026-08-01T02:42:38.332Z
2022,0000653,서울사회복지대학원대학교,대학원대학,특수대학원,서울,사립,2620349,2448271,,,5068620,1099678,460.9,2026-08-01T02:42:38.332Z
2022,0000678,서울상담심리대학원대학교,대학원대학,전문대학원,서울,사립,17168514,,,,17168514,1147037,1496.8,2026-08-01T02:42:38.332Z
2022,0000650,서울성경신학대학원대학교,대학원대학,전문대학원,서울,사립,79567,364000,,,443567,423818,104.7,2026-08-01T02:42:38.332Z
2022,0000659,서울외국어대학원대학교,대학원대학,전문대학원,서울,사립,240006,218045,68078,,526128,2832575,18.6,2026-08-01T02:42:38.332Z
2022,0000667,선학유피대학원대학교,대학원대학,전문대학원,경기,사립,925407,2404109,,,3329516,600600,554.4,2026-08-01T02:42:38.332Z
2022,0000644,성산효대학원대학교,대학원대학,전문대학원,인천,사립,1459858,3354,,,1463212,1425874,102.6,2026-08-01T02:42:38.332Z
2022,0000661,성서침례대학원대학교,대학원대학,전문대학원,경기,사립,368648,1051,,,369699,347892,106.3,2026-08-01T02:42:38.332Z
2022,0000649,수도국제대학원대학교,대학원대학,전문대학원,서울,사립,374292,,,,374292,2527439,14.8,2026-08-01T02:42:38.332Z
2022,0000672,실천신학대학원대학교,대학원대학,전문대학원,경기,사립,342417,,,,342417,455915,75.1,2026-08-01T02:42:38.332Z
2022,0000662,에스라성경대학원대학교,대학원대학,전문대학원,경기,사립,60647,350373,,,411020,459472,89.5,2026-08-01T02:42:38.332Z
2022,0000651,예명대학원대학교,대학원대학,전문대학원,서울,사립,526612,,,,526612,1520408,34.6,2026-08-01T02:42:38.332Z
2022,0000654,온석대학원대학교,대학원대학,전문대학원,경기,사립,582222,,,,582222,1414528,41.2,2026-08-01T02:42:38.332Z
2022,0000645,원불교대학원대학교,대학원대학,전문대학원,전북,사립,58844,,,,58844,138000,42.6,2026-08-01T02:42:38.332Z
2022,0000646,웨스트민스터신학대학원대학교,대학원대학,전문대학원,경기,사립,1606961,1411254,,,3018214,3232964,93.4,2026-08-01T02:42:38.332Z
2022,0002668,제네바신학대학원대학교,대학원대학,전문대학원,경기,사립,14552,,,,14552,27500,52.9,2026-08-01T02:42:38.332Z
2022,0000680,주안대학원대학교,대학원대학,전문대학원,인천,사립,297614,22516,,,320130,348248,91.9,2026-08-01T02:42:38.332Z
2022,0002817,치유상담대학원대학교,대학원대학,전문대학원,서울,사립,228564,110000,,,338564,1198473,28.2,2026-08-01T02:42:38.332Z
2022,0000679,한국상담대학원대학교,대학원대학,전문대학원,서울,사립,241699,1667471,,,1909170,1253868,152.3,2026-08-01T02:42:38.332Z
2022,0000681,한국전력국제원자력대학원대학교,대학원대학,전문대학원,울산,사립,2196140,,897111,,3093251,5467284,56.6,2026-08-01T02:42:38.332Z
2022,0000673,한림국제대학원대학교,대학원대학,특수대학원,서울,사립,1189322,395297,53677,19799,1658096,2389307,69.4,2026-08-01T02:42:38.332Z
2022,0000676,한반도국제대학원대학교,대학원대학,특수대학원,서울,사립,59358,122102,,,181460,227200,79.9,2026-08-01T02:42:38.332Z
2022,0000647,합동신학대학원대학교,대학원대학,전문대학원,경기,사립,25094,4312536,,,4337630,1929648,224.8,2026-08-01T02:42:38.332Z
2022,0000648,횃불트리니티신학대학원대학교,대학원대학,전문대학원,서울,사립,235830,1402431,,,1638262,2647576,61.9,2026-08-01T02:42:38.332Z
2022,0000410,가톨릭상지대학교,전문대학,전문대학,경북,사립,503642,5620147,597789,,6721578,10246469,65.6,2026-08-01T02:42:38.332Z
2022,0000433,강동대학교,전문대학,전문대학,충북,사립,280561,1126417,168730,,1575708,17191714,9.2,2026-08-01T02:42:38.332Z
2022,0000514,강릉영동대학교,전문대학,전문대학,강원,사립,2628956,35618,97495,,2762069,13323032,20.7,2026-08-01T02:42:38.332Z
2022,0000548,강원관광대학교,전문대학,전문대학,강원,사립,640253,,102048,,742300,2209006,33.6,2026-08-01T02:42:38.332Z
2022,0000412,거제대학교,전문대학,전문대학,경남,사립,839152,1820549,380277,,3039978,5988771,50.8,2026-08-01T02:42:38.332Z
2022,0000560,경기과학기술대학교,전문대학,전문대학,경기,사립,2781845,,906181,,3688026,27281818,13.5,2026-08-01T02:42:38.332Z
2022,0002640,경남정보대학교,전문대학,전문대학,부산,사립,3603272,18620056,583411,,22806739,34328391,66.4,2026-08-01T02:42:38.332Z
2022,0000416,경민대학교,전문대학,전문대학,경기,사립,-876772,32488,741467,,-102817,24176970,-0.4,2026-08-01T02:42:38.332Z
2022,0002641,경복대학교,전문대학,전문대학,경기,사립,6229910,15591836,1293244,340440,23455431,37830083,62,2026-08-01T02:42:38.332Z
2022,0000456,경북과학대학교,전문대학,전문대학,경북,사립,2318826,,138912,,2457738,9584293,25.6,2026-08-01T02:42:38.332Z
2022,0000438,경북보건대학교,전문대학,전문대학,경북,사립,-198875,1462860,294777,,1558761,6940519,22.5,2026-08-01T02:42:38.332Z
2022,0002642,경북전문대학교,전문대학,전문대학,경북,사립,10281984,20798384,292283,,31372651,15005574,209.1,2026-08-01T02:42:38.332Z
2022,0000422,경인여자대학교,전문대학,전문대학,인천,사립,873183,62317483,1000001,,64190667,24368557,263.4,2026-08-01T02:42:38.332Z
2022,0000425,계명문화대학교,전문대학,전문대학,대구,사립,1792683,43907608,349940,,46050231,25582939,180,2026-08-01T02:42:38.332Z
2022,0000426,계원예술대학교,전문대학,전문대학,경기,사립,1555232,4899533,385211,,6839975,20483729,33.4,2026-08-01T02:42:38.332Z
2022,0000435,나주대학교,전문대학,전문대학,전남,사립,-3956550,2,45844,,-3910704,5683897,-68.8,2026-08-01T02:42:38.332Z
2022,0000428,광양보건대학교,전문대학,전문대학,전남,사립,-6297514,,38244,,-6259270,932283,-671.4,2026-08-01T02:42:38.332Z
2022,0000429,광주보건대학교,전문대학,전문대학,광주,사립,341341,4054547,236092,,4631980,18629463,24.9,2026-08-01T02:42:38.332Z
2022,0000430,구미대학교,전문대학,전문대학,경북,사립,11628248,61815104,3887550,1015948,78346849,30907704,253.5,2026-08-01T02:42:38.332Z
2022,0000549,국제대학교,전문대학,전문대학,경기,사립,768145,3823380,199065,,4790591,16912483,28.3,2026-08-01T02:42:38.332Z
2022,0002971,군산간호대학교,전문대학,전문대학,전북,사립,370427,1559814,74335,,2004576,7263544,27.6,2026-08-01T02:42:38.332Z
2022,0000432,군장대학교,전문대학,전문대학,전북,사립,1013609,,140175,,1153784,9506394,12.1,2026-08-01T02:42:38.332Z
2022,0002972,기독간호대학교,전문대학,전문대학,광주,사립,86126,1976456,298922,,2361504,3191947,74,2026-08-01T02:42:38.332Z
2022,0000440,김포대학교,전문대학,전문대학,경기,사립,1142793,19444211,470714,,21057718,12290389,171.3,2026-08-01T02:42:38.332Z
2022,0000569,김해대학교,전문대학,전문대학,경남,사립,97523,,65371,,162893,8459487,1.9,2026-08-01T02:42:38.332Z
2022,0000441,농협대학교,전문대학,전문대학,경기,사립,-278237,7722736,893970,,8338470,1981745,420.8,2026-08-01T02:42:38.332Z
2022,0000442,대경대학교,전문대학,전문대학,경북,사립,-1311042,,515452,,-795589,22407581,-3.6,2026-08-01T02:42:38.332Z
2022,0000443,대구공업대학교,전문대학,전문대학,대구,사립,909339,10412807,227934,,11550080,8377818,137.9,2026-08-01T02:42:38.332Z
2022,0000446,대구과학대학교,전문대학,전문대학,대구,사립,1638467,5378383,376971,,7393820,23276944,31.8,2026-08-01T02:42:38.332Z
2022,0000444,대구보건대학교,전문대학,전문대학,대구,사립,2959669,1078613,1064118,,5102400,40137561,12.7,2026-08-01T02:42:38.332Z
2022,0000447,대동대학교,전문대학,전문대학,부산,사립,151455,5576691,4386,,5732532,8604915,66.6,2026-08-01T02:42:38.332Z
2022,0000448,대림대학교,전문대학,전문대학,경기,사립,1615699,44265499,1956766,,47837964,44575626,107.3,2026-08-01T02:42:38.332Z
2022,0000449,대원대학교,전문대학,전문대학,충북,사립,3309617,13855885,951648,,18117150,11449023,158.2,2026-08-01T02:42:38.332Z
2022,0000453,대전과학기술대학교,전문대학,전문대학,대전,사립,90951,6023818,313503,,6428272,22419509,28.7,2026-08-01T02:42:38.332Z
2022,0000451,대전보건대학교,전문대학,전문대학,대전,사립,1295258,53153048,1449251,,55897556,26735466,209.1,2026-08-01T02:42:38.332Z
2022,0000460,동강대학교,전문대학,전문대학,광주,사립,-830192,1662868,110650,,943326,12682221,7.4,2026-08-01T02:42:38.332Z
2022,0000457,동남보건대학교,전문대학,전문대학,경기,사립,16499024,8124050,246680,,24869754,29216302,85.1,2026-08-01T02:42:38.332Z
2022,0000450,동서울대학교,전문대학,전문대학,경기,사립,3559737,9067152,1083097,,13709986,37251623,36.8,2026-08-01T02:42:38.332Z
2022,0000461,동아방송예술대학교,전문대학,전문대학,경기,사립,425428,1028430,136238,,1590096,22101886,7.2,2026-08-01T02:42:38.332Z
2022,0000462,동아보건대학교,전문대학,전문대학,전남,사립,1269483,3525623,44513,,4839619,6000555,80.7,2026-08-01T02:42:38.332Z
2022,0000463,동양미래대학교,전문대학,전문대학,서울,사립,1532603,70564866,2194333,,74291803,37053750,200.5,2026-08-01T02:42:38.332Z
2022,0000509,동원과학기술대학교,전문대학,전문대학,경남,사립,781583,32600000,579434,,33961017,12621922,269.1,2026-08-01T02:42:38.332Z
2022,0000465,동원대학교,전문대학,전문대학,경기,사립,-1408984,5384340,162791,,4138146,16184798,25.6,2026-08-01T02:42:38.332Z
2022,0000466,동의과학대학교,전문대학,전문대학,부산,사립,817153,4940912,1982731,,7740796,24260350,31.9,2026-08-01T02:42:38.332Z
2022,0000469,두원공과대학교,전문대학,전문대학,경기,사립,21734175,47893639,8504,,69636318,15846176,439.5,2026-08-01T02:42:38.332Z
2022,0000470,마산대학교,전문대학,전문대학,경남,사립,3571717,113320225,609954,,117501896,30879448,380.5,2026-08-01T02:42:38.332Z
2022,0000473,명지전문대학,전문대학,전문대학,서울,사립,1522796,41142635,350968,,43016399,40844495,105.3,2026-08-01T02:42:38.332Z
2022,0000474,목포과학대학교,전문대학,전문대학,전남,사립,4074599,3650812,286997,,8012408,12800919,62.6,2026-08-01T02:42:38.332Z
2022,0000475,문경대학교,전문대학,전문대학,경북,사립,800773,1242731,201139,,2244643,4806832,46.7,2026-08-01T02:42:38.332Z
2022,0000476,배화여자대학교,전문대학,전문대학,서울,사립,952550,26119507,230944,,27303001,15207011,179.5,2026-08-01T02:42:38.332Z
2022,0000543,백석문화대학교,전문대학,전문대학,충남,사립,327657,37455193,1556444,,39339294,28243051,139.3,2026-08-01T02:42:38.332Z
2022,0000477,백제예술대학교,전문대학,전문대학,전북,사립,31121,3425288,1871,,3458280,7399856,46.7,2026-08-01T02:42:38.332Z
2022,0000479,부산경상대학교,전문대학,전문대학,부산,사립,2612558,11611847,736857,,14961263,12774848,117.1,2026-08-01T02:42:38.332Z
2022,0000481,부산과학기술대학교,전문대학,전문대학,부산,사립,603053,2527558,855336,,3985946,17697279,22.5,2026-08-01T02:42:38.332Z
2022,0000467,부산보건대학교,전문대학,전문대학,부산,사립,8780952,2886688,687147,,12354788,13856499,89.2,2026-08-01T02:42:38.332Z
2022,0000480,부산여자대학교,전문대학,전문대학,부산,사립,3510116,35347831,343145,,39201092,12568537,311.9,2026-08-01T02:42:38.332Z
2022,0000561,부산예술대학교,전문대학,전문대학,부산,사립,-460164,202550,3187,,-254427,3411277,-7.5,2026-08-01T02:42:38.332Z
2022,0000482,부천대학교,전문대학,전문대학,경기,사립,2944279,25123847,2216215,,30284341,46671827,64.9,2026-08-01T02:42:38.332Z
2022,0000483,삼육보건대학교,전문대학,전문대학,서울,사립,279259,5635541,223019,,6137819,7438444,82.5,2026-08-01T02:42:38.332Z
2022,0002645,서라벌대학교,전문대학,전문대학,경북,사립,1044160,1525646,186749,,2756556,3334748,82.7,2026-08-01T02:42:38.332Z
2022,0002646,서영대학교,전문대학,전문대학,광주,사립,-323495,,492783,,169288,26886583,0.6,2026-08-01T02:42:38.332Z
2022,0002973,서울여자간호대학교,전문대학,전문대학,서울,사립,719700,2895661,256880,,3872241,5764146,67.2,2026-08-01T02:42:38.332Z
2022,0000489,서울예술대학교,전문대학,전문대학,경기,사립,11257492,46825498,150497,,58233487,24825615,234.6,2026-08-01T02:42:38.332Z
2022,0000490,서일대학교,전문대학,전문대학,서울,사립,35717187,32189162,659243,,68565592,33622676,203.9,2026-08-01T02:42:38.332Z
2022,0000566,서정대학교,전문대학,전문대학,경기,사립,9277005,10681728,135356,,20094089,40789247,49.3,2026-08-01T02:42:38.332Z
2022,0000550,선린대학교,전문대학,전문대학,경북,사립,6587730,9782264,41876,,16411870,11836232,138.7,2026-08-01T02:42:38.332Z
2022,0002647,성운대학교,전문대학,전문대학,경북,사립,563092,423958,160008,,1147057,7230405,15.9,2026-08-01T02:42:38.332Z
2022,0000515,세경대학교,전문대학,전문대학,강원,사립,3700271,8567640,170726,,12438638,4439210,280.2,2026-08-01T02:42:38.332Z
2022,0000564,송호대학교,전문대학,전문대학,강원,사립,-1011096,827823,209653,,26380,4494704,0.6,2026-08-01T02:42:38.332Z
2022,0002649,수성대학교,전문대학,전문대학,대구,사립,1344738,10250360,474783,,12069881,18406232,65.6,2026-08-01T02:42:38.332Z
2022,0000497,수원과학대학교,전문대학,전문대학,경기,사립,16225224,95849182,567951,,112642357,21799790,516.7,2026-08-01T02:42:38.332Z
2022,0000496,수원여자대학교,전문대학,전문대학,경기,사립,6686778,32585001,567757,,39839535,24965115,159.6,2026-08-01T02:42:38.332Z
2022,0000498,순천제일대학교,전문대학,전문대학,전남,사립,13374084,14924402,192216,,28490702,13302906,214.2,2026-08-01T02:42:38.332Z
2022,0000500,숭의여자대학교,전문대학,전문대학,서울,사립,6372105,52580519,9809,,58962433,17462563,337.7,2026-08-01T02:42:38.332Z
2022,0000501,신구대학교,전문대학,전문대학,경기,사립,5054291,65914308,2322145,,73290744,40655219,180.3,2026-08-01T02:42:38.332Z
2022,0000502,신성대학교,전문대학,전문대학,충남,사립,1906694,21240602,1301393,,24448689,18742198,130.4,2026-08-01T02:42:38.332Z
2022,0000506,신안산대학교,전문대학,전문대학,경기,사립,-15058453,3451285,507916,,-11099252,15878531,-69.9,2026-08-01T02:42:38.332Z
2022,0000454,아주자동차대학교,전문대학,전문대학,충남,사립,142803,5491297,389586,,6023686,4332590,139,2026-08-01T02:42:38.332Z
2022,0002650,안동과학대학교,전문대학,전문대학,경북,사립,504158,12976193,294181,,13774532,12448701,110.7,2026-08-01T02:42:38.332Z
2022,0000507,안산대학교,전문대학,전문대학,경기,사립,3138710,65900779,505699,,69545188,24433664,284.6,2026-08-01T02:42:38.332Z
2022,0000510,여주대학교,전문대학,전문대학,경기,사립,134507,5097343,386917,,5618766,25423747,22.1,2026-08-01T02:42:38.332Z
2022,0002651,연성대학교,전문대학,전문대학,경기,사립,6534332,97822740,1296927,,105654000,35954688,293.9,2026-08-01T02:42:38.332Z
2022,0002652,연암공과대학교,전문대학,전문대학,경남,사립,2642899,1801606,263497,,4708002,6692814,70.3,2026-08-01T02:42:38.332Z
2022,0000512,연암대학교,전문대학,전문대학,충남,사립,1830132,331240,272416,,2433788,6572986,37,2026-08-01T02:42:38.332Z
2022,0000418,영남외국어대학,전문대학,전문대학,경북,사립,2796455,5084481,,,7880936,2046132,385.2,2026-08-01T02:42:38.332Z
2022,0000513,영남이공대학교,전문대학,전문대학,대구,사립,7689682,39481707,758387,,47929776,33041283,145.1,2026-08-01T02:42:38.332Z
2022,0000517,영진전문대학교,전문대학,전문대학,대구,사립,2510397,99368134,4243025,9266,106130820,40367834,262.9,2026-08-01T02:42:38.332Z
2022,0002653,오산대학교,전문대학,전문대학,경기,사립,804648,64859092,1945254,,67608994,24969513,270.8,2026-08-01T02:42:38.332Z
2022,0000520,용인예술과학대학교,전문대학,전문대학,경기,사립,884969,17994290,1230369,,20109629,19111473,105.2,2026-08-01T02:42:38.332Z
2022,0000452,우송정보대학,전문대학,전문대학,대전,사립,2372429,30831427,249772,,33453627,19397369,172.5,2026-08-01T02:42:38.332Z
2022,0000521,울산과학대학교,전문대학,전문대학,울산,사립,4209360,16941642,4237215,10000,25398218,31252228,81.3,2026-08-01T02:42:38.332Z
2022,0000523,원광보건대학교,전문대학,전문대학,전북,사립,6119513,18674067,703658,,25497239,24410557,104.5,2026-08-01T02:42:38.332Z
2022,0000524,유한대학교,전문대학,전문대학,경기,사립,1270003,31003990,825230,,33099222,27038664,122.4,2026-08-01T02:42:38.332Z
2022,0000525,인덕대학교,전문대학,전문대학,서울,사립,3630967,4965035,490479,210000,9296481,36508083,25.5,2026-08-01T02:42:38.332Z
2022,0000455,재능대학교,전문대학,전문대학,인천,사립,2309446,10324583,909863,,13543891,18345148,73.8,2026-08-01T02:42:38.332Z
2022,0002654,인하공업전문대학,전문대학,전문대학,인천,사립,696068,60447878,959872,,62103817,44323055,140.1,2026-08-01T02:42:38.332Z
2022,0000527,장안대학교,전문대학,전문대학,경기,사립,688962,20940540,122162,,21751665,19742285,110.2,2026-08-01T02:42:38.332Z
2022,0000529,전남과학대학교,전문대학,전문대학,전남,사립,2298165,19154771,1430172,,22883108,16520143,138.5,2026-08-01T02:42:38.332Z
2022,0000531,전북과학대학교,전문대학,전문대학,전북,사립,21307648,7746922,139890,,29194460,8849714,329.9,2026-08-01T02:42:38.332Z
2022,0000437,전주기전대학,전문대학,전문대학,전북,사립,1175401,5881025,426817,,7483243,8766672,85.4,2026-08-01T02:42:38.332Z
2022,0000530,전주비전대학교,전문대학,전문대학,전북,사립,11450273,3132061,1420751,,16003085,18992662,84.3,2026-08-01T02:42:38.332Z
2022,0000532,제주관광대학교,전문대학,전문대학,제주,사립,224181,1008035,299531,,1531747,7112089,21.5,2026-08-01T02:42:38.332Z
2022,0002655,제주한라대학교,전문대학,전문대학,제주,사립,2911597,2253894,376998,,5542489,23241928,23.8,2026-08-01T02:42:38.332Z
2022,0002974,조선간호대학교,전문대학,전문대학,광주,사립,140405,7154111,33322,,7327837,3759795,194.9,2026-08-01T02:42:38.332Z
2022,0000534,조선이공대학교,전문대학,전문대학,광주,사립,856762,33194675,506242,,34557679,15995475,216,2026-08-01T02:42:38.332Z
2022,0000539,진주보건대학교,전문대학,전문대학,경남,사립,1449793,100463796,64078,,101977667,14945033,682.4,2026-08-01T02:42:38.332Z
2022,0000542,창원문성대학교,전문대학,전문대학,경남,사립,258999,52886678,2279196,,55424873,8799353,629.9,2026-08-01T02:42:38.332Z
2022,0000544,청강문화산업대학교,전문대학,전문대학,경기,사립,3877869,40612390,836258,,45326517,25281478,179.3,2026-08-01T02:42:38.332Z
2022,0002656,청암대학교,전문대학,전문대학,전남,사립,777298,2803857,535606,,4116761,12706363,32.4,2026-08-01T02:42:38.332Z
2022,0000545,춘해보건대학교,전문대학,전문대학,울산,사립,544000,12820655,386291,,13750946,15774560,87.2,2026-08-01T02:42:38.332Z
2022,0000536,충북보건과학대학교,전문대학,전문대학,충북,사립,798344,600000,641976,,2040319,14052148,14.5,2026-08-01T02:42:38.332Z
2022,0000547,충청대학교,전문대학,전문대학,충북,사립,584335,19524025,944762,,21053122,18752479,112.3,2026-08-01T02:42:38.332Z
2022,0002658,포항대학교,전문대학,전문대학,경북,사립,-576006,71010,501525,,-3471,9010421,0,2026-08-01T02:42:38.332Z
2022,0000578,한국골프과학기술대학교,전문대학,전문대학,강원,사립,-239998,28512,-44669,,-256155,3150178,-8.1,2026-08-01T02:42:38.332Z
2022,0000565,한국관광대학교,전문대학,전문대학,경기,사립,617789,63604857,47556,,64270201,8936044,719.2,2026-08-01T02:42:38.332Z
2022,0000570,한국승강기대학교,전문대학,전문대학,경남,사립,1275945,3076718,211367,,4564030,4232043,107.8,2026-08-01T02:42:38.332Z
2022,0000522,한국영상대학교,전문대학,전문대학,세종,사립,2115408,14471770,1230760,,17817939,18357494,97.1,2026-08-01T02:42:38.332Z
2022,0000553,한림성심대학교,전문대학,전문대학,강원,사립,2496209,8608175,629727,,11734111,15478344,75.8,2026-08-01T02:42:38.332Z
2022,0000554,한양여자대학교,전문대학,전문대학,서울,사립,7195913,67892554,2682584,,77771052,40166358,193.6,2026-08-01T02:42:38.332Z
2022,0000555,한영대학교,전문대학,전문대학,전남,사립,1490276,1591646,1539376,,4621297,7517157,61.5,2026-08-01T02:42:38.332Z
2022,0000556,혜전대학교,전문대학,전문대학,충남,사립,927517,39874150,191504,,40993171,13966081,293.5,2026-08-01T02:42:38.332Z
2022,0000415,호산대학교,전문대학,전문대학,경북,사립,288986,2275783,90014,,2654783,10053741,26.4,2026-08-01T02:42:38.332Z
2022,0000335,건양사이버대학교,대학,사이버대학(대학),대전,사립,22035649,2757092,53988,,24846729,8870351,280.1,2026-08-01T02:42:38.332Z
2022,0000318,경희사이버대학교,대학,사이버대학(대학),서울,사립,3981512,33745840,,,37727352,31843221,118.5,2026-08-01T02:42:38.332Z
2022,0000328,고려사이버대학교,대학,사이버대학(대학),서울,사립,35468428,5086874,101290,,40656593,21182948,191.9,2026-08-01T02:42:38.332Z
2022,0000319,국제사이버대학교,대학,사이버대학(대학),경기,사립,7884386,3400000,2228,,11286614,8236223,137,2026-08-01T02:42:38.332Z
2022,0000334,글로벌사이버대학교,대학,사이버대학(대학),충남,사립,2350278,1024200,6228,,3380706,5491558,61.6,2026-08-01T02:42:38.332Z
2022,0000320,대구사이버대학교,대학,사이버대학(대학),경북,사립,972173,10480790,113318,,11566281,10676276,108.3,2026-08-01T02:42:38.332Z
2022,0000330,디지털서울문화예술대학교,대학,사이버대학(대학),서울,사립,1214555,1218834,46760,,2480148,11973164,20.7,2026-08-01T02:42:38.332Z
2022,0000321,부산디지털대학교,대학,사이버대학(대학),부산,사립,1541595,11000000,147904,,12689499,6154615,206.2,2026-08-01T02:42:38.332Z
2022,0000332,사이버한국외국어대학교,대학,사이버대학(대학),서울,사립,10441909,1766571,98619,,12307099,15692739,78.4,2026-08-01T02:42:38.332Z
2022,0000322,서울디지털대학교,대학,사이버대학(대학),서울,사립,43209981,15556153,,,58766133,24992593,235.1,2026-08-01T02:42:38.332Z
2022,0000323,서울사이버대학교,대학,사이버대학(대학),서울,사립,2885588,108675,249925,,3244188,44299608,7.3,2026-08-01T02:42:38.332Z
2022,0000325,세종사이버대학교,대학,사이버대학(대학),서울,사립,18109296,1217579,163282,,19490156,28873679,67.5,2026-08-01T02:42:38.332Z
2022,0000329,숭실사이버대학교,대학,사이버대학(대학),서울,사립,27127556,5682005,386443,,33196004,19761211,168,2026-08-01T02:42:38.332Z
2022,0000327,원광디지털대학교,대학,사이버대학(대학),전북,사립,7082987,4147161,164387,,11394535,16016243,71.1,2026-08-01T02:42:38.332Z
2022,0000326,한국열린사이버대학교,대학,사이버대학(대학),서울,사립,15070023,,60674,,15130697,12376369,122.3,2026-08-01T02:42:38.332Z
2022,0000331,한양사이버대학교,대학,사이버대학(대학),서울,사립,76699396,5257000,512604,,82469000,49963836,165.1,2026-08-01T02:42:38.332Z
2022,0000333,화신사이버대학교,대학,사이버대학(대학),부산,사립,2693283,1388949,11417,,4093649,3874566,105.7,2026-08-01T02:42:38.332Z
2022,0000575,영진사이버대학교,전문대학,사이버대학(전문대학),대구,사립,18149139,9307593,,,27456732,9763758,281.2,2026-08-01T02:42:38.332Z
2022,0000576,한국복지사이버대학교,전문대학,사이버대학(전문대학),경북,사립,4444101,455910,,,4900011,6395040,76.6,2026-08-01T02:42:38.332Z
2023,0002748,가야대학교(김해),대학,대학교,경남,사립,2219707,27074722,167160,,29461589,12007895,245.4,2026-08-01T02:42:38.332Z
2023,0000063,가천대학교,대학,대학교,경기,사립,10424187,72701342,14671159,,97796688,188602328,51.9,2026-08-01T02:42:38.332Z
2023,0000072,가톨릭관동대학교,대학,대학교,강원,사립,4038900,8438995,1696460,,14174355,44582325,31.8,2026-08-01T02:42:38.332Z
2023,0000215,가톨릭꽃동네대학교,대학,대학교,충북,사립,551401,2881897,43950,,3477248,3318158,104.8,2026-08-01T02:42:38.332Z
2023,0000046,가톨릭대학교,대학,대학교,경기,사립,9856659,119564619,25196574,,154617851,89776143,172.2,2026-08-01T02:42:38.332Z
2023,0000050,감리교신학대학교,대학,대학교,서울,사립,3402741,8699177,17433,,12119351,7236508,167.5,2026-08-01T02:42:38.332Z
2023,0000051,강남대학교,대학,대학교,경기,사립,3322192,6595614,3738773,,13656579,50169873,27.2,2026-08-01T02:42:38.332Z
2023,0000079,강서대학교,대학,대학교,서울,사립,305495,2075131,98360,,2478986,10629653,23.3,2026-08-01T02:42:38.332Z
2023,0000052,건국대학교,대학,대학교,서울,사립,12775589,87897839,28593459,7200010,136466898,230009484,59.3,2026-08-01T02:42:38.332Z
2023,0000054,건양대학교,대학,대학교,충남,사립,11156182,102591583,2967117,,116714882,48164101,242.3,2026-08-01T02:42:38.332Z
2023,0000056,경기대학교,대학,대학교,경기,사립,19514175,46756544,7216835,3003514,76491068,116511536,65.7,2026-08-01T02:42:38.332Z
2023,0000059,경남대학교,대학,대학교,경남,사립,11585004,98913154,4222177,,114720336,64813106,177,2026-08-01T02:42:38.332Z
2023,0000060,경동대학교,대학,대학교,강원,사립,30345841,13911400,375214,,44632455,60122239,74.2,2026-08-01T02:42:38.332Z
2023,0000062,경성대학교,대학,대학교,부산,사립,6212336,25674060,3392575,,35278970,80362780,43.9,2026-08-01T02:42:38.332Z
2023,0000244,경운대학교,대학,대학교,경북,사립,1444079,399989,1813805,,3657872,34261725,10.7,2026-08-01T02:42:38.332Z
2023,0000064,경일대학교,대학,대학교,경북,사립,9714986,8306782,5910214,,23931983,47554683,50.3,2026-08-01T02:42:38.332Z
2023,0000066,경희대학교,대학,대학교,서울,사립,4417713,112617269,38048853,5067680,160151516,304022097,52.7,2026-08-01T02:42:38.332Z
2023,0000068,계명대학교,대학,대학교,대구,사립,15264140,230617220,12486928,2022910,260391198,158962355,163.8,2026-08-01T02:42:38.332Z
2023,0000069,고려대학교,대학,대학교,서울,사립,31312509,328875394,66605358,,426793260,370357889,115.2,2026-08-01T02:42:38.332Z
2023,0000071,고신대학교,대학,대학교,부산,사립,1675462,3645066,618749,,5939278,24914152,23.8,2026-08-01T02:42:38.332Z
2023,0000073,광신대학교,대학,대학교,광주,사립,209774,4844,,,214618,5377222,4,2026-08-01T02:42:38.332Z
2023,0000074,광운대학교,대학,대학교,서울,사립,4565298,22073840,9772935,,36412072,77906966,46.7,2026-08-01T02:42:38.332Z
2023,0000075,광주가톨릭대학교,대학,대학교,전남,사립,186394,20431351,,,20617745,,0,2026-08-01T02:42:38.332Z
2023,0000231,광주대학교,대학,대학교,광주,사립,9097973,13106633,2709466,102600,25016672,37543727,66.6,2026-08-01T02:42:38.332Z
2023,0000076,광주여자대학교,대학,대학교,광주,사립,4085516,13367000,504081,,17956597,22747680,78.9,2026-08-01T02:42:38.332Z
2023,0000078,국민대학교,대학,대학교,서울,사립,1639239,159054871,-7030301,3000000,156663809,156170436,100.3,2026-08-01T02:42:38.332Z
2023,0000080,극동대학교,대학,대학교,충북,사립,-597983,221677,286684,,-89623,22301410,-0.4,2026-08-01T02:42:38.332Z
2023,0000224,금강대학교,대학,대학교,충남,사립,1009272,1194140,504473,,2707886,1101988,245.7,2026-08-01T02:42:38.332Z
2023,0000241,김천대학교,대학,대학교,경북,사립,1009553,,63983,,1073537,16730774,6.4,2026-08-01T02:42:38.332Z
2023,0000081,나사렛대학교,대학,대학교,충남,사립,3243280,7289266,288180,,10820726,34449980,31.4,2026-08-01T02:42:38.332Z
2023,0000216,남부대학교,대학,대학교,광주,사립,3273711,11030530,372661,,14676902,18989062,77.3,2026-08-01T02:42:38.332Z
2023,0000245,남서울대학교,대학,대학교,충남,사립,6327534,13889949,2962702,900000,24080185,73303654,32.8,2026-08-01T02:42:38.332Z
2023,0000082,단국대학교,대학,대학교,경기,사립,8515535,26336472,17869653,,52721660,222137032,23.7,2026-08-01T02:42:38.332Z
2023,0000088,대구가톨릭대학교,대학,대학교,경북,사립,7109124,73489694,3697632,2981769,87278218,84516041,103.3,2026-08-01T02:42:38.332Z
2023,0000084,대구대학교,대학,대학교,경북,사립,12622575,109257451,2430286,1521907,125832218,115422609,109,2026-08-01T02:42:38.332Z
2023,0000087,대구예술대학교,대학,대학교,경북,사립,2331805,4463100,119793,,6914698,3277672,211,2026-08-01T02:42:38.332Z
2023,0000061,대구한의대학교,대학,대학교,경북,사립,3915199,9699576,3520323,,17135098,48290503,35.5,2026-08-01T02:42:38.332Z
2023,0000093,대신대학교,대학,대학교,경북,사립,487582,1148988,26636,,1663206,3523074,47.2,2026-08-01T02:42:38.332Z
2023,0000094,대전가톨릭대학교,대학,대학교,세종,사립,90060,3159420,,,3249480,335560,968.4,2026-08-01T02:42:38.332Z
2023,0000095,대전대학교,대학,대학교,대전,사립,8835335,20290434,4055779,,33181548,61681834,53.8,2026-08-01T02:42:38.332Z
2023,0000238,대전신학대학교,대학,대학교,대전,사립,-507711,,,,-507711,783875,-64.8,2026-08-01T02:42:38.332Z
2023,0000097,대진대학교,대학,대학교,경기,사립,4753345,2702227,1012711,,8468283,54285620,15.6,2026-08-01T02:42:38.332Z
2023,0000099,덕성여자대학교,대학,대학교,서울,사립,1215543,74599617,2925406,,78740566,40439892,194.7,2026-08-01T02:42:38.332Z
2023,0000100,동국대학교,대학,대학교,서울,사립,26853275,88822475,27220460,244259,143140469,211828189,67.6,2026-08-01T02:42:38.332Z
2023,0000102,동덕여자대학교,대학,대학교,서울,사립,2370512,223671864,1159517,,227201893,51619150,440.2,2026-08-01T02:42:38.332Z
2023,0000235,동명대학교,대학,대학교,부산,사립,4293855,27143248,5498987,46972,36983062,47258991,78.3,2026-08-01T02:42:38.332Z
2023,0000103,동서대학교,대학,대학교,부산,사립,7638246,32854534,752592,,41245373,59479492,69.3,2026-08-01T02:42:38.332Z
2023,0000104,동신대학교,대학,대학교,전남,사립,3125923,17664941,3708343,2097591,26596798,42018401,63.3,2026-08-01T02:42:38.332Z
2023,0000105,동아대학교,대학,대학교,부산,사립,5441130,53901507,11678473,5100000,76121109,139493098,54.6,2026-08-01T02:42:38.332Z
2023,0000106,동양대학교,대학,대학교,경북,사립,-2219860,,897412,,-1322447,27614029,-4.8,2026-08-01T02:42:38.332Z
2023,0000107,동의대학교,대학,대학교,부산,사립,3998648,10504141,7699421,503279,22705489,95156994,23.9,2026-08-01T02:42:38.332Z
2023,0000108,루터대학교,대학,대학교,경기,사립,208848,155794,108206,,472848,2423710,19.5,2026-08-01T02:42:38.332Z
2023,0000109,명지대학교,대학,대학교,경기,사립,-5329970,2262629,12373746,,9306405,128887718,7.2,2026-08-01T02:42:38.332Z
2023,0000112,목원대학교,대학,대학교,대전,사립,4969876,3973606,4370792,,13314274,51973770,25.6,2026-08-01T02:42:38.332Z
2023,0000221,목포가톨릭대학교,대학,대학교,전남,사립,328426,3879324,25959,,4233709,3281371,129,2026-08-01T02:42:38.332Z
2023,0000113,배재대학교,대학,대학교,대전,사립,6742065,21506879,3165896,,31414840,53496788,58.7,2026-08-01T02:42:38.332Z
2023,0000178,백석대학교,대학,대학교,충남,사립,6283846,96823237,1060007,4300000,108467090,108822942,99.7,2026-08-01T02:42:38.332Z
2023,0000114,부산가톨릭대학교,대학,대학교,부산,사립,1819564,25588138,2755806,,30163508,24012434,125.6,2026-08-01T02:42:38.332Z
2023,0000115,부산외국어대학교,대학,대학교,부산,사립,4491859,5530484,2291415,,12313757,42208168,29.2,2026-08-01T02:42:38.332Z
2023,0000222,부산장신대학교,대학,대학교,경남,사립,3185198,718094,,,3903291,1937504,201.5,2026-08-01T02:42:38.332Z
2023,0000116,삼육대학교,대학,대학교,서울,사립,8056475,21840191,1763183,,31659848,48986029,64.6,2026-08-01T02:42:38.332Z
2023,0000117,상명대학교,대학,대학교,서울,사립,4877601,26138202,8913259,500000,40429062,102362273,39.5,2026-08-01T02:42:38.332Z
2023,0000119,상지대학교,대학,대학교,강원,사립,1516365,5350031,2570726,962000,10399122,46321417,22.4,2026-08-01T02:42:38.332Z
2023,0000120,서강대학교,대학,대학교,서울,사립,3021638,50251344,5631519,6124091,65028592,114268673,56.9,2026-08-01T02:42:38.332Z
2023,0000121,서경대학교,대학,대학교,서울,사립,2461007,15124757,1353414,,18939178,52451575,36.1,2026-08-01T02:42:38.332Z
2023,0000098,서울기독대학교,대학,대학교,서울,사립,-1056363,171053,12458,,-872852,3226845,-27,2026-08-01T02:42:38.332Z
2023,0000125,서울신학대학교,대학,대학교,경기,사립,2315163,8327157,236652,,10878972,17601669,61.8,2026-08-01T02:42:38.332Z
2023,0000126,서울여자대학교,대학,대학교,서울,사립,2327127,47361191,3218667,,52906985,51820066,102.1,2026-08-01T02:42:38.332Z
2023,0000127,서울장신대학교,대학,대학교,경기,사립,333001,602486,22250,,957737,4157677,23,2026-08-01T02:42:38.332Z
2023,0000205,서울한영대학교,대학,대학교,서울,사립,-1893812,,345,,-1893467,6120886,-30.9,2026-08-01T02:42:38.332Z
2023,0000128,서원대학교,대학,대학교,충북,사립,6373370,28931650,1898293,776244,37979557,43499906,87.3,2026-08-01T02:42:38.332Z
2023,0000129,선문대학교,대학,대학교,충남,사립,2819529,35419600,3479921,,41719049,66927929,62.3,2026-08-01T02:42:38.332Z
2023,0000131,성결대학교,대학,대학교,경기,사립,2094058,49119384,906521,,52119963,37830809,137.8,2026-08-01T02:42:38.332Z
2023,0000132,성공회대학교,대학,대학교,서울,사립,500103,3199267,1213116,551243,5463729,16270097,33.6,2026-08-01T02:42:38.332Z
2023,0000133,성균관대학교,대학,대학교,서울,사립,64136334,283056914,-19502211,993940,328684976,292651797,112.3,2026-08-01T02:42:38.332Z
2023,0000136,성신여자대학교,대학,대학교,서울,사립,5556196,56828706,4472752,1000000,67857653,80046861,84.8,2026-08-01T02:42:38.332Z
2023,0000137,세명대학교,대학,대학교,충북,사립,3687744,131090051,8847361,,143625155,45067152,318.7,2026-08-01T02:42:38.332Z
2023,0000138,세종대학교,대학,대학교,서울,사립,7404996,96806173,9851473,4000000,118062642,137405100,85.9,2026-08-01T02:42:38.332Z
2023,0000092,세한대학교,대학,대학교,전남,사립,2041680,21188393,1086966,,24317039,23651943,102.8,2026-08-01T02:42:38.332Z
2023,0000243,송원대학교,대학,대학교,광주,사립,1241703,,87875,,1329578,17803698,7.5,2026-08-01T02:42:38.332Z
2023,0000139,수원가톨릭대학교,대학,대학교,경기,사립,869932,27095115,,,27965047,911250,3068.9,2026-08-01T02:42:38.332Z
2023,0000140,수원대학교,대학,대학교,경기,사립,66999695,369847921,7705406,3254184,447807207,67322387,665.2,2026-08-01T02:42:38.332Z
2023,0000141,숙명여자대학교,대학,대학교,서울,사립,3372933,191703217,19022303,114456,214212909,105055898,203.9,2026-08-01T02:42:38.332Z
2023,0000142,순천향대학교,대학,대학교,충남,사립,4317419,64176305,6571473,1500000,76565197,94255081,81.2,2026-08-01T02:42:38.332Z
2023,0000143,숭실대학교,대학,대학교,서울,사립,25408620,97714054,10718010,,133840683,141435308,94.6,2026-08-01T02:42:38.332Z
2023,0000065,신경주대학교,대학,대학교,경북,사립,-10460344,,211223,,-10249121,5359489,-191.2,2026-08-01T02:42:38.332Z
2023,0000144,신라대학교,대학,대학교,부산,사립,7134120,12220502,838811,,20193433,46153415,43.8,2026-08-01T02:42:38.332Z
2023,0002712,신한대학교,대학,대학교,경기,사립,2083931,131259,1029980,,3245170,55944821,5.8,2026-08-01T02:42:38.332Z
2023,0000145,아신대학교,대학,대학교,경기,사립,25663,588369,20539,,634570,5423448,11.7,2026-08-01T02:42:38.332Z
2023,0000146,아주대학교,대학,대학교,경기,사립,8374124,96371434,20264981,1039104,126049643,126332541,99.8,2026-08-01T02:42:38.332Z
2023,0000147,안양대학교,대학,대학교,경기,사립,2059522,11586013,2410580,,16056114,37602240,42.7,2026-08-01T02:42:38.332Z
2023,0000149,연세대학교,대학,대학교,서울,사립,39651158,630596664,30440560,24941132,725629514,419752485,172.9,2026-08-01T02:42:38.332Z
2023,0000151,영남대학교,대학,대학교,경북,사립,22725145,131876989,17761353,1014950,173378436,169931656,102,2026-08-01T02:42:38.332Z
2023,0000153,영남신학대학교,대학,대학교,경북,사립,-82106,364203,1620,,283717,3624404,7.8,2026-08-01T02:42:38.332Z
2023,0003193,영산대학교(해운대),대학,대학교,부산,사립,6002478,3265440,1583308,,10851227,33962400,32,2026-08-01T02:42:38.332Z
2023,0000155,영산선학대학교,대학,대학교,전남,사립,21894,,,,21894,67000,32.7,2026-08-01T02:42:38.332Z
2023,0000228,예수대학교,대학,대학교,전북,사립,886303,,83945,17849,988097,3414172,28.9,2026-08-01T02:42:38.332Z
2023,0000218,예원예술대학교,대학,대학교,전북,사립,262761,,1714,,264475,11165390,2.4,2026-08-01T02:42:38.332Z
2023,0000156,용인대학교,대학,대학교,경기,사립,895964,91708148,745669,,93349781,46149273,202.3,2026-08-01T02:42:38.332Z
2023,0000157,우석대학교,대학,대학교,전북,사립,5459628,6878161,3139758,250000,15727548,49069944,32.1,2026-08-01T02:42:38.332Z
2023,0000240,우송대학교,대학,대학교,대전,사립,9170194,26738049,1556465,,37464708,77163331,48.6,2026-08-01T02:42:38.332Z
2023,0000158,울산대학교,대학,대학교,울산,사립,36997191,51006343,17764231,,105767764,95827810,110.4,2026-08-01T02:42:38.332Z
2023,0000159,원광대학교,대학,대학교,전북,사립,16147911,36157661,12947288,1500000,66752860,104370997,64,2026-08-01T02:42:38.332Z
2023,0000160,위덕대학교,대학,대학교,경북,사립,417360,2335898,402283,100000,3255541,16234537,20.1,2026-08-01T02:42:38.332Z
2023,0000154,유원대학교,대학,대학교,충북,사립,1778423,,865615,,2644038,22065422,12,2026-08-01T02:42:38.332Z
2023,0000161,을지대학교,대학,대학교,대전,사립,20541630,144142547,5993062,,170677239,39673746,430.2,2026-08-01T02:42:38.332Z
2023,0000163,이화여자대학교,대학,대학교,서울,사립,13611194,635004427,34110031,,682725653,207938667,328.3,2026-08-01T02:42:38.332Z
2023,0000164,인제대학교,대학,대학교,경남,사립,3258888,25732144,13820636,,42811668,63450977,67.5,2026-08-01T02:42:38.332Z
2023,0000168,인천가톨릭대학교,대학,대학교,인천,사립,798402,4652065,221924,,5672390,6062727,93.6,2026-08-01T02:42:38.332Z
2023,0000169,인하대학교,대학,대학교,인천,사립,4045278,39725375,8599091,,52369744,170922488,30.6,2026-08-01T02:42:38.332Z
2023,0000170,장로회신학대학교,대학,대학교,서울,사립,525578,35787056,,,36312634,15841301,229.2,2026-08-01T02:42:38.332Z
2023,0000171,전주대학교,대학,대학교,전북,사립,11319392,15716078,5465999,,32501469,71511526,45.4,2026-08-01T02:42:38.332Z
2023,0000248,제주국제대학교,대학,대학교,제주,사립,-8130639,440968,298455,,-7391216,3112664,-237.5,2026-08-01T02:42:38.332Z
2023,0000172,조선대학교,대학,대학교,광주,사립,10813526,63016357,17652585,,91482469,137839891,66.4,2026-08-01T02:42:38.332Z
2023,0000173,중부대학교,대학,대학교,충남,사립,3615462,3680955,2527227,,9823644,60115053,16.3,2026-08-01T02:42:38.332Z
2023,0000175,중앙대학교,대학,대학교,서울,사립,9250703,111842442,16038326,1400000,138531470,268725757,51.6,2026-08-01T02:42:38.332Z
2023,0000177,중앙승가대학교,대학,대학교,경기,사립,552994,1054983,-53631,,1554346,556226,279.4,2026-08-01T02:42:38.332Z
2023,0000239,중원대학교,대학,대학교,충북,사립,2471266,496672,1538558,,4506496,23242097,19.4,2026-08-01T02:42:38.332Z
2023,0000187,차의과학대학교,대학,대학교,경기,사립,18003170,30731518,3182860,3000000,54917548,28921760,189.9,2026-08-01T02:42:38.332Z
2023,0000249,창신대학교,대학,대학교,경남,사립,1229786,15750531,41397,,17021714,13079138,130.1,2026-08-01T02:42:38.332Z
2023,0000179,청주대학교,대학,대학교,충북,사립,15111624,241887004,878225,,257876854,88862265,290.2,2026-08-01T02:42:38.332Z
2023,0000246,초당대학교,대학,대학교,전남,사립,2400598,30911400,1800,,33313799,18221748,182.8,2026-08-01T02:42:38.332Z
2023,0000180,총신대학교,대학,대학교,서울,사립,3102260,39520534,112423,27621,42762839,22251853,192.2,2026-08-01T02:42:38.332Z
2023,0000181,추계예술대학교,대학,대학교,서울,사립,414668,156578,15892,,587137,11969413,4.9,2026-08-01T02:42:38.332Z
2023,0000184,칼빈대학교,대학,대학교,경기,사립,269561,104165,,,373725,13359058,2.8,2026-08-01T02:42:38.332Z
2023,0000186,평택대학교,대학,대학교,경기,사립,2727547,1848618,585394,,5161559,26001282,19.9,2026-08-01T02:42:38.332Z
2023,0000188,포항공과대학교,대학,대학교,경북,사립,53594844,90524289,32479568,40500000,217098701,26820883,809.4,2026-08-01T02:42:38.332Z
2023,0000247,한국공학대학교,대학,대학교,경기,사립,10300373,6861361,8162589,2003704,27328028,60865636,44.9,2026-08-01T02:42:38.332Z
2023,0000189,한국기술교육대학교,대학,대학교,충남,사립,12159843,5795400,9630949,8791134,36377325,19879629,183,2026-08-01T02:42:38.332Z
2023,0000191,한국성서대학교,대학,대학교,서울,사립,412344,224069,47853,,684266,7786420,8.8,2026-08-01T02:42:38.332Z
2023,0000192,한국외국어대학교,대학,대학교,서울,사립,9202799,11789506,5387350,500000,26879656,142384266,18.9,2026-08-01T02:42:38.332Z
2023,0000182,한국침례신학대학교,대학,대학교,대전,사립,1031011,25994759,,,27025769,8722070,309.9,2026-08-01T02:42:38.332Z
2023,0000194,한국항공대학교,대학,대학교,경기,사립,2413569,6410569,8160969,1750000,18735107,38195169,49.1,2026-08-01T02:42:38.332Z
2023,0000195,한남대학교,대학,대학교,대전,사립,8373924,9181839,3030569,1159862,21746194,82066091,26.5,2026-08-01T02:42:38.332Z
2023,0000196,한동대학교,대학,대학교,경북,사립,15696137,8127644,2980110,,26803891,31441856,85.2,2026-08-01T02:42:38.332Z
2023,0000197,한라대학교,대학,대학교,강원,사립,1332859,39000,591528,,1963387,19822810,9.9,2026-08-01T02:42:38.332Z
2023,0000198,한림대학교,대학,대학교,강원,사립,11655861,46578784,13207293,3800130,75242068,59955174,125.5,2026-08-01T02:42:38.332Z
2023,0000199,한서대학교,대학,대학교,충남,사립,6984868,2503726,2408404,,11896997,51771465,23,2026-08-01T02:42:38.332Z
2023,0000200,한성대학교,대학,대학교,서울,사립,5812818,15471109,3424661,,24708589,58621528,42.1,2026-08-01T02:42:38.332Z
2023,0000201,한세대학교,대학,대학교,경기,사립,1987421,35130023,70849,,37188294,23046640,161.4,2026-08-01T02:42:38.332Z
2023,0000202,한신대학교,대학,대학교,경기,사립,2589433,27250822,684010,500000,31024265,38504388,80.6,2026-08-01T02:42:38.332Z
2023,0000203,한양대학교,대학,대학교,서울,사립,40491819,173281216,17735055,2206070,233714160,370553739,63.1,2026-08-01T02:42:38.332Z
2023,0000206,한일장신대학교,대학,대학교,전북,사립,-766911,1030852,320334,,584274,5998205,9.7,2026-08-01T02:42:38.332Z
2023,0000207,협성대학교,대학,대학교,경기,사립,-40321,8224044,456356,,8640078,29082963,29.7,2026-08-01T02:42:38.332Z
2023,0000208,호남대학교,대학,대학교,광주,사립,7083930,38331970,2687201,,48103101,48674776,98.8,2026-08-01T02:42:38.332Z
2023,0000209,호남신학대학교,대학,대학교,광주,사립,1529900,1045886,151,,2575938,4272720,60.3,2026-08-01T02:42:38.332Z
2023,0000211,호서대학교,대학,대학교,충남,사립,12095888,49615349,15731771,,77443008,103189941,75,2026-08-01T02:42:38.332Z
2023,0000212,홍익대학교,대학,대학교,서울,사립,39019267,718409657,8421612,,765850535,197491221,387.8,2026-08-01T02:42:38.332Z
2023,0000233,화성의과학대학교,대학,대학교,경기,사립,-528515,,28501,,-500015,2760569,-18.1,2026-08-01T02:42:38.332Z
2023,0000284,청운대학교,대학,산업대학,충남,사립,2900900,9900297,910715,100000,13811913,39668810,34.8,2026-08-01T02:42:38.332Z
2023,0000282,호원대학교,대학,산업대학,전북,사립,2637498,975958,108384,,3721841,34247190,10.9,2026-08-01T02:42:38.332Z
2023,0000663,개신대학원대학교,대학원대학,전문대학원,서울,사립,525923,,,,525923,1246410,42.2,2026-08-01T02:42:38.332Z
2023,0000643,건신대학원대학교,대학원대학,전문대학원,대전,사립,77512,,19310,,96822,1078555,9,2026-08-01T02:42:38.332Z
2023,0000668,경안대학원대학교,대학원대학,전문대학원,경북,사립,-25601,,,,-25601,214525,-11.9,2026-08-01T02:42:38.332Z
2023,0002857,구세군사관대학원대학교,대학원대학,특수대학원,경기,사립,262509,368246,,,630755,102400,616,2026-08-01T02:42:38.332Z
2023,0000657,국제뇌교육종합대학원대학교,대학원대학,전문대학원,충남,사립,76795,560000,12256,,649051,2176708,29.8,2026-08-01T02:42:38.332Z
2023,0000655,국제법률경영대학원대학교,대학원대학,전문대학원,경기,사립,-2921831,,,,-2921831,794216,-367.9,2026-08-01T02:42:38.332Z
2023,0000656,국제언어대학원대학교,대학원대학,전문대학원,서울,사립,30217,,12381,,42599,1534722,2.8,2026-08-01T02:42:38.332Z
2023,0002818,능인대학원대학교,대학원대학,전문대학원,경기,사립,35496,,,,35496,173800,20.4,2026-08-01T02:42:38.332Z
2023,0000641,대한신학대학원대학교,대학원대학,전문대학원,경기,사립,-2853114,,,,-2853114,1369848,-208.3,2026-08-01T02:42:38.332Z
2023,0000669,동방문화대학원대학교,대학원대학,전문대학원,서울,사립,1438399,,177471,,1615870,2685439,60.2,2026-08-01T02:42:38.332Z
2023,0000642,베뢰아국제대학원대학교,대학원대학,전문대학원,서울,사립,46613,,,,46613,162667,28.7,2026-08-01T02:42:38.332Z
2023,0000670,북한대학원대학교,대학원대학,전문대학원,서울,사립,575971,6353975,153016,,7082962,1319220,536.9,2026-08-01T02:42:38.332Z
2023,0000666,서울과학종합대학원대학교,대학원대학,전문대학원,서울,사립,2615245,,1713287,,4328532,16343705,26.5,2026-08-01T02:42:38.332Z
2023,0000677,서울미디어대학원대학교,대학원대학,특수대학원,서울,사립,6761857,,98153,,6860009,1683900,407.4,2026-08-01T02:42:38.332Z
2023,0000660,서울벤처대학원대학교,대학원대학,전문대학원,서울,사립,3573673,1178866,133042,,4885581,2461017,198.5,2026-08-01T02:42:38.332Z
2023,0000658,서울불교대학원대학교,대학원대학,전문대학원,서울,사립,515226,,,,515226,1710039,30.1,2026-08-01T02:42:38.332Z
2023,0000678,서울상담심리대학원대학교,대학원대학,전문대학원,서울,사립,16182945,,,,16182945,1158931,1396.4,2026-08-01T02:42:38.332Z
2023,0000650,서울성경신학대학원대학교,대학원대학,전문대학원,서울,사립,103416,364000,,,467416,369932,126.4,2026-08-01T02:42:38.332Z
2023,0000659,서울외국어대학원대학교,대학원대학,전문대학원,서울,사립,533263,218045,68078,,819385,3015133,27.2,2026-08-01T02:42:38.332Z
2023,0000667,선학유피대학원대학교,대학원대학,전문대학원,경기,사립,870242,2404109,,,3274351,519700,630,2026-08-01T02:42:38.332Z
2023,0000644,성산효대학원대학교,대학원대학,전문대학원,인천,사립,270306,3354,,,273661,1512812,18.1,2026-08-01T02:42:38.332Z
2023,0000661,성서침례대학원대학교,대학원대학,전문대학원,경기,사립,562148,1051,,,563199,312428,180.3,2026-08-01T02:42:38.332Z
2023,0000649,수도국제대학원대학교,대학원대학,전문대학원,서울,사립,390551,,,,390551,2924568,13.4,2026-08-01T02:42:38.332Z
2023,0000671,순복음대학원대학교,대학원대학,전문대학원,서울,사립,664,,,,664,711985,0.1,2026-08-01T02:42:38.332Z
2023,0000672,실천신학대학원대학교,대학원대학,전문대학원,경기,사립,117633,,,,117633,550682,21.4,2026-08-01T02:42:38.332Z
2023,0000662,에스라성경대학원대학교,대학원대학,전문대학원,경기,사립,56789,350373,,,407163,373126,109.1,2026-08-01T02:42:38.332Z
2023,0000651,예명대학원대학교,대학원대학,전문대학원,서울,사립,610812,,,,610812,1805985,33.8,2026-08-01T02:42:38.332Z
2023,0000654,온석대학원대학교,대학원대학,전문대학원,경기,사립,815816,,,,815816,1828567,44.6,2026-08-01T02:42:38.332Z
2023,0000645,원불교대학원대학교,대학원대학,전문대학원,전북,사립,67217,,,,67217,132000,50.9,2026-08-01T02:42:38.332Z
2023,0000646,웨스트민스터신학대학원대학교,대학원대학,전문대학원,경기,사립,1487969,1411254,,,2899223,3349853,86.5,2026-08-01T02:42:38.332Z
2023,0002668,제네바신학대학원대학교,대학원대학,전문대학원,경기,사립,12791,,,,12791,35000,36.5,2026-08-01T02:42:38.332Z
2023,0000680,주안대학원대학교,대학원대학,전문대학원,인천,사립,368649,22516,,,391165,345087,113.4,2026-08-01T02:42:38.332Z
2023,0002817,치유상담대학원대학교,대학원대학,전문대학원,서울,사립,309918,110000,,,419918,1109959,37.8,2026-08-01T02:42:38.332Z
2023,0000679,한국상담대학원대학교,대학원대학,전문대학원,서울,사립,204956,1667471,,,1872427,1225148,152.8,2026-08-01T02:42:38.332Z
2023,0000681,한국전력국제원자력대학원대학교,대학원대학,전문대학원,울산,사립,1124013,,897111,,2021124,4994794,40.5,2026-08-01T02:42:38.332Z
2023,0000673,한림국제대학원대학교,대학원대학,특수대학원,서울,사립,1387090,395297,53677,19799,1855864,2516155,73.8,2026-08-01T02:42:38.332Z
2023,0000676,한반도국제대학원대학교,대학원대학,특수대학원,서울,사립,49847,122102,,,171950,242100,71,2026-08-01T02:42:38.332Z
2023,0000647,합동신학대학원대학교,대학원대학,전문대학원,경기,사립,157942,4312536,,,4470478,1761756,253.8,2026-08-01T02:42:38.332Z
2023,0000648,횃불트리니티신학대학원대학교,대학원대학,전문대학원,서울,사립,123921,1402431,,,1526353,2478117,61.6,2026-08-01T02:42:38.332Z
2023,0000317,순복음총회신학교,대학,각종학교(대학),충북,사립,-101175,,,,-101175,621696,-16.3,2026-08-01T02:42:38.332Z
2023,0000410,가톨릭상지대학교,전문대학,전문대학,경북,사립,574025,5620147,597789,,6791961,10169314,66.8,2026-08-01T02:42:38.332Z
2023,0000433,강동대학교,전문대학,전문대학,충북,사립,631377,1126417,168730,,1926524,17720771,10.9,2026-08-01T02:42:38.332Z
2023,0000514,강릉영동대학교,전문대학,전문대학,강원,사립,2652355,35618,97495,,2785468,13847793,20.1,2026-08-01T02:42:38.332Z
2023,0000412,거제대학교,전문대학,전문대학,경남,사립,659624,1820549,380277,,2860450,6073951,47.1,2026-08-01T02:42:38.332Z
2023,0000560,경기과학기술대학교,전문대학,전문대학,경기,사립,4424208,,906181,,5330388,26446619,20.2,2026-08-01T02:42:38.332Z
2023,0002640,경남정보대학교,전문대학,전문대학,부산,사립,4633488,18620056,583411,,23836955,31918696,74.7,2026-08-01T02:42:38.332Z
2023,0000416,경민대학교,전문대학,전문대학,경기,사립,600556,32488,741467,,1374512,24658948,5.6,2026-08-01T02:42:38.332Z
2023,0002641,경복대학교,전문대학,전문대학,경기,사립,4230563,15591836,1293244,340440,21456084,38343805,56,2026-08-01T02:42:38.332Z
2023,0000456,경북과학대학교,전문대학,전문대학,경북,사립,2042665,,138912,,2181576,10001239,21.8,2026-08-01T02:42:38.332Z
2023,0000438,경북보건대학교,전문대학,전문대학,경북,사립,353434,1462860,294777,,2111070,7039226,30,2026-08-01T02:42:38.332Z
2023,0002642,경북전문대학교,전문대학,전문대학,경북,사립,9676266,20798384,292283,,30766933,14203910,216.6,2026-08-01T02:42:38.332Z
2023,0000422,경인여자대학교,전문대학,전문대학,인천,사립,1566507,62317483,1000001,,64883990,23152328,280.2,2026-08-01T02:42:38.332Z
2023,0000425,계명문화대학교,전문대학,전문대학,대구,사립,1327731,43907608,349940,,45585279,25192458,180.9,2026-08-01T02:42:38.332Z
2023,0000426,계원예술대학교,전문대학,전문대학,경기,사립,305892,4899533,385211,,5590636,20462489,27.3,2026-08-01T02:42:38.332Z
2023,0000435,나주대학교,전문대학,전문대학,전남,사립,-6105106,2,45844,,-6059260,5168945,-117.2,2026-08-01T02:42:38.332Z
2023,0000428,광양보건대학교,전문대학,전문대학,전남,사립,-8426102,,38244,,-8387858,662680,-1265.7,2026-08-01T02:42:38.332Z
2023,0000429,광주보건대학교,전문대학,전문대학,광주,사립,470627,4054547,236092,,4761266,17764663,26.8,2026-08-01T02:42:38.332Z
2023,0000430,구미대학교,전문대학,전문대학,경북,사립,13600797,61815104,3887550,1015948,80319399,30561460,262.8,2026-08-01T02:42:38.332Z
2023,0000549,국제대학교,전문대학,전문대학,경기,사립,191792,3823380,199065,,4214238,15695934,26.8,2026-08-01T02:42:38.332Z
2023,0002971,군산간호대학교,전문대학,전문대학,전북,사립,560678,1559814,74335,,2194828,7188298,30.5,2026-08-01T02:42:38.332Z
2023,0000432,군장대학교,전문대학,전문대학,전북,사립,1209690,,140175,,1349864,8630937,15.6,2026-08-01T02:42:38.332Z
2023,0002972,기독간호대학교,전문대학,전문대학,광주,사립,74989,1976456,298922,,2350367,3117859,75.4,2026-08-01T02:42:38.332Z
2023,0000440,김포대학교,전문대학,전문대학,경기,사립,-2856362,19444211,470714,,17058563,9772804,174.6,2026-08-01T02:42:38.332Z
2023,0000569,김해대학교,전문대학,전문대학,경남,사립,94800,,65371,,160170,8346901,1.9,2026-08-01T02:42:38.332Z
2023,0000441,농협대학교,전문대학,전문대학,경기,사립,397520,7722736,893970,,9014227,1816451,496.3,2026-08-01T02:42:38.332Z
2023,0000442,대경대학교,전문대학,전문대학,경북,사립,-1659815,,515452,,-1144363,21780920,-5.3,2026-08-01T02:42:38.332Z
2023,0000443,대구공업대학교,전문대학,전문대학,대구,사립,874677,10412807,227934,,11515419,6847841,168.2,2026-08-01T02:42:38.332Z
2023,0000446,대구과학대학교,전문대학,전문대학,대구,사립,2355246,5378383,376971,,8110599,24168093,33.6,2026-08-01T02:42:38.332Z
2023,0000444,대구보건대학교,전문대학,전문대학,대구,사립,2482642,1078613,1064118,,4625373,39977993,11.6,2026-08-01T02:42:38.332Z
2023,0000546,대덕대학교,전문대학,전문대학,대전,사립,2408534,33321987,505394,,36235916,9149174,396.1,2026-08-01T02:42:38.332Z
2023,0000447,대동대학교,전문대학,전문대학,부산,사립,361509,5576691,4386,,5942587,8379528,70.9,2026-08-01T02:42:38.332Z
2023,0000448,대림대학교,전문대학,전문대학,경기,사립,3400539,44265499,1956766,,49622803,44615761,111.2,2026-08-01T02:42:38.332Z
2023,0000449,대원대학교,전문대학,전문대학,충북,사립,912747,13855885,951648,,15720280,10714719,146.7,2026-08-01T02:42:38.332Z
2023,0000453,대전과학기술대학교,전문대학,전문대학,대전,사립,616024,6023818,313503,,6953345,22554340,30.8,2026-08-01T02:42:38.332Z
2023,0000451,대전보건대학교,전문대학,전문대학,대전,사립,1016244,53153048,1449251,,55618543,24749041,224.7,2026-08-01T02:42:38.332Z
2023,0000460,동강대학교,전문대학,전문대학,광주,사립,-2271608,1662868,110650,,-498090,12341742,-4,2026-08-01T02:42:38.332Z
2023,0000457,동남보건대학교,전문대학,전문대학,경기,사립,20912678,8124050,246680,,29283408,29681542,98.7,2026-08-01T02:42:38.332Z
2023,0000450,동서울대학교,전문대학,전문대학,경기,사립,4523830,9067152,1083097,,14674079,36873809,39.8,2026-08-01T02:42:38.332Z
2023,0000461,동아방송예술대학교,전문대학,전문대학,경기,사립,658500,1028430,136238,,1823168,22053852,8.3,2026-08-01T02:42:38.332Z
2023,0000462,동아보건대학교,전문대학,전문대학,전남,사립,1230163,3525623,44513,,4800299,4966745,96.6,2026-08-01T02:42:38.332Z
2023,0000463,동양미래대학교,전문대학,전문대학,서울,사립,2020301,70564866,2194333,,74779500,36584577,204.4,2026-08-01T02:42:38.332Z
2023,0000509,동원과학기술대학교,전문대학,전문대학,경남,사립,790356,32600000,579434,,33969790,12144564,279.7,2026-08-01T02:42:38.332Z
2023,0000465,동원대학교,전문대학,전문대학,경기,사립,490141,5384340,162791,,6037272,15627550,38.6,2026-08-01T02:42:38.332Z
2023,0000466,동의과학대학교,전문대학,전문대학,부산,사립,779552,4940912,1982731,,7703194,22459331,34.3,2026-08-01T02:42:38.332Z
2023,0000469,두원공과대학교,전문대학,전문대학,경기,사립,14699548,47893639,8504,,62601691,14108210,443.7,2026-08-01T02:42:38.332Z
2023,0000470,마산대학교,전문대학,전문대학,경남,사립,-5660,113320225,609954,,113924518,29619105,384.6,2026-08-01T02:42:38.332Z
2023,0000473,명지전문대학,전문대학,전문대학,서울,사립,2754757,41142635,350968,,44248361,40225316,110,2026-08-01T02:42:38.332Z
2023,0000474,목포과학대학교,전문대학,전문대학,전남,사립,4103447,3650812,286997,,8041257,13050805,61.6,2026-08-01T02:42:38.332Z
2023,0000475,문경대학교,전문대학,전문대학,경북,사립,518959,1242731,201139,,1962829,4413044,44.5,2026-08-01T02:42:38.332Z
2023,0000476,배화여자대학교,전문대학,전문대학,서울,사립,1241498,26119507,230944,,27591949,15031612,183.6,2026-08-01T02:42:38.332Z
2023,0000543,백석문화대학교,전문대학,전문대학,충남,사립,638241,37455193,1556444,,39649878,28219928,140.5,2026-08-01T02:42:38.332Z
2023,0000477,백제예술대학교,전문대학,전문대학,전북,사립,25148,3425288,1871,,3452307,5993840,57.6,2026-08-01T02:42:38.332Z
2023,0000479,부산경상대학교,전문대학,전문대학,부산,사립,520259,11611847,736857,,12868963,10381279,124,2026-08-01T02:42:38.332Z
2023,0000481,부산과학기술대학교,전문대학,전문대학,부산,사립,773979,2527558,855336,,4156873,18530723,22.4,2026-08-01T02:42:38.332Z
2023,0000467,부산보건대학교,전문대학,전문대학,부산,사립,8135551,2886688,687147,,11709386,13458023,87,2026-08-01T02:42:38.332Z
2023,0000480,부산여자대학교,전문대학,전문대학,부산,사립,4486289,35347831,343145,,40177265,10914340,368.1,2026-08-01T02:42:38.332Z
2023,0000561,부산예술대학교,전문대학,전문대학,부산,사립,-215518,202550,3187,,-9781,3377088,-0.3,2026-08-01T02:42:38.332Z
2023,0000482,부천대학교,전문대학,전문대학,경기,사립,638422,25123847,2216215,,27978483,44216270,63.3,2026-08-01T02:42:38.332Z
2023,0000483,삼육보건대학교,전문대학,전문대학,서울,사립,475532,5635541,223019,,6334092,7009952,90.4,2026-08-01T02:42:38.332Z
2023,0002646,서영대학교,전문대학,전문대학,광주,사립,-334940,,492783,,157843,26365279,0.6,2026-08-01T02:42:38.332Z
2023,0002973,서울여자간호대학교,전문대학,전문대학,서울,사립,763758,2895661,256880,,3916299,5516768,71,2026-08-01T02:42:38.332Z
2023,0000489,서울예술대학교,전문대학,전문대학,경기,사립,11197012,46825498,150497,,58173008,25528611,227.9,2026-08-01T02:42:38.332Z
2023,0000490,서일대학교,전문대학,전문대학,서울,사립,35796626,32189162,659243,,68645031,33627823,204.1,2026-08-01T02:42:38.332Z
2023,0000566,서정대학교,전문대학,전문대학,경기,사립,8643757,10681728,135356,,19460841,44961684,43.3,2026-08-01T02:42:38.332Z
2023,0000550,선린대학교,전문대학,전문대학,경북,사립,3274144,9782264,41876,,13098284,10915107,120,2026-08-01T02:42:38.332Z
2023,0002647,성운대학교,전문대학,전문대학,경북,사립,844419,423958,160008,,1428384,7510468,19,2026-08-01T02:42:38.332Z
2023,0000515,세경대학교,전문대학,전문대학,강원,사립,4144967,8567640,170726,,12883334,4001108,322,2026-08-01T02:42:38.332Z
2023,0000567,송곡대학교,전문대학,전문대학,강원,사립,506153,6254,2298,,514705,4306988,12,2026-08-01T02:42:38.332Z
2023,0000564,송호대학교,전문대학,전문대학,강원,사립,-539127,827823,209653,,498349,4549566,11,2026-08-01T02:42:38.332Z
2023,0002649,수성대학교,전문대학,전문대학,대구,사립,951202,10250360,474783,,11676345,18613057,62.7,2026-08-01T02:42:38.332Z
2023,0000497,수원과학대학교,전문대학,전문대학,경기,사립,13801045,95849182,567951,,110218179,17860576,617.1,2026-08-01T02:42:38.332Z
2023,0000496,수원여자대학교,전문대학,전문대학,경기,사립,5476015,32585001,567757,,38628773,24304678,158.9,2026-08-01T02:42:38.332Z
2023,0000498,순천제일대학교,전문대학,전문대학,전남,사립,13070729,14924402,192216,,28187348,12660707,222.6,2026-08-01T02:42:38.332Z
2023,0000500,숭의여자대학교,전문대학,전문대학,서울,사립,5477433,52580519,9809,,58067761,17353731,334.6,2026-08-01T02:42:38.332Z
2023,0002645,서라벌대학교,전문대학,전문대학,경북,사립,391723,1525646,186749,,2104118,3581600,58.7,2026-08-01T02:42:38.332Z
2023,0000501,신구대학교,전문대학,전문대학,경기,사립,6105309,65914308,2322145,,74341762,39404084,188.7,2026-08-01T02:42:38.332Z
2023,0000502,신성대학교,전문대학,전문대학,충남,사립,1499049,21240602,1301393,,24041044,17316207,138.8,2026-08-01T02:42:38.332Z
2023,0000506,신안산대학교,전문대학,전문대학,경기,사립,13495479,3451285,507916,,17454680,13760719,126.8,2026-08-01T02:42:38.332Z
2023,0000454,아주자동차대학교,전문대학,전문대학,충남,사립,580277,5491297,389586,,6461159,5215290,123.9,2026-08-01T02:42:38.332Z
2023,0002650,안동과학대학교,전문대학,전문대학,경북,사립,292992,12976193,294181,,13563366,12125437,111.9,2026-08-01T02:42:38.332Z
2023,0000507,안산대학교,전문대학,전문대학,경기,사립,979741,65900779,505699,,67386219,25387297,265.4,2026-08-01T02:42:38.332Z
2023,0000510,여주대학교,전문대학,전문대학,경기,사립,158379,5097343,386917,,5642638,23481194,24,2026-08-01T02:42:38.332Z
2023,0002651,연성대학교,전문대학,전문대학,경기,사립,6612987,97822740,1296927,,105732654,35126999,301,2026-08-01T02:42:38.332Z
2023,0002652,연암공과대학교,전문대학,전문대학,경남,사립,2861245,1801606,263497,,4926348,6495464,75.8,2026-08-01T02:42:38.332Z
2023,0000512,연암대학교,전문대학,전문대학,충남,사립,1716929,331240,272416,,2320585,6880529,33.7,2026-08-01T02:42:38.332Z
2023,0000418,영남외국어대학,전문대학,전문대학,경북,사립,2794103,5084481,,,7878584,2253636,349.6,2026-08-01T02:42:38.332Z
2023,0000513,영남이공대학교,전문대학,전문대학,대구,사립,7657875,39481707,758387,,47897969,33538683,142.8,2026-08-01T02:42:38.332Z
2023,0000517,영진전문대학교,전문대학,전문대학,대구,사립,3210705,99368134,4243025,9266,106831129,39945860,267.4,2026-08-01T02:42:38.332Z
2023,0002653,오산대학교,전문대학,전문대학,경기,사립,563438,64859092,1945254,,67367784,26027441,258.8,2026-08-01T02:42:38.332Z
2023,0000520,용인예술과학대학교,전문대학,전문대학,경기,사립,1047874,17994290,1230369,,20272533,17889682,113.3,2026-08-01T02:42:38.332Z
2023,0000452,우송정보대학,전문대학,전문대학,대전,사립,1450940,30831427,249772,,32532138,18549736,175.4,2026-08-01T02:42:38.332Z
2023,0000521,울산과학대학교,전문대학,전문대학,울산,사립,3073764,16941642,4237215,10000,24262622,31282664,77.6,2026-08-01T02:42:38.332Z
2023,0000568,웅지세무대학교,전문대학,전문대학,경기,사립,-5482356,,-4251,,-5486608,3195805,-171.7,2026-08-01T02:42:38.332Z
2023,0000523,원광보건대학교,전문대학,전문대학,전북,사립,6485234,18674067,703658,,25862959,22983257,112.5,2026-08-01T02:42:38.332Z
2023,0000524,유한대학교,전문대학,전문대학,경기,사립,2411935,31003990,825230,,34241154,25488868,134.3,2026-08-01T02:42:38.332Z
2023,0000525,인덕대학교,전문대학,전문대학,서울,사립,2693074,4965035,490479,210000,8358589,36674559,22.8,2026-08-01T02:42:38.332Z
2023,0000455,재능대학교,전문대학,전문대학,인천,사립,2967963,10324583,909863,,14202408,16563776,85.7,2026-08-01T02:42:38.332Z
2023,0002654,인하공업전문대학,전문대학,전문대학,인천,사립,819844,60447878,959872,,62227593,43900051,141.7,2026-08-01T02:42:38.332Z
2023,0000527,장안대학교,전문대학,전문대학,경기,사립,5422856,20940540,122162,,26485559,14526505,182.3,2026-08-01T02:42:38.332Z
2023,0000529,전남과학대학교,전문대학,전문대학,전남,사립,2738451,19154771,1430172,,23323394,15651681,149,2026-08-01T02:42:38.332Z
2023,0000531,전북과학대학교,전문대학,전문대학,전북,사립,21845442,7746922,139890,,29732254,8431708,352.6,2026-08-01T02:42:38.332Z
2023,0000437,전주기전대학,전문대학,전문대학,전북,사립,1137201,5881025,426817,,7445043,8961863,83.1,2026-08-01T02:42:38.332Z
2023,0000530,전주비전대학교,전문대학,전문대학,전북,사립,13585832,3132061,1420751,,18138644,18103998,100.2,2026-08-01T02:42:38.332Z
2023,0000532,제주관광대학교,전문대학,전문대학,제주,사립,410453,1008035,299531,,1718018,6598542,26,2026-08-01T02:42:38.332Z
2023,0002655,제주한라대학교,전문대학,전문대학,제주,사립,6352398,2253894,376998,,8983290,20636101,43.5,2026-08-01T02:42:38.332Z
2023,0002974,조선간호대학교,전문대학,전문대학,광주,사립,196968,7154111,33322,,7384400,3912880,188.7,2026-08-01T02:42:38.332Z
2023,0000534,조선이공대학교,전문대학,전문대학,광주,사립,1281046,33194675,506242,,34981964,15189197,230.3,2026-08-01T02:42:38.332Z
2023,0000539,진주보건대학교,전문대학,전문대학,경남,사립,3912410,100463796,64078,,104440284,14509826,719.8,2026-08-01T02:42:38.332Z
2023,0000542,창원문성대학교,전문대학,전문대학,경남,사립,508089,52886678,2279196,,55673963,7342670,758.2,2026-08-01T02:42:38.332Z
2023,0000544,청강문화산업대학교,전문대학,전문대학,경기,사립,4455761,40612390,836258,,45904409,25735186,178.4,2026-08-01T02:42:38.332Z
2023,0002656,청암대학교,전문대학,전문대학,전남,사립,616353,2803857,535606,,3955816,12019669,32.9,2026-08-01T02:42:38.332Z
2023,0000545,춘해보건대학교,전문대학,전문대학,울산,사립,883501,12820655,386291,,14090447,15062111,93.5,2026-08-01T02:42:38.332Z
2023,0000536,충북보건과학대학교,전문대학,전문대학,충북,사립,1352167,600000,641976,,2594142,12846972,20.2,2026-08-01T02:42:38.332Z
2023,0000547,충청대학교,전문대학,전문대학,충북,사립,1025374,19524025,944762,,21494161,17727903,121.2,2026-08-01T02:42:38.332Z
2023,0002658,포항대학교,전문대학,전문대학,경북,사립,95905,71010,501525,,668440,8946960,7.5,2026-08-01T02:42:38.332Z
2023,0000578,한국골프과학기술대학교,전문대학,전문대학,강원,사립,-179652,28512,-44669,,-195809,3251815,-6,2026-08-01T02:42:38.332Z
2023,0000565,한국관광대학교,전문대학,전문대학,경기,사립,819423,63604857,47556,,64471835,7228301,891.9,2026-08-01T02:42:38.332Z
2023,0000570,한국승강기대학교,전문대학,전문대학,경남,사립,924862,3076718,211367,,4212947,3675163,114.6,2026-08-01T02:42:38.332Z
2023,0000522,한국영상대학교,전문대학,전문대학,세종,사립,2716710,14471770,1230760,,18419240,17583169,104.8,2026-08-01T02:42:38.332Z
2023,0000553,한림성심대학교,전문대학,전문대학,강원,사립,3156907,8608175,629727,,12394809,14475916,85.6,2026-08-01T02:42:38.332Z
2023,0000554,한양여자대학교,전문대학,전문대학,서울,사립,8692264,67892554,2682584,,79267403,40417112,196.1,2026-08-01T02:42:38.332Z
2023,0000555,한영대학교,전문대학,전문대학,전남,사립,1215585,1591646,1539376,,4346607,8038710,54.1,2026-08-01T02:42:38.332Z
2023,0000556,혜전대학교,전문대학,전문대학,충남,사립,896630,39874150,191504,,40962284,15209499,269.3,2026-08-01T02:42:38.332Z
2023,0000415,호산대학교,전문대학,전문대학,경북,사립,524376,2275783,90014,,2890172,11434729,25.3,2026-08-01T02:42:38.332Z
2023,0000335,건양사이버대학교,대학,사이버대학(대학),대전,사립,19012455,2757092,53988,,21823535,9734732,224.2,2026-08-01T02:42:38.332Z
2023,0000318,경희사이버대학교,대학,사이버대학(대학),서울,사립,5111146,33745840,,,38856986,32460234,119.7,2026-08-01T02:42:38.332Z
2023,0000328,고려사이버대학교,대학,사이버대학(대학),서울,사립,38598292,5086874,101290,,43786456,21429197,204.3,2026-08-01T02:42:38.332Z
2023,0000319,국제사이버대학교,대학,사이버대학(대학),경기,사립,8508046,3400000,2228,,11910274,8461208,140.8,2026-08-01T02:42:38.332Z
2023,0000334,글로벌사이버대학교,대학,사이버대학(대학),충남,사립,1779863,1024200,6228,,2810291,5353065,52.5,2026-08-01T02:42:38.332Z
2023,0000320,대구사이버대학교,대학,사이버대학(대학),경북,사립,1012071,10480790,113318,,11606178,10978485,105.7,2026-08-01T02:42:38.332Z
2023,0000330,디지털서울문화예술대학교,대학,사이버대학(대학),서울,사립,890465,1218834,46760,,2156058,11911928,18.1,2026-08-01T02:42:38.332Z
2023,0000321,부산디지털대학교,대학,사이버대학(대학),부산,사립,1394401,11000000,147904,,12542305,6027926,208.1,2026-08-01T02:42:38.332Z
2023,0000332,사이버한국외국어대학교,대학,사이버대학(대학),서울,사립,6697202,1766571,98619,,8562391,15668977,54.6,2026-08-01T02:42:38.332Z
2023,0000322,서울디지털대학교,대학,사이버대학(대학),서울,사립,46941956,15556153,,,62498108,24293692,257.3,2026-08-01T02:42:38.332Z
2023,0000323,서울사이버대학교,대학,사이버대학(대학),서울,사립,3869192,108675,249925,,4227792,44556349,9.5,2026-08-01T02:42:38.332Z
2023,0000325,세종사이버대학교,대학,사이버대학(대학),서울,사립,23433634,1217579,163282,,24814494,29370557,84.5,2026-08-01T02:42:38.332Z
2023,0000329,숭실사이버대학교,대학,사이버대학(대학),서울,사립,31277612,5682005,386443,,37346060,20360299,183.4,2026-08-01T02:42:38.332Z
2023,0000327,원광디지털대학교,대학,사이버대학(대학),전북,사립,8084184,4147161,164387,,12395732,16056103,77.2,2026-08-01T02:42:38.332Z
2023,0000326,한국열린사이버대학교,대학,사이버대학(대학),서울,사립,18638709,,60674,,18699382,12833371,145.7,2026-08-01T02:42:38.332Z
2023,0000331,한양사이버대학교,대학,사이버대학(대학),서울,사립,83259459,5257000,512604,,89029063,49509551,179.8,2026-08-01T02:42:38.332Z
2023,0000333,화신사이버대학교,대학,사이버대학(대학),부산,사립,2766115,1388949,11417,,4166481,4258338,97.8,2026-08-01T02:42:38.332Z
2023,0000575,영진사이버대학교,전문대학,사이버대학(전문대학),대구,사립,19438365,9307593,,,28745958,9430832,304.8,2026-08-01T02:42:38.332Z
2023,0000576,한국복지사이버대학교,전문대학,사이버대학(전문대학),경북,사립,5000273,455910,,,5456183,5961451,91.5,2026-08-01T02:42:38.332Z
2023,0003183,태재대학교,대학,사이버대학(대학),서울,사립,879133,,1793661,,2672793,312832,854.4,2026-08-01T02:42:38.332Z
2024,0002748,가야대학교(김해),대학,대학교,경남,사립,1613185,27074722,167160,,28855067,11433880,252.4,2026-08-01T02:42:38.332Z
2024,0000063,가천대학교,대학,대학교,경기,사립,16698874,72701342,14671159,,104071375,198884892,52.3,2026-08-01T02:42:38.332Z
2024,0000072,가톨릭관동대학교,대학,대학교,강원,사립,4426250,8438995,1696460,,14561705,39737246,36.6,2026-08-01T02:42:38.332Z
2024,0000215,가톨릭꽃동네대학교,대학,대학교,충북,사립,564278,2881897,43950,,3490125,3300787,105.7,2026-08-01T02:42:38.332Z
2024,0000046,가톨릭대학교,대학,대학교,경기,사립,12561917,119564619,25196574,,157323109,89773776,175.2,2026-08-01T02:42:38.332Z
2024,0000050,감리교신학대학교,대학,대학교,서울,사립,4014787,8699177,17433,,12731397,7387470,172.3,2026-08-01T02:42:38.332Z
2024,0000051,강남대학교,대학,대학교,경기,사립,2959608,6595614,3738773,,13293995,49873889,26.7,2026-08-01T02:42:38.332Z
2024,0000079,강서대학교,대학,대학교,서울,사립,274341,2075131,98360,,2447832,12348335,19.8,2026-08-01T02:42:38.332Z
2024,0000052,건국대학교,대학,대학교,서울,사립,16034474,87897839,28593459,7200010,139725783,230867219,60.5,2026-08-01T02:42:38.332Z
2024,0000054,건양대학교,대학,대학교,충남,사립,11611482,102591583,2967117,,117170181,45521869,257.4,2026-08-01T02:42:38.332Z
2024,0000056,경기대학교,대학,대학교,경기,사립,18262156,46756544,7216835,3003514,75239049,113769486,66.1,2026-08-01T02:42:38.332Z
2024,0000059,경남대학교,대학,대학교,경남,사립,8073142,98913154,4222177,,111208474,59575995,186.7,2026-08-01T02:42:38.332Z
2024,0000060,경동대학교,대학,대학교,강원,사립,19715550,13911400,375214,,34002164,62381385,54.5,2026-08-01T02:42:38.332Z
2024,0000062,경성대학교,대학,대학교,부산,사립,1859877,25674060,3392575,,30926512,87169578,35.5,2026-08-01T02:42:38.332Z
2024,0000244,경운대학교,대학,대학교,경북,사립,2469999,399989,1813805,,4683792,38597781,12.1,2026-08-01T02:42:38.332Z
2024,0000064,경일대학교,대학,대학교,경북,사립,9339177,8306782,5910214,,23556173,49216138,47.9,2026-08-01T02:42:38.332Z
2024,0000066,경희대학교,대학,대학교,서울,사립,4546735,112617269,38048853,5067680,160280538,303069354,52.9,2026-08-01T02:42:38.332Z
2024,0000068,계명대학교,대학,대학교,대구,사립,22586049,230617220,12486928,2022910,267713107,163379084,163.9,2026-08-01T02:42:38.332Z
2024,0000069,고려대학교,대학,대학교,서울,사립,21502031,328875394,66605358,,416982782,384122626,108.6,2026-08-01T02:42:38.332Z
2024,0000071,고신대학교,대학,대학교,부산,사립,1813897,3645066,618749,,6077712,21362327,28.5,2026-08-01T02:42:38.332Z
2024,0000073,광신대학교,대학,대학교,광주,사립,324309,4844,,,329153,5519421,6,2026-08-01T02:42:38.332Z
2024,0000074,광운대학교,대학,대학교,서울,사립,3065493,22073840,9772935,,34912268,79799260,43.8,2026-08-01T02:42:38.332Z
2024,0000075,광주가톨릭대학교,대학,대학교,전남,사립,128072,20431351,,,20559422,,0,2026-08-01T02:42:38.332Z
2024,0000231,광주대학교,대학,대학교,광주,사립,4840323,13106633,2709466,102600,20759022,35598682,58.3,2026-08-01T02:42:38.332Z
2024,0000076,광주여자대학교,대학,대학교,광주,사립,2722828,13367000,504081,,16593909,21334242,77.8,2026-08-01T02:42:38.332Z
2024,0000078,국민대학교,대학,대학교,서울,사립,2538686,159054871,-7030301,3000000,157563256,156606369,100.6,2026-08-01T02:42:38.332Z
2024,0000080,극동대학교,대학,대학교,충북,사립,1997683,221677,286684,,2506043,23460067,10.7,2026-08-01T02:42:38.332Z
2024,0000224,금강대학교,대학,대학교,충남,사립,680194,1194140,504473,,2378807,721268,329.8,2026-08-01T02:42:38.332Z
2024,0000241,김천대학교,대학,대학교,경북,사립,1717960,,63983,,1781943,16195333,11,2026-08-01T02:42:38.332Z
2024,0000081,나사렛대학교,대학,대학교,충남,사립,3330804,7289266,288180,,10908249,35051071,31.1,2026-08-01T02:42:38.332Z
2024,0000216,남부대학교,대학,대학교,광주,사립,1685013,11030530,372661,,13088204,17532404,74.7,2026-08-01T02:42:38.332Z
2024,0000245,남서울대학교,대학,대학교,충남,사립,4916642,13889949,2962702,900000,22669294,74009958,30.6,2026-08-01T02:42:38.332Z
2024,0000082,단국대학교,대학,대학교,경기,사립,4678289,26336472,17869653,,48884414,218149661,22.4,2026-08-01T02:42:38.332Z
2024,0000088,대구가톨릭대학교,대학,대학교,경북,사립,3747674,73489694,3697632,2981769,83916768,86462960,97.1,2026-08-01T02:42:38.332Z
2024,0000084,대구대학교,대학,대학교,경북,사립,14399523,109257451,2430286,1521907,127609167,114171960,111.8,2026-08-01T02:42:38.332Z
2024,0000087,대구예술대학교,대학,대학교,경북,사립,1066104,4463100,119793,,5648997,2125797,265.7,2026-08-01T02:42:38.332Z
2024,0000061,대구한의대학교,대학,대학교,경북,사립,11623341,9699576,3520323,,24843240,49378061,50.3,2026-08-01T02:42:38.332Z
2024,0000093,대신대학교,대학,대학교,경북,사립,243947,1148988,26636,,1419570,4674219,30.4,2026-08-01T02:42:38.332Z
2024,0000094,대전가톨릭대학교,대학,대학교,세종,사립,99399,3159420,,,3258819,303460,1073.9,2026-08-01T02:42:38.332Z
2024,0000095,대전대학교,대학,대학교,대전,사립,8423565,20290434,4055779,,32769778,58140168,56.4,2026-08-01T02:42:38.332Z
2024,0000238,대전신학대학교,대학,대학교,대전,사립,-731376,,,,-731376,1022172,-71.6,2026-08-01T02:42:38.332Z
2024,0000097,대진대학교,대학,대학교,경기,사립,4718208,2702227,1012711,,8433146,58288153,14.5,2026-08-01T02:42:38.332Z
2024,0000099,덕성여자대학교,대학,대학교,서울,사립,2221643,74599617,2925406,,79746666,40101607,198.9,2026-08-01T02:42:38.332Z
2024,0000100,동국대학교,대학,대학교,서울,사립,30869085,88822475,27220460,244259,147156279,213109209,69.1,2026-08-01T02:42:38.332Z
2024,0000102,동덕여자대학교,대학,대학교,서울,사립,1759745,223671864,1159517,,226591125,53042371,427.2,2026-08-01T02:42:38.332Z
2024,0000235,동명대학교,대학,대학교,부산,사립,3394727,27143248,5498987,46972,36083934,47465531,76,2026-08-01T02:42:38.332Z
2024,0000103,동서대학교,대학,대학교,부산,사립,8788527,32854534,752592,,42395654,58021613,73.1,2026-08-01T02:42:38.332Z
2024,0000104,동신대학교,대학,대학교,전남,사립,3330808,17664941,3708343,2097591,26801683,42958652,62.4,2026-08-01T02:42:38.332Z
2024,0000105,동아대학교,대학,대학교,부산,사립,4575522,53901507,11678473,5100000,75255502,141919084,53,2026-08-01T02:42:38.332Z
2024,0000106,동양대학교,대학,대학교,경북,사립,-4872409,,897412,,-3974997,28372215,-14,2026-08-01T02:42:38.332Z
2024,0000107,동의대학교,대학,대학교,부산,사립,3878009,10504141,7699421,503279,22584851,99775930,22.6,2026-08-01T02:42:38.332Z
2024,0000108,루터대학교,대학,대학교,경기,사립,880,155794,108206,,264880,2283308,11.6,2026-08-01T02:42:38.332Z
2024,0000109,명지대학교,대학,대학교,경기,사립,3412078,2262629,12373746,,18048453,130493844,13.8,2026-08-01T02:42:38.332Z
2024,0000112,목원대학교,대학,대학교,대전,사립,66826553,3973606,4370792,,75170951,51603742,145.7,2026-08-01T02:42:38.332Z
2024,0000221,목포가톨릭대학교,대학,대학교,전남,사립,104722,3879324,25959,,4010006,3161994,126.8,2026-08-01T02:42:38.332Z
2024,0000113,배재대학교,대학,대학교,대전,사립,4061652,21506879,3165896,,28734427,52863930,54.4,2026-08-01T02:42:38.332Z
2024,0000178,백석대학교,대학,대학교,충남,사립,7219279,96823237,1060007,4300000,109402523,113053740,96.8,2026-08-01T02:42:38.332Z
2024,0000114,부산가톨릭대학교,대학,대학교,부산,사립,1862559,25588138,2755806,,30206504,24288152,124.4,2026-08-01T02:42:38.332Z
2024,0000115,부산외국어대학교,대학,대학교,부산,사립,2459536,5530484,2291415,,10281435,42416091,24.2,2026-08-01T02:42:38.332Z
2024,0000222,부산장신대학교,대학,대학교,경남,사립,2594132,718094,,,3312225,1832493,180.7,2026-08-01T02:42:38.332Z
2024,0000116,삼육대학교,대학,대학교,서울,사립,3305415,21840191,1763183,,26908788,46510213,57.9,2026-08-01T02:42:38.332Z
2024,0000117,상명대학교,대학,대학교,서울,사립,4845680,26138202,8913259,500000,40397141,100561811,40.2,2026-08-01T02:42:38.332Z
2024,0000119,상지대학교,대학,대학교,강원,사립,1697993,5350031,2570726,962000,10580749,45868790,23.1,2026-08-01T02:42:38.332Z
2024,0000120,서강대학교,대학,대학교,서울,사립,3887750,50251344,5631519,6124091,65894704,120613255,54.6,2026-08-01T02:42:38.332Z
2024,0000121,서경대학교,대학,대학교,서울,사립,2294552,15124757,1353414,,18772723,54850747,34.2,2026-08-01T02:42:38.332Z
2024,0000098,서울기독대학교,대학,대학교,서울,사립,-20203,171053,12458,,163308,6185484,2.6,2026-08-01T02:42:38.332Z
2024,0000125,서울신학대학교,대학,대학교,경기,사립,1954393,8327157,236652,,10518202,17522325,60,2026-08-01T02:42:38.332Z
2024,0000126,서울여자대학교,대학,대학교,서울,사립,1802615,47361191,3218667,,52382472,53408319,98.1,2026-08-01T02:42:38.332Z
2024,0000127,서울장신대학교,대학,대학교,경기,사립,545318,602486,22250,,1170054,3954301,29.6,2026-08-01T02:42:38.332Z
2024,0000205,서울한영대학교,대학,대학교,서울,사립,-1617714,,345,,-1617369,6146771,-26.3,2026-08-01T02:42:38.332Z
2024,0000128,서원대학교,대학,대학교,충북,사립,7693360,28931650,1898293,776244,39299547,47919886,82,2026-08-01T02:42:38.332Z
2024,0000129,선문대학교,대학,대학교,충남,사립,2393530,35419600,3479921,,41293051,64817764,63.7,2026-08-01T02:42:38.332Z
2024,0000131,성결대학교,대학,대학교,경기,사립,3099291,49119384,906521,,53125196,37754594,140.7,2026-08-01T02:42:38.332Z
2024,0000132,성공회대학교,대학,대학교,서울,사립,609346,3199267,1213116,551243,5572973,16987074,32.8,2026-08-01T02:42:38.332Z
2024,0000133,성균관대학교,대학,대학교,서울,사립,62304566,283056914,-19502211,993940,326853209,294417997,111,2026-08-01T02:42:38.332Z
2024,0000136,성신여자대학교,대학,대학교,서울,사립,5096883,56828706,4472752,1000000,67398341,81187656,83,2026-08-01T02:42:38.332Z
2024,0000137,세명대학교,대학,대학교,충북,사립,3179003,131090051,8847361,,143116414,42016742,340.6,2026-08-01T02:42:38.332Z
2024,0000138,세종대학교,대학,대학교,서울,사립,12417279,96806173,9851473,4000000,123074925,149666761,82.2,2026-08-01T02:42:38.332Z
2024,0000092,세한대학교,대학,대학교,전남,사립,3078956,21188393,1086966,,25354315,24555610,103.3,2026-08-01T02:42:38.332Z
2024,0000243,송원대학교,대학,대학교,광주,사립,702068,,87875,,789944,17490051,4.5,2026-08-01T02:42:38.332Z
2024,0000139,수원가톨릭대학교,대학,대학교,경기,사립,465922,27095115,,,27561037,782016,3524.4,2026-08-01T02:42:38.332Z
2024,0000140,수원대학교,대학,대학교,경기,사립,52548689,369847921,7705406,3254184,433356201,65575642,660.8,2026-08-01T02:42:38.332Z
2024,0000141,숙명여자대학교,대학,대학교,서울,사립,3624531,191703217,19022303,114456,214464507,106336117,201.7,2026-08-01T02:42:38.332Z
2024,0000142,순천향대학교,대학,대학교,충남,사립,4128368,64176305,6571473,1500000,76376146,91880360,83.1,2026-08-01T02:42:38.332Z
2024,0000143,숭실대학교,대학,대학교,서울,사립,32035417,97714054,10718010,,140467480,144041793,97.5,2026-08-01T02:42:38.332Z
2024,0000065,신경주대학교,대학,대학교,경북,사립,-11767607,,211223,,-11556384,8460928,-136.6,2026-08-01T02:42:38.332Z
2024,0000144,신라대학교,대학,대학교,부산,사립,6075060,12220502,838811,,19134373,45202696,42.3,2026-08-01T02:42:38.332Z
2024,0002712,신한대학교,대학,대학교,경기,사립,3398125,131259,1029980,,4559364,62069566,7.3,2026-08-01T02:42:38.332Z
2024,0000145,아신대학교,대학,대학교,경기,사립,-157027,588369,20539,,451881,4991023,9.1,2026-08-01T02:42:38.332Z
2024,0000146,아주대학교,대학,대학교,경기,사립,12781655,96371434,20264981,1039104,130457174,128896091,101.2,2026-08-01T02:42:38.332Z
2024,0000147,안양대학교,대학,대학교,경기,사립,2405210,11586013,2410580,,16401803,37446477,43.8,2026-08-01T02:42:38.332Z
2024,0000149,연세대학교,대학,대학교,서울,사립,34335946,630596664,30440560,24941132,720314302,416768299,172.8,2026-08-01T02:42:38.332Z
2024,0000151,영남대학교,대학,대학교,경북,사립,19213766,131876989,17761353,1014950,169867057,168882381,100.6,2026-08-01T02:42:38.332Z
2024,0000153,영남신학대학교,대학,대학교,경북,사립,499770,364203,1620,,865592,3814240,22.7,2026-08-01T02:42:38.332Z
2024,0003193,영산대학교(해운대),대학,대학교,부산,사립,3892179,3265440,1583308,,8740928,35157631,24.9,2026-08-01T02:42:38.332Z
2024,0000155,영산선학대학교,대학,대학교,전남,사립,24958,,,,24958,39000,64,2026-08-01T02:42:38.332Z
2024,0000228,예수대학교,대학,대학교,전북,사립,239661,,83945,17849,341455,3251501,10.5,2026-08-01T02:42:38.332Z
2024,0000218,예원예술대학교,대학,대학교,전북,사립,40806,,1714,,42520,10873351,0.4,2026-08-01T02:42:38.332Z
2024,0000156,용인대학교,대학,대학교,경기,사립,683544,91708148,745669,,93137361,45554818,204.5,2026-08-01T02:42:38.332Z
2024,0000157,우석대학교,대학,대학교,전북,사립,5428546,6878161,3139758,250000,15696466,49584137,31.7,2026-08-01T02:42:38.332Z
2024,0000240,우송대학교,대학,대학교,대전,사립,10776362,26738049,1556465,,39070876,78679388,49.7,2026-08-01T02:42:38.332Z
2024,0000158,울산대학교,대학,대학교,울산,사립,28266456,51006343,17764231,,97037030,90987057,106.6,2026-08-01T02:42:38.332Z
2024,0000159,원광대학교,대학,대학교,전북,사립,12608023,36157661,12947288,1500000,63212972,98967228,63.9,2026-08-01T02:42:38.332Z
2024,0000160,위덕대학교,대학,대학교,경북,사립,785168,2335898,402283,100000,3623349,15197636,23.8,2026-08-01T02:42:38.332Z
2024,0000154,유원대학교,대학,대학교,충북,사립,1125237,,865615,,1990852,23485966,8.5,2026-08-01T02:42:38.332Z
2024,0000161,을지대학교,대학,대학교,대전,사립,18351145,144142547,5993062,,168486755,38634315,436.1,2026-08-01T02:42:38.332Z
2024,0000163,이화여자대학교,대학,대학교,서울,사립,12025699,635004427,34110031,,681140158,212724750,320.2,2026-08-01T02:42:38.332Z
2024,0000164,인제대학교,대학,대학교,경남,사립,2934463,25732144,13820636,,42487243,54681260,77.7,2026-08-01T02:42:38.332Z
2024,0000168,인천가톨릭대학교,대학,대학교,인천,사립,310210,4652065,221924,,5184199,6002919,86.4,2026-08-01T02:42:38.332Z
2024,0000169,인하대학교,대학,대학교,인천,사립,3809265,39725375,8599091,,52133731,173503636,30,2026-08-01T02:42:38.332Z
2024,0000170,장로회신학대학교,대학,대학교,서울,사립,329586,35787056,,,36116642,16474320,219.2,2026-08-01T02:42:38.332Z
2024,0000171,전주대학교,대학,대학교,전북,사립,8860811,15716078,5465999,,30042888,68231209,44,2026-08-01T02:42:38.332Z
2024,0000248,제주국제대학교,대학,대학교,제주,사립,-12480597,440968,298455,,-11741174,2935176,-400,2026-08-01T02:42:38.332Z
2024,0000172,조선대학교,대학,대학교,광주,사립,7992641,63016357,17652585,,88661584,138246668,64.1,2026-08-01T02:42:38.332Z
2024,0000173,중부대학교,대학,대학교,충남,사립,4548440,3680955,2527227,,10756622,63684329,16.9,2026-08-01T02:42:38.332Z
2024,0000175,중앙대학교,대학,대학교,서울,사립,11790906,111842442,16038326,1400000,141071673,263901737,53.5,2026-08-01T02:42:38.332Z
2024,0000177,중앙승가대학교,대학,대학교,경기,사립,625534,1054983,-53631,,1626887,572774,284,2026-08-01T02:42:38.332Z
2024,0000239,중원대학교,대학,대학교,충북,사립,2997717,496672,1538558,,5032946,22886480,22,2026-08-01T02:42:38.332Z
2024,0000187,차의과학대학교,대학,대학교,경기,사립,6117274,30731518,3182860,3000000,43031651,27073878,158.9,2026-08-01T02:42:38.332Z
2024,0000249,창신대학교,대학,대학교,경남,사립,889248,15750531,41397,,16681175,12515032,133.3,2026-08-01T02:42:38.332Z
2024,0000179,청주대학교,대학,대학교,충북,사립,12955057,241887004,878225,,255720287,96235545,265.7,2026-08-01T02:42:38.332Z
2024,0000246,초당대학교,대학,대학교,전남,사립,1397922,30911400,1800,,32311123,16657693,194,2026-08-01T02:42:38.332Z
2024,0000180,총신대학교,대학,대학교,서울,사립,2663453,39520534,112423,27621,42324032,24323937,174,2026-08-01T02:42:38.332Z
2024,0000181,추계예술대학교,대학,대학교,서울,사립,173601,156578,15892,,346071,11328707,3.1,2026-08-01T02:42:38.332Z
2024,0000184,칼빈대학교,대학,대학교,경기,사립,375282,104165,,,479447,15677359,3.1,2026-08-01T02:42:38.332Z
2024,0000186,평택대학교,대학,대학교,경기,사립,793143,1848618,585394,,3227155,25692995,12.6,2026-08-01T02:42:38.332Z
2024,0000188,포항공과대학교,대학,대학교,경북,사립,54786229,90524289,32479568,40500000,218290085,28387962,769,2026-08-01T02:42:38.332Z
2024,0000247,한국공학대학교,대학,대학교,경기,사립,15891605,6861361,8162589,2003704,32919260,62392360,52.8,2026-08-01T02:42:38.332Z
2024,0000189,한국기술교육대학교,대학,대학교,충남,사립,19292654,5795400,9630949,8791134,43510137,20343809,213.9,2026-08-01T02:42:38.332Z
2024,0000191,한국성서대학교,대학,대학교,서울,사립,471533,224069,47853,,743455,7465731,10,2026-08-01T02:42:38.332Z
2024,0000192,한국외국어대학교,대학,대학교,서울,사립,11310545,11789506,5387350,500000,28987401,145004907,20,2026-08-01T02:42:38.332Z
2024,0000182,한국침례신학대학교,대학,대학교,대전,사립,971049,25994759,,,26965808,8055873,334.7,2026-08-01T02:42:38.332Z
2024,0000194,한국항공대학교,대학,대학교,경기,사립,2572342,6410569,8160969,1750000,18893880,39823778,47.4,2026-08-01T02:42:38.332Z
2024,0000195,한남대학교,대학,대학교,대전,사립,12467128,9181839,3030569,1159862,25839397,80962197,31.9,2026-08-01T02:42:38.332Z
2024,0000196,한동대학교,대학,대학교,경북,사립,16531207,8127644,2980110,,27638961,31354771,88.1,2026-08-01T02:42:38.332Z
2024,0000197,한라대학교,대학,대학교,강원,사립,531893,39000,591528,,1162421,19358217,6,2026-08-01T02:42:38.332Z
2024,0000198,한림대학교,대학,대학교,강원,사립,9440396,46578784,13207293,3800130,73026603,55148671,132.4,2026-08-01T02:42:38.332Z
2024,0000199,한서대학교,대학,대학교,충남,사립,11300296,2503726,2408404,,16212425,49233012,32.9,2026-08-01T02:42:38.332Z
2024,0000200,한성대학교,대학,대학교,서울,사립,5285540,15471109,3424661,,24181311,59751616,40.5,2026-08-01T02:42:38.332Z
2024,0000201,한세대학교,대학,대학교,경기,사립,1548453,35130023,70849,,36749325,23009854,159.7,2026-08-01T02:42:38.332Z
2024,0000202,한신대학교,대학,대학교,경기,사립,1982073,27250822,684010,500000,30416905,37242170,81.7,2026-08-01T02:42:38.332Z
2024,0000203,한양대학교,대학,대학교,서울,사립,41614947,173281216,17735055,2206070,234837288,378647910,62,2026-08-01T02:42:38.332Z
2024,0000206,한일장신대학교,대학,대학교,전북,사립,-1774188,1030852,320334,,-423003,5628581,-7.5,2026-08-01T02:42:38.332Z
2024,0000207,협성대학교,대학,대학교,경기,사립,1003094,8224044,456356,,9683494,28153720,34.4,2026-08-01T02:42:38.332Z
2024,0000208,호남대학교,대학,대학교,광주,사립,6502433,38331970,2687201,,47521604,48518344,97.9,2026-08-01T02:42:38.332Z
2024,0000209,호남신학대학교,대학,대학교,광주,사립,1410698,1045886,151,,2456736,4034289,60.9,2026-08-01T02:42:38.332Z
2024,0000211,호서대학교,대학,대학교,충남,사립,7495417,49615349,15731771,,72842537,105231343,69.2,2026-08-01T02:42:38.332Z
2024,0000212,홍익대학교,대학,대학교,서울,사립,57803313,718409657,8421612,,784634582,199294533,393.7,2026-08-01T02:42:38.332Z
2024,0000233,화성의과학대학교,대학,대학교,경기,사립,1365753,,28501,,1394254,3260381,42.8,2026-08-01T02:42:38.332Z
2024,0000284,청운대학교,대학,산업대학,충남,사립,1648652,9900297,910715,100000,12559665,38510531,32.6,2026-08-01T02:42:38.332Z
2024,0000282,호원대학교,대학,산업대학,전북,사립,2517135,975958,108384,,3601478,33268801,10.8,2026-08-01T02:42:38.332Z
2024,0000663,개신대학원대학교,대학원대학,전문대학원,서울,사립,723960,,,,723960,1571520,46.1,2026-08-01T02:42:38.332Z
2024,0000643,건신대학원대학교,대학원대학,전문대학원,대전,사립,112120,,19310,,131430,1063046,12.4,2026-08-01T02:42:38.332Z
2024,0000668,경안대학원대학교,대학원대학,전문대학원,경북,사립,-142072,,,,-142072,283088,-50.2,2026-08-01T02:42:38.332Z
2024,0002857,구세군사관대학원대학교,대학원대학,특수대학원,경기,사립,211371,368246,,,579617,98133,590.6,2026-08-01T02:42:38.332Z
2024,0000657,국제뇌교육종합대학원대학교,대학원대학,전문대학원,충남,사립,265713,560000,12256,,837970,2237629,37.4,2026-08-01T02:42:38.332Z
2024,0000655,국제법률경영대학원대학교,대학원대학,전문대학원,경기,사립,-3509774,,,,-3509774,297429,-1180,2026-08-01T02:42:38.332Z
2024,0000656,국제언어대학원대학교,대학원대학,전문대학원,서울,사립,320685,,12381,,333067,1984629,16.8,2026-08-01T02:42:38.332Z
2024,0002818,능인대학원대학교,대학원대학,전문대학원,경기,사립,29003,,,,29003,352620,8.2,2026-08-01T02:42:38.332Z
2024,0000641,대한신학대학원대학교,대학원대학,전문대학원,경기,사립,-2985967,,,,-2985967,1599073,-186.7,2026-08-01T02:42:38.332Z
2024,0000669,동방문화대학원대학교,대학원대학,전문대학원,서울,사립,1953848,,177471,,2131319,2695691,79.1,2026-08-01T02:42:38.332Z
2024,0000670,북한대학원대학교,대학원대학,전문대학원,서울,사립,852655,6353975,153016,,7359646,1558889,472.1,2026-08-01T02:42:38.332Z
2024,0000666,서울과학종합대학원대학교,대학원대학,전문대학원,서울,사립,4547116,,1713287,,6260404,17056629,36.7,2026-08-01T02:42:38.332Z
2024,0000677,서울미디어대학원대학교,대학원대학,특수대학원,서울,사립,7023237,,98153,,7121390,2514683,283.2,2026-08-01T02:42:38.332Z
2024,0000660,서울벤처대학원대학교,대학원대학,전문대학원,서울,사립,3860005,1178866,133042,,5171913,2336186,221.4,2026-08-01T02:42:38.332Z
2024,0000658,서울불교대학원대학교,대학원대학,전문대학원,서울,사립,712501,,,,712501,1871980,38.1,2026-08-01T02:42:38.332Z
2024,0000678,서울상담심리대학원대학교,대학원대학,전문대학원,서울,사립,15660226,,,,15660226,1136127,1378.4,2026-08-01T02:42:38.332Z
2024,0000650,서울성경신학대학원대학교,대학원대학,전문대학원,서울,사립,116279,364000,,,480279,364180,131.9,2026-08-01T02:42:38.332Z
2024,0000659,서울외국어대학원대학교,대학원대학,전문대학원,서울,사립,342783,218045,68078,,628905,2621233,24,2026-08-01T02:42:38.332Z
2024,0000667,선학유피대학원대학교,대학원대학,전문대학원,경기,사립,544442,2404109,,,2948551,427190,690.2,2026-08-01T02:42:38.332Z
2024,0000644,성산효대학원대학교,대학원대학,전문대학원,인천,사립,252037,3354,,,255391,1495938,17.1,2026-08-01T02:42:38.332Z
2024,0000661,성서침례대학원대학교,대학원대학,전문대학원,경기,사립,623575,1051,,,624626,295763,211.2,2026-08-01T02:42:38.332Z
2024,0000649,수도국제대학원대학교,대학원대학,전문대학원,서울,사립,408060,,,,408060,3474566,11.7,2026-08-01T02:42:38.332Z
2024,0000671,순복음대학원대학교,대학원대학,전문대학원,서울,사립,72547,,,,72547,729362,9.9,2026-08-01T02:42:38.332Z
2024,0000672,실천신학대학원대학교,대학원대학,전문대학원,경기,사립,-25807,,,,-25807,576629,-4.5,2026-08-01T02:42:38.332Z
2024,0000662,에스라성경대학원대학교,대학원대학,전문대학원,경기,사립,75884,350373,,,426257,530001,80.4,2026-08-01T02:42:38.332Z
2024,0000651,예명대학원대학교,대학원대학,전문대학원,서울,사립,376138,,,,376138,1987428,18.9,2026-08-01T02:42:38.332Z
2024,0000654,온석대학원대학교,대학원대학,전문대학원,경기,사립,1210088,,,,1210088,2172950,55.7,2026-08-01T02:42:38.332Z
2024,0000645,원불교대학원대학교,대학원대학,전문대학원,전북,사립,60396,,,,60396,158000,38.2,2026-08-01T02:42:38.332Z
2024,0000646,웨스트민스터신학대학원대학교,대학원대학,전문대학원,경기,사립,1496198,1411254,,,2907452,3221633,90.2,2026-08-01T02:42:38.332Z
2024,0002668,제네바신학대학원대학교,대학원대학,전문대학원,경기,사립,1740,,,,1740,37500,4.6,2026-08-01T02:42:38.332Z
2024,0000680,주안대학원대학교,대학원대학,전문대학원,인천,사립,444602,22516,,,467118,416454,112.2,2026-08-01T02:42:38.332Z
2024,0002817,치유상담대학원대학교,대학원대학,전문대학원,서울,사립,301340,110000,,,411340,1010507,40.7,2026-08-01T02:42:38.332Z
2024,0000679,한국상담대학원대학교,대학원대학,전문대학원,서울,사립,190260,1667471,,,1857731,1440515,129,2026-08-01T02:42:38.332Z
2024,0000681,한국전력국제원자력대학원대학교,대학원대학,전문대학원,울산,사립,4506896,,897111,,5404006,5191390,104.1,2026-08-01T02:42:38.332Z
2024,0000673,한림국제대학원대학교,대학원대학,특수대학원,서울,사립,1553460,395297,53677,19799,2022233,2798455,72.3,2026-08-01T02:42:38.332Z
2024,0000676,한반도국제대학원대학교,대학원대학,특수대학원,서울,사립,29363,122102,,,151465,200500,75.5,2026-08-01T02:42:38.332Z
2024,0000647,합동신학대학원대학교,대학원대학,전문대학원,경기,사립,286990,4312536,,,4599526,1733366,265.4,2026-08-01T02:42:38.332Z
2024,0000648,횃불트리니티신학대학원대학교,대학원대학,전문대학원,서울,사립,129347,1402431,,,1531778,2649776,57.8,2026-08-01T02:42:38.332Z
2024,0000317,순복음총회신학교,대학,각종학교(대학),충북,사립,38595,,,,38595,695314,5.6,2026-08-01T02:42:38.332Z
2024,0000410,가톨릭상지대학교,전문대학,전문대학,경북,사립,1248865,5620147,597789,,7466802,10166891,73.4,2026-08-01T02:42:38.332Z
2024,0000433,강동대학교,전문대학,전문대학,충북,사립,382715,1126417,168730,,1677862,19521718,8.6,2026-08-01T02:42:38.332Z
2024,0000514,강릉영동대학교,전문대학,전문대학,강원,사립,3264243,35618,97495,,3397356,17258722,19.7,2026-08-01T02:42:38.332Z
2024,0000412,거제대학교,전문대학,전문대학,경남,사립,1000292,1820549,380277,,3201118,6551092,48.9,2026-08-01T02:42:38.332Z
2024,0000560,경기과학기술대학교,전문대학,전문대학,경기,사립,5478178,,906181,,6384359,25109904,25.4,2026-08-01T02:42:38.332Z
2024,0002640,경남정보대학교,전문대학,전문대학,부산,사립,5808154,18620056,583411,,25011622,29624203,84.4,2026-08-01T02:42:38.332Z
2024,0000416,경민대학교,전문대학,전문대학,경기,사립,1303080,32488,741467,,2077035,26026651,8,2026-08-01T02:42:38.332Z
2024,0002641,경복대학교,전문대학,전문대학,경기,사립,3933591,15591836,1293244,340440,21159112,39524064,53.5,2026-08-01T02:42:38.332Z
2024,0000456,경북과학대학교,전문대학,전문대학,경북,사립,2841244,,138912,,2980156,10844425,27.5,2026-08-01T02:42:38.332Z
2024,0000438,경북보건대학교,전문대학,전문대학,경북,사립,365598,1462860,294777,,2123235,7164305,29.6,2026-08-01T02:42:38.332Z
2024,0002642,경북전문대학교,전문대학,전문대학,경북,사립,9505221,20798384,292283,,30595888,14580118,209.8,2026-08-01T02:42:38.332Z
2024,0000422,경인여자대학교,전문대학,전문대학,인천,사립,1647320,62317483,1000001,,64964804,22136515,293.5,2026-08-01T02:42:38.332Z
2024,0000425,계명문화대학교,전문대학,전문대학,대구,사립,2969803,43907608,349940,,47227350,25434308,185.7,2026-08-01T02:42:38.332Z
2024,0000426,계원예술대학교,전문대학,전문대학,경기,사립,727121,4899533,385211,,6011864,20312609,29.6,2026-08-01T02:42:38.332Z
2024,0000428,광양보건대학교,전문대학,전문대학,전남,사립,-10925658,,38244,,-10887414,628270,-1732.9,2026-08-01T02:42:38.332Z
2024,0000429,광주보건대학교,전문대학,전문대학,광주,사립,965168,4054547,236092,,5255807,17610139,29.8,2026-08-01T02:42:38.332Z
2024,0000430,구미대학교,전문대학,전문대학,경북,사립,14921321,61815104,3887550,1015948,81639923,32006415,255.1,2026-08-01T02:42:38.332Z
2024,0000549,국제대학교,전문대학,전문대학,경기,사립,2349388,3823380,199065,,6371834,15390750,41.4,2026-08-01T02:42:38.332Z
2024,0002971,군산간호대학교,전문대학,전문대학,전북,사립,693192,1559814,74335,,2327342,7049539,33,2026-08-01T02:42:38.332Z
2024,0000432,군장대학교,전문대학,전문대학,전북,사립,1826149,,140175,,1966324,9588813,20.5,2026-08-01T02:42:38.332Z
2024,0002972,기독간호대학교,전문대학,전문대학,광주,사립,68473,1976456,298922,,2343851,3152666,74.3,2026-08-01T02:42:38.332Z
2024,0000440,김포대학교,전문대학,전문대학,경기,사립,683939,19444211,470714,,20598864,12069568,170.7,2026-08-01T02:42:38.332Z
2024,0000569,김해대학교,전문대학,전문대학,경남,사립,180377,,65371,,245748,8019463,3.1,2026-08-01T02:42:38.332Z
2024,0000435,나주대학교,전문대학,전문대학,전남,사립,-8240291,2,45844,,-8194445,5746914,-142.6,2026-08-01T02:42:38.332Z
2024,0000441,농협대학교,전문대학,전문대학,경기,사립,246121,7722736,893970,,8862828,1861993,476,2026-08-01T02:42:38.332Z
2024,0000442,대경대학교,전문대학,전문대학,경북,사립,396621,,515452,,912073,21349744,4.3,2026-08-01T02:42:38.332Z
2024,0000443,대구공업대학교,전문대학,전문대학,대구,사립,509518,10412807,227934,,11150259,6464033,172.5,2026-08-01T02:42:38.332Z
2024,0000446,대구과학대학교,전문대학,전문대학,대구,사립,1298660,5378383,376971,,7054013,24131789,29.2,2026-08-01T02:42:38.332Z
2024,0000444,대구보건대학교,전문대학,전문대학,대구,사립,2503593,1078613,1064118,,4646324,39515534,11.8,2026-08-01T02:42:38.332Z
2024,0000546,대덕대학교,전문대학,전문대학,대전,사립,3004317,33321987,505394,,36831698,8385198,439.2,2026-08-01T02:42:38.332Z
2024,0000447,대동대학교,전문대학,전문대학,부산,사립,526634,5576691,4386,,6107712,8949837,68.2,2026-08-01T02:42:38.332Z
2024,0000448,대림대학교,전문대학,전문대학,경기,사립,5678765,44265499,1956766,,51901030,43589253,119.1,2026-08-01T02:42:38.332Z
2024,0000449,대원대학교,전문대학,전문대학,충북,사립,778954,13855885,951648,,15586487,10384036,150.1,2026-08-01T02:42:38.332Z
2024,0000453,대전과학기술대학교,전문대학,전문대학,대전,사립,1149204,6023818,313503,,7486525,22780310,32.9,2026-08-01T02:42:38.332Z
2024,0000451,대전보건대학교,전문대학,전문대학,대전,사립,947133,53153048,1449251,,55549431,24801327,224,2026-08-01T02:42:38.332Z
2024,0000460,동강대학교,전문대학,전문대학,광주,사립,1775137,1662868,110650,,3548656,12109508,29.3,2026-08-01T02:42:38.332Z
2024,0000457,동남보건대학교,전문대학,전문대학,경기,사립,26213357,8124050,246680,,34584087,29354339,117.8,2026-08-01T02:42:38.332Z
2024,0000450,동서울대학교,전문대학,전문대학,경기,사립,4947501,9067152,1083097,,15097750,36191377,41.7,2026-08-01T02:42:38.332Z
2024,0000461,동아방송예술대학교,전문대학,전문대학,경기,사립,1433559,1028430,136238,,2598227,21718720,12,2026-08-01T02:42:38.332Z
2024,0000462,동아보건대학교,전문대학,전문대학,전남,사립,1022957,3525623,44513,,4593094,4390492,104.6,2026-08-01T02:42:38.332Z
2024,0000463,동양미래대학교,전문대학,전문대학,서울,사립,2071869,70564866,2194333,,74831068,36000659,207.9,2026-08-01T02:42:38.332Z
2024,0000509,동원과학기술대학교,전문대학,전문대학,경남,사립,1519257,32600000,579434,,34698691,12424084,279.3,2026-08-01T02:42:38.332Z
2024,0000465,동원대학교,전문대학,전문대학,경기,사립,449080,5384340,162791,,5996211,17477743,34.3,2026-08-01T02:42:38.332Z
2024,0000466,동의과학대학교,전문대학,전문대학,부산,사립,727004,4940912,1982731,,7650647,22021641,34.7,2026-08-01T02:42:38.332Z
2024,0000469,두원공과대학교,전문대학,전문대학,경기,사립,7584269,47893639,8504,,55486413,12999434,426.8,2026-08-01T02:42:38.332Z
2024,0000470,마산대학교,전문대학,전문대학,경남,사립,2925133,113320225,609954,,116855312,28885595,404.5,2026-08-01T02:42:38.332Z
2024,0000473,명지전문대학,전문대학,전문대학,서울,사립,2867246,41142635,350968,,44360849,39762209,111.6,2026-08-01T02:42:38.332Z
2024,0000474,목포과학대학교,전문대학,전문대학,전남,사립,4750357,3650812,286997,,8688166,13349091,65.1,2026-08-01T02:42:38.332Z
2024,0000475,문경대학교,전문대학,전문대학,경북,사립,760878,1242731,201139,,2204748,4056216,54.4,2026-08-01T02:42:38.332Z
2024,0000476,배화여자대학교,전문대학,전문대학,서울,사립,1315395,26119507,230944,,27665846,15322374,180.6,2026-08-01T02:42:38.332Z
2024,0000543,백석문화대학교,전문대학,전문대학,충남,사립,879150,37455193,1556444,,39890788,24642612,161.9,2026-08-01T02:42:38.332Z
2024,0000477,백제예술대학교,전문대학,전문대학,전북,사립,168490,3425288,1871,,3595649,5108402,70.4,2026-08-01T02:42:38.332Z
2024,0000479,부산경상대학교,전문대학,전문대학,부산,사립,1970528,11611847,736857,,14319232,9133365,156.8,2026-08-01T02:42:38.332Z
2024,0000481,부산과학기술대학교,전문대학,전문대학,부산,사립,556287,2527558,855336,,3939181,19983056,19.7,2026-08-01T02:42:38.332Z
2024,0000467,부산보건대학교,전문대학,전문대학,부산,사립,8258842,2886688,687147,,11832678,12909477,91.7,2026-08-01T02:42:38.332Z
2024,0000480,부산여자대학교,전문대학,전문대학,부산,사립,4868841,35347831,343145,,40559817,10148714,399.7,2026-08-01T02:42:38.332Z
2024,0000561,부산예술대학교,전문대학,전문대학,부산,사립,86137,202550,3187,,291874,3428362,8.5,2026-08-01T02:42:38.332Z
2024,0000482,부천대학교,전문대학,전문대학,경기,사립,3933499,25123847,2216215,,31273561,43892797,71.2,2026-08-01T02:42:38.332Z
2024,0000483,삼육보건대학교,전문대학,전문대학,서울,사립,278468,5635541,223019,,6137028,7482480,82,2026-08-01T02:42:38.332Z
2024,0002646,서영대학교,전문대학,전문대학,광주,사립,-20897,,492783,,471887,26253334,1.8,2026-08-01T02:42:38.332Z
2024,0002973,서울여자간호대학교,전문대학,전문대학,서울,사립,942693,2895661,256880,,4095234,5578528,73.4,2026-08-01T02:42:38.332Z
2024,0000489,서울예술대학교,전문대학,전문대학,경기,사립,9432889,46825498,150497,,56408884,25273307,223.2,2026-08-01T02:42:38.332Z
2024,0000490,서일대학교,전문대학,전문대학,서울,사립,36478868,32189162,659243,,69327273,35642165,194.5,2026-08-01T02:42:38.332Z
2024,0000566,서정대학교,전문대학,전문대학,경기,사립,9909910,10681728,135356,,20726994,51656663,40.1,2026-08-01T02:42:38.332Z
2024,0000550,선린대학교,전문대학,전문대학,경북,사립,1454991,9782264,41876,,11279131,10628027,106.1,2026-08-01T02:42:38.332Z
2024,0002647,성운대학교,전문대학,전문대학,경북,사립,339773,423958,160008,,923738,7547009,12.2,2026-08-01T02:42:38.332Z
2024,0000515,세경대학교,전문대학,전문대학,강원,사립,4420209,8567640,170726,,13158575,3760810,349.9,2026-08-01T02:42:38.332Z
2024,0000567,송곡대학교,전문대학,전문대학,강원,사립,496443,6254,2298,,504995,4356524,11.6,2026-08-01T02:42:38.332Z
2024,0000564,송호대학교,전문대학,전문대학,강원,사립,255698,827823,209653,,1293174,5192156,24.9,2026-08-01T02:42:38.332Z
2024,0002649,수성대학교,전문대학,전문대학,대구,사립,1100833,10250360,474783,,11825977,19078277,62,2026-08-01T02:42:38.332Z
2024,0000497,수원과학대학교,전문대학,전문대학,경기,사립,5862314,95849182,567951,,102279447,15250048,670.7,2026-08-01T02:42:38.332Z
2024,0000496,수원여자대학교,전문대학,전문대학,경기,사립,3932355,32585001,567757,,37085112,23696510,156.5,2026-08-01T02:42:38.332Z
2024,0000498,순천제일대학교,전문대학,전문대학,전남,사립,13511343,14924402,192216,,28627961,13838679,206.9,2026-08-01T02:42:38.332Z
2024,0000500,숭의여자대학교,전문대학,전문대학,서울,사립,4576585,52580519,9809,,57166913,17121860,333.9,2026-08-01T02:42:38.332Z
2024,0000501,신구대학교,전문대학,전문대학,경기,사립,6562302,65914308,2322145,,74798755,39067734,191.5,2026-08-01T02:42:38.332Z
2024,0000502,신성대학교,전문대학,전문대학,충남,사립,-1203820,21240602,1301393,,21338175,17113350,124.7,2026-08-01T02:42:38.332Z
2024,0000506,신안산대학교,전문대학,전문대학,경기,사립,11452917,3451285,507916,,15412118,14840976,103.8,2026-08-01T02:42:38.332Z
2024,0000454,아주자동차대학교,전문대학,전문대학,충남,사립,1349241,5491297,389586,,7230124,5899087,122.6,2026-08-01T02:42:38.332Z
2024,0002650,안동과학대학교,전문대학,전문대학,경북,사립,392716,12976193,294181,,13663090,11697827,116.8,2026-08-01T02:42:38.332Z
2024,0000507,안산대학교,전문대학,전문대학,경기,사립,1335774,65900779,505699,,67742252,26450235,256.1,2026-08-01T02:42:38.332Z
2024,0000510,여주대학교,전문대학,전문대학,경기,사립,2768520,5097343,386917,,8252780,20054380,41.2,2026-08-01T02:42:38.332Z
2024,0002651,연성대학교,전문대학,전문대학,경기,사립,3618679,97822740,1296927,,102738346,35526883,289.2,2026-08-01T02:42:38.332Z
2024,0002652,연암공과대학교,전문대학,전문대학,경남,사립,6473231,1801606,263497,,8538334,6162152,138.6,2026-08-01T02:42:38.332Z
2024,0000512,연암대학교,전문대학,전문대학,충남,사립,898928,331240,272416,,1502584,6741652,22.3,2026-08-01T02:42:38.332Z
2024,0000418,영남외국어대학,전문대학,전문대학,경북,사립,2275844,5084481,,,7360324,2748765,267.8,2026-08-01T02:42:38.332Z
2024,0000513,영남이공대학교,전문대학,전문대학,대구,사립,9203990,39481707,758387,,49444084,33585122,147.2,2026-08-01T02:42:38.332Z
2024,0000517,영진전문대학교,전문대학,전문대학,대구,사립,2485582,99368134,4243025,9266,106106006,40046126,265,2026-08-01T02:42:38.332Z
2024,0002653,오산대학교,전문대학,전문대학,경기,사립,1555530,64859092,1945254,,68359876,26522706,257.7,2026-08-01T02:42:38.332Z
2024,0000520,용인예술과학대학교,전문대학,전문대학,경기,사립,470246,17994290,1230369,,19694905,16780611,117.4,2026-08-01T02:42:38.332Z
2024,0000452,우송정보대학,전문대학,전문대학,대전,사립,1799309,30831427,249772,,32880508,17875931,183.9,2026-08-01T02:42:38.332Z
2024,0000521,울산과학대학교,전문대학,전문대학,울산,사립,3036889,16941642,4237215,10000,24225747,31015595,78.1,2026-08-01T02:42:38.332Z
2024,0000568,웅지세무대학교,전문대학,전문대학,경기,사립,-8316382,,-4251,,-8320633,2134285,-389.9,2026-08-01T02:42:38.332Z
2024,0000523,원광보건대학교,전문대학,전문대학,전북,사립,4774448,18674067,703658,,24152173,22348011,108.1,2026-08-01T02:42:38.332Z
2024,0000524,유한대학교,전문대학,전문대학,경기,사립,4155416,31003990,825230,,35984636,25414612,141.6,2026-08-01T02:42:38.332Z
2024,0000525,인덕대학교,전문대학,전문대학,서울,사립,4303106,4965035,490479,210000,9968620,33965620,29.3,2026-08-01T02:42:38.332Z
2024,0002654,인하공업전문대학,전문대학,전문대학,인천,사립,910699,60447878,959872,,62318449,45915500,135.7,2026-08-01T02:42:38.332Z
2024,0000527,장안대학교,전문대학,전문대학,경기,사립,6976068,20940540,122162,,28038770,11994176,233.8,2026-08-01T02:42:38.332Z
2024,0000455,재능대학교,전문대학,전문대학,인천,사립,3244629,10324583,909863,,14479074,17139764,84.5,2026-08-01T02:42:38.332Z
2024,0000529,전남과학대학교,전문대학,전문대학,전남,사립,3712582,19154771,1430172,,24297525,14701632,165.3,2026-08-01T02:42:38.332Z
2024,0000531,전북과학대학교,전문대학,전문대학,전북,사립,20728653,7746922,139890,,28615465,8568443,334,2026-08-01T02:42:38.332Z
2024,0000437,전주기전대학,전문대학,전문대학,전북,사립,1327108,5881025,426817,,7634950,10063275,75.9,2026-08-01T02:42:38.332Z
2024,0000530,전주비전대학교,전문대학,전문대학,전북,사립,12861465,3132061,1420751,,17414277,17890443,97.3,2026-08-01T02:42:38.332Z
2024,0000532,제주관광대학교,전문대학,전문대학,제주,사립,652741,1008035,299531,,1960306,6959744,28.2,2026-08-01T02:42:38.332Z
2024,0002655,제주한라대학교,전문대학,전문대학,제주,사립,6652422,2253894,376998,,9283314,18824454,49.3,2026-08-01T02:42:38.332Z
2024,0002974,조선간호대학교,전문대학,전문대학,광주,사립,203087,7154111,33322,,7390520,3864918,191.2,2026-08-01T02:42:38.332Z
2024,0000534,조선이공대학교,전문대학,전문대학,광주,사립,911626,33194675,506242,,34612544,14315192,241.8,2026-08-01T02:42:38.332Z
2024,0000539,진주보건대학교,전문대학,전문대학,경남,사립,4934494,100463796,64078,,105462369,14583432,723.2,2026-08-01T02:42:38.332Z
2024,0000542,창원문성대학교,전문대학,전문대학,경남,사립,-19088,52886678,2279196,,55146786,5518431,999.3,2026-08-01T02:42:38.332Z
2024,0000544,청강문화산업대학교,전문대학,전문대학,경기,사립,2233414,40612390,836258,,43682062,26647814,163.9,2026-08-01T02:42:38.332Z
2024,0002656,청암대학교,전문대학,전문대학,전남,사립,389717,2803857,535606,,3729180,11749907,31.7,2026-08-01T02:42:38.332Z
2024,0000545,춘해보건대학교,전문대학,전문대학,울산,사립,976265,12820655,386291,,14183211,15243356,93,2026-08-01T02:42:38.332Z
2024,0000536,충북보건과학대학교,전문대학,전문대학,충북,사립,1696710,600000,641976,,2938685,13489366,21.8,2026-08-01T02:42:38.332Z
2024,0000547,충청대학교,전문대학,전문대학,충북,사립,385049,19524025,944762,,20853836,17470094,119.4,2026-08-01T02:42:38.332Z
2024,0002658,포항대학교,전문대학,전문대학,경북,사립,295776,71010,501525,,868311,9078170,9.6,2026-08-01T02:42:38.332Z
2024,0000578,한국골프과학기술대학교,전문대학,전문대학,강원,사립,201856,28512,-44669,,185699,3502619,5.3,2026-08-01T02:42:38.332Z
2024,0000565,한국관광대학교,전문대학,전문대학,경기,사립,708870,63604857,47556,,64361283,6742194,954.6,2026-08-01T02:42:38.332Z
2024,0000570,한국승강기대학교,전문대학,전문대학,경남,사립,903738,3076718,211367,,4191823,3289266,127.4,2026-08-01T02:42:38.332Z
2024,0000522,한국영상대학교,전문대학,전문대학,세종,사립,2291793,14471770,1230760,,17994324,17747476,101.4,2026-08-01T02:42:38.332Z
2024,0000553,한림성심대학교,전문대학,전문대학,강원,사립,3751158,8608175,629727,,12989060,13842666,93.8,2026-08-01T02:42:38.332Z
2024,0000554,한양여자대학교,전문대학,전문대학,서울,사립,8524387,67892554,2682584,,79099526,38463823,205.6,2026-08-01T02:42:38.332Z
2024,0000555,한영대학교,전문대학,전문대학,전남,사립,1481232,1591646,1539376,,4612254,7484615,61.6,2026-08-01T02:42:38.332Z
2024,0000556,혜전대학교,전문대학,전문대학,충남,사립,830368,39874150,191504,,40896022,15644507,261.4,2026-08-01T02:42:38.332Z
2024,0000415,호산대학교,전문대학,전문대학,경북,사립,591639,2275783,90014,,2957436,13065995,22.6,2026-08-01T02:42:38.332Z
2024,0000335,건양사이버대학교,대학,사이버대학(대학),대전,사립,14462635,2757092,53988,,17273715,11008375,156.9,2026-08-01T02:42:38.332Z
2024,0000318,경희사이버대학교,대학,사이버대학(대학),서울,사립,3954365,33745840,,,37700205,31695213,118.9,2026-08-01T02:42:38.332Z
2024,0000328,고려사이버대학교,대학,사이버대학(대학),서울,사립,42703295,5086874,101290,,47891460,22402585,213.8,2026-08-01T02:42:38.332Z
2024,0000319,국제사이버대학교,대학,사이버대학(대학),경기,사립,8888711,3400000,2228,,12290938,9015517,136.3,2026-08-01T02:42:38.332Z
2024,0000334,글로벌사이버대학교,대학,사이버대학(대학),충남,사립,1412710,1024200,6228,,2443138,6248373,39.1,2026-08-01T02:42:38.332Z
2024,0000320,대구사이버대학교,대학,사이버대학(대학),경북,사립,1028500,10480790,113318,,11622608,10799578,107.6,2026-08-01T02:42:38.332Z
2024,0000330,디지털서울문화예술대학교,대학,사이버대학(대학),서울,사립,2084084,1218834,46760,,3349678,11199977,29.9,2026-08-01T02:42:38.332Z
2024,0000321,부산디지털대학교,대학,사이버대학(대학),부산,사립,1245682,11000000,147904,,12393586,6199354,199.9,2026-08-01T02:42:38.332Z
2024,0000332,사이버한국외국어대학교,대학,사이버대학(대학),서울,사립,3058317,1766571,98619,,4923507,16917219,29.1,2026-08-01T02:42:38.332Z
2024,0000322,서울디지털대학교,대학,사이버대학(대학),서울,사립,51757533,15556153,,,67313686,25295664,266.1,2026-08-01T02:42:38.332Z
2024,0000323,서울사이버대학교,대학,사이버대학(대학),서울,사립,2128327,108675,249925,,2486926,43933533,5.7,2026-08-01T02:42:38.332Z
2024,0000325,세종사이버대학교,대학,사이버대학(대학),서울,사립,1338758,1217579,163282,,2719618,30588185,8.9,2026-08-01T02:42:38.332Z
2024,0000329,숭실사이버대학교,대학,사이버대학(대학),서울,사립,27931981,5682005,386443,,34000429,20817224,163.3,2026-08-01T02:42:38.332Z
2024,0000327,원광디지털대학교,대학,사이버대학(대학),전북,사립,8910565,4147161,164387,,13222114,15998117,82.6,2026-08-01T02:42:38.332Z
2024,0000326,한국열린사이버대학교,대학,사이버대학(대학),서울,사립,15209098,,60674,,15269772,13619737,112.1,2026-08-01T02:42:38.332Z
2024,0000331,한양사이버대학교,대학,사이버대학(대학),서울,사립,91920141,5257000,512604,,97689745,50053924,195.2,2026-08-01T02:42:38.332Z
2024,0000333,화신사이버대학교,대학,사이버대학(대학),부산,사립,3128402,1388949,11417,,4528768,4694222,96.5,2026-08-01T02:42:38.332Z
2024,0000575,영진사이버대학교,전문대학,사이버대학(전문대학),대구,사립,20081555,9307593,,,29389148,8798828,334,2026-08-01T02:42:38.332Z
2024,0000576,한국복지사이버대학교,전문대학,사이버대학(전문대학),경북,사립,5314297,455910,,,5770208,6079671,94.9,2026-08-01T02:42:38.332Z
2024,0003183,태재대학교,대학,사이버대학(대학),서울,사립,2873305,,1793661,,4666966,565707,825,2026-08-01T02:42:38.332Z
2025,0002748,가야대학교,대학,대학교,경남,사립,1764155,12349135,267295,,14380584,11500844,125,2026-08-07T20:37:32.425Z
2025,0000063,가천대학교,대학,대학교,경기,사립,17087852,124953962,17613278,,159655092,214760216,74.3,2026-08-07T20:37:32.425Z
2025,0000072,가톨릭관동대학교,대학,대학교,강원,사립,8876348,11487232,1105705,8680,21477965,41777653,51.4,2026-08-07T20:37:32.425Z
2025,0000215,가톨릭꽃동네대학교,대학,대학교,충북,사립,425715,3680137,53950,,4159802,3445783,120.7,2026-08-07T20:37:32.425Z
2025,0000046,가톨릭대학교,대학,대학교,경기,사립,10085690,106041251,50266048,974984,167367973,100623327,166.3,2026-08-07T20:37:32.425Z
2025,0000050,감리교신학대학교,대학,대학교,서울,사립,3344692,16745615,59480,,20149787,7751799,259.9,2026-08-07T20:37:32.425Z
2025,0000051,강남대학교,대학,대학교,경기,사립,2222775,6594589,3866361,5000,12688724,53282248,23.8,2026-08-07T20:37:32.425Z
2025,0000079,강서대학교,대학,대학교,서울,사립,735885,16418534,90983,,17245402,13469122,128,2026-08-07T20:37:32.425Z
2025,0000052,건국대학교,대학,대학교,서울,사립,11373004,93691089,7957462,5700,113027256,186054605,60.7,2026-08-07T20:37:32.425Z
2025,0000053,건국대학교(글로컬),대학,대학교,충북,사립,7482656,24560313,28695596,,60738565,66932602,90.7,2026-08-07T20:37:32.425Z
2025,0000054,건양대학교,대학,대학교,충남,사립,8832388,94682910,4876568,,108391865,49351211,219.6,2026-08-07T20:37:32.425Z
2025,0000056,경기대학교,대학,대학교,경기,사립,21854381,58703055,9745626,,90303062,116470079,77.5,2026-08-07T20:37:32.425Z
2025,0000059,경남대학교,대학,대학교,경남,사립,4960987,69740731,3968392,,78670111,60504437,130,2026-08-07T20:37:32.425Z
2025,0000060,경동대학교,대학,대학교,강원,사립,12516334,27446189,1046054,,41008577,67497038,60.8,2026-08-07T20:37:32.425Z
2025,0000062,경성대학교,대학,대학교,부산,사립,7105471,14126976,5397547,,26629993,93075235,28.6,2026-08-07T20:37:32.425Z
2025,0000244,경운대학교,대학,대학교,경북,사립,2906693,3876676,3065984,,9849353,45611598,21.6,2026-08-07T20:37:32.425Z
2025,0000064,경일대학교,대학,대학교,경북,사립,3648014,19124933,5853964,,28626911,52013354,55,2026-08-07T20:37:32.425Z
2025,0000066,경희대학교,대학,대학교,서울,사립,3336932,133558109,58574524,140390,195609956,321812241,60.8,2026-08-07T20:37:32.425Z
2025,0000068,계명대학교,대학,대학교,대구,사립,25536940,298171555,17971433,270000,341949928,172051518,198.7,2026-08-07T20:37:32.425Z
2025,0000069,고려대학교,대학,대학교,서울,사립,35566581,410396807,7290506,11515,453265409,354317979,127.9,2026-08-07T20:37:32.425Z
2025,0000070,고려대학교(세종),대학,대학교,세종,사립,4154437,52285348,105117636,207885,161765305,70442549,229.6,2026-08-07T20:37:32.425Z
2025,0000071,고신대학교,대학,대학교,부산,사립,2651128,5444436,593305,,8688868,22867014,38,2026-08-07T20:37:32.425Z
2025,0000073,광신대학교,대학,대학교,광주,사립,360293,28470,,,388763,5614839,6.9,2026-08-07T20:37:32.425Z
2025,0000074,광운대학교,대학,대학교,서울,사립,4787873,21378706,13199685,1484747,40851011,85587228,47.7,2026-08-07T20:37:32.425Z
2025,0000075,광주가톨릭대학교,대학,대학교,전남,사립,248034,13065769,,,13313803,,,2026-08-07T20:37:32.425Z
2025,0000231,광주대학교,대학,대학교,광주,사립,3049822,15117384,4269551,,22436756,36230997,61.9,2026-08-07T20:37:32.425Z
2025,0000076,광주여자대학교,대학,대학교,광주,사립,1140456,15144432,912058,,17196945,22253996,77.3,2026-08-07T20:37:32.425Z
2025,0000078,국민대학교,대학,대학교,서울,사립,3253316,144742337,-11959686,7191,136043158,163853683,83,2026-08-07T20:37:32.425Z
2025,0000080,극동대학교,대학,대학교,충북,사립,5072642,118028,290093,,5480763,25751129,21.3,2026-08-07T20:37:32.425Z
2025,0000224,금강대학교,대학,대학교,충남,사립,961131,1200995,296276,,2458403,443871,553.9,2026-08-07T20:37:32.425Z
2025,0000241,김천대학교,대학,대학교,경북,사립,1918627,,107214,,2025841,17270118,11.7,2026-08-07T20:37:32.425Z
2025,0000081,나사렛대학교,대학,대학교,충남,사립,4764455,9582925,825764,,15173144,35313552,43,2026-08-07T20:37:32.425Z
2025,0000216,남부대학교,대학,대학교,광주,사립,2348178,17615207,438220,,20401605,16818876,121.3,2026-08-07T20:37:32.425Z
2025,0000245,남서울대학교,대학,대학교,충남,사립,2902619,31611625,2671222,2500,37187967,79028513,47.1,2026-08-07T20:37:32.425Z
2025,0000082,단국대학교,대학,대학교,경기,사립,4129363,41040680,21811267,161553,67142862,230084674,29.2,2026-08-07T20:37:32.425Z
2025,0000088,대구가톨릭대학교,대학,대학교,경북,사립,8705134,72840888,5402784,,86948805,97459830,89.2,2026-08-07T20:37:32.425Z
2025,0000084,대구대학교,대학,대학교,경북,사립,13424816,112716122,3980624,4500,130126063,123012854,105.8,2026-08-07T20:37:32.425Z
2025,0000087,대구예술대학교,대학,대학교,경북,사립,520081,4458556,125900,,5104537,2241663,227.7,2026-08-07T20:37:32.425Z
2025,0000061,대구한의대학교,대학,대학교,경북,사립,5182868,13853789,5090628,,24127285,55362522,43.6,2026-08-07T20:37:32.425Z
2025,0000093,대신대학교,대학,대학교,경북,사립,1129098,1439610,23657,,2592364,14341880,18.1,2026-08-07T20:37:32.425Z
2025,0000094,대전가톨릭대학교,대학,대학교,세종,사립,117034,2506227,,,2623261,516163,508.2,2026-08-07T20:37:32.425Z
2025,0000095,대전대학교,대학,대학교,대전,사립,12166929,27024497,5982423,,45173849,57242664,78.9,2026-08-07T20:37:32.425Z
2025,0000238,대전신학대학교,대학,대학교,대전,사립,-994374,,,,-994374,1052524,-94.5,2026-08-07T20:37:32.425Z
2025,0000097,대진대학교,대학,대학교,경기,사립,5826792,6282389,953379,,13062560,61902507,21.1,2026-08-07T20:37:32.425Z
2025,0000099,덕성여자대학교,대학,대학교,서울,사립,2763460,71681968,4394491,,78839919,43082542,183,2026-08-07T20:37:32.425Z
2025,0000100,동국대학교,대학,대학교,서울,사립,12694041,80961363,2739881,,96395285,172574392,55.9,2026-08-07T20:37:32.425Z
2025,0000101,동국대학교(WISE),대학,대학교,경북,사립,9024556,29569624,28197119,80270,66871569,60576597,110.4,2026-08-07T20:37:32.425Z
2025,0000102,동덕여자대학교,대학,대학교,서울,사립,1772787,210240333,2901163,,214914283,52248626,411.3,2026-08-07T20:37:32.425Z
2025,0000235,동명대학교,대학,대학교,부산,사립,3436200,20465718,3876067,,27777986,51422985,54,2026-08-07T20:37:32.425Z
2025,0000103,동서대학교,대학,대학교,부산,사립,9085727,33914147,861748,,43861622,60538714,72.5,2026-08-07T20:37:32.425Z
2025,0000104,동신대학교,대학,대학교,전남,사립,5266542,11120597,2983389,1432099,20802626,48399012,43,2026-08-07T20:37:32.425Z
2025,0000105,동아대학교,대학,대학교,부산,사립,2313680,65288484,26175598,,93777762,148271268,63.2,2026-08-07T20:37:32.425Z
2025,0000106,동양대학교,대학,대학교,경북,사립,-294885,,507851,,212966,30320347,0.7,2026-08-07T20:37:32.425Z
2025,0000107,동의대학교,대학,대학교,부산,사립,5678295,9339152,11702519,,26719966,107027111,25,2026-08-07T20:37:32.425Z
2025,0000108,루터대학교,대학,대학교,경기,사립,34149,68869,95848,,198866,2008913,9.9,2026-08-07T20:37:32.425Z
2025,0000109,명지대학교,대학,대학교,경기,사립,2368720,10384981,18093231,,30846932,139760340,22.1,2026-08-07T20:37:32.425Z
2025,0000112,목원대학교,대학,대학교,대전,사립,40444173,32662394,5522871,5000,78634438,55068125,142.8,2026-08-07T20:37:32.425Z
2025,0000221,목포가톨릭대학교,대학,대학교,전남,사립,180374,3564924,74316,,3819614,3052888,125.1,2026-08-07T20:37:32.425Z
2025,0000113,배재대학교,대학,대학교,대전,사립,5840605,25329392,3958114,500,35128612,55327625,63.5,2026-08-07T20:37:32.425Z
2025,0000178,백석대학교,대학,대학교,충남,사립,3846448,71740355,5223562,,80810365,120848093,66.9,2026-08-07T20:37:32.425Z
2025,0000114,부산가톨릭대학교,대학,대학교,부산,사립,2192874,20008399,81222,,22282496,25850195,86.2,2026-08-07T20:37:32.425Z
2025,0000115,부산외국어대학교,대학,대학교,부산,사립,2673429,46138100,2553909,80000,51445438,44818290,114.8,2026-08-07T20:37:32.425Z
2025,0000222,부산장신대학교,대학,대학교,경남,사립,1052350,1289812,,,2342162,1679432,139.5,2026-08-07T20:37:32.425Z
2025,0000116,삼육대학교,대학,대학교,서울,사립,2760916,42950454,2281018,,47992388,48791308,98.4,2026-08-07T20:37:32.425Z
2025,0000117,상명대학교,대학,대학교,서울,사립,4715654,33639356,12929703,,51284714,104845348,48.9,2026-08-07T20:37:32.425Z
2025,0000119,상지대학교,대학,대학교,강원,사립,-21849,1433389,3273371,5741,4690652,47647934,9.8,2026-08-07T20:37:32.425Z
2025,0000120,서강대학교,대학,대학교,서울,사립,5077213,97867010,4526898,64136,107535258,130885343,82.2,2026-08-07T20:37:32.425Z
2025,0000121,서경대학교,대학,대학교,서울,사립,3964975,43980204,3467163,,51412342,60397242,85.1,2026-08-07T20:37:32.425Z
2025,0000098,서울기독대학교,대학,대학교,서울,사립,741626,220000,44221,,1005846,9062443,11.1,2026-08-07T20:37:32.425Z
2025,0000125,서울신학대학교,대학,대학교,경기,사립,5591730,10613245,88325,,16293301,18385610,88.6,2026-08-07T20:37:32.425Z
2025,0000126,서울여자대학교,대학,대학교,서울,사립,4054589,38747371,5200776,3597,48006333,61626820,77.9,2026-08-07T20:37:32.425Z
2025,0000127,서울장신대학교,대학,대학교,경기,사립,764452,604188,16963,,1385604,5338368,26,2026-08-07T20:37:32.425Z
2025,0000205,서울한영대학교,대학,대학교,서울,사립,-1436042,,68,,-1435974,7544404,-19,2026-08-07T20:37:32.425Z
2025,0000128,서원대학교,대학,대학교,충북,사립,10551503,31266636,1766130,,43584269,54333191,80.2,2026-08-07T20:37:32.425Z
2025,0000129,선문대학교,대학,대학교,충남,사립,4760426,47710640,5903895,,58374961,69261602,84.3,2026-08-07T20:37:32.425Z
2025,0000131,성결대학교,대학,대학교,경기,사립,4078194,55763536,1324999,,61166729,40239749,152,2026-08-07T20:37:32.425Z
2025,0000132,성공회대학교,대학,대학교,서울,사립,697545,2432071,1523988,,4653603,18765003,24.8,2026-08-07T20:37:32.425Z
2025,0000133,성균관대학교,대학,대학교,서울,사립,58904634,384365700,-43378833,218014,400109515,316525694,126.4,2026-08-07T20:37:32.425Z
2025,0000136,성신여자대학교,대학,대학교,서울,사립,7263273,61000462,9346770,,77610505,86192333,90,2026-08-07T20:37:32.425Z
2025,0000137,세명대학교,대학,대학교,충북,사립,2633997,86296529,13310479,,102241006,42310632,241.6,2026-08-07T20:37:32.425Z
2025,0000138,세종대학교,대학,대학교,서울,사립,25845972,101035525,18014974,66500,144962971,168538949,86,2026-08-07T20:37:32.425Z
2025,0000092,세한대학교,대학,대학교,전남,사립,4410360,47055743,1524410,,52990512,23240998,228,2026-08-07T20:37:32.425Z
2025,0000243,송원대학교,대학,대학교,광주,사립,2373662,,78280,,2451941,17350445,14.1,2026-08-07T20:37:32.425Z
2025,0000139,수원가톨릭대학교,대학,대학교,경기,사립,70435,39426228,,,39496664,744894,5302.3,2026-08-07T20:37:32.425Z
2025,0000140,수원대학교,대학,대학교,경기,사립,55115776,423954957,8869945,,487940679,69752675,699.5,2026-08-07T20:37:32.425Z
2025,0000141,숙명여자대학교,대학,대학교,서울,사립,3563073,200110706,22826805,18617,226519201,111261729,203.6,2026-08-07T20:37:32.425Z
2025,0000142,순천향대학교,대학,대학교,충남,사립,6320783,45550016,16111172,64544,68046514,95953783,70.9,2026-08-07T20:37:32.425Z
2025,0000143,숭실대학교,대학,대학교,서울,사립,25295907,153197372,7813966,,186307245,152333808,122.3,2026-08-07T20:37:32.425Z
2025,0000065,신경주대학교,대학,대학교,경북,사립,-12601591,,281431,,-12320160,11255319,-109.5,2026-08-07T20:37:32.425Z
2025,0000144,신라대학교,대학,대학교,부산,사립,6465291,7384126,1366455,,15215872,49538389,30.7,2026-08-07T20:37:32.425Z
2025,0002712,신한대학교,대학,대학교,경기,사립,6834272,3039710,998483,,10872465,70488596,15.4,2026-08-07T20:37:32.425Z
2025,0000145,아신대학교,대학,대학교,경기,사립,137950,95511,20801,,254261,4868257,5.2,2026-08-07T20:37:32.425Z
2025,0000146,아주대학교,대학,대학교,경기,사립,18891470,100880890,20724663,2541,140499564,140558584,100,2026-08-07T20:37:32.425Z
2025,0000147,안양대학교,대학,대학교,경기,사립,2687343,9632427,3470359,,15790129,39977415,39.5,2026-08-07T20:37:32.425Z
2025,0000149,연세대학교,대학,대학교,서울,사립,4212375,45413272,6434657,,56060304,74834323,74.9,2026-08-07T20:37:32.425Z
2025,0000150,연세대학교(미래),대학,대학교,강원,사립,22713230,737205868,104057731,973455,864950284,382812248,225.9,2026-08-07T20:37:32.425Z
2025,0000151,영남대학교,대학,대학교,경북,사립,20899610,188937061,32759896,635,242597202,181386890,133.7,2026-08-07T20:37:32.425Z
2025,0000153,영남신학대학교,대학,대학교,경북,사립,123744,3014070,15475,,3153289,4031900,78.2,2026-08-07T20:37:32.425Z
2025,0003193,영산대학교,대학,대학교,부산,사립,5679275,3170629,1051812,10000,9911716,40590979,24.4,2026-08-07T20:37:32.425Z
2025,0000155,영산선학대학교,대학,대학교,전남,사립,28288,613145,,,641433,46000,1394.4,2026-08-07T20:37:32.425Z
2025,0000228,예수대학교,대학,대학교,전북,사립,191446,802942,25457,,1019845,3532346,28.9,2026-08-07T20:37:32.425Z
2025,0000218,예원예술대학교,대학,대학교,전북,사립,21170,,12188,,33359,12318285,0.3,2026-08-07T20:37:32.425Z
2025,0000156,용인대학교,대학,대학교,경기,사립,174759,96714467,587246,,97476471,48724079,200.1,2026-08-07T20:37:32.425Z
2025,0000157,우석대학교,대학,대학교,전북,사립,6807336,13819813,4260360,4500,24892009,57178347,43.5,2026-08-07T20:37:32.425Z
2025,0000240,우송대학교,대학,대학교,대전,사립,12805294,65047508,1510042,,79362844,81112927,97.8,2026-08-07T20:37:32.425Z
2025,0000158,울산대학교,대학,대학교,울산,사립,23429201,96154812,28768627,,148352640,95412343,155.5,2026-08-07T20:37:32.425Z
2025,0000159,원광대학교,대학,대학교,전북,사립,8104696,42876840,15880361,,66861898,107518792,62.2,2026-08-07T20:37:32.425Z
2025,0000160,위덕대학교,대학,대학교,경북,사립,1096032,3476260,801470,,5373762,14375517,37.4,2026-08-07T20:37:32.425Z
2025,0000154,유원대학교,대학,대학교,충북,사립,2314840,,272874,,2587714,27076172,9.6,2026-08-07T20:37:32.425Z
2025,0000161,을지대학교,대학,대학교,대전,사립,22756767,136012228,4410916,37090,163217002,43361525,376.4,2026-08-07T20:37:32.425Z
2025,0000163,이화여자대학교,대학,대학교,서울,사립,8222279,703760160,37879068,829104,750690611,231604044,324.1,2026-08-07T20:37:32.425Z
2025,0000164,인제대학교,대학,대학교,경남,사립,789093,56531683,12236979,109443,69667197,60693588,114.8,2026-08-07T20:37:32.425Z
2025,0000168,인천가톨릭대학교,대학,대학교,인천,사립,642454,5210457,113607,,5966517,6399098,93.2,2026-08-07T20:37:32.425Z
2025,0000169,인하대학교,대학,대학교,인천,사립,8326207,40574029,12681439,182110,61763785,192161788,32.1,2026-08-07T20:37:32.425Z
2025,0000170,장로회신학대학교,대학,대학교,서울,사립,299347,47426385,,,47725733,16837790,283.4,2026-08-07T20:37:32.425Z
2025,0000171,전주대학교,대학,대학교,전북,사립,5223164,19028876,6085665,,30337704,69040119,43.9,2026-08-07T20:37:32.425Z
2025,0000248,제주국제대학교,대학,대학교,제주,사립,-16817000,108065,170518,,-16538417,2217990,-745.6,2026-08-07T20:37:32.425Z
2025,0000172,조선대학교,대학,대학교,광주,사립,6796934,69002109,20113366,,95912410,139707835,68.7,2026-08-07T20:37:32.425Z
2025,0000173,중부대학교,대학,대학교,충남,사립,5756687,8366228,3417205,,17540121,66504364,26.4,2026-08-07T20:37:32.425Z
2025,0000175,중앙대학교,대학,대학교,서울,사립,16383669,88816589,27465429,2053383,134719070,279615743,48.2,2026-08-07T20:37:32.425Z
2025,0000177,중앙승가대학교,대학,대학교,경기,사립,233778,630000,,,863778,499947,172.8,2026-08-07T20:37:32.425Z
2025,0000239,중원대학교,대학,대학교,충북,사립,1974293,1912609,1617518,,5504419,24615284,22.4,2026-08-07T20:37:32.425Z
2025,0000187,차의과학대학교,대학,대학교,경기,사립,5268558,51044537,4552699,9000,60874794,30156366,201.9,2026-08-07T20:37:32.425Z
2025,0000249,창신대학교,대학,대학교,경남,사립,1353084,11034959,77153,,12465196,13224055,94.3,2026-08-07T20:37:32.425Z
2025,0000179,청주대학교,대학,대학교,충북,사립,14196106,297159847,2190685,,313546638,113144963,277.1,2026-08-07T20:37:32.425Z
2025,0000246,초당대학교,대학,대학교,전남,사립,1195529,21873455,91826,,23160810,15217084,152.2,2026-08-07T20:37:32.425Z
2025,0000180,총신대학교,대학,대학교,서울,사립,1192617,61402684,331769,,62927069,24098268,261.1,2026-08-07T20:37:32.425Z
2025,0000181,추계예술대학교,대학,대학교,서울,사립,-2289189,170654,49278,,-2069257,12949241,-16,2026-08-07T20:37:32.425Z
2025,0000184,칼빈대학교,대학,대학교,경기,사립,610162,1602583,,,2212746,13542992,16.3,2026-08-07T20:37:32.425Z
2025,0000186,평택대학교,대학,대학교,경기,사립,940574,485266,236430,,1662270,27350481,6.1,2026-08-07T20:37:32.425Z
2025,0000188,포항공과대학교,대학,대학교,경북,사립,75010429,112404968,127534671,486570,315436639,28018771,1125.8,2026-08-07T20:37:32.425Z
2025,0000247,한국공학대학교,대학,대학교,경기,사립,11047069,9846712,8855094,78814,29827689,67328340,44.3,2026-08-07T20:37:32.425Z
2025,0000189,한국기술교육대학교,대학,대학교,충남,사립,22350933,10198717,20731313,,53280963,20214329,263.6,2026-08-07T20:37:32.425Z
2025,0000191,한국성서대학교,대학,대학교,서울,사립,561282,540339,35745,,1137367,7560413,15,2026-08-07T20:37:32.425Z
2025,0000192,한국외국어대학교,대학,대학교,서울,사립,10930631,25995574,7322138,6300,44254643,154773102,28.6,2026-08-07T20:37:32.425Z
2025,0000182,한국침례신학대학교,대학,대학교,대전,사립,835290,19768500,,,20603790,7585683,271.6,2026-08-07T20:37:32.425Z
2025,0000194,한국항공대학교,대학,대학교,경기,사립,3541009,8525187,8618635,1635092,22319922,44033386,50.7,2026-08-07T20:37:32.425Z
2025,0000195,한남대학교,대학,대학교,대전,사립,15387100,20497311,3489678,,39374089,84556581,46.6,2026-08-07T20:37:32.425Z
2025,0000196,한동대학교,대학,대학교,경북,사립,8954030,25010878,3154834,78004,37197746,32012594,116.2,2026-08-07T20:37:32.425Z
2025,0000197,한라대학교,대학,대학교,강원,사립,1354023,,995345,,2349368,19909360,11.8,2026-08-07T20:37:32.425Z
2025,0000198,한림대학교,대학,대학교,강원,사립,13063134,61302576,27984229,,102349939,61713120,165.8,2026-08-07T20:37:32.425Z
2025,0000199,한서대학교,대학,대학교,충남,사립,16389636,2837105,3151406,,22378148,51116530,43.8,2026-08-07T20:37:32.425Z
2025,0000200,한성대학교,대학,대학교,서울,사립,7836782,14527730,4897749,,27262261,62243419,43.8,2026-08-07T20:37:32.425Z
2025,0000201,한세대학교,대학,대학교,경기,사립,2542622,25911936,91412,,28545969,24366191,117.2,2026-08-07T20:37:32.425Z
2025,0000202,한신대학교,대학,대학교,경기,사립,2463729,30550169,490155,,33504054,38305088,87.5,2026-08-07T20:37:32.425Z
2025,0000203,한양대학교,대학,대학교,서울,사립,19818824,219927254,20361142,350210,260457430,271480463,95.9,2026-08-07T20:37:32.425Z
2025,0000204,한양대학교(ERICA),대학,대학교,경기,사립,10190167,50647297,81676584,640465,143154514,132825172,107.8,2026-08-07T20:37:32.425Z
2025,0000207,협성대학교,대학,대학교,경기,사립,894465,4670872,494008,,6059345,29260905,20.7,2026-08-07T20:37:32.425Z
2025,0000208,호남대학교,대학,대학교,광주,사립,6670940,204311667,3685446,50000,214718053,46774750,459,2026-08-07T20:37:32.425Z
2025,0000209,호남신학대학교,대학,대학교,광주,사립,1472621,1206879,,,2679500,4180015,64.1,2026-08-07T20:37:32.425Z
2025,0000211,호서대학교,대학,대학교,충남,사립,8645495,80886481,19102248,6136521,114770744,112102388,102.4,2026-08-07T20:37:32.425Z
2025,0000212,홍익대학교,대학,대학교,서울,사립,56003508,854494202,16911308,,927409019,211122166,439.3,2026-08-07T20:37:32.425Z
2025,0000233,화성의과학대학교,대학,대학교,경기,사립,1428624,429709,52760,,1911093,3995024,47.8,2026-08-07T20:37:32.425Z
2025,0000284,청운대학교,대학,산업대학,충남,사립,1938533,3998357,1256495,,7193384,39580688,18.2,2026-08-07T20:37:32.425Z
2025,0000282,호원대학교,대학,산업대학,전북,사립,839622,974950,175147,,1989718,34784040,5.7,2026-08-07T20:37:32.425Z
2025,0000663,개신대학원대학교,대학원대학,전문대학원,서울,사립,884626,,,,884626,1529473,57.8,2026-08-07T20:37:32.425Z
2025,0000643,건신대학원대학교,대학원대학,전문대학원,대전,사립,69635,,19826,,89461,1053265,8.5,2026-08-07T20:37:32.425Z
2025,0000668,경안대학원대학교,대학원대학,전문대학원,경북,사립,16318,,,,16318,243835,6.7,2026-08-07T20:37:32.425Z
2025,0002857,구세군사관대학원대학교,대학원대학,특수대학원,경기,사립,255090,315173,,,570263,92800,614.5,2026-08-07T20:37:32.425Z
2025,0000657,국제뇌교육종합대학원대학교,대학원대학,전문대학원,충남,사립,353761,469010,36749,,859519,2400443,35.8,2026-08-07T20:37:32.425Z
2025,0000655,국제법률경영대학원대학교,대학원대학,전문대학원,경기,사립,-3996988,,,,-3996988,78200,-5111.2,2026-08-07T20:37:32.425Z
2025,0000656,국제언어대학원대학교,대학원대학,전문대학원,서울,사립,307938,3900000,22743,,4230681,2790057,151.6,2026-08-07T20:37:32.425Z
2025,0002818,능인대학원대학교,대학원대학,전문대학원,경기,사립,40232,,,,40232,347200,11.6,2026-08-07T20:37:32.425Z
2025,0000641,대한신학대학원대학교,대학원대학,전문대학원,경기,사립,-2788492,,,,-2788492,1580688,-176.4,2026-08-07T20:37:32.425Z
2025,0000669,동방문화대학원대학교,대학원대학,전문대학원,서울,사립,2612683,,174602,,2787286,2765827,100.8,2026-08-07T20:37:32.425Z
2025,0000670,북한대학원대학교,대학원대학,전문대학원,서울,사립,1204207,8788904,156784,,10149895,1756657,577.8,2026-08-07T20:37:32.425Z
2025,0000666,서울과학종합대학원대학교,대학원대학,전문대학원,서울,사립,5550201,,2030067,,7580268,19751492,38.4,2026-08-07T20:37:32.425Z
2025,0000677,서울미디어대학원대학교,대학원대학,특수대학원,서울,사립,3455792,,216026,,3671818,2869950,127.9,2026-08-07T20:37:32.425Z
2025,0000660,서울벤처대학원대학교,대학원대학,전문대학원,서울,사립,4333233,1758679,159095,,6251007,2617490,238.8,2026-08-07T20:37:32.425Z
2025,0000658,서울불교대학원대학교,대학원대학,전문대학원,서울,사립,505111,,,,505111,1824102,27.7,2026-08-07T20:37:32.425Z
2025,0000653,서울사회복지대학원대학교,대학원대학,특수대학원,서울,사립,4805838,3633421,,,8439258,1580215,534.1,2026-08-07T20:37:32.425Z
2025,0000678,서울상담심리대학원대학교,대학원대학,전문대학원,서울,사립,15468644,,,,15468644,1184427,1306,2026-08-07T20:37:32.425Z
2025,0000650,서울성경신학대학원대학교,대학원대학,전문대학원,서울,사립,113059,300000,,,413059,334083,123.6,2026-08-07T20:37:32.425Z
2025,0000659,서울외국어대학원대학교,대학원대학,전문대학원,서울,사립,704342,,22406,,726748,4265415,17,2026-08-07T20:37:32.425Z
2025,0000667,선학유피대학원대학교,대학원대학,전문대학원,경기,사립,561227,1225964,,,1787191,386105,462.9,2026-08-07T20:37:32.425Z
2025,0000644,성산효대학원대학교,대학원대학,전문대학원,인천,사립,68955,1534614,,,1603570,1547371,103.6,2026-08-07T20:37:32.425Z
2025,0000661,성서침례대학원대학교,대학원대학,전문대학원,경기,사립,561680,,,,561680,276343,203.3,2026-08-07T20:37:32.425Z
2025,0000649,수도국제대학원대학교,대학원대학,전문대학원,서울,사립,409382,,,,409382,3829090,10.7,2026-08-07T20:37:32.425Z
2025,0000671,순복음대학원대학교,대학원대학,전문대학원,서울,사립,90912,,,,90912,603146,15.1,2026-08-07T20:37:32.425Z
2025,0000672,실천신학대학원대학교,대학원대학,전문대학원,경기,사립,34522,,,,34522,545694,6.3,2026-08-07T20:37:32.425Z
2025,0000662,에스라성경대학원대학교,대학원대학,전문대학원,경기,사립,53795,312860,,,366656,484669,75.7,2026-08-07T20:37:32.425Z
2025,0000651,예명대학원대학교,대학원대학,전문대학원,서울,사립,171107,,,,171107,2044598,8.4,2026-08-07T20:37:32.425Z
2025,0000654,온석대학원대학교,대학원대학,전문대학원,경기,사립,1035625,,,,1035625,2088778,49.6,2026-08-07T20:37:32.425Z
2025,0000645,원불교대학원대학교,대학원대학,전문대학원,전북,사립,56192,,,,56192,120000,46.8,2026-08-07T20:37:32.425Z
2025,0000646,웨스트민스터신학대학원대학교,대학원대학,전문대학원,경기,사립,1600010,899425,,,2499435,3158415,79.1,2026-08-07T20:37:32.425Z
2025,0002668,제네바신학대학원대학교,대학원대학,전문대학원,경기,사립,5587,,,,5587,17500,31.9,2026-08-07T20:37:32.425Z
2025,0000680,주안대학원대학교,대학원대학,전문대학원,인천,사립,401550,,,,401550,455251,88.2,2026-08-07T20:37:32.425Z
2025,0002817,치유상담대학원대학교,대학원대학,전문대학원,서울,사립,355384,196218,,,551602,1062276,51.9,2026-08-07T20:37:32.425Z
2025,0000679,한국상담대학원대학교,대학원대학,전문대학원,서울,사립,201316,1502709,,,1704025,1511672,112.7,2026-08-07T20:37:32.425Z
2025,0000681,한국전력국제원자력대학원대학교,대학원대학,전문대학원,울산,사립,3750923,,1730518,,5481441,5980625,91.7,2026-08-07T20:37:32.425Z
2025,0000673,한림국제대학원대학교,대학원대학,특수대학원,서울,사립,1604665,1047734,127035,,2779434,2649806,104.9,2026-08-07T20:37:32.425Z
2025,0000676,한반도국제대학원대학교,대학원대학,특수대학원,서울,사립,14856,173524,,,188379,125400,150.2,2026-08-07T20:37:32.425Z
2025,0000647,합동신학대학원대학교,대학원대학,전문대학원,경기,사립,154140,4868406,,,5022547,1714498,292.9,2026-08-07T20:37:32.425Z
2025,0000648,횃불트리니티신학대학원대학교,대학원대학,전문대학원,서울,사립,300279,1514279,,,1814558,2850871,63.6,2026-08-07T20:37:32.425Z
2025,0000317,순복음총회신학교,대학,각종학교(대학),충북,사립,19177,,,,19177,793128,2.4,2026-08-07T20:37:32.425Z
2025,0000410,가톨릭상지대학교,전문대학,전문대학,경북,사립,265843,5374635,1448694,,7089173,9724745,72.9,2026-08-07T20:37:32.425Z
2025,0000433,강동대학교,전문대학,전문대학,충북,사립,1150847,3940608,316205,,5407660,20704508,26.1,2026-08-07T20:37:32.425Z
2025,0000514,강릉영동대학교,전문대학,전문대학,강원,사립,3056254,2333953,-53164,,5337044,18080776,29.5,2026-08-07T20:37:32.425Z
2025,0000412,거제대학교,전문대학,전문대학,경남,사립,1226109,3091311,1556575,,5873995,6709225,87.6,2026-08-07T20:37:32.425Z
2025,0000560,경기과학기술대학교,전문대학,전문대학,경기,사립,6317578,1620000,757529,25000,8720107,25119874,34.7,2026-08-07T20:37:32.425Z
2025,0002640,경남정보대학교,전문대학,전문대학,부산,사립,6675829,24566559,1721342,,32963731,33447634,98.6,2026-08-07T20:37:32.425Z
2025,0000416,경민대학교,전문대학,전문대학,경기,사립,1687762,1039188,609234,,3336184,34050468,9.8,2026-08-07T20:37:32.425Z
2025,0002641,경복대학교,전문대학,전문대학,경기,사립,6695359,22913397,756566,,30365323,42723727,71.1,2026-08-07T20:37:32.425Z
2025,0000456,경북과학대학교,전문대학,전문대학,경북,사립,3297696,,-96330,,3201365,12023242,26.6,2026-08-07T20:37:32.425Z
2025,0000438,경북보건대학교,전문대학,전문대학,경북,사립,639042,1580828,761272,,2981142,7094752,42,2026-08-07T20:37:32.425Z
2025,0002642,경북전문대학교,전문대학,전문대학,경북,사립,2940836,28152236,503717,,31596789,15288396,206.7,2026-08-07T20:37:32.425Z
2025,0000422,경인여자대학교,전문대학,전문대학,인천,사립,864704,62162805,1549918,,64577426,23721144,272.2,2026-08-07T20:37:32.425Z
2025,0000425,계명문화대학교,전문대학,전문대학,대구,사립,4251327,55914751,1442626,,61608704,26427862,233.1,2026-08-07T20:37:32.425Z
2025,0000426,계원예술대학교,전문대학,전문대학,경기,사립,1188919,3512916,607082,,5308918,20924302,25.4,2026-08-07T20:37:32.425Z
2025,0000428,광양보건대학교,전문대학,전문대학,전남,사립,-13761424,,54276,,-13707148,605588,-2263.4,2026-08-07T20:37:32.425Z
2025,0000429,광주보건대학교,전문대학,전문대학,광주,사립,944553,5466185,843467,,7254205,18867772,38.4,2026-08-07T20:37:32.425Z
2025,0000430,구미대학교,전문대학,전문대학,경북,사립,19898191,81389806,7678593,1123613,110090203,37702806,292,2026-08-07T20:37:32.425Z
2025,0000549,국제대학교,전문대학,전문대학,경기,사립,-1120198,,312506,,-807693,15149856,-5.3,2026-08-07T20:37:32.425Z
2025,0002971,군산간호대학교,전문대학,전문대학,전북,사립,326228,1834505,268391,,2429124,6815935,35.6,2026-08-07T20:37:32.425Z
2025,0000432,군장대학교,전문대학,전문대학,전북,사립,2469707,,1798335,,4268042,12183239,35,2026-08-07T20:37:32.425Z
2025,0002972,기독간호대학교,전문대학,전문대학,광주,사립,79206,3334118,862957,,4276280,3200138,133.6,2026-08-07T20:37:32.425Z
2025,0000440,김포대학교,전문대학,전문대학,경기,사립,1340469,10535177,174612,,12050258,17339607,69.5,2026-08-07T20:37:32.425Z
2025,0000569,김해대학교,전문대학,전문대학,경남,사립,161719,740000,400810,,1302529,8302021,15.7,2026-08-07T20:37:32.425Z
2025,0000435,나주대학교,전문대학,전문대학,전남,사립,-9116022,2,7205,,-9108815,7455425,-122.2,2026-08-07T20:37:32.425Z
2025,0000441,농협대학교,전문대학,전문대학,경기,사립,688619,10081057,1104179,,11873855,1832501,648,2026-08-07T20:37:32.425Z
2025,0000442,대경대학교,전문대학,전문대학,경북,사립,2933336,,922612,,3855948,22840102,16.9,2026-08-07T20:37:32.425Z
2025,0000443,대구공업대학교,전문대학,전문대학,대구,사립,488834,6082448,246137,,6817419,6997912,97.4,2026-08-07T20:37:32.425Z
2025,0000446,대구과학대학교,전문대학,전문대학,대구,사립,1790696,15688958,2161144,,19640798,26008297,75.5,2026-08-07T20:37:32.425Z
2025,0000444,대구보건대학교,전문대학,전문대학,대구,사립,2614892,1375982,1908926,,5899800,41982228,14.1,2026-08-07T20:37:32.425Z
2025,0000546,대덕대학교,전문대학,전문대학,대전,사립,1696535,7618100,603731,,9918365,8887683,111.6,2026-08-07T20:37:32.425Z
2025,0000447,대동대학교,전문대학,전문대학,부산,사립,1338644,5330700,649499,,7318842,9415936,77.7,2026-08-07T20:37:32.425Z
2025,0000448,대림대학교,전문대학,전문대학,경기,사립,3050117,57318016,3788274,,64156407,45222012,141.9,2026-08-07T20:37:32.425Z
2025,0000449,대원대학교,전문대학,전문대학,충북,사립,-265488,8199526,347458,,8281496,13120030,63.1,2026-08-07T20:37:32.425Z
2025,0000453,대전과학기술대학교,전문대학,전문대학,대전,사립,1790879,5823762,2223684,,9838325,24692345,39.8,2026-08-07T20:37:32.425Z
2025,0000451,대전보건대학교,전문대학,전문대학,대전,사립,1145562,34541067,1826037,,37512666,25287379,148.3,2026-08-07T20:37:32.425Z
2025,0000460,동강대학교,전문대학,전문대학,광주,사립,211669,4725098,120501,,5057268,12076101,41.9,2026-08-07T20:37:32.425Z
2025,0000457,동남보건대학교,전문대학,전문대학,경기,사립,30526613,15837377,1427023,,47791013,29846540,160.1,2026-08-07T20:37:32.425Z
2025,0000450,동서울대학교,전문대학,전문대학,경기,사립,6449501,23178548,3870998,,33499047,37761365,88.7,2026-08-07T20:37:32.425Z
2025,0000461,동아방송예술대학교,전문대학,전문대학,경기,사립,792661,2147831,502052,2250,3444795,22888588,15.1,2026-08-07T20:37:32.425Z
2025,0000462,동아보건대학교,전문대학,전문대학,전남,사립,1448831,1868574,36235,,3353640,3651796,91.8,2026-08-07T20:37:32.425Z
2025,0000463,동양미래대학교,전문대학,전문대학,서울,사립,1544433,56204673,1875550,,59624656,37250291,160.1,2026-08-07T20:37:32.425Z
2025,0000509,동원과학기술대학교,전문대학,전문대학,경남,사립,1534426,44900000,830381,,47264808,13254148,356.6,2026-08-07T20:37:32.425Z
2025,0000465,동원대학교,전문대학,전문대학,경기,사립,1745431,1777256,255823,,3778510,24726331,15.3,2026-08-07T20:37:32.425Z
2025,0000466,동의과학대학교,전문대학,전문대학,부산,사립,1019151,8885764,715280,,10620195,25699656,41.3,2026-08-07T20:37:32.425Z
2025,0000469,두원공과대학교,전문대학,전문대학,경기,사립,2635540,45097166,359064,,48091770,13670254,351.8,2026-08-07T20:37:32.425Z
2025,0000470,마산대학교,전문대학,전문대학,경남,사립,2779860,81994161,835173,,85609195,29890012,286.4,2026-08-07T20:37:32.425Z
2025,0000473,명지전문대학,전문대학,전문대학,서울,사립,2219755,29079298,365973,,31665027,41668387,76,2026-08-07T20:37:32.425Z
2025,0000474,목포과학대학교,전문대학,전문대학,전남,사립,5668459,7446211,1070491,,14185161,14242765,99.6,2026-08-07T20:37:32.425Z
2025,0000475,문경대학교,전문대학,전문대학,경북,사립,1194995,997375,171692,,2364062,3682787,64.2,2026-08-07T20:37:32.425Z
2025,0000476,배화여자대학교,전문대학,전문대학,서울,사립,1733659,12126086,1137071,,14996817,15978704,93.9,2026-08-07T20:37:32.425Z
2025,0000543,백석문화대학교,전문대학,전문대학,충남,사립,9815533,37334661,2244829,,49395023,24341718,202.9,2026-08-07T20:37:32.425Z
2025,0000477,백제예술대학교,전문대학,전문대학,전북,사립,27316,2031189,848,,2059353,4825952,42.7,2026-08-07T20:37:32.425Z
2025,0000479,부산경상대학교,전문대학,전문대학,부산,사립,1349016,12140870,1427030,,14916915,7935357,188,2026-08-07T20:37:32.425Z
2025,0000481,부산과학기술대학교,전문대학,전문대학,부산,사립,1234397,7536347,1186440,,9957183,24599356,40.5,2026-08-07T20:37:32.425Z
2025,0000467,부산보건대학교,전문대학,전문대학,부산,사립,8844192,3232989,808025,,12885206,13542756,95.1,2026-08-07T20:37:32.425Z
2025,0000480,부산여자대학교,전문대학,전문대학,부산,사립,3941097,40660209,318617,,44919922,10874378,413.1,2026-08-07T20:37:32.425Z
2025,0000561,부산예술대학교,전문대학,전문대학,부산,사립,-329194,,27494,,-301700,2644166,-11.4,2026-08-07T20:37:32.425Z
2025,0000482,부천대학교,전문대학,전문대학,경기,사립,11334325,7707491,6150647,495450,25687913,43299391,59.3,2026-08-07T20:37:32.425Z
2025,0000483,삼육보건대학교,전문대학,전문대학,서울,사립,705426,3970133,63250,,4738809,8292869,57.1,2026-08-07T20:37:32.425Z
2025,0002646,서영대학교,전문대학,전문대학,광주,사립,-834975,,868252,,33277,29547456,0.1,2026-08-07T20:37:32.425Z
2025,0002973,서울여자간호대학교,전문대학,전문대학,서울,사립,1073504,3771355,227224,,5072084,5814925,87.2,2026-08-07T20:37:32.425Z
2025,0000489,서울예술대학교,전문대학,전문대학,경기,사립,8741348,64076453,339245,,73157045,25660580,285.1,2026-08-07T20:37:32.425Z
2025,0000490,서일대학교,전문대학,전문대학,서울,사립,35129733,20843614,2831956,,58805303,38177228,154,2026-08-07T20:37:32.425Z
2025,0000566,서정대학교,전문대학,전문대학,경기,사립,17971219,23142221,450820,,41564259,56953467,73,2026-08-07T20:37:32.425Z
2025,0000550,선린대학교,전문대학,전문대학,경북,사립,1284737,11899567,790394,,13974698,11696084,119.5,2026-08-07T20:37:32.425Z
2025,0002647,성운대학교,전문대학,전문대학,경북,사립,811634,2378237,1811277,,5001148,7891739,63.4,2026-08-07T20:37:32.425Z
2025,0000515,세경대학교,전문대학,전문대학,강원,사립,4714091,9875704,303582,,14893377,3869725,384.9,2026-08-07T20:37:32.425Z
2025,0000567,송곡대학교,전문대학,전문대학,강원,사립,700292,6529,-279,,706542,12006969,5.9,2026-08-07T20:37:32.425Z
2025,0000564,송호대학교,전문대학,전문대학,강원,사립,-79894,,-42404,,-122298,5480708,-2.2,2026-08-07T20:37:32.425Z
2025,0002649,수성대학교,전문대학,전문대학,대구,사립,1485111,15408255,669487,,17562854,19889345,88.3,2026-08-07T20:37:32.425Z
2025,0000497,수원과학대학교,전문대학,전문대학,경기,사립,3456654,102549718,-505960,,105500412,15826124,666.6,2026-08-07T20:37:32.425Z
2025,0000496,수원여자대학교,전문대학,전문대학,경기,사립,10203003,33102026,1046852,,44351881,24658247,179.9,2026-08-07T20:37:32.425Z
2025,0000498,순천제일대학교,전문대학,전문대학,전남,사립,14765626,21696946,454823,,36917395,14638327,252.2,2026-08-07T20:37:32.425Z
2025,0000500,숭의여자대학교,전문대학,전문대학,서울,사립,4512089,50013103,103079,,54628272,18074313,302.2,2026-08-07T20:37:32.425Z
2025,0000501,신구대학교,전문대학,전문대학,경기,사립,7527694,83776470,3595663,,94899828,39742629,238.8,2026-08-07T20:37:32.425Z
2025,0000502,신성대학교,전문대학,전문대학,충남,사립,-2457503,9499992,732312,,7774801,17483374,44.5,2026-08-07T20:37:32.425Z
2025,0000506,신안산대학교,전문대학,전문대학,경기,사립,9486368,8996658,482583,,18965609,19566519,96.9,2026-08-07T20:37:32.425Z
2025,0000454,아주자동차대학교,전문대학,전문대학,충남,사립,715919,7048102,674451,,8438473,5775670,146.1,2026-08-07T20:37:32.425Z
2025,0002650,안동과학대학교,전문대학,전문대학,경북,사립,67959,8845760,46504,,8960223,11582461,77.4,2026-08-07T20:37:32.425Z
2025,0000507,안산대학교,전문대학,전문대학,경기,사립,1978525,64952845,530502,,67461871,28234124,238.9,2026-08-07T20:37:32.425Z
2025,0000510,여주대학교,전문대학,전문대학,경기,사립,2767876,3511925,418268,,6698069,19222923,34.8,2026-08-07T20:37:32.425Z
2025,0002651,연성대학교,전문대학,전문대학,경기,사립,11937189,118056583,2141591,,132135363,38914306,339.6,2026-08-07T20:37:32.425Z
2025,0002652,연암공과대학교,전문대학,전문대학,경남,사립,5442503,2108632,1708512,2500,9262148,5667925,163.4,2026-08-07T20:37:32.425Z
2025,0000512,연암대학교,전문대학,전문대학,충남,사립,2346993,837577,199191,,3383762,6728139,50.3,2026-08-07T20:37:32.425Z
2025,0000418,영남외국어대학,전문대학,전문대학,경북,사립,2427313,5662983,,,8090297,2412924,335.3,2026-08-07T20:37:32.425Z
2025,0000513,영남이공대학교,전문대학,전문대학,대구,사립,12529869,55971140,2266431,,70767441,36482363,194,2026-08-07T20:37:32.425Z
2025,0000517,영진전문대학교,전문대학,전문대학,대구,사립,2380472,60236693,6180178,,68797342,44248473,155.5,2026-08-07T20:37:32.425Z
2025,0002653,오산대학교,전문대학,전문대학,경기,사립,1245350,66435891,2975694,,70656935,26636715,265.3,2026-08-07T20:37:32.425Z
2025,0000520,용인예술과학대학교,전문대학,전문대학,경기,사립,1641924,10593937,1218242,,13454103,18023188,74.6,2026-08-07T20:37:32.425Z
2025,0000452,우송정보대학,전문대학,전문대학,대전,사립,2151140,31379883,399566,,33930589,17923065,189.3,2026-08-07T20:37:32.425Z
2025,0000521,울산과학대학교,전문대학,전문대학,울산,사립,2405075,38618167,8575339,,49598581,32889378,150.8,2026-08-07T20:37:32.425Z
2025,0000523,원광보건대학교,전문대학,전문대학,전북,사립,2037236,24583848,,,26621084,24123155,110.4,2026-08-07T20:37:32.425Z
2025,0000524,유한대학교,전문대학,전문대학,경기,사립,8467454,37033489,1394617,,46895560,29128291,161,2026-08-07T20:37:32.425Z
2025,0000525,인덕대학교,전문대학,전문대학,서울,사립,6332832,10776441,952828,10080,18072181,36910428,49,2026-08-07T20:37:32.425Z
2025,0002654,인하공업전문대학,전문대학,전문대학,인천,사립,832871,70096982,2043918,,72973771,47790351,152.7,2026-08-07T20:37:32.425Z
2025,0000527,장안대학교,전문대학,전문대학,경기,사립,4079770,10815751,178443,,15073963,18500003,81.5,2026-08-07T20:37:32.425Z
2025,0000455,재능대학교,전문대학,전문대학,인천,사립,1039440,19989845,956541,,21985826,17294756,127.1,2026-08-07T20:37:32.425Z
2025,0000529,전남과학대학교,전문대학,전문대학,전남,사립,2868168,22220075,2603739,50000,27741982,14787897,187.6,2026-08-07T20:37:32.425Z
2025,0000531,전북과학대학교,전문대학,전문대학,전북,사립,20132519,12692085,530101,,33354705,8309179,401.4,2026-08-07T20:37:32.425Z
2025,0000437,전주기전대학,전문대학,전문대학,전북,사립,1699109,4629340,218832,,6547282,11171670,58.6,2026-08-07T20:37:32.425Z
2025,0000530,전주비전대학교,전문대학,전문대학,전북,사립,11955602,7387271,2405185,,21748058,18269035,119,2026-08-07T20:37:32.425Z
2025,0000532,제주관광대학교,전문대학,전문대학,제주,사립,1196685,5257,357926,100000,1659869,7806504,21.3,2026-08-07T20:37:32.425Z
2025,0002655,제주한라대학교,전문대학,전문대학,제주,사립,7597686,3196406,932115,100000,11826208,18821571,62.8,2026-08-07T20:37:32.425Z
2025,0002974,조선간호대학교,전문대학,전문대학,광주,사립,242583,5281859,219765,,5744207,3894132,147.5,2026-08-07T20:37:32.425Z
2025,0000534,조선이공대학교,전문대학,전문대학,광주,사립,841278,35152970,-55812,,35938436,14978343,239.9,2026-08-07T20:37:32.425Z
2025,0000539,진주보건대학교,전문대학,전문대학,경남,사립,8251241,120140885,1132097,,129524222,14297717,905.9,2026-08-07T20:37:32.425Z
2025,0000542,창원문성대학교,전문대학,전문대학,경남,사립,154859,34959340,2288761,,37402961,4277317,874.4,2026-08-07T20:37:32.425Z
2025,0000544,청강문화산업대학교,전문대학,전문대학,경기,사립,1132742,53228801,2370557,,56732100,28302948,200.4,2026-08-07T20:37:32.425Z
2025,0002656,청암대학교,전문대학,전문대학,전남,사립,368194,2573728,393289,,3335211,12677931,26.3,2026-08-07T20:37:32.425Z
2025,0000545,춘해보건대학교,전문대학,전문대학,울산,사립,776900,17559477,772305,,19108682,16588490,115.2,2026-08-07T20:37:32.425Z
2025,0000536,충북보건과학대학교,전문대학,전문대학,충북,사립,1572202,2358128,1010824,,4941154,19270796,25.6,2026-08-07T20:37:32.425Z
2025,0000547,충청대학교,전문대학,전문대학,충북,사립,858436,12052951,506665,,13418051,19001434,70.6,2026-08-07T20:37:32.425Z
2025,0002658,포항대학교,전문대학,전문대학,경북,사립,613145,3389374,418152,,4420671,8505558,52,2026-08-07T20:37:32.425Z
2025,0000578,한국골프과학기술대학교,전문대학,전문대학,강원,사립,237117,92313,-62157,,267273,3426145,7.8,2026-08-07T20:37:32.425Z
2025,0000565,한국관광대학교,전문대학,전문대학,경기,사립,916317,46795370,72189,,47783875,7777513,614.4,2026-08-07T20:37:32.425Z
2025,0000570,한국승강기대학,전문대학,전문대학,경남,사립,1208488,2811329,389470,,4409287,10096843,43.7,2026-08-07T20:37:32.425Z
2025,0000522,한국영상대학교,전문대학,전문대학,세종,사립,2096928,22183887,2458561,,26739376,18671620,143.2,2026-08-07T20:37:32.425Z
2025,0000553,한림성심대학교,전문대학,전문대학,강원,사립,4642506,17202215,597844,,22442565,14502622,154.7,2026-08-07T20:37:32.425Z
2025,0000554,한양여자대학교,전문대학,전문대학,서울,사립,8735503,91402393,2609369,,102747265,39245682,261.8,2026-08-07T20:37:32.425Z
2025,0000555,한영대학교,전문대학,전문대학,전남,사립,1819625,2870397,586607,,5276628,7889000,66.9,2026-08-07T20:37:32.425Z
2025,0000556,혜전대학교,전문대학,전문대학,충남,사립,693266,30269311,427320,,31389897,17328950,181.1,2026-08-07T20:37:32.425Z
2025,0000415,호산대학교,전문대학,전문대학,경북,사립,843219,1370702,137119,,2351040,13557276,17.3,2026-08-07T20:37:32.425Z
2025,0000575,영진사이버대학교,전문대학,사이버대학(전문대학),대구,사립,20688588,10612677,,,31301265,8846776,353.8,2026-08-07T20:37:32.425Z
2025,0000335,건양사이버대학교,대학,사이버대학(대학),대전,사립,6086374,4981739,76027,,11144139,11990551,92.9,2026-08-07T20:37:32.425Z
2025,0000318,경희사이버대학교,대학,사이버대학(대학),서울,사립,2500204,34443964,,,36944168,32535499,113.6,2026-08-07T20:37:32.425Z
2025,0000328,고려사이버대학교,대학,사이버대학(대학),서울,사립,44607146,7143995,646888,,52398029,24086928,217.5,2026-08-07T20:37:32.425Z
2025,0000319,국제사이버대학교,대학,사이버대학(대학),경기,사립,6589994,3900000,2296,,10492290,9244540,113.5,2026-08-07T20:37:32.425Z
2025,0000334,글로벌사이버대학교,대학,사이버대학(대학),충남,사립,798690,1571196,82322,,2452208,6599977,37.2,2026-08-07T20:37:32.425Z
2025,0000320,대구사이버대학교,대학,사이버대학(대학),경북,사립,471299,10181167,122015,,10774481,8798148,122.5,2026-08-07T20:37:32.425Z
2025,0000330,디지털서울문화예술대학교,대학,사이버대학(대학),서울,사립,647559,964655,50217,,1662431,11714831,14.2,2026-08-07T20:37:32.425Z
2025,0000321,부산디지털대학교,대학,사이버대학(대학),부산,사립,1143510,11000000,111402,,12254912,7585188,161.6,2026-08-07T20:37:32.425Z
2025,0000332,사이버한국외국어대학교,대학,사이버대학(대학),서울,사립,4819384,653175,126537,,5599096,18606104,30.1,2026-08-07T20:37:32.425Z
2025,0000322,서울디지털대학교,대학,사이버대학(대학),서울,사립,57406761,16847948,,,74254709,26447009,280.8,2026-08-07T20:37:32.425Z
2025,0000323,서울사이버대학교,대학,사이버대학(대학),서울,사립,1355984,2132028,288458,,3776470,45080496,8.4,2026-08-07T20:37:32.425Z
2025,0000325,세종사이버대학교,대학,사이버대학(대학),서울,사립,4121990,609866,101867,,4833723,34564371,14,2026-08-07T20:37:32.425Z
2025,0000329,숭실사이버대학교,대학,사이버대학(대학),서울,사립,9742609,1850841,155992,,11749442,21366964,55,2026-08-07T20:37:32.425Z
2025,0000327,원광디지털대학교,대학,사이버대학(대학),전북,사립,8601496,7887933,193147,,16682577,14587712,114.4,2026-08-07T20:37:32.425Z
2025,0000326,한국열린사이버대학교,대학,사이버대학(대학),서울,사립,17094973,,131628,,17226601,13984408,123.2,2026-08-07T20:37:32.425Z
2025,0000331,한양사이버대학교,대학,사이버대학(대학),서울,사립,105324786,8362773,416212,,114103772,52939374,215.5,2026-08-07T20:37:32.425Z
2025,0000333,화신사이버대학교,대학,사이버대학(대학),부산,사립,3337765,2161126,8010,,5506900,5469058,100.7,2026-08-07T20:37:32.425Z
