year,school_kind,estb,school_division,region,status,school_code_std,school_name,admission_quota,recruit_total,recruit_within,recruit_outside,enrolled_total,enrolled_within,enrolled_outside,fill_rate_within,fill_rate_within_outside,uploaded_at
2025,대학교,사립,,경남,기존,0002748,가야대학교(김해),405,432,409,23,414,389,25,95.11,95.83,2026-08-07T07:48:15.697Z
2025,대학교,사립,,경기,기존,0000063,가천대학교,4071,5541,4071,1470,5498,4071,1427,100,99.22,2026-08-07T07:48:15.697Z
2025,대학교,사립,,강원,기존,0000072,가톨릭관동대학교,1815,1869,1696,173,1532,1403,129,82.72,81.97,2026-08-07T07:48:15.697Z
2025,대학교,사립,,충북,기존,0000215,가톨릭꽃동네대학교,108,127,110,17,113,106,7,96.36,88.98,2026-08-07T07:48:15.697Z
2025,대학교,사립,,경기,기존,0000046,가톨릭대학교,1574,1872,1575,297,1857,1575,282,100,99.2,2026-08-07T07:48:15.697Z
2025,대학교,사립,,서울,기존,0000048,가톨릭대학교_제2캠퍼스,173,181,173,8,178,173,5,100,98.34,2026-08-07T07:48:15.697Z
2025,대학교,사립,,서울,기존,0000049,가톨릭대학교_제3캠퍼스,50,57,50,7,54,50,4,100,94.74,2026-08-07T07:48:15.697Z
2025,대학교,사립,,서울,기존,0000050,감리교신학대학교,192,181,154,27,160,154,6,100,88.4,2026-08-07T07:48:15.697Z
2025,대학교,사립,,경기,기존,0000051,강남대학교,1491,1636,1491,145,1601,1491,110,100,97.86,2026-08-07T07:48:15.697Z
2025,대학교,사립,,서울,기존,0000079,강서대학교,277,459,277,182,433,277,156,100,94.34,2026-08-07T07:48:15.697Z
2025,대학교,국립,,강원,기존,0000003,강원대학교,3197,3599,3157,442,3590,3156,434,99.97,99.75,2026-08-07T07:48:15.697Z
2025,대학교,국립,,강원,기존,0000004,강원대학교_제2캠퍼스,1309,1396,1315,81,1393,1315,78,100,99.79,2026-08-07T07:48:15.697Z
2025,대학교,사립,,충북,기존,0000053,건국대학교(글로컬)_분교,1629,1834,1635,199,1795,1633,162,99.88,97.87,2026-08-07T07:48:15.697Z
2025,대학교,사립,,서울,기존,0000052,건국대학교,3000,3740,3024,716,3736,3021,715,99.9,99.89,2026-08-07T07:48:15.697Z
2025,대학교,사립,,충남,기존,0000054,건양대학교,667,763,672,91,739,668,71,99.4,96.85,2026-08-07T07:48:15.697Z
2025,대학교,사립,,대전,기존,0000055,건양대학교_제2캠퍼스,1015,1079,1015,64,1067,1013,54,99.8,98.89,2026-08-07T07:48:15.697Z
2025,사이버대학(대학),사립,,대전,기존,0000335,건양사이버대학교,1068,6679,1068,5611,1312,823,489,77.06,19.64,2026-08-07T07:48:15.697Z
2025,대학교,사립,,경기,기존,0000056,경기대학교,2618,2892,2620,272,2813,2604,209,99.39,97.27,2026-08-07T07:48:15.697Z
2025,대학교,사립,,서울,기존,0000058,경기대학교_제2캠퍼스,328,378,328,50,365,328,37,100,96.56,2026-08-07T07:48:15.697Z
2025,대학교,사립,,경남,기존,0000059,경남대학교,1960,2170,1960,210,2073,1888,185,96.33,95.53,2026-08-07T07:48:15.697Z
2025,대학교,사립,,강원,기존,0000060,경동대학교,0,164,0,164,133,0,133,,81.1,2026-08-07T07:48:15.697Z
2025,대학교,사립,,강원,기존,0002574,경동대학교_제3캠퍼스,842,931,845,86,909,844,65,99.88,97.64,2026-08-07T07:48:15.697Z
2025,대학교,사립,,경기,기존,0002744,경동대학교_제4캠퍼스,713,728,717,11,749,717,32,100,102.88,2026-08-07T07:48:15.697Z
2025,대학교,국립,,대구,기존,0000005,경북대학교,5269,5796,5227,569,5694,5221,473,99.89,98.24,2026-08-07T07:48:15.697Z
2025,대학교,국립,,경남,기존,0000007,경상국립대학교,4452,4792,4402,390,4683,4400,283,99.95,97.73,2026-08-07T07:48:15.697Z
2025,대학교,사립,,부산,기존,0000062,경성대학교,2765,3137,2768,369,3121,2761,360,99.75,99.49,2026-08-07T07:48:15.697Z
2025,대학교,사립,,경북,기존,0000244,경운대학교,1184,1476,1184,292,1322,1183,139,99.92,89.57,2026-08-07T07:48:15.697Z
2025,교육대학,국립,,인천,기존,0000256,경인교육대학교,526,584,530,54,575,526,49,99.25,98.46,2026-08-07T07:48:15.697Z
2025,대학교,사립,,경북,기존,0000064,경일대학교,1521,1938,1521,417,1843,1521,322,100,95.1,2026-08-07T07:48:15.697Z
2025,대학교,사립,,서울,기존,0000066,경희대학교,4873,6008,4887,1121,5981,4866,1115,99.57,99.55,2026-08-07T07:48:15.697Z
2025,사이버대학(대학),사립,,서울,기존,0000318,경희사이버대학교,3000,8415,3000,5415,2518,1915,603,63.83,29.92,2026-08-07T07:48:15.697Z
2025,대학교,사립,,대구,기존,0000068,계명대학교,4663,5388,4665,723,5245,4665,580,100,97.35,2026-08-07T07:48:15.697Z
2025,대학교,사립,,세종,기존,0000070,고려대학교(세종)_분교,1626,1795,1626,169,1777,1626,151,100,99,2026-08-07T07:48:15.697Z
2025,대학교,사립,,서울,기존,0000069,고려대학교,4142,5237,4148,1089,5183,4104,1079,98.94,98.97,2026-08-07T07:48:15.697Z
2025,사이버대학(대학),사립,,서울,기존,0000328,고려사이버대학교,2449,9031,2449,6582,2494,2262,232,92.36,27.62,2026-08-07T07:48:15.697Z
2025,대학교,사립,,부산,기존,0000071,고신대학교,753,810,753,57,771,742,29,98.54,95.19,2026-08-07T07:48:15.697Z
2025,교육대학,국립,,충남,기존,0000251,공주교육대학교,354,342,313,29,336,313,23,100,98.25,2026-08-07T07:48:15.697Z
2025,대학교,사립,,광주,기존,0000073,광신대학교,105,133,105,28,128,105,23,100,96.24,2026-08-07T07:48:15.697Z
2025,대학교,사립,,서울,기존,0000074,광운대학교,1823,2186,1825,361,2177,1820,357,99.73,99.59,2026-08-07T07:48:15.697Z
2025,대학교,사립,,전남,기존,0000075,광주가톨릭대학교,40,45,40,5,20,20,0,50,44.44,2026-08-07T07:48:15.697Z
2025,대학교,특별법법인,,광주,기존,0000381,광주과학기술원,200,230,200,30,246,222,24,111,106.96,2026-08-07T07:48:15.697Z
2025,교육대학,국립,,광주,기존,0000252,광주교육대학교,326,316,289,27,306,288,18,99.65,96.84,2026-08-07T07:48:15.697Z
2025,대학교,사립,,광주,기존,0000231,광주대학교,1363,1359,1275,84,1210,1155,55,90.59,89.04,2026-08-07T07:48:15.697Z
2025,대학교,사립,,광주,기존,0000076,광주여자대학교,912,947,899,48,917,876,41,97.44,96.83,2026-08-07T07:48:15.697Z
2025,대학교,국립,,강원,기존,0000001,국립강릉원주대학교,1241,1331,1240,91,1311,1230,81,99.19,98.5,2026-08-07T07:48:15.697Z
2025,대학교,국립,,강원,기존,0000002,국립강릉원주대학교_제2캠퍼스,489,514,489,25,512,488,24,99.8,99.61,2026-08-07T07:48:15.697Z
2025,대학교,국립,,경북,기존,0000021,국립경국대학교,1539,1628,1539,89,1443,1389,54,90.25,88.64,2026-08-07T07:48:15.697Z
2025,대학교,국립,,충남,기존,0000008,국립공주대학교,2815,3547,2818,729,3227,2818,409,100,90.98,2026-08-07T07:48:15.697Z
2025,대학교,국립,,전북,기존,0000009,국립군산대학교,1723,1925,1723,202,1833,1723,110,100,95.22,2026-08-07T07:48:15.697Z
2025,대학교,국립,,경북,기존,0000010,국립금오공과대학교,1239,1367,1234,133,1298,1229,69,99.59,94.95,2026-08-07T07:48:15.697Z
2025,대학교,국립,,전남,기존,0000011,국립목포대학교,1484,1668,1484,184,1575,1483,92,99.93,94.42,2026-08-07T07:48:15.697Z
2025,대학교,국립,,전남,기존,0000012,국립목포해양대학교,692,768,696,72,749,695,54,99.86,97.53,2026-08-07T07:48:15.697Z
2025,대학교,국립,,부산,기존,0000013,국립부경대학교,3338,3750,3304,446,3733,3303,430,99.97,99.55,2026-08-07T07:48:15.697Z
2025,대학교,국립,,전남,기존,0000020,국립순천대학교,1573,1747,1573,174,1696,1569,127,99.75,97.08,2026-08-07T07:48:15.697Z
2025,대학교,국립,,경남,기존,0000028,국립창원대학교,1742,1975,1750,225,1896,1741,155,99.49,96,2026-08-07T07:48:15.697Z
2025,대학교,국립,,충북,기존,0000034,국립한국교통대학교,1911,2163,1906,257,2117,1905,212,99.95,97.87,2026-08-07T07:48:15.697Z
2025,대학교,국립,,부산,기존,0000033,국립한국해양대학교,1372,1550,1371,179,1494,1371,123,100,96.39,2026-08-07T07:48:15.697Z
2025,대학교,국립,,대전,기존,0000039,국립한밭대학교,1901,2171,1900,271,2098,1877,221,98.79,96.64,2026-08-07T07:48:15.697Z
2025,대학교,사립,,서울,기존,0000078,국민대학교,2966,3495,2966,529,3484,2961,523,99.83,99.69,2026-08-07T07:48:15.697Z
2025,사이버대학(대학),사립,,경기,기존,0000319,국제사이버대학교,900,3377,900,2477,1075,900,175,100,31.83,2026-08-07T07:48:15.697Z
2025,대학교,사립,,충북,기존,0000080,극동대학교,900,1031,910,121,841,745,96,81.87,81.57,2026-08-07T07:48:15.697Z
2025,사이버대학(대학),사립,,충남,기존,0000334,글로벌사이버대학교,1040,1762,1040,722,710,703,7,67.6,40.3,2026-08-07T07:48:15.697Z
2025,대학교,사립,,충남,기존,0000224,금강대학교,110,110,110,0,11,11,0,10,10,2026-08-07T07:48:15.697Z
2025,대학교,사립,,경북,기존,0000241,김천대학교,634,815,634,181,769,616,153,97.16,94.36,2026-08-07T07:48:15.697Z
2025,대학교,사립,,충남,기존,0000081,나사렛대학교,1171,1348,1175,173,1312,1174,138,99.91,97.33,2026-08-07T07:48:15.697Z
2025,대학교,사립,,광주,기존,0000216,남부대학교,617,667,621,46,640,616,24,99.19,95.95,2026-08-07T07:48:15.697Z
2025,대학교,사립,,충남,기존,0000245,남서울대학교,2202,2677,2202,475,2479,2202,277,100,92.6,2026-08-07T07:48:15.697Z
2025,대학교,사립,,경기,기존,0000082,단국대학교,2275,2687,2276,411,2631,2268,363,99.65,97.92,2026-08-07T07:48:15.697Z
2025,대학교,사립,,충남,기존,0002726,단국대학교_제2캠퍼스,2391,2521,2352,169,2484,2340,144,99.49,98.53,2026-08-07T07:48:15.697Z
2025,대학교,사립,,경북,기존,0000088,대구가톨릭대학교,2508,2953,2508,445,2862,2506,356,99.92,96.92,2026-08-07T07:48:15.697Z
2025,대학교,특별법법인,,대구,기존,0000382,대구경북과학기술원,200,240,200,40,230,193,37,96.5,95.83,2026-08-07T07:48:15.697Z
2025,교육대학,국립,,대구,기존,0000253,대구교육대학교,383,380,339,41,374,338,36,99.71,98.42,2026-08-07T07:48:15.697Z
2025,대학교,사립,,경북,기존,0000084,대구대학교,3850,4447,3822,625,4127,3814,313,99.79,92.8,2026-08-07T07:48:15.697Z
2025,사이버대학(대학),사립,,경북,기존,0000320,대구사이버대학교,1500,3942,1500,2442,923,536,387,35.73,23.41,2026-08-07T07:48:15.697Z
2025,대학교,사립,,경북,기존,0000087,대구예술대학교,300,408,300,108,114,18,96,6,27.94,2026-08-07T07:48:15.697Z
2025,대학교,사립,,경북,기존,0000061,대구한의대학교,1400,1953,1400,553,1893,1398,495,99.86,96.93,2026-08-07T07:48:15.697Z
2025,대학교,사립,,경북,기존,0000093,대신대학교,150,697,150,547,697,150,547,100,100,2026-08-07T07:48:15.697Z
2025,대학교,사립,,세종,기존,0000094,대전가톨릭대학교,40,40,40,0,12,12,0,30,30,2026-08-07T07:48:15.697Z
2025,대학교,사립,,대전,기존,0000095,대전대학교,1782,2102,1789,313,2042,1788,254,99.94,97.15,2026-08-07T07:48:15.697Z
2025,대학교,사립,,대전,기존,0000238,대전신학대학교,32,37,32,5,11,11,0,34.38,29.73,2026-08-07T07:48:15.697Z
2025,대학교,사립,,경기,기존,0000097,대진대학교,1737,2018,1739,279,1993,1737,256,99.88,98.76,2026-08-07T07:48:15.697Z
2025,대학교,사립,,서울,기존,0000099,덕성여자대학교,1215,1395,1215,180,1366,1215,151,100,97.92,2026-08-07T07:48:15.697Z
2025,대학교,사립,,경북,기존,0000101,동국대학교(WISE)_분교,1825,1971,1816,155,1924,1815,109,99.94,97.62,2026-08-07T07:48:15.697Z
2025,대학교,사립,,서울,기존,0000100,동국대학교,2836,3324,2837,487,3317,2834,483,99.89,99.79,2026-08-07T07:48:15.697Z
2025,대학교,사립,,서울,기존,0000102,동덕여자대학교,1577,1790,1579,211,1732,1578,154,99.94,96.76,2026-08-07T07:48:15.697Z
2025,대학교,사립,,부산,기존,0000235,동명대학교,1424,1690,1424,266,1594,1383,211,97.12,94.32,2026-08-07T07:48:15.697Z
2025,대학교,사립,,부산,기존,0000103,동서대학교,2094,2363,2094,269,2318,2099,219,100.24,98.1,2026-08-07T07:48:15.697Z
2025,대학교,사립,,전남,기존,0000104,동신대학교,1459,1625,1453,172,1489,1359,130,93.53,91.63,2026-08-07T07:48:15.697Z
2025,대학교,사립,,부산,기존,0000105,동아대학교,4159,4706,4164,542,4577,4159,418,99.88,97.26,2026-08-07T07:48:15.697Z
2025,대학교,사립,,경북,기존,0000106,동양대학교,1010,1184,1010,174,1179,1010,169,100,99.58,2026-08-07T07:48:15.697Z
2025,대학교,사립,,부산,기존,0000107,동의대학교,3589,4087,3531,556,4014,3531,483,100,98.21,2026-08-07T07:48:15.697Z
2025,사이버대학(대학),사립,,서울,기존,0000330,디지털서울문화예술대학교,990,6012,990,5022,849,793,56,80.1,14.12,2026-08-07T07:48:15.697Z
2025,대학교,사립,,경기,기존,0000108,루터대학교,85,96,85,11,86,85,1,100,89.58,2026-08-07T07:48:15.697Z
2025,대학교,사립,,경기,기존,0000109,명지대학교,1264,1389,1265,124,1375,1264,111,99.92,98.99,2026-08-07T07:48:15.697Z
2025,대학교,사립,,서울,기존,0000111,명지대학교_제2캠퍼스,1263,1750,1265,485,1665,1264,401,99.92,95.14,2026-08-07T07:48:15.697Z
2025,대학교,사립,,대전,기존,0000112,목원대학교,1840,1961,1748,213,1954,1748,206,100,99.64,2026-08-07T07:48:15.697Z
2025,대학교,사립,,전남,기존,0000221,목포가톨릭대학교,120,127,121,6,120,114,6,94.21,94.49,2026-08-07T07:48:15.697Z
2025,대학교,사립,,대전,기존,0000113,배재대학교,1798,2043,1807,236,2006,1807,199,100,98.19,2026-08-07T07:48:15.697Z
2025,대학교,사립,,충남,기존,0000178,백석대학교,2790,3285,2790,495,3032,2790,242,100,92.3,2026-08-07T07:48:15.697Z
2025,대학교,사립,,부산,기존,0000114,부산가톨릭대학교,705,935,697,238,811,693,118,99.43,86.74,2026-08-07T07:48:15.697Z
2025,교육대학,국립,,부산,기존,0000254,부산교육대학교,313,345,316,29,343,314,29,99.37,99.42,2026-08-07T07:48:15.697Z
2025,대학교,국립,,부산,기존,0000014,부산대학교,4498,4910,4468,442,4847,4457,390,99.75,98.72,2026-08-07T07:48:15.697Z
2025,사이버대학(대학),사립,,부산,기존,0000321,부산디지털대학교,1000,3884,1000,2884,963,822,141,82.2,24.79,2026-08-07T07:48:15.697Z
2025,대학교,사립,,부산,기존,0000115,부산외국어대학교,1470,1792,1471,321,1696,1472,224,100.07,94.64,2026-08-07T07:48:15.697Z
2025,대학교,사립,,경남,기존,0000222,부산장신대학교,32,36,32,4,32,32,0,100,88.89,2026-08-07T07:48:15.697Z
2025,사이버대학(대학),사립,,서울,기존,0000332,사이버한국외국어대학교,1750,3542,1750,1792,1897,1418,479,81.03,53.56,2026-08-07T07:48:15.697Z
2025,대학교,사립,,서울,기존,0000116,삼육대학교,1157,1376,1157,219,1351,1157,194,100,98.18,2026-08-07T07:48:15.697Z
2025,대학교,사립,,서울,기존,0000117,상명대학교,1302,1568,1303,265,1538,1305,233,100.15,98.09,2026-08-07T07:48:15.697Z
2025,대학교,사립,,충남,기존,0002959,상명대학교_제2캠퍼스,1345,1446,1345,101,1422,1345,77,100,98.34,2026-08-07T07:48:15.697Z
2025,대학교,사립,,강원,기존,0000119,상지대학교,1666,1697,1531,166,1593,1526,67,99.67,93.87,2026-08-07T07:48:15.697Z
2025,대학교,사립,,서울,기존,0000120,서강대학교,1602,2020,1616,404,1994,1600,394,99.01,98.71,2026-08-07T07:48:15.697Z
2025,대학교,사립,,서울,기존,0000121,서경대학교,1309,1988,1309,679,1707,1309,398,100,85.87,2026-08-07T07:48:15.697Z
2025,대학교,국립,,서울,기존,0000036,서울과학기술대학교,2227,2650,2228,422,2641,2226,415,99.91,99.66,2026-08-07T07:48:15.697Z
2025,교육대학,국립,,서울,기존,0000255,서울교육대학교,355,354,314,40,341,313,28,99.68,96.33,2026-08-07T07:48:15.697Z
2025,대학교,사립,,서울,기존,0000098,서울기독대학교,136,335,143,192,307,120,187,83.92,91.64,2026-08-07T07:48:15.697Z
2025,대학교,국립대법인,,서울,기존,0000019,서울대학교,3476,3763,3477,286,3743,3465,278,99.65,99.47,2026-08-07T07:48:15.697Z
2025,사이버대학(대학),사립,,서울,기존,0000322,서울디지털대학교,3000,7944,3000,4944,2764,2005,759,66.83,34.79,2026-08-07T07:48:15.697Z
2025,사이버대학(대학),사립,,서울,기존,0000323,서울사이버대학교,3270,12605,3270,9335,4146,3082,1064,94.25,32.89,2026-08-07T07:48:15.697Z
2025,대학교,공립,,서울,기존,0000040,서울시립대학교,1747,1916,1747,169,1908,1745,163,99.89,99.58,2026-08-07T07:48:15.697Z
2025,대학교,사립,,경기,기존,0000125,서울신학대학교,477,550,477,73,512,477,35,100,93.09,2026-08-07T07:48:15.697Z
2025,대학교,사립,,서울,기존,0000126,서울여자대학교,1612,1962,1611,351,1936,1610,326,99.94,98.67,2026-08-07T07:48:15.697Z
2025,대학교,사립,,경기,기존,0000127,서울장신대학교,104,100,85,15,129,85,44,100,129,2026-08-07T07:48:15.697Z
2025,대학교,사립,,서울,기존,0000205,서울한영대학교,180,409,182,227,384,181,203,99.45,93.89,2026-08-07T07:48:15.697Z
2025,대학교,사립,,충북,기존,0000128,서원대학교,1622,2102,1622,480,2035,1622,413,100,96.81,2026-08-07T07:48:15.697Z
2025,대학교,사립,,충남,기존,0000129,선문대학교,2053,2391,2059,332,2401,2059,342,100,100.42,2026-08-07T07:48:15.697Z
2025,대학교,사립,,경기,기존,0000131,성결대학교,1228,1311,1229,82,1311,1229,82,100,100,2026-08-07T07:48:15.697Z
2025,대학교,사립,,서울,기존,0000132,성공회대학교,502,555,502,53,538,504,34,100.4,96.94,2026-08-07T07:48:15.697Z
2025,대학교,사립,,서울,기존,0000133,성균관대학교,3555,4631,3552,1079,4609,3529,1080,99.35,99.52,2026-08-07T07:48:15.697Z
2025,대학교,사립,,서울,기존,0000136,성신여자대학교,2060,2367,2067,300,2350,2061,289,99.71,99.28,2026-08-07T07:48:15.697Z
2025,대학교,사립,,충북,기존,0000137,세명대학교,1472,1629,1472,157,1530,1449,81,98.44,93.92,2026-08-07T07:48:15.697Z
2025,대학교,사립,,서울,기존,0000138,세종대학교,2564,3274,2564,710,3254,2564,690,100,99.39,2026-08-07T07:48:15.697Z
2025,사이버대학(대학),사립,,서울,기존,0000325,세종사이버대학교,2180,7093,2180,4913,3320,1783,1537,81.79,46.81,2026-08-07T07:48:15.697Z
2025,대학교,사립,,전남,기존,0000092,세한대학교,817,890,820,70,794,764,30,93.17,89.21,2026-08-07T07:48:15.697Z
2025,대학교,사립,,광주,기존,0000243,송원대학교,640,693,640,53,657,633,24,98.91,94.81,2026-08-07T07:48:15.697Z
2025,대학교,사립,,경기,기존,0000139,수원가톨릭대학교,90,91,90,1,27,27,0,30,29.67,2026-08-07T07:48:15.697Z
2025,대학교,사립,,경기,기존,0000140,수원대학교,2130,2308,2130,178,2247,2127,120,99.86,97.36,2026-08-07T07:48:15.697Z
2025,대학교,사립,,서울,기존,0000141,숙명여자대학교,2160,2529,2160,369,2494,2159,335,99.95,98.62,2026-08-07T07:48:15.697Z
2025,각종학교(대학),사립,,충북,기존,0000317,순복음총회신학교,58,58,58,0,40,40,0,68.97,68.97,2026-08-07T07:48:15.697Z
2025,대학교,사립,,충남,기존,0000142,순천향대학교,2524,3041,2524,517,2771,2525,246,100.04,91.12,2026-08-07T07:48:15.697Z
2025,대학교,사립,,서울,기존,0000143,숭실대학교,2675,3274,2689,585,3263,2683,580,99.78,99.66,2026-08-07T07:48:15.697Z
2025,사이버대학(대학),사립,,서울,기존,0000329,숭실사이버대학교,1650,6633,1650,4983,2203,1188,1015,72,33.21,2026-08-07T07:48:15.697Z
2025,대학교,사립,,경북,기존,0000065,신경주대학교,890,886,790,96,661,639,22,80.89,74.6,2026-08-07T07:48:15.697Z
2025,대학교,사립,,부산,기존,0000144,신라대학교,1640,2019,1640,379,1727,1539,188,93.84,85.54,2026-08-07T07:48:15.697Z
2025,대학교,사립,,경기,기존,0002712,신한대학교,90,104,90,14,102,90,12,100,98.08,2026-08-07T07:48:15.697Z
2025,대학교,사립,,경기,기존,0002800,신한대학교_제2캠퍼스,1315,1508,1315,193,1482,1315,167,100,98.28,2026-08-07T07:48:15.697Z
2025,대학교,사립,,경기,기존,0000145,아신대학교,130,139,130,9,50,50,0,38.46,35.97,2026-08-07T07:48:15.697Z
2025,대학교,사립,,경기,기존,0000146,아주대학교,2083,2377,2074,303,2540,2073,467,99.95,106.86,2026-08-07T07:48:15.697Z
2025,대학교,사립,,경기,기존,0000147,안양대학교,986,1133,987,146,1063,991,72,100.41,93.82,2026-08-07T07:48:15.697Z
2025,대학교,사립,,인천,기존,0000148,안양대학교_제2캠퍼스,140,142,142,0,142,142,0,100,100,2026-08-07T07:48:15.697Z
2025,대학교,사립,,강원,기존,0000150,연세대학교(미래)_분교,1416,1599,1416,183,1575,1415,160,99.93,98.5,2026-08-07T07:48:15.697Z
2025,대학교,사립,,서울,기존,0000149,연세대학교,3555,4476,3569,907,4541,3622,919,101.49,101.45,2026-08-07T07:48:15.697Z
2025,대학교,사립,,경북,기존,0000151,영남대학교,4661,5107,4646,461,5030,4645,385,99.98,98.49,2026-08-07T07:48:15.697Z
2025,대학교,사립,,경북,기존,0000153,영남신학대학교,115,116,115,1,116,115,1,100,100,2026-08-07T07:48:15.697Z
2025,대학교,사립,,경남,기존,0003194,영산대학교(양산)_제2캠퍼스,669,1143,669,474,720,667,53,99.7,62.99,2026-08-07T07:48:15.697Z
2025,대학교,사립,,부산,기존,0003193,영산대학교(해운대),625,764,625,139,724,624,100,99.84,94.76,2026-08-07T07:48:15.697Z
2025,대학교,사립,,전남,기존,0000155,영산선학대학교,50,52,50,2,3,3,0,6,5.77,2026-08-07T07:48:15.697Z
2025,대학교,사립,,전북,기존,0000228,예수대학교,115,123,115,8,121,115,6,100,98.37,2026-08-07T07:48:15.697Z
2025,대학교,사립,,전북,기존,0000218,예원예술대학교,46,70,46,24,69,45,24,97.83,98.57,2026-08-07T07:48:15.697Z
2025,대학교,사립,,경기,기존,0000219,예원예술대학교_제2캠퍼스,185,202,190,12,199,187,12,98.42,98.51,2026-08-07T07:48:15.697Z
2025,대학교,사립,,경기,기존,0000156,용인대학교,1262,1373,1262,111,1345,1261,84,99.92,97.96,2026-08-07T07:48:15.697Z
2025,대학교,사립,,전북,기존,0000157,우석대학교,1487,1682,1487,195,1667,1487,180,100,99.11,2026-08-07T07:48:15.697Z
2025,대학교,사립,,대전,기존,0000240,우송대학교,1993,2385,1994,391,2270,1994,276,100,95.18,2026-08-07T07:48:15.697Z
2025,대학교,특별법법인,,울산,기존,0000250,울산과학기술원,400,480,400,80,497,417,80,104.25,103.54,2026-08-07T07:48:15.697Z
2025,대학교,사립,,울산,기존,0000158,울산대학교,2737,2782,2579,203,2714,2565,149,99.46,97.56,2026-08-07T07:48:15.697Z
2025,대학교,사립,,전북,기존,0000159,원광대학교,2869,3029,2869,160,3027,2864,163,99.83,99.93,2026-08-07T07:48:15.697Z
2025,사이버대학(대학),사립,,전북,기존,0000327,원광디지털대학교,1500,3982,1500,2482,1097,796,301,53.07,27.55,2026-08-07T07:48:15.697Z
2025,대학교,사립,,경북,기존,0000160,위덕대학교,627,588,556,32,548,545,3,98.02,93.2,2026-08-07T07:48:15.697Z
2025,대학교,사립,,충북,기존,0000154,유원대학교,875,1110,875,235,1076,873,203,99.77,96.94,2026-08-07T07:48:15.697Z
2025,대학교,사립,,대전,기존,0000161,을지대학교,100,108,100,8,108,100,8,100,100,2026-08-07T07:48:15.697Z
2025,대학교,사립,,경기,기존,0000162,을지대학교_제2캠퍼스,787,841,787,54,830,787,43,100,98.69,2026-08-07T07:48:15.697Z
2025,대학교,사립,,경기,기존,0002911,을지대학교_제3캠퍼스,192,207,192,15,203,192,11,100,98.07,2026-08-07T07:48:15.697Z
2025,대학교,사립,,서울,기존,0000163,이화여자대학교,3260,3841,3270,571,3818,3253,565,99.48,99.4,2026-08-07T07:48:15.697Z
2025,대학교,사립,,경남,기존,0000164,인제대학교,1699,1814,1618,196,1747,1597,150,98.7,96.31,2026-08-07T07:48:15.697Z
2025,대학교,사립,,인천,기존,0000168,인천가톨릭대학교,12,12,12,0,11,11,0,91.67,91.67,2026-08-07T07:48:15.697Z
2025,대학교,사립,,인천,기존,0000167,인천가톨릭대학교_제2캠퍼스,153,172,153,19,163,153,10,100,94.77,2026-08-07T07:48:15.697Z
2025,대학교,국립대법인,,인천,기존,0002660,인천대학교,2516,2826,2520,306,2748,2519,229,99.96,97.24,2026-08-07T07:48:15.697Z
2025,대학교,사립,,인천,기존,0000169,인하대학교,3605,4171,3607,564,4161,3603,558,99.89,99.76,2026-08-07T07:48:15.697Z
2025,대학교,사립,,서울,기존,0000170,장로회신학대학교,150,177,151,26,159,151,8,100,89.83,2026-08-07T07:48:15.697Z
2025,대학교,국립,,광주,기존,0000023,전남대학교,3673,3926,3640,286,3878,3635,243,99.86,98.78,2026-08-07T07:48:15.697Z
2025,대학교,국립,,전남,기존,0000024,전남대학교_제2캠퍼스,812,1007,813,194,896,811,85,99.75,88.98,2026-08-07T07:48:15.697Z
2025,대학교,국립,,전북,기존,0000025,전북대학교,4077,4633,4054,579,4424,4050,374,99.9,95.49,2026-08-07T07:48:15.697Z
2025,교육대학,국립,,전북,기존,0000258,전주교육대학교,285,276,253,23,272,253,19,100,98.55,2026-08-07T07:48:15.697Z
2025,대학교,사립,,전북,기존,0000171,전주대학교,2512,2883,2512,371,2631,2501,130,99.56,91.26,2026-08-07T07:48:15.697Z
2025,기술대학,사립,,서울,기존,0000288,정석대학,100,100,100,0,11,11,0,11,11,2026-08-07T07:48:15.697Z
2025,대학교,사립,,제주,기존,0000248,제주국제대학교,370,455,370,85,40,10,30,2.7,8.79,2026-08-07T07:48:15.697Z
2025,대학교,국립,,제주,기존,0000027,제주대학교,2235,2528,2183,345,2374,2181,193,99.91,93.91,2026-08-07T07:48:15.697Z
2025,대학교,사립,,광주,기존,0000172,조선대학교,4354,4760,4360,400,4643,4355,288,99.89,97.54,2026-08-07T07:48:15.697Z
2025,대학교,사립,,충남,기존,0000173,중부대학교,1645,1795,1641,154,1797,1643,154,100.12,100.11,2026-08-07T07:48:15.697Z
2025,대학교,사립,,서울,기존,0000175,중앙대학교,3210,4122,3211,911,4116,3211,905,100,99.85,2026-08-07T07:48:15.697Z
2025,대학교,사립,,경기,기존,0000174,중앙대학교_제2캠퍼스,1168,1222,1168,54,1220,1167,53,99.91,99.84,2026-08-07T07:48:15.697Z
2025,대학교,사립,,경기,기존,0000177,중앙승가대학교,120,125,120,5,17,12,5,10,13.6,2026-08-07T07:48:15.697Z
2025,대학교,사립,,충북,기존,0000239,중원대학교,812,897,770,127,851,755,96,98.05,94.87,2026-08-07T07:48:15.697Z
2025,교육대학,국립,,경남,기존,0000260,진주교육대학교,319,312,283,29,299,283,16,100,95.83,2026-08-07T07:48:15.697Z
2025,대학교,사립,,경기,기존,0000187,차의과학대학교,504,570,504,66,560,504,56,100,98.25,2026-08-07T07:48:15.697Z
2025,대학교,사립,,경남,기존,0000249,창신대학교,345,461,345,116,461,345,116,100,100,2026-08-07T07:48:15.697Z
2025,산업대학,사립,,충남,기존,0000284,청운대학교,962,1340,974,366,1154,955,199,98.05,86.12,2026-08-07T07:48:15.697Z
2025,교육대학,국립,,충북,기존,0000261,청주교육대학교,286,279,254,25,274,254,20,100,98.21,2026-08-07T07:48:15.697Z
2025,대학교,사립,,충북,기존,0000179,청주대학교,2621,2867,2629,238,2813,2627,186,99.92,98.12,2026-08-07T07:48:15.697Z
2025,대학교,사립,,전남,기존,0000246,초당대학교,717,762,717,45,516,502,14,70.01,67.72,2026-08-07T07:48:15.697Z
2025,대학교,사립,,서울,기존,0000180,총신대학교,307,361,307,54,335,307,28,100,92.8,2026-08-07T07:48:15.697Z
2025,대학교,사립,,서울,기존,0000181,추계예술대학교,250,295,250,45,269,250,19,100,91.19,2026-08-07T07:48:15.697Z
2025,교육대학,국립,,강원,기존,0000262,춘천교육대학교,321,305,283,22,300,283,17,100,98.36,2026-08-07T07:48:15.697Z
2025,대학교,국립,,대전,기존,0000029,충남대학교,3778,4267,3739,528,4091,3738,353,99.97,95.88,2026-08-07T07:48:15.697Z
2025,대학교,국립,,충북,기존,0000030,충북대학교,3162,3447,3095,352,3399,3098,301,100.1,98.61,2026-08-07T07:48:15.697Z
2025,대학교,사립,,경기,기존,0000184,칼빈대학교,90,368,90,278,361,90,271,100,98.1,2026-08-07T07:48:15.697Z
2025,사이버대학(대학),사립,,서울,신설,0003183,태재대학교,100,210,100,110,0,0,0,0,0,2026-08-07T07:48:15.697Z
2025,대학교,사립,,경기,기존,0000186,평택대학교,833,914,831,83,907,831,76,100,99.23,2026-08-07T07:48:15.697Z
2025,대학교,사립,,경북,기존,0000188,포항공과대학교,320,370,320,50,361,316,45,98.75,97.57,2026-08-07T07:48:15.697Z
2025,대학교,국립,,경기,기존,0000037,한경국립대학교,1271,1454,1273,181,1377,1273,104,100,94.7,2026-08-07T07:48:15.697Z
2025,대학교,사립,,경기,기존,0000247,한국공학대학교,1410,1861,1410,451,1817,1411,406,100.07,97.64,2026-08-07T07:48:15.697Z
2025,대학교,특별법법인,,대전,기존,0000374,한국과학기술원,970,965,730,235,798,739,59,101.23,82.69,2026-08-07T07:48:15.697Z
2025,대학교,국립,,충북,기존,0000031,한국교원대학교,546,590,534,56,578,531,47,99.44,97.97,2026-08-07T07:48:15.697Z
2025,대학교,사립,,충남,기존,0000189,한국기술교육대학교,836,996,836,160,973,836,137,100,97.69,2026-08-07T07:48:15.697Z
2025,방송통신대학,국립,,서울,기존,0000273,한국방송통신대학교,51970,55445,51970,3475,8998,8689,309,16.72,16.23,2026-08-07T07:48:15.697Z
2025,대학교,사립,,서울,기존,0000191,한국성서대학교,228,260,228,32,249,228,21,100,95.77,2026-08-07T07:48:15.697Z
2025,대학교,특별법법인,,전남,기존,0003139,한국에너지공과대학교,100,110,100,10,107,97,10,97,97.27,2026-08-07T07:48:15.697Z
2025,사이버대학(대학),사립,,서울,기존,0000326,한국열린사이버대학교,1000,4254,1000,3254,1801,966,835,96.6,42.34,2026-08-07T07:48:15.697Z
2025,각종학교(대학),특별법국립,,서울,기존,0000383,한국예술종합학교,558,593,558,35,562,536,26,96.06,94.77,2026-08-07T07:48:15.697Z
2025,대학교,사립,,서울,기존,0000192,한국외국어대학교,3475,4025,3477,548,4016,3475,541,99.94,99.78,2026-08-07T07:48:15.697Z
2025,대학교,특별법국립,,충남,기존,0003022,한국전통문화대학교,140,161,140,21,146,140,6,100,90.68,2026-08-07T07:48:15.697Z
2025,대학교,국립,,서울,기존,0000032,한국체육대학교,535,602,536,66,573,535,38,99.81,95.18,2026-08-07T07:48:15.697Z
2025,대학교,사립,,대전,기존,0000182,한국침례신학대학교,204,207,182,25,183,182,1,100,88.41,2026-08-07T07:48:15.697Z
2025,대학교,사립,,경기,기존,0000194,한국항공대학교,827,922,812,110,924,814,110,100.25,100.22,2026-08-07T07:48:15.697Z
2025,대학교,사립,,대전,기존,0000195,한남대학교,2715,2932,2716,216,2988,2716,272,100,101.91,2026-08-07T07:48:15.697Z
2025,대학교,사립,,경북,기존,0000196,한동대학교,729,816,729,87,810,729,81,100,99.26,2026-08-07T07:48:15.697Z
2025,대학교,사립,,강원,기존,0000197,한라대학교,867,957,863,94,912,846,66,98.03,95.3,2026-08-07T07:48:15.697Z
2025,대학교,사립,,강원,기존,0000198,한림대학교,1849,1961,1849,112,1956,1848,108,99.95,99.75,2026-08-07T07:48:15.697Z
2025,대학교,사립,,충남,기존,0000199,한서대학교,1529,1637,1520,117,1619,1518,101,99.87,98.9,2026-08-07T07:48:15.697Z
2025,대학교,사립,,서울,기존,0000200,한성대학교,1498,1737,1498,239,1712,1498,214,100,98.56,2026-08-07T07:48:15.697Z
2025,대학교,사립,,경기,기존,0000201,한세대학교,566,614,567,47,601,566,35,99.82,97.88,2026-08-07T07:48:15.697Z
2025,대학교,사립,,경기,기존,0000202,한신대학교,1193,1256,1193,63,1256,1193,63,100,100,2026-08-07T07:48:15.697Z
2025,대학교,사립,,경기,기존,0000204,한양대학교(ERICA)_분교,2019,2640,2022,618,2547,2018,529,99.8,96.48,2026-08-07T07:48:15.697Z
2025,대학교,사립,,서울,기존,0000203,한양대학교,2906,3773,2907,866,3735,2886,849,99.28,98.99,2026-08-07T07:48:15.697Z
2025,사이버대학(대학),사립,,서울,기존,0000331,한양사이버대학교,3440,9053,3440,5613,4057,2818,1239,81.92,44.81,2026-08-07T07:48:15.697Z
2025,대학교,사립,,전북,기존,0000206,한일장신대학교,219,297,219,78,181,132,49,60.27,60.94,2026-08-07T07:48:15.697Z
2025,대학교,사립,,경기,기존,0000207,협성대학교,1004,1092,1007,85,1079,1007,72,100,98.81,2026-08-07T07:48:15.697Z
2025,대학교,사립,,광주,기존,0000208,호남대학교,1537,1626,1502,124,1526,1440,86,95.87,93.85,2026-08-07T07:48:15.697Z
2025,대학교,사립,,광주,기존,0000209,호남신학대학교,119,120,119,1,120,119,1,100,100,2026-08-07T07:48:15.697Z
2025,대학교,사립,,충남,기존,0000211,호서대학교,2881,3208,2878,330,3147,2879,268,100.03,98.1,2026-08-07T07:48:15.697Z
2025,산업대학,사립,,전북,기존,0000282,호원대학교,1026,1490,1034,456,1342,1003,339,97,90.07,2026-08-07T07:48:15.697Z
2025,대학교,사립,,서울,기존,0000212,홍익대학교,2371,2913,2373,540,2905,2369,536,99.83,99.73,2026-08-07T07:48:15.697Z
2025,대학교,사립,,세종,기존,0002949,홍익대학교_제2캠퍼스,1330,1442,1336,106,1416,1335,81,99.93,98.2,2026-08-07T07:48:15.697Z
2025,대학교,사립,,경기,기존,0000233,화성의과학대학교,282,286,273,13,232,222,10,81.32,81.12,2026-08-07T07:48:15.697Z
2025,사이버대학(대학),사립,,부산,기존,0000333,화신사이버대학교,568,2008,568,1440,776,568,208,100,38.65,2026-08-07T07:48:15.697Z
2024,대학교,사립,,경남,기존,0002748,가야대학교(김해),440,470,445,25,370,349,21,78.43,78.72,2026-08-07T07:48:15.697Z
2024,대학교,사립,,경기,기존,0000063,가천대학교,4181,5313,4181,1132,5268,4180,1088,99.98,99.15,2026-08-07T07:48:15.697Z
2024,대학교,사립,,강원,기존,0000072,가톨릭관동대학교,1764,1804,1644,160,1178,1073,105,65.27,65.3,2026-08-07T07:48:15.697Z
2024,대학교,사립,,충북,기존,0000215,가톨릭꽃동네대학교,108,119,110,9,113,109,4,99.09,94.96,2026-08-07T07:48:15.697Z
2024,대학교,사립,,경기,기존,0000046,가톨릭대학교,1574,1873,1577,296,1856,1577,279,100,99.09,2026-08-07T07:48:15.697Z
2024,대학교,사립,,서울,기존,0000048,가톨릭대학교_제2캠퍼스,173,182,173,9,179,173,6,100,98.35,2026-08-07T07:48:15.697Z
2024,대학교,사립,,서울,기존,0000049,가톨릭대학교_제3캠퍼스,50,56,50,6,53,50,3,100,94.64,2026-08-07T07:48:15.697Z
2024,대학교,사립,,서울,기존,0000050,감리교신학대학교,192,186,160,26,143,141,2,88.13,76.88,2026-08-07T07:48:15.697Z
2024,대학교,사립,,경기,기존,0000051,강남대학교,1491,1630,1492,138,1590,1491,99,99.93,97.55,2026-08-07T07:48:15.697Z
2024,대학교,사립,,서울,기존,0000079,강서대학교,277,432,277,155,399,278,121,100.36,92.36,2026-08-07T07:48:15.697Z
2024,대학교,국립,,강원,기존,0000003,강원대학교,3136,3410,3138,272,3400,3138,262,100,99.71,2026-08-07T07:48:15.697Z
2024,대학교,국립,,강원,기존,0000004,강원대학교_제2캠퍼스,1329,1415,1333,82,1406,1331,75,99.85,99.36,2026-08-07T07:48:15.697Z
2024,대학교,사립,,충북,기존,0000053,건국대학교(글로컬)_분교,1569,1751,1571,180,1690,1571,119,100,96.52,2026-08-07T07:48:15.697Z
2024,대학교,사립,,서울,기존,0000052,건국대학교,3000,3575,3015,560,3571,3014,557,99.97,99.89,2026-08-07T07:48:15.697Z
2024,대학교,사립,,충남,기존,0000054,건양대학교,702,753,710,43,668,645,23,90.85,88.71,2026-08-07T07:48:15.697Z
2024,대학교,사립,,대전,기존,0000055,건양대학교_제2캠퍼스,929,997,932,65,991,930,61,99.79,99.4,2026-08-07T07:48:15.697Z
2024,사이버대학(대학),사립,,대전,기존,0000335,건양사이버대학교,1068,5611,1068,4543,1261,862,399,80.71,22.47,2026-08-07T07:48:15.697Z
2024,대학교,사립,,경기,기존,0000056,경기대학교,2628,2857,2630,227,2793,2614,179,99.39,97.76,2026-08-07T07:48:15.697Z
2024,대학교,사립,,서울,기존,0000058,경기대학교_제2캠퍼스,328,413,328,85,361,327,34,99.7,87.41,2026-08-07T07:48:15.697Z
2024,대학교,사립,,경남,기존,0000059,경남대학교,2050,2260,2060,200,1770,1601,169,77.72,78.32,2026-08-07T07:48:15.697Z
2024,대학교,사립,,강원,기존,0000060,경동대학교,1,171,1,170,140,1,139,100,81.87,2026-08-07T07:48:15.697Z
2024,대학교,사립,,강원,기존,0002574,경동대학교_제3캠퍼스,842,928,843,85,906,829,77,98.34,97.63,2026-08-07T07:48:15.697Z
2024,대학교,사립,,경기,기존,0002744,경동대학교_제4캠퍼스,712,717,716,1,725,716,9,100,101.12,2026-08-07T07:48:15.697Z
2024,대학교,국립,,대구,기존,0000005,경북대학교,5041,5578,5052,526,5468,5048,420,99.92,98.03,2026-08-07T07:48:15.697Z
2024,대학교,국립,,경남,기존,0000007,경상국립대학교,4261,4657,4271,386,4545,4271,274,100,97.6,2026-08-07T07:48:15.697Z
2024,대학교,사립,,부산,기존,0000062,경성대학교,2765,3304,2769,535,3289,2763,526,99.78,99.55,2026-08-07T07:48:15.697Z
2024,대학교,사립,,경북,기존,0000244,경운대학교,1184,1326,1184,142,1261,1184,77,100,95.1,2026-08-07T07:48:15.697Z
2024,교육대학,국립,,인천,기존,0000256,경인교육대학교,598,661,603,58,653,599,54,99.34,98.79,2026-08-07T07:48:15.697Z
2024,대학교,사립,,경북,기존,0000064,경일대학교,1521,1891,1521,370,1816,1521,295,100,96.03,2026-08-07T07:48:15.697Z
2024,대학교,사립,,서울,기존,0000066,경희대학교,4840,5797,4853,944,5790,4846,944,99.86,99.88,2026-08-07T07:48:15.697Z
2024,사이버대학(대학),사립,,서울,기존,0000318,경희사이버대학교,3000,7815,3000,4815,2485,1819,666,60.63,31.8,2026-08-07T07:48:15.697Z
2024,대학교,사립,,대구,기존,0000068,계명대학교,4619,5109,4625,484,5017,4622,395,99.94,98.2,2026-08-07T07:48:15.697Z
2024,대학교,사립,,세종,기존,0000070,고려대학교(세종)_분교,1379,1540,1379,161,1497,1379,118,100,97.21,2026-08-07T07:48:15.697Z
2024,대학교,사립,,서울,기존,0000069,고려대학교,3992,5066,4000,1066,5042,3987,1055,99.68,99.53,2026-08-07T07:48:15.697Z
2024,사이버대학(대학),사립,,서울,기존,0000328,고려사이버대학교,2449,9098,2449,6649,2249,2101,148,85.79,24.72,2026-08-07T07:48:15.697Z
2024,대학교,사립,,부산,기존,0000071,고신대학교,784,837,784,53,762,748,14,95.41,91.04,2026-08-07T07:48:15.697Z
2024,교육대학,국립,,충남,기존,0000251,공주교육대학교,354,383,354,29,376,353,23,99.72,98.17,2026-08-07T07:48:15.697Z
2024,대학교,사립,,광주,기존,0000073,광신대학교,105,110,105,5,105,105,0,100,95.45,2026-08-07T07:48:15.697Z
2024,대학교,사립,,서울,기존,0000074,광운대학교,1816,2106,1817,289,2106,1816,290,99.94,100,2026-08-07T07:48:15.697Z
2024,대학교,사립,,전남,기존,0000075,광주가톨릭대학교,40,45,40,5,13,13,0,32.5,28.89,2026-08-07T07:48:15.697Z
2024,대학교,특별법법인,,광주,기존,0000381,광주과학기술원,200,230,200,30,232,204,28,102,100.87,2026-08-07T07:48:15.697Z
2024,교육대학,국립,,광주,기존,0000252,광주교육대학교,326,353,326,27,343,324,19,99.39,97.17,2026-08-07T07:48:15.697Z
2024,대학교,사립,,광주,기존,0000231,광주대학교,1393,1385,1304,81,1295,1244,51,95.4,93.5,2026-08-07T07:48:15.697Z
2024,대학교,사립,,광주,기존,0000076,광주여자대학교,912,945,897,48,842,811,31,90.41,89.1,2026-08-07T07:48:15.697Z
2024,대학교,국립,,강원,기존,0000001,국립강릉원주대학교,1210,1292,1210,82,1256,1191,65,98.43,97.21,2026-08-07T07:48:15.697Z
2024,대학교,국립,,강원,기존,0000002,국립강릉원주대학교_제2캠퍼스,485,509,485,24,505,483,22,99.59,99.21,2026-08-07T07:48:15.697Z
2024,대학교,국립,,경북,기존,0000021,국립경국대학교,1309,1409,1309,100,1319,1260,59,96.26,93.61,2026-08-07T07:48:15.697Z
2024,대학교,국립,,충남,기존,0000008,국립공주대학교,2815,3536,2816,720,3195,2817,378,100.04,90.36,2026-08-07T07:48:15.697Z
2024,대학교,국립,,전북,기존,0000009,국립군산대학교,1723,1928,1723,205,1817,1713,104,99.42,94.24,2026-08-07T07:48:15.697Z
2024,대학교,국립,,경북,기존,0000010,국립금오공과대학교,1245,1390,1246,144,1336,1246,90,100,96.12,2026-08-07T07:48:15.697Z
2024,대학교,국립,,전남,기존,0000011,국립목포대학교,1484,1783,1484,299,1533,1437,96,96.83,85.98,2026-08-07T07:48:15.697Z
2024,대학교,국립,,전남,기존,0000012,국립목포해양대학교,695,771,699,72,739,697,42,99.71,95.85,2026-08-07T07:48:15.697Z
2024,대학교,국립,,부산,기존,0000013,국립부경대학교,3338,3777,3303,474,3682,3295,387,99.76,97.48,2026-08-07T07:48:15.697Z
2024,대학교,국립,,전남,기존,0000020,국립순천대학교,1573,1810,1571,239,1675,1553,122,98.85,92.54,2026-08-07T07:48:15.697Z
2024,대학교,국립,,경남,기존,0000028,국립창원대학교,1738,2020,1746,274,1919,1723,196,98.68,95,2026-08-07T07:48:15.697Z
2024,대학교,국립,,충북,기존,0000034,국립한국교통대학교,1911,2199,1908,291,2132,1907,225,99.95,96.95,2026-08-07T07:48:15.697Z
2024,대학교,국립,,부산,기존,0000033,국립한국해양대학교,1372,1557,1372,185,1491,1371,120,99.93,95.76,2026-08-07T07:48:15.697Z
2024,대학교,국립,,대전,기존,0000039,국립한밭대학교,1916,2186,1919,267,2085,1896,189,98.8,95.38,2026-08-07T07:48:15.697Z
2024,대학교,사립,,서울,기존,0000078,국민대학교,2966,3469,2966,503,3459,2963,496,99.9,99.71,2026-08-07T07:48:15.697Z
2024,사이버대학(대학),사립,,경기,기존,0000319,국제사이버대학교,900,3287,900,2387,1042,854,188,94.89,31.7,2026-08-07T07:48:15.697Z
2024,대학교,사립,,충북,기존,0000080,극동대학교,888,1023,904,119,803,709,94,78.43,78.49,2026-08-07T07:48:15.697Z
2024,사이버대학(대학),사립,,충남,기존,0000334,글로벌사이버대학교,1100,1786,1100,686,977,961,16,87.36,54.7,2026-08-07T07:48:15.697Z
2024,대학교,사립,,충남,기존,0000224,금강대학교,110,116,110,6,20,20,0,18.18,17.24,2026-08-07T07:48:15.697Z
2024,대학교,사립,,경북,기존,0000241,김천대학교,634,681,634,47,623,597,26,94.16,91.48,2026-08-07T07:48:15.697Z
2024,대학교,사립,,충남,기존,0000081,나사렛대학교,1191,1349,1209,140,1297,1190,107,98.43,96.15,2026-08-07T07:48:15.697Z
2024,대학교,사립,,광주,기존,0000216,남부대학교,617,657,619,38,569,546,23,88.21,86.61,2026-08-07T07:48:15.697Z
2024,대학교,사립,,충남,기존,0000245,남서울대학교,2187,2495,2187,308,2459,2187,272,100,98.56,2026-08-07T07:48:15.697Z
2024,대학교,사립,,경기,기존,0000082,단국대학교,2275,2653,2279,374,2606,2270,336,99.61,98.23,2026-08-07T07:48:15.697Z
2024,대학교,사립,,충남,기존,0002726,단국대학교_제2캠퍼스,2311,2497,2317,180,2465,2314,151,99.87,98.72,2026-08-07T07:48:15.697Z
2024,대학교,사립,,경북,기존,0000088,대구가톨릭대학교,2468,2838,2468,370,2665,2435,230,98.66,93.9,2026-08-07T07:48:15.697Z
2024,대학교,특별법법인,,대구,기존,0000382,대구경북과학기술원,200,230,200,30,205,175,30,87.5,89.13,2026-08-07T07:48:15.697Z
2024,교육대학,국립,,대구,기존,0000253,대구교육대학교,383,422,384,38,415,384,31,100,98.34,2026-08-07T07:48:15.697Z
2024,대학교,사립,,경북,기존,0000084,대구대학교,3850,4449,3834,615,3987,3709,278,96.74,89.62,2026-08-07T07:48:15.697Z
2024,사이버대학(대학),사립,,경북,기존,0000320,대구사이버대학교,1500,3942,1500,2442,1660,1216,444,81.07,42.11,2026-08-07T07:48:15.697Z
2024,대학교,사립,,경북,기존,0000087,대구예술대학교,300,307,300,7,37,37,0,12.33,12.05,2026-08-07T07:48:15.697Z
2024,대학교,사립,,경북,기존,0000061,대구한의대학교,1456,1877,1463,414,1717,1399,318,95.63,91.48,2026-08-07T07:48:15.697Z
2024,대학교,사립,,경북,기존,0000093,대신대학교,116,171,116,55,171,116,55,100,100,2026-08-07T07:48:15.697Z
2024,대학교,사립,,세종,기존,0000094,대전가톨릭대학교,40,40,40,0,8,8,0,20,20,2026-08-07T07:48:15.697Z
2024,대학교,사립,,대전,기존,0000095,대전대학교,1812,1982,1816,166,1934,1808,126,99.56,97.58,2026-08-07T07:48:15.697Z
2024,대학교,사립,,대전,기존,0000238,대전신학대학교,32,37,32,5,13,13,0,40.63,35.14,2026-08-07T07:48:15.697Z
2024,대학교,사립,,경기,기존,0000097,대진대학교,1703,1964,1703,261,1940,1701,239,99.88,98.78,2026-08-07T07:48:15.697Z
2024,대학교,사립,,서울,기존,0000099,덕성여자대학교,1175,1345,1176,169,1325,1175,150,99.91,98.51,2026-08-07T07:48:15.697Z
2024,대학교,사립,,경북,기존,0000101,동국대학교(WISE)_분교,1754,1882,1743,139,1819,1730,89,99.25,96.65,2026-08-07T07:48:15.697Z
2024,대학교,사립,,서울,기존,0000100,동국대학교,2823,3200,2825,375,3325,2820,505,99.82,103.91,2026-08-07T07:48:15.697Z
2024,대학교,사립,,서울,기존,0000102,동덕여자대학교,1577,1791,1578,213,1767,1577,190,99.94,98.66,2026-08-07T07:48:15.697Z
2024,대학교,사립,,부산,기존,0000235,동명대학교,1459,1744,1466,278,1658,1441,217,98.29,95.07,2026-08-07T07:48:15.697Z
2024,대학교,사립,,부산,기존,0000103,동서대학교,2094,2410,2118,292,2155,1966,189,92.82,89.42,2026-08-07T07:48:15.697Z
2024,대학교,사립,,전남,기존,0000104,동신대학교,1459,1585,1440,145,1370,1258,112,87.36,86.44,2026-08-07T07:48:15.697Z
2024,대학교,사립,,부산,기존,0000105,동아대학교,4058,4526,4062,464,4425,4048,377,99.66,97.77,2026-08-07T07:48:15.697Z
2024,대학교,사립,,경북,기존,0000106,동양대학교,1010,1102,1012,90,1091,1012,79,100,99,2026-08-07T07:48:15.697Z
2024,대학교,사립,,부산,기존,0000107,동의대학교,3594,4031,3540,491,3864,3466,398,97.91,95.86,2026-08-07T07:48:15.697Z
2024,사이버대학(대학),사립,,서울,기존,0000330,디지털서울문화예술대학교,990,3048,990,2058,691,641,50,64.75,22.67,2026-08-07T07:48:15.697Z
2024,대학교,사립,,경기,기존,0000108,루터대학교,85,95,85,10,85,85,0,100,89.47,2026-08-07T07:48:15.697Z
2024,대학교,사립,,경기,기존,0000109,명지대학교,1264,1353,1265,88,1338,1261,77,99.68,98.89,2026-08-07T07:48:15.697Z
2024,대학교,사립,,서울,기존,0000111,명지대학교_제2캠퍼스,1263,1697,1265,432,1603,1264,339,99.92,94.46,2026-08-07T07:48:15.697Z
2024,대학교,사립,,대전,기존,0000112,목원대학교,1815,1986,1828,158,1906,1780,126,97.37,95.97,2026-08-07T07:48:15.697Z
2024,대학교,사립,,전남,기존,0000221,목포가톨릭대학교,120,126,120,6,110,104,6,86.67,87.3,2026-08-07T07:48:15.697Z
2024,대학교,사립,,대전,기존,0000113,배재대학교,1798,2029,1816,213,1949,1806,143,99.45,96.06,2026-08-07T07:48:15.697Z
2024,대학교,사립,,충남,기존,0000178,백석대학교,2790,3228,2794,434,2976,2794,182,100,92.19,2026-08-07T07:48:15.697Z
2024,대학교,사립,,부산,기존,0000114,부산가톨릭대학교,705,926,697,229,767,658,109,94.4,82.83,2026-08-07T07:48:15.697Z
2024,교육대학,국립,,부산,기존,0000254,부산교육대학교,356,390,359,31,389,358,31,99.72,99.74,2026-08-07T07:48:15.697Z
2024,대학교,국립,,부산,기존,0000014,부산대학교,4311,4683,4323,360,4652,4312,340,99.75,99.34,2026-08-07T07:48:15.697Z
2024,사이버대학(대학),사립,,부산,기존,0000321,부산디지털대학교,1000,3884,1000,2884,717,713,4,71.3,18.46,2026-08-07T07:48:15.697Z
2024,대학교,사립,,부산,기존,0000115,부산외국어대학교,1470,1708,1501,207,1606,1484,122,98.87,94.03,2026-08-07T07:48:15.697Z
2024,대학교,사립,,경남,기존,0000222,부산장신대학교,32,36,32,4,33,32,1,100,91.67,2026-08-07T07:48:15.697Z
2024,사이버대학(대학),사립,,서울,기존,0000332,사이버한국외국어대학교,1750,3541,1750,1791,1899,1417,482,80.97,53.63,2026-08-07T07:48:15.697Z
2024,대학교,사립,,서울,기존,0000116,삼육대학교,1157,1264,1156,108,1243,1153,90,99.74,98.34,2026-08-07T07:48:15.697Z
2024,대학교,사립,,서울,기존,0000117,상명대학교,1302,1515,1302,213,1482,1302,180,100,97.82,2026-08-07T07:48:15.697Z
2024,대학교,사립,,충남,기존,0002959,상명대학교_제2캠퍼스,1305,1390,1306,84,1384,1306,78,100,99.57,2026-08-07T07:48:15.697Z
2024,대학교,사립,,강원,기존,0000119,상지대학교,1666,1732,1564,168,1528,1451,77,92.77,88.22,2026-08-07T07:48:15.697Z
2024,대학교,사립,,서울,기존,0000120,서강대학교,1602,1953,1611,342,1926,1597,329,99.13,98.62,2026-08-07T07:48:15.697Z
2024,대학교,사립,,서울,기존,0000121,서경대학교,1309,1942,1309,633,1690,1306,384,99.77,87.02,2026-08-07T07:48:15.697Z
2024,대학교,국립,,서울,기존,0000036,서울과학기술대학교,2177,2503,2179,324,2502,2178,324,99.95,99.96,2026-08-07T07:48:15.697Z
2024,교육대학,국립,,서울,기존,0000255,서울교육대학교,355,397,357,40,372,350,22,98.04,93.7,2026-08-07T07:48:15.697Z
2024,대학교,사립,,서울,기존,0000098,서울기독대학교,136,384,143,241,360,127,233,88.81,93.75,2026-08-07T07:48:15.697Z
2024,대학교,국립대법인,,서울,기존,0000019,서울대학교,3451,3735,3457,278,3707,3450,257,99.8,99.25,2026-08-07T07:48:15.697Z
2024,사이버대학(대학),사립,,서울,기존,0000322,서울디지털대학교,3000,7784,3000,4784,2863,1983,880,66.1,36.78,2026-08-07T07:48:15.697Z
2024,사이버대학(대학),사립,,서울,기존,0000323,서울사이버대학교,3270,11951,3270,8681,4550,3222,1328,98.53,38.07,2026-08-07T07:48:15.697Z
2024,대학교,공립,,서울,기존,0000040,서울시립대학교,1747,1898,1748,150,1898,1748,150,100,100,2026-08-07T07:48:15.697Z
2024,대학교,사립,,경기,기존,0000125,서울신학대학교,457,522,457,65,488,457,31,100,93.49,2026-08-07T07:48:15.697Z
2024,대학교,사립,,서울,기존,0000126,서울여자대학교,1636,1841,1633,208,1818,1633,185,100,98.75,2026-08-07T07:48:15.697Z
2024,대학교,사립,,경기,기존,0000127,서울장신대학교,104,94,85,9,82,81,1,95.29,87.23,2026-08-07T07:48:15.697Z
2024,대학교,사립,,서울,기존,0000205,서울한영대학교,180,221,183,38,197,183,14,100,89.14,2026-08-07T07:48:15.697Z
2024,대학교,사립,,충북,기존,0000128,서원대학교,1622,2272,1623,649,2066,1623,443,100,90.93,2026-08-07T07:48:15.697Z
2024,대학교,사립,,충남,기존,0000129,선문대학교,2053,2292,2057,235,2295,2058,237,100.05,100.13,2026-08-07T07:48:15.697Z
2024,대학교,사립,,경기,기존,0000131,성결대학교,1228,1296,1228,68,1295,1228,67,100,99.92,2026-08-07T07:48:15.697Z
2024,대학교,사립,,서울,기존,0000132,성공회대학교,502,564,503,61,544,503,41,100,96.45,2026-08-07T07:48:15.697Z
2024,대학교,사립,,서울,기존,0000133,성균관대학교,3447,4409,3451,958,4378,3432,946,99.45,99.3,2026-08-07T07:48:15.697Z
2024,대학교,사립,,서울,기존,0000136,성신여자대학교,2060,2343,2064,279,2336,2064,272,100,99.7,2026-08-07T07:48:15.697Z
2024,대학교,사립,,충북,기존,0000137,세명대학교,1551,1648,1555,93,1474,1391,83,89.45,89.44,2026-08-07T07:48:15.697Z
2024,대학교,사립,,서울,기존,0000138,세종대학교,2495,3112,2502,610,3080,2502,578,100,98.97,2026-08-07T07:48:15.697Z
2024,사이버대학(대학),사립,,서울,기존,0000325,세종사이버대학교,2180,7113,2180,4933,2808,1598,1210,73.3,39.48,2026-08-07T07:48:15.697Z
2024,대학교,사립,,전남,기존,0000092,세한대학교,817,961,821,140,857,751,106,91.47,89.18,2026-08-07T07:48:15.697Z
2024,대학교,사립,,광주,기존,0000243,송원대학교,645,718,645,73,687,639,48,99.07,95.68,2026-08-07T07:48:15.697Z
2024,대학교,사립,,경기,기존,0000139,수원가톨릭대학교,90,91,90,1,25,25,0,27.78,27.47,2026-08-07T07:48:15.697Z
2024,대학교,사립,,경기,기존,0000140,수원대학교,2130,2291,2130,161,2251,2128,123,99.91,98.25,2026-08-07T07:48:15.697Z
2024,대학교,사립,,서울,기존,0000141,숙명여자대학교,2170,2493,2170,323,2479,2167,312,99.86,99.44,2026-08-07T07:48:15.697Z
2024,각종학교(대학),사립,,충북,기존,0000317,순복음총회신학교,58,58,58,0,36,36,0,62.07,62.07,2026-08-07T07:48:15.697Z
2024,대학교,사립,,충남,기존,0000142,순천향대학교,2352,2879,2354,525,2628,2352,276,99.92,91.28,2026-08-07T07:48:15.697Z
2024,대학교,사립,,서울,기존,0000143,숭실대학교,2675,3399,2680,719,3382,2676,706,99.85,99.5,2026-08-07T07:48:15.697Z
2024,사이버대학(대학),사립,,서울,기존,0000329,숭실사이버대학교,1650,4833,1650,3183,2277,1226,1051,74.3,47.11,2026-08-07T07:48:15.697Z
2024,대학교,사립,,경북,기존,0000065,신경주대학교,890,879,790,89,571,525,46,66.46,64.96,2026-08-07T07:48:15.697Z
2024,대학교,사립,,부산,기존,0000144,신라대학교,1640,1903,1642,261,1540,1414,126,86.11,80.92,2026-08-07T07:48:15.697Z
2024,대학교,사립,,경기,기존,0002712,신한대학교,120,134,120,14,131,119,12,99.17,97.76,2026-08-07T07:48:15.697Z
2024,대학교,사립,,경기,기존,0002800,신한대학교_제2캠퍼스,1285,1450,1285,165,1424,1285,139,100,98.21,2026-08-07T07:48:15.697Z
2024,대학교,사립,,경기,기존,0000145,아신대학교,130,140,130,10,54,52,2,40,38.57,2026-08-07T07:48:15.697Z
2024,대학교,사립,,경기,기존,0000146,아주대학교,1936,2220,1937,283,2313,1934,379,99.85,104.19,2026-08-07T07:48:15.697Z
2024,대학교,사립,,경기,기존,0000147,안양대학교,977,1114,981,133,1057,981,76,100,94.88,2026-08-07T07:48:15.697Z
2024,대학교,사립,,인천,기존,0000148,안양대학교_제2캠퍼스,149,152,152,0,152,152,0,100,100,2026-08-07T07:48:15.697Z
2024,대학교,사립,,강원,기존,0000150,연세대학교(미래)_분교,1409,1638,1412,226,1617,1412,205,100,98.72,2026-08-07T07:48:15.697Z
2024,대학교,사립,,서울,기존,0000149,연세대학교,3495,4381,3506,875,4372,3488,884,99.49,99.79,2026-08-07T07:48:15.697Z
2024,대학교,사립,,경북,기존,0000151,영남대학교,4587,5035,4591,444,4948,4576,372,99.67,98.27,2026-08-07T07:48:15.697Z
2024,대학교,사립,,경북,기존,0000153,영남신학대학교,115,121,115,6,116,115,1,100,95.87,2026-08-07T07:48:15.697Z
2024,대학교,사립,,경남,기존,0003194,영산대학교(양산)_제2캠퍼스,611,664,611,53,641,600,41,98.2,96.54,2026-08-07T07:48:15.697Z
2024,대학교,사립,,부산,기존,0003193,영산대학교(해운대),720,844,720,124,751,650,101,90.28,88.98,2026-08-07T07:48:15.697Z
2024,대학교,사립,,전남,기존,0000155,영산선학대학교,50,52,50,2,2,2,0,4,3.85,2026-08-07T07:48:15.697Z
2024,대학교,사립,,전북,기존,0000228,예수대학교,115,123,115,8,121,115,6,100,98.37,2026-08-07T07:48:15.697Z
2024,대학교,사립,,전북,기존,0000218,예원예술대학교,142,199,144,55,194,139,55,96.53,97.49,2026-08-07T07:48:15.697Z
2024,대학교,사립,,경기,기존,0000219,예원예술대학교_제2캠퍼스,89,222,90,132,219,87,132,96.67,98.65,2026-08-07T07:48:15.697Z
2024,대학교,사립,,경기,기존,0000156,용인대학교,1264,1367,1264,103,1339,1262,77,99.84,97.95,2026-08-07T07:48:15.697Z
2024,대학교,사립,,전북,기존,0000157,우석대학교,1507,1761,1508,253,1722,1506,216,99.87,97.79,2026-08-07T07:48:15.697Z
2024,대학교,사립,,대전,기존,0000240,우송대학교,2004,2397,2006,391,2274,2005,269,99.95,94.87,2026-08-07T07:48:15.697Z
2024,대학교,특별법법인,,울산,기존,0000250,울산과학기술원,400,480,400,80,483,393,90,98.25,100.63,2026-08-07T07:48:15.697Z
2024,대학교,사립,,울산,기존,0000158,울산대학교,2657,2709,2515,194,2648,2512,136,99.88,97.75,2026-08-07T07:48:15.697Z
2024,대학교,사립,,전북,기존,0000159,원광대학교,2891,3050,2891,159,3024,2886,138,99.83,99.15,2026-08-07T07:48:15.697Z
2024,사이버대학(대학),사립,,전북,기존,0000327,원광디지털대학교,1500,3982,1500,2482,1623,1192,431,79.47,40.76,2026-08-07T07:48:15.697Z
2024,대학교,사립,,경북,기존,0000160,위덕대학교,627,587,556,31,554,545,9,98.02,94.38,2026-08-07T07:48:15.697Z
2024,대학교,사립,,충북,기존,0000154,유원대학교,875,974,875,99,892,875,17,100,91.58,2026-08-07T07:48:15.697Z
2024,대학교,사립,,대전,기존,0000161,을지대학교,40,50,40,10,50,40,10,100,100,2026-08-07T07:48:15.697Z
2024,대학교,사립,,경기,기존,0000162,을지대학교_제2캠퍼스,868,926,868,58,919,868,51,100,99.24,2026-08-07T07:48:15.697Z
2024,대학교,사립,,경기,기존,0002911,을지대학교_제3캠퍼스,121,131,121,10,128,121,7,100,97.71,2026-08-07T07:48:15.697Z
2024,대학교,사립,,서울,기존,0000163,이화여자대학교,3197,3644,3206,438,3629,3197,432,99.72,99.59,2026-08-07T07:48:15.697Z
2024,대학교,사립,,경남,기존,0000164,인제대학교,1703,1776,1622,154,1626,1527,99,94.14,91.55,2026-08-07T07:48:15.697Z
2024,대학교,사립,,인천,기존,0000168,인천가톨릭대학교,12,12,12,0,11,11,0,91.67,91.67,2026-08-07T07:48:15.697Z
2024,대학교,사립,,인천,기존,0000167,인천가톨릭대학교_제2캠퍼스,153,172,153,19,164,153,11,100,95.35,2026-08-07T07:48:15.697Z
2024,대학교,국립대법인,,인천,기존,0002660,인천대학교,2516,2804,2517,287,2738,2516,222,99.96,97.65,2026-08-07T07:48:15.697Z
2024,대학교,사립,,인천,기존,0000169,인하대학교,3444,3997,3447,550,3990,3446,544,99.97,99.82,2026-08-07T07:48:15.697Z
2024,대학교,사립,,서울,기존,0000170,장로회신학대학교,150,173,150,23,156,147,9,98,90.17,2026-08-07T07:48:15.697Z
2024,대학교,국립,,광주,기존,0000023,전남대학교,3578,3861,3581,280,3824,3580,244,99.97,99.04,2026-08-07T07:48:15.697Z
2024,대학교,국립,,전남,기존,0000024,전남대학교_제2캠퍼스,802,1034,804,230,888,782,106,97.26,85.88,2026-08-07T07:48:15.697Z
2024,대학교,국립,,전북,기존,0000025,전북대학교,3944,4540,3956,584,4331,3950,381,99.85,95.4,2026-08-07T07:48:15.697Z
2024,교육대학,국립,,전북,기존,0000258,전주교육대학교,285,308,285,23,303,285,18,100,98.38,2026-08-07T07:48:15.697Z
2024,대학교,사립,,전북,기존,0000171,전주대학교,2512,2906,2531,375,2537,2378,159,93.95,87.3,2026-08-07T07:48:15.697Z
2024,기술대학,사립,,서울,기존,0000288,정석대학,100,100,100,0,13,13,0,13,13,2026-08-07T07:48:15.697Z
2024,대학교,사립,,제주,기존,0000248,제주국제대학교,370,505,370,135,115,36,79,9.73,22.77,2026-08-07T07:48:15.697Z
2024,대학교,국립,,제주,기존,0000027,제주대학교,2175,2481,2172,309,2368,2171,197,99.95,95.45,2026-08-07T07:48:15.697Z
2024,대학교,사립,,광주,기존,0000172,조선대학교,4343,4731,4348,383,4565,4309,256,99.1,96.49,2026-08-07T07:48:15.697Z
2024,대학교,사립,,충남,기존,0000173,중부대학교,1685,1998,1699,299,1939,1641,298,96.59,97.05,2026-08-07T07:48:15.697Z
2024,대학교,사립,,서울,기존,0000175,중앙대학교,3210,4104,3228,876,4099,3225,874,99.91,99.88,2026-08-07T07:48:15.697Z
2024,대학교,사립,,경기,기존,0000174,중앙대학교_제2캠퍼스,1168,1230,1170,60,1230,1170,60,100,100,2026-08-07T07:48:15.697Z
2024,대학교,사립,,경기,기존,0000177,중앙승가대학교,120,120,120,0,15,15,0,12.5,12.5,2026-08-07T07:48:15.697Z
2024,대학교,사립,,충북,기존,0000239,중원대학교,812,847,774,73,744,719,25,92.89,87.84,2026-08-07T07:48:15.697Z
2024,교육대학,국립,,경남,기존,0000260,진주교육대학교,319,348,319,29,333,317,16,99.37,95.69,2026-08-07T07:48:15.697Z
2024,대학교,사립,,경기,기존,0000187,차의과학대학교,504,541,504,37,531,504,27,100,98.15,2026-08-07T07:48:15.697Z
2024,대학교,사립,,경남,기존,0000249,창신대학교,345,374,345,29,374,345,29,100,100,2026-08-07T07:48:15.697Z
2024,산업대학,사립,,충남,기존,0000284,청운대학교,1037,1308,1039,269,1315,1034,281,99.52,100.54,2026-08-07T07:48:15.697Z
2024,교육대학,국립,,충북,기존,0000261,청주교육대학교,286,311,286,25,308,286,22,100,99.04,2026-08-07T07:48:15.697Z
2024,대학교,사립,,충북,기존,0000179,청주대학교,2637,2857,2646,211,2788,2630,158,99.4,97.58,2026-08-07T07:48:15.697Z
2024,대학교,사립,,전남,기존,0000246,초당대학교,717,758,719,39,611,596,15,82.89,80.61,2026-08-07T07:48:15.697Z
2024,대학교,사립,,서울,기존,0000180,총신대학교,307,366,307,59,344,307,37,100,93.99,2026-08-07T07:48:15.697Z
2024,대학교,사립,,서울,기존,0000181,추계예술대학교,250,295,250,45,267,250,17,100,90.51,2026-08-07T07:48:15.697Z
2024,교육대학,국립,,강원,기존,0000262,춘천교육대학교,321,344,322,22,337,320,17,99.38,97.97,2026-08-07T07:48:15.697Z
2024,대학교,국립,,대전,기존,0000029,충남대학교,3652,4093,3656,437,3950,3650,300,99.84,96.51,2026-08-07T07:48:15.697Z
2024,대학교,국립,,충북,기존,0000030,충북대학교,2963,3272,2965,307,3229,2964,265,99.97,98.69,2026-08-07T07:48:15.697Z
2024,대학교,사립,,경기,기존,0000184,칼빈대학교,90,577,90,487,570,90,480,100,98.79,2026-08-07T07:48:15.697Z
2024,사이버대학(대학),사립,,서울,신설,0003183,태재대학교,100,200,100,100,0,0,0,0,0,2026-08-07T07:48:15.697Z
2024,대학교,사립,,경기,기존,0000186,평택대학교,805,851,805,46,852,807,45,100.25,100.12,2026-08-07T07:48:15.697Z
2024,대학교,사립,,경북,기존,0000188,포항공과대학교,320,380,320,60,368,316,52,98.75,96.84,2026-08-07T07:48:15.697Z
2024,대학교,국립,,경기,기존,0000037,한경국립대학교,1271,1479,1275,204,1408,1264,144,99.14,95.2,2026-08-07T07:48:15.697Z
2024,대학교,사립,,경기,기존,0000247,한국공학대학교,1380,1824,1380,444,1804,1380,424,100,98.9,2026-08-07T07:48:15.697Z
2024,대학교,특별법법인,,대전,기존,0000374,한국과학기술원,970,950,730,220,786,741,45,101.51,82.74,2026-08-07T07:48:15.697Z
2024,대학교,국립,,충북,기존,0000031,한국교원대학교,546,598,546,52,589,543,46,99.45,98.49,2026-08-07T07:48:15.697Z
2024,대학교,사립,,충남,기존,0000189,한국기술교육대학교,836,996,836,160,980,836,144,100,98.39,2026-08-07T07:48:15.697Z
2024,방송통신대학,국립,,서울,기존,0000273,한국방송통신대학교,54240,58278,54240,4038,9520,9216,304,16.99,16.34,2026-08-07T07:48:15.697Z
2024,대학교,사립,,서울,기존,0000191,한국성서대학교,223,257,223,34,247,224,23,100.45,96.11,2026-08-07T07:48:15.697Z
2024,대학교,특별법법인,,전남,기존,0003139,한국에너지공과대학교,100,110,100,10,105,96,9,96,95.45,2026-08-07T07:48:15.697Z
2024,사이버대학(대학),사립,,서울,기존,0000326,한국열린사이버대학교,1000,3854,1000,2854,1899,966,933,96.6,49.27,2026-08-07T07:48:15.697Z
2024,각종학교(대학),특별법국립,,서울,기존,0000383,한국예술종합학교,558,596,558,38,556,536,20,96.06,93.29,2026-08-07T07:48:15.697Z
2024,대학교,사립,,서울,기존,0000192,한국외국어대학교,3475,3958,3490,468,3934,3484,450,99.83,99.39,2026-08-07T07:48:15.697Z
2024,대학교,특별법국립,,충남,기존,0003022,한국전통문화대학교,140,161,140,21,145,140,5,100,90.06,2026-08-07T07:48:15.697Z
2024,대학교,국립,,서울,기존,0000032,한국체육대학교,535,605,536,69,569,536,33,100,94.05,2026-08-07T07:48:15.697Z
2024,대학교,사립,,대전,기존,0000182,한국침례신학대학교,204,207,182,25,186,182,4,100,89.86,2026-08-07T07:48:15.697Z
2024,대학교,사립,,경기,기존,0000194,한국항공대학교,841,945,843,102,942,843,99,100,99.68,2026-08-07T07:48:15.697Z
2024,대학교,사립,,대전,기존,0000195,한남대학교,2715,3028,2716,312,2954,2714,240,99.93,97.56,2026-08-07T07:48:15.697Z
2024,대학교,사립,,경북,기존,0000196,한동대학교,729,811,729,82,809,729,80,100,99.75,2026-08-07T07:48:15.697Z
2024,대학교,사립,,강원,기존,0000197,한라대학교,897,1015,918,97,832,775,57,84.42,81.97,2026-08-07T07:48:15.697Z
2024,대학교,사립,,강원,기존,0000198,한림대학교,1825,1935,1825,110,1933,1823,110,99.89,99.9,2026-08-07T07:48:15.697Z
2024,대학교,사립,,충남,기존,0000199,한서대학교,1554,1665,1546,119,1561,1462,99,94.57,93.75,2026-08-07T07:48:15.697Z
2024,대학교,사립,,서울,기존,0000200,한성대학교,1498,1717,1498,219,1691,1497,194,99.93,98.49,2026-08-07T07:48:15.697Z
2024,대학교,사립,,경기,기존,0000201,한세대학교,566,612,566,46,601,566,35,100,98.2,2026-08-07T07:48:15.697Z
2024,대학교,사립,,경기,기존,0000202,한신대학교,1193,1257,1194,63,1257,1194,63,100,100,2026-08-07T07:48:15.697Z
2024,대학교,사립,,경기,기존,0000204,한양대학교(ERICA)_분교,1910,2503,1911,592,2434,1905,529,99.69,97.24,2026-08-07T07:48:15.697Z
2024,대학교,사립,,서울,기존,0000203,한양대학교,2906,3745,2909,836,3735,2907,828,99.93,99.73,2026-08-07T07:48:15.697Z
2024,사이버대학(대학),사립,,서울,기존,0000331,한양사이버대학교,3440,9360,3440,5920,4428,2911,1517,84.62,47.31,2026-08-07T07:48:15.697Z
2024,대학교,사립,,전북,기존,0000206,한일장신대학교,219,252,219,33,196,195,1,89.04,77.78,2026-08-07T07:48:15.697Z
2024,대학교,사립,,경기,기존,0000207,협성대학교,1004,1137,1007,130,1072,1004,68,99.7,94.28,2026-08-07T07:48:15.697Z
2024,대학교,사립,,광주,기존,0000208,호남대학교,1537,1647,1502,145,1486,1384,102,92.14,90.22,2026-08-07T07:48:15.697Z
2024,대학교,사립,,광주,기존,0000209,호남신학대학교,119,120,119,1,120,119,1,100,100,2026-08-07T07:48:15.697Z
2024,대학교,사립,,충남,기존,0000211,호서대학교,2881,3198,2887,311,3109,2887,222,100,97.22,2026-08-07T07:48:15.697Z
2024,산업대학,사립,,전북,기존,0000282,호원대학교,1089,1528,1099,429,1373,1052,321,95.72,89.86,2026-08-07T07:48:15.697Z
2024,대학교,사립,,서울,기존,0000212,홍익대학교,2421,2925,2424,501,2920,2423,497,99.96,99.83,2026-08-07T07:48:15.697Z
2024,대학교,사립,,세종,기존,0002949,홍익대학교_제2캠퍼스,1330,1432,1335,97,1405,1328,77,99.48,98.11,2026-08-07T07:48:15.697Z
2024,대학교,사립,,경기,기존,0000233,화성의과학대학교,282,303,290,13,204,195,9,67.24,67.33,2026-08-07T07:48:15.697Z
2024,사이버대학(대학),사립,,부산,기존,0000333,화신사이버대학교,568,2008,568,1440,762,568,194,100,37.95,2026-08-07T07:48:15.697Z
2023,대학교,사립,,경남,기존,0002748,가야대학교(김해),460,491,466,25,407,383,24,82.19,82.89,2026-08-07T07:48:15.697Z
2023,대학교,사립,,경기,기존,0000063,가천대학교,4131,4866,4132,734,4856,4132,724,100,99.79,2026-08-07T07:48:15.697Z
2023,대학교,사립,,강원,기존,0000072,가톨릭관동대학교,1644,1768,1646,122,1078,995,83,60.45,60.97,2026-08-07T07:48:15.697Z
2023,대학교,사립,,충북,기존,0000215,가톨릭꽃동네대학교,108,119,110,9,110,107,3,97.27,92.44,2026-08-07T07:48:15.697Z
2023,대학교,사립,,경기,기존,0000046,가톨릭대학교,1574,1858,1575,283,1842,1574,268,99.94,99.14,2026-08-07T07:48:15.697Z
2023,대학교,사립,,서울,기존,0000048,가톨릭대학교_제2캠퍼스,173,183,173,10,182,173,9,100,99.45,2026-08-07T07:48:15.697Z
2023,대학교,사립,,서울,기존,0000049,가톨릭대학교_제3캠퍼스,50,55,50,5,51,50,1,100,92.73,2026-08-07T07:48:15.697Z
2023,대학교,사립,,서울,기존,0000050,감리교신학대학교,192,175,160,15,120,118,2,73.75,68.57,2026-08-07T07:48:15.697Z
2023,대학교,사립,,경기,기존,0000051,강남대학교,1491,1630,1492,138,1591,1492,99,100,97.61,2026-08-07T07:48:15.697Z
2023,대학교,사립,,서울,기존,0000079,강서대학교,277,429,278,151,395,278,117,100,92.07,2026-08-07T07:48:15.697Z
2023,대학교,국립,,강원,기존,0000003,강원대학교,3156,3391,3162,229,3387,3161,226,99.97,99.88,2026-08-07T07:48:15.697Z
2023,대학교,국립,,강원,기존,0000004,강원대학교_제2캠퍼스,1369,1468,1384,84,1455,1378,77,99.57,99.11,2026-08-07T07:48:15.697Z
2023,대학교,사립,,충북,기존,0000053,건국대학교(글로컬)_분교,1569,1691,1570,121,1663,1564,99,99.62,98.34,2026-08-07T07:48:15.697Z
2023,대학교,사립,,서울,기존,0000052,건국대학교,3000,3515,3026,489,3476,2992,484,98.88,98.89,2026-08-07T07:48:15.697Z
2023,대학교,사립,,충남,기존,0000054,건양대학교,757,808,768,40,744,722,22,94.01,92.08,2026-08-07T07:48:15.697Z
2023,대학교,사립,,대전,기존,0000055,건양대학교_제2캠퍼스,866,925,868,57,922,868,54,100,99.68,2026-08-07T07:48:15.697Z
2023,사이버대학(대학),사립,,대전,기존,0000335,건양사이버대학교,1068,5643,1068,4575,1150,840,310,78.65,20.38,2026-08-07T07:48:15.697Z
2023,대학교,사립,,경기,기존,0000056,경기대학교,2598,2881,2601,280,2831,2590,241,99.58,98.26,2026-08-07T07:48:15.697Z
2023,대학교,사립,,서울,기존,0000058,경기대학교_제2캠퍼스,328,403,328,75,386,326,60,99.39,95.78,2026-08-07T07:48:15.697Z
2023,대학교,사립,,경남,기존,0000059,경남대학교,2060,2206,2089,117,1875,1797,78,86.02,85,2026-08-07T07:48:15.697Z
2023,대학교,사립,,강원,기존,0000060,경동대학교,1,225,2,223,193,1,192,50,85.78,2026-08-07T07:48:15.697Z
2023,대학교,사립,,강원,기존,0002574,경동대학교_제3캠퍼스,935,1017,945,72,984,912,72,96.51,96.76,2026-08-07T07:48:15.697Z
2023,대학교,사립,,경기,기존,0002744,경동대학교_제4캠퍼스,619,642,628,14,642,628,14,100,100,2026-08-07T07:48:15.697Z
2023,대학교,국립,,대구,기존,0000005,경북대학교,4659,5211,4679,532,5081,4676,405,99.94,97.51,2026-08-07T07:48:15.697Z
2023,대학교,국립,,경남,기존,0000007,경상국립대학교,4260,4695,4293,402,4553,4279,274,99.67,96.98,2026-08-07T07:48:15.697Z
2023,대학교,사립,,부산,기존,0000062,경성대학교,2765,3160,2782,378,3130,2762,368,99.28,99.05,2026-08-07T07:48:15.697Z
2023,대학교,사립,,경북,기존,0000244,경운대학교,1184,1259,1184,75,1212,1173,39,99.07,96.27,2026-08-07T07:48:15.697Z
2023,교육대학,국립,,인천,기존,0000256,경인교육대학교,598,658,600,58,644,596,48,99.33,97.87,2026-08-07T07:48:15.697Z
2023,대학교,사립,,경북,기존,0000064,경일대학교,1551,1790,1550,240,1554,1384,170,89.29,86.82,2026-08-07T07:48:15.697Z
2023,대학교,사립,,서울,기존,0000066,경희대학교,4830,5782,4849,933,5759,4835,924,99.71,99.6,2026-08-07T07:48:15.697Z
2023,사이버대학(대학),사립,,서울,기존,0000318,경희사이버대학교,3000,8415,3000,5415,2826,2121,705,70.7,33.58,2026-08-07T07:48:15.697Z
2023,대학교,사립,,대구,기존,0000068,계명대학교,4620,5095,4640,455,4976,4638,338,99.96,97.66,2026-08-07T07:48:15.697Z
2023,대학교,사립,,세종,기존,0000070,고려대학교(세종)_분교,1449,1632,1449,183,1592,1449,143,100,97.55,2026-08-07T07:48:15.697Z
2023,대학교,사립,,서울,기존,0000069,고려대학교,3884,4594,3879,715,4589,3873,716,99.85,99.89,2026-08-07T07:48:15.697Z
2023,사이버대학(대학),사립,,서울,기존,0000328,고려사이버대학교,2449,10037,2449,7588,2180,2010,170,82.07,21.72,2026-08-07T07:48:15.697Z
2023,대학교,사립,,부산,기존,0000071,고신대학교,861,921,868,53,745,721,24,83.06,80.89,2026-08-07T07:48:15.697Z
2023,교육대학,국립,,충남,기존,0000251,공주교육대학교,354,383,354,29,376,353,23,99.72,98.17,2026-08-07T07:48:15.697Z
2023,대학교,사립,,광주,기존,0000073,광신대학교,122,128,122,6,122,122,0,100,95.31,2026-08-07T07:48:15.697Z
2023,대학교,사립,,서울,기존,0000074,광운대학교,1684,1947,1687,260,1929,1685,244,99.88,99.08,2026-08-07T07:48:15.697Z
2023,대학교,사립,,전남,기존,0000075,광주가톨릭대학교,40,41,40,1,13,13,0,32.5,31.71,2026-08-07T07:48:15.697Z
2023,대학교,특별법법인,,광주,기존,0000381,광주과학기술원,200,200,200,0,214,214,0,107,107,2026-08-07T07:48:15.697Z
2023,교육대학,국립,,광주,기존,0000252,광주교육대학교,326,354,327,27,352,325,27,99.39,99.44,2026-08-07T07:48:15.697Z
2023,대학교,사립,,광주,기존,0000231,광주대학교,1423,1438,1334,104,1236,1150,86,86.21,85.95,2026-08-07T07:48:15.697Z
2023,대학교,사립,,광주,기존,0000076,광주여자대학교,912,947,898,49,902,867,35,96.55,95.25,2026-08-07T07:48:15.697Z
2023,대학교,국립,,강원,기존,0000001,국립강릉원주대학교,1195,1285,1195,90,1271,1186,85,99.25,98.91,2026-08-07T07:48:15.697Z
2023,대학교,국립,,강원,기존,0000002,국립강릉원주대학교_제2캠퍼스,485,512,484,28,509,483,26,99.79,99.41,2026-08-07T07:48:15.697Z
2023,대학교,국립,,경북,기존,0000021,국립경국대학교,1370,1483,1370,113,1237,1187,50,86.64,83.41,2026-08-07T07:48:15.697Z
2023,대학교,국립,,충남,기존,0000008,국립공주대학교,2815,3501,2821,680,3232,2818,414,99.89,92.32,2026-08-07T07:48:15.697Z
2023,대학교,국립,,전북,기존,0000009,국립군산대학교,1683,1855,1683,172,1674,1609,65,95.6,90.24,2026-08-07T07:48:15.697Z
2023,대학교,국립,,경북,기존,0000010,국립금오공과대학교,1214,1334,1217,117,1303,1215,88,99.84,97.68,2026-08-07T07:48:15.697Z
2023,대학교,국립,,전남,기존,0000011,국립목포대학교,1485,1745,1485,260,1384,1287,97,86.67,79.31,2026-08-07T07:48:15.697Z
2023,대학교,국립,,전남,기존,0000012,국립목포해양대학교,659,733,664,69,671,640,31,96.39,91.54,2026-08-07T07:48:15.697Z
2023,대학교,국립,,부산,기존,0000013,국립부경대학교,3270,3708,3274,434,3610,3258,352,99.51,97.36,2026-08-07T07:48:15.697Z
2023,대학교,국립,,전남,기존,0000020,국립순천대학교,1638,1852,1638,214,1684,1586,98,96.83,90.93,2026-08-07T07:48:15.697Z
2023,대학교,국립,,경남,기존,0000028,국립창원대학교,1754,1994,1764,230,1873,1733,140,98.24,93.93,2026-08-07T07:48:15.697Z
2023,대학교,국립,,충북,기존,0000034,국립한국교통대학교,1911,2192,1916,276,2110,1912,198,99.79,96.26,2026-08-07T07:48:15.697Z
2023,대학교,국립,,부산,기존,0000033,국립한국해양대학교,1372,1563,1373,190,1490,1374,116,100.07,95.33,2026-08-07T07:48:15.697Z
2023,대학교,국립,,대전,기존,0000039,국립한밭대학교,1886,2179,1889,290,2124,1882,242,99.63,97.48,2026-08-07T07:48:15.697Z
2023,대학교,사립,,서울,기존,0000078,국민대학교,2966,3469,2970,499,3469,2970,499,100,100,2026-08-07T07:48:15.697Z
2023,사이버대학(대학),사립,,경기,기존,0000319,국제사이버대학교,900,3287,900,2387,1086,877,209,97.44,33.04,2026-08-07T07:48:15.697Z
2023,대학교,사립,,충북,기존,0000080,극동대학교,888,1063,896,167,663,519,144,57.92,62.37,2026-08-07T07:48:15.697Z
2023,사이버대학(대학),사립,,충남,기존,0000334,글로벌사이버대학교,1100,1785,1100,685,676,672,4,61.09,37.87,2026-08-07T07:48:15.697Z
2023,대학교,사립,,충남,기존,0000224,금강대학교,110,116,110,6,57,57,0,51.82,49.14,2026-08-07T07:48:15.697Z
2023,대학교,사립,,경북,기존,0000241,김천대학교,634,683,634,49,576,540,36,85.17,84.33,2026-08-07T07:48:15.697Z
2023,대학교,사립,,충남,기존,0000081,나사렛대학교,1211,1399,1230,169,1292,1188,104,96.59,92.35,2026-08-07T07:48:15.697Z
2023,대학교,사립,,광주,기존,0000216,남부대학교,617,653,620,33,628,605,23,97.58,96.17,2026-08-07T07:48:15.697Z
2023,대학교,사립,,충남,기존,0000245,남서울대학교,2187,2525,2207,318,2366,2207,159,100,93.7,2026-08-07T07:48:15.697Z
2023,대학교,사립,,경기,기존,0000082,단국대학교,2275,2624,2284,340,2592,2283,309,99.96,98.78,2026-08-07T07:48:15.697Z
2023,대학교,사립,,충남,기존,0002726,단국대학교_제2캠퍼스,2355,2538,2358,180,2515,2357,158,99.96,99.09,2026-08-07T07:48:15.697Z
2023,대학교,사립,,경북,기존,0000088,대구가톨릭대학교,2494,2882,2494,388,2591,2439,152,97.79,89.9,2026-08-07T07:48:15.697Z
2023,대학교,특별법법인,,대구,기존,0000382,대구경북과학기술원,220,220,220,0,213,213,0,96.82,96.82,2026-08-07T07:48:15.697Z
2023,교육대학,국립,,대구,기존,0000253,대구교육대학교,383,422,384,38,415,382,33,99.48,98.34,2026-08-07T07:48:15.697Z
2023,대학교,사립,,경북,기존,0000084,대구대학교,3850,4469,3822,647,3983,3680,303,96.28,89.13,2026-08-07T07:48:15.697Z
2023,사이버대학(대학),사립,,경북,기존,0000320,대구사이버대학교,1500,3942,1500,2442,1514,1101,413,73.4,38.41,2026-08-07T07:48:15.697Z
2023,대학교,사립,,경북,기존,0000087,대구예술대학교,330,325,313,12,67,67,0,21.41,20.62,2026-08-07T07:48:15.697Z
2023,대학교,사립,,경북,기존,0000061,대구한의대학교,1488,1841,1497,344,1694,1457,237,97.33,92.02,2026-08-07T07:48:15.697Z
2023,대학교,사립,,경북,기존,0000093,대신대학교,116,116,116,0,116,116,0,100,100,2026-08-07T07:48:15.697Z
2023,대학교,사립,,세종,기존,0000094,대전가톨릭대학교,40,41,40,1,9,8,1,20,21.95,2026-08-07T07:48:15.697Z
2023,대학교,사립,,대전,기존,0000095,대전대학교,1857,2049,1887,162,1974,1854,120,98.25,96.34,2026-08-07T07:48:15.697Z
2023,대학교,사립,,대전,기존,0000238,대전신학대학교,32,34,32,2,6,6,0,18.75,17.65,2026-08-07T07:48:15.697Z
2023,대학교,사립,,경기,기존,0000097,대진대학교,1703,1876,1707,169,1848,1705,143,99.88,98.51,2026-08-07T07:48:15.697Z
2023,대학교,사립,,서울,기존,0000099,덕성여자대학교,1120,1226,1121,105,1209,1121,88,100,98.61,2026-08-07T07:48:15.697Z
2023,대학교,사립,,경북,기존,0000101,동국대학교(WISE)_분교,1754,1884,1743,141,1833,1740,93,99.83,97.29,2026-08-07T07:48:15.697Z
2023,대학교,사립,,서울,기존,0000100,동국대학교,2778,3246,2780,466,3244,2779,465,99.96,99.94,2026-08-07T07:48:15.697Z
2023,대학교,사립,,서울,기존,0000102,동덕여자대학교,1577,1778,1578,200,1749,1575,174,99.81,98.37,2026-08-07T07:48:15.697Z
2023,대학교,사립,,부산,기존,0000235,동명대학교,1618,1802,1627,175,1521,1416,105,87.03,84.41,2026-08-07T07:48:15.697Z
2023,대학교,사립,,부산,기존,0000103,동서대학교,2094,2435,2133,302,2084,1923,161,90.15,85.59,2026-08-07T07:48:15.697Z
2023,대학교,사립,,전남,기존,0000104,동신대학교,1508,1547,1454,93,1390,1328,62,91.33,89.85,2026-08-07T07:48:15.697Z
2023,대학교,사립,,부산,기존,0000105,동아대학교,4058,4610,4081,529,4401,4075,326,99.85,95.47,2026-08-07T07:48:15.697Z
2023,대학교,사립,,경북,기존,0000106,동양대학교,990,1061,1002,59,1057,1002,55,100,99.62,2026-08-07T07:48:15.697Z
2023,대학교,사립,,부산,기존,0000107,동의대학교,3617,3969,3560,409,3786,3496,290,98.2,95.39,2026-08-07T07:48:15.697Z
2023,사이버대학(대학),사립,,서울,기존,0000330,디지털서울문화예술대학교,990,2818,990,1828,809,719,90,72.63,28.71,2026-08-07T07:48:15.697Z
2023,대학교,사립,,경기,기존,0000108,루터대학교,85,92,85,7,86,85,1,100,93.48,2026-08-07T07:48:15.697Z
2023,대학교,사립,,경기,기존,0000109,명지대학교,1264,1350,1264,86,1335,1263,72,99.92,98.89,2026-08-07T07:48:15.697Z
2023,대학교,사립,,서울,기존,0000111,명지대학교_제2캠퍼스,1263,1659,1266,393,1614,1264,350,99.84,97.29,2026-08-07T07:48:15.697Z
2023,대학교,사립,,대전,기존,0000112,목원대학교,1815,1931,1825,106,1888,1825,63,100,97.77,2026-08-07T07:48:15.697Z
2023,대학교,사립,,전남,기존,0000221,목포가톨릭대학교,120,126,120,6,121,115,6,95.83,96.03,2026-08-07T07:48:15.697Z
2023,대학교,사립,,대전,기존,0000113,배재대학교,1845,1956,1849,107,1911,1823,88,98.59,97.7,2026-08-07T07:48:15.697Z
2023,대학교,사립,,충남,기존,0000178,백석대학교,2890,3166,2916,250,3084,2916,168,100,97.41,2026-08-07T07:48:15.697Z
2023,대학교,사립,,부산,기존,0000114,부산가톨릭대학교,735,773,707,66,741,677,64,95.76,95.86,2026-08-07T07:48:15.697Z
2023,교육대학,국립,,부산,기존,0000254,부산교육대학교,356,390,359,31,387,356,31,99.16,99.23,2026-08-07T07:48:15.697Z
2023,대학교,국립,,부산,기존,0000014,부산대학교,4291,4726,4299,427,4660,4292,368,99.84,98.6,2026-08-07T07:48:15.697Z
2023,사이버대학(대학),사립,,부산,기존,0000321,부산디지털대학교,1000,3885,1000,2885,645,638,7,63.8,16.6,2026-08-07T07:48:15.697Z
2023,대학교,사립,,부산,기존,0000115,부산외국어대학교,1470,1733,1508,225,1682,1503,179,99.67,97.06,2026-08-07T07:48:15.697Z
2023,대학교,사립,,경남,기존,0000222,부산장신대학교,32,35,32,3,32,32,0,100,91.43,2026-08-07T07:48:15.697Z
2023,사이버대학(대학),사립,,서울,기존,0000332,사이버한국외국어대학교,1600,3380,1600,1780,1870,1278,592,79.88,55.33,2026-08-07T07:48:15.697Z
2023,대학교,사립,,서울,기존,0000116,삼육대학교,1137,1245,1137,108,1218,1137,81,100,97.83,2026-08-07T07:48:15.697Z
2023,대학교,사립,,서울,기존,0000117,상명대학교,1379,1590,1380,210,1561,1379,182,99.93,98.18,2026-08-07T07:48:15.697Z
2023,대학교,사립,,충남,기존,0002959,상명대학교_제2캠퍼스,1367,1449,1368,81,1442,1368,74,100,99.52,2026-08-07T07:48:15.697Z
2023,대학교,사립,,강원,기존,0000119,상지대학교,1758,1952,1805,147,1629,1552,77,85.98,83.45,2026-08-07T07:48:15.697Z
2023,대학교,사립,,서울,기존,0000120,서강대학교,1602,1914,1613,301,1882,1599,283,99.13,98.33,2026-08-07T07:48:15.697Z
2023,대학교,사립,,서울,기존,0000121,서경대학교,1309,1941,1311,630,1720,1311,409,100,88.61,2026-08-07T07:48:15.697Z
2023,대학교,국립,,서울,기존,0000036,서울과학기술대학교,2148,2420,2152,268,2421,2151,270,99.95,100.04,2026-08-07T07:48:15.697Z
2023,교육대학,국립,,서울,기존,0000255,서울교육대학교,355,396,356,40,392,354,38,99.44,98.99,2026-08-07T07:48:15.697Z
2023,대학교,사립,,서울,기존,0000098,서울기독대학교,136,145,136,9,119,117,2,86.03,82.07,2026-08-07T07:48:15.697Z
2023,대학교,국립대법인,,서울,기존,0000019,서울대학교,3233,3506,3237,269,3480,3236,244,99.97,99.26,2026-08-07T07:48:15.697Z
2023,사이버대학(대학),사립,,서울,기존,0000322,서울디지털대학교,3000,7785,3000,4785,2501,1633,868,54.43,32.13,2026-08-07T07:48:15.697Z
2023,사이버대학(대학),사립,,서울,기존,0000323,서울사이버대학교,3270,11297,3270,8027,4812,3270,1542,100,42.6,2026-08-07T07:48:15.697Z
2023,대학교,공립,,서울,기존,0000040,서울시립대학교,1727,1864,1728,136,1863,1728,135,100,99.95,2026-08-07T07:48:15.697Z
2023,대학교,사립,,경기,기존,0000125,서울신학대학교,457,487,457,30,487,457,30,100,100,2026-08-07T07:48:15.697Z
2023,대학교,사립,,서울,기존,0000126,서울여자대학교,1670,1830,1670,160,1814,1671,143,100.06,99.13,2026-08-07T07:48:15.697Z
2023,대학교,사립,,경기,기존,0000127,서울장신대학교,104,119,104,15,75,73,2,70.19,63.03,2026-08-07T07:48:15.697Z
2023,대학교,사립,,서울,기존,0000205,서울한영대학교,180,219,183,36,195,176,19,96.17,89.04,2026-08-07T07:48:15.697Z
2023,대학교,사립,,충북,기존,0000128,서원대학교,1622,1955,1640,315,1821,1640,181,100,93.15,2026-08-07T07:48:15.697Z
2023,대학교,사립,,충남,기존,0000129,선문대학교,2053,2223,2068,155,2221,2075,146,100.34,99.91,2026-08-07T07:48:15.697Z
2023,대학교,사립,,경기,기존,0000131,성결대학교,1228,1325,1230,95,1300,1229,71,99.92,98.11,2026-08-07T07:48:15.697Z
2023,대학교,사립,,서울,기존,0000132,성공회대학교,502,539,502,37,529,502,27,100,98.14,2026-08-07T07:48:15.697Z
2023,대학교,사립,,서울,기존,0000133,성균관대학교,3335,4180,3349,831,4189,3341,848,99.76,100.22,2026-08-07T07:48:15.697Z
2023,대학교,사립,,서울,기존,0000136,성신여자대학교,2195,2429,2196,233,2411,2189,222,99.68,99.26,2026-08-07T07:48:15.697Z
2023,대학교,사립,,충북,기존,0000137,세명대학교,1603,1699,1603,96,1449,1357,92,84.65,85.29,2026-08-07T07:48:15.697Z
2023,대학교,사립,,서울,기존,0000138,세종대학교,2360,2886,2361,525,2856,2361,495,100,98.96,2026-08-07T07:48:15.697Z
2023,사이버대학(대학),사립,,서울,기존,0000325,세종사이버대학교,2180,7137,2180,4957,2940,1681,1259,77.11,41.19,2026-08-07T07:48:15.697Z
2023,대학교,사립,,전남,기존,0000092,세한대학교,817,999,817,182,959,814,145,99.63,96,2026-08-07T07:48:15.697Z
2023,대학교,사립,,광주,기존,0000243,송원대학교,685,748,685,63,717,679,38,99.12,95.86,2026-08-07T07:48:15.697Z
2023,대학교,사립,,경기,기존,0000139,수원가톨릭대학교,90,91,90,1,30,30,0,33.33,32.97,2026-08-07T07:48:15.697Z
2023,대학교,사립,,경기,기존,0000140,수원대학교,2130,2293,2134,159,2251,2134,117,100,98.17,2026-08-07T07:48:15.697Z
2023,대학교,사립,,서울,기존,0000141,숙명여자대학교,2180,2508,2192,316,2508,2192,316,100,100,2026-08-07T07:48:15.697Z
2023,각종학교(대학),사립,,충북,기존,0000317,순복음총회신학교,58,58,58,0,18,18,0,31.03,31.03,2026-08-07T07:48:15.697Z
2023,대학교,사립,,충남,기존,0000142,순천향대학교,2352,2940,2354,586,2675,2354,321,100,90.99,2026-08-07T07:48:15.697Z
2023,대학교,사립,,서울,기존,0000143,숭실대학교,2700,3239,2704,535,3200,2689,511,99.45,98.8,2026-08-07T07:48:15.697Z
2023,사이버대학(대학),사립,,서울,기존,0000329,숭실사이버대학교,1650,4833,1650,3183,2333,1466,867,88.85,48.27,2026-08-07T07:48:15.697Z
2023,대학교,사립,,경북,기존,0000065,신경주대학교,725,765,724,41,416,415,1,57.32,54.38,2026-08-07T07:48:15.697Z
2023,대학교,사립,,부산,기존,0000144,신라대학교,1720,1975,1719,256,1541,1377,164,80.1,78.03,2026-08-07T07:48:15.697Z
2023,대학교,사립,,경기,기존,0002712,신한대학교,120,137,120,17,137,120,17,100,100,2026-08-07T07:48:15.697Z
2023,대학교,사립,,경기,기존,0002800,신한대학교_제2캠퍼스,1285,1422,1285,137,1376,1285,91,100,96.77,2026-08-07T07:48:15.697Z
2023,대학교,사립,,경기,기존,0000145,아신대학교,130,140,130,10,65,62,3,47.69,46.43,2026-08-07T07:48:15.697Z
2023,대학교,사립,,경기,기존,0000146,아주대학교,1936,2263,1948,315,2255,1947,308,99.95,99.65,2026-08-07T07:48:15.697Z
2023,대학교,사립,,경기,기존,0000147,안양대학교,982,1118,984,134,1071,983,88,99.9,95.8,2026-08-07T07:48:15.697Z
2023,대학교,사립,,인천,기존,0000148,안양대학교_제2캠퍼스,149,151,151,0,137,137,0,90.73,90.73,2026-08-07T07:48:15.697Z
2023,대학교,사립,,강원,기존,0000150,연세대학교(미래)_분교,1319,1500,1320,180,1479,1320,159,100,98.6,2026-08-07T07:48:15.697Z
2023,대학교,사립,,서울,기존,0000149,연세대학교,3471,4218,3480,738,4200,3466,734,99.6,99.57,2026-08-07T07:48:15.697Z
2023,대학교,사립,,경북,기존,0000151,영남대학교,4587,4999,4591,408,4916,4582,334,99.8,98.34,2026-08-07T07:48:15.697Z
2023,대학교,사립,,경북,기존,0000153,영남신학대학교,115,121,115,6,114,114,0,99.13,94.21,2026-08-07T07:48:15.697Z
2023,대학교,사립,,경남,기존,0003193,영산대학교,515,544,515,29,459,432,27,83.88,84.38,2026-08-07T07:48:15.697Z
2023,대학교,사립,,부산,기존,0003194,영산대학교_제2캠퍼스,816,933,816,117,861,774,87,94.85,92.28,2026-08-07T07:48:15.697Z
2023,대학교,사립,,전남,기존,0000155,영산선학대학교,50,52,50,2,2,2,0,4,3.85,2026-08-07T07:48:15.697Z
2023,대학교,사립,,전북,기존,0000228,예수대학교,115,123,115,8,121,115,6,100,98.37,2026-08-07T07:48:15.697Z
2023,대학교,사립,,전북,기존,0000218,예원예술대학교,142,198,147,51,117,115,2,78.23,59.09,2026-08-07T07:48:15.697Z
2023,대학교,사립,,경기,기존,0000219,예원예술대학교_제2캠퍼스,89,89,89,0,88,81,7,91.01,98.88,2026-08-07T07:48:15.697Z
2023,대학교,사립,,경기,기존,0000156,용인대학교,1262,1297,1199,98,1272,1199,73,100,98.07,2026-08-07T07:48:15.697Z
2023,대학교,사립,,전북,기존,0000157,우석대학교,1507,1667,1545,122,1391,1306,85,84.53,83.44,2026-08-07T07:48:15.697Z
2023,대학교,사립,,대전,기존,0000240,우송대학교,2004,2349,2010,339,2301,2009,292,99.95,97.96,2026-08-07T07:48:15.697Z
2023,대학교,특별법법인,,울산,기존,0000250,울산과학기술원,400,440,400,40,444,401,43,100.25,100.91,2026-08-07T07:48:15.697Z
2023,대학교,사립,,울산,기존,0000158,울산대학교,2727,2978,2753,225,2877,2730,147,99.16,96.61,2026-08-07T07:48:15.697Z
2023,대학교,사립,,전북,기존,0000159,원광대학교,3047,3228,3061,167,3046,2919,127,95.36,94.36,2026-08-07T07:48:15.697Z
2023,사이버대학(대학),사립,,전북,기존,0000327,원광디지털대학교,1500,6382,1500,4882,1444,1193,251,79.53,22.63,2026-08-07T07:48:15.697Z
2023,대학교,사립,,경북,기존,0000160,위덕대학교,671,633,600,33,582,576,6,96,91.94,2026-08-07T07:48:15.697Z
2023,대학교,사립,,충북,기존,0000154,유원대학교,875,928,875,53,783,760,23,86.86,84.38,2026-08-07T07:48:15.697Z
2023,대학교,사립,,대전,기존,0000161,을지대학교,40,49,40,9,49,40,9,100,100,2026-08-07T07:48:15.697Z
2023,대학교,사립,,경기,기존,0000162,을지대학교_제2캠퍼스,827,884,828,56,878,828,50,100,99.32,2026-08-07T07:48:15.697Z
2023,대학교,사립,,경기,기존,0002911,을지대학교_제3캠퍼스,192,205,192,13,202,192,10,100,98.54,2026-08-07T07:48:15.697Z
2023,대학교,사립,,서울,기존,0000163,이화여자대학교,3167,3560,3174,386,3546,3164,382,99.68,99.61,2026-08-07T07:48:15.697Z
2023,대학교,사립,,경남,기존,0000164,인제대학교,1704,1760,1623,137,1609,1535,74,94.58,91.42,2026-08-07T07:48:15.697Z
2023,대학교,사립,,인천,기존,0000168,인천가톨릭대학교,12,12,12,0,9,9,0,75,75,2026-08-07T07:48:15.697Z
2023,대학교,사립,,인천,기존,0000167,인천가톨릭대학교_제2캠퍼스,153,172,153,19,163,153,10,100,94.77,2026-08-07T07:48:15.697Z
2023,대학교,국립대법인,,인천,기존,0002660,인천대학교,2492,2793,2496,297,2695,2492,203,99.84,96.49,2026-08-07T07:48:15.697Z
2023,대학교,사립,,인천,기존,0000169,인하대학교,3495,4081,3497,584,4066,3495,571,99.94,99.63,2026-08-07T07:48:15.697Z
2023,대학교,사립,,서울,기존,0000170,장로회신학대학교,150,166,150,16,152,145,7,96.67,91.57,2026-08-07T07:48:15.697Z
2023,대학교,국립,,광주,기존,0000023,전남대학교,3397,3673,3401,272,3635,3397,238,99.88,98.97,2026-08-07T07:48:15.697Z
2023,대학교,국립,,전남,기존,0000024,전남대학교_제2캠퍼스,802,1011,823,188,909,814,95,98.91,89.91,2026-08-07T07:48:15.697Z
2023,대학교,국립,,전북,기존,0000025,전북대학교,3848,4450,3860,590,4226,3853,373,99.82,94.97,2026-08-07T07:48:15.697Z
2023,교육대학,국립,,전북,기존,0000258,전주교육대학교,285,308,285,23,299,282,17,98.95,97.08,2026-08-07T07:48:15.697Z
2023,대학교,사립,,전북,기존,0000171,전주대학교,2522,2810,2554,256,2524,2394,130,93.74,89.82,2026-08-07T07:48:15.697Z
2023,기술대학,사립,,서울,기존,0000288,정석대학,25,100,100,0,11,11,0,11,11,2026-08-07T07:48:15.697Z
2023,대학교,사립,,제주,기존,0000248,제주국제대학교,370,441,370,71,49,33,16,8.92,11.11,2026-08-07T07:48:15.697Z
2023,대학교,국립,,제주,기존,0000027,제주대학교,2175,2474,2175,299,2321,2174,147,99.95,93.82,2026-08-07T07:48:15.697Z
2023,대학교,사립,,광주,기존,0000172,조선대학교,4367,4744,4366,378,4625,4339,286,99.38,97.49,2026-08-07T07:48:15.697Z
2023,대학교,사립,,충남,기존,0000173,중부대학교,1760,1898,1770,128,1851,1723,128,97.34,97.52,2026-08-07T07:48:15.697Z
2023,대학교,사립,,서울,기존,0000175,중앙대학교,3250,4153,3267,886,4147,3266,881,99.97,99.86,2026-08-07T07:48:15.697Z
2023,대학교,사립,,경기,기존,0000174,중앙대학교_제2캠퍼스,1208,1260,1210,50,1260,1210,50,100,100,2026-08-07T07:48:15.697Z
2023,대학교,사립,,경기,기존,0000177,중앙승가대학교,120,120,120,0,16,16,0,13.33,13.33,2026-08-07T07:48:15.697Z
2023,대학교,사립,,충북,기존,0000239,중원대학교,812,813,761,52,638,601,37,78.98,78.47,2026-08-07T07:48:15.697Z
2023,교육대학,국립,,경남,기존,0000260,진주교육대학교,319,314,287,27,302,285,17,99.3,96.18,2026-08-07T07:48:15.697Z
2023,대학교,사립,,경기,기존,0000187,차의과학대학교,504,543,504,39,539,504,35,100,99.26,2026-08-07T07:48:15.697Z
2023,대학교,사립,,경남,기존,0000249,창신대학교,325,362,325,37,362,325,37,100,100,2026-08-07T07:48:15.697Z
2023,산업대학,사립,,충남,기존,0000284,청운대학교,1133,1634,1151,483,1329,1105,224,96,81.33,2026-08-07T07:48:15.697Z
2023,교육대학,국립,,충북,기존,0000261,청주교육대학교,286,312,287,25,310,285,25,99.3,99.36,2026-08-07T07:48:15.697Z
2023,대학교,사립,,충북,기존,0000179,청주대학교,2652,2882,2676,206,2810,2657,153,99.29,97.5,2026-08-07T07:48:15.697Z
2023,대학교,사립,,전남,기존,0000246,초당대학교,717,768,721,47,722,684,38,94.87,94.01,2026-08-07T07:48:15.697Z
2023,대학교,사립,,서울,기존,0000180,총신대학교,307,354,308,46,334,308,26,100,94.35,2026-08-07T07:48:15.697Z
2023,대학교,사립,,서울,기존,0000181,추계예술대학교,250,270,251,19,265,251,14,100,98.15,2026-08-07T07:48:15.697Z
2023,교육대학,국립,,강원,기존,0000262,춘천교육대학교,321,343,321,22,339,320,19,99.69,98.83,2026-08-07T07:48:15.697Z
2023,대학교,국립,,대전,기존,0000029,충남대학교,3584,4053,3599,454,3851,3593,258,99.83,95.02,2026-08-07T07:48:15.697Z
2023,대학교,국립,,충북,기존,0000030,충북대학교,2806,3143,2808,335,3043,2799,244,99.68,96.82,2026-08-07T07:48:15.697Z
2023,대학교,사립,,경기,기존,0000184,칼빈대학교,90,199,90,109,194,90,104,100,97.49,2026-08-07T07:48:15.697Z
2023,대학교,사립,,경기,기존,0000186,평택대학교,805,859,813,46,859,815,44,100.25,100,2026-08-07T07:48:15.697Z
2023,대학교,사립,,경북,기존,0000188,포항공과대학교,320,370,320,50,365,317,48,99.06,98.65,2026-08-07T07:48:15.697Z
2023,대학교,국립,,경기,기존,0000037,한경국립대학교,1271,1482,1278,204,1394,1272,122,99.53,94.06,2026-08-07T07:48:15.697Z
2023,대학교,사립,,경기,기존,0000247,한국공학대학교,1380,1831,1384,447,1782,1384,398,100,97.32,2026-08-07T07:48:15.697Z
2023,대학교,특별법법인,,대전,기존,0000374,한국과학기술원,970,920,720,200,840,767,73,106.53,91.3,2026-08-07T07:48:15.697Z
2023,대학교,국립,,충북,기존,0000031,한국교원대학교,546,595,547,48,581,546,35,99.82,97.65,2026-08-07T07:48:15.697Z
2023,대학교,사립,,충남,기존,0000189,한국기술교육대학교,836,996,836,160,983,836,147,100,98.69,2026-08-07T07:48:15.697Z
2023,방송통신대학,국립,,서울,기존,0000273,한국방송통신대학교,54240,57861,54240,3621,8841,8558,283,15.78,15.28,2026-08-07T07:48:15.697Z
2023,대학교,사립,,서울,기존,0000191,한국성서대학교,223,251,223,28,241,223,18,100,96.02,2026-08-07T07:48:15.697Z
2023,대학교,특별법법인,,전남,기존,0003139,한국에너지공과대학교,100,110,100,10,109,101,8,101,99.09,2026-08-07T07:48:15.697Z
2023,사이버대학(대학),사립,,서울,기존,0000326,한국열린사이버대학교,1000,3855,1000,2855,1990,995,995,99.5,51.62,2026-08-07T07:48:15.697Z
2023,각종학교(대학),특별법국립,,서울,기존,0000383,한국예술종합학교,558,592,558,34,564,534,30,95.7,95.27,2026-08-07T07:48:15.697Z
2023,대학교,사립,,서울,기존,0000192,한국외국어대학교,3377,3901,3391,510,3875,3389,486,99.94,99.33,2026-08-07T07:48:15.697Z
2023,대학교,특별법국립,,충남,기존,0003022,한국전통문화대학교,140,161,140,21,147,140,7,100,91.3,2026-08-07T07:48:15.697Z
2023,대학교,국립,,서울,기존,0000032,한국체육대학교,535,587,536,51,570,535,35,99.81,97.1,2026-08-07T07:48:15.697Z
2023,대학교,사립,,대전,기존,0000182,한국침례신학대학교,204,200,182,18,128,123,5,67.58,64,2026-08-07T07:48:15.697Z
2023,대학교,사립,,경기,기존,0000194,한국항공대학교,871,919,830,89,934,845,89,101.81,101.63,2026-08-07T07:48:15.697Z
2023,대학교,사립,,대전,기존,0000195,한남대학교,2715,2988,2731,257,2923,2728,195,99.89,97.82,2026-08-07T07:48:15.697Z
2023,대학교,사립,,경북,기존,0000196,한동대학교,729,821,729,92,825,729,96,100,100.49,2026-08-07T07:48:15.697Z
2023,대학교,사립,,강원,기존,0000197,한라대학교,907,1069,928,141,777,664,113,71.55,72.68,2026-08-07T07:48:15.697Z
2023,대학교,사립,,강원,기존,0000198,한림대학교,1771,1880,1772,108,1875,1772,103,100,99.73,2026-08-07T07:48:15.697Z
2023,대학교,사립,,충남,기존,0000199,한서대학교,1569,1661,1564,97,1552,1461,91,93.41,93.44,2026-08-07T07:48:15.697Z
2023,대학교,사립,,서울,기존,0000200,한성대학교,1458,1672,1459,213,1653,1459,194,100,98.86,2026-08-07T07:48:15.697Z
2023,대학교,사립,,경기,기존,0000201,한세대학교,566,647,569,78,602,568,34,99.82,93.04,2026-08-07T07:48:15.697Z
2023,대학교,사립,,경기,기존,0000202,한신대학교,1161,1277,1162,115,1277,1162,115,100,100,2026-08-07T07:48:15.697Z
2023,대학교,사립,,경기,기존,0000204,한양대학교(ERICA)_분교,1910,2478,1914,564,2415,1911,504,99.84,97.46,2026-08-07T07:48:15.697Z
2023,대학교,사립,,서울,기존,0000203,한양대학교,2906,3761,2917,844,3749,2916,833,99.97,99.68,2026-08-07T07:48:15.697Z
2023,사이버대학(대학),사립,,서울,기존,0000331,한양사이버대학교,3240,8544,3240,5304,4216,2986,1230,92.16,49.34,2026-08-07T07:48:15.697Z
2023,대학교,사립,,전북,기존,0000206,한일장신대학교,219,253,220,33,211,209,2,95,83.4,2026-08-07T07:48:15.697Z
2023,대학교,사립,,경기,기존,0000207,협성대학교,1004,1153,1008,145,1065,994,71,98.61,92.37,2026-08-07T07:48:15.697Z
2023,대학교,사립,,광주,기존,0000208,호남대학교,1537,1594,1502,92,1352,1289,63,85.82,84.82,2026-08-07T07:48:15.697Z
2023,대학교,사립,,광주,기존,0000209,호남신학대학교,119,119,119,0,104,104,0,87.39,87.39,2026-08-07T07:48:15.697Z
2023,대학교,사립,,충남,기존,0000211,호서대학교,2881,3197,2918,279,3150,2921,229,100.1,98.53,2026-08-07T07:48:15.697Z
2023,산업대학,사립,,전북,기존,0000282,호원대학교,1114,1477,1089,388,1406,1045,361,95.96,95.19,2026-08-07T07:48:15.697Z
2023,대학교,사립,,서울,기존,0000212,홍익대학교,2421,2873,2422,451,2866,2420,446,99.92,99.76,2026-08-07T07:48:15.697Z
2023,대학교,사립,,세종,기존,0002949,홍익대학교_제2캠퍼스,1299,1410,1304,106,1386,1297,89,99.46,98.3,2026-08-07T07:48:15.697Z
2023,대학교,사립,,경기,기존,0000233,화성의과학대학교,246,267,254,13,155,148,7,58.27,58.05,2026-08-07T07:48:15.697Z
2023,사이버대학(대학),사립,,부산,기존,0000333,화신사이버대학교,568,1641,568,1073,708,568,140,100,43.14,2026-08-07T07:48:15.697Z
2025,기능대학,사립,,경기,기존,0000579,ICT폴리텍대학,160,192,160,32,154,134,20,83.75,80.21,2026-08-07T07:48:15.697Z
2025,전문대학,사립,,경북,기존,0000410,가톨릭상지대학교,516,743,516,227,675,489,186,94.77,90.85,2026-08-07T07:48:15.697Z
2025,전문대학,사립,,충북,기존,0000433,강동대학교,1191,2549,1191,1358,1594,1135,459,95.3,62.53,2026-08-07T07:48:15.697Z
2025,전문대학,사립,,강원,기존,0000514,강릉영동대학교,774,1016,735,281,1002,613,389,83.4,98.62,2026-08-07T07:48:15.697Z
2025,전문대학,공립,,강원,기존,0002639,강원도립대학교,314,322,314,8,314,314,0,100,97.52,2026-08-07T07:48:15.697Z
2025,전문대학,사립,,경남,기존,0000412,거제대학교,357,453,357,96,440,357,83,100,97.13,2026-08-07T07:48:15.697Z
2025,전문대학,사립,,경기,기존,0000560,경기과학기술대학교,1330,2922,1330,1592,1882,1233,649,92.71,64.41,2026-08-07T07:48:15.697Z
2025,전문대학,공립,,경남,기존,0000402,경남도립거창대학,344,410,344,66,372,344,28,100,90.73,2026-08-07T07:48:15.697Z
2025,전문대학,공립,,경남,기존,0000403,경남도립남해대학,340,403,340,63,403,340,63,100,100,2026-08-07T07:48:15.697Z
2025,전문대학,사립,,부산,기존,0002640,경남정보대학교,1965,3865,1965,1900,2629,1591,1038,80.97,68.02,2026-08-07T07:48:15.697Z
2025,전문대학,사립,,경기,기존,0000416,경민대학교,1470,3081,1470,1611,2724,1461,1263,99.39,88.41,2026-08-07T07:48:15.697Z
2025,전문대학,사립,,경기,기존,0002641,경복대학교,1786,2638,1786,852,2448,1745,703,97.7,92.8,2026-08-07T07:48:15.697Z
2025,전문대학,사립,,경북,기존,0000456,경북과학대학교,667,1191,667,524,1112,667,445,100,93.37,2026-08-07T07:48:15.697Z
2025,전문대학,사립,,경북,기존,0000438,경북보건대학교,356,519,356,163,411,338,73,94.94,79.19,2026-08-07T07:48:15.697Z
2025,전문대학,사립,,경북,기존,0002642,경북전문대학교,796,1477,796,681,1079,646,433,81.16,73.05,2026-08-07T07:48:15.697Z
2025,전문대학,사립,,인천,기존,0000422,경인여자대학교,1305,1738,1305,433,1648,1260,388,96.55,94.82,2026-08-07T07:48:15.697Z
2025,전문대학,사립,,대구,기존,0000425,계명문화대학교,2018,2752,2018,734,2158,1910,248,94.65,78.42,2026-08-07T07:48:15.697Z
2025,전문대학,사립,,경기,기존,0000426,계원예술대학교,994,1385,994,391,1244,994,250,100,89.82,2026-08-07T07:48:15.697Z
2025,전문대학,사립,,전남,기존,0000428,광양보건대학교,373,433,373,60,55,43,12,11.53,12.7,2026-08-07T07:48:15.697Z
2025,전문대학,사립,,광주,기존,0000429,광주보건대학교,1105,1584,1105,479,1397,1032,365,93.39,88.19,2026-08-07T07:48:15.697Z
2025,전문대학,사립,,경북,기존,0000430,구미대학교,1351,3223,1351,1872,3223,1351,1872,100,100,2026-08-07T07:48:15.697Z
2025,전문대학,사립,,경기,기존,0000549,국제대학교,1155,1475,1155,320,969,779,190,67.45,65.69,2026-08-07T07:48:15.697Z
2025,전문대학,사립,,전북,기존,0002971,군산간호대학교,221,310,221,89,269,221,48,100,86.77,2026-08-07T07:48:15.697Z
2025,전문대학,사립,,전북,기존,0000432,군장대학교,635,1169,635,534,951,594,357,93.54,81.35,2026-08-07T07:48:15.697Z
2025,전문대학,사립,,광주,기존,0002972,기독간호대학교,135,210,135,75,184,135,49,100,87.62,2026-08-07T07:48:15.697Z
2025,전문대학,사립,,경기,기존,0000440,김포대학교,1085,1670,822,848,1128,822,306,100,67.54,2026-08-07T07:48:15.697Z
2025,전문대학,사립,,경남,기존,0000569,김해대학교,464,631,464,167,472,405,67,87.28,74.8,2026-08-07T07:48:15.697Z
2025,전문대학,사립,,전남,기존,0000435,나주대학교,800,1605,800,805,853,729,124,91.13,53.15,2026-08-07T07:48:15.697Z
2025,전문대학,사립,,경기,기존,0000441,농협대학교,58,169,58,111,140,58,82,100,82.84,2026-08-07T07:48:15.697Z
2025,전문대학,사립,,경북,기존,0000442,대경대학교,1422,2068,1422,646,1844,1361,483,95.71,89.17,2026-08-07T07:48:15.697Z
2025,전문대학,사립,,대구,기존,0000443,대구공업대학교,530,773,530,243,733,530,203,100,94.83,2026-08-07T07:48:15.697Z
2025,전문대학,사립,,대구,기존,0000446,대구과학대학교,1539,2103,1539,564,1985,1539,446,100,94.39,2026-08-07T07:48:15.697Z
2025,전문대학,사립,,대구,기존,0000444,대구보건대학교,2120,2995,2120,875,2822,2051,771,96.75,94.22,2026-08-07T07:48:15.697Z
2025,전문대학,사립,,대전,기존,0000546,대덕대학교,1209,1643,1209,434,909,755,154,62.45,55.33,2026-08-07T07:48:15.697Z
2025,전문대학,사립,,부산,기존,0000447,대동대학교,398,563,398,165,469,366,103,91.96,83.3,2026-08-07T07:48:15.697Z
2025,전문대학,사립,,경기,기존,0000448,대림대학교,2214,3543,2214,1329,3043,2183,860,98.6,85.89,2026-08-07T07:48:15.697Z
2025,전문대학,사립,,충북,기존,0000449,대원대학교,737,1148,722,426,821,490,331,67.87,71.52,2026-08-07T07:48:15.697Z
2025,전문대학,사립,,대전,기존,0000453,대전과학기술대학교,1272,1648,1272,376,1530,1272,258,100,92.84,2026-08-07T07:48:15.697Z
2025,전문대학,사립,,대전,기존,0000451,대전보건대학교,1422,1852,1422,430,1701,1339,362,94.16,91.85,2026-08-07T07:48:15.697Z
2025,전문대학,사립,,광주,기존,0000460,동강대학교,945,1373,898,475,1065,824,241,91.76,77.57,2026-08-07T07:48:15.697Z
2025,전문대학,사립,,경기,기존,0000457,동남보건대학교,1315,1861,1315,546,1797,1315,482,100,96.56,2026-08-07T07:48:15.697Z
2025,전문대학,사립,,경기,기존,0000450,동서울대학교,2289,3007,2289,718,2758,2289,469,100,91.72,2026-08-07T07:48:15.697Z
2025,전문대학,사립,,경기,기존,0000461,동아방송예술대학교,823,1291,823,468,1204,823,381,100,93.26,2026-08-07T07:48:15.697Z
2025,전문대학,사립,,전남,기존,0000462,동아보건대학교,350,477,350,127,303,275,28,78.57,63.52,2026-08-07T07:48:15.697Z
2025,전문대학,사립,,서울,기존,0000463,동양미래대학교,2135,3861,2135,1726,2721,2115,606,99.06,70.47,2026-08-07T07:48:15.697Z
2025,전문대학,사립,,경남,기존,0000509,동원과학기술대학교,699,1389,699,690,983,642,341,91.85,70.77,2026-08-07T07:48:15.697Z
2025,전문대학,사립,,경기,기존,0000465,동원대학교,1260,2371,1260,1111,2051,1260,791,100,86.5,2026-08-07T07:48:15.697Z
2025,전문대학,사립,,부산,기존,0000466,동의과학대학교,1258,2524,1258,1266,1871,1192,679,94.75,74.13,2026-08-07T07:48:15.697Z
2025,전문대학,사립,,경기,기존,0000469,두원공과대학교,1436,1713,1436,277,961,842,119,58.64,56.1,2026-08-07T07:48:15.697Z
2025,전문대학,사립,,경남,기존,0000470,마산대학교,1856,2537,1856,681,1916,1527,389,82.27,75.52,2026-08-07T07:48:15.697Z
2025,전문대학,사립,,서울,기존,0000473,명지전문대학,2491,3554,2491,1063,3253,2491,762,100,91.53,2026-08-07T07:48:15.697Z
2025,전문대학,사립,,전남,기존,0000474,목포과학대학교,897,1157,897,260,1010,822,188,91.64,87.29,2026-08-07T07:48:15.697Z
2025,전문대학,사립,,경북,기존,0000475,문경대학교,259,361,259,102,189,176,13,67.95,52.35,2026-08-07T07:48:15.697Z
2025,전문대학,사립,,서울,기존,0000476,배화여자대학교,1070,1541,1065,476,1361,1065,296,100,88.32,2026-08-07T07:48:15.697Z
2025,전문대학,사립,,충남,기존,0000543,백석문화대학교,1393,1828,1393,435,1614,1265,349,90.81,88.29,2026-08-07T07:48:15.697Z
2025,전문대학,사립,,전북,기존,0000477,백제예술대학교,387,432,387,45,356,340,16,87.86,82.41,2026-08-07T07:48:15.697Z
2025,전문대학,사립,,부산,기존,0000479,부산경상대학교,1010,1116,840,276,690,574,116,68.33,61.83,2026-08-07T07:48:15.697Z
2025,전문대학,사립,,부산,기존,0000481,부산과학기술대학교,1194,2412,1194,1218,2098,1127,971,94.39,86.98,2026-08-07T07:48:15.697Z
2025,전문대학,사립,,부산,기존,0000467,부산보건대학교,788,1183,788,395,966,674,292,85.53,81.66,2026-08-07T07:48:15.697Z
2025,전문대학,사립,,부산,기존,0000480,부산여자대학교,618,1283,618,665,747,596,151,96.44,58.22,2026-08-07T07:48:15.697Z
2025,전문대학,사립,,부산,기존,0000561,부산예술대학교,343,395,343,52,187,135,52,39.36,47.34,2026-08-07T07:48:15.697Z
2025,전문대학,사립,,경기,기존,0000482,부천대학교,2191,3906,2191,1715,3292,2192,1100,100.05,84.28,2026-08-07T07:48:15.697Z
2025,전문대학,사립,,서울,기존,0000483,삼육보건대학교,384,736,384,352,605,384,221,100,82.2,2026-08-07T07:48:15.697Z
2025,전문대학,사립,,광주,기존,0002646,서영대학교,1675,2472,1675,797,2273,1634,639,97.55,91.95,2026-08-07T07:48:15.697Z
2025,전문대학,사립,,서울,기존,0002973,서울여자간호대학교,168,230,168,62,229,168,61,100,99.57,2026-08-07T07:48:15.697Z
2025,전문대학,사립,,경기,기존,0000489,서울예술대학교,581,1282,581,701,1161,581,580,100,90.56,2026-08-07T07:48:15.697Z
2025,전문대학,사립,,서울,기존,0000490,서일대학교,2155,3083,2155,928,2780,2145,635,99.54,90.17,2026-08-07T07:48:15.697Z
2025,전문대학,사립,,경기,기존,0000566,서정대학교,1348,3778,1348,2430,3636,1348,2288,100,96.24,2026-08-07T07:48:15.697Z
2025,전문대학,사립,,경북,기존,0000550,선린대학교,632,953,632,321,828,613,215,96.99,86.88,2026-08-07T07:48:15.697Z
2025,전문대학,사립,,경북,기존,0002647,성운대학교,540,973,540,433,787,540,247,100,80.88,2026-08-07T07:48:15.697Z
2025,전문대학,사립,,강원,기존,0000515,세경대학교,385,517,385,132,374,328,46,85.19,72.34,2026-08-07T07:48:15.697Z
2025,전문대학,사립,,강원,기존,0000567,송곡대학교,200,2099,200,1899,2090,200,1890,100,99.57,2026-08-07T07:48:15.697Z
2025,전문대학,사립,,강원,기존,0000564,송호대학교,337,514,337,177,424,318,106,94.36,82.49,2026-08-07T07:48:15.697Z
2025,전문대학,사립,,대구,기존,0002649,수성대학교,1177,1690,1177,513,1534,1177,357,100,90.77,2026-08-07T07:48:15.697Z
2025,전문대학,사립,,경기,기존,0000497,수원과학대학교,1995,2187,1995,192,1325,1206,119,60.45,60.59,2026-08-07T07:48:15.697Z
2025,전문대학,사립,,경기,기존,0000496,수원여자대학교,1394,1840,1394,446,1600,1306,294,93.69,86.96,2026-08-07T07:48:15.697Z
2025,전문대학,사립,,전남,기존,0000498,순천제일대학교,987,1346,987,359,1302,984,318,99.7,96.73,2026-08-07T07:48:15.697Z
2025,전문대학,사립,,서울,기존,0000500,숭의여자대학교,1315,1621,1315,306,1518,1315,203,100,93.65,2026-08-07T07:48:15.697Z
2025,전문대학,사립,,경기,기존,0000501,신구대학교,2268,3280,2268,1012,2795,2251,544,99.25,85.21,2026-08-07T07:48:15.697Z
2025,전문대학,사립,,충남,기존,0000502,신성대학교,1135,1330,1075,255,1243,1007,236,93.67,93.46,2026-08-07T07:48:15.697Z
2025,전문대학,사립,,경기,기존,0000506,신안산대학교,1312,1533,1050,483,1239,881,358,83.9,80.82,2026-08-07T07:48:15.697Z
2025,전문대학,사립,,충남,기존,0000454,아주자동차대학교,390,394,330,64,332,288,44,87.27,84.26,2026-08-07T07:48:15.697Z
2025,전문대학,사립,,경북,기존,0002650,안동과학대학교,654,979,654,325,789,592,197,90.52,80.59,2026-08-07T07:48:15.697Z
2025,전문대학,사립,,경기,기존,0000507,안산대학교,1437,2090,1437,653,1966,1423,543,99.03,94.07,2026-08-07T07:48:15.697Z
2025,전문대학,사립,,경기,기존,0000510,여주대학교,1291,1716,1291,425,1160,943,217,73.04,67.6,2026-08-07T07:48:15.697Z
2025,전문대학,사립,,경기,기존,0002651,연성대학교,2226,2970,2226,744,2787,2221,566,99.78,93.84,2026-08-07T07:48:15.697Z
2025,전문대학,사립,,경남,기존,0002652,연암공과대학교,496,520,445,75,505,445,60,100,97.12,2026-08-07T07:48:15.697Z
2025,전문대학,사립,,충남,기존,0000512,연암대학교,483,662,483,179,601,483,118,100,90.79,2026-08-07T07:48:15.697Z
2025,전문대학,사립,,경북,기존,0000418,영남외국어대학,278,310,278,32,203,197,6,70.86,65.48,2026-08-07T07:48:15.697Z
2025,전문대학,사립,,대구,기존,0000513,영남이공대학교,2156,3220,2156,1064,2913,2156,757,100,90.47,2026-08-07T07:48:15.697Z
2025,사이버대학(전문대학),사립,,대구,기존,0000575,영진사이버대학교,1300,3628,1300,2328,1375,1073,302,82.54,37.9,2026-08-07T07:48:15.697Z
2025,전문대학,사립,,대구,기존,0000517,영진전문대학교,2444,4226,2444,1782,3596,2444,1152,100,85.09,2026-08-07T07:48:15.697Z
2025,전문대학,사립,,경기,기존,0002653,오산대학교,1782,2619,1782,837,2151,1678,473,94.16,82.13,2026-08-07T07:48:15.697Z
2025,전문대학,사립,,경기,기존,0000520,용인예술과학대학교,1046,1395,1046,349,1078,923,155,88.24,77.28,2026-08-07T07:48:15.697Z
2025,전문대학,사립,,대전,기존,0000452,우송정보대학,1475,1550,1475,75,1503,1444,59,97.9,96.97,2026-08-07T07:48:15.697Z
2025,전문대학,사립,,울산,기존,0000521,울산과학대학교,1628,2485,1628,857,2031,1579,452,96.99,81.73,2026-08-07T07:48:15.697Z
2025,전문대학,사립,,경기,기존,0000568,웅지세무대학교,599,731,599,132,45,43,2,7.18,6.16,2026-08-07T07:48:15.697Z
2025,전문대학,사립,,전북,기존,0000523,원광보건대학교,1281,1739,1281,458,1608,1188,420,92.74,92.47,2026-08-07T07:48:15.697Z
2025,전문대학,사립,,경기,기존,0000524,유한대학교,1695,2171,1695,476,2022,1695,327,100,93.14,2026-08-07T07:48:15.697Z
2025,전문대학,사립,,서울,기존,0000525,인덕대학교,2074,2765,2074,691,2632,2074,558,100,95.19,2026-08-07T07:48:15.697Z
2025,전문대학,사립,,인천,기존,0002654,인하공업전문대학,2543,3764,2543,1221,3419,2543,876,100,90.83,2026-08-07T07:48:15.697Z
2025,전문대학,사립,,경기,기존,0000527,장안대학교,1670,2190,1450,740,1498,944,554,65.1,68.4,2026-08-07T07:48:15.697Z
2025,전문대학,사립,,인천,기존,0000455,재능대학교,1279,1724,1279,445,1348,1136,212,88.82,78.19,2026-08-07T07:48:15.697Z
2025,전문대학,사립,,전남,기존,0000529,전남과학대학교,1064,1892,1064,828,1348,897,451,84.3,71.25,2026-08-07T07:48:15.697Z
2025,전문대학,공립,,전남,기존,0000562,전남도립대학교,410,511,410,101,468,410,58,100,91.59,2026-08-07T07:48:15.697Z
2025,전문대학,사립,,전북,기존,0000531,전북과학대학교,592,991,592,399,639,569,70,96.11,64.48,2026-08-07T07:48:15.697Z
2025,전문대학,사립,,전북,기존,0000437,전주기전대학,772,998,772,226,895,752,143,97.41,89.68,2026-08-07T07:48:15.697Z
2025,전문대학,사립,,전북,기존,0000530,전주비전대학교,1035,1382,1035,347,1193,859,334,83,86.32,2026-08-07T07:48:15.697Z
2025,전문대학,사립,,제주,기존,0000532,제주관광대학교,820,973,750,223,784,688,96,91.73,80.58,2026-08-07T07:48:15.697Z
2025,전문대학,사립,,제주,기존,0002655,제주한라대학교,1484,2356,1354,1002,1366,992,374,73.26,57.98,2026-08-07T07:48:15.697Z
2025,전문대학,사립,,광주,기존,0002974,조선간호대학교,152,212,152,60,210,152,58,100,99.06,2026-08-07T07:48:15.697Z
2025,전문대학,사립,,광주,기존,0000534,조선이공대학교,1492,1705,1443,262,1528,1360,168,94.25,89.62,2026-08-07T07:48:15.697Z
2025,전문대학,사립,,경남,기존,0000539,진주보건대학교,669,955,669,286,620,538,82,80.42,64.92,2026-08-07T07:48:15.697Z
2025,전문대학,사립,,경남,기존,0000542,창원문성대학교,228,280,228,52,198,171,27,75,70.71,2026-08-07T07:48:15.697Z
2025,전문대학,사립,,경기,기존,0000544,청강문화산업대학교,1122,1426,1122,304,1420,1122,298,100,99.58,2026-08-07T07:48:15.697Z
2025,전문대학,사립,,전남,기존,0002656,청암대학교,800,1070,800,270,856,710,146,88.75,80,2026-08-07T07:48:15.697Z
2025,전문대학,사립,,울산,기존,0000545,춘해보건대학교,654,1085,654,431,953,599,354,91.59,87.83,2026-08-07T07:48:15.697Z
2025,전문대학,공립,,충남,기존,0002657,충남도립대학교,447,464,422,42,457,422,35,100,98.49,2026-08-07T07:48:15.697Z
2025,전문대학,공립,,충북,기존,0000406,충북도립대학교,400,503,400,103,394,389,5,97.25,78.33,2026-08-07T07:48:15.697Z
2025,전문대학,사립,,충북,기존,0000536,충북보건과학대학교,977,1914,909,1005,1694,856,838,94.17,88.51,2026-08-07T07:48:15.697Z
2025,전문대학,사립,,충북,기존,0000547,충청대학교,1354,1786,1274,512,1407,1149,258,90.19,78.78,2026-08-07T07:48:15.697Z
2025,전문대학,사립,,경북,기존,0002658,포항대학교,695,1424,695,729,584,564,20,81.15,41.01,2026-08-07T07:48:15.697Z
2025,전문대학,사립,,강원,기존,0000578,한국골프과학기술대학교,160,241,140,101,175,140,35,100,72.61,2026-08-07T07:48:15.697Z
2025,전문대학,사립,,경기,기존,0000565,한국관광대학교,902,1080,902,178,684,595,89,65.96,63.33,2026-08-07T07:48:15.697Z
2025,전문대학,특별법국립,,전북,기존,0003019,한국농수산대학교,570,684,570,114,643,530,113,92.98,94.01,2026-08-07T07:48:15.697Z
2025,사이버대학(전문대학),사립,,경북,기존,0000576,한국복지사이버대학교,1000,1678,1000,678,968,901,67,90.1,57.69,2026-08-07T07:48:15.697Z
2025,전문대학,사립,,경남,기존,0000570,한국승강기대학교,297,1595,297,1298,1595,297,1298,100,100,2026-08-07T07:48:15.697Z
2025,전문대학,사립,,세종,기존,0000522,한국영상대학교,1089,1476,1089,387,1311,1006,305,92.38,88.82,2026-08-07T07:48:15.697Z
2025,기능대학,사립,,서울,기존,0000585,한국폴리텍 I 대학 서울강서캠퍼스,255,315,255,60,247,209,38,81.96,78.41,2026-08-07T07:48:15.697Z
2025,기능대학,사립,,서울,기존,0000584,한국폴리텍 I 대학 서울정수캠퍼스,485,672,485,187,516,441,75,90.93,76.79,2026-08-07T07:48:15.697Z
2025,기능대학,사립,,경기,기존,0000586,한국폴리텍 I 대학 성남캠퍼스,335,377,305,72,299,254,45,83.28,79.31,2026-08-07T07:48:15.697Z
2025,기능대학,사립,,제주,기존,0002912,한국폴리텍 I 대학 제주캠퍼스,25,30,25,5,25,25,0,100,83.33,2026-08-07T07:48:15.697Z
2025,기능대학,사립,,인천,기존,0000590,한국폴리텍 II 대학 남인천캠퍼스,25,51,25,26,26,21,5,84,50.98,2026-08-07T07:48:15.697Z
2025,기능대학,사립,,인천,기존,0000589,한국폴리텍 II 대학 인천캠퍼스,690,934,690,244,711,570,141,82.61,76.12,2026-08-07T07:48:15.697Z
2025,기능대학,사립,,경기,기존,0003105,한국폴리텍 II 대학 화성캠퍼스,0,10,0,10,10,0,10,,100,2026-08-07T07:48:15.697Z
2025,기능대학,사립,,강원,기존,0000594,한국폴리텍 III 대학 강릉캠퍼스,55,66,55,11,60,55,5,100,90.91,2026-08-07T07:48:15.697Z
2025,기능대학,사립,,강원,기존,0002854,한국폴리텍 III 대학 원주캠퍼스,50,82,50,32,43,43,0,86,52.44,2026-08-07T07:48:15.697Z
2025,기능대학,사립,,강원,기존,0000593,한국폴리텍 III 대학 춘천캠퍼스,150,189,150,39,108,99,9,66,57.14,2026-08-07T07:48:15.697Z
2025,기능대학,사립,,대전,기존,0000603,한국폴리텍 IV 대학 대전캠퍼스,330,414,330,84,316,275,41,83.33,76.33,2026-08-07T07:48:15.697Z
2025,기능대학,사립,,충남,기존,0000606,한국폴리텍 IV 대학 아산캠퍼스,215,327,229,98,179,160,19,69.87,54.74,2026-08-07T07:48:15.697Z
2025,기능대학,사립,,충북,기존,0000604,한국폴리텍 IV 대학 청주캠퍼스,285,378,285,93,342,273,69,95.79,90.48,2026-08-07T07:48:15.697Z
2025,기능대학,사립,,충남,기존,0000607,한국폴리텍 IV 대학 충남캠퍼스,105,126,105,21,108,90,18,85.71,85.71,2026-08-07T07:48:15.697Z
2025,기능대학,사립,,광주,기존,0000616,한국폴리텍 V 대학 광주캠퍼스,340,427,340,87,382,329,53,96.76,89.46,2026-08-07T07:48:15.697Z
2025,기능대학,사립,,전북,기존,0000620,한국폴리텍 V 대학 익산캠퍼스,50,79,50,29,57,38,19,76,72.15,2026-08-07T07:48:15.697Z
2025,기능대학,사립,,전남,기존,0000619,한국폴리텍 V 대학 전남캠퍼스,75,90,75,15,68,67,1,89.33,75.56,2026-08-07T07:48:15.697Z
2025,기능대학,사립,,전북,기존,0000617,한국폴리텍 V 대학 전북캠퍼스,180,243,180,63,190,162,28,90,78.19,2026-08-07T07:48:15.697Z
2025,기능대학,사립,,경북,기존,0000624,한국폴리텍 VI 대학 구미캠퍼스,235,307,235,72,232,221,11,94.04,75.57,2026-08-07T07:48:15.697Z
2025,기능대학,사립,,대구,기존,0000623,한국폴리텍 VI 대학 대구캠퍼스,275,330,275,55,246,218,28,79.27,74.55,2026-08-07T07:48:15.697Z
2025,기능대학,사립,,대구,기존,0000636,한국폴리텍 VI 대학 영남융합기술캠퍼스,110,155,110,45,80,76,4,69.09,51.61,2026-08-07T07:48:15.697Z
2025,기능대학,사립,,경북,기존,0002674,한국폴리텍 VI 대학 영주캠퍼스,25,30,25,5,25,25,0,100,83.33,2026-08-07T07:48:15.697Z
2025,기능대학,사립,,부산,기존,0003163,한국폴리텍 VII 대학 동부산캠퍼스,0,10,0,10,6,0,6,,60,2026-08-07T07:48:15.697Z
2025,기능대학,사립,,부산,기존,0000632,한국폴리텍 VII 대학 부산캠퍼스,320,438,320,118,325,268,57,83.75,74.2,2026-08-07T07:48:15.697Z
2025,기능대학,사립,,울산,기존,0000633,한국폴리텍 VII 대학 울산캠퍼스,280,336,280,56,336,280,56,100,100,2026-08-07T07:48:15.697Z
2025,기능대학,사립,,경남,기존,0000631,한국폴리텍 VII 대학 창원캠퍼스,540,764,540,224,700,540,160,100,91.62,2026-08-07T07:48:15.697Z
2025,기능대학,사립,,경북,기존,0003104,한국폴리텍 특성화대학 로봇캠퍼스,100,120,100,20,70,66,4,66,58.33,2026-08-07T07:48:15.697Z
2025,기능대학,사립,,충남,기존,0000635,한국폴리텍 특성화대학 바이오캠퍼스,160,192,160,32,136,119,17,74.38,70.83,2026-08-07T07:48:15.697Z
2025,기능대학,사립,,경기,기존,0000637,한국폴리텍 특성화대학 반도체융합캠퍼스,255,306,255,51,167,152,15,59.61,54.58,2026-08-07T07:48:15.697Z
2025,기능대학,사립,,경남,기존,0000638,한국폴리텍 특성화대학 항공캠퍼스,135,182,135,47,111,103,8,76.3,60.99,2026-08-07T07:48:15.697Z
2025,전문대학,사립,,강원,기존,0000553,한림성심대학교,786,1067,786,281,1006,741,265,94.27,94.28,2026-08-07T07:48:15.697Z
2025,전문대학,사립,,서울,기존,0000554,한양여자대학교,2291,3089,2291,798,2874,2291,583,100,93.04,2026-08-07T07:48:15.697Z
2025,전문대학,사립,,전남,기존,0000555,한영대학교,512,878,512,366,610,504,106,98.44,69.48,2026-08-07T07:48:15.697Z
2025,전문대학,사립,,충남,기존,0000556,혜전대학교,882,1323,882,441,1201,846,355,95.92,90.78,2026-08-07T07:48:15.697Z
2025,전문대학,사립,,경북,기존,0000415,호산대학교,676,1119,676,443,951,676,275,100,84.99,2026-08-07T07:48:15.697Z
2024,기능대학,사립,,경기,기존,0000579,ICT폴리텍대학,160,192,160,32,154,148,6,92.5,80.21,2026-08-07T07:48:15.697Z
2024,전문대학,사립,,경북,기존,0000410,가톨릭상지대학교,549,849,549,300,752,526,226,95.8,88.57,2026-08-07T07:48:15.697Z
2024,전문대학,사립,,충북,기존,0000433,강동대학교,1191,1695,1191,504,1380,1112,268,93.4,81.42,2026-08-07T07:48:15.697Z
2024,전문대학,사립,,강원,기존,0000514,강릉영동대학교,809,1088,808,280,1156,749,407,92.7,106.25,2026-08-07T07:48:15.697Z
2024,전문대학,공립,,강원,기존,0002639,강원도립대학교,314,314,314,0,314,314,0,100,100,2026-08-07T07:48:15.697Z
2024,전문대학,사립,,경남,기존,0000412,거제대학교,357,464,357,107,448,357,91,100,96.55,2026-08-07T07:48:15.697Z
2024,전문대학,사립,,경기,기존,0000560,경기과학기술대학교,1330,3134,1330,1804,1938,1242,696,93.4,61.84,2026-08-07T07:48:15.697Z
2024,전문대학,공립,,경남,기존,0000402,경남도립거창대학,354,419,354,65,396,354,42,100,94.51,2026-08-07T07:48:15.697Z
2024,전문대학,공립,,경남,기존,0000403,경남도립남해대학,350,412,350,62,389,350,39,100,94.42,2026-08-07T07:48:15.697Z
2024,전문대학,사립,,부산,기존,0002640,경남정보대학교,2009,3531,2009,1522,2309,1677,632,83.5,65.39,2026-08-07T07:48:15.697Z
2024,전문대학,사립,,경기,기존,0000416,경민대학교,1498,2212,1498,714,1931,1498,433,100,87.3,2026-08-07T07:48:15.697Z
2024,전문대학,사립,,경기,기존,0002641,경복대학교,1788,2652,1788,864,2427,1754,673,98.1,91.52,2026-08-07T07:48:15.697Z
2024,전문대학,사립,,경북,기존,0000456,경북과학대학교,662,957,662,295,865,662,203,100,90.39,2026-08-07T07:48:15.697Z
2024,전문대학,공립,,경북,폐교,0000405,경북도립대학교,346,416,346,70,215,186,29,53.8,51.68,2026-08-07T07:48:15.697Z
2024,전문대학,사립,,경북,기존,0000438,경북보건대학교,359,477,335,142,416,335,81,100,87.21,2026-08-07T07:48:15.697Z
2024,전문대학,사립,,경북,기존,0002642,경북전문대학교,796,1311,796,515,1187,703,484,88.3,90.54,2026-08-07T07:48:15.697Z
2024,전문대학,사립,,인천,기존,0000422,경인여자대학교,1305,1708,1305,403,1520,1171,349,89.7,88.99,2026-08-07T07:48:15.697Z
2024,전문대학,사립,,대구,기존,0000425,계명문화대학교,2032,2694,2032,662,2109,1874,235,92.2,78.29,2026-08-07T07:48:15.697Z
2024,전문대학,사립,,경기,기존,0000426,계원예술대학교,994,1385,994,391,1244,994,250,100,89.82,2026-08-07T07:48:15.697Z
2024,전문대학,사립,,전남,기존,0000428,광양보건대학교,373,430,373,57,66,58,8,15.5,15.35,2026-08-07T07:48:15.697Z
2024,전문대학,사립,,광주,기존,0000429,광주보건대학교,1104,1593,1104,489,1445,1040,405,94.2,90.71,2026-08-07T07:48:15.697Z
2024,전문대학,사립,,경북,기존,0000430,구미대학교,1351,2597,1351,1246,2597,1351,1246,100,100,2026-08-07T07:48:15.697Z
2024,전문대학,사립,,경기,기존,0000549,국제대학교,1139,1412,1139,273,1053,895,158,78.6,74.58,2026-08-07T07:48:15.697Z
2024,전문대학,사립,,전북,기존,0002971,군산간호대학교,221,310,221,89,306,221,85,100,98.71,2026-08-07T07:48:15.697Z
2024,전문대학,사립,,전북,기존,0000432,군장대학교,646,938,646,292,735,586,149,90.7,78.36,2026-08-07T07:48:15.697Z
2024,전문대학,사립,,광주,기존,0002972,기독간호대학교,122,192,122,70,178,122,56,100,92.71,2026-08-07T07:48:15.697Z
2024,전문대학,사립,,경기,기존,0000440,김포대학교,1115,1294,852,442,783,653,130,76.6,60.51,2026-08-07T07:48:15.697Z
2024,전문대학,사립,,경남,기존,0000569,김해대학교,477,677,477,200,508,435,73,91.2,75.04,2026-08-07T07:48:15.697Z
2024,전문대학,사립,,전남,기존,0000435,나주대학교,805,1429,805,624,756,732,24,90.9,52.9,2026-08-07T07:48:15.697Z
2024,전문대학,사립,,경기,기존,0000441,농협대학교,58,170,58,112,134,58,76,100,78.82,2026-08-07T07:48:15.697Z
2024,전문대학,사립,,경북,기존,0000442,대경대학교,1427,1907,1427,480,1661,1297,364,90.9,87.1,2026-08-07T07:48:15.697Z
2024,전문대학,사립,,대구,기존,0000443,대구공업대학교,530,674,530,144,654,530,124,100,97.03,2026-08-07T07:48:15.697Z
2024,전문대학,사립,,대구,기존,0000446,대구과학대학교,1552,2016,1552,464,1848,1552,296,100,91.67,2026-08-07T07:48:15.697Z
2024,전문대학,사립,,대구,기존,0000444,대구보건대학교,2128,2885,2128,757,2687,2011,676,94.5,93.14,2026-08-07T07:48:15.697Z
2024,전문대학,사립,,대전,기존,0000546,대덕대학교,1187,1576,1187,389,879,722,157,60.8,55.77,2026-08-07T07:48:15.697Z
2024,전문대학,사립,,부산,기존,0000447,대동대학교,410,570,410,160,479,382,97,93.2,84.04,2026-08-07T07:48:15.697Z
2024,전문대학,사립,,경기,기존,0000448,대림대학교,2217,3562,2217,1345,3011,2199,812,99.2,84.53,2026-08-07T07:48:15.697Z
2024,전문대학,사립,,충북,기존,0000449,대원대학교,737,921,722,199,523,434,89,60.1,56.79,2026-08-07T07:48:15.697Z
2024,전문대학,사립,,대전,기존,0000453,대전과학기술대학교,1300,1672,1300,372,1463,1209,254,93,87.5,2026-08-07T07:48:15.697Z
2024,전문대학,사립,,대전,기존,0000451,대전보건대학교,1512,1963,1512,451,1673,1277,396,84.5,85.23,2026-08-07T07:48:15.697Z
2024,전문대학,사립,,광주,기존,0000460,동강대학교,951,1428,951,477,1083,858,225,90.2,75.84,2026-08-07T07:48:15.697Z
2024,전문대학,사립,,경기,기존,0000457,동남보건대학교,1322,1997,1322,675,1805,1322,483,100,90.39,2026-08-07T07:48:15.697Z
2024,전문대학,사립,,경기,기존,0000450,동서울대학교,2289,3115,2289,826,2768,2279,489,99.6,88.86,2026-08-07T07:48:15.697Z
2024,전문대학,사립,,경기,기존,0000461,동아방송예술대학교,823,1297,823,474,1157,823,334,100,89.21,2026-08-07T07:48:15.697Z
2024,전문대학,사립,,전남,기존,0000462,동아보건대학교,350,482,350,132,351,314,37,89.7,72.82,2026-08-07T07:48:15.697Z
2024,전문대학,사립,,서울,기존,0000463,동양미래대학교,2255,3965,2255,1710,2873,2235,638,99.1,72.46,2026-08-07T07:48:15.697Z
2024,전문대학,사립,,경남,기존,0000509,동원과학기술대학교,699,1135,699,436,986,647,339,92.6,86.87,2026-08-07T07:48:15.697Z
2024,전문대학,사립,,경기,기존,0000465,동원대학교,1380,1906,1260,646,1475,1024,451,81.3,77.39,2026-08-07T07:48:15.697Z
2024,전문대학,사립,,부산,기존,0000466,동의과학대학교,1309,2552,1309,1243,1666,1145,521,87.5,65.28,2026-08-07T07:48:15.697Z
2024,전문대학,사립,,경기,기존,0000469,두원공과대학교,1436,1665,1436,229,828,739,89,51.5,49.73,2026-08-07T07:48:15.697Z
2024,전문대학,사립,,경남,기존,0000470,마산대학교,1874,2551,1874,677,1952,1565,387,83.5,76.52,2026-08-07T07:48:15.697Z
2024,전문대학,사립,,서울,기존,0000473,명지전문대학,2527,3619,2527,1092,3291,2527,764,100,90.94,2026-08-07T07:48:15.697Z
2024,전문대학,사립,,전남,기존,0000474,목포과학대학교,885,1097,885,212,944,851,93,96.2,86.05,2026-08-07T07:48:15.697Z
2024,전문대학,사립,,경북,기존,0000475,문경대학교,268,372,268,104,214,192,22,71.6,57.53,2026-08-07T07:48:15.697Z
2024,전문대학,사립,,서울,기존,0000476,배화여자대학교,1070,1550,1070,480,1383,1067,316,99.7,89.23,2026-08-07T07:48:15.697Z
2024,전문대학,사립,,충남,기존,0000543,백석문화대학교,1393,1829,1393,436,1397,1157,240,83.1,76.38,2026-08-07T07:48:15.697Z
2024,전문대학,사립,,전북,기존,0000477,백제예술대학교,413,459,413,46,390,372,18,90.1,84.97,2026-08-07T07:48:15.697Z
2024,전문대학,사립,,부산,기존,0000479,부산경상대학교,1020,1281,950,331,924,802,122,84.4,72.13,2026-08-07T07:48:15.697Z
2024,전문대학,사립,,부산,기존,0000481,부산과학기술대학교,1194,1980,1194,786,1696,1124,572,94.1,85.66,2026-08-07T07:48:15.697Z
2024,전문대학,사립,,부산,기존,0000467,부산보건대학교,788,1152,788,364,887,643,244,81.6,77,2026-08-07T07:48:15.697Z
2024,전문대학,사립,,부산,기존,0000480,부산여자대학교,618,979,618,361,646,542,104,87.7,65.99,2026-08-07T07:48:15.697Z
2024,전문대학,사립,,부산,기존,0000561,부산예술대학교,390,406,390,16,360,344,16,88.2,88.67,2026-08-07T07:48:15.697Z
2024,전문대학,사립,,경기,기존,0000482,부천대학교,2201,4034,2201,1833,3252,2201,1051,100,80.61,2026-08-07T07:48:15.697Z
2024,전문대학,사립,,서울,기존,0000483,삼육보건대학교,384,616,384,232,552,384,168,100,89.61,2026-08-07T07:48:15.697Z
2024,전문대학,사립,,광주,기존,0002646,서영대학교,1665,2496,1665,831,2180,1602,578,96.2,87.34,2026-08-07T07:48:15.697Z
2024,전문대학,사립,,서울,기존,0002973,서울여자간호대학교,168,230,168,62,227,168,59,100,98.7,2026-08-07T07:48:15.697Z
2024,전문대학,사립,,경기,기존,0000489,서울예술대학교,581,1194,581,613,1162,581,581,100,97.32,2026-08-07T07:48:15.697Z
2024,전문대학,사립,,서울,기존,0000490,서일대학교,2155,3068,2155,913,2707,2155,552,100,88.23,2026-08-07T07:48:15.697Z
2024,전문대학,사립,,경기,기존,0000566,서정대학교,1355,3781,1355,2426,3553,1355,2198,100,93.97,2026-08-07T07:48:15.697Z
2024,전문대학,사립,,경북,기존,0000550,선린대학교,647,912,647,265,753,572,181,88.4,82.57,2026-08-07T07:48:15.697Z
2024,전문대학,사립,,경북,기존,0002647,성운대학교,540,975,540,435,775,540,235,100,79.49,2026-08-07T07:48:15.697Z
2024,전문대학,사립,,강원,기존,0000515,세경대학교,395,533,395,138,369,330,39,83.5,69.23,2026-08-07T07:48:15.697Z
2024,전문대학,사립,,강원,기존,0000567,송곡대학교,200,318,200,118,287,199,88,99.5,90.25,2026-08-07T07:48:15.697Z
2024,전문대학,사립,,강원,기존,0000564,송호대학교,345,458,345,113,413,331,82,95.9,90.17,2026-08-07T07:48:15.697Z
2024,전문대학,사립,,대구,기존,0002649,수성대학교,1190,1544,1190,354,1523,1190,333,100,98.64,2026-08-07T07:48:15.697Z
2024,전문대학,사립,,경기,기존,0000497,수원과학대학교,2005,2193,2005,188,1116,1011,105,50.4,50.89,2026-08-07T07:48:15.697Z
2024,전문대학,사립,,경기,기존,0000496,수원여자대학교,1418,1850,1418,432,1516,1217,299,85.8,81.95,2026-08-07T07:48:15.697Z
2024,전문대학,사립,,전남,기존,0000498,순천제일대학교,992,1389,992,397,1340,968,372,97.6,96.47,2026-08-07T07:48:15.697Z
2024,전문대학,사립,,서울,기존,0000500,숭의여자대학교,1335,1648,1335,313,1506,1311,195,98.2,91.38,2026-08-07T07:48:15.697Z
2024,전문대학,사립,,경기,기존,0000501,신구대학교,2293,3332,2293,1039,2823,2249,574,98.1,84.72,2026-08-07T07:48:15.697Z
2024,전문대학,사립,,충남,기존,0000502,신성대학교,1170,1397,1075,322,1196,979,217,91.1,85.61,2026-08-07T07:48:15.697Z
2024,전문대학,사립,,경기,기존,0000506,신안산대학교,1050,2195,1050,1145,1018,876,142,83.4,46.38,2026-08-07T07:48:15.697Z
2024,전문대학,사립,,충남,기존,0000454,아주자동차대학교,390,400,330,70,307,282,25,85.5,76.75,2026-08-07T07:48:15.697Z
2024,전문대학,사립,,경북,기존,0002650,안동과학대학교,693,997,693,304,782,627,155,90.5,78.44,2026-08-07T07:48:15.697Z
2024,전문대학,사립,,경기,기존,0000507,안산대학교,1461,2064,1461,603,1992,1443,549,98.8,96.51,2026-08-07T07:48:15.697Z
2024,전문대학,사립,,경기,기존,0000510,여주대학교,1400,2032,1400,632,1109,854,255,61,54.58,2026-08-07T07:48:15.697Z
2024,전문대학,사립,,경기,기존,0002651,연성대학교,2222,2951,2222,729,2718,2217,501,99.8,92.1,2026-08-07T07:48:15.697Z
2024,전문대학,사립,,경남,기존,0002652,연암공과대학교,496,520,445,75,509,445,64,100,97.88,2026-08-07T07:48:15.697Z
2024,전문대학,사립,,충남,기존,0000512,연암대학교,483,662,483,179,593,483,110,100,89.58,2026-08-07T07:48:15.697Z
2024,전문대학,사립,,경북,기존,0000418,영남외국어대학,287,362,287,75,267,223,44,77.7,73.76,2026-08-07T07:48:15.697Z
2024,전문대학,사립,,대구,기존,0000513,영남이공대학교,2177,3029,2177,852,2730,2177,553,100,90.13,2026-08-07T07:48:15.697Z
2024,사이버대학(전문대학),사립,,대구,기존,0000575,영진사이버대학교,1300,3243,1300,1943,1440,1027,413,79,44.4,2026-08-07T07:48:15.697Z
2024,전문대학,사립,,대구,기존,0000517,영진전문대학교,2488,4049,2488,1561,3427,2488,939,100,84.64,2026-08-07T07:48:15.697Z
2024,전문대학,사립,,경기,기존,0002653,오산대학교,1768,2639,1768,871,2159,1675,484,94.7,81.81,2026-08-07T07:48:15.697Z
2024,전문대학,사립,,경기,기존,0000520,용인예술과학대학교,1070,1385,1070,315,1069,899,170,84,77.18,2026-08-07T07:48:15.697Z
2024,전문대학,사립,,대전,기존,0000452,우송정보대학,1475,1576,1475,101,1392,1337,55,90.6,88.32,2026-08-07T07:48:15.697Z
2024,전문대학,사립,,울산,기존,0000521,울산과학대학교,1612,2362,1612,750,1959,1528,431,94.8,82.94,2026-08-07T07:48:15.697Z
2024,전문대학,사립,,경기,기존,0000568,웅지세무대학교,599,731,599,132,82,82,0,13.7,11.22,2026-08-07T07:48:15.697Z
2024,전문대학,사립,,전북,기존,0000523,원광보건대학교,1311,2009,1285,724,1470,1089,381,84.7,73.17,2026-08-07T07:48:15.697Z
2024,전문대학,사립,,경기,기존,0000524,유한대학교,1703,2092,1703,389,1960,1703,257,100,93.69,2026-08-07T07:48:15.697Z
2024,전문대학,사립,,서울,기존,0000525,인덕대학교,2066,2832,2066,766,2600,2066,534,100,91.81,2026-08-07T07:48:15.697Z
2024,전문대학,사립,,인천,기존,0002654,인하공업전문대학,2553,3710,2553,1157,3473,2553,920,100,93.61,2026-08-07T07:48:15.697Z
2024,전문대학,사립,,경기,기존,0000527,장안대학교,1725,2067,1552,515,813,485,328,31.3,39.33,2026-08-07T07:48:15.697Z
2024,전문대학,사립,,인천,기존,0000455,재능대학교,1313,1890,1313,577,1353,1155,198,88,71.59,2026-08-07T07:48:15.697Z
2024,전문대학,사립,,전남,기존,0000529,전남과학대학교,1064,1891,1064,827,1400,932,468,87.6,74.03,2026-08-07T07:48:15.697Z
2024,전문대학,공립,,전남,기존,0000562,전남도립대학교,410,491,410,81,453,410,43,100,92.26,2026-08-07T07:48:15.697Z
2024,전문대학,사립,,전북,기존,0000531,전북과학대학교,608,955,608,347,707,600,107,98.7,74.03,2026-08-07T07:48:15.697Z
2024,전문대학,사립,,전북,기존,0000437,전주기전대학,788,1084,788,296,900,737,163,93.5,83.03,2026-08-07T07:48:15.697Z
2024,전문대학,사립,,전북,기존,0000530,전주비전대학교,1049,1455,1049,406,1238,891,347,84.9,85.09,2026-08-07T07:48:15.697Z
2024,전문대학,사립,,제주,기존,0000532,제주관광대학교,820,1012,750,262,789,699,90,93.2,77.96,2026-08-07T07:48:15.697Z
2024,전문대학,사립,,제주,기존,0002655,제주한라대학교,1484,2565,1439,1126,1484,1103,381,76.7,57.86,2026-08-07T07:48:15.697Z
2024,전문대학,사립,,광주,기존,0002974,조선간호대학교,139,193,139,54,193,139,54,100,100,2026-08-07T07:48:15.697Z
2024,전문대학,사립,,광주,기존,0000534,조선이공대학교,1492,1732,1443,289,1431,1309,122,90.7,82.62,2026-08-07T07:48:15.697Z
2024,전문대학,사립,,경남,기존,0000539,진주보건대학교,674,934,674,260,724,536,188,79.5,77.52,2026-08-07T07:48:15.697Z
2024,전문대학,사립,,경남,기존,0000542,창원문성대학교,253,304,253,51,248,217,31,85.8,81.58,2026-08-07T07:48:15.697Z
2024,전문대학,사립,,경기,기존,0000544,청강문화산업대학교,1122,1478,1122,356,1427,1121,306,99.9,96.55,2026-08-07T07:48:15.697Z
2024,전문대학,사립,,전남,기존,0002656,청암대학교,815,1042,815,227,825,705,120,86.5,79.17,2026-08-07T07:48:15.697Z
2024,전문대학,사립,,울산,기존,0000545,춘해보건대학교,660,1048,660,388,913,607,306,92,87.12,2026-08-07T07:48:15.697Z
2024,전문대학,공립,,충남,기존,0002657,충남도립대학교,447,458,422,36,443,421,22,99.8,96.72,2026-08-07T07:48:15.697Z
2024,전문대학,공립,,충북,기존,0000406,충북도립대학교,400,403,400,3,357,357,0,89.3,88.59,2026-08-07T07:48:15.697Z
2024,전문대학,사립,,충북,기존,0000536,충북보건과학대학교,977,1310,909,401,1053,862,191,94.8,80.38,2026-08-07T07:48:15.697Z
2024,전문대학,사립,,충북,기존,0000547,충청대학교,1414,1870,1334,536,1246,1104,142,82.8,66.63,2026-08-07T07:48:15.697Z
2024,전문대학,사립,,경북,기존,0002658,포항대학교,690,1158,690,468,658,608,50,88.1,56.82,2026-08-07T07:48:15.697Z
2024,전문대학,사립,,강원,기존,0000578,한국골프과학기술대학교,160,202,160,42,190,157,33,98.1,94.06,2026-08-07T07:48:15.697Z
2024,전문대학,사립,,경기,기존,0000565,한국관광대학교,902,1079,902,177,557,470,87,52.1,51.62,2026-08-07T07:48:15.697Z
2024,전문대학,특별법국립,,전북,기존,0003019,한국농수산대학교,570,684,570,114,596,482,114,84.6,87.13,2026-08-07T07:48:15.697Z
2024,사이버대학(전문대학),사립,,경북,기존,0000576,한국복지사이버대학교,1000,1631,1000,631,1213,1000,213,100,74.37,2026-08-07T07:48:15.697Z
2024,전문대학,사립,,경남,기존,0000570,한국승강기대학교,297,384,297,87,273,242,31,81.5,71.09,2026-08-07T07:48:15.697Z
2024,전문대학,사립,,세종,기존,0000522,한국영상대학교,1089,1729,1089,640,1243,988,255,90.7,71.89,2026-08-07T07:48:15.697Z
2024,기능대학,사립,,서울,기존,0000585,한국폴리텍 I 대학 서울강서캠퍼스,255,386,255,131,224,197,27,77.3,58.03,2026-08-07T07:48:15.697Z
2024,기능대학,사립,,서울,기존,0000584,한국폴리텍 I 대학 서울정수캠퍼스,515,726,515,211,595,443,152,86,81.96,2026-08-07T07:48:15.697Z
2024,기능대학,사립,,경기,기존,0000586,한국폴리텍 I 대학 성남캠퍼스,345,424,345,79,308,269,39,78,72.64,2026-08-07T07:48:15.697Z
2024,기능대학,사립,,제주,기존,0002912,한국폴리텍 I 대학 제주캠퍼스,25,27,25,2,27,25,2,100,100,2026-08-07T07:48:15.697Z
2024,기능대학,사립,,인천,기존,0000590,한국폴리텍 II 대학 남인천캠퍼스,25,45,25,20,26,22,4,88,57.78,2026-08-07T07:48:15.697Z
2024,기능대학,사립,,인천,기존,0000589,한국폴리텍 II 대학 인천캠퍼스,685,962,685,277,644,526,118,76.8,66.94,2026-08-07T07:48:15.697Z
2024,기능대학,사립,,경기,기존,0003105,한국폴리텍 II 대학 화성캠퍼스,0,20,0,20,18,0,18,0,90,2026-08-07T07:48:15.697Z
2024,기능대학,사립,,강원,기존,0000594,한국폴리텍 III 대학 강릉캠퍼스,60,72,60,12,56,47,9,78.3,77.78,2026-08-07T07:48:15.697Z
2024,기능대학,사립,,강원,기존,0002854,한국폴리텍 III 대학 원주캠퍼스,50,82,50,32,34,34,0,68,41.46,2026-08-07T07:48:15.697Z
2024,기능대학,사립,,강원,기존,0000593,한국폴리텍 III 대학 춘천캠퍼스,125,160,125,35,102,95,7,76,63.75,2026-08-07T07:48:15.697Z
2024,기능대학,사립,,대전,기존,0000603,한국폴리텍 IV 대학 대전캠퍼스,335,340,270,70,313,270,43,100,92.06,2026-08-07T07:48:15.697Z
2024,기능대학,사립,,충남,기존,0000606,한국폴리텍 IV 대학 아산캠퍼스,195,297,195,102,142,131,11,67.2,47.81,2026-08-07T07:48:15.697Z
2024,기능대학,사립,,충북,기존,0000604,한국폴리텍 IV 대학 청주캠퍼스,290,390,290,100,356,265,91,91.4,91.28,2026-08-07T07:48:15.697Z
2024,기능대학,사립,,충남,기존,0000607,한국폴리텍 IV 대학 충남캠퍼스,105,126,105,21,109,96,13,91.4,86.51,2026-08-07T07:48:15.697Z
2024,기능대학,사립,,광주,기존,0000616,한국폴리텍 V 대학 광주캠퍼스,340,433,340,93,398,341,57,100.3,91.92,2026-08-07T07:48:15.697Z
2024,기능대학,사립,,전북,기존,0000620,한국폴리텍 V 대학 익산캠퍼스,50,76,50,26,56,36,20,72,73.68,2026-08-07T07:48:15.697Z
2024,기능대학,사립,,전남,기존,0000619,한국폴리텍 V 대학 전남캠퍼스,75,101,75,26,74,58,16,77.3,73.27,2026-08-07T07:48:15.697Z
2024,기능대학,사립,,전북,기존,0000617,한국폴리텍 V 대학 전북캠퍼스,185,244,185,59,178,141,37,76.2,72.95,2026-08-07T07:48:15.697Z
2024,기능대학,사립,,경북,기존,0000624,한국폴리텍 VI 대학 구미캠퍼스,235,300,235,65,260,235,25,100,86.67,2026-08-07T07:48:15.697Z
2024,기능대학,사립,,대구,기존,0000623,한국폴리텍 VI 대학 대구캠퍼스,260,312,260,52,255,226,29,86.9,81.73,2026-08-07T07:48:15.697Z
2024,기능대학,사립,,대구,기존,0000636,한국폴리텍 VI 대학 영남융합기술캠퍼스,145,192,145,47,87,86,1,59.3,45.31,2026-08-07T07:48:15.697Z
2024,기능대학,사립,,경북,기존,0002674,한국폴리텍 VI 대학 영주캠퍼스,25,30,25,5,28,25,3,100,93.33,2026-08-07T07:48:15.697Z
2024,기능대학,사립,,부산,기존,0003163,한국폴리텍 VII 대학 동부산캠퍼스,0,15,0,15,4,0,4,0,26.67,2026-08-07T07:48:15.697Z
2024,기능대학,사립,,부산,기존,0000632,한국폴리텍 VII 대학 부산캠퍼스,330,416,330,86,352,280,72,84.8,84.62,2026-08-07T07:48:15.697Z
2024,기능대학,사립,,울산,기존,0000633,한국폴리텍 VII 대학 울산캠퍼스,285,342,285,57,342,285,57,100,100,2026-08-07T07:48:15.697Z
2024,기능대학,사립,,경남,기존,0000631,한국폴리텍 VII 대학 창원캠퍼스,585,806,585,221,746,585,161,100,92.56,2026-08-07T07:48:15.697Z
2024,기능대학,사립,,경북,기존,0003104,한국폴리텍 특성화대학 로봇캠퍼스,100,120,100,20,94,81,13,81,78.33,2026-08-07T07:48:15.697Z
2024,기능대학,사립,,충남,기존,0000635,한국폴리텍 특성화대학 바이오캠퍼스,160,192,160,32,178,151,27,94.4,92.71,2026-08-07T07:48:15.697Z
2024,기능대학,사립,,경기,기존,0000637,한국폴리텍 특성화대학 반도체융합캠퍼스,302,358,280,78,178,148,30,52.9,49.72,2026-08-07T07:48:15.697Z
2024,기능대학,사립,,경남,기존,0000638,한국폴리텍 특성화대학 항공캠퍼스,170,219,170,49,123,102,21,60,56.16,2026-08-07T07:48:15.697Z
2024,전문대학,사립,,강원,기존,0000553,한림성심대학교,817,1129,817,312,958,713,245,87.3,84.85,2026-08-07T07:48:15.697Z
2024,전문대학,사립,,서울,기존,0000554,한양여자대학교,2426,3202,2415,787,3008,2415,593,100,93.94,2026-08-07T07:48:15.697Z
2024,전문대학,사립,,전남,기존,0000555,한영대학교,512,814,512,302,591,492,99,96.1,72.6,2026-08-07T07:48:15.697Z
2024,전문대학,사립,,충남,기존,0000556,혜전대학교,882,1246,837,409,1069,766,303,91.5,85.79,2026-08-07T07:48:15.697Z
2024,전문대학,사립,,경북,기존,0000415,호산대학교,676,1041,676,365,913,676,237,100,87.7,2026-08-07T07:48:15.697Z
2023,기능대학,사립,,경기,기존,0000579,ICT폴리텍대학,160,192,160,32,159,155,4,96.88,82.81,2026-08-07T07:48:15.697Z
2023,전문대학,사립,,경북,기존,0000410,가톨릭상지대학교,562,825,562,263,731,524,207,93.24,88.61,2026-08-07T07:48:15.697Z
2023,전문대학,사립,,충북,기존,0000433,강동대학교,1201,1490,1201,289,1318,1106,212,92.09,88.46,2026-08-07T07:48:15.697Z
2023,전문대학,사립,,강원,기존,0000514,강릉영동대학교,839,1145,839,306,871,694,177,82.72,76.07,2026-08-07T07:48:15.697Z
2023,전문대학,사립,,강원,폐교,0000548,강원관광대학교,98,142,98,44,108,94,14,95.92,76.06,2026-08-07T07:48:15.697Z
2023,전문대학,공립,,강원,기존,0002639,강원도립대학교,312,324,312,12,295,294,1,94.23,91.05,2026-08-07T07:48:15.697Z
2023,전문대학,사립,,경남,기존,0000412,거제대학교,345,435,345,90,389,332,57,96.23,89.43,2026-08-07T07:48:15.697Z
2023,전문대학,사립,,경기,기존,0000560,경기과학기술대학교,1438,3158,1438,1720,2035,1344,691,93.46,64.44,2026-08-07T07:48:15.697Z
2023,전문대학,공립,,경남,기존,0000402,경남도립거창대학,341,409,341,68,384,341,43,100,93.89,2026-08-07T07:48:15.697Z
2023,전문대학,공립,,경남,기존,0000403,경남도립남해대학,355,412,355,57,371,355,16,100,90.05,2026-08-07T07:48:15.697Z
2023,전문대학,사립,,부산,기존,0002640,경남정보대학교,2035,4428,2035,2393,2512,1788,724,87.86,56.73,2026-08-07T07:48:15.697Z
2023,전문대학,사립,,경기,기존,0000416,경민대학교,1503,2125,1503,622,1922,1501,421,99.87,90.45,2026-08-07T07:48:15.697Z
2023,전문대학,사립,,경기,기존,0002641,경복대학교,1788,2682,1788,894,2449,1764,685,98.66,91.31,2026-08-07T07:48:15.697Z
2023,전문대학,사립,,경북,기존,0000456,경북과학대학교,662,947,662,285,855,662,193,100,90.29,2026-08-07T07:48:15.697Z
2023,전문대학,공립,,경북,폐교,0000405,경북도립대학교,348,419,348,71,367,339,28,97.41,87.59,2026-08-07T07:48:15.697Z
2023,전문대학,사립,,경북,기존,0000438,경북보건대학교,360,475,342,133,407,330,77,96.49,85.68,2026-08-07T07:48:15.697Z
2023,전문대학,사립,,경북,기존,0002642,경북전문대학교,830,1282,830,452,1047,666,381,80.24,81.67,2026-08-07T07:48:15.697Z
2023,전문대학,사립,,인천,기존,0000422,경인여자대학교,1435,1887,1435,452,1625,1247,378,86.9,86.12,2026-08-07T07:48:15.697Z
2023,전문대학,사립,,대구,기존,0000425,계명문화대학교,2106,2900,2106,794,2205,1907,298,90.55,76.03,2026-08-07T07:48:15.697Z
2023,전문대학,사립,,경기,기존,0000426,계원예술대학교,994,1378,994,384,1244,994,250,100,90.28,2026-08-07T07:48:15.697Z
2023,전문대학,사립,,전남,기존,0000428,광양보건대학교,373,383,352,31,28,24,4,6.82,7.31,2026-08-07T07:48:15.697Z
2023,전문대학,사립,,광주,기존,0000429,광주보건대학교,1084,1561,1084,477,1335,978,357,90.22,85.52,2026-08-07T07:48:15.697Z
2023,전문대학,사립,,경북,기존,0000430,구미대학교,1413,2458,1413,1045,2412,1367,1045,96.74,98.13,2026-08-07T07:48:15.697Z
2023,전문대학,사립,,경기,기존,0000549,국제대학교,1536,1845,1536,309,1016,889,127,57.88,55.07,2026-08-07T07:48:15.697Z
2023,전문대학,사립,,전북,기존,0002971,군산간호대학교,221,310,221,89,310,221,89,100,100,2026-08-07T07:48:15.697Z
2023,전문대학,사립,,전북,기존,0000432,군장대학교,646,850,646,204,657,547,110,84.67,77.29,2026-08-07T07:48:15.697Z
2023,전문대학,사립,,광주,기존,0002972,기독간호대학교,111,177,111,66,152,111,41,100,85.88,2026-08-07T07:48:15.697Z
2023,전문대학,사립,,경기,기존,0000440,김포대학교,1115,1653,1115,538,702,514,188,46.1,42.47,2026-08-07T07:48:15.697Z
2023,전문대학,사립,,경남,기존,0000569,김해대학교,459,649,459,190,488,392,96,85.4,75.19,2026-08-07T07:48:15.697Z
2023,전문대학,사립,,전남,기존,0000435,나주대학교,795,1430,795,635,629,629,0,79.12,43.99,2026-08-07T07:48:15.697Z
2023,전문대학,사립,,경기,기존,0000441,농협대학교,58,177,58,119,165,58,107,100,93.22,2026-08-07T07:48:15.697Z
2023,전문대학,사립,,경북,기존,0000442,대경대학교,1456,1864,1456,408,1685,1377,308,94.57,90.4,2026-08-07T07:48:15.697Z
2023,전문대학,사립,,대구,기존,0000443,대구공업대학교,530,672,530,142,620,507,113,95.66,92.26,2026-08-07T07:48:15.697Z
2023,전문대학,사립,,대구,기존,0000446,대구과학대학교,1552,1965,1552,413,1897,1552,345,100,96.54,2026-08-07T07:48:15.697Z
2023,전문대학,사립,,대구,기존,0000444,대구보건대학교,2146,2875,2146,729,2735,2091,644,97.44,95.13,2026-08-07T07:48:15.697Z
2023,전문대학,사립,,대전,기존,0000546,대덕대학교,1224,1598,1224,374,922,775,147,63.32,57.7,2026-08-07T07:48:15.697Z
2023,전문대학,사립,,부산,기존,0000447,대동대학교,438,599,438,161,466,369,97,84.25,77.8,2026-08-07T07:48:15.697Z
2023,전문대학,사립,,경기,기존,0000448,대림대학교,2232,3555,2232,1323,3095,2212,883,99.1,87.06,2026-08-07T07:48:15.697Z
2023,전문대학,사립,,충북,기존,0000449,대원대학교,757,882,702,180,679,582,97,82.91,76.98,2026-08-07T07:48:15.697Z
2023,전문대학,사립,,대전,기존,0000453,대전과학기술대학교,1502,1920,1502,418,1537,1240,297,82.56,80.05,2026-08-07T07:48:15.697Z
2023,전문대학,사립,,대전,기존,0000451,대전보건대학교,1584,2044,1584,460,1722,1312,410,82.83,84.25,2026-08-07T07:48:15.697Z
2023,전문대학,사립,,광주,기존,0000460,동강대학교,951,1294,951,343,1054,810,244,85.17,81.45,2026-08-07T07:48:15.697Z
2023,전문대학,사립,,경기,기존,0000457,동남보건대학교,1326,1936,1326,610,1798,1326,472,100,92.87,2026-08-07T07:48:15.697Z
2023,전문대학,사립,,경기,기존,0000450,동서울대학교,2289,3032,2289,743,2756,2289,467,100,90.9,2026-08-07T07:48:15.697Z
2023,전문대학,사립,,경기,기존,0000461,동아방송예술대학교,823,1289,823,466,1191,823,368,100,92.4,2026-08-07T07:48:15.697Z
2023,전문대학,사립,,전남,기존,0000462,동아보건대학교,415,564,415,149,349,319,30,76.87,61.88,2026-08-07T07:48:15.697Z
2023,전문대학,사립,,서울,기존,0000463,동양미래대학교,2215,3767,2215,1552,2873,2202,671,99.41,76.27,2026-08-07T07:48:15.697Z
2023,전문대학,사립,,경남,기존,0000509,동원과학기술대학교,703,1157,703,454,895,603,292,85.78,77.36,2026-08-07T07:48:15.697Z
2023,전문대학,사립,,경기,기존,0000465,동원대학교,1380,2386,1260,1126,1247,1072,175,85.08,52.26,2026-08-07T07:48:15.697Z
2023,전문대학,사립,,부산,기존,0000466,동의과학대학교,1552,2924,1552,1372,1698,1198,500,77.19,58.07,2026-08-07T07:48:15.697Z
2023,전문대학,사립,,경기,기존,0000469,두원공과대학교,1481,1741,1481,260,721,614,107,41.46,41.41,2026-08-07T07:48:15.697Z
2023,전문대학,사립,,경남,기존,0000470,마산대학교,1951,2568,1951,617,1986,1642,344,84.16,77.34,2026-08-07T07:48:15.697Z
2023,전문대학,사립,,서울,기존,0000473,명지전문대학,2527,3503,2527,976,3314,2498,816,98.85,94.6,2026-08-07T07:48:15.697Z
2023,전문대학,사립,,전남,기존,0000474,목포과학대학교,885,1098,885,213,938,848,90,95.82,85.43,2026-08-07T07:48:15.697Z
2023,전문대학,사립,,경북,기존,0000475,문경대학교,268,370,268,102,243,218,25,81.34,65.68,2026-08-07T07:48:15.697Z
2023,전문대학,사립,,서울,기존,0000476,배화여자대학교,1101,1551,1101,450,1398,1101,297,100,90.14,2026-08-07T07:48:15.697Z
2023,전문대학,사립,,충남,기존,0000543,백석문화대학교,1496,2126,1496,630,1737,1342,395,89.71,81.7,2026-08-07T07:48:15.697Z
2023,전문대학,사립,,전북,기존,0000477,백제예술대학교,507,566,507,59,428,410,18,80.87,75.62,2026-08-07T07:48:15.697Z
2023,전문대학,사립,,부산,기존,0000479,부산경상대학교,1030,1358,1030,328,1016,886,130,86.02,74.82,2026-08-07T07:48:15.697Z
2023,전문대학,사립,,부산,기존,0000481,부산과학기술대학교,1194,1981,1194,787,1468,1075,393,90.03,74.1,2026-08-07T07:48:15.697Z
2023,전문대학,사립,,부산,기존,0000467,부산보건대학교,881,1187,793,394,896,687,209,86.63,75.48,2026-08-07T07:48:15.697Z
2023,전문대학,사립,,부산,기존,0000480,부산여자대학교,618,950,618,332,701,586,115,94.82,73.79,2026-08-07T07:48:15.697Z
2023,전문대학,사립,,부산,기존,0000561,부산예술대학교,450,474,450,24,383,358,25,79.56,80.8,2026-08-07T07:48:15.697Z
2023,전문대학,사립,,경기,기존,0000482,부천대학교,2216,4301,2216,2085,3284,2216,1068,100,76.35,2026-08-07T07:48:15.697Z
2023,전문대학,사립,,서울,기존,0000483,삼육보건대학교,384,603,384,219,503,384,119,100,83.42,2026-08-07T07:48:15.697Z
2023,전문대학,사립,,경북,폐교,0002645,서라벌대학교,235,424,235,189,253,234,19,99.57,59.67,2026-08-07T07:48:15.697Z
2023,전문대학,사립,,광주,기존,0002646,서영대학교,1703,2672,1703,969,2188,1619,569,95.07,81.89,2026-08-07T07:48:15.697Z
2023,전문대학,사립,,서울,기존,0002973,서울여자간호대학교,168,230,168,62,229,168,61,100,99.57,2026-08-07T07:48:15.697Z
2023,전문대학,사립,,경기,기존,0000489,서울예술대학교,581,1140,581,559,1130,581,549,100,99.12,2026-08-07T07:48:15.697Z
2023,전문대학,사립,,서울,기존,0000490,서일대학교,2125,3008,2125,883,2709,2125,584,100,90.06,2026-08-07T07:48:15.697Z
2023,전문대학,사립,,경기,기존,0000566,서정대학교,1370,3873,1370,2503,3057,1370,1687,100,78.93,2026-08-07T07:48:15.697Z
2023,전문대학,사립,,경북,기존,0000550,선린대학교,672,916,672,244,717,567,150,84.38,78.28,2026-08-07T07:48:15.697Z
2023,전문대학,사립,,경북,기존,0002647,성운대학교,540,961,540,421,755,540,215,100,78.56,2026-08-07T07:48:15.697Z
2023,전문대학,사립,,강원,기존,0000515,세경대학교,408,550,408,142,410,355,55,87.01,74.55,2026-08-07T07:48:15.697Z
2023,전문대학,사립,,강원,기존,0000567,송곡대학교,200,324,200,124,297,181,116,90.5,91.67,2026-08-07T07:48:15.697Z
2023,전문대학,사립,,강원,기존,0000564,송호대학교,330,473,330,143,341,270,71,81.82,72.09,2026-08-07T07:48:15.697Z
2023,전문대학,사립,,대구,기존,0002649,수성대학교,1212,1499,1212,287,1485,1212,273,100,99.07,2026-08-07T07:48:15.697Z
2023,전문대학,사립,,경기,기존,0000497,수원과학대학교,2005,2197,2005,192,1163,1064,99,53.07,52.94,2026-08-07T07:48:15.697Z
2023,전문대학,사립,,경기,기존,0000496,수원여자대학교,1443,1899,1443,456,1604,1290,314,89.4,84.47,2026-08-07T07:48:15.697Z
2023,전문대학,사립,,전남,기존,0000498,순천제일대학교,1004,1295,1004,291,1153,936,217,93.23,89.03,2026-08-07T07:48:15.697Z
2023,전문대학,사립,,서울,기존,0000500,숭의여자대학교,1375,1688,1375,313,1583,1375,208,100,93.78,2026-08-07T07:48:15.697Z
2023,전문대학,사립,,경기,기존,0000501,신구대학교,2300,3342,2300,1042,2886,2300,586,100,86.36,2026-08-07T07:48:15.697Z
2023,전문대학,사립,,충남,기존,0000502,신성대학교,1180,1411,1075,336,1100,864,236,80.37,77.96,2026-08-07T07:48:15.697Z
2023,전문대학,사립,,경기,기존,0000506,신안산대학교,1050,1727,1050,677,954,797,157,75.9,55.24,2026-08-07T07:48:15.697Z
2023,전문대학,사립,,충남,기존,0000454,아주자동차대학교,410,429,350,79,398,345,53,98.57,92.77,2026-08-07T07:48:15.697Z
2023,전문대학,사립,,경북,기존,0002650,안동과학대학교,730,1037,730,307,835,682,153,93.42,80.52,2026-08-07T07:48:15.697Z
2023,전문대학,사립,,경기,기존,0000507,안산대학교,1473,2072,1473,599,1892,1422,470,96.54,91.31,2026-08-07T07:48:15.697Z
2023,전문대학,사립,,경기,기존,0000510,여주대학교,1492,2175,1492,683,1287,1009,278,67.63,59.17,2026-08-07T07:48:15.697Z
2023,전문대학,사립,,경기,기존,0002651,연성대학교,2229,2990,2229,761,2684,2229,455,100,89.77,2026-08-07T07:48:15.697Z
2023,전문대학,사립,,경남,기존,0002652,연암공과대학교,496,505,445,60,489,445,44,100,96.83,2026-08-07T07:48:15.697Z
2023,전문대학,사립,,충남,기존,0000512,연암대학교,483,662,483,179,592,482,110,99.79,89.43,2026-08-07T07:48:15.697Z
2023,전문대학,사립,,경북,기존,0000418,영남외국어대학,287,386,287,99,218,177,41,61.67,56.48,2026-08-07T07:48:15.697Z
2023,전문대학,사립,,대구,기존,0000513,영남이공대학교,2188,2945,2188,757,2686,2188,498,100,91.21,2026-08-07T07:48:15.697Z
2023,사이버대학(전문대학),사립,,대구,기존,0000575,영진사이버대학교,1300,2987,1300,1687,1589,1172,417,90.15,53.2,2026-08-07T07:48:15.697Z
2023,전문대학,사립,,대구,기존,0000517,영진전문대학교,2507,4087,2507,1580,3284,2502,782,99.8,80.35,2026-08-07T07:48:15.697Z
2023,전문대학,사립,,경기,기존,0002653,오산대학교,1777,2504,1777,727,2045,1691,354,95.16,81.67,2026-08-07T07:48:15.697Z
2023,전문대학,사립,,경기,기존,0000520,용인예술과학대학교,1210,1511,1210,301,1094,944,150,78.02,72.4,2026-08-07T07:48:15.697Z
2023,전문대학,사립,,대전,기존,0000452,우송정보대학,1556,2004,1556,448,1536,1447,89,92.99,76.65,2026-08-07T07:48:15.697Z
2023,전문대학,사립,,울산,기존,0000521,울산과학대학교,1602,2390,1602,788,1933,1524,409,95.13,80.88,2026-08-07T07:48:15.697Z
2023,전문대학,사립,,경기,기존,0000568,웅지세무대학교,419,442,419,23,151,151,0,36.04,34.16,2026-08-07T07:48:15.697Z
2023,전문대학,사립,,전북,기존,0000523,원광보건대학교,1311,1988,1291,697,1514,1143,371,88.54,76.16,2026-08-07T07:48:15.697Z
2023,전문대학,사립,,경기,기존,0000524,유한대학교,1770,2345,1770,575,2014,1770,244,100,85.88,2026-08-07T07:48:15.697Z
2023,전문대학,사립,,서울,기존,0000525,인덕대학교,2104,2957,2104,853,2613,2104,509,100,88.37,2026-08-07T07:48:15.697Z
2023,전문대학,사립,,인천,기존,0002654,인하공업전문대학,2567,3799,2567,1232,3300,2567,733,100,86.86,2026-08-07T07:48:15.697Z
2023,전문대학,사립,,경기,기존,0000527,장안대학교,2130,2419,2015,404,859,730,129,36.23,35.51,2026-08-07T07:48:15.697Z
2023,전문대학,사립,,인천,기존,0000455,재능대학교,1316,1704,1316,388,1353,1185,168,90.05,79.4,2026-08-07T07:48:15.697Z
2023,전문대학,사립,,전남,기존,0000529,전남과학대학교,1064,1853,1064,789,1436,964,472,90.6,77.5,2026-08-07T07:48:15.697Z
2023,전문대학,공립,,전남,기존,0000562,전남도립대학교,450,573,450,123,457,427,30,94.89,79.76,2026-08-07T07:48:15.697Z
2023,전문대학,사립,,전북,기존,0000531,전북과학대학교,605,1096,605,491,675,596,79,98.51,61.59,2026-08-07T07:48:15.697Z
2023,전문대학,사립,,전북,기존,0000437,전주기전대학,813,1023,813,210,767,652,115,80.2,74.98,2026-08-07T07:48:15.697Z
2023,전문대학,사립,,전북,기존,0000530,전주비전대학교,1074,1517,1074,443,1283,919,364,85.57,84.57,2026-08-07T07:48:15.697Z
2023,전문대학,사립,,제주,기존,0000532,제주관광대학교,872,977,802,175,664,622,42,77.56,67.96,2026-08-07T07:48:15.697Z
2023,전문대학,사립,,제주,기존,0002655,제주한라대학교,1484,2657,1484,1173,1570,1162,408,78.3,59.09,2026-08-07T07:48:15.697Z
2023,전문대학,사립,,광주,기존,0002974,조선간호대학교,139,193,139,54,193,139,54,100,100,2026-08-07T07:48:15.697Z
2023,전문대학,사립,,광주,기존,0000534,조선이공대학교,1492,1723,1443,280,1479,1359,120,94.18,85.84,2026-08-07T07:48:15.697Z
2023,전문대학,사립,,경남,기존,0000539,진주보건대학교,674,929,674,255,807,615,192,91.25,86.87,2026-08-07T07:48:15.697Z
2023,전문대학,사립,,경남,기존,0000542,창원문성대학교,468,564,468,96,371,326,45,69.66,65.78,2026-08-07T07:48:15.697Z
2023,전문대학,사립,,경기,기존,0000544,청강문화산업대학교,1122,1478,1122,356,1414,1122,292,100,95.67,2026-08-07T07:48:15.697Z
2023,전문대학,사립,,전남,기존,0002656,청암대학교,852,1073,852,221,817,718,99,84.27,76.14,2026-08-07T07:48:15.697Z
2023,전문대학,사립,,울산,기존,0000545,춘해보건대학교,663,1022,663,359,864,598,266,90.2,84.54,2026-08-07T07:48:15.697Z
2023,전문대학,공립,,충남,기존,0002657,충남도립대학교,456,515,456,59,474,446,28,97.81,92.04,2026-08-07T07:48:15.697Z
2023,전문대학,공립,,충북,기존,0000406,충북도립대학교,400,405,400,5,373,373,0,93.25,92.1,2026-08-07T07:48:15.697Z
2023,전문대학,사립,,충북,기존,0000536,충북보건과학대학교,988,1365,940,425,857,685,172,72.87,62.78,2026-08-07T07:48:15.697Z
2023,전문대학,사립,,충북,기존,0000547,충청대학교,1414,1947,1334,613,1316,1118,198,83.81,67.59,2026-08-07T07:48:15.697Z
2023,전문대학,사립,,경북,기존,0002658,포항대학교,705,1288,705,583,652,599,53,84.96,50.62,2026-08-07T07:48:15.697Z
2023,전문대학,사립,,강원,기존,0000578,한국골프과학기술대학교,160,214,160,54,183,149,34,93.13,85.51,2026-08-07T07:48:15.697Z
2023,전문대학,사립,,경기,기존,0000565,한국관광대학교,930,1109,930,179,549,480,69,51.61,49.5,2026-08-07T07:48:15.697Z
2023,전문대학,특별법국립,,전북,기존,0003019,한국농수산대학교,570,684,570,114,684,570,114,100,100,2026-08-07T07:48:15.697Z
2023,사이버대학(전문대학),사립,,경북,기존,0000576,한국복지사이버대학교,1000,1385,1000,385,1118,1000,118,100,80.72,2026-08-07T07:48:15.697Z
2023,전문대학,사립,,경남,기존,0000570,한국승강기대학교,297,385,297,88,252,214,38,72.05,65.45,2026-08-07T07:48:15.697Z
2023,전문대학,사립,,세종,기존,0000522,한국영상대학교,1096,1851,1096,755,1258,1004,254,91.61,67.96,2026-08-07T07:48:15.697Z
2023,기능대학,사립,,서울,기존,0000585,한국폴리텍 I 대학 서울강서캠퍼스,255,317,255,62,252,216,36,84.71,79.5,2026-08-07T07:48:15.697Z
2023,기능대학,사립,,서울,기존,0000584,한국폴리텍 I 대학 서울정수캠퍼스,525,724,525,199,621,471,150,89.71,85.77,2026-08-07T07:48:15.697Z
2023,기능대학,사립,,경기,기존,0000586,한국폴리텍 I 대학 성남캠퍼스,345,424,345,79,295,267,28,77.39,69.58,2026-08-07T07:48:15.697Z
2023,기능대학,사립,,제주,기존,0002912,한국폴리텍 I 대학 제주캠퍼스,25,30,25,5,30,25,5,100,100,2026-08-07T07:48:15.697Z
2023,기능대학,사립,,인천,기존,0000590,한국폴리텍 II 대학 남인천캠퍼스,25,60,25,35,28,23,5,92,46.67,2026-08-07T07:48:15.697Z
2023,기능대학,사립,,인천,기존,0000589,한국폴리텍 II 대학 인천캠퍼스,800,1139,800,339,677,548,129,68.5,59.44,2026-08-07T07:48:15.697Z
2023,기능대학,사립,,경기,기존,0003105,한국폴리텍 II 대학 화성캠퍼스,0,25,0,25,23,0,23,,92,2026-08-07T07:48:15.697Z
2023,기능대학,사립,,강원,기존,0000594,한국폴리텍 III 대학 강릉캠퍼스,60,72,60,12,55,48,7,80,76.39,2026-08-07T07:48:15.697Z
2023,기능대학,사립,,강원,기존,0002854,한국폴리텍 III 대학 원주캠퍼스,50,81,50,31,60,39,21,78,74.07,2026-08-07T07:48:15.697Z
2023,기능대학,사립,,강원,기존,0000593,한국폴리텍 III 대학 춘천캠퍼스,150,191,150,41,106,95,11,63.33,55.5,2026-08-07T07:48:15.697Z
2023,기능대학,사립,,대전,기존,0000603,한국폴리텍 IV 대학 대전캠퍼스,345,449,345,104,335,294,41,85.22,74.61,2026-08-07T07:48:15.697Z
2023,기능대학,사립,,충남,기존,0000606,한국폴리텍 IV 대학 아산캠퍼스,200,289,200,89,227,167,60,83.5,78.55,2026-08-07T07:48:15.697Z
2023,기능대학,사립,,충북,기존,0000604,한국폴리텍 IV 대학 청주캠퍼스,295,377,291,86,376,290,86,99.66,99.73,2026-08-07T07:48:15.697Z
2023,기능대학,사립,,충남,기존,0000607,한국폴리텍 IV 대학 충남캠퍼스,105,126,105,21,87,74,13,70.48,69.05,2026-08-07T07:48:15.697Z
2023,기능대학,사립,,광주,기존,0000616,한국폴리텍 V 대학 광주캠퍼스,350,453,350,103,386,330,56,94.29,85.21,2026-08-07T07:48:15.697Z
2023,기능대학,사립,,전남,기존,0002975,한국폴리텍 V 대학 순천캠퍼스,0,6,0,6,0,0,0,,0,2026-08-07T07:48:15.697Z
2023,기능대학,사립,,전북,기존,0000620,한국폴리텍 V 대학 익산캠퍼스,50,80,50,30,54,39,15,78,67.5,2026-08-07T07:48:15.697Z
2023,기능대학,사립,,전남,기존,0000619,한국폴리텍 V 대학 전남캠퍼스,100,131,100,31,71,58,13,58,54.2,2026-08-07T07:48:15.697Z
2023,기능대학,사립,,전북,기존,0000617,한국폴리텍 V 대학 전북캠퍼스,250,79,50,29,221,181,40,362,279.75,2026-08-07T07:48:15.697Z
2023,기능대학,사립,,경북,기존,0000624,한국폴리텍 VI 대학 구미캠퍼스,235,300,235,65,249,230,19,97.87,83,2026-08-07T07:48:15.697Z
2023,기능대학,사립,,대구,기존,0000623,한국폴리텍 VI 대학 대구캠퍼스,290,363,290,73,259,217,42,74.83,71.35,2026-08-07T07:48:15.697Z
2023,기능대학,사립,,대구,기존,0000636,한국폴리텍 VI 대학 영남융합기술캠퍼스,120,154,120,34,85,85,0,70.83,55.19,2026-08-07T07:48:15.697Z
2023,기능대학,사립,,경북,기존,0002674,한국폴리텍 VI 대학 영주캠퍼스,25,30,25,5,27,25,2,100,90,2026-08-07T07:48:15.697Z
2023,기능대학,사립,,부산,기존,0003163,한국폴리텍 VII 대학 동부산캠퍼스,0,16,0,16,0,0,0,,0,2026-08-07T07:48:15.697Z
2023,기능대학,사립,,부산,기존,0000632,한국폴리텍 VII 대학 부산캠퍼스,335,431,335,96,336,267,69,79.7,77.96,2026-08-07T07:48:15.697Z
2023,기능대학,사립,,울산,기존,0000633,한국폴리텍 VII 대학 울산캠퍼스,325,390,325,65,359,306,53,94.15,92.05,2026-08-07T07:48:15.697Z
2023,기능대학,사립,,경남,기존,0003157,한국폴리텍 VII 대학 진주캠퍼스,0,5,0,5,0,0,0,,0,2026-08-07T07:48:15.697Z
2023,기능대학,사립,,경남,기존,0000631,한국폴리텍 VII 대학 창원캠퍼스,585,793,585,208,727,585,142,100,91.68,2026-08-07T07:48:15.697Z
2023,기능대학,사립,,경북,기존,0003104,한국폴리텍 특성화대학 로봇캠퍼스,100,120,100,20,83,76,7,76,69.17,2026-08-07T07:48:15.697Z
2023,기능대학,사립,,충남,기존,0000635,한국폴리텍 특성화대학 바이오캠퍼스,180,216,180,36,159,137,22,76.11,73.61,2026-08-07T07:48:15.697Z
2023,기능대학,사립,,경기,기존,0000637,한국폴리텍 특성화대학 반도체융합캠퍼스,305,391,305,86,221,176,45,57.7,56.52,2026-08-07T07:48:15.697Z
2023,기능대학,사립,,경남,기존,0000638,한국폴리텍 특성화대학 항공캠퍼스,200,260,200,60,118,103,15,51.5,45.38,2026-08-07T07:48:15.697Z
2023,전문대학,사립,,강원,기존,0000553,한림성심대학교,859,1188,859,329,1002,752,250,87.54,84.34,2026-08-07T07:48:15.697Z
2023,전문대학,사립,,서울,기존,0000554,한양여자대학교,2523,3271,2523,748,3089,2534,555,100.44,94.44,2026-08-07T07:48:15.697Z
2023,전문대학,사립,,전남,기존,0000555,한영대학교,512,814,512,302,657,512,145,100,80.71,2026-08-07T07:48:15.697Z
2023,전문대학,사립,,충남,기존,0000556,혜전대학교,882,1214,882,332,965,739,226,83.79,79.49,2026-08-07T07:48:15.697Z
2023,전문대학,사립,,경북,기존,0000415,호산대학교,669,936,669,267,834,669,165,100,89.1,2026-08-07T07:48:15.697Z
2022,대학교,사립,,경남,기존,0002748,가야대학교(김해),460,490,463,27,383,357,26,77.10583153,78.16326531,2026-08-07T07:48:15.697Z
2022,대학교,사립,,경기,기존,0000063,가천대학교,4081,4694,4083,611,4675,4083,592,100,99.59522795,2026-08-07T07:48:15.697Z
2022,대학교,사립,,강원,기존,0000072,가톨릭관동대학교,1824,1957,1825,132,1563,1456,107,79.78082192,79.86714359,2026-08-07T07:48:15.697Z
2022,대학교,사립,,충북,기존,0000215,가톨릭꽃동네대학교,108,115,108,7,108,103,5,95.37037037,93.91304348,2026-08-07T07:48:15.697Z
2022,대학교,사립,,경기,기존,0000046,가톨릭대학교,1574,1797,1576,221,1770,1573,197,99.80964467,98.49749583,2026-08-07T07:48:15.697Z
2022,대학교,사립,,서울,기존,0000048,가톨릭대학교_제2캠퍼스,173,185,173,12,184,173,11,100,99.45945946,2026-08-07T07:48:15.697Z
2022,대학교,사립,,서울,기존,0000049,가톨릭대학교_제3캠퍼스,50,54,50,4,49,49,0,98,90.74074074,2026-08-07T07:48:15.697Z
2022,대학교,사립,,서울,기존,0000050,감리교신학대학교,200,219,206,13,94,91,3,44.17475728,42.92237443,2026-08-07T07:48:15.697Z
2022,대학교,사립,,경기,기존,0000051,강남대학교,1491,1629,1491,138,1589,1490,99,99.93293092,97.54450583,2026-08-07T07:48:15.697Z
2022,대학교,사립,,서울,기존,0000079,강서대학교,277,367,277,90,338,277,61,100,92.09809264,2026-08-07T07:48:15.697Z
2022,대학교,국립,,강원,기존,0000003,강원대학교,3093,3320,3100,220,3310,3098,212,99.93548387,99.69879518,2026-08-07T07:48:15.697Z
2022,대학교,국립,,강원,기존,0000004,강원대학교_제2캠퍼스,1432,1522,1438,84,1509,1430,79,99.44367177,99.14586071,2026-08-07T07:48:15.697Z
2022,대학교,사립,,충북,기존,0000053,건국대학교(글로컬)_분교,1569,1693,1571,122,1668,1569,99,99.87269255,98.52333136,2026-08-07T07:48:15.697Z
2022,대학교,사립,,서울,기존,0000052,건국대학교,3000,3507,3021,486,3477,3003,474,99.4041708,99.14456801,2026-08-07T07:48:15.697Z
2022,대학교,사립,,충남,기존,0000054,건양대학교,777,838,779,59,777,743,34,95.37869063,92.72076372,2026-08-07T07:48:15.697Z
2022,대학교,사립,,대전,기존,0000055,건양대학교_제2캠퍼스,846,880,846,34,874,842,32,99.52718676,99.31818182,2026-08-07T07:48:15.697Z
2022,사이버대학(대학),사립,,대전,기존,0000335,건양사이버대학교,900,4756,900,3856,996,731,265,81.22222222,20.94196804,2026-08-07T07:48:15.697Z
2022,대학교,사립,,경기,기존,0000056,경기대학교,2598,2836,2600,236,2799,2598,201,99.92307692,98.69534556,2026-08-07T07:48:15.697Z
2022,대학교,사립,,서울,기존,0000058,경기대학교_제2캠퍼스,328,394,330,64,382,330,52,100,96.95431472,2026-08-07T07:48:15.697Z
2022,대학교,사립,,경남,기존,0000059,경남대학교,2195,2342,2220,122,1920,1841,79,82.92792793,81.98121264,2026-08-07T07:48:15.697Z
2022,대학교,사립,,강원,기존,0000060,경동대학교,1,84,1,83,52,1,51,100,61.9047619,2026-08-07T07:48:15.697Z
2022,대학교,사립,,강원,기존,0002574,경동대학교_제3캠퍼스,989,1073,991,82,1041,960,81,96.87184662,97.01770736,2026-08-07T07:48:15.697Z
2022,대학교,사립,,경기,기존,0002744,경동대학교_제4캠퍼스,654,662,654,8,662,654,8,100,100,2026-08-07T07:48:15.697Z
2022,대학교,국립,,대구,기존,0000005,경북대학교,4629,5174,4637,537,5006,4618,388,99.59025232,96.75299575,2026-08-07T07:48:15.697Z
2022,대학교,국립,,경남,기존,0000007,경상국립대학교,4266,4665,4271,394,4512,4254,258,99.60196675,96.72025723,2026-08-07T07:48:15.697Z
2022,대학교,사립,,부산,기존,0000062,경성대학교,2765,2982,2767,215,2963,2759,204,99.71087821,99.36284373,2026-08-07T07:48:15.697Z
2022,대학교,사립,,경북,기존,0000244,경운대학교,1184,1250,1184,66,1131,1100,31,92.90540541,90.48,2026-08-07T07:48:15.697Z
2022,교육대학,국립,,인천,기존,0000256,경인교육대학교,598,659,601,58,652,595,57,99.00166389,98.93778452,2026-08-07T07:48:15.697Z
2022,대학교,사립,,경북,기존,0000064,경일대학교,1584,1823,1584,239,1645,1494,151,94.31818182,90.23587493,2026-08-07T07:48:15.697Z
2022,대학교,사립,,서울,기존,0000066,경희대학교,4830,5818,4849,969,5796,4835,961,99.71128068,99.62186318,2026-08-07T07:48:15.697Z
2022,사이버대학(대학),사립,,서울,기존,0000318,경희사이버대학교,3000,7967,3000,4967,2833,2207,626,73.56666667,35.55918162,2026-08-07T07:48:15.697Z
2022,대학교,사립,,대구,기존,0000068,계명대학교,4620,5071,4621,450,4898,4612,286,99.80523696,96.58844409,2026-08-07T07:48:15.697Z
2022,대학교,사립,,세종,기존,0000070,고려대학교(세종)_분교,1449,1637,1453,184,1600,1452,148,99.93117688,97.73976787,2026-08-07T07:48:15.697Z
2022,대학교,사립,,서울,기존,0000069,고려대학교,3889,4574,3894,680,4547,3886,661,99.79455573,99.40970704,2026-08-07T07:48:15.697Z
2022,사이버대학(대학),사립,,서울,기존,0000328,고려사이버대학교,2449,5594,2449,3145,2323,2131,192,87.01510821,41.52663568,2026-08-07T07:48:15.697Z
2022,대학교,사립,,부산,기존,0000071,고신대학교,886,938,886,52,823,801,22,90.40632054,87.73987207,2026-08-07T07:48:15.697Z
2022,교육대학,국립,,충남,기존,0000251,공주교육대학교,354,383,354,29,380,354,26,100,99.21671018,2026-08-07T07:48:15.697Z
2022,대학교,사립,,광주,기존,0000073,광신대학교,122,128,122,6,122,122,0,100,95.3125,2026-08-07T07:48:15.697Z
2022,대학교,사립,,서울,기존,0000074,광운대학교,1684,1974,1686,288,1957,1685,272,99.94068802,99.13880446,2026-08-07T07:48:15.697Z
2022,대학교,사립,,전남,기존,0000075,광주가톨릭대학교,40,41,40,1,12,12,0,30,29.26829268,2026-08-07T07:48:15.697Z
2022,대학교,특별법법인,,광주,기존,0000381,광주과학기술원,200,200,200,0,218,218,0,109,109,2026-08-07T07:48:15.697Z
2022,교육대학,국립,,광주,기존,0000252,광주교육대학교,326,353,326,27,347,326,21,100,98.30028329,2026-08-07T07:48:15.697Z
2022,대학교,사립,,광주,기존,0000231,광주대학교,1481,1589,1492,97,1560,1488,72,99.73190349,98.1749528,2026-08-07T07:48:15.697Z
2022,대학교,사립,,광주,기존,0000076,광주여자대학교,920,971,920,51,908,871,37,94.67391304,93.51184346,2026-08-07T07:48:15.697Z
2022,대학교,국립,,강원,기존,0000001,국립강릉원주대학교,1331,1353,1267,86,1304,1242,62,98.02683504,96.37841833,2026-08-07T07:48:15.697Z
2022,대학교,국립,,강원,기존,0000002,국립강릉원주대학교_제2캠퍼스,502,504,478,26,503,477,26,99.79079498,99.8015873,2026-08-07T07:48:15.697Z
2022,대학교,국립,,경북,기존,0000021,국립경국대학교,1411,1533,1413,120,1188,1128,60,79.83014862,77.49510763,2026-08-07T07:48:15.697Z
2022,대학교,국립,,충남,기존,0000008,국립공주대학교,2815,3505,2821,684,3237,2819,418,99.92910315,92.35378031,2026-08-07T07:48:15.697Z
2022,대학교,국립,,전북,기존,0000009,국립군산대학교,1735,1924,1738,186,1522,1448,74,83.3141542,79.10602911,2026-08-07T07:48:15.697Z
2022,대학교,국립,,경북,기존,0000010,국립금오공과대학교,1218,1443,1220,223,1313,1216,97,99.67213115,90.99099099,2026-08-07T07:48:15.697Z
2022,대학교,국립,,전남,기존,0000011,국립목포대학교,1591,1919,1601,318,1557,1376,181,85.94628357,81.13600834,2026-08-07T07:48:15.697Z
2022,대학교,국립,,전남,기존,0000012,국립목포해양대학교,691,767,693,74,713,687,26,99.13419913,92.95958279,2026-08-07T07:48:15.697Z
2022,대학교,국립,,부산,기존,0000013,국립부경대학교,3270,3721,3277,444,3619,3271,348,99.81690571,97.2588014,2026-08-07T07:48:15.697Z
2022,대학교,국립,,전남,기존,0000020,국립순천대학교,1658,1879,1664,215,1632,1521,111,91.40625,86.85470995,2026-08-07T07:48:15.697Z
2022,대학교,국립,,경남,기존,0000028,국립창원대학교,1754,2016,1759,257,1867,1736,131,98.69243889,92.60912698,2026-08-07T07:48:15.697Z
2022,대학교,국립,,충북,기존,0000034,국립한국교통대학교,1911,2206,1915,291,2118,1909,209,99.68668407,96.01087942,2026-08-07T07:48:15.697Z
2022,대학교,국립,,부산,기존,0000033,국립한국해양대학교,1372,1563,1373,190,1494,1373,121,100,95.58541267,2026-08-07T07:48:15.697Z
2022,대학교,국립,,대전,기존,0000039,국립한밭대학교,1886,2144,1890,254,2079,1884,195,99.68253968,96.96828358,2026-08-07T07:48:15.697Z
2022,대학교,사립,,서울,기존,0000078,국민대학교,2966,3588,2972,616,3463,2972,491,100,96.51616499,2026-08-07T07:48:15.697Z
2022,사이버대학(대학),사립,,경기,기존,0000319,국제사이버대학교,900,2837,900,1937,984,874,110,97.11111111,34.68452591,2026-08-07T07:48:15.697Z
2022,대학교,사립,,충북,기존,0000080,극동대학교,871,934,872,62,582,532,50,61.00917431,62.31263383,2026-08-07T07:48:15.697Z
2022,사이버대학(대학),사립,,충남,기존,0000334,글로벌사이버대학교,1100,1549,1100,449,735,734,1,66.72727273,47.44996772,2026-08-07T07:48:15.697Z
2022,대학교,사립,,충남,기존,0000224,금강대학교,110,116,110,6,33,33,0,30,28.44827586,2026-08-07T07:48:15.697Z
2022,대학교,사립,,경북,기존,0000241,김천대학교,665,704,665,39,645,616,29,92.63157895,91.61931818,2026-08-07T07:48:15.697Z
2022,대학교,사립,,충남,기존,0000081,나사렛대학교,1211,1383,1212,171,1298,1192,106,98.34983498,93.85394071,2026-08-07T07:48:15.697Z
2022,대학교,사립,,광주,기존,0000216,남부대학교,656,697,658,39,636,606,30,92.09726444,91.2482066,2026-08-07T07:48:15.697Z
2022,대학교,사립,,충남,기존,0000245,남서울대학교,2187,2338,2187,151,2335,2187,148,100,99.8716852,2026-08-07T07:48:15.697Z
2022,대학교,사립,,경기,기존,0000082,단국대학교,2275,2659,2283,376,2618,2279,339,99.82479194,98.45806694,2026-08-07T07:48:15.697Z
2022,대학교,사립,,충남,기존,0002726,단국대학교_제2캠퍼스,2355,2541,2361,180,2521,2354,167,99.70351546,99.2129083,2026-08-07T07:48:15.697Z
2022,대학교,사립,,경북,기존,0000088,대구가톨릭대학교,2887,3103,2887,216,2760,2630,130,91.09802563,88.94618112,2026-08-07T07:48:15.697Z
2022,대학교,특별법법인,,대구,기존,0000382,대구경북과학기술원,220,220,220,0,222,222,0,100.9090909,100.9090909,2026-08-07T07:48:15.697Z
2022,교육대학,국립,,대구,기존,0000253,대구교육대학교,383,421,383,38,420,382,38,99.73890339,99.76247031,2026-08-07T07:48:15.697Z
2022,대학교,사립,,경북,기존,0000084,대구대학교,3850,4515,3852,663,3819,3528,291,91.58878505,84.58471761,2026-08-07T07:48:15.697Z
2022,사이버대학(대학),사립,,경북,기존,0000320,대구사이버대학교,1500,3942,1500,2442,1808,1207,601,80.46666667,45.86504313,2026-08-07T07:48:15.697Z
2022,대학교,사립,,경북,기존,0000087,대구예술대학교,330,347,330,17,77,77,0,23.33333333,22.19020173,2026-08-07T07:48:15.697Z
2022,대학교,사립,,경북,기존,0000061,대구한의대학교,1518,1662,1519,143,1612,1483,129,97.63001975,96.99157641,2026-08-07T07:48:15.697Z
2022,대학교,사립,,경북,기존,0000093,대신대학교,116,117,116,1,117,116,1,100,100,2026-08-07T07:48:15.697Z
2022,대학교,사립,,세종,기존,0000094,대전가톨릭대학교,40,41,40,1,12,11,1,27.5,29.26829268,2026-08-07T07:48:15.697Z
2022,대학교,사립,,대전,기존,0000095,대전대학교,1962,2116,1965,151,2042,1943,99,98.88040712,96.50283554,2026-08-07T07:48:15.697Z
2022,대학교,사립,,대전,기존,0000238,대전신학대학교,32,42,32,10,8,8,0,25,19.04761905,2026-08-07T07:48:15.697Z
2022,대학교,사립,,경기,기존,0000097,대진대학교,1793,1916,1793,123,1900,1793,107,100,99.16492693,2026-08-07T07:48:15.697Z
2022,대학교,사립,,서울,기존,0000099,덕성여자대학교,1120,1223,1123,100,1210,1122,88,99.9109528,98.93704007,2026-08-07T07:48:15.697Z
2022,대학교,사립,,경북,기존,0000101,동국대학교(WISE)_분교,1754,1897,1758,139,1836,1754,82,99.77246871,96.78439642,2026-08-07T07:48:15.697Z
2022,대학교,사립,,서울,기존,0000100,동국대학교,2778,3231,2783,448,3225,2781,444,99.92813511,99.81429898,2026-08-07T07:48:15.697Z
2022,대학교,사립,,서울,기존,0000102,동덕여자대학교,1577,1775,1578,197,1747,1577,170,99.93662864,98.42253521,2026-08-07T07:48:15.697Z
2022,대학교,사립,,부산,기존,0000235,동명대학교,1638,1830,1634,196,1518,1400,118,85.67931457,82.95081967,2026-08-07T07:48:15.697Z
2022,대학교,사립,,부산,기존,0000103,동서대학교,2098,2353,2107,246,2090,1921,169,91.17228287,88.82277943,2026-08-07T07:48:15.697Z
2022,대학교,사립,,전남,기존,0000104,동신대학교,1548,1664,1566,98,1529,1454,75,92.84802043,91.88701923,2026-08-07T07:48:15.697Z
2022,대학교,사립,,부산,기존,0000105,동아대학교,4058,4521,4066,455,4388,4062,326,99.90162322,97.05817297,2026-08-07T07:48:15.697Z
2022,대학교,사립,,경북,기존,0000106,동양대학교,990,1049,994,55,994,947,47,95.27162978,94.75691134,2026-08-07T07:48:15.697Z
2022,대학교,사립,,부산,기존,0000107,동의대학교,3635,4016,3638,378,3826,3526,300,96.92138538,95.2689243,2026-08-07T07:48:15.697Z
2022,사이버대학(대학),사립,,서울,기존,0000330,디지털서울문화예술대학교,990,2598,990,1608,755,692,63,69.8989899,29.06081601,2026-08-07T07:48:15.697Z
2022,대학교,사립,,경기,기존,0000108,루터대학교,85,92,85,7,88,85,3,100,95.65217391,2026-08-07T07:48:15.697Z
2022,대학교,사립,,경기,기존,0000109,명지대학교,1397,1489,1398,91,1482,1397,85,99.92846924,99.52988583,2026-08-07T07:48:15.697Z
2022,대학교,사립,,서울,기존,0000111,명지대학교_제2캠퍼스,1263,1638,1270,368,1619,1268,351,99.84251969,98.84004884,2026-08-07T07:48:15.697Z
2022,대학교,사립,,대전,기존,0000112,목원대학교,1822,1957,1822,135,1885,1787,98,98.07903403,96.32089934,2026-08-07T07:48:15.697Z
2022,대학교,사립,,전남,기존,0000221,목포가톨릭대학교,120,126,120,6,126,120,6,100,100,2026-08-07T07:48:15.697Z
2022,대학교,사립,,대전,기존,0000113,배재대학교,2032,2166,2034,132,1989,1894,95,93.11701082,91.82825485,2026-08-07T07:48:15.697Z
2022,대학교,사립,,충남,기존,0000178,백석대학교,2990,3252,2991,261,3160,2987,173,99.86626546,97.17097171,2026-08-07T07:48:15.697Z
2022,대학교,사립,,부산,기존,0000114,부산가톨릭대학교,735,810,735,75,764,689,75,93.7414966,94.32098765,2026-08-07T07:48:15.697Z
2022,교육대학,국립,,부산,기존,0000254,부산교육대학교,356,387,356,31,382,353,29,99.15730337,98.70801034,2026-08-07T07:48:15.697Z
2022,대학교,국립,,부산,기존,0000014,부산대학교,4257,4678,4262,416,4613,4250,363,99.71844205,98.61051732,2026-08-07T07:48:15.697Z
2022,사이버대학(대학),사립,,부산,기존,0000321,부산디지털대학교,1000,3417,1000,2417,695,685,10,68.5,20.33947908,2026-08-07T07:48:15.697Z
2022,대학교,사립,,부산,기존,0000115,부산외국어대학교,1660,1803,1659,144,1455,1366,89,82.33875829,80.69883527,2026-08-07T07:48:15.697Z
2022,대학교,사립,,경남,기존,0000222,부산장신대학교,32,35,32,3,32,32,0,100,91.42857143,2026-08-07T07:48:15.697Z
2022,사이버대학(대학),사립,,서울,기존,0000332,사이버한국외국어대학교,1600,3380,1600,1780,1854,1288,566,80.5,54.85207101,2026-08-07T07:48:15.697Z
2022,대학교,사립,,서울,기존,0000116,삼육대학교,1137,1243,1138,105,1224,1139,85,100.0878735,98.47144006,2026-08-07T07:48:15.697Z
2022,대학교,사립,,서울,기존,0000117,상명대학교,1379,1595,1380,215,1567,1380,187,100,98.24451411,2026-08-07T07:48:15.697Z
2022,대학교,사립,,충남,기존,0002959,상명대학교_제2캠퍼스,1367,1449,1367,82,1445,1366,79,99.92684711,99.72394755,2026-08-07T07:48:15.697Z
2022,대학교,사립,,강원,기존,0000119,상지대학교,2118,2310,2144,166,1540,1486,54,69.30970149,66.66666667,2026-08-07T07:48:15.697Z
2022,대학교,사립,,서울,기존,0000120,서강대학교,1574,1855,1582,273,1826,1573,253,99.43109987,98.43665768,2026-08-07T07:48:15.697Z
2022,대학교,사립,,서울,기존,0000121,서경대학교,1269,1752,1271,481,1618,1271,347,100,92.35159817,2026-08-07T07:48:15.697Z
2022,대학교,국립,,서울,기존,0000036,서울과학기술대학교,2157,2416,2157,259,2415,2155,260,99.90727863,99.95860927,2026-08-07T07:48:15.697Z
2022,교육대학,국립,,서울,기존,0000255,서울교육대학교,355,395,355,40,393,353,40,99.43661972,99.49367089,2026-08-07T07:48:15.697Z
2022,대학교,사립,,서울,기존,0000098,서울기독대학교,136,150,141,9,68,66,2,46.80851064,45.33333333,2026-08-07T07:48:15.697Z
2022,대학교,국립대법인,,서울,기존,0000019,서울대학교,3233,3493,3230,263,3484,3222,262,99.75232198,99.74234183,2026-08-07T07:48:15.697Z
2022,사이버대학(대학),사립,,서울,기존,0000322,서울디지털대학교,3000,7724,3000,4724,2736,1799,937,59.96666667,35.42206111,2026-08-07T07:48:15.697Z
2022,사이버대학(대학),사립,,서울,기존,0000323,서울사이버대학교,3270,11297,3270,8027,4934,3264,1670,99.81651376,43.67531203,2026-08-07T07:48:15.697Z
2022,대학교,공립,,서울,기존,0000040,서울시립대학교,1737,1867,1744,123,1861,1743,118,99.94266055,99.67862882,2026-08-07T07:48:15.697Z
2022,대학교,사립,,경기,기존,0000125,서울신학대학교,457,496,457,39,479,457,22,100,96.57258065,2026-08-07T07:48:15.697Z
2022,대학교,사립,,서울,기존,0000126,서울여자대학교,1645,1783,1647,136,1759,1650,109,100.1821494,98.65395401,2026-08-07T07:48:15.697Z
2022,대학교,사립,,경기,기존,0000127,서울장신대학교,104,117,104,13,68,67,1,64.42307692,58.11965812,2026-08-07T07:48:15.697Z
2022,대학교,사립,,서울,기존,0000205,서울한영대학교,180,214,180,34,178,163,15,90.55555556,83.17757009,2026-08-07T07:48:15.697Z
2022,대학교,사립,,충북,기존,0000128,서원대학교,1622,1835,1623,212,1745,1622,123,99.93838571,95.09536785,2026-08-07T07:48:15.697Z
2022,대학교,사립,,충남,기존,0000129,선문대학교,2053,2289,2052,237,2236,2048,188,99.80506823,97.68457842,2026-08-07T07:48:15.697Z
2022,대학교,사립,,경기,기존,0000131,성결대학교,1228,1321,1228,93,1297,1228,69,100,98.18319455,2026-08-07T07:48:15.697Z
2022,대학교,사립,,서울,기존,0000132,성공회대학교,502,540,503,37,529,502,27,99.80119284,97.96296296,2026-08-07T07:48:15.697Z
2022,대학교,사립,,서울,기존,0000133,성균관대학교,3335,4167,3346,821,4150,3342,808,99.88045427,99.59203264,2026-08-07T07:48:15.697Z
2022,대학교,사립,,서울,기존,0000136,성신여자대학교,2232,2456,2232,224,2436,2228,208,99.82078853,99.18566775,2026-08-07T07:48:15.697Z
2022,대학교,사립,,충북,기존,0000137,세명대학교,1820,1932,1824,108,1566,1463,103,80.20833333,81.05590062,2026-08-07T07:48:15.697Z
2022,대학교,사립,,서울,기존,0000138,세종대학교,2400,2925,2401,524,2879,2394,485,99.70845481,98.42735043,2026-08-07T07:48:15.697Z
2022,사이버대학(대학),사립,,서울,기존,0000325,세종사이버대학교,2180,5175,2180,2995,3051,1966,1085,90.18348624,58.95652174,2026-08-07T07:48:15.697Z
2022,대학교,사립,,전남,기존,0000092,세한대학교,817,865,816,49,836,811,25,99.3872549,96.64739884,2026-08-07T07:48:15.697Z
2022,대학교,사립,,광주,기존,0000243,송원대학교,700,755,700,55,733,699,34,99.85714286,97.08609272,2026-08-07T07:48:15.697Z
2022,대학교,사립,,경기,기존,0000139,수원가톨릭대학교,90,91,90,1,24,24,0,26.66666667,26.37362637,2026-08-07T07:48:15.697Z
2022,대학교,사립,,경기,기존,0000140,수원대학교,2130,2290,2131,159,2249,2131,118,100,98.20960699,2026-08-07T07:48:15.697Z
2022,대학교,사립,,서울,기존,0000141,숙명여자대학교,2150,2461,2158,303,2452,2158,294,100,99.634295,2026-08-07T07:48:15.697Z
2022,각종학교(대학),사립,,충북,기존,0000317,순복음총회신학교,64,64,64,0,37,37,0,57.8125,57.8125,2026-08-07T07:48:15.697Z
2022,대학교,사립,,충남,기존,0000142,순천향대학교,2352,2878,2356,522,2673,2354,319,99.91511036,92.87699792,2026-08-07T07:48:15.697Z
2022,대학교,사립,,서울,기존,0000143,숭실대학교,2700,3254,2704,550,3206,2699,507,99.81508876,98.52489244,2026-08-07T07:48:15.697Z
2022,사이버대학(대학),사립,,서울,기존,0000329,숭실사이버대학교,1650,4473,1650,2823,2299,1505,794,91.21212121,51.39727252,2026-08-07T07:48:15.697Z
2022,대학교,사립,,경북,기존,0000065,신경주대학교,762,726,685,41,214,210,4,30.65693431,29.47658402,2026-08-07T07:48:15.697Z
2022,대학교,사립,,부산,기존,0000144,신라대학교,1846,2014,1846,168,1422,1341,81,72.64355363,70.60575968,2026-08-07T07:48:15.697Z
2022,대학교,사립,,경기,기존,0002712,신한대학교,318,349,318,31,336,318,18,100,96.27507163,2026-08-07T07:48:15.697Z
2022,대학교,사립,,경기,기존,0002800,신한대학교_제2캠퍼스,1087,1204,1087,117,1174,1087,87,100,97.50830565,2026-08-07T07:48:15.697Z
2022,대학교,사립,,경기,기존,0000145,아신대학교,160,172,160,12,50,49,1,30.625,29.06976744,2026-08-07T07:48:15.697Z
2022,대학교,사립,,경기,기존,0000146,아주대학교,1876,2192,1880,312,2176,1879,297,99.94680851,99.27007299,2026-08-07T07:48:15.697Z
2022,대학교,사립,,경기,기존,0000147,안양대학교,1009,1147,1013,134,1083,1009,74,99.60513327,94.42022668,2026-08-07T07:48:15.697Z
2022,대학교,사립,,인천,기존,0000148,안양대학교_제2캠퍼스,142,142,142,0,137,137,0,96.47887324,96.47887324,2026-08-07T07:48:15.697Z
2022,대학교,사립,,강원,기존,0000150,연세대학교(미래)_분교,1319,1488,1325,163,1462,1322,140,99.77358491,98.25268817,2026-08-07T07:48:15.697Z
2022,대학교,사립,,서울,기존,0000149,연세대학교,3457,4116,3463,653,4094,3451,643,99.65347964,99.46550049,2026-08-07T07:48:15.697Z
2022,대학교,사립,,경북,기존,0000151,영남대학교,4587,4935,4592,343,4859,4587,272,99.89111498,98.45997974,2026-08-07T07:48:15.697Z
2022,대학교,사립,,경북,기존,0000153,영남신학대학교,115,123,115,8,100,100,0,86.95652174,81.30081301,2026-08-07T07:48:15.697Z
2022,대학교,사립,,경남,기존,0003193,영산대학교,575,618,575,43,469,447,22,77.73913043,75.88996764,2026-08-07T07:48:15.697Z
2022,대학교,사립,,부산,기존,0003194,영산대학교_제2캠퍼스,831,934,831,103,785,729,56,87.72563177,84.04710921,2026-08-07T07:48:15.697Z
2022,대학교,사립,,전남,기존,0000155,영산선학대학교,50,52,50,2,8,8,0,16,15.38461538,2026-08-07T07:48:15.697Z
2022,대학교,사립,,전북,기존,0000228,예수대학교,115,123,115,8,121,115,6,100,98.37398374,2026-08-07T07:48:15.697Z
2022,대학교,사립,,전북,기존,0000218,예원예술대학교,186,211,188,23,202,186,16,98.93617021,95.73459716,2026-08-07T07:48:15.697Z
2022,대학교,사립,,경기,기존,0000219,예원예술대학교_제2캠퍼스,89,90,90,0,91,85,6,94.44444444,101.1111111,2026-08-07T07:48:15.697Z
2022,대학교,사립,,경기,기존,0000156,용인대학교,1262,1363,1264,99,1340,1262,78,99.84177215,98.31254585,2026-08-07T07:48:15.697Z
2022,대학교,사립,,전북,기존,0000157,우석대학교,1735,1873,1746,127,1475,1376,99,78.80870561,78.75066738,2026-08-07T07:48:15.697Z
2022,대학교,사립,,대전,기존,0000240,우송대학교,2004,2271,2004,267,2218,1999,219,99.750499,97.66622633,2026-08-07T07:48:15.697Z
2022,대학교,특별법법인,,울산,기존,0000250,울산과학기술원,400,440,400,40,447,408,39,102,101.5909091,2026-08-07T07:48:15.697Z
2022,대학교,사립,,울산,기존,0000158,울산대학교,2748,2990,2754,236,2896,2722,174,98.83805374,96.85618729,2026-08-07T07:48:15.697Z
2022,대학교,사립,,전북,기존,0000159,원광대학교,3230,3411,3233,178,2990,2846,144,88.02969378,87.65757842,2026-08-07T07:48:15.697Z
2022,사이버대학(대학),사립,,전북,기존,0000327,원광디지털대학교,1500,9243,1500,7743,1509,1291,218,86.06666667,16.32586822,2026-08-07T07:48:15.697Z
2022,대학교,사립,,경북,기존,0000160,위덕대학교,756,797,756,41,693,691,2,91.4021164,86.9510665,2026-08-07T07:48:15.697Z
2022,대학교,사립,,충북,기존,0000154,유원대학교,875,930,879,51,905,877,28,99.77246871,97.31182796,2026-08-07T07:48:15.697Z
2022,대학교,사립,,대전,기존,0000161,을지대학교,40,49,40,9,49,40,9,100,100,2026-08-07T07:48:15.697Z
2022,대학교,사립,,경기,기존,0000162,을지대학교_제2캠퍼스,827,882,827,55,873,827,46,100,98.97959184,2026-08-07T07:48:15.697Z
2022,대학교,사립,,경기,기존,0002911,을지대학교_제3캠퍼스,192,204,192,12,201,192,9,100,98.52941176,2026-08-07T07:48:15.697Z
2022,대학교,사립,,서울,기존,0000163,이화여자대학교,3127,3504,3133,371,3487,3122,365,99.64889882,99.51484018,2026-08-07T07:48:15.697Z
2022,대학교,사립,,경남,기존,0000164,인제대학교,1895,2113,1897,216,1540,1424,116,75.06589352,72.88215807,2026-08-07T07:48:15.697Z
2022,대학교,사립,,인천,기존,0000168,인천가톨릭대학교,13,15,13,2,12,12,0,92.30769231,80,2026-08-07T07:48:15.697Z
2022,대학교,사립,,인천,기존,0000167,인천가톨릭대학교_제2캠퍼스,153,172,153,19,162,153,9,100,94.18604651,2026-08-07T07:48:15.697Z
2022,대학교,국립대법인,,인천,기존,0002660,인천대학교,2492,2787,2494,293,2696,2493,203,99.95990377,96.73484033,2026-08-07T07:48:15.697Z
2022,대학교,사립,,인천,기존,0000169,인하대학교,3543,4070,3546,524,4041,3543,498,99.91539763,99.28746929,2026-08-07T07:48:15.697Z
2022,대학교,사립,,서울,기존,0000170,장로회신학대학교,150,161,150,11,155,150,5,100,96.27329193,2026-08-07T07:48:15.697Z
2022,대학교,국립,,광주,기존,0000023,전남대학교,3417,3717,3418,299,3676,3415,261,99.91222937,98.89695991,2026-08-07T07:48:15.697Z
2022,대학교,국립,,전남,기존,0000024,전남대학교_제2캠퍼스,831,1007,833,174,907,798,109,95.79831933,90.06951341,2026-08-07T07:48:15.697Z
2022,대학교,국립,,전북,기존,0000025,전북대학교,3848,4454,3859,595,4225,3844,381,99.61129826,94.85855411,2026-08-07T07:48:15.697Z
2022,교육대학,국립,,전북,기존,0000258,전주교육대학교,285,310,287,23,303,284,19,98.95470383,97.74193548,2026-08-07T07:48:15.697Z
2022,대학교,사립,,전북,기존,0000171,전주대학교,2557,2839,2557,282,2677,2499,178,97.73171686,94.29376541,2026-08-07T07:48:15.697Z
2022,기술대학,사립,,서울,기존,0000288,정석대학,25,100,100,0,17,17,0,17,17,2026-08-07T07:48:15.697Z
2022,대학교,사립,,제주,기존,0000248,제주국제대학교,370,420,370,50,61,60,1,16.21621622,14.52380952,2026-08-07T07:48:15.697Z
2022,대학교,국립,,제주,기존,0000027,제주대학교,2175,2520,2179,341,2345,2172,173,99.67875172,93.05555556,2026-08-07T07:48:15.697Z
2022,대학교,사립,,광주,기존,0000172,조선대학교,4367,4791,4385,406,4652,4369,283,99.63511973,97.09872678,2026-08-07T07:48:15.697Z
2022,대학교,사립,,충남,기존,0000173,중부대학교,1945,2054,1945,109,1816,1708,108,87.81491003,88.41285297,2026-08-07T07:48:15.697Z
2022,대학교,사립,,서울,기존,0000175,중앙대학교,3250,4091,3279,812,4066,3261,805,99.45105215,99.38890247,2026-08-07T07:48:15.697Z
2022,대학교,사립,,경기,기존,0000174,중앙대학교_제2캠퍼스,1208,1301,1219,82,1299,1217,82,99.83593109,99.8462721,2026-08-07T07:48:15.697Z
2022,대학교,사립,,경기,기존,0000177,중앙승가대학교,120,120,120,0,19,19,0,15.83333333,15.83333333,2026-08-07T07:48:15.697Z
2022,대학교,사립,,충북,기존,0000239,중원대학교,921,942,888,54,770,746,24,84.00900901,81.74097665,2026-08-07T07:48:15.697Z
2022,교육대학,국립,,경남,기존,0000260,진주교육대학교,319,346,319,27,338,319,19,100,97.68786127,2026-08-07T07:48:15.697Z
2022,대학교,사립,,경기,기존,0000187,차의과학대학교,504,541,504,37,539,504,35,100,99.63031423,2026-08-07T07:48:15.697Z
2022,대학교,사립,,경남,기존,0000249,창신대학교,325,343,325,18,343,325,18,100,100,2026-08-07T07:48:15.697Z
2022,산업대학,사립,,충남,기존,0000284,청운대학교,1203,1705,1215,490,1288,1094,194,90.04115226,75.54252199,2026-08-07T07:48:15.697Z
2022,교육대학,국립,,충북,기존,0000261,청주교육대학교,286,312,287,25,309,287,22,100,99.03846154,2026-08-07T07:48:15.697Z
2022,대학교,사립,,충북,기존,0000179,청주대학교,2652,2857,2657,200,2784,2647,137,99.62363568,97.44487224,2026-08-07T07:48:15.697Z
2022,대학교,사립,,전남,기존,0000246,초당대학교,752,828,752,76,824,750,74,99.73404255,99.51690821,2026-08-07T07:48:15.697Z
2022,대학교,사립,,서울,기존,0000180,총신대학교,307,339,307,32,333,307,26,100,98.2300885,2026-08-07T07:48:15.697Z
2022,대학교,사립,,서울,기존,0000181,추계예술대학교,250,282,252,30,272,252,20,100,96.45390071,2026-08-07T07:48:15.697Z
2022,교육대학,국립,,강원,기존,0000262,춘천교육대학교,321,343,321,22,337,320,17,99.68847352,98.25072886,2026-08-07T07:48:15.697Z
2022,대학교,국립,,대전,기존,0000029,충남대학교,3598,4043,3605,438,3859,3598,261,99.80582524,95.44892407,2026-08-07T07:48:15.697Z
2022,대학교,국립,,충북,기존,0000030,충북대학교,2806,3128,2810,318,3038,2808,230,99.92882562,97.12276215,2026-08-07T07:48:15.697Z
2022,대학교,사립,,경기,기존,0000184,칼빈대학교,90,103,90,13,98,90,8,100,95.14563107,2026-08-07T07:48:15.697Z
2022,대학교,사립,,경기,기존,0000186,평택대학교,805,822,780,42,813,776,37,99.48717949,98.90510949,2026-08-07T07:48:15.697Z
2022,대학교,사립,,경북,기존,0000188,포항공과대학교,320,330,320,10,329,319,10,99.6875,99.6969697,2026-08-07T07:48:15.697Z
2022,대학교,국립,,경기,기존,0000037,한경국립대학교,1081,1245,1088,157,1207,1084,123,99.63235294,96.94779116,2026-08-07T07:48:15.697Z
2022,대학교,사립,,경기,기존,0000247,한국공학대학교,1380,1889,1381,508,1834,1381,453,100,97.08840656,2026-08-07T07:48:15.697Z
2022,대학교,특별법법인,,대전,기존,0000374,한국과학기술원,970,793,713,80,782,766,16,107.4333801,98.61286255,2026-08-07T07:48:15.697Z
2022,대학교,국립,,충북,기존,0000031,한국교원대학교,546,594,546,48,590,546,44,100,99.32659933,2026-08-07T07:48:15.697Z
2022,대학교,사립,,경남,기존,,한국국제대학교,437,461,437,24,62,62,0,14.18764302,13.44902386,2026-08-07T07:48:15.697Z
2022,대학교,사립,,충남,기존,0000189,한국기술교육대학교,836,997,836,161,983,836,147,100,98.59578736,2026-08-07T07:48:15.697Z
2022,방송통신대학,국립,,서울,기존,0000273,한국방송통신대학교,55050,58730,55050,3680,9073,8770,303,15.93097184,15.44866337,2026-08-07T07:48:15.697Z
2022,대학교,사립,,서울,기존,0000191,한국성서대학교,223,250,224,26,240,224,16,100,96,2026-08-07T07:48:15.697Z
2022,대학교,특별법법인,,전남,기존,0003139,한국에너지공과대학교,100,110,100,10,107,98,9,98,97.27272727,2026-08-07T07:48:15.697Z
2022,사이버대학(대학),사립,,서울,기존,0000326,한국열린사이버대학교,1000,3854,1000,2854,1720,939,781,93.9,44.62895693,2026-08-07T07:48:15.697Z
2022,각종학교(대학),특별법국립,,서울,기존,0000383,한국예술종합학교,558,596,558,38,559,533,26,95.51971326,93.79194631,2026-08-07T07:48:15.697Z
2022,대학교,사립,,서울,기존,0000192,한국외국어대학교,3377,3858,3389,469,3821,3370,451,99.43936264,99.04095386,2026-08-07T07:48:15.697Z
2022,대학교,특별법국립,,충남,기존,0003022,한국전통문화대학교,140,161,140,21,145,140,5,100,90.0621118,2026-08-07T07:48:15.697Z
2022,대학교,국립,,서울,기존,0000032,한국체육대학교,535,580,537,43,572,536,36,99.81378026,98.62068966,2026-08-07T07:48:15.697Z
2022,대학교,사립,,대전,기존,0000182,한국침례신학대학교,265,286,265,21,186,182,4,68.67924528,65.03496503,2026-08-07T07:48:15.697Z
2022,대학교,사립,,경기,기존,0000194,한국항공대학교,901,996,910,86,993,908,85,99.78021978,99.69879518,2026-08-07T07:48:15.697Z
2022,대학교,사립,,대전,기존,0000195,한남대학교,2755,2991,2755,236,2928,2754,174,99.96370236,97.89368104,2026-08-07T07:48:15.697Z
2022,대학교,사립,,경북,기존,0000196,한동대학교,729,813,729,84,813,729,84,100,100,2026-08-07T07:48:15.697Z
2022,대학교,사립,,강원,기존,0000197,한라대학교,883,981,889,92,577,502,75,56.46794151,58.81753313,2026-08-07T07:48:15.697Z
2022,대학교,사립,,강원,기존,0000198,한림대학교,1771,1878,1773,105,1873,1773,100,100,99.73375932,2026-08-07T07:48:15.697Z
2022,대학교,사립,,충남,기존,0000199,한서대학교,1579,1674,1578,96,1589,1495,94,94.74017744,94.9223417,2026-08-07T07:48:15.697Z
2022,대학교,사립,,서울,기존,0000200,한성대학교,1458,1673,1461,212,1646,1461,185,100,98.3861327,2026-08-07T07:48:15.697Z
2022,대학교,사립,,경기,기존,0000201,한세대학교,566,649,568,81,611,568,43,100,94.14483821,2026-08-07T07:48:15.697Z
2022,대학교,사립,,경기,기존,0000202,한신대학교,1171,1241,1171,70,1240,1170,70,99.9146029,99.91941982,2026-08-07T07:48:15.697Z
2022,대학교,사립,,경기,기존,0000204,한양대학교(ERICA)_분교,1910,2461,1913,548,2397,1912,485,99.94772608,97.39943113,2026-08-07T07:48:15.697Z
2022,대학교,사립,,서울,기존,0000203,한양대학교,2906,3690,2917,773,3680,2914,766,99.89715461,99.72899729,2026-08-07T07:48:15.697Z
2022,사이버대학(대학),사립,,서울,기존,0000331,한양사이버대학교,3240,7920,3240,4680,4511,3223,1288,99.47530864,56.95707071,2026-08-07T07:48:15.697Z
2022,대학교,사립,,전북,기존,0000206,한일장신대학교,219,252,219,33,222,218,4,99.543379,88.0952381,2026-08-07T07:48:15.697Z
2022,대학교,사립,,경기,기존,0000207,협성대학교,1004,1121,1006,115,1070,1003,67,99.70178926,95.45049063,2026-08-07T07:48:15.697Z
2022,대학교,사립,,광주,기존,0000208,호남대학교,1562,1651,1566,85,1549,1494,55,95.40229885,93.82192611,2026-08-07T07:48:15.697Z
2022,대학교,사립,,광주,기존,0000209,호남신학대학교,119,119,119,0,119,119,0,100,100,2026-08-07T07:48:15.697Z
2022,대학교,사립,,충남,기존,0000211,호서대학교,2881,3157,2884,273,3087,2877,210,99.75728155,97.7827051,2026-08-07T07:48:15.697Z
2022,산업대학,사립,,전북,기존,0000282,호원대학교,1132,1474,1095,379,1376,1026,350,93.69863014,93.35142469,2026-08-07T07:48:15.697Z
2022,대학교,사립,,서울,기존,0000212,홍익대학교,2421,2879,2422,457,2876,2419,457,99.87613543,99.89579715,2026-08-07T07:48:15.697Z
2022,대학교,사립,,세종,기존,0002949,홍익대학교_제2캠퍼스,1299,1412,1302,110,1383,1297,86,99.61597542,97.94617564,2026-08-07T07:48:15.697Z
2022,대학교,사립,,경기,기존,0000233,화성의과학대학교,246,266,253,13,71,66,5,26.08695652,26.69172932,2026-08-07T07:48:15.697Z
2022,사이버대학(대학),사립,,부산,기존,0000333,화신사이버대학교,430,1121,430,691,544,430,114,100,48.52809991,2026-08-07T07:48:15.697Z
2022,기능대학,사립,,경기,기존,0000579,ICT폴리텍대학,160,192,160,32,142,138,4,86.25,73.95833333,2026-08-07T07:48:15.697Z
2022,전문대학,사립,,경북,기존,0000410,가톨릭상지대학교,613,892,613,279,754,526,228,85.80750408,84.52914798,2026-08-07T07:48:15.697Z
2022,전문대학,사립,,충북,기존,0000433,강동대학교,1525,1846,1525,321,1268,1072,196,70.29508197,68.68905742,2026-08-07T07:48:15.697Z
2022,전문대학,사립,,강원,기존,0000514,강릉영동대학교,875,1177,875,302,866,698,168,79.77142857,73.5768904,2026-08-07T07:48:15.697Z
2022,전문대학,사립,,강원,폐교,0000548,강원관광대학교,98,127,88,39,104,88,16,100,81.88976378,2026-08-07T07:48:15.697Z
2022,전문대학,공립,,강원,기존,0002639,강원도립대학교,312,326,312,14,296,296,0,94.87179487,90.79754601,2026-08-07T07:48:15.697Z
2022,전문대학,사립,,경남,기존,0000412,거제대학교,345,473,345,128,306,263,43,76.23188406,64.69344609,2026-08-07T07:48:15.697Z
2022,전문대학,사립,,경기,기존,0000560,경기과학기술대학교,1468,3258,1468,1790,2068,1391,677,94.75476839,63.47452425,2026-08-07T07:48:15.697Z
2022,전문대학,공립,,경남,기존,0000402,경남도립거창대학,369,421,369,52,376,369,7,100,89.3111639,2026-08-07T07:48:15.697Z
2022,전문대학,공립,,경남,기존,0000403,경남도립남해대학,360,418,360,58,378,360,18,100,90.43062201,2026-08-07T07:48:15.697Z
2022,전문대학,사립,,부산,기존,0002640,경남정보대학교,2247,4017,2247,1770,2745,2031,714,90.38718291,68.33457804,2026-08-07T07:48:15.697Z
2022,전문대학,사립,,경기,기존,0000416,경민대학교,1516,2237,1516,721,1821,1411,410,93.07387863,81.40366562,2026-08-07T07:48:15.697Z
2022,전문대학,사립,,경기,기존,0002641,경복대학교,1808,2715,1808,907,2354,1700,654,94.02654867,86.70349908,2026-08-07T07:48:15.697Z
2022,전문대학,사립,,경북,기존,0000456,경북과학대학교,675,1283,675,608,814,675,139,100,63.44505066,2026-08-07T07:48:15.697Z
2022,전문대학,공립,,경북,폐교,0000405,경북도립대학교,355,420,355,65,391,355,36,100,93.0952381,2026-08-07T07:48:15.697Z
2022,전문대학,사립,,경북,기존,0000438,경북보건대학교,357,490,357,133,425,335,90,93.83753501,86.73469388,2026-08-07T07:48:15.697Z
2022,전문대학,사립,,경북,기존,0002642,경북전문대학교,919,1402,919,483,1124,740,384,80.52230686,80.17118402,2026-08-07T07:48:15.697Z
2022,전문대학,사립,,인천,기존,0000422,경인여자대학교,1667,2200,1667,533,1722,1292,430,77.5044991,78.27272727,2026-08-07T07:48:15.697Z
2022,전문대학,사립,,대구,기존,0000425,계명문화대학교,2106,2574,2106,468,2073,1818,255,86.32478632,80.53613054,2026-08-07T07:48:15.697Z
2022,전문대학,사립,,경기,기존,0000426,계원예술대학교,994,1363,994,369,1233,994,239,100,90.4622157,2026-08-07T07:48:15.697Z
2022,전문대학,사립,,전남,기존,0000428,광양보건대학교,415,446,415,31,33,29,4,6.987951807,7.399103139,2026-08-07T07:48:15.697Z
2022,전문대학,사립,,광주,기존,0000429,광주보건대학교,1089,1567,1089,478,1432,1038,394,95.31680441,91.38481174,2026-08-07T07:48:15.697Z
2022,전문대학,사립,,경북,기존,0000430,구미대학교,1431,2483,1431,1052,2455,1403,1052,98.04332635,98.87233186,2026-08-07T07:48:15.697Z
2022,전문대학,사립,,경기,기존,0000549,국제대학교,1534,2012,1534,478,1401,1100,301,71.70795306,69.63220676,2026-08-07T07:48:15.697Z
2022,전문대학,사립,,전북,기존,0002971,군산간호대학교,221,310,221,89,310,221,89,100,100,2026-08-07T07:48:15.697Z
2022,전문대학,사립,,전북,기존,0000432,군장대학교,657,880,657,223,718,605,113,92.08523592,81.59090909,2026-08-07T07:48:15.697Z
2022,전문대학,사립,,광주,기존,0002972,기독간호대학교,111,177,111,66,166,111,55,100,93.78531073,2026-08-07T07:48:15.697Z
2022,전문대학,사립,,경기,기존,0000440,김포대학교,1116,1719,1116,603,744,540,204,48.38709677,43.28097731,2026-08-07T07:48:15.697Z
2022,전문대학,사립,,경남,기존,0000569,김해대학교,459,649,459,190,528,437,91,95.20697168,81.3559322,2026-08-07T07:48:15.697Z
2022,전문대학,사립,,전남,기존,0000435,나주대학교,849,1489,849,640,636,621,15,73.14487633,42.71323036,2026-08-07T07:48:15.697Z
2022,전문대학,사립,,경기,기존,0000441,농협대학교,58,159,58,101,153,58,95,100,96.22641509,2026-08-07T07:48:15.697Z
2022,전문대학,사립,,경북,기존,0000442,대경대학교,1621,1911,1458,453,1756,1391,365,95.40466392,91.88906332,2026-08-07T07:48:15.697Z
2022,전문대학,사립,,대구,기존,0000443,대구공업대학교,530,571,530,41,527,486,41,91.69811321,92.29422067,2026-08-07T07:48:15.697Z
2022,전문대학,사립,,대구,기존,0000446,대구과학대학교,1552,1996,1552,444,1753,1499,254,96.58505155,87.8256513,2026-08-07T07:48:15.697Z
2022,전문대학,사립,,대구,기존,0000444,대구보건대학교,2202,3003,2202,801,2686,2016,670,91.55313351,89.44388944,2026-08-07T07:48:15.697Z
2022,전문대학,사립,,대전,기존,0000546,대덕대학교,1224,1542,1224,318,884,708,176,57.84313725,57.32814527,2026-08-07T07:48:15.697Z
2022,전문대학,사립,,부산,기존,0000447,대동대학교,468,632,468,164,473,384,89,82.05128205,74.84177215,2026-08-07T07:48:15.697Z
2022,전문대학,사립,,경기,기존,0000448,대림대학교,2275,3905,2275,1630,3204,2275,929,100,82.04865557,2026-08-07T07:48:15.697Z
2022,전문대학,사립,,충북,기존,0000449,대원대학교,889,1118,889,229,782,675,107,75.928009,69.94633274,2026-08-07T07:48:15.697Z
2022,전문대학,사립,,대전,기존,0000453,대전과학기술대학교,1664,2672,1664,1008,1521,1258,263,75.60096154,56.92365269,2026-08-07T07:48:15.697Z
2022,전문대학,사립,,대전,기존,0000451,대전보건대학교,1740,2269,1740,529,1867,1411,456,81.09195402,82.28294403,2026-08-07T07:48:15.697Z
2022,전문대학,사립,,광주,기존,0000460,동강대학교,1001,1321,1001,320,1160,985,175,98.4015984,87.81226344,2026-08-07T07:48:15.697Z
2022,전문대학,사립,,경기,기존,0000457,동남보건대학교,1331,1969,1331,638,1801,1331,470,100,91.46775013,2026-08-07T07:48:15.697Z
2022,전문대학,사립,,경기,기존,0000450,동서울대학교,2289,2951,2289,662,2701,2266,435,98.99519441,91.52829549,2026-08-07T07:48:15.697Z
2022,전문대학,사립,,경기,기존,0000461,동아방송예술대학교,823,1289,823,466,1245,823,422,100,96.58650116,2026-08-07T07:48:15.697Z
2022,전문대학,사립,,전남,기존,0000462,동아보건대학교,471,636,471,165,459,427,32,90.6581741,72.16981132,2026-08-07T07:48:15.697Z
2022,전문대학,사립,,서울,기존,0000463,동양미래대학교,2215,3959,2215,1744,2891,2215,676,100,73.02349078,2026-08-07T07:48:15.697Z
2022,전문대학,사립,,경남,기존,0000509,동원과학기술대학교,756,1381,756,625,989,645,344,85.31746032,71.6147719,2026-08-07T07:48:15.697Z
2022,전문대학,사립,,경기,기존,0000465,동원대학교,1380,2718,1380,1338,1224,1018,206,73.76811594,45.03311258,2026-08-07T07:48:15.697Z
2022,전문대학,사립,,부산,기존,0000466,동의과학대학교,1682,2775,1682,1093,1807,1351,456,80.32104637,65.11711712,2026-08-07T07:48:15.697Z
2022,전문대학,사립,,경기,기존,0000469,두원공과대학교,1584,1865,1584,281,739,611,128,38.57323232,39.62466488,2026-08-07T07:48:15.697Z
2022,전문대학,사립,,경남,기존,0000470,마산대학교,2004,2674,2004,670,2145,1810,335,90.31936128,80.21690352,2026-08-07T07:48:15.697Z
2022,전문대학,사립,,서울,기존,0000473,명지전문대학,2527,4026,2527,1499,3247,2527,720,100,80.65077,2026-08-07T07:48:15.697Z
2022,전문대학,사립,,전남,기존,0000474,목포과학대학교,893,1030,893,137,964,875,89,97.98432251,93.59223301,2026-08-07T07:48:15.697Z
2022,전문대학,사립,,경북,기존,0000475,문경대학교,268,335,268,67,296,266,30,99.25373134,88.35820896,2026-08-07T07:48:15.697Z
2022,전문대학,사립,,서울,기존,0000476,배화여자대학교,1127,1547,1127,420,1377,1126,251,99.91126886,89.01098901,2026-08-07T07:48:15.697Z
2022,전문대학,사립,,충남,기존,0000543,백석문화대학교,2231,2908,2231,677,1698,1491,207,66.83101748,58.39064649,2026-08-07T07:48:15.697Z
2022,전문대학,사립,,전북,기존,0000477,백제예술대학교,587,652,587,65,512,476,36,81.09028961,78.52760736,2026-08-07T07:48:15.697Z
2022,전문대학,사립,,부산,기존,0000479,부산경상대학교,1040,1463,1040,423,1195,1020,175,98.07692308,81.68147642,2026-08-07T07:48:15.697Z
2022,전문대학,사립,,부산,기존,0000481,부산과학기술대학교,1194,1733,1194,539,1374,1059,315,88.69346734,79.28447778,2026-08-07T07:48:15.697Z
2022,전문대학,사립,,부산,기존,0000467,부산보건대학교,976,1343,976,367,942,733,209,75.10245902,70.14147431,2026-08-07T07:48:15.697Z
2022,전문대학,사립,,부산,기존,0000480,부산여자대학교,802,1219,802,417,761,631,130,78.67830424,62.42821985,2026-08-07T07:48:15.697Z
2022,전문대학,사립,,부산,기존,0000561,부산예술대학교,450,541,450,91,322,305,17,67.77777778,59.5194085,2026-08-07T07:48:15.697Z
2022,전문대학,사립,,경기,기존,0000482,부천대학교,2256,4596,2256,2340,3419,2256,1163,100,74.39077459,2026-08-07T07:48:15.697Z
2022,전문대학,사립,,서울,기존,0000483,삼육보건대학교,384,618,384,234,516,384,132,100,83.49514563,2026-08-07T07:48:15.697Z
2022,전문대학,사립,,경북,폐교,0002645,서라벌대학교,235,474,235,239,211,194,17,82.55319149,44.51476793,2026-08-07T07:48:15.697Z
2022,전문대학,사립,,광주,기존,0002646,서영대학교,1683,2944,1683,1261,2207,1583,624,94.05822935,74.96603261,2026-08-07T07:48:15.697Z
2022,전문대학,사립,,서울,기존,0002973,서울여자간호대학교,168,263,168,95,254,168,86,100,96.57794677,2026-08-07T07:48:15.697Z
2022,전문대학,사립,,경기,기존,0000489,서울예술대학교,581,1398,581,817,1155,581,574,100,82.61802575,2026-08-07T07:48:15.697Z
2022,전문대학,사립,,서울,기존,0000490,서일대학교,2125,2998,2125,873,2664,2125,539,100,88.85923949,2026-08-07T07:48:15.697Z
2022,전문대학,사립,,경기,기존,0000566,서정대학교,1370,3012,1370,1642,2675,1370,1305,100,88.81142098,2026-08-07T07:48:15.697Z
2022,전문대학,사립,,경북,기존,0000550,선린대학교,717,943,717,226,776,631,145,88.0055788,82.29056204,2026-08-07T07:48:15.697Z
2022,전문대학,사립,,경북,기존,0002647,성운대학교,571,1032,571,461,811,571,240,100,78.58527132,2026-08-07T07:48:15.697Z
2022,전문대학,사립,,강원,기존,0000515,세경대학교,408,563,408,155,408,351,57,86.02941176,72.46891652,2026-08-07T07:48:15.697Z
2022,전문대학,사립,,강원,기존,0000567,송곡대학교,200,332,200,132,287,196,91,98,86.44578313,2026-08-07T07:48:15.697Z
2022,전문대학,사립,,강원,기존,0000564,송호대학교,327,459,327,132,308,231,77,70.64220183,67.10239651,2026-08-07T07:48:15.697Z
2022,전문대학,사립,,대구,기존,0002649,수성대학교,1220,1426,1220,206,1413,1220,193,100,99.08835905,2026-08-07T07:48:15.697Z
2022,전문대학,사립,,경기,기존,0000497,수원과학대학교,2005,2361,2005,356,1626,1407,219,70.17456359,68.86912325,2026-08-07T07:48:15.697Z
2022,전문대학,사립,,경기,기존,0000496,수원여자대학교,1534,1936,1534,402,1525,1310,215,85.39765319,78.77066116,2026-08-07T07:48:15.697Z
2022,전문대학,사립,,전남,기존,0000498,순천제일대학교,1050,1335,1050,285,1166,968,198,92.19047619,87.34082397,2026-08-07T07:48:15.697Z
2022,전문대학,사립,,서울,기존,0000500,숭의여자대학교,1420,1711,1420,291,1593,1400,193,98.5915493,93.10344828,2026-08-07T07:48:15.697Z
2022,전문대학,사립,,경기,기존,0000501,신구대학교,2300,3310,2300,1010,2825,2246,579,97.65217391,85.34743202,2026-08-07T07:48:15.697Z
2022,전문대학,사립,,충남,기존,0000502,신성대학교,1278,1690,1278,412,1114,892,222,69.79655712,65.91715976,2026-08-07T07:48:15.697Z
2022,전문대학,사립,,경기,기존,0000506,신안산대학교,1500,2294,1500,794,1161,948,213,63.2,50.61028771,2026-08-07T07:48:15.697Z
2022,전문대학,사립,,충남,기존,0000454,아주자동차대학교,445,600,445,155,442,375,67,84.26966292,73.66666667,2026-08-07T07:48:15.697Z
2022,전문대학,사립,,경북,기존,0002650,안동과학대학교,760,975,760,215,786,643,143,84.60526316,80.61538462,2026-08-07T07:48:15.697Z
2022,전문대학,사립,,경기,기존,0000507,안산대학교,1503,2074,1503,571,1781,1329,452,88.42315369,85.87270974,2026-08-07T07:48:15.697Z
2022,전문대학,사립,,경기,기존,0000510,여주대학교,1591,2242,1591,651,1519,1208,311,75.92708988,67.75200714,2026-08-07T07:48:15.697Z
2022,전문대학,사립,,경기,기존,0002651,연성대학교,2251,2977,2251,726,2690,2251,439,100,90.35942224,2026-08-07T07:48:15.697Z
2022,전문대학,사립,,경남,기존,0002652,연암공과대학교,496,559,496,63,543,496,47,100,97.13774597,2026-08-07T07:48:15.697Z
2022,전문대학,사립,,충남,기존,0000512,연암대학교,483,637,483,154,586,483,103,100,91.99372057,2026-08-07T07:48:15.697Z
2022,전문대학,사립,,경북,기존,0000418,영남외국어대학,287,362,287,75,138,136,2,47.38675958,38.12154696,2026-08-07T07:48:15.697Z
2022,전문대학,사립,,대구,기존,0000513,영남이공대학교,2195,3073,2195,878,2724,2159,565,98.35990888,88.64301985,2026-08-07T07:48:15.697Z
2022,사이버대학(전문대학),사립,,대구,기존,0000575,영진사이버대학교,1300,3006,1300,1706,1841,1236,605,95.07692308,61.24417831,2026-08-07T07:48:15.697Z
2022,전문대학,사립,,대구,기존,0000517,영진전문대학교,2549,3859,2549,1310,3315,2529,786,99.21537858,85.9030837,2026-08-07T07:48:15.697Z
2022,전문대학,사립,,경기,기존,0002653,오산대학교,1897,2570,1896,674,1861,1556,305,82.06751055,72.41245136,2026-08-07T07:48:15.697Z
2022,전문대학,사립,,경기,기존,0000520,용인예술과학대학교,1538,1793,1379,414,1174,1037,137,75.19941987,65.47685443,2026-08-07T07:48:15.697Z
2022,전문대학,사립,,대전,기존,0000452,우송정보대학,1835,2340,1835,505,1485,1405,80,76.56675749,63.46153846,2026-08-07T07:48:15.697Z
2022,전문대학,사립,,울산,기존,0000521,울산과학대학교,1625,3042,1625,1417,1909,1479,430,91.01538462,62.7547666,2026-08-07T07:48:15.697Z
2022,전문대학,사립,,경기,기존,0000568,웅지세무대학교,419,542,419,123,127,123,4,29.35560859,23.43173432,2026-08-07T07:48:15.697Z
2022,전문대학,사립,,전북,기존,0000523,원광보건대학교,1461,2036,1314,722,1543,1157,386,88.05175038,75.78585462,2026-08-07T07:48:15.697Z
2022,전문대학,사립,,경기,기존,0000524,유한대학교,1920,2593,1920,673,2184,1920,264,100,84.22676437,2026-08-07T07:48:15.697Z
2022,전문대학,사립,,서울,기존,0000525,인덕대학교,2146,3187,2146,1041,2634,2146,488,100,82.64825855,2026-08-07T07:48:15.697Z
2022,전문대학,사립,,인천,기존,0002654,인하공업전문대학,2567,3283,2567,716,3260,2567,693,100,99.29942126,2026-08-07T07:48:15.697Z
2022,전문대학,사립,,경기,기존,0000527,장안대학교,2130,2501,2130,371,1259,1043,216,48.96713615,50.33986405,2026-08-07T07:48:15.697Z
2022,전문대학,사립,,인천,기존,0000455,재능대학교,1496,2191,1496,695,1478,1244,234,83.15508021,67.45778183,2026-08-07T07:48:15.697Z
2022,전문대학,사립,,전남,기존,0000529,전남과학대학교,1134,1879,1134,745,1527,1023,504,90.21164021,81.26663119,2026-08-07T07:48:15.697Z
2022,전문대학,공립,,전남,기존,0000562,전남도립대학교,645,831,645,186,597,568,29,88.0620155,71.84115523,2026-08-07T07:48:15.697Z
2022,전문대학,사립,,전북,기존,0000531,전북과학대학교,605,1109,605,504,691,583,108,96.36363636,62.30838593,2026-08-07T07:48:15.697Z
2022,전문대학,사립,,전북,기존,0000437,전주기전대학,821,1065,821,244,838,739,99,90.01218027,78.68544601,2026-08-07T07:48:15.697Z
2022,전문대학,사립,,전북,기존,0000530,전주비전대학교,1089,1579,1089,490,1398,966,432,88.70523416,88.53704877,2026-08-07T07:48:15.697Z
2022,전문대학,사립,,제주,기존,0000532,제주관광대학교,900,1037,831,206,696,626,70,75.33092659,67.11668274,2026-08-07T07:48:15.697Z
2022,전문대학,사립,,제주,기존,0002655,제주한라대학교,1587,2831,1587,1244,1724,1280,444,80.65532451,60.89720947,2026-08-07T07:48:15.697Z
2022,전문대학,사립,,광주,기존,0002974,조선간호대학교,139,193,139,54,193,139,54,100,100,2026-08-07T07:48:15.697Z
2022,전문대학,사립,,광주,기존,0000534,조선이공대학교,1492,1773,1492,281,1507,1352,155,90.61662198,84.99717992,2026-08-07T07:48:15.697Z
2022,전문대학,사립,,경남,기존,0000539,진주보건대학교,717,1005,717,288,853,649,204,90.51603905,84.87562189,2026-08-07T07:48:15.697Z
2022,전문대학,사립,,경남,기존,0000542,창원문성대학교,757,887,757,130,440,378,62,49.9339498,49.6054115,2026-08-07T07:48:15.697Z
2022,전문대학,사립,,경기,기존,0000544,청강문화산업대학교,1136,1501,1136,365,1426,1136,290,100,95.00333111,2026-08-07T07:48:15.697Z
2022,전문대학,사립,,전남,기존,0002656,청암대학교,1011,1243,1011,232,911,785,126,77.64589515,73.29042639,2026-08-07T07:48:15.697Z
2022,전문대학,사립,,울산,기존,0000545,춘해보건대학교,663,1064,663,401,903,620,283,93.51432881,84.86842105,2026-08-07T07:48:15.697Z
2022,전문대학,공립,,충남,기존,0002657,충남도립대학교,456,524,456,68,485,452,33,99.12280702,92.55725191,2026-08-07T07:48:15.697Z
2022,전문대학,공립,,충북,기존,0000406,충북도립대학교,410,417,410,7,375,375,0,91.46341463,89.92805755,2026-08-07T07:48:15.697Z
2022,전문대학,사립,,충북,기존,0000536,충북보건과학대학교,1002,1457,1002,455,948,760,188,75.84830339,65.06520247,2026-08-07T07:48:15.697Z
2022,전문대학,사립,,충북,기존,0000547,충청대학교,1467,2225,1467,758,1302,1133,169,77.23244717,58.51685393,2026-08-07T07:48:15.697Z
2022,전문대학,사립,,경북,기존,0002658,포항대학교,705,1216,705,511,643,582,61,82.55319149,52.87828947,2026-08-07T07:48:15.697Z
2022,전문대학,사립,,강원,기존,0000578,한국골프과학기술대학교,160,202,160,42,190,156,34,97.5,94.05940594,2026-08-07T07:48:15.697Z
2022,전문대학,사립,,경기,기존,0000565,한국관광대학교,930,1129,930,199,647,562,85,60.43010753,57.30735164,2026-08-07T07:48:15.697Z
2022,전문대학,특별법국립,,전북,기존,0003019,한국농수산대학교,570,684,570,114,684,570,114,100,100,2026-08-07T07:48:15.697Z
2022,전문대학,국립,,경기,폐교,0002659,한국복지대학교,251,475,251,224,275,205,70,81.67330677,57.89473684,2026-08-07T07:48:15.697Z
2022,사이버대학(전문대학),사립,,경북,기존,0000576,한국복지사이버대학교,1000,1535,1000,535,1317,1000,317,100,85.7980456,2026-08-07T07:48:15.697Z
2022,전문대학,사립,,경남,기존,0000570,한국승강기대학교,297,337,297,40,317,291,26,97.97979798,94.0652819,2026-08-07T07:48:15.697Z
2022,전문대학,사립,,세종,기존,0000522,한국영상대학교,1095,1915,1095,820,1300,1035,265,94.52054795,67.88511749,2026-08-07T07:48:15.697Z
2022,기능대학,사립,,서울,기존,0000585,한국폴리텍 I 대학 서울강서캠퍼스,255,327,255,72,272,238,34,93.33333333,83.18042813,2026-08-07T07:48:15.697Z
2022,기능대학,사립,,서울,기존,0000584,한국폴리텍 I 대학 서울정수캠퍼스,500,701,500,201,630,476,154,95.2,89.87161198,2026-08-07T07:48:15.697Z
2022,기능대학,사립,,경기,기존,0000586,한국폴리텍 I 대학 성남캠퍼스,355,442,355,87,320,276,44,77.74647887,72.39819005,2026-08-07T07:48:15.697Z
2022,기능대학,사립,,제주,기존,0002912,한국폴리텍 I 대학 제주캠퍼스,25,30,25,5,27,25,2,100,90,2026-08-07T07:48:15.697Z
2022,기능대학,사립,,인천,기존,0000590,한국폴리텍 II 대학 남인천캠퍼스,25,53,25,28,50,22,28,88,94.33962264,2026-08-07T07:48:15.697Z
2022,기능대학,사립,,인천,기존,0000589,한국폴리텍 II 대학 인천캠퍼스,830,1233,830,403,798,646,152,77.8313253,64.72019465,2026-08-07T07:48:15.697Z
2022,기능대학,사립,,경기,기존,0003105,한국폴리텍 II 대학 화성캠퍼스,0,18,0,18,18,0,18,,100,2026-08-07T07:48:15.697Z
2022,기능대학,사립,,강원,기존,0000594,한국폴리텍 III 대학 강릉캠퍼스,60,72,60,12,63,57,6,95,87.5,2026-08-07T07:48:15.697Z
2022,기능대학,사립,,강원,기존,0002854,한국폴리텍 III 대학 원주캠퍼스,50,84,50,34,65,41,24,82,77.38095238,2026-08-07T07:48:15.697Z
2022,기능대학,사립,,강원,기존,0000593,한국폴리텍 III 대학 춘천캠퍼스,125,159,125,34,120,95,25,76,75.47169811,2026-08-07T07:48:15.697Z
2022,기능대학,사립,,대전,기존,0000603,한국폴리텍 IV 대학 대전캠퍼스,380,502,380,122,335,294,41,77.36842105,66.73306773,2026-08-07T07:48:15.697Z
2022,기능대학,사립,,충남,기존,0000606,한국폴리텍 IV 대학 아산캠퍼스,225,315,225,90,232,174,58,77.33333333,73.65079365,2026-08-07T07:48:15.697Z
2022,기능대학,사립,,충북,기존,0000604,한국폴리텍 IV 대학 청주캠퍼스,325,437,325,112,365,294,71,90.46153846,83.52402746,2026-08-07T07:48:15.697Z
2022,기능대학,사립,,충남,기존,0000607,한국폴리텍 IV 대학 충남캠퍼스,105,126,105,21,82,73,9,69.52380952,65.07936508,2026-08-07T07:48:15.697Z
2022,기능대학,사립,,광주,기존,0000616,한국폴리텍 V 대학 광주캠퍼스,385,499,385,114,433,377,56,97.92207792,86.77354709,2026-08-07T07:48:15.697Z
2022,기능대학,사립,,전남,기존,0002975,한국폴리텍 V 대학 순천캠퍼스,0,2,0,2,0,0,0,,0,2026-08-07T07:48:15.697Z
2022,기능대학,사립,,전북,기존,0000620,한국폴리텍 V 대학 익산캠퍼스,50,84,50,34,70,48,22,96,83.33333333,2026-08-07T07:48:15.697Z
2022,기능대학,사립,,전남,기존,0000619,한국폴리텍 V 대학 전남캠퍼스,100,131,100,31,79,63,16,63,60.30534351,2026-08-07T07:48:15.697Z
2022,기능대학,사립,,전북,기존,0000617,한국폴리텍 V 대학 전북캠퍼스,240,308,240,68,194,179,15,74.58333333,62.98701299,2026-08-07T07:48:15.697Z
2022,기능대학,사립,,경북,기존,0000624,한국폴리텍 VI 대학 구미캠퍼스,235,307,235,72,231,226,5,96.17021277,75.24429967,2026-08-07T07:48:15.697Z
2022,기능대학,사립,,대구,기존,0000623,한국폴리텍 VI 대학 대구캠퍼스,270,374,270,104,242,231,11,85.55555556,64.70588235,2026-08-07T07:48:15.697Z
2022,기능대학,사립,,대구,기존,0000636,한국폴리텍 VI 대학 영남융합기술캠퍼스,150,205,150,55,106,106,0,70.66666667,51.70731707,2026-08-07T07:48:15.697Z
2022,기능대학,사립,,경북,기존,0002674,한국폴리텍 VI 대학 영주캠퍼스,25,30,25,5,17,17,0,68,56.66666667,2026-08-07T07:48:15.697Z
2022,기능대학,사립,,부산,기존,0003163,한국폴리텍 VII 대학 동부산캠퍼스,0,20,0,20,5,0,5,,25,2026-08-07T07:48:15.697Z
2022,기능대학,사립,,부산,기존,0000632,한국폴리텍 VII 대학 부산캠퍼스,385,496,385,111,361,300,61,77.92207792,72.78225806,2026-08-07T07:48:15.697Z
2022,기능대학,사립,,울산,기존,0000633,한국폴리텍 VII 대학 울산캠퍼스,325,390,325,65,355,304,51,93.53846154,91.02564103,2026-08-07T07:48:15.697Z
2022,기능대학,사립,,경남,기존,0003157,한국폴리텍 VII 대학 진주캠퍼스,0,8,0,8,8,0,8,,100,2026-08-07T07:48:15.697Z
2022,기능대학,사립,,경남,기존,0000631,한국폴리텍 VII 대학 창원캠퍼스,595,815,595,220,741,595,146,100,90.9202454,2026-08-07T07:48:15.697Z
2022,기능대학,사립,,경북,기존,0003104,한국폴리텍 특성화대학 로봇캠퍼스,100,120,100,20,61,52,9,52,50.83333333,2026-08-07T07:48:15.697Z
2022,기능대학,사립,,충남,기존,0000635,한국폴리텍 특성화대학 바이오캠퍼스,180,216,180,36,180,153,27,85,83.33333333,2026-08-07T07:48:15.697Z
2022,기능대학,사립,,경기,기존,0000637,한국폴리텍 특성화대학 반도체융합캠퍼스,330,416,330,86,234,207,27,62.72727273,56.25,2026-08-07T07:48:15.697Z
2022,기능대학,사립,,경남,기존,0000638,한국폴리텍 특성화대학 항공캠퍼스,240,308,240,68,129,114,15,47.5,41.88311688,2026-08-07T07:48:15.697Z
2022,전문대학,사립,,강원,기존,0000553,한림성심대학교,921,1261,921,340,1095,813,282,88.27361564,86.83584457,2026-08-07T07:48:15.697Z
2022,전문대학,사립,,서울,기존,0000554,한양여자대학교,2487,3212,2487,725,3015,2487,528,100,93.86674969,2026-08-07T07:48:15.697Z
2022,전문대학,사립,,전남,기존,0000555,한영대학교,542,868,542,326,637,520,117,95.94095941,73.38709677,2026-08-07T07:48:15.697Z
2022,전문대학,사립,,충남,기존,0000556,혜전대학교,931,1383,931,452,880,703,177,75.51020408,63.62979031,2026-08-07T07:48:15.697Z
2022,전문대학,사립,,경북,기존,0000415,호산대학교,676,783,608,175,667,586,81,96.38157895,85.18518519,2026-08-07T07:48:15.697Z
2021,대학교,사립,,경남,기존,0002748,가야대학교(김해),518,553,524,29,449,423,26,80.72519084,81.19349005,2026-08-07T07:48:15.697Z
2021,대학교,사립,,경기,기존,0000063,가천대학교,3866,4463,3868,595,4442,3867,575,99.97414685,99.52946449,2026-08-07T07:48:15.697Z
2021,대학교,사립,,강원,기존,0000072,가톨릭관동대학교,2045,2192,2052,140,1627,1513,114,73.73294347,74.22445255,2026-08-07T07:48:15.697Z
2021,대학교,사립,,충북,기존,0000215,가톨릭꽃동네대학교,108,116,109,7,108,104,4,95.41284404,93.10344828,2026-08-07T07:48:15.697Z
2021,대학교,사립,,경기,기존,0000046,가톨릭대학교,1552,1706,1556,150,1688,1555,133,99.93573265,98.94490035,2026-08-07T07:48:15.697Z
2021,대학교,사립,,서울,기존,0000048,가톨릭대학교_제2캠퍼스,173,182,173,9,179,173,6,100,98.35164835,2026-08-07T07:48:15.697Z
2021,대학교,사립,,서울,기존,0000049,가톨릭대학교_제3캠퍼스,50,56,50,6,52,50,2,100,92.85714286,2026-08-07T07:48:15.697Z
2021,대학교,사립,,서울,기존,0000050,감리교신학대학교,200,220,206,14,150,145,5,70.38834951,68.18181818,2026-08-07T07:48:15.697Z
2021,대학교,사립,,경기,기존,0000051,강남대학교,1491,1642,1502,140,1590,1501,89,99.9334221,96.83313033,2026-08-07T07:48:15.697Z
2021,대학교,사립,,서울,기존,0000079,강서대학교,277,508,278,230,485,274,211,98.56115108,95.47244094,2026-08-07T07:48:15.697Z
2021,대학교,국립,,강원,기존,0000003,강원대학교,2983,3207,2994,213,3192,2987,205,99.76619906,99.53227315,2026-08-07T07:48:15.697Z
2021,대학교,국립,,강원,기존,0000004,강원대학교_제2캠퍼스,1529,1640,1540,100,1581,1496,85,97.14285714,96.40243902,2026-08-07T07:48:15.697Z
2021,대학교,사립,,충북,기존,0000053,건국대학교(글로컬)_분교,1549,1671,1553,118,1648,1552,96,99.9356085,98.6235787,2026-08-07T07:48:15.697Z
2021,대학교,사립,,서울,기존,0000052,건국대학교,3000,3555,3028,527,3507,2995,512,98.91017173,98.64978903,2026-08-07T07:48:15.697Z
2021,대학교,사립,,충남,기존,0000054,건양대학교,815,882,818,64,745,712,33,87.04156479,84.46712018,2026-08-07T07:48:15.697Z
2021,대학교,사립,,대전,기존,0000055,건양대학교_제2캠퍼스,808,845,809,36,842,807,35,99.75278121,99.64497041,2026-08-07T07:48:15.697Z
2021,사이버대학(대학),사립,,대전,기존,0000335,건양사이버대학교,900,4576,900,3676,862,777,85,86.33333333,18.83741259,2026-08-07T07:48:15.697Z
2021,대학교,사립,,경기,기존,0000056,경기대학교,2598,2918,2601,317,2874,2598,276,99.88465975,98.49211789,2026-08-07T07:48:15.697Z
2021,대학교,사립,,서울,기존,0000058,경기대학교_제2캠퍼스,328,465,329,136,451,329,122,100,96.98924731,2026-08-07T07:48:15.697Z
2021,대학교,국립,,경남,폐교,0000035,경남과학기술대학교,1175,1263,1179,84,1187,1136,51,96.35284139,93.98258116,2026-08-07T07:48:15.697Z
2021,대학교,사립,,경남,기존,0000059,경남대학교,2740,2916,2757,159,2066,1951,115,70.76532463,70.85048011,2026-08-07T07:48:15.697Z
2021,대학교,사립,,강원,기존,0000060,경동대학교,42,116,42,74,107,33,74,78.57142857,92.24137931,2026-08-07T07:48:15.697Z
2021,대학교,사립,,강원,기존,0002574,경동대학교_제3캠퍼스,948,1029,949,80,981,902,79,95.04741834,95.33527697,2026-08-07T07:48:15.697Z
2021,대학교,사립,,경기,기존,0002744,경동대학교_제4캠퍼스,654,699,656,43,649,638,11,97.25609756,92.84692418,2026-08-07T07:48:15.697Z
2021,대학교,국립,,대구,기존,0000005,경북대학교,4614,5172,4624,548,4953,4555,398,98.50778547,95.76566125,2026-08-07T07:48:15.697Z
2021,대학교,국립,,경남,기존,0000007,경상국립대학교,3108,3427,3113,314,3266,3046,220,97.8477353,95.30201342,2026-08-07T07:48:15.697Z
2021,대학교,사립,,부산,기존,0000062,경성대학교,2740,3050,2747,303,3007,2714,293,98.79868948,98.59016393,2026-08-07T07:48:15.697Z
2021,대학교,사립,,경북,기존,0000244,경운대학교,1184,1249,1184,65,1208,1165,43,98.39527027,96.7173739,2026-08-07T07:48:15.697Z
2021,교육대학,국립,,인천,기존,0000256,경인교육대학교,598,662,600,62,657,598,59,99.66666667,99.24471299,2026-08-07T07:48:15.697Z
2021,대학교,사립,,경북,기존,0000064,경일대학교,1584,1862,1584,278,1740,1546,194,97.6010101,93.44790548,2026-08-07T07:48:15.697Z
2021,대학교,사립,,서울,기존,0000066,경희대학교,4720,5874,4741,1133,5838,4719,1119,99.53596288,99.38712972,2026-08-07T07:48:15.697Z
2021,사이버대학(대학),사립,,서울,기존,0000318,경희사이버대학교,3000,7967,3000,4967,3275,2520,755,84,41.10706665,2026-08-07T07:48:15.697Z
2021,대학교,사립,,대구,기존,0000068,계명대학교,4605,5111,4615,496,4935,4543,392,98.43986999,96.55644688,2026-08-07T07:48:15.697Z
2021,대학교,사립,,세종,기존,0000070,고려대학교(세종)_분교,1434,1575,1437,138,1531,1437,94,100,97.20634921,2026-08-07T07:48:15.697Z
2021,대학교,사립,,서울,기존,0000069,고려대학교,3889,4520,3896,624,4551,3901,650,100.1283368,100.6858407,2026-08-07T07:48:15.697Z
2021,사이버대학(대학),사립,,서울,기존,0000328,고려사이버대학교,2485,5677,2485,3192,2489,2265,224,91.14688129,43.84357936,2026-08-07T07:48:15.697Z
2021,대학교,사립,,부산,기존,0000071,고신대학교,886,940,886,54,886,861,25,97.17832957,94.25531915,2026-08-07T07:48:15.697Z
2021,교육대학,국립,,충남,기존,0000251,공주교육대학교,354,383,354,29,381,354,27,100,99.47780679,2026-08-07T07:48:15.697Z
2021,대학교,사립,,광주,기존,0000073,광신대학교,122,128,122,6,123,122,1,100,96.09375,2026-08-07T07:48:15.697Z
2021,대학교,사립,,서울,기존,0000074,광운대학교,1684,2047,1687,360,2026,1684,342,99.82216953,98.97410845,2026-08-07T07:48:15.697Z
2021,대학교,사립,,전남,기존,0000075,광주가톨릭대학교,40,42,40,2,22,22,0,55,52.38095238,2026-08-07T07:48:15.697Z
2021,대학교,특별법법인,,광주,기존,0000381,광주과학기술원,200,200,200,0,211,211,0,105.5,105.5,2026-08-07T07:48:15.697Z
2021,교육대학,국립,,광주,기존,0000252,광주교육대학교,326,354,327,27,337,326,11,99.6941896,95.19774011,2026-08-07T07:48:15.697Z
2021,대학교,사립,,광주,기존,0000231,광주대학교,1644,1743,1652,91,1558,1493,65,90.37530266,89.38611589,2026-08-07T07:48:15.697Z
2021,대학교,사립,,광주,기존,0000076,광주여자대학교,920,969,920,49,929,885,44,96.19565217,95.87203302,2026-08-07T07:48:15.697Z
2021,대학교,국립,,강원,기존,0000001,국립강릉원주대학교,1341,1450,1345,105,1311,1220,91,90.7063197,90.4137931,2026-08-07T07:48:15.697Z
2021,대학교,국립,,강원,기존,0000002,국립강릉원주대학교_제2캠퍼스,492,523,494,29,515,486,29,98.3805668,98.47036329,2026-08-07T07:48:15.697Z
2021,대학교,국립,,경북,기존,0000021,국립경국대학교,1456,1588,1468,120,1119,1070,49,72.88828338,70.46599496,2026-08-07T07:48:15.697Z
2021,대학교,국립,,충남,기존,0000008,국립공주대학교,2755,3432,2759,673,3177,2750,427,99.67379485,92.56993007,2026-08-07T07:48:15.697Z
2021,대학교,국립,,전북,기존,0000009,국립군산대학교,1735,1935,1739,196,1611,1504,107,86.48648649,83.25581395,2026-08-07T07:48:15.697Z
2021,대학교,국립,,경북,기존,0000010,국립금오공과대학교,1206,1606,1208,398,1308,1203,105,99.58609272,81.44458281,2026-08-07T07:48:15.697Z
2021,대학교,국립,,전남,기존,0000011,국립목포대학교,1576,1870,1581,289,1538,1377,161,87.09677419,82.2459893,2026-08-07T07:48:15.697Z
2021,대학교,국립,,전남,기존,0000012,국립목포해양대학교,691,758,693,65,696,660,36,95.23809524,91.82058047,2026-08-07T07:48:15.697Z
2021,대학교,국립,,부산,기존,0000013,국립부경대학교,3270,3791,3278,513,3699,3270,429,99.75594875,97.57319968,2026-08-07T07:48:15.697Z
2021,대학교,국립,,전남,기존,0000020,국립순천대학교,1628,1860,1641,219,1582,1473,109,89.76234004,85.05376344,2026-08-07T07:48:15.697Z
2021,대학교,국립,,경남,기존,0000028,국립창원대학교,1754,2013,1763,250,1865,1735,130,98.41179807,92.64778937,2026-08-07T07:48:15.697Z
2021,대학교,국립,,충북,기존,0000034,국립한국교통대학교,1911,2197,1915,282,2116,1904,212,99.42558747,96.3131543,2026-08-07T07:48:15.697Z
2021,대학교,국립,,부산,기존,0000033,국립한국해양대학교,1372,1568,1372,196,1498,1371,127,99.9271137,95.53571429,2026-08-07T07:48:15.697Z
2021,대학교,국립,,대전,기존,0000039,국립한밭대학교,1846,2147,1852,295,2104,1845,259,99.62203024,97.9972054,2026-08-07T07:48:15.697Z
2021,대학교,사립,,서울,기존,0000078,국민대학교,2863,3480,2869,611,3348,2865,483,99.8605786,96.20689655,2026-08-07T07:48:15.697Z
2021,사이버대학(대학),사립,,경기,기존,0000319,국제사이버대학교,900,2747,900,1847,980,849,131,94.33333333,35.67528213,2026-08-07T07:48:15.697Z
2021,대학교,사립,,충북,기존,0000080,극동대학교,841,898,841,57,621,576,45,68.48989298,69.15367483,2026-08-07T07:48:15.697Z
2021,사이버대학(대학),사립,,충남,기존,0000334,글로벌사이버대학교,1100,1536,1100,436,720,716,4,65.09090909,46.875,2026-08-07T07:48:15.697Z
2021,대학교,사립,,충남,기존,0000224,금강대학교,110,116,110,6,29,29,0,26.36363636,25,2026-08-07T07:48:15.697Z
2021,대학교,사립,,경북,기존,0000241,김천대학교,691,735,691,44,705,672,33,97.25036179,95.91836735,2026-08-07T07:48:15.697Z
2021,대학교,사립,,충남,기존,0000081,나사렛대학교,1211,1352,1155,197,1242,1111,131,96.19047619,91.86390533,2026-08-07T07:48:15.697Z
2021,대학교,사립,,광주,기존,0000216,남부대학교,656,727,658,69,707,650,57,98.78419453,97.24896836,2026-08-07T07:48:15.697Z
2021,대학교,사립,,충남,기존,0000245,남서울대학교,2187,2406,2190,216,2367,2162,205,98.72146119,98.37905237,2026-08-07T07:48:15.697Z
2021,대학교,사립,,경기,기존,0000082,단국대학교,2275,2615,2278,337,2591,2269,322,99.60491659,99.08221797,2026-08-07T07:48:15.697Z
2021,대학교,사립,,충남,기존,0002726,단국대학교_제2캠퍼스,2340,2569,2354,215,2506,2348,158,99.7451147,97.54768392,2026-08-07T07:48:15.697Z
2021,대학교,사립,,경북,기존,0000088,대구가톨릭대학교,2862,3095,2864,231,2537,2399,138,83.76396648,81.97092084,2026-08-07T07:48:15.697Z
2021,대학교,특별법법인,,대구,기존,0000382,대구경북과학기술원,220,220,220,0,199,199,0,90.45454545,90.45454545,2026-08-07T07:48:15.697Z
2021,교육대학,국립,,대구,기존,0000253,대구교육대학교,383,422,384,38,417,383,34,99.73958333,98.81516588,2026-08-07T07:48:15.697Z
2021,대학교,사립,,경북,기존,0000084,대구대학교,4059,4827,4070,757,3631,3290,341,80.83538084,75.22270561,2026-08-07T07:48:15.697Z
2021,사이버대학(대학),사립,,경북,기존,0000320,대구사이버대학교,1500,2742,1500,1242,1654,1270,384,84.66666667,60.32093363,2026-08-07T07:48:15.697Z
2021,대학교,사립,,경북,기존,0000087,대구예술대학교,387,406,387,19,123,123,0,31.78294574,30.2955665,2026-08-07T07:48:15.697Z
2021,대학교,사립,,경북,기존,0000061,대구한의대학교,1518,1708,1518,190,1644,1461,183,96.24505929,96.2529274,2026-08-07T07:48:15.697Z
2021,대학교,사립,,경북,기존,0000093,대신대학교,116,116,116,0,116,116,0,100,100,2026-08-07T07:48:15.697Z
2021,대학교,사립,,세종,기존,0000094,대전가톨릭대학교,40,42,40,2,8,7,1,17.5,19.04761905,2026-08-07T07:48:15.697Z
2021,대학교,사립,,대전,기존,0000095,대전대학교,2009,2220,2016,204,1966,1831,135,90.8234127,88.55855856,2026-08-07T07:48:15.697Z
2021,대학교,사립,,대전,기존,0000238,대전신학대학교,32,32,32,0,12,12,0,37.5,37.5,2026-08-07T07:48:15.697Z
2021,대학교,사립,,경기,기존,0000097,대진대학교,1793,1976,1793,183,1927,1788,139,99.72113776,97.52024291,2026-08-07T07:48:15.697Z
2021,대학교,사립,,서울,기존,0000099,덕성여자대학교,1040,1128,1043,85,1118,1042,76,99.90412272,99.11347518,2026-08-07T07:48:15.697Z
2021,대학교,사립,,경북,기존,0000101,동국대학교(WISE)_분교,1754,1902,1762,140,1726,1644,82,93.3030647,90.74658254,2026-08-07T07:48:15.697Z
2021,대학교,사립,,서울,기존,0000100,동국대학교,2685,3142,2708,434,3126,2706,420,99.92614476,99.49077021,2026-08-07T07:48:15.697Z
2021,대학교,사립,,서울,기존,0000102,동덕여자대학교,1507,1712,1513,199,1693,1511,182,99.86781229,98.89018692,2026-08-07T07:48:15.697Z
2021,대학교,사립,,부산,기존,0000235,동명대학교,1818,2071,1819,252,1779,1619,160,89.00494777,85.90053114,2026-08-07T07:48:15.697Z
2021,대학교,사립,,부산,기존,0000103,동서대학교,2311,2598,2306,292,2039,1862,177,80.74588031,78.48344881,2026-08-07T07:48:15.697Z
2021,대학교,사립,,전남,기존,0000104,동신대학교,1548,1636,1550,86,1489,1430,59,92.25806452,91.01466993,2026-08-07T07:48:15.697Z
2021,대학교,사립,,부산,기존,0000105,동아대학교,4058,4469,4070,399,4352,4040,312,99.26289926,97.38196465,2026-08-07T07:48:15.697Z
2021,대학교,사립,,경북,기존,0000106,동양대학교,960,1015,960,55,822,778,44,81.04166667,80.98522167,2026-08-07T07:48:15.697Z
2021,대학교,사립,,부산,기존,0000107,동의대학교,3595,3998,3595,403,3689,3395,294,94.43671766,92.27113557,2026-08-07T07:48:15.697Z
2021,사이버대학(대학),사립,,서울,기존,0000330,디지털서울문화예술대학교,990,2559,990,1569,701,627,74,63.33333333,27.39351309,2026-08-07T07:48:15.697Z
2021,대학교,사립,,경기,기존,0000108,루터대학교,85,89,85,4,88,85,3,100,98.87640449,2026-08-07T07:48:15.697Z
2021,대학교,사립,,경기,기존,0000109,명지대학교,1397,1487,1401,86,1473,1401,72,100,99.05850706,2026-08-07T07:48:15.697Z
2021,대학교,사립,,서울,기존,0000111,명지대학교_제2캠퍼스,1263,1774,1269,505,1759,1265,494,99.68479117,99.15445321,2026-08-07T07:48:15.697Z
2021,대학교,사립,,대전,기존,0000112,목원대학교,1824,1950,1825,125,1704,1617,87,88.60273973,87.38461538,2026-08-07T07:48:15.697Z
2021,대학교,사립,,전남,기존,0000221,목포가톨릭대학교,120,126,120,6,124,120,4,100,98.41269841,2026-08-07T07:48:15.697Z
2021,대학교,사립,,대전,기존,0000113,배재대학교,2048,2189,2054,135,1912,1810,102,88.12074002,87.34582001,2026-08-07T07:48:15.697Z
2021,대학교,사립,,충남,기존,0000178,백석대학교,3090,3372,3104,268,3211,3045,166,98.0992268,95.22538553,2026-08-07T07:48:15.697Z
2021,대학교,사립,,부산,기존,0000114,부산가톨릭대학교,916,1019,916,103,818,736,82,80.34934498,80.2747792,2026-08-07T07:48:15.697Z
2021,교육대학,국립,,부산,기존,0000254,부산교육대학교,356,388,357,31,383,354,29,99.15966387,98.71134021,2026-08-07T07:48:15.697Z
2021,대학교,국립,,부산,기존,0000014,부산대학교,4217,4658,4226,432,4581,4215,366,99.73970658,98.34693001,2026-08-07T07:48:15.697Z
2021,사이버대학(대학),사립,,부산,기존,0000321,부산디지털대학교,1000,3882,1000,2882,729,714,15,71.4,18.77897991,2026-08-07T07:48:15.697Z
2021,대학교,사립,,부산,기존,0000115,부산외국어대학교,1813,2016,1818,198,1586,1473,113,81.02310231,78.67063492,2026-08-07T07:48:15.697Z
2021,대학교,사립,,경남,기존,0000222,부산장신대학교,32,34,32,2,32,32,0,100,94.11764706,2026-08-07T07:48:15.697Z
2021,사이버대학(대학),사립,,서울,기존,0000332,사이버한국외국어대학교,1600,3554,1600,1954,2031,1412,619,88.25,57.14687676,2026-08-07T07:48:15.697Z
2021,대학교,사립,,서울,기존,0000116,삼육대학교,1122,1234,1121,113,1207,1121,86,100,97.81199352,2026-08-07T07:48:15.697Z
2021,대학교,사립,,서울,기존,0000117,상명대학교,1379,1647,1380,267,1602,1379,223,99.92753623,97.26775956,2026-08-07T07:48:15.697Z
2021,대학교,사립,,충남,기존,0002959,상명대학교_제2캠퍼스,1367,1459,1369,90,1452,1368,84,99.92695398,99.52021933,2026-08-07T07:48:15.697Z
2021,대학교,사립,,강원,기존,0000119,상지대학교,2255,2420,2272,148,1653,1596,57,70.24647887,68.30578512,2026-08-07T07:48:15.697Z
2021,대학교,사립,,서울,기존,0000120,서강대학교,1574,1831,1587,244,1804,1576,228,99.3068683,98.52539596,2026-08-07T07:48:15.697Z
2021,대학교,사립,,서울,기존,0000121,서경대학교,1269,1669,1275,394,1589,1273,316,99.84313725,95.20671061,2026-08-07T07:48:15.697Z
2021,대학교,국립,,서울,기존,0000036,서울과학기술대학교,2127,2394,2131,263,2385,2125,260,99.71844205,99.62406015,2026-08-07T07:48:15.697Z
2021,교육대학,국립,,서울,기존,0000255,서울교육대학교,355,396,357,39,395,356,39,99.71988796,99.74747475,2026-08-07T07:48:15.697Z
2021,대학교,사립,,서울,기존,0000098,서울기독대학교,136,147,138,9,86,84,2,60.86956522,58.50340136,2026-08-07T07:48:15.697Z
2021,대학교,국립대법인,,서울,기존,0000019,서울대학교,3150,3414,3153,261,3404,3147,257,99.80970504,99.70708846,2026-08-07T07:48:15.697Z
2021,사이버대학(대학),사립,,서울,기존,0000322,서울디지털대학교,3000,7724,3000,4724,2943,1743,1200,58.1,38.10201968,2026-08-07T07:48:15.697Z
2021,사이버대학(대학),사립,,서울,기존,0000323,서울사이버대학교,3270,11297,3270,8027,5033,3068,1965,93.82262997,44.55165088,2026-08-07T07:48:15.697Z
2021,대학교,공립,,서울,기존,0000040,서울시립대학교,1737,1882,1751,131,1867,1748,119,99.82866933,99.20297556,2026-08-07T07:48:15.697Z
2021,대학교,사립,,경기,기존,0000125,서울신학대학교,457,487,457,30,484,457,27,100,99.38398357,2026-08-07T07:48:15.697Z
2021,대학교,사립,,서울,기존,0000126,서울여자대학교,1632,1772,1636,136,1749,1636,113,100,98.7020316,2026-08-07T07:48:15.697Z
2021,대학교,사립,,경기,기존,0000127,서울장신대학교,113,126,113,13,65,60,5,53.09734513,51.58730159,2026-08-07T07:48:15.697Z
2021,대학교,사립,,서울,기존,0000205,서울한영대학교,180,212,182,30,176,162,14,89.01098901,83.01886792,2026-08-07T07:48:15.697Z
2021,대학교,사립,,충북,기존,0000128,서원대학교,1622,1839,1626,213,1663,1540,123,94.71094711,90.42958129,2026-08-07T07:48:15.697Z
2021,대학교,사립,,충남,기존,0000129,선문대학교,2053,2445,2050,395,2369,2032,337,99.12195122,96.89161554,2026-08-07T07:48:15.697Z
2021,대학교,사립,,경기,기존,0000131,성결대학교,1228,1321,1229,92,1295,1227,68,99.83726607,98.0317941,2026-08-07T07:48:15.697Z
2021,대학교,사립,,서울,기존,0000132,성공회대학교,502,533,504,29,533,504,29,100,100,2026-08-07T07:48:15.697Z
2021,대학교,사립,,서울,기존,0000133,성균관대학교,3303,3989,3303,686,3970,3289,681,99.5761429,99.52369015,2026-08-07T07:48:15.697Z
2021,대학교,사립,,서울,기존,0000136,성신여자대학교,2272,2458,2275,183,2434,2273,161,99.91208791,99.02359642,2026-08-07T07:48:15.697Z
2021,대학교,사립,,충북,기존,0000137,세명대학교,1920,2042,1923,119,1533,1426,107,74.1549662,75.07345739,2026-08-07T07:48:15.697Z
2021,대학교,사립,,서울,기존,0000138,세종대학교,2400,2898,2412,486,2816,2411,405,99.95854063,97.17046239,2026-08-07T07:48:15.697Z
2021,사이버대학(대학),사립,,서울,기존,0000325,세종사이버대학교,2180,5161,2180,2981,2654,2060,594,94.49541284,51.42414261,2026-08-07T07:48:15.697Z
2021,대학교,사립,,전남,기존,0000092,세한대학교,817,869,818,51,840,800,40,97.799511,96.66283084,2026-08-07T07:48:15.697Z
2021,대학교,사립,,광주,기존,0000243,송원대학교,710,785,710,75,785,710,75,100,100,2026-08-07T07:48:15.697Z
2021,대학교,사립,,경기,기존,0000139,수원가톨릭대학교,90,91,90,1,38,38,0,42.22222222,41.75824176,2026-08-07T07:48:15.697Z
2021,대학교,사립,,경기,기존,0000140,수원대학교,2130,2293,2133,160,2248,2128,120,99.76558837,98.03750545,2026-08-07T07:48:15.697Z
2021,대학교,사립,,서울,기존,0000141,숙명여자대학교,2110,2428,2120,308,2408,2106,302,99.33962264,99.17627677,2026-08-07T07:48:15.697Z
2021,각종학교(대학),사립,,충북,기존,0000317,순복음총회신학교,71,71,71,0,23,23,0,32.3943662,32.3943662,2026-08-07T07:48:15.697Z
2021,대학교,사립,,충남,기존,0000142,순천향대학교,2352,2861,2358,503,2636,2356,280,99.91518236,92.13561692,2026-08-07T07:48:15.697Z
2021,대학교,사립,,서울,기존,0000143,숭실대학교,2700,3243,2706,537,3204,2702,502,99.85218034,98.79740981,2026-08-07T07:48:15.697Z
2021,사이버대학(대학),사립,,서울,기존,0000329,숭실사이버대학교,1650,4473,1650,2823,1778,1435,343,86.96969697,39.74960876,2026-08-07T07:48:15.697Z
2021,대학교,사립,,경북,기존,0000065,신경주대학교,762,744,701,43,108,105,3,14.978602,14.51612903,2026-08-07T07:48:15.697Z
2021,대학교,사립,,부산,기존,0000144,신라대학교,2183,2385,2183,202,1871,1743,128,79.84425103,78.44863732,2026-08-07T07:48:15.697Z
2021,대학교,사립,,경기,기존,0002712,신한대학교,336,399,339,60,362,339,23,100,90.72681704,2026-08-07T07:48:15.697Z
2021,대학교,사립,,경기,기존,0002800,신한대학교_제2캠퍼스,1117,1236,1120,116,1219,1120,99,100,98.62459547,2026-08-07T07:48:15.697Z
2021,대학교,사립,,경기,기존,0000145,아신대학교,160,172,160,12,99,93,6,58.125,57.55813953,2026-08-07T07:48:15.697Z
2021,대학교,사립,,경기,기존,0000146,아주대학교,1861,2211,1875,336,2196,1863,333,99.36,99.32157395,2026-08-07T07:48:15.697Z
2021,대학교,사립,,경기,기존,0000147,안양대학교,1009,1154,1020,134,1064,994,70,97.45098039,92.20103986,2026-08-07T07:48:15.697Z
2021,대학교,사립,,인천,기존,0000148,안양대학교_제2캠퍼스,157,157,157,0,72,72,0,45.85987261,45.85987261,2026-08-07T07:48:15.697Z
2021,대학교,사립,,강원,기존,0000150,연세대학교(미래)_분교,1319,1486,1332,154,1462,1331,131,99.92492492,98.38492598,2026-08-07T07:48:15.697Z
2021,대학교,사립,,서울,기존,0000149,연세대학교,3417,4454,3431,1023,4436,3420,1016,99.67939376,99.59586888,2026-08-07T07:48:15.697Z
2021,대학교,사립,,경북,기존,0000151,영남대학교,4552,4933,4560,373,4847,4534,313,99.42982456,98.25663896,2026-08-07T07:48:15.697Z
2021,대학교,사립,,경북,기존,0000153,영남신학대학교,115,123,115,8,115,115,0,100,93.49593496,2026-08-07T07:48:15.697Z
2021,대학교,사립,,경남,기존,0003193,영산대학교,630,683,632,51,479,451,28,71.36075949,70.1317716,2026-08-07T07:48:15.697Z
2021,대학교,사립,,부산,기존,0003194,영산대학교_제2캠퍼스,870,1001,871,130,734,646,88,74.16762342,73.32667333,2026-08-07T07:48:15.697Z
2021,대학교,사립,,전남,기존,0000155,영산선학대학교,50,53,50,3,7,6,1,12,13.20754717,2026-08-07T07:48:15.697Z
2021,대학교,사립,,전북,기존,0000228,예수대학교,124,136,125,11,129,123,6,98.4,94.85294118,2026-08-07T07:48:15.697Z
2021,대학교,사립,,전북,기존,0000218,예원예술대학교,186,252,187,65,212,158,54,84.49197861,84.12698413,2026-08-07T07:48:15.697Z
2021,대학교,사립,,경기,기존,0000219,예원예술대학교_제2캠퍼스,89,120,89,31,116,85,31,95.50561798,96.66666667,2026-08-07T07:48:15.697Z
2021,대학교,사립,,경기,기존,0000156,용인대학교,1262,1365,1268,97,1338,1267,71,99.92113565,98.02197802,2026-08-07T07:48:15.697Z
2021,대학교,사립,,전북,기존,0000157,우석대학교,1715,1829,1726,103,1537,1453,84,84.18308227,84.0349918,2026-08-07T07:48:15.697Z
2021,대학교,사립,,대전,기존,0000240,우송대학교,2004,2242,2013,229,2174,2001,173,99.40387481,96.96699376,2026-08-07T07:48:15.697Z
2021,대학교,특별법법인,,울산,기존,0000250,울산과학기술원,400,435,400,35,379,351,28,87.75,87.12643678,2026-08-07T07:48:15.697Z
2021,대학교,사립,,울산,기존,0000158,울산대학교,2782,3023,2791,232,2857,2704,153,96.88283769,94.50876613,2026-08-07T07:48:15.697Z
2021,대학교,사립,,전북,기존,0000159,원광대학교,3526,3731,3543,188,2962,2833,129,79.96048546,79.38890378,2026-08-07T07:48:15.697Z
2021,사이버대학(대학),사립,,전북,기존,0000327,원광디지털대학교,1500,5176,1500,3676,1430,1290,140,86,27.62751159,2026-08-07T07:48:15.697Z
2021,대학교,사립,,경북,기존,0000160,위덕대학교,756,797,756,41,760,743,17,98.28042328,95.35759097,2026-08-07T07:48:15.697Z
2021,대학교,사립,,충북,기존,0000154,유원대학교,875,1018,884,134,732,670,62,75.7918552,71.90569745,2026-08-07T07:48:15.697Z
2021,대학교,사립,,대전,기존,0000161,을지대학교,40,48,39,9,48,39,9,100,100,2026-08-07T07:48:15.697Z
2021,대학교,사립,,경기,기존,0000162,을지대학교_제2캠퍼스,841,904,843,61,890,842,48,99.88137604,98.45132743,2026-08-07T07:48:15.697Z
2021,대학교,사립,,경기,기존,0002911,을지대학교_제3캠퍼스,178,187,178,9,186,178,8,100,99.46524064,2026-08-07T07:48:15.697Z
2021,대학교,사립,,서울,기존,0000163,이화여자대학교,3027,3392,3036,356,3372,3029,343,99.76943347,99.41037736,2026-08-07T07:48:15.697Z
2021,대학교,사립,,경남,기존,0000164,인제대학교,2031,2212,2030,182,1720,1622,98,79.90147783,77.75768535,2026-08-07T07:48:15.697Z
2021,대학교,사립,,인천,기존,0000168,인천가톨릭대학교,16,18,16,2,16,16,0,100,88.88888889,2026-08-07T07:48:15.697Z
2021,대학교,사립,,인천,기존,0000167,인천가톨릭대학교_제2캠퍼스,150,163,150,13,160,150,10,100,98.1595092,2026-08-07T07:48:15.697Z
2021,대학교,국립대법인,,인천,기존,0002660,인천대학교,2492,2804,2496,308,2701,2492,209,99.83974359,96.32667618,2026-08-07T07:48:15.697Z
2021,대학교,사립,,인천,기존,0000169,인하대학교,3591,4158,3598,560,4143,3596,547,99.94441356,99.63924964,2026-08-07T07:48:15.697Z
2021,대학교,사립,,서울,기존,0000170,장로회신학대학교,150,161,150,11,152,150,2,100,94.40993789,2026-08-07T07:48:15.697Z
2021,대학교,국립,,광주,기존,0000023,전남대학교,3367,3683,3371,312,3613,3367,246,99.88134085,98.09937551,2026-08-07T07:48:15.697Z
2021,대학교,국립,,전남,기존,0000024,전남대학교_제2캠퍼스,833,1015,836,179,799,700,99,83.73205742,78.71921182,2026-08-07T07:48:15.697Z
2021,대학교,국립,,전북,기존,0000025,전북대학교,3818,4416,3829,587,4227,3813,414,99.58213633,95.7201087,2026-08-07T07:48:15.697Z
2021,교육대학,국립,,전북,기존,0000258,전주교육대학교,285,310,287,23,303,287,16,100,97.74193548,2026-08-07T07:48:15.697Z
2021,대학교,사립,,전북,기존,0000171,전주대학교,2562,2941,2570,371,2647,2379,268,92.56809339,90.0034002,2026-08-07T07:48:15.697Z
2021,기술대학,사립,,서울,기존,0000288,정석대학,25,100,100,0,27,27,0,27,27,2026-08-07T07:48:15.697Z
2021,대학교,사립,,제주,기존,0000248,제주국제대학교,370,420,370,50,112,109,3,29.45945946,26.66666667,2026-08-07T07:48:15.697Z
2021,대학교,국립,,제주,기존,0000027,제주대학교,2080,2450,2088,362,2286,2088,198,100,93.30612245,2026-08-07T07:48:15.697Z
2021,대학교,사립,,광주,기존,0000172,조선대학교,4330,4750,4350,400,4557,4222,335,97.05747126,95.93684211,2026-08-07T07:48:15.697Z
2021,대학교,사립,,충남,기존,0000173,중부대학교,1945,2099,1945,154,1873,1737,136,89.3059126,89.23296808,2026-08-07T07:48:15.697Z
2021,대학교,사립,,서울,기존,0000175,중앙대학교,3190,4051,3207,844,4023,3190,833,99.46990957,99.30881264,2026-08-07T07:48:15.697Z
2021,대학교,사립,,경기,기존,0000174,중앙대학교_제2캠퍼스,1208,1321,1216,105,1314,1214,100,99.83552632,99.47009841,2026-08-07T07:48:15.697Z
2021,대학교,사립,,경기,기존,0000177,중앙승가대학교,120,122,122,0,29,29,0,23.7704918,23.7704918,2026-08-07T07:48:15.697Z
2021,대학교,사립,,충북,기존,0000239,중원대학교,871,933,879,54,899,864,35,98.29351536,96.35584137,2026-08-07T07:48:15.697Z
2021,교육대학,국립,,경남,기존,0000260,진주교육대학교,319,346,319,27,338,319,19,100,97.68786127,2026-08-07T07:48:15.697Z
2021,대학교,사립,,경기,기존,0000187,차의과학대학교,474,504,475,29,498,475,23,100,98.80952381,2026-08-07T07:48:15.697Z
2021,대학교,사립,,경남,기존,0000249,창신대학교,475,501,475,26,487,468,19,98.52631579,97.20558882,2026-08-07T07:48:15.697Z
2021,산업대학,사립,,충남,기존,0000284,청운대학교,1203,1746,1206,540,1162,937,225,77.69485904,66.55211913,2026-08-07T07:48:15.697Z
2021,교육대학,국립,,충북,기존,0000261,청주교육대학교,286,313,288,25,312,287,25,99.65277778,99.68051118,2026-08-07T07:48:15.697Z
2021,대학교,사립,,충북,기존,0000179,청주대학교,2632,2868,2652,216,2760,2618,142,98.71794872,96.23430962,2026-08-07T07:48:15.697Z
2021,대학교,사립,,전남,기존,0000246,초당대학교,752,795,754,41,784,744,40,98.67374005,98.6163522,2026-08-07T07:48:15.697Z
2021,대학교,사립,,서울,기존,0000180,총신대학교,307,340,307,33,325,306,19,99.6742671,95.58823529,2026-08-07T07:48:15.697Z
2021,대학교,사립,,서울,기존,0000181,추계예술대학교,250,270,252,18,263,251,12,99.6031746,97.40740741,2026-08-07T07:48:15.697Z
2021,교육대학,국립,,강원,기존,0000262,춘천교육대학교,321,346,321,25,341,321,20,100,98.55491329,2026-08-07T07:48:15.697Z
2021,대학교,국립,,대전,기존,0000029,충남대학교,3561,4004,3571,433,3839,3554,285,99.52394287,95.87912088,2026-08-07T07:48:15.697Z
2021,대학교,국립,,충북,기존,0000030,충북대학교,2756,3115,2767,348,3026,2765,261,99.92771955,97.14285714,2026-08-07T07:48:15.697Z
2021,대학교,사립,,경기,기존,0000184,칼빈대학교,90,99,91,8,86,85,1,93.40659341,86.86868687,2026-08-07T07:48:15.697Z
2021,대학교,사립,,경기,기존,0000186,평택대학교,805,873,812,61,855,797,58,98.15270936,97.93814433,2026-08-07T07:48:15.697Z
2021,대학교,사립,,경북,기존,0000188,포항공과대학교,320,330,320,10,327,319,8,99.6875,99.09090909,2026-08-07T07:48:15.697Z
2021,대학교,국립,,경기,기존,0000037,한경국립대학교,1081,1240,1081,159,1193,1070,123,98.98242368,96.20967742,2026-08-07T07:48:15.697Z
2021,대학교,사립,,경기,기존,0000247,한국공학대학교,1380,1823,1389,434,1671,1385,286,99.71202304,91.66209545,2026-08-07T07:48:15.697Z
2021,대학교,특별법법인,,대전,기존,0000374,한국과학기술원,970,790,710,80,718,696,22,98.02816901,90.88607595,2026-08-07T07:48:15.697Z
2021,대학교,국립,,충북,기존,0000031,한국교원대학교,546,597,549,48,585,548,37,99.81785064,97.98994975,2026-08-07T07:48:15.697Z
2021,대학교,사립,,경남,기존,,한국국제대학교,486,512,486,26,147,146,1,30.04115226,28.7109375,2026-08-07T07:48:15.697Z
2021,대학교,사립,,충남,기존,0000189,한국기술교육대학교,836,998,836,162,986,836,150,100,98.79759519,2026-08-07T07:48:15.697Z
2021,방송통신대학,국립,,서울,기존,0000273,한국방송통신대학교,55050,58730,55050,3680,12670,12354,316,22.44141689,21.57330155,2026-08-07T07:48:15.697Z
2021,대학교,사립,,서울,기존,0000191,한국성서대학교,223,247,221,26,239,221,18,100,96.7611336,2026-08-07T07:48:15.697Z
2021,사이버대학(대학),사립,,서울,기존,0000326,한국열린사이버대학교,1000,3854,1000,2854,1912,998,914,99.8,49.61079398,2026-08-07T07:48:15.697Z
2021,각종학교(대학),특별법국립,,서울,기존,0000383,한국예술종합학교,558,574,551,23,562,539,23,97.82214156,97.90940767,2026-08-07T07:48:15.697Z
2021,대학교,사립,,서울,기존,0000192,한국외국어대학교,3377,3849,3377,472,3820,3362,458,99.55581877,99.24655755,2026-08-07T07:48:15.697Z
2021,대학교,특별법국립,,충남,기존,0003022,한국전통문화대학교,140,152,140,12,146,140,6,100,96.05263158,2026-08-07T07:48:15.697Z
2021,대학교,국립,,서울,기존,0000032,한국체육대학교,535,579,535,44,565,534,31,99.81308411,97.582038,2026-08-07T07:48:15.697Z
2021,대학교,사립,,대전,기존,0000182,한국침례신학대학교,345,375,351,24,193,188,5,53.56125356,51.46666667,2026-08-07T07:48:15.697Z
2021,대학교,사립,,경기,기존,0000194,한국항공대학교,877,959,880,79,996,919,77,104.4318182,103.8581856,2026-08-07T07:48:15.697Z
2021,대학교,사립,,대전,기존,0000195,한남대학교,2715,2965,2715,250,2861,2677,184,98.60036832,96.49241147,2026-08-07T07:48:15.697Z
2021,대학교,사립,,경북,기존,0000196,한동대학교,729,815,729,86,812,729,83,100,99.63190184,2026-08-07T07:48:15.697Z
2021,대학교,사립,,강원,기존,0000197,한라대학교,883,979,890,89,684,615,69,69.1011236,69.86721144,2026-08-07T07:48:15.697Z
2021,대학교,사립,,전남,기존,0000242,한려대학교,178,187,178,9,60,58,2,32.58426966,32.0855615,2026-08-07T07:48:15.697Z
2021,대학교,사립,,강원,기존,0000198,한림대학교,1771,1886,1775,111,1874,1774,100,99.94366197,99.36373277,2026-08-07T07:48:15.697Z
2021,대학교,사립,,충남,기존,0000199,한서대학교,1579,1683,1581,102,1628,1528,100,96.64769133,96.73202614,2026-08-07T07:48:15.697Z
2021,대학교,사립,,서울,기존,0000200,한성대학교,1458,1680,1463,217,1646,1462,184,99.9316473,97.97619048,2026-08-07T07:48:15.697Z
2021,대학교,사립,,경기,기존,0000201,한세대학교,566,649,568,81,606,563,43,99.11971831,93.37442219,2026-08-07T07:48:15.697Z
2021,대학교,사립,,경기,기존,0000202,한신대학교,1171,1296,1172,124,1286,1164,122,99.31740614,99.22839506,2026-08-07T07:48:15.697Z
2021,대학교,사립,,경기,기존,0000204,한양대학교(ERICA)_분교,1875,2438,1891,547,2301,1887,414,99.78847171,94.38063987,2026-08-07T07:48:15.697Z
2021,대학교,사립,,서울,기존,0000203,한양대학교,2890,3627,2906,721,3603,2894,709,99.58706125,99.33829611,2026-08-07T07:48:15.697Z
2021,사이버대학(대학),사립,,서울,기존,0000331,한양사이버대학교,3240,8568,3240,5328,4405,3210,1195,99.07407407,51.41223156,2026-08-07T07:48:15.697Z
2021,대학교,사립,,전북,기존,0000206,한일장신대학교,219,252,219,33,197,197,0,89.9543379,78.17460317,2026-08-07T07:48:15.697Z
2021,대학교,사립,,경기,기존,0000207,협성대학교,1004,1062,1007,55,1026,977,49,97.02085402,96.61016949,2026-08-07T07:48:15.697Z
2021,대학교,사립,,광주,기존,0000208,호남대학교,1562,1689,1566,123,1520,1418,102,90.54916986,89.99407934,2026-08-07T07:48:15.697Z
2021,대학교,사립,,광주,기존,0000209,호남신학대학교,137,137,137,0,131,131,0,95.62043796,95.62043796,2026-08-07T07:48:15.697Z
2021,대학교,사립,,충남,기존,0000211,호서대학교,2881,3171,2887,284,3041,2796,245,96.84793904,95.90034689,2026-08-07T07:48:15.697Z
2021,산업대학,사립,,전북,기존,0000282,호원대학교,1147,1442,1115,327,1217,947,270,84.93273543,84.39667129,2026-08-07T07:48:15.697Z
2021,대학교,사립,,서울,기존,0000212,홍익대학교,2371,2819,2377,442,2810,2376,434,99.95793016,99.68073785,2026-08-07T07:48:15.697Z
2021,대학교,사립,,세종,기존,0002949,홍익대학교_제2캠퍼스,1299,1412,1307,105,1377,1301,76,99.54093344,97.52124646,2026-08-07T07:48:15.697Z
2021,대학교,사립,,경기,기존,0000233,화성의과학대학교,246,252,239,13,75,69,6,28.87029289,29.76190476,2026-08-07T07:48:15.697Z
2021,사이버대학(대학),사립,,부산,기존,0000333,화신사이버대학교,430,1523,430,1093,505,430,75,100,33.15824032,2026-08-07T07:48:15.697Z
2021,기능대학,사립,,경기,기존,0000579,ICT폴리텍대학,160,192,160,32,134,131,3,81.875,69.79166667,2026-08-07T07:48:15.697Z
2021,전문대학,사립,,경북,기존,0000410,가톨릭상지대학교,631,936,631,305,793,521,272,82.56735341,84.72222222,2026-08-07T07:48:15.697Z
2021,전문대학,사립,,충북,기존,0000433,강동대학교,1644,1918,1644,274,1207,1014,193,61.67883212,62.93013556,2026-08-07T07:48:15.697Z
2021,전문대학,사립,,강원,기존,0000514,강릉영동대학교,987,1266,987,279,831,702,129,71.12462006,65.63981043,2026-08-07T07:48:15.697Z
2021,전문대학,사립,,강원,폐교,0000548,강원관광대학교,98,142,98,44,124,98,26,100,87.32394366,2026-08-07T07:48:15.697Z
2021,전문대학,공립,,강원,기존,0002639,강원도립대학교,312,332,312,20,314,312,2,100,94.57831325,2026-08-07T07:48:15.697Z
2021,전문대학,사립,,경남,기존,0000412,거제대학교,420,590,420,170,326,259,67,61.66666667,55.25423729,2026-08-07T07:48:15.697Z
2021,전문대학,사립,,경기,기존,0000560,경기과학기술대학교,1468,3523,1468,2055,1863,1116,747,76.02179837,52.88106727,2026-08-07T07:48:15.697Z
2021,전문대학,공립,,경남,기존,0000402,경남도립거창대학,387,450,387,63,390,387,3,100,86.66666667,2026-08-07T07:48:15.697Z
2021,전문대학,공립,,경남,기존,0000403,경남도립남해대학,375,417,375,42,380,375,5,100,91.12709832,2026-08-07T07:48:15.697Z
2021,전문대학,사립,,부산,기존,0002640,경남정보대학교,2549,4939,2549,2390,2654,1905,749,74.73519027,53.735574,2026-08-07T07:48:15.697Z
2021,전문대학,사립,,경기,기존,0000416,경민대학교,1560,2303,1560,743,1722,1304,418,83.58974359,74.77203647,2026-08-07T07:48:15.697Z
2021,전문대학,사립,,경기,기존,0002641,경복대학교,1811,2718,1811,907,2332,1740,592,96.07951408,85.79838116,2026-08-07T07:48:15.697Z
2021,전문대학,사립,,경북,기존,0000456,경북과학대학교,693,1300,693,607,811,693,118,100,62.38461538,2026-08-07T07:48:15.697Z
2021,전문대학,공립,,경북,폐교,0000405,경북도립대학교,364,433,364,69,365,338,27,92.85714286,84.29561201,2026-08-07T07:48:15.697Z
2021,전문대학,사립,,경북,기존,0000438,경북보건대학교,357,471,357,114,381,323,58,90.47619048,80.89171975,2026-08-07T07:48:15.697Z
2021,전문대학,사립,,경북,기존,0002642,경북전문대학교,919,1249,827,422,1098,725,373,87.6662636,87.91032826,2026-08-07T07:48:15.697Z
2021,전문대학,사립,,인천,기존,0000422,경인여자대학교,1667,2252,1667,585,1888,1439,449,86.32273545,83.8365897,2026-08-07T07:48:15.697Z
2021,전문대학,사립,,대구,기존,0000425,계명문화대학교,2116,2614,2116,498,2176,1870,306,88.37429112,83.24407039,2026-08-07T07:48:15.697Z
2021,전문대학,사립,,경기,기존,0000426,계원예술대학교,994,1378,994,384,1250,994,256,100,90.71117562,2026-08-07T07:48:15.697Z
2021,전문대학,사립,,전남,기존,0000428,광양보건대학교,462,493,462,31,60,54,6,11.68831169,12.1703854,2026-08-07T07:48:15.697Z
2021,전문대학,사립,,광주,기존,0000429,광주보건대학교,1091,1565,1091,474,1435,1044,391,95.69202566,91.69329073,2026-08-07T07:48:15.697Z
2021,전문대학,사립,,경북,기존,0000430,구미대학교,1533,2532,1533,999,2488,1489,999,97.12981083,98.26224329,2026-08-07T07:48:15.697Z
2021,전문대학,사립,,경기,기존,0000549,국제대학교,1609,2075,1609,466,1313,1165,148,72.40522063,63.27710843,2026-08-07T07:48:15.697Z
2021,전문대학,사립,,전북,기존,0002971,군산간호대학교,221,310,221,89,310,221,89,100,100,2026-08-07T07:48:15.697Z
2021,전문대학,사립,,전북,기존,0000432,군장대학교,672,918,672,246,822,625,197,93.00595238,89.54248366,2026-08-07T07:48:15.697Z
2021,전문대학,사립,,광주,기존,0002972,기독간호대학교,111,177,111,66,162,111,51,100,91.52542373,2026-08-07T07:48:15.697Z
2021,전문대학,사립,,경기,기존,0000440,김포대학교,1249,1995,1249,746,1004,634,370,50.76060849,50.32581454,2026-08-07T07:48:15.697Z
2021,전문대학,사립,,경남,기존,0000569,김해대학교,459,623,459,164,495,424,71,92.37472767,79.45425361,2026-08-07T07:48:15.697Z
2021,전문대학,사립,,전남,기존,0000435,나주대학교,849,1987,849,1138,809,778,31,91.63722026,40.71464519,2026-08-07T07:48:15.697Z
2021,전문대학,사립,,경기,기존,0000441,농협대학교,59,179,59,120,157,59,98,100,87.70949721,2026-08-07T07:48:15.697Z
2021,전문대학,사립,,경북,기존,0000442,대경대학교,1644,2094,1644,450,1917,1586,331,96.47201946,91.54727794,2026-08-07T07:48:15.697Z
2021,전문대학,사립,,대구,기존,0000443,대구공업대학교,680,1071,680,391,815,657,158,96.61764706,76.09710551,2026-08-07T07:48:15.697Z
2021,전문대학,사립,,대구,기존,0000446,대구과학대학교,1552,1920,1552,368,1610,1381,229,88.98195876,83.85416667,2026-08-07T07:48:15.697Z
2021,전문대학,사립,,대구,기존,0000444,대구보건대학교,2184,3161,2184,977,2596,1952,644,89.37728938,82.12590952,2026-08-07T07:48:15.697Z
2021,전문대학,사립,,대전,기존,0000546,대덕대학교,1559,1910,1559,351,1217,1025,192,65.74727389,63.71727749,2026-08-07T07:48:15.697Z
2021,전문대학,사립,,부산,기존,0000447,대동대학교,527,715,527,188,479,396,83,75.14231499,66.99300699,2026-08-07T07:48:15.697Z
2021,전문대학,사립,,경기,기존,0000448,대림대학교,2261,4263,2261,2002,3173,2261,912,100,74.43115177,2026-08-07T07:48:15.697Z
2021,전문대학,사립,,충북,기존,0000449,대원대학교,1008,1216,1008,208,861,762,99,75.5952381,70.80592105,2026-08-07T07:48:15.697Z
2021,전문대학,사립,,대전,기존,0000453,대전과학기술대학교,1729,2091,1729,362,1573,1341,232,77.55928282,75.22716404,2026-08-07T07:48:15.697Z
2021,전문대학,사립,,대전,기존,0000451,대전보건대학교,1865,2405,1865,540,1925,1448,477,77.64075067,80.04158004,2026-08-07T07:48:15.697Z
2021,전문대학,사립,,광주,기존,0000460,동강대학교,1009,1196,1009,187,1090,919,171,91.0802775,91.13712375,2026-08-07T07:48:15.697Z
2021,전문대학,사립,,경기,기존,0000457,동남보건대학교,1336,1896,1336,560,1726,1268,458,94.91017964,91.03375527,2026-08-07T07:48:15.697Z
2021,전문대학,사립,,경기,기존,0000450,동서울대학교,2289,2982,2289,693,2616,2169,447,94.75753604,87.72635815,2026-08-07T07:48:15.697Z
2021,전문대학,사립,,경기,기존,0000461,동아방송예술대학교,823,1289,823,466,1201,823,378,100,93.17300233,2026-08-07T07:48:15.697Z
2021,전문대학,사립,,전남,기존,0000462,동아보건대학교,556,823,556,267,552,485,67,87.23021583,67.07168894,2026-08-07T07:48:15.697Z
2021,전문대학,사립,,서울,기존,0000463,동양미래대학교,2135,4288,2135,2153,2837,2135,702,100,66.1613806,2026-08-07T07:48:15.697Z
2021,전문대학,사립,,경남,기존,0000509,동원과학기술대학교,763,1391,763,628,996,665,331,87.1559633,71.60316319,2026-08-07T07:48:15.697Z
2021,전문대학,사립,,경기,기존,0000465,동원대학교,1518,2481,1518,963,1370,1175,195,77.40447958,55.21966949,2026-08-07T07:48:15.697Z
2021,전문대학,사립,,부산,기존,0000466,동의과학대학교,2141,3256,2141,1115,1756,1315,441,61.41989724,53.93120393,2026-08-07T07:48:15.697Z
2021,전문대학,사립,,경기,기존,0000469,두원공과대학교,1795,2040,1795,245,955,839,116,46.74094708,46.81372549,2026-08-07T07:48:15.697Z
2021,전문대학,사립,,경남,기존,0000470,마산대학교,2044,2473,2044,429,2061,1747,314,85.46966732,83.34007279,2026-08-07T07:48:15.697Z
2021,전문대학,사립,,서울,기존,0000473,명지전문대학,2527,4303,2527,1776,3280,2527,753,100,76.22588891,2026-08-07T07:48:15.697Z
2021,전문대학,사립,,전남,기존,0000474,목포과학대학교,890,1027,890,137,966,890,76,100,94.06037001,2026-08-07T07:48:15.697Z
2021,전문대학,사립,,경북,기존,0000475,문경대학교,278,357,278,79,294,268,26,96.4028777,82.35294118,2026-08-07T07:48:15.697Z
2021,전문대학,사립,,서울,기존,0000476,배화여자대학교,1127,1547,1127,420,1364,1118,246,99.2014197,88.17065288,2026-08-07T07:48:15.697Z
2021,전문대학,사립,,충남,기존,0000543,백석문화대학교,2241,3184,2241,943,1738,1464,274,65.32797858,54.58542714,2026-08-07T07:48:15.697Z
2021,전문대학,사립,,전북,기존,0000477,백제예술대학교,603,672,603,69,565,529,36,87.72802653,84.07738095,2026-08-07T07:48:15.697Z
2021,전문대학,사립,,부산,기존,0000479,부산경상대학교,1150,1617,1150,467,1292,1090,202,94.7826087,79.90105133,2026-08-07T07:48:15.697Z
2021,전문대학,사립,,부산,기존,0000481,부산과학기술대학교,1251,2414,1251,1163,1300,1007,293,80.49560352,53.85252693,2026-08-07T07:48:15.697Z
2021,전문대학,사립,,부산,기존,0000467,부산보건대학교,1160,1527,1160,367,965,795,170,68.53448276,63.19580878,2026-08-07T07:48:15.697Z
2021,전문대학,사립,,부산,기존,0000480,부산여자대학교,901,1254,901,353,836,729,107,80.91009989,66.66666667,2026-08-07T07:48:15.697Z
2021,전문대학,사립,,부산,기존,0000561,부산예술대학교,451,542,451,91,389,370,19,82.03991131,71.77121771,2026-08-07T07:48:15.697Z
2021,전문대학,사립,,경기,기존,0000482,부천대학교,2269,4491,2269,2222,3529,2269,1260,100,78.57938098,2026-08-07T07:48:15.697Z
2021,전문대학,사립,,서울,기존,0000483,삼육보건대학교,396,660,396,264,553,396,157,100,83.78787879,2026-08-07T07:48:15.697Z
2021,전문대학,사립,,경북,폐교,0002645,서라벌대학교,235,431,235,196,208,182,26,77.44680851,48.25986079,2026-08-07T07:48:15.697Z
2021,전문대학,사립,,광주,기존,0002646,서영대학교,1679,2680,1679,1001,2231,1547,684,92.13817749,83.24626866,2026-08-07T07:48:15.697Z
2021,전문대학,사립,,서울,기존,0002973,서울여자간호대학교,168,261,168,93,261,168,93,100,100,2026-08-07T07:48:15.697Z
2021,전문대학,사립,,경기,기존,0000489,서울예술대학교,581,1390,581,809,1137,581,556,100,81.79856115,2026-08-07T07:48:15.697Z
2021,전문대학,사립,,서울,기존,0000490,서일대학교,2125,3306,2125,1181,2506,2025,481,95.29411765,75.8015729,2026-08-07T07:48:15.697Z
2021,전문대학,사립,,경기,기존,0000566,서정대학교,1370,3076,1370,1706,2725,1370,1355,100,88.58907672,2026-08-07T07:48:15.697Z
2021,전문대학,사립,,경북,기존,0000550,선린대학교,781,993,781,212,779,617,162,79.00128041,78.44914401,2026-08-07T07:48:15.697Z
2021,전문대학,사립,,경북,기존,0002647,성운대학교,560,1007,560,447,712,528,184,94.28571429,70.70506455,2026-08-07T07:48:15.697Z
2021,전문대학,사립,,강원,기존,0000515,세경대학교,443,609,443,166,470,408,62,92.0993228,77.17569787,2026-08-07T07:48:15.697Z
2021,전문대학,사립,,강원,기존,0000567,송곡대학교,200,342,200,142,233,128,105,64,68.12865497,2026-08-07T07:48:15.697Z
2021,전문대학,사립,,강원,기존,0000564,송호대학교,326,456,326,130,360,279,81,85.58282209,78.94736842,2026-08-07T07:48:15.697Z
2021,전문대학,사립,,대구,기존,0002649,수성대학교,1340,1557,1340,217,1386,1228,158,91.64179104,89.01734104,2026-08-07T07:48:15.697Z
2021,전문대학,사립,,경기,기존,0000497,수원과학대학교,2236,2686,2236,450,1686,1498,188,66.99463327,62.76991809,2026-08-07T07:48:15.697Z
2021,전문대학,사립,,경기,기존,0000496,수원여자대학교,1534,1896,1534,362,1513,1324,189,86.31029987,79.79957806,2026-08-07T07:48:15.697Z
2021,전문대학,사립,,전남,기존,0000498,순천제일대학교,1056,1342,1056,286,1212,1000,212,94.6969697,90.31296572,2026-08-07T07:48:15.697Z
2021,전문대학,사립,,서울,기존,0000500,숭의여자대학교,1460,1771,1460,311,1575,1398,177,95.75342466,88.93280632,2026-08-07T07:48:15.697Z
2021,전문대학,사립,,경기,기존,0000501,신구대학교,2355,2996,2355,641,2872,2278,594,96.73036093,95.8611482,2026-08-07T07:48:15.697Z
2021,전문대학,사립,,충남,기존,0000502,신성대학교,1370,1686,1218,468,1282,1028,254,84.40065681,76.03795967,2026-08-07T07:48:15.697Z
2021,전문대학,사립,,경기,기존,0000506,신안산대학교,1805,2327,1805,522,1156,1008,148,55.84487535,49.67769661,2026-08-07T07:48:15.697Z
2021,전문대학,사립,,충남,기존,0000454,아주자동차대학교,494,544,494,50,371,343,28,69.43319838,68.19852941,2026-08-07T07:48:15.697Z
2021,전문대학,사립,,경북,기존,0002650,안동과학대학교,955,1234,955,279,804,639,165,66.91099476,65.15397083,2026-08-07T07:48:15.697Z
2021,전문대학,사립,,경기,기존,0000507,안산대학교,1527,1945,1527,418,1496,1183,313,77.47216765,76.9151671,2026-08-07T07:48:15.697Z
2021,전문대학,사립,,경기,기존,0000510,여주대학교,1983,2676,1983,693,1713,1325,388,66.8179526,64.01345291,2026-08-07T07:48:15.697Z
2021,전문대학,사립,,경기,기존,0002651,연성대학교,2341,2851,2341,510,2631,2232,399,95.34387014,92.28340933,2026-08-07T07:48:15.697Z
2021,전문대학,사립,,경남,기존,0002652,연암공과대학교,502,585,502,83,558,502,56,100,95.38461538,2026-08-07T07:48:15.697Z
2021,전문대학,사립,,충남,기존,0000512,연암대학교,483,627,483,144,575,483,92,100,91.70653907,2026-08-07T07:48:15.697Z
2021,전문대학,사립,,경북,기존,0000418,영남외국어대학,352,460,352,108,167,160,7,45.45454545,36.30434783,2026-08-07T07:48:15.697Z
2021,전문대학,사립,,대구,기존,0000513,영남이공대학교,2242,3106,2242,864,2171,1773,398,79.08117752,69.8969736,2026-08-07T07:48:15.697Z
2021,사이버대학(전문대학),사립,,대구,기존,0000575,영진사이버대학교,1300,3279,1300,1979,1726,1171,555,90.07692308,52.63799939,2026-08-07T07:48:15.697Z
2021,전문대학,사립,,대구,기존,0000517,영진전문대학교,2621,3595,2621,974,3148,2363,785,90.15642884,87.56606398,2026-08-07T07:48:15.697Z
2021,전문대학,사립,,경기,기존,0002653,오산대학교,1914,2657,1914,743,2099,1681,418,87.82654127,78.99887091,2026-08-07T07:48:15.697Z
2021,전문대학,사립,,경기,기존,0000520,용인예술과학대학교,1586,2029,1586,443,1261,1122,139,70.74401009,62.14884179,2026-08-07T07:48:15.697Z
2021,전문대학,사립,,대전,기존,0000452,우송정보대학,2075,2569,2075,494,1551,1375,176,66.26506024,60.37368626,2026-08-07T07:48:15.697Z
2021,전문대학,사립,,울산,기존,0000521,울산과학대학교,1640,2489,1640,849,2010,1526,484,93.04878049,80.75532342,2026-08-07T07:48:15.697Z
2021,전문대학,사립,,경기,기존,0000568,웅지세무대학교,599,731,599,132,156,148,8,24.70784641,21.34062927,2026-08-07T07:48:15.697Z
2021,전문대학,사립,,전북,기존,0000523,원광보건대학교,1478,1877,1478,399,1795,1394,401,94.31664411,95.63132658,2026-08-07T07:48:15.697Z
2021,전문대학,사립,,경기,기존,0000524,유한대학교,2017,2962,2017,945,2198,1984,214,98.36390679,74.20661715,2026-08-07T07:48:15.697Z
2021,전문대학,사립,,서울,기존,0000525,인덕대학교,2098,3028,2098,930,2591,2098,493,100,85.5680317,2026-08-07T07:48:15.697Z
2021,전문대학,사립,,인천,기존,0002654,인하공업전문대학,2652,3246,2652,594,3246,2652,594,100,100,2026-08-07T07:48:15.697Z
2021,전문대학,사립,,경기,기존,0000527,장안대학교,2367,2756,2367,389,1630,1383,247,58.42839037,59.1436865,2026-08-07T07:48:15.697Z
2021,전문대학,사립,,인천,기존,0000455,재능대학교,1576,2159,1576,583,1752,1411,341,89.53045685,81.14867994,2026-08-07T07:48:15.697Z
2021,전문대학,사립,,전남,기존,0000529,전남과학대학교,1191,2099,1191,908,1531,1009,522,84.71872376,72.939495,2026-08-07T07:48:15.697Z
2021,전문대학,공립,,전남,기존,0000562,전남도립대학교,705,903,705,198,595,585,10,82.9787234,65.89147287,2026-08-07T07:48:15.697Z
2021,전문대학,사립,,전북,기존,0000531,전북과학대학교,620,1121,620,501,730,603,127,97.25806452,65.12042819,2026-08-07T07:48:15.697Z
2021,전문대학,사립,,전북,기존,0000437,전주기전대학,813,1012,813,199,687,618,69,76.01476015,67.88537549,2026-08-07T07:48:15.697Z
2021,전문대학,사립,,전북,기존,0000530,전주비전대학교,1098,2287,1098,1189,1534,1029,505,93.71584699,67.07477044,2026-08-07T07:48:15.697Z
2021,전문대학,사립,,제주,기존,0000532,제주관광대학교,928,1069,928,141,756,695,61,74.89224138,70.72029935,2026-08-07T07:48:15.697Z
2021,전문대학,사립,,제주,기존,0002655,제주한라대학교,1622,2913,1622,1291,1811,1316,495,81.13440197,62.16958462,2026-08-07T07:48:15.697Z
2021,전문대학,사립,,광주,기존,0002974,조선간호대학교,139,193,139,54,193,139,54,100,100,2026-08-07T07:48:15.697Z
2021,전문대학,사립,,광주,기존,0000534,조선이공대학교,1492,1816,1492,324,1507,1316,191,88.20375335,82.9845815,2026-08-07T07:48:15.697Z
2021,전문대학,사립,,경남,기존,0000539,진주보건대학교,748,1024,748,276,843,643,200,85.96256684,82.32421875,2026-08-07T07:48:15.697Z
2021,전문대학,사립,,경남,기존,0000542,창원문성대학교,972,1166,972,194,736,637,99,65.53497942,63.12178388,2026-08-07T07:48:15.697Z
2021,전문대학,사립,,경기,기존,0000544,청강문화산업대학교,1136,1507,1136,371,1423,1136,287,100,94.42601194,2026-08-07T07:48:15.697Z
2021,전문대학,사립,,전남,기존,0002656,청암대학교,1051,1421,1051,370,908,791,117,75.26165557,63.89866291,2026-08-07T07:48:15.697Z
2021,전문대학,사립,,울산,기존,0000545,춘해보건대학교,663,1071,663,408,893,616,277,92.91101056,83.38001867,2026-08-07T07:48:15.697Z
2021,전문대학,공립,,충남,기존,0002657,충남도립대학교,456,526,456,70,477,447,30,98.02631579,90.68441065,2026-08-07T07:48:15.697Z
2021,전문대학,공립,,충북,기존,0000406,충북도립대학교,410,417,410,7,395,393,2,95.85365854,94.72422062,2026-08-07T07:48:15.697Z
2021,전문대학,사립,,충북,기존,0000536,충북보건과학대학교,1026,1444,1026,418,1020,825,195,80.40935673,70.63711911,2026-08-07T07:48:15.697Z
2021,전문대학,사립,,충북,기존,0000547,충청대학교,1597,2385,1597,788,1388,1136,252,71.13337508,58.19706499,2026-08-07T07:48:15.697Z
2021,전문대학,사립,,경북,기존,0002658,포항대학교,721,782,721,61,633,572,61,79.33425798,80.94629156,2026-08-07T07:48:15.697Z
2021,전문대학,사립,,강원,기존,0000578,한국골프과학기술대학교,160,199,160,39,187,151,36,94.375,93.96984925,2026-08-07T07:48:15.697Z
2021,전문대학,사립,,경기,기존,0000565,한국관광대학교,930,1129,930,199,845,738,107,79.35483871,74.84499557,2026-08-07T07:48:15.697Z
2021,전문대학,특별법국립,,전북,기존,0003019,한국농수산대학교,570,684,570,114,684,570,114,100,100,2026-08-07T07:48:15.697Z
2021,전문대학,국립,,경기,폐교,0002659,한국복지대학교,261,483,261,222,318,241,77,92.33716475,65.83850932,2026-08-07T07:48:15.697Z
2021,사이버대학(전문대학),사립,,경북,기존,0000576,한국복지사이버대학교,1000,1440,1000,440,1313,1000,313,100,91.18055556,2026-08-07T07:48:15.697Z
2021,전문대학,사립,,경남,기존,0000570,한국승강기대학교,297,355,297,58,278,251,27,84.51178451,78.30985915,2026-08-07T07:48:15.697Z
2021,전문대학,사립,,세종,기존,0000522,한국영상대학교,1127,1855,1127,728,1209,928,281,82.34250222,65.17520216,2026-08-07T07:48:15.697Z
2021,기능대학,사립,,서울,기존,0000585,한국폴리텍 I 대학 서울강서캠퍼스,260,312,260,52,257,203,54,78.07692308,82.37179487,2026-08-07T07:48:15.697Z
2021,기능대학,사립,,서울,기존,0000584,한국폴리텍 I 대학 서울정수캠퍼스,565,797,565,232,721,535,186,94.69026549,90.4642409,2026-08-07T07:48:15.697Z
2021,기능대학,사립,,경기,기존,0000586,한국폴리텍 I 대학 성남캠퍼스,385,484,385,99,319,279,40,72.46753247,65.90909091,2026-08-07T07:48:15.697Z
2021,기능대학,사립,,제주,기존,0002912,한국폴리텍 I 대학 제주캠퍼스,25,30,25,5,30,25,5,100,100,2026-08-07T07:48:15.697Z
2021,기능대학,사립,,인천,기존,0000590,한국폴리텍 II 대학 남인천캠퍼스,25,30,25,5,30,25,5,100,100,2026-08-07T07:48:15.697Z
2021,기능대학,사립,,인천,기존,0000589,한국폴리텍 II 대학 인천캠퍼스,830,1215,830,385,1004,714,290,86.02409639,82.63374486,2026-08-07T07:48:15.697Z
2021,기능대학,사립,,경기,신설,0003105,한국폴리텍 II 대학 화성캠퍼스,0,20,0,20,9,0,9,,45,2026-08-07T07:48:15.697Z
2021,기능대학,사립,,강원,기존,0000594,한국폴리텍 III 대학 강릉캠퍼스,60,72,60,12,70,60,10,100,97.22222222,2026-08-07T07:48:15.697Z
2021,기능대학,사립,,강원,기존,0002854,한국폴리텍 III 대학 원주캠퍼스,50,60,50,10,55,50,5,100,91.66666667,2026-08-07T07:48:15.697Z
2021,기능대학,사립,,강원,기존,0000593,한국폴리텍 III 대학 춘천캠퍼스,125,160,125,35,135,107,28,85.6,84.375,2026-08-07T07:48:15.697Z
2021,기능대학,사립,,대전,기존,0000603,한국폴리텍 IV 대학 대전캠퍼스,380,456,380,76,372,333,39,87.63157895,81.57894737,2026-08-07T07:48:15.697Z
2021,기능대학,사립,,충남,기존,0000606,한국폴리텍 IV 대학 아산캠퍼스,225,299,225,74,247,198,49,88,82.60869565,2026-08-07T07:48:15.697Z
2021,기능대학,사립,,충북,기존,0000604,한국폴리텍 IV 대학 청주캠퍼스,325,431,325,106,383,307,76,94.46153846,88.86310905,2026-08-07T07:48:15.697Z
2021,기능대학,사립,,충남,기존,0000607,한국폴리텍 IV 대학 충남캠퍼스,120,144,120,24,66,61,5,50.83333333,45.83333333,2026-08-07T07:48:15.697Z
2021,기능대학,사립,,광주,기존,0000616,한국폴리텍 V 대학 광주캠퍼스,355,453,355,98,398,350,48,98.5915493,87.85871965,2026-08-07T07:48:15.697Z
2021,기능대학,사립,,전남,기존,0002975,한국폴리텍 V 대학 순천캠퍼스,0,14,0,14,14,0,14,,100,2026-08-07T07:48:15.697Z
2021,기능대학,사립,,전북,기존,0000620,한국폴리텍 V 대학 익산캠퍼스,50,75,50,25,67,48,19,96,89.33333333,2026-08-07T07:48:15.697Z
2021,기능대학,사립,,전남,기존,0000619,한국폴리텍 V 대학 전남캠퍼스,100,132,100,32,104,89,15,89,78.78787879,2026-08-07T07:48:15.697Z
2021,기능대학,사립,,전북,기존,0000617,한국폴리텍 V 대학 전북캠퍼스,240,303,240,63,208,179,29,74.58333333,68.64686469,2026-08-07T07:48:15.697Z
2021,기능대학,사립,,경북,기존,0000624,한국폴리텍 VI 대학 구미캠퍼스,260,332,260,72,257,224,33,86.15384615,77.40963855,2026-08-07T07:48:15.697Z
2021,기능대학,사립,,대구,기존,0000623,한국폴리텍 VI 대학 대구캠퍼스,300,415,300,115,244,195,49,65,58.79518072,2026-08-07T07:48:15.697Z
2021,기능대학,사립,,대구,기존,0000636,한국폴리텍 VI 대학 영남융합기술캠퍼스,150,180,150,30,116,115,1,76.66666667,64.44444444,2026-08-07T07:48:15.697Z
2021,기능대학,사립,,경북,기존,0002674,한국폴리텍 VI 대학 영주캠퍼스,30,36,30,6,21,20,1,66.66666667,58.33333333,2026-08-07T07:48:15.697Z
2021,기능대학,사립,,부산,기존,0000632,한국폴리텍 VII 대학 부산캠퍼스,385,481,385,96,410,356,54,92.46753247,85.23908524,2026-08-07T07:48:15.697Z
2021,기능대학,사립,,울산,기존,0000633,한국폴리텍 VII 대학 울산캠퍼스,325,394,325,69,346,311,35,95.69230769,87.81725888,2026-08-07T07:48:15.697Z
2021,기능대학,사립,,경남,기존,0000631,한국폴리텍 VII 대학 창원캠퍼스,605,846,605,241,734,591,143,97.68595041,86.76122931,2026-08-07T07:48:15.697Z
2021,기능대학,사립,,경북,신설,0003104,한국폴리텍 특성화대학 로봇캠퍼스,100,120,100,20,103,94,9,94,85.83333333,2026-08-07T07:48:15.697Z
2021,기능대학,사립,,충남,기존,0000635,한국폴리텍 특성화대학 바이오캠퍼스,180,216,180,36,211,180,31,100,97.68518519,2026-08-07T07:48:15.697Z
2021,기능대학,사립,,경기,기존,0000637,한국폴리텍 특성화대학 반도체융합캠퍼스,246,396,330,66,306,246,60,74.54545455,77.27272727,2026-08-07T07:48:15.697Z
2021,기능대학,사립,,경남,기존,0000638,한국폴리텍 특성화대학 항공캠퍼스,240,308,240,68,194,175,19,72.91666667,62.98701299,2026-08-07T07:48:15.697Z
2021,전문대학,사립,,강원,기존,0000553,한림성심대학교,1046,1399,1046,353,1139,852,287,81.45315488,81.41529664,2026-08-07T07:48:15.697Z
2021,전문대학,사립,,서울,기존,0000554,한양여자대학교,2487,3199,2487,712,3021,2487,534,100,94.43576118,2026-08-07T07:48:15.697Z
2021,전문대학,사립,,전남,기존,0000555,한영대학교,553,857,553,304,667,553,114,100,77.82963827,2026-08-07T07:48:15.697Z
2021,전문대학,사립,,충남,기존,0000556,혜전대학교,1060,1334,1060,274,951,763,188,71.98113208,71.28935532,2026-08-07T07:48:15.697Z
2021,전문대학,사립,,경북,기존,0000415,호산대학교,656,967,656,311,781,619,162,94.3597561,80.76525336,2026-08-07T07:48:15.697Z
2020,대학교,사립,,경남,기존,0002748,가야대학교(김해),568,605,573,32,496,469,27,81.84991274,81.98347107,2026-08-07T07:48:15.697Z
2020,대학교,사립,,경기,기존,0000063,가천대학교,3766,4189,3766,423,4186,3764,422,99.94689326,99.92838386,2026-08-07T07:48:15.697Z
2020,대학교,사립,,강원,기존,0000072,가톨릭관동대학교,2080,2271,2092,179,2236,2075,161,99.1873805,98.45882871,2026-08-07T07:48:15.697Z
2020,대학교,사립,,충북,기존,0000215,가톨릭꽃동네대학교,108,115,108,7,112,108,4,100,97.39130435,2026-08-07T07:48:15.697Z
2020,대학교,사립,,경기,기존,0000046,가톨릭대학교,1472,1615,1473,142,1599,1471,128,99.86422267,99.00928793,2026-08-07T07:48:15.697Z
2020,대학교,사립,,서울,기존,0000048,가톨릭대학교_제2캠퍼스,173,184,173,11,180,173,7,100,97.82608696,2026-08-07T07:48:15.697Z
2020,대학교,사립,,서울,기존,0000049,가톨릭대학교_제3캠퍼스,50,56,50,6,53,50,3,100,94.64285714,2026-08-07T07:48:15.697Z
2020,대학교,사립,,서울,기존,0000050,감리교신학대학교,200,218,202,16,198,191,7,94.55445545,90.82568807,2026-08-07T07:48:15.697Z
2020,대학교,사립,,경기,기존,0000051,강남대학교,1491,1643,1500,143,1616,1500,116,100,98.35666464,2026-08-07T07:48:15.697Z
2020,대학교,사립,,서울,기존,0000079,강서대학교,277,336,281,55,303,281,22,100,90.17857143,2026-08-07T07:48:15.697Z
2020,대학교,국립,,강원,기존,0000003,강원대학교,2958,3188,2966,222,3171,2958,213,99.73027647,99.46675031,2026-08-07T07:48:15.697Z
2020,대학교,국립,,강원,기존,0000004,강원대학교_제2캠퍼스,1529,1631,1535,96,1614,1528,86,99.54397394,98.95769467,2026-08-07T07:48:15.697Z
2020,대학교,사립,,충북,기존,0000053,건국대학교(글로컬)_분교,1549,1676,1555,121,1654,1553,101,99.87138264,98.68735084,2026-08-07T07:48:15.697Z
2020,대학교,사립,,서울,기존,0000052,건국대학교,3000,3584,3012,572,3553,2990,563,99.26958831,99.13504464,2026-08-07T07:48:15.697Z
2020,대학교,사립,,충남,기존,0000054,건양대학교,845,916,847,69,894,845,49,99.76387249,97.59825328,2026-08-07T07:48:15.697Z
2020,대학교,사립,,대전,기존,0000055,건양대학교_제2캠퍼스,808,844,810,34,842,810,32,100,99.76303318,2026-08-07T07:48:15.697Z
2020,사이버대학(대학),사립,,대전,기존,0000335,건양사이버대학교,900,4751,900,3851,939,724,215,80.44444444,19.76426016,2026-08-07T07:48:15.697Z
2020,대학교,사립,,경기,기존,0000056,경기대학교,2598,2929,2604,325,2896,2602,294,99.92319508,98.87333561,2026-08-07T07:48:15.697Z
2020,대학교,사립,,서울,기존,0000058,경기대학교_제2캠퍼스,328,505,328,177,502,326,176,99.3902439,99.40594059,2026-08-07T07:48:15.697Z
2020,대학교,국립,,경남,폐교,0000035,경남과학기술대학교,1125,1213,1129,84,1188,1129,59,100,97.93899423,2026-08-07T07:48:15.697Z
2020,대학교,사립,,경남,기존,0000059,경남대학교,2840,3031,2853,178,2889,2733,156,95.79390116,95.31507753,2026-08-07T07:48:15.697Z
2020,대학교,사립,,강원,기존,0000060,경동대학교,110,232,111,121,196,110,86,99.0990991,84.48275862,2026-08-07T07:48:15.697Z
2020,대학교,사립,,강원,기존,0002574,경동대학교_제3캠퍼스,965,1036,966,70,1035,965,70,99.89648033,99.9034749,2026-08-07T07:48:15.697Z
2020,대학교,사립,,경기,기존,0002744,경동대학교_제4캠퍼스,710,760,710,50,760,710,50,100,100,2026-08-07T07:48:15.697Z
2020,대학교,국립,,대구,기존,0000005,경북대학교,4614,5155,4627,528,5078,4618,460,99.80548952,98.50630456,2026-08-07T07:48:15.697Z
2020,대학교,국립,,경남,기존,0000007,경상국립대학교,3032,3349,3033,316,3253,3028,225,99.83514672,97.13347268,2026-08-07T07:48:15.697Z
2020,대학교,사립,,부산,기존,0000062,경성대학교,2740,3073,2746,327,3062,2744,318,99.92716679,99.64204361,2026-08-07T07:48:15.697Z
2020,대학교,사립,,경북,기존,0000244,경운대학교,1184,1246,1184,62,1227,1165,62,98.39527027,98.47512039,2026-08-07T07:48:15.697Z
2020,교육대학,국립,,인천,기존,0000256,경인교육대학교,598,660,598,62,656,595,61,99.49832776,99.39393939,2026-08-07T07:48:15.697Z
2020,대학교,사립,,경북,기존,0000064,경일대학교,1584,1856,1591,265,1772,1580,192,99.30861094,95.47413793,2026-08-07T07:48:15.697Z
2020,대학교,사립,,서울,기존,0000066,경희대학교,4720,5843,4732,1111,5739,4710,1029,99.5350803,98.22009242,2026-08-07T07:48:15.697Z
2020,사이버대학(대학),사립,,서울,기존,0000318,경희사이버대학교,3000,7965,3000,4965,2837,2009,828,66.96666667,35.61833019,2026-08-07T07:48:15.697Z
2020,대학교,사립,,대구,기존,0000068,계명대학교,4605,5118,4607,511,4948,4606,342,99.9782939,96.67839,2026-08-07T07:48:15.697Z
2020,대학교,사립,,세종,기존,0000070,고려대학교(세종)_분교,1318,1474,1322,152,1439,1318,121,99.69742814,97.62550882,2026-08-07T07:48:15.697Z
2020,대학교,사립,,서울,기존,0000069,고려대학교,3799,4454,3803,651,4405,3797,608,99.84222982,98.89986529,2026-08-07T07:48:15.697Z
2020,사이버대학(대학),사립,,서울,기존,0000328,고려사이버대학교,2485,5601,2485,3116,2292,1822,470,73.31991952,40.92126406,2026-08-07T07:48:15.697Z
2020,대학교,사립,,부산,기존,0000071,고신대학교,886,941,886,55,928,886,42,100,98.61849097,2026-08-07T07:48:15.697Z
2020,교육대학,국립,,충남,기존,0000251,공주교육대학교,354,389,355,34,380,355,25,100,97.68637532,2026-08-07T07:48:15.697Z
2020,대학교,사립,,광주,기존,0000073,광신대학교,122,136,123,13,130,123,7,100,95.58823529,2026-08-07T07:48:15.697Z
2020,대학교,사립,,서울,기존,0000074,광운대학교,1684,2043,1687,356,2023,1685,338,99.88144635,99.02104748,2026-08-07T07:48:15.697Z
2020,대학교,사립,,전남,기존,0000075,광주가톨릭대학교,40,40,40,0,24,24,0,60,60,2026-08-07T07:48:15.697Z
2020,대학교,특별법법인,,광주,기존,0000381,광주과학기술원,200,198,198,0,196,196,0,98.98989899,98.98989899,2026-08-07T07:48:15.697Z
2020,교육대학,국립,,광주,기존,0000252,광주교육대학교,326,354,327,27,350,327,23,100,98.8700565,2026-08-07T07:48:15.697Z
2020,대학교,사립,,광주,기존,0000231,광주대학교,1644,1745,1647,98,1721,1624,97,98.60352155,98.62464183,2026-08-07T07:48:15.697Z
2020,대학교,사립,,광주,기존,0000076,광주여자대학교,895,990,895,95,990,895,95,100,100,2026-08-07T07:48:15.697Z
2020,대학교,국립,,강원,기존,0000001,국립강릉원주대학교,1344,1462,1347,115,1444,1345,99,99.8515219,98.76880985,2026-08-07T07:48:15.697Z
2020,대학교,국립,,강원,기존,0000002,국립강릉원주대학교_제2캠퍼스,489,515,488,27,510,485,25,99.3852459,99.02912621,2026-08-07T07:48:15.697Z
2020,대학교,국립,,경북,기존,0000021,국립경국대학교,1456,1580,1461,119,1537,1459,78,99.86310746,97.27848101,2026-08-07T07:48:15.697Z
2020,대학교,국립,,충남,기존,0000008,국립공주대학교,2730,3407,2737,670,3153,2731,422,99.78078188,92.54476079,2026-08-07T07:48:15.697Z
2020,대학교,국립,,전북,기존,0000009,국립군산대학교,1735,1952,1735,217,1881,1732,149,99.82708934,96.36270492,2026-08-07T07:48:15.697Z
2020,대학교,국립,,경북,기존,0000010,국립금오공과대학교,1206,1595,1210,385,1310,1206,104,99.66942149,82.13166144,2026-08-07T07:48:15.697Z
2020,대학교,국립,,전남,기존,0000011,국립목포대학교,1576,1897,1591,306,1785,1575,210,98.99434318,94.09594096,2026-08-07T07:48:15.697Z
2020,대학교,국립,,전남,기존,0000012,국립목포해양대학교,691,755,694,61,738,692,46,99.71181556,97.74834437,2026-08-07T07:48:15.697Z
2020,대학교,국립,,부산,기존,0000013,국립부경대학교,3270,3770,3273,497,3680,3265,415,99.75557592,97.6127321,2026-08-07T07:48:15.697Z
2020,대학교,국립,,전남,기존,0000020,국립순천대학교,1588,1822,1595,227,1748,1585,163,99.37304075,95.93852909,2026-08-07T07:48:15.697Z
2020,대학교,국립,,경남,기존,0000028,국립창원대학교,1754,2037,1763,274,1940,1755,185,99.54622802,95.23809524,2026-08-07T07:48:15.697Z
2020,대학교,국립,,충북,기존,0000034,국립한국교통대학교,1911,2204,1920,284,2114,1914,200,99.6875,95.91651543,2026-08-07T07:48:15.697Z
2020,대학교,국립,,부산,기존,0000033,국립한국해양대학교,1440,1670,1440,230,1571,1439,132,99.93055556,94.07185629,2026-08-07T07:48:15.697Z
2020,대학교,국립,,대전,기존,0000039,국립한밭대학교,1846,2118,1849,269,2070,1845,225,99.78366685,97.73371105,2026-08-07T07:48:15.697Z
2020,대학교,사립,,서울,기존,0000078,국민대학교,2863,3527,2874,653,3393,2868,525,99.79123173,96.20073717,2026-08-07T07:48:15.697Z
2020,사이버대학(대학),사립,,경기,기존,0000319,국제사이버대학교,900,2388,900,1488,1035,900,135,100,43.34170854,2026-08-07T07:48:15.697Z
2020,대학교,사립,,충북,기존,0000080,극동대학교,935,1004,940,64,983,932,51,99.14893617,97.90836653,2026-08-07T07:48:15.697Z
2020,사이버대학(대학),사립,,충남,기존,0000334,글로벌사이버대학교,1100,1535,1100,435,941,936,5,85.09090909,61.3029316,2026-08-07T07:48:15.697Z
2020,대학교,사립,,충남,기존,0000224,금강대학교,110,116,110,6,90,90,0,81.81818182,77.5862069,2026-08-07T07:48:15.697Z
2020,대학교,사립,,경북,기존,0000241,김천대학교,691,771,691,80,731,659,72,95.36903039,94.81193256,2026-08-07T07:48:15.697Z
2020,대학교,사립,,충남,기존,0000081,나사렛대학교,1211,1407,1213,194,1353,1212,141,99.91755977,96.16204691,2026-08-07T07:48:15.697Z
2020,대학교,사립,,광주,기존,0000216,남부대학교,705,782,707,75,768,702,66,99.29278642,98.20971867,2026-08-07T07:48:15.697Z
2020,대학교,사립,,충남,기존,0000245,남서울대학교,2164,2340,2164,176,2328,2164,164,100,99.48717949,2026-08-07T07:48:15.697Z
2020,대학교,사립,,경기,기존,0000082,단국대학교,2275,2603,2283,320,2585,2275,310,99.64958388,99.3084902,2026-08-07T07:48:15.697Z
2020,대학교,사립,,충남,기존,0002726,단국대학교_제2캠퍼스,2340,2566,2347,219,2519,2340,179,99.70174691,98.16835542,2026-08-07T07:48:15.697Z
2020,대학교,사립,,경북,기존,0000088,대구가톨릭대학교,2862,3093,2863,230,3039,2863,176,100,98.25412221,2026-08-07T07:48:15.697Z
2020,대학교,특별법법인,,대구,기존,0000382,대구경북과학기술원,220,220,220,0,231,231,0,105,105,2026-08-07T07:48:15.697Z
2020,교육대학,국립,,대구,기존,0000253,대구교육대학교,383,419,383,36,413,383,30,100,98.56801909,2026-08-07T07:48:15.697Z
2020,대학교,사립,,경북,기존,0000084,대구대학교,4059,4827,4077,750,4482,4075,407,99.95094432,92.85270354,2026-08-07T07:48:15.697Z
2020,사이버대학(대학),사립,,경북,기존,0000320,대구사이버대학교,1500,2760,1500,1260,1474,1150,324,76.66666667,53.4057971,2026-08-07T07:48:15.697Z
2020,대학교,사립,,경북,기존,0000087,대구예술대학교,430,450,430,20,236,232,4,53.95348837,52.44444444,2026-08-07T07:48:15.697Z
2020,대학교,사립,,경북,기존,0000061,대구한의대학교,1518,1716,1520,196,1707,1519,188,99.93421053,99.47552448,2026-08-07T07:48:15.697Z
2020,대학교,사립,,경북,기존,0000093,대신대학교,116,116,116,0,116,116,0,100,100,2026-08-07T07:48:15.697Z
2020,대학교,사립,,세종,기존,0000094,대전가톨릭대학교,40,42,40,2,14,14,0,35,33.33333333,2026-08-07T07:48:15.697Z
2020,대학교,사립,,대전,기존,0000095,대전대학교,2045,2265,2056,209,2209,2053,156,99.8540856,97.52759382,2026-08-07T07:48:15.697Z
2020,대학교,사립,,대전,기존,0000238,대전신학대학교,32,32,32,0,16,16,0,50,50,2026-08-07T07:48:15.697Z
2020,대학교,사립,,경기,기존,0000097,대진대학교,1793,2003,1793,210,1920,1792,128,99.94422755,95.85621568,2026-08-07T07:48:15.697Z
2020,대학교,사립,,서울,기존,0000099,덕성여자대학교,1040,1117,1043,74,1107,1040,67,99.71236817,99.10474485,2026-08-07T07:48:15.697Z
2020,대학교,사립,,경북,기존,0000101,동국대학교(WISE)_분교,1754,1983,1764,219,1938,1758,180,99.65986395,97.73071104,2026-08-07T07:48:15.697Z
2020,대학교,사립,,서울,기존,0000100,동국대학교,2685,3342,2698,644,3191,2693,498,99.81467754,95.48174746,2026-08-07T07:48:15.697Z
2020,대학교,사립,,서울,기존,0000102,동덕여자대학교,1507,1707,1510,197,1663,1509,154,99.93377483,97.42237844,2026-08-07T07:48:15.697Z
2020,대학교,사립,,부산,기존,0000235,동명대학교,1818,2166,1821,345,2027,1768,259,97.08951126,93.58264081,2026-08-07T07:48:15.697Z
2020,대학교,사립,,부산,기존,0000103,동서대학교,2375,2666,2375,291,2542,2345,197,98.73684211,95.34883721,2026-08-07T07:48:15.697Z
2020,대학교,사립,,전남,기존,0000104,동신대학교,1548,1706,1560,146,1547,1414,133,90.64102564,90.67995311,2026-08-07T07:48:15.697Z
2020,대학교,사립,,부산,기존,0000105,동아대학교,4058,4468,4064,404,4370,4056,314,99.80314961,97.80662489,2026-08-07T07:48:15.697Z
2020,대학교,사립,,경북,기존,0000106,동양대학교,1028,1090,1028,62,1057,996,61,96.88715953,96.97247706,2026-08-07T07:48:15.697Z
2020,대학교,사립,,부산,기존,0000107,동의대학교,3595,3889,3596,293,3865,3592,273,99.88876529,99.38287478,2026-08-07T07:48:15.697Z
2020,사이버대학(대학),사립,,서울,기존,0000330,디지털서울문화예술대학교,990,3035,990,2045,889,765,124,77.27272727,29.29159802,2026-08-07T07:48:15.697Z
2020,대학교,사립,,경기,기존,0000108,루터대학교,85,90,86,4,87,86,1,100,96.66666667,2026-08-07T07:48:15.697Z
2020,대학교,사립,,경기,기존,0000109,명지대학교,1397,1487,1404,83,1472,1403,69,99.92877493,98.99125757,2026-08-07T07:48:15.697Z
2020,대학교,사립,,서울,기존,0000111,명지대학교_제2캠퍼스,1263,1725,1269,456,1707,1262,445,99.44838455,98.95652174,2026-08-07T07:48:15.697Z
2020,대학교,사립,,대전,기존,0000112,목원대학교,1864,1984,1864,120,1973,1864,109,100,99.44556452,2026-08-07T07:48:15.697Z
2020,대학교,사립,,전남,기존,0000221,목포가톨릭대학교,120,126,120,6,126,120,6,100,100,2026-08-07T07:48:15.697Z
2020,대학교,사립,,대전,기존,0000113,배재대학교,2048,2216,2058,158,2197,2056,141,99.90281827,99.14259928,2026-08-07T07:48:15.697Z
2020,대학교,사립,,충남,기존,0000178,백석대학교,2790,3056,2797,259,2966,2796,170,99.96424741,97.05497382,2026-08-07T07:48:15.697Z
2020,대학교,사립,,부산,기존,0000114,부산가톨릭대학교,916,990,918,72,937,883,54,96.18736383,94.64646465,2026-08-07T07:48:15.697Z
2020,교육대학,국립,,부산,기존,0000254,부산교육대학교,356,388,357,31,386,357,29,100,99.48453608,2026-08-07T07:48:15.697Z
2020,대학교,국립,,부산,기존,0000014,부산대학교,4181,4562,4190,372,4516,4185,331,99.88066826,98.99167032,2026-08-07T07:48:15.697Z
2020,사이버대학(대학),사립,,부산,기존,0000321,부산디지털대학교,1000,2482,1000,1482,808,788,20,78.8,32.55439162,2026-08-07T07:48:15.697Z
2020,대학교,사립,,부산,기존,0000115,부산외국어대학교,1813,2032,1817,215,1954,1818,136,100.0550358,96.16141732,2026-08-07T07:48:15.697Z
2020,대학교,사립,,경남,기존,0000222,부산장신대학교,49,54,49,5,49,48,1,97.95918367,90.74074074,2026-08-07T07:48:15.697Z
2020,사이버대학(대학),사립,,서울,기존,0000332,사이버한국외국어대학교,1600,3552,1600,1952,1928,1360,568,85,54.27927928,2026-08-07T07:48:15.697Z
2020,대학교,사립,,서울,기존,0000116,삼육대학교,1122,1299,1122,177,1275,1121,154,99.91087344,98.15242494,2026-08-07T07:48:15.697Z
2020,대학교,사립,,서울,기존,0000117,상명대학교,1302,1578,1302,276,1554,1301,253,99.92319508,98.47908745,2026-08-07T07:48:15.697Z
2020,대학교,사립,,충남,기존,0002959,상명대학교_제2캠퍼스,1305,1410,1305,105,1403,1305,98,100,99.5035461,2026-08-07T07:48:15.697Z
2020,대학교,사립,,강원,기존,0000119,상지대학교,2255,2427,2282,145,2304,2226,78,97.54601227,94.93201483,2026-08-07T07:48:15.697Z
2020,대학교,사립,,서울,기존,0000120,서강대학교,1574,1880,1576,304,1866,1568,298,99.49238579,99.25531915,2026-08-07T07:48:15.697Z
2020,대학교,사립,,서울,기존,0000121,서경대학교,1269,1552,1275,277,1532,1273,259,99.84313725,98.71134021,2026-08-07T07:48:15.697Z
2020,대학교,국립,,서울,기존,0000036,서울과학기술대학교,2067,2417,2075,342,2373,2075,298,100,98.17956144,2026-08-07T07:48:15.697Z
2020,교육대학,국립,,서울,기존,0000255,서울교육대학교,355,394,355,39,394,355,39,100,100,2026-08-07T07:48:15.697Z
2020,대학교,사립,,서울,기존,0000098,서울기독대학교,136,145,136,9,128,126,2,92.64705882,88.27586207,2026-08-07T07:48:15.697Z
2020,대학교,국립대법인,,서울,기존,0000019,서울대학교,3130,3383,3134,249,3378,3129,249,99.84045948,99.85220219,2026-08-07T07:48:15.697Z
2020,사이버대학(대학),사립,,서울,기존,0000322,서울디지털대학교,3000,4834,1800,3034,1899,1192,707,66.22222222,39.28423666,2026-08-07T07:48:15.697Z
2020,사이버대학(대학),사립,,서울,기존,0000323,서울사이버대학교,3270,9008,3270,5738,3908,2702,1206,82.62996942,43.38365897,2026-08-07T07:48:15.697Z
2020,대학교,공립,,서울,기존,0000040,서울시립대학교,1697,1841,1710,131,1822,1701,121,99.47368421,98.9679522,2026-08-07T07:48:15.697Z
2020,대학교,사립,,경기,기존,0000125,서울신학대학교,502,551,502,49,534,502,32,100,96.91470054,2026-08-07T07:48:15.697Z
2020,대학교,사립,,서울,기존,0000126,서울여자대학교,1592,1719,1595,124,1711,1593,118,99.87460815,99.53461315,2026-08-07T07:48:15.697Z
2020,대학교,사립,,경기,기존,0000127,서울장신대학교,113,126,113,13,119,112,7,99.11504425,94.44444444,2026-08-07T07:48:15.697Z
2020,대학교,사립,,서울,기존,0000205,서울한영대학교,180,202,180,22,202,180,22,100,100,2026-08-07T07:48:15.697Z
2020,대학교,사립,,충북,기존,0000128,서원대학교,1622,1812,1623,189,1751,1623,128,100,96.63355408,2026-08-07T07:48:15.697Z
2020,대학교,사립,,충남,기존,0000129,선문대학교,2053,2414,2059,355,2409,2060,349,100.0485673,99.7928749,2026-08-07T07:48:15.697Z
2020,대학교,사립,,경기,기존,0000131,성결대학교,1228,1327,1228,99,1303,1228,75,100,98.19140919,2026-08-07T07:48:15.697Z
2020,대학교,사립,,서울,기존,0000132,성공회대학교,502,540,503,37,529,502,27,99.80119284,97.96296296,2026-08-07T07:48:15.697Z
2020,대학교,사립,,서울,기존,0000133,성균관대학교,3303,4102,3306,796,4087,3295,792,99.66727163,99.63432472,2026-08-07T07:48:15.697Z
2020,대학교,사립,,서울,기존,0000136,성신여자대학교,2060,2264,2061,203,2226,2061,165,100,98.32155477,2026-08-07T07:48:15.697Z
2020,대학교,사립,,충북,기존,0000137,세명대학교,1880,2001,1885,116,1994,1881,113,99.78779841,99.65017491,2026-08-07T07:48:15.697Z
2020,대학교,사립,,서울,기존,0000138,세종대학교,2320,2861,2331,530,2771,2330,441,99.95709996,96.85424677,2026-08-07T07:48:15.697Z
2020,사이버대학(대학),사립,,서울,기존,0000325,세종사이버대학교,2180,5086,2180,2906,2794,1887,907,86.55963303,54.935116,2026-08-07T07:48:15.697Z
2020,대학교,사립,,전남,기존,0000092,세한대학교,914,963,913,50,943,910,33,99.67141292,97.9231568,2026-08-07T07:48:15.697Z
2020,대학교,사립,,광주,기존,0000243,송원대학교,720,794,720,74,793,720,73,100,99.87405542,2026-08-07T07:48:15.697Z
2020,대학교,사립,,경기,기존,0000139,수원가톨릭대학교,90,91,90,1,35,35,0,38.88888889,38.46153846,2026-08-07T07:48:15.697Z
2020,대학교,사립,,경기,기존,0000140,수원대학교,2196,2363,2198,165,2327,2197,130,99.95450409,98.47651291,2026-08-07T07:48:15.697Z
2020,대학교,사립,,서울,기존,0000141,숙명여자대학교,2110,2423,2116,307,2407,2108,299,99.62192817,99.33966158,2026-08-07T07:48:15.697Z
2020,각종학교(대학),사립,,충북,기존,0000317,순복음총회신학교,75,75,75,0,15,15,0,20,20,2026-08-07T07:48:15.697Z
2020,대학교,사립,,충남,기존,0000142,순천향대학교,2352,2738,2355,383,2560,2351,209,99.83014862,93.49890431,2026-08-07T07:48:15.697Z
2020,대학교,사립,,서울,기존,0000143,숭실대학교,2675,3197,2686,511,3172,2682,490,99.85107967,99.21801689,2026-08-07T07:48:15.697Z
2020,사이버대학(대학),사립,,서울,기존,0000329,숭실사이버대학교,1650,4473,1650,2823,1636,1235,401,74.84848485,36.57500559,2026-08-07T07:48:15.697Z
2020,대학교,사립,,경북,기존,0000065,신경주대학교,762,743,702,41,185,176,9,25.07122507,24.89905787,2026-08-07T07:48:15.697Z
2020,대학교,사립,,부산,기존,0000144,신라대학교,2143,2344,2142,202,2069,1892,177,88.3286648,88.26791809,2026-08-07T07:48:15.697Z
2020,대학교,사립,,경기,기존,0002712,신한대학교,336,389,340,49,359,340,19,100,92.28791774,2026-08-07T07:48:15.697Z
2020,대학교,사립,,경기,기존,0002800,신한대학교_제2캠퍼스,1117,1222,1126,96,1218,1126,92,100,99.67266776,2026-08-07T07:48:15.697Z
2020,대학교,사립,,경기,기존,0000145,아신대학교,186,200,186,14,155,152,3,81.72043011,77.5,2026-08-07T07:48:15.697Z
2020,대학교,사립,,경기,기존,0000146,아주대학교,1861,2199,1867,332,2179,1861,318,99.67862882,99.09049568,2026-08-07T07:48:15.697Z
2020,대학교,사립,,경기,기존,0000147,안양대학교,1009,1146,1012,134,1071,1003,68,99.11067194,93.45549738,2026-08-07T07:48:15.697Z
2020,대학교,사립,,인천,기존,0000148,안양대학교_제2캠퍼스,122,123,123,0,123,123,0,100,100,2026-08-07T07:48:15.697Z
2020,대학교,사립,,강원,기존,0000150,연세대학교(미래)_분교,1466,1660,1470,190,1640,1464,176,99.59183673,98.79518072,2026-08-07T07:48:15.697Z
2020,대학교,사립,,서울,기존,0000149,연세대학교,3417,4054,3433,621,4042,3426,616,99.79609671,99.70399605,2026-08-07T07:48:15.697Z
2020,대학교,사립,,경북,기존,0000151,영남대학교,4552,5002,4560,442,4931,4545,386,99.67105263,98.58056777,2026-08-07T07:48:15.697Z
2020,대학교,사립,,경북,기존,0000153,영남신학대학교,115,125,115,10,118,115,3,100,94.4,2026-08-07T07:48:15.697Z
2020,대학교,사립,,경남,기존,0003193,영산대학교,655,705,656,49,685,653,32,99.54268293,97.16312057,2026-08-07T07:48:15.697Z
2020,대학교,사립,,부산,기존,0003194,영산대학교_제2캠퍼스,845,966,845,121,938,845,93,100,97.10144928,2026-08-07T07:48:15.697Z
2020,대학교,사립,,전남,기존,0000155,영산선학대학교,50,52,50,2,6,6,0,12,11.53846154,2026-08-07T07:48:15.697Z
2020,대학교,사립,,전북,기존,0000228,예수대학교,124,136,125,11,131,125,6,100,96.32352941,2026-08-07T07:48:15.697Z
2020,대학교,사립,,전북,기존,0000218,예원예술대학교,207,371,210,161,365,206,159,98.0952381,98.38274933,2026-08-07T07:48:15.697Z
2020,대학교,사립,,경기,기존,0000219,예원예술대학교_제2캠퍼스,99,120,100,20,113,98,15,98,94.16666667,2026-08-07T07:48:15.697Z
2020,대학교,사립,,경기,기존,0000156,용인대학교,1403,1740,1412,328,1654,1406,248,99.57507082,95.05747126,2026-08-07T07:48:15.697Z
2020,대학교,사립,,전북,기존,0000157,우석대학교,1715,1937,1728,209,1877,1712,165,99.07407407,96.90242643,2026-08-07T07:48:15.697Z
2020,대학교,사립,,대전,기존,0000240,우송대학교,2004,2225,2007,218,2174,2007,167,100,97.70786517,2026-08-07T07:48:15.697Z
2020,대학교,특별법법인,,울산,기존,0000250,울산과학기술원,360,396,360,36,378,357,21,99.16666667,95.45454545,2026-08-07T07:48:15.697Z
2020,대학교,사립,,울산,기존,0000158,울산대학교,2732,2985,2742,243,2916,2727,189,99.45295405,97.68844221,2026-08-07T07:48:15.697Z
2020,대학교,사립,,전북,기존,0000159,원광대학교,3526,3729,3541,188,3697,3525,172,99.54815024,99.14186109,2026-08-07T07:48:15.697Z
2020,사이버대학(대학),사립,,전북,기존,0000327,원광디지털대학교,1500,2490,1500,990,1398,1297,101,86.46666667,56.14457831,2026-08-07T07:48:15.697Z
2020,대학교,사립,,경북,기존,0000160,위덕대학교,780,822,780,42,783,770,13,98.71794872,95.25547445,2026-08-07T07:48:15.697Z
2020,대학교,사립,,충북,기존,0000154,유원대학교,875,972,878,94,865,822,43,93.62186788,88.99176955,2026-08-07T07:48:15.697Z
2020,대학교,사립,,대전,기존,0000161,을지대학교,147,164,148,16,162,148,14,100,98.7804878,2026-08-07T07:48:15.697Z
2020,대학교,사립,,경기,기존,0000162,을지대학교_제2캠퍼스,882,948,882,66,934,882,52,100,98.52320675,2026-08-07T07:48:15.697Z
2020,대학교,사립,,서울,기존,0000163,이화여자대학교,3027,3379,3031,348,3367,3025,342,99.80204553,99.64486534,2026-08-07T07:48:15.697Z
2020,대학교,사립,,경남,기존,0000164,인제대학교,2168,2349,2171,178,2272,2149,123,98.9866421,96.72200937,2026-08-07T07:48:15.697Z
2020,대학교,사립,,인천,기존,0000168,인천가톨릭대학교,16,18,16,2,15,15,0,93.75,83.33333333,2026-08-07T07:48:15.697Z
2020,대학교,사립,,인천,기존,0000167,인천가톨릭대학교_제2캠퍼스,150,163,150,13,161,150,11,100,98.77300613,2026-08-07T07:48:15.697Z
2020,대학교,국립대법인,,인천,기존,0002660,인천대학교,2492,2801,2497,304,2740,2495,245,99.91990388,97.82220635,2026-08-07T07:48:15.697Z
2020,대학교,사립,,인천,기존,0000169,인하대학교,3411,4009,3414,595,4005,3411,594,99.91212654,99.90022449,2026-08-07T07:48:15.697Z
2020,대학교,사립,,서울,기존,0000170,장로회신학대학교,150,163,150,13,157,150,7,100,96.3190184,2026-08-07T07:48:15.697Z
2020,대학교,국립,,광주,기존,0000023,전남대학교,3188,3523,3192,331,3466,3191,275,99.96867168,98.38206074,2026-08-07T07:48:15.697Z
2020,대학교,국립,,전남,기존,0000024,전남대학교_제2캠퍼스,702,890,706,184,829,704,125,99.71671388,93.14606742,2026-08-07T07:48:15.697Z
2020,대학교,국립,,전북,기존,0000025,전북대학교,3788,4338,3809,529,4169,3798,371,99.71121029,96.10419548,2026-08-07T07:48:15.697Z
2020,교육대학,국립,,전북,기존,0000258,전주교육대학교,285,309,286,23,297,282,15,98.6013986,96.11650485,2026-08-07T07:48:15.697Z
2020,대학교,사립,,전북,기존,0000171,전주대학교,2512,2887,2519,368,2806,2519,287,100,97.19431936,2026-08-07T07:48:15.697Z
2020,기술대학,사립,,서울,기존,0000288,정석대학,25,100,100,0,31,31,0,31,31,2026-08-07T07:48:15.697Z
2020,대학교,사립,,제주,기존,0000248,제주국제대학교,370,420,370,50,166,164,2,44.32432432,39.52380952,2026-08-07T07:48:15.697Z
2020,대학교,국립,,제주,기존,0000027,제주대학교,2080,2440,2086,354,2296,2082,214,99.80824545,94.09836066,2026-08-07T07:48:15.697Z
2020,대학교,사립,,광주,기존,0000172,조선대학교,4324,4840,4340,500,4744,4322,422,99.58525346,98.01652893,2026-08-07T07:48:15.697Z
2020,대학교,사립,,충남,기존,0000173,중부대학교,1945,2157,1943,214,2141,1934,207,99.53679876,99.25822902,2026-08-07T07:48:15.697Z
2020,대학교,사립,,서울,기존,0000175,중앙대학교,3150,3982,3156,826,3940,3125,815,99.01774398,98.94525364,2026-08-07T07:48:15.697Z
2020,대학교,사립,,경기,기존,0000174,중앙대학교_제2캠퍼스,1168,1290,1174,116,1277,1163,114,99.06303237,98.99224806,2026-08-07T07:48:15.697Z
2020,대학교,사립,,경기,기존,0000177,중앙승가대학교,120,130,122,8,39,33,6,27.04918033,30,2026-08-07T07:48:15.697Z
2020,대학교,사립,,충북,기존,0000239,중원대학교,968,1078,978,100,1043,951,92,97.2392638,96.75324675,2026-08-07T07:48:15.697Z
2020,교육대학,국립,,경남,기존,0000260,진주교육대학교,319,346,319,27,337,319,18,100,97.39884393,2026-08-07T07:48:15.697Z
2020,대학교,사립,,경기,기존,0000187,차의과학대학교,474,501,474,27,498,474,24,100,99.4011976,2026-08-07T07:48:15.697Z
2020,대학교,사립,,경남,기존,0000249,창신대학교,500,527,500,27,523,500,23,100,99.24098672,2026-08-07T07:48:15.697Z
2020,산업대학,사립,,충남,기존,0000284,청운대학교,1241,1811,1255,556,1439,1190,249,94.82071713,79.45886251,2026-08-07T07:48:15.697Z
2020,교육대학,국립,,충북,기존,0000261,청주교육대학교,286,311,286,25,306,285,21,99.65034965,98.39228296,2026-08-07T07:48:15.697Z
2020,대학교,사립,,충북,기존,0000179,청주대학교,2632,2906,2658,248,2849,2653,196,99.81188864,98.03854095,2026-08-07T07:48:15.697Z
2020,대학교,사립,,전남,기존,0000246,초당대학교,752,793,752,41,793,752,41,100,100,2026-08-07T07:48:15.697Z
2020,대학교,사립,,서울,기존,0000180,총신대학교,334,375,336,39,363,336,27,100,96.8,2026-08-07T07:48:15.697Z
2020,대학교,사립,,서울,기존,0000181,추계예술대학교,269,289,270,19,277,266,11,98.51851852,95.84775087,2026-08-07T07:48:15.697Z
2020,교육대학,국립,,강원,기존,0000262,춘천교육대학교,321,346,321,25,342,321,21,100,98.84393064,2026-08-07T07:48:15.697Z
2020,대학교,국립,,대전,기존,0000029,충남대학교,3425,3864,3430,434,3707,3422,285,99.76676385,95.936853,2026-08-07T07:48:15.697Z
2020,대학교,국립,,충북,기존,0000030,충북대학교,2738,3102,2742,360,3035,2738,297,99.85412108,97.84010316,2026-08-07T07:48:15.697Z
2020,대학교,사립,,경기,기존,0000184,칼빈대학교,90,141,92,49,115,92,23,100,81.56028369,2026-08-07T07:48:15.697Z
2020,대학교,사립,,경기,기존,0000186,평택대학교,855,970,859,111,959,855,104,99.53434226,98.86597938,2026-08-07T07:48:15.697Z
2020,대학교,사립,,경북,기존,0000188,포항공과대학교,320,330,320,10,330,320,10,100,100,2026-08-07T07:48:15.697Z
2020,대학교,국립,,경기,기존,0000037,한경국립대학교,1143,1304,1143,161,1224,1134,90,99.21259843,93.86503067,2026-08-07T07:48:15.697Z
2020,대학교,사립,,경기,기존,0000247,한국공학대학교,1380,1857,1382,475,1701,1381,320,99.9276411,91.5993538,2026-08-07T07:48:15.697Z
2020,대학교,특별법법인,,대전,기존,0000374,한국과학기술원,970,790,710,80,722,706,16,99.43661972,91.39240506,2026-08-07T07:48:15.697Z
2020,대학교,국립,,충북,기존,0000031,한국교원대학교,546,596,549,47,590,549,41,100,98.99328859,2026-08-07T07:48:15.697Z
2020,대학교,사립,,경남,기존,,한국국제대학교,540,569,538,31,179,175,4,32.52788104,31.45869947,2026-08-07T07:48:15.697Z
2020,대학교,사립,,충남,기존,0000189,한국기술교육대학교,836,997,836,161,987,836,151,100,98.99699097,2026-08-07T07:48:15.697Z
2020,방송통신대학,국립,,서울,기존,0000273,한국방송통신대학교,55050,58742,55050,3692,13530,13196,334,23.97093551,23.03292363,2026-08-07T07:48:15.697Z
2020,대학교,사립,,서울,기존,0000191,한국성서대학교,223,247,223,24,236,222,14,99.55156951,95.5465587,2026-08-07T07:48:15.697Z
2020,사이버대학(대학),사립,,서울,기존,0000326,한국열린사이버대학교,1000,4053,1000,3053,1791,1000,791,100,44.18948927,2026-08-07T07:48:15.697Z
2020,각종학교(대학),특별법국립,,서울,기존,0000383,한국예술종합학교,558,597,558,39,549,534,15,95.69892473,91.95979899,2026-08-07T07:48:15.697Z
2020,대학교,사립,,서울,기존,0000192,한국외국어대학교,3377,3833,3398,435,3809,3385,424,99.61742201,99.3738586,2026-08-07T07:48:15.697Z
2020,대학교,특별법국립,,충남,기존,0003022,한국전통문화대학교,140,149,140,9,146,140,6,100,97.98657718,2026-08-07T07:48:15.697Z
2020,대학교,국립,,서울,기존,0000032,한국체육대학교,545,592,547,45,585,545,40,99.63436929,98.81756757,2026-08-07T07:48:15.697Z
2020,대학교,사립,,대전,기존,0000182,한국침례신학대학교,360,391,364,27,291,287,4,78.84615385,74.42455243,2026-08-07T07:48:15.697Z
2020,대학교,사립,,경기,기존,0000194,한국항공대학교,827,939,829,110,928,819,109,98.79372738,98.828541,2026-08-07T07:48:15.697Z
2020,대학교,사립,,대전,기존,0000195,한남대학교,2675,2913,2678,235,2849,2678,171,100,97.80295228,2026-08-07T07:48:15.697Z
2020,대학교,사립,,경북,기존,0000196,한동대학교,729,823,730,93,821,730,91,100,99.75698663,2026-08-07T07:48:15.697Z
2020,대학교,사립,,강원,기존,0000197,한라대학교,888,953,891,62,938,882,56,98.98989899,98.42602308,2026-08-07T07:48:15.697Z
2020,대학교,사립,,전남,기존,0000242,한려대학교,205,214,205,9,79,77,2,37.56097561,36.91588785,2026-08-07T07:48:15.697Z
2020,대학교,사립,,강원,기존,0000198,한림대학교,1711,1835,1715,120,1825,1713,112,99.88338192,99.45504087,2026-08-07T07:48:15.697Z
2020,대학교,사립,,충남,기존,0000199,한서대학교,1579,1715,1579,136,1713,1580,133,100.0633312,99.88338192,2026-08-07T07:48:15.697Z
2020,대학교,사립,,서울,기존,0000200,한성대학교,1458,1680,1463,217,1625,1456,169,99.5215311,96.72619048,2026-08-07T07:48:15.697Z
2020,대학교,사립,,경기,기존,0000201,한세대학교,566,651,567,84,616,565,51,99.64726631,94.62365591,2026-08-07T07:48:15.697Z
2020,대학교,사립,,경기,기존,0000202,한신대학교,1171,1309,1173,136,1274,1173,101,100,97.32620321,2026-08-07T07:48:15.697Z
2020,대학교,사립,,경기,기존,0000204,한양대학교(ERICA)_분교,1822,2344,1830,514,2273,1827,446,99.83606557,96.97098976,2026-08-07T07:48:15.697Z
2020,대학교,사립,,서울,기존,0000203,한양대학교,2804,3567,2809,758,3547,2795,752,99.50160199,99.43930474,2026-08-07T07:48:15.697Z
2020,사이버대학(대학),사립,,서울,기존,0000331,한양사이버대학교,3240,7920,3240,4680,3816,2701,1115,83.36419753,48.18181818,2026-08-07T07:48:15.697Z
2020,대학교,사립,,전북,기존,0000206,한일장신대학교,219,281,219,62,256,219,37,100,91.10320285,2026-08-07T07:48:15.697Z
2020,대학교,사립,,경기,기존,0000207,협성대학교,1004,1065,1008,57,1062,1006,56,99.8015873,99.71830986,2026-08-07T07:48:15.697Z
2020,대학교,사립,,광주,기존,0000208,호남대학교,1562,1714,1564,150,1703,1560,143,99.74424552,99.35822637,2026-08-07T07:48:15.697Z
2020,대학교,사립,,광주,기존,0000209,호남신학대학교,139,139,139,0,139,139,0,100,100,2026-08-07T07:48:15.697Z
2020,대학교,사립,,충남,기존,0000211,호서대학교,2881,3209,2890,319,3155,2887,268,99.89619377,98.31723278,2026-08-07T07:48:15.697Z
2020,산업대학,사립,,전북,기존,0000282,호원대학교,1147,1428,1111,317,1385,1105,280,99.45994599,96.98879552,2026-08-07T07:48:15.697Z
2020,대학교,사립,,서울,기존,0000212,홍익대학교,2371,2879,2394,485,2876,2393,483,99.95822891,99.89579715,2026-08-07T07:48:15.697Z
2020,대학교,사립,,세종,기존,0002949,홍익대학교_제2캠퍼스,1299,1430,1317,113,1410,1313,97,99.69627942,98.6013986,2026-08-07T07:48:15.697Z
2020,대학교,사립,,경기,기존,0000233,화성의과학대학교,246,259,246,13,163,161,2,65.44715447,62.93436293,2026-08-07T07:48:15.697Z
2020,사이버대학(대학),사립,,부산,기존,0000333,화신사이버대학교,430,1523,430,1093,555,430,125,100,36.44123441,2026-08-07T07:48:15.697Z
2020,기능대학,사립,,경기,기존,0000579,ICT폴리텍대학,160,192,160,32,169,160,9,100,88.02083333,2026-08-07T07:48:15.697Z
2020,전문대학,사립,,경북,기존,0000410,가톨릭상지대학교,622,1062,622,440,768,566,202,90.99678457,72.31638418,2026-08-07T07:48:15.697Z
2020,전문대학,사립,,충북,기존,0000433,강동대학교,1708,1951,1708,243,1505,1370,135,80.21077283,77.13992824,2026-08-07T07:48:15.697Z
2020,전문대학,사립,,강원,기존,0000514,강릉영동대학교,1027,1314,1027,287,950,801,149,77.99415774,72.29832572,2026-08-07T07:48:15.697Z
2020,전문대학,사립,,강원,폐교,0000548,강원관광대학교,475,670,475,195,429,350,79,73.68421053,64.02985075,2026-08-07T07:48:15.697Z
2020,전문대학,공립,,강원,기존,0002639,강원도립대학교,312,330,312,18,315,312,3,100,95.45454545,2026-08-07T07:48:15.697Z
2020,전문대학,사립,,경남,기존,0000412,거제대학교,420,701,420,281,394,311,83,74.04761905,56.20542083,2026-08-07T07:48:15.697Z
2020,전문대학,사립,,경기,기존,0000560,경기과학기술대학교,1468,3573,1468,2105,2351,1468,883,100,65.79904842,2026-08-07T07:48:15.697Z
2020,전문대학,공립,,경남,기존,0000402,경남도립거창대학,405,463,405,58,406,405,1,100,87.68898488,2026-08-07T07:48:15.697Z
2020,전문대학,공립,,경남,기존,0000403,경남도립남해대학,375,439,375,64,398,375,23,100,90.66059226,2026-08-07T07:48:15.697Z
2020,전문대학,사립,,부산,기존,0002640,경남정보대학교,2578,5071,2578,2493,3050,2355,695,91.34988363,60.14592782,2026-08-07T07:48:15.697Z
2020,전문대학,사립,,경기,기존,0000416,경민대학교,1573,2322,1573,749,2064,1573,491,100,88.88888889,2026-08-07T07:48:15.697Z
2020,전문대학,사립,,경기,기존,0002641,경복대학교,1905,2924,1905,1019,2573,1905,668,100,87.99589603,2026-08-07T07:48:15.697Z
2020,전문대학,사립,,경북,기존,0000456,경북과학대학교,693,948,693,255,821,693,128,100,86.60337553,2026-08-07T07:48:15.697Z
2020,전문대학,공립,,경북,폐교,0000405,경북도립대학교,365,437,365,72,398,365,33,100,91.07551487,2026-08-07T07:48:15.697Z
2020,전문대학,사립,,경북,기존,0000438,경북보건대학교,367,481,367,114,375,342,33,93.1880109,77.96257796,2026-08-07T07:48:15.697Z
2020,전문대학,사립,,경북,기존,0002642,경북전문대학교,920,1321,920,401,1229,902,327,98.04347826,93.03557911,2026-08-07T07:48:15.697Z
2020,전문대학,사립,,인천,기존,0000422,경인여자대학교,1668,2257,1668,589,2138,1668,470,100,94.7275144,2026-08-07T07:48:15.697Z
2020,전문대학,사립,,대구,기존,0000425,계명문화대학교,2116,2931,2116,815,2303,1916,387,90.54820416,78.57386557,2026-08-07T07:48:15.697Z
2020,전문대학,사립,,경기,기존,0000426,계원예술대학교,1069,1482,1069,413,1318,1069,249,100,88.93387314,2026-08-07T07:48:15.697Z
2020,전문대학,사립,,전남,기존,0000428,광양보건대학교,655,531,495,36,96,89,7,17.97979798,18.07909605,2026-08-07T07:48:15.697Z
2020,전문대학,사립,,광주,기존,0000429,광주보건대학교,1101,1576,1101,475,1488,1101,387,100,94.41624365,2026-08-07T07:48:15.697Z
2020,전문대학,사립,,경북,기존,0000430,구미대학교,1541,2421,1541,880,2421,1541,880,100,100,2026-08-07T07:48:15.697Z
2020,전문대학,사립,,경기,기존,0000549,국제대학교,1734,2399,1734,665,1781,1674,107,96.53979239,74.23926636,2026-08-07T07:48:15.697Z
2020,전문대학,사립,,전북,기존,0002971,군산간호대학교,221,304,221,83,304,221,83,100,100,2026-08-07T07:48:15.697Z
2020,전문대학,사립,,전북,기존,0000432,군장대학교,675,990,675,315,872,643,229,95.25925926,88.08080808,2026-08-07T07:48:15.697Z
2020,전문대학,사립,,광주,기존,0002972,기독간호대학교,111,177,111,66,172,111,61,100,97.17514124,2026-08-07T07:48:15.697Z
2020,전문대학,사립,,경기,기존,0000440,김포대학교,1294,2012,1294,718,1548,1158,390,89.48995363,76.93836978,2026-08-07T07:48:15.697Z
2020,전문대학,사립,,경남,기존,0000569,김해대학교,488,669,488,181,549,479,70,98.1557377,82.06278027,2026-08-07T07:48:15.697Z
2020,전문대학,사립,,전남,기존,0000435,나주대학교,934,2006,934,1072,914,862,52,92.29122056,45.56331007,2026-08-07T07:48:15.697Z
2020,전문대학,사립,,경기,기존,0000441,농협대학교,59,179,59,120,179,59,120,100,100,2026-08-07T07:48:15.697Z
2020,전문대학,사립,,경북,기존,0000442,대경대학교,1652,1971,1652,319,1828,1533,295,92.79661017,92.74479959,2026-08-07T07:48:15.697Z
2020,전문대학,사립,,대구,기존,0000443,대구공업대학교,800,1041,800,241,847,741,106,92.625,81.36407301,2026-08-07T07:48:15.697Z
2020,전문대학,사립,,대구,기존,0000446,대구과학대학교,1552,1885,1552,333,1656,1474,182,94.9742268,87.85145889,2026-08-07T07:48:15.697Z
2020,전문대학,사립,,대구,기존,0000444,대구보건대학교,2188,3156,2188,968,2727,2069,658,94.56124314,86.40684411,2026-08-07T07:48:15.697Z
2020,전문대학,사립,,대전,기존,0000546,대덕대학교,1939,2317,1939,378,1722,1517,205,78.23620423,74.32024169,2026-08-07T07:48:15.697Z
2020,전문대학,사립,,부산,기존,0000447,대동대학교,527,659,527,132,560,475,85,90.13282732,84.97723824,2026-08-07T07:48:15.697Z
2020,전문대학,사립,,경기,기존,0000448,대림대학교,2278,4408,2278,2130,3223,2278,945,100,73.11705989,2026-08-07T07:48:15.697Z
2020,전문대학,사립,,충북,기존,0000449,대원대학교,1035,1411,1035,376,992,890,102,85.99033816,70.30474841,2026-08-07T07:48:15.697Z
2020,전문대학,사립,,대전,기존,0000453,대전과학기술대학교,1739,2072,1739,333,1874,1629,245,93.67452559,90.44401544,2026-08-07T07:48:15.697Z
2020,전문대학,사립,,대전,기존,0000451,대전보건대학교,1865,2414,1865,549,2331,1857,474,99.57104558,96.56172328,2026-08-07T07:48:15.697Z
2020,전문대학,사립,,광주,기존,0000460,동강대학교,1286,1619,1286,333,1335,1201,134,93.3903577,82.4583076,2026-08-07T07:48:15.697Z
2020,전문대학,사립,,경기,기존,0000457,동남보건대학교,1336,1866,1336,530,1793,1336,457,100,96.08788853,2026-08-07T07:48:15.697Z
2020,전문대학,사립,,부산,폐교,0000459,동부산대학교,766,936,766,170,0,0,0,0,0,2026-08-07T07:48:15.697Z
2020,전문대학,사립,,경기,기존,0000450,동서울대학교,2279,2862,2279,583,2707,2279,428,100,94.58420685,2026-08-07T07:48:15.697Z
2020,전문대학,사립,,경기,기존,0000461,동아방송예술대학교,823,1303,823,480,1200,823,377,100,92.095165,2026-08-07T07:48:15.697Z
2020,전문대학,사립,,전남,기존,0000462,동아보건대학교,596,886,596,290,629,553,76,92.7852349,70.99322799,2026-08-07T07:48:15.697Z
2020,전문대학,사립,,서울,기존,0000463,동양미래대학교,2135,4404,2135,2269,2833,2135,698,100,64.32788374,2026-08-07T07:48:15.697Z
2020,전문대학,사립,,경남,기존,0000509,동원과학기술대학교,802,1394,802,592,997,733,264,91.39650873,71.52080344,2026-08-07T07:48:15.697Z
2020,전문대학,사립,,경기,기존,0000465,동원대학교,1618,2579,1618,961,1755,1542,213,95.30284302,68.04963164,2026-08-07T07:48:15.697Z
2020,전문대학,사립,,부산,기존,0000466,동의과학대학교,2222,3005,2222,783,2366,1872,494,84.24842484,78.73544093,2026-08-07T07:48:15.697Z
2020,전문대학,사립,,경기,기존,0000469,두원공과대학교,1907,2135,1907,228,1718,1583,135,83.00996329,80.46838407,2026-08-07T07:48:15.697Z
2020,전문대학,사립,,경남,기존,0000470,마산대학교,2056,2538,2056,482,2152,1858,294,90.36964981,84.79117415,2026-08-07T07:48:15.697Z
2020,전문대학,사립,,서울,기존,0000473,명지전문대학,2644,3424,2644,780,3424,2644,780,100,100,2026-08-07T07:48:15.697Z
2020,전문대학,사립,,전남,기존,0000474,목포과학대학교,859,1088,859,229,928,859,69,100,85.29411765,2026-08-07T07:48:15.697Z
2020,전문대학,사립,,경북,기존,0000475,문경대학교,281,371,281,90,314,273,41,97.15302491,84.6361186,2026-08-07T07:48:15.697Z
2020,전문대학,사립,,서울,기존,0000476,배화여자대학교,1208,1736,1208,528,1476,1208,268,100,85.02304147,2026-08-07T07:48:15.697Z
2020,전문대학,사립,,충남,기존,0000543,백석문화대학교,2278,3119,2278,841,2478,2195,283,96.35645303,79.4485412,2026-08-07T07:48:15.697Z
2020,전문대학,사립,,전북,기존,0000477,백제예술대학교,627,665,627,38,607,574,33,91.54704944,91.27819549,2026-08-07T07:48:15.697Z
2020,전문대학,사립,,부산,기존,0000479,부산경상대학교,1287,1546,992,554,1153,946,207,95.36290323,74.57956016,2026-08-07T07:48:15.697Z
2020,전문대학,사립,,부산,기존,0000481,부산과학기술대학교,1406,1974,1406,568,1355,1081,274,76.88477952,68.64235056,2026-08-07T07:48:15.697Z
2020,전문대학,사립,,부산,기존,0000467,부산보건대학교,1226,1596,1226,370,1255,1071,184,87.35725938,78.63408521,2026-08-07T07:48:15.697Z
2020,전문대학,사립,,부산,기존,0000480,부산여자대학교,1090,1407,1090,317,970,886,84,81.28440367,68.94100924,2026-08-07T07:48:15.697Z
2020,전문대학,사립,,부산,기존,0000561,부산예술대학교,451,542,451,91,345,320,25,70.95343681,63.65313653,2026-08-07T07:48:15.697Z
2020,전문대학,사립,,경기,기존,0000482,부천대학교,2299,4462,2299,2163,3617,2299,1318,100,81.0623039,2026-08-07T07:48:15.697Z
2020,전문대학,사립,,서울,기존,0000483,삼육보건대학교,396,627,396,231,528,396,132,100,84.21052632,2026-08-07T07:48:15.697Z
2020,전문대학,사립,,경북,폐교,0002645,서라벌대학교,235,431,235,196,205,189,16,80.42553191,47.5638051,2026-08-07T07:48:15.697Z
2020,전문대학,사립,,광주,기존,0002646,서영대학교,1742,2925,1742,1183,2408,1730,678,99.31113662,82.32478632,2026-08-07T07:48:15.697Z
2020,전문대학,사립,,서울,기존,0002973,서울여자간호대학교,168,263,168,95,259,168,91,100,98.47908745,2026-08-07T07:48:15.697Z
2020,전문대학,사립,,경기,기존,0000489,서울예술대학교,630,1398,630,768,1158,630,528,100,82.83261803,2026-08-07T07:48:15.697Z
2020,전문대학,사립,,서울,기존,0000490,서일대학교,2145,3228,2145,1083,2629,2145,484,100,81.44361834,2026-08-07T07:48:15.697Z
2020,전문대학,사립,,경기,기존,0000566,서정대학교,1422,3659,1422,2237,2679,1422,1257,100,73.21672588,2026-08-07T07:48:15.697Z
2020,전문대학,사립,,전북,폐교,0000431,서해대학,550,550,550,0,0,0,0,0,0,2026-08-07T07:48:15.697Z
2020,전문대학,사립,,경북,기존,0000550,선린대학교,794,1099,794,305,882,721,161,90.80604534,80.25477707,2026-08-07T07:48:15.697Z
2020,전문대학,사립,,경북,기존,0002647,성운대학교,560,987,560,427,747,559,188,99.82142857,75.68389058,2026-08-07T07:48:15.697Z
2020,전문대학,사립,,강원,기존,0000515,세경대학교,463,625,463,162,524,463,61,100,83.84,2026-08-07T07:48:15.697Z
2020,전문대학,사립,,강원,기존,0000567,송곡대학교,200,236,200,36,230,196,34,98,97.45762712,2026-08-07T07:48:15.697Z
2020,전문대학,사립,,강원,기존,0000564,송호대학교,329,487,328,159,406,310,96,94.51219512,83.36755647,2026-08-07T07:48:15.697Z
2020,전문대학,사립,,대구,기존,0002649,수성대학교,1380,1574,1380,194,1430,1274,156,92.31884058,90.85133418,2026-08-07T07:48:15.697Z
2020,전문대학,사립,,경기,기존,0000497,수원과학대학교,2557,3128,2557,571,2595,2370,225,92.68674228,82.96035806,2026-08-07T07:48:15.697Z
2020,전문대학,사립,,경기,기존,0000496,수원여자대학교,1650,2024,1650,374,1829,1650,179,100,90.36561265,2026-08-07T07:48:15.697Z
2020,전문대학,사립,,전남,기존,0000498,순천제일대학교,1073,1502,1073,429,1267,1048,219,97.67008388,84.35419441,2026-08-07T07:48:15.697Z
2020,전문대학,사립,,서울,기존,0000500,숭의여자대학교,1548,1891,1548,343,1727,1548,179,100,91.32734003,2026-08-07T07:48:15.697Z
2020,전문대학,사립,,경기,기존,0000501,신구대학교,2355,2989,2355,634,2973,2355,618,100,99.46470391,2026-08-07T07:48:15.697Z
2020,전문대학,사립,,충남,기존,0000502,신성대학교,1506,2014,1506,508,1537,1226,311,81.40770252,76.31578947,2026-08-07T07:48:15.697Z
2020,전문대학,사립,,경기,기존,0000506,신안산대학교,1850,2302,1850,452,2008,1781,227,96.27027027,87.22849696,2026-08-07T07:48:15.697Z
2020,전문대학,사립,,충남,기존,0000454,아주자동차대학교,494,524,494,30,398,390,8,78.94736842,75.95419847,2026-08-07T07:48:15.697Z
2020,전문대학,사립,,경북,기존,0002650,안동과학대학교,960,1433,960,473,992,820,172,85.41666667,69.22540126,2026-08-07T07:48:15.697Z
2020,전문대학,사립,,경기,기존,0000507,안산대학교,1544,1958,1544,414,1862,1544,318,100,95.09703779,2026-08-07T07:48:15.697Z
2020,전문대학,사립,,경기,기존,0000510,여주대학교,2155,2762,1939,823,2247,1781,466,91.85146983,81.35409124,2026-08-07T07:48:15.697Z
2020,전문대학,사립,,경기,기존,0002651,연성대학교,2341,2880,2341,539,2746,2341,405,100,95.34722222,2026-08-07T07:48:15.697Z
2020,전문대학,사립,,경남,기존,0002652,연암공과대학교,502,575,502,73,546,502,44,100,94.95652174,2026-08-07T07:48:15.697Z
2020,전문대학,사립,,충남,기존,0000512,연암대학교,483,627,483,144,575,483,92,100,91.70653907,2026-08-07T07:48:15.697Z
2020,전문대학,사립,,경북,기존,0000418,영남외국어대학,367,478,367,111,230,210,20,57.22070845,48.11715481,2026-08-07T07:48:15.697Z
2020,전문대학,사립,,대구,기존,0000513,영남이공대학교,2243,3328,2243,1085,2646,2106,540,93.89210878,79.50721154,2026-08-07T07:48:15.697Z
2020,사이버대학(전문대학),사립,,대구,기존,0000575,영진사이버대학교,1300,2980,1300,1680,1785,1238,547,95.23076923,59.89932886,2026-08-07T07:48:15.697Z
2020,전문대학,사립,,대구,기존,0000517,영진전문대학교,2631,3852,2631,1221,3749,2631,1118,100,97.32606438,2026-08-07T07:48:15.697Z
2020,전문대학,사립,,경기,기존,0002653,오산대학교,2132,2891,2132,759,2539,2091,448,98.07692308,87.82428226,2026-08-07T07:48:15.697Z
2020,전문대학,사립,,경기,기존,0000520,용인예술과학대학교,1678,2090,1678,412,1775,1608,167,95.8283671,84.92822967,2026-08-07T07:48:15.697Z
2020,전문대학,사립,,대전,기존,0000452,우송정보대학,2195,2679,2195,484,2155,1968,187,89.65831435,80.44046286,2026-08-07T07:48:15.697Z
2020,전문대학,사립,,울산,기존,0000521,울산과학대학교,1743,3141,1743,1398,2237,1711,526,98.16408491,71.21935689,2026-08-07T07:48:15.697Z
2020,전문대학,사립,,경기,기존,0000568,웅지세무대학교,599,831,599,232,272,268,4,44.74123539,32.73164862,2026-08-07T07:48:15.697Z
2020,전문대학,사립,,전북,기존,0000523,원광보건대학교,1498,1911,1498,413,1911,1498,413,100,100,2026-08-07T07:48:15.697Z
2020,전문대학,사립,,경기,기존,0000524,유한대학교,2040,2946,2040,906,2293,2040,253,100,77.83435166,2026-08-07T07:48:15.697Z
2020,전문대학,사립,,서울,기존,0000525,인덕대학교,2280,3271,2280,991,2834,2280,554,100,86.6401712,2026-08-07T07:48:15.697Z
2020,전문대학,사립,,인천,기존,0002654,인하공업전문대학,2692,3330,2692,638,3330,2692,638,100,100,2026-08-07T07:48:15.697Z
2020,전문대학,사립,,경기,기존,0000527,장안대학교,2444,2857,2444,413,2597,2330,267,95.33551555,90.89954498,2026-08-07T07:48:15.697Z
2020,전문대학,사립,,인천,기존,0000455,재능대학교,1576,2205,1576,629,1950,1576,374,100,88.43537415,2026-08-07T07:48:15.697Z
2020,전문대학,사립,,전남,기존,0000529,전남과학대학교,1279,2210,1279,931,1734,1227,507,95.93432369,78.46153846,2026-08-07T07:48:15.697Z
2020,전문대학,공립,,전남,기존,0000562,전남도립대학교,705,739,705,34,681,647,34,91.77304965,92.15155616,2026-08-07T07:48:15.697Z
2020,전문대학,사립,,전북,기존,0000531,전북과학대학교,637,1155,637,518,744,637,107,100,64.41558442,2026-08-07T07:48:15.697Z
2020,전문대학,사립,,전북,기존,0000437,전주기전대학,813,922,813,109,749,709,40,87.20787208,81.23644252,2026-08-07T07:48:15.697Z
2020,전문대학,사립,,전북,기존,0000530,전주비전대학교,1098,2134,1098,1036,1576,1087,489,98.99817851,73.85192127,2026-08-07T07:48:15.697Z
2020,전문대학,사립,,제주,기존,0000532,제주관광대학교,923,1010,923,87,846,777,69,84.18201517,83.76237624,2026-08-07T07:48:15.697Z
2020,전문대학,사립,,제주,기존,0002655,제주한라대학교,1622,3771,1622,2149,2189,1622,567,100,58.04826306,2026-08-07T07:48:15.697Z
2020,전문대학,사립,,광주,기존,0002974,조선간호대학교,139,193,139,54,193,139,54,100,100,2026-08-07T07:48:15.697Z
2020,전문대학,사립,,광주,기존,0000534,조선이공대학교,1492,2174,1492,682,1698,1454,244,97.45308311,78.1048758,2026-08-07T07:48:15.697Z
2020,전문대학,사립,,경남,기존,0000539,진주보건대학교,782,1064,782,282,993,765,228,97.82608696,93.32706767,2026-08-07T07:48:15.697Z
2020,전문대학,사립,,경남,기존,0000542,창원문성대학교,1218,1467,1218,249,989,883,106,72.49589491,67.41649625,2026-08-07T07:48:15.697Z
2020,전문대학,사립,,경기,기존,0000544,청강문화산업대학교,1182,1474,1182,292,1474,1182,292,100,100,2026-08-07T07:48:15.697Z
2020,전문대학,사립,,전남,기존,0002656,청암대학교,1051,1437,1051,386,1113,979,134,93.14938154,77.45302714,2026-08-07T07:48:15.697Z
2020,전문대학,사립,,울산,기존,0000545,춘해보건대학교,670,1081,670,411,921,650,271,97.01492537,85.19888992,2026-08-07T07:48:15.697Z
2020,전문대학,공립,,충남,기존,0002657,충남도립대학교,456,547,456,91,509,456,53,100,93.05301645,2026-08-07T07:48:15.697Z
2020,전문대학,공립,,충북,기존,0000406,충북도립대학교,420,432,420,12,422,417,5,99.28571429,97.68518519,2026-08-07T07:48:15.697Z
2020,전문대학,사립,,충북,기존,0000536,충북보건과학대학교,1092,1530,1092,438,1165,970,195,88.82783883,76.14379085,2026-08-07T07:48:15.697Z
2020,전문대학,사립,,충북,기존,0000547,충청대학교,1602,2383,1602,781,1645,1434,211,89.51310861,69.03063366,2026-08-07T07:48:15.697Z
2020,전문대학,사립,,경북,기존,0002658,포항대학교,721,847,721,126,762,665,97,92.23300971,89.96458087,2026-08-07T07:48:15.697Z
2020,전문대학,사립,,강원,기존,0000578,한국골프과학기술대학교,160,310,160,150,196,160,36,100,63.22580645,2026-08-07T07:48:15.697Z
2020,전문대학,사립,,경기,기존,0000565,한국관광대학교,930,1155,930,225,1039,917,122,98.60215054,89.95670996,2026-08-07T07:48:15.697Z
2020,전문대학,특별법국립,,전북,기존,0003019,한국농수산대학교,550,660,550,110,660,550,110,100,100,2026-08-07T07:48:15.697Z
2020,전문대학,국립,,경기,폐교,0002659,한국복지대학교,211,414,211,203,291,211,80,100,70.28985507,2026-08-07T07:48:15.697Z
2020,사이버대학(전문대학),사립,,경북,기존,0000576,한국복지사이버대학교,1000,1390,1000,390,1153,1000,153,100,82.94964029,2026-08-07T07:48:15.697Z
2020,전문대학,사립,,경남,기존,0000570,한국승강기대학교,297,410,297,113,336,297,39,100,81.95121951,2026-08-07T07:48:15.697Z
2020,전문대학,사립,,세종,기존,0000522,한국영상대학교,1169,1799,1169,630,1433,1124,309,96.15055603,79.65536409,2026-08-07T07:48:15.697Z
2020,기능대학,사립,,서울,기존,0000585,한국폴리텍 I 대학 서울강서캠퍼스,260,312,260,52,294,259,35,99.61538462,94.23076923,2026-08-07T07:48:15.697Z
2020,기능대학,사립,,서울,기존,0000584,한국폴리텍 I 대학 서울정수캠퍼스,565,770,565,205,733,565,168,100,95.19480519,2026-08-07T07:48:15.697Z
2020,기능대학,사립,,경기,기존,0000586,한국폴리텍 I 대학 성남캠퍼스,415,440,402,38,440,402,38,100,100,2026-08-07T07:48:15.697Z
2020,기능대학,사립,,제주,기존,0002912,한국폴리텍 I 대학 제주캠퍼스,25,30,25,5,28,25,3,100,93.33333333,2026-08-07T07:48:15.697Z
2020,기능대학,사립,,인천,기존,0000590,한국폴리텍 II 대학 남인천캠퍼스,25,30,25,5,30,25,5,100,100,2026-08-07T07:48:15.697Z
2020,기능대학,사립,,인천,기존,0000589,한국폴리텍 II 대학 인천캠퍼스,860,1131,860,271,1044,859,185,99.88372093,92.30769231,2026-08-07T07:48:15.697Z
2020,기능대학,사립,,강원,기존,0000594,한국폴리텍 III 대학 강릉캠퍼스,60,72,60,12,70,58,12,96.66666667,97.22222222,2026-08-07T07:48:15.697Z
2020,기능대학,사립,,강원,기존,0002854,한국폴리텍 III 대학 원주캠퍼스,50,57,50,7,57,50,7,100,100,2026-08-07T07:48:15.697Z
2020,기능대학,사립,,강원,기존,0000593,한국폴리텍 III 대학 춘천캠퍼스,125,144,124,20,144,124,20,100,100,2026-08-07T07:48:15.697Z
2020,기능대학,사립,,대전,기존,0000603,한국폴리텍 IV 대학 대전캠퍼스,410,492,410,82,453,402,51,98.04878049,92.07317073,2026-08-07T07:48:15.697Z
2020,기능대학,사립,,충남,기존,0000606,한국폴리텍 IV 대학 아산캠퍼스,225,282,225,57,264,225,39,100,93.61702128,2026-08-07T07:48:15.697Z
2020,기능대학,사립,,충북,기존,0000604,한국폴리텍 IV 대학 청주캠퍼스,325,420,325,95,364,325,39,100,86.66666667,2026-08-07T07:48:15.697Z
2020,기능대학,사립,,충남,기존,0000607,한국폴리텍 IV 대학 충남캠퍼스,120,144,120,24,110,104,6,86.66666667,76.38888889,2026-08-07T07:48:15.697Z
2020,기능대학,사립,,광주,기존,0000616,한국폴리텍 V 대학 광주캠퍼스,355,426,355,71,412,355,57,100,96.71361502,2026-08-07T07:48:15.697Z
2020,기능대학,사립,,전남,기존,0002975,한국폴리텍 V 대학 순천캠퍼스,0,7,0,7,7,0,7,,100,2026-08-07T07:48:15.697Z
2020,기능대학,사립,,전북,기존,0000620,한국폴리텍 V 대학 익산캠퍼스,50,78,50,28,77,50,27,100,98.71794872,2026-08-07T07:48:15.697Z
2020,기능대학,사립,,전남,기존,0000619,한국폴리텍 V 대학 전남캠퍼스,100,130,100,30,117,100,17,100,90,2026-08-07T07:48:15.697Z
2020,기능대학,사립,,전북,기존,0000617,한국폴리텍 V 대학 전북캠퍼스,240,288,240,48,258,233,25,97.08333333,89.58333333,2026-08-07T07:48:15.697Z
2020,기능대학,사립,,경북,기존,0000624,한국폴리텍 VI 대학 구미캠퍼스,260,312,260,52,267,247,20,95,85.57692308,2026-08-07T07:48:15.697Z
2020,기능대학,사립,,대구,기존,0000623,한국폴리텍 VI 대학 대구캠퍼스,330,396,330,66,331,298,33,90.3030303,83.58585859,2026-08-07T07:48:15.697Z
2020,기능대학,사립,,대구,기존,0000636,한국폴리텍 VI 대학 영남융합기술캠퍼스,175,210,175,35,120,114,6,65.14285714,57.14285714,2026-08-07T07:48:15.697Z
2020,기능대학,사립,,경북,기존,0002674,한국폴리텍 VI 대학 영주캠퍼스,30,36,30,6,28,28,0,93.33333333,77.77777778,2026-08-07T07:48:15.697Z
2020,기능대학,사립,,부산,기존,0000632,한국폴리텍 VII 대학 부산캠퍼스,385,462,385,77,437,384,53,99.74025974,94.58874459,2026-08-07T07:48:15.697Z
2020,기능대학,사립,,울산,기존,0000633,한국폴리텍 VII 대학 울산캠퍼스,325,390,325,65,377,325,52,100,96.66666667,2026-08-07T07:48:15.697Z
2020,기능대학,사립,,경남,기존,0000631,한국폴리텍 VII 대학 창원캠퍼스,605,821,605,216,782,605,177,100,95.24969549,2026-08-07T07:48:15.697Z
2020,기능대학,사립,,충남,기존,0000635,한국폴리텍 특성화대학 바이오캠퍼스,180,216,180,36,212,180,32,100,98.14814815,2026-08-07T07:48:15.697Z
2020,기능대학,사립,,경기,기존,0000637,한국폴리텍 특성화대학 반도체융합캠퍼스,330,818,780,38,359,322,37,41.28205128,43.88753056,2026-08-07T07:48:15.697Z
2020,기능대학,사립,,경남,기존,0000638,한국폴리텍 특성화대학 항공캠퍼스,240,308,240,68,248,220,28,91.66666667,80.51948052,2026-08-07T07:48:15.697Z
2020,전문대학,사립,,강원,기존,0000553,한림성심대학교,1066,1483,1066,417,1317,1040,277,97.56097561,88.80647336,2026-08-07T07:48:15.697Z
2020,전문대학,사립,,서울,기존,0000554,한양여자대학교,2521,3199,2521,678,3052,2521,531,100,95.404814,2026-08-07T07:48:15.697Z
2020,전문대학,사립,,전남,기존,0000555,한영대학교,565,818,565,253,702,565,137,100,85.8190709,2026-08-07T07:48:15.697Z
2020,전문대학,사립,,충남,기존,0000556,혜전대학교,1128,1376,1128,248,1068,892,176,79.07801418,77.61627907,2026-08-07T07:48:15.697Z
2020,전문대학,사립,,경북,기존,0000415,호산대학교,667,1011,667,344,817,611,206,91.6041979,80.81107814,2026-08-07T07:48:15.697Z
