year,cohort,school_rep_code,school_rep_name,region,estb,school_division,edu_carryover,edu_endowment,industry_carryover,industry_endowment,total_funds,tuition_revenue,fund_secure_rate,campus_count,has_alimi,updated_at
2020,university,0000513,가톨릭관동대학교,강원,사립,대학,2089887.5199999996,8438995.021,1696460.2109999997,0,12225342.751999998,58587742.01,20.9,1,Y,2026-08-15T06:00:43.635Z
2020,university,0000041,경동대학교,강원,사립,대학,15632538.700000003,13911400.47,375213.595,0,29919152.765,58162860.1,51.4,4,Y,2026-08-15T06:00:43.635Z
2020,university,0000086,상지대학교,강원,사립,대학,-4968291.359999999,5350031.054,2570725.615,0,2952465.3090000004,55415339.59,5.3,1,Y,2026-08-15T06:00:43.635Z
2020,university,0000147,한라대학교,강원,사립,대학,1005917.9869999997,39000,591527.6130000001,0,1636445.5999999999,22979957.77,7.1,1,Y,2026-08-15T06:00:43.635Z
2020,university,0000148,한림대학교,강원,사립,대학,8842157.469999999,46578783.83,13207292.780000001,0,68628234.08,62686741.71,109.5,1,Y,2026-08-15T06:00:43.635Z
2020,university,0000044,가천대학교,경기,사립,대학,24578401.550000004,72701341.88,14671159.419999998,0,111950902.85000001,168762137.7,66.3,1,Y,2026-08-15T06:00:43.635Z
2020,university,0000034,가톨릭대학교,경기,사립,대학,5613378.780000001,119564618.9,25196573.820000004,910492.4,151285063.9,82770520.83,182.8,3,Y,2026-08-15T06:00:43.635Z
2020,university,0000036,강남대학교,경기,사립,대학,2043166.789999999,6595614.326,3738772.8,0,12377553.916000001,52505535.16,23.6,1,Y,2026-08-15T06:00:43.635Z
2020,university,0000039,경기대학교,경기,사립,대학,13253765.46,46756544.46,7216834.654,3003513.948,70230658.522,119491132,58.8,2,Y,2026-08-15T06:00:43.635Z
2020,university,0000060,단국대학교,경기,사립,대학,6959991.879999995,26336471.638,17869653.41,62350,51228466.927999996,221932276.5,23.1,2,Y,2026-08-15T06:00:43.635Z
2020,university,0000068,대진대학교,경기,사립,대학,3919471.8500000015,2702226.675,1012710.9269999999,0,7634409.452000001,56468028.61,13.5,1,Y,2026-08-15T06:00:43.635Z
2020,university,0000078,루터대학교,경기,사립,대학,219647.47400000016,155793.842,108206.286,0,483647.6020000002,2500677.2,19.3,1,Y,2026-08-15T06:00:43.635Z
2020,university,0000079,명지대학교,경기,사립,대학,1214628.559999995,2262628.731,12373746.196999999,0,15851003.487999994,130128966.2,12.2,2,Y,2026-08-15T06:00:43.635Z
2020,university,0000090,서울신학대학교,경기,사립,대학,2615249.7929999987,8327156.963,236651.95799999998,0,11179058.714,19630027.29,56.9,1,Y,2026-08-15T06:00:43.635Z
2020,university,0000092,서울장신대학교,경기,사립,대학,218302.93600000022,602486.463,22249.616,0,843039.0150000002,5897008,14.3,1,Y,2026-08-15T06:00:43.635Z
2020,university,0000095,성결대학교,경기,사립,대학,1302927.0500000007,49119383.6,906520.868,0,51328831.51800001,38666495.45,132.7,1,Y,2026-08-15T06:00:43.635Z
2020,university,0000101,수원가톨릭대학교,경기,사립,대학,1533297.709,27095115.06,0,0,28628412.768999998,982570.751,2913.6,1,Y,2026-08-15T06:00:43.635Z
2020,university,0000102,수원대학교,경기,사립,대학,65726703.419999994,369847921.4,7705406.26,380,443280411.08,72285549.01,613.2,1,Y,2026-08-15T06:00:43.635Z
2020,university,0000178,신경대학교,경기,사립,대학,-4448424.097,0,28500.825999999997,0,-4419923.271,3869698.05,-114.2,1,Y,2026-08-15T06:00:43.635Z
2020,university,0000509,신한대학교,경기,사립,대학,3763526.6900000023,131259.221,0,0,3894785.911000002,57791757.95,6.7,2,Y,2026-08-15T06:00:43.635Z
2020,university,0000558,아신대학교,경기,사립,대학,3334.969999999972,588368.852,15045.008999999998,0,606748.8309999999,7304141,8.3,1,Y,2026-08-15T06:00:43.635Z
2020,university,0000108,아주대학교,경기,사립,대학,18154916.459999993,96371433.81,20264981.46,2039556.056,136830887.78599998,121505889.5,112.6,1,Y,2026-08-15T06:00:43.635Z
2020,university,0000109,안양대학교,경기,사립,대학,1397812.33,11586012.95,2410579.568,0,15394404.848,38285129.34,40.2,2,Y,2026-08-15T06:00:43.635Z
2020,university,0000115,용인대학교,경기,사립,대학,1930269.879999999,91708147.97,745669.2949999999,0,94384087.145,51595853,182.9,1,Y,2026-08-15T06:00:43.635Z
2020,university,0000130,중앙승가대학교,경기,사립,대학,955370.013,1054982.754,-53630.59700000001,0,1956722.17,729657.73,268.2,1,Y,2026-08-15T06:00:43.635Z
2020,university,0000139,차의과학대학교,경기,사립,대학,16596406.85,30731518.02,3182859.598,3009000,53519784.467999995,28583865.94,187.2,1,Y,2026-08-15T06:00:43.635Z
2020,university,0000136,칼빈대학교,경기,사립,대학,-509388.4029999998,104164.65,0,0,-405223.7529999998,7057672,-5.7,1,Y,2026-08-15T06:00:43.635Z
2020,university,0000138,평택대학교,경기,사립,대학,2009617.5999999996,1848618.415,585393.638,0,4443629.653,30298819.27,14.7,1,Y,2026-08-15T06:00:43.635Z
2020,university,0000191,한국산업기술대학교,경기,사립,대학,5543699.8500000015,6861361.056,8162589.222999999,4003704,24571354.129,59815790.03,41.1,1,Y,2026-08-15T06:00:43.635Z
2020,university,0000144,한국항공대학교,경기,사립,대학,2293799.6400000006,6410569.201,8160969.085000001,3245793.909,20111131.835,37955419.7,53,1,Y,2026-08-15T06:00:43.635Z
2020,university,0000151,한세대학교,경기,사립,대학,980570.1799999997,35130023.18,70849.176,0,36181442.536,24857871.97,145.6,1,Y,2026-08-15T06:00:43.635Z
2020,university,0000152,한신대학교,경기,사립,대학,2852282.6499999985,27250822.25,684009.6669999999,0,30787114.566999998,37527804.61,82,1,Y,2026-08-15T06:00:43.635Z
2020,university,0000156,협성대학교,경기,사립,대학,1987276.2299999986,8224043.65,456356.15099999984,0,10667676.031,31335490.4,34,1,Y,2026-08-15T06:00:43.635Z
2020,university,0000032,가야대학교,경남,사립,대학,1116529.596,27074722.08,167159.832,0,28358411.507999998,14881197.78,190.6,2,Y,2026-08-15T06:00:43.635Z
2020,university,0000040,경남대학교,경남,사립,대학,8272477,98913154.47,4222177.126,0,111407808.596,77583649.5,143.6,1,Y,2026-08-15T06:00:43.635Z
2020,university,0000167,부산장신대학교,경남,사립,대학,296747.2279999999,718093.595,0,0,1014840.8229999999,2415840.33,42,1,Y,2026-08-15T06:00:43.635Z
2020,university,0000181,영산대학교,경남,사립,대학,0,0,0,0,0,0,,2,N,2026-08-15T06:00:43.635Z
2020,university,0000122,인제대학교,경남,사립,대학,5204581.6499999985,25732144.34,13820636.01,0,44757362,75343396.8,59.4,2,Y,2026-08-15T06:00:43.635Z
2020,university,0000193,창신대학교,경남,사립,대학,1142386.2889999994,15750530.85,41396.50200000004,0,16934313.641,13467324.47,125.7,1,Y,2026-08-15T06:00:43.635Z
2020,university,0000174,한국국제대학교,경남,사립,대학,0,0,0,0,0,0,,1,N,2026-08-15T06:00:43.635Z
2020,university,0000188,경운대학교,경북,사립,대학,864896.8600000013,399989.017,1813804.6830000002,0,3078690.5600000015,33217838.17,9.3,1,Y,2026-08-15T06:00:43.635Z
2020,university,0000045,경일대학교,경북,사립,대학,3826516.2600000016,8306781.935,5910214.416999999,0,18043512.612,46013829.44,39.2,1,Y,2026-08-15T06:00:43.635Z
2020,university,0000046,경주대학교,경북,사립,대학,-5290233.615,0,211223.03099999996,0,-5079010.584000001,6976203.03,-72.8,1,Y,2026-08-15T06:00:43.635Z
2020,university,0000185,김천대학교,경북,사립,대학,-965568.5429999996,0,63983.46200000006,0,-901585.0809999995,20362791.77,-4.4,1,Y,2026-08-15T06:00:43.635Z
2020,university,0000063,대구가톨릭대학교,경북,사립,대학,6738826.790000007,73489693.52,3697631.607,0,83926151.917,92699560.34,90.5,1,Y,2026-08-15T06:00:43.635Z
2020,university,0000061,대구대학교,경북,사립,대학,14701739.489999995,109257450.7,2430286.0890000006,4500,126393976.279,124908128.4,101.2,1,Y,2026-08-15T06:00:43.635Z
2020,university,0000062,대구예술대학교,경북,사립,대학,4732098.963,4463099.902,119792.87800000001,0,9314991.743,7638563.21,121.9,1,Y,2026-08-15T06:00:43.635Z
2020,university,0000042,대구한의대학교,경북,사립,대학,4911668.379999999,9699576.255,3520323.4780000006,0,18131568.113,49198346.28,36.9,1,Y,2026-08-15T06:00:43.635Z
2020,university,0000065,대신대학교,경북,사립,대학,492962.81799999985,1148987.692,0,0,1641950.5099999998,3634566.22,45.2,1,Y,2026-08-15T06:00:43.635Z
2020,university,0000076,동양대학교,경북,사립,대학,-7615435.676999999,0,897412.2289999999,0,-6718023.447999999,26398333.51,-25.4,2,Y,2026-08-15T06:00:43.635Z
2020,university,0000111,영남대학교,경북,사립,대학,20905815.10000001,131876988.7,17761352.62,635.16,170544791.58,170120987.3,100.2,1,Y,2026-08-15T06:00:43.635Z
2020,university,0000112,영남신학대학교,경북,사립,대학,246484.13899999997,364202.754,0,0,610686.8929999999,4314826.971,14.2,1,Y,2026-08-15T06:00:43.635Z
2020,university,0000119,위덕대학교,경북,사립,대학,511776.5889999997,2335897.832,402282.75,100000,3349957.1709999996,20582160.27,16.3,1,Y,2026-08-15T06:00:43.635Z
2020,university,0000140,포항공과대학교,경북,사립,대학,43898995.690000005,90524288.72,32479568.229999997,45282000.058,212184852.69799998,23776146.5,892.4,1,Y,2026-08-15T06:00:43.635Z
2020,university,0000146,한동대학교,경북,사립,대학,4595195.990000002,8127643.802,2980110.0989999995,73300,15776249.891000003,31647906.04,49.8,1,Y,2026-08-15T06:00:43.635Z
2020,university,0000052,광신대학교,광주,사립,대학,-68789.46799999988,4844.208,0,0,-63945.25999999988,5515697.34,-1.2,1,Y,2026-08-15T06:00:43.635Z
2020,university,0000176,광주대학교,광주,사립,대학,2184829.4800000004,13106632.85,2709466.237,0,18000928.567,44202213.85,40.7,1,Y,2026-08-15T06:00:43.635Z
2020,university,0000055,광주여자대학교,광주,사립,대학,2563529.1449999996,13367000,504081.495,0,16434610.639999999,24667440.93,66.6,1,Y,2026-08-15T06:00:43.635Z
2020,university,0000162,남부대학교,광주,사립,대학,7089199.479000001,11030530.08,372661.18999999994,0,18492390.749,21387951.33,86.5,1,Y,2026-08-15T06:00:43.635Z
2020,university,0000187,송원대학교,광주,사립,대학,734201.784,0,87875.39599999995,0,822077.1799999999,18651519.03,4.4,1,Y,2026-08-15T06:00:43.635Z
2020,university,0000127,조선대학교,광주,사립,대학,5924230.75,63016357.350999996,17652585.36,0,86593173.461,145566169.6,59.5,1,Y,2026-08-15T06:00:43.635Z
2020,university,0000157,호남대학교,광주,사립,대학,19440101.680000003,38331970.094,2687201.37,0,60459273.144,48697699.31,124.2,1,Y,2026-08-15T06:00:43.635Z
2020,university,0000158,호남신학대학교,광주,사립,대학,1462180.3,1045886.024,0,0,2508066.324,5426029.324,46.2,1,Y,2026-08-15T06:00:43.635Z
2020,university,0000048,계명대학교,대구,사립,대학,12264173.049999997,230617219.7,12486928.484000001,270000,255638321.234,163092513.7,156.7,1,Y,2026-08-15T06:00:43.635Z
2020,university,0000067,대전대학교,대전,사립,대학,6552125.640000001,20290434.11,4055779.0769999996,0,30898338.827,68080580.39,45.4,1,Y,2026-08-15T06:00:43.635Z
2020,university,0000182,대전신학대학교,대전,사립,대학,-809574.075,0,0,0,-809574.075,1025169.167,-79,1,Y,2026-08-15T06:00:43.635Z
2020,university,0000080,목원대학교,대전,사립,대학,1715175.5500000007,3973605.577,4370792.353,305000,10364573.48,56116572.73,18.5,1,Y,2026-08-15T06:00:43.635Z
2020,university,0000081,배재대학교,대전,사립,대학,1797869.1000000015,21506879.09,3165896.103,500,26471144.293,57936664.59,45.7,1,Y,2026-08-15T06:00:43.635Z
2020,university,0000184,우송대학교,대전,사립,대학,4728379.93,26738048.56,1556465.4,0,33022893.889999997,72726545.89,45.4,1,Y,2026-08-15T06:00:43.635Z
2020,university,0000120,을지대학교,대전,사립,대학,11802615.969999999,144142547.4,5993061.806,37090.24,161975315.416,42352121.33,382.4,3,Y,2026-08-15T06:00:43.635Z
2020,university,0000551,한국침례신학대학교,대전,사립,대학,980086.7659999998,25994758.55,0,0,26974845.316,11679117.84,231,1,Y,2026-08-15T06:00:43.635Z
2020,university,0000145,한남대학교,대전,사립,대학,4553870.969999999,9181838.718,3030568.871,0,16766278.558999998,84485082.32,19.8,1,Y,2026-08-15T06:00:43.635Z
2020,university,0000043,경성대학교,부산,사립,대학,2825248.4400000013,25674059.57,3392574.5390000003,0,31891882.549000002,82234747.23,38.8,1,Y,2026-08-15T06:00:43.635Z
2020,university,0000050,고신대학교,부산,사립,대학,-801022.8600000013,3645066.327,618749.404,0,3462792.870999999,29690495.26,11.7,1,Y,2026-08-15T06:00:43.635Z
2020,university,0000180,동명대학교,부산,사립,대학,3836554.6300000027,27143247.58,5498987.1680000005,0,36478789.378,52533682.72,69.4,1,Y,2026-08-15T06:00:43.635Z
2020,university,0000073,동서대학교,부산,사립,대학,6820499.43,32854534.11,752592.2280000001,0,40427625.768,67662502.76,59.7,1,Y,2026-08-15T06:00:43.635Z
2020,university,0000075,동아대학교,부산,사립,대학,6813366.419999987,53901506.51,11678472.81,0,72393345.73999998,138086062.4,52.4,1,Y,2026-08-15T06:00:43.635Z
2020,university,0000077,동의대학교,부산,사립,대학,2228765.339999996,10504140.55,7699421.458000001,0,20432327.347999997,101102346.3,20.2,1,Y,2026-08-15T06:00:43.635Z
2020,university,0000082,부산가톨릭대학교,부산,사립,대학,2472204.807,25588137.96,2755806.3419999997,368000,31184149.109,26170761.72,119.2,1,Y,2026-08-15T06:00:43.635Z
2020,university,0000083,부산외국어대학교,부산,사립,대학,4295507.329999998,5530483.72,2291414.82,80000,12197405.869999997,49311188.29,24.7,1,Y,2026-08-15T06:00:43.635Z
2020,university,0000106,신라대학교,부산,사립,대학,2718656.4400000013,12220501.64,838811.4579999999,0,15777969.538000003,56650737.02,27.9,1,Y,2026-08-15T06:00:43.635Z
2020,university,0000035,감리교신학대학교,서울,사립,대학,2124841.6289999997,8699177.321,17432.716,0,10841451.666,9013573.55,120.3,1,Y,2026-08-15T06:00:43.635Z
2020,university,0000037,건국대학교,서울,사립,대학,7300025.099999994,87897838.922,28593459.430000003,6990109.244,130781432.69600001,232698112.1,56.2,2,Y,2026-08-15T06:00:43.635Z
2020,university,0000047,경희대학교,서울,사립,대학,9005975.608000018,112617269,38048853.35999999,5109630,164781727.968,289984318.4,56.8,1,Y,2026-08-15T06:00:43.635Z
2020,university,0000049,고려대학교,서울,사립,대학,22191817.621000025,328875393.74,66605357.599999994,43359.71,417715928.67100006,352941598.1,118.4,2,Y,2026-08-15T06:00:43.635Z
2020,university,0000053,광운대학교,서울,사립,대학,4176519.6199999973,22073839.54,9772934.841,32257,36055551.000999995,76370613.3,47.2,1,Y,2026-08-15T06:00:43.635Z
2020,university,0000056,국민대학교,서울,사립,대학,2822367.759999998,159054871.1,-7030300.85,21184155.22,176031093.23,151941941.7,115.9,1,Y,2026-08-15T06:00:43.635Z
2020,university,0000070,덕성여자대학교,서울,사립,대학,836622.6900000013,74599616.914,2925406.012,0,78361645.616,41306777.17,189.7,1,Y,2026-08-15T06:00:43.635Z
2020,university,0000071,동국대학교,서울,사립,대학,8083557.694000011,88822474.65,27220460.049999997,1080350,125206842.39400001,214686985.9,58.3,2,Y,2026-08-15T06:00:43.635Z
2020,university,0000072,동덕여자대학교,서울,사립,대학,1736507.379999999,223671863.6,1159517.428,250417.871,226818306.27899998,52311935.33,433.6,1,Y,2026-08-15T06:00:43.635Z
2020,university,0000084,삼육대학교,서울,사립,대학,1828988.039999999,21840190.639,1763182.659,0,25432361.338,46201973.16,55,1,Y,2026-08-15T06:00:43.635Z
2020,university,0000085,상명대학교,서울,사립,대학,5507932.659999996,26138201.54,8913259.125999998,500000,41059393.32599999,107670378.7,38.1,2,Y,2026-08-15T06:00:43.635Z
2020,university,0000087,서강대학교,서울,사립,대학,3196636,50251343.8,5631518.84,186588.669,59266087.309,102451524,57.8,1,Y,2026-08-15T06:00:43.635Z
2020,university,0000088,서경대학교,서울,사립,대학,2634748.91,15124756.65,1353414.111,0,19112919.671000004,49019921.07,39,1,Y,2026-08-15T06:00:43.635Z
2020,university,0000069,서울기독대학교,서울,사립,대학,0,0,12458.268,0,12458.268,0,,1,Y,2026-08-15T06:00:43.635Z
2020,university,0000091,서울여자대학교,서울,사립,대학,2851059.9899999984,47361190.66,3218666.8549999995,0,53430917.50499999,53089895.47,100.6,1,Y,2026-08-15T06:00:43.635Z
2020,university,0000539,서울한영대학교,서울,사립,대학,-737640.2109999999,0,344.769,0,-737295.4419999999,6045081.03,-12.2,1,Y,2026-08-15T06:00:43.635Z
2020,university,0000096,성공회대학교,서울,사립,대학,1522120.1179999998,3199267.36,1213116.042,377000,6311503.52,17041987.23,37,1,Y,2026-08-15T06:00:43.635Z
2020,university,0000097,성균관대학교,서울,사립,대학,44069223.2,283056913.65,-19502211.099999994,20040024,327663949.75,271257112.1,120.8,1,Y,2026-08-15T06:00:43.635Z
2020,university,0000098,성신여자대학교,서울,사립,대학,3819404.6899999976,56828705.92,4472751.898,0,65120862.508,75745580.17,86,1,Y,2026-08-15T06:00:43.635Z
2020,university,0000100,세종대학교,서울,사립,대학,468224.62999999523,96806172.96,9851472.960000005,35175,107161045.55,120201796.1,89.2,1,Y,2026-08-15T06:00:43.635Z
2020,university,0000103,숙명여자대학교,서울,사립,대학,2623717.410000004,191703217.1,19022302.720999997,1543030.88,214892268.11099997,103145047.7,208.3,1,Y,2026-08-15T06:00:43.635Z
2020,university,0000105,숭실대학교,서울,사립,대학,20701409.710000005,97714053.516,10718009.57,0,129133472.796,135433853.5,95.3,1,Y,2026-08-15T06:00:43.635Z
2020,university,0000110,연세대학교,서울,사립,대학,21622785.099999994,630596663.75,30440559.799999982,17885333.275,700545341.925,391949729.3,178.7,2,Y,2026-08-15T06:00:43.635Z
2020,university,0000121,이화여자대학교,서울,사립,대학,8874401.650000006,635004427.4000001,34110031.45,810764.985,678799625.4850001,201722872.4,336.5,1,Y,2026-08-15T06:00:43.635Z
2020,university,0000125,장로회신학대학교,서울,사립,대학,350881.1040000003,35787056.04,0,0,36137937.144,16144372.56,223.8,1,Y,2026-08-15T06:00:43.635Z
2020,university,0000129,중앙대학교,서울,사립,대학,17162021.099999994,111842442.00400001,16038325.630000003,1004530,146047318.734,261283131.8,55.9,2,Y,2026-08-15T06:00:43.635Z
2020,university,0000133,총신대학교,서울,사립,대학,5741829.469999999,39520534.01,112423.46600000001,0,45374786.945999995,25697682.35,176.6,1,Y,2026-08-15T06:00:43.635Z
2020,university,0000134,추계예술대학교,서울,사립,대학,-1010177.3659999995,156577.546,15891.641,0,-837708.1789999995,10830626.28,-7.7,1,Y,2026-08-15T06:00:43.635Z
2020,university,0000525,케이씨대학교,서울,사립,대학,324342.5839999998,2075130.588,98360.14799999999,0,2497833.32,9976511.314,25,1,Y,2026-08-15T06:00:43.635Z
2020,university,0000142,한국성서대학교,서울,사립,대학,19864.603999999817,224068.858,47853.016,0,291786.4779999998,8167634.5,3.6,1,Y,2026-08-15T06:00:43.635Z
2020,university,0000143,한국외국어대학교,서울,사립,대학,1937855.007999995,11789506.48,5387349.58,503800,19618511.067999996,147333499,13.3,1,Y,2026-08-15T06:00:43.635Z
2020,university,0000150,한성대학교,서울,사립,대학,4804612.870000001,15471109.23,3424661.277,0,23700383.377,55508499.91,42.7,1,Y,2026-08-15T06:00:43.635Z
2020,university,0000153,한양대학교,서울,사립,대학,27909954.400000006,173281215.8,17735054.900000006,32817468.1,251743693.20000002,327516820.7,76.9,2,Y,2026-08-15T06:00:43.635Z
2020,university,0000160,홍익대학교,서울,사립,대학,39918928.3,718409656.8,8421611.690000001,0,766750196.79,195991497.1,391.2,2,Y,2026-08-15T06:00:43.635Z
2020,university,0000066,대전가톨릭대학교,세종,사립,대학,179758.581,3159419.865,0,0,3339178.4460000005,444970,750.4,1,Y,2026-08-15T06:00:43.635Z
2020,university,0000117,울산대학교,울산,사립,대학,11706147.259999998,51006342.558,17764231.009999998,0,80476720.828,102326754.5,78.6,1,Y,2026-08-15T06:00:43.635Z
2020,university,0000123,인천가톨릭대학교,인천,사립,대학,422783.3909999998,4652065.126,221923.562,0,5296772.079,6549511.365,80.9,2,Y,2026-08-15T06:00:43.635Z
2020,university,0000124,인하대학교,인천,사립,대학,3643590.3599999994,39725374.92,8599091.209999997,1014473.84,52982530.33,163868470.2,32.3,1,Y,2026-08-15T06:00:43.635Z
2020,university,0000054,광주가톨릭대학교,전남,사립,대학,278817.813,20431350.64,0,0,20710168.453,0,,1,Y,2026-08-15T06:00:43.635Z
2020,university,0000074,동신대학교,전남,사립,대학,3041500.6400000006,17664940.52,3708343.448,1430270.748,25845055.356,43864479.51,58.9,1,Y,2026-08-15T06:00:43.635Z
2020,university,0000166,목포가톨릭대학교,전남,사립,대학,284526.50099999993,3879324.054,25959.339,0,4189809.894,3258564.166,128.6,1,Y,2026-08-15T06:00:43.635Z
2020,university,0000064,세한대학교,전남,사립,대학,1219752.0380000006,21188392.834,1086965.907,0,23495110.779000003,21975288.44,106.9,1,Y,2026-08-15T06:00:43.635Z
2020,university,0000114,영산선학대학교,전남,사립,대학,3151.4490000000005,0,0,0,3151.4490000000005,59000,5.3,1,Y,2026-08-15T06:00:43.635Z
2020,university,0000190,초당대학교,전남,사립,대학,1475487.8780000005,30911400.32,1800.359999999986,0,32388688.558,19701845.18,164.4,1,Y,2026-08-15T06:00:43.635Z
2020,university,0000186,한려대학교,전남,사립,대학,-10318431.026999999,0,12823.642,0,-10305607.384999998,2734816.18,-376.8,1,Y,2026-08-15T06:00:43.635Z
2020,university,0000173,예수대학교,전북,사립,대학,76850.98399999994,0,83945.124,0,160796.10799999995,3693796.46,4.4,1,Y,2026-08-15T06:00:43.635Z
2020,university,0000164,예원예술대학교,전북,사립,대학,73880.5350000002,0,1713.950999999999,0,75594.48600000021,16191202.67,0.5,2,Y,2026-08-15T06:00:43.635Z
2020,university,0000116,우석대학교,전북,사립,대학,5513862.239999998,6878161.207,3139758.321,250000,15781781.768,53833024.95,29.3,1,Y,2026-08-15T06:00:43.635Z
2020,university,0000118,원광대학교,전북,사립,대학,5611286.359999999,36157660.629999995,12947288.129999999,0,54716235.11999999,119006586.4,46,1,Y,2026-08-15T06:00:43.635Z
2020,university,0000126,전주대학교,전북,사립,대학,10515081.02,15716078.42,5465999.024,0,31697158.463999998,80657542.92,39.3,1,Y,2026-08-15T06:00:43.635Z
2020,university,0000155,한일장신대학교,전북,사립,대학,42319.87099999981,1030851.57,320333.67100000003,0,1393505.1119999997,7525305.9,18.5,1,Y,2026-08-15T06:00:43.635Z
2020,university,0000223,호원대학교,전북,사립,대학,-914610.7999999989,975958.491,108384.17000000004,0,169731.8610000012,35400654.01,0.5,1,Y,2026-08-15T06:00:43.635Z
2020,university,0000192,제주국제대학교,제주,사립,대학,0,0,298455.25700000004,0,298455.25700000004,0,,1,Y,2026-08-15T06:00:43.635Z
2020,university,0000038,건양대학교,충남,사립,대학,8338776.370000001,102591583.1,2967116.641999999,0,113897476.112,51893413.54,219.5,2,Y,2026-08-15T06:00:43.635Z
2020,university,0000169,금강대학교,충남,사립,대학,417574.91300000006,1194140.354,504473.145,0,2116188.412,2417714.433,87.5,1,Y,2026-08-15T06:00:43.635Z
2020,university,0000059,나사렛대학교,충남,사립,대학,914563.1500000004,7289265.519,288180.179,0,8492008.848000001,37338008.71,22.7,1,Y,2026-08-15T06:00:43.635Z
2020,university,0000189,남서울대학교,충남,사립,대학,4664923.6499999985,13889949.296,2962702.0829999996,900000,22417575.029,73962775.43,30.3,1,Y,2026-08-15T06:00:43.635Z
2020,university,0000131,백석대학교,충남,사립,대학,1626500.0799999982,96823237.015,1060006.8849999998,1300000,100809743.98,107357956.7,93.9,1,Y,2026-08-15T06:00:43.635Z
2020,university,0000094,선문대학교,충남,사립,대학,2355547.780000001,35419599.94,3479921.012,0,41255068.732,68914908.57,59.9,1,Y,2026-08-15T06:00:43.635Z
2020,university,0000104,순천향대학교,충남,사립,대학,3748633.6899999976,64176305.29799999,6571472.800000001,36750,74533161.78799999,92226560.27,80.8,1,Y,2026-08-15T06:00:43.635Z
2020,university,0000128,중부대학교,충남,사립,대학,3834266.3499999978,3680955.097,2527227.1210000003,0,10042448.567999998,62417531.94,16.1,1,Y,2026-08-15T06:00:43.635Z
2020,university,0000225,청운대학교,충남,사립,대학,2652697.179999998,9900297.463,910715.486,0,13463710.128999997,43683333.07,30.8,1,Y,2026-08-15T06:00:43.635Z
2020,university,0000141,한국기술교육대학교,충남,사립,대학,4490853.709999997,5795399.831,9630948.750000002,0,19917202.291,19984540.38,99.7,1,Y,2026-08-15T06:00:43.635Z
2020,university,0000149,한서대학교,충남,사립,대학,9634078.120000001,2503725.791,2408403.5760000004,0,14546207.487000003,55835505.73,26.1,1,Y,2026-08-15T06:00:43.635Z
2020,university,0000159,호서대학교,충남,사립,대학,4810240.380000003,49615349.37,15731770.517,239797.8,70397158.067,105798481.2,66.5,1,Y,2026-08-15T06:00:43.635Z
2020,university,0000557,가톨릭꽃동네대학교,충북,사립,대학,687793.963,2881896.646,39676.187000000005,0,3609366.796,3524693.59,102.4,1,Y,2026-08-15T06:00:43.635Z
2020,university,0000058,극동대학교,충북,사립,대학,1241855.8959999997,221676.504,286683.653,0,1750216.0529999996,26690534.82,6.6,1,Y,2026-08-15T06:00:43.635Z
2020,university,0000093,서원대학교,충북,사립,대학,4958654.4399999995,28931649.7,1898293.3519999995,0,35788597.492,44583303.27,80.3,1,Y,2026-08-15T06:00:43.635Z
2020,university,0000099,세명대학교,충북,사립,대학,1407767.8599999994,131090051.1,8847360.738,0,141345179.69799998,52045574.18,271.6,1,Y,2026-08-15T06:00:43.635Z
2020,university,0000113,유원대학교,충북,사립,대학,-625762.6469999999,0,865614.594,0,239851.94700000016,25047224.95,1,1,Y,2026-08-15T06:00:43.635Z
2020,university,0000183,중원대학교,충북,사립,대학,1337286.5539999995,496671.653,1538558.207,0,3372516.4139999994,28085992.2,12,1,Y,2026-08-15T06:00:43.635Z
2020,university,0000132,청주대학교,충북,사립,대학,2459003.5400000066,241887004.1,878225.0639999998,0,245224232.704,88077277.31,278.4,1,Y,2026-08-15T06:00:43.635Z
2020,junior-college,0000347,강릉영동대학교,강원,사립,전문대학,-1968135.8159999996,35618,97494.81499999997,0,-1835023.0009999997,15238041.6,-12,1,Y,2026-08-15T06:00:43.635Z
2020,junior-college,0000378,강원관광대학교,강원,사립,전문대학,2541436.1629999997,0,102047.705,0,2643483.868,4883365.652,54.1,1,Y,2026-08-15T06:00:43.635Z
2020,junior-college,0000348,세경대학교,강원,사립,전문대학,3612235.6459999997,8567640.411,170726.24000000002,0,12350602.297,4907246.097,251.7,1,Y,2026-08-15T06:00:43.635Z
2020,junior-college,0000393,송곡대학교,강원,사립,전문대학,365254.895,6253.546,2298.3239999999996,0,373806.765,3318440.79,11.3,1,Y,2026-08-15T06:00:43.635Z
2020,junior-college,0000390,송호대학교,강원,사립,전문대학,1471413.645,827823.264,209652.777,0,2508889.6859999998,5288204.564,47.4,1,Y,2026-08-15T06:00:43.635Z
2020,junior-college,0000542,한국골프대학교,강원,사립,전문대학,-311883.5730000001,28512.179,-24007.853000000003,0,-307379.2470000001,3206915,-9.6,1,Y,2026-08-15T06:00:43.635Z
2020,junior-college,0000383,한림성심대학교,강원,사립,전문대학,2980687.2199999997,8608174.676,629726.763,0,12218588.659000002,16792764.91,72.8,1,Y,2026-08-15T06:00:43.635Z
2020,junior-college,0000387,경기과학기술대학교,경기,사립,전문대학,2669958.3400000017,0,906180.983,0,3576139.3230000017,28527405.92,12.5,1,Y,2026-08-15T06:00:43.635Z
2020,junior-college,0000255,경민대학교,경기,사립,전문대학,-821872.5789999999,32488.096,741467.266,0,-47917.216999999946,28095777.34,-0.2,1,Y,2026-08-15T06:00:43.635Z
2020,junior-college,0000259,경복대학교,경기,사립,전문대학,7534178.82,15591836.16,1293244.296,0,24419259.276,39814871.25,61.3,1,Y,2026-08-15T06:00:43.635Z
2020,junior-college,0000264,계원예술대학교,경기,사립,전문대학,1813200.3589999992,4899532.565,385210.705,0,7097943.629,21632315.48,32.8,1,Y,2026-08-15T06:00:43.635Z
2020,junior-college,0000379,국제대학교,경기,사립,전문대학,3262268.870000001,3823380.449,199065.497,0,7284714.8160000015,23349828.5,31.2,1,Y,2026-08-15T06:00:43.635Z
2020,junior-college,0000277,김포대학교,경기,사립,전문대학,23719880.840000004,19444211.2,470713.693,0,43634805.73300001,19329800.44,225.7,1,Y,2026-08-15T06:00:43.635Z
2020,junior-college,0000278,농협대학교,경기,사립,전문대학,15757.814999999944,7722736.411,893970.1520000001,0,8632464.378,2223629.99,388.2,1,Y,2026-08-15T06:00:43.635Z
2020,junior-college,0000285,대림대학교,경기,사립,전문대학,8368033.739999998,44265498.57,1956766.1180000002,0,54590298.428,46935108.94,116.3,1,Y,2026-08-15T06:00:43.635Z
2020,junior-college,0000294,동남보건대학교,경기,사립,전문대학,10688112.86,8124049.703,246680.34999999998,0,19058842.913000003,30398537.02,62.7,1,Y,2026-08-15T06:00:43.635Z
2020,junior-college,0000287,동서울대학교,경기,사립,전문대학,3151371.869999999,9067152.304,1083097.0469999998,0,13301621.220999999,39730554.89,33.5,1,Y,2026-08-15T06:00:43.635Z
2020,junior-college,0000298,동아방송예술대학교,경기,사립,전문대학,943647.4900000002,1028430,136237.98100000003,1500,2109815.4710000004,22497397.95,9.4,1,Y,2026-08-15T06:00:43.635Z
2020,junior-college,0000302,동원대학교,경기,사립,전문대학,675172.051,5384340.299,162790.53,0,6222302.88,21072863.59,29.5,1,Y,2026-08-15T06:00:43.635Z
2020,junior-college,0000305,두원공과대학교,경기,사립,전문대학,33125455.195,47893639.08,8503.982000000076,0,81027598.257,25521817.76,317.5,1,Y,2026-08-15T06:00:43.635Z
2020,junior-college,0000316,부천대학교,경기,사립,전문대학,4005415.8200000003,25123846.69,2216214.626,0,31345477.136,48406532.45,64.8,1,Y,2026-08-15T06:00:43.635Z
2020,junior-college,0000323,서울예술대학교,경기,사립,전문대학,12269376.18,46825498.27,150496.918,0,59245371.368,25481841.53,232.5,1,Y,2026-08-15T06:00:43.635Z
2020,junior-college,0000392,서정대학교,경기,사립,전문대학,4969057.289999999,10681727.69,135356.32,0,15786141.299999999,34146550.37,46.2,1,Y,2026-08-15T06:00:43.635Z
2020,junior-college,0000330,수원과학대학교,경기,사립,전문대학,19846627.63,95849182.07,567951.0360000003,0,116263760.73599999,30060950.62,386.8,1,Y,2026-08-15T06:00:43.635Z
2020,junior-college,0000329,수원여자대학교,경기,사립,전문대학,13119256.42,32585000.64,567756.89,0,46272013.95,28205285.13,164.1,1,Y,2026-08-15T06:00:43.635Z
2020,junior-college,0000334,신구대학교,경기,사립,전문대학,4000874.1400000006,65914308.49,2322144.5160000003,0,72237327.146,43548144.41,165.9,1,Y,2026-08-15T06:00:43.635Z
2020,junior-college,0000339,신안산대학교,경기,사립,전문대학,1128333.176,3451284.566,507916.444,0,5087534.186000001,23781735,21.4,1,Y,2026-08-15T06:00:43.635Z
2020,junior-college,0000340,안산대학교,경기,사립,전문대학,862197.7020000005,65900779.3,505698.745,0,67268675.747,26951922.28,249.6,1,Y,2026-08-15T06:00:43.635Z
2020,junior-college,0000343,여주대학교,경기,사립,전문대학,1070883.629999999,5097342.858,386916.58199999994,10000,6565143.069999998,33312414.45,19.7,1,Y,2026-08-15T06:00:43.635Z
2020,junior-college,0000341,연성대학교,경기,사립,전문대학,5006740.6899999995,97822740.16,1296927.2370000002,0,104126408.087,37278856.75,279.3,1,Y,2026-08-15T06:00:43.635Z
2020,junior-college,0000350,오산대학교,경기,사립,전문대학,1331299.2699999996,64859091.54,1945254.3320000002,0,68135645.142,31273532.82,217.9,1,Y,2026-08-15T06:00:43.635Z
2020,junior-college,0000559,용인예술과학대학교,경기,사립,전문대학,1342557.3770000003,17994289.83,1080161.8649999998,0,20417009.071999997,25018055.38,81.6,1,Y,2026-08-15T06:00:43.635Z
2020,junior-college,0000394,웅지세무대학교,경기,사립,전문대학,1215657.2700000005,0,-4251.227,0,1211406.0430000005,6882544.36,17.6,1,Y,2026-08-15T06:00:43.635Z
2020,junior-college,0000355,유한대학교,경기,사립,전문대학,523726.9199999999,31003990,825229.782,0,32352946.702000003,27891501.8,116,1,Y,2026-08-15T06:00:43.635Z
2020,junior-college,0000358,장안대학교,경기,사립,전문대학,1458476.83,20940540.43,122161.76599999997,0,22521179.025999997,32777438.83,68.7,1,Y,2026-08-15T06:00:43.635Z
2020,junior-college,0000374,청강문화산업대학교,경기,사립,전문대학,3585073.25,40612389.74,836257.9720000001,0,45033720.962000005,25906045.02,173.8,1,Y,2026-08-15T06:00:43.635Z
2020,junior-college,0000391,한국관광대학교,경기,사립,전문대학,3623793.8600000003,63604856.53,47555.82399999999,0,67276206.214,11663896.1,576.8,1,Y,2026-08-15T06:00:43.635Z
2020,junior-college,0000251,거제대학교,경남,사립,전문대학,215512.446,1820549.062,380276.978,0,2416338.486,7051627.43,34.3,1,Y,2026-08-15T06:00:43.635Z
2020,junior-college,0000395,김해대학교,경남,사립,전문대학,84930.22999999998,0,65370.533,0,150300.76299999998,8381541.864,1.8,1,Y,2026-08-15T06:00:43.635Z
2020,junior-college,0000342,동원과학기술대학교,경남,사립,전문대학,1171781.495,32600000,579434.034,0,34351215.529,12770485.4,269,1,Y,2026-08-15T06:00:43.635Z
2020,junior-college,0000306,마산대학교,경남,사립,전문대학,1746036.17,113320225,609953.707,0,115676214.877,32281149.85,358.3,1,Y,2026-08-15T06:00:43.635Z
2020,junior-college,0000530,연암공과대학교,경남,사립,전문대학,5072486.868000001,1801605.784,263497.119,0,7137589.771000001,6320750.285,112.9,1,Y,2026-08-15T06:00:43.635Z
2020,junior-college,0000369,진주보건대학교,경남,사립,전문대학,1492854.965999999,100463796.4,64078.265,0,102020729.63100001,16644609.04,612.9,1,Y,2026-08-15T06:00:43.635Z
2020,junior-college,0000528,창원문성대학교,경남,사립,전문대학,128147.87900000066,52886678.34,2174251.2109999997,0,55189077.43000001,14222183.5,388,1,Y,2026-08-15T06:00:43.635Z
2020,junior-college,0000396,한국승강기대학교,경남,사립,전문대학,1285749.3229999999,3076717.901,211367.33800000002,10000,4583834.562,4325776.83,106,1,Y,2026-08-15T06:00:43.635Z
2020,junior-college,0000249,가톨릭상지대학교,경북,사립,전문대학,526294.5209999997,5620147.199,597789.036,0,6744230.756,10294550.74,65.5,1,Y,2026-08-15T06:00:43.635Z
2020,junior-college,0000293,경북과학대학교,경북,사립,전문대학,1057366.2759999996,0,138911.75,0,1196278.0259999996,9224031.68,13,1,Y,2026-08-15T06:00:43.635Z
2020,junior-college,0000523,경북보건대학교,경북,사립,전문대학,153200.44400000013,1462860.024,294776.582,0,1910837.05,6964537.04,27.4,1,Y,2026-08-15T06:00:43.635Z
2020,junior-college,0000258,경북전문대학교,경북,사립,전문대학,449357.3379999995,20798383.724,292283.358,0,21540024.419999998,16239752.16,132.6,1,Y,2026-08-15T06:00:43.635Z
2020,junior-college,0000268,구미대학교,경북,사립,전문대학,6997859.909,61815103.769999996,3887550.2480000006,1753613.231,74454127.15799999,29979189.9,248.4,1,Y,2026-08-15T06:00:43.635Z
2020,junior-college,0000279,대경대학교,경북,사립,전문대학,57814.34800000116,0,515452.43100000004,0,573266.7790000013,22467825.52,2.6,1,Y,2026-08-15T06:00:43.635Z
2020,junior-college,0000309,문경대학교,경북,사립,전문대학,564847.1379999998,1242731.011,201139.08199999994,0,2008717.2309999997,5051280.38,39.8,1,Y,2026-08-15T06:00:43.635Z
2020,junior-college,0000262,서라벌대학교,경북,사립,전문대학,1205525.0480000002,1525646.027,186749.04299999998,0,2917920.1180000002,3671001.394,79.5,1,Y,2026-08-15T06:00:43.635Z
2020,junior-college,0000380,선린대학교,경북,사립,전문대학,8038504.203999999,9782264.408,41875.721,0,17862644.333,13089288.71,136.5,1,Y,2026-08-15T06:00:43.635Z
2020,junior-college,0000547,성운대학교,경북,사립,전문대학,1368666.27,423957.59,160007.721,0,1952631.581,7656680.238,25.5,1,Y,2026-08-15T06:00:43.635Z
2020,junior-college,0000338,안동과학대학교,경북,사립,전문대학,1925848.8329999996,12976193.17,294181.315,0,15196223.317999998,14996500.93,101.3,1,Y,2026-08-15T06:00:43.635Z
2020,junior-college,0000257,영남외국어대학,경북,사립,전문대학,2526663.835,5084480.752,0,0,7611144.587,2789459,272.9,1,Y,2026-08-15T06:00:43.635Z
2020,junior-college,0000381,포항대학교,경북,사립,전문대학,192372.74699999997,71009.55799999999,501525.259,0,764907.564,10738954.7,7.1,1,Y,2026-08-15T06:00:43.635Z
2020,junior-college,0000522,호산대학교,경북,사립,전문대학,473683.35299999965,2275783.211,90013.563,0,2839480.127,10702880.43,26.5,1,Y,2026-08-15T06:00:43.635Z
2020,junior-college,0000267,광주보건대학교,광주,사립,전문대학,165468.78599999938,4054546.668,236092.29300000006,0,4456107.7469999995,18728789.86,23.8,1,Y,2026-08-15T06:00:43.635Z
2020,junior-college,0000273,기독간호대학교,광주,사립,전문대학,46989.278999999864,1976456.472,298921.62999999995,0,2322367.381,3190981.44,72.8,1,Y,2026-08-15T06:00:43.635Z
2020,junior-college,0000297,동강대학교,광주,사립,전문대학,428125.86199999973,1662868.228,110650.31200000003,0,2201644.402,15506970.82,14.2,1,Y,2026-08-15T06:00:43.635Z
2020,junior-college,0000320,서영대학교,광주,사립,전문대학,-207260.7530000005,0,492783.28,0,285522.52699999954,29037532.5,1,1,Y,2026-08-15T06:00:43.635Z
2020,junior-college,0000366,조선간호대학교,광주,사립,전문대학,126327.06900000013,7154110.71,33321.81,0,7313759.589,3888336.85,188.1,1,Y,2026-08-15T06:00:43.635Z
2020,junior-college,0000365,조선이공대학교,광주,사립,전문대학,1148558.0370000005,33194675.35,506242.1860000001,0,34849475.573,18007454,193.5,1,Y,2026-08-15T06:00:43.635Z
2020,junior-college,0000263,계명문화대학교,대구,사립,전문대학,1654420.222000001,43907607.66,349940.03300000005,0,45911967.915,28830680.07,159.2,1,Y,2026-08-15T06:00:43.635Z
2020,junior-college,0000280,대구공업대학교,대구,사립,전문대학,1254275.713,10412807.25,227933.843,0,11895016.806,9207963.216,129.2,1,Y,2026-08-15T06:00:43.635Z
2020,junior-college,0000283,대구과학대학교,대구,사립,전문대학,1568539.5199999996,5378382.513,376970.746,0,7323892.779,23397112.02,31.3,1,Y,2026-08-15T06:00:43.635Z
2020,junior-college,0000281,대구보건대학교,대구,사립,전문대학,6433663.060000002,1078613.429,1064117.846,0,8576394.335,42673860.6,20.1,1,Y,2026-08-15T06:00:43.635Z
2020,junior-college,0000282,수성대학교,대구,사립,전문대학,3174245.693,10250360.35,474783.438,0,13899389.480999999,19423832.11,71.6,1,Y,2026-08-15T06:00:43.635Z
2020,junior-college,0000346,영남이공대학교,대구,사립,전문대학,11055672.889999999,39481706.84,758386.9980000001,0,51295766.72800001,35560293.15,144.3,1,Y,2026-08-15T06:00:43.635Z
2020,junior-college,0000349,영진전문대학교,대구,사립,전문대학,3075249.1100000013,99368133.56,3851525.1330000004,3150,106298057.803,46209247.23,230,1,Y,2026-08-15T06:00:43.635Z
2020,junior-college,0000376,대덕대학교,대전,사립,전문대학,9287608.148,33321987.09,505394.4020000001,0,43114989.64,19889826.6,216.8,1,Y,2026-08-15T06:00:43.635Z
2020,junior-college,0000512,대전과학기술대학교,대전,사립,전문대학,933877.2669999991,6023818.396,313502.52499999997,0,7271198.187999999,25429911.9,28.6,1,Y,2026-08-15T06:00:43.635Z
2020,junior-college,0000288,대전보건대학교,대전,사립,전문대학,2464962.8600000013,53153047.6,1449250.8360000001,0,57067261.296000004,31671192.03,180.2,1,Y,2026-08-15T06:00:43.635Z
2020,junior-college,0000289,우송정보대학,대전,사립,전문대학,649757.7929999996,30831427.01,249771.57999999996,0,31730956.383,25331032.04,125.3,1,Y,2026-08-15T06:00:43.635Z
2020,junior-college,0000253,경남정보대학교,부산,사립,전문대학,2410342.0500000007,18620056.28,583411.1599999999,0,21613809.490000002,39068377.09,55.3,1,Y,2026-08-15T06:00:43.635Z
2020,junior-college,0000284,대동대학교,부산,사립,전문대학,135523.39899999974,5576691.492,4386.023000000001,0,5716600.913999999,8868995.3,64.5,1,Y,2026-08-15T06:00:43.635Z
2020,junior-college,0000303,동의과학대학교,부산,사립,전문대학,841346.711000001,4940911.58,1982731.296,0,7764989.587000001,30980065.01,25.1,1,Y,2026-08-15T06:00:43.635Z
2020,junior-college,0000304,동주대학교,부산,사립,전문대학,14045471.851999998,2886688.277,687147.462,0,17619307.591,17408801.66,101.2,1,Y,2026-08-15T06:00:43.635Z
2020,junior-college,0000313,부산경상대학교,부산,사립,전문대학,929991.4240000001,11611847.17,736857.1270000001,0,13278695.721,12778181.3,103.9,1,Y,2026-08-15T06:00:43.635Z
2020,junior-college,0000315,부산과학기술대학교,부산,사립,전문대학,524139.3339999998,2527557.585,855336.0109999999,0,3907032.9299999997,20609506.12,19,1,Y,2026-08-15T06:00:43.635Z
2020,junior-college,0000314,부산여자대학교,부산,사립,전문대학,4085996.448000001,35347830.86,343144.772,0,39776972.08,15641979.93,254.3,1,Y,2026-08-15T06:00:43.635Z
2020,junior-college,0000388,부산예술대학교,부산,사립,전문대학,314899.436,202549.917,3186.785,0,520636.138,3942769.411,13.2,1,Y,2026-08-15T06:00:43.635Z
2020,junior-college,0000300,동양미래대학교,서울,사립,전문대학,878650.8300000001,70564866.11,2194333.198,0,73637850.138,37454844.42,196.6,1,Y,2026-08-15T06:00:43.635Z
2020,junior-college,0000307,명지전문대학,서울,사립,전문대학,1414033.6499999985,41142635.4,350968.405,0,42907637.455,43138630.23,99.5,1,Y,2026-08-15T06:00:43.635Z
2020,junior-college,0000310,배화여자대학교,서울,사립,전문대학,330449.50299999956,26119507.401,230944.045,0,26680900.949,16160686.62,165.1,1,Y,2026-08-15T06:00:43.635Z
2020,junior-college,0000317,삼육보건대학교,서울,사립,전문대학,548039.0229999996,5635541.009,223018.639,0,6406598.671,7625867.22,84,1,Y,2026-08-15T06:00:43.635Z
2020,junior-college,0000321,서울여자간호대학교,서울,사립,전문대학,1242922.5020000003,2895660.645,256880.369,0,4395463.516000001,6050616.62,72.6,1,Y,2026-08-15T06:00:43.635Z
2020,junior-college,0000324,서일대학교,서울,사립,전문대학,10278210,32189162.205,435637.198,0,42903009.403,35510942.68,120.8,1,Y,2026-08-15T06:00:43.635Z
2020,junior-college,0000333,숭의여자대학교,서울,사립,전문대학,8635770.337,52580518.67,9809.337,0,61226098.344,19100508.3,320.5,1,Y,2026-08-15T06:00:43.635Z
2020,junior-college,0000356,인덕대학교,서울,사립,전문대학,4097697.129999999,4965035.227,490478.99800000014,165000,9718211.354999999,38861330.03,25,1,Y,2026-08-15T06:00:43.635Z
2020,junior-college,0000384,한양여자대학교,서울,사립,전문대학,6826336.030000001,67892554.5,2682584.1849999996,0,77401474.715,39607817.15,195.4,1,Y,2026-08-15T06:00:43.635Z
2020,junior-college,0000353,한국영상대학교,세종,사립,전문대학,1628552.4179999996,14471770.229,1230760.418,0,17331083.065,19451709.42,89.1,1,Y,2026-08-15T06:00:43.635Z
2020,junior-college,0000352,울산과학대학교,울산,사립,전문대학,5569413.049999999,16941642.43,4237215.228999999,0,26748270.708999995,34121006.11,78.4,1,Y,2026-08-15T06:00:43.635Z
2020,junior-college,0000375,춘해보건대학교,울산,사립,전문대학,276754.20999999996,12820655.03,386291.103,0,13483700.342999998,16553929.24,81.5,1,Y,2026-08-15T06:00:43.635Z
2020,junior-college,0000261,경인여자대학교,인천,사립,전문대학,1654969.7799999993,62317483.18,1000000.555,0,64972453.515,27915559.3,232.7,1,Y,2026-08-15T06:00:43.635Z
2020,junior-college,0000292,인천재능대학교,인천,사립,전문대학,3455074.59,10324582.81,909862.5700000001,0,14689519.97,21148060.71,69.5,1,Y,2026-08-15T06:00:43.635Z
2020,junior-college,0000357,인하공업전문대학,인천,사립,전문대학,630612.629999999,60447877.67,959871.939,0,62038362.239,43765823.53,141.8,1,Y,2026-08-15T06:00:43.635Z
2020,junior-college,0000272,고구려대학교,전남,사립,전문대학,-1388401.3709999998,1.983,45843.89500000002,0,-1342555.4929999998,7174212.65,-18.7,1,Y,2026-08-15T06:00:43.635Z
2020,junior-college,0000266,광양보건대학교,전남,사립,전문대학,0,0,38243.958,0,38243.958,0,,1,Y,2026-08-15T06:00:43.635Z
2020,junior-college,0000532,동아보건대학교,전남,사립,전문대학,522091.9260000002,3525623.437,44512.975,0,4092228.338,7224308.803,56.6,1,Y,2026-08-15T06:00:43.635Z
2020,junior-college,0000308,목포과학대학교,전남,사립,전문대학,2925548.131,3650811.87,286997.17000000004,0,6863357.171,11976817.29,57.3,1,Y,2026-08-15T06:00:43.635Z
2020,junior-college,0000331,순천제일대학교,전남,사립,전문대학,12823027.692,14924402.125,192216.2549999999,0,27939646.072,13349838.21,209.3,1,Y,2026-08-15T06:00:43.635Z
2020,junior-college,0000360,전남과학대학교,전남,사립,전문대학,2128367.2920000004,19154771.16,1430171.929,30000,22743310.381,19230416.64,118.3,1,Y,2026-08-15T06:00:43.635Z
2020,junior-college,0000332,청암대학교,전남,사립,전문대학,1213246.0360000003,2803856.771,535606.1650000002,0,4552708.972000001,14005609.43,32.5,1,Y,2026-08-15T06:00:43.635Z
2020,junior-college,0000546,한영대학교,전남,사립,전문대학,497146.23600000003,1591645.783,102785.385,0,2191577.404,7339894.81,29.9,1,Y,2026-08-15T06:00:43.635Z
2020,junior-college,0000250,군산간호대학교,전북,사립,전문대학,188244.90699999966,1559814.14,74335.323,0,1822394.3699999996,7269616.8,25.1,1,Y,2026-08-15T06:00:43.635Z
2020,junior-college,0000270,군장대학교,전북,사립,전문대학,814667.1149999998,0,140174.546,0,954841.6609999997,10526218.43,9.1,1,Y,2026-08-15T06:00:43.635Z
2020,junior-college,0000311,백제예술대학교,전북,사립,전문대학,45453.066999999806,3425287.895,1871.111,0,3472612.073,8477808.681,41,1,Y,2026-08-15T06:00:43.635Z
2020,junior-college,0000354,원광보건대학교,전북,사립,전문대학,4171111.1119999997,18674066.89,703658.288,0,23548836.29,27789923.51,84.7,1,Y,2026-08-15T06:00:43.635Z
2020,junior-college,0000362,전북과학대학교,전북,사립,전문대학,19446816.799000002,7746922.15,139889.68,0,27333628.629,8985306.254,304.2,1,Y,2026-08-15T06:00:43.635Z
2020,junior-college,0000274,전주기전대학,전북,사립,전문대학,1827154.0310000004,5881024.909,426817.18299999996,0,8134996.123000001,9719964.7,83.7,1,Y,2026-08-15T06:00:43.635Z
2020,junior-college,0000361,전주비전대학교,전북,사립,전문대학,12658321.539,3132060.786,1420751.088,0,17211133.413000003,21028919.67,81.8,1,Y,2026-08-15T06:00:43.635Z
2020,junior-college,0000363,제주관광대학교,제주,사립,전문대학,1452140.3740000003,1008034.506,299530.7599999999,0,2759705.64,9672087.454,28.5,1,Y,2026-08-15T06:00:43.635Z
2020,junior-college,0000382,제주한라대학교,제주,사립,전문대학,1024108.9600000009,2253894.338,376998.18500000006,0,3655001.483000001,27881216.89,13.1,1,Y,2026-08-15T06:00:43.635Z
2020,junior-college,0000373,백석문화대학교,충남,사립,전문대학,551545.879999999,37455193.18,1556443.894,0,39563182.954,35850978.09,110.4,1,Y,2026-08-15T06:00:43.635Z
2020,junior-college,0000335,신성대학교,충남,사립,전문대학,871017.5380000006,21240602.11,1301392.884,0,23413012.532,23737450.98,98.6,1,Y,2026-08-15T06:00:43.635Z
2020,junior-college,0000291,아주자동차대학,충남,사립,전문대학,445612.40399999963,5491296.607,389586.01900000003,0,6326495.03,5554066.15,113.9,1,Y,2026-08-15T06:00:43.635Z
2020,junior-college,0000529,연암대학교,충남,사립,전문대학,1412359.9070000001,331240.431,272415.983,0,2016016.321,6509065.368,31,1,Y,2026-08-15T06:00:43.635Z
2020,junior-college,0000386,혜전대학교,충남,사립,전문대학,862738.6059999997,39874149.8,191504.27499999997,0,40928392.680999994,15211433.76,269.1,1,Y,2026-08-15T06:00:43.635Z
2020,junior-college,0000271,강동대학교,충북,사립,전문대학,447861.36899999995,1126417.034,168730.19,0,1743008.5929999999,18757157.12,9.3,1,Y,2026-08-15T06:00:43.635Z
2020,junior-college,0000286,대원대학교,충북,사립,전문대학,43333.9729999993,13855884.51,951647.9020000002,0,14850866.385,13302337.71,111.6,1,Y,2026-08-15T06:00:43.635Z
2020,junior-college,0000367,충북보건과학대학교,충북,사립,전문대학,725285.1200000001,600000,641975.661,0,1967260.781,16315587.27,12.1,1,Y,2026-08-15T06:00:43.635Z
2020,junior-college,0000377,충청대학교,충북,사립,전문대학,1010179.7710000006,19524025.07,944761.6719999999,0,21478966.513,22503925.52,95.4,1,Y,2026-08-15T06:00:43.635Z
2021,university,0000513,가톨릭관동대학교,강원,사립,대학,3683163.2699999996,8260553.612,1825866.6350000002,0,13769583.516999999,53558853.22,25.7,1,Y,2026-08-15T06:00:43.635Z
2021,university,0000041,경동대학교,강원,사립,대학,33459171.82,7441148.508,592077.7549999999,0,41492398.083000004,58026991.95,71.5,4,Y,2026-08-15T06:00:43.635Z
2021,university,0000086,상지대학교,강원,사립,대학,-4476163.8500000015,1234310.054,2854957.133,0,-386896.6630000016,48952361.81,-0.8,1,Y,2026-08-15T06:00:43.635Z
2021,university,0000147,한라대학교,강원,사립,대학,944261.4010000005,0,747872.724,0,1692134.1250000005,21032898.18,8,1,Y,2026-08-15T06:00:43.635Z
2021,university,0000148,한림대학교,강원,사립,대학,6038192.719999999,53610167.95,17594180.45,0,77242541.12,62115202.4,124.4,1,Y,2026-08-15T06:00:43.635Z
2021,university,0000044,가천대학교,경기,사립,대학,5803059.209999993,74875388.45,11367403.619999997,0,92045851.28,174780398.9,52.7,1,Y,2026-08-15T06:00:43.635Z
2021,university,0000034,가톨릭대학교,경기,사립,대학,6730196.75,79125224.59,30407637.209999993,915742.4,117178800.95,83455502.01,140.4,3,Y,2026-08-15T06:00:43.635Z
2021,university,0000036,강남대학교,경기,사립,대학,1343068.5799999982,4393565.311000001,3292777.439,0,9029411.329999998,50948061.8,17.7,1,Y,2026-08-15T06:00:43.635Z
2021,university,0000039,경기대학교,경기,사립,대학,17831024.29,49281858.31,7479415.83,2517249.968,77109548.39799999,118445561,65.1,2,Y,2026-08-15T06:00:43.635Z
2021,university,0000060,단국대학교,경기,사립,대학,7873929.849999994,22246098.994,20846448.87,141436.7,51107914.414,220768583.3,23.1,2,Y,2026-08-15T06:00:43.635Z
2021,university,0000068,대진대학교,경기,사립,대학,5095129.8500000015,3413555.968,1211239.859,0,9719925.677000001,56297725.57,17.3,1,Y,2026-08-15T06:00:43.635Z
2021,university,0000078,루터대학교,경기,사립,대학,-850032.575,157690.627,106458.19699999999,0,-585883.7509999999,2249679.57,-26,1,Y,2026-08-15T06:00:43.635Z
2021,university,0000079,명지대학교,경기,사립,대학,-9175618.64,5454351.763,11616790.877,0,7895524,130744991.1,6,2,Y,2026-08-15T06:00:43.635Z
2021,university,0000090,서울신학대학교,경기,사립,대학,3508208.789,8732319.811,242952.832,0,12483481.432000002,19058498.88,65.5,1,Y,2026-08-15T06:00:43.635Z
2021,university,0000092,서울장신대학교,경기,사립,대학,533792.8359999997,717055.083,20313.593999999997,0,1271161.5129999998,5275664.162,24.1,1,Y,2026-08-15T06:00:43.635Z
2021,university,0000095,성결대학교,경기,사립,대학,1380891.3900000006,48340084.28,999074.015,0,50720049.685,37771061.29,134.3,1,Y,2026-08-15T06:00:43.635Z
2021,university,0000101,수원가톨릭대학교,경기,사립,대학,1432052.3730000001,28993454.54,0,0,30425506.913,1004211.168,3029.8,1,Y,2026-08-15T06:00:43.635Z
2021,university,0000102,수원대학교,경기,사립,대학,64963801.169999994,377163884.9,8186426.749,380,450314492.819,69449057.96,648.4,1,Y,2026-08-15T06:00:43.635Z
2021,university,0000178,신경대학교,경기,사립,대학,-5689351.698,0,8949.257000000001,0,-5680402.441,3322258.04,-171,1,Y,2026-08-15T06:00:43.635Z
2021,university,0000509,신한대학교,경기,사립,대학,2912023.0500000007,2457.48,0,0,2914480.5300000007,56970565.6,5.1,2,Y,2026-08-15T06:00:43.635Z
2021,university,0000558,아신대학교,경기,사립,대학,5387.381999999983,845895.195,18599.935,0,869882.512,6786724,12.8,1,Y,2026-08-15T06:00:43.635Z
2021,university,0000108,아주대학교,경기,사립,대학,19162092.909999996,90715526.7,23501580.369999997,2028323.615,135407523.595,121793617.5,111.2,1,Y,2026-08-15T06:00:43.635Z
2021,university,0000109,안양대학교,경기,사립,대학,2411549.5999999996,10685762.23,2877882.828,0,15975194.658,36000335.28,44.4,2,Y,2026-08-15T06:00:43.635Z
2021,university,0000115,용인대학교,경기,사립,대학,904223.8999999985,94836756.56,741704.2069999999,0,96482684.66700001,47741741,202.1,1,Y,2026-08-15T06:00:43.635Z
2021,university,0000130,중앙승가대학교,경기,사립,대학,808742.8060000001,1019202.466,-26215.97499999999,0,1801729.297,613317.02,293.8,1,Y,2026-08-15T06:00:43.635Z
2021,university,0000139,차의과학대학교,경기,사립,대학,16016807.34,31498234.91,3975156.4470000006,3009000,54499198.697,28092847.11,194,1,Y,2026-08-15T06:00:43.635Z
2021,university,0000136,칼빈대학교,경기,사립,대학,30218.947000000335,24946.765,0,0,55165.712000000334,6871470,0.8,1,Y,2026-08-15T06:00:43.635Z
2021,university,0000138,평택대학교,경기,사립,대학,1224862.9800000004,956147.523,457322.474,0,2638332.9770000004,28586328.14,9.2,1,Y,2026-08-15T06:00:43.635Z
2021,university,0000191,한국산업기술대학교,경기,사립,대학,6768953.16,11096520.64,8580363.795,7151.6,26452989.195,59244092.13,44.7,1,Y,2026-08-15T06:00:43.635Z
2021,university,0000144,한국항공대학교,경기,사립,대학,1290880.4899999984,6617532.563,7045883.881999999,4630683.682,19584980.617,37919033,51.6,1,Y,2026-08-15T06:00:43.635Z
2021,university,0000151,한세대학교,경기,사립,대학,1690931.4200000009,33996361.6,82268.29300000003,0,35769561.313,24384113.5,146.7,1,Y,2026-08-15T06:00:43.635Z
2021,university,0000152,한신대학교,경기,사립,대학,3738200.7399999984,30154393.55,454700.277,100000,34447294.567,38150696.4,90.3,1,Y,2026-08-15T06:00:43.635Z
2021,university,0000156,협성대학교,경기,사립,대학,770121.6899999995,8676974.264,455189.79300000006,0,9902285.747,30957556.74,32,1,Y,2026-08-15T06:00:43.635Z
2021,university,0000032,가야대학교,경남,사립,대학,1513472.17,23953714.28,192848.052,0,25660034.502000004,13875084.22,184.9,2,Y,2026-08-15T06:00:43.635Z
2021,university,0000040,경남대학교,경남,사립,대학,11588638.990000002,94653893.91,4585583.457,0,110828116.35700001,71705268.16,154.6,1,Y,2026-08-15T06:00:43.635Z
2021,university,0000167,부산장신대학교,경남,사립,대학,4182794.789,643917.263,0,0,4826712.052,2322735.89,207.8,1,Y,2026-08-15T06:00:43.635Z
2021,university,0000181,영산대학교,경남,사립,대학,0,0,0,0,0,0,,2,N,2026-08-15T06:00:43.635Z
2021,university,0000122,인제대학교,경남,사립,대학,39811769.13000001,22774273.92,14117459.11,0,76703502.16000001,69990354.8,109.6,2,Y,2026-08-15T06:00:43.635Z
2021,university,0000193,창신대학교,경남,사립,대학,1055614.517,13189054.83,26145.883,0,14270815.229999999,13130487.07,108.7,1,Y,2026-08-15T06:00:43.635Z
2021,university,0000174,한국국제대학교,경남,사립,대학,0,0,0,0,0,0,,1,N,2026-08-15T06:00:43.635Z
2021,university,0000188,경운대학교,경북,사립,대학,832526.0999999996,400022.786,1906514.514,0,3139063.3999999994,33302929.67,9.4,1,Y,2026-08-15T06:00:43.635Z
2021,university,0000045,경일대학교,경북,사립,대학,3356001.8100000024,11088479.75,6037252.55,0,20481734.110000003,47354127.13,43.3,1,Y,2026-08-15T06:00:43.635Z
2021,university,0000046,경주대학교,경북,사립,대학,-8210902.301000001,0,215912.22799999997,0,-7994990.073000001,5384468.2,-148.5,1,Y,2026-08-15T06:00:43.635Z
2021,university,0000185,김천대학교,경북,사립,대학,1124436.7239999995,0,42786.44699999993,0,1167223.1709999994,19705959.57,5.9,1,Y,2026-08-15T06:00:43.635Z
2021,university,0000063,대구가톨릭대학교,경북,사립,대학,5727235.090000004,70044234.3,3984177.785,0,79755647.175,86869071.28,91.8,1,Y,2026-08-15T06:00:43.635Z
2021,university,0000061,대구대학교,경북,사립,대학,8926680.849999994,107605148.664,3147997.95,4500,119684327.464,118503187.2,101,1,Y,2026-08-15T06:00:43.635Z
2021,university,0000062,대구예술대학교,경북,사립,대학,3945918.8160000006,4517894.443,119523.16100000001,0,8583336.42,6144824.91,139.7,1,Y,2026-08-15T06:00:43.635Z
2021,university,0000042,대구한의대학교,경북,사립,대학,4614104.170000002,6997223.103,4208665.301,0,15819992.574000001,47455640.78,33.3,1,Y,2026-08-15T06:00:43.635Z
2021,university,0000065,대신대학교,경북,사립,대학,836597.16,3084786.004,0,0,3921383.1640000003,3744076.82,104.7,1,Y,2026-08-15T06:00:43.635Z
2021,university,0000076,동양대학교,경북,사립,대학,-4778351.4399999995,0,909396.005,0,-3868955.4349999996,25013470.17,-15.5,2,Y,2026-08-15T06:00:43.635Z
2021,university,0000111,영남대학교,경북,사립,대학,11257152.909999996,144973657.5,20043618.35,635.16,176275063.92,167572540.2,105.2,1,Y,2026-08-15T06:00:43.635Z
2021,university,0000112,영남신학대학교,경북,사립,대학,302249.027,364348.1,0,0,666597.127,4250848.068,15.7,1,Y,2026-08-15T06:00:43.635Z
2021,university,0000119,위덕대학교,경북,사립,대학,640317.5150000006,2191764.787,424985.0220000001,100000,3357067.324000001,19737639.73,17,1,Y,2026-08-15T06:00:43.635Z
2021,university,0000140,포항공과대학교,경북,사립,대학,48253500.970000006,94873496.31,35584928.41,62396329.306,241108254.996,24810942.56,971.8,1,Y,2026-08-15T06:00:43.635Z
2021,university,0000146,한동대학교,경북,사립,대학,5221122.85,8320548.822,2872755.834,74304,16488731.505999997,31860695.4,51.8,1,Y,2026-08-15T06:00:43.635Z
2021,university,0000052,광신대학교,광주,사립,대학,247282.63399999996,32752.963,0,0,280035.59699999995,5570108.5,5,1,Y,2026-08-15T06:00:43.635Z
2021,university,0000176,광주대학교,광주,사립,대학,5887189.370000001,12959334.99,2632267.858,0,21478792.218,42366054.54,50.7,1,Y,2026-08-15T06:00:43.635Z
2021,university,0000055,광주여자대학교,광주,사립,대학,2235214.927,13657000,517734.583,0,16409949.510000002,24793298.38,66.2,1,Y,2026-08-15T06:00:43.635Z
2021,university,0000162,남부대학교,광주,사립,대학,8384182.620999999,11548655.98,438409.363,0,20371247.964,21619171.41,94.2,1,Y,2026-08-15T06:00:43.635Z
2021,university,0000187,송원대학교,광주,사립,대학,399205.09800000023,0,107268.91200000001,0,506474.01000000024,19044692.66,2.7,1,Y,2026-08-15T06:00:43.635Z
2021,university,0000127,조선대학교,광주,사립,대학,6793635.710000001,62961430.653000005,15204690.989999998,0,84959757.353,141067057.9,60.2,1,Y,2026-08-15T06:00:43.635Z
2021,university,0000157,호남대학교,광주,사립,대학,9776453.77,157598701.15,3074313.2350000003,0,170449468.15500003,48920991.56,348.4,1,Y,2026-08-15T06:00:43.635Z
2021,university,0000158,호남신학대학교,광주,사립,대학,1592200.922,1062709.822,0,0,2654910.744,4951412.78,53.6,1,Y,2026-08-15T06:00:43.635Z
2021,university,0000048,계명대학교,대구,사립,대학,11632750.549999997,238486313,14062334.330999998,270000,264451397.881,161862040.3,163.4,1,Y,2026-08-15T06:00:43.635Z
2021,university,0000067,대전대학교,대전,사립,대학,3854858.4700000025,23811242.38,3978051.257,0,31644152.107,65236653.05,48.5,1,Y,2026-08-15T06:00:43.635Z
2021,university,0000182,대전신학대학교,대전,사립,대학,-88623.147,0,0,0,-88623.147,863627,-10.3,1,Y,2026-08-15T06:00:43.635Z
2021,university,0000080,목원대학교,대전,사립,대학,1320196.9000000022,4197224.008,4888177.467,5000,10410598.375000004,53894593.89,19.3,1,Y,2026-08-15T06:00:43.635Z
2021,university,0000081,배재대학교,대전,사립,대학,1293654.5999999978,25909977.86,2951634.99,500,30155767.449999996,54731625.01,55.1,1,Y,2026-08-15T06:00:43.635Z
2021,university,0000184,우송대학교,대전,사립,대학,7218797.91,30088177.79,1170694.722,0,38477670.422000006,71804323.38,53.6,1,Y,2026-08-15T06:00:43.635Z
2021,university,0000120,을지대학교,대전,사립,대학,18242149.330000002,139754231,5634430.233,37090.24,163667900.80300003,41094866,398.3,3,Y,2026-08-15T06:00:43.635Z
2021,university,0000551,한국침례신학대학교,대전,사립,대학,357540.31300000055,25560034.16,0,0,25917574.473,10060580.78,257.6,1,Y,2026-08-15T06:00:43.635Z
2021,university,0000145,한남대학교,대전,사립,대학,5315868.080000002,8561249.118,3674842.2129999995,0,17551959.411000002,82363082.1,21.3,1,Y,2026-08-15T06:00:43.635Z
2021,university,0000043,경성대학교,부산,사립,대학,1842848,6558591.852,4061446.0050000004,0,12462885.857,80315656.62,15.5,1,Y,2026-08-15T06:00:43.635Z
2021,university,0000050,고신대학교,부산,사립,대학,-567348.379999999,3826676.939,726637.415,0,3985965.974000001,29207272.28,13.6,1,Y,2026-08-15T06:00:43.635Z
2021,university,0000180,동명대학교,부산,사립,대학,4187184.290000001,26753654.1,4653252.231000001,0,35594090.621,50316930,70.7,1,Y,2026-08-15T06:00:43.635Z
2021,university,0000073,동서대학교,부산,사립,대학,5004174.559999999,32947504.97,1109902.9589999998,0,39061582.489,62469484.36,62.5,1,Y,2026-08-15T06:00:43.635Z
2021,university,0000075,동아대학교,부산,사립,대학,6563035.010000005,44476482.86,14367347.41,0,65406865.28,137264203.3,47.7,1,Y,2026-08-15T06:00:43.635Z
2021,university,0000077,동의대학교,부산,사립,대학,1068989.2600000054,7687398.632,7525330.022,0,16281717.914000005,99916982.34,16.3,1,Y,2026-08-15T06:00:43.635Z
2021,university,0000082,부산가톨릭대학교,부산,사립,대학,1913731.6570000006,26164959.88,1920754.1169999999,681000,30680445.654,25353994.27,121,1,Y,2026-08-15T06:00:43.635Z
2021,university,0000083,부산외국어대학교,부산,사립,대학,3266224.0599999987,32151257.71,2526985.437,80000,38024467.206999995,45344863.76,83.9,1,Y,2026-08-15T06:00:43.635Z
2021,university,0000106,신라대학교,부산,사립,대학,2454837.879999999,8810921.07,1183102.834,0,12448861.784,53231199.56,23.4,1,Y,2026-08-15T06:00:43.635Z
2021,university,0000035,감리교신학대학교,서울,사립,대학,3454885.47,7388563.75,17818.914999999994,0,10861268.135,8667113.547,125.3,1,Y,2026-08-15T06:00:43.635Z
2021,university,0000037,건국대학교,서울,사립,대학,10228706.299999997,89050899.449,30173244.310000002,6990124.988,136442975.047,231870911.4,58.8,2,Y,2026-08-15T06:00:43.635Z
2021,university,0000047,경희대학교,서울,사립,대학,5787506.337000018,124759903.3,42974946.269999996,8627980,182150335.907,298100152.5,61.1,1,Y,2026-08-15T06:00:43.635Z
2021,university,0000049,고려대학교,서울,사립,대학,18991200.30299999,356408332.13,85438599.5,65659.71,460903791.64299995,356169041.5,129.4,2,Y,2026-08-15T06:00:43.635Z
2021,university,0000053,광운대학교,서울,사립,대학,3830921.969999999,22169059.75,12870264.027,32757,38903002.747,77572513.14,50.2,1,Y,2026-08-15T06:00:43.635Z
2021,university,0000056,국민대학교,서울,사립,대학,2239468.059999995,151356258.3,-11763779.519999998,27250876.33,169082823.17000002,153140979.4,110.4,1,Y,2026-08-15T06:00:43.635Z
2021,university,0000070,덕성여자대학교,서울,사립,대학,1896240.9799999986,69709750.50400001,3318815.92,0,74924807.40400001,40929856.73,183.1,1,Y,2026-08-15T06:00:43.635Z
2021,university,0000071,동국대학교,서울,사립,대학,20128378.340000004,89692436.81,29535715.19,1583850,140940380.34,209852665,67.2,2,Y,2026-08-15T06:00:43.635Z
2021,university,0000072,동덕여자대학교,서울,사립,대학,1339143.789999999,215713625.1,1330339.141,252705.894,218635813.92499998,52793245.88,414.1,1,Y,2026-08-15T06:00:43.635Z
2021,university,0000084,삼육대학교,서울,사립,대학,2585316.080000002,21914408.898,1968528.51,0,26468253.488,45872033.87,57.7,1,Y,2026-08-15T06:00:43.635Z
2021,university,0000085,상명대학교,서울,사립,대학,3624793.8900000006,29293317.93,9840109.491999999,0,42758221.312,105155704.1,40.7,2,Y,2026-08-15T06:00:43.635Z
2021,university,0000087,서강대학교,서울,사립,대학,2397672,47094949.69,7264182.329999998,222027.271,56978831.29099999,103109818.9,55.3,1,Y,2026-08-15T06:00:43.635Z
2021,university,0000088,서경대학교,서울,사립,대학,1693713.9799999967,20460996.55,1848465.802,0,24003176.332,49492884.4,48.5,1,Y,2026-08-15T06:00:43.635Z
2021,university,0000069,서울기독대학교,서울,사립,대학,-772953.5530000001,171053.221,40512.371999999996,0,-561387.9600000001,4002034.8,-14,1,Y,2026-08-15T06:00:43.635Z
2021,university,0000091,서울여자대학교,서울,사립,대학,642429.75,45920929.17,3431681.83,0,49995040.75,51737189.07,96.6,1,Y,2026-08-15T06:00:43.635Z
2021,university,0000539,서울한영대학교,서울,사립,대학,-765340.869,0,531.2,0,-764809.669,6042080.294,-12.7,1,Y,2026-08-15T06:00:43.635Z
2021,university,0000096,성공회대학교,서울,사립,대학,1157799.4629999995,2747305.624,1481866.006,0,5386971.092999999,16923159.57,31.8,1,Y,2026-08-15T06:00:43.635Z
2021,university,0000097,성균관대학교,서울,사립,대학,53755207.499999985,308104070.68,-26608489.699999988,19889167.5,355139955.98,279340542.1,127.1,1,Y,2026-08-15T06:00:43.635Z
2021,university,0000098,성신여자대학교,서울,사립,대학,6426584.6499999985,57003316.65,4943202.042,0,68373103.342,78771004.84,86.8,1,Y,2026-08-15T06:00:43.635Z
2021,university,0000100,세종대학교,서울,사립,대학,-516223.6799999997,92070517.2,12149688.079999998,45265,103749246.60000001,122744760.7,84.5,1,Y,2026-08-15T06:00:43.635Z
2021,university,0000103,숙명여자대학교,서울,사립,대학,2041920.8100000024,192172527.4,15070925.590000002,7346030.88,216631404.68,103149578,210,1,Y,2026-08-15T06:00:43.635Z
2021,university,0000105,숭실대학교,서울,사립,대학,19465374.795999996,102416738.016,11860656.36,0,133742769.172,134295241.4,99.6,1,Y,2026-08-15T06:00:43.635Z
2021,university,0000110,연세대학교,서울,사립,대학,37860910.70000002,609213899.29,52260240.00000003,10424125.775,709759175.765,399520843.4,177.7,2,Y,2026-08-15T06:00:43.635Z
2021,university,0000121,이화여자대학교,서울,사립,대학,10570446.939999998,629989983.6,36920965.599999994,810768.108,678292164.248,202851727.8,334.4,1,Y,2026-08-15T06:00:43.635Z
2021,university,0000125,장로회신학대학교,서울,사립,대학,567950.4239999996,37083819.44,0,0,37651769.864,15892865.65,236.9,1,Y,2026-08-15T06:00:43.635Z
2021,university,0000129,중앙대학교,서울,사립,대학,13990596.299999997,113070187.78299999,19737724.049999997,2005370,148803878.133,261684548.5,56.9,2,Y,2026-08-15T06:00:43.635Z
2021,university,0000133,총신대학교,서울,사립,대학,6092539.880000001,41524867.002000004,208727.124,0,47826134.006000005,24864896.47,192.3,1,Y,2026-08-15T06:00:43.635Z
2021,university,0000134,추계예술대학교,서울,사립,대학,278423.39499999955,152188.566,27297.799,0,457909.75999999954,11472039.96,4,1,Y,2026-08-15T06:00:43.635Z
2021,university,0000525,케이씨대학교,서울,사립,대학,758027.1169999996,2148021.948,163774.75400000002,0,3069823.8189999997,11516434.7,26.7,1,Y,2026-08-15T06:00:43.635Z
2021,university,0000142,한국성서대학교,서울,사립,대학,165647.66999999993,352147.311,20860.286,0,538655.2669999999,7977568,6.8,1,Y,2026-08-15T06:00:43.635Z
2021,university,0000143,한국외국어대학교,서울,사립,대학,2014780.142000001,12123924.3,5345695.420000002,1006300,20490699.862000003,146071399.3,14,1,Y,2026-08-15T06:00:43.635Z
2021,university,0000150,한성대학교,서울,사립,대학,4920256.43,12853896.69,4104706.0319999997,0,21878859.151999995,56035749.77,39,1,Y,2026-08-15T06:00:43.635Z
2021,university,0000153,한양대학교,서울,사립,대학,32308572.400000006,189718578.3,35104110.80000001,37375899,294507160.5,340529676.5,86.5,2,Y,2026-08-15T06:00:43.635Z
2021,university,0000160,홍익대학교,서울,사립,대학,25944103.599999994,729197041.8,10469588.546,0,765610733.946,192050506.8,398.7,2,Y,2026-08-15T06:00:43.635Z
2021,university,0000066,대전가톨릭대학교,세종,사립,대학,223154.49599999998,2432953.72,0,0,2656108.216,390280,680.6,1,Y,2026-08-15T06:00:43.635Z
2021,university,0000117,울산대학교,울산,사립,대학,24797647.310000002,56500672.279,20629589.180000003,0,101927908.76900001,99996293.76,101.9,1,Y,2026-08-15T06:00:43.635Z
2021,university,0000123,인천가톨릭대학교,인천,사립,대학,385818.2200000002,5129379.373,197234.01100000003,0,5712431.604,6407583.733,89.2,2,Y,2026-08-15T06:00:43.635Z
2021,university,0000124,인하대학교,인천,사립,대학,5860628.950000003,33323397.86,11497666.86,1019423.94,51701117.61,164777789.8,31.4,1,Y,2026-08-15T06:00:43.635Z
2021,university,0000054,광주가톨릭대학교,전남,사립,대학,184819.82200000001,19372248.64,0,0,19557068.462,0,,1,Y,2026-08-15T06:00:43.635Z
2021,university,0000074,동신대학교,전남,사립,대학,2500779.549999999,13045998.9,2384623.8479999998,1430270.748,19361673.046,42189038.26,45.9,1,Y,2026-08-15T06:00:43.635Z
2021,university,0000166,목포가톨릭대학교,전남,사립,대학,104761.15000000002,3834564.667,35953.436,0,3975279.253,3223930.666,123.3,1,Y,2026-08-15T06:00:43.635Z
2021,university,0000064,세한대학교,전남,사립,대학,2793147.749999999,26816493.123999998,1090458.7210000001,0,30700099.595,21391189.74,143.5,1,Y,2026-08-15T06:00:43.635Z
2021,university,0000114,영산선학대학교,전남,사립,대학,59953.324,0,0,0,59953.324,66000,90.8,1,Y,2026-08-15T06:00:43.635Z
2021,university,0000190,초당대학교,전남,사립,대학,1238617.0879999995,30883123.199,1072.377999999997,0,32122812.665,19451686.48,165.1,1,Y,2026-08-15T06:00:43.635Z
2021,university,0000186,한려대학교,전남,사립,대학,0,0,0,0,0,0,,1,N,2026-08-15T06:00:43.635Z
2021,university,0000173,예수대학교,전북,사립,대학,126374.152,0,79945.606,0,206319.758,3648491.28,5.7,1,Y,2026-08-15T06:00:43.635Z
2021,university,0000164,예원예술대학교,전북,사립,대학,152938.49399999995,0,9293.882000000005,0,162232.37599999996,14150006.66,1.1,2,Y,2026-08-15T06:00:43.635Z
2021,university,0000116,우석대학교,전북,사립,대학,5243920.689999998,6524525.85,4066297.7870000005,0,15834744.326999998,52968424.59,29.9,1,Y,2026-08-15T06:00:43.635Z
2021,university,0000118,원광대학교,전북,사립,대학,7933905.609999999,36366772.379999995,13613125.43,0,57913803.419999994,111212140.3,52.1,1,Y,2026-08-15T06:00:43.635Z
2021,university,0000126,전주대학교,전북,사립,대학,6845672.18,17961721.96,5543914.584,0,30351308.724,78951610.93,38.4,1,Y,2026-08-15T06:00:43.635Z
2021,university,0000155,한일장신대학교,전북,사립,대학,22630.185000000056,589528.229,179673.004,0,791831.4180000001,6674505.5,11.9,1,Y,2026-08-15T06:00:43.635Z
2021,university,0000223,호원대학교,전북,사립,대학,-850551.4099999983,1246187.988,190273.41199999998,0,585909.9900000016,34332687.14,1.7,1,Y,2026-08-15T06:00:43.635Z
2021,university,0000192,제주국제대학교,제주,사립,대학,1632043.5189999994,440968.367,264071.62399999995,0,2337083.5099999993,4719708,49.5,1,Y,2026-08-15T06:00:43.635Z
2021,university,0000038,건양대학교,충남,사립,대학,10189090.850000001,94271989.25,3228852.0369999995,0,107689932.137,49819864.97,216.2,2,Y,2026-08-15T06:00:43.635Z
2021,university,0000169,금강대학교,충남,사립,대학,1406658.4880000001,948131.011,559143.014,0,2913932.5130000003,1740630.333,167.4,1,Y,2026-08-15T06:00:43.635Z
2021,university,0000059,나사렛대학교,충남,사립,대학,1264749.3599999994,6307120.524,329966.303,0,7901836.187,34996623.33,22.6,1,Y,2026-08-15T06:00:43.635Z
2021,university,0000189,남서울대학교,충남,사립,대학,4910657.129999999,16359719.845,3899761.1039999994,0,25170138.079,74749665.45,33.7,1,Y,2026-08-15T06:00:43.635Z
2021,university,0000131,백석대학교,충남,사립,대학,660228.1999999955,97620143.55499999,1286280.098,1100000,100666651.853,108626617.7,92.7,1,Y,2026-08-15T06:00:43.635Z
2021,university,0000094,선문대학교,충남,사립,대학,2319359.8599999994,51971331.54,4098321.465,0,58389012.864999995,67866602.53,86,1,Y,2026-08-15T06:00:43.635Z
2021,university,0000104,순천향대학교,충남,사립,대학,3075910.289999999,56419417.557,9599230.75,84000,69178558.597,90775077.82,76.2,1,Y,2026-08-15T06:00:43.635Z
2021,university,0000128,중부대학교,충남,사립,대학,2332230.34,3696559.057,2618274.6959999995,0,8647064.092999998,60144789.57,14.4,1,Y,2026-08-15T06:00:43.635Z
2021,university,0000225,청운대학교,충남,사립,대학,2911630.76,7088697.463,1098364.105,0,11098692.328000002,40816747.05,27.2,1,Y,2026-08-15T06:00:43.635Z
2021,university,0000141,한국기술교육대학교,충남,사립,대학,6198662.460000001,6262223.894,9975221.5,0,22436107.854000002,19665324.76,114.1,1,Y,2026-08-15T06:00:43.635Z
2021,university,0000149,한서대학교,충남,사립,대학,4006774.620000001,2527754.728,3541349.875,0,10075879.223000001,53401061.11,18.9,1,Y,2026-08-15T06:00:43.635Z
2021,university,0000159,호서대학교,충남,사립,대학,7115241.259999998,54515345.67,17690665.57,69997.8,79391250.3,102453467.2,77.5,1,Y,2026-08-15T06:00:43.635Z
2021,university,0000557,가톨릭꽃동네대학교,충북,사립,대학,327948.82999999984,2948481.654,43950.295,0,3320380.779,3363339.417,98.7,1,Y,2026-08-15T06:00:43.635Z
2021,university,0000058,극동대학교,충북,사립,대학,843933.8710000003,2272787.403,312212.024,0,3428933.2980000004,24016228.74,14.3,1,Y,2026-08-15T06:00:43.635Z
2021,university,0000093,서원대학교,충북,사립,대학,2048382.7499999981,27531312.36,1770259.9529999997,0,31349955.063,42753194.05,73.3,1,Y,2026-08-15T06:00:43.635Z
2021,university,0000099,세명대학교,충북,사립,대학,2744483.91,120729758.1,8696133.704,0,132170375.71399999,48795935.79,270.9,1,Y,2026-08-15T06:00:43.635Z
2021,university,0000113,유원대학교,충북,사립,대학,4453564.877,0,323475.35899999994,0,4777040.2360000005,23076883.07,20.7,1,Y,2026-08-15T06:00:43.635Z
2021,university,0000183,중원대학교,충북,사립,대학,577034.6330000004,583479.592,1621269.071,0,2781783.296,25835486.83,10.8,1,Y,2026-08-15T06:00:43.635Z
2021,university,0000132,청주대학교,충북,사립,대학,7108734.740000002,240812042.3,1257365.176,0,249178142.21600002,86380543.54,288.5,1,Y,2026-08-15T06:00:43.635Z
2021,junior-college,0000347,강릉영동대학교,강원,사립,전문대학,1214651.8430000003,67903.885,81646.011,0,1364201.7390000003,14150543.07,9.6,1,Y,2026-08-15T06:00:43.635Z
2021,junior-college,0000378,강원관광대학교,강원,사립,전문대학,1853944.7429999998,0,0,0,1853944.7429999998,3040538.187,61,1,Y,2026-08-15T06:00:43.635Z
2021,junior-college,0000348,세경대학교,강원,사립,전문대학,3499768.9729999998,8669902.426,492031.27599999995,0,12661702.675,4684822.109,270.3,1,Y,2026-08-15T06:00:43.635Z
2021,junior-college,0000393,송곡대학교,강원,사립,전문대학,889983.746,6274.854,1461.388,0,897719.9880000001,3387677.567,26.5,1,Y,2026-08-15T06:00:43.635Z
2021,junior-college,0000390,송호대학교,강원,사립,전문대학,609459.0970000001,837119.859,96647.26499999998,0,1543226.2210000001,5022124.506,30.7,1,Y,2026-08-15T06:00:43.635Z
2021,junior-college,0000542,한국골프대학교,강원,사립,전문대학,-405642.954,50628.394,-30792.493000000002,0,-385807.0530000001,3088507.5,-12.5,1,Y,2026-08-15T06:00:43.635Z
2021,junior-college,0000383,한림성심대학교,강원,사립,전문대학,2226412.552,10007412.27,936727.3250000001,0,13170552.147,15553192.77,84.7,1,Y,2026-08-15T06:00:43.635Z
2021,junior-college,0000387,경기과학기술대학교,경기,사립,전문대학,2036209.540000001,0,879881.321,0,2916090.861000001,26396776.07,11,1,Y,2026-08-15T06:00:43.635Z
2021,junior-college,0000255,경민대학교,경기,사립,전문대학,-1397319.5319999997,33125.332,555489.87,0,-808704.3299999997,24412752.74,-3.3,1,Y,2026-08-15T06:00:43.635Z
2021,junior-college,0000259,경복대학교,경기,사립,전문대학,6856989.389999999,19734254.87,1186497.915,0,27777742.174999997,38127463.6,72.9,1,Y,2026-08-15T06:00:43.635Z
2021,junior-college,0000264,계원예술대학교,경기,사립,전문대학,1409826.8699999992,5023704.378,390288.904,0,6823820.151999999,20783700.46,32.8,1,Y,2026-08-15T06:00:43.635Z
2021,junior-college,0000379,국제대학교,경기,사립,전문대학,2730253.594999999,3405259.069,219299.255,0,6354811.918999999,19662731.79,32.3,1,Y,2026-08-15T06:00:43.635Z
2021,junior-college,0000277,김포대학교,경기,사립,전문대학,18397204.009999998,17630953.6,464170.329,0,36492327.939,15173716.84,240.5,1,Y,2026-08-15T06:00:43.635Z
2021,junior-college,0000278,농협대학교,경기,사립,전문대학,2430.246999999974,9408857.945,914852.076,0,10326140.268,2101306.667,491.4,1,Y,2026-08-15T06:00:43.635Z
2021,junior-college,0000285,대림대학교,경기,사립,전문대학,5178807.169999998,49754295.08,2150644.6360000004,0,57083746.886,46104936.82,123.8,1,Y,2026-08-15T06:00:43.635Z
2021,junior-college,0000294,동남보건대학교,경기,사립,전문대학,13821421.480000002,9950419.524,302583.696,0,24074424.7,29759868.92,80.9,1,Y,2026-08-15T06:00:43.635Z
2021,junior-college,0000287,동서울대학교,경기,사립,전문대학,3197025.370000001,10329746.25,986080.244,0,14512851.864,37098659.54,39.1,1,Y,2026-08-15T06:00:43.635Z
2021,junior-college,0000298,동아방송예술대학교,경기,사립,전문대학,1011757.0300000012,1028430,475088.63200000004,1500,2516775.6620000014,21792806.46,11.5,1,Y,2026-08-15T06:00:43.635Z
2021,junior-college,0000302,동원대학교,경기,사립,전문대학,612560.1529999999,5186065.424,104994.364,0,5903619.941,18305921.19,32.2,1,Y,2026-08-15T06:00:43.635Z
2021,junior-college,0000305,두원공과대학교,경기,사립,전문대학,29655756.628000002,40795092.69,53841.417000000016,0,70504690.735,19670022.8,358.4,1,Y,2026-08-15T06:00:43.635Z
2021,junior-college,0000316,부천대학교,경기,사립,전문대학,3263382.8099999987,29221326.53,2516445.3400000003,0,35001154.68,46673293.24,75,1,Y,2026-08-15T06:00:43.635Z
2021,junior-college,0000323,서울예술대학교,경기,사립,전문대학,12109047.389999999,47960543.63,152678.984,0,60222270.004,25303971.2,238,1,Y,2026-08-15T06:00:43.635Z
2021,junior-college,0000392,서정대학교,경기,사립,전문대학,5146252.25,12221133.13,142576.31900000002,0,17509961.699,38138589.34,45.9,1,Y,2026-08-15T06:00:43.635Z
2021,junior-college,0000330,수원과학대학교,경기,사립,전문대학,20887676.810000002,96421877.13,590690.0560000003,0,117900243.99599999,24356772.21,484.1,1,Y,2026-08-15T06:00:43.635Z
2021,junior-college,0000329,수원여자대학교,경기,사립,전문대학,11516000.620000001,32976043.41,538329.898,0,45030373.928,26084891.55,172.6,1,Y,2026-08-15T06:00:43.635Z
2021,junior-college,0000334,신구대학교,경기,사립,전문대학,4584524.98,68767016.824,2325384.0840000003,0,75676925.88800001,42180461.54,179.4,1,Y,2026-08-15T06:00:43.635Z
2021,junior-college,0000339,신안산대학교,경기,사립,전문대학,386545.9759999998,1340394.513,561045.151,0,2287985.6399999997,17941057.91,12.8,1,Y,2026-08-15T06:00:43.635Z
2021,junior-college,0000340,안산대학교,경기,사립,전문대학,1144725.5040000007,64662394.51,531160.067,0,66338280.081,24980253.8,265.6,1,Y,2026-08-15T06:00:43.635Z
2021,junior-college,0000343,여주대학교,경기,사립,전문대학,151407.49000000022,2813524.091,362169.8480000001,10000,3337101.4290000005,28241565.99,11.8,1,Y,2026-08-15T06:00:43.635Z
2021,junior-college,0000341,연성대학교,경기,사립,전문대학,7259018.230000002,98560931.03,1316117.165,0,107136066.42500001,36211014,295.9,1,Y,2026-08-15T06:00:43.635Z
2021,junior-college,0000350,오산대학교,경기,사립,전문대학,725545.300999999,64227104.32,1658861.79,0,66611511.411,27893703.13,238.8,1,Y,2026-08-15T06:00:43.635Z
2021,junior-college,0000559,용인예술과학대학교,경기,사립,전문대학,1580623.8950000005,14181524.56,1189317.7980000002,0,16951466.253000002,21681201.35,78.2,1,Y,2026-08-15T06:00:43.635Z
2021,junior-college,0000394,웅지세무대학교,경기,사립,전문대학,257707.67400000058,0,-2359.464,0,255348.21000000057,5469086.4,4.7,1,Y,2026-08-15T06:00:43.635Z
2021,junior-college,0000355,유한대학교,경기,사립,전문대학,1269280.5999999996,31576962.41,656305.287,0,33502548.297,26384328.68,127,1,Y,2026-08-15T06:00:43.635Z
2021,junior-college,0000358,장안대학교,경기,사립,전문대학,-219026.7770000007,20118836.32,101290.98999999999,0,20001100.532999996,25593983.13,78.1,1,Y,2026-08-15T06:00:43.635Z
2021,junior-college,0000374,청강문화산업대학교,경기,사립,전문대학,2680397.75,43094337.56,1009288.6270000001,0,46784023.937,23834166.38,196.3,1,Y,2026-08-15T06:00:43.635Z
2021,junior-college,0000391,한국관광대학교,경기,사립,전문대학,1807152.9159999997,63474242.69,6834.8319999999985,0,65288230.438,10241256.68,637.5,1,Y,2026-08-15T06:00:43.635Z
2021,junior-college,0000251,거제대학교,경남,사립,전문대학,291237.78099999996,1839028.371,1238535.0659999999,0,3368801.2179999994,6411214,52.5,1,Y,2026-08-15T06:00:43.635Z
2021,junior-college,0000395,김해대학교,경남,사립,전문대학,86637.25999999978,570000,18064.11,0,674701.3699999998,8327201.33,8.1,1,Y,2026-08-15T06:00:43.635Z
2021,junior-college,0000342,동원과학기술대학교,경남,사립,전문대학,410564.8799999999,35100000,725931.9450000001,0,36236496.825,12994007.26,278.9,1,Y,2026-08-15T06:00:43.635Z
2021,junior-college,0000306,마산대학교,경남,사립,전문대학,1714290.4200000009,91568734.04,348364.711,0,93631389.171,31705673.39,295.3,1,Y,2026-08-15T06:00:43.635Z
2021,junior-college,0000530,연암공과대학교,경남,사립,전문대학,3760714.172,1827744.359,352298.333,0,5940756.863999999,6282245.484,94.6,1,Y,2026-08-15T06:00:43.635Z
2021,junior-college,0000369,진주보건대학교,경남,사립,전문대학,887401.7960000001,102574636.5,64321.571,0,103526359.867,15764275.15,656.7,1,Y,2026-08-15T06:00:43.635Z
2021,junior-college,0000528,창원문성대학교,경남,사립,전문대학,658861.415,44990357.46,2204746.526,0,47853965.401,11329319,422.4,1,Y,2026-08-15T06:00:43.635Z
2021,junior-college,0000396,한국승강기대학교,경남,사립,전문대학,727678.335,1546259.111,240371.21600000001,10000,2524308.662,4062882.53,62.1,1,Y,2026-08-15T06:00:43.635Z
2021,junior-college,0000249,가톨릭상지대학교,경북,사립,전문대학,500600.7410000004,5793388.196,472658.89900000003,0,6766647.836000001,10434580.18,64.8,1,Y,2026-08-15T06:00:43.635Z
2021,junior-college,0000293,경북과학대학교,경북,사립,전문대학,1268708.929,0,128270.065,0,1396978.994,10142478.49,13.8,1,Y,2026-08-15T06:00:43.635Z
2021,junior-college,0000523,경북보건대학교,경북,사립,전문대학,-68188.77400000021,551557.503,216433.845,0,699802.5739999998,6899294.69,10.1,1,Y,2026-08-15T06:00:43.635Z
2021,junior-college,0000258,경북전문대학교,경북,사립,전문대학,65034.53500000015,21338451.196000002,415318.87700000004,0,21818804.608000003,15664903.86,139.3,1,Y,2026-08-15T06:00:43.635Z
2021,junior-college,0000268,구미대학교,경북,사립,전문대학,6890778.467999999,66216367.58,4374794.910999999,1753613.231,79235554.19,30216055.06,262.2,1,Y,2026-08-15T06:00:43.635Z
2021,junior-college,0000279,대경대학교,경북,사립,전문대학,358843.0290000001,0,339814.252,0,698657.2810000001,22758618.93,3.1,1,Y,2026-08-15T06:00:43.635Z
2021,junior-college,0000309,문경대학교,경북,사립,전문대학,496716.52,1236056.751,176435.21399999992,0,1909208.4849999999,4856531.047,39.3,1,Y,2026-08-15T06:00:43.635Z
2021,junior-college,0000262,서라벌대학교,경북,사립,전문대학,854831.6309999998,1219796.608,222768.328,0,2297396.567,3516900.608,65.3,1,Y,2026-08-15T06:00:43.635Z
2021,junior-college,0000380,선린대학교,경북,사립,전문대학,6636947.084000001,9783219.072,67415.521,0,16487581.677000001,12148282.95,135.7,1,Y,2026-08-15T06:00:43.635Z
2021,junior-college,0000547,성운대학교,경북,사립,전문대학,870097.8799999999,664896.249,168100.816,0,1703094.9449999998,7206897.3,23.6,1,Y,2026-08-15T06:00:43.635Z
2021,junior-college,0000338,안동과학대학교,경북,사립,전문대학,1049093.7700000005,12413807.76,157705.06300000002,0,13620606.593,13551099.9,100.5,1,Y,2026-08-15T06:00:43.635Z
2021,junior-college,0000257,영남외국어대학,경북,사립,전문대학,2824954.625,5133952.227,0,0,7958906.852,2508940,317.2,1,Y,2026-08-15T06:00:43.635Z
2021,junior-college,0000381,포항대학교,경북,사립,전문대학,356847.0750000002,222900,538828.394,0,1118575.469,9755487.682,11.5,1,Y,2026-08-15T06:00:43.635Z
2021,junior-college,0000522,호산대학교,경북,사립,전문대학,620414.8119999999,1691017.671,165775.57499999998,0,2477208.058,10598285.96,23.4,1,Y,2026-08-15T06:00:43.635Z
2021,junior-college,0000267,광주보건대학교,광주,사립,전문대학,373123.1610000003,4468100.786,295158.288,0,5136382.235,18480198.15,27.8,1,Y,2026-08-15T06:00:43.635Z
2021,junior-college,0000273,기독간호대학교,광주,사립,전문대학,100143.46499999985,2168730.625,117006.52799999999,0,2385880.618,3148673.15,75.8,1,Y,2026-08-15T06:00:43.635Z
2021,junior-college,0000297,동강대학교,광주,사립,전문대학,214888.83100000024,1330931.054,184416.468,0,1730236.3530000001,13312522.41,13,1,Y,2026-08-15T06:00:43.635Z
2021,junior-college,0000320,서영대학교,광주,사립,전문대학,-147848.63599999994,0,482298.26399999997,0,334449.628,27795172.69,1.2,1,Y,2026-08-15T06:00:43.635Z
2021,junior-college,0000366,조선간호대학교,광주,사립,전문대학,132404.392,6554521.33,32508.833,0,6719434.555,3755315.6,178.9,1,Y,2026-08-15T06:00:43.635Z
2021,junior-college,0000365,조선이공대학교,광주,사립,전문대학,1157846.6709999992,33142758.85,588519.3319999999,0,34889124.853,16134872.29,216.2,1,Y,2026-08-15T06:00:43.635Z
2021,junior-college,0000263,계명문화대학교,대구,사립,전문대학,1915750.356999999,44890025.79,852215.4450000001,0,47657991.592,27123381.49,175.7,1,Y,2026-08-15T06:00:43.635Z
2021,junior-college,0000280,대구공업대학교,대구,사립,전문대학,585899.9449999998,10088906.25,238998.112,30000,10943804.307,9763538.81,112.1,1,Y,2026-08-15T06:00:43.635Z
2021,junior-college,0000283,대구과학대학교,대구,사립,전문대학,1375890.3149999995,5898464.996,613398.6460000001,0,7887753.9569999995,22984445.16,34.3,1,Y,2026-08-15T06:00:43.635Z
2021,junior-college,0000281,대구보건대학교,대구,사립,전문대학,2539265.629999999,1165395.259,1317043.068,0,5021703.956999999,40907264.07,12.3,1,Y,2026-08-15T06:00:43.635Z
2021,junior-college,0000282,수성대학교,대구,사립,전문대학,1910280.9859999996,12233381.03,594832.412,0,14738494.428,18583381.35,79.3,1,Y,2026-08-15T06:00:43.635Z
2021,junior-college,0000346,영남이공대학교,대구,사립,전문대학,9629208.160000002,41991706.84,990041.1660000001,0,52610956.16600001,31605299.82,166.5,1,Y,2026-08-15T06:00:43.635Z
2021,junior-college,0000349,영진전문대학교,대구,사립,전문대학,2758898.200000001,93745814.19,3169632.222,6363,99680707.612,41195269.08,242,1,Y,2026-08-15T06:00:43.635Z
2021,junior-college,0000376,대덕대학교,대전,사립,전문대학,5662344.351,28663095.36,604087.071,0,34929526.782,15099046.65,231.3,1,Y,2026-08-15T06:00:43.635Z
2021,junior-college,0000512,대전과학기술대학교,대전,사립,전문대학,838418.3339999998,5659890.85,604123.018,0,7102432.202,23487133.99,30.2,1,Y,2026-08-15T06:00:43.635Z
2021,junior-college,0000288,대전보건대학교,대전,사립,전문대학,2751285.874,48948436.24,1550914.766,0,53250636.88,28775340.17,185.1,1,Y,2026-08-15T06:00:43.635Z
2021,junior-college,0000289,우송정보대학,대전,사립,전문대학,615637.5769999996,30142944.92,448722.502,0,31207304.999,21376294.33,146,1,Y,2026-08-15T06:00:43.635Z
2021,junior-college,0000253,경남정보대학교,부산,사립,전문대학,2716606.6730000004,18554158.77,-157090.27799999993,0,21113675.165,35186517.24,60,1,Y,2026-08-15T06:00:43.635Z
2021,junior-college,0000284,대동대학교,부산,사립,전문대학,83519.13100000005,5404963.797,106715.515,0,5595198.443,8606207.65,65,1,Y,2026-08-15T06:00:43.635Z
2021,junior-college,0000303,동의과학대학교,부산,사립,전문대학,1084730.6239999998,5319898.534,1680055.417,0,8084684.574999999,25741654.84,31.4,1,Y,2026-08-15T06:00:43.635Z
2021,junior-college,0000304,동주대학교,부산,사립,전문대학,9698107.057,2915419.645,452080.39300000004,0,13065607.094999999,15599537.19,83.8,1,Y,2026-08-15T06:00:43.635Z
2021,junior-college,0000313,부산경상대학교,부산,사립,전문대학,998085.6830000002,11740453.48,1103800.639,0,13842339.802000001,12990645.8,106.6,1,Y,2026-08-15T06:00:43.635Z
2021,junior-college,0000315,부산과학기술대학교,부산,사립,전문대학,586873.4129999997,2366539.958,886334.659,0,3839748.03,18242358.89,21,1,Y,2026-08-15T06:00:43.635Z
2021,junior-college,0000314,부산여자대학교,부산,사립,전문대학,3971417.2709999997,35494802.44,317964.441,0,39784184.151999995,14201572.67,280.1,1,Y,2026-08-15T06:00:43.635Z
2021,junior-college,0000388,부산예술대학교,부산,사립,전문대학,102357.223,0,14801.414,0,117158.637,3789033.297,3.1,1,Y,2026-08-15T06:00:43.635Z
2021,junior-college,0000300,동양미래대학교,서울,사립,전문대학,1757814.3000000007,72965192.58,1112103.677,1500000,77335110.557,37297868.25,207.3,1,Y,2026-08-15T06:00:43.635Z
2021,junior-college,0000307,명지전문대학,서울,사립,전문대학,1498682.169999998,35370936.49,318647.304,0,37188265.963999994,41030208.64,90.6,1,Y,2026-08-15T06:00:43.635Z
2021,junior-college,0000310,배화여자대학교,서울,사립,전문대학,929179.0499999998,21101380.721,329724.26499999996,0,22360284.036000002,15201461.97,147.1,1,Y,2026-08-15T06:00:43.635Z
2021,junior-college,0000317,삼육보건대학교,서울,사립,전문대학,705048.5140000004,5490338.68,51846.357,0,6247233.551,7568477.09,82.5,1,Y,2026-08-15T06:00:43.635Z
2021,junior-college,0000321,서울여자간호대학교,서울,사립,전문대학,1197551.344,3065184.263,246504.395,0,4509240.001999999,5886055.725,76.6,1,Y,2026-08-15T06:00:43.635Z
2021,junior-college,0000324,서일대학교,서울,사립,전문대학,32399143.919999998,19066269.779999997,574880.256,0,52040293.95599999,33131512.79,157.1,1,Y,2026-08-15T06:00:43.635Z
2021,junior-college,0000333,숭의여자대학교,서울,사립,전문대학,9207676.307999998,53764460.73,4476.36,0,62976613.397999994,18405815.6,342.2,1,Y,2026-08-15T06:00:43.635Z
2021,junior-college,0000356,인덕대학교,서울,사립,전문대학,4627282.660000002,5280935.951,603303.5319999999,175080,10686602.143000001,36917675.45,28.9,1,Y,2026-08-15T06:00:43.635Z
2021,junior-college,0000384,한양여자대학교,서울,사립,전문대학,6782829.6499999985,72082432.05,1369368.915,0,80234630.615,38941552.6,206,1,Y,2026-08-15T06:00:43.635Z
2021,junior-college,0000353,한국영상대학교,세종,사립,전문대학,1697532.8059999999,15300400.908,1259966.304,0,18257900.018000003,17950886.47,101.7,1,Y,2026-08-15T06:00:43.635Z
2021,junior-college,0000352,울산과학대학교,울산,사립,전문대학,5226636.09,17192852.59,3230934.066,0,25650422.746,33145747.52,77.4,1,Y,2026-08-15T06:00:43.635Z
2021,junior-college,0000375,춘해보건대학교,울산,사립,전문대학,220503.858,13710335.49,383905.719,0,14314745.067000002,16179898.04,88.5,1,Y,2026-08-15T06:00:43.635Z
2021,junior-college,0000261,경인여자대학교,인천,사립,전문대학,1351747.0999999996,63042715.7,1005315.974,0,65399778.774000004,26824177.24,243.8,1,Y,2026-08-15T06:00:43.635Z
2021,junior-college,0000292,인천재능대학교,인천,사립,전문대학,2738339.1630000006,31482620.67,1440870.534,0,35661830.367000006,19419746.25,183.6,1,Y,2026-08-15T06:00:43.635Z
2021,junior-college,0000357,인하공업전문대학,인천,사립,전문대학,621218.3099999987,61350269.33,1062688.344,0,63034175.984,42914204.76,146.9,1,Y,2026-08-15T06:00:43.635Z
2021,junior-college,0000272,고구려대학교,전남,사립,전문대학,-2042498.2360000005,1.983,33111.984999999986,0,-2009384.2680000006,6237816.3,-32.2,1,Y,2026-08-15T06:00:43.635Z
2021,junior-college,0000266,광양보건대학교,전남,사립,전문대학,0,0,37065.557,0,37065.557,0,,1,Y,2026-08-15T06:00:43.635Z
2021,junior-college,0000532,동아보건대학교,전남,사립,전문대학,612442.1630000002,3032432.129,53574.022000000004,0,3698448.3140000002,6813872.984,54.3,1,Y,2026-08-15T06:00:43.635Z
2021,junior-college,0000308,목포과학대학교,전남,사립,전문대학,3708033.228,4272871.923,195349.16800000006,0,8176254.319,12231969.41,66.8,1,Y,2026-08-15T06:00:43.635Z
2021,junior-college,0000331,순천제일대학교,전남,사립,전문대학,13606643.373000002,16307572.682,318384.934,0,30232600.989,13425175.22,225.2,1,Y,2026-08-15T06:00:43.635Z
2021,junior-college,0000360,전남과학대학교,전남,사립,전문대학,2838294.4069999997,19617872.88,1406309.979,40000,23902477.266,17529518.36,136.4,1,Y,2026-08-15T06:00:43.635Z
2021,junior-college,0000332,청암대학교,전남,사립,전문대학,371674.33199999994,2370340.343,659420.4590000001,0,3401435.134,12821278.27,26.5,1,Y,2026-08-15T06:00:43.635Z
2021,junior-college,0000546,한영대학교,전남,사립,전문대학,984276.125,1607543.538,391779.323,0,2983598.9859999996,7266403.8,41.1,1,Y,2026-08-15T06:00:43.635Z
2021,junior-college,0000250,군산간호대학교,전북,사립,전문대학,476634.28099999996,1890950.4,78237.673,0,2445822.354,7306771,33.5,1,Y,2026-08-15T06:00:43.635Z
2021,junior-college,0000270,군장대학교,전북,사립,전문대학,1211667.3169999998,0,52552.12700000001,0,1264219.444,10403688.93,12.2,1,Y,2026-08-15T06:00:43.635Z
2021,junior-college,0000311,백제예술대학교,전북,사립,전문대학,48907.8740000003,2722151.716,1243.398,0,2772302.9880000004,7963098.648,34.8,1,Y,2026-08-15T06:00:43.635Z
2021,junior-college,0000354,원광보건대학교,전북,사립,전문대학,5669159.253999999,19462480.89,1030236.1379999999,0,26161876.282,26893669.59,97.3,1,Y,2026-08-15T06:00:43.635Z
2021,junior-college,0000362,전북과학대학교,전북,사립,전문대학,20061327.988,8609265.34,115508.31999999999,0,28786101.648000002,9142922.161,314.8,1,Y,2026-08-15T06:00:43.635Z
2021,junior-college,0000274,전주기전대학,전북,사립,전문대학,1116438.1559999995,5333111.413,509152.22300000006,0,6958701.791999999,9091345.54,76.5,1,Y,2026-08-15T06:00:43.635Z
2021,junior-college,0000361,전주비전대학교,전북,사립,전문대학,11404826.301,2854309.744,1469840.402,0,15728976.447000002,20838976.35,75.5,1,Y,2026-08-15T06:00:43.635Z
2021,junior-college,0000363,제주관광대학교,제주,사립,전문대학,859768.926,105958.366,300560.619,0,1266287.911,8422067.918,15,1,Y,2026-08-15T06:00:43.635Z
2021,junior-college,0000382,제주한라대학교,제주,사립,전문대학,1868835.5200000014,4439464.215,335533.5310000002,0,6643833.266000002,25722216.69,25.8,1,Y,2026-08-15T06:00:43.635Z
2021,junior-college,0000373,백석문화대학교,충남,사립,전문대학,536243.370000001,37611030.43,973645.077,0,39120918.877,30719443.22,127.3,1,Y,2026-08-15T06:00:43.635Z
2021,junior-college,0000335,신성대학교,충남,사립,전문대학,2916900.4800000004,19121982.11,1449076.3669999999,0,23487958.957,20991106.01,111.9,1,Y,2026-08-15T06:00:43.635Z
2021,junior-college,0000291,아주자동차대학,충남,사립,전문대학,256063.6000000001,5518815.607,527231.745,0,6302110.9520000005,5063099.9,124.5,1,Y,2026-08-15T06:00:43.635Z
2021,junior-college,0000529,연암대학교,충남,사립,전문대학,1276400.415,334142.649,127384.106,0,1737927.17,6343488.92,27.4,1,Y,2026-08-15T06:00:43.635Z
2021,junior-college,0000386,혜전대학교,충남,사립,전문대학,658439.1680000005,37890741,214296.08900000004,0,38763476.257,14313402.99,270.8,1,Y,2026-08-15T06:00:43.635Z
2021,junior-college,0000271,강동대학교,충북,사립,전문대학,1113332.392,35542.199,311707.145,0,1460581.736,17312277.28,8.4,1,Y,2026-08-15T06:00:43.635Z
2021,junior-college,0000286,대원대학교,충북,사립,전문대학,158579.65899999999,12878396.2,1394217.451,0,14431193.309999999,12459784.48,115.8,1,Y,2026-08-15T06:00:43.635Z
2021,junior-college,0000367,충북보건과학대학교,충북,사립,전문대학,557029.3429999999,848398.9,794444.8759999999,0,2199873.119,15243524.29,14.4,1,Y,2026-08-15T06:00:43.635Z
2021,junior-college,0000377,충청대학교,충북,사립,전문대학,915388.8440000005,16641592.71,955911.2289999999,0,18512892.783,19936165.74,92.9,1,Y,2026-08-15T06:00:43.635Z
2022,university,0000513,가톨릭관동대학교,강원,사립,대학,4465583.98,11056484.1,1840383.892,0,17362451.972,50348376.51,34.5,1,Y,2026-08-15T06:00:43.635Z
2022,university,0000041,경동대학교,강원,사립,대학,22606500.94,17080503.85,721435.5900000001,0,40408440.38000001,56598764.83,71.4,4,Y,2026-08-15T06:00:43.635Z
2022,university,0000086,상지대학교,강원,사립,대학,-44319.900000002235,1281969.054,2645397.905,2777.894,3885824.9529999974,45994771.45,8.4,1,Y,2026-08-15T06:00:43.635Z
2022,university,0000147,한라대학교,강원,사립,대학,1135012.4969999995,0,847519.9,0,1982532.3969999994,19393196.75,10.2,1,Y,2026-08-15T06:00:43.635Z
2022,university,0000148,한림대학교,강원,사립,대학,5296476.609999999,54217447.26,19468957.91,0,78982881.78,60498024.7,130.6,1,Y,2026-08-15T06:00:43.635Z
2022,university,0000044,가천대학교,경기,사립,대학,150148.09000000358,76889985.4,11693183.419999994,0,88733316.91,177138412.8,50.1,1,Y,2026-08-15T06:00:43.635Z
2022,university,0000034,가톨릭대학교,경기,사립,대학,14655761.260000005,65080126.08,34837121.91,925742.4,115498751.65,85846754.65,134.5,3,Y,2026-08-15T06:00:43.635Z
2022,university,0000036,강남대학교,경기,사립,대학,2883486.4400000013,2702295.629,3243288.565,0,8829070.634000001,49592934.96,17.8,1,Y,2026-08-15T06:00:43.635Z
2022,university,0000039,경기대학교,경기,사립,대학,22174328.79,50126956.61,6824249.458000001,1984583.114,81110117.972,115768066,70.1,2,Y,2026-08-15T06:00:43.635Z
2022,university,0000060,단국대학교,경기,사립,대학,5535616.769999996,26775081.39,22012133.099999998,137402.7,54460233.95999999,220425179.9,24.7,2,Y,2026-08-15T06:00:43.635Z
2022,university,0000068,대진대학교,경기,사립,대학,5101612.8500000015,2946753.448,923582.4749999999,0,8971948.773000002,56937369.33,15.8,1,Y,2026-08-15T06:00:43.635Z
2022,university,0000078,루터대학교,경기,사립,대학,-250572.74,159057.365,102651.97099999999,0,11136.59599999999,2339874.8,0.5,1,Y,2026-08-15T06:00:43.635Z
2022,university,0000079,명지대학교,경기,사립,대학,-8442655.04,6193230.25,14693245.846,0,12443821.056000002,128164150,9.7,2,Y,2026-08-15T06:00:43.635Z
2022,university,0000090,서울신학대학교,경기,사립,대학,2399824.665000001,10189074.111000001,130472.76599999999,0,12719371.542000003,17803205.3,71.4,1,Y,2026-08-15T06:00:43.635Z
2022,university,0000092,서울장신대학교,경기,사립,대학,256626.18600000022,620493.994,18356.473,0,895476.6530000002,4659508.168,19.2,1,Y,2026-08-15T06:00:43.635Z
2022,university,0000095,성결대학교,경기,사립,대학,1471414.990000002,49603528.49,1240599.666,0,52315543.146000005,38034396.46,137.5,1,Y,2026-08-15T06:00:43.635Z
2022,university,0000101,수원가톨릭대학교,경기,사립,대학,1270776.6779999998,31710592.68,0,0,32981369.358,958873.5,3439.6,1,Y,2026-08-15T06:00:43.635Z
2022,university,0000102,수원대학교,경기,사립,대학,68006133.39999999,384038307.3,6255399.029000001,880,458300719.729,68383084.05,670.2,1,Y,2026-08-15T06:00:43.635Z
2022,university,0000509,신한대학교,경기,사립,대학,3733688,1090894.806,1461176.0979999998,0,6285758.903999999,55667074.05,11.3,2,Y,2026-08-15T06:00:43.635Z
2022,university,0000558,아신대학교,경기,사립,대학,127181.7790000001,591370.495,20538.518999999997,0,739090.7930000001,5922123.67,12.5,1,Y,2026-08-15T06:00:43.635Z
2022,university,0000108,아주대학교,경기,사립,대학,11223995.61999999,89079886.67,23335701.64,2016765.583,125656349.513,122302447.1,102.7,1,Y,2026-08-15T06:00:43.635Z
2022,university,0000109,안양대학교,경기,사립,대학,2133170.24,7988407.864,3190325.374,0,13311903.478,37354389.34,35.6,2,Y,2026-08-15T06:00:43.635Z
2022,university,0000115,용인대학교,경기,사립,대학,631168.9100000001,87510389.04,740931.5529999998,0,88882489.503,46261087,192.1,1,Y,2026-08-15T06:00:43.635Z
2022,university,0000130,중앙승가대학교,경기,사립,대학,593250.494,1002328.874,-62940.807,0,1532638.5609999998,534672.68,286.6,1,Y,2026-08-15T06:00:43.635Z
2022,university,0000139,차의과학대학교,경기,사립,대학,18039675.5,32220831.37,5048034.382,3010000,58318541.252000004,29105202.57,200.4,1,Y,2026-08-15T06:00:43.635Z
2022,university,0000136,칼빈대학교,경기,사립,대학,53332.1709999998,40438.636,0,0,93770.8069999998,8888224.494,1.1,1,Y,2026-08-15T06:00:43.635Z
2022,university,0000138,평택대학교,경기,사립,대학,2218112.8600000013,443246.944,414230.12100000004,0,3075589.9250000017,26838968.18,11.5,1,Y,2026-08-15T06:00:43.635Z
2022,university,0000562,한국공학대학교,경기,사립,대학,8205125.750000004,16076520.64,9934455.131,25451.6,34241553.12100001,60223490.69,56.9,1,Y,2026-08-15T06:00:43.635Z
2022,university,0000144,한국항공대학교,경기,사립,대학,807354.0300000012,6858369.06,6192700.025,5274558.477,19132981.592,37939229.7,50.4,1,Y,2026-08-15T06:00:43.635Z
2022,university,0000151,한세대학교,경기,사립,대학,732614.693,33349958.96,49756.36400000006,0,34132330.017,23244422.17,146.8,1,Y,2026-08-15T06:00:43.635Z
2022,university,0000152,한신대학교,경기,사립,대학,7103337.91,28239890.59,597244.872,0,35940473.372,37793076.2,95.1,1,Y,2026-08-15T06:00:43.635Z
2022,university,0000156,협성대학교,경기,사립,대학,754412.4199999999,7064366.217,386944.6889999998,0,8205723.325999999,29690858.92,27.6,1,Y,2026-08-15T06:00:43.635Z
2022,university,0000567,화성의과학대학교,경기,사립,대학,-499917.5670000003,1500,15164.921000000002,0,-483252.6460000003,2738418.81,-17.6,1,Y,2026-08-15T06:00:43.635Z
2022,university,0000032,가야대학교,경남,사립,대학,2022081.6109999996,19062810.58,186656.19700000001,0,21271548.388,12768541.1,166.6,2,Y,2026-08-15T06:00:43.635Z
2022,university,0000040,경남대학교,경남,사립,대학,13109369.96,86182398.92,4468453.993999999,0,103760222.874,67162254.57,154.5,1,Y,2026-08-15T06:00:43.635Z
2022,university,0000167,부산장신대학교,경남,사립,대학,3671356.705,414654.822,0,0,4086011.5270000002,1947645.387,209.8,1,Y,2026-08-15T06:00:43.635Z
2022,university,0000181,영산대학교,경남,사립,대학,0,0,0,0,0,0,,2,N,2026-08-15T06:00:43.635Z
2022,university,0000122,인제대학교,경남,사립,대학,4302741.390000001,57045482.46,14997937.580000002,78836.82,76424998.25,66291854.55,115.3,2,Y,2026-08-15T06:00:43.635Z
2022,university,0000193,창신대학교,경남,사립,대학,994360.7779999999,12796718.7,41756.64300000004,0,13832836.121,12636355.96,109.5,1,Y,2026-08-15T06:00:43.635Z
2022,university,0000174,한국국제대학교,경남,사립,대학,0,0,0,0,0,0,,1,N,2026-08-15T06:00:43.635Z
2022,university,0000188,경운대학교,경북,사립,대학,742486.4519999996,400053.124,2320277.8030000003,0,3462817.3789999997,32109906.33,10.8,1,Y,2026-08-15T06:00:43.635Z
2022,university,0000045,경일대학교,경북,사립,대학,6107809.549999999,10769084.44,6409993.224,0,23286887.213999998,47787604.06,48.7,1,Y,2026-08-15T06:00:43.635Z
2022,university,0000046,경주대학교,경북,사립,대학,-10574038.458999999,0,186870.406,0,-10387168.053,5018218,-207,1,Y,2026-08-15T06:00:43.635Z
2022,university,0000185,김천대학교,경북,사립,대학,-971851.0219999999,0,70194.386,0,-901656.6359999999,18079740.3,-5,1,Y,2026-08-15T06:00:43.635Z
2022,university,0000063,대구가톨릭대학교,경북,사립,대학,7919687.57,66238557.49,4251125.613000001,0,78409370.67300001,85240409.06,92,1,Y,2026-08-15T06:00:43.635Z
2022,university,0000061,대구대학교,경북,사립,대학,9211729.719999999,102734990.75,4049614.0029999986,4500,116000834.47299999,116029444.2,100,1,Y,2026-08-15T06:00:43.635Z
2022,university,0000062,대구예술대학교,경북,사립,대학,3418902.3770000003,4620057.792,128456.312,0,8167416.481000001,4679283.402,174.5,1,Y,2026-08-15T06:00:43.635Z
2022,university,0000042,대구한의대학교,경북,사립,대학,10475400.29,9649809.141,4828455.380000001,0,24953664.811000004,46569059.06,53.6,1,Y,2026-08-15T06:00:43.635Z
2022,university,0000065,대신대학교,경북,사립,대학,553752.8209999999,2447248.163,0,0,3001000.984,3615064.48,83,1,Y,2026-08-15T06:00:43.635Z
2022,university,0000076,동양대학교,경북,사립,대학,-5657382.271999999,0,990524.3699999999,0,-4666857.901999999,25579216.98,-18.2,2,Y,2026-08-15T06:00:43.635Z
2022,university,0000111,영남대학교,경북,사립,대학,29431992.790000007,149079393.3,23168896.060000002,635.16,201680917.31000003,167133635.4,120.7,1,Y,2026-08-15T06:00:43.635Z
2022,university,0000112,영남신학대학교,경북,사립,대학,237071.58299999998,365017.594,1619.773,0,603708.95,3943737.6,15.3,1,Y,2026-08-15T06:00:43.635Z
2022,university,0000119,위덕대학교,경북,사립,대학,444292.4709999999,2592703.278,482049.68500000006,100000,3619045.434,18257634.68,19.8,1,Y,2026-08-15T06:00:43.635Z
2022,university,0000140,포항공과대학교,경북,사립,대학,46911372.99,93205850.24,86800933.19000001,8709039.306,235627195.726,25228774,934,1,Y,2026-08-15T06:00:43.635Z
2022,university,0000146,한동대학교,경북,사립,대학,6016570.6,7596573.206,3085136.465,75504,16773784.271,31746130.3,52.8,1,Y,2026-08-15T06:00:43.635Z
2022,university,0000052,광신대학교,광주,사립,대학,-473144.88399999985,29958.389,0,0,-443186.4949999998,5418535.4,-8.2,1,Y,2026-08-15T06:00:43.635Z
2022,university,0000176,광주대학교,광주,사립,대학,10129020.359999998,12516415.6,3288063.784999999,0,25933499.744999997,40620626.82,63.8,1,Y,2026-08-15T06:00:43.635Z
2022,university,0000055,광주여자대학교,광주,사립,대학,2985161.846999999,13820000,589750.337,0,17394912.184,24181562.15,71.9,1,Y,2026-08-15T06:00:43.635Z
2022,university,0000162,남부대학교,광주,사립,대학,9078976.904999997,13733004.37,481800.175,0,23293781.45,20458427.39,113.9,1,Y,2026-08-15T06:00:43.635Z
2022,university,0000187,송원대학교,광주,사립,대학,3347971.4619999994,0,90953.35999999999,0,3438924.821999999,18853097.63,18.2,1,Y,2026-08-15T06:00:43.635Z
2022,university,0000127,조선대학교,광주,사립,대학,10117240.46,62906680.48199999,13527774.390000004,0,86551695.332,138450564.7,62.5,1,Y,2026-08-15T06:00:43.635Z
2022,university,0000157,호남대학교,광주,사립,대학,10647863.57,163887693.18600002,2645971.1050000004,50000,177231527.861,49146025.65,360.6,1,Y,2026-08-15T06:00:43.635Z
2022,university,0000158,호남신학대학교,광주,사립,대학,1494942.2139999997,1077593.648,0,0,2572535.8619999997,4790150.791,53.7,1,Y,2026-08-15T06:00:43.635Z
2022,university,0000048,계명대학교,대구,사립,대학,13629399.129999995,246432692.4,14785663.193,270000,275117754.723,158954473.3,173.1,1,Y,2026-08-15T06:00:43.635Z
2022,university,0000067,대전대학교,대전,사립,대학,7326563.030000001,24567872.13,4630863.306000001,0,36525298.466,63858809.82,57.2,1,Y,2026-08-15T06:00:43.635Z
2022,university,0000182,대전신학대학교,대전,사립,대학,-132849.45599999995,0,0,0,-132849.45599999995,796397,-16.7,1,Y,2026-08-15T06:00:43.635Z
2022,university,0000080,목원대학교,대전,사립,대학,201625.8599999994,2821926.318,4978775.673,305000,8307327.851,51762567.27,16,1,Y,2026-08-15T06:00:43.635Z
2022,university,0000081,배재대학교,대전,사립,대학,2880786.330000002,26095986.18,3353625.5149999997,500,32330898.025000002,54026459.19,59.8,1,Y,2026-08-15T06:00:43.635Z
2022,university,0000184,우송대학교,대전,사립,대학,8402637.649999999,38457671.75,1200019.2610000002,0,48060328.661,75815688.66,63.4,1,Y,2026-08-15T06:00:43.635Z
2022,university,0000120,을지대학교,대전,사립,대학,23974408.380000003,139737158.5,5650309.983999999,37090.24,169398967.104,38814915.11,436.4,3,Y,2026-08-15T06:00:43.635Z
2022,university,0000551,한국침례신학대학교,대전,사립,대학,692000.0649999995,24808962.23,0,0,25500962.295,9361885.9,272.4,1,Y,2026-08-15T06:00:43.635Z
2022,university,0000145,한남대학교,대전,사립,대학,6561702.289999999,9239840.586,3736337.2589999996,0,19537880.134999998,81154765.4,24.1,1,Y,2026-08-15T06:00:43.635Z
2022,university,0000043,경성대학교,부산,사립,대학,4253231.460000001,2680887.43,3998817.123,0,10932936.013,77895533.42,14,1,Y,2026-08-15T06:00:43.635Z
2022,university,0000050,고신대학교,부산,사립,대학,-725863.1699999999,4113666.586,955907.1080000002,0,4343710.524,27318168.91,15.9,1,Y,2026-08-15T06:00:43.635Z
2022,university,0000180,동명대학교,부산,사립,대학,3706274.290000001,21810153.2,4443592.994,0,29960020.484,46986879.47,63.8,1,Y,2026-08-15T06:00:43.635Z
2022,university,0000073,동서대학교,부산,사립,대학,4118808.6400000006,33011240.76,1049028.3799999994,0,38179077.78000001,59955248.91,63.7,1,Y,2026-08-15T06:00:43.635Z
2022,university,0000075,동아대학교,부산,사립,대학,3610486.059999995,52492036.94,18314519.910000004,0,74417042.91,134861262.1,55.2,1,Y,2026-08-15T06:00:43.635Z
2022,university,0000077,동의대학교,부산,사립,대학,1796887.3900000006,5987570.733,7857781.554,0,15642239.677000001,98007477.69,16,1,Y,2026-08-15T06:00:43.635Z
2022,university,0000082,부산가톨릭대학교,부산,사립,대학,1679865.8190000001,26711191.84,1865348.898,681000,30937406.557000004,24788979.04,124.8,1,Y,2026-08-15T06:00:43.635Z
2022,university,0000083,부산외국어대학교,부산,사립,대학,5707749.3500000015,31958020.22,2403121.4979999997,80000,40148891.068,42120761.31,95.3,1,Y,2026-08-15T06:00:43.635Z
2022,university,0000106,신라대학교,부산,사립,대학,6723139.619999997,7201475.195,1132881.7750000001,0,15057496.589999998,48880731.44,30.8,1,Y,2026-08-15T06:00:43.635Z
2022,university,0000035,감리교신학대학교,서울,사립,대학,4156160.9979999997,7926474.507,17917.763999999996,0,12100553.269,7532798.49,160.6,1,Y,2026-08-15T06:00:43.635Z
2022,university,0000565,강서대학교,서울,사립,대학,199834.76900000032,16678344.37,145247.83500000002,0,17023426.974,10937881.47,155.6,1,Y,2026-08-15T06:00:43.635Z
2022,university,0000037,건국대학교,서울,사립,대학,12064365,95086110.071,34935302.47,995855.893,143081633.43400002,227714693.9,62.8,2,Y,2026-08-15T06:00:43.635Z
2022,university,0000047,경희대학교,서울,사립,대학,4552434.099999994,139863107.4,49496483.44,8784210,202696234.94,299960452.2,67.6,1,Y,2026-08-15T06:00:43.635Z
2022,university,0000049,고려대학교,서울,사립,대학,16170640.399999976,396220255.53,94377725.5,152309.71,506920931.1399999,359214469.8,141.1,2,Y,2026-08-15T06:00:43.635Z
2022,university,0000053,광운대학교,서울,사립,대학,3487095.440000005,20633851.47,14198865.303,39107,38358919.213,77728915.09,49.3,1,Y,2026-08-15T06:00:43.635Z
2022,university,0000056,국민대학교,서울,사립,대학,1407207.210000001,146334963.5,-11731770.59,24605947.85,160616347.97,152143187.2,105.6,1,Y,2026-08-15T06:00:43.635Z
2022,university,0000070,덕성여자대학교,서울,사립,대학,1458127.620000001,66602993.014,3557895.7700000005,0,71619016.404,38982058.52,183.7,1,Y,2026-08-15T06:00:43.635Z
2022,university,0000071,동국대학교,서울,사립,대학,23820097.72,86520436.53,31079959.509999998,1586400,143006893.76,208342779.2,68.6,2,Y,2026-08-15T06:00:43.635Z
2022,university,0000072,동덕여자대학교,서울,사립,대학,1823370.2300000004,200892178.5,1632286.7550000001,257259.619,204605095.10399997,51119533.97,400.2,1,Y,2026-08-15T06:00:43.635Z
2022,university,0000084,삼육대학교,서울,사립,대학,14425239.680000003,35298179.478,2241191.996,0,51964611.15400001,46614429.62,111.5,1,Y,2026-08-15T06:00:43.635Z
2022,university,0000085,상명대학교,서울,사립,대학,3664537.799999997,28820040.46,11655689.792,0,44140268.052,103138668.5,42.8,2,Y,2026-08-15T06:00:43.635Z
2022,university,0000087,서강대학교,서울,사립,대학,4383201.329999998,52562827.33,6339138.130000003,214974.072,63500140.861999996,107414143.7,59.1,1,Y,2026-08-15T06:00:43.635Z
2022,university,0000088,서경대학교,서울,사립,대학,1946133.8600000031,25455289.82,2183660.063,0,29585083.743000004,50378277.23,58.7,1,Y,2026-08-15T06:00:43.635Z
2022,university,0000069,서울기독대학교,서울,사립,대학,-1598776.4459999998,171053.221,27945.966999999997,0,-1399777.258,3438484.867,-40.7,1,Y,2026-08-15T06:00:43.635Z
2022,university,0000091,서울여자대학교,서울,사립,대학,1735864.6099999994,42179974.71,3838801.289,0,47754640.609,51038305.84,93.6,1,Y,2026-08-15T06:00:43.635Z
2022,university,0000539,서울한영대학교,서울,사립,대학,-1796662.7659999998,0,164.692,0,-1796498.0739999998,5997702.007,-30,1,Y,2026-08-15T06:00:43.635Z
2022,university,0000096,성공회대학교,서울,사립,대학,421548.1260000004,2453412.384,1641422.943,0,4516383.453000001,15880914.05,28.4,1,Y,2026-08-15T06:00:43.635Z
2022,university,0000097,성균관대학교,서울,사립,대학,64895290.399999976,346716421.72,-21814433.099999994,8936425.5,398733704.52,281558723.6,141.6,1,Y,2026-08-15T06:00:43.635Z
2022,university,0000098,성신여자대학교,서울,사립,대학,5783632.57,56826600.57,6064307.046999999,0,68674540.187,77255388.67,88.9,1,Y,2026-08-15T06:00:43.635Z
2022,university,0000100,세종대학교,서울,사립,대학,902699.2399999946,97443487.38,12103404.719999995,48765,110498356.33999999,125657072.3,87.9,1,Y,2026-08-15T06:00:43.635Z
2022,university,0000103,숙명여자대학교,서울,사립,대학,3229299.4099999964,193780589.8,23470082.34,617746.659,221097718.20900002,102221996.7,216.3,1,Y,2026-08-15T06:00:43.635Z
2022,university,0000105,숭실대학교,서울,사립,대학,19846767.61,109826028.695,11821956.549999997,0,141494752.855,136122954.4,103.9,1,Y,2026-08-15T06:00:43.635Z
2022,university,0000110,연세대학교,서울,사립,대학,37690099.20000002,595376365.49,64781073.20000002,6507241.382,704354779.2720001,404156048.3,174.3,2,Y,2026-08-15T06:00:43.635Z
2022,university,0000121,이화여자대학교,서울,사립,대학,9678831.22999999,603702740.5999999,36730131.940000005,811578.608,650923282.378,200994722.4,323.9,1,Y,2026-08-15T06:00:43.635Z
2022,university,0000125,장로회신학대학교,서울,사립,대학,441742.9670000002,40353963.69,0,0,40795706.657,15692853.55,260,1,Y,2026-08-15T06:00:43.635Z
2022,university,0000129,중앙대학교,서울,사립,대학,11094056.900000006,108804770.90799999,26777540.520000003,2014820,148691188.328,260802781.4,57,2,Y,2026-08-15T06:00:43.635Z
2022,university,0000133,총신대학교,서울,사립,대학,2683746.0999999996,44626761.846,324603.723,0,47635111.669,23500320.85,202.7,1,Y,2026-08-15T06:00:43.635Z
2022,university,0000134,추계예술대학교,서울,사립,대학,-1105814.2229999993,155328.962,32615.196,0,-917870.0649999992,12356322.92,-7.4,1,Y,2026-08-15T06:00:43.635Z
2022,university,0000142,한국성서대학교,서울,사립,대학,407121.7200000002,279281.04099999997,25020.686,0,711423.4470000002,7769245,9.2,1,Y,2026-08-15T06:00:43.635Z
2022,university,0000143,한국외국어대학교,서울,사립,대학,5587145.020000002,12663173.25,7133499.868999999,6300,25390118.139000002,140036981.9,18.1,1,Y,2026-08-15T06:00:43.635Z
2022,university,0000150,한성대학교,서울,사립,대학,4807356.34,12326427.23,4645402.024999999,0,21779185.595,56891994.69,38.3,1,Y,2026-08-15T06:00:43.635Z
2022,university,0000153,한양대학교,서울,사립,대학,32076685.199999988,224481332.6,37592682.89999999,37803529.01,331954229.71,349738415.4,94.9,2,Y,2026-08-15T06:00:43.635Z
2022,university,0000160,홍익대학교,서울,사립,대학,24658815.800000012,752193109,12574734.275000002,0,789426659.0749999,192510422.7,410.1,2,Y,2026-08-15T06:00:43.635Z
2022,university,0000066,대전가톨릭대학교,세종,사립,대학,71935.603,1470493.104,0,0,1542428.707,316130,487.9,1,Y,2026-08-15T06:00:43.635Z
2022,university,0000117,울산대학교,울산,사립,대학,31914147.959999993,58617315.774,24281328.62,0,114812792.354,97512141.62,117.7,1,Y,2026-08-15T06:00:43.635Z
2022,university,0000123,인천가톨릭대학교,인천,사립,대학,609152,4389767.742,169998.614,0,5168918.356,6044620.789,85.5,2,Y,2026-08-15T06:00:43.635Z
2022,university,0000124,인하대학교,인천,사립,대학,5167495.980000004,33132646.08,13911481.879999995,1020138.94,53231762.879999995,166197468.9,32,1,Y,2026-08-15T06:00:43.635Z
2022,university,0000054,광주가톨릭대학교,전남,사립,대학,199487.366,18244111,0,0,18443598.366,0,,1,Y,2026-08-15T06:00:43.635Z
2022,university,0000074,동신대학교,전남,사립,대학,2192855.41,8271607.809,4157563.815,1430270.748,16052297.782,42549046.77,37.7,1,Y,2026-08-15T06:00:43.635Z
2022,university,0000166,목포가톨릭대학교,전남,사립,대학,205887.79499999993,3533522.932,48668.732,0,3788079.459,3205278.34,118.2,1,Y,2026-08-15T06:00:43.635Z
2022,university,0000064,세한대학교,전남,사립,대학,3744773.0889999997,31910642.084,1201134.503,0,36856549.676,21301723.54,173,1,Y,2026-08-15T06:00:43.635Z
2022,university,0000114,영산선학대학교,전남,사립,대학,39294.949,0,0,0,39294.949,74000,53.1,1,Y,2026-08-15T06:00:43.635Z
2022,university,0000190,초당대학교,전남,사립,대학,1622122.574000001,30630165.565,-1382.9890000000014,0,32250905.150000002,18976821.88,169.9,1,Y,2026-08-15T06:00:43.635Z
2022,university,0000173,예수대학교,전북,사립,대학,262476.3019999999,0,89669.276,0,352145.5779999999,3706606.49,9.5,1,Y,2026-08-15T06:00:43.635Z
2022,university,0000164,예원예술대학교,전북,사립,대학,61005.48099999968,0,3792.6640000000007,0,64798.144999999684,12404803.16,0.5,2,Y,2026-08-15T06:00:43.635Z
2022,university,0000116,우석대학교,전북,사립,대학,5186013.5,8893885.4,4128965.193,300000,18508864.093000002,51484158.86,36,1,Y,2026-08-15T06:00:43.635Z
2022,university,0000118,원광대학교,전북,사립,대학,13319083.550000004,38891746.69,17179932.479999997,0,69390762.72,106665600.8,65.1,1,Y,2026-08-15T06:00:43.635Z
2022,university,0000126,전주대학교,전북,사립,대학,6402427.490000002,18585157.37,5895300.662,0,30882885.522000004,76539347.82,40.3,1,Y,2026-08-15T06:00:43.635Z
2022,university,0000155,한일장신대학교,전북,사립,대학,282866.61300000036,246965.746,114181.78700000001,0,644014.1460000004,6702307.667,9.6,1,Y,2026-08-15T06:00:43.635Z
2022,university,0000223,호원대학교,전북,사립,대학,975409.3000000007,626796.398,179710.065,0,1781915.7630000007,34332417.14,5.2,1,Y,2026-08-15T06:00:43.635Z
2022,university,0000192,제주국제대학교,제주,사립,대학,-1720694.676,164274.162,225445.216,0,-1330975.298,3649910,-36.5,1,Y,2026-08-15T06:00:43.635Z
2022,university,0000038,건양대학교,충남,사립,대학,9959532.690000001,98868919.76,3683128.7929999996,0,112511581.243,48141803.12,233.7,2,Y,2026-08-15T06:00:43.635Z
2022,university,0000169,금강대학교,충남,사립,대학,1353423.904,973285.252,458876.4600000001,0,2785585.616,1338782.5,208.1,1,Y,2026-08-15T06:00:43.635Z
2022,university,0000059,나사렛대학교,충남,사립,대학,1503747.3000000007,6289877.936,406012.08,0,8199637.316000001,34513419.97,23.8,1,Y,2026-08-15T06:00:43.635Z
2022,university,0000189,남서울대학교,충남,사립,대학,3591308.3599999994,16927281.575,2742981.04,1502500,24764070.974999998,73559653.25,33.7,1,Y,2026-08-15T06:00:43.635Z
2022,university,0000131,백석대학교,충남,사립,대학,725851.0799999982,99618335.175,986005.5990000004,1400000,102730191.854,108496464.7,94.7,1,Y,2026-08-15T06:00:43.635Z
2022,university,0000094,선문대학교,충남,사립,대학,1907796.6500000022,45559651.44,5050543.437000001,0,52517991.527,67836816.08,77.4,1,Y,2026-08-15T06:00:43.635Z
2022,university,0000104,순천향대학교,충남,사립,대학,3727839.8800000027,62800306.997999996,10537628.040000003,84000,77149774.918,90761395.52,85,1,Y,2026-08-15T06:00:43.635Z
2022,university,0000128,중부대학교,충남,사립,대학,2877612.157999999,1788411.797,3080535.501,0,7746559.455999999,59613073.21,13,1,Y,2026-08-15T06:00:43.635Z
2022,university,0000225,청운대학교,충남,사립,대학,3308621.8500000015,3474906.269,1214873.2519999999,0,7998401.371000001,40079933.91,20,1,Y,2026-08-15T06:00:43.635Z
2022,university,0000141,한국기술교육대학교,충남,사립,대학,1842838.5599999987,5756158.066,11208924.239999998,0,18807920.865999997,20239055.16,92.9,1,Y,2026-08-15T06:00:43.635Z
2022,university,0000149,한서대학교,충남,사립,대학,6213122.240000002,2556720.504,2654308.862,0,11424151.606000002,52721094.08,21.7,1,Y,2026-08-15T06:00:43.635Z
2022,university,0000159,호서대학교,충남,사립,대학,7476932.390000001,53226919.41,18694652.55,69997.8,79468502.14999999,100507191,79.1,1,Y,2026-08-15T06:00:43.635Z
2022,university,0000557,가톨릭꽃동네대학교,충북,사립,대학,380715.7720000001,3047676.146,50471.319,0,3478863.2370000007,3290704.844,105.7,1,Y,2026-08-15T06:00:43.635Z
2022,university,0000058,극동대학교,충북,사립,대학,1436365.3429999985,7238.419,242920.694,0,1686524.4559999984,22243384.79,7.6,1,Y,2026-08-15T06:00:43.635Z
2022,university,0000093,서원대학교,충북,사립,대학,4643682.919999998,24257780.55,1775430.6619999998,0,30676894.132,42381408.8,72.4,1,Y,2026-08-15T06:00:43.635Z
2022,university,0000099,세명대학교,충북,사립,대학,3402372.8900000006,113256638.2,9547178.326,0,126206189.41600001,47090571.69,268,1,Y,2026-08-15T06:00:43.635Z
2022,university,0000113,유원대학교,충북,사립,대학,3095831.1670000004,0,356972.89100000006,0,3452804.058,22926317.38,15.1,1,Y,2026-08-15T06:00:43.635Z
2022,university,0000183,중원대학교,충북,사립,대학,-456766.3530000001,457578.443,1594257.1609999998,0,1595069.2509999997,23901166.28,6.7,1,Y,2026-08-15T06:00:43.635Z
2022,university,0000132,청주대학교,충북,사립,대학,9921604.780000001,245185498.7,1619218.4100000001,0,256726321.89,85842951.17,299.1,1,Y,2026-08-15T06:00:43.635Z
2022,junior-college,0000347,강릉영동대학교,강원,사립,전문대학,2628956.2939999998,30063,321811.108,0,2980830.402,13323032.41,22.4,1,Y,2026-08-15T06:00:43.635Z
2022,junior-college,0000378,강원관광대학교,강원,사립,전문대학,640252.6270000001,0,0,0,640252.6270000001,2209006.25,29,1,Y,2026-08-15T06:00:43.635Z
2022,junior-college,0000348,세경대학교,강원,사립,전문대학,3700271.066,8825815.849,-266839.30999999994,0,12259247.604999999,4439209.98,276.2,1,Y,2026-08-15T06:00:43.635Z
2022,junior-college,0000393,송곡대학교,강원,사립,전문대학,0,0,201131.011,0,201131.011,0,,1,Y,2026-08-15T06:00:43.635Z
2022,junior-college,0000390,송호대학교,강원,사립,전문대학,-1011095.5800000001,603966.586,60634.71,0,-346494.28400000004,4494703.649,-7.7,1,Y,2026-08-15T06:00:43.635Z
2022,junior-college,0000542,한국골프대학교,강원,사립,전문대학,-239997.93900000013,42475.119,-44669.319,0,-242192.13900000014,3150177.5,-7.7,1,Y,2026-08-15T06:00:43.635Z
2022,junior-college,0000383,한림성심대학교,강원,사립,전문대학,2496209.3719999995,11583199.93,1137661.417,0,15217070.718999999,15478343.81,98.3,1,Y,2026-08-15T06:00:43.635Z
2022,junior-college,0000387,경기과학기술대학교,경기,사립,전문대학,2781845.34,0,864749.7869999999,0,3646595.127,27281817.91,13.4,1,Y,2026-08-15T06:00:43.635Z
2022,junior-college,0000255,경민대학교,경기,사립,전문대학,-876772,33701.894,465160.214,0,-377909.89200000005,24176969.74,-1.6,1,Y,2026-08-15T06:00:43.635Z
2022,junior-college,0000259,경복대학교,경기,사립,전문대학,6229909.620000001,14631939.78,1309439.9390000002,0,22171289.338999998,37830083.09,58.6,1,Y,2026-08-15T06:00:43.635Z
2022,junior-college,0000264,계원예술대학교,경기,사립,전문대학,1555231.9529999997,4929752.674,428167.20999999996,0,6913151.836999999,20483729.13,33.7,1,Y,2026-08-15T06:00:43.635Z
2022,junior-college,0000379,국제대학교,경기,사립,전문대학,768144.8820000002,2820699.887,289938.23699999996,0,3878783.006,16912483.4,22.9,1,Y,2026-08-15T06:00:43.635Z
2022,junior-college,0000277,김포대학교,경기,사립,전문대학,1142792.915,16930060.54,248558.66000000003,0,18321412.115,12290388.57,149.1,1,Y,2026-08-15T06:00:43.635Z
2022,junior-college,0000278,농협대학교,경기,사립,전문대학,-278236.71699999995,9221454.484,1697835.427,0,10641053.193999998,1981745.328,537,1,Y,2026-08-15T06:00:43.635Z
2022,junior-college,0000285,대림대학교,경기,사립,전문대학,1615698.9499999993,50741993.12,2606515.143,0,54964207.21299999,44575625.65,123.3,1,Y,2026-08-15T06:00:43.635Z
2022,junior-college,0000294,동남보건대학교,경기,사립,전문대학,16499023.57,11433112.1,558008.534,0,28490144.204000004,29216302.2,97.5,1,Y,2026-08-15T06:00:43.635Z
2022,junior-college,0000287,동서울대학교,경기,사립,전문대학,3559736.6399999987,12846661.37,2414917.204,0,18821315.213999998,37251623.25,50.5,1,Y,2026-08-15T06:00:43.635Z
2022,junior-college,0000298,동아방송예술대학교,경기,사립,전문대학,425427.6730000004,1036200.303,336730.89199999993,1500,1799858.8680000002,22101886.14,8.1,1,Y,2026-08-15T06:00:43.635Z
2022,junior-college,0000302,동원대학교,경기,사립,전문대학,-1408984.3610000005,4993857.1,196306.33400000003,0,3781179.072999999,16184798.21,23.4,1,Y,2026-08-15T06:00:43.635Z
2022,junior-college,0000305,두원공과대학교,경기,사립,전문대학,21734174.612999998,40658199.29,51389.152,0,62443763.055,15846176.23,394.1,1,Y,2026-08-15T06:00:43.635Z
2022,junior-college,0000316,부천대학교,경기,사립,전문대학,2944279.1900000013,32330644.92,3015964.008,0,38290888.118,46671826.69,82,1,Y,2026-08-15T06:00:43.635Z
2022,junior-college,0000323,서울예술대학교,경기,사립,전문대학,11257491.729999999,50509736.29,226838.10700000002,0,61994066.127,24825614.93,249.7,1,Y,2026-08-15T06:00:43.635Z
2022,junior-college,0000392,서정대학교,경기,사립,전문대학,9277005.29,12671794.55,146074.914,0,22094874.754,40789246.52,54.2,1,Y,2026-08-15T06:00:43.635Z
2022,junior-college,0000330,수원과학대학교,경기,사립,전문대학,16225224.063,97781634.46,-2199120.655,0,111807737.86799999,21799790.03,512.9,1,Y,2026-08-15T06:00:43.635Z
2022,junior-college,0000329,수원여자대학교,경기,사립,전문대학,6686777.739999998,32509874.03,791293.099,0,39987944.868999995,24965114.91,160.2,1,Y,2026-08-15T06:00:43.635Z
2022,junior-college,0000334,신구대학교,경기,사립,전문대학,5054290.810000002,72492151.463,2643436.5500000003,0,80189878.823,40655219.48,197.2,1,Y,2026-08-15T06:00:43.635Z
2022,junior-college,0000339,신안산대학교,경기,사립,전문대학,-15058452.882000003,1179616.43,335217.848,0,-13543618.604000004,15878531.13,-85.3,1,Y,2026-08-15T06:00:43.635Z
2022,junior-college,0000340,안산대학교,경기,사립,전문대학,3138710.2469999995,62599065.8,540878.929,0,66278654.975999996,24433664.26,271.3,1,Y,2026-08-15T06:00:43.635Z
2022,junior-college,0000343,여주대학교,경기,사립,전문대학,134506.70000000112,2117052.812,290630.571,10000,2552190.083000001,25423746.77,10,1,Y,2026-08-15T06:00:43.635Z
2022,junior-college,0000341,연성대학교,경기,사립,전문대학,6534332.18,100668410.9,1540344.0329999998,0,108743087.113,35954688.33,302.4,1,Y,2026-08-15T06:00:43.635Z
2022,junior-college,0000350,오산대학교,경기,사립,전문대학,804648.209999999,59721849.64,1829891.7060000002,0,62356389.556,24969512.82,249.7,1,Y,2026-08-15T06:00:43.635Z
2022,junior-college,0000559,용인예술과학대학교,경기,사립,전문대학,884969.2929999996,14411887.84,1230369.417,0,16527226.549999999,19111473.48,86.5,1,Y,2026-08-15T06:00:43.635Z
2022,junior-college,0000394,웅지세무대학교,경기,사립,전문대학,0,0,0,0,0,0,,1,N,2026-08-15T06:00:43.635Z
2022,junior-college,0000355,유한대학교,경기,사립,전문대학,1270002.709999999,30355029.17,904608.1250000001,0,32529640.005000003,27038663.54,120.3,1,Y,2026-08-15T06:00:43.635Z
2022,junior-college,0000358,장안대학교,경기,사립,전문대학,688962.324,16653466.91,146024.90999999997,0,17488454.144,19742284.77,88.6,1,Y,2026-08-15T06:00:43.635Z
2022,junior-college,0000374,청강문화산업대학교,경기,사립,전문대학,3877868.9000000004,44160924.56,1303844.5780000002,0,49342638.038,25281478.03,195.2,1,Y,2026-08-15T06:00:43.635Z
2022,junior-college,0000391,한국관광대학교,경기,사립,전문대학,617788.9849999999,61402271.27,48404.779,0,62068465.034,8936043.638,694.6,1,Y,2026-08-15T06:00:43.635Z
2022,junior-college,0000251,거제대학교,경남,사립,전문대학,839151.9380000001,1879667.641,1248737.272,0,3967556.851,5988771.39,66.2,1,Y,2026-08-15T06:00:43.635Z
2022,junior-college,0000395,김해대학교,경남,사립,전문대학,97522.58000000007,1148776.348,563766.51,0,1810065.438,8459486.668,21.4,1,Y,2026-08-15T06:00:43.635Z
2022,junior-college,0000342,동원과학기술대학교,경남,사립,전문대학,781583.006,36830000,606879.949,0,38218462.955,12621922.07,302.8,1,Y,2026-08-15T06:00:43.635Z
2022,junior-college,0000306,마산대학교,경남,사립,전문대학,3571717.119,76410757.58,487477.657,0,80469952.356,30879447.5,260.6,1,Y,2026-08-15T06:00:43.635Z
2022,junior-college,0000530,연암공과대학교,경남,사립,전문대학,2642899.1589999995,1882489.772,602232.02,2500,5130120.950999999,6692813.601,76.7,1,Y,2026-08-15T06:00:43.635Z
2022,junior-college,0000369,진주보건대학교,경남,사립,전문대학,1449792.6800000006,103801097.4,483741.999,0,105734632.07900001,14945033.05,707.5,1,Y,2026-08-15T06:00:43.635Z
2022,junior-college,0000528,창원문성대학교,경남,사립,전문대학,258999.01599999983,42565564.46,2279195.703,0,45103759.179000005,8799353.4,512.6,1,Y,2026-08-15T06:00:43.635Z
2022,junior-college,0000396,한국승강기대학교,경남,사립,전문대학,1275944.6809999999,1821788.632,187101.23500000004,10000,3294834.548,4232043.15,77.9,1,Y,2026-08-15T06:00:43.635Z
2022,junior-college,0000249,가톨릭상지대학교,경북,사립,전문대학,503641.8080000002,5967252.687,1294137.568,0,7765032.063,10246469.47,75.8,1,Y,2026-08-15T06:00:43.635Z
2022,junior-college,0000293,경북과학대학교,경북,사립,전문대학,2318826.3000000003,0,133112.446,0,2451938.7460000003,9584293.333,25.6,1,Y,2026-08-15T06:00:43.635Z
2022,junior-college,0000523,경북보건대학교,경북,사립,전문대학,-198875.30299999984,626841.14,340775.30000000005,0,768741.1370000002,6940519.37,11.1,1,Y,2026-08-15T06:00:43.635Z
2022,junior-college,0000258,경북전문대학교,경북,사립,전문대학,10281984.205,21984879.097000003,355626.216,0,32622489.518,15005573.89,217.4,1,Y,2026-08-15T06:00:43.635Z
2022,junior-college,0000268,구미대학교,경북,사립,전문대학,11628247.534,68441915.86,5342496.173,1123613.231,86536272.79800001,30907704.2,280,1,Y,2026-08-15T06:00:43.635Z
2022,junior-college,0000279,대경대학교,경북,사립,전문대학,-1311041.6399999997,0,389015.524,0,-922026.1159999997,22407581.22,-4.1,1,Y,2026-08-15T06:00:43.635Z
2022,junior-college,0000309,문경대학교,경북,사립,전문대학,800772.7239999999,743991.873,169497.66700000002,0,1714262.264,4806831.6,35.7,1,Y,2026-08-15T06:00:43.635Z
2022,junior-college,0000262,서라벌대학교,경북,사립,전문대학,1044160.4629999998,789498.236,193887.462,0,2027546.1609999998,3334747.65,60.8,1,Y,2026-08-15T06:00:43.635Z
2022,junior-college,0000380,선린대학교,경북,사립,전문대학,6587729.680999999,10536180.94,34449.828,0,17158360.449,11836232.26,145,1,Y,2026-08-15T06:00:43.635Z
2022,junior-college,0000547,성운대학교,경북,사립,전문대학,563091.6070000001,967033.31,364791.189,0,1894916.1060000001,7230404.73,26.2,1,Y,2026-08-15T06:00:43.635Z
2022,junior-college,0000338,안동과학대학교,경북,사립,전문대학,504157.676,10616632.44,127989.03099999996,0,11248779.147,12448700.55,90.4,1,Y,2026-08-15T06:00:43.635Z
2022,junior-college,0000257,영남외국어대학,경북,사립,전문대학,2796454.957,5180543.591,0,0,7976998.548,2046131.5,389.9,1,Y,2026-08-15T06:00:43.635Z
2022,junior-college,0000381,포항대학교,경북,사립,전문대학,-576005.5640000002,15000,612532.327,0,51526.7629999998,9010421.179,0.6,1,Y,2026-08-15T06:00:43.635Z
2022,junior-college,0000522,호산대학교,경북,사립,전문대학,288986.4559999998,1247562.27,74647.18,0,1611195.9059999997,10053740.7,16,1,Y,2026-08-15T06:00:43.635Z
2022,junior-college,0000267,광주보건대학교,광주,사립,전문대학,341340.55400000047,4567750.029,369690.983,0,5278781.566000001,18629463.2,28.3,1,Y,2026-08-15T06:00:43.635Z
2022,junior-college,0000273,기독간호대학교,광주,사립,전문대학,86125.53199999989,2347004.168,245811.95500000002,0,2678941.6550000003,3191946.69,83.9,1,Y,2026-08-15T06:00:43.635Z
2022,junior-college,0000297,동강대학교,광주,사립,전문대학,-830192.2480000001,1113053.004,236789.14899999998,0,519649.9049999998,12682220.85,4.1,1,Y,2026-08-15T06:00:43.635Z
2022,junior-college,0000320,서영대학교,광주,사립,전문대학,-323495.18299999926,0,674337.108,0,350841.92500000075,26886583.35,1.3,1,Y,2026-08-15T06:00:43.635Z
2022,junior-college,0000366,조선간호대학교,광주,사립,전문대학,140404.6059999999,6532106.765,35768.339,0,6708279.709999999,3759795,178.4,1,Y,2026-08-15T06:00:43.635Z
2022,junior-college,0000365,조선이공대학교,광주,사립,전문대학,856761.8529999997,33480162.6,694787.395,0,35031711.848000005,15995474.98,219,1,Y,2026-08-15T06:00:43.635Z
2022,junior-college,0000263,계명문화대학교,대구,사립,전문대학,1792683.2139999997,46959432.73,749257.855,0,49501373.798999995,25582938.8,193.5,1,Y,2026-08-15T06:00:43.635Z
2022,junior-college,0000280,대구공업대학교,대구,사립,전문대학,909339.1319999998,8411836.652,250294.29099999997,30000,9601470.075,8377818.435,114.6,1,Y,2026-08-15T06:00:43.635Z
2022,junior-college,0000283,대구과학대학교,대구,사립,전문대학,1638467.0990000004,6626722.177,749715.348,0,9014904.624,23276943.74,38.7,1,Y,2026-08-15T06:00:43.635Z
2022,junior-college,0000281,대구보건대학교,대구,사립,전문대학,2959669.040000001,755843.627,1342269.229,0,5057781.896000001,40137561.24,12.6,1,Y,2026-08-15T06:00:43.635Z
2022,junior-college,0000282,수성대학교,대구,사립,전문대학,1344737.654,12777232.14,539113.862,0,14661083.656,18406231.96,79.7,1,Y,2026-08-15T06:00:43.635Z
2022,junior-college,0000346,영남이공대학교,대구,사립,전문대학,7689681.83,44055039.84,556218.7279999999,0,52300940.398,33041282.68,158.3,1,Y,2026-08-15T06:00:43.635Z
2022,junior-college,0000349,영진전문대학교,대구,사립,전문대학,2510396.7200000007,69845434.49,4243024.6280000005,9265.5,76608121.338,40367834.39,189.8,1,Y,2026-08-15T06:00:43.635Z
2022,junior-college,0000376,대덕대학교,대전,사립,전문대학,0,0,532773.1669999999,0,532773.1669999999,0,,1,Y,2026-08-15T06:00:43.635Z
2022,junior-college,0000512,대전과학기술대학교,대전,사립,전문대학,90951.29399999976,5267890.024,1151365.8159999999,0,6510207.134,22419509.13,29,1,Y,2026-08-15T06:00:43.635Z
2022,junior-college,0000288,대전보건대학교,대전,사립,전문대학,1295257.955,41086470.69,1781925.721,0,44163654.366,26735465.83,165.2,1,Y,2026-08-15T06:00:43.635Z
2022,junior-college,0000289,우송정보대학,대전,사립,전문대학,2372428.904,29486340.65,153472.42500000005,0,32012241.979,19397369.04,165,1,Y,2026-08-15T06:00:43.635Z
2022,junior-college,0000253,경남정보대학교,부산,사립,전문대학,3603271.796,18088947.52,774023.5739999999,0,22466242.89,34328391.37,65.4,1,Y,2026-08-15T06:00:43.635Z
2022,junior-college,0000284,대동대학교,부산,사립,전문대학,151454.68299999973,4884979.26,201874.914,0,5238308.857,8604915.334,60.9,1,Y,2026-08-15T06:00:43.635Z
2022,junior-college,0000303,동의과학대학교,부산,사립,전문대학,817153.2599999998,3260429.862,2084959.918,6645.408,6169188.448,24260349.8,25.4,1,Y,2026-08-15T06:00:43.635Z
2022,junior-college,0000304,동주대학교,부산,사립,전문대학,8780952.348,2946831.135,636466.417,0,12364249.899999999,13856499,89.2,1,Y,2026-08-15T06:00:43.635Z
2022,junior-college,0000313,부산경상대학교,부산,사립,전문대학,2612558.323,11528010.91,1066683.471,0,15207252.704,12774847.7,119,1,Y,2026-08-15T06:00:43.635Z
2022,junior-college,0000315,부산과학기술대학교,부산,사립,전문대학,603052.8650000002,2125443.639,869914.4609999999,0,3598410.965,17697278.54,20.3,1,Y,2026-08-15T06:00:43.635Z
2022,junior-college,0000314,부산여자대학교,부산,사립,전문대학,3510116.063,35977711.34,254885.064,0,39742712.46700001,12568537.12,316.2,1,Y,2026-08-15T06:00:43.635Z
2022,junior-college,0000388,부산예술대학교,부산,사립,전문대학,-460163.55299999996,0,34778.79,0,-425384.763,3411277.29,-12.5,1,Y,2026-08-15T06:00:43.635Z
2022,junior-college,0000300,동양미래대학교,서울,사립,전문대학,1532603.209999999,75463733.36,2731747.108,0,79728083.67799999,37053749.96,215.2,1,Y,2026-08-15T06:00:43.635Z
2022,junior-college,0000307,명지전문대학,서울,사립,전문대학,1522795.5300000012,31474710.08,137163.702,0,33134669.312,40844494.83,81.1,1,Y,2026-08-15T06:00:43.635Z
2022,junior-college,0000310,배화여자대학교,서울,사립,전문대학,952549.7479999997,15788705.111,421346.95100000006,0,17162601.81,15207010.65,112.9,1,Y,2026-08-15T06:00:43.635Z
2022,junior-college,0000317,삼육보건대학교,서울,사립,전문대학,279259.0349999997,4400040.481,69800.25400000002,0,4749099.769999999,7438443.56,63.8,1,Y,2026-08-15T06:00:43.635Z
2022,junior-college,0000321,서울여자간호대학교,서울,사립,전문대학,719700.4569999999,3205955.386,247579.241,0,4173235.084,5764145.913,72.4,1,Y,2026-08-15T06:00:43.635Z
2022,junior-college,0000324,서일대학교,서울,사립,전문대학,35717187.06,15297335.667,659242.8570000001,0,51673765.584,33622675.92,153.7,1,Y,2026-08-15T06:00:43.635Z
2022,junior-college,0000333,숭의여자대학교,서울,사립,전문대학,6372104.82,45978194.46,12001.308000000005,0,52362300.588,17462562.62,299.9,1,Y,2026-08-15T06:00:43.635Z
2022,junior-college,0000356,인덕대학교,서울,사립,전문대학,3630967.1599999983,5925774.709,653768.2459999998,175080,10385590.114999998,36508082.62,28.4,1,Y,2026-08-15T06:00:43.635Z
2022,junior-college,0000384,한양여자대학교,서울,사립,전문대학,7195912.870000001,76815534.5,1902727.688,0,85914175.058,40166357.99,213.9,1,Y,2026-08-15T06:00:43.635Z
2022,junior-college,0000353,한국영상대학교,세종,사립,전문대학,2115408.325,15168734.436,2679802.787,0,19963945.548,18357494.04,108.8,1,Y,2026-08-15T06:00:43.635Z
2022,junior-college,0000352,울산과학대학교,울산,사립,전문대학,4209360.49,21032636.68,3528759.85,0,28770757.020000003,31252228.44,92.1,1,Y,2026-08-15T06:00:43.635Z
2022,junior-college,0000375,춘해보건대학교,울산,사립,전문대학,543999.5109999999,13968371.24,629015.365,0,15141386.116,15774560.42,96,1,Y,2026-08-15T06:00:43.635Z
2022,junior-college,0000261,경인여자대학교,인천,사립,전문대학,873182.8299999982,64133929.15,1141712.6469999999,0,66148824.627,24368556.98,271.5,1,Y,2026-08-15T06:00:43.635Z
2022,junior-college,0000292,인천재능대학교,인천,사립,전문대학,2309445.851,20825475.5,1522362.726,0,24657284.077,18345148.18,134.4,1,Y,2026-08-15T06:00:43.635Z
2022,junior-college,0000357,인하공업전문대학,인천,사립,전문대학,696067.5,61168165.68,1480318.003,0,63344551.183,44323054.77,142.9,1,Y,2026-08-15T06:00:43.635Z
2022,junior-college,0000272,고구려대학교,전남,사립,전문대학,-3956550.318,1.983,32941.239,0,-3923607.096,5683897.46,-69,1,Y,2026-08-15T06:00:43.635Z
2022,junior-college,0000266,광양보건대학교,전남,사립,전문대학,-6297513.56,0,40396.397,0,-6257117.163,932283.34,-671.2,1,Y,2026-08-15T06:00:43.635Z
2022,junior-college,0000532,동아보건대학교,전남,사립,전문대학,1269483.0620000002,2143370.043,76156.19200000004,0,3489009.2970000003,6000555.381,58.1,1,Y,2026-08-15T06:00:43.635Z
2022,junior-college,0000308,목포과학대학교,전남,사립,전문대학,4074599.37,4935812.244,368449.753,0,9378861.367,12800919.42,73.3,1,Y,2026-08-15T06:00:43.635Z
2022,junior-college,0000331,순천제일대학교,전남,사립,전문대학,13374083.861,17271908.763,224860.89199999988,0,30870853.516,13302905.99,232.1,1,Y,2026-08-15T06:00:43.635Z
2022,junior-college,0000360,전남과학대학교,전남,사립,전문대학,2298165.0640000002,20050569.14,1689801.79,50000,24088535.994,16520143.36,145.8,1,Y,2026-08-15T06:00:43.635Z
2022,junior-college,0000332,청암대학교,전남,사립,전문대학,777298.4470000002,2350103.896,761468.333,0,3888870.6760000004,12706362.74,30.6,1,Y,2026-08-15T06:00:43.635Z
2022,junior-college,0000546,한영대학교,전남,사립,전문대학,1490275.7349999999,1632832.106,1539375.932,0,4662483.773,7517157.35,62,1,Y,2026-08-15T06:00:43.635Z
2022,junior-college,0000250,군산간호대학교,전북,사립,전문대학,370426.5179999997,2156121.54,158206.808,0,2684754.866,7263544,37,1,Y,2026-08-15T06:00:43.635Z
2022,junior-college,0000270,군장대학교,전북,사립,전문대학,1013609.355,0,1006795.3539999999,0,2020404.7089999998,9506394.338,21.3,1,Y,2026-08-15T06:00:43.635Z
2022,junior-college,0000311,백제예술대학교,전북,사립,전문대학,31120.9160000002,2624765.507,2447.133,0,2658333.5560000003,7399856.024,35.9,1,Y,2026-08-15T06:00:43.635Z
2022,junior-college,0000354,원광보건대학교,전북,사립,전문대학,6119513.362000001,20327074.89,1021253.5979999998,0,27467841.85,24410556.85,112.5,1,Y,2026-08-15T06:00:43.635Z
2022,junior-college,0000362,전북과학대학교,전북,사립,전문대학,21307648.254,9463059.64,213455.29599999997,0,30984163.19,8849714.255,350.1,1,Y,2026-08-15T06:00:43.635Z
2022,junior-college,0000274,전주기전대학,전북,사립,전문대학,1175401.1720000003,4667709.108,607808.889,0,6450919.169,8766672.05,73.6,1,Y,2026-08-15T06:00:43.635Z
2022,junior-college,0000361,전주비전대학교,전북,사립,전문대학,11450273.353999998,2964443.673,1572478.39,0,15987195.417,18992661.51,84.2,1,Y,2026-08-15T06:00:43.635Z
2022,junior-college,0000363,제주관광대학교,제주,사립,전문대학,224181.39099999983,32244.888,443912.15900000004,0,700338.4379999998,7112088.923,9.8,1,Y,2026-08-15T06:00:43.635Z
2022,junior-college,0000382,제주한라대학교,제주,사립,전문대학,2911596.870000001,5026999.928,471016.57499999995,0,8409613.373000002,23241927.78,36.2,1,Y,2026-08-15T06:00:43.635Z
2022,junior-college,0000373,백석문화대학교,충남,사립,전문대학,327656.5300000012,39894282.06,424984.94000000006,730000,41376923.53,28243050.64,146.5,1,Y,2026-08-15T06:00:43.635Z
2022,junior-college,0000335,신성대학교,충남,사립,전문대학,1906694.3319999985,11242426.88,1768148.757,0,14917269.968999999,18742198.11,79.6,1,Y,2026-08-15T06:00:43.635Z
2022,junior-college,0000568,아주자동차대학교,충남,사립,전문대학,142803.49599999934,5165483.212,740497.6590000001,0,6048784.367,4332590,139.6,1,Y,2026-08-15T06:00:43.635Z
2022,junior-college,0000529,연암대학교,충남,사립,전문대학,1830131.7130000005,338382.937,139888.36799999996,0,2308403.018,6572986.03,35.1,1,Y,2026-08-15T06:00:43.635Z
2022,junior-college,0000386,혜전대학교,충남,사립,전문대학,927517.2450000001,33986121.72,205176.60200000007,0,35118815.566999994,13966081.06,251.5,1,Y,2026-08-15T06:00:43.635Z
2022,junior-college,0000271,강동대학교,충북,사립,전문대학,280560.9079999998,37553.622,49142.445,0,367256.9749999998,17191713.96,2.1,1,Y,2026-08-15T06:00:43.635Z
2022,junior-college,0000286,대원대학교,충북,사립,전문대학,3309617.2810000004,8276756.797,2607807.9790000003,0,14194182.057000002,11449023.16,124,1,Y,2026-08-15T06:00:43.635Z
2022,junior-college,0000367,충북보건과학대학교,충북,사립,전문대학,798343.6449999996,1080744.943,906257.189,0,2785345.777,14052148.28,19.8,1,Y,2026-08-15T06:00:43.635Z
2022,junior-college,0000377,충청대학교,충북,사립,전문대학,584335.0729999999,14467258.3,879365.852,0,15930959.225,18752478.79,85,1,Y,2026-08-15T06:00:43.635Z
2023,university,0000513,가톨릭관동대학교,강원,사립,대학,4038900.1099999994,13056976.41,2394365.923,9660,19499902.443,44582325.32,43.7,1,Y,2026-08-15T06:00:43.635Z
2023,university,0000041,경동대학교,강원,사립,대학,30345841.150000002,16970985.6,654683.5360000001,0,47971510.286,60122238.97,79.8,4,Y,2026-08-15T06:00:43.635Z
2023,university,0000086,상지대학교,강원,사립,대학,1516364.8499999978,1303551.054,3780233.013,4831.569,6604980.485999998,46321417.26,14.3,1,Y,2026-08-15T06:00:43.635Z
2023,university,0000147,한라대학교,강원,사립,대학,1332859.2910000002,0,928610.6869999999,0,2261469.978,19822809.62,11.4,1,Y,2026-08-15T06:00:43.635Z
2023,university,0000148,한림대학교,강원,사립,대학,11655860.879999995,55367311.9,25511504.83,0,92534677.60999998,59955174.16,154.3,1,Y,2026-08-15T06:00:43.635Z
2023,university,0000044,가천대학교,경기,사립,대학,10424186.899999991,86981130.18,15338745.559999999,0,112744062.64,188602327.6,59.8,1,Y,2026-08-15T06:00:43.635Z
2023,university,0000034,가톨릭대학교,경기,사립,대학,9856658.769999996,80413478.23,43417643.480000004,928242.4,134616022.88,89776142.68,149.9,3,Y,2026-08-15T06:00:43.635Z
2023,university,0000036,강남대학교,경기,사립,대학,3322191.879999999,3449742.419,3311310.868,0,10083245.167,50169873.4,20.1,1,Y,2026-08-15T06:00:43.635Z
2023,university,0000039,경기대학교,경기,사립,대학,19514174.83,53417536.35,7451448.445,2410433.283,82793592.90799999,116511535.5,71.1,2,Y,2026-08-15T06:00:43.635Z
2023,university,0000060,단국대학교,경기,사립,대학,8515534.540000007,28479999.32,24795737.209999997,144802.7,61936073.77000001,222137032.3,27.9,2,Y,2026-08-15T06:00:43.635Z
2023,university,0000068,대진대학교,경기,사립,대학,4753345.41,3464628.103,948369.1379999999,0,9166342.651,54285619.69,16.9,1,Y,2026-08-15T06:00:43.635Z
2023,university,0000078,루터대학교,경기,사립,대학,208847.81799999997,63801.05,102175.29,0,374824.15799999994,2423709.73,15.5,1,Y,2026-08-15T06:00:43.635Z
2023,university,0000079,명지대학교,경기,사립,대학,-5329970.280000001,7219821.836,15965193.878,0,17855045.434,128887718.2,13.9,2,Y,2026-08-15T06:00:43.635Z
2023,university,0000090,서울신학대학교,경기,사립,대학,2315162.708999999,9268303.14,183153.443,0,11766619.292,17601668.93,66.8,1,Y,2026-08-15T06:00:43.635Z
2023,university,0000092,서울장신대학교,경기,사립,대학,333001.3969999999,420000.513,32573.888,0,785575.798,4157677.24,18.9,1,Y,2026-08-15T06:00:43.635Z
2023,university,0000095,성결대학교,경기,사립,대학,2094058.210000001,50762563.07,1464396.739,0,54321018.019,37830809.04,143.6,1,Y,2026-08-15T06:00:43.635Z
2023,university,0000101,수원가톨릭대학교,경기,사립,대학,869931.622,33982277.41,0,0,34852209.032,911250.05,3824.7,1,Y,2026-08-15T06:00:43.635Z
2023,university,0000102,수원대학교,경기,사립,대학,66999695.480000004,402566572.4,5818419.096999999,880,475385566.977,67322387.4,706.1,1,Y,2026-08-15T06:00:43.635Z
2023,university,0000509,신한대학교,경기,사립,대학,2083930.9800000004,849076.389,1107905.4300000002,0,4040912.7990000006,55944820.98,7.2,2,Y,2026-08-15T06:00:43.635Z
2023,university,0000558,아신대학교,경기,사립,대학,25662.592999999877,213448.395,19675.045000000002,0,258786.03299999988,5423448.34,4.8,1,Y,2026-08-15T06:00:43.635Z
2023,university,0000108,아주대학교,경기,사립,대학,8374124.109999999,97029554.17,22380963.04,2004885.686,129789527.006,126332540.9,102.7,1,Y,2026-08-15T06:00:43.635Z
2023,university,0000109,안양대학교,경기,사립,대학,2059521.8599999994,8249728.99,3314203.3259999994,0,13623454.175999999,37602240.1,36.2,2,Y,2026-08-15T06:00:43.635Z
2023,university,0000115,용인대학교,경기,사립,대학,895963.7300000004,89111196.56,658985.2,0,90666145.49000001,46149273,196.5,1,Y,2026-08-15T06:00:43.635Z
2023,university,0000130,중앙승가대학교,경기,사립,대학,552994.077,1011589.602,0,0,1564583.679,556225.69,281.3,1,Y,2026-08-15T06:00:43.635Z
2023,university,0000139,차의과학대학교,경기,사립,대학,18003170.409999996,29829074.97,5101172.580000001,3022000,55955417.95999999,28921760.21,193.5,1,Y,2026-08-15T06:00:43.635Z
2023,university,0000136,칼빈대학교,경기,사립,대학,269560.6830000002,449730.166,0,0,719290.8490000002,13359057.84,5.4,1,Y,2026-08-15T06:00:43.635Z
2023,university,0000138,평택대학교,경기,사립,대학,2727546.8100000005,451967.771,395273.828,0,3574788.409000001,26001282.18,13.7,1,Y,2026-08-15T06:00:43.635Z
2023,university,0000562,한국공학대학교,경기,사립,대학,10300373.379999995,16968114.57,10310980.725,24763.742,37604232.416999996,60865635.62,61.8,1,Y,2026-08-15T06:00:43.635Z
2023,university,0000144,한국항공대학교,경기,사립,대학,2413568.740000002,6992639.75,7259359.823999999,6194178.402,22859746.716000002,38195169.2,59.8,1,Y,2026-08-15T06:00:43.635Z
2023,university,0000151,한세대학교,경기,사립,대학,1987421.3340000007,31496883.71,31979.203999999998,0,33516284.248,23046639.84,145.4,1,Y,2026-08-15T06:00:43.635Z
2023,university,0000152,한신대학교,경기,사립,대학,2589433.110000003,29951639.89,751817.2540000001,0,33292890.254000004,38504388.01,86.5,1,Y,2026-08-15T06:00:43.635Z
2023,university,0000156,협성대학교,경기,사립,대학,-40321.49000000022,6365886.681,408314.02300000004,0,6733879.214,29082962.91,23.2,1,Y,2026-08-15T06:00:43.635Z
2023,university,0000567,화성의과학대학교,경기,사립,대학,-528515.4539999999,501500,128653.98199999999,0,101638.52800000008,2760569.24,3.7,1,Y,2026-08-15T06:00:43.635Z
2023,university,0000032,가야대학교,경남,사립,대학,2219706.834,16877044.58,230120.78899999996,0,19326872.202999998,12007894.72,161,2,Y,2026-08-15T06:00:43.635Z
2023,university,0000040,경남대학교,경남,사립,대학,11585004.349999998,77736064.72,4488786.279999999,0,93809855.35,64813106.01,144.7,1,Y,2026-08-15T06:00:43.635Z
2023,university,0000167,부산장신대학교,경남,사립,대학,3185197.864,727278.54,0,0,3912476.404,1937504.37,201.9,1,Y,2026-08-15T06:00:43.635Z
2023,university,0000181,영산대학교,경남,사립,대학,0,0,0,0,0,0,,2,N,2026-08-15T06:00:43.635Z
2023,university,0000122,인제대학교,경남,사립,대학,3258887.9700000025,58764929.62,15298923.149999999,80636.82,77403377.56,63450977.27,122,2,Y,2026-08-15T06:00:43.635Z
2023,university,0000193,창신대학교,경남,사립,대학,1229786.46,11444155.42,60953.52899999998,0,12734895.408999998,13079137.89,97.4,1,Y,2026-08-15T06:00:43.635Z
2023,university,0000174,한국국제대학교,경남,사립,대학,0,0,0,0,0,0,,1,N,2026-08-15T06:00:43.635Z
2023,university,0000188,경운대학교,경북,사립,대학,1444078.5700000003,400053.128,2415269.119,0,4259400.817,34261725.17,12.4,1,Y,2026-08-15T06:00:43.635Z
2023,university,0000045,경일대학교,경북,사립,대학,9714986.450000001,12086789.46,4778243.022,0,26580018.932000004,47554682.99,55.9,1,Y,2026-08-15T06:00:43.635Z
2023,university,0000046,경주대학교,경북,사립,대학,-10460343.780000001,0,176467.534,0,-10283876.246000001,5359488.52,-191.9,1,Y,2026-08-15T06:00:43.635Z
2023,university,0000185,김천대학교,경북,사립,대학,1009553.1710000001,0,62944.76799999998,0,1072497.939,16730773.71,6.4,1,Y,2026-08-15T06:00:43.635Z
2023,university,0000063,대구가톨릭대학교,경북,사립,대학,7109124.1000000015,67180196.56,5540543.3780000005,0,79829864.038,84516040.54,94.5,1,Y,2026-08-15T06:00:43.635Z
2023,university,0000061,대구대학교,경북,사립,대학,12622574.579999998,104575497.596,4651359.392,4500,121853931.568,115422609.3,105.6,1,Y,2026-08-15T06:00:43.635Z
2023,university,0000062,대구예술대학교,경북,사립,대학,2331804.8370000003,4848505.989,134028.71,0,7314339.536,3277671.86,223.2,1,Y,2026-08-15T06:00:43.635Z
2023,university,0000042,대구한의대학교,경북,사립,대학,3915198.580000002,10263523.59,5289931.03,0,19468653.200000003,48290502.51,40.3,1,Y,2026-08-15T06:00:43.635Z
2023,university,0000065,대신대학교,경북,사립,대학,487582.05000000005,1187776.975,26635.8,0,1701994.8250000002,3523074.22,48.3,1,Y,2026-08-15T06:00:43.635Z
2023,university,0000076,동양대학교,경북,사립,대학,-2219859.5490000015,0,983225.989,0,-1236633.5600000015,27614029.14,-4.5,2,Y,2026-08-15T06:00:43.635Z
2023,university,0000111,영남대학교,경북,사립,대학,22725145,158597093.2,29246561.029999997,635.16,210569434.39,169931656.2,123.9,1,Y,2026-08-15T06:00:43.635Z
2023,university,0000112,영남신학대학교,경북,사립,대학,-82105.80300000007,360724.1,1098.174,0,279716.4709999999,3624403.667,7.7,1,Y,2026-08-15T06:00:43.635Z
2023,university,0000119,위덕대학교,경북,사립,대학,417360.2340000002,2731055.1689999998,533111.2589999998,100000,3781526.6619999995,16234536.86,23.3,1,Y,2026-08-15T06:00:43.635Z
2023,university,0000140,포항공과대학교,경북,사립,대학,53594844.14,93863701.87,83437986.2,31625700.497,262522232.707,26820883.37,978.8,1,Y,2026-08-15T06:00:43.635Z
2023,university,0000146,한동대학교,경북,사립,대학,15696137.099999998,7959320.453,3352424.6949999994,78004,27085886.247999996,31441856.47,86.1,1,Y,2026-08-15T06:00:43.635Z
2023,university,0000052,광신대학교,광주,사립,대학,209773.97600000002,28469.223,0,0,238243.19900000002,5377221.75,4.4,1,Y,2026-08-15T06:00:43.635Z
2023,university,0000176,광주대학교,광주,사립,대학,9097972.950000001,12707134.5,2986461.642,0,24791569.092000004,37543726.64,66,1,Y,2026-08-15T06:00:43.635Z
2023,university,0000055,광주여자대학교,광주,사립,대학,4085515.7929999996,14120000,641826.51,0,18847342.303,22747680.49,82.9,1,Y,2026-08-15T06:00:43.635Z
2023,university,0000162,남부대학교,광주,사립,대학,3273710.751,16421858.12,598946.5859999999,0,20294515.457,18989062.48,106.9,1,Y,2026-08-15T06:00:43.635Z
2023,university,0000187,송원대학교,광주,사립,대학,1241702.6459999997,0,98882.95900000003,0,1340585.6049999997,17803698.27,7.5,1,Y,2026-08-15T06:00:43.635Z
2023,university,0000127,조선대학교,광주,사립,대학,10813525.900000006,64655030.618999995,14238397.73,0,89706954.249,137839890.7,65.1,1,Y,2026-08-15T06:00:43.635Z
2023,university,0000157,호남대학교,광주,사립,대학,7083929.870000001,181897470.252,3178156.868,50000,192209556.99,48674776.37,394.9,1,Y,2026-08-15T06:00:43.635Z
2023,university,0000158,호남신학대학교,광주,사립,대학,1529900.3280000002,1121802.732,0,0,2651703.0600000005,4272719.96,62.1,1,Y,2026-08-15T06:00:43.635Z
2023,university,0000048,계명대학교,대구,사립,대학,15264140.17000001,260859293.2,16156570.785,270000,292550004.15500003,158962355.4,184,1,Y,2026-08-15T06:00:43.635Z
2023,university,0000067,대전대학교,대전,사립,대학,8835334.977999998,25435501.44,5505492.65,0,39776329.067999996,61681834.35,64.5,1,Y,2026-08-15T06:00:43.635Z
2023,university,0000182,대전신학대학교,대전,사립,대학,-507710.594,0,0,0,-507710.594,783874.67,-64.8,1,Y,2026-08-15T06:00:43.635Z
2023,university,0000080,목원대학교,대전,사립,대학,4969876.199999999,1144967.513,5499097.747,5000,11618941.46,51973769.75,22.4,1,Y,2026-08-15T06:00:43.635Z
2023,university,0000081,배재대학교,대전,사립,대학,6742065.300000001,25030152.12,3391588.779,500,35164306.199,53496788.13,65.7,1,Y,2026-08-15T06:00:43.635Z
2023,university,0000184,우송대학교,대전,사립,대학,9170193.580000002,47336471.35,1279134.156,0,57785799.08600001,77163331.23,74.9,1,Y,2026-08-15T06:00:43.635Z
2023,university,0000120,을지대학교,대전,사립,대학,20541630.28,148115042.6,6191762.782,37090.24,174885525.902,39673746.26,440.8,3,Y,2026-08-15T06:00:43.635Z
2023,university,0000551,한국침례신학대학교,대전,사립,대학,1031010.6690000002,23699892.34,0,0,24730903.009,8722069.77,283.5,1,Y,2026-08-15T06:00:43.635Z
2023,university,0000145,한남대학교,대전,사립,대학,8373924.139999997,11225765.34,3964591.8829999994,0,23564281.362999998,82066090.58,28.7,1,Y,2026-08-15T06:00:43.635Z
2023,university,0000043,경성대학교,부산,사립,대학,6212336.379999995,2814236.696,4734366.336999999,0,13760939.412999995,80362779.87,17.1,1,Y,2026-08-15T06:00:43.635Z
2023,university,0000050,고신대학교,부산,사립,대학,1675462.2749999985,4756264.231,908282.636,0,7340009.141999998,24914152.24,29.5,1,Y,2026-08-15T06:00:43.635Z
2023,university,0000180,동명대학교,부산,사립,대학,4293854.859999999,22513912.36,4502540.81,0,31310308.029999997,47258991.39,66.3,1,Y,2026-08-15T06:00:43.635Z
2023,university,0000073,동서대학교,부산,사립,대학,7638246.290000003,33097978.75,683393.8170000003,0,41419618.85700001,59479492.22,69.6,1,Y,2026-08-15T06:00:43.635Z
2023,university,0000075,동아대학교,부산,사립,대학,5441130.039999992,51959233.72,20559220.639999997,0,77959584.39999999,139493098.4,55.9,1,Y,2026-08-15T06:00:43.635Z
2023,university,0000077,동의대학교,부산,사립,대학,3998647.980000004,6775361.234,7815708.489,0,18589717.703000005,95156994.47,19.5,1,Y,2026-08-15T06:00:43.635Z
2023,university,0000082,부산가톨릭대학교,부산,사립,대학,1819563.9130000006,25195776.7,1643619.3730000001,681000,29339959.985999998,24012433.77,122.2,1,Y,2026-08-15T06:00:43.635Z
2023,university,0000083,부산외국어대학교,부산,사립,대학,4491858.9399999995,35733818.58,2434623.437,80000,42740300.956999995,42208168.43,101.3,1,Y,2026-08-15T06:00:43.635Z
2023,university,0000106,신라대학교,부산,사립,대학,7134120.2200000025,7186449.048,1302376.5750000002,0,15622945.843000002,46153414.97,33.9,1,Y,2026-08-15T06:00:43.635Z
2023,university,0000035,감리교신학대학교,서울,사립,대학,3402740.957,17122359.812999997,18723.509000000005,0,20543824.278999995,7236508.369,283.9,1,Y,2026-08-15T06:00:43.635Z
2023,university,0000565,강서대학교,서울,사립,대학,305494.801,15129588.79,75205.482,0,15510289.072999999,10629653.11,145.9,1,Y,2026-08-15T06:00:43.635Z
2023,university,0000037,건국대학교,서울,사립,대학,12775589.5,102411764.93300001,37319705.13,995799.01,153502858.573,230009484.1,66.7,2,Y,2026-08-15T06:00:43.635Z
2023,university,0000047,경희대학교,서울,사립,대학,4417713.099999994,141008329.9,59724373.37,5549353.025,210699769.395,304022097.4,69.3,1,Y,2026-08-15T06:00:43.635Z
2023,university,0000049,고려대학교,서울,사립,대학,31312508.799999982,418684965.31,103864118.80000001,176729.71,554038322.6200001,370357889.5,149.6,2,Y,2026-08-15T06:00:43.635Z
2023,university,0000053,광운대학교,서울,사립,대학,4565298.019999996,21048031.76,15337732.635000002,42107,40993169.415,77906965.85,52.6,1,Y,2026-08-15T06:00:43.635Z
2023,university,0000056,국민대학교,서울,사립,대학,1639238.5899999961,156235411.6,-14410751.019,15311382.34,158775281.511,156170435.7,101.7,1,Y,2026-08-15T06:00:43.635Z
2023,university,0000070,덕성여자대학교,서울,사립,대학,1215542.6700000018,67966725.414,3728051.8470000005,0,72910319.93100001,40439891.68,180.3,1,Y,2026-08-15T06:00:43.635Z
2023,university,0000071,동국대학교,서울,사립,대학,26853275.49000001,92926621.72,34507483.06,1573400,155860780.27,211828189.3,73.6,2,Y,2026-08-15T06:00:43.635Z
2023,university,0000072,동덕여자대학교,서울,사립,대학,2370512.2300000004,204212404.4,1923876.396,265594.172,208772387.19799998,51619150.16,404.4,1,Y,2026-08-15T06:00:43.635Z
2023,university,0000084,삼육대학교,서울,사립,대학,8056474.669999998,37771413.02,2463099.6399999997,0,48290987.33,48986029.07,98.6,1,Y,2026-08-15T06:00:43.635Z
2023,university,0000085,상명대학교,서울,사립,대학,4877601.450000003,30268652.33,12191804.958999999,0,47338058.739,102362273.4,46.2,2,Y,2026-08-15T06:00:43.635Z
2023,university,0000087,서강대학교,서울,사립,대학,3021638,60938146.13,5410284.5299999975,69236.072,69439304.732,114268672.7,60.8,1,Y,2026-08-15T06:00:43.635Z
2023,university,0000088,서경대학교,서울,사립,대학,2461007.41,30566596.42,2568855.0569999996,0,35596458.887,52451574.59,67.9,1,Y,2026-08-15T06:00:43.635Z
2023,university,0000069,서울기독대학교,서울,사립,대학,-1056363.485,0,24753.199,0,-1031610.2860000001,3226845.333,-32,1,Y,2026-08-15T06:00:43.635Z
2023,university,0000091,서울여자대학교,서울,사립,대학,2327127.3999999985,40583003,4274022.771,3597,47187750.171,51820066.1,91.1,1,Y,2026-08-15T06:00:43.635Z
2023,university,0000539,서울한영대학교,서울,사립,대학,-1893811.9010000005,0,151.028,0,-1893660.8730000006,6120885.622,-30.9,1,Y,2026-08-15T06:00:43.635Z
2023,university,0000096,성공회대학교,서울,사립,대학,500102.51399999985,2204725.236,1681606.12,0,4386433.87,16270096.76,27,1,Y,2026-08-15T06:00:43.635Z
2023,university,0000097,성균관대학교,서울,사립,대학,64136334,397098797.8,-20076820.5,5295395.5,446453706.8,292651796.9,152.6,1,Y,2026-08-15T06:00:43.635Z
2023,university,0000098,성신여자대학교,서울,사립,대학,5556195.509999998,56342077.21,6458581.642000001,0,68356854.362,80046860.51,85.4,1,Y,2026-08-15T06:00:43.635Z
2023,university,0000100,세종대학교,서울,사립,대학,7404995.719999999,106856159.5,16687279.849999998,57915,131006350.07,137405100.4,95.3,1,Y,2026-08-15T06:00:43.635Z
2023,university,0000103,숙명여자대학교,서울,사립,대학,3372933.1799999997,206336743.8,19376751.8,6420165.743,235506594.52300003,105055898.4,224.2,1,Y,2026-08-15T06:00:43.635Z
2023,university,0000105,숭실대학교,서울,사립,대학,25408620.340000004,123332514.195,11278107.41,0,160019241.945,141435307.5,113.1,1,Y,2026-08-15T06:00:43.635Z
2023,university,0000110,연세대학교,서울,사립,대학,39651158.100000024,616576488.18,88906794.10000002,1396083.5,746530523.88,419752485.4,177.9,2,Y,2026-08-15T06:00:43.635Z
2023,university,0000121,이화여자대학교,서울,사립,대학,13611194.309999987,609739401.2,37737516.940000005,823509.783,661911622.233,207938667.4,318.3,1,Y,2026-08-15T06:00:43.635Z
2023,university,0000125,장로회신학대학교,서울,사립,대학,525578.1009999998,42559411.73,0,0,43084989.831,15841301.43,272,1,Y,2026-08-15T06:00:43.635Z
2023,university,0000129,중앙대학교,서울,사립,대학,9250702.599999994,106186168.244,29493831.439999998,2018120,146948822.28399998,268725756.9,54.7,2,Y,2026-08-15T06:00:43.635Z
2023,university,0000133,총신대학교,서울,사립,대학,3102260.3500000015,44853337.272,420574.52899999986,0,48376172.151,22251853.16,217.4,1,Y,2026-08-15T06:00:43.635Z
2023,university,0000134,추계예술대학교,서울,사립,대학,414668.02100000065,169965.5,47801.031,0,632434.5520000006,11969413.18,5.3,1,Y,2026-08-15T06:00:43.635Z
2023,university,0000142,한국성서대학교,서울,사립,대학,412344.355,375682.177,46126.378000000004,0,834152.91,7786420,10.7,1,Y,2026-08-15T06:00:43.635Z
2023,university,0000143,한국외국어대학교,서울,사립,대학,9202799.488000007,13697543.04,7758469.329999998,6300,30665111.858000003,142384265.5,21.5,1,Y,2026-08-15T06:00:43.635Z
2023,university,0000150,한성대학교,서울,사립,대학,5812818.489999998,11776711.78,4921171.81,0,22510702.079999994,58621527.94,38.4,1,Y,2026-08-15T06:00:43.635Z
2023,university,0000153,한양대학교,서울,사립,대학,40491818.900000006,239608131.5,56138945.7,38383435.62,374622331.71999997,370553738.9,101.1,2,Y,2026-08-15T06:00:43.635Z
2023,university,0000160,홍익대학교,서울,사립,대학,39019266.60000001,789439994.3,14869732.241999999,0,843328993.142,197491221.4,427,2,Y,2026-08-15T06:00:43.635Z
2023,university,0000066,대전가톨릭대학교,세종,사립,대학,90060.018,3318709.527,0,0,3408769.545,335560,1015.8,1,Y,2026-08-15T06:00:43.635Z
2023,university,0000117,울산대학교,울산,사립,대학,36997190.580000006,62617067.382,25940714.980000004,0,125554972.94200002,95827810.36,131,1,Y,2026-08-15T06:00:43.635Z
2023,university,0000123,인천가톨릭대학교,인천,사립,대학,798401.5900000003,5275935.319,129595.98500000002,0,6203932.894,6062726.796,102.3,2,Y,2026-08-15T06:00:43.635Z
2023,university,0000124,인하대학교,인천,사립,대학,4045277.8599999994,33755600.5,13142762.450000003,1029273.94,51972914.75,170922488.3,30.4,1,Y,2026-08-15T06:00:43.635Z
2023,university,0000054,광주가톨릭대학교,전남,사립,대학,186394.308,17344111,0,0,17530505.308,0,,1,Y,2026-08-15T06:00:43.635Z
2023,university,0000074,동신대학교,전남,사립,대학,3125922.5999999996,6195934.933,2603631.109,1430270.748,13355759.39,42018400.88,31.8,1,Y,2026-08-15T06:00:43.635Z
2023,university,0000166,목포가톨릭대학교,전남,사립,대학,328425.75699999987,3500865.761,55772.846000000005,0,3885064.3639999996,3281371.33,118.4,1,Y,2026-08-15T06:00:43.635Z
2023,university,0000064,세한대학교,전남,사립,대학,2041680.0539999995,37200174.427,1220720.024,0,40462574.504999995,23651942.84,171.1,1,Y,2026-08-15T06:00:43.635Z
2023,university,0000114,영산선학대학교,전남,사립,대학,21893.97,200000,0,0,221893.97,67000,331.2,1,Y,2026-08-15T06:00:43.635Z
2023,university,0000190,초당대학교,전남,사립,대학,2400598.0260000005,28601842.040999997,1588.0409999999974,0,31004028.108,18221748.3,170.1,1,Y,2026-08-15T06:00:43.635Z
2023,university,0000173,예수대학교,전북,사립,대학,886303.2980000002,300000,25027.621,0,1211330.9190000002,3414171.66,35.5,1,Y,2026-08-15T06:00:43.635Z
2023,university,0000164,예원예술대학교,전북,사립,대학,262760.77600000007,0,6380.389999999999,0,269141.1660000001,11165390.38,2.4,2,Y,2026-08-15T06:00:43.635Z
2023,university,0000116,우석대학교,전북,사립,대학,5459628.450000001,12505477.66,4310407.625999999,504500,22780013.735999998,49069944.16,46.4,1,Y,2026-08-15T06:00:43.635Z
2023,university,0000118,원광대학교,전북,사립,대학,16147911.020000003,41184618.118,17332774.64,0,74665303.778,104370997.2,71.5,1,Y,2026-08-15T06:00:43.635Z
2023,university,0000126,전주대학교,전북,사립,대학,11319391.579999998,19289196.35,7104571.198999999,0,37713159.129,71511525.65,52.7,1,Y,2026-08-15T06:00:43.635Z
2023,university,0000155,한일장신대학교,전북,사립,대학,-766911.3489999999,464158.923,92759.055,0,-209993.37099999993,5998204.834,-3.5,1,Y,2026-08-15T06:00:43.635Z
2023,university,0000223,호원대학교,전북,사립,대학,2637498.17,566671.448,224294.36700000003,0,3428463.985,34247190.18,10,1,Y,2026-08-15T06:00:43.635Z
2023,university,0000192,제주국제대학교,제주,사립,대학,-8130639.126,107656,220050.08299999998,0,-7802933.0430000005,3112664,-250.7,1,Y,2026-08-15T06:00:43.635Z
2023,university,0000038,건양대학교,충남,사립,대학,11156182.280000001,96490641.32,4192669.5000000005,0,111839493.1,48164101.24,232.2,2,Y,2026-08-15T06:00:43.635Z
2023,university,0000169,금강대학교,충남,사립,대학,1009272.4909999999,1012581.871,343836.52999999997,0,2365690.892,1101988.334,214.7,1,Y,2026-08-15T06:00:43.635Z
2023,university,0000059,나사렛대학교,충남,사립,대학,3243280.4800000004,6751783.944,465560.38999999996,0,10460624.814000001,34449980.48,30.4,1,Y,2026-08-15T06:00:43.635Z
2023,university,0000189,남서울대학교,충남,사립,대학,6327533.829999998,19387782.29,2271431.501,1502500,29489247.621,73303654.29,40.2,1,Y,2026-08-15T06:00:43.635Z
2023,university,0000131,백석대학교,충남,사립,대학,6283845.799999997,70431155.125,5130117.317999999,0,81845118.243,108822942,75.2,1,Y,2026-08-15T06:00:43.635Z
2023,university,0000094,선문대학교,충남,사립,대학,2819528.5,46991040.98,6009826.183000001,0,55820395.662999995,66927928.74,83.4,1,Y,2026-08-15T06:00:43.635Z
2023,university,0000104,순천향대학교,충남,사립,대학,4317418.68,61692110.333,15395332.969999999,105000,81509861.983,94255081.44,86.5,1,Y,2026-08-15T06:00:43.635Z
2023,university,0000128,중부대학교,충남,사립,대학,3615462.225999999,1722323.513,3210595.3609999996,0,8548381.099999998,60115053.39,14.2,1,Y,2026-08-15T06:00:43.635Z
2023,university,0000225,청운대학교,충남,사립,대학,2900899.59,3229729.564,1199653.9,0,7330283.054,39668810.38,18.5,1,Y,2026-08-15T06:00:43.635Z
2023,university,0000141,한국기술교육대학교,충남,사립,대학,12159842.5,6497784.889,13246740.269999998,0,31904367.658999994,19879628.83,160.5,1,Y,2026-08-15T06:00:43.635Z
2023,university,0000149,한서대학교,충남,사립,대학,6984868.049999997,2556720.504,3080877.8210000005,0,12622466.374999998,51771464.72,24.4,1,Y,2026-08-15T06:00:43.635Z
2023,university,0000159,호서대학교,충남,사립,대학,12095887.719999999,59968197.79,19987838.477,770022.8,92821946.78699999,103189941,90,1,Y,2026-08-15T06:00:43.635Z
2023,university,0000557,가톨릭꽃동네대학교,충북,사립,대학,551400.9210000001,3355753.963,53806.884,0,3960961.768,3318157.668,119.4,1,Y,2026-08-15T06:00:43.635Z
2023,university,0000058,극동대학교,충북,사립,대학,-597982.6909999996,7238.419,374689.552,0,-216054.71999999962,22301410.19,-1,1,Y,2026-08-15T06:00:43.635Z
2023,university,0000093,서원대학교,충북,사립,대학,6373369.680000003,26855660.31,1940155.2010000001,0,35169185.191,43499906.48,80.8,1,Y,2026-08-15T06:00:43.635Z
2023,university,0000099,세명대학교,충북,사립,대학,3687743.5299999993,107670606.5,10161324.207,0,121519674.237,45067151.51,269.6,1,Y,2026-08-15T06:00:43.635Z
2023,university,0000113,유원대학교,충북,사립,대학,1778423.2490000008,0,127643.46199999982,0,1906066.7110000006,22065422.41,8.6,1,Y,2026-08-15T06:00:43.635Z
2023,university,0000183,중원대학교,충북,사립,대학,2471266.412999999,631868.107,1739246.1320000002,0,4842380.651999999,23242096.72,20.8,1,Y,2026-08-15T06:00:43.635Z
2023,university,0000132,청주대학교,충북,사립,대학,15111624.5,263998632.1,2062406.5609999998,0,281172663.161,88862264.65,316.4,1,Y,2026-08-15T06:00:43.635Z
2023,junior-college,0000347,강릉영동대학교,강원,사립,전문대학,2652355.1059999997,15673.253,309181.563,0,2977209.922,13847792.71,21.5,1,Y,2026-08-15T06:00:43.635Z
2023,junior-college,0000378,강원관광대학교,강원,사립,전문대학,0,0,0,0,0,0,,1,N,2026-08-15T06:00:43.635Z
2023,junior-college,0000348,세경대학교,강원,사립,전문대학,4144967.4689999996,9179216.707,626079.338,0,13950263.513999999,4001107.58,348.7,1,Y,2026-08-15T06:00:43.635Z
2023,junior-college,0000393,송곡대학교,강원,사립,전문대학,506153.3260000001,6364.105,519109.94499999995,0,1031627.376,4306988.104,24,1,Y,2026-08-15T06:00:43.635Z
2023,junior-college,0000390,송호대학교,강원,사립,전문대학,-539127.4740000002,0,15754.17700000001,0,-523373.29700000014,4549566.115,-11.5,1,Y,2026-08-15T06:00:43.635Z
2023,junior-college,0000542,한국골프대학교,강원,사립,전문대학,-179651.652,36725.759,-54622.372,0,-197548.265,3251815,-6.1,1,Y,2026-08-15T06:00:43.635Z
2023,junior-college,0000383,한림성심대학교,강원,사립,전문대학,3156907.1449999996,13678700.76,1019521.1269999999,0,17855129.032,14475915.6,123.3,1,Y,2026-08-15T06:00:43.635Z
2023,junior-college,0000387,경기과학기술대학교,경기,사립,전문대학,4424207.51,0,1011392.3809999999,0,5435599.891,26446618.62,20.6,1,Y,2026-08-15T06:00:43.635Z
2023,junior-college,0000255,경민대학교,경기,사립,전문대학,600556.1569999998,34733.794,1181479.055,0,1816769.0059999996,24658948.32,7.4,1,Y,2026-08-15T06:00:43.635Z
2023,junior-college,0000259,경복대학교,경기,사립,전문대학,4230563.379999999,11761263.81,1824878.4330000002,0,17816705.623,38343805.02,46.5,1,Y,2026-08-15T06:00:43.635Z
2023,junior-college,0000264,계원예술대학교,경기,사립,전문대학,305892.41000000015,5136927.86,504652.771,0,5947473.041,20462488.81,29.1,1,Y,2026-08-15T06:00:43.635Z
2023,junior-college,0000379,국제대학교,경기,사립,전문대학,191792.24399999995,2220699.887,259135.66700000013,0,2671627.7980000004,15695934.11,17,1,Y,2026-08-15T06:00:43.635Z
2023,junior-college,0000277,김포대학교,경기,사립,전문대학,-2856361.501,11343717.45,288026.007,0,8775381.955999998,9772804.29,89.8,1,Y,2026-08-15T06:00:43.635Z
2023,junior-college,0000278,농협대학교,경기,사립,전문대학,397520.34700000007,9484994.452,1913307.7089999998,0,11795822.507999998,1816450.66,649.4,1,Y,2026-08-15T06:00:43.635Z
2023,junior-college,0000285,대림대학교,경기,사립,전문대학,3400538.710000001,48662149.89,2858682.9749999996,0,54921371.575,44615760.97,123.1,1,Y,2026-08-15T06:00:43.635Z
2023,junior-college,0000294,동남보건대학교,경기,사립,전문대학,20912678.049999997,13121617.75,839657.4689999999,0,34873953.268999994,29681542.07,117.5,1,Y,2026-08-15T06:00:43.635Z
2023,junior-college,0000287,동서울대학교,경기,사립,전문대학,4523829.73,16535524.48,2727973.969,0,23787328.179,36873809.14,64.5,1,Y,2026-08-15T06:00:43.635Z
2023,junior-college,0000298,동아방송예술대학교,경기,사립,전문대학,658499.9149999991,1096199.198,457887.83700000006,1800,2214386.9499999993,22053852.32,10,1,Y,2026-08-15T06:00:43.635Z
2023,junior-college,0000302,동원대학교,경기,사립,전문대학,490140.71699999925,5037458.908,310431.664,0,5838031.288999999,15627549.99,37.4,1,Y,2026-08-15T06:00:43.635Z
2023,junior-college,0000305,두원공과대학교,경기,사립,전문대학,14699547.803000001,41872517.57,142940.16599999997,0,56715005.539000005,14108210.39,402,1,Y,2026-08-15T06:00:43.635Z
2023,junior-college,0000316,부천대학교,경기,사립,전문대학,638421.9800000004,26482755.01,3975262.1500000004,0,31096439.14,44216270.12,70.3,1,Y,2026-08-15T06:00:43.635Z
2023,junior-college,0000323,서울예술대학교,경기,사립,전문대학,11197012.360000001,53952767.18,204075.94100000005,0,65353855.481,25528610.99,256,1,Y,2026-08-15T06:00:43.635Z
2023,junior-college,0000392,서정대학교,경기,사립,전문대학,8643757.18,16040080.75,118107.0149999999,0,24801944.945,44961683.51,55.2,1,Y,2026-08-15T06:00:43.635Z
2023,junior-college,0000330,수원과학대학교,경기,사립,전문대학,13801045.413999999,101182800.7,-2483997.928,0,112499848.186,17860575.71,629.9,1,Y,2026-08-15T06:00:43.635Z
2023,junior-college,0000329,수원여자대학교,경기,사립,전문대학,5476015.040000001,35272709.1,736171.6749999998,0,41484895.815,24304677.56,170.7,1,Y,2026-08-15T06:00:43.635Z
2023,junior-college,0000334,신구대학교,경기,사립,전문대학,6105309.050000001,76273626.339,3099725.639,0,85478661.028,39404084.13,216.9,1,Y,2026-08-15T06:00:43.635Z
2023,junior-college,0000339,신안산대학교,경기,사립,전문대학,13495479.000999998,1391026.444,389652.157,0,15276157.601999998,13760718.89,111,1,Y,2026-08-15T06:00:43.635Z
2023,junior-college,0000340,안산대학교,경기,사립,전문대학,979741.2330000009,64268340.35,557771.158,0,65805852.741000004,25387297.09,259.2,1,Y,2026-08-15T06:00:43.635Z
2023,junior-college,0000343,여주대학교,경기,사립,전문대학,158378.50600000098,1810713.297,320621.35400000005,10000,2299713.157000001,23481194.33,9.8,1,Y,2026-08-15T06:00:43.635Z
2023,junior-college,0000341,연성대학교,경기,사립,전문대학,6612986.84,108463081.1,1880390.9420000003,0,116956458.882,35126998.5,333,1,Y,2026-08-15T06:00:43.635Z
2023,junior-college,0000350,오산대학교,경기,사립,전문대학,563438.4900000002,60794543.53,2740212.6160000004,0,64098194.63600001,26027441.36,246.3,1,Y,2026-08-15T06:00:43.635Z
2023,junior-college,0000559,용인예술과학대학교,경기,사립,전문대학,1047874.1529999999,13933491.97,1214097.699,0,16195463.822,17889682.15,90.5,1,Y,2026-08-15T06:00:43.635Z
2023,junior-college,0000394,웅지세무대학교,경기,사립,전문대학,-5482356.449,0,-1491.201,0,-5483847.65,3195804.81,-171.6,1,Y,2026-08-15T06:00:43.635Z
2023,junior-college,0000355,유한대학교,경기,사립,전문대학,2411934.5700000003,32573390.96,1116842.949,0,36102168.479,25488868.16,141.6,1,Y,2026-08-15T06:00:43.635Z
2023,junior-college,0000358,장안대학교,경기,사립,전문대학,5422856.402000001,12280220.03,77879.74199999997,0,17780956.174,14526505.01,122.4,1,Y,2026-08-15T06:00:43.635Z
2023,junior-college,0000374,청강문화산업대학교,경기,사립,전문대학,4455761.290000001,47875748.92,2202209.452,0,54533719.662,25735185.61,211.9,1,Y,2026-08-15T06:00:43.635Z
2023,junior-college,0000391,한국관광대학교,경기,사립,전문대학,819422.7050000005,51651715.4,38727.992,0,52509866.096999995,7228301.475,726.4,1,Y,2026-08-15T06:00:43.635Z
2023,junior-college,0000251,거제대학교,경남,사립,전문대학,659624.091,1956639.306,1247314.807,0,3863578.204,6073951.01,63.6,1,Y,2026-08-15T06:00:43.635Z
2023,junior-college,0000395,김해대학교,경남,사립,전문대학,94799.83000000007,1189235.148,431750.4729999999,0,1715785.451,8346900.835,20.6,1,Y,2026-08-15T06:00:43.635Z
2023,junior-college,0000342,동원과학기술대학교,경남,사립,전문대학,790356.3150000004,39286884.05,747120.6070000001,0,40824360.971999995,12144564.3,336.2,1,Y,2026-08-15T06:00:43.635Z
2023,junior-college,0000306,마산대학교,경남,사립,전문대학,-5660.492999998853,76140400.8,378681.7819999999,0,76513422.089,29619104.83,258.3,1,Y,2026-08-15T06:00:43.635Z
2023,junior-college,0000530,연암공과대학교,경남,사립,전문대학,2861245.3869999996,2002389.603,947490.537,2500,5813625.526999999,6495463.759,89.5,1,Y,2026-08-15T06:00:43.635Z
2023,junior-college,0000369,진주보건대학교,경남,사립,전문대학,3912409.6450000005,109834238.7,983866.594,0,114730514.939,14509826.41,790.7,1,Y,2026-08-15T06:00:43.635Z
2023,junior-college,0000528,창원문성대학교,경남,사립,전문대학,508089.1000000001,40911064.46,2147211.594,0,43566365.154,7342669.76,593.3,1,Y,2026-08-15T06:00:43.635Z
2023,junior-college,0000396,한국승강기대학교,경남,사립,전문대학,924862.185,2585812.764,398072.74700000003,0,3908747.696,3675162.614,106.4,1,Y,2026-08-15T06:00:43.635Z
2023,junior-college,0000249,가톨릭상지대학교,경북,사립,전문대학,574024.5980000002,5958121.636,1260997.832,0,7793144.066,10169314.43,76.6,1,Y,2026-08-15T06:00:43.635Z
2023,junior-college,0000293,경북과학대학교,경북,사립,전문대학,2042664.5099999998,0,177915.761,0,2220580.2709999997,10001238.54,22.2,1,Y,2026-08-15T06:00:43.635Z
2023,junior-college,0000523,경북보건대학교,경북,사립,전문대학,353433.7039999999,1059473.288,405397.74900000007,0,1818304.741,7039225.91,25.8,1,Y,2026-08-15T06:00:43.635Z
2023,junior-college,0000258,경북전문대학교,경북,사립,전문대학,9676266.01,23948677.979999997,404330.99,0,34029274.98,14203910.19,239.6,1,Y,2026-08-15T06:00:43.635Z
2023,junior-college,0000268,구미대학교,경북,사립,전문대학,13600797.129999999,70773886.05,6184969.2299999995,1123613.231,91683265.641,30561459.83,300,1,Y,2026-08-15T06:00:43.635Z
2023,junior-college,0000279,대경대학교,경북,사립,전문대학,-1659815.114,0,905369.714,0,-754445.4,21780920.26,-3.5,1,Y,2026-08-15T06:00:43.635Z
2023,junior-college,0000309,문경대학교,경북,사립,전문대학,518959.08199999994,855358.151,480934.04300000006,0,1855251.276,4413044.058,42,1,Y,2026-08-15T06:00:43.635Z
2023,junior-college,0000262,서라벌대학교,경북,사립,전문대학,391723.18000000005,18337.289,188679.58299999998,0,598740.052,3581599.54,16.7,1,Y,2026-08-15T06:00:43.635Z
2023,junior-college,0000380,선린대학교,경북,사립,전문대학,3274144.068000001,11535610.24,1429577.699,0,16239332.007000003,10915106.51,148.8,1,Y,2026-08-15T06:00:43.635Z
2023,junior-college,0000547,성운대학교,경북,사립,전문대학,844418.979,1507567.611,972932.529,0,3324919.119,7510467.5,44.3,1,Y,2026-08-15T06:00:43.635Z
2023,junior-college,0000338,안동과학대학교,경북,사립,전문대학,292991.8870000001,8985725.936,115739.16599999997,0,9394456.989,12125437.42,77.5,1,Y,2026-08-15T06:00:43.635Z
2023,junior-college,0000257,영남외국어대학,경북,사립,전문대학,2794103.118,5293364.907,0,0,8087468.024999999,2253635.5,358.9,1,Y,2026-08-15T06:00:43.635Z
2023,junior-college,0000381,포항대학교,경북,사립,전문대학,95904.86600000039,2344849.1,1329287.1809999999,0,3770041.1470000003,8946960.329,42.1,1,Y,2026-08-15T06:00:43.635Z
2023,junior-college,0000522,호산대학교,경북,사립,전문대학,524375.6289999997,1289085.765,370928.154,0,2184389.5479999995,11434728.64,19.1,1,Y,2026-08-15T06:00:43.635Z
2023,junior-college,0000267,광주보건대학교,광주,사립,전문대학,470626.95299999975,4624203.131,638571.091,0,5733401.175,17764662.54,32.3,1,Y,2026-08-15T06:00:43.635Z
2023,junior-college,0000273,기독간호대학교,광주,사립,전문대학,74989.29300000006,2593778.277,889068.154,0,3557835.724,3117859.263,114.1,1,Y,2026-08-15T06:00:43.635Z
2023,junior-college,0000297,동강대학교,광주,사립,전문대학,-2271608.3550000004,1083302.4600000002,170272.41,0,-1018033.4850000002,12341741.88,-8.2,1,Y,2026-08-15T06:00:43.635Z
2023,junior-college,0000320,서영대학교,광주,사립,전문대학,-334939.98500000034,0,527514.018,0,192574.0329999997,26365278.75,0.7,1,Y,2026-08-15T06:00:43.635Z
2023,junior-college,0000366,조선간호대학교,광주,사립,전문대학,196967.5460000001,6764235.266,43106.83,0,7004309.642,3912879.65,179,1,Y,2026-08-15T06:00:43.635Z
2023,junior-college,0000365,조선이공대학교,광주,사립,전문대학,1281045.9639999997,34561309.52,1129569.3640000003,0,36971924.848000005,15189197.32,243.4,1,Y,2026-08-15T06:00:43.635Z
2023,junior-college,0000263,계명문화대학교,대구,사립,전문대학,1327731.0189999994,49365689.45,1027212.5699999998,0,51720633.039000005,25192458.17,205.3,1,Y,2026-08-15T06:00:43.635Z
2023,junior-college,0000280,대구공업대학교,대구,사립,전문대학,874677.4509999999,7810083.391,248409.851,0,8933170.693,6847841.24,130.5,1,Y,2026-08-15T06:00:43.635Z
2023,junior-college,0000283,대구과학대학교,대구,사립,전문대학,2355245.7920000004,8518567.473,1264893.2089999998,0,12138706.474,24168093.2,50.2,1,Y,2026-08-15T06:00:43.635Z
2023,junior-college,0000281,대구보건대학교,대구,사립,전문대학,2482641.799999999,385984.541,1287637.363,0,4156263.703999999,39977992.86,10.4,1,Y,2026-08-15T06:00:43.635Z
2023,junior-college,0000282,수성대학교,대구,사립,전문대학,951201.6669999999,13232269.61,570110.588,0,14753581.864999998,18613056.96,79.3,1,Y,2026-08-15T06:00:43.635Z
2023,junior-college,0000346,영남이공대학교,대구,사립,전문대학,7657875.119999999,47535939.84,882324.6449999999,0,56076139.605000004,33538682.91,167.2,1,Y,2026-08-15T06:00:43.635Z
2023,junior-college,0000349,영진전문대학교,대구,사립,전문대학,3210705.1799999997,64086425.3,4885110.534,6363,72188604.01399998,39945859.81,180.7,1,Y,2026-08-15T06:00:43.635Z
2023,junior-college,0000376,대덕대학교,대전,사립,전문대학,2408534.124,16265194.65,513231.563,0,19186960.337,9149173.623,209.7,1,Y,2026-08-15T06:00:43.635Z
2023,junior-college,0000512,대전과학기술대학교,대전,사립,전문대학,616023.8939999994,5293735.9,1342497.218,0,7252257.012,22554340.02,32.2,1,Y,2026-08-15T06:00:43.635Z
2023,junior-college,0000288,대전보건대학교,대전,사립,전문대학,1016244.3330000006,35206805.37,2002534.6480000003,0,38225584.350999996,24749041.16,154.5,1,Y,2026-08-15T06:00:43.635Z
2023,junior-college,0000289,우송정보대학,대전,사립,전문대학,1450939.8600000003,29606774.68,287935.887,0,31345650.426999997,18549736.4,169,1,Y,2026-08-15T06:00:43.635Z
2023,junior-college,0000253,경남정보대학교,부산,사립,전문대학,4633487.546,18012138.43,1232567.643,0,23878193.619,31918695.79,74.8,1,Y,2026-08-15T06:00:43.635Z
2023,junior-college,0000284,대동대학교,부산,사립,전문대학,361509.1340000001,4990134.488,693696.657,0,6045340.278999999,8379528.067,72.1,1,Y,2026-08-15T06:00:43.635Z
2023,junior-college,0000303,동의과학대학교,부산,사립,전문대학,779551.5959999999,5470117.249,1900305.7139999997,0,8149974.558999999,22459331.33,36.3,1,Y,2026-08-15T06:00:43.635Z
2023,junior-college,0000313,부산경상대학교,부산,사립,전문대학,520258.57700000005,11865149.5,1405524.8479999998,0,13790932.924999999,10381278.56,132.8,1,Y,2026-08-15T06:00:43.635Z
2023,junior-college,0000315,부산과학기술대학교,부산,사립,전문대학,773979.1090000002,3621314.817,1773236.9100000001,0,6168530.836,18530722.73,33.3,1,Y,2026-08-15T06:00:43.635Z
2023,junior-college,0000569,부산보건대학교,부산,사립,전문대학,8135550.519,3021921.07,954202.941,0,12111674.53,13458023.04,90,1,Y,2026-08-15T06:00:43.635Z
2023,junior-college,0000314,부산여자대학교,부산,사립,전문대학,4486289.210000001,36944379.14,204493.82699999993,0,41635162.177,10914340.39,381.5,1,Y,2026-08-15T06:00:43.635Z
2023,junior-college,0000388,부산예술대학교,부산,사립,전문대학,-215517.5240000001,0,32960.997,0,-182556.5270000001,3377087.624,-5.4,1,Y,2026-08-15T06:00:43.635Z
2023,junior-college,0000300,동양미래대학교,서울,사립,전문대학,2020301.089999998,78129000.02,1202550.1560000002,2000000,83351851.266,36584576.72,227.8,1,Y,2026-08-15T06:00:43.635Z
2023,junior-college,0000307,명지전문대학,서울,사립,전문대학,2754756.780000001,32726230.23,176088.48400000003,0,35657075.494,40225315.59,88.6,1,Y,2026-08-15T06:00:43.635Z
2023,junior-college,0000310,배화여자대학교,서울,사립,전문대학,1241497.5259999996,12911818.415000001,930076.4010000001,0,15083392.342,15031611.97,100.3,1,Y,2026-08-15T06:00:43.635Z
2023,junior-college,0000317,삼육보건대학교,서울,사립,전문대학,475532.21499999985,4369493.746,52080.975999999995,0,4897106.937,7009952.03,69.9,1,Y,2026-08-15T06:00:43.635Z
2023,junior-college,0000321,서울여자간호대학교,서울,사립,전문대학,763758.0260000001,3268080.646,358327.68100000004,0,4390166.353,5516768.244,79.6,1,Y,2026-08-15T06:00:43.635Z
2023,junior-college,0000324,서일대학교,서울,사립,전문대학,35796625.82,16240932.557,856809.8500000001,0,52894368.227000006,33627822.92,157.3,1,Y,2026-08-15T06:00:43.635Z
2023,junior-college,0000333,숭의여자대학교,서울,사립,전문대학,5477433.078000002,47449992.32,22675.127,0,52950100.525,17353731.06,305.1,1,Y,2026-08-15T06:00:43.635Z
2023,junior-college,0000356,인덕대학교,서울,사립,전문대학,2693074.379999999,8131745.787,680760.674,175080,11680660.841,36674558.81,31.8,1,Y,2026-08-15T06:00:43.635Z
2023,junior-college,0000384,한양여자대학교,서울,사립,전문대학,8692264.46,81947598.8,2235085.1619999995,0,92874948.42199999,40417111.99,229.8,1,Y,2026-08-15T06:00:43.635Z
2023,junior-college,0000353,한국영상대학교,세종,사립,전문대학,2716709.6400000006,17459296.968,4437281.858,0,24613288.466,17583169.16,140,1,Y,2026-08-15T06:00:43.635Z
2023,junior-college,0000352,울산과학대학교,울산,사립,전문대학,3073763.8900000006,19001441.62,4982954.782,0,27058160.292000003,31282664.21,86.5,1,Y,2026-08-15T06:00:43.635Z
2023,junior-college,0000375,춘해보건대학교,울산,사립,전문대학,883501.2470000004,14944195.7,1561111.644,0,17388808.591000002,15062110.88,115.4,1,Y,2026-08-15T06:00:43.635Z
2023,junior-college,0000261,경인여자대학교,인천,사립,전문대학,1566506.5099999998,64931453.26,1219226.824,0,67717186.594,23152328.23,292.5,1,Y,2026-08-15T06:00:43.635Z
2023,junior-college,0000292,인천재능대학교,인천,사립,전문대학,2967962.818,21480133.52,1218373.783,0,25666470.121,16563776.23,155,1,Y,2026-08-15T06:00:43.635Z
2023,junior-college,0000357,인하공업전문대학,인천,사립,전문대학,819843.7899999991,64083888.55,1884745.7000000002,0,66788478.04,43900050.85,152.1,1,Y,2026-08-15T06:00:43.635Z
2023,junior-college,0000272,고구려대학교,전남,사립,전문대학,-6105105.976000001,1.983,29551.541000000012,0,-6075552.4520000005,5168944.5,-117.5,1,Y,2026-08-15T06:00:43.635Z
2023,junior-college,0000266,광양보건대학교,전남,사립,전문대학,-8426101.75,0,48050.868,0,-8378050.882,662680,-1264.3,1,Y,2026-08-15T06:00:43.635Z
2023,junior-college,0000532,동아보건대학교,전남,사립,전문대학,1230163.0860000001,2329737.792,69651.43199999999,0,3629552.31,4966745.159,73.1,1,Y,2026-08-15T06:00:43.635Z
2023,junior-college,0000308,목포과학대학교,전남,사립,전문대학,4103447.467,5698764.357,631857.9959999998,0,10434069.82,13050805.44,79.9,1,Y,2026-08-15T06:00:43.635Z
2023,junior-college,0000331,순천제일대학교,전남,사립,전문대학,13070729.182,18543293.349,990672.7409999999,0,32604695.272,12660707.01,257.5,1,Y,2026-08-15T06:00:43.635Z
2023,junior-college,0000360,전남과학대학교,전남,사립,전문대학,2738451.386,21060675.45,2314237.837,50000,26163364.673,15651680.86,167.2,1,Y,2026-08-15T06:00:43.635Z
2023,junior-college,0000332,청암대학교,전남,사립,전문대학,616353.4479999999,2569693.225,693477.3019999999,0,3879523.9749999996,12019669.45,32.3,1,Y,2026-08-15T06:00:43.635Z
2023,junior-college,0000546,한영대학교,전남,사립,전문대학,1215585.421,2399263.415,1217263.01,0,4832111.846,8038710.02,60.1,1,Y,2026-08-15T06:00:43.635Z
2023,junior-college,0000250,군산간호대학교,전북,사립,전문대학,560678.1359999999,2262070.28,303864.021,0,3126612.437,7188297.5,43.5,1,Y,2026-08-15T06:00:43.635Z
2023,junior-college,0000270,군장대학교,전북,사립,전문대학,1209689.7729999996,0,1757609.1490000002,0,2967298.922,8630936.832,34.4,1,Y,2026-08-15T06:00:43.635Z
2023,junior-college,0000311,백제예술대학교,전북,사립,전문대학,25148.341000000015,2410937.485,2452.664,0,2438538.4899999998,5993840.084,40.7,1,Y,2026-08-15T06:00:43.635Z
2023,junior-college,0000354,원광보건대학교,전북,사립,전문대학,6485233.733,21470373.91,1503166.3679999998,0,29458774.011,22983257.02,128.2,1,Y,2026-08-15T06:00:43.635Z
2023,junior-college,0000362,전북과학대학교,전북,사립,전문대학,21845441.734,10427641.05,196386.956,0,32469469.740000002,8431708.282,385.1,1,Y,2026-08-15T06:00:43.635Z
2023,junior-college,0000274,전주기전대학,전북,사립,전문대학,1137200.929,4691948.295,355388.73699999996,0,6184537.960999999,8961862.781,69,1,Y,2026-08-15T06:00:43.635Z
2023,junior-college,0000361,전주비전대학교,전북,사립,전문대학,13585831.78,2661784.051,1799857.9039999999,0,18047473.735,18103998.19,99.7,1,Y,2026-08-15T06:00:43.635Z
2023,junior-college,0000363,제주관광대학교,제주,사립,전문대학,410453.101,39527.183,443250.869,0,893231.153,6598541.822,13.5,1,Y,2026-08-15T06:00:43.635Z
2023,junior-college,0000382,제주한라대학교,제주,사립,전문대학,6352397.699,3360902.674,358309.6830000002,0,10071610.056,20636100.89,48.8,1,Y,2026-08-15T06:00:43.635Z
2023,junior-college,0000373,백석문화대학교,충남,사립,전문대학,638241.0899999999,38963071.55,1428161.287,0,41029473.927,28219927.82,145.4,1,Y,2026-08-15T06:00:43.635Z
2023,junior-college,0000335,신성대학교,충남,사립,전문대학,1499049.4509999994,9438492.238,1066682.824,0,12004224.513,17316206.85,69.3,1,Y,2026-08-15T06:00:43.635Z
2023,junior-college,0000568,아주자동차대학교,충남,사립,전문대학,580276.588,5459168.645,833190.8420000001,0,6872636.074999999,5215290.19,131.8,1,Y,2026-08-15T06:00:43.635Z
2023,junior-college,0000529,연암대학교,충남,사립,전문대학,1716928.5239999993,560978.925,182893.00899999985,0,2460800.4579999987,6880528.65,35.8,1,Y,2026-08-15T06:00:43.635Z
2023,junior-college,0000386,혜전대학교,충남,사립,전문대학,896629.6260000002,31908136.29,205477.38000000006,0,33010243.296,15209498.63,217,1,Y,2026-08-15T06:00:43.635Z
2023,junior-college,0000271,강동대학교,충북,사립,전문대학,631376.7879999997,287564.072,37048.202,0,955989.0619999997,17720770.78,5.4,1,Y,2026-08-15T06:00:43.635Z
2023,junior-college,0000286,대원대학교,충북,사립,전문대학,912747.4859999996,10384546.22,1035602.621,0,12332896.327,10714718.75,115.1,1,Y,2026-08-15T06:00:43.635Z
2023,junior-college,0000367,충북보건과학대학교,충북,사립,전문대학,1352166.6070000008,1746834.372,1103311.473,0,4202312.4520000005,12846972.05,32.7,1,Y,2026-08-15T06:00:43.635Z
2023,junior-college,0000377,충청대학교,충북,사립,전문대학,1025374.3789999997,11366280.15,674093.677,0,13065748.205999998,17727903.15,73.7,1,Y,2026-08-15T06:00:43.635Z
2024,university,0000513,가톨릭관동대학교,강원,사립,대학,4426249.550000001,13401559.92,1638859.0760000004,10080,19476748.546,39737246.2,49,1,Y,2026-08-15T06:00:43.635Z
2024,university,0000041,경동대학교,강원,사립,대학,19715550.16,18883694.56,675923.7750000001,0,39275168.495,62381385.43,63,4,Y,2026-08-15T06:00:43.635Z
2024,university,0000086,상지대학교,강원,사립,대학,1697992.7659999994,1379955.054,3202503.957,305741.015,6586192.7919999985,45868789.71,14.4,1,Y,2026-08-15T06:00:43.635Z
2024,university,0000147,한라대학교,강원,사립,대학,531893.1739999996,0,981297.4220000001,0,1513190.596,19358217.2,7.8,1,Y,2026-08-15T06:00:43.635Z
2024,university,0000148,한림대학교,강원,사립,대학,9440396.490000002,58489826.04,28066486.290000003,0,95996708.82000001,55148671.39,174.1,1,Y,2026-08-15T06:00:43.635Z
2024,university,0000044,가천대학교,경기,사립,대학,16698873.480000004,101357730.1,21990015,0,140046618.57999998,198884892.1,70.4,1,Y,2026-08-15T06:00:43.635Z
2024,university,0000034,가톨릭대학교,경기,사립,대학,12561916.740000002,87612447.22,46666935.94,2957438.9,149798738.8,89773776.21,166.9,3,Y,2026-08-15T06:00:43.635Z
2024,university,0000036,강남대학교,경기,사립,대학,2959608.120000001,5291144.211,3396331.4349999996,5000,11652083.766,49873888.63,23.4,1,Y,2026-08-15T06:00:43.635Z
2024,university,0000039,경기대학교,경기,사립,대학,18262155.550000004,57085140.13,7175659.046,2200000,84722954.72600001,113769486,74.5,2,Y,2026-08-15T06:00:43.635Z
2024,university,0000060,단국대학교,경기,사립,대학,4678288.810000002,39160275.13,21575917.710000005,148002.7,65562484.35000001,218149660.8,30.1,2,Y,2026-08-15T06:00:43.635Z
2024,university,0000068,대진대학교,경기,사립,대학,4718208.129999999,3400676.934,912405.4079999999,0,9031290.472,58288153.3,15.5,1,Y,2026-08-15T06:00:43.635Z
2024,university,0000078,루터대학교,경기,사립,대학,880.3360000000102,66825.347,98736.264,0,166441.947,2283308.367,7.3,1,Y,2026-08-15T06:00:43.635Z
2024,university,0000079,명지대학교,경기,사립,대학,3412077.75,5453963.432,17501876.688,0,26367917.87,130493844.3,20.2,2,Y,2026-08-15T06:00:43.635Z
2024,university,0000090,서울신학대학교,경기,사립,대학,1954392.7520000003,9369605.425,254206.92399999997,0,11578205.101000002,17522324.55,66.1,1,Y,2026-08-15T06:00:43.635Z
2024,university,0000092,서울장신대학교,경기,사립,대학,545317.7659999998,460549.351,20220.68,0,1026087.7969999999,3954301.133,25.9,1,Y,2026-08-15T06:00:43.635Z
2024,university,0000095,성결대학교,경기,사립,대학,3099291.4299999997,54208772.35,1484508.018,0,58792571.798,37754593.76,155.7,1,Y,2026-08-15T06:00:43.635Z
2024,university,0000101,수원가톨릭대학교,경기,사립,대학,465921.76399999997,35850819.49,0,0,36316741.254,782015.67,4644,1,Y,2026-08-15T06:00:43.635Z
2024,university,0000102,수원대학교,경기,사립,대학,52548689.2,415133774.9,8274809.689,930,475958203.789,65575642.48,725.8,1,Y,2026-08-15T06:00:43.635Z
2024,university,0000509,신한대학교,경기,사립,대학,3398124.6999999993,977707.635,1034571.0249999999,0,5410403.359999999,62069565.59,8.7,2,Y,2026-08-15T06:00:43.635Z
2024,university,0000558,아신대학교,경기,사립,대학,-157026.63899999997,97263.2,43083.463,0,-16679.975999999966,4991023,-0.3,1,Y,2026-08-15T06:00:43.635Z
2024,university,0000108,아주대학교,경기,사립,대학,12781655.17000001,101450176.9,20837432.03999999,2362.15,135071626.26000002,128896091.4,104.8,1,Y,2026-08-15T06:00:43.635Z
2024,university,0000109,안양대학교,경기,사립,대학,2405210.049999999,8385409.855,3330412.995,0,14121032.899999999,37446477.35,37.7,2,Y,2026-08-15T06:00:43.635Z
2024,university,0000115,용인대학교,경기,사립,대학,683543.75,81420723.23,722729.3779999999,0,82826996.35800001,45554818,181.8,1,Y,2026-08-15T06:00:43.635Z
2024,university,0000130,중앙승가대학교,경기,사립,대학,625534.483,860407.312,0,0,1485941.795,572773.668,259.4,1,Y,2026-08-15T06:00:43.635Z
2024,university,0000139,차의과학대학교,경기,사립,대학,6117273.660000002,40472959.94,5309140.682,3034000,54933374.282000005,27073877.61,202.9,1,Y,2026-08-15T06:00:43.635Z
2024,university,0000136,칼빈대학교,경기,사립,대학,375282.3130000001,871182.047,0,0,1246464.36,15677359.45,8,1,Y,2026-08-15T06:00:43.635Z
2024,university,0000138,평택대학교,경기,사립,대학,793142.6300000008,467719.576,292794.411,0,1553656.6170000008,25692994.85,6,1,Y,2026-08-15T06:00:43.635Z
2024,university,0000562,한국공학대학교,경기,사립,대학,15891605.370000001,4538397.974,10148353.669,27763.742,30606120.755,62392359.89,49.1,1,Y,2026-08-15T06:00:43.635Z
2024,university,0000144,한국항공대학교,경기,사립,대학,2572341.7399999984,7036611.693,8887077.459999999,7410124.790000001,25906155.683,39823777.65,65.1,1,Y,2026-08-15T06:00:43.635Z
2024,university,0000151,한세대학교,경기,사립,대학,1548452.8599999994,28761793.26,68446.707,0,30378692.827,23009853.5,132,1,Y,2026-08-15T06:00:43.635Z
2024,university,0000152,한신대학교,경기,사립,대학,1982073.2800000012,30085802.3,1491410.261,0,33559285.841000006,37242170.4,90.1,1,Y,2026-08-15T06:00:43.635Z
2024,university,0000156,협성대학교,경기,사립,대학,1003094.120000001,4457819.189,438958.77399999974,0,5899872.083000001,28153720.25,21,1,Y,2026-08-15T06:00:43.635Z
2024,university,0000567,화성의과학대학교,경기,사립,대학,1365753.178,416278.239,110386.035,0,1892417.452,3260380.89,58,1,Y,2026-08-15T06:00:43.635Z
2024,university,0000032,가야대학교,경남,사립,대학,1613185.3639999996,14155484.58,271597.588,0,16040267.532,11433880.02,140.3,2,Y,2026-08-15T06:00:43.635Z
2024,university,0000040,경남대학교,경남,사립,대학,8073142.009999998,72053865.76,4564490.234,0,84691498.00400001,59575995.48,142.2,1,Y,2026-08-15T06:00:43.635Z
2024,university,0000167,부산장신대학교,경남,사립,대학,2594131.562,1052320.052,0,0,3646451.614,1832492.65,199,1,Y,2026-08-15T06:00:43.635Z
2024,university,0000122,인제대학교,경남,사립,대학,2934462.579999998,54547900.64,14244069.55,82136.82,71808569.58999999,54681259.86,131.3,2,Y,2026-08-15T06:00:43.635Z
2024,university,0000193,창신대학교,경남,사립,대학,889247.6739999996,11988670.46,87185.96100000001,0,12965104.094999999,12515031.93,103.6,1,Y,2026-08-15T06:00:43.635Z
2024,university,0000188,경운대학교,경북,사립,대학,2469998.74,412510.731,2946453.865,0,5828963.336000001,38597780.8,15.1,1,Y,2026-08-15T06:00:43.635Z
2024,university,0000045,경일대학교,경북,사립,대학,9339176.66,14363026.89,5492949.538,0,29195153.088,49216137.85,59.3,1,Y,2026-08-15T06:00:43.635Z
2024,university,0000185,김천대학교,경북,사립,대학,1717959.7650000006,0,64813.89500000002,0,1782773.6600000006,16195332.78,11,1,Y,2026-08-15T06:00:43.635Z
2024,university,0000063,대구가톨릭대학교,경북,사립,대학,3747673.8500000015,67440697.69,5354572.415,0,76542943.955,86462960.38,88.5,1,Y,2026-08-15T06:00:43.635Z
2024,university,0000061,대구대학교,경북,사립,대학,14399522.68,108664872.738,4604636.615999999,4500,127673532.03400001,114171960,111.8,1,Y,2026-08-15T06:00:43.635Z
2024,university,0000062,대구예술대학교,경북,사립,대학,1066103.73,5039459.714,115825.381,0,6221388.825,2125796.666,292.7,1,Y,2026-08-15T06:00:43.635Z
2024,university,0000042,대구한의대학교,경북,사립,대학,11623340.57,7960404.653,5048066.408,0,24631811.631,49378060.58,49.9,1,Y,2026-08-15T06:00:43.635Z
2024,university,0000065,대신대학교,경북,사립,대학,243946.68500000006,1048415.483,27679.396000000004,0,1320041.564,4674219.347,28.2,1,Y,2026-08-15T06:00:43.635Z
2024,university,0000076,동양대학교,경북,사립,대학,-4872409.260000002,0,686924.9379999998,0,-4185484.3220000016,28372215.14,-14.8,2,Y,2026-08-15T06:00:43.635Z
2024,university,0000586,신경주대학교,경북,사립,대학,-11767606.743999999,0,203221.01499999998,0,-11564385.728999998,8460928.34,-136.7,1,Y,2026-08-15T06:00:43.635Z
2024,university,0000111,영남대학교,경북,사립,대학,19213766.069999993,170574581.2,31184410.749999996,635.16,220973393.17999998,168882380.8,130.8,1,Y,2026-08-15T06:00:43.635Z
2024,university,0000112,영남신학대학교,경북,사립,대학,499769.561,2953608.214,1218.608,0,3454596.3830000004,3814240.201,90.6,1,Y,2026-08-15T06:00:43.635Z
2024,university,0000119,위덕대학교,경북,사립,대학,785168.4079999998,3390289.345,624342.9460000002,100000,4899800.699,15197636.03,32.2,1,Y,2026-08-15T06:00:43.635Z
2024,university,0000140,포항공과대학교,경북,사립,대학,54786228.54,97350462.96,96562039.71,5486700.4969999995,254185431.707,28387962.17,895.4,1,Y,2026-08-15T06:00:43.635Z
2024,university,0000146,한동대학교,경북,사립,대학,16531207.469999999,12040709.65,2978214.410000001,78004,31628135.529999997,31354770.69,100.9,1,Y,2026-08-15T06:00:43.635Z
2024,university,0000052,광신대학교,광주,사립,대학,324308.618,28469.586,0,0,352778.204,5519421.068,6.4,1,Y,2026-08-15T06:00:43.635Z
2024,university,0000176,광주대학교,광주,사립,대학,4840323.27,12954109.24,3239726.568,0,21034159.077999998,35598682.22,59.1,1,Y,2026-08-15T06:00:43.635Z
2024,university,0000055,광주여자대학교,광주,사립,대학,2722827.8790000007,14779000,659315.9,0,18161143.779,21334241.95,85.1,1,Y,2026-08-15T06:00:43.635Z
2024,university,0000162,남부대학교,광주,사립,대학,1685013.063,18614466.42,389886.59400000004,0,20689366.077000003,17532404.29,118,1,Y,2026-08-15T06:00:43.635Z
2024,university,0000187,송원대학교,광주,사립,대학,702068.4240000001,0,118288.73699999996,0,820357.1610000001,17490050.79,4.7,1,Y,2026-08-15T06:00:43.635Z
2024,university,0000127,조선대학교,광주,사립,대학,7992640.839999996,67622905.992,13324206.02,0,88939752.85199998,138246668,64.3,1,Y,2026-08-15T06:00:43.635Z
2024,university,0000157,호남대학교,광주,사립,대학,6502432.91,193690983.37199998,3289991.49,50000,203533407.77199998,48518344.29,419.5,1,Y,2026-08-15T06:00:43.635Z
2024,university,0000158,호남신학대학교,광주,사립,대학,1410698.3660000002,1165068.217,151.33500000000004,0,2575917.918,4034288.932,63.9,1,Y,2026-08-15T06:00:43.635Z
2024,university,0000048,계명대학교,대구,사립,대학,22586049.429999992,276942741.5,16944069.060000002,270000,316742859.99,163379084.4,193.9,1,Y,2026-08-15T06:00:43.635Z
2024,university,0000067,대전대학교,대전,사립,대학,8423564.513,26623925.27,5809060.466000001,0,40856550.249,58140167.59,70.3,1,Y,2026-08-15T06:00:43.635Z
2024,university,0000182,대전신학대학교,대전,사립,대학,-731375.7690000001,0,0,0,-731375.7690000001,1022172.013,-71.6,1,Y,2026-08-15T06:00:43.635Z
2024,university,0000080,목원대학교,대전,사립,대학,66826552.83,9287129.398,5721632.757000001,5000,81840314.985,51603742.24,158.6,1,Y,2026-08-15T06:00:43.635Z
2024,university,0000081,배재대학교,대전,사립,대학,4061652.0599999987,25017284.25,3892401.776,500,32971838.086,52863930.31,62.4,1,Y,2026-08-15T06:00:43.635Z
2024,university,0000184,우송대학교,대전,사립,대학,10776362.219999999,56066871.37,834384.1570000001,0,67677617.747,78679388.45,86,1,Y,2026-08-15T06:00:43.635Z
2024,university,0000120,을지대학교,대전,사립,대학,18351145.41,144189385.5,4905579.759,37090.24,167483200.909,38634314.79,433.5,3,Y,2026-08-15T06:00:43.635Z
2024,university,0000551,한국침례신학대학교,대전,사립,대학,971049.1499999999,22055532.38,0,0,23026581.529999997,8055872.815,285.8,1,Y,2026-08-15T06:00:43.635Z
2024,university,0000145,한남대학교,대전,사립,대학,12467127.919999998,17637937.22,4377515.29,0,34482580.43,80962197.32,42.6,1,Y,2026-08-15T06:00:43.635Z
2024,university,0000043,경성대학교,부산,사립,대학,1859877.4599999934,6983811.191,5201090.149,0,14044778.799999993,87169578.14,16.1,1,Y,2026-08-15T06:00:43.635Z
2024,university,0000050,고신대학교,부산,사립,대학,1813896.715999999,5070213.627,745960.411,0,7630070.754,21362326.64,35.7,1,Y,2026-08-15T06:00:43.635Z
2024,university,0000180,동명대학교,부산,사립,대학,3394727.42,20934848.14,4163434.9999999995,0,28493010.560000002,47465531.43,60,1,Y,2026-08-15T06:00:43.635Z
2024,university,0000073,동서대학교,부산,사립,대학,8788527.170000002,33187192.06,869878.7590000001,0,42845597.98900001,58021613.27,73.8,1,Y,2026-08-15T06:00:43.635Z
2024,university,0000075,동아대학교,부산,사립,대학,4575522.3000000045,63627765.11,23924626.410000004,0,92127913.82,141919084.4,64.9,1,Y,2026-08-15T06:00:43.635Z
2024,university,0000077,동의대학교,부산,사립,대학,3878009.030000001,8168983.51,9683059.517,0,21730052.057000004,99775930.16,21.8,1,Y,2026-08-15T06:00:43.635Z
2024,university,0000082,부산가톨릭대학교,부산,사립,대학,1862559.346,24930586.02,1577937.8869999999,0,28371083.253,24288152.01,116.8,1,Y,2026-08-15T06:00:43.635Z
2024,university,0000083,부산외국어대학교,부산,사립,대학,2459536.039999999,41060830.17,2425815.767,80000,46026181.977,42416091.22,108.5,1,Y,2026-08-15T06:00:43.635Z
2024,university,0000106,신라대학교,부산,사립,대학,6075059.6499999985,7178892.541,1455541.617,0,14709493.808,45202695.77,32.5,1,Y,2026-08-15T06:00:43.635Z
2024,university,0000181,영산대학교,부산,사립,대학,3892178.8500000015,2989210.601,1281131.119,10000,8172520.570000001,35157630.79,23.2,2,Y,2026-08-15T06:00:43.635Z
2024,university,0000035,감리교신학대학교,서울,사립,대학,4014786.861,16396950.713,20224.630999999994,0,20431962.205000002,7387470,276.6,1,Y,2026-08-15T06:00:43.635Z
2024,university,0000565,강서대학교,서울,사립,대학,274341.2770000007,15998317.29,70420.454,0,16343079.021,12348334.88,132.4,1,Y,2026-08-15T06:00:43.635Z
2024,university,0000037,건국대학교,서울,사립,대학,16034474.299999997,107040221.55,36704315.8,1743099.01,161522110.65999997,230867218.8,70,2,Y,2026-08-15T06:00:43.635Z
2024,university,0000047,경희대학교,서울,사립,대학,4546735.300000012,139941302.6,61999340.75000001,7856749.07,214344127.72,303069353.5,70.7,1,Y,2026-08-15T06:00:43.635Z
2024,university,0000049,고려대학교,서울,사립,대학,21502031,452931950.63,107850333,179185,582463499.63,384122625.6,151.6,2,Y,2026-08-15T06:00:43.635Z
2024,university,0000053,광운대학교,서울,사립,대학,3065493.1699999943,20969838.842,13974602.413000003,46347,38056281.425,79799260.16,47.7,1,Y,2026-08-15T06:00:43.635Z
2024,university,0000056,국민대학교,서울,사립,대학,2538685.899999991,151720526.6,-6042279.940000001,7223291,155440223.56,156606368.8,99.3,1,Y,2026-08-15T06:00:43.635Z
2024,university,0000070,덕성여자대학교,서울,사립,대학,2221643.0700000003,69009062.984,3886675.0930000003,0,75117381.14699998,40101606.76,187.3,1,Y,2026-08-15T06:00:43.635Z
2024,university,0000071,동국대학교,서울,사립,대학,30869085.14999999,98483872.44,30484879.240000002,1066270,160904106.82999998,213109209.1,75.5,2,Y,2026-08-15T06:00:43.635Z
2024,university,0000072,동덕여자대학교,서울,사립,대학,1759744.509999998,206957695.2,2547439.983,0,211264879.693,53042371.39,398.3,1,Y,2026-08-15T06:00:43.635Z
2024,university,0000084,삼육대학교,서울,사립,대학,3305415.169999998,42517388.21,2436291.452,0,48259094.831999995,46510213.45,103.8,1,Y,2026-08-15T06:00:43.635Z
2024,university,0000085,상명대학교,서울,사립,대학,4845680.18,31416580.06,12420257.409000002,0,48682517.649,100561811.5,48.4,2,Y,2026-08-15T06:00:43.635Z
2024,university,0000087,서강대학교,서울,사립,대학,3887750,71014682.29,18515372.04,66091.071,93483895.40100001,120613255.3,77.5,1,Y,2026-08-15T06:00:43.635Z
2024,university,0000088,서경대학교,서울,사립,대학,2294552.490000002,34946057.58,3265698.404,0,40506308.474,54850747.07,73.8,1,Y,2026-08-15T06:00:43.635Z
2024,university,0000069,서울기독대학교,서울,사립,대학,-20203.365000000224,0,40891.725000000006,0,20688.359999999782,6185484.117,0.3,1,Y,2026-08-15T06:00:43.635Z
2024,university,0000091,서울여자대학교,서울,사립,대학,1802614.8200000003,37057409.59,4535486.704,3597,43399108.11400001,53408318.61,81.3,1,Y,2026-08-15T06:00:43.635Z
2024,university,0000539,서울한영대학교,서울,사립,대학,-1617713.9179999996,0,0.05,0,-1617713.8679999996,6146771.372,-26.3,1,Y,2026-08-15T06:00:43.635Z
2024,university,0000096,성공회대학교,서울,사립,대학,609346.4700000001,2163500.355,1514315.364,0,4287162.189,16987074.37,25.2,1,Y,2026-08-15T06:00:43.635Z
2024,university,0000097,성균관대학교,서울,사립,대학,62304566.30000001,377975427.92,-35973196.70000002,15177518.852,419484316.372,294417996.5,142.5,1,Y,2026-08-15T06:00:43.635Z
2024,university,0000098,성신여자대학교,서울,사립,대학,5096883.369999997,58937532.6,7220956.984000001,0,71255372.954,81187655.51,87.8,1,Y,2026-08-15T06:00:43.635Z
2024,university,0000100,세종대학교,서울,사립,대학,12417279.019999996,96432233.43,16870942.810000002,59465,125779920.26,149666761.4,84,1,Y,2026-08-15T06:00:43.635Z
2024,university,0000103,숙명여자대학교,서울,사립,대학,3624531.3999999985,203453717.8,23381108.839999996,4122204.967,234581563.00700003,106336116.8,220.6,1,Y,2026-08-15T06:00:43.635Z
2024,university,0000105,숭실대학교,서울,사립,대학,32035416.779999994,134685410.695,10217959.839999996,0,176938787.315,144041793.3,122.8,1,Y,2026-08-15T06:00:43.635Z
2024,university,0000110,연세대학교,서울,사립,대학,34335945.69999999,652904626.02,100434560.89999998,2465633.1,790140765.72,416768298.5,189.6,2,Y,2026-08-15T06:00:43.635Z
2024,university,0000121,이화여자대학교,서울,사립,대학,12025698.75,638734921.8,40170915.910000004,912504.973,691844041.433,212724749.7,325.2,1,Y,2026-08-15T06:00:43.635Z
2024,university,0000125,장로회신학대학교,서울,사립,대학,329585.71800000034,44369652.36,0,0,44699238.078,16474320.05,271.3,1,Y,2026-08-15T06:00:43.635Z
2024,university,0000129,중앙대학교,서울,사립,대학,11790905.900000006,97403726.528,29158471.319999993,4034390,142387493.748,263901737.1,54,2,Y,2026-08-15T06:00:43.635Z
2024,university,0000133,총신대학교,서울,사립,대학,2663453.200000001,52762234.758,442747.926,0,55868435.884,24323937.32,229.7,1,Y,2026-08-15T06:00:43.635Z
2024,university,0000134,추계예술대학교,서울,사립,대학,173601.4110000003,164965.5,35490.675,0,374057.5860000003,11328706.65,3.3,1,Y,2026-08-15T06:00:43.635Z
2024,university,0000142,한국성서대학교,서울,사립,대학,471533.1740000001,483752.304,46687.45400000003,0,1001972.9320000001,7465730.5,13.4,1,Y,2026-08-15T06:00:43.635Z
2024,university,0000143,한국외국어대학교,서울,사립,대학,11310544.854000002,15504975.61,7376766.38,6300,34198586.844000004,145004906.5,23.6,1,Y,2026-08-15T06:00:43.635Z
2024,university,0000150,한성대학교,서울,사립,대학,5285540.460000001,11912339.74,5027371.130000001,0,22225251.330000006,59751615.52,37.2,1,Y,2026-08-15T06:00:43.635Z
2024,university,0000153,한양대학교,서울,사립,대학,41614946.900000006,271742579,90465668.89999998,6758662.228,410581857.02799994,378647909.6,108.4,2,Y,2026-08-15T06:00:43.635Z
2024,university,0000160,홍익대학교,서울,사립,대학,57803313.099999994,823350425.2,15797086.222000001,0,896950824.5220001,199294532.5,450.1,2,Y,2026-08-15T06:00:43.635Z
2024,university,0000066,대전가톨릭대학교,세종,사립,대학,99399.47499999998,2366454.67,0,0,2465854.145,303460,812.6,1,Y,2026-08-15T06:00:43.635Z
2024,university,0000117,울산대학교,울산,사립,대학,28266456.389999993,80321127.485,27971219.730000004,0,136558803.60500002,90987056.91,150.1,1,Y,2026-08-15T06:00:43.635Z
2024,university,0000123,인천가톨릭대학교,인천,사립,대학,310210.47399999993,5615777.759,63633.81499999997,0,5989622.0479999995,6002919.468,99.8,2,Y,2026-08-15T06:00:43.635Z
2024,university,0000124,인하대학교,인천,사립,대학,3809265.11999999,34501934.32,14091528.440000005,180728.94,52583456.81999999,173503635.9,30.3,1,Y,2026-08-15T06:00:43.635Z
2024,university,0000054,광주가톨릭대학교,전남,사립,대학,128071.63100000001,15365769,0,0,15493840.631,0,,1,Y,2026-08-15T06:00:43.635Z
2024,university,0000074,동신대학교,전남,사립,대학,3330807.99,7459348.023,3380443.8889999995,1394502.19,15565102.091999998,42958652.49,36.2,1,Y,2026-08-15T06:00:43.635Z
2024,university,0000166,목포가톨릭대학교,전남,사립,대학,104722.16399999999,3601553.346,64782.365999999995,0,3771057.8759999997,3161994.32,119.3,1,Y,2026-08-15T06:00:43.635Z
2024,university,0000064,세한대학교,전남,사립,대학,3078956.1569999997,44576389.249,1469226.837,0,49124572.24299999,24555610.31,200.1,1,Y,2026-08-15T06:00:43.635Z
2024,university,0000114,영산선학대학교,전남,사립,대학,24958.454,400000,0,0,424958.454,39000,1089.6,1,Y,2026-08-15T06:00:43.635Z
2024,university,0000190,초당대학교,전남,사립,대학,1397922.244,26252606.668,-19153.532999999996,0,27631375.379,16657692.82,165.9,1,Y,2026-08-15T06:00:43.635Z
2024,university,0000173,예수대학교,전북,사립,대학,239660.689,530000,28001.199,0,797661.888,3251501,24.5,1,Y,2026-08-15T06:00:43.635Z
2024,university,0000164,예원예술대학교,전북,사립,대학,40806.3740000003,0,5134.740999999998,0,45941.115000000296,10873351.05,0.4,2,Y,2026-08-15T06:00:43.635Z
2024,university,0000116,우석대학교,전북,사립,대학,5428546.5,11473735.59,4360832.225,504500,21767614.314999998,49584136.84,43.9,1,Y,2026-08-15T06:00:43.635Z
2024,university,0000118,원광대학교,전북,사립,대학,12608023.14,43373171.813999996,14939872.145000001,2300000,73221067.09899999,98967227.76,74,1,Y,2026-08-15T06:00:43.635Z
2024,university,0000126,전주대학교,전북,사립,대학,8860810.55,18678658.54,7018833.637999999,0,34558302.728,68231208.69,50.6,1,Y,2026-08-15T06:00:43.635Z
2024,university,0000155,한일장신대학교,전북,사립,대학,-1774188.438,468857.303,11781.265,0,-1293549.87,5628580.932,-23,1,Y,2026-08-15T06:00:43.635Z
2024,university,0000223,호원대학교,전북,사립,대학,2517135.149,1057132.748,192528.68000000005,0,3766796.577,33268801.36,11.3,1,Y,2026-08-15T06:00:43.635Z
2024,university,0000192,제주국제대학교,제주,사립,대학,-12480597.324,107038,209439.353,0,-12164119.970999999,2935176,-414.4,1,Y,2026-08-15T06:00:43.635Z
2024,university,0000038,건양대학교,충남,사립,대학,11611481.57,99579863.71,3694127.2969999993,0,114885472.577,45521868.57,252.4,2,Y,2026-08-15T06:00:43.635Z
2024,university,0000169,금강대학교,충남,사립,대학,680193.694,1106459.634,291605.061,0,2078258.3890000002,721268,288.1,1,Y,2026-08-15T06:00:43.635Z
2024,university,0000059,나사렛대학교,충남,사립,대학,3330803.530000001,7648233.653,623132.1910000001,0,11602169.374000002,35051070.58,33.1,1,Y,2026-08-15T06:00:43.635Z
2024,university,0000189,남서울대학교,충남,사립,대학,4916642.23,26914880.99,2194937.785,1502500,35528961.004999995,74009957.94,48,1,Y,2026-08-15T06:00:43.635Z
2024,university,0000131,백석대학교,충남,사립,대학,7219278.880000003,70711093.735,5090079.658,0,83020452.273,113053739.7,73.4,1,Y,2026-08-15T06:00:43.635Z
2024,university,0000094,선문대학교,충남,사립,대학,2393529.969999999,47071338.68,5711692.498000001,0,55176561.148,64817764.35,85.1,1,Y,2026-08-15T06:00:43.635Z
2024,university,0000104,순천향대학교,충남,사립,대학,4128368.230000004,54065695.358,15556783.420000002,105000,73855847.00800002,91880360.22,80.4,1,Y,2026-08-15T06:00:43.635Z
2024,university,0000128,중부대학교,충남,사립,대학,4548440.09,3798936.63,3093844.165,0,11441220.885,63684329.36,18,1,Y,2026-08-15T06:00:43.635Z
2024,university,0000225,청운대학교,충남,사립,대학,1648651.7999999989,3713459.564,1382888.0289999996,0,6744999.392999997,38510531.27,17.5,1,Y,2026-08-15T06:00:43.635Z
2024,university,0000141,한국기술교육대학교,충남,사립,대학,19292654.019999996,11037825.97,15142618.549999999,0,45473098.53999999,20343809.13,223.5,1,Y,2026-08-15T06:00:43.635Z
2024,university,0000149,한서대학교,충남,사립,대학,11300296,2734544.402,2821725.9809999997,0,16856566.382999998,49233011.96,34.2,1,Y,2026-08-15T06:00:43.635Z
2024,university,0000159,호서대학교,충남,사립,대학,7495416.960000001,72469894.56,19383005.630999997,5536287.61,104884604.761,105231342.6,99.7,1,Y,2026-08-15T06:00:43.635Z
2024,university,0000557,가톨릭꽃동네대학교,충북,사립,대학,564278.1800000002,3550186.725,53359.921,0,4167824.8260000004,3300786.665,126.3,1,Y,2026-08-15T06:00:43.635Z
2024,university,0000058,극동대학교,충북,사립,대학,1997682.7920000013,140775.227,505594.70700000005,0,2644052.726000001,23460067.05,11.3,1,Y,2026-08-15T06:00:43.635Z
2024,university,0000093,서원대학교,충북,사립,대학,7693359.57,27808144.75,1535201.387,0,37036705.707,47919886.4,77.3,1,Y,2026-08-15T06:00:43.635Z
2024,university,0000099,세명대학교,충북,사립,대학,3179002.6400000006,98072171.71,11839737.061999999,0,113090911.412,42016742.21,269.2,1,Y,2026-08-15T06:00:43.635Z
2024,university,0000113,유원대학교,충북,사립,대학,1125237.3360000001,0,250080.55799999996,0,1375317.894,23485965.81,5.9,1,Y,2026-08-15T06:00:43.635Z
2024,university,0000183,중원대학교,충북,사립,대학,2997716.6169999996,1036363.152,1719576.3819999998,0,5753656.150999999,22886479.81,25.1,1,Y,2026-08-15T06:00:43.635Z
2024,university,0000132,청주대학교,충북,사립,대학,12955057.479999997,278883067.9,1822971.8059999999,0,293661097.186,96235545.41,305.1,1,Y,2026-08-15T06:00:43.635Z
2024,junior-college,0000347,강릉영동대학교,강원,사립,전문대학,3264242.972,1325682.812,335193.013,0,4925118.797,17258721.69,28.5,1,Y,2026-08-15T06:00:43.635Z
2024,junior-college,0000348,세경대학교,강원,사립,전문대학,4420208.818,9556846.629,286519.638,0,14263575.085,3760810.047,379.3,1,Y,2026-08-15T06:00:43.635Z
2024,junior-college,0000393,송곡대학교,강원,사립,전문대학,496443.4130000002,6450.045,59548.495999999985,0,562441.9540000001,4356523.671,12.9,1,Y,2026-08-15T06:00:43.635Z
2024,junior-college,0000390,송호대학교,강원,사립,전문대학,255698.45699999994,0,-10189.356,0,245509.10099999994,5192156.321,4.7,1,Y,2026-08-15T06:00:43.635Z
2024,junior-college,0000542,한국골프과학기술대학교,강원,사립,전문대학,201856.2919999999,80148.595,-70491.693,0,211513.19399999987,3502618.5,6,1,Y,2026-08-15T06:00:43.635Z
2024,junior-college,0000383,한림성심대학교,강원,사립,전문대학,3751158.306999999,15630723.91,974667.312,0,20356549.529,13842666.26,147.1,1,Y,2026-08-15T06:00:43.635Z
2024,junior-college,0000387,경기과학기술대학교,경기,사립,전문대학,5478178.339999998,0,795716.3250000001,0,6273894.664999998,25109903.9,25,1,Y,2026-08-15T06:00:43.635Z
2024,junior-college,0000255,경민대학교,경기,사립,전문대학,1303079.9309999992,1536410.534,834110.2849999999,0,3673600.749999999,26026651.38,14.1,1,Y,2026-08-15T06:00:43.635Z
2024,junior-college,0000259,경복대학교,경기,사립,전문대학,3933590.6900000013,15384191.11,-88473.5560000008,0,19229308.244,39524064.43,48.7,1,Y,2026-08-15T06:00:43.635Z
2024,junior-college,0000264,계원예술대학교,경기,사립,전문대학,727120.620000001,2195350.008,600454.6799999999,0,3522925.308000001,20312609.14,17.3,1,Y,2026-08-15T06:00:43.635Z
2024,junior-college,0000379,국제대학교,경기,사립,전문대학,2349387.875,413415.673,287452.48699999996,0,3050256.035,15390749.77,19.8,1,Y,2026-08-15T06:00:43.635Z
2024,junior-college,0000277,김포대학교,경기,사립,전문대학,683938.6170000006,8497975.459,141698.103,0,9323612.179000001,12069568.32,77.2,1,Y,2026-08-15T06:00:43.635Z
2024,junior-college,0000278,농협대학교,경기,사립,전문대학,246121.11400000006,9771891.558,2004907.065,0,12022919.737,1861992.664,645.7,1,Y,2026-08-15T06:00:43.635Z
2024,junior-college,0000285,대림대학교,경기,사립,전문대학,5678765.169999998,48683869.13,3606351.907,0,57968986.206999995,43589252.95,133,1,Y,2026-08-15T06:00:43.635Z
2024,junior-college,0000294,동남보건대학교,경기,사립,전문대학,26213357.04,13488908.96,1145150.4789999998,0,40847416.479,29354339.01,139.2,1,Y,2026-08-15T06:00:43.635Z
2024,junior-college,0000287,동서울대학교,경기,사립,전문대학,4947500.519999998,18171923,2722875.063,0,25842298.582999997,36191376.94,71.4,1,Y,2026-08-15T06:00:43.635Z
2024,junior-college,0000298,동아방송예술대학교,경기,사립,전문대학,1433558.9900000002,1089188.388,644859.746,1950,3169557.124000001,21718719.96,14.6,1,Y,2026-08-15T06:00:43.635Z
2024,junior-college,0000302,동원대학교,경기,사립,전문대학,449079.84500000067,4849072.722,361231.083,0,5659383.65,17477743.24,32.4,1,Y,2026-08-15T06:00:43.635Z
2024,junior-college,0000305,두원공과대학교,경기,사립,전문대학,7584269.460000001,43627381.24,250654.33299999998,0,51462305.033,12999434.11,395.9,1,Y,2026-08-15T06:00:43.635Z
2024,junior-college,0000316,부천대학교,경기,사립,전문대학,3933499.3099999987,18354642.24,4728156.511999999,0,27016298.061999995,43892796.84,61.6,1,Y,2026-08-15T06:00:43.635Z
2024,junior-college,0000323,서울예술대학교,경기,사립,전문대학,9432889.2,59175474.33,260521.309,0,68868884.839,25273306.56,272.5,1,Y,2026-08-15T06:00:43.635Z
2024,junior-college,0000392,서정대학교,경기,사립,전문대학,9909909.96,20561184.44,406766.0490000001,0,30877860.449,51656663.19,59.8,1,Y,2026-08-15T06:00:43.635Z
2024,junior-college,0000330,수원과학대학교,경기,사립,전문대학,5862313.806000001,104518493.6,-497106.86400000006,0,109883700.542,15250048.44,720.5,1,Y,2026-08-15T06:00:43.635Z
2024,junior-college,0000329,수원여자대학교,경기,사립,전문대학,3932354.780000001,37945683.93,866788.0569999999,0,42744826.767,23696509.7,180.4,1,Y,2026-08-15T06:00:43.635Z
2024,junior-college,0000334,신구대학교,경기,사립,전문대학,6562302.109999999,80745745.684,3886547.221,0,91194595.015,39067733.98,233.4,1,Y,2026-08-15T06:00:43.635Z
2024,junior-college,0000339,신안산대학교,경기,사립,전문대학,11452916.862,8293465.349,373479.366,0,20119861.577,14840975.79,135.6,1,Y,2026-08-15T06:00:43.635Z
2024,junior-college,0000340,안산대학교,경기,사립,전문대학,1335774.4399999995,65333480.41,591177.0599999999,0,67260431.91,26450234.52,254.3,1,Y,2026-08-15T06:00:43.635Z
2024,junior-college,0000343,여주대학교,경기,사립,전문대학,2768520.482999999,1846542.115,361103.5619999999,0,4976166.159999999,20054379.98,24.8,1,Y,2026-08-15T06:00:43.635Z
2024,junior-college,0000341,연성대학교,경기,사립,전문대학,3618679.09,113096307,1992061.9030000002,0,118707047.993,35526883.33,334.1,1,Y,2026-08-15T06:00:43.635Z
2024,junior-college,0000350,오산대학교,경기,사립,전문대학,1555530.17,63445688.85,2990334.1270000003,0,67991553.147,26522706.3,256.4,1,Y,2026-08-15T06:00:43.635Z
2024,junior-college,0000559,용인예술과학대학교,경기,사립,전문대학,470245.6749999998,13069149.73,1124383.794,0,14663779.199000001,16780610.89,87.4,1,Y,2026-08-15T06:00:43.635Z
2024,junior-college,0000394,웅지세무대학교,경기,사립,전문대학,-8316381.863999999,0,0,0,-8316381.863999999,2134285.4,-389.7,1,Y,2026-08-15T06:00:43.635Z
2024,junior-college,0000355,유한대학교,경기,사립,전문대학,4155416.3440000005,35400215.33,1615549.322,0,41171180.99599999,25414611.69,162,1,Y,2026-08-15T06:00:43.635Z
2024,junior-college,0000358,장안대학교,경기,사립,전문대학,6976067.7530000005,10823200.04,181387.892,0,17980655.685,11994175.94,149.9,1,Y,2026-08-15T06:00:43.635Z
2024,junior-college,0000374,청강문화산업대학교,경기,사립,전문대학,2233414.17,51363667.6,1840968.141,0,55438049.911000006,26647813.65,208,1,Y,2026-08-15T06:00:43.635Z
2024,junior-college,0000391,한국관광대학교,경기,사립,전문대학,708870.227,49425193.45,102208.021,0,50236271.698,6742193.783,745.1,1,Y,2026-08-15T06:00:43.635Z
2024,junior-college,0000251,거제대학교,경남,사립,전문대학,1000292.071,2583892.986,1299952.935,0,4884137.992000001,6551092.47,74.6,1,Y,2026-08-15T06:00:43.635Z
2024,junior-college,0000395,김해대학교,경남,사립,전문대학,180377.16800000006,614185.306,700727.98,0,1495290.454,8019463.336,18.6,1,Y,2026-08-15T06:00:43.635Z
2024,junior-college,0000342,동원과학기술대학교,경남,사립,전문대학,1519257.2469999995,42298217.03,649690.541,0,44467164.818,12424084.24,357.9,1,Y,2026-08-15T06:00:43.635Z
2024,junior-college,0000306,마산대학교,경남,사립,전문대학,2925132.9860000005,78153802.93,731761.2119999999,0,81810697.128,28885595.39,283.2,1,Y,2026-08-15T06:00:43.635Z
2024,junior-college,0000530,연암공과대학교,경남,사립,전문대학,6473231.224000001,2139385.424,1346737.967,2500,9961854.615000002,6162151.616,161.7,1,Y,2026-08-15T06:00:43.635Z
2024,junior-college,0000369,진주보건대학교,경남,사립,전문대학,4934494.302000001,114678381.1,735397.719,0,120348273.12099999,14583432.12,825.2,1,Y,2026-08-15T06:00:43.635Z
2024,junior-college,0000528,창원문성대학교,경남,사립,전문대학,-19087.67700000014,38656504.56,2243384.237,0,40880801.120000005,5518430.83,740.8,1,Y,2026-08-15T06:00:43.635Z
2024,junior-college,0000396,한국승강기대학교,경남,사립,전문대학,903737.987,2818899.553,381807.025,0,4104444.565,3289266.29,124.8,1,Y,2026-08-15T06:00:43.635Z
2024,junior-college,0000249,가톨릭상지대학교,경북,사립,전문대학,1248865.4870000002,5388973.678,1370700.6269999999,0,8008539.792000001,10166890.88,78.8,1,Y,2026-08-15T06:00:43.635Z
2024,junior-college,0000293,경북과학대학교,경북,사립,전문대학,2841243.8350000004,0,166899.75799999997,0,3008143.5930000003,10844424.9,27.7,1,Y,2026-08-15T06:00:43.635Z
2024,junior-college,0000523,경북보건대학교,경북,사립,전문대학,365598.46999999974,1523829.648,708513.254,0,2597941.3719999995,7164304.55,36.3,1,Y,2026-08-15T06:00:43.635Z
2024,junior-college,0000258,경북전문대학교,경북,사립,전문대학,9505220.603,26108936.71,442455.279,0,36056612.592,14580118.47,247.3,1,Y,2026-08-15T06:00:43.635Z
2024,junior-college,0000268,구미대학교,경북,사립,전문대학,14921321.195999999,73534654.96,6026454.363,1123613.231,95606043.75,32006415.17,298.7,1,Y,2026-08-15T06:00:43.635Z
2024,junior-college,0000279,대경대학교,경북,사립,전문대학,396620.74599999934,0,429296.0240000001,0,825916.7699999994,21349743.98,3.9,1,Y,2026-08-15T06:00:43.635Z
2024,junior-college,0000309,문경대학교,경북,사립,전문대학,760877.845,945552.897,690585.317,0,2397016.0590000004,4056216.126,59.1,1,Y,2026-08-15T06:00:43.635Z
2024,junior-college,0000380,선린대학교,경북,사립,전문대학,1454991.243999999,11570600.88,527536.188,0,13553128.311999999,10628027.05,127.5,1,Y,2026-08-15T06:00:43.635Z
2024,junior-college,0000547,성운대학교,경북,사립,전문대학,339773.0040000002,1953256.579,1118113.598,0,3411143.181,7547008.95,45.2,1,Y,2026-08-15T06:00:43.635Z
2024,junior-college,0000338,안동과학대학교,경북,사립,전문대학,392715.83199999994,9051656.285,90701.98000000001,0,9535074.097000001,11697826.84,81.5,1,Y,2026-08-15T06:00:43.635Z
2024,junior-college,0000257,영남외국어대학,경북,사립,전문대학,2275843.52,5459911.601,0,0,7735755.120999999,2748765,281.4,1,Y,2026-08-15T06:00:43.635Z
2024,junior-college,0000381,포항대학교,경북,사립,전문대학,295775.97399999993,3701486.397,411383.26800000004,0,4408645.6389999995,9078169.691,48.6,1,Y,2026-08-15T06:00:43.635Z
2024,junior-college,0000522,호산대학교,경북,사립,전문대학,591639.2040000004,1333717.781,506832.429,0,2432189.4140000003,13065995.36,18.6,1,Y,2026-08-15T06:00:43.635Z
2024,junior-college,0000267,광주보건대학교,광주,사립,전문대학,965168.2130000005,4934442.263,639638.7219999998,0,6539249.198000001,17610139.09,37.1,1,Y,2026-08-15T06:00:43.635Z
2024,junior-college,0000273,기독간호대학교,광주,사립,전문대학,68472.93499999982,2902749.127,647003.702,0,3618225.764,3152665.943,114.8,1,Y,2026-08-15T06:00:43.635Z
2024,junior-college,0000297,동강대학교,광주,사립,전문대학,1775137.028,3566819.659,149885.37099999998,0,5491842.058,12109507.75,45.4,1,Y,2026-08-15T06:00:43.635Z
2024,junior-college,0000320,서영대학교,광주,사립,전문대학,-20896.550999999978,0,484577.57200000004,0,463681.02100000007,26253334.07,1.8,1,Y,2026-08-15T06:00:43.635Z
2024,junior-college,0000366,조선간호대학교,광주,사립,전문대학,203087.0419999999,7029632.403,45327.315,0,7278046.760000001,3864917.525,188.3,1,Y,2026-08-15T06:00:43.635Z
2024,junior-college,0000365,조선이공대학교,광주,사립,전문대학,911626.4329999997,34648333.42,1421754.359,0,36981714.212,14315192.12,258.3,1,Y,2026-08-15T06:00:43.635Z
2024,junior-college,0000263,계명문화대학교,대구,사립,전문대학,2969802.533,52711258.61,1299227.1199999999,0,56980288.263,25434307.87,224,1,Y,2026-08-15T06:00:43.635Z
2024,junior-college,0000280,대구공업대학교,대구,사립,전문대학,509517.9489999999,7376341.391,210874.58000000002,0,8096733.92,6464032.8,125.3,1,Y,2026-08-15T06:00:43.635Z
2024,junior-college,0000283,대구과학대학교,대구,사립,전문대학,1298659.7740000002,13882644.57,1629435.0750000002,0,16810739.419,24131789.45,69.7,1,Y,2026-08-15T06:00:43.635Z
2024,junior-college,0000281,대구보건대학교,대구,사립,전문대학,2503592.5700000003,484890.823,1396536.551,0,4385019.944,39515534.24,11.1,1,Y,2026-08-15T06:00:43.635Z
2024,junior-college,0000282,수성대학교,대구,사립,전문대학,1100833.2599999998,13938481.17,537484.048,0,15576798.478,19078277,81.6,1,Y,2026-08-15T06:00:43.635Z
2024,junior-college,0000346,영남이공대학교,대구,사립,전문대학,9203990.470999999,51371139.84,1356336.5529999998,0,61931466.86400001,33585121.94,184.4,1,Y,2026-08-15T06:00:43.635Z
2024,junior-college,0000349,영진전문대학교,대구,사립,전문대학,2485582.0999999996,62633193.35,5887553.694,9265.5,71015594.64400001,40046126.08,177.3,1,Y,2026-08-15T06:00:43.635Z
2024,junior-college,0000376,대덕대학교,대전,사립,전문대학,3004316.775,10987028.58,546518.158,0,14537863.513,8385197.918,173.4,1,Y,2026-08-15T06:00:43.635Z
2024,junior-college,0000512,대전과학기술대학교,대전,사립,전문대학,1149203.58,5530637.284,1522168.024,0,8202008.888,22780309.58,36,1,Y,2026-08-15T06:00:43.635Z
2024,junior-college,0000288,대전보건대학교,대전,사립,전문대학,947133.0559999999,34678445.98,2058151.375,0,37683730.411,24801327.2,151.9,1,Y,2026-08-15T06:00:43.635Z
2024,junior-college,0000289,우송정보대학,대전,사립,전문대학,1799309.1220000004,30625379.35,424838.853,0,32849527.325000003,17875931.03,183.8,1,Y,2026-08-15T06:00:43.635Z
2024,junior-college,0000253,경남정보대학교,부산,사립,전문대학,5808154.435,20325924.6,1595851.4700000002,0,27729930.505,29624203.13,93.6,1,Y,2026-08-15T06:00:43.635Z
2024,junior-college,0000284,대동대학교,부산,사립,전문대학,526634.4810000001,5165106.674,387133.571,0,6078874.726,8949837.166,67.9,1,Y,2026-08-15T06:00:43.635Z
2024,junior-college,0000303,동의과학대학교,부산,사립,전문대학,727004.0079999994,6701230.808,1099314.935,0,8527549.751,22021640.9,38.7,1,Y,2026-08-15T06:00:43.635Z
2024,junior-college,0000313,부산경상대학교,부산,사립,전문대학,1970527.8859999995,12278228.47,1470963.6520000002,0,15719720.008000001,9133365,172.1,1,Y,2026-08-15T06:00:43.635Z
2024,junior-college,0000315,부산과학기술대학교,부산,사립,전문대학,556286.9220000003,5658920.858,1119945.796,0,7335153.576,19983055.8,36.7,1,Y,2026-08-15T06:00:43.635Z
2024,junior-college,0000569,부산보건대학교,부산,사립,전문대학,8258842.468,3127805.793,991555.234,0,12378203.495,12909476.77,95.9,1,Y,2026-08-15T06:00:43.635Z
2024,junior-college,0000314,부산여자대학교,부산,사립,전문대학,4868841.229,38314149.61,565815.681,0,43748806.52,10148713.99,431.1,1,Y,2026-08-15T06:00:43.635Z
2024,junior-college,0000388,부산예술대학교,부산,사립,전문대학,86136.88400000008,0,40972.013,0,127108.89700000008,3428362.167,3.7,1,Y,2026-08-15T06:00:43.635Z
2024,junior-college,0000300,동양미래대학교,서울,사립,전문대학,2071868.8699999992,56562626.4,1605672.0219999999,2000000,62240167.291999996,36000658.6,172.9,1,Y,2026-08-15T06:00:43.635Z
2024,junior-college,0000307,명지전문대학,서울,사립,전문대학,2867245.5299999975,24841297.18,251445.896,0,27959988.606,39762208.78,70.3,1,Y,2026-08-15T06:00:43.635Z
2024,junior-college,0000310,배화여자대학교,서울,사립,전문대학,1315394.6960000005,11689869.297,997593.2220000001,0,14002857.215,15322373.84,91.4,1,Y,2026-08-15T06:00:43.635Z
2024,junior-college,0000317,삼육보건대학교,서울,사립,전문대학,278468.2170000002,4502867.035,210302.11,0,4991637.362000001,7482479.63,66.7,1,Y,2026-08-15T06:00:43.635Z
2024,junior-college,0000321,서울여자간호대학교,서울,사립,전문대학,942692.8510000003,3286748.814,130189.78400000001,0,4359631.449,5578528.003,78.2,1,Y,2026-08-15T06:00:43.635Z
2024,junior-college,0000324,서일대학교,서울,사립,전문대학,36478868.42,18618890.967,1312973.494,0,56410732.881000005,35642165.23,158.3,1,Y,2026-08-15T06:00:43.635Z
2024,junior-college,0000333,숭의여자대학교,서울,사립,전문대학,4576584.751,47956877.19,23367.489999999998,0,52556829.431,17121860.42,307,1,Y,2026-08-15T06:00:43.635Z
2024,junior-college,0000356,인덕대학교,서울,사립,전문대학,4303106.209999999,8594420.596,1124850.513,10080,14032457.319,33965620.2,41.3,1,Y,2026-08-15T06:00:43.635Z
2024,junior-college,0000384,한양여자대학교,서울,사립,전문대학,8524387.05,86705144.18,2696821.792,0,97926353.022,38463822.74,254.6,1,Y,2026-08-15T06:00:43.635Z
2024,junior-college,0000353,한국영상대학교,세종,사립,전문대학,2291793.0700000003,20099569.830999997,2411994.1339999996,0,24803357.034999996,17747475.67,139.8,1,Y,2026-08-15T06:00:43.635Z
2024,junior-college,0000352,울산과학대학교,울산,사립,전문대학,3036889.040000001,24311759.18,6597878.962,0,33946527.182,31015595.13,109.4,1,Y,2026-08-15T06:00:43.635Z
2024,junior-college,0000375,춘해보건대학교,울산,사립,전문대학,976265.273,14650194.9,1081807.0059999998,0,16708267.179,15243356.33,109.6,1,Y,2026-08-15T06:00:43.635Z
2024,junior-college,0000261,경인여자대학교,인천,사립,전문대학,1647320.42,64149282.93,1332429.599,0,67129032.949,22136515.27,303.3,1,Y,2026-08-15T06:00:43.635Z
2024,junior-college,0000357,인하공업전문대학,인천,사립,전문대학,910699.3900000006,67738221.99,2085583.779,0,70734505.159,45915500.12,154.1,1,Y,2026-08-15T06:00:43.635Z
2024,junior-college,0000587,재능대학교,인천,사립,전문대학,3244628.7479999997,19959350.49,1001500.669,0,24205479.906999998,17139763.67,141.2,1,Y,2026-08-15T06:00:43.635Z
2024,junior-college,0000266,광양보건대학교,전남,사립,전문대학,-10925657.777,0,45027.375,0,-10880630.402,628270,-1731.8,1,Y,2026-08-15T06:00:43.635Z
2024,junior-college,0000585,나주대학교,전남,사립,전문대학,-8240291.067999999,1.983,29393.936999999998,0,-8210895.147999999,5746913.801,-142.9,1,Y,2026-08-15T06:00:43.635Z
2024,junior-college,0000532,동아보건대학교,전남,사립,전문대학,1022957.307,2468073.821,83623.99900000001,0,3574655.127,4390491.67,81.4,1,Y,2026-08-15T06:00:43.635Z
2024,junior-college,0000308,목포과학대학교,전남,사립,전문대학,4750357.163000001,6568581.834,872692.4300000002,0,12191631.427000001,13349090.57,91.3,1,Y,2026-08-15T06:00:43.635Z
2024,junior-college,0000331,순천제일대학교,전남,사립,전문대학,13511343.047999999,19902067.099,441964.7010000001,0,33855374.848,13838679.31,244.6,1,Y,2026-08-15T06:00:43.635Z
2024,junior-college,0000360,전남과학대학교,전남,사립,전문대학,3712581.8850000002,21270016.97,2439956.948,50000,27472555.803,14701631.56,186.9,1,Y,2026-08-15T06:00:43.635Z
2024,junior-college,0000332,청암대학교,전남,사립,전문대학,389717.33599999966,2636400.104,469963.25,0,3496080.6899999995,11749906.58,29.8,1,Y,2026-08-15T06:00:43.635Z
2024,junior-college,0000546,한영대학교,전남,사립,전문대학,1481232.2180000003,2688747.249,512725.36100000003,0,4682704.828,7484614.9,62.6,1,Y,2026-08-15T06:00:43.635Z
2024,junior-college,0000250,군산간호대학교,전북,사립,전문대학,693192.3620000002,1765959.02,432451.77599999995,0,2891603.1580000003,7049539.25,41,1,Y,2026-08-15T06:00:43.635Z
2024,junior-college,0000270,군장대학교,전북,사립,전문대학,1826149.0040000002,0,976700.305,0,2802849.3090000004,9588813.134,29.2,1,Y,2026-08-15T06:00:43.635Z
2024,junior-college,0000311,백제예술대학교,전북,사립,전문대학,168490.4680000001,1977017.223,1444.764,0,2146952.455,5108401.626,42,1,Y,2026-08-15T06:00:43.635Z
2024,junior-college,0000354,원광보건대학교,전북,사립,전문대학,4774447.747,22084255.03,2130229.407,0,28988932.184000004,22348010.6,129.7,1,Y,2026-08-15T06:00:43.635Z
2024,junior-college,0000362,전북과학대학교,전북,사립,전문대학,20728653.059,11547953.11,386782.658,0,32663388.827,8568442.527,381.2,1,Y,2026-08-15T06:00:43.635Z
2024,junior-college,0000274,전주기전대학,전북,사립,전문대학,1327107.625,4495400.796,33902.56900000002,0,5856410.99,10063274.5,58.2,1,Y,2026-08-15T06:00:43.635Z
2024,junior-college,0000361,전주비전대학교,전북,사립,전문대학,12861465.225000001,5571039.154,1954213.461,0,20386717.84,17890442.67,114,1,Y,2026-08-15T06:00:43.635Z
2024,junior-college,0000363,제주관광대학교,제주,사립,전문대학,652740.7259999998,40349.445,449013.95700000005,0,1142104.1279999998,6959743.687,16.4,1,Y,2026-08-15T06:00:43.635Z
2024,junior-college,0000382,제주한라대학교,제주,사립,전문대학,6652421.904,3148919.45,633538.0219999999,0,10434879.376,18824453.63,55.4,1,Y,2026-08-15T06:00:43.635Z
2024,junior-college,0000373,백석문화대학교,충남,사립,전문대학,879150.4699999988,45084055.57,1794742.7270000002,0,47757948.767,24642612.5,193.8,1,Y,2026-08-15T06:00:43.635Z
2024,junior-college,0000335,신성대학교,충남,사립,전문대학,-1203819.75,9598792.238,791709.789,0,9186682.277,17113349.95,53.7,1,Y,2026-08-15T06:00:43.635Z
2024,junior-college,0000568,아주자동차대학교,충남,사립,전문대학,1349241.2110000001,6230994.483,759017.675,0,8339253.369,5899086.65,141.4,1,Y,2026-08-15T06:00:43.635Z
2024,junior-college,0000529,연암대학교,충남,사립,전문대학,898928.0640000002,817190.481,182584.03599999996,0,1898702.5810000002,6741651.89,28.2,1,Y,2026-08-15T06:00:43.635Z
2024,junior-college,0000386,혜전대학교,충남,사립,전문대학,830367.5460000001,30442455.57,330688.874,0,31603511.990000002,15644507.22,202,1,Y,2026-08-15T06:00:43.635Z
2024,junior-college,0000271,강동대학교,충북,사립,전문대학,382714.824,2287994.155,74907.32400000001,0,2745616.303,19521718.26,14.1,1,Y,2026-08-15T06:00:43.635Z
2024,junior-college,0000286,대원대학교,충북,사립,전문대학,778954.2699999996,9270696.327,434677.594,0,10484328.191,10384036.4,101,1,Y,2026-08-15T06:00:43.635Z
2024,junior-college,0000367,충북보건과학대학교,충북,사립,전문대학,1696709.5669999998,1644647.55,1044430.4209999999,0,4385787.538,13489365.72,32.5,1,Y,2026-08-15T06:00:43.635Z
2024,junior-college,0000377,충청대학교,충북,사립,전문대학,385049.11899999995,11632289.27,306300.55,0,12323638.939,17470093.81,70.5,1,Y,2026-08-15T06:00:43.635Z
