year,half,school_kind,estb,school_division,region,status,school_rep_code,school_rep_name,campus_count,student_quota,recruitment_suspension,enrolled_total,enrolled_within,enrolled_outside,fill_rate,fill_rate_within,consolidated_at
2020,상반기,대학교,사립,대학,강원,기존,0000513,가톨릭관동대학교,1,8498,0,8107,7474,633,95.4,87.95,2026-08-07T09:07:29.731Z
2020,상반기,전문대학,사립,전문대학,강원,기존,0000347,강릉영동대학교,1,2675,0,2663,2169,494,99.55,81.08,2026-08-07T09:07:29.731Z
2020,상반기,대학교,국립,대학,강원,기존,0000572,강릉원주대학교,2,7412,0,7836,7282,554,105.72,98.25,2026-08-07T09:07:29.731Z
2020,상반기,전문대학,사립,전문대학,강원,폐교,0000378,강원관광대학교,1,1119,0,1012,811,201,90.44,72.48,2026-08-07T09:07:29.731Z
2020,상반기,대학교,국립,대학,강원,기존,0000002,강원대학교,2,18255,0,19587,18074,1513,107.3,99.01,2026-08-07T09:07:29.731Z
2020,상반기,전문대학,공립,전문대학,강원,기존,0000531,강원도립대학교,1,657,0,635,630,5,96.65,95.89,2026-08-07T09:07:29.731Z
2020,상반기,대학교,사립,대학,강원,기존,0000041,경동대학교,3,7140,0,7814,6633,1181,109.44,92.9,2026-08-07T09:07:29.731Z
2020,상반기,전문대학,사립,전문대학,강원,폐교,0000301,동우대학,1,0,0,0,0,0,0,0,2026-08-07T09:07:29.731Z
2020,상반기,대학교,사립,대학,강원,기존,0000086,상지대학교,1,7496,0,6873,6505,368,91.69,86.78,2026-08-07T09:07:29.731Z
2020,상반기,전문대학,사립,전문대학,강원,폐교,0000319,상지영서대학교,1,1259,0,1083,923,160,86.02,73.31,2026-08-07T09:07:29.731Z
2020,상반기,전문대학,사립,전문대학,강원,기존,0000348,세경대학교,1,966,0,1040,906,134,107.66,93.79,2026-08-07T09:07:29.731Z
2020,상반기,전문대학,사립,전문대학,강원,기존,0000393,송곡대학교,1,575,0,635,514,121,110.43,89.39,2026-08-07T09:07:29.731Z
2020,상반기,전문대학,사립,전문대학,강원,기존,0000390,송호대학교,1,885,1,946,755,191,107.01,85.41,2026-08-07T09:07:29.731Z
2020,상반기,대학교,사립,대학,강원,기존,0000110,연세대학교,2,20216,38,26256,21633,4623,130.12,107.21,2026-08-07T09:07:29.731Z
2020,상반기,교육대학,국립,대학,강원,기존,0000205,춘천교육대학교,1,1284,0,1333,1248,85,103.82,97.2,2026-08-07T09:07:29.731Z
2020,상반기,전문대학,사립,전문대학,강원,기존,0000542,한국골프대학,1,480,0,441,404,37,91.88,84.17,2026-08-07T09:07:29.731Z
2020,상반기,기능대학,사립,전문대학,강원,기존,0000483,한국폴리텍 III 대학,1,120,0,125,106,19,104.17,88.33,2026-08-07T09:07:29.731Z
2020,상반기,기능대학,사립,전문대학,강원,기존,0000517,한국폴리텍 III 대학,1,75,0,80,69,11,106.67,92,2026-08-07T09:07:29.731Z
2020,상반기,기능대학,사립,전문대학,강원,기존,0000482,한국폴리텍 III 대학,1,250,0,277,239,38,110.8,95.6,2026-08-07T09:07:29.731Z
2020,상반기,대학교,사립,대학,강원,기존,0000147,한라대학교,1,3573,0,3730,3522,208,104.39,98.57,2026-08-07T09:07:29.731Z
2020,상반기,대학교,사립,대학,강원,기존,0000148,한림대학교,1,6996,0,7800,7157,643,111.49,102.3,2026-08-07T09:07:29.731Z
2020,상반기,전문대학,사립,전문대학,강원,기존,0000383,한림성심대학교,1,2609,0,3012,2385,627,115.45,91.41,2026-08-07T09:07:29.731Z
2020,상반기,대학교,사립,대학,경기,기존,0000044,가천대학교,1,15374,0,18678,16318,2360,121.49,106.14,2026-08-07T09:07:29.731Z
2020,상반기,대학교,사립,대학,경기,기존,0000034,가톨릭대학교,3,7086,0,8317,7477,840,117.37,105.52,2026-08-07T09:07:29.731Z
2020,상반기,대학교,사립,대학,경기,기존,0000036,강남대학교,1,5986,0,6695,6054,641,111.84,101.14,2026-08-07T09:07:29.731Z
2020,상반기,전문대학,사립,전문대학,경기,기존,0000387,경기과학기술대학교,1,3456,14,4712,3233,1479,136.9,93.93,2026-08-07T09:07:29.731Z
2020,상반기,대학교,사립,대학,경기,기존,0000039,경기대학교,2,11759,0,13712,11827,1885,116.61,100.58,2026-08-07T09:07:29.731Z
2020,상반기,전문대학,사립,전문대학,경기,기존,0000255,경민대학교,1,3663,0,4432,3501,931,120.99,95.58,2026-08-07T09:07:29.731Z
2020,상반기,전문대학,사립,전문대학,경기,기존,0000259,경복대학교,1,5093,0,6455,5101,1354,126.74,100.16,2026-08-07T09:07:29.731Z
2020,상반기,전문대학,사립,전문대학,경기,기존,0000264,계원예술대학교,1,2514,0,3009,2615,394,119.69,104.02,2026-08-07T09:07:29.731Z
2020,상반기,전문대학,사립,전문대학,경기,기존,0000379,국제대학교,1,3806,0,3857,3607,250,101.34,94.77,2026-08-07T09:07:29.731Z
2020,상반기,사이버대학(대학),사립,대학,경기,기존,0000409,국제사이버대학교,1,2880,0,3119,2507,612,108.3,87.05,2026-08-07T09:07:29.731Z
2020,상반기,전문대학,사립,전문대학,경기,기존,0000277,김포대학교,1,2997,0,3424,2697,727,114.25,89.99,2026-08-07T09:07:29.731Z
2020,상반기,전문대학,사립,전문대학,경기,기존,0000278,농협대학교,1,176,0,444,177,267,252.27,100.57,2026-08-07T09:07:29.731Z
2020,상반기,대학교,사립,대학,경기,기존,0000060,단국대학교,2,18850,0,22864,20120,2744,121.29,106.74,2026-08-07T09:07:29.731Z
2020,상반기,전문대학,사립,전문대학,경기,기존,0000285,대림대학교,1,5918,0,7325,5756,1569,123.77,97.26,2026-08-07T09:07:29.731Z
2020,상반기,대학교,사립,대학,경기,기존,0000068,대진대학교,1,7252,0,7438,6834,604,102.56,94.24,2026-08-07T09:07:29.731Z
2020,상반기,전문대학,사립,전문대학,경기,기존,0000294,동남보건대학교,1,4128,0,4794,3954,840,116.13,95.78,2026-08-07T09:07:29.731Z
2020,상반기,전문대학,사립,전문대학,경기,기존,0000287,동서울대학교,1,5500,0,6045,5348,697,109.91,97.24,2026-08-07T09:07:29.731Z
2020,상반기,전문대학,사립,전문대학,경기,기존,0000298,동아방송예술대학교,1,2469,0,3104,2423,681,125.72,98.14,2026-08-07T09:07:29.731Z
2020,상반기,전문대학,사립,전문대학,경기,기존,0000302,동원대학교,1,3356,0,3514,3046,468,104.71,90.76,2026-08-07T09:07:29.731Z
2020,상반기,전문대학,사립,전문대학,경기,기존,0000305,두원공과대학교,1,4813,0,4222,3885,337,87.72,80.72,2026-08-07T09:07:29.731Z
2020,상반기,대학교,사립,대학,경기,기존,0000078,루터대학교,1,355,0,369,361,8,103.94,101.69,2026-08-07T09:07:29.731Z
2020,상반기,대학교,사립,대학,경기,기존,0000079,명지대학교,2,10734,0,13306,10831,2475,123.96,100.9,2026-08-07T09:07:29.731Z
2020,상반기,전문대학,사립,전문대학,경기,기존,0000316,부천대학교,1,5319,0,7705,5233,2472,144.86,98.38,2026-08-07T09:07:29.731Z
2020,상반기,대학교,사립,대학,경기,기존,0000090,서울신학대학교,1,2046,0,2218,2066,152,108.41,100.98,2026-08-07T09:07:29.731Z
2020,상반기,전문대학,사립,전문대학,경기,기존,0000323,서울예술대학교,1,1890,0,3101,1870,1231,164.07,98.94,2026-08-07T09:07:29.731Z
2020,상반기,대학교,사립,대학,경기,기존,0000092,서울장신대학교,1,461,0,476,451,25,103.25,97.83,2026-08-07T09:07:29.731Z
2020,상반기,전문대학,사립,전문대학,경기,기존,0000392,서정대학교,1,3208,0,5412,3051,2361,168.7,95.11,2026-08-07T09:07:29.731Z
2020,상반기,대학교,사립,대학,경기,기존,0000095,성결대학교,1,4912,0,5418,5019,399,110.3,102.18,2026-08-07T09:07:29.731Z
2020,상반기,대학교,사립,대학,경기,기존,0000101,수원가톨릭대학교,1,360,0,121,118,3,33.61,32.78,2026-08-07T09:07:29.731Z
2020,상반기,전문대학,사립,전문대학,경기,기존,0000330,수원과학대학교,1,5667,0,5981,5450,531,105.54,96.17,2026-08-07T09:07:29.731Z
2020,상반기,대학교,사립,대학,경기,기존,0000102,수원대학교,1,8784,0,9033,8283,750,102.83,94.3,2026-08-07T09:07:29.731Z
2020,상반기,전문대학,사립,전문대학,경기,기존,0000329,수원여자대학교,1,4210,0,4367,3991,376,103.73,94.8,2026-08-07T09:07:29.731Z
2020,상반기,대학교,사립,대학,경기,기존,000567,신경대학교,1,1016,13,569,544,25,56.73,54.24,2026-08-07T09:07:29.731Z
2020,상반기,전문대학,사립,전문대학,경기,기존,0000334,신구대학교,1,6155,0,6749,5867,882,109.65,95.32,2026-08-07T09:07:29.731Z
2020,상반기,전문대학,사립,전문대학,경기,기존,0000339,신안산대학교,1,3885,0,4071,3645,426,104.79,93.82,2026-08-07T09:07:29.731Z
2020,상반기,대학교,사립,대학,경기,기존,000509,신한대학교,2,5812,0,6338,5432,906,109.05,93.46,2026-08-07T09:07:29.731Z
2020,상반기,전문대학,사립,전문대학,경기,폐교,0000336,신흥대학교,1,0,0,0,0,0,0,0,2026-08-07T09:07:29.731Z
2020,상반기,대학교,사립,대학,경기,기존,0000558,아신대학교,1,744,0,617,601,16,82.93,80.78,2026-08-07T09:07:29.731Z
2020,상반기,대학교,사립,대학,경기,기존,0000108,아주대학교,1,7674,0,9547,8115,1432,124.41,105.75,2026-08-07T09:07:29.731Z
2020,상반기,전문대학,사립,전문대학,경기,기존,0000340,안산대학교,1,4072,0,4550,3921,629,111.74,96.29,2026-08-07T09:07:29.731Z
2020,상반기,대학교,사립,대학,경기,기존,0000109,안양대학교,2,4524,0,4810,4503,307,106.32,99.54,2026-08-07T09:07:29.731Z
2020,상반기,전문대학,사립,전문대학,경기,기존,0000343,여주대학교,1,5245,216,5357,4471,886,106.52,88.9,2026-08-07T09:07:29.731Z
2020,상반기,전문대학,사립,전문대학,경기,기존,0000341,연성대학교,1,5710,0,6030,5350,680,105.6,93.7,2026-08-07T09:07:29.731Z
2020,상반기,전문대학,사립,전문대학,경기,기존,0000350,오산대학교,1,4590,0,5158,4450,708,112.37,96.95,2026-08-07T09:07:29.731Z
2020,상반기,대학교,사립,대학,경기,기존,0000115,용인대학교,1,5656,0,6240,5538,702,110.33,97.91,2026-08-07T09:07:29.731Z
2020,상반기,전문대학,사립,전문대학,경기,기존,0000559,용인예술과학대학교,1,3836,0,3902,3582,320,101.72,93.38,2026-08-07T09:07:29.731Z
2020,상반기,전문대학,사립,전문대학,경기,기존,0000394,웅지세무대학교,1,1797,0,1103,1081,22,61.38,60.16,2026-08-07T09:07:29.731Z
2020,상반기,전문대학,사립,전문대학,경기,기존,0000355,유한대학교,1,4540,0,4856,4409,447,106.96,97.11,2026-08-07T09:07:29.731Z
2020,상반기,전문대학,사립,전문대학,경기,기존,0000358,장안대학교,1,5514,0,5535,5075,460,100.38,92.04,2026-08-07T09:07:29.731Z
2020,상반기,대학교,사립,대학,경기,기존,0000130,중앙승가대학교,1,480,0,147,139,8,30.63,28.96,2026-08-07T09:07:29.731Z
2020,상반기,대학교,사립,대학,경기,기존,0000139,차의과학대학교,1,2052,0,2281,2107,174,111.16,102.68,2026-08-07T09:07:29.731Z
2020,상반기,전문대학,사립,전문대학,경기,기존,0000374,청강문화산업대학교,1,3500,0,3842,3443,399,109.77,98.37,2026-08-07T09:07:29.731Z
2020,상반기,대학교,사립,대학,경기,기존,0000136,칼빈대학교,1,368,0,578,320,258,157.07,86.96,2026-08-07T09:07:29.731Z
2020,상반기,대학교,사립,대학,경기,기존,0000138,평택대학교,1,3420,0,3854,3277,577,112.69,95.82,2026-08-07T09:07:29.731Z
2020,상반기,대학교,국립,대학,경기,기존,0000568,한경대학교,1,4766,0,5208,4757,451,109.27,99.81,2026-08-07T09:07:29.731Z
2020,상반기,전문대학,사립,전문대학,경기,기존,0000391,한국관광대학교,1,1860,0,1973,1771,202,106.08,95.22,2026-08-07T09:07:29.731Z
2020,상반기,전문대학,국립,전문대학,경기,폐교,0000248,한국복지대학교,1,633,0,667,572,95,105.37,90.36,2026-08-07T09:07:29.731Z
2020,상반기,대학교,사립,대학,경기,기존,0000562,한국산업기술대학교,1,5520,0,6799,5537,1262,123.17,100.31,2026-08-07T09:07:29.731Z
2020,상반기,산업대학,사립,대학,경기,폐교,0000214,한국산업기술대학교(산업대),1,0,0,0,0,0,0,0,2026-08-07T09:07:29.731Z
2020,상반기,기능대학,사립,전문대학,경기,기존,0000479,한국폴리텍 I 대학,1,860,0,910,834,76,105.81,96.98,2026-08-07T09:07:29.731Z
2020,상반기,기능대학,사립,전문대학,경기,기존,0000548,한국폴리텍 II 대학,1,670,0,700,609,91,104.48,90.9,2026-08-07T09:07:29.731Z
2020,상반기,대학교,사립,대학,경기,기존,0000144,한국항공대학교,1,3335,0,3963,3476,487,118.83,104.23,2026-08-07T09:07:29.731Z
2020,상반기,대학교,사립,대학,경기,폐교,0000175,한북대학교,1,0,0,0,0,0,0,0,2026-08-07T09:07:29.731Z
2020,상반기,대학교,사립,대학,경기,기존,0000151,한세대학교,1,2288,0,2624,2378,246,114.69,103.93,2026-08-07T09:07:29.731Z
2020,상반기,대학교,사립,대학,경기,기존,0000152,한신대학교,1,4703,0,5267,4830,437,111.99,102.7,2026-08-07T09:07:29.731Z
2020,상반기,대학교,사립,대학,경기,기존,0000153,한양대학교,2,18928,0,24885,19601,5284,131.47,103.56,2026-08-07T09:07:29.731Z
2020,상반기,대학교,사립,대학,경기,기존,0000156,협성대학교,1,4052,0,4152,3752,400,102.47,92.6,2026-08-07T09:07:29.731Z
2020,상반기,기능대학,사립,전문대학,경기,기존,0000516,ICT폴리텍대학,1,320,0,307,287,20,95.94,89.69,2026-08-07T09:07:29.731Z
2020,상반기,전문대학,사립,전문대학,경남,기존,0000251,거제대학교,1,1196,0,1181,968,213,98.75,80.94,2026-08-07T09:07:29.731Z
2020,상반기,대학교,국립,대학,경남,폐교,0000026,경남과학기술대학교,1,4767,0,5032,4801,231,105.56,100.71,2026-08-07T09:07:29.731Z
2020,상반기,대학교,사립,대학,경남,기존,0000040,경남대학교,1,11569,0,11147,10427,720,96.35,90.13,2026-08-07T09:07:29.731Z
2020,상반기,전문대학,공립,전문대학,경남,기존,0000242,경남도립거창대학,1,892,0,856,848,8,95.96,95.07,2026-08-07T09:07:29.731Z
2020,상반기,전문대학,공립,전문대학,경남,기존,0000243,경남도립남해대학,1,775,0,783,739,44,101.03,95.35,2026-08-07T09:07:29.731Z
2020,상반기,대학교,국립,대학,경남,기존,0000556,경상대학교,1,12528,0,13989,12809,1180,111.66,102.24,2026-08-07T09:07:29.731Z
2020,상반기,전문대학,사립,전문대학,경남,기존,0000395,김해대학교,1,1326,0,1471,1237,234,110.94,93.29,2026-08-07T09:07:29.731Z
2020,상반기,전문대학,사립,전문대학,경남,기존,0000342,동원과학기술대학교,1,1957,0,2285,1776,509,116.76,90.75,2026-08-07T09:07:29.731Z
2020,상반기,전문대학,사립,전문대학,경남,기존,0000306,마산대학교,1,5342,0,5571,4770,801,104.29,89.29,2026-08-07T09:07:29.731Z
2020,상반기,대학교,사립,대학,경남,기존,0000167,부산장신대학교,1,253,0,221,215,6,87.35,84.98,2026-08-07T09:07:29.731Z
2020,상반기,전문대학,사립,전문대학,경남,기존,0000530,연암공과대학교,1,1162,0,1207,1126,81,103.87,96.9,2026-08-07T09:07:29.731Z
2020,상반기,대학교,사립,대학,경남,기존,0000122,인제대학교,2,9017,0,9154,8298,856,101.52,92.03,2026-08-07T09:07:29.731Z
2020,상반기,교육대학,국립,대학,경남,기존,0000203,진주교육대학교,1,1276,0,1330,1244,86,104.23,97.49,2026-08-07T09:07:29.731Z
2020,상반기,전문대학,사립,전문대학,경남,기존,0000369,진주보건대학교,1,2405,0,2878,2255,623,119.67,93.76,2026-08-07T09:07:29.731Z
2020,상반기,산업대학,국립,대학,경남,폐교,0000212,진주산업대학교(산업대),1,0,0,0,0,0,0,0,2026-08-07T09:07:29.731Z
2020,상반기,대학교,사립,대학,경남,기존,0000193,창신대학교,1,2000,0,1896,1761,135,94.8,88.05,2026-08-07T09:07:29.731Z
2020,상반기,대학교,국립,대학,경남,기존,0000581,창원대학교,1,7038,0,7915,7154,761,112.46,101.65,2026-08-07T09:07:29.731Z
2020,상반기,전문대학,사립,전문대학,경남,기존,0000528,창원문성대학교,1,2985,0,2712,2468,244,90.85,82.68,2026-08-07T09:07:29.731Z
2020,상반기,전문대학,사립,전문대학,경남,기존,0000396,한국승강기대학교,1,594,0,635,561,74,106.9,94.44,2026-08-07T09:07:29.731Z
2020,상반기,기능대학,사립,전문대학,경남,기존,0000503,한국폴리텍 특성화대학,1,480,0,539,441,98,112.29,91.88,2026-08-07T09:07:29.731Z
2020,상반기,기능대학,사립,전문대학,경남,기존,0000496,한국폴리텍 VII 대학,1,1210,0,1497,1156,341,123.72,95.54,2026-08-07T09:07:29.731Z
2020,상반기,대학교,사립,대학,경북,기존,0000032,가야대학교,2,2434,0,2176,1998,178,89.4,82.09,2026-08-07T09:07:29.731Z
2020,상반기,전문대학,사립,전문대학,경북,기존,0000249,가톨릭상지대학교,1,1734,0,1860,1439,421,107.27,82.99,2026-08-07T09:07:29.731Z
2020,상반기,전문대학,사립,전문대학,경북,기존,0000293,경북과학대학교,1,1719,0,1655,1422,233,96.28,82.72,2026-08-07T09:07:29.731Z
2020,상반기,전문대학,공립,전문대학,경북,폐교,0000244,경북도립대학교,1,910,0,856,798,58,94.07,87.69,2026-08-07T09:07:29.731Z
2020,상반기,전문대학,사립,전문대학,경북,기존,0000523,경북보건대학교,1,1177,0,1250,1109,141,106.2,94.22,2026-08-07T09:07:29.731Z
2020,상반기,전문대학,사립,전문대학,경북,기존,0000258,경북전문대학교,1,2315,0,2853,2204,649,123.24,95.21,2026-08-07T09:07:29.731Z
2020,상반기,대학교,사립,대학,경북,기존,0000188,경운대학교,1,4736,0,4338,4097,241,91.6,86.51,2026-08-07T09:07:29.731Z
2020,상반기,산업대학,사립,대학,경북,폐교,0000226,경운대학교(산업대),1,0,0,0,0,0,0,0,2026-08-07T09:07:29.731Z
2020,상반기,대학교,사립,대학,경북,기존,0000045,경일대학교,1,6356,0,6922,6242,680,108.9,98.21,2026-08-07T09:07:29.731Z
2020,상반기,대학교,사립,대학,경북,기존,0000586,경주대학교,1,3048,78,1013,725,288,34.11,24.41,2026-08-07T09:07:29.731Z
2020,상반기,전문대학,사립,전문대학,경북,기존,0000268,구미대학교,1,3645,0,5066,3388,1678,138.98,92.95,2026-08-07T09:07:29.731Z
2020,상반기,대학교,국립,대학,경북,기존,0000575,금오공과대학교,1,4850,0,5574,4951,623,114.93,102.08,2026-08-07T09:07:29.731Z
2020,상반기,대학교,사립,대학,경북,기존,0000185,김천대학교,1,3344,1,2998,2653,345,89.68,79.36,2026-08-07T09:07:29.731Z
2020,상반기,전문대학,사립,전문대학,경북,기존,0000279,대경대학교,1,3866,0,4072,3447,625,105.33,89.16,2026-08-07T09:07:29.731Z
2020,상반기,대학교,사립,대학,경북,기존,0000063,대구가톨릭대학교,1,11758,0,12433,11535,898,105.74,98.1,2026-08-07T09:07:29.731Z
2020,상반기,대학교,사립,대학,경북,기존,0000061,대구대학교,1,16236,0,17071,15214,1857,105.14,93.71,2026-08-07T09:07:29.731Z
2020,상반기,사이버대학(대학),사립,대학,경북,기존,0000410,대구사이버대학교,1,3860,0,4038,3189,849,104.61,82.62,2026-08-07T09:07:29.731Z
2020,상반기,대학교,사립,대학,경북,기존,0000062,대구예술대학교,1,1753,0,948,934,14,54.08,53.28,2026-08-07T09:07:29.731Z
2020,상반기,대학교,사립,대학,경북,기존,0000042,대구한의대학교,1,6288,0,6849,6267,582,108.92,99.67,2026-08-07T09:07:29.731Z
2020,상반기,대학교,사립,대학,경북,기존,0000065,대신대학교,1,464,0,408,400,8,87.93,86.21,2026-08-07T09:07:29.731Z
2020,상반기,대학교,사립,대학,경북,기존,0000071,동국대학교,2,17995,0,21614,18136,3478,120.11,100.78,2026-08-07T09:07:29.731Z
2020,상반기,대학교,사립,대학,경북,기존,0000076,동양대학교,1,4144,0,3995,3769,226,96.4,90.95,2026-08-07T09:07:29.731Z
2020,상반기,전문대학,사립,전문대학,경북,기존,0000309,문경대학교,1,832,0,890,783,107,106.97,94.11,2026-08-07T09:07:29.731Z
2020,상반기,전문대학,사립,전문대학,경북,폐교,0000262,서라벌대학교,1,650,0,633,571,62,97.38,87.85,2026-08-07T09:07:29.731Z
2020,상반기,전문대학,사립,전문대학,경북,기존,0000380,선린대학교,1,2215,0,2330,1953,377,105.19,88.17,2026-08-07T09:07:29.731Z
2020,상반기,전문대학,사립,전문대학,경북,기존,0000547,성덕대학교,1,1273,0,1602,1224,378,125.84,96.15,2026-08-07T09:07:29.731Z
2020,상반기,전문대학,사립,전문대학,경북,기존,0000338,안동과학대학교,1,2628,0,2612,2182,430,99.39,83.03,2026-08-07T09:07:29.731Z
2020,상반기,대학교,국립,대학,경북,기존,0000580,안동대학교,1,5824,0,5862,5549,313,100.65,95.28,2026-08-07T09:07:29.731Z
2020,상반기,대학교,사립,대학,경북,기존,0000111,영남대학교,1,18680,0,20457,18592,1865,109.51,99.53,2026-08-07T09:07:29.731Z
2020,상반기,대학교,사립,대학,경북,기존,0000112,영남신학대학교,1,460,0,470,429,41,102.17,93.26,2026-08-07T09:07:29.731Z
2020,상반기,전문대학,사립,전문대학,경북,기존,0000257,영남외국어대학,1,939,0,503,457,46,53.57,48.67,2026-08-07T09:07:29.731Z
2020,상반기,대학교,사립,대학,경북,기존,0000119,위덕대학교,1,3255,0,2999,2852,147,92.14,87.62,2026-08-07T09:07:29.731Z
2020,상반기,대학교,사립,대학,경북,기존,0000140,포항공과대학교,1,1280,0,1442,1398,44,112.66,109.22,2026-08-07T09:07:29.731Z
2020,상반기,전문대학,사립,전문대학,경북,기존,0000381,포항대학교,1,1857,81,1823,1546,277,102.65,87.05,2026-08-07T09:07:29.731Z
2020,상반기,사이버대학(전문대학),사립,전문대학,경북,기존,0000407,한국복지사이버대학,1,1690,0,1977,1525,452,116.98,90.24,2026-08-07T09:07:29.731Z
2020,상반기,기능대학,사립,전문대학,경북,기존,0000495,한국폴리텍 VI 대학,1,540,0,530,484,46,98.15,89.63,2026-08-07T09:07:29.731Z
2020,상반기,기능대학,사립,전문대학,경북,기존,0000504,한국폴리텍 VI 대학,1,60,0,54,51,3,90,85,2026-08-07T09:07:29.731Z
2020,상반기,대학교,사립,대학,경북,기존,0000146,한동대학교,1,2916,0,3889,3462,427,133.37,118.72,2026-08-07T09:07:29.731Z
2020,상반기,전문대학,사립,전문대학,경북,기존,0000522,호산대학교,1,1776,0,1923,1523,400,108.28,85.75,2026-08-07T09:07:29.731Z
2020,상반기,대학교,사립,대학,광주,기존,0000052,광신대학교,1,503,0,514,483,31,102.19,96.02,2026-08-07T09:07:29.731Z
2020,상반기,대학교,특별법법인,대학,광주,기존,0000469,광주과학기술원,1,800,2,739,739,0,92.61,92.61,2026-08-07T09:07:29.731Z
2020,상반기,교육대학,국립,대학,광주,기존,0000196,광주교육대학교,1,1304,0,1364,1271,93,104.6,97.47,2026-08-07T09:07:29.731Z
2020,상반기,대학교,사립,대학,광주,기존,0000176,광주대학교,1,6592,0,6963,6549,414,105.63,99.35,2026-08-07T09:07:29.731Z
2020,상반기,전문대학,사립,전문대학,광주,기존,0000267,광주보건대학교,1,3243,0,3733,3035,698,115.11,93.59,2026-08-07T09:07:29.731Z
2020,상반기,대학교,사립,대학,광주,기존,0000055,광주여자대학교,1,3580,0,3735,3411,324,104.33,95.28,2026-08-07T09:07:29.731Z
2020,상반기,전문대학,사립,전문대학,광주,기존,0000273,기독간호대학교,1,444,0,595,423,172,134.01,95.27,2026-08-07T09:07:29.731Z
2020,상반기,대학교,사립,대학,광주,기존,0000162,남부대학교,1,2820,0,3053,2602,451,108.26,92.27,2026-08-07T09:07:29.731Z
2020,상반기,전문대학,사립,전문대학,광주,기존,0000297,동강대학교,1,3218,0,3133,2767,366,97.36,85.99,2026-08-07T09:07:29.731Z
2020,상반기,전문대학,사립,전문대학,광주,기존,0000320,서영대학교,1,4225,0,5221,3947,1274,123.57,93.42,2026-08-07T09:07:29.731Z
2020,상반기,대학교,사립,대학,광주,기존,0000187,송원대학교,1,3120,0,2980,2725,255,95.51,87.34,2026-08-07T09:07:29.731Z
2020,상반기,대학교,국립,대학,광주,기존,0000016,전남대학교,2,16276,0,19085,17093,1992,117.26,105.02,2026-08-07T09:07:29.731Z
2020,상반기,전문대학,사립,전문대학,광주,기존,0000366,조선간호대학교,1,556,0,771,559,212,138.67,100.54,2026-08-07T09:07:29.731Z
2020,상반기,대학교,사립,대학,광주,기존,0000127,조선대학교,1,18152,0,19469,17720,1749,107.26,97.62,2026-08-07T09:07:29.731Z
2020,상반기,전문대학,사립,전문대학,광주,기존,0000365,조선이공대학교,1,2984,0,3355,2844,511,112.43,95.31,2026-08-07T09:07:29.731Z
2020,상반기,기능대학,사립,전문대학,광주,기존,0000489,한국폴리텍 V 대학,1,710,0,847,704,143,119.3,99.15,2026-08-07T09:07:29.731Z
2020,상반기,대학교,사립,대학,광주,기존,0000157,호남대학교,1,6248,0,7074,6157,917,113.22,98.54,2026-08-07T09:07:29.731Z
2020,상반기,대학교,사립,대학,광주,기존,0000158,호남신학대학교,1,584,0,526,523,3,90.07,89.55,2026-08-07T09:07:29.731Z
2020,상반기,대학교,국립,대학,대구,기존,0000003,경북대학교,1,19070,0,22303,20176,2127,116.95,105.8,2026-08-07T09:07:29.731Z
2020,상반기,대학교,사립,대학,대구,기존,0000048,계명대학교,1,18722,0,20692,18856,1836,110.52,100.72,2026-08-07T09:07:29.731Z
2020,상반기,전문대학,사립,전문대학,대구,기존,0000263,계명문화대학교,1,4703,0,5008,4283,725,106.49,91.07,2026-08-07T09:07:29.731Z
2020,상반기,대학교,특별법법인,대학,대구,기존,0000470,대구경북과학기술원,1,880,0,769,764,5,87.39,86.82,2026-08-07T09:07:29.731Z
2020,상반기,전문대학,사립,전문대학,대구,기존,0000280,대구공업대학교,1,1751,0,1661,1501,160,94.86,85.72,2026-08-07T09:07:29.731Z
2020,상반기,전문대학,사립,전문대학,대구,기존,0000283,대구과학대학교,1,3879,0,4093,3530,563,105.52,91,2026-08-07T09:07:29.731Z
2020,상반기,교육대학,국립,대학,대구,기존,0000197,대구교육대학교,1,1532,0,1620,1501,119,105.74,97.98,2026-08-07T09:07:29.731Z
2020,상반기,전문대학,사립,전문대학,대구,기존,0000281,대구보건대학교,1,6186,0,6959,5709,1250,112.5,92.29,2026-08-07T09:07:29.731Z
2020,상반기,전문대학,사립,전문대학,대구,기존,0000282,수성대학교,1,3310,0,3484,2930,554,105.26,88.52,2026-08-07T09:07:29.731Z
2020,상반기,전문대학,사립,전문대학,대구,기존,0000346,영남이공대학교,1,5017,0,5911,4817,1094,117.82,96.01,2026-08-07T09:07:29.731Z
2020,상반기,사이버대학(전문대학),사립,전문대학,대구,기존,0000406,영진사이버대학,1,2600,0,3579,2536,1043,137.65,97.54,2026-08-07T09:07:29.731Z
2020,상반기,전문대학,사립,전문대학,대구,기존,0000349,영진전문대학교,1,5790,0,7988,5746,2242,137.96,99.24,2026-08-07T09:07:29.731Z
2020,상반기,기능대학,사립,전문대학,대구,기존,0000549,한국폴리텍 특성화대학,1,175,0,217,205,12,124,117.14,2026-08-07T09:07:29.731Z
2020,상반기,기능대학,사립,전문대학,대구,기존,0000494,한국폴리텍 VI 대학,1,690,0,706,599,107,102.32,86.81,2026-08-07T09:07:29.731Z
2020,상반기,사이버대학(대학),사립,대학,대전,기존,0000425,건양사이버대학교,1,3000,0,3466,2882,584,115.53,96.07,2026-08-07T09:07:29.731Z
2020,상반기,전문대학,사립,전문대학,대전,기존,0000376,대덕대학교,1,4062,0,3741,3313,428,92.1,81.56,2026-08-07T09:07:29.731Z
2020,상반기,전문대학,사립,전문대학,대전,기존,0000512,대전과학기술대학교,1,4142,0,4446,3730,716,107.34,90.05,2026-08-07T09:07:29.731Z
2020,상반기,대학교,사립,대학,대전,기존,0000067,대전대학교,1,8572,0,8979,8319,660,104.75,97.05,2026-08-07T09:07:29.731Z
2020,상반기,전문대학,사립,전문대학,대전,기존,0000288,대전보건대학교,1,5280,0,5697,4962,735,107.9,93.98,2026-08-07T09:07:29.731Z
2020,상반기,대학교,사립,대학,대전,기존,0000182,대전신학대학교,1,212,0,85,84,1,40.09,39.62,2026-08-07T09:07:29.731Z
2020,상반기,대학교,사립,대학,대전,기존,0000080,목원대학교,1,7499,0,7594,7135,459,101.27,95.15,2026-08-07T09:07:29.731Z
2020,상반기,대학교,사립,대학,대전,기존,0000081,배재대학교,1,8220,0,8398,7898,500,102.17,96.08,2026-08-07T09:07:29.731Z
2020,상반기,대학교,사립,대학,대전,기존,0000184,우송대학교,1,8016,0,9746,7929,1817,121.58,98.91,2026-08-07T09:07:29.731Z
2020,상반기,산업대학,사립,대학,대전,폐교,0000222,우송대학교(산업대),1,0,0,0,0,0,0,0,2026-08-07T09:07:29.731Z
2020,상반기,전문대학,사립,전문대학,대전,기존,0000289,우송정보대학,1,4640,0,4557,4224,333,98.21,91.03,2026-08-07T09:07:29.731Z
2020,상반기,대학교,사립,대학,대전,기존,0000120,을지대학교,2,4286,0,4682,4289,393,109.24,100.07,2026-08-07T09:07:29.731Z
2020,상반기,대학교,국립,대학,대전,기존,0000020,충남대학교,1,14257,0,17669,16007,1662,123.93,112.27,2026-08-07T09:07:29.731Z
2020,상반기,대학교,사립,대학,대전,기존,0000551,침례신학대학교,1,1440,0,1276,1234,42,88.61,85.69,2026-08-07T09:07:29.731Z
2020,상반기,대학교,특별법법인,대학,대전,기존,0000468,한국과학기술원,1,3880,0,3822,3529,293,98.51,90.95,2026-08-07T09:07:29.731Z
2020,상반기,기능대학,사립,전문대학,대전,기존,0000484,한국폴리텍 IV 대학,1,850,0,888,798,90,104.47,93.88,2026-08-07T09:07:29.731Z
2020,상반기,대학교,사립,대학,대전,기존,0000145,한남대학교,1,10733,0,11091,10300,791,103.34,95.97,2026-08-07T09:07:29.731Z
2020,상반기,대학교,국립,대학,대전,기존,0000584,한밭대학교,1,7409,0,8789,7701,1088,118.63,103.94,2026-08-07T09:07:29.731Z
2020,상반기,전문대학,사립,전문대학,부산,기존,0000253,경남정보대학교,1,5629,0,6665,5206,1459,118.4,92.49,2026-08-07T09:07:29.731Z
2020,상반기,대학교,사립,대학,부산,기존,0000043,경성대학교,1,11225,0,12454,10883,1571,110.95,96.95,2026-08-07T09:07:29.731Z
2020,상반기,대학교,사립,대학,부산,기존,0000050,고신대학교,1,3696,0,3920,3709,211,106.06,100.35,2026-08-07T09:07:29.731Z
2020,상반기,전문대학,사립,전문대학,부산,기존,0000284,대동대학교,1,1507,0,1518,1276,242,100.73,84.67,2026-08-07T09:07:29.731Z
2020,상반기,대학교,사립,대학,부산,기존,0000180,동명대학교,1,7272,0,7835,6957,878,107.74,95.67,2026-08-07T09:07:29.731Z
2020,상반기,전문대학,사립,전문대학,부산,폐교,0000296,동부산대학교,1,1758,9,526,497,29,30.07,28.42,2026-08-07T09:07:29.731Z
2020,상반기,대학교,사립,대학,부산,기존,0000073,동서대학교,1,9720,0,10367,9483,884,106.66,97.56,2026-08-07T09:07:29.731Z
2020,상반기,대학교,사립,대학,부산,기존,0000075,동아대학교,1,16380,0,18342,16761,1581,111.98,102.33,2026-08-07T09:07:29.731Z
2020,상반기,전문대학,사립,전문대학,부산,기존,0000303,동의과학대학교,1,4860,0,5307,4279,1028,109.2,88.05,2026-08-07T09:07:29.731Z
2020,상반기,대학교,사립,대학,부산,기존,0000077,동의대학교,1,14520,0,14825,13629,1196,102.1,93.86,2026-08-07T09:07:29.731Z
2020,상반기,전문대학,사립,전문대학,부산,기존,0000569,동주대학교,1,3118,0,3101,2720,381,99.45,87.24,2026-08-07T09:07:29.731Z
2020,상반기,대학교,국립,대학,부산,기존,0000578,부경대학교,1,13122,0,16094,14106,1988,122.65,107.5,2026-08-07T09:07:29.731Z
2020,상반기,대학교,사립,대학,부산,기존,0000082,부산가톨릭대학교,1,3664,0,3948,3607,341,107.75,98.44,2026-08-07T09:07:29.731Z
2020,상반기,전문대학,사립,전문대학,부산,기존,0000313,부산경상대학교,1,2992,295,2625,2279,346,97.33,84.5,2026-08-07T09:07:29.731Z
2020,상반기,전문대학,사립,전문대학,부산,기존,0000315,부산과학기술대학교,1,3134,0,3563,2805,758,113.69,89.5,2026-08-07T09:07:29.731Z
2020,상반기,교육대학,국립,대학,부산,기존,0000198,부산교육대학교,1,1424,0,1527,1411,116,107.23,99.09,2026-08-07T09:07:29.731Z
2020,상반기,대학교,국립,대학,부산,기존,0000011,부산대학교,1,17254,0,20502,18488,2014,118.82,107.15,2026-08-07T09:07:29.731Z
2020,상반기,사이버대학(대학),사립,대학,부산,기존,0000411,부산디지털대학교,1,2765,0,2366,2228,138,85.57,80.58,2026-08-07T09:07:29.731Z
2020,상반기,전문대학,사립,전문대학,부산,기존,0000314,부산여자대학교,1,2901,0,2677,2435,242,92.28,83.94,2026-08-07T09:07:29.731Z
2020,상반기,전문대학,사립,전문대학,부산,기존,0000388,부산예술대학교,1,902,0,682,631,51,75.61,69.96,2026-08-07T09:07:29.731Z
2020,상반기,대학교,사립,대학,부산,기존,0000083,부산외국어대학교,1,7326,0,8088,7253,835,110.4,99,2026-08-07T09:07:29.731Z
2020,상반기,전문대학,사립,전문대학,부산,폐교,0000326,성심외국어대학,1,0,0,0,0,0,0,0,2026-08-07T09:07:29.731Z
2020,상반기,대학교,사립,대학,부산,기존,0000106,신라대학교,1,8590,0,8921,8036,885,103.85,93.55,2026-08-07T09:07:29.731Z
2020,상반기,대학교,사립,대학,부산,기존,0000181,영산대학교,2,6000,0,6911,6131,780,115.18,102.18,2026-08-07T09:07:29.731Z
2020,상반기,기능대학,사립,전문대학,부산,기존,0000497,한국폴리텍 VII 대학,1,830,0,873,754,119,105.18,90.84,2026-08-07T09:07:29.731Z
2020,상반기,대학교,국립,대학,부산,기존,0000583,한국해양대학교,1,5760,0,6422,5707,715,111.49,99.08,2026-08-07T09:07:29.731Z
2020,상반기,사이버대학(대학),사립,대학,부산,기존,0000423,화신사이버대학교,1,1490,0,1397,1206,191,93.76,80.94,2026-08-07T09:07:29.731Z
2020,상반기,대학교,사립,대학,서울,기존,0000035,감리교신학대학교,1,800,0,814,770,44,101.75,96.25,2026-08-07T09:07:29.731Z
2020,상반기,대학교,사립,대학,서울,기존,0000565,강서대학교,1,1141,0,1351,1200,151,118.4,105.17,2026-08-07T09:07:29.731Z
2020,상반기,대학교,사립,대학,서울,기존,0000047,경희대학교,1,19686,0,25875,20749,5126,131.44,105.4,2026-08-07T09:07:29.731Z
2020,상반기,사이버대학(대학),사립,대학,서울,기존,0000408,경희사이버대학교,1,9080,0,9581,6641,2940,105.52,73.14,2026-08-07T09:07:29.731Z
2020,상반기,사이버대학(대학),사립,대학,서울,기존,0000418,고려사이버대학교,1,7635,0,9385,6938,2447,122.92,90.87,2026-08-07T09:07:29.731Z
2020,상반기,대학교,사립,대학,서울,기존,0000053,광운대학교,1,6770,0,8181,6704,1477,120.84,99.03,2026-08-07T09:07:29.731Z
2020,상반기,대학교,사립,대학,서울,기존,0000056,국민대학교,1,11507,0,15109,12018,3091,131.3,104.44,2026-08-07T09:07:29.731Z
2020,상반기,대학교,사립,대학,서울,기존,0000070,덕성여자대학교,1,4941,0,5506,5084,422,111.43,102.89,2026-08-07T09:07:29.731Z
2020,상반기,대학교,사립,대학,서울,기존,0000072,동덕여자대학교,1,6188,76,6938,6223,715,113.51,101.82,2026-08-07T09:07:29.731Z
2020,상반기,전문대학,사립,전문대학,서울,기존,0000300,동양미래대학교,1,4976,0,5854,4612,1242,117.64,92.68,2026-08-07T09:07:29.731Z
2020,상반기,사이버대학(대학),사립,대학,서울,기존,0000420,디지털서울문화예술대학교,1,3680,0,3553,2771,782,96.55,75.3,2026-08-07T09:07:29.731Z
2020,상반기,전문대학,사립,전문대학,서울,기존,0000307,명지전문대학,1,5869,0,7068,5641,1427,120.43,96.12,2026-08-07T09:07:29.731Z
2020,상반기,전문대학,사립,전문대학,서울,기존,0000310,배화여자대학교,1,2690,0,2874,2476,398,106.84,92.04,2026-08-07T09:07:29.731Z
2020,상반기,사이버대학(대학),사립,대학,서울,기존,0000422,사이버한국외국어대학교,1,4626,0,6618,4847,1771,143.06,104.78,2026-08-07T09:07:29.731Z
2020,상반기,대학교,사립,대학,서울,기존,0000084,삼육대학교,1,4680,0,5517,4915,602,117.88,105.02,2026-08-07T09:07:29.731Z
2020,상반기,전문대학,사립,전문대학,서울,기존,0000317,삼육보건대학교,1,1072,0,1331,1033,298,124.16,96.36,2026-08-07T09:07:29.731Z
2020,상반기,대학교,사립,대학,서울,기존,0000085,상명대학교,2,10428,0,12249,10251,1998,117.46,98.3,2026-08-07T09:07:29.731Z
2020,상반기,대학교,사립,대학,서울,기존,0000087,서강대학교,1,6296,0,8275,6482,1793,131.43,102.95,2026-08-07T09:07:29.731Z
2020,상반기,대학교,사립,대학,서울,기존,0000088,서경대학교,1,5174,0,6185,5103,1082,119.54,98.63,2026-08-07T09:07:29.731Z
2020,상반기,대학교,국립,대학,서울,기존,0000027,서울과학기술대학교,1,8320,0,10587,9226,1361,127.25,110.89,2026-08-07T09:07:29.731Z
2020,상반기,교육대학,국립,대학,서울,기존,0000199,서울교육대학교,1,1420,0,1553,1404,149,109.37,98.87,2026-08-07T09:07:29.731Z
2020,상반기,대학교,사립,대학,서울,기존,0000069,서울기독대학교,1,557,0,501,489,12,89.95,87.79,2026-08-07T09:07:29.731Z
2020,상반기,대학교,국립대법인,대학,서울,기존,0000012,서울대학교,1,13122,0,16608,15070,1538,126.57,114.85,2026-08-07T09:07:29.731Z
2020,상반기,사이버대학(대학),사립,대학,서울,기존,0000412,서울디지털대학교,1,10170,1200,9880,6519,3361,110.14,72.68,2026-08-07T09:07:29.731Z
2020,상반기,사이버대학(대학),사립,대학,서울,기존,0000413,서울사이버대학교,1,10310,0,11947,7589,4358,115.88,73.61,2026-08-07T09:07:29.731Z
2020,상반기,대학교,공립,대학,서울,기존,0000030,서울시립대학교,1,6788,0,9028,8116,912,133,119.56,2026-08-07T09:07:29.731Z
2020,상반기,전문대학,사립,전문대학,서울,기존,0000321,서울여자간호대학교,1,684,0,934,634,300,136.55,92.69,2026-08-07T09:07:29.731Z
2020,상반기,대학교,사립,대학,서울,기존,0000091,서울여자대학교,1,6368,0,7141,6525,616,112.14,102.47,2026-08-07T09:07:29.731Z
2020,상반기,전문대학,사립,전문대학,서울,기존,0000324,서일대학교,1,5386,0,6055,5161,894,112.42,95.82,2026-08-07T09:07:29.731Z
2020,상반기,대학교,사립,대학,서울,기존,0000096,성공회대학교,1,2008,0,2112,1990,122,105.18,99.1,2026-08-07T09:07:29.731Z
2020,상반기,대학교,사립,대학,서울,기존,0000097,성균관대학교,1,13528,0,19305,14476,4829,142.7,107.01,2026-08-07T09:07:29.731Z
2020,상반기,대학교,사립,대학,서울,기존,0000098,성신여자대학교,1,8240,0,8868,8115,753,107.62,98.48,2026-08-07T09:07:29.731Z
2020,상반기,대학교,사립,대학,서울,기존,0000100,세종대학교,1,9331,0,11943,9886,2057,127.99,105.95,2026-08-07T09:07:29.731Z
2020,상반기,사이버대학(대학),사립,대학,서울,기존,0000415,세종사이버대학교,1,6790,0,8805,6603,2202,129.68,97.25,2026-08-07T09:07:29.731Z
2020,상반기,대학교,사립,대학,서울,기존,0000103,숙명여자대학교,1,8848,0,10123,8927,1196,114.41,100.89,2026-08-07T09:07:29.731Z
2020,상반기,대학교,사립,대학,서울,기존,0000105,숭실대학교,1,10730,0,13613,10675,2938,126.87,99.49,2026-08-07T09:07:29.731Z
2020,상반기,사이버대학(대학),사립,대학,서울,기존,0000419,숭실사이버대학교,1,4950,0,6316,4439,1877,127.6,89.68,2026-08-07T09:07:29.731Z
2020,상반기,전문대학,사립,전문대학,서울,기존,0000333,숭의여자대학교,1,3375,0,3396,3126,270,100.62,92.62,2026-08-07T09:07:29.731Z
2020,상반기,대학교,사립,대학,서울,기존,0000121,이화여자대학교,1,12764,0,15698,13587,2111,122.99,106.45,2026-08-07T09:07:29.731Z
2020,상반기,전문대학,사립,전문대학,서울,기존,0000356,인덕대학교,1,5826,0,6382,5494,888,109.54,94.3,2026-08-07T09:07:29.731Z
2020,상반기,대학교,사립,대학,서울,기존,0000125,장로회신학대학교,1,600,0,648,591,57,108,98.5,2026-08-07T09:07:29.731Z
2020,상반기,기술대학,사립,대학,서울,기존,0000228,정석대학,1,200,0,58,58,0,29,29,2026-08-07T09:07:29.731Z
2020,상반기,대학교,사립,대학,서울,기존,0000129,중앙대학교,2,17964,0,23764,19086,4678,132.29,106.25,2026-08-07T09:07:29.731Z
2020,상반기,대학교,사립,대학,서울,기존,0000133,총신대학교,1,1414,0,1693,1472,221,119.73,104.1,2026-08-07T09:07:29.731Z
2020,상반기,대학교,사립,대학,서울,기존,0000134,추계예술대학교,1,1097,0,1111,1064,47,101.28,96.99,2026-08-07T09:07:29.731Z
2020,상반기,방송통신대학,국립,대학,서울,기존,0000215,한국방송통신대학교,1,227650,0,103314,93035,10279,45.38,40.87,2026-08-07T09:07:29.731Z
2020,상반기,대학교,사립,대학,서울,기존,0000142,한국성서대학교,1,909,0,1049,951,98,115.4,104.62,2026-08-07T09:07:29.731Z
2020,상반기,사이버대학(대학),사립,대학,서울,기존,0000416,한국열린사이버대학교,1,3400,0,5732,3171,2561,168.59,93.26,2026-08-07T09:07:29.731Z
2020,상반기,각종학교(대학),특별법국립,대학,서울,기존,0000471,한국예술종합학교,1,2252,0,2763,2630,133,122.69,116.79,2026-08-07T09:07:29.731Z
2020,상반기,대학교,사립,대학,서울,기존,0000143,한국외국어대학교,1,13508,0,17438,14622,2816,129.09,108.25,2026-08-07T09:07:29.731Z
2020,상반기,대학교,국립,대학,서울,기존,0000023,한국체육대학교,1,2225,0,2512,2374,138,112.9,106.7,2026-08-07T09:07:29.731Z
2020,상반기,기능대학,사립,전문대학,서울,기존,0000478,한국폴리텍 I 대학,1,520,0,546,482,64,105,92.69,2026-08-07T09:07:29.731Z
2020,상반기,기능대학,사립,전문대학,서울,기존,0000477,한국폴리텍 I 대학,1,1130,0,1468,1133,335,129.91,100.27,2026-08-07T09:07:29.731Z
2020,상반기,대학교,사립,대학,서울,기존,0000150,한성대학교,1,5832,0,6567,5814,753,112.6,99.69,2026-08-07T09:07:29.731Z
2020,상반기,사이버대학(대학),사립,대학,서울,기존,0000421,한양사이버대학교,1,10515,0,15065,10450,4615,143.27,99.38,2026-08-07T09:07:29.731Z
2020,상반기,전문대학,사립,전문대학,서울,기존,0000384,한양여자대학교,1,6252,0,6680,5846,834,106.85,93.51,2026-08-07T09:07:29.731Z
2020,상반기,대학교,사립,대학,서울,기존,0000539,한영신학대학교,1,720,0,695,637,58,96.53,88.47,2026-08-07T09:07:29.731Z
2020,상반기,대학교,사립,대학,서울,기존,0000160,홍익대학교,2,14945,0,18001,15217,2784,120.45,101.82,2026-08-07T09:07:29.731Z
2020,상반기,대학교,사립,대학,세종,기존,0000049,고려대학교,2,20912,0,27209,22483,4726,130.11,107.51,2026-08-07T09:07:29.731Z
2020,상반기,대학교,사립,대학,세종,기존,0000066,대전가톨릭대학교,1,160,0,44,44,0,27.5,27.5,2026-08-07T09:07:29.731Z
2020,상반기,전문대학,사립,전문대학,세종,기존,0000353,한국영상대학교,1,3167,0,3410,2952,458,107.67,93.21,2026-08-07T09:07:29.731Z
2020,상반기,대학교,특별법법인,대학,울산,기존,0000527,울산과학기술원,1,1440,0,2076,1820,256,144.17,126.39,2026-08-07T09:07:29.731Z
2020,상반기,전문대학,사립,전문대학,울산,기존,0000352,울산과학대학교,1,4727,0,5719,4666,1053,120.99,98.71,2026-08-07T09:07:29.731Z
2020,상반기,대학교,사립,대학,울산,기존,0000117,울산대학교,1,11048,0,12080,11001,1079,109.34,99.57,2026-08-07T09:07:29.731Z
2020,상반기,전문대학,사립,전문대학,울산,기존,0000375,춘해보건대학교,1,2170,0,2748,2096,652,126.64,96.59,2026-08-07T09:07:29.731Z
2020,상반기,기능대학,사립,전문대학,울산,기존,0000498,한국폴리텍 VII 대학,1,680,0,722,625,97,106.18,91.91,2026-08-07T09:07:29.731Z
2020,상반기,교육대학,국립,대학,인천,기존,0000200,경인교육대학교,2,2392,0,2667,2423,244,111.5,101.3,2026-08-07T09:07:29.731Z
2020,상반기,전문대학,사립,전문대학,인천,기존,0000261,경인여자대학교,1,4004,0,4722,3830,892,117.93,95.65,2026-08-07T09:07:29.731Z
2020,상반기,대학교,사립,대학,인천,기존,0000123,인천가톨릭대학교,2,678,0,705,664,41,103.98,97.94,2026-08-07T09:07:29.731Z
2020,상반기,대학교,국립대법인,대학,인천,기존,0000031,인천대학교,1,9968,0,11776,10498,1278,118.14,105.32,2026-08-07T09:07:29.731Z
2020,상반기,전문대학,사립,전문대학,인천,기존,0000587,인천재능대학교,1,3316,0,3951,3260,691,119.15,98.31,2026-08-07T09:07:29.731Z
2020,상반기,전문대학,사립,전문대학,인천,기존,0000357,인하공업전문대학,1,5756,0,6886,5649,1237,119.63,98.14,2026-08-07T09:07:29.731Z
2020,상반기,대학교,사립,대학,인천,기존,0000124,인하대학교,1,13718,0,17507,14683,2824,127.62,107.03,2026-08-07T09:07:29.731Z
2020,상반기,기능대학,사립,전문대학,인천,기존,0000481,한국폴리텍 II 대학,1,25,0,29,24,5,116,96,2026-08-07T09:07:29.731Z
2020,상반기,기능대학,사립,전문대학,인천,기존,0000480,한국폴리텍 II 대학,1,1745,0,2144,1644,500,122.87,94.21,2026-08-07T09:07:29.731Z
2020,상반기,전문대학,사립,전문대학,전남,기존,0000585,고구려대학교,1,1992,0,1903,1740,163,95.53,87.35,2026-08-07T09:07:29.731Z
2020,상반기,전문대학,사립,전문대학,전남,기존,0000266,광양보건대학교,1,1850,160,648,583,65,38.34,34.5,2026-08-07T09:07:29.731Z
2020,상반기,대학교,사립,대학,전남,기존,0000054,광주가톨릭대학교,1,160,0,89,89,0,55.63,55.63,2026-08-07T09:07:29.731Z
2020,상반기,대학교,사립,대학,전남,기존,0000074,동신대학교,1,6272,0,6305,5649,656,100.53,90.07,2026-08-07T09:07:29.731Z
2020,상반기,전문대학,사립,전문대학,전남,기존,0000532,동아보건대학교,1,1606,0,1699,1486,213,105.79,92.53,2026-08-07T09:07:29.731Z
2020,상반기,대학교,사립,대학,전남,기존,0000166,목포가톨릭대학교,1,490,0,509,480,29,103.88,97.96,2026-08-07T09:07:29.731Z
2020,상반기,전문대학,사립,전문대학,전남,기존,0000308,목포과학대학교,1,2294,0,2334,2035,299,101.74,88.71,2026-08-07T09:07:29.731Z
2020,상반기,대학교,국립,대학,전남,기존,0000576,목포대학교,1,6453,0,7329,6617,712,113.58,102.54,2026-08-07T09:07:29.731Z
2020,상반기,대학교,국립,대학,전남,기존,0000577,목포해양대학교,1,2764,0,2548,2427,121,92.19,87.81,2026-08-07T09:07:29.731Z
2020,상반기,대학교,사립,대학,전남,기존,0000064,세한대학교,1,3798,0,3412,3230,182,89.84,85.04,2026-08-07T09:07:29.731Z
2020,상반기,대학교,국립,대학,전남,기존,0000579,순천대학교,1,6502,0,6988,6365,623,107.47,97.89,2026-08-07T09:07:29.731Z
2020,상반기,전문대학,사립,전문대학,전남,기존,0000331,순천제일대학교,1,2446,0,2551,2154,397,104.29,88.06,2026-08-07T09:07:29.731Z
2020,상반기,대학교,사립,대학,전남,기존,0000114,영산선학대학교,1,200,0,29,27,2,14.5,13.5,2026-08-07T09:07:29.731Z
2020,상반기,전문대학,사립,전문대학,전남,기존,0000360,전남과학대학교,1,3171,0,3976,2856,1120,125.39,90.07,2026-08-07T09:07:29.731Z
2020,상반기,전문대학,공립,전문대학,전남,기존,0000389,전남도립대학교,1,1505,0,1339,1262,77,88.97,83.85,2026-08-07T09:07:29.731Z
2020,상반기,전문대학,사립,전문대학,전남,기존,0000332,청암대학교,1,2777,0,2697,2377,320,97.12,85.6,2026-08-07T09:07:29.731Z
2020,상반기,대학교,사립,대학,전남,기존,0000190,초당대학교,1,3056,0,3220,2927,293,105.37,95.78,2026-08-07T09:07:29.731Z
2020,상반기,기능대학,사립,전문대학,전남,기존,0000543,한국폴리텍 V 대학,1,0,0,18,0,18,0,0,2026-08-07T09:07:29.731Z
2020,상반기,기능대학,사립,전문대학,전남,기존,0000554,한국폴리텍 V 대학,1,225,0,236,197,39,104.89,87.56,2026-08-07T09:07:29.731Z
2020,상반기,대학교,사립,대학,전남,기존,0000186,한려대학교,1,1205,0,373,338,35,30.95,28.05,2026-08-07T09:07:29.731Z
2020,상반기,전문대학,사립,전문대학,전남,기존,0000546,한영대학,1,1349,0,1372,1177,195,101.7,87.25,2026-08-07T09:07:29.731Z
2020,상반기,전문대학,사립,전문대학,전북,기존,0000250,군산간호대학교,1,886,0,1152,850,302,130.02,95.94,2026-08-07T09:07:29.731Z
2020,상반기,대학교,국립,대학,전북,기존,0000574,군산대학교,1,6940,0,7313,6803,510,105.37,98.03,2026-08-07T09:07:29.731Z
2020,상반기,전문대학,사립,전문대학,전북,기존,0000270,군장대학교,1,1550,0,1904,1406,498,122.84,90.71,2026-08-07T09:07:29.731Z
2020,상반기,전문대학,사립,전문대학,전북,기존,0000311,백제예술대학교,1,1354,0,1214,1154,60,89.66,85.23,2026-08-07T09:07:29.731Z
2020,상반기,전문대학,사립,전문대학,전북,폐교,0000269,서해대학,1,1275,0,241,240,1,18.9,18.82,2026-08-07T09:07:29.731Z
2020,상반기,대학교,사립,대학,전북,기존,0000173,예수대학교,1,516,0,551,509,42,106.78,98.64,2026-08-07T09:07:29.731Z
2020,상반기,대학교,사립,대학,전북,기존,0000164,예원예술대학교,2,1242,0,1481,1015,466,119.24,81.72,2026-08-07T09:07:29.731Z
2020,상반기,대학교,사립,대학,전북,기존,0000116,우석대학교,1,7080,0,7533,6776,757,106.4,95.71,2026-08-07T09:07:29.731Z
2020,상반기,대학교,사립,대학,전북,기존,0000118,원광대학교,1,14796,0,15007,13854,1153,101.43,93.63,2026-08-07T09:07:29.731Z
2020,상반기,사이버대학(대학),사립,대학,전북,기존,0000417,원광디지털대학교,1,4795,0,5215,4254,961,108.76,88.72,2026-08-07T09:07:29.731Z
2020,상반기,전문대학,사립,전문대학,전북,기존,0000354,원광보건대학교,1,4033,0,4593,3704,889,113.89,91.84,2026-08-07T09:07:29.731Z
2020,상반기,전문대학,사립,전문대학,전북,기존,0000362,전북과학대학교,1,1478,0,1717,1398,319,116.17,94.59,2026-08-07T09:07:29.731Z
2020,상반기,대학교,국립,대학,전북,기존,0000017,전북대학교,1,15608,0,18364,16474,1890,117.66,105.55,2026-08-07T09:07:29.731Z
2020,상반기,교육대학,국립,대학,전북,기존,0000201,전주교육대학교,1,1140,0,1190,1125,65,104.39,98.68,2026-08-07T09:07:29.731Z
2020,상반기,전문대학,사립,전문대학,전북,기존,0000274,전주기전대학,1,2036,0,1743,1638,105,85.61,80.45,2026-08-07T09:07:29.731Z
2020,상반기,대학교,사립,대학,전북,기존,0000126,전주대학교,1,10088,0,11126,9669,1457,110.29,95.85,2026-08-07T09:07:29.731Z
2020,상반기,전문대학,사립,전문대학,전북,기존,0000361,전주비전대학교,1,2582,0,3587,2549,1038,138.92,98.72,2026-08-07T09:07:29.731Z
2020,상반기,전문대학,특별법국립,전문대학,전북,기존,0000473,한국농수산대학,1,1650,0,1673,1563,110,101.39,94.73,2026-08-07T09:07:29.731Z
2020,상반기,기능대학,사립,전문대학,전북,기존,0000493,한국폴리텍 V 대학,1,100,0,137,92,45,137,92,2026-08-07T09:07:29.731Z
2020,상반기,기능대학,사립,전문대학,전북,기존,0000553,한국폴리텍 V 대학,1,475,0,486,429,57,102.32,90.32,2026-08-07T09:07:29.731Z
2020,상반기,대학교,사립,대학,전북,기존,0000155,한일장신대학교,1,886,0,909,751,158,102.6,84.76,2026-08-07T09:07:29.731Z
2020,상반기,산업대학,사립,대학,전북,기존,0000223,호원대학교,1,4634,0,5436,4177,1259,117.31,90.14,2026-08-07T09:07:29.731Z
2020,상반기,전문대학,사립,전문대학,제주,기존,0000363,제주관광대학교,1,2355,0,2106,1940,166,89.43,82.38,2026-08-07T09:07:29.731Z
2020,상반기,대학교,사립,대학,제주,기존,0000192,제주국제대학교,1,2469,0,928,900,28,37.59,36.45,2026-08-07T09:07:29.731Z
2020,상반기,대학교,국립,대학,제주,기존,0000018,제주대학교,1,8504,0,9939,8992,947,116.87,105.74,2026-08-07T09:07:29.731Z
2020,상반기,전문대학,사립,전문대학,제주,기존,0000382,제주한라대학교,1,4646,4,6274,4179,2095,135.16,90.03,2026-08-07T09:07:29.731Z
2020,상반기,기능대학,사립,전문대학,제주,기존,0000535,한국폴리텍 I 대학,1,50,0,47,42,5,94,84,2026-08-07T09:07:29.731Z
2020,상반기,대학교,사립,대학,충남,기존,0000038,건양대학교,2,6890,0,7039,6535,504,102.16,94.85,2026-08-07T09:07:29.731Z
2020,상반기,교육대학,국립,대학,충남,기존,0000195,공주교육대학교,1,1416,0,1439,1339,100,101.62,94.56,2026-08-07T09:07:29.731Z
2020,상반기,대학교,국립,대학,충남,기존,0000573,공주대학교,1,10953,0,12945,11104,1841,118.19,101.38,2026-08-07T09:07:29.731Z
2020,상반기,사이버대학(대학),사립,대학,충남,기존,0000424,글로벌사이버대학교,1,3180,0,2454,2426,28,77.17,76.29,2026-08-07T09:07:29.731Z
2020,상반기,대학교,사립,대학,충남,기존,0000169,금강대학교,1,510,0,393,383,10,77.06,75.1,2026-08-07T09:07:29.731Z
2020,상반기,대학교,사립,대학,충남,기존,0000059,나사렛대학교,1,4844,0,5146,4525,621,106.23,93.41,2026-08-07T09:07:29.731Z
2020,상반기,대학교,사립,대학,충남,기존,0000189,남서울대학교,1,8812,0,9502,8551,951,107.83,97.04,2026-08-07T09:07:29.731Z
2020,상반기,산업대학,사립,대학,충남,폐교,0000218,남서울대학교(산업대),1,0,0,0,0,0,0,0,2026-08-07T09:07:29.731Z
2020,상반기,대학교,사립,대학,충남,기존,0000131,백석대학교,1,11160,0,11828,10779,1049,105.99,96.59,2026-08-07T09:07:29.731Z
2020,상반기,전문대학,사립,전문대학,충남,기존,0000373,백석문화대학교,1,5407,0,5754,5149,605,106.42,95.23,2026-08-07T09:07:29.731Z
2020,상반기,대학교,사립,대학,충남,기존,0000094,선문대학교,1,8239,0,9252,7844,1408,112.3,95.21,2026-08-07T09:07:29.731Z
2020,상반기,대학교,사립,대학,충남,기존,0000104,순천향대학교,1,9626,0,10755,9492,1263,111.73,98.61,2026-08-07T09:07:29.731Z
2020,상반기,전문대학,사립,전문대학,충남,기존,0000335,신성대학교,1,3643,0,3678,3018,660,100.96,82.84,2026-08-07T09:07:29.731Z
2020,상반기,전문대학,사립,전문대학,충남,기존,000568,아주자동차대학,1,988,0,910,850,60,92.11,86.03,2026-08-07T09:07:29.731Z
2020,상반기,전문대학,사립,전문대학,충남,기존,0000529,연암대학교,1,966,0,1105,950,155,114.39,98.34,2026-08-07T09:07:29.731Z
2020,상반기,대학교,사립,대학,충남,기존,0000128,중부대학교,1,7780,0,8174,7358,816,105.06,94.58,2026-08-07T09:07:29.731Z
2020,상반기,산업대학,사립,대학,충남,기존,0000225,청운대학교,1,5186,0,6468,5070,1398,124.72,97.76,2026-08-07T09:07:29.731Z
2020,상반기,전문대학,공립,전문대학,충남,기존,0000519,충남도립대학교,1,942,0,1005,914,91,106.69,97.03,2026-08-07T09:07:29.731Z
2020,상반기,대학교,사립,대학,충남,기존,0000141,한국기술교육대학교,1,3344,0,4241,3631,610,126.82,108.58,2026-08-07T09:07:29.731Z
2020,상반기,대학교,특별법국립,대학,충남,기존,0000472,한국전통문화대학교,1,560,0,592,576,16,105.71,102.86,2026-08-07T09:07:29.731Z
2020,상반기,기능대학,사립,전문대학,충남,기존,0000500,한국폴리텍 특성화대학,1,360,0,390,326,64,108.33,90.56,2026-08-07T09:07:29.731Z
2020,상반기,기능대학,사립,전문대학,충남,기존,0000487,한국폴리텍 IV 대학,1,450,0,519,443,76,115.33,98.44,2026-08-07T09:07:29.731Z
2020,상반기,기능대학,사립,전문대학,충남,기존,0000588,한국폴리텍 IV 대학,1,240,0,226,212,14,94.17,88.33,2026-08-07T09:07:29.731Z
2020,상반기,대학교,사립,대학,충남,기존,0000149,한서대학교,1,6365,0,6934,6178,756,108.94,97.06,2026-08-07T09:07:29.731Z
2020,상반기,전문대학,사립,전문대학,충남,기존,0000386,혜전대학교,1,2838,0,2635,2251,384,92.85,79.32,2026-08-07T09:07:29.731Z
2020,상반기,대학교,사립,대학,충남,기존,0000159,호서대학교,1,11562,0,12620,11522,1098,109.15,99.65,2026-08-07T09:07:29.731Z
2020,상반기,전문대학,사립,전문대학,충북,기존,0000271,강동대학교,1,3874,171,3534,3115,419,95.44,84.12,2026-08-07T09:07:29.731Z
2020,상반기,대학교,사립,대학,충북,기존,0000037,건국대학교,2,18369,0,22761,19275,3486,123.91,104.93,2026-08-07T09:07:29.731Z
2020,상반기,대학교,사립,대학,충북,기존,0000058,극동대학교,1,3740,0,3684,3475,209,98.5,92.91,2026-08-07T09:07:29.731Z
2020,상반기,대학교,사립,대학,충북,기존,0000557,꽃동네대학교,1,432,0,457,432,25,105.79,100,2026-08-07T09:07:29.731Z
2020,상반기,전문대학,사립,전문대학,충북,기존,0000286,대원대학교,1,2535,0,2400,2163,237,94.67,85.33,2026-08-07T09:07:29.731Z
2020,상반기,대학교,사립,대학,충북,기존,0000093,서원대학교,1,6488,0,6860,6296,564,105.73,97.04,2026-08-07T09:07:29.731Z
2020,상반기,대학교,사립,대학,충북,기존,0000099,세명대학교,1,7600,0,7804,7248,556,102.68,95.37,2026-08-07T09:07:29.731Z
2020,상반기,각종학교(대학),사립,대학,충북,기존,0000404,순복음총회신학교,1,324,0,185,183,2,57.1,56.48,2026-08-07T09:07:29.731Z
2020,상반기,대학교,사립,대학,충북,기존,0000113,유원대학교,1,3865,0,3645,3446,199,94.31,89.16,2026-08-07T09:07:29.731Z
2020,상반기,대학교,사립,대학,충북,기존,0000183,중원대학교,1,3948,0,4068,3760,308,103.04,95.24,2026-08-07T09:07:29.731Z
2020,상반기,교육대학,국립,대학,충북,기존,0000204,청주교육대학교,1,1144,0,1191,1102,89,104.11,96.33,2026-08-07T09:07:29.731Z
2020,상반기,대학교,사립,대학,충북,기존,0000132,청주대학교,1,10641,0,10980,10062,918,103.19,94.56,2026-08-07T09:07:29.731Z
2020,상반기,대학교,국립,대학,충북,기존,0000021,충북대학교,1,11373,0,13277,11718,1559,116.74,103.03,2026-08-07T09:07:29.731Z
2020,상반기,전문대학,공립,전문대학,충북,기존,0000544,충북도립대학,1,880,0,837,830,7,95.11,94.32,2026-08-07T09:07:29.731Z
2020,상반기,전문대학,사립,전문대학,충북,기존,0000367,충북보건과학대학교,1,2648,0,2690,2292,398,101.59,86.56,2026-08-07T09:07:29.731Z
2020,상반기,전문대학,사립,전문대학,충북,기존,0000377,충청대학교,1,3776,0,3914,3361,553,103.65,89.01,2026-08-07T09:07:29.731Z
2020,상반기,대학교,국립,대학,충북,기존,0000022,한국교원대학교,1,2184,0,2418,2249,169,110.71,102.98,2026-08-07T09:07:29.731Z
2020,상반기,대학교,국립,대학,충북,기존,0000582,한국교통대학교,1,7671,0,8254,7548,706,107.6,98.4,2026-08-07T09:07:29.731Z
2020,상반기,기능대학,사립,전문대학,충북,기존,0000485,한국폴리텍 IV 대학,1,680,0,729,630,99,107.21,92.65,2026-08-07T09:07:29.731Z
2020,하반기,대학교,사립,대학,강원,기존,0000513,가톨릭관동대학교,1,8498,0,7531,6915,616,88.62,81.37,2026-08-07T09:07:29.731Z
2020,하반기,전문대학,사립,전문대학,강원,기존,0000347,강릉영동대학교,1,2675,0,2551,2068,483,95.36,77.31,2026-08-07T09:07:29.731Z
2020,하반기,대학교,국립,대학,강원,기존,0000572,강릉원주대학교,2,7412,0,7279,6734,545,98.21,90.85,2026-08-07T09:07:29.731Z
2020,하반기,전문대학,사립,전문대학,강원,폐교,0000378,강원관광대학교,1,1119,0,912,735,177,81.5,65.68,2026-08-07T09:07:29.731Z
2020,하반기,대학교,국립,대학,강원,기존,0000002,강원대학교,2,18255,0,18386,16932,1454,100.72,92.75,2026-08-07T09:07:29.731Z
2020,하반기,전문대학,공립,전문대학,강원,기존,0000531,강원도립대학교,1,657,0,520,515,5,79.15,78.39,2026-08-07T09:07:29.731Z
2020,하반기,대학교,사립,대학,강원,기존,0000041,경동대학교,3,7140,0,7356,6265,1091,103.03,87.75,2026-08-07T09:07:29.731Z
2020,하반기,대학교,사립,대학,강원,기존,0000086,상지대학교,1,7496,0,6354,6000,354,84.77,80.04,2026-08-07T09:07:29.731Z
2020,하반기,전문대학,사립,전문대학,강원,폐교,0000319,상지영서대학교,1,1259,0,1018,858,160,80.86,68.15,2026-08-07T09:07:29.731Z
2020,하반기,전문대학,사립,전문대학,강원,기존,0000348,세경대학교,1,966,0,940,810,130,97.31,83.85,2026-08-07T09:07:29.731Z
2020,하반기,전문대학,사립,전문대학,강원,기존,0000393,송곡대학교,1,575,0,582,465,117,101.22,80.87,2026-08-07T09:07:29.731Z
2020,하반기,전문대학,사립,전문대학,강원,기존,0000390,송호대학교,1,885,1,877,686,191,99.21,77.6,2026-08-07T09:07:29.731Z
2020,하반기,대학교,사립,대학,강원,기존,0000110,연세대학교,2,20216,38,24671,19716,4955,122.27,97.71,2026-08-07T09:07:29.731Z
2020,하반기,교육대학,국립,대학,강원,기존,0000205,춘천교육대학교,1,1284,0,1324,1238,86,103.12,96.42,2026-08-07T09:07:29.731Z
2020,하반기,전문대학,사립,전문대학,강원,기존,0000542,한국골프대학,1,480,0,370,339,31,77.08,70.63,2026-08-07T09:07:29.731Z
2020,하반기,기능대학,사립,전문대학,강원,기존,0000483,한국폴리텍 III 대학,1,120,0,118,99,19,98.33,82.5,2026-08-07T09:07:29.731Z
2020,하반기,기능대학,사립,전문대학,강원,기존,0000517,한국폴리텍 III 대학,1,75,0,68,59,9,90.67,78.67,2026-08-07T09:07:29.731Z
2020,하반기,기능대학,사립,전문대학,강원,기존,0000482,한국폴리텍 III 대학,1,250,0,250,214,36,100,85.6,2026-08-07T09:07:29.731Z
2020,하반기,대학교,사립,대학,강원,기존,0000147,한라대학교,1,3573,0,3195,3018,177,89.42,84.47,2026-08-07T09:07:29.731Z
2020,하반기,대학교,사립,대학,강원,기존,0000148,한림대학교,1,6996,0,7351,6661,690,105.07,95.21,2026-08-07T09:07:29.731Z
2020,하반기,전문대학,사립,전문대학,강원,기존,0000383,한림성심대학교,1,2609,0,2839,2236,603,108.82,85.7,2026-08-07T09:07:29.731Z
2020,하반기,대학교,사립,대학,경기,기존,0000044,가천대학교,1,15326,0,17787,15080,2707,116.06,98.39,2026-08-07T09:07:29.731Z
2020,하반기,대학교,사립,대학,경기,기존,0000034,가톨릭대학교,3,7086,0,7650,6784,866,107.96,95.74,2026-08-07T09:07:29.731Z
2020,하반기,대학교,사립,대학,경기,기존,0000036,강남대학교,1,5986,0,6093,5537,556,101.79,92.5,2026-08-07T09:07:29.731Z
2020,하반기,전문대학,사립,전문대학,경기,기존,0000387,경기과학기술대학교,1,3456,14,4233,2876,1357,122.98,83.56,2026-08-07T09:07:29.731Z
2020,하반기,대학교,사립,대학,경기,기존,0000039,경기대학교,2,11759,0,13265,11214,2051,112.81,95.37,2026-08-07T09:07:29.731Z
2020,하반기,전문대학,사립,전문대학,경기,기존,0000255,경민대학교,1,3663,0,4093,3201,892,111.74,87.39,2026-08-07T09:07:29.731Z
2020,하반기,전문대학,사립,전문대학,경기,기존,0000259,경복대학교,1,5093,0,6222,4878,1344,122.17,95.78,2026-08-07T09:07:29.731Z
2020,하반기,전문대학,사립,전문대학,경기,기존,0000264,계원예술대학교,1,2514,0,2717,2335,382,108.07,92.88,2026-08-07T09:07:29.731Z
2020,하반기,전문대학,사립,전문대학,경기,기존,0000379,국제대학교,1,3806,0,3430,3171,259,90.12,83.32,2026-08-07T09:07:29.731Z
2020,하반기,사이버대학(대학),사립,대학,경기,기존,0000409,국제사이버대학교,1,2880,0,2721,2168,553,94.48,75.28,2026-08-07T09:07:29.731Z
2020,하반기,전문대학,사립,전문대학,경기,기존,0000277,김포대학교,1,2997,0,2947,2291,656,98.33,76.44,2026-08-07T09:07:29.731Z
2020,하반기,전문대학,사립,전문대학,경기,기존,0000278,농협대학교,1,176,0,440,182,258,250,103.41,2026-08-07T09:07:29.731Z
2020,하반기,대학교,사립,대학,경기,기존,0000060,단국대학교,2,18850,0,21613,18872,2741,114.66,100.12,2026-08-07T09:07:29.731Z
2020,하반기,전문대학,사립,전문대학,경기,기존,0000285,대림대학교,1,5918,0,6761,5263,1498,114.24,88.93,2026-08-07T09:07:29.731Z
2020,하반기,대학교,사립,대학,경기,기존,0000068,대진대학교,1,7252,0,6999,6406,593,96.51,88.33,2026-08-07T09:07:29.731Z
2020,하반기,전문대학,사립,전문대학,경기,기존,0000294,동남보건대학교,1,4128,0,4593,3817,776,111.26,92.47,2026-08-07T09:07:29.731Z
2020,하반기,전문대학,사립,전문대학,경기,기존,0000287,동서울대학교,1,5500,0,5515,4888,627,100.27,88.87,2026-08-07T09:07:29.731Z
2020,하반기,전문대학,사립,전문대학,경기,기존,0000298,동아방송예술대학교,1,2469,0,2886,2255,631,116.89,91.33,2026-08-07T09:07:29.731Z
2020,하반기,전문대학,사립,전문대학,경기,기존,0000302,동원대학교,1,3356,0,3035,2611,424,90.44,77.8,2026-08-07T09:07:29.731Z
2020,하반기,전문대학,사립,전문대학,경기,기존,0000305,두원공과대학교,1,4813,0,3737,3416,321,77.64,70.97,2026-08-07T09:07:29.731Z
2020,하반기,대학교,사립,대학,경기,기존,0000078,루터대학교,1,355,0,345,338,7,97.18,95.21,2026-08-07T09:07:29.731Z
2020,하반기,대학교,사립,대학,경기,기존,0000079,명지대학교,2,10734,0,12816,10023,2793,119.4,93.38,2026-08-07T09:07:29.731Z
2020,하반기,전문대학,사립,전문대학,경기,기존,0000316,부천대학교,1,5319,0,7132,4774,2358,134.09,89.75,2026-08-07T09:07:29.731Z
2020,하반기,대학교,사립,대학,경기,기존,0000090,서울신학대학교,1,2046,0,2032,1885,147,99.32,92.13,2026-08-07T09:07:29.731Z
2020,하반기,전문대학,사립,전문대학,경기,기존,0000323,서울예술대학교,1,1890,0,3003,1807,1196,158.89,95.61,2026-08-07T09:07:29.731Z
2020,하반기,대학교,사립,대학,경기,기존,0000092,서울장신대학교,1,461,0,453,430,23,98.26,93.28,2026-08-07T09:07:29.731Z
2020,하반기,전문대학,사립,전문대학,경기,기존,0000392,서정대학교,1,3208,0,5470,2681,2789,170.51,83.57,2026-08-07T09:07:29.731Z
2020,하반기,대학교,사립,대학,경기,기존,0000095,성결대학교,1,4912,0,5107,4738,369,103.97,96.46,2026-08-07T09:07:29.731Z
2020,하반기,대학교,사립,대학,경기,기존,0000101,수원가톨릭대학교,1,360,0,119,116,3,33.06,32.22,2026-08-07T09:07:29.731Z
2020,하반기,전문대학,사립,전문대학,경기,기존,0000330,수원과학대학교,1,5667,0,5171,4664,507,91.25,82.3,2026-08-07T09:07:29.731Z
2020,하반기,대학교,사립,대학,경기,기존,0000102,수원대학교,1,8784,0,8486,7744,742,96.61,88.16,2026-08-07T09:07:29.731Z
2020,하반기,전문대학,사립,전문대학,경기,기존,0000329,수원여자대학교,1,4210,0,4131,3760,371,98.12,89.31,2026-08-07T09:07:29.731Z
2020,하반기,대학교,사립,대학,경기,기존,000567,신경대학교,1,1016,13,508,483,25,50.65,48.16,2026-08-07T09:07:29.731Z
2020,하반기,전문대학,사립,전문대학,경기,기존,0000334,신구대학교,1,6155,0,6234,5424,810,101.28,88.12,2026-08-07T09:07:29.731Z
2020,하반기,전문대학,사립,전문대학,경기,기존,0000339,신안산대학교,1,3885,0,3632,3235,397,93.49,83.27,2026-08-07T09:07:29.731Z
2020,하반기,대학교,사립,대학,경기,기존,000509,신한대학교,2,5812,0,6076,5137,939,104.54,88.39,2026-08-07T09:07:29.731Z
2020,하반기,전문대학,사립,전문대학,경기,폐교,0000336,신흥대학교,1,0,0,0,0,0,0,0,2026-08-07T09:07:29.731Z
2020,하반기,대학교,사립,대학,경기,기존,0000558,아신대학교,1,744,0,575,557,18,77.28,74.87,2026-08-07T09:07:29.731Z
2020,하반기,대학교,사립,대학,경기,기존,0000108,아주대학교,1,7674,0,9029,7552,1477,117.66,98.41,2026-08-07T09:07:29.731Z
2020,하반기,전문대학,사립,전문대학,경기,기존,0000340,안산대학교,1,4072,0,4312,3704,608,105.89,90.96,2026-08-07T09:07:29.731Z
2020,하반기,대학교,사립,대학,경기,기존,0000109,안양대학교,2,4524,0,4423,4145,278,97.77,91.62,2026-08-07T09:07:29.731Z
2020,하반기,전문대학,사립,전문대학,경기,기존,0000343,여주대학교,1,5245,216,4878,4059,819,97,80.71,2026-08-07T09:07:29.731Z
2020,하반기,전문대학,사립,전문대학,경기,기존,0000341,연성대학교,1,5710,0,5589,4991,598,97.88,87.41,2026-08-07T09:07:29.731Z
2020,하반기,전문대학,사립,전문대학,경기,기존,0000350,오산대학교,1,4590,0,4597,3924,673,100.15,85.49,2026-08-07T09:07:29.731Z
2020,하반기,대학교,사립,대학,경기,기존,0000115,용인대학교,1,5656,0,5607,5001,606,99.13,88.42,2026-08-07T09:07:29.731Z
2020,하반기,전문대학,사립,전문대학,경기,기존,0000559,용인예술과학대학교,1,3836,0,3497,3166,331,91.16,82.53,2026-08-07T09:07:29.731Z
2020,하반기,전문대학,사립,전문대학,경기,기존,0000394,웅지세무대학교,1,1797,0,977,955,22,54.37,53.14,2026-08-07T09:07:29.731Z
2020,하반기,전문대학,사립,전문대학,경기,기존,0000355,유한대학교,1,4540,0,4310,3916,394,94.93,86.26,2026-08-07T09:07:29.731Z
2020,하반기,전문대학,사립,전문대학,경기,기존,0000358,장안대학교,1,5514,0,4713,4283,430,85.47,77.68,2026-08-07T09:07:29.731Z
2020,하반기,대학교,사립,대학,경기,기존,0000130,중앙승가대학교,1,482,0,134,130,4,27.8,26.97,2026-08-07T09:07:29.731Z
2020,하반기,대학교,사립,대학,경기,기존,0000139,차의과학대학교,1,2052,0,2098,1936,162,102.24,94.35,2026-08-07T09:07:29.731Z
2020,하반기,전문대학,사립,전문대학,경기,기존,0000374,청강문화산업대학교,1,3500,0,3521,3156,365,100.6,90.17,2026-08-07T09:07:29.731Z
2020,하반기,대학교,사립,대학,경기,기존,0000136,칼빈대학교,1,361,0,522,278,244,144.6,77.01,2026-08-07T09:07:29.731Z
2020,하반기,대학교,사립,대학,경기,기존,0000138,평택대학교,1,3420,0,3406,2868,538,99.59,83.86,2026-08-07T09:07:29.731Z
2020,하반기,대학교,국립,대학,경기,기존,0000568,한경대학교,1,4766,0,4882,4466,416,102.43,93.71,2026-08-07T09:07:29.731Z
2020,하반기,전문대학,사립,전문대학,경기,기존,0000391,한국관광대학교,1,1860,0,1681,1505,176,90.38,80.91,2026-08-07T09:07:29.731Z
2020,하반기,전문대학,국립,전문대학,경기,폐교,0000248,한국복지대학교,1,633,0,628,536,92,99.21,84.68,2026-08-07T09:07:29.731Z
2020,하반기,대학교,사립,대학,경기,기존,0000562,한국산업기술대학교,1,5520,0,6346,5133,1213,114.96,92.99,2026-08-07T09:07:29.731Z
2020,하반기,산업대학,사립,대학,경기,폐교,0000214,한국산업기술대학교(산업대),1,0,0,0,0,0,0,0,2026-08-07T09:07:29.731Z
2020,하반기,기능대학,사립,전문대학,경기,기존,0000479,한국폴리텍 I 대학,1,860,0,819,752,67,95.23,87.44,2026-08-07T09:07:29.731Z
2020,하반기,기능대학,사립,전문대학,경기,기존,0000548,한국폴리텍 II 대학,1,670,0,613,529,84,91.49,78.96,2026-08-07T09:07:29.731Z
2020,하반기,대학교,사립,대학,경기,기존,0000144,한국항공대학교,1,3335,0,3542,3095,447,106.21,92.8,2026-08-07T09:07:29.731Z
2020,하반기,대학교,사립,대학,경기,폐교,0000175,한북대학교,1,0,0,0,0,0,0,0,2026-08-07T09:07:29.731Z
2020,하반기,대학교,사립,대학,경기,기존,0000151,한세대학교,1,2288,0,2376,2153,223,103.85,94.1,2026-08-07T09:07:29.731Z
2020,하반기,대학교,사립,대학,경기,기존,0000152,한신대학교,1,4703,0,4970,4466,504,105.68,94.96,2026-08-07T09:07:29.731Z
2020,하반기,대학교,사립,대학,경기,기존,0000153,한양대학교,2,18928,0,23756,18107,5649,125.51,95.66,2026-08-07T09:07:29.731Z
2020,하반기,대학교,사립,대학,경기,기존,0000156,협성대학교,1,4052,0,3930,3554,376,96.99,87.71,2026-08-07T09:07:29.731Z
2020,하반기,기능대학,사립,전문대학,경기,기존,0000516,ICT폴리텍대학,1,320,0,280,256,24,87.5,80,2026-08-07T09:07:29.731Z
2020,하반기,전문대학,사립,전문대학,경남,기존,0000251,거제대학교,1,1196,0,1120,906,214,93.65,75.75,2026-08-07T09:07:29.731Z
2020,하반기,대학교,국립,대학,경남,폐교,0000026,경남과학기술대학교,1,4767,0,4562,4361,201,95.7,91.48,2026-08-07T09:07:29.731Z
2020,하반기,대학교,사립,대학,경남,기존,0000040,경남대학교,1,11569,0,10473,9682,791,90.53,83.69,2026-08-07T09:07:29.731Z
2020,하반기,전문대학,공립,전문대학,경남,기존,0000242,경남도립거창대학,1,892,0,769,761,8,86.21,85.31,2026-08-07T09:07:29.731Z
2020,하반기,전문대학,공립,전문대학,경남,기존,0000243,경남도립남해대학,1,775,0,703,661,42,90.71,85.29,2026-08-07T09:07:29.731Z
2020,하반기,대학교,국립,대학,경남,기존,0000556,경상대학교,1,12360,0,13115,11987,1128,106.11,96.98,2026-08-07T09:07:29.731Z
2020,하반기,전문대학,사립,전문대학,경남,기존,0000395,김해대학교,1,1326,0,1401,1180,221,105.66,88.99,2026-08-07T09:07:29.731Z
2020,하반기,전문대학,사립,전문대학,경남,기존,0000342,동원과학기술대학교,1,1957,0,2178,1676,502,111.29,85.64,2026-08-07T09:07:29.731Z
2020,하반기,전문대학,사립,전문대학,경남,기존,0000306,마산대학교,1,5342,0,5262,4468,794,98.5,83.64,2026-08-07T09:07:29.731Z
2020,하반기,대학교,사립,대학,경남,기존,0000167,부산장신대학교,1,253,0,213,207,6,84.19,81.82,2026-08-07T09:07:29.731Z
2020,하반기,전문대학,사립,전문대학,경남,기존,0000530,연암공과대학교,1,1162,0,1093,1010,83,94.06,86.92,2026-08-07T09:07:29.731Z
2020,하반기,대학교,사립,대학,경남,기존,0000122,인제대학교,2,9006,0,8725,7885,840,96.88,87.55,2026-08-07T09:07:29.731Z
2020,하반기,교육대학,국립,대학,경남,기존,0000203,진주교육대학교,1,1276,0,1317,1231,86,103.21,96.47,2026-08-07T09:07:29.731Z
2020,하반기,전문대학,사립,전문대학,경남,기존,0000369,진주보건대학교,1,2405,0,2778,2165,613,115.51,90.02,2026-08-07T09:07:29.731Z
2020,하반기,대학교,사립,대학,경남,기존,0000193,창신대학교,1,2000,0,1803,1666,137,90.15,83.3,2026-08-07T09:07:29.731Z
2020,하반기,대학교,국립,대학,경남,기존,0000581,창원대학교,1,7038,0,7391,6660,731,105.02,94.63,2026-08-07T09:07:29.731Z
2020,하반기,전문대학,사립,전문대학,경남,기존,0000528,창원문성대학교,1,2985,0,2370,2137,233,79.4,71.59,2026-08-07T09:07:29.731Z
2020,하반기,전문대학,사립,전문대학,경남,기존,0000396,한국승강기대학교,1,594,0,620,549,71,104.38,92.42,2026-08-07T09:07:29.731Z
2020,하반기,기능대학,사립,전문대학,경남,기존,0000503,한국폴리텍 특성화대학,1,480,0,489,391,98,101.88,81.46,2026-08-07T09:07:29.731Z
2020,하반기,기능대학,사립,전문대학,경남,기존,0000496,한국폴리텍 VII 대학,1,1210,0,1440,1111,329,119.01,91.82,2026-08-07T09:07:29.731Z
2020,하반기,대학교,사립,대학,경북,기존,0000032,가야대학교,2,2434,0,2049,1873,176,84.18,76.95,2026-08-07T09:07:29.731Z
2020,하반기,전문대학,사립,전문대학,경북,기존,0000249,가톨릭상지대학교,1,1734,0,1722,1310,412,99.31,75.55,2026-08-07T09:07:29.731Z
2020,하반기,전문대학,사립,전문대학,경북,기존,0000293,경북과학대학교,1,1719,0,1535,1238,297,89.3,72.02,2026-08-07T09:07:29.731Z
2020,하반기,전문대학,공립,전문대학,경북,폐교,0000244,경북도립대학교,1,910,0,784,726,58,86.15,79.78,2026-08-07T09:07:29.731Z
2020,하반기,전문대학,사립,전문대학,경북,기존,0000523,경북보건대학교,1,1177,0,1218,1080,138,103.48,91.76,2026-08-07T09:07:29.731Z
2020,하반기,전문대학,사립,전문대학,경북,기존,0000258,경북전문대학교,1,2315,0,2750,2121,629,118.79,91.62,2026-08-07T09:07:29.731Z
2020,하반기,대학교,사립,대학,경북,기존,0000188,경운대학교,1,4736,0,4026,3805,221,85.01,80.34,2026-08-07T09:07:29.731Z
2020,하반기,산업대학,사립,대학,경북,폐교,0000226,경운대학교(산업대),1,0,0,0,0,0,0,0,2026-08-07T09:07:29.731Z
2020,하반기,대학교,사립,대학,경북,기존,0000045,경일대학교,1,6356,0,6194,5573,621,97.45,87.68,2026-08-07T09:07:29.731Z
2020,하반기,대학교,사립,대학,경북,기존,0000586,경주대학교,1,3048,78,850,626,224,28.62,21.08,2026-08-07T09:07:29.731Z
2020,하반기,전문대학,사립,전문대학,경북,기존,0000268,구미대학교,1,3645,0,4765,3153,1612,130.73,86.5,2026-08-07T09:07:29.731Z
2020,하반기,대학교,국립,대학,경북,기존,0000575,금오공과대학교,1,4850,0,5157,4563,594,106.33,94.08,2026-08-07T09:07:29.731Z
2020,하반기,대학교,사립,대학,경북,기존,0000185,김천대학교,1,3344,1,2656,2287,369,79.45,68.41,2026-08-07T09:07:29.731Z
2020,하반기,전문대학,사립,전문대학,경북,기존,0000279,대경대학교,1,3866,0,3726,3134,592,96.38,81.07,2026-08-07T09:07:29.731Z
2020,하반기,대학교,사립,대학,경북,기존,0000063,대구가톨릭대학교,1,11758,0,11562,10716,846,98.33,91.14,2026-08-07T09:07:29.731Z
2020,하반기,대학교,사립,대학,경북,기존,0000061,대구대학교,1,16236,0,16350,14371,1979,100.7,88.51,2026-08-07T09:07:29.731Z
2020,하반기,사이버대학(대학),사립,대학,경북,기존,0000410,대구사이버대학교,1,3860,0,3645,2858,787,94.43,74.04,2026-08-07T09:07:29.731Z
2020,하반기,대학교,사립,대학,경북,기존,0000062,대구예술대학교,1,1753,0,912,898,14,52.03,51.23,2026-08-07T09:07:29.731Z
2020,하반기,대학교,사립,대학,경북,기존,0000042,대구한의대학교,1,6288,0,6141,5579,562,97.66,88.72,2026-08-07T09:07:29.731Z
2020,하반기,대학교,사립,대학,경북,기존,0000065,대신대학교,1,464,0,404,396,8,87.07,85.34,2026-08-07T09:07:29.731Z
2020,하반기,대학교,사립,대학,경북,기존,0000071,동국대학교,2,17995,0,20158,16840,3318,112.02,93.58,2026-08-07T09:07:29.731Z
2020,하반기,대학교,사립,대학,경북,기존,0000076,동양대학교,1,4144,0,3547,3294,253,85.59,79.49,2026-08-07T09:07:29.731Z
2020,하반기,전문대학,사립,전문대학,경북,기존,0000309,문경대학교,1,832,0,852,754,98,102.4,90.63,2026-08-07T09:07:29.731Z
2020,하반기,전문대학,사립,전문대학,경북,폐교,0000262,서라벌대학교,1,650,0,602,539,63,92.62,82.92,2026-08-07T09:07:29.731Z
2020,하반기,전문대학,사립,전문대학,경북,기존,0000380,선린대학교,1,2215,0,2242,1868,374,101.22,84.33,2026-08-07T09:07:29.731Z
2020,하반기,전문대학,사립,전문대학,경북,기존,0000547,성덕대학교,1,1273,0,1481,1193,288,116.34,93.72,2026-08-07T09:07:29.731Z
2020,하반기,전문대학,사립,전문대학,경북,기존,0000338,안동과학대학교,1,2628,0,2521,2095,426,95.93,79.72,2026-08-07T09:07:29.731Z
2020,하반기,대학교,국립,대학,경북,기존,0000580,안동대학교,1,5824,0,5399,5106,293,92.7,87.67,2026-08-07T09:07:29.731Z
2020,하반기,대학교,사립,대학,경북,기존,0000111,영남대학교,1,18680,0,19519,17555,1964,104.49,93.98,2026-08-07T09:07:29.731Z
2020,하반기,대학교,사립,대학,경북,기존,0000112,영남신학대학교,1,460,0,428,395,33,93.04,85.87,2026-08-07T09:07:29.731Z
2020,하반기,전문대학,사립,전문대학,경북,기존,0000257,영남외국어대학,1,939,0,485,441,44,51.65,46.96,2026-08-07T09:07:29.731Z
2020,하반기,대학교,사립,대학,경북,기존,0000119,위덕대학교,1,3255,0,2659,2513,146,81.69,77.2,2026-08-07T09:07:29.731Z
2020,하반기,대학교,사립,대학,경북,기존,0000140,포항공과대학교,1,1280,0,1316,1272,44,102.81,99.38,2026-08-07T09:07:29.731Z
2020,하반기,전문대학,사립,전문대학,경북,기존,0000381,포항대학교,1,1857,81,1687,1432,255,94.99,80.63,2026-08-07T09:07:29.731Z
2020,하반기,사이버대학(전문대학),사립,전문대학,경북,기존,0000407,한국복지사이버대학,1,1690,0,1947,1388,559,115.21,82.13,2026-08-07T09:07:29.731Z
2020,하반기,기능대학,사립,전문대학,경북,기존,0000495,한국폴리텍 VI 대학,1,540,0,497,455,42,92.04,84.26,2026-08-07T09:07:29.731Z
2020,하반기,기능대학,사립,전문대학,경북,기존,0000504,한국폴리텍 VI 대학,1,60,0,44,40,4,73.33,66.67,2026-08-07T09:07:29.731Z
2020,하반기,대학교,사립,대학,경북,기존,0000146,한동대학교,1,2916,0,3544,3111,433,121.54,106.69,2026-08-07T09:07:29.731Z
2020,하반기,전문대학,사립,전문대학,경북,기존,0000522,호산대학교,1,1776,0,1807,1405,402,101.75,79.11,2026-08-07T09:07:29.731Z
2020,하반기,대학교,사립,대학,광주,기존,0000052,광신대학교,1,503,0,469,440,29,93.24,87.48,2026-08-07T09:07:29.731Z
2020,하반기,대학교,특별법법인,대학,광주,기존,0000469,광주과학기술원,1,800,2,656,654,2,82.21,81.95,2026-08-07T09:07:29.731Z
2020,하반기,교육대학,국립,대학,광주,기존,0000196,광주교육대학교,1,1304,0,1327,1237,90,101.76,94.86,2026-08-07T09:07:29.731Z
2020,하반기,대학교,사립,대학,광주,기존,0000176,광주대학교,1,6592,0,6164,5776,388,93.51,87.62,2026-08-07T09:07:29.731Z
2020,하반기,전문대학,사립,전문대학,광주,기존,0000267,광주보건대학교,1,3243,0,3572,2898,674,110.14,89.36,2026-08-07T09:07:29.731Z
2020,하반기,대학교,사립,대학,광주,기존,0000055,광주여자대학교,1,3580,0,3565,3234,331,99.58,90.34,2026-08-07T09:07:29.731Z
2020,하반기,전문대학,사립,전문대학,광주,기존,0000273,기독간호대학교,1,444,0,591,424,167,133.11,95.5,2026-08-07T09:07:29.731Z
2020,하반기,대학교,사립,대학,광주,기존,0000162,남부대학교,1,2820,0,2908,2398,510,103.12,85.04,2026-08-07T09:07:29.731Z
2020,하반기,전문대학,사립,전문대학,광주,기존,0000297,동강대학교,1,3218,0,2834,2477,357,88.07,76.97,2026-08-07T09:07:29.731Z
2020,하반기,전문대학,사립,전문대학,광주,기존,0000320,서영대학교,1,4225,0,4994,3761,1233,118.2,89.02,2026-08-07T09:07:29.731Z
2020,하반기,대학교,사립,대학,광주,기존,0000187,송원대학교,1,3120,0,2796,2498,298,89.62,80.06,2026-08-07T09:07:29.731Z
2020,하반기,대학교,국립,대학,광주,기존,0000016,전남대학교,2,16276,0,17679,15797,1882,108.62,97.06,2026-08-07T09:07:29.731Z
2020,하반기,전문대학,사립,전문대학,광주,기존,0000366,조선간호대학교,1,556,0,771,561,210,138.67,100.9,2026-08-07T09:07:29.731Z
2020,하반기,대학교,사립,대학,광주,기존,0000127,조선대학교,1,18152,0,18152,16497,1655,100,90.88,2026-08-07T09:07:29.731Z
2020,하반기,전문대학,사립,전문대학,광주,기존,0000365,조선이공대학교,1,2984,0,3059,2592,467,102.51,86.86,2026-08-07T09:07:29.731Z
2020,하반기,기능대학,사립,전문대학,광주,기존,0000489,한국폴리텍 V 대학,1,710,0,818,687,131,115.21,96.76,2026-08-07T09:07:29.731Z
2020,하반기,대학교,사립,대학,광주,기존,0000157,호남대학교,1,6248,0,6621,5666,955,105.97,90.69,2026-08-07T09:07:29.731Z
2020,하반기,대학교,사립,대학,광주,기존,0000158,호남신학대학교,1,584,0,476,475,1,81.51,81.34,2026-08-07T09:07:29.731Z
2020,하반기,대학교,국립,대학,대구,기존,0000003,경북대학교,1,19070,0,20415,18359,2056,107.05,96.27,2026-08-07T09:07:29.731Z
2020,하반기,대학교,사립,대학,대구,기존,0000048,계명대학교,1,18722,0,19845,17737,2108,106,94.74,2026-08-07T09:07:29.731Z
2020,하반기,전문대학,사립,전문대학,대구,기존,0000263,계명문화대학교,1,4703,0,4673,3984,689,99.36,84.71,2026-08-07T09:07:29.731Z
2020,하반기,대학교,특별법법인,대학,대구,기존,0000470,대구경북과학기술원,1,880,0,701,690,11,79.66,78.41,2026-08-07T09:07:29.731Z
2020,하반기,전문대학,사립,전문대학,대구,기존,0000280,대구공업대학교,1,1751,0,1506,1365,141,86.01,77.96,2026-08-07T09:07:29.731Z
2020,하반기,전문대학,사립,전문대학,대구,기존,0000283,대구과학대학교,1,3879,0,3856,3306,550,99.41,85.23,2026-08-07T09:07:29.731Z
2020,하반기,교육대학,국립,대학,대구,기존,0000197,대구교육대학교,1,1532,0,1616,1496,120,105.48,97.65,2026-08-07T09:07:29.731Z
2020,하반기,전문대학,사립,전문대학,대구,기존,0000281,대구보건대학교,1,6186,0,6581,5361,1220,106.39,86.66,2026-08-07T09:07:29.731Z
2020,하반기,전문대학,사립,전문대학,대구,기존,0000282,수성대학교,1,3310,0,3177,2693,484,95.98,81.36,2026-08-07T09:07:29.731Z
2020,하반기,전문대학,사립,전문대학,대구,기존,0000346,영남이공대학교,1,5017,0,5410,4385,1025,107.83,87.4,2026-08-07T09:07:29.731Z
2020,하반기,사이버대학(전문대학),사립,전문대학,대구,기존,0000406,영진사이버대학,1,2600,0,3584,2450,1134,137.85,94.23,2026-08-07T09:07:29.731Z
2020,하반기,전문대학,사립,전문대학,대구,기존,0000349,영진전문대학교,1,5790,0,7458,5315,2143,128.81,91.8,2026-08-07T09:07:29.731Z
2020,하반기,기능대학,사립,전문대학,대구,기존,0000549,한국폴리텍 특성화대학,1,175,0,187,176,11,106.86,100.57,2026-08-07T09:07:29.731Z
2020,하반기,기능대학,사립,전문대학,대구,기존,0000494,한국폴리텍 VI 대학,1,690,0,643,544,99,93.19,78.84,2026-08-07T09:07:29.731Z
2020,하반기,사이버대학(대학),사립,대학,대전,기존,0000425,건양사이버대학교,1,3000,0,3236,2685,551,107.87,89.5,2026-08-07T09:07:29.731Z
2020,하반기,전문대학,사립,전문대학,대전,기존,0000376,대덕대학교,1,4062,0,3385,2984,401,83.33,73.46,2026-08-07T09:07:29.731Z
2020,하반기,전문대학,사립,전문대학,대전,기존,0000512,대전과학기술대학교,1,4142,0,4149,3446,703,100.17,83.2,2026-08-07T09:07:29.731Z
2020,하반기,대학교,사립,대학,대전,기존,0000067,대전대학교,1,8572,0,8414,7759,655,98.16,90.52,2026-08-07T09:07:29.731Z
2020,하반기,전문대학,사립,전문대학,대전,기존,0000288,대전보건대학교,1,5280,0,5461,4742,719,103.43,89.81,2026-08-07T09:07:29.731Z
2020,하반기,대학교,사립,대학,대전,기존,0000182,대전신학대학교,1,212,0,83,83,0,39.15,39.15,2026-08-07T09:07:29.731Z
2020,하반기,대학교,사립,대학,대전,기존,0000080,목원대학교,1,7499,0,7117,6678,439,94.91,89.05,2026-08-07T09:07:29.731Z
2020,하반기,대학교,사립,대학,대전,기존,0000081,배재대학교,1,8220,0,7229,6769,460,87.94,82.35,2026-08-07T09:07:29.731Z
2020,하반기,대학교,사립,대학,대전,기존,0000184,우송대학교,1,8016,0,8201,6509,1692,102.31,81.2,2026-08-07T09:07:29.731Z
2020,하반기,산업대학,사립,대학,대전,폐교,0000222,우송대학교(산업대),1,0,0,0,0,0,0,0,2026-08-07T09:07:29.731Z
2020,하반기,전문대학,사립,전문대학,대전,기존,0000289,우송정보대학,1,4640,0,4141,3743,398,89.25,80.67,2026-08-07T09:07:29.731Z
2020,하반기,대학교,사립,대학,대전,기존,0000120,을지대학교,2,4286,0,4571,4184,387,106.65,97.62,2026-08-07T09:07:29.731Z
2020,하반기,대학교,국립,대학,대전,기존,0000020,충남대학교,1,14257,0,16694,15073,1621,117.09,105.72,2026-08-07T09:07:29.731Z
2020,하반기,대학교,사립,대학,대전,기존,0000551,침례신학대학교,1,1440,0,1191,1153,38,82.71,80.07,2026-08-07T09:07:29.731Z
2020,하반기,대학교,특별법법인,대학,대전,기존,0000468,한국과학기술원,1,3880,0,3577,3217,360,92.19,82.91,2026-08-07T09:07:29.731Z
2020,하반기,기능대학,사립,전문대학,대전,기존,0000484,한국폴리텍 IV 대학,1,850,0,830,742,88,97.65,87.29,2026-08-07T09:07:29.731Z
2020,하반기,대학교,사립,대학,대전,기존,0000145,한남대학교,1,10733,0,10411,9571,840,97,89.17,2026-08-07T09:07:29.731Z
2020,하반기,대학교,국립,대학,대전,기존,0000584,한밭대학교,1,7409,0,8362,7314,1048,112.86,98.72,2026-08-07T09:07:29.731Z
2020,하반기,전문대학,사립,전문대학,부산,기존,0000253,경남정보대학교,1,5629,0,6245,4822,1423,110.94,85.66,2026-08-07T09:07:29.731Z
2020,하반기,대학교,사립,대학,부산,기존,0000043,경성대학교,1,11225,0,11497,10007,1490,102.42,89.15,2026-08-07T09:07:29.731Z
2020,하반기,대학교,사립,대학,부산,기존,0000050,고신대학교,1,3696,0,3661,3462,199,99.05,93.67,2026-08-07T09:07:29.731Z
2020,하반기,전문대학,사립,전문대학,부산,기존,0000284,대동대학교,1,1507,0,1476,1219,257,97.94,80.89,2026-08-07T09:07:29.731Z
2020,하반기,대학교,사립,대학,부산,기존,0000180,동명대학교,1,7272,0,7245,6414,831,99.63,88.2,2026-08-07T09:07:29.731Z
2020,하반기,대학교,사립,대학,부산,기존,0000073,동서대학교,1,9720,0,9558,8715,843,98.33,89.66,2026-08-07T09:07:29.731Z
2020,하반기,대학교,사립,대학,부산,기존,0000075,동아대학교,1,16380,0,17364,15839,1525,106.01,96.7,2026-08-07T09:07:29.731Z
2020,하반기,전문대학,사립,전문대학,부산,기존,0000303,동의과학대학교,1,4860,0,4856,3790,1066,99.92,77.98,2026-08-07T09:07:29.731Z
2020,하반기,대학교,사립,대학,부산,기존,0000077,동의대학교,1,14520,0,14202,13032,1170,97.81,89.75,2026-08-07T09:07:29.731Z
2020,하반기,전문대학,사립,전문대학,부산,기존,0000569,동주대학교,1,3118,0,2852,2465,387,91.47,79.06,2026-08-07T09:07:29.731Z
2020,하반기,대학교,국립,대학,부산,기존,0000578,부경대학교,1,13122,0,14720,12813,1907,112.18,97.65,2026-08-07T09:07:29.731Z
2020,하반기,대학교,사립,대학,부산,기존,0000082,부산가톨릭대학교,1,3664,0,3655,3286,369,99.75,89.68,2026-08-07T09:07:29.731Z
2020,하반기,전문대학,사립,전문대학,부산,기존,0000313,부산경상대학교,1,2992,295,2276,1947,329,84.39,72.19,2026-08-07T09:07:29.731Z
2020,하반기,전문대학,사립,전문대학,부산,기존,0000315,부산과학기술대학교,1,3134,0,3466,2642,824,110.59,84.3,2026-08-07T09:07:29.731Z
2020,하반기,교육대학,국립,대학,부산,기존,0000198,부산교육대학교,1,1424,0,1513,1398,115,106.25,98.17,2026-08-07T09:07:29.731Z
2020,하반기,대학교,국립,대학,부산,기존,0000011,부산대학교,1,17254,0,19024,17099,1925,110.26,99.1,2026-08-07T09:07:29.731Z
2020,하반기,사이버대학(대학),사립,대학,부산,기존,0000411,부산디지털대학교,1,2765,0,2278,2079,199,82.39,75.19,2026-08-07T09:07:29.731Z
2020,하반기,전문대학,사립,전문대학,부산,기존,0000314,부산여자대학교,1,2901,0,2579,2306,273,88.9,79.49,2026-08-07T09:07:29.731Z
2020,하반기,전문대학,사립,전문대학,부산,기존,0000388,부산예술대학교,1,902,0,604,553,51,66.96,61.31,2026-08-07T09:07:29.731Z
2020,하반기,대학교,사립,대학,부산,기존,0000083,부산외국어대학교,1,7326,0,7256,6432,824,99.04,87.8,2026-08-07T09:07:29.731Z
2020,하반기,전문대학,사립,전문대학,부산,폐교,0000326,성심외국어대학,1,0,0,0,0,0,0,0,2026-08-07T09:07:29.731Z
2020,하반기,대학교,사립,대학,부산,기존,0000106,신라대학교,1,8590,0,7868,7028,840,91.59,81.82,2026-08-07T09:07:29.731Z
2020,하반기,대학교,사립,대학,부산,기존,0000181,영산대학교,2,6000,0,6001,5319,682,100.02,88.65,2026-08-07T09:07:29.731Z
2020,하반기,기능대학,사립,전문대학,부산,기존,0000497,한국폴리텍 VII 대학,1,830,0,776,663,113,93.49,79.88,2026-08-07T09:07:29.731Z
2020,하반기,대학교,국립,대학,부산,기존,0000583,한국해양대학교,1,5760,0,6023,5347,676,104.57,92.83,2026-08-07T09:07:29.731Z
2020,하반기,사이버대학(대학),사립,대학,부산,기존,0000423,화신사이버대학교,1,1490,0,1235,993,242,82.89,66.64,2026-08-07T09:07:29.731Z
2020,하반기,대학교,사립,대학,서울,기존,0000035,감리교신학대학교,1,800,0,769,734,35,96.13,91.75,2026-08-07T09:07:29.731Z
2020,하반기,대학교,사립,대학,서울,기존,0000565,강서대학교,1,1141,0,1311,999,312,114.9,87.55,2026-08-07T09:07:29.731Z
2020,하반기,대학교,사립,대학,서울,기존,0000047,경희대학교,1,19686,0,24654,19127,5527,125.24,97.16,2026-08-07T09:07:29.731Z
2020,하반기,사이버대학(대학),사립,대학,서울,기존,0000408,경희사이버대학교,1,9080,0,9535,6721,2814,105.01,74.02,2026-08-07T09:07:29.731Z
2020,하반기,사이버대학(대학),사립,대학,서울,기존,0000418,고려사이버대학교,1,7635,0,9106,6830,2276,119.27,89.46,2026-08-07T09:07:29.731Z
2020,하반기,대학교,사립,대학,서울,기존,0000053,광운대학교,1,6770,0,7755,6234,1521,114.55,92.08,2026-08-07T09:07:29.731Z
2020,하반기,대학교,사립,대학,서울,기존,0000056,국민대학교,1,11507,0,14522,11393,3129,126.2,99.01,2026-08-07T09:07:29.731Z
2020,하반기,대학교,사립,대학,서울,기존,0000070,덕성여자대학교,1,4941,0,5372,4978,394,108.72,100.75,2026-08-07T09:07:29.731Z
2020,하반기,대학교,사립,대학,서울,기존,0000072,동덕여자대학교,1,6188,76,6604,5928,676,108.05,96.99,2026-08-07T09:07:29.731Z
2020,하반기,전문대학,사립,전문대학,서울,기존,0000300,동양미래대학교,1,4976,0,5300,4156,1144,106.51,83.52,2026-08-07T09:07:29.731Z
2020,하반기,사이버대학(대학),사립,대학,서울,기존,0000420,디지털서울문화예술대학교,1,3680,0,3096,2419,677,84.13,65.73,2026-08-07T09:07:29.731Z
2020,하반기,전문대학,사립,전문대학,서울,기존,0000307,명지전문대학,1,5869,0,6190,4893,1297,105.47,83.37,2026-08-07T09:07:29.731Z
2020,하반기,전문대학,사립,전문대학,서울,기존,0000310,배화여자대학교,1,2690,0,2671,2292,379,99.29,85.2,2026-08-07T09:07:29.731Z
2020,하반기,사이버대학(대학),사립,대학,서울,기존,0000422,사이버한국외국어대학교,1,4626,0,6010,4404,1606,129.92,95.2,2026-08-07T09:07:29.731Z
2020,하반기,대학교,사립,대학,서울,기존,0000084,삼육대학교,1,4680,0,5218,4633,585,111.5,99,2026-08-07T09:07:29.731Z
2020,하반기,전문대학,사립,전문대학,서울,기존,0000317,삼육보건대학교,1,1072,0,1279,988,291,119.31,92.16,2026-08-07T09:07:29.731Z
2020,하반기,대학교,사립,대학,서울,기존,0000085,상명대학교,2,10428,0,11336,9418,1918,108.71,90.31,2026-08-07T09:07:29.731Z
2020,하반기,대학교,사립,대학,서울,기존,0000087,서강대학교,1,6296,0,7674,5791,1883,121.89,91.98,2026-08-07T09:07:29.731Z
2020,하반기,대학교,사립,대학,서울,기존,0000088,서경대학교,1,5174,0,5808,4694,1114,112.25,90.72,2026-08-07T09:07:29.731Z
2020,하반기,대학교,국립,대학,서울,기존,0000027,서울과학기술대학교,1,8320,0,9929,8616,1313,119.34,103.56,2026-08-07T09:07:29.731Z
2020,하반기,교육대학,국립,대학,서울,기존,0000199,서울교육대학교,1,1420,0,1515,1351,164,106.69,95.14,2026-08-07T09:07:29.731Z
2020,하반기,대학교,사립,대학,서울,기존,0000069,서울기독대학교,1,557,0,466,455,11,83.66,81.69,2026-08-07T09:07:29.731Z
2020,하반기,대학교,국립대법인,대학,서울,기존,0000012,서울대학교,1,13122,0,15809,14278,1531,120.48,108.81,2026-08-07T09:07:29.731Z
2020,하반기,사이버대학(대학),사립,대학,서울,기존,0000412,서울디지털대학교,1,10170,1200,9430,6155,3275,105.13,68.62,2026-08-07T09:07:29.731Z
2020,하반기,사이버대학(대학),사립,대학,서울,기존,0000413,서울사이버대학교,1,10310,0,11971,7642,4329,116.11,74.12,2026-08-07T09:07:29.731Z
2020,하반기,대학교,공립,대학,서울,기존,0000030,서울시립대학교,1,6788,0,8646,7715,931,127.37,113.66,2026-08-07T09:07:29.731Z
2020,하반기,전문대학,사립,전문대학,서울,기존,0000321,서울여자간호대학교,1,684,0,931,629,302,136.11,91.96,2026-08-07T09:07:29.731Z
2020,하반기,대학교,사립,대학,서울,기존,0000091,서울여자대학교,1,6368,0,6560,5975,585,103.02,93.83,2026-08-07T09:07:29.731Z
2020,하반기,전문대학,사립,전문대학,서울,기존,0000324,서일대학교,1,5386,0,5520,4657,863,102.49,86.46,2026-08-07T09:07:29.731Z
2020,하반기,대학교,사립,대학,서울,기존,0000096,성공회대학교,1,2008,0,1849,1738,111,92.08,86.55,2026-08-07T09:07:29.731Z
2020,하반기,대학교,사립,대학,서울,기존,0000097,성균관대학교,1,13504,0,17846,12921,4925,132.15,95.68,2026-08-07T09:07:29.731Z
2020,하반기,대학교,사립,대학,서울,기존,0000098,성신여자대학교,1,8240,0,8496,7769,727,103.11,94.28,2026-08-07T09:07:29.731Z
2020,하반기,대학교,사립,대학,서울,기존,0000100,세종대학교,1,9331,0,11165,9095,2070,119.65,97.47,2026-08-07T09:07:29.731Z
2020,하반기,사이버대학(대학),사립,대학,서울,기존,0000415,세종사이버대학교,1,6790,0,8392,6369,2023,123.59,93.8,2026-08-07T09:07:29.731Z
2020,하반기,대학교,사립,대학,서울,기존,0000103,숙명여자대학교,1,8848,0,9694,8540,1154,109.56,96.52,2026-08-07T09:07:29.731Z
2020,하반기,대학교,사립,대학,서울,기존,0000105,숭실대학교,1,10730,0,13256,10309,2947,123.54,96.08,2026-08-07T09:07:29.731Z
2020,하반기,사이버대학(대학),사립,대학,서울,기존,0000419,숭실사이버대학교,1,4950,0,6124,4346,1778,123.72,87.8,2026-08-07T09:07:29.731Z
2020,하반기,전문대학,사립,전문대학,서울,기존,0000333,숭의여자대학교,1,3375,0,3272,3010,262,96.95,89.19,2026-08-07T09:07:29.731Z
2020,하반기,대학교,사립,대학,서울,기존,0000121,이화여자대학교,1,12764,0,14818,12656,2162,116.09,99.15,2026-08-07T09:07:29.731Z
2020,하반기,전문대학,사립,전문대학,서울,기존,0000356,인덕대학교,1,5826,0,5716,4919,797,98.11,84.43,2026-08-07T09:07:29.731Z
2020,하반기,대학교,사립,대학,서울,기존,0000125,장로회신학대학교,1,600,0,633,580,53,105.5,96.67,2026-08-07T09:07:29.731Z
2020,하반기,기술대학,사립,대학,서울,기존,0000228,정석대학,1,200,0,58,58,0,29,29,2026-08-07T09:07:29.731Z
2020,하반기,대학교,사립,대학,서울,기존,0000129,중앙대학교,2,17964,0,22536,17737,4799,125.45,98.74,2026-08-07T09:07:29.731Z
2020,하반기,대학교,사립,대학,서울,기존,0000133,총신대학교,1,1414,0,1588,1381,207,112.31,97.67,2026-08-07T09:07:29.731Z
2020,하반기,대학교,사립,대학,서울,기존,0000134,추계예술대학교,1,1097,0,1020,973,47,92.98,88.7,2026-08-07T09:07:29.731Z
2020,하반기,방송통신대학,국립,대학,서울,기존,0000215,한국방송통신대학교,1,227650,0,92508,84885,7623,40.64,37.29,2026-08-07T09:07:29.731Z
2020,하반기,대학교,사립,대학,서울,기존,0000142,한국성서대학교,1,909,0,955,860,95,105.06,94.61,2026-08-07T09:07:29.731Z
2020,하반기,사이버대학(대학),사립,대학,서울,기존,0000416,한국열린사이버대학교,1,3400,0,5069,2703,2366,149.09,79.5,2026-08-07T09:07:29.731Z
2020,하반기,각종학교(대학),특별법국립,대학,서울,기존,0000471,한국예술종합학교,1,2252,0,2534,2411,123,112.52,107.06,2026-08-07T09:07:29.731Z
2020,하반기,대학교,사립,대학,서울,기존,0000143,한국외국어대학교,1,13508,0,16206,13353,2853,119.97,98.85,2026-08-07T09:07:29.731Z
2020,하반기,대학교,국립,대학,서울,기존,0000023,한국체육대학교,1,2225,0,2474,2339,135,111.19,105.12,2026-08-07T09:07:29.731Z
2020,하반기,기능대학,사립,전문대학,서울,기존,0000478,한국폴리텍 I 대학,1,520,0,493,437,56,94.81,84.04,2026-08-07T09:07:29.731Z
2020,하반기,기능대학,사립,전문대학,서울,기존,0000477,한국폴리텍 I 대학,1,1130,0,1343,1012,331,118.85,89.56,2026-08-07T09:07:29.731Z
2020,하반기,대학교,사립,대학,서울,기존,0000150,한성대학교,1,5832,0,6072,5306,766,104.12,90.98,2026-08-07T09:07:29.731Z
2020,하반기,사이버대학(대학),사립,대학,서울,기존,0000421,한양사이버대학교,1,10515,0,14307,9758,4549,136.06,92.8,2026-08-07T09:07:29.731Z
2020,하반기,전문대학,사립,전문대학,서울,기존,0000384,한양여자대학교,1,6252,0,6166,5382,784,98.62,86.08,2026-08-07T09:07:29.731Z
2020,하반기,대학교,사립,대학,서울,기존,0000539,한영신학대학교,1,720,0,631,581,50,87.64,80.69,2026-08-07T09:07:29.731Z
2020,하반기,대학교,사립,대학,서울,기존,0000160,홍익대학교,2,14945,0,17633,14733,2900,117.99,98.58,2026-08-07T09:07:29.731Z
2020,하반기,대학교,사립,대학,세종,기존,0000049,고려대학교,2,20912,0,25337,20609,4728,121.16,98.55,2026-08-07T09:07:29.731Z
2020,하반기,대학교,사립,대학,세종,기존,0000066,대전가톨릭대학교,1,160,0,43,43,0,26.88,26.88,2026-08-07T09:07:29.731Z
2020,하반기,전문대학,사립,전문대학,세종,기존,0000353,한국영상대학교,1,3167,0,3092,2659,433,97.63,83.96,2026-08-07T09:07:29.731Z
2020,하반기,대학교,특별법법인,대학,울산,기존,0000527,울산과학기술원,1,1440,0,1947,1668,279,135.21,115.83,2026-08-07T09:07:29.731Z
2020,하반기,전문대학,사립,전문대학,울산,기존,0000352,울산과학대학교,1,4727,0,5409,4390,1019,114.43,92.87,2026-08-07T09:07:29.731Z
2020,하반기,대학교,사립,대학,울산,기존,0000117,울산대학교,1,11048,0,11137,10157,980,100.81,91.94,2026-08-07T09:07:29.731Z
2020,하반기,전문대학,사립,전문대학,울산,기존,0000375,춘해보건대학교,1,2170,0,2684,2043,641,123.69,94.15,2026-08-07T09:07:29.731Z
2020,하반기,기능대학,사립,전문대학,울산,기존,0000498,한국폴리텍 VII 대학,1,680,0,698,606,92,102.65,89.12,2026-08-07T09:07:29.731Z
2020,하반기,교육대학,국립,대학,인천,기존,0000200,경인교육대학교,2,2392,0,2626,2386,240,109.78,99.75,2026-08-07T09:07:29.731Z
2020,하반기,전문대학,사립,전문대학,인천,기존,0000261,경인여자대학교,1,4004,0,4556,3625,931,113.79,90.53,2026-08-07T09:07:29.731Z
2020,하반기,대학교,사립,대학,인천,기존,0000123,인천가톨릭대학교,2,678,0,665,625,40,98.08,92.18,2026-08-07T09:07:29.731Z
2020,하반기,대학교,국립대법인,대학,인천,기존,0000031,인천대학교,1,9968,0,10900,9696,1204,109.35,97.27,2026-08-07T09:07:29.731Z
2020,하반기,전문대학,사립,전문대학,인천,기존,0000587,인천재능대학교,1,3316,0,3473,2857,616,104.73,86.16,2026-08-07T09:07:29.731Z
2020,하반기,전문대학,사립,전문대학,인천,기존,0000357,인하공업전문대학,1,5756,0,5974,4868,1106,103.79,84.57,2026-08-07T09:07:29.731Z
2020,하반기,대학교,사립,대학,인천,기존,0000124,인하대학교,1,13718,0,16406,13478,2928,119.59,98.25,2026-08-07T09:07:29.731Z
2020,하반기,기능대학,사립,전문대학,인천,기존,0000481,한국폴리텍 II 대학,1,25,0,25,20,5,100,80,2026-08-07T09:07:29.731Z
2020,하반기,기능대학,사립,전문대학,인천,기존,0000480,한국폴리텍 II 대학,1,1745,0,1925,1478,447,110.32,84.7,2026-08-07T09:07:29.731Z
2020,하반기,전문대학,사립,전문대학,전남,기존,0000585,고구려대학교,1,1992,0,1626,1475,151,81.63,74.05,2026-08-07T09:07:29.731Z
2020,하반기,전문대학,사립,전문대학,전남,기존,0000266,광양보건대학교,1,1817,160,640,574,66,38.62,34.64,2026-08-07T09:07:29.731Z
2020,하반기,대학교,사립,대학,전남,기존,0000054,광주가톨릭대학교,1,160,0,88,88,0,55,55,2026-08-07T09:07:29.731Z
2020,하반기,대학교,사립,대학,전남,기존,0000074,동신대학교,1,6272,0,5826,5236,590,92.89,83.48,2026-08-07T09:07:29.731Z
2020,하반기,전문대학,사립,전문대학,전남,기존,0000532,동아보건대학교,1,1606,0,1535,1332,203,95.58,82.94,2026-08-07T09:07:29.731Z
2020,하반기,대학교,사립,대학,전남,기존,0000166,목포가톨릭대학교,1,490,0,495,464,31,101.02,94.69,2026-08-07T09:07:29.731Z
2020,하반기,전문대학,사립,전문대학,전남,기존,0000308,목포과학대학교,1,2294,0,2182,1909,273,95.12,83.22,2026-08-07T09:07:29.731Z
2020,하반기,대학교,국립,대학,전남,기존,0000576,목포대학교,1,6453,0,6784,6145,639,105.13,95.23,2026-08-07T09:07:29.731Z
2020,하반기,대학교,국립,대학,전남,기존,0000577,목포해양대학교,1,2764,0,2468,2357,111,89.29,85.27,2026-08-07T09:07:29.731Z
2020,하반기,대학교,사립,대학,전남,기존,0000064,세한대학교,1,3798,0,3420,3238,182,90.05,85.26,2026-08-07T09:07:29.731Z
2020,하반기,대학교,국립,대학,전남,기존,0000579,순천대학교,1,6502,0,6444,5845,599,99.11,89.9,2026-08-07T09:07:29.731Z
2020,하반기,전문대학,사립,전문대학,전남,기존,0000331,순천제일대학교,1,2446,0,2359,1993,366,96.44,81.48,2026-08-07T09:07:29.731Z
2020,하반기,대학교,사립,대학,전남,기존,0000114,영산선학대학교,1,200,0,30,28,2,15,14,2026-08-07T09:07:29.731Z
2020,하반기,전문대학,사립,전문대학,전남,기존,0000360,전남과학대학교,1,3171,0,3736,2670,1066,117.82,84.2,2026-08-07T09:07:29.731Z
2020,하반기,전문대학,공립,전문대학,전남,기존,0000389,전남도립대학교,1,1505,0,1134,1066,68,75.35,70.83,2026-08-07T09:07:29.731Z
2020,하반기,전문대학,사립,전문대학,전남,기존,0000332,청암대학교,1,2777,0,2475,2167,308,89.12,78.03,2026-08-07T09:07:29.731Z
2020,하반기,대학교,사립,대학,전남,기존,0000190,초당대학교,1,3056,0,2808,2512,296,91.88,82.2,2026-08-07T09:07:29.731Z
2020,하반기,기능대학,사립,전문대학,전남,기존,0000543,한국폴리텍 V 대학,1,0,0,18,0,18,0,0,2026-08-07T09:07:29.731Z
2020,하반기,기능대학,사립,전문대학,전남,기존,0000554,한국폴리텍 V 대학,1,225,0,214,177,37,95.11,78.67,2026-08-07T09:07:29.731Z
2020,하반기,대학교,사립,대학,전남,기존,0000186,한려대학교,1,1205,0,360,322,38,29.88,26.72,2026-08-07T09:07:29.731Z
2020,하반기,전문대학,사립,전문대학,전남,기존,0000546,한영대학,1,1349,0,1276,1065,211,94.59,78.95,2026-08-07T09:07:29.731Z
2020,하반기,전문대학,사립,전문대학,전북,기존,0000250,군산간호대학교,1,886,0,1133,835,298,127.88,94.24,2026-08-07T09:07:29.731Z
2020,하반기,대학교,국립,대학,전북,기존,0000574,군산대학교,1,6940,0,6641,6132,509,95.69,88.36,2026-08-07T09:07:29.731Z
2020,하반기,전문대학,사립,전문대학,전북,기존,0000270,군장대학교,1,1550,0,1811,1304,507,116.84,84.13,2026-08-07T09:07:29.731Z
2020,하반기,전문대학,사립,전문대학,전북,기존,0000311,백제예술대학교,1,1354,0,1063,1011,52,78.51,74.67,2026-08-07T09:07:29.731Z
2020,하반기,대학교,사립,대학,전북,기존,0000173,예수대학교,1,516,0,539,497,42,104.46,96.32,2026-08-07T09:07:29.731Z
2020,하반기,대학교,사립,대학,전북,기존,0000164,예원예술대학교,2,1242,0,1385,903,482,111.51,72.71,2026-08-07T09:07:29.731Z
2020,하반기,대학교,사립,대학,전북,기존,0000116,우석대학교,1,7080,0,6770,5962,808,95.62,84.21,2026-08-07T09:07:29.731Z
2020,하반기,대학교,사립,대학,전북,기존,0000118,원광대학교,1,14796,0,14013,12961,1052,94.71,87.6,2026-08-07T09:07:29.731Z
2020,하반기,사이버대학(대학),사립,대학,전북,기존,0000417,원광디지털대학교,1,4795,0,4879,3953,926,101.75,82.44,2026-08-07T09:07:29.731Z
2020,하반기,전문대학,사립,전문대학,전북,기존,0000354,원광보건대학교,1,4033,0,4364,3498,866,108.21,86.73,2026-08-07T09:07:29.731Z
2020,하반기,전문대학,사립,전문대학,전북,기존,0000362,전북과학대학교,1,1478,0,1647,1311,336,111.43,88.7,2026-08-07T09:07:29.731Z
2020,하반기,대학교,국립,대학,전북,기존,0000017,전북대학교,1,15608,0,17196,15300,1896,110.17,98.03,2026-08-07T09:07:29.731Z
2020,하반기,교육대학,국립,대학,전북,기존,0000201,전주교육대학교,1,1140,0,1184,1118,66,103.86,98.07,2026-08-07T09:07:29.731Z
2020,하반기,전문대학,사립,전문대학,전북,기존,0000274,전주기전대학,1,2036,0,1535,1442,93,75.39,70.83,2026-08-07T09:07:29.731Z
2020,하반기,대학교,사립,대학,전북,기존,0000126,전주대학교,1,10088,0,10470,9055,1415,103.79,89.76,2026-08-07T09:07:29.731Z
2020,하반기,전문대학,사립,전문대학,전북,기존,0000361,전주비전대학교,1,2582,0,3412,2367,1045,132.15,91.67,2026-08-07T09:07:29.731Z
2020,하반기,전문대학,특별법국립,전문대학,전북,기존,0000473,한국농수산대학,1,1650,0,1628,1526,102,98.67,92.48,2026-08-07T09:07:29.731Z
2020,하반기,기능대학,사립,전문대학,전북,기존,0000493,한국폴리텍 V 대학,1,100,0,121,81,40,121,81,2026-08-07T09:07:29.731Z
2020,하반기,기능대학,사립,전문대학,전북,기존,0000553,한국폴리텍 V 대학,1,475,0,448,407,41,94.32,85.68,2026-08-07T09:07:29.731Z
2020,하반기,대학교,사립,대학,전북,기존,0000155,한일장신대학교,1,886,0,839,716,123,94.7,80.81,2026-08-07T09:07:29.731Z
2020,하반기,산업대학,사립,대학,전북,기존,0000223,호원대학교,1,4634,0,4671,3494,1177,100.8,75.4,2026-08-07T09:07:29.731Z
2020,하반기,전문대학,사립,전문대학,제주,기존,0000363,제주관광대학교,1,2355,0,1879,1726,153,79.79,73.29,2026-08-07T09:07:29.731Z
2020,하반기,대학교,사립,대학,제주,기존,0000192,제주국제대학교,1,2469,0,868,842,26,35.16,34.1,2026-08-07T09:07:29.731Z
2020,하반기,대학교,국립,대학,제주,기존,0000018,제주대학교,1,8504,0,9099,8194,905,107,96.35,2026-08-07T09:07:29.731Z
2020,하반기,전문대학,사립,전문대학,제주,기존,0000382,제주한라대학교,1,4646,4,5637,3788,1849,121.43,81.6,2026-08-07T09:07:29.731Z
2020,하반기,기능대학,사립,전문대학,제주,기존,0000535,한국폴리텍 I 대학,1,50,0,42,37,5,84,74,2026-08-07T09:07:29.731Z
2020,하반기,대학교,사립,대학,충남,기존,0000038,건양대학교,2,6890,0,6921,6423,498,100.45,93.22,2026-08-07T09:07:29.731Z
2020,하반기,교육대학,국립,대학,충남,기존,0000195,공주교육대학교,1,1416,0,1404,1303,101,99.15,92.02,2026-08-07T09:07:29.731Z
2020,하반기,대학교,국립,대학,충남,기존,0000573,공주대학교,1,10953,0,12151,10412,1739,110.94,95.06,2026-08-07T09:07:29.731Z
2020,하반기,사이버대학(대학),사립,대학,충남,기존,0000424,글로벌사이버대학교,1,3180,0,2297,2264,33,72.23,71.19,2026-08-07T09:07:29.731Z
2020,하반기,대학교,사립,대학,충남,기존,0000169,금강대학교,1,510,0,320,310,10,62.75,60.78,2026-08-07T09:07:29.731Z
2020,하반기,대학교,사립,대학,충남,기존,0000059,나사렛대학교,1,4844,0,4807,4221,586,99.24,87.14,2026-08-07T09:07:29.731Z
2020,하반기,대학교,사립,대학,충남,기존,0000189,남서울대학교,1,8812,0,8774,7808,966,99.57,88.61,2026-08-07T09:07:29.731Z
2020,하반기,대학교,사립,대학,충남,기존,0000131,백석대학교,1,11160,0,11099,10103,996,99.45,90.53,2026-08-07T09:07:29.731Z
2020,하반기,전문대학,사립,전문대학,충남,기존,0000373,백석문화대학교,1,5407,0,5234,4656,578,96.8,86.11,2026-08-07T09:07:29.731Z
2020,하반기,대학교,사립,대학,충남,기존,0000094,선문대학교,1,8239,0,8751,7262,1489,106.21,88.14,2026-08-07T09:07:29.731Z
2020,하반기,대학교,사립,대학,충남,기존,0000104,순천향대학교,1,9626,0,10462,9175,1287,108.68,95.31,2026-08-07T09:07:29.731Z
2020,하반기,전문대학,사립,전문대학,충남,기존,0000335,신성대학교,1,3643,0,3455,2825,630,94.84,77.55,2026-08-07T09:07:29.731Z
2020,하반기,전문대학,사립,전문대학,충남,기존,000568,아주자동차대학,1,988,0,873,813,60,88.36,82.29,2026-08-07T09:07:29.731Z
2020,하반기,전문대학,사립,전문대학,충남,기존,0000529,연암대학교,1,966,0,980,839,141,101.45,86.85,2026-08-07T09:07:29.731Z
2020,하반기,대학교,사립,대학,충남,기존,0000128,중부대학교,1,7780,0,7415,6539,876,95.31,84.05,2026-08-07T09:07:29.731Z
2020,하반기,산업대학,사립,대학,충남,기존,0000225,청운대학교,1,5186,0,5665,4318,1347,109.24,83.26,2026-08-07T09:07:29.731Z
2020,하반기,전문대학,공립,전문대학,충남,기존,0000519,충남도립대학교,1,942,0,960,872,88,101.91,92.57,2026-08-07T09:07:29.731Z
2020,하반기,대학교,사립,대학,충남,기존,0000141,한국기술교육대학교,1,3344,0,3825,3249,576,114.38,97.16,2026-08-07T09:07:29.731Z
2020,하반기,대학교,특별법국립,대학,충남,기존,0000472,한국전통문화대학교,1,560,0,550,536,14,98.21,95.71,2026-08-07T09:07:29.731Z
2020,하반기,기능대학,사립,전문대학,충남,기존,0000500,한국폴리텍 특성화대학,1,360,0,386,323,63,107.22,89.72,2026-08-07T09:07:29.731Z
2020,하반기,기능대학,사립,전문대학,충남,기존,0000487,한국폴리텍 IV 대학,1,450,0,506,436,70,112.44,96.89,2026-08-07T09:07:29.731Z
2020,하반기,기능대학,사립,전문대학,충남,기존,0000588,한국폴리텍 IV 대학,1,240,0,241,227,14,100.42,94.58,2026-08-07T09:07:29.731Z
2020,하반기,대학교,사립,대학,충남,기존,0000149,한서대학교,1,6365,0,6494,5781,713,102.03,90.82,2026-08-07T09:07:29.731Z
2020,하반기,전문대학,사립,전문대학,충남,기존,0000386,혜전대학교,1,2838,0,2533,2155,378,89.25,75.93,2026-08-07T09:07:29.731Z
2020,하반기,대학교,사립,대학,충남,기존,0000159,호서대학교,1,11562,0,11706,10694,1012,101.25,92.49,2026-08-07T09:07:29.731Z
2020,하반기,전문대학,사립,전문대학,충북,기존,0000271,강동대학교,1,3874,171,3363,2965,398,90.82,80.07,2026-08-07T09:07:29.731Z
2020,하반기,대학교,사립,대학,충북,기존,0000037,건국대학교,2,18369,0,21231,17766,3465,115.58,96.72,2026-08-07T09:07:29.731Z
2020,하반기,대학교,사립,대학,충북,기존,0000058,극동대학교,1,3740,0,3371,3168,203,90.13,84.71,2026-08-07T09:07:29.731Z
2020,하반기,대학교,사립,대학,충북,기존,0000557,꽃동네대학교,1,432,0,440,416,24,101.85,96.3,2026-08-07T09:07:29.731Z
2020,하반기,전문대학,사립,전문대학,충북,기존,0000286,대원대학교,1,2535,0,2255,2011,244,88.95,79.33,2026-08-07T09:07:29.731Z
2020,하반기,대학교,사립,대학,충북,기존,0000093,서원대학교,1,6488,0,6143,5624,519,94.68,86.68,2026-08-07T09:07:29.731Z
2020,하반기,대학교,사립,대학,충북,기존,0000099,세명대학교,1,7600,0,7154,6621,533,94.13,87.12,2026-08-07T09:07:29.731Z
2020,하반기,각종학교(대학),사립,대학,충북,기존,0000404,순복음총회신학교,1,324,0,160,158,2,49.38,48.77,2026-08-07T09:07:29.731Z
2020,하반기,대학교,사립,대학,충북,기존,0000113,유원대학교,1,3865,0,3281,3068,213,84.89,79.38,2026-08-07T09:07:29.731Z
2020,하반기,대학교,사립,대학,충북,기존,0000183,중원대학교,1,3948,0,3522,3244,278,89.21,82.17,2026-08-07T09:07:29.731Z
2020,하반기,교육대학,국립,대학,충북,기존,0000204,청주교육대학교,1,1144,0,1187,1101,86,103.76,96.24,2026-08-07T09:07:29.731Z
2020,하반기,대학교,사립,대학,충북,기존,0000132,청주대학교,1,10641,0,10373,9508,865,97.48,89.35,2026-08-07T09:07:29.731Z
2020,하반기,대학교,국립,대학,충북,기존,0000021,충북대학교,1,11373,0,12575,11020,1555,110.57,96.9,2026-08-07T09:07:29.731Z
2020,하반기,전문대학,공립,전문대학,충북,기존,0000544,충북도립대학,1,880,0,723,713,10,82.16,81.02,2026-08-07T09:07:29.731Z
2020,하반기,전문대학,사립,전문대학,충북,기존,0000367,충북보건과학대학교,1,2648,0,2550,2163,387,96.3,81.68,2026-08-07T09:07:29.731Z
2020,하반기,전문대학,사립,전문대학,충북,기존,0000377,충청대학교,1,3776,0,3719,3109,610,98.49,82.34,2026-08-07T09:07:29.731Z
2020,하반기,대학교,국립,대학,충북,기존,0000022,한국교원대학교,1,2184,0,2370,2206,164,108.52,101.01,2026-08-07T09:07:29.731Z
2020,하반기,대학교,국립,대학,충북,기존,0000582,한국교통대학교,1,7671,0,7809,7153,656,101.8,93.25,2026-08-07T09:07:29.731Z
2020,하반기,기능대학,사립,전문대학,충북,기존,0000485,한국폴리텍 IV 대학,1,680,0,693,609,84,101.91,89.56,2026-08-07T09:07:29.731Z
2021,상반기,대학교,사립,대학,강원,기존,0000513,가톨릭관동대학교,1,8420,0,7458,6872,586,88.57,81.62,2026-08-07T09:07:29.731Z
2021,상반기,전문대학,사립,전문대학,강원,기존,0000347,강릉영동대학교,1,2628,0,2443,1989,454,92.96,75.68,2026-08-07T09:07:29.731Z
2021,상반기,대학교,국립,대학,강원,기존,0000572,강릉원주대학교,2,7412,0,7536,6927,609,101.67,93.46,2026-08-07T09:07:29.731Z
2021,상반기,전문대학,사립,전문대학,강원,폐교,0000378,강원관광대학교,1,711,0,597,485,112,83.97,68.21,2026-08-07T09:07:29.731Z
2021,상반기,대학교,국립,대학,강원,기존,0000002,강원대학교,2,18280,0,19297,17811,1486,105.56,97.43,2026-08-07T09:07:29.731Z
2021,상반기,전문대학,공립,전문대학,강원,기존,0000531,강원도립대학교,1,659,0,579,573,6,87.86,86.95,2026-08-07T09:07:29.731Z
2021,상반기,대학교,사립,대학,강원,기존,0000041,경동대학교,3,6999,0,7549,6492,1057,107.86,92.76,2026-08-07T09:07:29.731Z
2021,상반기,대학교,사립,대학,강원,기존,0000086,상지대학교,1,8044,0,6621,6188,433,82.31,76.93,2026-08-07T09:07:29.731Z
2021,상반기,전문대학,사립,전문대학,강원,폐교,0000319,상지영서대학교,1,160,0,167,161,6,104.38,100.63,2026-08-07T09:07:29.731Z
2021,상반기,전문대학,사립,전문대학,강원,기존,0000348,세경대학교,1,956,0,967,832,135,101.15,87.03,2026-08-07T09:07:29.731Z
2021,상반기,전문대학,사립,전문대학,강원,기존,0000393,송곡대학교,1,575,0,649,454,195,112.87,78.96,2026-08-07T09:07:29.731Z
2021,상반기,전문대학,사립,전문대학,강원,기존,0000390,송호대학교,1,892,1,943,728,215,105.84,81.71,2026-08-07T09:07:29.731Z
2021,상반기,대학교,사립,대학,강원,기존,0000110,연세대학교,2,20069,38,26112,20677,5435,130.36,103.23,2026-08-07T09:07:29.731Z
2021,상반기,교육대학,국립,대학,강원,기존,0000205,춘천교육대학교,1,1284,0,1310,1228,82,102.02,95.64,2026-08-07T09:07:29.731Z
2021,상반기,전문대학,사립,전문대학,강원,기존,0000542,한국골프대학,1,480,0,423,385,38,88.13,80.21,2026-08-07T09:07:29.731Z
2021,상반기,기능대학,사립,전문대학,강원,기존,0000483,한국폴리텍 III 대학,1,120,0,132,111,21,110,92.5,2026-08-07T09:07:29.731Z
2021,상반기,기능대학,사립,전문대학,강원,기존,0000517,한국폴리텍 III 대학,1,100,0,97,89,8,97,89,2026-08-07T09:07:29.731Z
2021,상반기,기능대학,사립,전문대학,강원,기존,0000482,한국폴리텍 III 대학,1,250,0,258,212,46,103.2,84.8,2026-08-07T09:07:29.731Z
2021,상반기,대학교,사립,대학,강원,기존,0000147,한라대학교,1,3561,0,3420,3193,227,96.04,89.67,2026-08-07T09:07:29.731Z
2021,상반기,대학교,사립,대학,강원,기존,0000148,한림대학교,1,7056,0,7806,7062,744,110.63,100.09,2026-08-07T09:07:29.731Z
2021,상반기,전문대학,사립,전문대학,강원,기존,0000383,한림성심대학교,1,2613,0,2780,2167,613,106.39,82.93,2026-08-07T09:07:29.731Z
2021,상반기,대학교,사립,대학,경기,기존,0000044,가천대학교,1,15438,0,19308,16251,3057,125.07,105.27,2026-08-07T09:07:29.731Z
2021,상반기,대학교,사립,대학,경기,기존,0000034,가톨릭대학교,3,7166,0,8122,7208,914,113.34,100.59,2026-08-07T09:07:29.731Z
2021,상반기,대학교,사립,대학,경기,기존,0000036,강남대학교,1,5964,0,6597,6059,538,110.61,101.59,2026-08-07T09:07:29.731Z
2021,상반기,전문대학,사립,전문대학,경기,기존,0000387,경기과학기술대학교,1,3456,0,4276,2798,1478,123.73,80.96,2026-08-07T09:07:29.731Z
2021,상반기,대학교,사립,대학,경기,기존,0000039,경기대학교,2,11757,0,14033,11828,2205,119.36,100.6,2026-08-07T09:07:29.731Z
2021,상반기,전문대학,사립,전문대학,경기,기존,0000255,경민대학교,1,3665,0,3845,3003,842,104.91,81.94,2026-08-07T09:07:29.731Z
2021,상반기,전문대학,사립,전문대학,경기,기존,0000259,경복대학교,1,5109,0,6208,4882,1326,121.51,95.56,2026-08-07T09:07:29.731Z
2021,상반기,전문대학,사립,전문대학,경기,기존,0000264,계원예술대학교,1,2499,0,2832,2432,400,113.33,97.32,2026-08-07T09:07:29.731Z
2021,상반기,전문대학,사립,전문대학,경기,기존,0000379,국제대학교,1,3863,0,3236,2999,237,83.77,77.63,2026-08-07T09:07:29.731Z
2021,상반기,사이버대학(대학),사립,대학,경기,기존,0000409,국제사이버대학교,1,2880,0,3221,2533,688,111.84,87.95,2026-08-07T09:07:29.731Z
2021,상반기,전문대학,사립,전문대학,경기,기존,0000277,김포대학교,1,2902,0,2575,1929,646,88.73,66.47,2026-08-07T09:07:29.731Z
2021,상반기,전문대학,사립,전문대학,경기,기존,0000278,농협대학교,1,176,0,429,179,250,243.75,101.7,2026-08-07T09:07:29.731Z
2021,상반기,대학교,사립,대학,경기,기존,0000060,단국대학교,2,18850,0,22257,19563,2694,118.07,103.78,2026-08-07T09:07:29.731Z
2021,상반기,전문대학,사립,전문대학,경기,기존,0000285,대림대학교,1,6081,0,7228,5645,1583,118.86,92.83,2026-08-07T09:07:29.731Z
2021,상반기,대학교,사립,대학,경기,기존,0000068,대진대학교,1,7172,0,7324,6672,652,102.12,93.03,2026-08-07T09:07:29.731Z
2021,상반기,전문대학,사립,전문대학,경기,기존,0000294,동남보건대학교,1,4128,0,4650,3813,837,112.65,92.37,2026-08-07T09:07:29.731Z
2021,상반기,전문대학,사립,전문대학,경기,기존,0000287,동서울대학교,1,5481,0,5586,4906,680,101.92,89.51,2026-08-07T09:07:29.731Z
2021,상반기,전문대학,사립,전문대학,경기,기존,0000298,동아방송예술대학교,1,2469,0,3016,2326,690,122.15,94.21,2026-08-07T09:07:29.731Z
2021,상반기,전문대학,사립,전문대학,경기,기존,0000302,동원대학교,1,3256,0,3013,2636,377,92.54,80.96,2026-08-07T09:07:29.731Z
2021,상반기,전문대학,사립,전문대학,경기,기존,0000305,두원공과대학교,1,4532,0,3173,2903,270,70.01,64.06,2026-08-07T09:07:29.731Z
2021,상반기,대학교,사립,대학,경기,기존,0000078,루터대학교,1,340,0,351,343,8,103.24,100.88,2026-08-07T09:07:29.731Z
2021,상반기,대학교,사립,대학,경기,기존,0000079,명지대학교,2,10734,0,13938,10759,3179,129.85,100.23,2026-08-07T09:07:29.731Z
2021,상반기,전문대학,사립,전문대학,경기,기존,0000316,부천대학교,1,5286,0,7386,4916,2470,139.73,93,2026-08-07T09:07:29.731Z
2021,상반기,대학교,사립,대학,경기,기존,0000090,서울신학대학교,1,1963,0,2213,2047,166,112.74,104.28,2026-08-07T09:07:29.731Z
2021,상반기,전문대학,사립,전문대학,경기,기존,0000323,서울예술대학교,1,1841,0,3147,1836,1311,170.94,99.73,2026-08-07T09:07:29.731Z
2021,상반기,대학교,사립,대학,경기,기존,0000092,서울장신대학교,1,452,0,389,366,23,86.06,80.97,2026-08-07T09:07:29.731Z
2021,상반기,전문대학,사립,전문대학,경기,기존,0000392,서정대학교,1,3170,0,6197,2948,3249,195.49,93,2026-08-07T09:07:29.731Z
2021,상반기,대학교,사립,대학,경기,기존,0000095,성결대학교,1,4912,0,5418,5042,376,110.3,102.65,2026-08-07T09:07:29.731Z
2021,상반기,대학교,사립,대학,경기,기존,0000101,수원가톨릭대학교,1,360,0,128,124,4,35.56,34.44,2026-08-07T09:07:29.731Z
2021,상반기,전문대학,사립,전문대학,경기,기존,0000330,수원과학대학교,1,5313,0,4621,4116,505,86.98,77.47,2026-08-07T09:07:29.731Z
2021,상반기,대학교,사립,대학,경기,기존,0000102,수원대학교,1,8718,0,8795,8046,749,100.88,92.29,2026-08-07T09:07:29.731Z
2021,상반기,전문대학,사립,전문대학,경기,기존,0000329,수원여자대학교,1,4064,0,3996,3587,409,98.33,88.26,2026-08-07T09:07:29.731Z
2021,상반기,대학교,사립,대학,경기,기존,000567,신경대학교,1,984,13,467,439,28,48.09,45.21,2026-08-07T09:07:29.731Z
2021,상반기,전문대학,사립,전문대학,경기,기존,0000334,신구대학교,1,6175,0,6488,5641,847,105.07,91.35,2026-08-07T09:07:29.731Z
2021,상반기,전문대학,사립,전문대학,경기,기존,0000339,신안산대학교,1,3795,0,3043,2708,335,80.18,71.36,2026-08-07T09:07:29.731Z
2021,상반기,대학교,사립,대학,경기,기존,000509,신한대학교,2,5812,0,6377,5494,883,109.72,94.53,2026-08-07T09:07:29.731Z
2021,상반기,전문대학,사립,전문대학,경기,폐교,0000336,신흥대학교,1,0,0,0,0,0,0,0,2026-08-07T09:07:29.731Z
2021,상반기,대학교,사립,대학,경기,기존,0000558,아신대학교,1,718,0,549,529,20,76.46,73.68,2026-08-07T09:07:29.731Z
2021,상반기,대학교,사립,대학,경기,기존,0000108,아주대학교,1,7682,0,9692,8103,1589,126.17,105.48,2026-08-07T09:07:29.731Z
2021,상반기,전문대학,사립,전문대학,경기,기존,0000340,안산대학교,1,4055,0,4213,3533,680,103.9,87.13,2026-08-07T09:07:29.731Z
2021,상반기,대학교,사립,대학,경기,기존,0000109,안양대학교,2,4559,0,4580,4296,284,100.46,94.23,2026-08-07T09:07:29.731Z
2021,상반기,전문대학,사립,전문대학,경기,기존,0000343,여주대학교,1,5110,216,4526,3732,794,92.48,76.26,2026-08-07T09:07:29.731Z
2021,상반기,전문대학,사립,전문대학,경기,기존,0000341,연성대학교,1,5681,0,5813,5194,619,102.32,91.43,2026-08-07T09:07:29.731Z
2021,상반기,전문대학,사립,전문대학,경기,기존,0000350,오산대학교,1,4292,0,4706,3962,744,109.65,92.31,2026-08-07T09:07:29.731Z
2021,상반기,대학교,사립,대학,경기,기존,0000115,용인대학교,1,5471,0,5621,5044,577,102.74,92.2,2026-08-07T09:07:29.731Z
2021,상반기,전문대학,사립,전문대학,경기,기존,0000559,용인예술과학대학교,1,3704,0,3267,2908,359,88.2,78.51,2026-08-07T09:07:29.731Z
2021,상반기,전문대학,사립,전문대학,경기,기존,0000394,웅지세무대학교,1,1797,0,840,818,22,46.74,45.52,2026-08-07T09:07:29.731Z
2021,상반기,전문대학,사립,전문대학,경기,기존,0000355,유한대학교,1,4517,0,4535,4142,393,100.4,91.7,2026-08-07T09:07:29.731Z
2021,상반기,전문대학,사립,전문대학,경기,기존,0000358,장안대학교,1,5367,0,4101,3694,407,76.41,68.83,2026-08-07T09:07:29.731Z
2021,상반기,대학교,사립,대학,경기,기존,0000130,중앙승가대학교,1,480,0,125,125,0,26.04,26.04,2026-08-07T09:07:29.731Z
2021,상반기,대학교,사립,대학,경기,기존,0000139,차의과학대학교,1,2016,0,2228,2070,158,110.52,102.68,2026-08-07T09:07:29.731Z
2021,상반기,전문대학,사립,전문대학,경기,기존,0000374,청강문화산업대학교,1,3444,0,3424,3039,385,99.42,88.24,2026-08-07T09:07:29.731Z
2021,상반기,대학교,사립,대학,경기,기존,0000136,칼빈대학교,1,360,0,498,293,205,138.33,81.39,2026-08-07T09:07:29.731Z
2021,상반기,대학교,사립,대학,경기,기존,0000138,평택대학교,1,3370,0,3740,3236,504,110.98,96.02,2026-08-07T09:07:29.731Z
2021,상반기,대학교,국립,대학,경기,기존,0000568,한경대학교,1,4645,0,5072,4582,490,109.19,98.64,2026-08-07T09:07:29.731Z
2021,상반기,전문대학,사립,전문대학,경기,기존,0000391,한국관광대학교,1,1860,0,1653,1454,199,88.87,78.17,2026-08-07T09:07:29.731Z
2021,상반기,전문대학,국립,전문대학,경기,폐교,0000248,한국복지대학교,1,683,0,691,597,94,101.17,87.41,2026-08-07T09:07:29.731Z
2021,상반기,대학교,사립,대학,경기,기존,0000562,한국산업기술대학교,1,5520,0,7031,5716,1315,127.37,103.55,2026-08-07T09:07:29.731Z
2021,상반기,산업대학,사립,대학,경기,폐교,0000214,한국산업기술대학교(산업대),1,0,0,0,0,0,0,0,2026-08-07T09:07:29.731Z
2021,상반기,기능대학,사립,전문대학,경기,기존,0000479,한국폴리텍 I 대학,1,800,0,741,649,92,92.63,81.13,2026-08-07T09:07:29.731Z
2021,상반기,기능대학,사립,전문대학,경기,신설,0000555,한국폴리텍 II 대학,1,0,0,9,0,9,0,0,2026-08-07T09:07:29.731Z
2021,상반기,기능대학,사립,전문대학,경기,기존,0000548,한국폴리텍 II 대학,1,568,0,583,489,94,102.64,86.09,2026-08-07T09:07:29.731Z
2021,상반기,대학교,사립,대학,경기,기존,0000144,한국항공대학교,1,3358,0,3816,3367,449,113.64,100.27,2026-08-07T09:07:29.731Z
2021,상반기,대학교,사립,대학,경기,폐교,0000175,한북대학교,1,0,0,0,0,0,0,0,2026-08-07T09:07:29.731Z
2021,상반기,대학교,사립,대학,경기,기존,0000151,한세대학교,1,2264,0,2561,2323,238,113.12,102.61,2026-08-07T09:07:29.731Z
2021,상반기,대학교,사립,대학,경기,기존,0000152,한신대학교,1,4684,0,5410,4832,578,115.5,103.16,2026-08-07T09:07:29.731Z
2021,상반기,대학교,사립,대학,경기,기존,0000153,한양대학교,2,19059,0,25280,19183,6097,132.64,100.65,2026-08-07T09:07:29.731Z
2021,상반기,대학교,사립,대학,경기,기존,0000156,협성대학교,1,4016,0,4180,3808,372,104.08,94.82,2026-08-07T09:07:29.731Z
2021,상반기,기능대학,사립,전문대학,경기,기존,0000516,ICT폴리텍대학,1,320,0,261,248,13,81.56,77.5,2026-08-07T09:07:29.731Z
2021,상반기,전문대학,사립,전문대학,경남,기존,0000251,거제대학교,1,1184,0,1066,865,201,90.03,73.06,2026-08-07T09:07:29.731Z
2021,상반기,대학교,국립,대학,경남,폐교,0000026,경남과학기술대학교,1,4736,0,4752,4531,221,100.34,95.67,2026-08-07T09:07:29.731Z
2021,상반기,대학교,사립,대학,경남,기존,0000040,경남대학교,1,11391,0,10792,9963,829,94.74,87.46,2026-08-07T09:07:29.731Z
2021,상반기,전문대학,공립,전문대학,경남,기존,0000242,경남도립거창대학,1,885,0,804,796,8,90.85,89.94,2026-08-07T09:07:29.731Z
2021,상반기,전문대학,공립,전문대학,경남,기존,0000243,경남도립남해대학,1,750,0,726,703,23,96.8,93.73,2026-08-07T09:07:29.731Z
2021,상반기,대학교,국립,대학,경남,기존,0000556,경상대학교,1,12626,0,13549,12407,1142,107.31,98.27,2026-08-07T09:07:29.731Z
2021,상반기,전문대학,사립,전문대학,경남,기존,0000395,김해대학교,1,1296,0,1428,1183,245,110.19,91.28,2026-08-07T09:07:29.731Z
2021,상반기,전문대학,사립,전문대학,경남,기존,0000342,동원과학기술대학교,1,1950,0,2343,1673,670,120.15,85.79,2026-08-07T09:07:29.731Z
2021,상반기,전문대학,사립,전문대학,경남,기존,0000306,마산대학교,1,5361,0,5422,4567,855,101.14,85.19,2026-08-07T09:07:29.731Z
2021,상반기,대학교,사립,대학,경남,기존,0000167,부산장신대학교,1,215,0,193,188,5,89.77,87.44,2026-08-07T09:07:29.731Z
2021,상반기,전문대학,사립,전문대학,경남,기존,0000530,연암공과대학교,1,1154,0,1198,1094,104,103.81,94.8,2026-08-07T09:07:29.731Z
2021,상반기,대학교,사립,대학,경남,기존,0000122,인제대학교,2,8869,0,8477,7680,797,95.58,86.59,2026-08-07T09:07:29.731Z
2021,상반기,교육대학,국립,대학,경남,기존,0000203,진주교육대학교,1,1276,0,1329,1251,78,104.15,98.04,2026-08-07T09:07:29.731Z
2021,상반기,전문대학,사립,전문대학,경남,기존,0000369,진주보건대학교,1,2370,0,2701,2085,616,113.97,87.97,2026-08-07T09:07:29.731Z
2021,상반기,대학교,사립,대학,경남,기존,0000193,창신대학교,1,1975,0,1804,1659,145,91.34,84,2026-08-07T09:07:29.731Z
2021,상반기,대학교,국립,대학,경남,기존,0000581,창원대학교,1,7037,0,7801,7085,716,110.86,100.68,2026-08-07T09:07:29.731Z
2021,상반기,전문대학,사립,전문대학,경남,기존,0000528,창원문성대학교,1,2590,0,2006,1777,229,77.45,68.61,2026-08-07T09:07:29.731Z
2021,상반기,전문대학,사립,전문대학,경남,기존,0000396,한국승강기대학교,1,594,0,587,526,61,98.82,88.55,2026-08-07T09:07:29.731Z
2021,상반기,기능대학,사립,전문대학,경남,기존,0000503,한국폴리텍 특성화대학,1,480,0,454,384,70,94.58,80,2026-08-07T09:07:29.731Z
2021,상반기,기능대학,사립,전문대학,경남,기존,0000496,한국폴리텍 VII 대학,1,1210,0,1379,1079,300,113.97,89.17,2026-08-07T09:07:29.731Z
2021,상반기,대학교,사립,대학,경북,기존,0000032,가야대학교,2,2317,0,2022,1860,162,87.27,80.28,2026-08-07T09:07:29.731Z
2021,상반기,전문대학,사립,전문대학,경북,기존,0000249,가톨릭상지대학교,1,1737,0,1865,1359,506,107.37,78.24,2026-08-07T09:07:29.731Z
2021,상반기,전문대학,사립,전문대학,경북,기존,0000293,경북과학대학교,1,1719,0,1845,1482,363,107.33,86.21,2026-08-07T09:07:29.731Z
2021,상반기,전문대학,공립,전문대학,경북,폐교,0000244,경북도립대학교,1,924,0,816,770,46,88.31,83.33,2026-08-07T09:07:29.731Z
2021,상반기,전문대학,사립,전문대학,경북,기존,0000523,경북보건대학교,1,1166,0,1233,1079,154,105.75,92.54,2026-08-07T09:07:29.731Z
2021,상반기,전문대학,사립,전문대학,경북,기존,0000258,경북전문대학교,1,2341,92,2736,2067,669,121.65,91.91,2026-08-07T09:07:29.731Z
2021,상반기,대학교,사립,대학,경북,기존,0000188,경운대학교,1,4736,0,4397,4172,225,92.84,88.09,2026-08-07T09:07:29.731Z
2021,상반기,산업대학,사립,대학,경북,폐교,0000226,경운대학교(산업대),1,0,0,0,0,0,0,0,2026-08-07T09:07:29.731Z
2021,상반기,대학교,사립,대학,경북,기존,0000045,경일대학교,1,6356,0,6875,6150,725,108.17,96.76,2026-08-07T09:07:29.731Z
2021,상반기,대학교,사립,대학,경북,기존,0000586,경주대학교,1,3048,156,750,551,199,25.93,19.05,2026-08-07T09:07:29.731Z
2021,상반기,전문대학,사립,전문대학,경북,기존,0000268,구미대학교,1,3645,0,5163,3302,1861,141.65,90.59,2026-08-07T09:07:29.731Z
2021,상반기,대학교,국립,대학,경북,기존,0000575,금오공과대학교,1,4849,0,5315,4752,563,109.61,98,2026-08-07T09:07:29.731Z
2021,상반기,대학교,사립,대학,경북,기존,0000185,김천대학교,1,3085,1,2803,2455,348,90.89,79.6,2026-08-07T09:07:29.731Z
2021,상반기,전문대학,사립,전문대학,경북,기존,0000279,대경대학교,1,3854,0,3858,3229,629,100.1,83.78,2026-08-07T09:07:29.731Z
2021,상반기,대학교,사립,대학,경북,기존,0000063,대구가톨릭대학교,1,11758,0,11737,10907,830,99.82,92.76,2026-08-07T09:07:29.731Z
2021,상반기,대학교,사립,대학,경북,기존,0000061,대구대학교,1,16236,0,16270,14219,2051,100.21,87.58,2026-08-07T09:07:29.731Z
2021,상반기,사이버대학(대학),사립,대학,경북,기존,0000410,대구사이버대학교,1,3800,0,4255,3344,911,111.97,88,2026-08-07T09:07:29.731Z
2021,상반기,대학교,사립,대학,경북,기존,0000062,대구예술대학교,1,1677,0,782,767,15,46.63,45.74,2026-08-07T09:07:29.731Z
2021,상반기,대학교,사립,대학,경북,기존,0000042,대구한의대학교,1,6288,0,6542,5891,651,104.04,93.69,2026-08-07T09:07:29.731Z
2021,상반기,대학교,사립,대학,경북,기존,0000065,대신대학교,1,464,0,431,425,6,92.89,91.59,2026-08-07T09:07:29.731Z
2021,상반기,대학교,사립,대학,경북,기존,0000071,동국대학교,2,18020,0,21302,17925,3377,118.21,99.47,2026-08-07T09:07:29.731Z
2021,상반기,대학교,사립,대학,경북,기존,0000076,동양대학교,1,4044,0,3777,3519,258,93.4,87.02,2026-08-07T09:07:29.731Z
2021,상반기,전문대학,사립,전문대학,경북,기존,0000309,문경대학교,1,830,0,844,753,91,101.69,90.72,2026-08-07T09:07:29.731Z
2021,상반기,전문대학,사립,전문대학,경북,폐교,0000262,서라벌대학교,1,650,0,608,525,83,93.54,80.77,2026-08-07T09:07:29.731Z
2021,상반기,전문대학,사립,전문대학,경북,기존,0000380,선린대학교,1,2214,0,2151,1797,354,97.15,81.17,2026-08-07T09:07:29.731Z
2021,상반기,전문대학,사립,전문대학,경북,기존,0000547,성덕대학교,1,1252,0,1491,1155,336,119.09,92.25,2026-08-07T09:07:29.731Z
2021,상반기,전문대학,사립,전문대학,경북,기존,0000338,안동과학대학교,1,2554,0,2369,1977,392,92.76,77.41,2026-08-07T09:07:29.731Z
2021,상반기,대학교,국립,대학,경북,기존,0000580,안동대학교,1,5824,0,5357,5056,301,91.98,86.81,2026-08-07T09:07:29.731Z
2021,상반기,대학교,사립,대학,경북,기존,0000111,영남대학교,1,18676,0,20550,18541,2009,110.03,99.28,2026-08-07T09:07:29.731Z
2021,상반기,대학교,사립,대학,경북,기존,0000112,영남신학대학교,1,460,0,457,424,33,99.35,92.17,2026-08-07T09:07:29.731Z
2021,상반기,전문대학,사립,전문대학,경북,기존,0000257,영남외국어대학,1,874,0,449,403,46,51.37,46.11,2026-08-07T09:07:29.731Z
2021,상반기,대학교,사립,대학,경북,기존,0000119,위덕대학교,1,3186,0,2761,2611,150,86.66,81.95,2026-08-07T09:07:29.731Z
2021,상반기,대학교,사립,대학,경북,기존,0000140,포항공과대학교,1,1280,0,1352,1311,41,105.63,102.42,2026-08-07T09:07:29.731Z
2021,상반기,전문대학,사립,전문대학,경북,기존,0000381,포항대학교,1,1785,0,1641,1422,219,91.93,79.66,2026-08-07T09:07:29.731Z
2021,상반기,사이버대학(전문대학),사립,전문대학,경북,기존,0000407,한국복지사이버대학,1,2000,0,2592,1930,662,129.6,96.5,2026-08-07T09:07:29.731Z
2021,상반기,기능대학,사립,전문대학,경북,신설,0000552,한국폴리텍 특성화대학,1,100,0,98,89,9,98,89,2026-08-07T09:07:29.731Z
2021,상반기,기능대학,사립,전문대학,경북,기존,0000495,한국폴리텍 VI 대학,1,520,0,489,440,49,94.04,84.62,2026-08-07T09:07:29.731Z
2021,상반기,기능대학,사립,전문대학,경북,기존,0000504,한국폴리텍 VI 대학,1,60,0,41,40,1,68.33,66.67,2026-08-07T09:07:29.731Z
2021,상반기,대학교,사립,대학,경북,기존,0000146,한동대학교,1,2916,0,3955,3467,488,135.63,118.9,2026-08-07T09:07:29.731Z
2021,상반기,전문대학,사립,전문대학,경북,기존,0000522,호산대학교,1,1784,0,1890,1497,393,105.94,83.91,2026-08-07T09:07:29.731Z
2021,상반기,대학교,사립,대학,광주,기존,0000052,광신대학교,1,488,0,482,461,21,98.77,94.47,2026-08-07T09:07:29.731Z
2021,상반기,대학교,특별법법인,대학,광주,기존,0000469,광주과학기술원,1,800,2,724,722,2,90.73,90.48,2026-08-07T09:07:29.731Z
2021,상반기,교육대학,국립,대학,광주,기존,0000196,광주교육대학교,1,1304,0,1330,1248,82,101.99,95.71,2026-08-07T09:07:29.731Z
2021,상반기,대학교,사립,대학,광주,기존,0000176,광주대학교,1,6600,0,6695,6319,376,101.44,95.74,2026-08-07T09:07:29.731Z
2021,상반기,전문대학,사립,전문대학,광주,기존,0000267,광주보건대학교,1,3239,0,3673,2957,716,113.4,91.29,2026-08-07T09:07:29.731Z
2021,상반기,대학교,사립,대학,광주,기존,0000055,광주여자대학교,1,3605,0,3779,3436,343,104.83,95.31,2026-08-07T09:07:29.731Z
2021,상반기,전문대학,사립,전문대학,광주,기존,0000273,기독간호대학교,1,444,0,593,432,161,133.56,97.3,2026-08-07T09:07:29.731Z
2021,상반기,대학교,사립,대학,광주,기존,0000162,남부대학교,1,2771,0,3147,2619,528,113.57,94.51,2026-08-07T09:07:29.731Z
2021,상반기,전문대학,사립,전문대학,광주,기존,0000297,동강대학교,1,2847,0,2675,2310,365,93.96,81.14,2026-08-07T09:07:29.731Z
2021,상반기,전문대학,사립,전문대학,광주,기존,0000320,서영대학교,1,4123,0,5018,3732,1286,121.71,90.52,2026-08-07T09:07:29.731Z
2021,상반기,대학교,사립,대학,광주,기존,0000187,송원대학교,1,3030,0,3030,2690,340,100,88.78,2026-08-07T09:07:29.731Z
2021,상반기,대학교,국립,대학,광주,기존,0000016,전남대학교,2,16547,0,18959,16945,2014,114.58,102.41,2026-08-07T09:07:29.731Z
2021,상반기,전문대학,사립,전문대학,광주,기존,0000366,조선간호대학교,1,556,0,743,530,213,133.63,95.32,2026-08-07T09:07:29.731Z
2021,상반기,대학교,사립,대학,광주,기존,0000127,조선대학교,1,18122,0,18777,16997,1780,103.61,93.79,2026-08-07T09:07:29.731Z
2021,상반기,전문대학,사립,전문대학,광주,기존,0000365,조선이공대학교,1,3018,0,3071,2657,414,101.76,88.04,2026-08-07T09:07:29.731Z
2021,상반기,기능대학,사립,전문대학,광주,기존,0000489,한국폴리텍 V 대학,1,705,0,832,685,147,118.01,97.16,2026-08-07T09:07:29.731Z
2021,상반기,대학교,사립,대학,광주,기존,0000157,호남대학교,1,6248,0,6890,5963,927,110.28,95.44,2026-08-07T09:07:29.731Z
2021,상반기,대학교,사립,대학,광주,기존,0000158,호남신학대학교,1,568,0,490,487,3,86.27,85.74,2026-08-07T09:07:29.731Z
2021,상반기,대학교,국립,대학,대구,기존,0000003,경북대학교,1,19070,0,21556,19365,2191,113.04,101.55,2026-08-07T09:07:29.731Z
2021,상반기,대학교,사립,대학,대구,기존,0000048,계명대학교,1,18722,0,21302,18999,2303,113.78,101.48,2026-08-07T09:07:29.731Z
2021,상반기,전문대학,사립,전문대학,대구,기존,0000263,계명문화대학교,1,4740,0,4708,4064,644,99.32,85.74,2026-08-07T09:07:29.731Z
2021,상반기,대학교,특별법법인,대학,대구,기존,0000470,대구경북과학기술원,1,880,0,700,695,5,79.55,78.98,2026-08-07T09:07:29.731Z
2021,상반기,전문대학,사립,전문대학,대구,기존,0000280,대구공업대학교,1,1538,0,1639,1381,258,106.57,89.79,2026-08-07T09:07:29.731Z
2021,상반기,전문대학,사립,전문대학,대구,기존,0000283,대구과학대학교,1,3879,0,4006,3397,609,103.27,87.57,2026-08-07T09:07:29.731Z
2021,상반기,교육대학,국립,대학,대구,기존,0000197,대구교육대학교,1,1532,0,1572,1450,122,102.61,94.65,2026-08-07T09:07:29.731Z
2021,상반기,전문대학,사립,전문대학,대구,기존,0000281,대구보건대학교,1,6192,0,6672,5418,1254,107.75,87.5,2026-08-07T09:07:29.731Z
2021,상반기,전문대학,사립,전문대학,대구,기존,0000282,수성대학교,1,3235,0,3326,2833,493,102.81,87.57,2026-08-07T09:07:29.731Z
2021,상반기,전문대학,사립,전문대학,대구,기존,0000346,영남이공대학교,1,5016,0,5135,4121,1014,102.37,82.16,2026-08-07T09:07:29.731Z
2021,상반기,사이버대학(전문대학),사립,전문대학,대구,기존,0000406,영진사이버대학,1,2600,0,3844,2510,1334,147.85,96.54,2026-08-07T09:07:29.731Z
2021,상반기,전문대학,사립,전문대학,대구,기존,0000349,영진전문대학교,1,5780,0,7167,5210,1957,124,90.14,2026-08-07T09:07:29.731Z
2021,상반기,기능대학,사립,전문대학,대구,기존,0000549,한국폴리텍 특성화대학,1,150,0,172,167,5,114.67,111.33,2026-08-07T09:07:29.731Z
2021,상반기,기능대학,사립,전문대학,대구,기존,0000494,한국폴리텍 VI 대학,1,630,0,540,444,96,85.71,70.48,2026-08-07T09:07:29.731Z
2021,상반기,사이버대학(대학),사립,대학,대전,기존,0000425,건양사이버대학교,1,2975,0,3489,2839,650,117.28,95.43,2026-08-07T09:07:29.731Z
2021,상반기,전문대학,사립,전문대학,대전,기존,0000376,대덕대학교,1,3662,0,2837,2475,362,77.47,67.59,2026-08-07T09:07:29.731Z
2021,상반기,전문대학,사립,전문대학,대전,기존,0000512,대전과학기술대학교,1,4190,0,4101,3394,707,97.88,81,2026-08-07T09:07:29.731Z
2021,상반기,대학교,사립,대학,대전,기존,0000067,대전대학교,1,8447,0,8619,7915,704,102.04,93.7,2026-08-07T09:07:29.731Z
2021,상반기,전문대학,사립,전문대학,대전,기존,0000288,대전보건대학교,1,5363,0,5175,4458,717,96.49,83.13,2026-08-07T09:07:29.731Z
2021,상반기,대학교,사립,대학,대전,기존,0000182,대전신학대학교,1,184,0,75,74,1,40.76,40.22,2026-08-07T09:07:29.731Z
2021,상반기,대학교,사립,대학,대전,기존,0000080,목원대학교,1,7453,0,7267,6831,436,97.5,91.65,2026-08-07T09:07:29.731Z
2021,상반기,대학교,사립,대학,대전,기존,0000081,배재대학교,1,8220,0,8086,7610,476,98.37,92.58,2026-08-07T09:07:29.731Z
2021,상반기,대학교,사립,대학,대전,기존,0000184,우송대학교,1,8016,0,9408,7670,1738,117.37,95.68,2026-08-07T09:07:29.731Z
2021,상반기,산업대학,사립,대학,대전,폐교,0000222,우송대학교(산업대),1,0,0,0,0,0,0,0,2026-08-07T09:07:29.731Z
2021,상반기,전문대학,사립,전문대학,대전,기존,0000289,우송정보대학,1,4510,0,3833,3374,459,84.99,74.81,2026-08-07T09:07:29.731Z
2021,상반기,대학교,사립,대학,대전,기존,0000120,을지대학교,3,4226,0,4534,4157,377,107.29,98.37,2026-08-07T09:07:29.731Z
2021,상반기,대학교,국립,대학,대전,기존,0000020,충남대학교,1,14391,0,17516,15809,1707,121.71,109.85,2026-08-07T09:07:29.731Z
2021,상반기,대학교,사립,대학,대전,기존,0000551,침례신학대학교,1,1425,0,1058,1025,33,74.25,71.93,2026-08-07T09:07:29.731Z
2021,상반기,대학교,특별법법인,대학,대전,기존,0000468,한국과학기술원,1,3880,0,3619,3278,341,93.27,84.48,2026-08-07T09:07:29.731Z
2021,상반기,기능대학,사립,전문대학,대전,기존,0000484,한국폴리텍 IV 대학,1,790,0,767,682,85,97.09,86.33,2026-08-07T09:07:29.731Z
2021,상반기,대학교,사립,대학,대전,기존,0000145,한남대학교,1,10773,0,10858,9985,873,100.79,92.69,2026-08-07T09:07:29.731Z
2021,상반기,대학교,국립,대학,대전,기존,0000584,한밭대학교,1,7408,0,8526,7437,1089,115.09,100.39,2026-08-07T09:07:29.731Z
2021,상반기,전문대학,사립,전문대학,부산,기존,0000253,경남정보대학교,1,5532,0,6030,4554,1476,109,82.32,2026-08-07T09:07:29.731Z
2021,상반기,대학교,사립,대학,부산,기존,0000043,경성대학교,1,11225,0,12396,10789,1607,110.43,96.12,2026-08-07T09:07:29.731Z
2021,상반기,대학교,사립,대학,부산,기존,0000050,고신대학교,1,3696,0,3781,3588,193,102.3,97.08,2026-08-07T09:07:29.731Z
2021,상반기,전문대학,사립,전문대학,부산,기존,0000284,대동대학교,1,1494,0,1494,1226,268,100,82.06,2026-08-07T09:07:29.731Z
2021,상반기,대학교,사립,대학,부산,기존,0000180,동명대학교,1,7272,0,7637,6727,910,105.02,92.51,2026-08-07T09:07:29.731Z
2021,상반기,대학교,사립,대학,부산,기존,0000073,동서대학교,1,9596,0,9727,8818,909,101.37,91.89,2026-08-07T09:07:29.731Z
2021,상반기,대학교,사립,대학,부산,기존,0000075,동아대학교,1,16380,0,18281,16616,1665,111.61,101.44,2026-08-07T09:07:29.731Z
2021,상반기,전문대학,사립,전문대학,부산,기존,0000303,동의과학대학교,1,4775,0,4333,3390,943,90.74,70.99,2026-08-07T09:07:29.731Z
2021,상반기,대학교,사립,대학,부산,기존,0000077,동의대학교,1,14520,0,14913,13674,1239,102.71,94.17,2026-08-07T09:07:29.731Z
2021,상반기,전문대학,사립,전문대학,부산,기존,0000569,동주대학교,1,3083,0,2748,2381,367,89.13,77.23,2026-08-07T09:07:29.731Z
2021,상반기,대학교,국립,대학,부산,기존,0000578,부경대학교,1,13121,0,15647,13574,2073,119.25,103.45,2026-08-07T09:07:29.731Z
2021,상반기,대학교,사립,대학,부산,기존,0000082,부산가톨릭대학교,1,3664,0,3846,3452,394,104.97,94.21,2026-08-07T09:07:29.731Z
2021,상반기,전문대학,사립,전문대학,부산,기존,0000313,부산경상대학교,1,2855,295,2631,2258,373,102.77,88.2,2026-08-07T09:07:29.731Z
2021,상반기,전문대학,사립,전문대학,부산,기존,0000315,부산과학기술대학교,1,2984,0,3230,2465,765,108.24,82.61,2026-08-07T09:07:29.731Z
2021,상반기,교육대학,국립,대학,부산,기존,0000198,부산교육대학교,1,1424,0,1498,1386,112,105.2,97.33,2026-08-07T09:07:29.731Z
2021,상반기,대학교,국립,대학,부산,기존,0000011,부산대학교,1,17290,0,19880,17956,1924,114.98,103.85,2026-08-07T09:07:29.731Z
2021,상반기,사이버대학(대학),사립,대학,부산,기존,0000411,부산디지털대학교,1,2780,0,2403,2217,186,86.44,79.75,2026-08-07T09:07:29.731Z
2021,상반기,전문대학,사립,전문대학,부산,기존,0000314,부산여자대학교,1,2661,0,2434,2150,284,91.47,80.8,2026-08-07T09:07:29.731Z
2021,상반기,전문대학,사립,전문대학,부산,기존,0000388,부산예술대학교,1,902,0,682,637,45,75.61,70.62,2026-08-07T09:07:29.731Z
2021,상반기,대학교,사립,대학,부산,기존,0000083,부산외국어대학교,1,7289,0,7467,6652,815,102.44,91.26,2026-08-07T09:07:29.731Z
2021,상반기,전문대학,사립,전문대학,부산,폐교,0000326,성심외국어대학,1,0,0,0,0,0,0,0,2026-08-07T09:07:29.731Z
2021,상반기,대학교,사립,대학,부산,기존,0000106,신라대학교,1,8631,0,8341,7498,843,96.64,86.87,2026-08-07T09:07:29.731Z
2021,상반기,대학교,사립,대학,부산,기존,0000181,영산대학교,2,6000,0,6068,5329,739,101.13,88.82,2026-08-07T09:07:29.731Z
2021,상반기,기능대학,사립,전문대학,부산,기존,0000497,한국폴리텍 VII 대학,1,770,0,840,722,118,109.09,93.77,2026-08-07T09:07:29.731Z
2021,상반기,대학교,국립,대학,부산,기존,0000583,한국해양대학교,1,5692,0,6368,5738,630,111.88,100.81,2026-08-07T09:07:29.731Z
2021,상반기,사이버대학(대학),사립,대학,부산,기존,0000423,화신사이버대학교,1,1520,0,1583,1308,275,104.14,86.05,2026-08-07T09:07:29.731Z
2021,상반기,대학교,사립,대학,서울,기존,0000035,감리교신학대학교,1,800,0,740,707,33,92.5,88.38,2026-08-07T09:07:29.731Z
2021,상반기,대학교,사립,대학,서울,기존,0000565,강서대학교,1,1108,0,1629,1124,505,147.02,101.44,2026-08-07T09:07:29.731Z
2021,상반기,대학교,사립,대학,서울,기존,0000047,경희대학교,1,19683,0,26582,20492,6090,135.05,104.11,2026-08-07T09:07:29.731Z
2021,상반기,사이버대학(대학),사립,대학,서울,기존,0000408,경희사이버대학교,1,9100,0,10720,7715,3005,117.8,84.78,2026-08-07T09:07:29.731Z
2021,상반기,사이버대학(대학),사립,대학,서울,기존,0000418,고려사이버대학교,1,7770,0,10357,7620,2737,133.29,98.07,2026-08-07T09:07:29.731Z
2021,상반기,대학교,사립,대학,서울,기존,0000053,광운대학교,1,6767,0,8527,6815,1712,126.01,100.71,2026-08-07T09:07:29.731Z
2021,상반기,대학교,사립,대학,서울,기존,0000056,국민대학교,1,11510,0,15264,12063,3201,132.62,104.8,2026-08-07T09:07:29.731Z
2021,상반기,대학교,사립,대학,서울,기존,0000070,덕성여자대학교,1,4771,0,5608,5176,432,117.54,108.49,2026-08-07T09:07:29.731Z
2021,상반기,대학교,사립,대학,서울,기존,0000072,동덕여자대학교,1,6188,0,7130,6370,760,115.22,102.94,2026-08-07T09:07:29.731Z
2021,상반기,전문대학,사립,전문대학,서울,기존,0000300,동양미래대학교,1,4976,0,5927,4706,1221,119.11,94.57,2026-08-07T09:07:29.731Z
2021,상반기,사이버대학(대학),사립,대학,서울,기존,0000420,디지털서울문화예술대학교,1,3700,0,3375,2663,712,91.22,71.97,2026-08-07T09:07:29.731Z
2021,상반기,전문대학,사립,전문대학,서울,기존,0000307,명지전문대학,1,5752,0,6578,5276,1302,114.36,91.72,2026-08-07T09:07:29.731Z
2021,상반기,전문대학,사립,전문대학,서울,기존,0000310,배화여자대학교,1,2599,0,2726,2341,385,104.89,90.07,2026-08-07T09:07:29.731Z
2021,상반기,사이버대학(대학),사립,대학,서울,기존,0000422,사이버한국외국어대학교,1,4673,0,6915,5071,1844,147.98,108.52,2026-08-07T09:07:29.731Z
2021,상반기,대학교,사립,대학,서울,기존,0000084,삼육대학교,1,4644,0,5464,4832,632,117.66,104.05,2026-08-07T09:07:29.731Z
2021,상반기,전문대학,사립,전문대학,서울,기존,0000317,삼육보건대학교,1,1072,0,1348,1030,318,125.75,96.08,2026-08-07T09:07:29.731Z
2021,상반기,대학교,사립,대학,서울,기존,0000085,상명대학교,2,10567,0,12112,10155,1957,114.62,96.1,2026-08-07T09:07:29.731Z
2021,상반기,대학교,사립,대학,서울,기존,0000087,서강대학교,1,6296,0,8172,6294,1878,129.8,99.97,2026-08-07T09:07:29.731Z
2021,상반기,대학교,사립,대학,서울,기존,0000088,서경대학교,1,5076,0,6500,5183,1317,128.05,102.11,2026-08-07T09:07:29.731Z
2021,상반기,대학교,국립,대학,서울,기존,0000027,서울과학기술대학교,1,8381,0,10206,8821,1385,121.78,105.25,2026-08-07T09:07:29.731Z
2021,상반기,교육대학,국립,대학,서울,기존,0000199,서울교육대학교,1,1420,0,1556,1393,163,109.58,98.1,2026-08-07T09:07:29.731Z
2021,상반기,대학교,사립,대학,서울,기존,0000069,서울기독대학교,1,544,0,461,448,13,84.74,82.35,2026-08-07T09:07:29.731Z
2021,상반기,대학교,국립대법인,대학,서울,기존,0000012,서울대학교,1,13142,0,16045,14508,1537,122.09,110.39,2026-08-07T09:07:29.731Z
2021,상반기,사이버대학(대학),사립,대학,서울,기존,0000412,서울디지털대학교,1,10230,1200,10952,6847,4105,121.28,75.83,2026-08-07T09:07:29.731Z
2021,상반기,사이버대학(대학),사립,대학,서울,기존,0000413,서울사이버대학교,1,10310,0,15372,9477,5895,149.1,91.92,2026-08-07T09:07:29.731Z
2021,상반기,대학교,공립,대학,서울,기존,0000030,서울시립대학교,1,6866,0,9023,8085,938,131.42,117.75,2026-08-07T09:07:29.731Z
2021,상반기,전문대학,사립,전문대학,서울,기존,0000321,서울여자간호대학교,1,672,0,918,625,293,136.61,93.01,2026-08-07T09:07:29.731Z
2021,상반기,대학교,사립,대학,서울,기존,0000091,서울여자대학교,1,6408,0,7130,6506,624,111.27,101.53,2026-08-07T09:07:29.731Z
2021,상반기,전문대학,사립,전문대학,서울,기존,0000324,서일대학교,1,5438,0,5678,4818,860,104.41,88.6,2026-08-07T09:07:29.731Z
2021,상반기,대학교,사립,대학,서울,기존,0000096,성공회대학교,1,2008,0,2056,1945,111,102.39,96.86,2026-08-07T09:07:29.731Z
2021,상반기,대학교,사립,대학,서울,기존,0000097,성균관대학교,1,13581,0,18882,14002,4880,139.03,103.1,2026-08-07T09:07:29.731Z
2021,상반기,대학교,사립,대학,서울,기존,0000098,성신여자대학교,1,8452,0,9261,8500,761,109.57,100.57,2026-08-07T09:07:29.731Z
2021,상반기,대학교,사립,대학,서울,기존,0000100,세종대학교,1,9419,0,11854,9743,2111,125.85,103.44,2026-08-07T09:07:29.731Z
2021,상반기,사이버대학(대학),사립,대학,서울,기존,0000415,세종사이버대학교,1,6700,0,10087,7385,2702,150.55,110.22,2026-08-07T09:07:29.731Z
2021,상반기,대학교,사립,대학,서울,기존,0000103,숙명여자대학교,1,8760,0,10172,8879,1293,116.12,101.36,2026-08-07T09:07:29.731Z
2021,상반기,대학교,사립,대학,서울,기존,0000105,숭실대학교,1,10755,0,13792,10683,3109,128.24,99.33,2026-08-07T09:07:29.731Z
2021,상반기,사이버대학(대학),사립,대학,서울,기존,0000419,숭실사이버대학교,1,4900,0,6988,4990,1998,142.61,101.84,2026-08-07T09:07:29.731Z
2021,상반기,전문대학,사립,전문대학,서울,기존,0000333,숭의여자대학교,1,3248,0,3273,3005,268,100.77,92.52,2026-08-07T09:07:29.731Z
2021,상반기,대학교,사립,대학,서울,기존,0000121,이화여자대학교,1,12755,0,15928,13687,2241,124.88,107.31,2026-08-07T09:07:29.731Z
2021,상반기,전문대학,사립,전문대학,서울,기존,0000356,인덕대학교,1,5644,0,5955,5114,841,105.51,90.61,2026-08-07T09:07:29.731Z
2021,상반기,대학교,사립,대학,서울,기존,0000125,장로회신학대학교,1,600,0,632,592,40,105.33,98.67,2026-08-07T09:07:29.731Z
2021,상반기,기술대학,사립,대학,서울,기존,0000228,정석대학,1,200,0,60,60,0,30,30,2026-08-07T09:07:29.731Z
2021,상반기,대학교,사립,대학,서울,기존,0000129,중앙대학교,2,18044,0,23938,18816,5122,132.66,104.28,2026-08-07T09:07:29.731Z
2021,상반기,대학교,사립,대학,서울,기존,0000133,총신대학교,1,1361,0,1610,1435,175,118.3,105.44,2026-08-07T09:07:29.731Z
2021,상반기,대학교,사립,대학,서울,기존,0000134,추계예술대학교,1,1057,0,1114,1057,57,105.39,100,2026-08-07T09:07:29.731Z
2021,상반기,방송통신대학,국립,대학,서울,기존,0000215,한국방송통신대학교,1,217000,0,104613,94527,10086,48.21,43.56,2026-08-07T09:07:29.731Z
2021,상반기,대학교,사립,대학,서울,기존,0000142,한국성서대학교,1,892,0,1058,967,91,118.61,108.41,2026-08-07T09:07:29.731Z
2021,상반기,사이버대학(대학),사립,대학,서울,기존,0000416,한국열린사이버대학교,1,3200,0,6026,3098,2928,188.31,96.81,2026-08-07T09:07:29.731Z
2021,상반기,각종학교(대학),특별법국립,대학,서울,기존,0000471,한국예술종합학교,1,2252,0,2647,2514,133,117.54,111.63,2026-08-07T09:07:29.731Z
2021,상반기,대학교,사립,대학,서울,기존,0000143,한국외국어대학교,1,13508,0,17522,14507,3015,129.72,107.4,2026-08-07T09:07:29.731Z
2021,상반기,대학교,국립,대학,서울,기존,0000023,한국체육대학교,1,2170,0,2447,2317,130,112.76,106.77,2026-08-07T09:07:29.731Z
2021,상반기,기능대학,사립,전문대학,서울,기존,0000478,한국폴리텍 I 대학,1,520,0,501,422,79,96.35,81.15,2026-08-07T09:07:29.731Z
2021,상반기,기능대학,사립,전문대학,서울,기존,0000477,한국폴리텍 I 대학,1,1070,0,1395,1069,326,130.37,99.91,2026-08-07T09:07:29.731Z
2021,상반기,대학교,사립,대학,서울,기존,0000150,한성대학교,1,5832,0,6610,5727,883,113.34,98.2,2026-08-07T09:07:29.731Z
2021,상반기,사이버대학(대학),사립,대학,서울,기존,0000421,한양사이버대학교,1,10575,0,16603,11232,5371,157,106.21,2026-08-07T09:07:29.731Z
2021,상반기,전문대학,사립,전문대학,서울,기존,0000384,한양여자대학교,1,6218,0,6627,5724,903,106.58,92.06,2026-08-07T09:07:29.731Z
2021,상반기,대학교,사립,대학,서울,기존,0000539,한영신학대학교,1,720,0,685,630,55,95.14,87.5,2026-08-07T09:07:29.731Z
2021,상반기,대학교,사립,대학,서울,기존,0000160,홍익대학교,2,14764,0,17792,14835,2957,120.51,100.48,2026-08-07T09:07:29.731Z
2021,상반기,대학교,사립,대학,세종,기존,0000049,고려대학교,2,21046,0,26646,21873,4773,126.61,103.93,2026-08-07T09:07:29.731Z
2021,상반기,대학교,사립,대학,세종,기존,0000066,대전가톨릭대학교,1,160,0,33,32,1,20.63,20,2026-08-07T09:07:29.731Z
2021,상반기,전문대학,사립,전문대학,세종,기존,0000353,한국영상대학교,1,3090,0,3071,2650,421,99.39,85.76,2026-08-07T09:07:29.731Z
2021,상반기,대학교,특별법법인,대학,울산,기존,0000527,울산과학기술원,1,1480,0,1933,1652,281,130.61,111.62,2026-08-07T09:07:29.731Z
2021,상반기,전문대학,사립,전문대학,울산,기존,0000352,울산과학대학교,1,4559,0,5499,4390,1109,120.62,96.29,2026-08-07T09:07:29.731Z
2021,상반기,대학교,사립,대학,울산,기존,0000117,울산대학교,1,11098,0,11888,10833,1055,107.12,97.61,2026-08-07T09:07:29.731Z
2021,상반기,전문대학,사립,전문대학,울산,기존,0000375,춘해보건대학교,1,2163,0,2713,2038,675,125.43,94.22,2026-08-07T09:07:29.731Z
2021,상반기,기능대학,사립,전문대학,울산,기존,0000498,한국폴리텍 VII 대학,1,650,0,696,611,85,107.08,94,2026-08-07T09:07:29.731Z
2021,상반기,교육대학,국립,대학,인천,기존,0000200,경인교육대학교,2,2392,0,2630,2359,271,109.95,98.62,2026-08-07T09:07:29.731Z
2021,상반기,전문대학,사립,전문대학,인천,기존,0000261,경인여자대학교,1,4003,0,4585,3647,938,114.54,91.11,2026-08-07T09:07:29.731Z
2021,상반기,대학교,사립,대학,인천,기존,0000123,인천가톨릭대학교,2,664,0,728,677,51,109.64,101.96,2026-08-07T09:07:29.731Z
2021,상반기,대학교,국립대법인,대학,인천,기존,0000031,인천대학교,1,9968,0,11490,10266,1224,115.27,102.99,2026-08-07T09:07:29.731Z
2021,상반기,전문대학,사립,전문대학,인천,기존,0000587,인천재능대학교,1,3321,0,3674,3005,669,110.63,90.48,2026-08-07T09:07:29.731Z
2021,상반기,전문대학,사립,전문대학,인천,기존,0000357,인하공업전문대학,1,5716,0,6703,5418,1285,117.27,94.79,2026-08-07T09:07:29.731Z
2021,상반기,대학교,사립,대학,인천,기존,0000124,인하대학교,1,13898,0,17582,14499,3083,126.51,104.32,2026-08-07T09:07:29.731Z
2021,상반기,기능대학,사립,전문대학,인천,기존,0000481,한국폴리텍 II 대학,1,50,0,42,34,8,84,68,2026-08-07T09:07:29.731Z
2021,상반기,기능대학,사립,전문대학,인천,기존,0000480,한국폴리텍 II 대학,1,1690,0,1915,1394,521,113.31,82.49,2026-08-07T09:07:29.731Z
2021,상반기,전문대학,사립,전문대학,전남,기존,0000585,고구려대학교,1,1867,0,1535,1462,73,82.22,78.31,2026-08-07T09:07:29.731Z
2021,상반기,전문대학,사립,전문대학,전남,기존,0000266,광양보건대학교,1,1594,193,371,331,40,26.48,23.63,2026-08-07T09:07:29.731Z
2021,상반기,대학교,사립,대학,전남,기존,0000054,광주가톨릭대학교,1,160,0,79,79,0,49.38,49.38,2026-08-07T09:07:29.731Z
2021,상반기,대학교,사립,대학,전남,기존,0000074,동신대학교,1,6272,0,6138,5560,578,97.86,88.65,2026-08-07T09:07:29.731Z
2021,상반기,전문대학,사립,전문대학,전남,기존,0000532,동아보건대학교,1,1522,0,1484,1271,213,97.5,83.51,2026-08-07T09:07:29.731Z
2021,상반기,대학교,사립,대학,전남,기존,0000166,목포가톨릭대학교,1,480,0,499,476,23,103.96,99.17,2026-08-07T09:07:29.731Z
2021,상반기,전문대학,사립,전문대학,전남,기존,0000308,목포과학대학교,1,2329,0,2310,2047,263,99.18,87.89,2026-08-07T09:07:29.731Z
2021,상반기,대학교,국립,대학,전남,기존,0000576,목포대학교,1,6452,0,6583,5936,647,102.03,92,2026-08-07T09:07:29.731Z
2021,상반기,대학교,국립,대학,전남,기존,0000577,목포해양대학교,1,2764,0,2565,2448,117,92.8,88.57,2026-08-07T09:07:29.731Z
2021,상반기,대학교,사립,대학,전남,기존,0000064,세한대학교,1,3610,0,3581,3394,187,99.2,94.02,2026-08-07T09:07:29.731Z
2021,상반기,대학교,국립,대학,전남,기존,0000579,순천대학교,1,6539,0,6686,6067,619,102.25,92.78,2026-08-07T09:07:29.731Z
2021,상반기,전문대학,사립,전문대학,전남,기존,0000331,순천제일대학교,1,2455,0,2534,2137,397,103.22,87.05,2026-08-07T09:07:29.731Z
2021,상반기,대학교,사립,대학,전남,기존,0000114,영산선학대학교,1,200,0,34,32,2,17,16,2026-08-07T09:07:29.731Z
2021,상반기,전문대학,사립,전문대학,전남,기존,0000360,전남과학대학교,1,3100,0,3662,2591,1071,118.13,83.58,2026-08-07T09:07:29.731Z
2021,상반기,전문대학,공립,전문대학,전남,기존,0000389,전남도립대학교,1,1515,0,1207,1168,39,79.67,77.1,2026-08-07T09:07:29.731Z
2021,상반기,전문대학,사립,전문대학,전남,기존,0000332,청암대학교,1,2777,0,2441,2113,328,87.9,76.09,2026-08-07T09:07:29.731Z
2021,상반기,대학교,사립,대학,전남,기존,0000190,초당대학교,1,3008,0,3222,2936,286,107.11,97.61,2026-08-07T09:07:29.731Z
2021,상반기,기능대학,사립,전문대학,전남,기존,0000543,한국폴리텍 V 대학,1,0,0,21,0,21,0,0,2026-08-07T09:07:29.731Z
2021,상반기,기능대학,사립,전문대학,전남,기존,0000554,한국폴리텍 V 대학,1,200,0,200,171,29,100,85.5,2026-08-07T09:07:29.731Z
2021,상반기,대학교,사립,대학,전남,기존,0000186,한려대학교,1,1032,0,353,325,28,34.21,31.49,2026-08-07T09:07:29.731Z
2021,상반기,전문대학,사립,전문대학,전남,기존,0000546,한영대학,1,1250,0,1392,1170,222,111.36,93.6,2026-08-07T09:07:29.731Z
2021,상반기,전문대학,사립,전문대학,전북,기존,0000250,군산간호대학교,1,884,0,1156,842,314,130.77,95.25,2026-08-07T09:07:29.731Z
2021,상반기,대학교,국립,대학,전북,기존,0000574,군산대학교,1,6940,0,6999,6416,583,100.85,92.45,2026-08-07T09:07:29.731Z
2021,상반기,전문대학,사립,전문대학,전북,기존,0000270,군장대학교,1,1569,0,1880,1380,500,119.82,87.95,2026-08-07T09:07:29.731Z
2021,상반기,전문대학,사립,전문대학,전북,기존,0000311,백제예술대학교,1,1320,0,1071,1008,63,81.14,76.36,2026-08-07T09:07:29.731Z
2021,상반기,대학교,사립,대학,전북,기존,0000173,예수대학교,1,506,0,544,510,34,107.51,100.79,2026-08-07T09:07:29.731Z
2021,상반기,대학교,사립,대학,전북,기존,0000164,예원예술대학교,2,1193,0,1471,946,525,123.3,79.3,2026-08-07T09:07:29.731Z
2021,상반기,대학교,사립,대학,전북,기존,0000116,우석대학교,1,7080,0,7276,6409,867,102.77,90.52,2026-08-07T09:07:29.731Z
2021,상반기,대학교,사립,대학,전북,기존,0000118,원광대학교,1,14796,0,14889,13909,980,100.63,94.01,2026-08-07T09:07:29.731Z
2021,상반기,사이버대학(대학),사립,대학,전북,기존,0000417,원광디지털대학교,1,4770,0,5355,4317,1038,112.26,90.5,2026-08-07T09:07:29.731Z
2021,상반기,전문대학,사립,전문대학,전북,기존,0000354,원광보건대학교,1,3997,0,4479,3576,903,112.06,89.47,2026-08-07T09:07:29.731Z
2021,상반기,전문대학,사립,전문대학,전북,기존,0000362,전북과학대학교,1,1447,0,1738,1355,383,120.11,93.64,2026-08-07T09:07:29.731Z
2021,상반기,대학교,국립,대학,전북,기존,0000017,전북대학교,1,15670,0,18153,16126,2027,115.85,102.91,2026-08-07T09:07:29.731Z
2021,상반기,교육대학,국립,대학,전북,기존,0000201,전주교육대학교,1,1140,0,1174,1112,62,102.98,97.54,2026-08-07T09:07:29.731Z
2021,상반기,전문대학,사립,전문대학,전북,기존,0000274,전주기전대학,1,2068,0,1590,1471,119,76.89,71.13,2026-08-07T09:07:29.731Z
2021,상반기,대학교,사립,대학,전북,기존,0000126,전주대학교,1,10138,0,11339,9798,1541,111.85,96.65,2026-08-07T09:07:29.731Z
2021,상반기,전문대학,사립,전문대학,전북,기존,0000361,전주비전대학교,1,2592,0,3611,2527,1084,139.31,97.49,2026-08-07T09:07:29.731Z
2021,상반기,전문대학,특별법국립,전문대학,전북,기존,0000473,한국농수산대학,1,1670,0,1636,1524,112,97.96,91.26,2026-08-07T09:07:29.731Z
2021,상반기,기능대학,사립,전문대학,전북,기존,0000493,한국폴리텍 V 대학,1,100,0,118,77,41,118,77,2026-08-07T09:07:29.731Z
2021,상반기,기능대학,사립,전문대학,전북,기존,0000553,한국폴리텍 V 대학,1,480,0,417,366,51,86.88,76.25,2026-08-07T09:07:29.731Z
2021,상반기,대학교,사립,대학,전북,기존,0000155,한일장신대학교,1,876,0,856,756,100,97.72,86.3,2026-08-07T09:07:29.731Z
2021,상반기,산업대학,사립,대학,전북,기존,0000223,호원대학교,1,4504,0,5273,3926,1347,117.07,87.17,2026-08-07T09:07:29.731Z
2021,상반기,전문대학,사립,전문대학,제주,기존,0000363,제주관광대학교,1,2350,0,1911,1764,147,81.32,75.06,2026-08-07T09:07:29.731Z
2021,상반기,대학교,사립,대학,제주,기존,0000192,제주국제대학교,1,2079,0,747,726,21,35.93,34.92,2026-08-07T09:07:29.731Z
2021,상반기,대학교,국립,대학,제주,기존,0000018,제주대학교,1,8520,0,9694,8718,976,113.78,102.32,2026-08-07T09:07:29.731Z
2021,상반기,전문대학,사립,전문대학,제주,기존,0000382,제주한라대학교,1,4646,0,5664,3838,1826,121.91,82.61,2026-08-07T09:07:29.731Z
2021,상반기,기능대학,사립,전문대학,제주,기존,0000535,한국폴리텍 I 대학,1,50,0,48,42,6,96,84,2026-08-07T09:07:29.731Z
2021,상반기,대학교,사립,대학,충남,기존,0000038,건양대학교,2,6800,0,6754,6274,480,99.32,92.26,2026-08-07T09:07:29.731Z
2021,상반기,교육대학,국립,대학,충남,기존,0000195,공주교육대학교,1,1416,0,1456,1351,105,102.82,95.41,2026-08-07T09:07:29.731Z
2021,상반기,대학교,국립,대학,충남,기존,0000573,공주대학교,1,10977,0,12391,10603,1788,112.88,96.59,2026-08-07T09:07:29.731Z
2021,상반기,사이버대학(대학),사립,대학,충남,기존,0000424,글로벌사이버대학교,1,3425,0,2294,2262,32,66.98,66.04,2026-08-07T09:07:29.731Z
2021,상반기,대학교,사립,대학,충남,기존,0000169,금강대학교,1,475,0,266,260,6,56,54.74,2026-08-07T09:07:29.731Z
2021,상반기,대학교,사립,대학,충남,기존,0000059,나사렛대학교,1,4844,60,4821,4239,582,100.77,88.61,2026-08-07T09:07:29.731Z
2021,상반기,대학교,사립,대학,충남,기존,0000189,남서울대학교,1,8798,0,9332,8263,1069,106.07,93.92,2026-08-07T09:07:29.731Z
2021,상반기,대학교,사립,대학,충남,기존,0000131,백석대학교,1,11460,0,11882,10829,1053,103.68,94.49,2026-08-07T09:07:29.731Z
2021,상반기,전문대학,사립,전문대학,충남,기존,0000373,백석문화대학교,1,5387,0,4865,4246,619,90.31,78.82,2026-08-07T09:07:29.731Z
2021,상반기,대학교,사립,대학,충남,기존,0000094,선문대학교,1,8242,0,9257,7669,1588,112.31,93.05,2026-08-07T09:07:29.731Z
2021,상반기,대학교,사립,대학,충남,기존,0000104,순천향대학교,1,9634,0,10610,9169,1441,110.13,95.17,2026-08-07T09:07:29.731Z
2021,상반기,전문대학,사립,전문대학,충남,기존,0000335,신성대학교,1,3492,152,3243,2689,554,97.1,80.51,2026-08-07T09:07:29.731Z
2021,상반기,전문대학,사립,전문대학,충남,기존,000568,아주자동차대학,1,988,0,858,819,39,86.84,82.89,2026-08-07T09:07:29.731Z
2021,상반기,전문대학,사립,전문대학,충남,기존,0000529,연암대학교,1,966,0,1038,884,154,107.45,91.51,2026-08-07T09:07:29.731Z
2021,상반기,대학교,사립,대학,충남,기존,0000128,중부대학교,1,7780,0,7854,6926,928,100.95,89.02,2026-08-07T09:07:29.731Z
2021,상반기,산업대학,사립,대학,충남,기존,0000225,청운대학교,1,5034,0,5803,4404,1399,115.28,87.49,2026-08-07T09:07:29.731Z
2021,상반기,전문대학,공립,전문대학,충남,기존,0000519,충남도립대학교,1,1092,0,1025,941,84,93.86,86.17,2026-08-07T09:07:29.731Z
2021,상반기,대학교,사립,대학,충남,기존,0000141,한국기술교육대학교,1,3344,0,4113,3519,594,123,105.23,2026-08-07T09:07:29.731Z
2021,상반기,대학교,특별법국립,대학,충남,기존,0000472,한국전통문화대학교,1,560,0,613,599,14,109.46,106.96,2026-08-07T09:07:29.731Z
2021,상반기,기능대학,사립,전문대학,충남,기존,0000500,한국폴리텍 특성화대학,1,360,0,404,344,60,112.22,95.56,2026-08-07T09:07:29.731Z
2021,상반기,기능대학,사립,전문대학,충남,기존,0000487,한국폴리텍 IV 대학,1,450,0,493,415,78,109.56,92.22,2026-08-07T09:07:29.731Z
2021,상반기,기능대학,사립,전문대학,충남,기존,0000588,한국폴리텍 IV 대학,1,240,0,187,179,8,77.92,74.58,2026-08-07T09:07:29.731Z
2021,상반기,대학교,사립,대학,충남,기존,0000149,한서대학교,1,6316,0,6809,6074,735,107.81,96.17,2026-08-07T09:07:29.731Z
2021,상반기,전문대학,사립,전문대학,충남,기존,0000386,혜전대학교,1,2728,0,2451,2037,414,89.85,74.67,2026-08-07T09:07:29.731Z
2021,상반기,대학교,사립,대학,충남,기존,0000159,호서대학교,1,11562,0,12108,11006,1102,104.72,95.19,2026-08-07T09:07:29.731Z
2021,상반기,전문대학,사립,전문대학,충북,기존,0000271,강동대학교,1,3800,14,3053,2651,402,80.64,70.02,2026-08-07T09:07:29.731Z
2021,상반기,대학교,사립,대학,충북,기존,0000037,건국대학교,2,18334,0,22765,19151,3614,124.17,104.46,2026-08-07T09:07:29.731Z
2021,상반기,대학교,사립,대학,충북,기존,0000058,극동대학교,1,3646,0,3209,2987,222,88.01,81.93,2026-08-07T09:07:29.731Z
2021,상반기,대학교,사립,대학,충북,기존,0000557,꽃동네대학교,1,432,0,428,404,24,99.07,93.52,2026-08-07T09:07:29.731Z
2021,상반기,전문대학,사립,전문대학,충북,기존,0000286,대원대학교,1,2518,0,2219,1963,256,88.13,77.96,2026-08-07T09:07:29.731Z
2021,상반기,대학교,사립,대학,충북,기존,0000093,서원대학교,1,6488,0,6771,6240,531,104.36,96.18,2026-08-07T09:07:29.731Z
2021,상반기,대학교,사립,대학,충북,기존,0000099,세명대학교,1,7640,0,7273,6708,565,95.2,87.8,2026-08-07T09:07:29.731Z
2021,상반기,각종학교(대학),사립,대학,충북,기존,0000404,순복음총회신학교,1,308,0,171,170,1,55.52,55.19,2026-08-07T09:07:29.731Z
2021,상반기,대학교,사립,대학,충북,기존,0000113,유원대학교,1,3690,0,3296,3059,237,89.32,82.9,2026-08-07T09:07:29.731Z
2021,상반기,대학교,사립,대학,충북,기존,0000183,중원대학교,1,3775,0,3935,3675,260,104.24,97.35,2026-08-07T09:07:29.731Z
2021,상반기,교육대학,국립,대학,충북,기존,0000204,청주교육대학교,1,1144,0,1190,1101,89,104.02,96.24,2026-08-07T09:07:29.731Z
2021,상반기,대학교,사립,대학,충북,기존,0000132,청주대학교,1,10567,0,10776,9928,848,101.98,93.95,2026-08-07T09:07:29.731Z
2021,상반기,대학교,국립,대학,충북,기존,0000021,충북대학교,1,11390,0,13045,11455,1590,114.53,100.57,2026-08-07T09:07:29.731Z
2021,상반기,전문대학,공립,전문대학,충북,기존,0000544,충북도립대학,1,870,0,724,717,7,83.22,82.41,2026-08-07T09:07:29.731Z
2021,상반기,전문대학,사립,전문대학,충북,기존,0000367,충북보건과학대학교,1,2594,0,2557,2170,387,98.57,83.65,2026-08-07T09:07:29.731Z
2021,상반기,전문대학,사립,전문대학,충북,기존,0000377,충청대학교,1,3777,0,3484,2882,602,92.24,76.3,2026-08-07T09:07:29.731Z
2021,상반기,대학교,국립,대학,충북,기존,0000022,한국교원대학교,1,2184,0,2386,2225,161,109.25,101.88,2026-08-07T09:07:29.731Z
2021,상반기,대학교,국립,대학,충북,기존,0000582,한국교통대학교,1,7671,0,8141,7411,730,106.13,96.61,2026-08-07T09:07:29.731Z
2021,상반기,기능대학,사립,전문대학,충북,기존,0000485,한국폴리텍 IV 대학,1,650,0,730,610,120,112.31,93.85,2026-08-07T09:07:29.731Z
2021,하반기,대학교,사립,대학,강원,기존,0000513,가톨릭관동대학교,1,8420,0,6812,6281,531,80.9,74.6,2026-08-07T09:07:29.731Z
2021,하반기,전문대학,사립,전문대학,강원,기존,0000347,강릉영동대학교,1,2628,0,2396,1950,446,91.17,74.2,2026-08-07T09:07:29.731Z
2021,하반기,대학교,국립,대학,강원,기존,0000572,강릉원주대학교,2,7412,0,6845,6288,557,92.35,84.84,2026-08-07T09:07:29.731Z
2021,하반기,전문대학,사립,전문대학,강원,폐교,0000378,강원관광대학교,1,711,0,580,474,106,81.58,66.67,2026-08-07T09:07:29.731Z
2021,하반기,대학교,국립,대학,강원,기존,0000002,강원대학교,2,18280,0,17534,16175,1359,95.92,88.48,2026-08-07T09:07:29.731Z
2021,하반기,전문대학,공립,전문대학,강원,기존,0000531,강원도립대학교,1,659,0,491,486,5,74.51,73.75,2026-08-07T09:07:29.731Z
2021,하반기,대학교,사립,대학,강원,기존,0000041,경동대학교,3,6999,0,7113,6112,1001,101.63,87.33,2026-08-07T09:07:29.731Z
2021,하반기,대학교,사립,대학,강원,기존,0000086,상지대학교,1,8044,0,6081,5655,426,75.6,70.3,2026-08-07T09:07:29.731Z
2021,하반기,전문대학,사립,전문대학,강원,폐교,0000319,상지영서대학교,1,160,0,161,155,6,100.63,96.88,2026-08-07T09:07:29.731Z
2021,하반기,전문대학,사립,전문대학,강원,기존,0000348,세경대학교,1,956,0,914,783,131,95.61,81.9,2026-08-07T09:07:29.731Z
2021,하반기,전문대학,사립,전문대학,강원,기존,0000393,송곡대학교,1,575,0,614,424,190,106.78,73.74,2026-08-07T09:07:29.731Z
2021,하반기,전문대학,사립,전문대학,강원,기존,0000390,송호대학교,1,892,1,870,684,186,97.64,76.77,2026-08-07T09:07:29.731Z
2021,하반기,대학교,사립,대학,강원,기존,0000110,연세대학교,2,20069,38,23910,18456,5454,119.36,92.14,2026-08-07T09:07:29.731Z
2021,하반기,교육대학,국립,대학,강원,기존,0000205,춘천교육대학교,1,1284,0,1295,1214,81,100.86,94.55,2026-08-07T09:07:29.731Z
2021,하반기,전문대학,사립,전문대학,강원,기존,0000542,한국골프대학,1,480,0,365,330,35,76.04,68.75,2026-08-07T09:07:29.731Z
2021,하반기,기능대학,사립,전문대학,강원,기존,0000483,한국폴리텍 III 대학,1,120,0,124,104,20,103.33,86.67,2026-08-07T09:07:29.731Z
2021,하반기,기능대학,사립,전문대학,강원,기존,0000517,한국폴리텍 III 대학,1,100,0,79,71,8,79,71,2026-08-07T09:07:29.731Z
2021,하반기,기능대학,사립,전문대학,강원,기존,0000482,한국폴리텍 III 대학,1,250,0,250,206,44,100,82.4,2026-08-07T09:07:29.731Z
2021,하반기,대학교,사립,대학,강원,기존,0000147,한라대학교,1,3561,0,2940,2744,196,82.56,77.06,2026-08-07T09:07:29.731Z
2021,하반기,대학교,사립,대학,강원,기존,0000148,한림대학교,1,7056,0,7292,6605,687,103.34,93.61,2026-08-07T09:07:29.731Z
2021,하반기,전문대학,사립,전문대학,강원,기존,0000383,한림성심대학교,1,2613,0,2671,2083,588,102.22,79.72,2026-08-07T09:07:29.731Z
2021,하반기,대학교,사립,대학,경기,기존,0000044,가천대학교,1,15438,0,18246,15000,3246,118.19,97.16,2026-08-07T09:07:29.731Z
2021,하반기,대학교,사립,대학,경기,기존,0000034,가톨릭대학교,3,7166,0,7356,6487,869,102.65,90.52,2026-08-07T09:07:29.731Z
2021,하반기,대학교,사립,대학,경기,기존,0000036,강남대학교,1,5964,0,5882,5409,473,98.63,90.69,2026-08-07T09:07:29.731Z
2021,하반기,전문대학,사립,전문대학,경기,기존,0000387,경기과학기술대학교,1,3456,0,4118,2661,1457,119.16,77,2026-08-07T09:07:29.731Z
2021,하반기,대학교,사립,대학,경기,기존,0000039,경기대학교,2,11757,0,12987,10823,2164,110.46,92.06,2026-08-07T09:07:29.731Z
2021,하반기,전문대학,사립,전문대학,경기,기존,0000255,경민대학교,1,3665,0,3655,2849,806,99.73,77.74,2026-08-07T09:07:29.731Z
2021,하반기,전문대학,사립,전문대학,경기,기존,0000259,경복대학교,1,5109,0,5998,4684,1314,117.4,91.68,2026-08-07T09:07:29.731Z
2021,하반기,전문대학,사립,전문대학,경기,기존,0000264,계원예술대학교,1,2499,0,2680,2298,382,107.24,91.96,2026-08-07T09:07:29.731Z
2021,하반기,전문대학,사립,전문대학,경기,기존,0000379,국제대학교,1,3863,0,2945,2728,217,76.24,70.62,2026-08-07T09:07:29.731Z
2021,하반기,사이버대학(대학),사립,대학,경기,기존,0000409,국제사이버대학교,1,2880,0,2860,2237,623,99.31,77.67,2026-08-07T09:07:29.731Z
2021,하반기,전문대학,사립,전문대학,경기,기존,0000277,김포대학교,1,2902,0,2380,1772,608,82.01,61.06,2026-08-07T09:07:29.731Z
2021,하반기,전문대학,사립,전문대학,경기,기존,0000278,농협대학교,1,176,0,430,185,245,244.32,105.11,2026-08-07T09:07:29.731Z
2021,하반기,대학교,사립,대학,경기,기존,0000060,단국대학교,2,18850,0,20706,18044,2662,109.85,95.72,2026-08-07T09:07:29.731Z
2021,하반기,전문대학,사립,전문대학,경기,기존,0000285,대림대학교,1,6081,0,6733,5231,1502,110.72,86.02,2026-08-07T09:07:29.731Z
2021,하반기,대학교,사립,대학,경기,기존,0000068,대진대학교,1,7172,0,6811,6174,637,94.97,86.08,2026-08-07T09:07:29.731Z
2021,하반기,전문대학,사립,전문대학,경기,기존,0000294,동남보건대학교,1,4128,0,4518,3700,818,109.45,89.63,2026-08-07T09:07:29.731Z
2021,하반기,전문대학,사립,전문대학,경기,기존,0000287,동서울대학교,1,5481,0,5327,4658,669,97.19,84.98,2026-08-07T09:07:29.731Z
2021,하반기,전문대학,사립,전문대학,경기,기존,0000298,동아방송예술대학교,1,2469,0,2785,2132,653,112.8,86.35,2026-08-07T09:07:29.731Z
2021,하반기,전문대학,사립,전문대학,경기,기존,0000302,동원대학교,1,3256,0,2659,2309,350,81.66,70.92,2026-08-07T09:07:29.731Z
2021,하반기,전문대학,사립,전문대학,경기,기존,0000305,두원공과대학교,1,4532,0,3110,2846,264,68.62,62.8,2026-08-07T09:07:29.731Z
2021,하반기,대학교,사립,대학,경기,기존,0000078,루터대학교,1,340,0,310,304,6,91.18,89.41,2026-08-07T09:07:29.731Z
2021,하반기,대학교,사립,대학,경기,기존,0000079,명지대학교,2,10734,0,12856,9718,3138,119.77,90.53,2026-08-07T09:07:29.731Z
2021,하반기,전문대학,사립,전문대학,경기,기존,0000316,부천대학교,1,5286,0,7096,4737,2359,134.24,89.61,2026-08-07T09:07:29.731Z
2021,하반기,대학교,사립,대학,경기,기존,0000090,서울신학대학교,1,1963,0,1973,1816,157,100.51,92.51,2026-08-07T09:07:29.731Z
2021,하반기,전문대학,사립,전문대학,경기,기존,0000323,서울예술대학교,1,1841,0,3026,1773,1253,164.37,96.31,2026-08-07T09:07:29.731Z
2021,하반기,대학교,사립,대학,경기,기존,0000092,서울장신대학교,1,452,0,372,352,20,82.3,77.88,2026-08-07T09:07:29.731Z
2021,하반기,전문대학,사립,전문대학,경기,기존,0000392,서정대학교,1,3170,0,6108,2695,3413,192.68,85.02,2026-08-07T09:07:29.731Z
2021,하반기,대학교,사립,대학,경기,기존,0000095,성결대학교,1,4912,0,4968,4601,367,101.14,93.67,2026-08-07T09:07:29.731Z
2021,하반기,대학교,사립,대학,경기,기존,0000101,수원가톨릭대학교,1,360,0,121,117,4,33.61,32.5,2026-08-07T09:07:29.731Z
2021,하반기,전문대학,사립,전문대학,경기,기존,0000330,수원과학대학교,1,5313,0,4369,3890,479,82.23,73.22,2026-08-07T09:07:29.731Z
2021,하반기,대학교,사립,대학,경기,기존,0000102,수원대학교,1,8718,0,8191,7508,683,93.96,86.12,2026-08-07T09:07:29.731Z
2021,하반기,전문대학,사립,전문대학,경기,기존,0000329,수원여자대학교,1,4064,0,3842,3445,397,94.54,84.77,2026-08-07T09:07:29.731Z
2021,하반기,대학교,사립,대학,경기,기존,000567,신경대학교,1,984,26,433,407,26,45.2,42.48,2026-08-07T09:07:29.731Z
2021,하반기,전문대학,사립,전문대학,경기,기존,0000334,신구대학교,1,6175,0,6183,5346,837,100.13,86.57,2026-08-07T09:07:29.731Z
2021,하반기,전문대학,사립,전문대학,경기,기존,0000339,신안산대학교,1,3795,0,2900,2579,321,76.42,67.96,2026-08-07T09:07:29.731Z
2021,하반기,대학교,사립,대학,경기,기존,000509,신한대학교,2,5812,0,6024,5163,861,103.65,88.83,2026-08-07T09:07:29.731Z
2021,하반기,전문대학,사립,전문대학,경기,폐교,0000336,신흥대학교,1,0,0,0,0,0,0,0,2026-08-07T09:07:29.731Z
2021,하반기,대학교,사립,대학,경기,기존,0000558,아신대학교,1,718,0,483,466,17,67.27,64.9,2026-08-07T09:07:29.731Z
2021,하반기,대학교,사립,대학,경기,기존,0000108,아주대학교,1,7682,0,8747,7158,1589,113.86,93.18,2026-08-07T09:07:29.731Z
2021,하반기,전문대학,사립,전문대학,경기,기존,0000340,안산대학교,1,4055,0,4057,3404,653,100.05,83.95,2026-08-07T09:07:29.731Z
2021,하반기,대학교,사립,대학,경기,기존,0000109,안양대학교,2,4559,0,4284,4017,267,93.97,88.11,2026-08-07T09:07:29.731Z
2021,하반기,전문대학,사립,전문대학,경기,기존,0000343,여주대학교,1,5110,216,4269,3517,752,87.23,71.86,2026-08-07T09:07:29.731Z
2021,하반기,전문대학,사립,전문대학,경기,기존,0000341,연성대학교,1,5681,0,5477,4898,579,96.41,86.22,2026-08-07T09:07:29.731Z
2021,하반기,전문대학,사립,전문대학,경기,기존,0000350,오산대학교,1,4292,0,4173,3473,700,97.23,80.92,2026-08-07T09:07:29.731Z
2021,하반기,대학교,사립,대학,경기,기존,0000115,용인대학교,1,5471,0,5251,4756,495,95.98,86.93,2026-08-07T09:07:29.731Z
2021,하반기,전문대학,사립,전문대학,경기,기존,0000559,용인예술과학대학교,1,3704,0,3101,2742,359,83.72,74.03,2026-08-07T09:07:29.731Z
2021,하반기,전문대학,사립,전문대학,경기,기존,0000394,웅지세무대학교,1,1797,0,792,773,19,44.07,43.02,2026-08-07T09:07:29.731Z
2021,하반기,전문대학,사립,전문대학,경기,기존,0000355,유한대학교,1,4517,0,4280,3899,381,94.75,86.32,2026-08-07T09:07:29.731Z
2021,하반기,전문대학,사립,전문대학,경기,기존,0000358,장안대학교,1,5367,0,4052,3664,388,75.5,68.27,2026-08-07T09:07:29.731Z
2021,하반기,대학교,사립,대학,경기,기존,0000130,중앙승가대학교,1,480,0,119,119,0,24.79,24.79,2026-08-07T09:07:29.731Z
2021,하반기,대학교,사립,대학,경기,기존,0000139,차의과학대학교,1,2016,0,2062,1912,150,102.28,94.84,2026-08-07T09:07:29.731Z
2021,하반기,전문대학,사립,전문대학,경기,기존,0000374,청강문화산업대학교,1,3444,0,3343,2971,372,97.07,86.27,2026-08-07T09:07:29.731Z
2021,하반기,대학교,사립,대학,경기,기존,0000136,칼빈대학교,1,360,0,472,267,205,131.11,74.17,2026-08-07T09:07:29.731Z
2021,하반기,대학교,사립,대학,경기,기존,0000138,평택대학교,1,3370,0,3227,2751,476,95.76,81.63,2026-08-07T09:07:29.731Z
2021,하반기,대학교,국립,대학,경기,기존,0000568,한경대학교,1,4645,0,4618,4166,452,99.42,89.69,2026-08-07T09:07:29.731Z
2021,하반기,전문대학,사립,전문대학,경기,기존,0000391,한국관광대학교,1,1860,0,1579,1390,189,84.89,74.73,2026-08-07T09:07:29.731Z
2021,하반기,전문대학,국립,전문대학,경기,폐교,0000248,한국복지대학교,1,683,0,652,558,94,95.46,81.7,2026-08-07T09:07:29.731Z
2021,하반기,대학교,사립,대학,경기,기존,0000562,한국산업기술대학교,1,5520,0,6444,5223,1221,116.74,94.62,2026-08-07T09:07:29.731Z
2021,하반기,산업대학,사립,대학,경기,폐교,0000214,한국산업기술대학교(산업대),1,0,0,0,0,0,0,0,2026-08-07T09:07:29.731Z
2021,하반기,기능대학,사립,전문대학,경기,기존,0000479,한국폴리텍 I 대학,1,800,0,738,655,83,92.25,81.88,2026-08-07T09:07:29.731Z
2021,하반기,기능대학,사립,전문대학,경기,기존,0000555,한국폴리텍 II 대학,1,0,0,7,0,7,0,0,2026-08-07T09:07:29.731Z
2021,하반기,기능대학,사립,전문대학,경기,기존,0000548,한국폴리텍 II 대학,1,660,0,546,462,84,82.73,70,2026-08-07T09:07:29.731Z
2021,하반기,대학교,사립,대학,경기,기존,0000144,한국항공대학교,1,3358,0,3522,3084,438,104.88,91.84,2026-08-07T09:07:29.731Z
2021,하반기,대학교,사립,대학,경기,폐교,0000175,한북대학교,1,0,0,0,0,0,0,0,2026-08-07T09:07:29.731Z
2021,하반기,대학교,사립,대학,경기,기존,0000151,한세대학교,1,2264,0,2352,2126,226,103.89,93.9,2026-08-07T09:07:29.731Z
2021,하반기,대학교,사립,대학,경기,기존,0000152,한신대학교,1,4684,0,4952,4354,598,105.72,92.95,2026-08-07T09:07:29.731Z
2021,하반기,대학교,사립,대학,경기,기존,0000153,한양대학교,2,19059,0,23595,17539,6056,123.8,92.02,2026-08-07T09:07:29.731Z
2021,하반기,대학교,사립,대학,경기,기존,0000156,협성대학교,1,4016,0,3906,3586,320,97.26,89.29,2026-08-07T09:07:29.731Z
2021,하반기,기능대학,사립,전문대학,경기,기존,0000516,ICT폴리텍대학,1,320,0,246,235,11,76.88,73.44,2026-08-07T09:07:29.731Z
2021,하반기,전문대학,사립,전문대학,경남,기존,0000251,거제대학교,1,1184,0,1022,834,188,86.32,70.44,2026-08-07T09:07:29.731Z
2021,하반기,대학교,국립,대학,경남,폐교,0000026,경남과학기술대학교,1,4736,0,4270,4077,193,90.16,86.09,2026-08-07T09:07:29.731Z
2021,하반기,대학교,사립,대학,경남,기존,0000040,경남대학교,1,11391,0,9939,9151,788,87.25,80.34,2026-08-07T09:07:29.731Z
2021,하반기,전문대학,공립,전문대학,경남,기존,0000242,경남도립거창대학,1,885,0,787,779,8,88.93,88.02,2026-08-07T09:07:29.731Z
2021,하반기,전문대학,공립,전문대학,경남,기존,0000243,경남도립남해대학,1,750,0,692,669,23,92.27,89.2,2026-08-07T09:07:29.731Z
2021,하반기,대학교,국립,대학,경남,기존,0000556,경상대학교,1,12626,0,12407,11343,1064,98.27,89.84,2026-08-07T09:07:29.731Z
2021,하반기,전문대학,사립,전문대학,경남,기존,0000395,김해대학교,1,1296,0,1378,1140,238,106.33,87.96,2026-08-07T09:07:29.731Z
2021,하반기,전문대학,사립,전문대학,경남,기존,0000342,동원과학기술대학교,1,1950,0,2250,1612,638,115.38,82.67,2026-08-07T09:07:29.731Z
2021,하반기,전문대학,사립,전문대학,경남,기존,0000306,마산대학교,1,5361,0,5176,4346,830,96.55,81.07,2026-08-07T09:07:29.731Z
2021,하반기,대학교,사립,대학,경남,기존,0000167,부산장신대학교,1,215,0,170,165,5,79.07,76.74,2026-08-07T09:07:29.731Z
2021,하반기,전문대학,사립,전문대학,경남,기존,0000530,연암공과대학교,1,1154,0,1116,1018,98,96.71,88.21,2026-08-07T09:07:29.731Z
2021,하반기,대학교,사립,대학,경남,기존,0000122,인제대학교,2,8869,0,8048,7284,764,90.74,82.13,2026-08-07T09:07:29.731Z
2021,하반기,교육대학,국립,대학,경남,기존,0000203,진주교육대학교,1,1276,0,1306,1228,78,102.35,96.24,2026-08-07T09:07:29.731Z
2021,하반기,전문대학,사립,전문대학,경남,기존,0000369,진주보건대학교,1,2370,0,2638,2032,606,111.31,85.74,2026-08-07T09:07:29.731Z
2021,하반기,대학교,사립,대학,경남,기존,0000193,창신대학교,1,1975,0,1734,1599,135,87.8,80.96,2026-08-07T09:07:29.731Z
2021,하반기,대학교,국립,대학,경남,기존,0000581,창원대학교,1,7037,0,7109,6463,646,101.02,91.84,2026-08-07T09:07:29.731Z
2021,하반기,전문대학,사립,전문대학,경남,기존,0000528,창원문성대학교,1,2590,0,1975,1747,228,76.25,67.45,2026-08-07T09:07:29.731Z
2021,하반기,전문대학,사립,전문대학,경남,기존,0000396,한국승강기대학교,1,594,0,605,525,80,101.85,88.38,2026-08-07T09:07:29.731Z
2021,하반기,기능대학,사립,전문대학,경남,기존,0000503,한국폴리텍 특성화대학,1,480,0,486,419,67,101.25,87.29,2026-08-07T09:07:29.731Z
2021,하반기,기능대학,사립,전문대학,경남,기존,0000496,한국폴리텍 VII 대학,1,1210,0,1357,1157,200,112.15,95.62,2026-08-07T09:07:29.731Z
2021,하반기,대학교,사립,대학,경북,기존,0000032,가야대학교,2,2352,0,1902,1757,145,80.87,74.7,2026-08-07T09:07:29.731Z
2021,하반기,전문대학,사립,전문대학,경북,기존,0000249,가톨릭상지대학교,1,1737,0,1773,1283,490,102.07,73.86,2026-08-07T09:07:29.731Z
2021,하반기,전문대학,사립,전문대학,경북,기존,0000293,경북과학대학교,1,1719,0,1679,1354,325,97.67,78.77,2026-08-07T09:07:29.731Z
2021,하반기,전문대학,공립,전문대학,경북,폐교,0000244,경북도립대학교,1,924,0,748,704,44,80.95,76.19,2026-08-07T09:07:29.731Z
2021,하반기,전문대학,사립,전문대학,경북,기존,0000523,경북보건대학교,1,1166,0,1212,1057,155,103.95,90.65,2026-08-07T09:07:29.731Z
2021,하반기,전문대학,사립,전문대학,경북,기존,0000258,경북전문대학교,1,2341,92,2653,1994,659,117.96,88.66,2026-08-07T09:07:29.731Z
2021,하반기,대학교,사립,대학,경북,기존,0000188,경운대학교,1,4736,0,4028,3813,215,85.05,80.51,2026-08-07T09:07:29.731Z
2021,하반기,산업대학,사립,대학,경북,폐교,0000226,경운대학교(산업대),1,0,0,0,0,0,0,0,2026-08-07T09:07:29.731Z
2021,하반기,대학교,사립,대학,경북,기존,0000045,경일대학교,1,6356,0,6532,5797,735,102.77,91.21,2026-08-07T09:07:29.731Z
2021,하반기,대학교,사립,대학,경북,기존,0000586,경주대학교,1,3048,156,657,479,178,22.72,16.56,2026-08-07T09:07:29.731Z
2021,하반기,전문대학,사립,전문대학,경북,기존,0000268,구미대학교,1,3645,0,4939,3144,1795,135.5,86.26,2026-08-07T09:07:29.731Z
2021,하반기,대학교,국립,대학,경북,기존,0000575,금오공과대학교,1,4849,0,4974,4460,514,102.58,91.98,2026-08-07T09:07:29.731Z
2021,하반기,대학교,사립,대학,경북,기존,0000185,김천대학교,1,3085,1,2496,2191,305,80.93,71.04,2026-08-07T09:07:29.731Z
2021,하반기,전문대학,사립,전문대학,경북,기존,0000279,대경대학교,1,3854,0,3460,2880,580,89.78,74.73,2026-08-07T09:07:29.731Z
2021,하반기,대학교,사립,대학,경북,기존,0000063,대구가톨릭대학교,1,11758,0,10956,10175,781,93.18,86.54,2026-08-07T09:07:29.731Z
2021,하반기,대학교,사립,대학,경북,기존,0000061,대구대학교,1,16236,0,15486,13424,2062,95.38,82.68,2026-08-07T09:07:29.731Z
2021,하반기,사이버대학(대학),사립,대학,경북,기존,0000410,대구사이버대학교,1,3800,0,3764,2899,865,99.05,76.29,2026-08-07T09:07:29.731Z
2021,하반기,대학교,사립,대학,경북,기존,0000062,대구예술대학교,1,1677,0,725,714,11,43.23,42.58,2026-08-07T09:07:29.731Z
2021,하반기,대학교,사립,대학,경북,기존,0000042,대구한의대학교,1,6288,0,5827,5214,613,92.67,82.92,2026-08-07T09:07:29.731Z
2021,하반기,대학교,사립,대학,경북,기존,0000065,대신대학교,1,464,0,417,411,6,89.87,88.58,2026-08-07T09:07:29.731Z
2021,하반기,대학교,사립,대학,경북,기존,0000071,동국대학교,2,18020,0,19132,16069,3063,106.17,89.17,2026-08-07T09:07:29.731Z
2021,하반기,대학교,사립,대학,경북,기존,0000076,동양대학교,1,4044,0,3325,3107,218,82.22,76.83,2026-08-07T09:07:29.731Z
2021,하반기,전문대학,사립,전문대학,경북,기존,0000309,문경대학교,1,830,0,819,725,94,98.67,87.35,2026-08-07T09:07:29.731Z
2021,하반기,전문대학,사립,전문대학,경북,폐교,0000262,서라벌대학교,1,650,0,572,491,81,88,75.54,2026-08-07T09:07:29.731Z
2021,하반기,전문대학,사립,전문대학,경북,기존,0000380,선린대학교,1,2214,0,2099,1749,350,94.81,79,2026-08-07T09:07:29.731Z
2021,하반기,전문대학,사립,전문대학,경북,기존,0000547,성덕대학교,1,1252,0,1396,1083,313,111.5,86.5,2026-08-07T09:07:29.731Z
2021,하반기,전문대학,사립,전문대학,경북,기존,0000338,안동과학대학교,1,2554,0,2302,1930,372,90.13,75.57,2026-08-07T09:07:29.731Z
2021,하반기,대학교,국립,대학,경북,기존,0000580,안동대학교,1,5824,0,4876,4589,287,83.72,78.79,2026-08-07T09:07:29.731Z
2021,하반기,대학교,사립,대학,경북,기존,0000111,영남대학교,1,18676,0,19095,17271,1824,102.24,92.48,2026-08-07T09:07:29.731Z
2021,하반기,대학교,사립,대학,경북,기존,0000112,영남신학대학교,1,460,0,410,380,30,89.13,82.61,2026-08-07T09:07:29.731Z
2021,하반기,전문대학,사립,전문대학,경북,기존,0000257,영남외국어대학,1,874,0,439,393,46,50.23,44.97,2026-08-07T09:07:29.731Z
2021,하반기,대학교,사립,대학,경북,기존,0000119,위덕대학교,1,3186,0,2546,2405,141,79.91,75.49,2026-08-07T09:07:29.731Z
2021,하반기,대학교,사립,대학,경북,기존,0000140,포항공과대학교,1,1280,0,1208,1173,35,94.38,91.64,2026-08-07T09:07:29.731Z
2021,하반기,전문대학,사립,전문대학,경북,기존,0000381,포항대학교,1,1785,0,1530,1319,211,85.71,73.89,2026-08-07T09:07:29.731Z
2021,하반기,사이버대학(전문대학),사립,전문대학,경북,기존,0000407,한국복지사이버대학,1,2000,0,2344,1687,657,117.2,84.35,2026-08-07T09:07:29.731Z
2021,하반기,기능대학,사립,전문대학,경북,기존,0000552,한국폴리텍 특성화대학,1,100,0,78,70,8,78,70,2026-08-07T09:07:29.731Z
2021,하반기,기능대학,사립,전문대학,경북,기존,0000495,한국폴리텍 VI 대학,1,520,0,447,407,40,85.96,78.27,2026-08-07T09:07:29.731Z
2021,하반기,기능대학,사립,전문대학,경북,기존,0000504,한국폴리텍 VI 대학,1,60,0,47,46,1,78.33,76.67,2026-08-07T09:07:29.731Z
2021,하반기,대학교,사립,대학,경북,기존,0000146,한동대학교,1,2916,0,3652,3185,467,125.24,109.22,2026-08-07T09:07:29.731Z
2021,하반기,전문대학,사립,전문대학,경북,기존,0000522,호산대학교,1,1784,0,1826,1377,449,102.35,77.19,2026-08-07T09:07:29.731Z
2021,하반기,대학교,사립,대학,광주,기존,0000052,광신대학교,1,488,0,436,423,13,89.34,86.68,2026-08-07T09:07:29.731Z
2021,하반기,대학교,특별법법인,대학,광주,기존,0000469,광주과학기술원,1,800,2,639,621,18,80.08,77.82,2026-08-07T09:07:29.731Z
2021,하반기,교육대학,국립,대학,광주,기존,0000196,광주교육대학교,1,1304,0,1283,1203,80,98.39,92.25,2026-08-07T09:07:29.731Z
2021,하반기,대학교,사립,대학,광주,기존,0000176,광주대학교,1,6600,0,6086,5701,385,92.21,86.38,2026-08-07T09:07:29.731Z
2021,하반기,전문대학,사립,전문대학,광주,기존,0000267,광주보건대학교,1,3239,0,3557,2861,696,109.82,88.33,2026-08-07T09:07:29.731Z
2021,하반기,대학교,사립,대학,광주,기존,0000055,광주여자대학교,1,3605,0,3659,3263,396,101.5,90.51,2026-08-07T09:07:29.731Z
2021,하반기,전문대학,사립,전문대학,광주,기존,0000273,기독간호대학교,1,444,0,584,428,156,131.53,96.4,2026-08-07T09:07:29.731Z
2021,하반기,대학교,사립,대학,광주,기존,0000162,남부대학교,1,2771,0,3069,2460,609,110.75,88.78,2026-08-07T09:07:29.731Z
2021,하반기,전문대학,사립,전문대학,광주,기존,0000297,동강대학교,1,2847,0,2457,2119,338,86.3,74.43,2026-08-07T09:07:29.731Z
2021,하반기,전문대학,사립,전문대학,광주,기존,0000320,서영대학교,1,4123,0,4806,3584,1222,116.57,86.93,2026-08-07T09:07:29.731Z
2021,하반기,대학교,사립,대학,광주,기존,0000187,송원대학교,1,3030,0,2793,2394,399,92.18,79.01,2026-08-07T09:07:29.731Z
2021,하반기,대학교,국립,대학,광주,기존,0000016,전남대학교,2,16547,0,17318,15426,1892,104.66,93.23,2026-08-07T09:07:29.731Z
2021,하반기,전문대학,사립,전문대학,광주,기존,0000366,조선간호대학교,1,556,0,746,531,215,134.17,95.5,2026-08-07T09:07:29.731Z
2021,하반기,대학교,사립,대학,광주,기존,0000127,조선대학교,1,18122,0,17692,16062,1630,97.63,88.63,2026-08-07T09:07:29.731Z
2021,하반기,전문대학,사립,전문대학,광주,기존,0000365,조선이공대학교,1,3018,0,2819,2437,382,93.41,80.75,2026-08-07T09:07:29.731Z
2021,하반기,기능대학,사립,전문대학,광주,기존,0000489,한국폴리텍 V 대학,1,710,0,764,628,136,107.61,88.45,2026-08-07T09:07:29.731Z
2021,하반기,대학교,사립,대학,광주,기존,0000157,호남대학교,1,6248,0,6622,5595,1027,105.99,89.55,2026-08-07T09:07:29.731Z
2021,하반기,대학교,사립,대학,광주,기존,0000158,호남신학대학교,1,568,0,468,466,2,82.39,82.04,2026-08-07T09:07:29.731Z
2021,하반기,대학교,국립,대학,대구,기존,0000003,경북대학교,1,19070,0,19649,17609,2040,103.04,92.34,2026-08-07T09:07:29.731Z
2021,하반기,대학교,사립,대학,대구,기존,0000048,계명대학교,1,18722,0,19924,17662,2262,106.42,94.34,2026-08-07T09:07:29.731Z
2021,하반기,전문대학,사립,전문대학,대구,기존,0000263,계명문화대학교,1,4740,0,4421,3808,613,93.27,80.34,2026-08-07T09:07:29.731Z
2021,하반기,대학교,특별법법인,대학,대구,기존,0000470,대구경북과학기술원,1,880,0,639,633,6,72.61,71.93,2026-08-07T09:07:29.731Z
2021,하반기,전문대학,사립,전문대학,대구,기존,0000280,대구공업대학교,1,1538,0,1728,1350,378,112.35,87.78,2026-08-07T09:07:29.731Z
2021,하반기,전문대학,사립,전문대학,대구,기존,0000283,대구과학대학교,1,3879,0,3840,3241,599,98.99,83.55,2026-08-07T09:07:29.731Z
2021,하반기,교육대학,국립,대학,대구,기존,0000197,대구교육대학교,1,1532,0,1552,1436,116,101.31,93.73,2026-08-07T09:07:29.731Z
2021,하반기,전문대학,사립,전문대학,대구,기존,0000281,대구보건대학교,1,6192,0,6440,5227,1213,104.01,84.42,2026-08-07T09:07:29.731Z
2021,하반기,전문대학,사립,전문대학,대구,기존,0000282,수성대학교,1,3235,0,3088,2643,445,95.46,81.7,2026-08-07T09:07:29.731Z
2021,하반기,전문대학,사립,전문대학,대구,기존,0000346,영남이공대학교,1,5016,0,4979,3917,1062,99.26,78.09,2026-08-07T09:07:29.731Z
2021,하반기,사이버대학(전문대학),사립,전문대학,대구,기존,0000406,영진사이버대학,1,2600,0,3815,2449,1366,146.73,94.19,2026-08-07T09:07:29.731Z
2021,하반기,전문대학,사립,전문대학,대구,기존,0000349,영진전문대학교,1,5780,0,6790,4982,1808,117.47,86.19,2026-08-07T09:07:29.731Z
2021,하반기,기능대학,사립,전문대학,대구,기존,0000549,한국폴리텍 특성화대학,1,150,0,160,155,5,106.67,103.33,2026-08-07T09:07:29.731Z
2021,하반기,기능대학,사립,전문대학,대구,기존,0000494,한국폴리텍 VI 대학,1,630,0,546,457,89,86.67,72.54,2026-08-07T09:07:29.731Z
2021,하반기,사이버대학(대학),사립,대학,대전,기존,0000425,건양사이버대학교,1,2975,0,3243,2623,620,109.01,88.17,2026-08-07T09:07:29.731Z
2021,하반기,전문대학,사립,전문대학,대전,기존,0000376,대덕대학교,1,3662,0,2705,2371,334,73.87,64.75,2026-08-07T09:07:29.731Z
2021,하반기,전문대학,사립,전문대학,대전,기존,0000512,대전과학기술대학교,1,4190,0,3870,3108,762,92.36,74.18,2026-08-07T09:07:29.731Z
2021,하반기,대학교,사립,대학,대전,기존,0000067,대전대학교,1,8447,0,8140,7414,726,96.37,87.77,2026-08-07T09:07:29.731Z
2021,하반기,전문대학,사립,전문대학,대전,기존,0000288,대전보건대학교,1,5363,0,4968,4250,718,92.63,79.25,2026-08-07T09:07:29.731Z
2021,하반기,대학교,사립,대학,대전,기존,0000182,대전신학대학교,1,184,0,69,69,0,37.5,37.5,2026-08-07T09:07:29.731Z
2021,하반기,대학교,사립,대학,대전,기존,0000080,목원대학교,1,7453,0,6618,6189,429,88.8,83.04,2026-08-07T09:07:29.731Z
2021,하반기,대학교,사립,대학,대전,기존,0000081,배재대학교,1,8220,0,7043,6579,464,85.68,80.04,2026-08-07T09:07:29.731Z
2021,하반기,대학교,사립,대학,대전,기존,0000184,우송대학교,1,8016,0,8290,6571,1719,103.42,81.97,2026-08-07T09:07:29.731Z
2021,하반기,산업대학,사립,대학,대전,폐교,0000222,우송대학교(산업대),1,0,0,0,0,0,0,0,2026-08-07T09:07:29.731Z
2021,하반기,전문대학,사립,전문대학,대전,기존,0000289,우송정보대학,1,4510,0,3538,3097,441,78.45,68.67,2026-08-07T09:07:29.731Z
2021,하반기,대학교,사립,대학,대전,기존,0000120,을지대학교,3,4226,0,4441,4064,377,105.09,96.17,2026-08-07T09:07:29.731Z
2021,하반기,대학교,국립,대학,대전,기존,0000020,충남대학교,1,14358,0,15752,14176,1576,109.71,98.73,2026-08-07T09:07:29.731Z
2021,하반기,대학교,사립,대학,대전,기존,0000551,침례신학대학교,1,1425,0,999,963,36,70.11,67.58,2026-08-07T09:07:29.731Z
2021,하반기,대학교,특별법법인,대학,대전,기존,0000468,한국과학기술원,1,3880,0,3427,3031,396,88.32,78.12,2026-08-07T09:07:29.731Z
2021,하반기,기능대학,사립,전문대학,대전,기존,0000484,한국폴리텍 IV 대학,1,790,0,717,638,79,90.76,80.76,2026-08-07T09:07:29.731Z
2021,하반기,대학교,사립,대학,대전,기존,0000145,한남대학교,1,10773,0,10090,9221,869,93.66,85.59,2026-08-07T09:07:29.731Z
2021,하반기,대학교,국립,대학,대전,기존,0000584,한밭대학교,1,7408,0,7957,6939,1018,107.41,93.67,2026-08-07T09:07:29.731Z
2021,하반기,전문대학,사립,전문대학,부산,기존,0000253,경남정보대학교,1,5532,0,5726,4359,1367,103.51,78.8,2026-08-07T09:07:29.731Z
2021,하반기,대학교,사립,대학,부산,기존,0000043,경성대학교,1,11225,0,11328,9862,1466,100.92,87.86,2026-08-07T09:07:29.731Z
2021,하반기,대학교,사립,대학,부산,기존,0000050,고신대학교,1,3696,0,3510,3328,182,94.97,90.04,2026-08-07T09:07:29.731Z
2021,하반기,전문대학,사립,전문대학,부산,기존,0000284,대동대학교,1,1494,0,1424,1162,262,95.31,77.78,2026-08-07T09:07:29.731Z
2021,하반기,대학교,사립,대학,부산,기존,0000180,동명대학교,1,7272,0,7157,6186,971,98.42,85.07,2026-08-07T09:07:29.731Z
2021,하반기,대학교,사립,대학,부산,기존,0000073,동서대학교,1,9596,0,9007,8144,863,93.86,84.87,2026-08-07T09:07:29.731Z
2021,하반기,대학교,사립,대학,부산,기존,0000075,동아대학교,1,16380,0,17003,15396,1607,103.8,93.99,2026-08-07T09:07:29.731Z
2021,하반기,전문대학,사립,전문대학,부산,기존,0000303,동의과학대학교,1,4775,0,4129,3251,878,86.47,68.08,2026-08-07T09:07:29.731Z
2021,하반기,대학교,사립,대학,부산,기존,0000077,동의대학교,1,14520,0,14036,12855,1181,96.67,88.53,2026-08-07T09:07:29.731Z
2021,하반기,전문대학,사립,전문대학,부산,기존,0000569,동주대학교,1,3083,0,2609,2247,362,84.63,72.88,2026-08-07T09:07:29.731Z
2021,하반기,대학교,국립,대학,부산,기존,0000578,부경대학교,1,13121,0,14194,12220,1974,108.18,93.13,2026-08-07T09:07:29.731Z
2021,하반기,대학교,사립,대학,부산,기존,0000082,부산가톨릭대학교,1,3664,0,3549,3124,425,96.86,85.26,2026-08-07T09:07:29.731Z
2021,하반기,전문대학,사립,전문대학,부산,기존,0000313,부산경상대학교,1,2855,295,2287,1938,349,89.34,75.7,2026-08-07T09:07:29.731Z
2021,하반기,전문대학,사립,전문대학,부산,기존,0000315,부산과학기술대학교,1,2984,0,3010,2307,703,100.87,77.31,2026-08-07T09:07:29.731Z
2021,하반기,교육대학,국립,대학,부산,기존,0000198,부산교육대학교,1,1424,0,1476,1366,110,103.65,95.93,2026-08-07T09:07:29.731Z
2021,하반기,대학교,국립,대학,부산,기존,0000011,부산대학교,1,17329,0,17938,16150,1788,103.51,93.2,2026-08-07T09:07:29.731Z
2021,하반기,사이버대학(대학),사립,대학,부산,기존,0000411,부산디지털대학교,1,2780,0,2354,2123,231,84.68,76.37,2026-08-07T09:07:29.731Z
2021,하반기,전문대학,사립,전문대학,부산,기존,0000314,부산여자대학교,1,2661,0,2350,2063,287,88.31,77.53,2026-08-07T09:07:29.731Z
2021,하반기,전문대학,사립,전문대학,부산,기존,0000388,부산예술대학교,1,902,0,561,522,39,62.2,57.87,2026-08-07T09:07:29.731Z
2021,하반기,대학교,사립,대학,부산,기존,0000083,부산외국어대학교,1,7289,0,6768,6009,759,92.85,82.44,2026-08-07T09:07:29.731Z
2021,하반기,전문대학,사립,전문대학,부산,폐교,0000326,성심외국어대학,1,0,0,0,0,0,0,0,2026-08-07T09:07:29.731Z
2021,하반기,대학교,사립,대학,부산,기존,0000106,신라대학교,1,8631,0,7177,6456,721,83.15,74.8,2026-08-07T09:07:29.731Z
2021,하반기,대학교,사립,대학,부산,기존,0000181,영산대학교,2,6000,0,5649,4897,752,94.15,81.62,2026-08-07T09:07:29.731Z
2021,하반기,기능대학,사립,전문대학,부산,기존,0000497,한국폴리텍 VII 대학,1,770,0,778,669,109,101.04,86.88,2026-08-07T09:07:29.731Z
2021,하반기,대학교,국립,대학,부산,기존,0000583,한국해양대학교,1,5692,0,5802,5212,590,101.93,91.57,2026-08-07T09:07:29.731Z
2021,하반기,사이버대학(대학),사립,대학,부산,기존,0000423,화신사이버대학교,1,1520,0,1387,1076,311,91.25,70.79,2026-08-07T09:07:29.731Z
2021,하반기,대학교,사립,대학,서울,기존,0000035,감리교신학대학교,1,800,0,707,676,31,88.38,84.5,2026-08-07T09:07:29.731Z
2021,하반기,대학교,사립,대학,서울,기존,0000565,강서대학교,1,1108,0,1436,1000,436,129.6,90.25,2026-08-07T09:07:29.731Z
2021,하반기,대학교,사립,대학,서울,기존,0000047,경희대학교,1,19683,0,24185,18252,5933,122.87,92.73,2026-08-07T09:07:29.731Z
2021,하반기,사이버대학(대학),사립,대학,서울,기존,0000408,경희사이버대학교,1,9100,0,10138,7184,2954,111.41,78.95,2026-08-07T09:07:29.731Z
2021,하반기,사이버대학(대학),사립,대학,서울,기존,0000418,고려사이버대학교,1,7770,0,9431,6941,2490,121.38,89.33,2026-08-07T09:07:29.731Z
2021,하반기,대학교,사립,대학,서울,기존,0000053,광운대학교,1,6767,0,7787,6113,1674,115.07,90.34,2026-08-07T09:07:29.731Z
2021,하반기,대학교,사립,대학,서울,기존,0000056,국민대학교,1,11510,0,13997,11005,2992,121.61,95.61,2026-08-07T09:07:29.731Z
2021,하반기,대학교,사립,대학,서울,기존,0000070,덕성여자대학교,1,4771,0,5240,4822,418,109.83,101.07,2026-08-07T09:07:29.731Z
2021,하반기,대학교,사립,대학,서울,기존,0000072,동덕여자대학교,1,6188,0,6568,5849,719,106.14,94.52,2026-08-07T09:07:29.731Z
2021,하반기,전문대학,사립,전문대학,서울,기존,0000300,동양미래대학교,1,4976,0,5428,4316,1112,109.08,86.74,2026-08-07T09:07:29.731Z
2021,하반기,사이버대학(대학),사립,대학,서울,기존,0000420,디지털서울문화예술대학교,1,3700,0,3099,2466,633,83.76,66.65,2026-08-07T09:07:29.731Z
2021,하반기,전문대학,사립,전문대학,서울,기존,0000307,명지전문대학,1,5752,0,6086,4885,1201,105.81,84.93,2026-08-07T09:07:29.731Z
2021,하반기,전문대학,사립,전문대학,서울,기존,0000310,배화여자대학교,1,2599,0,2619,2245,374,100.77,86.38,2026-08-07T09:07:29.731Z
2021,하반기,사이버대학(대학),사립,대학,서울,기존,0000422,사이버한국외국어대학교,1,4673,0,6037,4474,1563,129.19,95.74,2026-08-07T09:07:29.731Z
2021,하반기,대학교,사립,대학,서울,기존,0000084,삼육대학교,1,4644,0,5019,4412,607,108.07,95,2026-08-07T09:07:29.731Z
2021,하반기,전문대학,사립,전문대학,서울,기존,0000317,삼육보건대학교,1,1072,0,1271,963,308,118.56,89.83,2026-08-07T09:07:29.731Z
2021,하반기,대학교,사립,대학,서울,기존,0000085,상명대학교,2,10567,0,10964,9157,1807,103.76,86.66,2026-08-07T09:07:29.731Z
2021,하반기,대학교,사립,대학,서울,기존,0000087,서강대학교,1,6296,0,7113,5412,1701,112.98,85.96,2026-08-07T09:07:29.731Z
2021,하반기,대학교,사립,대학,서울,기존,0000088,서경대학교,1,5076,0,5939,4703,1236,117,92.65,2026-08-07T09:07:29.731Z
2021,하반기,대학교,국립,대학,서울,기존,0000027,서울과학기술대학교,1,8381,0,9365,8030,1335,111.74,95.81,2026-08-07T09:07:29.731Z
2021,하반기,교육대학,국립,대학,서울,기존,0000199,서울교육대학교,1,1420,0,1469,1308,161,103.45,92.11,2026-08-07T09:07:29.731Z
2021,하반기,대학교,사립,대학,서울,기존,0000069,서울기독대학교,1,544,0,411,399,12,75.55,73.35,2026-08-07T09:07:29.731Z
2021,하반기,대학교,국립대법인,대학,서울,기존,0000012,서울대학교,1,13142,0,15050,13546,1504,114.52,103.07,2026-08-07T09:07:29.731Z
2021,하반기,사이버대학(대학),사립,대학,서울,기존,0000412,서울디지털대학교,1,10230,1200,10311,6458,3853,114.19,71.52,2026-08-07T09:07:29.731Z
2021,하반기,사이버대학(대학),사립,대학,서울,기존,0000413,서울사이버대학교,1,10310,0,13702,8231,5471,132.9,79.84,2026-08-07T09:07:29.731Z
2021,하반기,대학교,공립,대학,서울,기존,0000030,서울시립대학교,1,6866,0,8380,7496,884,122.05,109.18,2026-08-07T09:07:29.731Z
2021,하반기,전문대학,사립,전문대학,서울,기존,0000321,서울여자간호대학교,1,672,0,904,614,290,134.52,91.37,2026-08-07T09:07:29.731Z
2021,하반기,대학교,사립,대학,서울,기존,0000091,서울여자대학교,1,6408,0,6254,5676,578,97.6,88.58,2026-08-07T09:07:29.731Z
2021,하반기,전문대학,사립,전문대학,서울,기존,0000324,서일대학교,1,5438,0,5373,4548,825,98.8,83.63,2026-08-07T09:07:29.731Z
2021,하반기,대학교,사립,대학,서울,기존,0000096,성공회대학교,1,2008,0,1791,1681,110,89.19,83.72,2026-08-07T09:07:29.731Z
2021,하반기,대학교,사립,대학,서울,기존,0000097,성균관대학교,1,13581,0,17146,12441,4705,126.25,91.61,2026-08-07T09:07:29.731Z
2021,하반기,대학교,사립,대학,서울,기존,0000098,성신여자대학교,1,8452,0,8412,7704,708,99.53,91.15,2026-08-07T09:07:29.731Z
2021,하반기,대학교,사립,대학,서울,기존,0000100,세종대학교,1,9419,0,10797,8766,2031,114.63,93.07,2026-08-07T09:07:29.731Z
2021,하반기,사이버대학(대학),사립,대학,서울,기존,0000415,세종사이버대학교,1,6700,0,8848,6275,2573,132.06,93.66,2026-08-07T09:07:29.731Z
2021,하반기,대학교,사립,대학,서울,기존,0000103,숙명여자대학교,1,8760,0,9235,8066,1169,105.42,92.08,2026-08-07T09:07:29.731Z
2021,하반기,대학교,사립,대학,서울,기존,0000105,숭실대학교,1,10755,0,13169,10154,3015,122.45,94.41,2026-08-07T09:07:29.731Z
2021,하반기,사이버대학(대학),사립,대학,서울,기존,0000419,숭실사이버대학교,1,4900,0,6374,4412,1962,130.08,90.04,2026-08-07T09:07:29.731Z
2021,하반기,전문대학,사립,전문대학,서울,기존,0000333,숭의여자대학교,1,3248,0,3125,2859,266,96.21,88.02,2026-08-07T09:07:29.731Z
2021,하반기,대학교,사립,대학,서울,기존,0000121,이화여자대학교,1,12755,0,14135,12088,2047,110.82,94.77,2026-08-07T09:07:29.731Z
2021,하반기,전문대학,사립,전문대학,서울,기존,0000356,인덕대학교,1,5644,0,5583,4767,816,98.92,84.46,2026-08-07T09:07:29.731Z
2021,하반기,대학교,사립,대학,서울,기존,0000125,장로회신학대학교,1,600,0,599,556,43,99.83,92.67,2026-08-07T09:07:29.731Z
2021,하반기,기술대학,사립,대학,서울,기존,0000228,정석대학,1,200,0,60,60,0,30,30,2026-08-07T09:07:29.731Z
2021,하반기,대학교,사립,대학,서울,기존,0000129,중앙대학교,2,18044,0,21557,16783,4774,119.47,93.01,2026-08-07T09:07:29.731Z
2021,하반기,대학교,사립,대학,서울,기존,0000133,총신대학교,1,1361,0,1453,1286,167,106.76,94.49,2026-08-07T09:07:29.731Z
2021,하반기,대학교,사립,대학,서울,기존,0000134,추계예술대학교,1,1057,0,1049,994,55,99.24,94.04,2026-08-07T09:07:29.731Z
2021,하반기,방송통신대학,국립,대학,서울,기존,0000215,한국방송통신대학교,1,217000,0,91600,83900,7700,42.21,38.66,2026-08-07T09:07:29.731Z
2021,하반기,대학교,사립,대학,서울,기존,0000142,한국성서대학교,1,892,0,929,849,80,104.15,95.18,2026-08-07T09:07:29.731Z
2021,하반기,사이버대학(대학),사립,대학,서울,기존,0000416,한국열린사이버대학교,1,3200,0,5324,2627,2697,166.38,82.09,2026-08-07T09:07:29.731Z
2021,하반기,각종학교(대학),특별법국립,대학,서울,기존,0000471,한국예술종합학교,1,2252,0,2480,2366,114,110.12,105.06,2026-08-07T09:07:29.731Z
2021,하반기,대학교,사립,대학,서울,기존,0000143,한국외국어대학교,1,13508,0,15329,12491,2838,113.48,92.47,2026-08-07T09:07:29.731Z
2021,하반기,대학교,국립,대학,서울,기존,0000023,한국체육대학교,1,2170,0,2323,2196,127,107.05,101.2,2026-08-07T09:07:29.731Z
2021,하반기,기능대학,사립,전문대학,서울,기존,0000478,한국폴리텍 I 대학,1,520,0,469,390,79,90.19,75,2026-08-07T09:07:29.731Z
2021,하반기,기능대학,사립,전문대학,서울,기존,0000477,한국폴리텍 I 대학,1,1070,0,1313,1007,306,122.71,94.11,2026-08-07T09:07:29.731Z
2021,하반기,대학교,사립,대학,서울,기존,0000150,한성대학교,1,5832,0,6244,5382,862,107.06,92.28,2026-08-07T09:07:29.731Z
2021,하반기,사이버대학(대학),사립,대학,서울,기존,0000421,한양사이버대학교,1,10575,0,14766,9935,4831,139.63,93.95,2026-08-07T09:07:29.731Z
2021,하반기,전문대학,사립,전문대학,서울,기존,0000384,한양여자대학교,1,6218,0,6280,5437,843,101,87.44,2026-08-07T09:07:29.731Z
2021,하반기,대학교,사립,대학,서울,기존,0000539,한영신학대학교,1,720,0,622,572,50,86.39,79.44,2026-08-07T09:07:29.731Z
2021,하반기,대학교,사립,대학,서울,기존,0000160,홍익대학교,2,14764,0,17039,14078,2961,115.41,95.35,2026-08-07T09:07:29.731Z
2021,하반기,대학교,사립,대학,세종,기존,0000049,고려대학교,2,21046,0,24052,19605,4447,114.28,93.15,2026-08-07T09:07:29.731Z
2021,하반기,대학교,사립,대학,세종,기존,0000066,대전가톨릭대학교,1,160,0,32,31,1,20,19.38,2026-08-07T09:07:29.731Z
2021,하반기,전문대학,사립,전문대학,세종,기존,0000353,한국영상대학교,1,3090,0,2949,2548,401,95.44,82.46,2026-08-07T09:07:29.731Z
2021,하반기,대학교,특별법법인,대학,울산,기존,0000527,울산과학기술원,1,1480,0,1740,1476,264,117.57,99.73,2026-08-07T09:07:29.731Z
2021,하반기,전문대학,사립,전문대학,울산,기존,0000352,울산과학대학교,1,4559,0,5328,4200,1128,116.87,92.13,2026-08-07T09:07:29.731Z
2021,하반기,대학교,사립,대학,울산,기존,0000117,울산대학교,1,11098,0,10963,9965,998,98.78,89.79,2026-08-07T09:07:29.731Z
2021,하반기,전문대학,사립,전문대학,울산,기존,0000375,춘해보건대학교,1,2163,0,2632,1973,659,121.68,91.22,2026-08-07T09:07:29.731Z
2021,하반기,기능대학,사립,전문대학,울산,기존,0000498,한국폴리텍 VII 대학,1,650,0,645,569,76,99.23,87.54,2026-08-07T09:07:29.731Z
2021,하반기,교육대학,국립,대학,인천,기존,0000200,경인교육대학교,2,2392,0,2572,2306,266,107.53,96.4,2026-08-07T09:07:29.731Z
2021,하반기,전문대학,사립,전문대학,인천,기존,0000261,경인여자대학교,1,4003,0,4415,3479,936,110.29,86.91,2026-08-07T09:07:29.731Z
2021,하반기,대학교,사립,대학,인천,기존,0000123,인천가톨릭대학교,2,664,0,681,634,47,102.56,95.48,2026-08-07T09:07:29.731Z
2021,하반기,대학교,국립대법인,대학,인천,기존,0000031,인천대학교,1,9968,0,10525,9411,1114,105.59,94.41,2026-08-07T09:07:29.731Z
2021,하반기,전문대학,사립,전문대학,인천,기존,0000587,인천재능대학교,1,3321,0,3168,2580,588,95.39,77.69,2026-08-07T09:07:29.731Z
2021,하반기,전문대학,사립,전문대학,인천,기존,0000357,인하공업전문대학,1,5716,0,6387,5165,1222,111.74,90.36,2026-08-07T09:07:29.731Z
2021,하반기,대학교,사립,대학,인천,기존,0000124,인하대학교,1,13898,0,16000,12993,3007,115.12,93.49,2026-08-07T09:07:29.731Z
2021,하반기,기능대학,사립,전문대학,인천,기존,0000481,한국폴리텍 II 대학,1,50,0,40,32,8,80,64,2026-08-07T09:07:29.731Z
2021,하반기,기능대학,사립,전문대학,인천,기존,0000480,한국폴리텍 II 대학,1,1690,0,1848,1372,476,109.35,81.18,2026-08-07T09:07:29.731Z
2021,하반기,전문대학,사립,전문대학,전남,기존,0000585,고구려대학교,1,1867,0,1417,1349,68,75.9,72.25,2026-08-07T09:07:29.731Z
2021,하반기,전문대학,사립,전문대학,전남,기존,0000266,광양보건대학교,1,1594,193,356,317,39,25.41,22.63,2026-08-07T09:07:29.731Z
2021,하반기,대학교,사립,대학,전남,기존,0000054,광주가톨릭대학교,1,160,0,74,74,0,46.25,46.25,2026-08-07T09:07:29.731Z
2021,하반기,대학교,사립,대학,전남,기존,0000074,동신대학교,1,6272,0,5550,4958,592,88.49,79.05,2026-08-07T09:07:29.731Z
2021,하반기,전문대학,사립,전문대학,전남,기존,0000532,동아보건대학교,1,1522,0,1395,1191,204,91.66,78.25,2026-08-07T09:07:29.731Z
2021,하반기,대학교,사립,대학,전남,기존,0000166,목포가톨릭대학교,1,480,0,487,464,23,101.46,96.67,2026-08-07T09:07:29.731Z
2021,하반기,전문대학,사립,전문대학,전남,기존,0000308,목포과학대학교,1,2329,0,2209,1962,247,94.85,84.24,2026-08-07T09:07:29.731Z
2021,하반기,대학교,국립,대학,전남,기존,0000576,목포대학교,1,6452,0,6155,5554,601,95.4,86.08,2026-08-07T09:07:29.731Z
2021,하반기,대학교,국립,대학,전남,기존,0000577,목포해양대학교,1,2764,0,2480,2366,114,89.73,85.6,2026-08-07T09:07:29.731Z
2021,하반기,대학교,사립,대학,전남,기존,0000064,세한대학교,1,3610,0,3318,3136,182,91.91,86.87,2026-08-07T09:07:29.731Z
2021,하반기,대학교,국립,대학,전남,기존,0000579,순천대학교,1,6539,0,6339,5723,616,96.94,87.52,2026-08-07T09:07:29.731Z
2021,하반기,전문대학,사립,전문대학,전남,기존,0000331,순천제일대학교,1,2455,0,2377,1997,380,96.82,81.34,2026-08-07T09:07:29.731Z
2021,하반기,대학교,사립,대학,전남,기존,0000114,영산선학대학교,1,200,0,32,30,2,16,15,2026-08-07T09:07:29.731Z
2021,하반기,전문대학,사립,전문대학,전남,기존,0000360,전남과학대학교,1,3100,0,3529,2479,1050,113.84,79.97,2026-08-07T09:07:29.731Z
2021,하반기,전문대학,공립,전문대학,전남,기존,0000389,전남도립대학교,1,1515,0,1038,997,41,68.51,65.81,2026-08-07T09:07:29.731Z
2021,하반기,전문대학,사립,전문대학,전남,기존,0000332,청암대학교,1,2777,0,2319,2003,316,83.51,72.13,2026-08-07T09:07:29.731Z
2021,하반기,대학교,사립,대학,전남,기존,0000190,초당대학교,1,3008,0,2978,2709,269,99,90.06,2026-08-07T09:07:29.731Z
2021,하반기,기능대학,사립,전문대학,전남,기존,0000543,한국폴리텍 V 대학,1,0,0,19,0,19,0,0,2026-08-07T09:07:29.731Z
2021,하반기,기능대학,사립,전문대학,전남,기존,0000554,한국폴리텍 V 대학,1,200,0,195,169,26,97.5,84.5,2026-08-07T09:07:29.731Z
2021,하반기,전문대학,사립,전문대학,전남,기존,0000546,한영대학,1,1250,0,1270,1023,247,101.6,81.84,2026-08-07T09:07:29.731Z
2021,하반기,전문대학,사립,전문대학,전북,기존,0000250,군산간호대학교,1,884,0,1149,841,308,129.98,95.14,2026-08-07T09:07:29.731Z
2021,하반기,대학교,국립,대학,전북,기존,0000574,군산대학교,1,6940,0,6264,5695,569,90.26,82.06,2026-08-07T09:07:29.731Z
2021,하반기,전문대학,사립,전문대학,전북,기존,0000270,군장대학교,1,1569,0,1798,1326,472,114.6,84.51,2026-08-07T09:07:29.731Z
2021,하반기,전문대학,사립,전문대학,전북,기존,0000311,백제예술대학교,1,1320,0,1023,967,56,77.5,73.26,2026-08-07T09:07:29.731Z
2021,하반기,대학교,사립,대학,전북,기존,0000173,예수대학교,1,506,0,531,495,36,104.94,97.83,2026-08-07T09:07:29.731Z
2021,하반기,대학교,사립,대학,전북,기존,0000164,예원예술대학교,2,1193,0,1412,878,534,118.36,73.6,2026-08-07T09:07:29.731Z
2021,하반기,대학교,사립,대학,전북,기존,0000116,우석대학교,1,7080,0,6638,5782,856,93.76,81.67,2026-08-07T09:07:29.731Z
2021,하반기,대학교,사립,대학,전북,기존,0000118,원광대학교,1,14796,0,13294,12423,871,89.85,83.96,2026-08-07T09:07:29.731Z
2021,하반기,사이버대학(대학),사립,대학,전북,기존,0000417,원광디지털대학교,1,4770,0,4922,3969,953,103.19,83.21,2026-08-07T09:07:29.731Z
2021,하반기,전문대학,사립,전문대학,전북,기존,0000354,원광보건대학교,1,3997,0,4291,3411,880,107.36,85.34,2026-08-07T09:07:29.731Z
2021,하반기,전문대학,사립,전문대학,전북,기존,0000362,전북과학대학교,1,1447,0,1664,1298,366,115,89.7,2026-08-07T09:07:29.731Z
2021,하반기,대학교,국립,대학,전북,기존,0000017,전북대학교,1,15670,0,16535,14639,1896,105.52,93.42,2026-08-07T09:07:29.731Z
2021,하반기,교육대학,국립,대학,전북,기존,0000201,전주교육대학교,1,1140,0,1162,1098,64,101.93,96.32,2026-08-07T09:07:29.731Z
2021,하반기,전문대학,사립,전문대학,전북,기존,0000274,전주기전대학,1,2068,0,1421,1320,101,68.71,63.83,2026-08-07T09:07:29.731Z
2021,하반기,대학교,사립,대학,전북,기존,0000126,전주대학교,1,10138,0,10586,9118,1468,104.42,89.94,2026-08-07T09:07:29.731Z
2021,하반기,전문대학,사립,전문대학,전북,기존,0000361,전주비전대학교,1,2592,0,3404,2354,1050,131.33,90.82,2026-08-07T09:07:29.731Z
2021,하반기,전문대학,특별법국립,전문대학,전북,기존,0000473,한국농수산대학,1,1670,0,1583,1466,117,94.79,87.78,2026-08-07T09:07:29.731Z
2021,하반기,기능대학,사립,전문대학,전북,기존,0000493,한국폴리텍 V 대학,1,100,0,112,73,39,112,73,2026-08-07T09:07:29.731Z
2021,하반기,기능대학,사립,전문대학,전북,기존,0000553,한국폴리텍 V 대학,1,480,0,423,374,49,88.13,77.92,2026-08-07T09:07:29.731Z
2021,하반기,대학교,사립,대학,전북,기존,0000155,한일장신대학교,1,876,0,792,688,104,90.41,78.54,2026-08-07T09:07:29.731Z
2021,하반기,산업대학,사립,대학,전북,기존,0000223,호원대학교,1,4504,0,4692,3415,1277,104.17,75.82,2026-08-07T09:07:29.731Z
2021,하반기,전문대학,사립,전문대학,제주,기존,0000363,제주관광대학교,1,2350,0,1627,1498,129,69.23,63.74,2026-08-07T09:07:29.731Z
2021,하반기,대학교,사립,대학,제주,기존,0000192,제주국제대학교,1,2079,0,694,679,15,33.38,32.66,2026-08-07T09:07:29.731Z
2021,하반기,대학교,국립,대학,제주,기존,0000018,제주대학교,1,8520,0,8778,7886,892,103.03,92.56,2026-08-07T09:07:29.731Z
2021,하반기,전문대학,사립,전문대학,제주,기존,0000382,제주한라대학교,1,4646,0,5253,3582,1671,113.07,77.1,2026-08-07T09:07:29.731Z
2021,하반기,기능대학,사립,전문대학,제주,기존,0000535,한국폴리텍 I 대학,1,50,0,45,40,5,90,80,2026-08-07T09:07:29.731Z
2021,하반기,대학교,사립,대학,충남,기존,0000038,건양대학교,2,6800,0,6453,5973,480,94.9,87.84,2026-08-07T09:07:29.731Z
2021,하반기,교육대학,국립,대학,충남,기존,0000195,공주교육대학교,1,1416,0,1378,1274,104,97.32,89.97,2026-08-07T09:07:29.731Z
2021,하반기,대학교,국립,대학,충남,기존,0000573,공주대학교,1,10977,0,11691,10053,1638,106.5,91.58,2026-08-07T09:07:29.731Z
2021,하반기,사이버대학(대학),사립,대학,충남,기존,0000424,글로벌사이버대학교,1,3425,0,2206,2182,24,64.41,63.71,2026-08-07T09:07:29.731Z
2021,하반기,대학교,사립,대학,충남,기존,0000169,금강대학교,1,475,0,232,225,7,48.84,47.37,2026-08-07T09:07:29.731Z
2021,하반기,대학교,사립,대학,충남,기존,0000059,나사렛대학교,1,4844,60,4524,3972,552,94.57,83.03,2026-08-07T09:07:29.731Z
2021,하반기,대학교,사립,대학,충남,기존,0000189,남서울대학교,1,8798,0,8900,7722,1178,101.16,87.77,2026-08-07T09:07:29.731Z
2021,하반기,대학교,사립,대학,충남,기존,0000131,백석대학교,1,11460,0,11161,10107,1054,97.39,88.19,2026-08-07T09:07:29.731Z
2021,하반기,전문대학,사립,전문대학,충남,기존,0000373,백석문화대학교,1,5387,0,4605,3956,649,85.48,73.44,2026-08-07T09:07:29.731Z
2021,하반기,대학교,사립,대학,충남,기존,0000094,선문대학교,1,8242,0,8580,7069,1511,104.1,85.77,2026-08-07T09:07:29.731Z
2021,하반기,대학교,사립,대학,충남,기존,0000104,순천향대학교,1,9634,0,10142,8774,1368,105.27,91.07,2026-08-07T09:07:29.731Z
2021,하반기,전문대학,사립,전문대학,충남,기존,0000335,신성대학교,1,3492,152,3090,2548,542,92.51,76.29,2026-08-07T09:07:29.731Z
2021,하반기,전문대학,사립,전문대학,충남,기존,000568,아주자동차대학,1,988,0,790,767,23,79.96,77.63,2026-08-07T09:07:29.731Z
2021,하반기,전문대학,사립,전문대학,충남,기존,0000529,연암대학교,1,966,0,998,849,149,103.31,87.89,2026-08-07T09:07:29.731Z
2021,하반기,대학교,사립,대학,충남,기존,0000128,중부대학교,1,7780,0,7010,6164,846,90.1,79.23,2026-08-07T09:07:29.731Z
2021,하반기,산업대학,사립,대학,충남,기존,0000225,청운대학교,1,5034,0,5425,4075,1350,107.77,80.95,2026-08-07T09:07:29.731Z
2021,하반기,전문대학,공립,전문대학,충남,기존,0000519,충남도립대학교,1,1092,0,956,872,84,87.55,79.85,2026-08-07T09:07:29.731Z
2021,하반기,대학교,사립,대학,충남,기존,0000141,한국기술교육대학교,1,3344,0,3651,3126,525,109.18,93.48,2026-08-07T09:07:29.731Z
2021,하반기,대학교,특별법국립,대학,충남,기존,0000472,한국전통문화대학교,1,560,0,590,576,14,105.36,102.86,2026-08-07T09:07:29.731Z
2021,하반기,기능대학,사립,전문대학,충남,기존,0000500,한국폴리텍 특성화대학,1,360,0,407,352,55,113.06,97.78,2026-08-07T09:07:29.731Z
2021,하반기,기능대학,사립,전문대학,충남,기존,0000487,한국폴리텍 IV 대학,1,450,0,474,404,70,105.33,89.78,2026-08-07T09:07:29.731Z
2021,하반기,기능대학,사립,전문대학,충남,기존,0000588,한국폴리텍 IV 대학,1,240,0,203,195,8,84.58,81.25,2026-08-07T09:07:29.731Z
2021,하반기,대학교,사립,대학,충남,기존,0000149,한서대학교,1,6316,0,6295,5624,671,99.67,89.04,2026-08-07T09:07:29.731Z
2021,하반기,전문대학,사립,전문대학,충남,기존,0000386,혜전대학교,1,2728,0,2423,1977,446,88.82,72.47,2026-08-07T09:07:29.731Z
2021,하반기,대학교,사립,대학,충남,기존,0000159,호서대학교,1,11562,0,11295,10270,1025,97.69,88.83,2026-08-07T09:07:29.731Z
2021,하반기,전문대학,사립,전문대학,충북,기존,0000271,강동대학교,1,3800,14,2904,2507,397,76.7,66.22,2026-08-07T09:07:29.731Z
2021,하반기,대학교,사립,대학,충북,기존,0000037,건국대학교,2,18334,0,20581,17158,3423,112.26,93.59,2026-08-07T09:07:29.731Z
2021,하반기,대학교,사립,대학,충북,기존,0000058,극동대학교,1,3646,0,3057,2843,214,83.85,77.98,2026-08-07T09:07:29.731Z
2021,하반기,대학교,사립,대학,충북,기존,0000557,꽃동네대학교,1,432,0,413,389,24,95.6,90.05,2026-08-07T09:07:29.731Z
2021,하반기,전문대학,사립,전문대학,충북,기존,0000286,대원대학교,1,2518,0,2155,1907,248,85.58,75.73,2026-08-07T09:07:29.731Z
2021,하반기,대학교,사립,대학,충북,기존,0000093,서원대학교,1,6488,0,5985,5486,499,92.25,84.56,2026-08-07T09:07:29.731Z
2021,하반기,대학교,사립,대학,충북,기존,0000099,세명대학교,1,7640,0,6658,6130,528,87.15,80.24,2026-08-07T09:07:29.731Z
2021,하반기,각종학교(대학),사립,대학,충북,기존,0000404,순복음총회신학교,1,308,0,122,122,0,39.61,39.61,2026-08-07T09:07:29.731Z
2021,하반기,대학교,사립,대학,충북,기존,0000113,유원대학교,1,3690,0,3116,2882,234,84.44,78.1,2026-08-07T09:07:29.731Z
2021,하반기,대학교,사립,대학,충북,기존,0000183,중원대학교,1,3775,0,3366,3138,228,89.17,83.13,2026-08-07T09:07:29.731Z
2021,하반기,교육대학,국립,대학,충북,기존,0000204,청주교육대학교,1,1144,0,1176,1091,85,102.8,95.37,2026-08-07T09:07:29.731Z
2021,하반기,대학교,사립,대학,충북,기존,0000132,청주대학교,1,10567,0,10137,9334,803,95.93,88.33,2026-08-07T09:07:29.731Z
2021,하반기,대학교,국립,대학,충북,기존,0000021,충북대학교,1,11390,0,12059,10604,1455,105.87,93.1,2026-08-07T09:07:29.731Z
2021,하반기,전문대학,공립,전문대학,충북,기존,0000544,충북도립대학,1,870,0,687,682,5,78.97,78.39,2026-08-07T09:07:29.731Z
2021,하반기,전문대학,사립,전문대학,충북,기존,0000367,충북보건과학대학교,1,2594,0,2459,2092,367,94.8,80.65,2026-08-07T09:07:29.731Z
2021,하반기,전문대학,사립,전문대학,충북,기존,0000377,충청대학교,1,3777,0,3334,2744,590,88.27,72.65,2026-08-07T09:07:29.731Z
2021,하반기,대학교,국립,대학,충북,기존,0000022,한국교원대학교,1,2184,0,2298,2140,158,105.22,97.99,2026-08-07T09:07:29.731Z
2021,하반기,대학교,국립,대학,충북,기존,0000582,한국교통대학교,1,7671,0,7462,6797,665,97.28,88.61,2026-08-07T09:07:29.731Z
2021,하반기,기능대학,사립,전문대학,충북,기존,0000485,한국폴리텍 IV 대학,1,650,0,711,599,112,109.38,92.15,2026-08-07T09:07:29.731Z
2022,상반기,대학교,사립,대학,강원,기존,0000513,가톨릭관동대학교,1,8189,0,6856,6320,536,83.72,77.18,2026-08-07T09:07:29.731Z
2022,상반기,전문대학,사립,전문대학,강원,기존,0000347,강릉영동대학교,1,2469,0,2330,1864,466,94.37,75.5,2026-08-07T09:07:29.731Z
2022,상반기,대학교,국립,대학,강원,기존,0000572,강릉원주대학교,2,7412,92,7161,6592,569,97.83,90.05,2026-08-07T09:07:29.731Z
2022,상반기,전문대학,사립,전문대학,강원,폐교,0000378,강원관광대학교,1,372,10,415,340,75,114.64,93.92,2026-08-07T09:07:29.731Z
2022,상반기,대학교,국립,대학,강원,기존,0000002,강원대학교,2,18268,0,18630,17182,1448,101.98,94.06,2026-08-07T09:07:29.731Z
2022,상반기,전문대학,공립,전문대학,강원,기존,0000531,강원도립대학교,1,654,0,552,551,1,84.4,84.25,2026-08-07T09:07:29.731Z
2022,상반기,대학교,사립,대학,강원,기존,0000041,경동대학교,3,6858,0,7067,6132,935,103.05,89.41,2026-08-07T09:07:29.731Z
2022,상반기,대학교,사립,대학,강원,기존,0000086,상지대학교,1,8455,0,6248,5789,459,73.9,68.47,2026-08-07T09:07:29.731Z
2022,상반기,전문대학,사립,전문대학,강원,폐교,0000319,상지영서대학교,1,0,0,47,45,2,0,0,2026-08-07T09:07:29.731Z
2022,상반기,전문대학,사립,전문대학,강원,기존,0000348,세경대학교,1,951,0,917,772,145,96.42,81.18,2026-08-07T09:07:29.731Z
2022,상반기,전문대학,사립,전문대학,강원,기존,0000393,송곡대학교,1,573,0,736,490,246,128.45,85.51,2026-08-07T09:07:29.731Z
2022,상반기,전문대학,사립,전문대학,강원,기존,0000390,송호대학교,1,890,1,777,612,165,87.4,68.84,2026-08-07T09:07:29.731Z
2022,상반기,대학교,사립,대학,강원,기존,0000110,연세대학교,2,19932,0,26144,20448,5696,131.17,102.59,2026-08-07T09:07:29.731Z
2022,상반기,교육대학,국립,대학,강원,기존,0000205,춘천교육대학교,1,1284,0,1294,1215,79,100.78,94.63,2026-08-07T09:07:29.731Z
2022,상반기,전문대학,사립,전문대학,강원,기존,0000542,한국골프대학,1,480,0,425,386,39,88.54,80.42,2026-08-07T09:07:29.731Z
2022,상반기,기능대학,사립,전문대학,강원,기존,0000483,한국폴리텍 III 대학,1,120,0,132,115,17,110,95.83,2026-08-07T09:07:29.731Z
2022,상반기,기능대학,사립,전문대학,강원,기존,0000517,한국폴리텍 III 대학,1,100,0,100,72,28,100,72,2026-08-07T09:07:29.731Z
2022,상반기,기능대학,사립,전문대학,강원,기존,0000482,한국폴리텍 III 대학,1,250,0,240,192,48,96,76.8,2026-08-07T09:07:29.731Z
2022,상반기,대학교,사립,대학,강원,기존,0000147,한라대학교,1,3549,0,3156,2907,249,88.93,81.91,2026-08-07T09:07:29.731Z
2022,상반기,대학교,사립,대학,강원,기존,0000148,한림대학교,1,7116,0,7568,6882,686,106.35,96.71,2026-08-07T09:07:29.731Z
2022,상반기,전문대학,사립,전문대학,강원,기존,0000383,한림성심대학교,1,2503,0,2761,2149,612,110.31,85.86,2026-08-07T09:07:29.731Z
2022,상반기,대학교,사립,대학,경기,기존,0000044,가천대학교,1,15735,0,19370,15767,3603,123.1,100.2,2026-08-07T09:07:29.731Z
2022,상반기,대학교,사립,대학,경기,기존,0000034,가톨릭대학교,3,7238,0,7928,6982,946,109.53,96.46,2026-08-07T09:07:29.731Z
2022,상반기,대학교,사립,대학,경기,기존,0000036,강남대학교,1,5964,0,6325,5842,483,106.05,97.95,2026-08-07T09:07:29.731Z
2022,상반기,전문대학,사립,전문대학,경기,기존,0000387,경기과학기술대학교,1,3456,0,4411,3003,1408,127.63,86.89,2026-08-07T09:07:29.731Z
2022,상반기,대학교,사립,대학,경기,기존,0000039,경기대학교,2,11759,0,13243,11156,2087,112.62,94.87,2026-08-07T09:07:29.731Z
2022,상반기,전문대학,사립,전문대학,경기,기존,0000255,경민대학교,1,3608,0,3790,2998,792,105.04,83.09,2026-08-07T09:07:29.731Z
2022,상반기,전문대학,사립,전문대학,경기,기존,0000259,경복대학교,1,5232,0,6134,4780,1354,117.24,91.36,2026-08-07T09:07:29.731Z
2022,상반기,전문대학,사립,전문대학,경기,기존,0000264,계원예술대학교,1,2424,0,2804,2440,364,115.68,100.66,2026-08-07T09:07:29.731Z
2022,상반기,전문대학,사립,전문대학,경기,기존,0000379,국제대학교,1,3683,0,3107,2703,404,84.36,73.39,2026-08-07T09:07:29.731Z
2022,상반기,사이버대학(대학),사립,대학,경기,기존,0000409,국제사이버대학교,1,2880,0,3356,2619,737,116.53,90.94,2026-08-07T09:07:29.731Z
2022,상반기,전문대학,사립,전문대학,경기,기존,0000277,김포대학교,1,2724,0,2039,1564,475,74.85,57.42,2026-08-07T09:07:29.731Z
2022,상반기,전문대학,사립,전문대학,경기,기존,0000278,농협대학교,1,175,0,399,171,228,228,97.71,2026-08-07T09:07:29.731Z
2022,상반기,대학교,사립,대학,경기,기존,0000060,단국대학교,2,18835,0,22015,19209,2806,116.88,101.99,2026-08-07T09:07:29.731Z
2022,상반기,전문대학,사립,전문대학,경기,기존,0000285,대림대학교,1,5718,0,6901,5343,1558,120.69,93.44,2026-08-07T09:07:29.731Z
2022,상반기,대학교,사립,대학,경기,기존,0000068,대진대학교,1,7172,0,7243,6633,610,100.99,92.48,2026-08-07T09:07:29.731Z
2022,상반기,전문대학,사립,전문대학,경기,기존,0000294,동남보건대학교,1,4123,0,4569,3703,866,110.82,89.81,2026-08-07T09:07:29.731Z
2022,상반기,전문대학,사립,전문대학,경기,기존,0000287,동서울대학교,1,5561,0,5788,5067,721,104.08,91.12,2026-08-07T09:07:29.731Z
2022,상반기,전문대학,사립,전문대학,경기,기존,0000298,동아방송예술대학교,1,2469,0,3043,2259,784,123.25,91.49,2026-08-07T09:07:29.731Z
2022,상반기,전문대학,사립,전문대학,경기,기존,0000302,동원대학교,1,3018,0,2630,2262,368,87.14,74.95,2026-08-07T09:07:29.731Z
2022,상반기,전문대학,사립,전문대학,경기,기존,0000305,두원공과대학교,1,4209,0,2559,2305,254,60.8,54.76,2026-08-07T09:07:29.731Z
2022,상반기,대학교,사립,대학,경기,기존,0000078,루터대학교,1,340,0,337,328,9,99.12,96.47,2026-08-07T09:07:29.731Z
2022,상반기,대학교,사립,대학,경기,기존,0000079,명지대학교,2,10734,0,13676,10429,3247,127.41,97.16,2026-08-07T09:07:29.731Z
2022,상반기,전문대학,사립,전문대학,경기,기존,0000316,부천대학교,1,5266,0,7523,5119,2404,142.86,97.21,2026-08-07T09:07:29.731Z
2022,상반기,대학교,사립,대학,경기,기존,0000090,서울신학대학교,1,1918,0,2082,1940,142,108.55,101.15,2026-08-07T09:07:29.731Z
2022,상반기,전문대학,사립,전문대학,경기,기존,0000323,서울예술대학교,1,1792,0,3094,1783,1311,172.66,99.5,2026-08-07T09:07:29.731Z
2022,상반기,대학교,사립,대학,경기,기존,0000092,서울장신대학교,1,443,0,323,306,17,72.91,69.07,2026-08-07T09:07:29.731Z
2022,상반기,전문대학,사립,전문대학,경기,기존,0000392,서정대학교,1,3123,0,6635,3051,3584,212.46,97.69,2026-08-07T09:07:29.731Z
2022,상반기,대학교,사립,대학,경기,기존,0000095,성결대학교,1,4912,0,5290,4924,366,107.7,100.24,2026-08-07T09:07:29.731Z
2022,상반기,대학교,사립,대학,경기,기존,0000101,수원가톨릭대학교,1,360,0,122,115,7,33.89,31.94,2026-08-07T09:07:29.731Z
2022,상반기,전문대학,사립,전문대학,경기,기존,0000330,수원과학대학교,1,4814,0,4292,3786,506,89.16,78.65,2026-08-07T09:07:29.731Z
2022,상반기,대학교,사립,대학,경기,기존,0000102,수원대학교,1,8652,0,8587,7915,672,99.25,91.48,2026-08-07T09:07:29.731Z
2022,상반기,전문대학,사립,전문대학,경기,기존,0000329,수원여자대학교,1,4008,0,3851,3441,410,96.08,85.85,2026-08-07T09:07:29.731Z
2022,상반기,대학교,사립,대학,경기,기존,000567,신경대학교,1,984,26,374,349,25,39.04,36.43,2026-08-07T09:07:29.731Z
2022,상반기,전문대학,사립,전문대학,경기,기존,0000334,신구대학교,1,6080,0,6318,5481,837,103.91,90.15,2026-08-07T09:07:29.731Z
2022,상반기,전문대학,사립,전문대학,경기,기존,0000339,신안산대학교,1,3445,0,2693,2336,357,78.17,67.81,2026-08-07T09:07:29.731Z
2022,상반기,대학교,사립,대학,경기,기존,000509,신한대학교,2,5764,0,6233,5395,838,108.14,93.6,2026-08-07T09:07:29.731Z
2022,상반기,전문대학,사립,전문대학,경기,폐교,0000336,신흥대학교,1,0,0,0,0,0,0,0,2026-08-07T09:07:29.731Z
2022,상반기,대학교,사립,대학,경기,기존,0000558,아신대학교,1,692,0,410,398,12,59.25,57.51,2026-08-07T09:07:29.731Z
2022,상반기,대학교,사립,대학,경기,기존,0000108,아주대학교,1,7672,0,9705,8027,1678,126.5,104.63,2026-08-07T09:07:29.731Z
2022,상반기,전문대학,사립,전문대학,경기,기존,0000340,안산대학교,1,4014,0,4118,3323,795,102.59,82.79,2026-08-07T09:07:29.731Z
2022,상반기,대학교,사립,대학,경기,기존,0000109,안양대학교,2,4579,0,4577,4276,301,99.96,93.38,2026-08-07T09:07:29.731Z
2022,상반기,전문대학,사립,전문대학,경기,기존,0000343,여주대학교,1,4553,0,4063,3386,677,89.24,74.37,2026-08-07T09:07:29.731Z
2022,상반기,전문대학,사립,전문대학,경기,기존,0000341,연성대학교,1,5581,0,5824,5179,645,104.35,92.8,2026-08-07T09:07:29.731Z
2022,상반기,전문대학,사립,전문대학,경기,기존,0000350,오산대학교,1,4137,1,4099,3520,579,99.11,85.11,2026-08-07T09:07:29.731Z
2022,상반기,대학교,사립,대학,경기,기존,0000115,용인대학교,1,5330,0,5444,4976,468,102.14,93.36,2026-08-07T09:07:29.731Z
2022,상반기,전문대학,사립,전문대학,경기,기존,0000559,용인예술과학대학교,1,3574,159,2858,2538,320,83.69,74.32,2026-08-07T09:07:29.731Z
2022,상반기,전문대학,사립,전문대학,경기,기존,0000394,웅지세무대학교,1,1617,0,681,666,15,42.12,41.19,2026-08-07T09:07:29.731Z
2022,상반기,전문대학,사립,전문대학,경기,기존,0000355,유한대학교,1,4397,0,4748,4305,443,107.98,97.91,2026-08-07T09:07:29.731Z
2022,상반기,전문대학,사립,전문대학,경기,기존,0000358,장안대학교,1,5013,0,3270,2910,360,65.23,58.05,2026-08-07T09:07:29.731Z
2022,상반기,대학교,사립,대학,경기,기존,0000130,중앙승가대학교,1,480,0,102,102,0,21.25,21.25,2026-08-07T09:07:29.731Z
2022,상반기,대학교,사립,대학,경기,기존,0000139,차의과학대학교,1,2016,0,2227,2033,194,110.47,100.84,2026-08-07T09:07:29.731Z
2022,상반기,전문대학,사립,전문대학,경기,기존,0000374,청강문화산업대학교,1,3398,0,3700,3291,409,108.89,96.85,2026-08-07T09:07:29.731Z
2022,상반기,대학교,사립,대학,경기,기존,0000136,칼빈대학교,1,360,0,429,311,118,119.17,86.39,2026-08-07T09:07:29.731Z
2022,상반기,대학교,사립,대학,경기,기존,0000138,평택대학교,1,3320,25,3269,2830,439,99.21,85.89,2026-08-07T09:07:29.731Z
2022,상반기,대학교,국립,대학,경기,기존,0000568,한경대학교,1,4524,0,4969,4458,511,109.84,98.54,2026-08-07T09:07:29.731Z
2022,상반기,전문대학,사립,전문대학,경기,기존,0000391,한국관광대학교,1,1860,0,1453,1269,184,78.12,68.23,2026-08-07T09:07:29.731Z
2022,상반기,전문대학,국립,전문대학,경기,폐교,0000248,한국복지대학교,1,723,0,646,560,86,89.35,77.46,2026-08-07T09:07:29.731Z
2022,상반기,대학교,사립,대학,경기,기존,0000562,한국산업기술대학교,1,5520,0,7054,5698,1356,127.79,103.22,2026-08-07T09:07:29.731Z
2022,상반기,산업대학,사립,대학,경기,폐교,0000214,한국산업기술대학교(산업대),1,0,0,0,0,0,0,0,2026-08-07T09:07:29.731Z
2022,상반기,기능대학,사립,전문대학,경기,기존,0000479,한국폴리텍 I 대학,1,740,0,701,587,114,94.73,79.32,2026-08-07T09:07:29.731Z
2022,상반기,기능대학,사립,전문대학,경기,기존,0000555,한국폴리텍 II 대학,1,0,0,23,0,23,0,0,2026-08-07T09:07:29.731Z
2022,상반기,기능대학,사립,전문대학,경기,기존,0000548,한국폴리텍 II 대학,1,660,0,545,456,89,82.58,69.09,2026-08-07T09:07:29.731Z
2022,상반기,대학교,사립,대학,경기,기존,0000144,한국항공대학교,1,3432,0,4075,3570,505,118.74,104.02,2026-08-07T09:07:29.731Z
2022,상반기,대학교,사립,대학,경기,폐교,0000175,한북대학교,1,0,0,0,0,0,0,0,2026-08-07T09:07:29.731Z
2022,상반기,대학교,사립,대학,경기,기존,0000151,한세대학교,1,2264,0,2494,2292,202,110.16,101.24,2026-08-07T09:07:29.731Z
2022,상반기,대학교,사립,대학,경기,기존,0000152,한신대학교,1,4684,0,5301,4689,612,113.17,100.11,2026-08-07T09:07:29.731Z
2022,상반기,대학교,사립,대학,경기,기존,0000153,한양대학교,2,19219,0,25155,18820,6335,130.89,97.92,2026-08-07T09:07:29.731Z
2022,상반기,대학교,사립,대학,경기,기존,0000156,협성대학교,1,4016,0,4030,3727,303,100.35,92.8,2026-08-07T09:07:29.731Z
2022,상반기,기능대학,사립,전문대학,경기,기존,0000516,ICT폴리텍대학,1,320,0,273,266,7,85.31,83.13,2026-08-07T09:07:29.731Z
2022,상반기,전문대학,사립,전문대학,경남,기존,0000251,거제대학교,1,1149,0,991,832,159,86.25,72.41,2026-08-07T09:07:29.731Z
2022,상반기,대학교,국립,대학,경남,폐교,0000026,경남과학기술대학교,1,3530,0,3294,3157,137,93.31,89.43,2026-08-07T09:07:29.731Z
2022,상반기,대학교,사립,대학,경남,기존,0000040,경남대학교,1,10680,0,10194,9437,757,95.45,88.36,2026-08-07T09:07:29.731Z
2022,상반기,전문대학,공립,전문대학,경남,기존,0000242,경남도립거창대학,1,874,0,844,830,14,96.57,94.97,2026-08-07T09:07:29.731Z
2022,상반기,전문대학,공립,전문대학,경남,기존,0000243,경남도립남해대학,1,785,0,805,773,32,102.55,98.47,2026-08-07T09:07:29.731Z
2022,상반기,대학교,국립,대학,경남,기존,0000556,경상대학교,1,13853,0,14185,13099,1086,102.4,94.56,2026-08-07T09:07:29.731Z
2022,상반기,전문대학,사립,전문대학,경남,기존,0000395,김해대학교,1,1306,0,1440,1169,271,110.26,89.51,2026-08-07T09:07:29.731Z
2022,상반기,전문대학,사립,전문대학,경남,기존,0000342,동원과학기술대학교,1,1919,0,2372,1639,733,123.61,85.41,2026-08-07T09:07:29.731Z
2022,상반기,전문대학,사립,전문대학,경남,기존,0000306,마산대학교,1,5349,0,5341,4472,869,99.85,83.6,2026-08-07T09:07:29.731Z
2022,상반기,대학교,사립,대학,경남,기존,0000167,부산장신대학교,1,180,0,143,141,2,79.44,78.33,2026-08-07T09:07:29.731Z
2022,상반기,전문대학,사립,전문대학,경남,기존,0000530,연암공과대학교,1,1164,0,1248,1167,81,107.22,100.26,2026-08-07T09:07:29.731Z
2022,상반기,대학교,사립,대학,경남,기존,0000122,인제대학교,2,8554,0,7857,7064,793,91.85,82.58,2026-08-07T09:07:29.731Z
2022,상반기,교육대학,국립,대학,경남,기존,0000203,진주교육대학교,1,1276,0,1299,1222,77,101.8,95.77,2026-08-07T09:07:29.731Z
2022,상반기,전문대학,사립,전문대학,경남,기존,0000369,진주보건대학교,1,2307,0,2564,1977,587,111.14,85.7,2026-08-07T09:07:29.731Z
2022,상반기,대학교,사립,대학,경남,기존,0000193,창신대학교,1,1800,0,1658,1542,116,92.11,85.67,2026-08-07T09:07:29.731Z
2022,상반기,대학교,국립,대학,경남,기존,0000581,창원대학교,1,7037,0,7401,6766,635,105.17,96.15,2026-08-07T09:07:29.731Z
2022,상반기,전문대학,사립,전문대학,경남,기존,0000528,창원문성대학교,1,2102,0,1533,1349,184,72.93,64.18,2026-08-07T09:07:29.731Z
2022,상반기,전문대학,사립,전문대학,경남,기존,0000396,한국승강기대학교,1,594,0,630,572,58,106.06,96.3,2026-08-07T09:07:29.731Z
2022,상반기,기능대학,사립,전문대학,경남,기존,0000503,한국폴리텍 특성화대학,1,480,0,411,352,59,85.63,73.33,2026-08-07T09:07:29.731Z
2022,상반기,기능대학,사립,전문대학,경남,기존,0000563,한국폴리텍 VII 대학,1,0,0,8,0,8,0,0,2026-08-07T09:07:29.731Z
2022,상반기,기능대학,사립,전문대학,경남,기존,0000496,한국폴리텍 VII 대학,1,1200,0,1409,1176,233,117.42,98,2026-08-07T09:07:29.731Z
2022,상반기,대학교,사립,대학,경북,기존,0000032,가야대학교,2,2179,0,1837,1671,166,84.3,76.69,2026-08-07T09:07:29.731Z
2022,상반기,전문대학,사립,전문대학,경북,기존,0000249,가톨릭상지대학교,1,1731,0,1850,1350,500,106.87,77.99,2026-08-07T09:07:29.731Z
2022,상반기,전문대학,사립,전문대학,경북,기존,0000293,경북과학대학교,1,1701,0,1834,1496,338,107.82,87.95,2026-08-07T09:07:29.731Z
2022,상반기,전문대학,공립,전문대학,경북,폐교,0000244,경북도립대학교,1,944,0,850,803,47,90.04,85.06,2026-08-07T09:07:29.731Z
2022,상반기,전문대학,사립,전문대학,경북,기존,0000523,경북보건대학교,1,1181,0,1250,1054,196,105.84,89.25,2026-08-07T09:07:29.731Z
2022,상반기,전문대학,사립,전문대학,경북,기존,0000258,경북전문대학교,1,2340,92,2643,1893,750,117.57,84.21,2026-08-07T09:07:29.731Z
2022,상반기,대학교,사립,대학,경북,기존,0000188,경운대학교,1,4736,0,4207,4008,199,88.83,84.63,2026-08-07T09:07:29.731Z
2022,상반기,산업대학,사립,대학,경북,폐교,0000226,경운대학교(산업대),1,0,0,0,0,0,0,0,2026-08-07T09:07:29.731Z
2022,상반기,대학교,사립,대학,경북,기존,0000045,경일대학교,1,6356,0,6852,6079,773,107.8,95.64,2026-08-07T09:07:29.731Z
2022,상반기,대학교,사립,대학,경북,기존,0000586,경주대학교,1,3048,78,690,536,154,23.23,18.05,2026-08-07T09:07:29.731Z
2022,상반기,전문대학,사립,전문대학,경북,기존,0000268,구미대학교,1,3645,0,5259,3213,2046,144.28,88.15,2026-08-07T09:07:29.731Z
2022,상반기,대학교,국립,대학,경북,기존,0000575,금오공과대학교,1,4861,0,5188,4682,506,106.73,96.32,2026-08-07T09:07:29.731Z
2022,상반기,대학교,사립,대학,경북,기존,0000185,김천대학교,1,2870,0,2574,2281,293,89.69,79.48,2026-08-07T09:07:29.731Z
2022,상반기,전문대학,사립,전문대학,경북,기존,0000279,대경대학교,1,3830,163,3767,3095,672,102.73,84.4,2026-08-07T09:07:29.731Z
2022,상반기,대학교,사립,대학,경북,기존,0000063,대구가톨릭대학교,1,11732,0,11311,10501,810,96.41,89.51,2026-08-07T09:07:29.731Z
2022,상반기,대학교,사립,대학,경북,기존,0000061,대구대학교,1,16027,0,15941,13923,2018,99.46,86.87,2026-08-07T09:07:29.731Z
2022,상반기,사이버대학(대학),사립,대학,경북,기존,0000410,대구사이버대학교,1,3800,0,4562,3347,1215,120.05,88.08,2026-08-07T09:07:29.731Z
2022,상반기,대학교,사립,대학,경북,기존,0000062,대구예술대학교,1,1577,0,595,584,11,37.73,37.03,2026-08-07T09:07:29.731Z
2022,상반기,대학교,사립,대학,경북,기존,0000042,대구한의대학교,1,6288,0,6236,5594,642,99.17,88.96,2026-08-07T09:07:29.731Z
2022,상반기,대학교,사립,대학,경북,기존,0000065,대신대학교,1,464,0,438,431,7,94.4,92.89,2026-08-07T09:07:29.731Z
2022,상반기,대학교,사립,대학,경북,기존,0000071,동국대학교,2,18132,0,20442,17353,3089,112.74,95.7,2026-08-07T09:07:29.731Z
2022,상반기,대학교,사립,대학,경북,기존,0000076,동양대학교,1,4006,0,3852,3618,234,96.16,90.31,2026-08-07T09:07:29.731Z
2022,상반기,전문대학,사립,전문대학,경북,기존,0000309,문경대학교,1,835,0,842,739,103,100.84,88.5,2026-08-07T09:07:29.731Z
2022,상반기,전문대학,사립,전문대학,경북,폐교,0000262,서라벌대학교,1,650,0,580,507,73,89.23,78,2026-08-07T09:07:29.731Z
2022,상반기,전문대학,사립,전문대학,경북,기존,0000380,선린대학교,1,2145,0,2111,1783,328,98.41,83.12,2026-08-07T09:07:29.731Z
2022,상반기,전문대학,사립,전문대학,경북,기존,0000547,성덕대학교,1,1259,0,1540,1161,379,122.32,92.22,2026-08-07T09:07:29.731Z
2022,상반기,전문대학,사립,전문대학,경북,기존,0000338,안동과학대학교,1,2380,0,2162,1806,356,90.84,75.88,2026-08-07T09:07:29.731Z
2022,상반기,대학교,국립,대학,경북,기존,0000580,안동대학교,1,5779,0,4900,4617,283,84.79,79.89,2026-08-07T09:07:29.731Z
2022,상반기,대학교,사립,대학,경북,기존,0000111,영남대학교,1,18641,0,20009,18090,1919,107.34,97.04,2026-08-07T09:07:29.731Z
2022,상반기,대학교,사립,대학,경북,기존,0000112,영남신학대학교,1,460,0,395,367,28,85.87,79.78,2026-08-07T09:07:29.731Z
2022,상반기,전문대학,사립,전문대학,경북,기존,0000257,영남외국어대학,1,794,0,372,347,25,46.85,43.7,2026-08-07T09:07:29.731Z
2022,상반기,대학교,사립,대학,경북,기존,0000119,위덕대학교,1,3117,0,2617,2495,122,83.96,80.04,2026-08-07T09:07:29.731Z
2022,상반기,대학교,사립,대학,경북,기존,0000140,포항공과대학교,1,1280,0,1285,1246,39,100.39,97.34,2026-08-07T09:07:29.731Z
2022,상반기,전문대학,사립,전문대학,경북,기존,0000381,포항대학교,1,1744,0,1532,1333,199,87.84,76.43,2026-08-07T09:07:29.731Z
2022,상반기,사이버대학(전문대학),사립,전문대학,경북,기존,0000407,한국복지사이버대학,1,2000,0,2655,1883,772,132.75,94.15,2026-08-07T09:07:29.731Z
2022,상반기,기능대학,사립,전문대학,경북,기존,0000552,한국폴리텍 특성화대학,1,200,0,124,108,16,62,54,2026-08-07T09:07:29.731Z
2022,상반기,기능대학,사립,전문대학,경북,기존,0000495,한국폴리텍 VI 대학,1,495,0,494,443,51,99.8,89.49,2026-08-07T09:07:29.731Z
2022,상반기,기능대학,사립,전문대학,경북,기존,0000504,한국폴리텍 VI 대학,1,55,0,48,48,0,87.27,87.27,2026-08-07T09:07:29.731Z
2022,상반기,대학교,사립,대학,경북,기존,0000146,한동대학교,1,2916,0,3926,3423,503,134.64,117.39,2026-08-07T09:07:29.731Z
2022,상반기,전문대학,사립,전문대학,경북,기존,0000522,호산대학교,1,1813,68,1816,1447,369,104.07,82.92,2026-08-07T09:07:29.731Z
2022,상반기,대학교,사립,대학,광주,기존,0000052,광신대학교,1,488,0,457,442,15,93.65,90.57,2026-08-07T09:07:29.731Z
2022,상반기,대학교,특별법법인,대학,광주,기존,0000469,광주과학기술원,1,800,2,727,712,15,91.1,89.22,2026-08-07T09:07:29.731Z
2022,상반기,교육대학,국립,대학,광주,기존,0000196,광주교육대학교,1,1304,0,1307,1230,77,100.23,94.33,2026-08-07T09:07:29.731Z
2022,상반기,대학교,사립,대학,광주,기존,0000176,광주대학교,1,6441,0,6368,5947,421,98.87,92.33,2026-08-07T09:07:29.731Z
2022,상반기,전문대학,사립,전문대학,광주,기존,0000267,광주보건대학교,1,3239,0,3639,2916,723,112.35,90.03,2026-08-07T09:07:29.731Z
2022,상반기,대학교,사립,대학,광주,기존,0000055,광주여자대학교,1,3630,0,3766,3373,393,103.75,92.92,2026-08-07T09:07:29.731Z
2022,상반기,전문대학,사립,전문대학,광주,기존,0000273,기독간호대학교,1,444,0,600,438,162,135.14,98.65,2026-08-07T09:07:29.731Z
2022,상반기,대학교,사립,대학,광주,기존,0000162,남부대학교,1,2722,0,3047,2490,557,111.94,91.48,2026-08-07T09:07:29.731Z
2022,상반기,전문대학,사립,전문대학,광주,기존,0000297,동강대학교,1,2611,0,2582,2210,372,98.89,84.64,2026-08-07T09:07:29.731Z
2022,상반기,전문대학,사립,전문대학,광주,기존,0000320,서영대학교,1,4132,0,4912,3676,1236,118.88,88.96,2026-08-07T09:07:29.731Z
2022,상반기,대학교,사립,대학,광주,기존,0000187,송원대학교,1,2930,0,3040,2656,384,103.75,90.65,2026-08-07T09:07:29.731Z
2022,상반기,대학교,국립,대학,광주,기존,0000016,전남대학교,2,16808,0,18766,16827,1939,111.65,100.11,2026-08-07T09:07:29.731Z
2022,상반기,전문대학,사립,전문대학,광주,기존,0000366,조선간호대학교,1,556,0,741,532,209,133.27,95.68,2026-08-07T09:07:29.731Z
2022,상반기,대학교,사립,대학,광주,기존,0000127,조선대학교,1,18053,0,18341,16685,1656,101.6,92.42,2026-08-07T09:07:29.731Z
2022,상반기,전문대학,사립,전문대학,광주,기존,0000365,조선이공대학교,1,3018,0,3068,2741,327,101.66,90.82,2026-08-07T09:07:29.731Z
2022,상반기,기능대학,사립,전문대학,광주,기존,0000489,한국폴리텍 V 대학,1,740,0,808,656,152,109.19,88.65,2026-08-07T09:07:29.731Z
2022,상반기,대학교,사립,대학,광주,기존,0000157,호남대학교,1,6248,0,7002,6056,946,112.07,96.93,2026-08-07T09:07:29.731Z
2022,상반기,대학교,사립,대학,광주,기존,0000158,호남신학대학교,1,534,0,494,491,3,92.51,91.95,2026-08-07T09:07:29.731Z
2022,상반기,대학교,국립,대학,대구,기존,0000003,경북대학교,1,19055,0,21028,18965,2063,110.35,99.53,2026-08-07T09:07:29.731Z
2022,상반기,대학교,사립,대학,대구,기존,0000048,계명대학교,1,18707,0,20753,18529,2224,110.94,99.05,2026-08-07T09:07:29.731Z
2022,상반기,전문대학,사립,전문대학,대구,기존,0000263,계명문화대학교,1,4757,0,4534,3999,535,95.31,84.07,2026-08-07T09:07:29.731Z
2022,상반기,대학교,특별법법인,대학,대구,기존,0000470,대구경북과학기술원,1,880,0,782,774,8,88.86,87.95,2026-08-07T09:07:29.731Z
2022,상반기,전문대학,사립,전문대학,대구,기존,0000280,대구공업대학교,1,1256,0,1475,1165,310,117.44,92.75,2026-08-07T09:07:29.731Z
2022,상반기,전문대학,사립,전문대학,대구,기존,0000283,대구과학대학교,1,3879,0,4113,3434,679,106.03,88.53,2026-08-07T09:07:29.731Z
2022,상반기,교육대학,국립,대학,대구,기존,0000197,대구교육대학교,1,1532,0,1553,1425,128,101.37,93.02,2026-08-07T09:07:29.731Z
2022,상반기,전문대학,사립,전문대학,대구,기존,0000281,대구보건대학교,1,6206,0,6650,5355,1295,107.15,86.29,2026-08-07T09:07:29.731Z
2022,상반기,전문대학,사립,전문대학,대구,기존,0000282,수성대학교,1,3075,0,3348,2829,519,108.88,92,2026-08-07T09:07:29.731Z
2022,상반기,전문대학,사립,전문대학,대구,기존,0000346,영남이공대학교,1,4968,0,5567,4390,1177,112.06,88.37,2026-08-07T09:07:29.731Z
2022,상반기,사이버대학(전문대학),사립,전문대학,대구,기존,0000406,영진사이버대학,1,2600,0,3995,2555,1440,153.65,98.27,2026-08-07T09:07:29.731Z
2022,상반기,전문대학,사립,전문대학,대구,기존,0000349,영진전문대학교,1,5698,0,7111,5423,1688,124.8,95.17,2026-08-07T09:07:29.731Z
2022,상반기,기능대학,사립,전문대학,대구,기존,0000549,한국폴리텍 특성화대학,1,300,0,183,168,15,61,56,2026-08-07T09:07:29.731Z
2022,상반기,기능대학,사립,전문대학,대구,기존,0000494,한국폴리텍 VI 대학,1,570,0,533,464,69,93.51,81.4,2026-08-07T09:07:29.731Z
2022,상반기,사이버대학(대학),사립,대학,대전,기존,0000425,건양사이버대학교,1,3000,0,3496,2791,705,116.53,93.03,2026-08-07T09:07:29.731Z
2022,상반기,전문대학,사립,전문대학,대전,기존,0000376,대덕대학교,1,2947,0,2206,1868,338,74.86,63.39,2026-08-07T09:07:29.731Z
2022,상반기,전문대학,사립,전문대학,대전,기존,0000512,대전과학기술대학교,1,4115,0,3880,3081,799,94.29,74.87,2026-08-07T09:07:29.731Z
2022,상반기,대학교,사립,대학,대전,기존,0000067,대전대학교,1,8275,0,8504,7787,717,102.77,94.1,2026-08-07T09:07:29.731Z
2022,상반기,전문대학,사립,전문대학,대전,기존,0000288,대전보건대학교,1,5250,0,4815,4098,717,91.71,78.06,2026-08-07T09:07:29.731Z
2022,상반기,대학교,사립,대학,대전,기존,0000182,대전신학대학교,1,156,0,55,55,0,35.26,35.26,2026-08-07T09:07:29.731Z
2022,상반기,대학교,사립,대학,대전,기존,0000080,목원대학교,1,7405,0,7120,6674,446,96.15,90.13,2026-08-07T09:07:29.731Z
2022,상반기,대학교,사립,대학,대전,기존,0000081,배재대학교,1,8206,0,7936,7439,497,96.71,90.65,2026-08-07T09:07:29.731Z
2022,상반기,대학교,사립,대학,대전,기존,0000184,우송대학교,1,8016,0,9417,7672,1745,117.48,95.71,2026-08-07T09:07:29.731Z
2022,상반기,산업대학,사립,대학,대전,폐교,0000222,우송대학교(산업대),1,0,0,0,0,0,0,0,2026-08-07T09:07:29.731Z
2022,상반기,전문대학,사립,전문대학,대전,기존,0000289,우송정보대학,1,4150,0,3416,3039,377,82.31,73.23,2026-08-07T09:07:29.731Z
2022,상반기,대학교,사립,대학,대전,기존,0000120,을지대학교,3,4256,0,4267,3904,363,100.26,91.73,2026-08-07T09:07:29.731Z
2022,상반기,대학교,국립,대학,대전,기존,0000020,충남대학교,1,14514,0,16930,15304,1626,116.65,105.44,2026-08-07T09:07:29.731Z
2022,상반기,대학교,사립,대학,대전,기존,0000551,침례신학대학교,1,1330,0,955,926,29,71.8,69.62,2026-08-07T09:07:29.731Z
2022,상반기,대학교,특별법법인,대학,대전,기존,0000468,한국과학기술원,1,3880,0,3665,3286,379,94.46,84.69,2026-08-07T09:07:29.731Z
2022,상반기,기능대학,사립,전문대학,대전,기존,0000484,한국폴리텍 IV 대학,1,760,0,734,618,116,96.58,81.32,2026-08-07T09:07:29.731Z
2022,상반기,대학교,사립,대학,대전,기존,0000145,한남대학교,1,10853,0,11168,10273,895,102.9,94.66,2026-08-07T09:07:29.731Z
2022,상반기,대학교,국립,대학,대전,기존,0000584,한밭대학교,1,7448,0,8203,7183,1020,110.14,96.44,2026-08-07T09:07:29.731Z
2022,상반기,전문대학,사립,전문대학,부산,기존,0000253,경남정보대학교,1,5351,0,6010,4529,1481,112.32,84.64,2026-08-07T09:07:29.731Z
2022,상반기,대학교,사립,대학,부산,기존,0000043,경성대학교,1,11200,0,11785,10371,1414,105.22,92.6,2026-08-07T09:07:29.731Z
2022,상반기,대학교,사립,대학,부산,기존,0000050,고신대학교,1,3696,0,3534,3359,175,95.62,90.88,2026-08-07T09:07:29.731Z
2022,상반기,전문대학,사립,전문대학,부산,기존,0000284,대동대학교,1,1430,0,1478,1175,303,103.36,82.17,2026-08-07T09:07:29.731Z
2022,상반기,대학교,사립,대학,부산,기존,0000180,동명대학교,1,7092,0,7055,6111,944,99.48,86.17,2026-08-07T09:07:29.731Z
2022,상반기,대학교,사립,대학,부산,기존,0000073,동서대학교,1,9259,0,9296,8387,909,100.4,90.58,2026-08-07T09:07:29.731Z
2022,상반기,대학교,사립,대학,부산,기존,0000075,동아대학교,1,16380,0,17887,16176,1711,109.2,98.75,2026-08-07T09:07:29.731Z
2022,상반기,전문대학,사립,전문대학,부산,기존,0000303,동의과학대학교,1,4263,0,4102,3204,898,96.22,75.16,2026-08-07T09:07:29.731Z
2022,상반기,대학교,사립,대학,부산,기존,0000077,동의대학교,1,14560,0,14514,13284,1230,99.68,91.24,2026-08-07T09:07:29.731Z
2022,상반기,전문대학,사립,전문대학,부산,기존,0000569,동주대학교,1,2850,0,2522,2125,397,88.49,74.56,2026-08-07T09:07:29.731Z
2022,상반기,대학교,국립,대학,부산,기존,0000578,부경대학교,1,13121,0,15213,13226,1987,115.94,100.8,2026-08-07T09:07:29.731Z
2022,상반기,대학교,사립,대학,부산,기존,0000082,부산가톨릭대학교,1,3483,0,3740,3292,448,107.38,94.52,2026-08-07T09:07:29.731Z
2022,상반기,전문대학,사립,전문대학,부산,기존,0000313,부산경상대학교,1,2608,80,2484,2152,332,98.26,85.13,2026-08-07T09:07:29.731Z
2022,상반기,전문대학,사립,전문대학,부산,기존,0000315,부산과학기술대학교,1,2805,0,3119,2417,702,111.19,86.17,2026-08-07T09:07:29.731Z
2022,상반기,교육대학,국립,대학,부산,기존,0000198,부산교육대학교,1,1424,0,1474,1362,112,103.51,95.65,2026-08-07T09:07:29.731Z
2022,상반기,대학교,국립,대학,부산,기존,0000011,부산대학교,1,17335,0,19258,17438,1820,111.09,100.59,2026-08-07T09:07:29.731Z
2022,상반기,사이버대학(대학),사립,대학,부산,기존,0000411,부산디지털대학교,1,2805,0,2398,2195,203,85.49,78.25,2026-08-07T09:07:29.731Z
2022,상반기,전문대학,사립,전문대학,부산,기존,0000314,부산여자대학교,1,2362,0,2192,1850,342,92.8,78.32,2026-08-07T09:07:29.731Z
2022,상반기,전문대학,사립,전문대학,부산,기존,0000388,부산예술대학교,1,901,0,627,594,33,69.59,65.93,2026-08-07T09:07:29.731Z
2022,상반기,대학교,사립,대학,부산,기존,0000083,부산외국어대학교,1,7099,0,6897,6141,756,97.15,86.51,2026-08-07T09:07:29.731Z
2022,상반기,전문대학,사립,전문대학,부산,폐교,0000326,성심외국어대학,1,0,0,0,0,0,0,0,2026-08-07T09:07:29.731Z
2022,상반기,대학교,사립,대학,부산,기존,0000106,신라대학교,1,8330,0,7550,6837,713,90.64,82.08,2026-08-07T09:07:29.731Z
2022,상반기,대학교,사립,대학,부산,기존,0000181,영산대학교,2,5906,0,5837,5139,698,98.83,87.01,2026-08-07T09:07:29.731Z
2022,상반기,기능대학,사립,전문대학,부산,기존,0000564,한국폴리텍 VII 대학,1,0,0,5,0,5,0,0,2026-08-07T09:07:29.731Z
2022,상반기,기능대학,사립,전문대학,부산,기존,0000497,한국폴리텍 VII 대학,1,830,0,726,630,96,87.47,75.9,2026-08-07T09:07:29.731Z
2022,상반기,대학교,국립,대학,부산,기존,0000583,한국해양대학교,1,5624,0,6178,5603,575,109.85,99.63,2026-08-07T09:07:29.731Z
2022,상반기,사이버대학(대학),사립,대학,부산,기존,0000423,화신사이버대학교,1,1390,0,1581,1248,333,113.74,89.78,2026-08-07T09:07:29.731Z
2022,상반기,대학교,사립,대학,서울,기존,0000035,감리교신학대학교,1,800,0,635,608,27,79.38,76,2026-08-07T09:07:29.731Z
2022,상반기,대학교,사립,대학,서울,기존,0000565,강서대학교,1,1108,0,1560,1115,445,140.79,100.63,2026-08-07T09:07:29.731Z
2022,상반기,대학교,사립,대학,서울,기존,0000047,경희대학교,1,19753,0,25998,20006,5992,131.62,101.28,2026-08-07T09:07:29.731Z
2022,상반기,사이버대학(대학),사립,대학,서울,기존,0000408,경희사이버대학교,1,9250,0,10880,7750,3130,117.62,83.78,2026-08-07T09:07:29.731Z
2022,상반기,사이버대학(대학),사립,대학,서울,기존,0000418,고려사이버대학교,1,7574,0,10404,7622,2782,137.36,100.63,2026-08-07T09:07:29.731Z
2022,상반기,대학교,사립,대학,서울,기존,0000053,광운대학교,1,6767,0,8496,6729,1767,125.55,99.44,2026-08-07T09:07:29.731Z
2022,상반기,대학교,사립,대학,서울,기존,0000056,국민대학교,1,11610,0,14562,11578,2984,125.43,99.72,2026-08-07T09:07:29.731Z
2022,상반기,대학교,사립,대학,서울,기존,0000070,덕성여자대학교,1,4601,0,5269,4765,504,114.52,103.56,2026-08-07T09:07:29.731Z
2022,상반기,대학교,사립,대학,서울,기존,0000072,동덕여자대학교,1,6218,0,6834,6024,810,109.91,96.88,2026-08-07T09:07:29.731Z
2022,상반기,전문대학,사립,전문대학,서울,기존,0000300,동양미래대학교,1,5056,0,5943,4767,1176,117.54,94.28,2026-08-07T09:07:29.731Z
2022,상반기,사이버대학(대학),사립,대학,서울,기존,0000420,디지털서울문화예술대학교,1,3690,0,3300,2716,584,89.43,73.6,2026-08-07T09:07:29.731Z
2022,상반기,전문대학,사립,전문대학,서울,기존,0000307,명지전문대학,1,5635,0,6694,5414,1280,118.79,96.08,2026-08-07T09:07:29.731Z
2022,상반기,전문대학,사립,전문대학,서울,기존,0000310,배화여자대학교,1,2518,0,2841,2471,370,112.83,98.13,2026-08-07T09:07:29.731Z
2022,상반기,사이버대학(대학),사립,대학,서울,기존,0000422,사이버한국외국어대학교,1,4680,0,6529,4787,1742,139.51,102.29,2026-08-07T09:07:29.731Z
2022,상반기,대학교,사립,대학,서울,기존,0000084,삼육대학교,1,4629,0,5332,4729,603,115.19,102.16,2026-08-07T09:07:29.731Z
2022,상반기,전문대학,사립,전문대학,서울,기존,0000317,삼육보건대학교,1,1060,0,1327,1023,304,125.19,96.51,2026-08-07T09:07:29.731Z
2022,상반기,대학교,사립,대학,서울,기존,0000085,상명대학교,2,10706,0,11859,10107,1752,110.77,94.41,2026-08-07T09:07:29.731Z
2022,상반기,대학교,사립,대학,서울,기존,0000087,서강대학교,1,6296,0,7974,6228,1746,126.65,98.92,2026-08-07T09:07:29.731Z
2022,상반기,대학교,사립,대학,서울,기존,0000088,서경대학교,1,5076,0,6510,5103,1407,128.25,100.53,2026-08-07T09:07:29.731Z
2022,상반기,대학교,국립,대학,서울,기존,0000027,서울과학기술대학교,1,8471,0,10064,8684,1380,118.81,102.51,2026-08-07T09:07:29.731Z
2022,상반기,교육대학,국립,대학,서울,기존,0000199,서울교육대학교,1,1420,0,1496,1340,156,105.35,94.37,2026-08-07T09:07:29.731Z
2022,상반기,대학교,사립,대학,서울,기존,0000069,서울기독대학교,1,544,0,403,390,13,74.08,71.69,2026-08-07T09:07:29.731Z
2022,상반기,대학교,국립대법인,대학,서울,기존,0000012,서울대학교,1,13182,0,15870,14271,1599,120.39,108.26,2026-08-07T09:07:29.731Z
2022,상반기,사이버대학(대학),사립,대학,서울,기존,0000412,서울디지털대학교,1,10320,1200,11133,6797,4336,122.07,74.53,2026-08-07T09:07:29.731Z
2022,상반기,사이버대학(대학),사립,대학,서울,기존,0000413,서울사이버대학교,1,10270,0,16539,10077,6462,161.04,98.12,2026-08-07T09:07:29.731Z
2022,상반기,대학교,공립,대학,서울,기존,0000030,서울시립대학교,1,6906,0,8674,7782,892,125.6,112.68,2026-08-07T09:07:29.731Z
2022,상반기,전문대학,사립,전문대학,서울,기존,0000321,서울여자간호대학교,1,672,0,919,627,292,136.76,93.3,2026-08-07T09:07:29.731Z
2022,상반기,대학교,사립,대학,서울,기존,0000091,서울여자대학교,1,6461,0,7008,6407,601,108.47,99.16,2026-08-07T09:07:29.731Z
2022,상반기,전문대학,사립,전문대학,서울,기존,0000324,서일대학교,1,5590,0,5872,4926,946,105.04,88.12,2026-08-07T09:07:29.731Z
2022,상반기,대학교,사립,대학,서울,기존,0000096,성공회대학교,1,2008,0,1931,1824,107,96.17,90.84,2026-08-07T09:07:29.731Z
2022,상반기,대학교,사립,대학,서울,기존,0000097,성균관대학교,1,13560,0,18298,13648,4650,134.94,100.65,2026-08-07T09:07:29.731Z
2022,상반기,대학교,사립,대학,서울,기존,0000098,성신여자대학교,1,8624,0,8873,8066,807,102.89,93.53,2026-08-07T09:07:29.731Z
2022,상반기,대학교,사립,대학,서울,기존,0000100,세종대학교,1,9495,0,11688,9511,2177,123.1,100.17,2026-08-07T09:07:29.731Z
2022,상반기,사이버대학(대학),사립,대학,서울,기존,0000415,세종사이버대학교,1,6630,0,10484,6897,3587,158.13,104.03,2026-08-07T09:07:29.731Z
2022,상반기,대학교,사립,대학,서울,기존,0000103,숙명여자대학교,1,8720,0,9830,8449,1381,112.73,96.89,2026-08-07T09:07:29.731Z
2022,상반기,대학교,사립,대학,서울,기존,0000105,숭실대학교,1,10780,1,13864,10737,3127,128.62,99.61,2026-08-07T09:07:29.731Z
2022,상반기,사이버대학(대학),사립,대학,서울,기존,0000419,숭실사이버대학교,1,4900,0,7328,5069,2259,149.55,103.45,2026-08-07T09:07:29.731Z
2022,상반기,전문대학,사립,전문대학,서울,기존,0000333,숭의여자대학교,1,3132,0,3206,2916,290,102.36,93.1,2026-08-07T09:07:29.731Z
2022,상반기,대학교,사립,대학,서울,기존,0000121,이화여자대학교,1,12747,0,15281,13083,2198,119.88,102.64,2026-08-07T09:07:29.731Z
2022,상반기,전문대학,사립,전문대학,서울,기존,0000356,인덕대학교,1,5510,0,5945,5093,852,107.89,92.43,2026-08-07T09:07:29.731Z
2022,상반기,대학교,사립,대학,서울,기존,0000125,장로회신학대학교,1,600,0,616,587,29,102.67,97.83,2026-08-07T09:07:29.731Z
2022,상반기,기술대학,사립,대학,서울,기존,0000228,정석대학,1,200,0,44,44,0,22,22,2026-08-07T09:07:29.731Z
2022,상반기,대학교,사립,대학,서울,기존,0000129,중앙대학교,2,18064,0,23075,18126,4949,127.74,100.34,2026-08-07T09:07:29.731Z
2022,상반기,대학교,사립,대학,서울,기존,0000133,총신대학교,1,1308,0,1466,1328,138,112.08,101.53,2026-08-07T09:07:29.731Z
2022,상반기,대학교,사립,대학,서울,기존,0000134,추계예술대학교,1,1038,0,1068,1011,57,102.89,97.4,2026-08-07T09:07:29.731Z
2022,상반기,방송통신대학,국립,대학,서울,기존,0000215,한국방송통신대학교,1,215550,0,96748,87246,9502,44.88,40.48,2026-08-07T09:07:29.731Z
2022,상반기,대학교,사립,대학,서울,기존,0000142,한국성서대학교,1,892,0,1025,939,86,114.91,105.27,2026-08-07T09:07:29.731Z
2022,상반기,사이버대학(대학),사립,대학,서울,기존,0000416,한국열린사이버대학교,1,3000,0,5741,2850,2891,191.37,95,2026-08-07T09:07:29.731Z
2022,상반기,각종학교(대학),특별법국립,대학,서울,기존,0000471,한국예술종합학교,1,2252,0,2655,2528,127,117.9,112.26,2026-08-07T09:07:29.731Z
2022,상반기,대학교,사립,대학,서울,기존,0000143,한국외국어대학교,1,13508,0,16593,13699,2894,122.84,101.41,2026-08-07T09:07:29.731Z
2022,상반기,대학교,국립,대학,서울,기존,0000023,한국체육대학교,1,2160,0,2384,2251,133,110.37,104.21,2026-08-07T09:07:29.731Z
2022,상반기,기능대학,사립,전문대학,서울,기존,0000478,한국폴리텍 I 대학,1,515,255,534,428,106,205.38,164.62,2026-08-07T09:07:29.731Z
2022,상반기,기능대학,사립,전문대학,서울,기존,0000477,한국폴리텍 I 대학,1,1065,0,1303,981,322,122.35,92.11,2026-08-07T09:07:29.731Z
2022,상반기,대학교,사립,대학,서울,기존,0000150,한성대학교,1,5832,0,6840,5897,943,117.28,101.11,2026-08-07T09:07:29.731Z
2022,상반기,사이버대학(대학),사립,대학,서울,기존,0000421,한양사이버대학교,1,10670,0,16970,11258,5712,159.04,105.51,2026-08-07T09:07:29.731Z
2022,상반기,전문대학,사립,전문대학,서울,기존,0000384,한양여자대학교,1,6184,0,6895,5999,896,111.5,97.01,2026-08-07T09:07:29.731Z
2022,상반기,대학교,사립,대학,서울,기존,0000539,한영신학대학교,1,720,0,655,601,54,90.97,83.47,2026-08-07T09:07:29.731Z
2022,상반기,대학교,사립,대학,서울,기존,0000160,홍익대학교,2,14807,0,17548,14543,3005,118.51,98.22,2026-08-07T09:07:29.731Z
2022,상반기,대학교,사립,대학,세종,기존,0000049,고려대학교,2,21237,0,26003,21461,4542,122.44,101.05,2026-08-07T09:07:29.731Z
2022,상반기,대학교,사립,대학,세종,기존,0000066,대전가톨릭대학교,1,160,0,32,30,2,20,18.75,2026-08-07T09:07:29.731Z
2022,상반기,전문대학,사립,전문대학,세종,기존,0000353,한국영상대학교,1,3091,0,3095,2715,380,100.13,87.84,2026-08-07T09:07:29.731Z
2022,상반기,대학교,특별법법인,대학,울산,기존,0000527,울산과학기술원,1,1520,0,1754,1509,245,115.39,99.28,2026-08-07T09:07:29.731Z
2022,상반기,전문대학,사립,전문대학,울산,기존,0000352,울산과학대학교,1,4441,0,5296,4200,1096,119.25,94.57,2026-08-07T09:07:29.731Z
2022,상반기,대학교,사립,대학,울산,기존,0000117,울산대학교,1,11114,0,11361,10357,1004,102.22,93.19,2026-08-07T09:07:29.731Z
2022,상반기,전문대학,사립,전문대학,울산,기존,0000375,춘해보건대학교,1,2156,0,2634,1973,661,122.17,91.51,2026-08-07T09:07:29.731Z
2022,상반기,기능대학,사립,전문대학,울산,기존,0000498,한국폴리텍 VII 대학,1,650,0,661,580,81,101.69,89.23,2026-08-07T09:07:29.731Z
2022,상반기,교육대학,국립,대학,인천,기존,0000200,경인교육대학교,2,2392,0,2564,2319,245,107.19,96.95,2026-08-07T09:07:29.731Z
2022,상반기,전문대학,사립,전문대학,인천,기존,0000261,경인여자대학교,1,4002,0,4170,3261,909,104.2,81.48,2026-08-07T09:07:29.731Z
2022,상반기,대학교,사립,대학,인천,기존,0000123,인천가톨릭대학교,2,664,0,698,646,52,105.12,97.29,2026-08-07T09:07:29.731Z
2022,상반기,대학교,국립대법인,대학,인천,기존,0000031,인천대학교,1,9968,0,11342,10223,1119,113.78,102.56,2026-08-07T09:07:29.731Z
2022,상반기,전문대학,사립,전문대학,인천,기존,0000587,인천재능대학교,1,3246,0,3341,2809,532,102.93,86.54,2026-08-07T09:07:29.731Z
2022,상반기,전문대학,사립,전문대학,인천,기존,0000357,인하공업전문대학,1,5591,0,6886,5454,1432,123.16,97.55,2026-08-07T09:07:29.731Z
2022,상반기,대학교,사립,대학,인천,기존,0000124,인하대학교,1,14030,0,17175,14178,2997,122.42,101.05,2026-08-07T09:07:29.731Z
2022,상반기,기능대학,사립,전문대학,인천,기존,0000481,한국폴리텍 II 대학,1,50,0,68,36,32,136,72,2026-08-07T09:07:29.731Z
2022,상반기,기능대학,사립,전문대학,인천,기존,0000480,한국폴리텍 II 대학,1,1660,0,1820,1363,457,109.64,82.11,2026-08-07T09:07:29.731Z
2022,상반기,전문대학,사립,전문대학,전남,기존,0000585,고구려대학교,1,1782,0,1307,1266,41,73.34,71.04,2026-08-07T09:07:29.731Z
2022,상반기,전문대학,사립,전문대학,전남,기존,0000266,광양보건대학교,1,1366,217,160,141,19,13.93,12.27,2026-08-07T09:07:29.731Z
2022,상반기,대학교,사립,대학,전남,기존,0000054,광주가톨릭대학교,1,160,0,60,60,0,37.5,37.5,2026-08-07T09:07:29.731Z
2022,상반기,대학교,사립,대학,전남,기존,0000074,동신대학교,1,6272,0,6098,5480,618,97.23,87.37,2026-08-07T09:07:29.731Z
2022,상반기,전문대학,사립,전문대학,전남,기존,0000532,동아보건대학교,1,1403,0,1261,1105,156,89.88,78.76,2026-08-07T09:07:29.731Z
2022,상반기,대학교,사립,대학,전남,기존,0000166,목포가톨릭대학교,1,480,0,492,464,28,102.5,96.67,2026-08-07T09:07:29.731Z
2022,상반기,전문대학,사립,전문대학,전남,기존,0000308,목포과학대학교,1,2321,0,2329,2075,254,100.34,89.4,2026-08-07T09:07:29.731Z
2022,상반기,대학교,국립,대학,전남,기존,0000576,목포대학교,1,6437,0,6386,5758,628,99.21,89.45,2026-08-07T09:07:29.731Z
2022,상반기,대학교,국립,대학,전남,기존,0000577,목포해양대학교,1,2764,0,2530,2422,108,91.53,87.63,2026-08-07T09:07:29.731Z
2022,상반기,대학교,사립,대학,전남,기존,0000064,세한대학교,1,3462,0,3464,3264,200,100.06,94.28,2026-08-07T09:07:29.731Z
2022,상반기,대학교,국립,대학,전남,기존,0000579,순천대학교,1,6579,0,6466,5834,632,98.28,88.68,2026-08-07T09:07:29.731Z
2022,상반기,전문대학,사립,전문대학,전남,기존,0000331,순천제일대학교,1,2434,0,2508,2138,370,103.04,87.84,2026-08-07T09:07:29.731Z
2022,상반기,대학교,사립,대학,전남,기존,0000114,영산선학대학교,1,200,0,38,36,2,19,18,2026-08-07T09:07:29.731Z
2022,상반기,전문대학,사립,전문대학,전남,기존,0000360,전남과학대학교,1,2950,0,3483,2420,1063,118.07,82.03,2026-08-07T09:07:29.731Z
2022,상반기,전문대학,공립,전문대학,전남,기존,0000389,전남도립대학교,1,1455,0,1141,1093,48,78.42,75.12,2026-08-07T09:07:29.731Z
2022,상반기,전문대학,사립,전문대학,전남,기존,0000332,청암대학교,1,2727,0,2386,2071,315,87.5,75.94,2026-08-07T09:07:29.731Z
2022,상반기,대학교,사립,대학,전남,기존,0000190,초당대학교,1,3008,0,3206,2888,318,106.58,96.01,2026-08-07T09:07:29.731Z
2022,상반기,대학교,특별법법인,대학,전남,기존,0000561,한국에너지공과대학교,1,100,0,105,96,9,105,96,2026-08-07T09:07:29.731Z
2022,상반기,기능대학,사립,전문대학,전남,기존,0000543,한국폴리텍 V 대학,1,0,0,14,0,14,0,0,2026-08-07T09:07:29.731Z
2022,상반기,기능대학,사립,전문대학,전남,기존,0000554,한국폴리텍 V 대학,1,200,0,165,140,25,82.5,70,2026-08-07T09:07:29.731Z
2022,상반기,전문대학,사립,전문대학,전남,기존,0000546,한영대학,1,1215,0,1424,1159,265,117.2,95.39,2026-08-07T09:07:29.731Z
2022,상반기,전문대학,사립,전문대학,전북,기존,0000250,군산간호대학교,1,884,0,1149,846,303,129.98,95.7,2026-08-07T09:07:29.731Z
2022,상반기,대학교,국립,대학,전북,기존,0000574,군산대학교,1,6940,0,6611,6007,604,95.26,86.56,2026-08-07T09:07:29.731Z
2022,상반기,전문대학,사립,전문대학,전북,기존,0000270,군장대학교,1,1565,0,1741,1380,361,111.25,88.18,2026-08-07T09:07:29.731Z
2022,상반기,전문대학,사립,전문대학,전북,기존,0000311,백제예술대학교,1,1280,0,1084,1017,67,84.69,79.45,2026-08-07T09:07:29.731Z
2022,상반기,대학교,사립,대학,전북,기존,0000173,예수대학교,1,487,0,529,478,51,108.62,98.15,2026-08-07T09:07:29.731Z
2022,상반기,대학교,사립,대학,전북,기존,0000164,예원예술대학교,2,1162,0,1426,919,507,122.72,79.09,2026-08-07T09:07:29.731Z
2022,상반기,대학교,사립,대학,전북,기존,0000116,우석대학교,1,7060,0,6893,5977,916,97.63,84.66,2026-08-07T09:07:29.731Z
2022,상반기,대학교,사립,대학,전북,기존,0000118,원광대학교,1,14460,0,13206,12351,855,91.33,85.41,2026-08-07T09:07:29.731Z
2022,상반기,사이버대학(대학),사립,대학,전북,기존,0000417,원광디지털대학교,1,4760,0,5645,4399,1246,118.59,92.42,2026-08-07T09:07:29.731Z
2022,상반기,전문대학,사립,전문대학,전북,기존,0000354,원광보건대학교,1,3976,147,4226,3406,820,110.37,88.95,2026-08-07T09:07:29.731Z
2022,상반기,전문대학,사립,전문대학,전북,기존,0000362,전북과학대학교,1,1462,0,1702,1340,362,116.42,91.66,2026-08-07T09:07:29.731Z
2022,상반기,대학교,국립,대학,전북,기존,0000017,전북대학교,1,15732,0,17561,15616,1945,111.63,99.26,2026-08-07T09:07:29.731Z
2022,상반기,교육대학,국립,대학,전북,기존,0000201,전주교육대학교,1,1140,0,1139,1073,66,99.91,94.12,2026-08-07T09:07:29.731Z
2022,상반기,전문대학,사립,전문대학,전북,기존,0000274,전주기전대학,1,2076,0,1592,1449,143,76.69,69.8,2026-08-07T09:07:29.731Z
2022,상반기,대학교,사립,대학,전북,기존,0000126,전주대학교,1,10183,0,11256,9880,1376,110.54,97.02,2026-08-07T09:07:29.731Z
2022,상반기,전문대학,사립,전문대학,전북,기존,0000361,전주비전대학교,1,2583,0,3436,2369,1067,133.02,91.72,2026-08-07T09:07:29.731Z
2022,상반기,전문대학,특별법국립,전문대학,전북,기존,0000473,한국농수산대학,1,1690,0,1693,1575,118,100.18,93.2,2026-08-07T09:07:29.731Z
2022,상반기,기능대학,사립,전문대학,전북,기존,0000493,한국폴리텍 V 대학,1,100,0,131,92,39,131,92,2026-08-07T09:07:29.731Z
2022,상반기,기능대학,사립,전문대학,전북,기존,0000553,한국폴리텍 V 대학,1,480,0,407,357,50,84.79,74.38,2026-08-07T09:07:29.731Z
2022,상반기,대학교,사립,대학,전북,기존,0000155,한일장신대학교,1,876,0,860,765,95,98.17,87.33,2026-08-07T09:07:29.731Z
2022,상반기,산업대학,사립,대학,전북,기존,0000223,호원대학교,1,4489,0,5362,3863,1499,119.45,86.05,2026-08-07T09:07:29.731Z
2022,상반기,전문대학,사립,전문대학,제주,기존,0000363,제주관광대학교,1,2337,69,1623,1488,135,71.56,65.61,2026-08-07T09:07:29.731Z
2022,상반기,대학교,사립,대학,제주,기존,0000192,제주국제대학교,1,1740,0,518,511,7,29.77,29.37,2026-08-07T09:07:29.731Z
2022,상반기,대학교,국립,대학,제주,기존,0000018,제주대학교,1,8605,0,9435,8490,945,109.65,98.66,2026-08-07T09:07:29.731Z
2022,상반기,전문대학,사립,전문대학,제주,기존,0000382,제주한라대학교,1,4646,0,5044,3531,1513,108.57,76,2026-08-07T09:07:29.731Z
2022,상반기,기능대학,사립,전문대학,제주,기존,0000535,한국폴리텍 I 대학,1,50,0,43,38,5,86,76,2026-08-07T09:07:29.731Z
2022,상반기,대학교,사립,대학,충남,기존,0000038,건양대학교,2,6710,0,6438,5970,468,95.95,88.97,2026-08-07T09:07:29.731Z
2022,상반기,교육대학,국립,대학,충남,기존,0000195,공주교육대학교,1,1416,0,1388,1282,106,98.02,90.54,2026-08-07T09:07:29.731Z
2022,상반기,대학교,국립,대학,충남,기존,0000573,공주대학교,1,11062,0,12154,10480,1674,109.87,94.74,2026-08-07T09:07:29.731Z
2022,상반기,사이버대학(대학),사립,대학,충남,기존,0000424,글로벌사이버대학교,1,3500,0,2280,2256,24,65.14,64.46,2026-08-07T09:07:29.731Z
2022,상반기,대학교,사립,대학,충남,기존,0000169,금강대학교,1,440,0,210,209,1,47.73,47.5,2026-08-07T09:07:29.731Z
2022,상반기,대학교,사립,대학,충남,기존,0000059,나사렛대학교,1,4844,60,4841,4271,570,101.19,89.28,2026-08-07T09:07:29.731Z
2022,상반기,대학교,사립,대학,충남,기존,0000189,남서울대학교,1,8784,0,9208,8036,1172,104.83,91.48,2026-08-07T09:07:29.731Z
2022,상반기,대학교,사립,대학,충남,기존,0000131,백석대학교,1,11660,0,11767,10672,1095,100.92,91.53,2026-08-07T09:07:29.731Z
2022,상반기,전문대학,사립,전문대학,충남,기존,0000373,백석문화대학교,1,5330,0,4394,3802,592,82.44,71.33,2026-08-07T09:07:29.731Z
2022,상반기,대학교,사립,대학,충남,기존,0000094,선문대학교,1,8242,0,9174,7798,1376,111.31,94.61,2026-08-07T09:07:29.731Z
2022,상반기,대학교,사립,대학,충남,기존,0000104,순천향대학교,1,9634,0,10517,9080,1437,109.17,94.25,2026-08-07T09:07:29.731Z
2022,상반기,전문대학,사립,전문대학,충남,기존,0000335,신성대학교,1,3274,152,2898,2394,504,92.83,76.68,2026-08-07T09:07:29.731Z
2022,상반기,전문대학,사립,전문대학,충남,기존,000568,아주자동차대학,1,939,0,820,728,92,87.33,77.53,2026-08-07T09:07:29.731Z
2022,상반기,전문대학,사립,전문대학,충남,기존,0000529,연암대학교,1,966,0,1100,923,177,113.87,95.55,2026-08-07T09:07:29.731Z
2022,상반기,대학교,사립,대학,충남,기존,0000128,중부대학교,1,7780,0,7262,6404,858,93.34,82.31,2026-08-07T09:07:29.731Z
2022,상반기,산업대학,사립,대학,충남,기존,0000225,청운대학교,1,4942,0,5719,4291,1428,115.72,86.83,2026-08-07T09:07:29.731Z
2022,상반기,전문대학,공립,전문대학,충남,기존,0000519,충남도립대학교,1,1092,0,995,922,73,91.12,84.43,2026-08-07T09:07:29.731Z
2022,상반기,대학교,사립,대학,충남,기존,0000141,한국기술교육대학교,1,3344,0,4133,3555,578,123.59,106.31,2026-08-07T09:07:29.731Z
2022,상반기,대학교,특별법국립,대학,충남,기존,0000472,한국전통문화대학교,1,560,0,591,574,17,105.54,102.5,2026-08-07T09:07:29.731Z
2022,상반기,기능대학,사립,전문대학,충남,기존,0000500,한국폴리텍 특성화대학,1,360,0,391,339,52,108.61,94.17,2026-08-07T09:07:29.731Z
2022,상반기,기능대학,사립,전문대학,충남,기존,0000487,한국폴리텍 IV 대학,1,450,0,457,365,92,101.56,81.11,2026-08-07T09:07:29.731Z
2022,상반기,기능대학,사립,전문대학,충남,기존,0000588,한국폴리텍 IV 대학,1,225,0,177,162,15,78.67,72,2026-08-07T09:07:29.731Z
2022,상반기,대학교,사립,대학,충남,기존,0000149,한서대학교,1,6316,0,6542,5872,670,103.58,92.97,2026-08-07T09:07:29.731Z
2022,상반기,전문대학,사립,전문대학,충남,기존,0000386,혜전대학교,1,2657,0,2379,1921,458,89.54,72.3,2026-08-07T09:07:29.731Z
2022,상반기,대학교,사립,대학,충남,기존,0000159,호서대학교,1,11562,0,11758,10728,1030,101.7,92.79,2026-08-07T09:07:29.731Z
2022,상반기,전문대학,사립,전문대학,충북,기존,0000271,강동대학교,1,3617,0,2972,2535,437,82.17,70.09,2026-08-07T09:07:29.731Z
2022,상반기,대학교,사립,대학,충북,기존,0000037,건국대학교,2,18354,0,22047,18706,3341,120.12,101.92,2026-08-07T09:07:29.731Z
2022,상반기,대학교,사립,대학,충북,기존,0000058,극동대학교,1,3582,0,2933,2709,224,81.88,75.63,2026-08-07T09:07:29.731Z
2022,상반기,대학교,사립,대학,충북,기존,0000557,꽃동네대학교,1,432,0,401,378,23,92.82,87.5,2026-08-07T09:07:29.731Z
2022,상반기,전문대학,사립,전문대학,충북,기존,0000286,대원대학교,1,2372,0,2002,1764,238,84.4,74.37,2026-08-07T09:07:29.731Z
2022,상반기,대학교,사립,대학,충북,기존,0000093,서원대학교,1,6488,0,6644,6141,503,102.4,94.65,2026-08-07T09:07:29.731Z
2022,상반기,대학교,사립,대학,충북,기존,0000099,세명대학교,1,7580,0,6835,6297,538,90.17,83.07,2026-08-07T09:07:29.731Z
2022,상반기,각종학교(대학),사립,대학,충북,기존,0000404,순복음총회신학교,1,289,0,127,127,0,43.94,43.94,2026-08-07T09:07:29.731Z
2022,상반기,대학교,사립,대학,충북,기존,0000113,유원대학교,1,3595,0,3331,3096,235,92.66,86.12,2026-08-07T09:07:29.731Z
2022,상반기,대학교,사립,대학,충북,기존,0000183,중원대학교,1,3728,44,3590,3367,223,97.45,91.4,2026-08-07T09:07:29.731Z
2022,상반기,교육대학,국립,대학,충북,기존,0000204,청주교육대학교,1,1144,0,1172,1085,87,102.45,94.84,2026-08-07T09:07:29.731Z
2022,상반기,대학교,사립,대학,충북,기존,0000132,청주대학교,1,10585,0,10582,9806,776,99.97,92.64,2026-08-07T09:07:29.731Z
2022,상반기,대학교,국립,대학,충북,기존,0000021,충북대학교,1,11408,0,12818,11315,1503,112.36,99.18,2026-08-07T09:07:29.731Z
2022,상반기,전문대학,공립,전문대학,충북,기존,0000544,충북도립대학,1,860,0,785,784,1,91.28,91.16,2026-08-07T09:07:29.731Z
2022,상반기,전문대학,사립,전문대학,충북,기존,0000367,충북보건과학대학교,1,2516,0,2355,1993,362,93.6,79.21,2026-08-07T09:07:29.731Z
2022,상반기,전문대학,사립,전문대학,충북,기존,0000377,충청대학교,1,3650,0,3275,2718,557,89.73,74.47,2026-08-07T09:07:29.731Z
2022,상반기,대학교,국립,대학,충북,기존,0000022,한국교원대학교,1,2184,0,2298,2142,156,105.22,98.08,2026-08-07T09:07:29.731Z
2022,상반기,대학교,국립,대학,충북,기존,0000582,한국교통대학교,1,7671,0,7927,7186,741,103.34,93.68,2026-08-07T09:07:29.731Z
2022,상반기,기능대학,사립,전문대학,충북,기존,0000485,한국폴리텍 IV 대학,1,650,0,709,575,134,109.08,88.46,2026-08-07T09:07:29.731Z
2022,하반기,대학교,사립,대학,강원,기존,0000513,가톨릭관동대학교,1,8189,0,6433,5927,506,78.56,72.38,2026-08-07T09:07:29.731Z
2022,하반기,전문대학,사립,전문대학,강원,기존,0000347,강릉영동대학교,1,2469,0,2175,1720,455,88.09,69.66,2026-08-07T09:07:29.731Z
2022,하반기,대학교,국립,대학,강원,기존,0000572,강릉원주대학교,2,7412,92,6836,6288,548,93.39,85.9,2026-08-07T09:07:29.731Z
2022,하반기,전문대학,사립,전문대학,강원,폐교,0000378,강원관광대학교,1,372,10,402,329,73,111.05,90.88,2026-08-07T09:07:29.731Z
2022,하반기,대학교,국립,대학,강원,기존,0000002,강원대학교,2,18268,0,17534,16170,1364,95.98,88.52,2026-08-07T09:07:29.731Z
2022,하반기,전문대학,공립,전문대학,강원,기존,0000531,강원도립대학교,1,654,0,486,486,0,74.31,74.31,2026-08-07T09:07:29.731Z
2022,하반기,대학교,사립,대학,강원,기존,0000041,경동대학교,3,6858,0,6821,5845,976,99.46,85.23,2026-08-07T09:07:29.731Z
2022,하반기,대학교,사립,대학,강원,기존,0000086,상지대학교,1,8455,0,5901,5427,474,69.79,64.19,2026-08-07T09:07:29.731Z
2022,하반기,전문대학,사립,전문대학,강원,폐교,0000319,상지영서대학교,1,0,0,44,42,2,0,0,2026-08-07T09:07:29.731Z
2022,하반기,전문대학,사립,전문대학,강원,기존,0000348,세경대학교,1,951,0,879,739,140,92.43,77.71,2026-08-07T09:07:29.731Z
2022,하반기,전문대학,사립,전문대학,강원,기존,0000393,송곡대학교,1,573,0,810,428,382,141.36,74.69,2026-08-07T09:07:29.731Z
2022,하반기,전문대학,사립,전문대학,강원,기존,0000390,송호대학교,1,890,1,747,593,154,84.03,66.7,2026-08-07T09:07:29.731Z
2022,하반기,대학교,사립,대학,강원,기존,0000110,연세대학교,2,19932,0,24651,19096,5555,123.68,95.81,2026-08-07T09:07:29.731Z
2022,하반기,교육대학,국립,대학,강원,기존,0000205,춘천교육대학교,1,1284,0,1271,1195,76,98.99,93.07,2026-08-07T09:07:29.731Z
2022,하반기,전문대학,사립,전문대학,강원,기존,0000542,한국골프대학,1,480,0,379,337,42,78.96,70.21,2026-08-07T09:07:29.731Z
2022,하반기,기능대학,사립,전문대학,강원,기존,0000483,한국폴리텍 III 대학,1,120,0,118,104,14,98.33,86.67,2026-08-07T09:07:29.731Z
2022,하반기,기능대학,사립,전문대학,강원,기존,0000517,한국폴리텍 III 대학,1,100,0,80,59,21,80,59,2026-08-07T09:07:29.731Z
2022,하반기,기능대학,사립,전문대학,강원,기존,0000482,한국폴리텍 III 대학,1,250,0,239,193,46,95.6,77.2,2026-08-07T09:07:29.731Z
2022,하반기,대학교,사립,대학,강원,기존,0000147,한라대학교,1,3549,0,2784,2553,231,78.44,71.94,2026-08-07T09:07:29.731Z
2022,하반기,대학교,사립,대학,강원,기존,0000148,한림대학교,1,7116,0,7168,6523,645,100.73,91.67,2026-08-07T09:07:29.731Z
2022,하반기,전문대학,사립,전문대학,강원,기존,0000383,한림성심대학교,1,2503,0,2661,2074,587,106.31,82.86,2026-08-07T09:07:29.731Z
2022,하반기,대학교,사립,대학,경기,기존,0000044,가천대학교,1,15735,0,18629,14725,3904,118.39,93.58,2026-08-07T09:07:29.731Z
2022,하반기,대학교,사립,대학,경기,기존,0000034,가톨릭대학교,3,7238,0,7505,6485,1020,103.69,89.6,2026-08-07T09:07:29.731Z
2022,하반기,대학교,사립,대학,경기,기존,0000036,강남대학교,1,5964,0,5908,5453,455,99.06,91.43,2026-08-07T09:07:29.731Z
2022,하반기,전문대학,사립,전문대학,경기,기존,0000387,경기과학기술대학교,1,3456,0,4155,2824,1331,120.23,81.71,2026-08-07T09:07:29.731Z
2022,하반기,대학교,사립,대학,경기,기존,0000039,경기대학교,2,11759,0,12612,10670,1942,107.25,90.74,2026-08-07T09:07:29.731Z
2022,하반기,전문대학,사립,전문대학,경기,기존,0000255,경민대학교,1,3608,0,3630,2867,763,100.61,79.46,2026-08-07T09:07:29.731Z
2022,하반기,전문대학,사립,전문대학,경기,기존,0000259,경복대학교,1,5232,0,5829,4501,1328,111.41,86.03,2026-08-07T09:07:29.731Z
2022,하반기,전문대학,사립,전문대학,경기,기존,0000264,계원예술대학교,1,2424,0,2631,2275,356,108.54,93.85,2026-08-07T09:07:29.731Z
2022,하반기,전문대학,사립,전문대학,경기,기존,0000379,국제대학교,1,3683,0,2490,2258,232,67.61,61.31,2026-08-07T09:07:29.731Z
2022,하반기,사이버대학(대학),사립,대학,경기,기존,0000409,국제사이버대학교,1,2880,0,2942,2251,691,102.15,78.16,2026-08-07T09:07:29.731Z
2022,하반기,전문대학,사립,전문대학,경기,기존,0000277,김포대학교,1,2724,0,1963,1498,465,72.06,54.99,2026-08-07T09:07:29.731Z
2022,하반기,전문대학,사립,전문대학,경기,기존,0000278,농협대학교,1,175,0,390,167,223,222.86,95.43,2026-08-07T09:07:29.731Z
2022,하반기,대학교,사립,대학,경기,기존,0000060,단국대학교,2,18835,0,20717,17995,2722,109.99,95.54,2026-08-07T09:07:29.731Z
2022,하반기,전문대학,사립,전문대학,경기,기존,0000285,대림대학교,1,5718,0,6562,5053,1509,114.76,88.37,2026-08-07T09:07:29.731Z
2022,하반기,대학교,사립,대학,경기,기존,0000068,대진대학교,1,7172,0,6878,6306,572,95.9,87.93,2026-08-07T09:07:29.731Z
2022,하반기,전문대학,사립,전문대학,경기,기존,0000294,동남보건대학교,1,4123,0,4437,3596,841,107.62,87.22,2026-08-07T09:07:29.731Z
2022,하반기,전문대학,사립,전문대학,경기,기존,0000287,동서울대학교,1,5561,0,5394,4698,696,97,84.48,2026-08-07T09:07:29.731Z
2022,하반기,전문대학,사립,전문대학,경기,기존,0000298,동아방송예술대학교,1,2469,0,2861,2123,738,115.88,85.99,2026-08-07T09:07:29.731Z
2022,하반기,전문대학,사립,전문대학,경기,기존,0000302,동원대학교,1,3018,0,2388,2053,335,79.13,68.03,2026-08-07T09:07:29.731Z
2022,하반기,전문대학,사립,전문대학,경기,기존,0000305,두원공과대학교,1,4209,0,2560,2313,247,60.82,54.95,2026-08-07T09:07:29.731Z
2022,하반기,대학교,사립,대학,경기,기존,0000078,루터대학교,1,340,0,286,278,8,84.12,81.76,2026-08-07T09:07:29.731Z
2022,하반기,대학교,사립,대학,경기,기존,0000079,명지대학교,2,10734,0,12786,9721,3065,119.12,90.56,2026-08-07T09:07:29.731Z
2022,하반기,전문대학,사립,전문대학,경기,기존,0000316,부천대학교,1,5266,0,7165,4883,2282,136.06,92.73,2026-08-07T09:07:29.731Z
2022,하반기,대학교,사립,대학,경기,기존,0000090,서울신학대학교,1,1918,0,1846,1721,125,96.25,89.73,2026-08-07T09:07:29.731Z
2022,하반기,전문대학,사립,전문대학,경기,기존,0000323,서울예술대학교,1,1792,0,3005,1744,1261,167.69,97.32,2026-08-07T09:07:29.731Z
2022,하반기,대학교,사립,대학,경기,기존,0000092,서울장신대학교,1,443,0,316,300,16,71.33,67.72,2026-08-07T09:07:29.731Z
2022,하반기,전문대학,사립,전문대학,경기,기존,0000392,서정대학교,1,3123,0,6649,2919,3730,212.9,93.47,2026-08-07T09:07:29.731Z
2022,하반기,대학교,사립,대학,경기,기존,0000095,성결대학교,1,4912,0,4998,4649,349,101.75,94.65,2026-08-07T09:07:29.731Z
2022,하반기,대학교,사립,대학,경기,기존,0000101,수원가톨릭대학교,1,360,0,121,114,7,33.61,31.67,2026-08-07T09:07:29.731Z
2022,하반기,전문대학,사립,전문대학,경기,기존,0000330,수원과학대학교,1,4814,0,3873,3401,472,80.45,70.65,2026-08-07T09:07:29.731Z
2022,하반기,대학교,사립,대학,경기,기존,0000102,수원대학교,1,8652,0,8041,7431,610,92.94,85.89,2026-08-07T09:07:29.731Z
2022,하반기,전문대학,사립,전문대학,경기,기존,0000329,수원여자대학교,1,4008,0,3624,3213,411,90.42,80.16,2026-08-07T09:07:29.731Z
2022,하반기,대학교,사립,대학,경기,기존,000567,신경대학교,1,984,26,355,329,26,37.06,34.34,2026-08-07T09:07:29.731Z
2022,하반기,전문대학,사립,전문대학,경기,기존,0000334,신구대학교,1,6080,0,5927,5113,814,97.48,84.1,2026-08-07T09:07:29.731Z
2022,하반기,전문대학,사립,전문대학,경기,기존,0000339,신안산대학교,1,3445,0,2538,2220,318,73.67,64.44,2026-08-07T09:07:29.731Z
2022,하반기,대학교,사립,대학,경기,기존,000509,신한대학교,2,5764,0,5913,5141,772,102.59,89.19,2026-08-07T09:07:29.731Z
2022,하반기,전문대학,사립,전문대학,경기,폐교,0000336,신흥대학교,1,0,0,0,0,0,0,0,2026-08-07T09:07:29.731Z
2022,하반기,대학교,사립,대학,경기,기존,0000558,아신대학교,1,692,0,364,353,11,52.6,51.01,2026-08-07T09:07:29.731Z
2022,하반기,대학교,사립,대학,경기,기존,0000108,아주대학교,1,7672,0,9014,7398,1616,117.49,96.43,2026-08-07T09:07:29.731Z
2022,하반기,전문대학,사립,전문대학,경기,기존,0000340,안산대학교,1,4014,0,3988,3202,786,99.35,79.77,2026-08-07T09:07:29.731Z
2022,하반기,대학교,사립,대학,경기,기존,0000109,안양대학교,2,4579,0,4349,4055,294,94.98,88.56,2026-08-07T09:07:29.731Z
2022,하반기,전문대학,사립,전문대학,경기,기존,0000343,여주대학교,1,4553,0,3819,3185,634,83.88,69.95,2026-08-07T09:07:29.731Z
2022,하반기,전문대학,사립,전문대학,경기,기존,0000341,연성대학교,1,5581,0,5475,4874,601,98.1,87.33,2026-08-07T09:07:29.731Z
2022,하반기,전문대학,사립,전문대학,경기,기존,0000350,오산대학교,1,4137,1,3712,3162,550,89.75,76.45,2026-08-07T09:07:29.731Z
2022,하반기,대학교,사립,대학,경기,기존,0000115,용인대학교,1,5330,0,5184,4749,435,97.26,89.1,2026-08-07T09:07:29.731Z
2022,하반기,전문대학,사립,전문대학,경기,기존,0000559,용인예술과학대학교,1,3574,159,2694,2392,302,78.89,70.04,2026-08-07T09:07:29.731Z
2022,하반기,전문대학,사립,전문대학,경기,기존,0000394,웅지세무대학교,1,1617,0,612,603,9,37.85,37.29,2026-08-07T09:07:29.731Z
2022,하반기,전문대학,사립,전문대학,경기,기존,0000355,유한대학교,1,4397,0,4387,3977,410,99.77,90.45,2026-08-07T09:07:29.731Z
2022,하반기,전문대학,사립,전문대학,경기,기존,0000358,장안대학교,1,5013,0,3050,2707,343,60.84,54,2026-08-07T09:07:29.731Z
2022,하반기,대학교,사립,대학,경기,기존,0000130,중앙승가대학교,1,480,0,96,96,0,20,20,2026-08-07T09:07:29.731Z
2022,하반기,대학교,사립,대학,경기,기존,0000139,차의과학대학교,1,2016,0,2077,1891,186,103.03,93.8,2026-08-07T09:07:29.731Z
2022,하반기,전문대학,사립,전문대학,경기,기존,0000374,청강문화산업대학교,1,3398,0,3589,3182,407,105.62,93.64,2026-08-07T09:07:29.731Z
2022,하반기,대학교,사립,대학,경기,기존,0000136,칼빈대학교,1,360,0,480,287,193,133.33,79.72,2026-08-07T09:07:29.731Z
2022,하반기,대학교,사립,대학,경기,기존,0000138,평택대학교,1,3320,25,3018,2652,366,91.59,80.49,2026-08-07T09:07:29.731Z
2022,하반기,대학교,국립,대학,경기,기존,0000568,한경대학교,1,4524,0,4652,4178,474,102.83,92.35,2026-08-07T09:07:29.731Z
2022,하반기,전문대학,사립,전문대학,경기,기존,0000391,한국관광대학교,1,1860,0,1390,1224,166,74.73,65.81,2026-08-07T09:07:29.731Z
2022,하반기,전문대학,국립,전문대학,경기,폐교,0000248,한국복지대학교,1,723,0,604,519,85,83.54,71.78,2026-08-07T09:07:29.731Z
2022,하반기,대학교,사립,대학,경기,기존,0000562,한국산업기술대학교,1,5520,0,6637,5325,1312,120.24,96.47,2026-08-07T09:07:29.731Z
2022,하반기,산업대학,사립,대학,경기,폐교,0000214,한국산업기술대학교(산업대),1,0,0,0,0,0,0,0,2026-08-07T09:07:29.731Z
2022,하반기,기능대학,사립,전문대학,경기,기존,0000479,한국폴리텍 I 대학,1,740,0,664,557,107,89.73,75.27,2026-08-07T09:07:29.731Z
2022,하반기,기능대학,사립,전문대학,경기,기존,0000555,한국폴리텍 II 대학,1,0,0,18,0,18,0,0,2026-08-07T09:07:29.731Z
2022,하반기,기능대학,사립,전문대학,경기,기존,0000548,한국폴리텍 II 대학,1,660,0,518,440,78,78.48,66.67,2026-08-07T09:07:29.731Z
2022,하반기,대학교,사립,대학,경기,기존,0000144,한국항공대학교,1,3432,0,3747,3264,483,109.18,95.1,2026-08-07T09:07:29.731Z
2022,하반기,대학교,사립,대학,경기,폐교,0000175,한북대학교,1,0,0,0,0,0,0,0,2026-08-07T09:07:29.731Z
2022,하반기,대학교,사립,대학,경기,기존,0000151,한세대학교,1,2264,0,2323,2129,194,102.61,94.04,2026-08-07T09:07:29.731Z
2022,하반기,대학교,사립,대학,경기,기존,0000152,한신대학교,1,4684,0,4976,4390,586,106.23,93.72,2026-08-07T09:07:29.731Z
2022,하반기,대학교,사립,대학,경기,기존,0000153,한양대학교,2,19219,0,24524,17847,6677,127.6,92.86,2026-08-07T09:07:29.731Z
2022,하반기,대학교,사립,대학,경기,기존,0000156,협성대학교,1,4016,0,3748,3492,256,93.33,86.95,2026-08-07T09:07:29.731Z
2022,하반기,기능대학,사립,전문대학,경기,기존,0000516,ICT폴리텍대학,1,320,0,241,233,8,75.31,72.81,2026-08-07T09:07:29.731Z
2022,하반기,전문대학,사립,전문대학,경남,기존,0000251,거제대학교,1,1149,0,949,800,149,82.59,69.63,2026-08-07T09:07:29.731Z
2022,하반기,대학교,국립,대학,경남,폐교,0000026,경남과학기술대학교,1,3530,0,3216,3071,145,91.1,87,2026-08-07T09:07:29.731Z
2022,하반기,대학교,사립,대학,경남,기존,0000040,경남대학교,1,10680,0,9466,8705,761,88.63,81.51,2026-08-07T09:07:29.731Z
2022,하반기,전문대학,공립,전문대학,경남,기존,0000242,경남도립거창대학,1,874,0,810,796,14,92.68,91.08,2026-08-07T09:07:29.731Z
2022,하반기,전문대학,공립,전문대학,경남,기존,0000243,경남도립남해대학,1,785,0,757,730,27,96.43,92.99,2026-08-07T09:07:29.731Z
2022,하반기,대학교,국립,대학,경남,기존,0000556,경상대학교,1,13830,0,13454,12433,1021,97.28,89.9,2026-08-07T09:07:29.731Z
2022,하반기,전문대학,사립,전문대학,경남,기존,0000395,김해대학교,1,1306,0,1385,1119,266,106.05,85.68,2026-08-07T09:07:29.731Z
2022,하반기,전문대학,사립,전문대학,경남,기존,0000342,동원과학기술대학교,1,1919,0,2236,1565,671,116.52,81.55,2026-08-07T09:07:29.731Z
2022,하반기,전문대학,사립,전문대학,경남,기존,0000306,마산대학교,1,5349,0,5025,4202,823,93.94,78.56,2026-08-07T09:07:29.731Z
2022,하반기,대학교,사립,대학,경남,기존,0000167,부산장신대학교,1,180,0,130,130,0,72.22,72.22,2026-08-07T09:07:29.731Z
2022,하반기,전문대학,사립,전문대학,경남,기존,0000530,연암공과대학교,1,1164,0,1206,1128,78,103.61,96.91,2026-08-07T09:07:29.731Z
2022,하반기,대학교,사립,대학,경남,기존,0000122,인제대학교,2,8554,0,7570,6777,793,88.5,79.23,2026-08-07T09:07:29.731Z
2022,하반기,교육대학,국립,대학,경남,기존,0000203,진주교육대학교,1,1276,0,1268,1193,75,99.37,93.5,2026-08-07T09:07:29.731Z
2022,하반기,전문대학,사립,전문대학,경남,기존,0000369,진주보건대학교,1,2307,0,2490,1915,575,107.93,83.01,2026-08-07T09:07:29.731Z
2022,하반기,대학교,사립,대학,경남,기존,0000193,창신대학교,1,1800,0,1597,1486,111,88.72,82.56,2026-08-07T09:07:29.731Z
2022,하반기,대학교,국립,대학,경남,기존,0000581,창원대학교,1,7037,0,7076,6460,616,100.55,91.8,2026-08-07T09:07:29.731Z
2022,하반기,전문대학,사립,전문대학,경남,기존,0000528,창원문성대학교,1,2102,0,1512,1331,181,71.93,63.32,2026-08-07T09:07:29.731Z
2022,하반기,전문대학,사립,전문대학,경남,기존,0000396,한국승강기대학교,1,594,0,631,532,99,106.23,89.56,2026-08-07T09:07:29.731Z
2022,하반기,기능대학,사립,전문대학,경남,기존,0000503,한국폴리텍 특성화대학,1,480,0,425,373,52,88.54,77.71,2026-08-07T09:07:29.731Z
2022,하반기,기능대학,사립,전문대학,경남,기존,0000563,한국폴리텍 VII 대학,1,0,0,5,0,5,0,0,2026-08-07T09:07:29.731Z
2022,하반기,기능대학,사립,전문대학,경남,기존,0000496,한국폴리텍 VII 대학,1,1200,0,1348,1155,193,112.33,96.25,2026-08-07T09:07:29.731Z
2022,하반기,대학교,사립,대학,경북,기존,0000032,가야대학교,2,2179,0,1759,1604,155,80.73,73.61,2026-08-07T09:07:29.731Z
2022,하반기,전문대학,사립,전문대학,경북,기존,0000249,가톨릭상지대학교,1,1731,0,1707,1222,485,98.61,70.6,2026-08-07T09:07:29.731Z
2022,하반기,전문대학,사립,전문대학,경북,기존,0000293,경북과학대학교,1,1701,0,1604,1324,280,94.3,77.84,2026-08-07T09:07:29.731Z
2022,하반기,전문대학,공립,전문대학,경북,폐교,0000244,경북도립대학교,1,944,0,807,765,42,85.49,81.04,2026-08-07T09:07:29.731Z
2022,하반기,전문대학,사립,전문대학,경북,기존,0000523,경북보건대학교,1,1181,0,1233,1038,195,104.4,87.89,2026-08-07T09:07:29.731Z
2022,하반기,전문대학,사립,전문대학,경북,기존,0000258,경북전문대학교,1,2340,92,2604,1872,732,115.84,83.27,2026-08-07T09:07:29.731Z
2022,하반기,대학교,사립,대학,경북,기존,0000188,경운대학교,1,4736,0,3901,3708,193,82.37,78.29,2026-08-07T09:07:29.731Z
2022,하반기,대학교,사립,대학,경북,기존,0000045,경일대학교,1,6356,0,6464,5724,740,101.7,90.06,2026-08-07T09:07:29.731Z
2022,하반기,대학교,사립,대학,경북,기존,0000586,경주대학교,1,3048,78,544,419,125,18.32,14.11,2026-08-07T09:07:29.731Z
2022,하반기,전문대학,사립,전문대학,경북,기존,0000268,구미대학교,1,3645,0,4989,3077,1912,136.87,84.42,2026-08-07T09:07:29.731Z
2022,하반기,대학교,국립,대학,경북,기존,0000575,금오공과대학교,1,4861,0,4948,4477,471,101.79,92.1,2026-08-07T09:07:29.731Z
2022,하반기,대학교,사립,대학,경북,기존,0000185,김천대학교,1,2870,0,2317,2042,275,80.73,71.15,2026-08-07T09:07:29.731Z
2022,하반기,전문대학,사립,전문대학,경북,기존,0000279,대경대학교,1,3830,163,3395,2762,633,92.58,75.32,2026-08-07T09:07:29.731Z
2022,하반기,대학교,사립,대학,경북,기존,0000063,대구가톨릭대학교,1,11732,0,10656,9903,753,90.83,84.41,2026-08-07T09:07:29.731Z
2022,하반기,대학교,사립,대학,경북,기존,0000061,대구대학교,1,16027,0,15201,13155,2046,94.85,82.08,2026-08-07T09:07:29.731Z
2022,하반기,사이버대학(대학),사립,대학,경북,기존,0000410,대구사이버대학교,1,3800,0,3967,2914,1053,104.39,76.68,2026-08-07T09:07:29.731Z
2022,하반기,대학교,사립,대학,경북,기존,0000062,대구예술대학교,1,1577,0,559,549,10,35.45,34.81,2026-08-07T09:07:29.731Z
2022,하반기,대학교,사립,대학,경북,기존,0000042,대구한의대학교,1,6288,0,5810,5183,627,92.4,82.43,2026-08-07T09:07:29.731Z
2022,하반기,대학교,사립,대학,경북,기존,0000065,대신대학교,1,464,0,424,417,7,91.38,89.87,2026-08-07T09:07:29.731Z
2022,하반기,대학교,사립,대학,경북,기존,0000071,동국대학교,2,18162,0,18705,15844,2861,102.99,87.24,2026-08-07T09:07:29.731Z
2022,하반기,대학교,사립,대학,경북,기존,0000076,동양대학교,1,4006,0,3483,3258,225,86.94,81.33,2026-08-07T09:07:29.731Z
2022,하반기,전문대학,사립,전문대학,경북,기존,0000309,문경대학교,1,835,0,793,699,94,94.97,83.71,2026-08-07T09:07:29.731Z
2022,하반기,전문대학,사립,전문대학,경북,폐교,0000262,서라벌대학교,1,650,0,549,479,70,84.46,73.69,2026-08-07T09:07:29.731Z
2022,하반기,전문대학,사립,전문대학,경북,기존,0000380,선린대학교,1,2145,0,2011,1696,315,93.75,79.07,2026-08-07T09:07:29.731Z
2022,하반기,전문대학,사립,전문대학,경북,기존,0000547,성덕대학교,1,1259,0,1390,1046,344,110.41,83.08,2026-08-07T09:07:29.731Z
2022,하반기,전문대학,사립,전문대학,경북,기존,0000338,안동과학대학교,1,2380,0,2121,1770,351,89.12,74.37,2026-08-07T09:07:29.731Z
2022,하반기,대학교,국립,대학,경북,기존,0000580,안동대학교,1,5779,0,4690,4414,276,81.16,76.38,2026-08-07T09:07:29.731Z
2022,하반기,대학교,사립,대학,경북,기존,0000111,영남대학교,1,18641,0,19175,17287,1888,102.86,92.74,2026-08-07T09:07:29.731Z
2022,하반기,대학교,사립,대학,경북,기존,0000112,영남신학대학교,1,460,0,345,322,23,75,70,2026-08-07T09:07:29.731Z
2022,하반기,전문대학,사립,전문대학,경북,기존,0000257,영남외국어대학,1,794,0,351,325,26,44.21,40.93,2026-08-07T09:07:29.731Z
2022,하반기,대학교,사립,대학,경북,기존,0000119,위덕대학교,1,3117,0,2317,2203,114,74.33,70.68,2026-08-07T09:07:29.731Z
2022,하반기,대학교,사립,대학,경북,기존,0000140,포항공과대학교,1,1280,0,1196,1156,40,93.44,90.31,2026-08-07T09:07:29.731Z
2022,하반기,전문대학,사립,전문대학,경북,기존,0000381,포항대학교,1,1744,0,1425,1238,187,81.71,70.99,2026-08-07T09:07:29.731Z
2022,하반기,사이버대학(전문대학),사립,전문대학,경북,기존,0000407,한국복지사이버대학,1,2000,0,2414,1664,750,120.7,83.2,2026-08-07T09:07:29.731Z
2022,하반기,기능대학,사립,전문대학,경북,기존,0000552,한국폴리텍 특성화대학,1,200,0,107,98,9,53.5,49,2026-08-07T09:07:29.731Z
2022,하반기,기능대학,사립,전문대학,경북,기존,0000495,한국폴리텍 VI 대학,1,495,0,475,424,51,95.96,85.66,2026-08-07T09:07:29.731Z
2022,하반기,기능대학,사립,전문대학,경북,기존,0000504,한국폴리텍 VI 대학,1,55,0,41,41,0,74.55,74.55,2026-08-07T09:07:29.731Z
2022,하반기,대학교,사립,대학,경북,기존,0000146,한동대학교,1,2916,0,3671,3189,482,125.89,109.36,2026-08-07T09:07:29.731Z
2022,하반기,전문대학,사립,전문대학,경북,기존,0000522,호산대학교,1,1813,68,1721,1362,359,98.62,78.05,2026-08-07T09:07:29.731Z
2022,하반기,대학교,사립,대학,광주,기존,0000052,광신대학교,1,488,0,426,411,15,87.3,84.22,2026-08-07T09:07:29.731Z
2022,하반기,대학교,특별법법인,대학,광주,기존,0000469,광주과학기술원,1,800,2,696,670,26,87.22,83.96,2026-08-07T09:07:29.731Z
2022,하반기,교육대학,국립,대학,광주,기존,0000196,광주교육대학교,1,1304,0,1261,1186,75,96.7,90.95,2026-08-07T09:07:29.731Z
2022,하반기,대학교,사립,대학,광주,기존,0000176,광주대학교,1,6441,0,5989,5535,454,92.98,85.93,2026-08-07T09:07:29.731Z
2022,하반기,전문대학,사립,전문대학,광주,기존,0000267,광주보건대학교,1,3239,0,3508,2804,704,108.31,86.57,2026-08-07T09:07:29.731Z
2022,하반기,대학교,사립,대학,광주,기존,0000055,광주여자대학교,1,3630,0,3446,3074,372,94.93,84.68,2026-08-07T09:07:29.731Z
2022,하반기,전문대학,사립,전문대학,광주,기존,0000273,기독간호대학교,1,444,0,595,432,163,134.01,97.3,2026-08-07T09:07:29.731Z
2022,하반기,대학교,사립,대학,광주,기존,0000162,남부대학교,1,2722,0,2841,2344,497,104.37,86.11,2026-08-07T09:07:29.731Z
2022,하반기,전문대학,사립,전문대학,광주,기존,0000297,동강대학교,1,2611,0,2296,1933,363,87.94,74.03,2026-08-07T09:07:29.731Z
2022,하반기,전문대학,사립,전문대학,광주,기존,0000320,서영대학교,1,4132,0,4658,3480,1178,112.73,84.22,2026-08-07T09:07:29.731Z
2022,하반기,대학교,사립,대학,광주,기존,0000187,송원대학교,1,2930,0,2915,2523,392,99.49,86.11,2026-08-07T09:07:29.731Z
2022,하반기,대학교,국립,대학,광주,기존,0000016,전남대학교,2,16808,0,17311,15519,1792,102.99,92.33,2026-08-07T09:07:29.731Z
2022,하반기,전문대학,사립,전문대학,광주,기존,0000366,조선간호대학교,1,556,0,732,527,205,131.65,94.78,2026-08-07T09:07:29.731Z
2022,하반기,대학교,사립,대학,광주,기존,0000127,조선대학교,1,18053,0,17375,15791,1584,96.24,87.47,2026-08-07T09:07:29.731Z
2022,하반기,전문대학,사립,전문대학,광주,기존,0000365,조선이공대학교,1,3018,0,2786,2478,308,92.31,82.11,2026-08-07T09:07:29.731Z
2022,하반기,기능대학,사립,전문대학,광주,기존,0000489,한국폴리텍 V 대학,1,740,0,763,619,144,103.11,83.65,2026-08-07T09:07:29.731Z
2022,하반기,대학교,사립,대학,광주,기존,0000157,호남대학교,1,6248,0,6656,5602,1054,106.53,89.66,2026-08-07T09:07:29.731Z
2022,하반기,대학교,사립,대학,광주,기존,0000158,호남신학대학교,1,534,0,451,448,3,84.46,83.9,2026-08-07T09:07:29.731Z
2022,하반기,대학교,국립,대학,대구,기존,0000003,경북대학교,1,19055,0,19533,17574,1959,102.51,92.23,2026-08-07T09:07:29.731Z
2022,하반기,대학교,사립,대학,대구,기존,0000048,계명대학교,1,18707,0,19558,17320,2238,104.55,92.59,2026-08-07T09:07:29.731Z
2022,하반기,전문대학,사립,전문대학,대구,기존,0000263,계명문화대학교,1,4757,0,4246,3731,515,89.26,78.43,2026-08-07T09:07:29.731Z
2022,하반기,대학교,특별법법인,대학,대구,기존,0000470,대구경북과학기술원,1,880,0,709,703,6,80.57,79.89,2026-08-07T09:07:29.731Z
2022,하반기,전문대학,사립,전문대학,대구,기존,0000280,대구공업대학교,1,1256,0,1439,1149,290,114.57,91.48,2026-08-07T09:07:29.731Z
2022,하반기,전문대학,사립,전문대학,대구,기존,0000283,대구과학대학교,1,3879,0,3902,3237,665,100.59,83.45,2026-08-07T09:07:29.731Z
2022,하반기,교육대학,국립,대학,대구,기존,0000197,대구교육대학교,1,1532,0,1527,1404,123,99.67,91.64,2026-08-07T09:07:29.731Z
2022,하반기,전문대학,사립,전문대학,대구,기존,0000281,대구보건대학교,1,6206,0,6377,5122,1255,102.76,82.53,2026-08-07T09:07:29.731Z
2022,하반기,전문대학,사립,전문대학,대구,기존,0000282,수성대학교,1,3075,0,3096,2604,492,100.68,84.68,2026-08-07T09:07:29.731Z
2022,하반기,전문대학,사립,전문대학,대구,기존,0000346,영남이공대학교,1,4968,0,5162,4025,1137,103.9,81.02,2026-08-07T09:07:29.731Z
2022,하반기,사이버대학(전문대학),사립,전문대학,대구,기존,0000406,영진사이버대학,1,2600,0,3830,2432,1398,147.31,93.54,2026-08-07T09:07:29.731Z
2022,하반기,전문대학,사립,전문대학,대구,기존,0000349,영진전문대학교,1,5698,0,6633,5095,1538,116.41,89.42,2026-08-07T09:07:29.731Z
2022,하반기,기능대학,사립,전문대학,대구,기존,0000549,한국폴리텍 특성화대학,1,300,0,161,151,10,53.67,50.33,2026-08-07T09:07:29.731Z
2022,하반기,기능대학,사립,전문대학,대구,기존,0000494,한국폴리텍 VI 대학,1,570,0,500,438,62,87.72,76.84,2026-08-07T09:07:29.731Z
2022,하반기,사이버대학(대학),사립,대학,대전,기존,0000425,건양사이버대학교,1,3000,0,3310,2629,681,110.33,87.63,2026-08-07T09:07:29.731Z
2022,하반기,전문대학,사립,전문대학,대전,기존,0000376,대덕대학교,1,2947,0,1935,1641,294,65.66,55.68,2026-08-07T09:07:29.731Z
2022,하반기,전문대학,사립,전문대학,대전,기존,0000512,대전과학기술대학교,1,4115,0,3714,2850,864,90.26,69.26,2026-08-07T09:07:29.731Z
2022,하반기,대학교,사립,대학,대전,기존,0000067,대전대학교,1,8275,0,8138,7444,694,98.34,89.96,2026-08-07T09:07:29.731Z
2022,하반기,전문대학,사립,전문대학,대전,기존,0000288,대전보건대학교,1,5250,0,4613,3905,708,87.87,74.38,2026-08-07T09:07:29.731Z
2022,하반기,대학교,사립,대학,대전,기존,0000182,대전신학대학교,1,156,0,49,49,0,31.41,31.41,2026-08-07T09:07:29.731Z
2022,하반기,대학교,사립,대학,대전,기존,0000080,목원대학교,1,7405,0,6491,6073,418,87.66,82.01,2026-08-07T09:07:29.731Z
2022,하반기,대학교,사립,대학,대전,기존,0000081,배재대학교,1,8206,0,7125,6647,478,86.83,81,2026-08-07T09:07:29.731Z
2022,하반기,대학교,사립,대학,대전,기존,0000184,우송대학교,1,8016,0,8553,6746,1807,106.7,84.16,2026-08-07T09:07:29.731Z
2022,하반기,산업대학,사립,대학,대전,폐교,0000222,우송대학교(산업대),1,0,0,0,0,0,0,0,2026-08-07T09:07:29.731Z
2022,하반기,전문대학,사립,전문대학,대전,기존,0000289,우송정보대학,1,4150,0,3123,2790,333,75.25,67.23,2026-08-07T09:07:29.731Z
2022,하반기,대학교,사립,대학,대전,기존,0000120,을지대학교,3,4256,0,4184,3832,352,98.31,90.04,2026-08-07T09:07:29.731Z
2022,하반기,대학교,국립,대학,대전,기존,0000020,충남대학교,1,14514,0,15824,14278,1546,109.03,98.37,2026-08-07T09:07:29.731Z
2022,하반기,대학교,사립,대학,대전,기존,0000551,침례신학대학교,1,1330,0,890,865,25,66.92,65.04,2026-08-07T09:07:29.731Z
2022,하반기,대학교,특별법법인,대학,대전,기존,0000468,한국과학기술원,1,3880,0,3508,3105,403,90.41,80.03,2026-08-07T09:07:29.731Z
2022,하반기,기능대학,사립,전문대학,대전,기존,0000484,한국폴리텍 IV 대학,1,760,0,672,570,102,88.42,75,2026-08-07T09:07:29.731Z
2022,하반기,대학교,사립,대학,대전,기존,0000145,한남대학교,1,10853,0,10607,9724,883,97.73,89.6,2026-08-07T09:07:29.731Z
2022,하반기,대학교,국립,대학,대전,기존,0000584,한밭대학교,1,7448,0,7800,6833,967,104.73,91.74,2026-08-07T09:07:29.731Z
2022,하반기,전문대학,사립,전문대학,부산,기존,0000253,경남정보대학교,1,5351,0,5524,4173,1351,103.23,77.99,2026-08-07T09:07:29.731Z
2022,하반기,대학교,사립,대학,부산,기존,0000043,경성대학교,1,11200,0,11132,9687,1445,99.39,86.49,2026-08-07T09:07:29.731Z
2022,하반기,대학교,사립,대학,부산,기존,0000050,고신대학교,1,3696,0,3213,3053,160,86.93,82.6,2026-08-07T09:07:29.731Z
2022,하반기,전문대학,사립,전문대학,부산,기존,0000284,대동대학교,1,1430,0,1414,1125,289,98.88,78.67,2026-08-07T09:07:29.731Z
2022,하반기,대학교,사립,대학,부산,기존,0000180,동명대학교,1,7092,0,6702,5704,998,94.5,80.43,2026-08-07T09:07:29.731Z
2022,하반기,대학교,사립,대학,부산,기존,0000073,동서대학교,1,9259,0,8713,7823,890,94.1,84.49,2026-08-07T09:07:29.731Z
2022,하반기,대학교,사립,대학,부산,기존,0000075,동아대학교,1,16380,0,17008,15400,1608,103.83,94.02,2026-08-07T09:07:29.731Z
2022,하반기,전문대학,사립,전문대학,부산,기존,0000303,동의과학대학교,1,4263,0,3815,2980,835,89.49,69.9,2026-08-07T09:07:29.731Z
2022,하반기,대학교,사립,대학,부산,기존,0000077,동의대학교,1,14560,0,13829,12675,1154,94.98,87.05,2026-08-07T09:07:29.731Z
2022,하반기,전문대학,사립,전문대학,부산,기존,0000569,동주대학교,1,2850,0,2362,1989,373,82.88,69.79,2026-08-07T09:07:29.731Z
2022,하반기,대학교,국립,대학,부산,기존,0000578,부경대학교,1,13121,0,14222,12396,1826,108.39,94.47,2026-08-07T09:07:29.731Z
2022,하반기,대학교,사립,대학,부산,기존,0000082,부산가톨릭대학교,1,3483,0,3568,3091,477,102.44,88.75,2026-08-07T09:07:29.731Z
2022,하반기,전문대학,사립,전문대학,부산,기존,0000313,부산경상대학교,1,2608,80,2216,1921,295,87.66,75.99,2026-08-07T09:07:29.731Z
2022,하반기,전문대학,사립,전문대학,부산,기존,0000315,부산과학기술대학교,1,2805,0,2931,2297,634,104.49,81.89,2026-08-07T09:07:29.731Z
2022,하반기,교육대학,국립,대학,부산,기존,0000198,부산교육대학교,1,1424,0,1414,1302,112,99.3,91.43,2026-08-07T09:07:29.731Z
2022,하반기,대학교,국립,대학,부산,기존,0000011,부산대학교,1,17335,0,18116,16369,1747,104.51,94.43,2026-08-07T09:07:29.731Z
2022,하반기,사이버대학(대학),사립,대학,부산,기존,0000411,부산디지털대학교,1,2805,0,2291,2063,228,81.68,73.55,2026-08-07T09:07:29.731Z
2022,하반기,전문대학,사립,전문대학,부산,기존,0000314,부산여자대학교,1,2362,0,2048,1736,312,86.71,73.5,2026-08-07T09:07:29.731Z
2022,하반기,전문대학,사립,전문대학,부산,기존,0000388,부산예술대학교,1,901,0,572,541,31,63.49,60.04,2026-08-07T09:07:29.731Z
2022,하반기,대학교,사립,대학,부산,기존,0000083,부산외국어대학교,1,7099,0,6326,5562,764,89.11,78.35,2026-08-07T09:07:29.731Z
2022,하반기,전문대학,사립,전문대학,부산,폐교,0000326,성심외국어대학,1,0,0,0,0,0,0,0,2026-08-07T09:07:29.731Z
2022,하반기,대학교,사립,대학,부산,기존,0000106,신라대학교,1,8330,0,6602,5972,630,79.26,71.69,2026-08-07T09:07:29.731Z
2022,하반기,대학교,사립,대학,부산,기존,0000181,영산대학교,2,5906,0,5421,4697,724,91.79,79.53,2026-08-07T09:07:29.731Z
2022,하반기,기능대학,사립,전문대학,부산,기존,0000564,한국폴리텍 VII 대학,1,0,0,4,0,4,0,0,2026-08-07T09:07:29.731Z
2022,하반기,기능대학,사립,전문대학,부산,기존,0000497,한국폴리텍 VII 대학,1,830,0,747,651,96,90,78.43,2026-08-07T09:07:29.731Z
2022,하반기,대학교,국립,대학,부산,기존,0000583,한국해양대학교,1,5624,0,5861,5316,545,104.21,94.52,2026-08-07T09:07:29.731Z
2022,하반기,사이버대학(대학),사립,대학,부산,기존,0000423,화신사이버대학교,1,1390,0,1376,1062,314,98.99,76.4,2026-08-07T09:07:29.731Z
2022,하반기,대학교,사립,대학,서울,기존,0000035,감리교신학대학교,1,800,0,597,574,23,74.63,71.75,2026-08-07T09:07:29.731Z
2022,하반기,대학교,사립,대학,서울,기존,0000565,강서대학교,1,1108,0,1392,950,442,125.63,85.74,2026-08-07T09:07:29.731Z
2022,하반기,대학교,사립,대학,서울,기존,0000047,경희대학교,1,19753,0,23802,18272,5530,120.5,92.5,2026-08-07T09:07:29.731Z
2022,하반기,사이버대학(대학),사립,대학,서울,기존,0000408,경희사이버대학교,1,9250,0,10540,7540,3000,113.95,81.51,2026-08-07T09:07:29.731Z
2022,하반기,사이버대학(대학),사립,대학,서울,기존,0000418,고려사이버대학교,1,7574,0,9302,6869,2433,122.81,90.69,2026-08-07T09:07:29.731Z
2022,하반기,대학교,사립,대학,서울,기존,0000053,광운대학교,1,6767,0,7968,6239,1729,117.75,92.2,2026-08-07T09:07:29.731Z
2022,하반기,대학교,사립,대학,서울,기존,0000056,국민대학교,1,11610,0,13773,11029,2744,118.63,95,2026-08-07T09:07:29.731Z
2022,하반기,대학교,사립,대학,서울,기존,0000070,덕성여자대학교,1,4601,0,5050,4539,511,109.76,98.65,2026-08-07T09:07:29.731Z
2022,하반기,대학교,사립,대학,서울,기존,0000072,동덕여자대학교,1,6218,0,6410,5659,751,103.09,91.01,2026-08-07T09:07:29.731Z
2022,하반기,전문대학,사립,전문대학,서울,기존,0000300,동양미래대학교,1,5056,0,5470,4398,1072,108.19,86.99,2026-08-07T09:07:29.731Z
2022,하반기,사이버대학(대학),사립,대학,서울,기존,0000420,디지털서울문화예술대학교,1,3690,0,3016,2431,585,81.73,65.88,2026-08-07T09:07:29.731Z
2022,하반기,전문대학,사립,전문대학,서울,기존,0000307,명지전문대학,1,5635,0,6069,4870,1199,107.7,86.42,2026-08-07T09:07:29.731Z
2022,하반기,전문대학,사립,전문대학,서울,기존,0000310,배화여자대학교,1,2518,0,2583,2235,348,102.58,88.76,2026-08-07T09:07:29.731Z
2022,하반기,사이버대학(대학),사립,대학,서울,기존,0000422,사이버한국외국어대학교,1,4680,0,5906,4340,1566,126.2,92.74,2026-08-07T09:07:29.731Z
2022,하반기,대학교,사립,대학,서울,기존,0000084,삼육대학교,1,4629,0,5064,4455,609,109.4,96.24,2026-08-07T09:07:29.731Z
2022,하반기,전문대학,사립,전문대학,서울,기존,0000317,삼육보건대학교,1,1060,0,1273,976,297,120.09,92.08,2026-08-07T09:07:29.731Z
2022,하반기,대학교,사립,대학,서울,기존,0000085,상명대학교,2,10706,0,11014,9449,1565,102.88,88.26,2026-08-07T09:07:29.731Z
2022,하반기,대학교,사립,대학,서울,기존,0000087,서강대학교,1,6296,0,7226,5594,1632,114.77,88.85,2026-08-07T09:07:29.731Z
2022,하반기,대학교,사립,대학,서울,기존,0000088,서경대학교,1,5076,0,6024,4709,1315,118.68,92.77,2026-08-07T09:07:29.731Z
2022,하반기,대학교,국립,대학,서울,기존,0000027,서울과학기술대학교,1,8471,0,9519,8204,1315,112.37,96.85,2026-08-07T09:07:29.731Z
2022,하반기,교육대학,국립,대학,서울,기존,0000199,서울교육대학교,1,1420,0,1405,1251,154,98.94,88.1,2026-08-07T09:07:29.731Z
2022,하반기,대학교,사립,대학,서울,기존,0000069,서울기독대학교,1,544,0,372,359,13,68.38,65.99,2026-08-07T09:07:29.731Z
2022,하반기,대학교,국립대법인,대학,서울,기존,0000012,서울대학교,1,13182,0,15285,13799,1486,115.95,104.68,2026-08-07T09:07:29.731Z
2022,하반기,사이버대학(대학),사립,대학,서울,기존,0000412,서울디지털대학교,1,10320,1200,10733,6695,4038,117.69,73.41,2026-08-07T09:07:29.731Z
2022,하반기,사이버대학(대학),사립,대학,서울,기존,0000413,서울사이버대학교,1,10270,0,14406,8560,5846,140.27,83.35,2026-08-07T09:07:29.731Z
2022,하반기,대학교,공립,대학,서울,기존,0000030,서울시립대학교,1,6906,0,8030,7194,836,116.28,104.17,2026-08-07T09:07:29.731Z
2022,하반기,전문대학,사립,전문대학,서울,기존,0000321,서울여자간호대학교,1,672,0,877,592,285,130.51,88.1,2026-08-07T09:07:29.731Z
2022,하반기,대학교,사립,대학,서울,기존,0000091,서울여자대학교,1,6461,0,6219,5629,590,96.25,87.12,2026-08-07T09:07:29.731Z
2022,하반기,전문대학,사립,전문대학,서울,기존,0000324,서일대학교,1,5590,0,5471,4572,899,97.87,81.79,2026-08-07T09:07:29.731Z
2022,하반기,대학교,사립,대학,서울,기존,0000096,성공회대학교,1,2008,0,1734,1639,95,86.35,81.62,2026-08-07T09:07:29.731Z
2022,하반기,대학교,사립,대학,서울,기존,0000097,성균관대학교,1,13560,0,17326,12567,4759,127.77,92.68,2026-08-07T09:07:29.731Z
2022,하반기,대학교,사립,대학,서울,기존,0000098,성신여자대학교,1,8624,0,8315,7566,749,96.42,87.73,2026-08-07T09:07:29.731Z
2022,하반기,대학교,사립,대학,서울,기존,0000100,세종대학교,1,9495,0,11157,8915,2242,117.5,93.89,2026-08-07T09:07:29.731Z
2022,하반기,사이버대학(대학),사립,대학,서울,기존,0000415,세종사이버대학교,1,6630,0,9229,5896,3333,139.2,88.93,2026-08-07T09:07:29.731Z
2022,하반기,대학교,사립,대학,서울,기존,0000103,숙명여자대학교,1,8720,0,9366,8090,1276,107.41,92.78,2026-08-07T09:07:29.731Z
2022,하반기,대학교,사립,대학,서울,기존,0000105,숭실대학교,1,10780,1,13101,10121,2980,121.54,93.9,2026-08-07T09:07:29.731Z
2022,하반기,사이버대학(대학),사립,대학,서울,기존,0000419,숭실사이버대학교,1,4900,0,6586,4464,2122,134.41,91.1,2026-08-07T09:07:29.731Z
2022,하반기,전문대학,사립,전문대학,서울,기존,0000333,숭의여자대학교,1,3132,0,2947,2672,275,94.09,85.31,2026-08-07T09:07:29.731Z
2022,하반기,대학교,사립,대학,서울,기존,0000121,이화여자대학교,1,12747,0,14026,12003,2023,110.03,94.16,2026-08-07T09:07:29.731Z
2022,하반기,전문대학,사립,전문대학,서울,기존,0000356,인덕대학교,1,5510,0,5613,4800,813,101.87,87.11,2026-08-07T09:07:29.731Z
2022,하반기,대학교,사립,대학,서울,기존,0000125,장로회신학대학교,1,600,0,581,555,26,96.83,92.5,2026-08-07T09:07:29.731Z
2022,하반기,기술대학,사립,대학,서울,기존,0000228,정석대학,1,200,0,43,43,0,21.5,21.5,2026-08-07T09:07:29.731Z
2022,하반기,대학교,사립,대학,서울,기존,0000129,중앙대학교,2,18064,0,21501,16749,4752,119.03,92.72,2026-08-07T09:07:29.731Z
2022,하반기,대학교,사립,대학,서울,기존,0000133,총신대학교,1,1308,0,1354,1219,135,103.52,93.2,2026-08-07T09:07:29.731Z
2022,하반기,대학교,사립,대학,서울,기존,0000134,추계예술대학교,1,1038,0,1056,987,69,101.73,95.09,2026-08-07T09:07:29.731Z
2022,하반기,방송통신대학,국립,대학,서울,기존,0000215,한국방송통신대학교,1,215550,0,83938,76839,7099,38.94,35.65,2026-08-07T09:07:29.731Z
2022,하반기,대학교,사립,대학,서울,기존,0000142,한국성서대학교,1,892,0,903,824,79,101.23,92.38,2026-08-07T09:07:29.731Z
2022,하반기,사이버대학(대학),사립,대학,서울,기존,0000416,한국열린사이버대학교,1,3000,0,4920,2375,2545,164,79.17,2026-08-07T09:07:29.731Z
2022,하반기,각종학교(대학),특별법국립,대학,서울,기존,0000471,한국예술종합학교,1,2252,0,2504,2389,115,111.19,106.08,2026-08-07T09:07:29.731Z
2022,하반기,대학교,사립,대학,서울,기존,0000143,한국외국어대학교,1,13508,0,14744,12129,2615,109.15,89.79,2026-08-07T09:07:29.731Z
2022,하반기,대학교,국립,대학,서울,기존,0000023,한국체육대학교,1,2160,0,2275,2152,123,105.32,99.63,2026-08-07T09:07:29.731Z
2022,하반기,기능대학,사립,전문대학,서울,기존,0000478,한국폴리텍 I 대학,1,515,255,457,359,98,175.77,138.08,2026-08-07T09:07:29.731Z
2022,하반기,기능대학,사립,전문대학,서울,기존,0000477,한국폴리텍 I 대학,1,1065,0,1173,886,287,110.14,83.19,2026-08-07T09:07:29.731Z
2022,하반기,대학교,사립,대학,서울,기존,0000150,한성대학교,1,5832,0,6390,5455,935,109.57,93.54,2026-08-07T09:07:29.731Z
2022,하반기,사이버대학(대학),사립,대학,서울,기존,0000421,한양사이버대학교,1,10670,0,14981,9886,5095,140.4,92.65,2026-08-07T09:07:29.731Z
2022,하반기,전문대학,사립,전문대학,서울,기존,0000384,한양여자대학교,1,6184,0,6472,5621,851,104.66,90.9,2026-08-07T09:07:29.731Z
2022,하반기,대학교,사립,대학,서울,기존,0000539,한영신학대학교,1,720,0,585,535,50,81.25,74.31,2026-08-07T09:07:29.731Z
2022,하반기,대학교,사립,대학,서울,기존,0000160,홍익대학교,2,14807,0,17029,14163,2866,115.01,95.65,2026-08-07T09:07:29.731Z
2022,하반기,대학교,사립,대학,세종,기존,0000049,고려대학교,2,21237,0,23977,19561,4416,112.9,92.11,2026-08-07T09:07:29.731Z
2022,하반기,대학교,사립,대학,세종,기존,0000066,대전가톨릭대학교,1,160,0,31,29,2,19.38,18.13,2026-08-07T09:07:29.731Z
2022,하반기,전문대학,사립,전문대학,세종,기존,0000353,한국영상대학교,1,3091,0,2946,2590,356,95.31,83.79,2026-08-07T09:07:29.731Z
2022,하반기,대학교,특별법법인,대학,울산,기존,0000527,울산과학기술원,1,1520,0,1600,1363,237,105.26,89.67,2026-08-07T09:07:29.731Z
2022,하반기,전문대학,사립,전문대학,울산,기존,0000352,울산과학대학교,1,4441,0,4934,3951,983,111.1,88.97,2026-08-07T09:07:29.731Z
2022,하반기,대학교,사립,대학,울산,기존,0000117,울산대학교,1,11114,0,10677,9779,898,96.07,87.99,2026-08-07T09:07:29.731Z
2022,하반기,전문대학,사립,전문대학,울산,기존,0000375,춘해보건대학교,1,2156,0,2558,1911,647,118.65,88.64,2026-08-07T09:07:29.731Z
2022,하반기,기능대학,사립,전문대학,울산,기존,0000498,한국폴리텍 VII 대학,1,650,0,623,546,77,95.85,84,2026-08-07T09:07:29.731Z
2022,하반기,교육대학,국립,대학,인천,기존,0000200,경인교육대학교,2,2392,0,2462,2228,234,102.93,93.14,2026-08-07T09:07:29.731Z
2022,하반기,전문대학,사립,전문대학,인천,기존,0000261,경인여자대학교,1,4002,0,3905,3043,862,97.58,76.04,2026-08-07T09:07:29.731Z
2022,하반기,대학교,사립,대학,인천,기존,0000123,인천가톨릭대학교,2,664,0,669,615,54,100.75,92.62,2026-08-07T09:07:29.731Z
2022,하반기,대학교,국립대법인,대학,인천,기존,0000031,인천대학교,1,9968,0,10492,9482,1010,105.26,95.12,2026-08-07T09:07:29.731Z
2022,하반기,전문대학,사립,전문대학,인천,기존,0000587,인천재능대학교,1,3246,0,3021,2535,486,93.07,78.1,2026-08-07T09:07:29.731Z
2022,하반기,전문대학,사립,전문대학,인천,기존,0000357,인하공업전문대학,1,5591,0,6487,5281,1206,116.03,94.46,2026-08-07T09:07:29.731Z
2022,하반기,대학교,사립,대학,인천,기존,0000124,인하대학교,1,14030,0,16142,13194,2948,115.05,94.04,2026-08-07T09:07:29.731Z
2022,하반기,기능대학,사립,전문대학,인천,기존,0000481,한국폴리텍 II 대학,1,50,0,65,36,29,130,72,2026-08-07T09:07:29.731Z
2022,하반기,기능대학,사립,전문대학,인천,기존,0000480,한국폴리텍 II 대학,1,1660,0,1730,1331,399,104.22,80.18,2026-08-07T09:07:29.731Z
2022,하반기,전문대학,사립,전문대학,전남,기존,0000585,고구려대학교,1,1782,0,1229,1189,40,68.97,66.72,2026-08-07T09:07:29.731Z
2022,하반기,전문대학,사립,전문대학,전남,기존,0000266,광양보건대학교,1,1387,160,155,137,18,12.63,11.17,2026-08-07T09:07:29.731Z
2022,하반기,대학교,사립,대학,전남,기존,0000054,광주가톨릭대학교,1,160,0,59,59,0,36.88,36.88,2026-08-07T09:07:29.731Z
2022,하반기,대학교,사립,대학,전남,기존,0000074,동신대학교,1,6272,0,5564,4978,586,88.71,79.37,2026-08-07T09:07:29.731Z
2022,하반기,전문대학,사립,전문대학,전남,기존,0000532,동아보건대학교,1,1403,0,1191,1042,149,84.89,74.27,2026-08-07T09:07:29.731Z
2022,하반기,대학교,사립,대학,전남,기존,0000166,목포가톨릭대학교,1,480,0,493,468,25,102.71,97.5,2026-08-07T09:07:29.731Z
2022,하반기,전문대학,사립,전문대학,전남,기존,0000308,목포과학대학교,1,2321,0,2276,1953,323,98.06,84.14,2026-08-07T09:07:29.731Z
2022,하반기,대학교,국립,대학,전남,기존,0000576,목포대학교,1,6437,0,5871,5287,584,91.21,82.13,2026-08-07T09:07:29.731Z
2022,하반기,대학교,국립,대학,전남,기존,0000577,목포해양대학교,1,2764,0,2432,2332,100,87.99,84.37,2026-08-07T09:07:29.731Z
2022,하반기,대학교,사립,대학,전남,기존,0000064,세한대학교,1,3462,0,3156,2967,189,91.16,85.7,2026-08-07T09:07:29.731Z
2022,하반기,대학교,국립,대학,전남,기존,0000579,순천대학교,1,6579,0,6144,5557,587,93.39,84.47,2026-08-07T09:07:29.731Z
2022,하반기,전문대학,사립,전문대학,전남,기존,0000331,순천제일대학교,1,2434,0,2361,2006,355,97,82.42,2026-08-07T09:07:29.731Z
2022,하반기,대학교,사립,대학,전남,기존,0000114,영산선학대학교,1,200,0,31,29,2,15.5,14.5,2026-08-07T09:07:29.731Z
2022,하반기,전문대학,사립,전문대학,전남,기존,0000360,전남과학대학교,1,2950,0,3337,2308,1029,113.12,78.24,2026-08-07T09:07:29.731Z
2022,하반기,전문대학,공립,전문대학,전남,기존,0000389,전남도립대학교,1,1455,0,1027,986,41,70.58,67.77,2026-08-07T09:07:29.731Z
2022,하반기,전문대학,사립,전문대학,전남,기존,0000332,청암대학교,1,2727,0,2261,1952,309,82.91,71.58,2026-08-07T09:07:29.731Z
2022,하반기,대학교,사립,대학,전남,기존,0000190,초당대학교,1,3008,0,2889,2608,281,96.04,86.7,2026-08-07T09:07:29.731Z
2022,하반기,대학교,특별법법인,대학,전남,기존,0000561,한국에너지공과대학교,1,100,0,102,93,9,102,93,2026-08-07T09:07:29.731Z
2022,하반기,기능대학,사립,전문대학,전남,기존,0000543,한국폴리텍 V 대학,1,0,0,13,0,13,0,0,2026-08-07T09:07:29.731Z
2022,하반기,기능대학,사립,전문대학,전남,기존,0000554,한국폴리텍 V 대학,1,200,0,163,137,26,81.5,68.5,2026-08-07T09:07:29.731Z
2022,하반기,전문대학,사립,전문대학,전남,기존,0000546,한영대학,1,1215,0,1316,1072,244,108.31,88.23,2026-08-07T09:07:29.731Z
2022,하반기,전문대학,사립,전문대학,전북,기존,0000250,군산간호대학교,1,884,0,1128,829,299,127.6,93.78,2026-08-07T09:07:29.731Z
2022,하반기,대학교,국립,대학,전북,기존,0000574,군산대학교,1,6940,0,5802,5252,550,83.6,75.68,2026-08-07T09:07:29.731Z
2022,하반기,전문대학,사립,전문대학,전북,기존,0000270,군장대학교,1,1565,0,1647,1290,357,105.24,82.43,2026-08-07T09:07:29.731Z
2022,하반기,전문대학,사립,전문대학,전북,기존,0000311,백제예술대학교,1,1280,0,933,872,61,72.89,68.13,2026-08-07T09:07:29.731Z
2022,하반기,대학교,사립,대학,전북,기존,0000173,예수대학교,1,487,0,523,473,50,107.39,97.13,2026-08-07T09:07:29.731Z
2022,하반기,대학교,사립,대학,전북,기존,0000164,예원예술대학교,2,1162,0,1254,828,426,107.92,71.26,2026-08-07T09:07:29.731Z
2022,하반기,대학교,사립,대학,전북,기존,0000116,우석대학교,1,7060,0,6425,5499,926,91.01,77.89,2026-08-07T09:07:29.731Z
2022,하반기,대학교,사립,대학,전북,기존,0000118,원광대학교,1,14460,0,12626,11851,775,87.32,81.96,2026-08-07T09:07:29.731Z
2022,하반기,사이버대학(대학),사립,대학,전북,기존,0000417,원광디지털대학교,1,4760,0,5168,3962,1206,108.57,83.24,2026-08-07T09:07:29.731Z
2022,하반기,전문대학,사립,전문대학,전북,기존,0000354,원광보건대학교,1,3976,147,3907,3105,802,102.04,81.09,2026-08-07T09:07:29.731Z
2022,하반기,전문대학,사립,전문대학,전북,기존,0000362,전북과학대학교,1,1462,0,1596,1284,312,109.17,87.82,2026-08-07T09:07:29.731Z
2022,하반기,대학교,국립,대학,전북,기존,0000017,전북대학교,1,15732,0,16738,14840,1898,106.39,94.33,2026-08-07T09:07:29.731Z
2022,하반기,교육대학,국립,대학,전북,기존,0000201,전주교육대학교,1,1140,0,1089,1025,64,95.53,89.91,2026-08-07T09:07:29.731Z
2022,하반기,전문대학,사립,전문대학,전북,기존,0000274,전주기전대학,1,2076,0,1311,1176,135,63.15,56.65,2026-08-07T09:07:29.731Z
2022,하반기,대학교,사립,대학,전북,기존,0000126,전주대학교,1,10183,0,10425,9174,1251,102.38,90.09,2026-08-07T09:07:29.731Z
2022,하반기,전문대학,사립,전문대학,전북,기존,0000361,전주비전대학교,1,2583,0,3088,2129,959,119.55,82.42,2026-08-07T09:07:29.731Z
2022,하반기,전문대학,특별법국립,전문대학,전북,기존,0000473,한국농수산대학,1,1690,0,1638,1517,121,96.92,89.76,2026-08-07T09:07:29.731Z
2022,하반기,기능대학,사립,전문대학,전북,기존,0000493,한국폴리텍 V 대학,1,100,0,121,88,33,121,88,2026-08-07T09:07:29.731Z
2022,하반기,기능대학,사립,전문대학,전북,기존,0000553,한국폴리텍 V 대학,1,480,0,390,342,48,81.25,71.25,2026-08-07T09:07:29.731Z
2022,하반기,대학교,사립,대학,전북,기존,0000155,한일장신대학교,1,876,0,791,698,93,90.3,79.68,2026-08-07T09:07:29.731Z
2022,하반기,산업대학,사립,대학,전북,기존,0000223,호원대학교,1,4489,0,4717,3249,1468,105.08,72.38,2026-08-07T09:07:29.731Z
2022,하반기,전문대학,사립,전문대학,제주,기존,0000363,제주관광대학교,1,2337,69,1379,1258,121,60.8,55.47,2026-08-07T09:07:29.731Z
2022,하반기,대학교,사립,대학,제주,기존,0000192,제주국제대학교,1,1740,0,480,470,10,27.59,27.01,2026-08-07T09:07:29.731Z
2022,하반기,대학교,국립,대학,제주,기존,0000018,제주대학교,1,8605,0,8883,8006,877,103.23,93.04,2026-08-07T09:07:29.731Z
2022,하반기,전문대학,사립,전문대학,제주,기존,0000382,제주한라대학교,1,4646,0,4635,3326,1309,99.76,71.59,2026-08-07T09:07:29.731Z
2022,하반기,기능대학,사립,전문대학,제주,기존,0000535,한국폴리텍 I 대학,1,50,0,38,33,5,76,66,2026-08-07T09:07:29.731Z
2022,하반기,대학교,사립,대학,충남,기존,0000038,건양대학교,2,6710,0,6262,5806,456,93.32,86.53,2026-08-07T09:07:29.731Z
2022,하반기,교육대학,국립,대학,충남,기존,0000195,공주교육대학교,1,1416,0,1352,1249,103,95.48,88.21,2026-08-07T09:07:29.731Z
2022,하반기,대학교,국립,대학,충남,기존,0000573,공주대학교,1,11062,0,11590,10023,1567,104.77,90.61,2026-08-07T09:07:29.731Z
2022,하반기,사이버대학(대학),사립,대학,충남,기존,0000424,글로벌사이버대학교,1,3500,0,2202,2181,21,62.91,62.31,2026-08-07T09:07:29.731Z
2022,하반기,대학교,사립,대학,충남,기존,0000169,금강대학교,1,440,0,167,167,0,37.95,37.95,2026-08-07T09:07:29.731Z
2022,하반기,대학교,사립,대학,충남,기존,0000059,나사렛대학교,1,4844,60,4576,4029,547,95.65,84.22,2026-08-07T09:07:29.731Z
2022,하반기,대학교,사립,대학,충남,기존,0000189,남서울대학교,1,8784,0,8687,7619,1068,98.9,86.74,2026-08-07T09:07:29.731Z
2022,하반기,대학교,사립,대학,충남,기존,0000131,백석대학교,1,11660,0,11020,10005,1015,94.51,85.81,2026-08-07T09:07:29.731Z
2022,하반기,전문대학,사립,전문대학,충남,기존,0000373,백석문화대학교,1,5330,0,4276,3608,668,80.23,67.69,2026-08-07T09:07:29.731Z
2022,하반기,대학교,사립,대학,충남,기존,0000094,선문대학교,1,8242,0,8561,7242,1319,103.87,87.87,2026-08-07T09:07:29.731Z
2022,하반기,대학교,사립,대학,충남,기존,0000104,순천향대학교,1,9634,0,10377,8923,1454,107.71,92.62,2026-08-07T09:07:29.731Z
2022,하반기,전문대학,사립,전문대학,충남,기존,0000335,신성대학교,1,3274,152,2793,2310,483,89.46,73.99,2026-08-07T09:07:29.731Z
2022,하반기,전문대학,사립,전문대학,충남,기존,000568,아주자동차대학,1,939,0,732,602,130,77.96,64.11,2026-08-07T09:07:29.731Z
2022,하반기,전문대학,사립,전문대학,충남,기존,0000529,연암대학교,1,966,0,1065,894,171,110.25,92.55,2026-08-07T09:07:29.731Z
2022,하반기,대학교,사립,대학,충남,기존,0000128,중부대학교,1,7780,0,6929,6059,870,89.06,77.88,2026-08-07T09:07:29.731Z
2022,하반기,산업대학,사립,대학,충남,기존,0000225,청운대학교,1,4942,0,5332,3978,1354,107.89,80.49,2026-08-07T09:07:29.731Z
2022,하반기,전문대학,공립,전문대학,충남,기존,0000519,충남도립대학교,1,1092,0,897,832,65,82.14,76.19,2026-08-07T09:07:29.731Z
2022,하반기,대학교,사립,대학,충남,기존,0000141,한국기술교육대학교,1,3344,0,3806,3284,522,113.82,98.21,2026-08-07T09:07:29.731Z
2022,하반기,대학교,특별법국립,대학,충남,기존,0000472,한국전통문화대학교,1,560,0,529,511,18,94.46,91.25,2026-08-07T09:07:29.731Z
2022,하반기,기능대학,사립,전문대학,충남,기존,0000500,한국폴리텍 특성화대학,1,360,0,406,356,50,112.78,98.89,2026-08-07T09:07:29.731Z
2022,하반기,기능대학,사립,전문대학,충남,기존,0000487,한국폴리텍 IV 대학,1,450,0,407,327,80,90.44,72.67,2026-08-07T09:07:29.731Z
2022,하반기,기능대학,사립,전문대학,충남,기존,0000588,한국폴리텍 IV 대학,1,225,0,169,154,15,75.11,68.44,2026-08-07T09:07:29.731Z
2022,하반기,대학교,사립,대학,충남,기존,0000149,한서대학교,1,6316,0,6291,5651,640,99.6,89.47,2026-08-07T09:07:29.731Z
2022,하반기,전문대학,사립,전문대학,충남,기존,0000386,혜전대학교,1,2657,0,2416,1890,526,90.93,71.13,2026-08-07T09:07:29.731Z
2022,하반기,대학교,사립,대학,충남,기존,0000159,호서대학교,1,11562,0,11421,10399,1022,98.78,89.94,2026-08-07T09:07:29.731Z
2022,하반기,전문대학,사립,전문대학,충북,기존,0000271,강동대학교,1,3617,0,2861,2428,433,79.1,67.13,2026-08-07T09:07:29.731Z
2022,하반기,대학교,사립,대학,충북,기존,0000037,건국대학교,2,18354,0,20548,17376,3172,111.95,94.67,2026-08-07T09:07:29.731Z
2022,하반기,대학교,사립,대학,충북,기존,0000058,극동대학교,1,3582,0,2779,2536,243,77.58,70.8,2026-08-07T09:07:29.731Z
2022,하반기,대학교,사립,대학,충북,기존,0000557,꽃동네대학교,1,432,0,389,369,20,90.05,85.42,2026-08-07T09:07:29.731Z
2022,하반기,전문대학,사립,전문대학,충북,기존,0000286,대원대학교,1,2372,0,1946,1718,228,82.04,72.43,2026-08-07T09:07:29.731Z
2022,하반기,대학교,사립,대학,충북,기존,0000093,서원대학교,1,6488,0,5989,5494,495,92.31,84.68,2026-08-07T09:07:29.731Z
2022,하반기,대학교,사립,대학,충북,기존,0000099,세명대학교,1,7580,0,6444,5929,515,85.01,78.22,2026-08-07T09:07:29.731Z
2022,하반기,각종학교(대학),사립,대학,충북,기존,0000404,순복음총회신학교,1,289,0,112,112,0,38.75,38.75,2026-08-07T09:07:29.731Z
2022,하반기,대학교,사립,대학,충북,기존,0000113,유원대학교,1,3595,0,3142,2917,225,87.4,81.14,2026-08-07T09:07:29.731Z
2022,하반기,대학교,사립,대학,충북,기존,0000183,중원대학교,1,3728,44,3193,2976,217,86.67,80.78,2026-08-07T09:07:29.731Z
2022,하반기,교육대학,국립,대학,충북,기존,0000204,청주교육대학교,1,1144,0,1159,1073,86,101.31,93.79,2026-08-07T09:07:29.731Z
2022,하반기,대학교,사립,대학,충북,기존,0000132,청주대학교,1,10585,0,10255,9455,800,96.88,89.32,2026-08-07T09:07:29.731Z
2022,하반기,대학교,국립,대학,충북,기존,0000021,충북대학교,1,11408,0,12267,10848,1419,107.53,95.09,2026-08-07T09:07:29.731Z
2022,하반기,전문대학,공립,전문대학,충북,기존,0000544,충북도립대학,1,860,0,745,745,0,86.63,86.63,2026-08-07T09:07:29.731Z
2022,하반기,전문대학,사립,전문대학,충북,기존,0000367,충북보건과학대학교,1,2516,0,2227,1883,344,88.51,74.84,2026-08-07T09:07:29.731Z
2022,하반기,전문대학,사립,전문대학,충북,기존,0000377,충청대학교,1,3650,0,3123,2611,512,85.56,71.53,2026-08-07T09:07:29.731Z
2022,하반기,대학교,국립,대학,충북,기존,0000022,한국교원대학교,1,2184,0,2194,2045,149,100.46,93.64,2026-08-07T09:07:29.731Z
2022,하반기,대학교,국립,대학,충북,기존,0000582,한국교통대학교,1,7671,0,7539,6837,702,98.28,89.13,2026-08-07T09:07:29.731Z
2022,하반기,기능대학,사립,전문대학,충북,기존,0000485,한국폴리텍 IV 대학,1,650,0,707,582,125,108.77,89.54,2026-08-07T09:07:29.731Z
2023,상반기,대학교,사립,대학,강원,기존,0000513,가톨릭관동대학교,1,7748,0,5939,5458,481,76.65,70.44,2026-08-07T09:07:29.731Z
2023,상반기,전문대학,사립,전문대학,강원,기존,0000347,강릉영동대학교,1,2296,0,2257,1778,479,98.3,77.44,2026-08-07T09:07:29.731Z
2023,상반기,대학교,국립,대학,강원,기존,0000572,강릉원주대학교,2,7259,93,7152,6565,587,99.8,91.61,2026-08-07T09:07:29.731Z
2023,상반기,전문대학,사립,전문대학,강원,폐교,0000378,강원관광대학교,1,392,10,395,331,64,103.4,86.65,2026-08-07T09:07:29.731Z
2023,상반기,대학교,국립,대학,강원,기존,0000002,강원대학교,2,18255,0,19031,17509,1522,104.25,95.91,2026-08-07T09:07:29.731Z
2023,상반기,전문대학,공립,전문대학,강원,기존,0000531,강원도립대학교,1,654,0,608,607,1,92.97,92.81,2026-08-07T09:07:29.731Z
2023,상반기,대학교,사립,대학,강원,기존,0000041,경동대학교,3,6628,0,7060,5950,1110,106.52,89.77,2026-08-07T09:07:29.731Z
2023,상반기,대학교,사립,대학,강원,기존,0000086,상지대학교,1,8506,0,6320,5837,483,74.3,68.62,2026-08-07T09:07:29.731Z
2023,상반기,전문대학,사립,전문대학,강원,폐교,0000319,상지영서대학교,1,0,0,10,9,1,0,0,2026-08-07T09:07:29.731Z
2023,상반기,전문대학,사립,전문대학,강원,기존,0000348,세경대학교,1,916,0,860,728,132,93.89,79.48,2026-08-07T09:07:29.731Z
2023,상반기,전문대학,사립,전문대학,강원,기존,0000393,송곡대학교,1,573,0,846,462,384,147.64,80.63,2026-08-07T09:07:29.731Z
2023,상반기,전문대학,사립,전문대학,강원,기존,0000390,송호대학교,1,900,1,804,636,168,89.43,70.75,2026-08-07T09:07:29.731Z
2023,상반기,대학교,사립,대학,강원,기존,0000110,연세대학교,2,19809,0,27276,21394,5882,137.69,108,2026-08-07T09:07:29.731Z
2023,상반기,교육대학,국립,대학,강원,기존,0000205,춘천교육대학교,1,1284,0,1256,1186,70,97.82,92.37,2026-08-07T09:07:29.731Z
2023,상반기,전문대학,사립,전문대학,강원,기존,0000542,한국골프대학,1,480,0,427,390,37,88.96,81.25,2026-08-07T09:07:29.731Z
2023,상반기,기능대학,사립,전문대학,강원,기존,0000483,한국폴리텍 III 대학,1,120,0,117,102,15,97.5,85,2026-08-07T09:07:29.731Z
2023,상반기,기능대학,사립,전문대학,강원,기존,0000517,한국폴리텍 III 대학,1,100,0,107,70,37,107,70,2026-08-07T09:07:29.731Z
2023,상반기,기능대학,사립,전문대학,강원,기존,0000482,한국폴리텍 III 대학,1,275,0,214,169,45,77.82,61.45,2026-08-07T09:07:29.731Z
2023,상반기,대학교,사립,대학,강원,기존,0000147,한라대학교,1,3561,0,3170,2862,308,89.02,80.37,2026-08-07T09:07:29.731Z
2023,상반기,대학교,사립,대학,강원,기존,0000148,한림대학교,1,7176,0,7594,6973,621,105.82,97.17,2026-08-07T09:07:29.731Z
2023,상반기,전문대학,사립,전문대학,강원,기존,0000383,한림성심대학교,1,2348,0,2577,1985,592,109.75,84.54,2026-08-07T09:07:29.731Z
2023,상반기,대학교,사립,대학,경기,기존,0000044,가천대학교,1,16152,0,20563,16236,4327,127.31,100.52,2026-08-07T09:07:29.731Z
2023,상반기,대학교,사립,대학,경기,기존,0000034,가톨릭대학교,3,7310,0,8343,7080,1263,114.13,96.85,2026-08-07T09:07:29.731Z
2023,상반기,대학교,사립,대학,경기,기존,0000036,강남대학교,1,5964,0,6503,5974,529,109.04,100.17,2026-08-07T09:07:29.731Z
2023,상반기,전문대학,사립,전문대학,경기,기존,0000387,경기과학기술대학교,1,3426,0,4293,2963,1330,125.31,86.49,2026-08-07T09:07:29.731Z
2023,상반기,대학교,사립,대학,경기,기존,0000039,경기대학교,2,11759,2,14153,11973,2180,120.38,101.84,2026-08-07T09:07:29.731Z
2023,상반기,전문대학,사립,전문대학,경기,기존,0000255,경민대학교,1,3564,0,3896,3095,801,109.32,86.84,2026-08-07T09:07:29.731Z
2023,상반기,전문대학,사립,전문대학,경기,기존,0000259,경복대학교,1,5407,0,6104,4723,1381,112.89,87.35,2026-08-07T09:07:29.731Z
2023,상반기,전문대학,사립,전문대학,경기,기존,0000264,계원예술대학교,1,2424,0,2790,2405,385,115.1,99.22,2026-08-07T09:07:29.731Z
2023,상반기,전문대학,사립,전문대학,경기,기존,0000379,국제대학교,1,3728,0,2476,2255,221,66.42,60.49,2026-08-07T09:07:29.731Z
2023,상반기,사이버대학(대학),사립,대학,경기,기존,0000409,국제사이버대학교,1,2890,0,3429,2590,839,118.65,89.62,2026-08-07T09:07:29.731Z
2023,상반기,전문대학,사립,전문대학,경기,기존,0000277,김포대학교,1,2590,0,1609,1292,317,62.12,49.88,2026-08-07T09:07:29.731Z
2023,상반기,전문대학,사립,전문대학,경기,기존,0000278,농협대학교,1,174,0,376,157,219,216.09,90.23,2026-08-07T09:07:29.731Z
2023,상반기,대학교,사립,대학,경기,기존,0000060,단국대학교,2,18820,0,22223,19401,2822,118.08,103.09,2026-08-07T09:07:29.731Z
2023,상반기,전문대학,사립,전문대학,경기,기존,0000285,대림대학교,1,5723,0,6940,5402,1538,121.27,94.39,2026-08-07T09:07:29.731Z
2023,상반기,대학교,사립,대학,경기,기존,0000068,대진대학교,1,7082,0,7118,6489,629,100.51,91.63,2026-08-07T09:07:29.731Z
2023,상반기,전문대학,사립,전문대학,경기,기존,0000294,동남보건대학교,1,4113,0,4685,3763,922,113.91,91.49,2026-08-07T09:07:29.731Z
2023,상반기,전문대학,사립,전문대학,경기,기존,0000287,동서울대학교,1,5541,0,5701,4977,724,102.89,89.82,2026-08-07T09:07:29.731Z
2023,상반기,전문대학,사립,전문대학,경기,기존,0000298,동아방송예술대학교,1,2469,0,3054,2313,741,123.69,93.68,2026-08-07T09:07:29.731Z
2023,상반기,전문대학,사립,전문대학,경기,기존,0000302,동원대학교,1,2960,0,2547,2211,336,86.05,74.7,2026-08-07T09:07:29.731Z
2023,상반기,전문대학,사립,전문대학,경기,기존,0000305,두원공과대학교,1,4119,0,2204,1973,231,53.51,47.9,2026-08-07T09:07:29.731Z
2023,상반기,대학교,사립,대학,경기,기존,0000078,루터대학교,1,340,0,346,337,9,101.76,99.12,2026-08-07T09:07:29.731Z
2023,상반기,대학교,사립,대학,경기,기존,0000079,명지대학교,2,10601,0,13746,10631,3115,129.67,100.28,2026-08-07T09:07:29.731Z
2023,상반기,전문대학,사립,전문대학,경기,기존,0000316,부천대학교,1,5246,0,7075,4878,2197,134.86,92.99,2026-08-07T09:07:29.731Z
2023,상반기,대학교,사립,대학,경기,기존,0000090,서울신학대학교,1,1873,0,2015,1887,128,107.58,100.75,2026-08-07T09:07:29.731Z
2023,상반기,전문대학,사립,전문대학,경기,기존,0000323,서울예술대학교,1,1743,0,3153,1780,1373,180.9,102.12,2026-08-07T09:07:29.731Z
2023,상반기,대학교,사립,대학,경기,기존,0000092,서울장신대학교,1,434,0,275,263,12,63.36,60.6,2026-08-07T09:07:29.731Z
2023,상반기,전문대학,사립,전문대학,경기,기존,0000392,서정대학교,1,3127,0,7264,3025,4239,232.3,96.74,2026-08-07T09:07:29.731Z
2023,상반기,대학교,사립,대학,경기,기존,0000095,성결대학교,1,4912,0,5345,4999,346,108.82,101.77,2026-08-07T09:07:29.731Z
2023,상반기,대학교,사립,대학,경기,기존,0000101,수원가톨릭대학교,1,360,0,120,114,6,33.33,31.67,2026-08-07T09:07:29.731Z
2023,상반기,전문대학,사립,전문대학,경기,기존,0000330,수원과학대학교,1,5006,0,3416,3047,369,68.24,60.87,2026-08-07T09:07:29.731Z
2023,상반기,대학교,사립,대학,경기,기존,0000102,수원대학교,1,8586,0,8512,7930,582,99.14,92.36,2026-08-07T09:07:29.731Z
2023,상반기,전문대학,사립,전문대학,경기,기존,0000329,수원여자대학교,1,3919,0,3736,3247,489,95.33,82.85,2026-08-07T09:07:29.731Z
2023,상반기,대학교,사립,대학,경기,기존,000567,신경대학교,1,984,13,388,369,19,39.96,38,2026-08-07T09:07:29.731Z
2023,상반기,전문대학,사립,전문대학,경기,기존,0000334,신구대학교,1,6025,0,6108,5304,804,101.38,88.03,2026-08-07T09:07:29.731Z
2023,상반기,전문대학,사립,전문대학,경기,기존,0000339,신안산대학교,1,2690,0,2289,1951,338,85.09,72.53,2026-08-07T09:07:29.731Z
2023,상반기,대학교,사립,대학,경기,기존,000509,신한대학교,2,5716,0,6068,5315,753,106.16,92.98,2026-08-07T09:07:29.731Z
2023,상반기,전문대학,사립,전문대학,경기,폐교,0000336,신흥대학교,1,0,0,0,0,0,0,0,2026-08-07T09:07:29.731Z
2023,상반기,대학교,사립,대학,경기,기존,0000558,아신대학교,1,636,0,347,336,11,54.56,52.83,2026-08-07T09:07:29.731Z
2023,상반기,대학교,사립,대학,경기,기존,0000108,아주대학교,1,7715,0,9825,8123,1702,127.35,105.29,2026-08-07T09:07:29.731Z
2023,상반기,전문대학,사립,전문대학,경기,기존,0000340,안산대학교,1,3994,0,4349,3485,864,108.89,87.26,2026-08-07T09:07:29.731Z
2023,상반기,대학교,사립,대학,경기,기존,0000109,안양대학교,2,4579,0,4662,4344,318,101.81,94.87,2026-08-07T09:07:29.731Z
2023,상반기,전문대학,사립,전문대학,경기,기존,0000343,여주대학교,1,4092,0,3609,3052,557,88.2,74.58,2026-08-07T09:07:29.731Z
2023,상반기,전문대학,사립,전문대학,경기,기존,0000341,연성대학교,1,5469,0,5705,5025,680,104.32,91.88,2026-08-07T09:07:29.731Z
2023,상반기,전문대학,사립,전문대학,경기,기존,0000350,오산대학교,1,4208,0,4205,3640,565,99.93,86.5,2026-08-07T09:07:29.731Z
2023,상반기,대학교,사립,대학,경기,기존,0000115,용인대학교,1,5189,64,5442,5033,409,106.19,98.2,2026-08-07T09:07:29.731Z
2023,상반기,전문대학,사립,전문대학,경기,기존,0000559,용인예술과학대학교,1,3257,159,2641,2326,315,85.25,75.08,2026-08-07T09:07:29.731Z
2023,상반기,전문대학,사립,전문대학,경기,기존,0000394,웅지세무대학교,1,1437,0,571,566,5,39.74,39.39,2026-08-07T09:07:29.731Z
2023,상반기,전문대학,사립,전문대학,경기,기존,0000355,유한대학교,1,4196,0,4486,4053,433,106.91,96.59,2026-08-07T09:07:29.731Z
2023,상반기,전문대학,사립,전문대학,경기,기존,0000358,장안대학교,1,4776,115,2381,2133,248,51.08,45.76,2026-08-07T09:07:29.731Z
2023,상반기,대학교,사립,대학,경기,기존,0000130,중앙승가대학교,1,480,0,74,74,0,15.42,15.42,2026-08-07T09:07:29.731Z
2023,상반기,대학교,사립,대학,경기,기존,0000139,차의과학대학교,1,2016,0,2249,2028,221,111.56,100.6,2026-08-07T09:07:29.731Z
2023,상반기,전문대학,사립,전문대학,경기,기존,0000374,청강문화산업대학교,1,3354,0,3774,3357,417,112.52,100.09,2026-08-07T09:07:29.731Z
2023,상반기,대학교,사립,대학,경기,기존,0000136,칼빈대학교,1,360,0,590,287,303,163.89,79.72,2026-08-07T09:07:29.731Z
2023,상반기,대학교,사립,대학,경기,기존,0000138,평택대학교,1,3270,25,3189,2889,300,98.27,89.03,2026-08-07T09:07:29.731Z
2023,상반기,대학교,국립,대학,경기,기존,0000568,한경대학교,1,4593,0,5165,4672,493,112.45,101.72,2026-08-07T09:07:29.731Z
2023,상반기,전문대학,사립,전문대학,경기,기존,0000391,한국관광대학교,1,1860,0,1194,1047,147,64.19,56.29,2026-08-07T09:07:29.731Z
2023,상반기,전문대학,국립,전문대학,경기,폐교,0000248,한국복지대학교,1,512,0,432,352,80,84.38,68.75,2026-08-07T09:07:29.731Z
2023,상반기,대학교,사립,대학,경기,기존,0000562,한국산업기술대학교,1,5520,0,7200,5693,1507,130.43,103.13,2026-08-07T09:07:29.731Z
2023,상반기,산업대학,사립,대학,경기,폐교,0000214,한국산업기술대학교(산업대),1,0,0,0,0,0,0,0,2026-08-07T09:07:29.731Z
2023,상반기,기능대학,사립,전문대학,경기,기존,0000479,한국폴리텍 I 대학,1,700,0,613,526,87,87.57,75.14,2026-08-07T09:07:29.731Z
2023,상반기,기능대학,사립,전문대학,경기,기존,0000555,한국폴리텍 II 대학,1,0,0,36,0,36,0,0,2026-08-07T09:07:29.731Z
2023,상반기,기능대학,사립,전문대학,경기,기존,0000548,한국폴리텍 II 대학,1,635,0,460,380,80,72.44,59.84,2026-08-07T09:07:29.731Z
2023,상반기,대학교,사립,대학,경기,기존,0000144,한국항공대학교,1,3476,0,4044,3500,544,116.34,100.69,2026-08-07T09:07:29.731Z
2023,상반기,대학교,사립,대학,경기,폐교,0000175,한북대학교,1,0,0,0,0,0,0,0,2026-08-07T09:07:29.731Z
2023,상반기,대학교,사립,대학,경기,기존,0000151,한세대학교,1,2264,0,2549,2331,218,112.59,102.96,2026-08-07T09:07:29.731Z
2023,상반기,대학교,사립,대학,경기,기존,0000152,한신대학교,1,4674,0,5397,4819,578,115.47,103.1,2026-08-07T09:07:29.731Z
2023,상반기,대학교,사립,대학,경기,기존,0000153,한양대학교,2,19379,0,26935,19624,7311,138.99,101.26,2026-08-07T09:07:29.731Z
2023,상반기,대학교,사립,대학,경기,기존,0000156,협성대학교,1,4016,0,3962,3699,263,98.66,92.11,2026-08-07T09:07:29.731Z
2023,상반기,기능대학,사립,전문대학,경기,기존,0000516,ICT폴리텍대학,1,320,0,287,280,7,89.69,87.5,2026-08-07T09:07:29.731Z
2023,상반기,전문대학,사립,전문대학,경남,기존,0000251,거제대학교,1,1070,0,1018,880,138,95.14,82.24,2026-08-07T09:07:29.731Z
2023,상반기,대학교,국립,대학,경남,폐교,0000026,경남과학기술대학교,1,2324,0,2641,2508,133,113.64,107.92,2026-08-07T09:07:29.731Z
2023,상반기,대학교,사립,대학,경남,기존,0000040,경남대학교,1,9865,0,9551,8832,719,96.82,89.53,2026-08-07T09:07:29.731Z
2023,상반기,전문대학,공립,전문대학,경남,기존,0000242,경남도립거창대학,1,840,18,860,806,54,104.62,98.05,2026-08-07T09:07:29.731Z
2023,상반기,전문대학,공립,전문대학,경남,기존,0000243,경남도립남해대학,1,765,0,749,722,27,97.91,94.38,2026-08-07T09:07:29.731Z
2023,상반기,대학교,국립,대학,경남,기존,0000556,경상대학교,1,15005,0,14990,13883,1107,99.9,92.52,2026-08-07T09:07:29.731Z
2023,상반기,전문대학,사립,전문대학,경남,기존,0000395,김해대학교,1,1367,0,1435,1141,294,104.97,83.47,2026-08-07T09:07:29.731Z
2023,상반기,전문대학,사립,전문대학,경남,기존,0000342,동원과학기술대학교,1,1931,0,2241,1587,654,116.05,82.19,2026-08-07T09:07:29.731Z
2023,상반기,전문대학,사립,전문대학,경남,기존,0000306,마산대학교,1,5270,0,5112,4265,847,97,80.93,2026-08-07T09:07:29.731Z
2023,상반기,대학교,사립,대학,경남,기존,0000167,부산장신대학교,1,145,0,133,132,1,91.72,91.03,2026-08-07T09:07:29.731Z
2023,상반기,전문대학,사립,전문대학,경남,기존,0000530,연암공과대학교,1,1107,0,1217,1137,80,109.94,102.71,2026-08-07T09:07:29.731Z
2023,상반기,대학교,사립,대학,경남,기존,0000122,인제대학교,1,7984,0,7595,6818,777,95.13,85.4,2026-08-07T09:07:29.731Z
2023,상반기,교육대학,국립,대학,경남,기존,0000203,진주교육대학교,1,1276,0,1242,1170,72,97.34,91.69,2026-08-07T09:07:29.731Z
2023,상반기,전문대학,사립,전문대학,경남,기존,0000369,진주보건대학교,1,2297,0,2501,1926,575,108.88,83.85,2026-08-07T09:07:29.731Z
2023,상반기,대학교,사립,대학,경남,기존,0000193,창신대학교,1,1625,0,1675,1553,122,103.08,95.57,2026-08-07T09:07:29.731Z
2023,상반기,대학교,국립,대학,경남,기존,0000581,창원대학교,1,7037,0,7481,6824,657,106.31,96.97,2026-08-07T09:07:29.731Z
2023,상반기,전문대학,사립,전문대학,경남,기존,0000528,창원문성대학교,1,1692,0,1287,1133,154,76.06,66.96,2026-08-07T09:07:29.731Z
2023,상반기,전문대학,사립,전문대학,경남,기존,0000396,한국승강기대학교,1,594,0,587,498,89,98.82,83.84,2026-08-07T09:07:29.731Z
2023,상반기,기능대학,사립,전문대학,경남,기존,0000503,한국폴리텍 특성화대학,1,440,0,304,248,56,69.09,56.36,2026-08-07T09:07:29.731Z
2023,상반기,기능대학,사립,전문대학,경남,기존,0000563,한국폴리텍 VII 대학,1,0,0,9,0,9,0,0,2026-08-07T09:07:29.731Z
2023,상반기,기능대학,사립,전문대학,경남,기존,0000496,한국폴리텍 VII 대학,1,1180,0,1466,1161,305,124.24,98.39,2026-08-07T09:07:29.731Z
2023,상반기,대학교,사립,대학,경북,기존,0000032,가야대학교,2,2006,0,1698,1557,141,84.65,77.62,2026-08-07T09:07:29.731Z
2023,상반기,전문대학,사립,전문대학,경북,기존,0000249,가톨릭상지대학교,1,1657,0,1827,1348,479,110.26,81.35,2026-08-07T09:07:29.731Z
2023,상반기,전문대학,사립,전문대학,경북,기존,0000293,경북과학대학교,1,1670,0,1800,1445,355,107.78,86.53,2026-08-07T09:07:29.731Z
2023,상반기,전문대학,공립,전문대학,경북,폐교,0000244,경북도립대학교,1,930,0,866,817,49,93.12,87.85,2026-08-07T09:07:29.731Z
2023,상반기,전문대학,사립,전문대학,경북,기존,0000523,경북보건대학교,1,1207,18,1291,1065,226,108.58,89.57,2026-08-07T09:07:29.731Z
2023,상반기,전문대학,사립,전문대학,경북,기존,0000258,경북전문대학교,1,2247,0,2521,1718,803,112.19,76.46,2026-08-07T09:07:29.731Z
2023,상반기,대학교,사립,대학,경북,기존,0000188,경운대학교,1,4736,0,4390,4193,197,92.69,88.53,2026-08-07T09:07:29.731Z
2023,상반기,대학교,사립,대학,경북,기존,0000045,경일대학교,1,6323,0,6801,6035,766,107.56,95.45,2026-08-07T09:07:29.731Z
2023,상반기,대학교,사립,대학,경북,기존,0000586,경주대학교,1,3011,117,800,714,86,27.64,24.67,2026-08-07T09:07:29.731Z
2023,상반기,전문대학,사립,전문대학,경북,기존,0000268,구미대학교,1,3602,0,5256,3184,2072,145.92,88.4,2026-08-07T09:07:29.731Z
2023,상반기,대학교,국립,대학,경북,기존,0000575,금오공과대학교,1,4869,0,4994,4560,434,102.57,93.65,2026-08-07T09:07:29.731Z
2023,상반기,대학교,사립,대학,경북,기존,0000185,김천대학교,1,2681,0,2305,2047,258,85.98,76.35,2026-08-07T09:07:29.731Z
2023,상반기,전문대학,사립,전문대학,경북,기존,0000279,대경대학교,1,3660,163,3656,3010,646,104.55,86.07,2026-08-07T09:07:29.731Z
2023,상반기,대학교,사립,대학,경북,기존,0000063,대구가톨릭대학교,1,11315,0,10980,10159,821,97.04,89.78,2026-08-07T09:07:29.731Z
2023,상반기,대학교,사립,대학,경북,기존,0000061,대구대학교,1,15790,0,15756,13652,2104,99.78,86.46,2026-08-07T09:07:29.731Z
2023,상반기,사이버대학(대학),사립,대학,경북,기존,0000410,대구사이버대학교,1,3800,0,4422,3208,1214,116.37,84.42,2026-08-07T09:07:29.731Z
2023,상반기,대학교,사립,대학,경북,기존,0000062,대구예술대학교,1,1477,17,429,423,6,29.38,28.97,2026-08-07T09:07:29.731Z
2023,상반기,대학교,사립,대학,경북,기존,0000042,대구한의대학교,1,6258,0,6350,5546,804,101.47,88.62,2026-08-07T09:07:29.731Z
2023,상반기,대학교,사립,대학,경북,기존,0000065,대신대학교,1,464,0,436,429,7,93.97,92.46,2026-08-07T09:07:29.731Z
2023,상반기,대학교,사립,대학,경북,기존,0000071,동국대학교,2,18263,0,20289,17266,3023,111.09,94.54,2026-08-07T09:07:29.731Z
2023,상반기,대학교,사립,대학,경북,기존,0000076,동양대학교,1,3968,0,3893,3625,268,98.11,91.36,2026-08-07T09:07:29.731Z
2023,상반기,전문대학,사립,전문대학,경북,기존,0000309,문경대학교,1,828,0,775,684,91,93.6,82.61,2026-08-07T09:07:29.731Z
2023,상반기,전문대학,사립,전문대학,경북,폐교,0000262,서라벌대학교,1,650,0,612,540,72,94.15,83.08,2026-08-07T09:07:29.731Z
2023,상반기,전문대학,사립,전문대학,경북,기존,0000380,선린대학교,1,2043,0,1943,1650,293,95.11,80.76,2026-08-07T09:07:29.731Z
2023,상반기,전문대학,사립,전문대학,경북,기존,0000547,성덕대학교,1,1239,0,1557,1148,409,125.67,92.66,2026-08-07T09:07:29.731Z
2023,상반기,전문대학,사립,전문대학,경북,기존,0000338,안동과학대학교,1,2140,0,2101,1740,361,98.18,81.31,2026-08-07T09:07:29.731Z
2023,상반기,대학교,국립,대학,경북,기존,0000580,안동대학교,1,5693,0,4837,4588,249,84.96,80.59,2026-08-07T09:07:29.731Z
2023,상반기,대학교,사립,대학,경북,기존,0000111,영남대학교,1,18606,0,20332,18302,2030,109.28,98.37,2026-08-07T09:07:29.731Z
2023,상반기,대학교,사립,대학,경북,기존,0000112,영남신학대학교,1,460,0,329,316,13,71.52,68.7,2026-08-07T09:07:29.731Z
2023,상반기,전문대학,사립,전문대학,경북,기존,0000257,영남외국어대학,1,729,0,423,365,58,58.02,50.07,2026-08-07T09:07:29.731Z
2023,상반기,대학교,사립,대학,경북,기존,0000119,위덕대학교,1,2892,0,2423,2327,96,83.78,80.46,2026-08-07T09:07:29.731Z
2023,상반기,대학교,사립,대학,경북,기존,0000140,포항공과대학교,1,1320,0,1409,1327,82,106.74,100.53,2026-08-07T09:07:29.731Z
2023,상반기,전문대학,사립,전문대학,경북,기존,0000381,포항대학교,1,1728,0,1505,1328,177,87.09,76.85,2026-08-07T09:07:29.731Z
2023,상반기,사이버대학(전문대학),사립,전문대학,경북,기존,0000407,한국복지사이버대학,1,2000,0,2426,1854,572,121.3,92.7,2026-08-07T09:07:29.731Z
2023,상반기,기능대학,사립,전문대학,경북,기존,0000552,한국폴리텍 특성화대학,1,200,0,120,109,11,60,54.5,2026-08-07T09:07:29.731Z
2023,상반기,기능대학,사립,전문대학,경북,기존,0000495,한국폴리텍 VI 대학,1,470,235,486,427,59,206.81,181.7,2026-08-07T09:07:29.731Z
2023,상반기,기능대학,사립,전문대학,경북,기존,0000504,한국폴리텍 VI 대학,1,50,0,38,36,2,76,72,2026-08-07T09:07:29.731Z
2023,상반기,대학교,사립,대학,경북,기존,0000146,한동대학교,1,2916,0,3920,3389,531,134.43,116.22,2026-08-07T09:07:29.731Z
2023,상반기,전문대학,사립,전문대학,경북,기존,0000522,호산대학교,1,1852,68,1931,1531,400,108.24,85.82,2026-08-07T09:07:29.731Z
2023,상반기,대학교,사립,대학,광주,기존,0000052,광신대학교,1,488,0,454,440,14,93.03,90.16,2026-08-07T09:07:29.731Z
2023,상반기,대학교,특별법법인,대학,광주,기존,0000469,광주과학기술원,1,800,2,833,807,26,104.39,101.13,2026-08-07T09:07:29.731Z
2023,상반기,교육대학,국립,대학,광주,기존,0000196,광주교육대학교,1,1304,0,1290,1211,79,98.93,92.87,2026-08-07T09:07:29.731Z
2023,상반기,대학교,사립,대학,광주,기존,0000176,광주대학교,1,6122,0,5710,5234,476,93.27,85.49,2026-08-07T09:07:29.731Z
2023,상반기,전문대학,사립,전문대학,광주,기존,0000267,광주보건대학교,1,3228,0,3498,2788,710,108.36,86.37,2026-08-07T09:07:29.731Z
2023,상반기,대학교,사립,대학,광주,기존,0000055,광주여자대학교,1,3632,0,3559,3207,352,97.99,88.3,2026-08-07T09:07:29.731Z
2023,상반기,전문대학,사립,전문대학,광주,기존,0000273,기독간호대학교,1,444,0,583,423,160,131.31,95.27,2026-08-07T09:07:29.731Z
2023,상반기,대학교,사립,대학,광주,기존,0000162,남부대학교,1,2634,0,2849,2409,440,108.16,91.46,2026-08-07T09:07:29.731Z
2023,상반기,전문대학,사립,전문대학,광주,기존,0000297,동강대학교,1,2463,0,2402,1910,492,97.52,77.55,2026-08-07T09:07:29.731Z
2023,상반기,전문대학,사립,전문대학,광주,기존,0000320,서영대학교,1,4289,0,4798,3701,1097,111.87,86.29,2026-08-07T09:07:29.731Z
2023,상반기,대학교,사립,대학,광주,기존,0000187,송원대학교,1,2815,0,2850,2470,380,101.24,87.74,2026-08-07T09:07:29.731Z
2023,상반기,대학교,국립,대학,광주,기존,0000016,전남대학교,2,17057,0,18937,17052,1885,111.02,99.97,2026-08-07T09:07:29.731Z
2023,상반기,전문대학,사립,전문대학,광주,기존,0000366,조선간호대학교,1,556,0,745,533,212,133.99,95.86,2026-08-07T09:07:29.731Z
2023,상반기,대학교,사립,대학,광주,기존,0000127,조선대학교,1,17984,0,18328,16693,1635,101.91,92.82,2026-08-07T09:07:29.731Z
2023,상반기,전문대학,사립,전문대학,광주,기존,0000365,조선이공대학교,1,2969,0,2878,2597,281,96.93,87.47,2026-08-07T09:07:29.731Z
2023,상반기,기능대학,사립,전문대학,광주,기존,0000489,한국폴리텍 V 대학,1,735,0,826,658,168,112.38,89.52,2026-08-07T09:07:29.731Z
2023,상반기,대학교,사립,대학,광주,기존,0000157,호남대학교,1,6188,0,6610,5587,1023,106.82,90.29,2026-08-07T09:07:29.731Z
2023,상반기,대학교,사립,대학,광주,기존,0000158,호남신학대학교,1,514,0,434,430,4,84.44,83.66,2026-08-07T09:07:29.731Z
2023,상반기,대학교,국립,대학,대구,기존,0000003,경북대학교,1,19100,0,21658,19645,2013,113.39,102.85,2026-08-07T09:07:29.731Z
2023,상반기,대학교,사립,대학,대구,기존,0000048,계명대학교,1,18692,0,20789,18438,2351,111.22,98.64,2026-08-07T09:07:29.731Z
2023,상반기,전문대학,사립,전문대학,대구,기존,0000263,계명문화대학교,1,4744,0,4505,3976,529,94.96,83.81,2026-08-07T09:07:29.731Z
2023,상반기,대학교,특별법법인,대학,대구,기존,0000470,대구경북과학기술원,1,880,0,833,833,0,94.66,94.66,2026-08-07T09:07:29.731Z
2023,상반기,전문대학,사립,전문대학,대구,기존,0000280,대구공업대학교,1,1095,0,1294,1016,278,118.17,92.79,2026-08-07T09:07:29.731Z
2023,상반기,전문대학,사립,전문대학,대구,기존,0000283,대구과학대학교,1,3879,0,4308,3530,778,111.06,91,2026-08-07T09:07:29.731Z
2023,상반기,교육대학,국립,대학,대구,기존,0000197,대구교육대학교,1,1532,0,1554,1426,128,101.44,93.08,2026-08-07T09:07:29.731Z
2023,상반기,전문대학,사립,전문대학,대구,기존,0000281,대구보건대학교,1,6172,0,6571,5302,1269,106.46,85.9,2026-08-07T09:07:29.731Z
2023,상반기,전문대학,사립,전문대학,대구,기존,0000282,수성대학교,1,2932,0,3332,2705,627,113.64,92.26,2026-08-07T09:07:29.731Z
2023,상반기,전문대학,사립,전문대학,대구,기존,0000346,영남이공대학교,1,4916,0,5634,4450,1184,114.61,90.52,2026-08-07T09:07:29.731Z
2023,상반기,사이버대학(전문대학),사립,전문대학,대구,기존,0000406,영진사이버대학,1,2600,0,3838,2524,1314,147.62,97.08,2026-08-07T09:07:29.731Z
2023,상반기,전문대학,사립,전문대학,대구,기존,0000349,영진전문대학교,1,5604,0,6973,5363,1610,124.43,95.7,2026-08-07T09:07:29.731Z
2023,상반기,기능대학,사립,전문대학,대구,기존,0000549,한국폴리텍 특성화대학,1,305,0,171,153,18,56.07,50.16,2026-08-07T09:07:29.731Z
2023,상반기,기능대학,사립,전문대학,대구,기존,0000494,한국폴리텍 VI 대학,1,579,0,502,423,79,86.7,73.06,2026-08-07T09:07:29.731Z
2023,상반기,사이버대학(대학),사립,대학,대전,기존,0000425,건양사이버대학교,1,3168,0,3630,2891,739,114.58,91.26,2026-08-07T09:07:29.731Z
2023,상반기,전문대학,사립,전문대학,대전,기존,0000376,대덕대학교,1,2562,0,1777,1522,255,69.36,59.41,2026-08-07T09:07:29.731Z
2023,상반기,전문대학,사립,전문대학,대전,기존,0000512,대전과학기술대학교,1,3908,0,3890,2937,953,99.54,75.15,2026-08-07T09:07:29.731Z
2023,상반기,대학교,사립,대학,대전,기존,0000067,대전대학교,1,8052,0,8295,7585,710,103.02,94.2,2026-08-07T09:07:29.731Z
2023,상반기,전문대학,사립,전문대학,대전,기존,0000288,대전보건대학교,1,4969,0,4429,3759,670,89.13,75.65,2026-08-07T09:07:29.731Z
2023,상반기,대학교,사립,대학,대전,기존,0000182,대전신학대학교,1,128,0,41,41,0,32.03,32.03,2026-08-07T09:07:29.731Z
2023,상반기,대학교,사립,대학,대전,기존,0000080,목원대학교,1,7350,0,7041,6627,414,95.8,90.16,2026-08-07T09:07:29.731Z
2023,상반기,대학교,사립,대학,대전,기존,0000081,배재대학교,1,8006,0,7589,7133,456,94.79,89.1,2026-08-07T09:07:29.731Z
2023,상반기,대학교,사립,대학,대전,기존,0000184,우송대학교,1,8016,0,9573,7677,1896,119.42,95.77,2026-08-07T09:07:29.731Z
2023,상반기,산업대학,사립,대학,대전,폐교,0000222,우송대학교(산업대),1,0,0,0,0,0,0,0,2026-08-07T09:07:29.731Z
2023,상반기,전문대학,사립,전문대학,대전,기존,0000289,우송정보대학,1,3621,0,3228,2936,292,89.15,81.08,2026-08-07T09:07:29.731Z
2023,상반기,대학교,사립,대학,대전,기존,0000120,을지대학교,3,4286,0,4807,4358,449,112.16,101.68,2026-08-07T09:07:29.731Z
2023,상반기,대학교,국립,대학,대전,기존,0000020,충남대학교,1,14623,0,17375,15770,1605,118.82,107.84,2026-08-07T09:07:29.731Z
2023,상반기,대학교,사립,대학,대전,기존,0000551,침례신학대학교,1,1152,0,798,775,23,69.27,67.27,2026-08-07T09:07:29.731Z
2023,상반기,대학교,특별법법인,대학,대전,기존,0000468,한국과학기술원,1,3880,0,3868,3433,435,99.69,88.48,2026-08-07T09:07:29.731Z
2023,상반기,기능대학,사립,전문대학,대전,기존,0000484,한국폴리텍 IV 대학,1,725,0,717,578,139,98.9,79.72,2026-08-07T09:07:29.731Z
2023,상반기,대학교,사립,대학,대전,기존,0000145,한남대학교,1,10893,0,11388,10441,947,104.54,95.85,2026-08-07T09:07:29.731Z
2023,상반기,대학교,국립,대학,대전,기존,0000584,한밭대학교,1,7488,0,8320,7311,1009,111.11,97.64,2026-08-07T09:07:29.731Z
2023,상반기,전문대학,사립,전문대학,부산,기존,0000253,경남정보대학교,1,4889,0,5573,4148,1425,113.99,84.84,2026-08-07T09:07:29.731Z
2023,상반기,대학교,사립,대학,부산,기존,0000043,경성대학교,1,11145,0,11870,10282,1588,106.51,92.26,2026-08-07T09:07:29.731Z
2023,상반기,대학교,사립,대학,부산,기존,0000050,고신대학교,1,3671,0,3250,3120,130,88.53,84.99,2026-08-07T09:07:29.731Z
2023,상반기,전문대학,사립,전문대학,부산,기존,0000284,대동대학교,1,1316,0,1416,1099,317,107.6,83.51,2026-08-07T09:07:29.731Z
2023,상반기,대학교,사립,대학,부산,기존,0000180,동명대학교,1,6892,0,6986,6004,982,101.36,87.12,2026-08-07T09:07:29.731Z
2023,상반기,대학교,사립,대학,부산,기존,0000073,동서대학교,1,8918,0,8978,8042,936,100.67,90.18,2026-08-07T09:07:29.731Z
2023,상반기,대학교,사립,대학,부산,기존,0000075,동아대학교,1,16385,0,17869,16241,1628,109.06,99.12,2026-08-07T09:07:29.731Z
2023,상반기,전문대학,사립,전문대학,부산,기존,0000303,동의과학대학교,1,3690,0,3813,2855,958,103.33,77.37,2026-08-07T09:07:29.731Z
2023,상반기,대학교,사립,대학,부산,기존,0000077,동의대학교,1,14482,0,14267,13038,1229,98.52,90.03,2026-08-07T09:07:29.731Z
2023,상반기,전문대학,사립,전문대학,부산,기존,0000569,동주대학교,1,2625,88,2445,2037,408,96.37,80.29,2026-08-07T09:07:29.731Z
2023,상반기,대학교,국립,대학,부산,기존,0000578,부경대학교,1,13121,0,15304,13382,1922,116.64,101.99,2026-08-07T09:07:29.731Z
2023,상반기,대학교,사립,대학,부산,기존,0000082,부산가톨릭대학교,1,3274,0,3534,3032,502,107.94,92.61,2026-08-07T09:07:29.731Z
2023,상반기,전문대학,사립,전문대학,부산,기존,0000313,부산경상대학교,1,2328,0,2152,1894,258,92.44,81.36,2026-08-07T09:07:29.731Z
2023,상반기,전문대학,사립,전문대학,부산,기존,0000315,부산과학기술대학교,1,2874,0,3188,2421,767,110.93,84.24,2026-08-07T09:07:29.731Z
2023,상반기,교육대학,국립,대학,부산,기존,0000198,부산교육대학교,1,1424,0,1452,1335,117,101.97,93.75,2026-08-07T09:07:29.731Z
2023,상반기,대학교,국립,대학,부산,기존,0000011,부산대학교,1,17375,0,19759,17933,1826,113.72,103.21,2026-08-07T09:07:29.731Z
2023,상반기,사이버대학(대학),사립,대학,부산,기존,0000411,부산디지털대학교,1,2820,0,2271,2088,183,80.53,74.04,2026-08-07T09:07:29.731Z
2023,상반기,전문대학,사립,전문대학,부산,기존,0000314,부산여자대학교,1,1974,0,1882,1559,323,95.34,78.98,2026-08-07T09:07:29.731Z
2023,상반기,전문대학,사립,전문대학,부산,기존,0000388,부산예술대학교,1,900,0,627,594,33,69.67,66,2026-08-07T09:07:29.731Z
2023,상반기,대학교,사립,대학,부산,기존,0000083,부산외국어대학교,1,6756,0,6735,5907,828,99.69,87.43,2026-08-07T09:07:29.731Z
2023,상반기,전문대학,사립,전문대학,부산,폐교,0000326,성심외국어대학,1,0,0,0,0,0,0,0,2026-08-07T09:07:29.731Z
2023,상반기,대학교,사립,대학,부산,기존,0000106,신라대학교,1,7910,0,6928,6245,683,87.59,78.95,2026-08-07T09:07:29.731Z
2023,상반기,대학교,사립,대학,부산,기존,0000181,영산대학교,2,5737,0,5654,4949,705,98.55,86.26,2026-08-07T09:07:29.731Z
2023,상반기,기능대학,사립,전문대학,부산,기존,0000564,한국폴리텍 VII 대학,1,0,0,17,0,17,0,0,2026-08-07T09:07:29.731Z
2023,상반기,기능대학,사립,전문대학,부산,기존,0000497,한국폴리텍 VII 대학,1,720,150,690,571,119,121.05,100.18,2026-08-07T09:07:29.731Z
2023,상반기,대학교,국립,대학,부산,기존,0000583,한국해양대학교,1,5556,0,6167,5632,535,111,101.37,2026-08-07T09:07:29.731Z
2023,상반기,사이버대학(대학),사립,대학,부산,기존,0000423,화신사이버대학교,1,1428,0,1733,1370,363,121.36,95.94,2026-08-07T09:07:29.731Z
2023,상반기,대학교,사립,대학,서울,기존,0000035,감리교신학대학교,1,754,0,604,583,21,80.11,77.32,2026-08-07T09:07:29.731Z
2023,상반기,대학교,사립,대학,서울,기존,0000565,강서대학교,1,1108,0,1644,1118,526,148.38,100.9,2026-08-07T09:07:29.731Z
2023,상반기,대학교,사립,대학,서울,기존,0000047,경희대학교,1,19823,0,25960,20178,5782,130.96,101.79,2026-08-07T09:07:29.731Z
2023,상반기,사이버대학(대학),사립,대학,서울,기존,0000408,경희사이버대학교,1,9250,0,11135,7802,3333,120.38,84.35,2026-08-07T09:07:29.731Z
2023,상반기,사이버대학(대학),사립,대학,서울,기존,0000418,고려사이버대학교,1,7378,0,9974,7254,2720,135.19,98.32,2026-08-07T09:07:29.731Z
2023,상반기,대학교,사립,대학,서울,기존,0000053,광운대학교,1,6767,0,8447,6673,1774,124.83,98.61,2026-08-07T09:07:29.731Z
2023,상반기,대학교,사립,대학,서울,기존,0000056,국민대학교,1,11715,0,14799,11913,2886,126.33,101.69,2026-08-07T09:07:29.731Z
2023,상반기,대학교,사립,대학,서울,기존,0000070,덕성여자대학교,1,4480,0,5385,4854,531,120.2,108.35,2026-08-07T09:07:29.731Z
2023,상반기,대학교,사립,대학,서울,기존,0000072,동덕여자대학교,1,6248,0,6981,6117,864,111.73,97.9,2026-08-07T09:07:29.731Z
2023,상반기,전문대학,사립,전문대학,서울,기존,0000300,동양미래대학교,1,5136,0,5783,4670,1113,112.6,90.93,2026-08-07T09:07:29.731Z
2023,상반기,사이버대학(대학),사립,대학,서울,기존,0000420,디지털서울문화예술대학교,1,3680,0,3187,2619,568,86.6,71.17,2026-08-07T09:07:29.731Z
2023,상반기,전문대학,사립,전문대학,서울,기존,0000307,명지전문대학,1,5635,0,6622,5256,1366,117.52,93.27,2026-08-07T09:07:29.731Z
2023,상반기,전문대학,사립,전문대학,서울,기존,0000310,배화여자대학교,1,2502,0,2741,2327,414,109.55,93.01,2026-08-07T09:07:29.731Z
2023,상반기,사이버대학(대학),사립,대학,서울,기존,0000422,사이버한국외국어대학교,1,4640,0,6554,4725,1829,141.25,101.83,2026-08-07T09:07:29.731Z
2023,상반기,대학교,사립,대학,서울,기존,0000084,삼육대학교,1,4618,0,5445,4775,670,117.91,103.4,2026-08-07T09:07:29.731Z
2023,상반기,전문대학,사립,전문대학,서울,기존,0000317,삼육보건대학교,1,1048,0,1265,977,288,120.71,93.23,2026-08-07T09:07:29.731Z
2023,상반기,대학교,사립,대학,서울,기존,0000085,상명대학교,2,10845,0,11873,10290,1583,109.48,94.88,2026-08-07T09:07:29.731Z
2023,상반기,대학교,사립,대학,서울,기존,0000087,서강대학교,1,6324,0,8100,6432,1668,128.08,101.71,2026-08-07T09:07:29.731Z
2023,상반기,대학교,사립,대학,서울,기존,0000088,서경대학교,1,5116,0,6660,5099,1561,130.18,99.67,2026-08-07T09:07:29.731Z
2023,상반기,대학교,국립,대학,서울,기존,0000027,서울과학기술대학교,1,8552,0,10115,8709,1406,118.28,101.84,2026-08-07T09:07:29.731Z
2023,상반기,교육대학,국립,대학,서울,기존,0000199,서울교육대학교,1,1420,0,1444,1289,155,101.69,90.77,2026-08-07T09:07:29.731Z
2023,상반기,대학교,사립,대학,서울,기존,0000069,서울기독대학교,1,544,7,413,401,12,76.91,74.67,2026-08-07T09:07:29.731Z
2023,상반기,대학교,국립대법인,대학,서울,기존,0000012,서울대학교,1,13222,0,16662,14987,1675,126.02,113.35,2026-08-07T09:07:29.731Z
2023,상반기,사이버대학(대학),사립,대학,서울,기존,0000412,서울디지털대학교,1,10250,1200,10820,6628,4192,119.56,73.24,2026-08-07T09:07:29.731Z
2023,상반기,사이버대학(대학),사립,대학,서울,기존,0000413,서울사이버대학교,1,10460,0,16496,10020,6476,157.71,95.79,2026-08-07T09:07:29.731Z
2023,상반기,대학교,공립,대학,서울,기존,0000030,서울시립대학교,1,6936,0,8697,7838,859,125.39,113,2026-08-07T09:07:29.731Z
2023,상반기,전문대학,사립,전문대학,서울,기존,0000321,서울여자간호대학교,1,672,0,851,586,265,126.64,87.2,2026-08-07T09:07:29.731Z
2023,상반기,대학교,사립,대학,서울,기존,0000091,서울여자대학교,1,6539,0,7018,6369,649,107.33,97.4,2026-08-07T09:07:29.731Z
2023,상반기,전문대학,사립,전문대학,서울,기존,0000324,서일대학교,1,5630,0,5939,4962,977,105.49,88.13,2026-08-07T09:07:29.731Z
2023,상반기,대학교,사립,대학,서울,기존,0000096,성공회대학교,1,2008,0,2038,1920,118,101.49,95.62,2026-08-07T09:07:29.731Z
2023,상반기,대학교,사립,대학,서울,기존,0000097,성균관대학교,1,13527,0,19487,14316,5171,144.06,105.83,2026-08-07T09:07:29.731Z
2023,상반기,대학교,사립,대학,서울,기존,0000098,성신여자대학교,1,8759,0,9229,8351,878,105.37,95.34,2026-08-07T09:07:29.731Z
2023,상반기,대학교,사립,대학,서울,기존,0000100,세종대학교,1,9537,0,12414,9931,2483,130.17,104.13,2026-08-07T09:07:29.731Z
2023,상반기,사이버대학(대학),사립,대학,서울,기존,0000415,세종사이버대학교,1,6750,0,10372,6165,4207,153.66,91.33,2026-08-07T09:07:29.731Z
2023,상반기,대학교,사립,대학,서울,기존,0000103,숙명여자대학교,1,8710,0,10348,8810,1538,118.81,101.15,2026-08-07T09:07:29.731Z
2023,상반기,대학교,사립,대학,서울,기존,0000105,숭실대학교,1,10805,1,14411,11177,3234,133.39,103.45,2026-08-07T09:07:29.731Z
2023,상반기,사이버대학(대학),사립,대학,서울,기존,0000419,숭실사이버대학교,1,4900,0,7413,4917,2496,151.29,100.35,2026-08-07T09:07:29.731Z
2023,상반기,전문대학,사립,전문대학,서울,기존,0000333,숭의여자대학교,1,3055,0,3059,2751,308,100.13,90.05,2026-08-07T09:07:29.731Z
2023,상반기,대학교,사립,대학,서울,기존,0000121,이화여자대학교,1,12767,0,15940,13612,2328,124.85,106.62,2026-08-07T09:07:29.731Z
2023,상반기,전문대학,사립,전문대학,서울,기존,0000356,인덕대학교,1,5560,0,5888,5082,806,105.9,91.4,2026-08-07T09:07:29.731Z
2023,상반기,대학교,사립,대학,서울,기존,0000125,장로회신학대학교,1,600,0,616,588,28,102.67,98,2026-08-07T09:07:29.731Z
2023,상반기,기술대학,사립,대학,서울,기존,0000228,정석대학,1,200,0,26,26,0,13,13,2026-08-07T09:07:29.731Z
2023,상반기,대학교,사립,대학,서울,기존,0000129,중앙대학교,2,18078,0,24014,18661,5353,132.84,103.22,2026-08-07T09:07:29.731Z
2023,상반기,대학교,사립,대학,서울,기존,0000133,총신대학교,1,1255,0,1374,1255,119,109.48,100,2026-08-07T09:07:29.731Z
2023,상반기,대학교,사립,대학,서울,기존,0000134,추계예술대학교,1,1019,0,1110,1035,75,108.93,101.57,2026-08-07T09:07:29.731Z
2023,상반기,방송통신대학,국립,대학,서울,기존,0000215,한국방송통신대학교,1,220200,0,92075,82388,9687,41.81,37.42,2026-08-07T09:07:29.731Z
2023,상반기,대학교,사립,대학,서울,기존,0000142,한국성서대학교,1,892,0,1014,926,88,113.68,103.81,2026-08-07T09:07:29.731Z
2023,상반기,사이버대학(대학),사립,대학,서울,기존,0000416,한국열린사이버대학교,1,3000,0,5753,2764,2989,191.77,92.13,2026-08-07T09:07:29.731Z
2023,상반기,각종학교(대학),특별법국립,대학,서울,기존,0000471,한국예술종합학교,1,1673,0,2699,2579,120,161.33,154.15,2026-08-07T09:07:29.731Z
2023,상반기,대학교,사립,대학,서울,기존,0000143,한국외국어대학교,1,13508,0,16740,13990,2750,123.93,103.57,2026-08-07T09:07:29.731Z
2023,상반기,대학교,국립,대학,서울,기존,0000023,한국체육대학교,1,2150,0,2410,2260,150,112.09,105.12,2026-08-07T09:07:29.731Z
2023,상반기,기능대학,사립,전문대학,서울,기존,0000478,한국폴리텍 I 대학,1,510,55,497,401,96,109.23,88.13,2026-08-07T09:07:29.731Z
2023,상반기,기능대학,사립,전문대학,서울,기존,0000477,한국폴리텍 I 대학,1,1025,0,1158,888,270,112.98,86.63,2026-08-07T09:07:29.731Z
2023,상반기,대학교,사립,대학,서울,기존,0000150,한성대학교,1,5832,0,6941,5907,1034,119.02,101.29,2026-08-07T09:07:29.731Z
2023,상반기,사이버대학(대학),사립,대학,서울,기존,0000421,한양사이버대학교,1,10610,0,16656,10915,5741,156.98,102.87,2026-08-07T09:07:29.731Z
2023,상반기,전문대학,사립,전문대학,서울,기존,0000384,한양여자대학교,1,6287,0,6998,6099,899,111.31,97.01,2026-08-07T09:07:29.731Z
2023,상반기,대학교,사립,대학,서울,기존,0000539,한영신학대학교,1,720,0,623,564,59,86.53,78.33,2026-08-07T09:07:29.731Z
2023,상반기,대학교,사립,대학,서울,기존,0000160,홍익대학교,2,14856,0,17884,14898,2986,120.38,100.28,2026-08-07T09:07:29.731Z
2023,상반기,대학교,사립,대학,세종,기존,0000049,고려대학교,2,21423,0,26947,22230,4717,125.79,103.77,2026-08-07T09:07:29.731Z
2023,상반기,대학교,사립,대학,세종,기존,0000066,대전가톨릭대학교,1,160,0,35,34,1,21.88,21.25,2026-08-07T09:07:29.731Z
2023,상반기,전문대학,사립,전문대학,세종,기존,0000353,한국영상대학교,1,3143,0,2951,2603,348,93.89,82.82,2026-08-07T09:07:29.731Z
2023,상반기,대학교,특별법법인,대학,울산,기존,0000527,울산과학기술원,1,1560,0,1752,1526,226,112.31,97.82,2026-08-07T09:07:29.731Z
2023,상반기,전문대학,사립,전문대학,울산,기존,0000352,울산과학대학교,1,4584,0,5237,4209,1028,114.25,91.82,2026-08-07T09:07:29.731Z
2023,상반기,대학교,사립,대학,울산,기존,0000117,울산대학교,1,11109,0,11272,10420,852,101.47,93.8,2026-08-07T09:07:29.731Z
2023,상반기,전문대학,사립,전문대학,울산,기존,0000375,춘해보건대학교,1,2160,0,2515,1847,668,116.44,85.51,2026-08-07T09:07:29.731Z
2023,상반기,기능대학,사립,전문대학,울산,기존,0000498,한국폴리텍 VII 대학,1,650,0,644,550,94,99.08,84.62,2026-08-07T09:07:29.731Z
2023,상반기,교육대학,국립,대학,인천,기존,0000200,경인교육대학교,2,2392,0,2489,2272,217,104.06,94.98,2026-08-07T09:07:29.731Z
2023,상반기,전문대학,사립,전문대학,인천,기존,0000261,경인여자대학교,1,3770,0,3859,3064,795,102.36,81.27,2026-08-07T09:07:29.731Z
2023,상반기,대학교,사립,대학,인천,기존,0000123,인천가톨릭대학교,2,663,0,657,604,53,99.1,91.1,2026-08-07T09:07:29.731Z
2023,상반기,대학교,국립대법인,대학,인천,기존,0000031,인천대학교,1,9968,0,11333,10256,1077,113.69,102.89,2026-08-07T09:07:29.731Z
2023,상반기,전문대학,사립,전문대학,인천,기존,0000587,인천재능대학교,1,2986,0,2958,2572,386,99.06,86.14,2026-08-07T09:07:29.731Z
2023,상반기,전문대학,사립,전문대학,인천,기존,0000357,인하공업전문대학,1,5586,0,6745,5316,1429,120.75,95.17,2026-08-07T09:07:29.731Z
2023,상반기,대학교,사립,대학,인천,기존,0000124,인하대학교,1,14182,0,17798,14650,3148,125.5,103.3,2026-08-07T09:07:29.731Z
2023,상반기,기능대학,사립,전문대학,인천,기존,0000481,한국폴리텍 II 대학,1,50,0,101,46,55,202,92,2026-08-07T09:07:29.731Z
2023,상반기,기능대학,사립,전문대학,인천,기존,0000480,한국폴리텍 II 대학,1,1630,0,1546,1177,369,94.85,72.21,2026-08-07T09:07:29.731Z
2023,상반기,전문대학,사립,전문대학,전남,기존,0000585,고구려대학교,1,1714,0,1207,1207,0,70.42,70.42,2026-08-07T09:07:29.731Z
2023,상반기,전문대학,사립,전문대학,전남,기존,0000266,광양보건대학교,1,1117,79,116,102,14,11.18,9.83,2026-08-07T09:07:29.731Z
2023,상반기,대학교,사립,대학,전남,기존,0000054,광주가톨릭대학교,1,160,0,58,58,0,36.25,36.25,2026-08-07T09:07:29.731Z
2023,상반기,대학교,사립,대학,전남,기존,0000074,동신대학교,1,6178,0,5740,5239,501,92.91,84.8,2026-08-07T09:07:29.731Z
2023,상반기,전문대학,사립,전문대학,전남,기존,0000532,동아보건대학교,1,1268,0,1026,911,115,80.91,71.85,2026-08-07T09:07:29.731Z
2023,상반기,대학교,사립,대학,전남,기존,0000166,목포가톨릭대학교,1,480,0,509,482,27,106.04,100.42,2026-08-07T09:07:29.731Z
2023,상반기,전문대학,사립,전문대학,전남,기존,0000308,목포과학대학교,1,2263,0,2390,1990,400,105.61,87.94,2026-08-07T09:07:29.731Z
2023,상반기,대학교,국립,대학,전남,기존,0000576,목포대학교,1,6316,0,5929,5358,571,93.87,84.83,2026-08-07T09:07:29.731Z
2023,상반기,대학교,국립,대학,전남,기존,0000577,목포해양대학교,1,2732,0,2503,2388,115,91.62,87.41,2026-08-07T09:07:29.731Z
2023,상반기,대학교,사립,대학,전남,기존,0000064,세한대학교,1,3365,0,3454,2873,581,102.64,85.38,2026-08-07T09:07:29.731Z
2023,상반기,대학교,국립,대학,전남,기존,0000579,순천대학교,1,6599,0,6522,5958,564,98.83,90.29,2026-08-07T09:07:29.731Z
2023,상반기,전문대학,사립,전문대학,전남,기존,0000331,순천제일대학교,1,2364,0,2391,2024,367,101.14,85.62,2026-08-07T09:07:29.731Z
2023,상반기,대학교,사립,대학,전남,기존,0000114,영산선학대학교,1,200,0,34,32,2,17,16,2026-08-07T09:07:29.731Z
2023,상반기,전문대학,사립,전문대학,전남,기존,0000360,전남과학대학교,1,2804,0,3340,2341,999,119.12,83.49,2026-08-07T09:07:29.731Z
2023,상반기,전문대학,공립,전문대학,전남,기존,0000389,전남도립대학교,1,1200,0,986,933,53,82.17,77.75,2026-08-07T09:07:29.731Z
2023,상반기,전문대학,사립,전문대학,전남,기존,0000332,청암대학교,1,2521,0,2193,1909,284,86.99,75.72,2026-08-07T09:07:29.731Z
2023,상반기,대학교,사립,대학,전남,기존,0000190,초당대학교,1,2973,0,2856,2599,257,96.06,87.42,2026-08-07T09:07:29.731Z
2023,상반기,대학교,특별법법인,대학,전남,기존,0000561,한국에너지공과대학교,1,200,0,196,181,15,98,90.5,2026-08-07T09:07:29.731Z
2023,상반기,기능대학,사립,전문대학,전남,기존,0000554,한국폴리텍 V 대학,1,200,0,137,111,26,68.5,55.5,2026-08-07T09:07:29.731Z
2023,상반기,전문대학,사립,전문대학,전남,기존,0000546,한영대학,1,1196,0,1458,1103,355,121.91,92.22,2026-08-07T09:07:29.731Z
2023,상반기,전문대학,사립,전문대학,전북,기존,0000250,군산간호대학교,1,884,0,1147,825,322,129.75,93.33,2026-08-07T09:07:29.731Z
2023,상반기,대학교,국립,대학,전북,기존,0000574,군산대학교,1,6888,0,6367,5825,542,92.44,84.57,2026-08-07T09:07:29.731Z
2023,상반기,전문대학,사립,전문대학,전북,기존,0000270,군장대학교,1,1511,0,1554,1241,313,102.85,82.13,2026-08-07T09:07:29.731Z
2023,상반기,전문대학,사립,전문대학,전북,기존,0000311,백제예술대학교,1,1160,0,835,792,43,71.98,68.28,2026-08-07T09:07:29.731Z
2023,상반기,대학교,사립,대학,전북,기존,0000173,예수대학교,1,478,0,491,454,37,102.72,94.98,2026-08-07T09:07:29.731Z
2023,상반기,대학교,사립,대학,전북,기존,0000164,예원예술대학교,2,1087,0,1196,816,380,110.03,75.07,2026-08-07T09:07:29.731Z
2023,상반기,대학교,사립,대학,전북,기존,0000116,우석대학교,1,6812,0,6561,5616,945,96.32,82.44,2026-08-07T09:07:29.731Z
2023,상반기,대학교,사립,대학,전북,기존,0000118,원광대학교,1,13955,0,13066,12315,751,93.63,88.25,2026-08-07T09:07:29.731Z
2023,상반기,사이버대학(대학),사립,대학,전북,기존,0000417,원광디지털대학교,1,4750,0,5680,4271,1409,119.58,89.92,2026-08-07T09:07:29.731Z
2023,상반기,전문대학,사립,전문대학,전북,기존,0000354,원광보건대학교,1,3806,147,3920,3099,821,107.13,84.7,2026-08-07T09:07:29.731Z
2023,상반기,전문대학,사립,전문대학,전북,기존,0000362,전북과학대학교,1,1475,0,1611,1338,273,109.22,90.71,2026-08-07T09:07:29.731Z
2023,상반기,대학교,국립,대학,전북,기존,0000017,전북대학교,1,15794,0,17800,15907,1893,112.7,100.72,2026-08-07T09:07:29.731Z
2023,상반기,교육대학,국립,대학,전북,기존,0000201,전주교육대학교,1,1140,0,1113,1048,65,97.63,91.93,2026-08-07T09:07:29.731Z
2023,상반기,전문대학,사립,전문대학,전북,기존,0000274,전주기전대학,1,2030,0,1526,1358,168,75.17,66.9,2026-08-07T09:07:29.731Z
2023,상반기,대학교,사립,대학,전북,기존,0000126,전주대학교,1,10193,0,10528,9385,1143,103.29,92.07,2026-08-07T09:07:29.731Z
2023,상반기,전문대학,사립,전문대학,전북,기존,0000361,전주비전대학교,1,2579,0,3061,2183,878,118.69,84.65,2026-08-07T09:07:29.731Z
2023,상반기,전문대학,특별법국립,전문대학,전북,기존,0000473,한국농수산대학,1,1710,0,1718,1601,117,100.47,93.63,2026-08-07T09:07:29.731Z
2023,상반기,기능대학,사립,전문대학,전북,기존,0000493,한국폴리텍 V 대학,1,100,0,112,83,29,112,83,2026-08-07T09:07:29.731Z
2023,상반기,기능대학,사립,전문대학,전북,기존,0000553,한국폴리텍 V 대학,1,530,0,411,344,67,77.55,64.91,2026-08-07T09:07:29.731Z
2023,상반기,대학교,사립,대학,전북,기존,0000155,한일장신대학교,1,876,0,778,737,41,88.81,84.13,2026-08-07T09:07:29.731Z
2023,상반기,산업대학,사립,대학,전북,기존,0000223,호원대학교,1,4456,0,5349,3736,1613,120.04,83.84,2026-08-07T09:07:29.731Z
2023,상반기,전문대학,사립,전문대학,제주,기존,0000363,제주관광대학교,1,2211,69,1499,1382,117,69.98,64.52,2026-08-07T09:07:29.731Z
2023,상반기,대학교,사립,대학,제주,기존,0000192,제주국제대학교,1,1480,0,368,341,27,24.86,23.04,2026-08-07T09:07:29.731Z
2023,상반기,대학교,국립,대학,제주,기존,0000018,제주대학교,1,8710,0,9590,8691,899,110.1,99.78,2026-08-07T09:07:29.731Z
2023,상반기,전문대학,사립,전문대학,제주,기존,0000382,제주한라대학교,1,4543,0,4635,3483,1152,102.03,76.67,2026-08-07T09:07:29.731Z
2023,상반기,기능대학,사립,전문대학,제주,기존,0000535,한국폴리텍 I 대학,1,50,0,48,41,7,96,82,2026-08-07T09:07:29.731Z
2023,상반기,대학교,사립,대학,충남,기존,0000038,건양대학교,2,6620,0,6504,6037,467,98.25,91.19,2026-08-07T09:07:29.731Z
2023,상반기,교육대학,국립,대학,충남,기존,0000195,공주교육대학교,1,1416,0,1377,1280,97,97.25,90.4,2026-08-07T09:07:29.731Z
2023,상반기,대학교,국립,대학,충남,기존,0000573,공주대학교,1,11147,0,12167,10448,1719,109.15,93.73,2026-08-07T09:07:29.731Z
2023,상반기,사이버대학(대학),사립,대학,충남,기존,0000424,글로벌사이버대학교,1,3611,0,2228,2209,19,61.7,61.17,2026-08-07T09:07:29.731Z
2023,상반기,대학교,사립,대학,충남,기존,0000169,금강대학교,1,440,0,188,188,0,42.73,42.73,2026-08-07T09:07:29.731Z
2023,상반기,대학교,사립,대학,충남,기존,0000059,나사렛대학교,1,4844,60,4808,4277,531,100.5,89.4,2026-08-07T09:07:29.731Z
2023,상반기,대학교,사립,대학,충남,기존,0000189,남서울대학교,1,8770,0,8962,7903,1059,102.19,90.11,2026-08-07T09:07:29.731Z
2023,상반기,대학교,사립,대학,충남,기존,0000131,백석대학교,1,11760,0,11632,10578,1054,98.91,89.95,2026-08-07T09:07:29.731Z
2023,상반기,전문대학,사립,전문대학,충남,기존,0000373,백석문화대학교,1,4659,0,4384,3534,850,94.1,75.85,2026-08-07T09:07:29.731Z
2023,상반기,대학교,사립,대학,충남,기존,0000094,선문대학교,1,8242,0,9010,7768,1242,109.32,94.25,2026-08-07T09:07:29.731Z
2023,상반기,대학교,사립,대학,충남,기존,0000104,순천향대학교,1,9634,0,11087,9585,1502,115.08,99.49,2026-08-07T09:07:29.731Z
2023,상반기,전문대학,사립,전문대학,충남,기존,0000335,신성대학교,1,2953,30,2650,2164,486,90.66,74.03,2026-08-07T09:07:29.731Z
2023,상반기,전문대학,사립,전문대학,충남,기존,000568,아주자동차대학,1,795,0,742,619,123,93.33,77.86,2026-08-07T09:07:29.731Z
2023,상반기,전문대학,사립,전문대학,충남,기존,0000529,연암대학교,1,966,0,1152,948,204,119.25,98.14,2026-08-07T09:07:29.731Z
2023,상반기,대학교,사립,대학,충남,기존,0000128,중부대학교,1,7595,0,7208,6349,859,94.9,83.59,2026-08-07T09:07:29.731Z
2023,상반기,산업대학,사립,대학,충남,기존,0000225,청운대학교,1,4780,0,5551,4156,1395,116.13,86.95,2026-08-07T09:07:29.731Z
2023,상반기,전문대학,공립,전문대학,충남,기존,0000519,충남도립대학교,1,1092,0,1000,934,66,91.58,85.53,2026-08-07T09:07:29.731Z
2023,상반기,대학교,사립,대학,충남,기존,0000141,한국기술교육대학교,1,3344,0,4111,3549,562,122.94,106.13,2026-08-07T09:07:29.731Z
2023,상반기,대학교,특별법국립,대학,충남,기존,0000472,한국전통문화대학교,1,560,0,574,551,23,102.5,98.39,2026-08-07T09:07:29.731Z
2023,상반기,기능대학,사립,전문대학,충남,기존,0000500,한국폴리텍 특성화대학,1,360,0,347,300,47,96.39,83.33,2026-08-07T09:07:29.731Z
2023,상반기,기능대학,사립,전문대학,충남,기존,0000487,한국폴리텍 IV 대학,1,425,0,431,330,101,101.41,77.65,2026-08-07T09:07:29.731Z
2023,상반기,기능대학,사립,전문대학,충남,기존,0000588,한국폴리텍 IV 대학,1,210,0,159,140,19,75.71,66.67,2026-08-07T09:07:29.731Z
2023,상반기,대학교,사립,대학,충남,기존,0000149,한서대학교,1,6286,0,6479,5866,613,103.07,93.32,2026-08-07T09:07:29.731Z
2023,상반기,전문대학,사립,전문대학,충남,기존,0000386,혜전대학교,1,2603,0,2629,2019,610,101,77.56,2026-08-07T09:07:29.731Z
2023,상반기,대학교,사립,대학,충남,기존,0000159,호서대학교,1,11562,0,12368,11246,1122,106.97,97.27,2026-08-07T09:07:29.731Z
2023,상반기,전문대학,사립,전문대학,충북,기존,0000271,강동대학교,1,3210,0,2982,2509,473,92.9,78.16,2026-08-07T09:07:29.731Z
2023,상반기,대학교,사립,대학,충북,기존,0000037,건국대학교,2,18374,0,22532,19186,3346,122.63,104.42,2026-08-07T09:07:29.731Z
2023,상반기,대학교,사립,대학,충북,기존,0000058,극동대학교,1,3535,0,2763,2430,333,78.16,68.74,2026-08-07T09:07:29.731Z
2023,상반기,대학교,사립,대학,충북,기존,0000557,꽃동네대학교,1,432,0,411,393,18,95.14,90.97,2026-08-07T09:07:29.731Z
2023,상반기,전문대학,사립,전문대학,충북,기존,0000286,대원대학교,1,2106,0,1789,1574,215,84.95,74.74,2026-08-07T09:07:29.731Z
2023,상반기,대학교,사립,대학,충북,기존,0000093,서원대학교,1,6488,0,6571,6020,551,101.28,92.79,2026-08-07T09:07:29.731Z
2023,상반기,대학교,사립,대학,충북,기존,0000099,세명대학교,1,7303,0,6453,5961,492,88.36,81.62,2026-08-07T09:07:29.731Z
2023,상반기,각종학교(대학),사립,대학,충북,기존,0000404,순복음총회신학교,1,268,0,115,115,0,42.91,42.91,2026-08-07T09:07:29.731Z
2023,상반기,대학교,사립,대학,충북,기존,0000113,유원대학교,1,3500,0,3249,3037,212,92.83,86.77,2026-08-07T09:07:29.731Z
2023,상반기,대학교,사립,대학,충북,기존,0000183,중원대학교,1,3518,44,3150,2922,228,90.67,84.11,2026-08-07T09:07:29.731Z
2023,상반기,교육대학,국립,대학,충북,기존,0000204,청주교육대학교,1,1144,0,1147,1057,90,100.26,92.4,2026-08-07T09:07:29.731Z
2023,상반기,대학교,사립,대학,충북,기존,0000132,청주대학교,1,10602,0,10704,9844,860,100.96,92.85,2026-08-07T09:07:29.731Z
2023,상반기,대학교,국립,대학,충북,기존,0000021,충북대학교,1,11426,0,12981,11501,1480,113.61,100.66,2026-08-07T09:07:29.731Z
2023,상반기,전문대학,공립,전문대학,충북,기존,0000544,충북도립대학,1,870,0,756,756,0,86.9,86.9,2026-08-07T09:07:29.731Z
2023,상반기,전문대학,사립,전문대학,충북,기존,0000367,충북보건과학대학교,1,2451,0,2145,1795,350,87.52,73.24,2026-08-07T09:07:29.731Z
2023,상반기,전문대학,사립,전문대학,충북,기존,0000377,충청대학교,1,3372,0,3080,2609,471,91.34,77.37,2026-08-07T09:07:29.731Z
2023,상반기,대학교,국립,대학,충북,기존,0000022,한국교원대학교,1,2184,0,2267,2112,155,103.8,96.7,2026-08-07T09:07:29.731Z
2023,상반기,대학교,국립,대학,충북,기존,0000582,한국교통대학교,1,7671,0,7934,7160,774,103.43,93.34,2026-08-07T09:07:29.731Z
2023,상반기,기능대학,사립,전문대학,충북,기존,0000485,한국폴리텍 IV 대학,1,620,0,718,568,150,115.81,91.61,2026-08-07T09:07:29.731Z
2023,하반기,대학교,사립,대학,강원,기존,0000513,가톨릭관동대학교,1,7748,0,5661,5201,460,73.06,67.13,2026-08-07T09:07:29.731Z
2023,하반기,전문대학,사립,전문대학,강원,기존,0000347,강릉영동대학교,1,2296,0,2331,1713,618,101.52,74.61,2026-08-07T09:07:29.731Z
2023,하반기,대학교,국립,대학,강원,기존,0000572,강릉원주대학교,2,7259,93,6664,6119,545,92.99,85.39,2026-08-07T09:07:29.731Z
2023,하반기,대학교,국립,대학,강원,기존,0000002,강원대학교,2,18255,0,17836,16401,1435,97.7,89.84,2026-08-07T09:07:29.731Z
2023,하반기,전문대학,공립,전문대학,강원,기존,0000531,강원도립대학교,1,654,0,550,549,1,84.1,83.94,2026-08-07T09:07:29.731Z
2023,하반기,대학교,사립,대학,강원,기존,0000041,경동대학교,3,6628,0,6831,5582,1249,103.06,84.22,2026-08-07T09:07:29.731Z
2023,하반기,대학교,사립,대학,강원,기존,0000086,상지대학교,1,8506,0,5875,5418,457,69.07,63.7,2026-08-07T09:07:29.731Z
2023,하반기,전문대학,사립,전문대학,강원,폐교,0000319,상지영서대학교,1,0,0,10,9,1,0,0,2026-08-07T09:07:29.731Z
2023,하반기,전문대학,사립,전문대학,강원,기존,0000348,세경대학교,1,916,0,776,648,128,84.72,70.74,2026-08-07T09:07:29.731Z
2023,하반기,전문대학,사립,전문대학,강원,기존,0000393,송곡대학교,1,573,0,790,429,361,137.87,74.87,2026-08-07T09:07:29.731Z
2023,하반기,전문대학,사립,전문대학,강원,기존,0000390,송호대학교,1,900,1,771,606,165,85.76,67.41,2026-08-07T09:07:29.731Z
2023,하반기,대학교,사립,대학,강원,기존,0000110,연세대학교,2,19809,0,25305,19434,5871,127.74,98.11,2026-08-07T09:07:29.731Z
2023,하반기,교육대학,국립,대학,강원,기존,0000205,춘천교육대학교,1,1284,0,1252,1182,70,97.51,92.06,2026-08-07T09:07:29.731Z
2023,하반기,전문대학,사립,전문대학,강원,기존,0000542,한국골프대학,1,480,0,411,374,37,85.63,77.92,2026-08-07T09:07:29.731Z
2023,하반기,기능대학,사립,전문대학,강원,기존,0000483,한국폴리텍 III 대학,1,120,0,110,96,14,91.67,80,2026-08-07T09:07:29.731Z
2023,하반기,기능대학,사립,전문대학,강원,기존,0000517,한국폴리텍 III 대학,1,100,0,112,77,35,112,77,2026-08-07T09:07:29.731Z
2023,하반기,기능대학,사립,전문대학,강원,기존,0000482,한국폴리텍 III 대학,1,275,0,204,163,41,74.18,59.27,2026-08-07T09:07:29.731Z
2023,하반기,대학교,사립,대학,강원,기존,0000147,한라대학교,1,3561,0,2874,2481,393,80.71,69.67,2026-08-07T09:07:29.731Z
2023,하반기,대학교,사립,대학,강원,기존,0000148,한림대학교,1,7176,0,7078,6523,555,98.63,90.9,2026-08-07T09:07:29.731Z
2023,하반기,전문대학,사립,전문대학,강원,기존,0000383,한림성심대학교,1,2348,0,2453,1870,583,104.47,79.64,2026-08-07T09:07:29.731Z
2023,하반기,대학교,사립,대학,경기,기존,0000044,가천대학교,1,16155,0,19835,15089,4746,122.78,93.4,2026-08-07T09:07:29.731Z
2023,하반기,대학교,사립,대학,경기,기존,0000034,가톨릭대학교,3,7310,0,7789,6470,1319,106.55,88.51,2026-08-07T09:07:29.731Z
2023,하반기,대학교,사립,대학,경기,기존,0000036,강남대학교,1,5964,0,5896,5434,462,98.86,91.11,2026-08-07T09:07:29.731Z
2023,하반기,전문대학,사립,전문대학,경기,기존,0000387,경기과학기술대학교,1,3426,0,3891,2679,1212,113.57,78.2,2026-08-07T09:07:29.731Z
2023,하반기,대학교,사립,대학,경기,기존,0000039,경기대학교,2,11759,2,13208,11224,1984,112.34,95.47,2026-08-07T09:07:29.731Z
2023,하반기,전문대학,사립,전문대학,경기,기존,0000255,경민대학교,1,3564,0,3715,2893,822,104.24,81.17,2026-08-07T09:07:29.731Z
2023,하반기,전문대학,사립,전문대학,경기,기존,0000259,경복대학교,1,5407,0,5820,4435,1385,107.64,82.02,2026-08-07T09:07:29.731Z
2023,하반기,전문대학,사립,전문대학,경기,기존,0000264,계원예술대학교,1,2424,0,2630,2259,371,108.5,93.19,2026-08-07T09:07:29.731Z
2023,하반기,전문대학,사립,전문대학,경기,기존,0000379,국제대학교,1,3728,0,2306,2105,201,61.86,56.46,2026-08-07T09:07:29.731Z
2023,하반기,사이버대학(대학),사립,대학,경기,기존,0000409,국제사이버대학교,1,2890,0,2930,2188,742,101.38,75.71,2026-08-07T09:07:29.731Z
2023,하반기,전문대학,사립,전문대학,경기,기존,0000277,김포대학교,1,2590,0,1489,1164,325,57.49,44.94,2026-08-07T09:07:29.731Z
2023,하반기,전문대학,사립,전문대학,경기,기존,0000278,농협대학교,1,174,0,361,150,211,207.47,86.21,2026-08-07T09:07:29.731Z
2023,하반기,대학교,사립,대학,경기,기존,0000060,단국대학교,2,18820,0,20656,17930,2726,109.76,95.27,2026-08-07T09:07:29.731Z
2023,하반기,전문대학,사립,전문대학,경기,기존,0000285,대림대학교,1,5723,0,6505,5055,1450,113.66,88.33,2026-08-07T09:07:29.731Z
2023,하반기,대학교,사립,대학,경기,기존,0000068,대진대학교,1,7082,0,6852,6123,729,96.75,86.46,2026-08-07T09:07:29.731Z
2023,하반기,전문대학,사립,전문대학,경기,기존,0000294,동남보건대학교,1,4113,0,4486,3592,894,109.07,87.33,2026-08-07T09:07:29.731Z
2023,하반기,전문대학,사립,전문대학,경기,기존,0000287,동서울대학교,1,5541,0,5248,4562,686,94.71,82.33,2026-08-07T09:07:29.731Z
2023,하반기,전문대학,사립,전문대학,경기,기존,0000298,동아방송예술대학교,1,2469,0,2866,2154,712,116.08,87.24,2026-08-07T09:07:29.731Z
2023,하반기,전문대학,사립,전문대학,경기,기존,0000302,동원대학교,1,2960,0,2249,1922,327,75.98,64.93,2026-08-07T09:07:29.731Z
2023,하반기,전문대학,사립,전문대학,경기,기존,0000305,두원공과대학교,1,4119,0,2217,1980,237,53.82,48.07,2026-08-07T09:07:29.731Z
2023,하반기,대학교,사립,대학,경기,기존,0000078,루터대학교,1,340,0,312,305,7,91.76,89.71,2026-08-07T09:07:29.731Z
2023,하반기,대학교,사립,대학,경기,기존,0000079,명지대학교,2,10601,0,12653,9720,2933,119.36,91.69,2026-08-07T09:07:29.731Z
2023,하반기,전문대학,사립,전문대학,경기,기존,0000316,부천대학교,1,5246,0,6734,4622,2112,128.36,88.11,2026-08-07T09:07:29.731Z
2023,하반기,대학교,사립,대학,경기,기존,0000090,서울신학대학교,1,1873,0,1777,1665,112,94.87,88.89,2026-08-07T09:07:29.731Z
2023,하반기,전문대학,사립,전문대학,경기,기존,0000323,서울예술대학교,1,1743,0,3098,1736,1362,177.74,99.6,2026-08-07T09:07:29.731Z
2023,하반기,대학교,사립,대학,경기,기존,0000092,서울장신대학교,1,434,0,255,243,12,58.76,55.99,2026-08-07T09:07:29.731Z
2023,하반기,전문대학,사립,전문대학,경기,기존,0000392,서정대학교,1,3127,0,7504,2909,4595,239.97,93.03,2026-08-07T09:07:29.731Z
2023,하반기,대학교,사립,대학,경기,기존,0000095,성결대학교,1,4912,0,4942,4635,307,100.61,94.36,2026-08-07T09:07:29.731Z
2023,하반기,대학교,사립,대학,경기,기존,0000101,수원가톨릭대학교,1,360,0,117,111,6,32.5,30.83,2026-08-07T09:07:29.731Z
2023,하반기,전문대학,사립,전문대학,경기,기존,0000330,수원과학대학교,1,5006,0,3213,2864,349,64.18,57.21,2026-08-07T09:07:29.731Z
2023,하반기,대학교,사립,대학,경기,기존,0000102,수원대학교,1,8586,0,7943,7410,533,92.51,86.3,2026-08-07T09:07:29.731Z
2023,하반기,전문대학,사립,전문대학,경기,기존,0000329,수원여자대학교,1,3919,0,3514,3047,467,89.67,77.75,2026-08-07T09:07:29.731Z
2023,하반기,대학교,사립,대학,경기,기존,000567,신경대학교,1,984,13,353,336,17,36.35,34.6,2026-08-07T09:07:29.731Z
2023,하반기,전문대학,사립,전문대학,경기,기존,0000334,신구대학교,1,6025,0,5735,4957,778,95.19,82.27,2026-08-07T09:07:29.731Z
2023,하반기,전문대학,사립,전문대학,경기,기존,0000339,신안산대학교,1,2690,0,2204,1865,339,81.93,69.33,2026-08-07T09:07:29.731Z
2023,하반기,대학교,사립,대학,경기,기존,000509,신한대학교,2,5716,0,5840,5114,726,102.17,89.47,2026-08-07T09:07:29.731Z
2023,하반기,대학교,사립,대학,경기,기존,0000558,아신대학교,1,636,0,310,302,8,48.74,47.48,2026-08-07T09:07:29.731Z
2023,하반기,대학교,사립,대학,경기,기존,0000108,아주대학교,1,7715,0,8989,7348,1641,116.51,95.24,2026-08-07T09:07:29.731Z
2023,하반기,전문대학,사립,전문대학,경기,기존,0000340,안산대학교,1,3994,0,4121,3282,839,103.18,82.17,2026-08-07T09:07:29.731Z
2023,하반기,대학교,사립,대학,경기,기존,0000109,안양대학교,2,4579,0,4299,4004,295,93.89,87.44,2026-08-07T09:07:29.731Z
2023,하반기,전문대학,사립,전문대학,경기,기존,0000343,여주대학교,1,4092,0,3411,2884,527,83.36,70.48,2026-08-07T09:07:29.731Z
2023,하반기,전문대학,사립,전문대학,경기,기존,0000341,연성대학교,1,5469,0,5287,4663,624,96.67,85.26,2026-08-07T09:07:29.731Z
2023,하반기,전문대학,사립,전문대학,경기,기존,0000350,오산대학교,1,4208,0,3721,3195,526,88.43,75.93,2026-08-07T09:07:29.731Z
2023,하반기,대학교,사립,대학,경기,기존,0000115,용인대학교,1,5189,64,5125,4760,365,100,92.88,2026-08-07T09:07:29.731Z
2023,하반기,전문대학,사립,전문대학,경기,기존,0000559,용인예술과학대학교,1,3257,159,2463,2169,294,79.5,70.01,2026-08-07T09:07:29.731Z
2023,하반기,전문대학,사립,전문대학,경기,기존,0000394,웅지세무대학교,1,1437,0,523,520,3,36.4,36.19,2026-08-07T09:07:29.731Z
2023,하반기,전문대학,사립,전문대학,경기,기존,0000355,유한대학교,1,4196,0,4120,3722,398,98.19,88.7,2026-08-07T09:07:29.731Z
2023,하반기,전문대학,사립,전문대학,경기,기존,0000358,장안대학교,1,4776,115,2261,1986,275,48.51,42.61,2026-08-07T09:07:29.731Z
2023,하반기,대학교,사립,대학,경기,기존,0000130,중앙승가대학교,1,480,0,69,69,0,14.38,14.38,2026-08-07T09:07:29.731Z
2023,하반기,대학교,사립,대학,경기,기존,0000139,차의과학대학교,1,2016,0,2065,1845,220,102.43,91.52,2026-08-07T09:07:29.731Z
2023,하반기,전문대학,사립,전문대학,경기,기존,0000374,청강문화산업대학교,1,3354,0,3615,3221,394,107.78,96.03,2026-08-07T09:07:29.731Z
2023,하반기,대학교,사립,대학,경기,기존,0000136,칼빈대학교,1,360,0,922,259,663,256.11,71.94,2026-08-07T09:07:29.731Z
2023,하반기,대학교,사립,대학,경기,기존,0000138,평택대학교,1,3270,25,2940,2694,246,90.6,83.02,2026-08-07T09:07:29.731Z
2023,하반기,대학교,국립,대학,경기,기존,0000568,한경대학교,1,4593,0,4771,4325,446,103.88,94.17,2026-08-07T09:07:29.731Z
2023,하반기,전문대학,사립,전문대학,경기,기존,0000391,한국관광대학교,1,1860,0,1095,959,136,58.87,51.56,2026-08-07T09:07:29.731Z
2023,하반기,전문대학,국립,전문대학,경기,폐교,0000248,한국복지대학교,1,512,0,421,344,77,82.23,67.19,2026-08-07T09:07:29.731Z
2023,하반기,대학교,사립,대학,경기,기존,0000562,한국산업기술대학교,1,5520,0,6757,5352,1405,122.41,96.96,2026-08-07T09:07:29.731Z
2023,하반기,산업대학,사립,대학,경기,폐교,0000214,한국산업기술대학교(산업대),1,0,0,0,0,0,0,0,2026-08-07T09:07:29.731Z
2023,하반기,기능대학,사립,전문대학,경기,기존,0000479,한국폴리텍 I 대학,1,700,0,544,471,73,77.71,67.29,2026-08-07T09:07:29.731Z
2023,하반기,기능대학,사립,전문대학,경기,기존,0000555,한국폴리텍 II 대학,1,0,0,32,0,32,0,0,2026-08-07T09:07:29.731Z
2023,하반기,기능대학,사립,전문대학,경기,기존,0000548,한국폴리텍 II 대학,1,676,0,424,354,70,62.72,52.37,2026-08-07T09:07:29.731Z
2023,하반기,대학교,사립,대학,경기,기존,0000144,한국항공대학교,1,3476,0,3687,3175,512,106.07,91.34,2026-08-07T09:07:29.731Z
2023,하반기,대학교,사립,대학,경기,폐교,0000175,한북대학교,1,0,0,0,0,0,0,0,2026-08-07T09:07:29.731Z
2023,하반기,대학교,사립,대학,경기,기존,0000151,한세대학교,1,2264,0,2352,2147,205,103.89,94.83,2026-08-07T09:07:29.731Z
2023,하반기,대학교,사립,대학,경기,기존,0000152,한신대학교,1,4674,0,4984,4465,519,106.63,95.53,2026-08-07T09:07:29.731Z
2023,하반기,대학교,사립,대학,경기,기존,0000153,한양대학교,2,19379,0,25262,18029,7233,130.36,93.03,2026-08-07T09:07:29.731Z
2023,하반기,대학교,사립,대학,경기,기존,0000156,협성대학교,1,4016,0,3634,3420,214,90.49,85.16,2026-08-07T09:07:29.731Z
2023,하반기,기능대학,사립,전문대학,경기,기존,0000516,ICT폴리텍대학,1,320,0,260,253,7,81.25,79.06,2026-08-07T09:07:29.731Z
2023,하반기,전문대학,사립,전문대학,경남,기존,0000251,거제대학교,1,1070,0,941,828,113,87.94,77.38,2026-08-07T09:07:29.731Z
2023,하반기,대학교,국립,대학,경남,폐교,0000026,경남과학기술대학교,1,2324,0,2644,2494,150,113.77,107.31,2026-08-07T09:07:29.731Z
2023,하반기,대학교,사립,대학,경남,기존,0000040,경남대학교,1,9865,0,9038,8255,783,91.62,83.68,2026-08-07T09:07:29.731Z
2023,하반기,전문대학,공립,전문대학,경남,기존,0000242,경남도립거창대학,1,840,18,814,762,52,99.03,92.7,2026-08-07T09:07:29.731Z
2023,하반기,전문대학,공립,전문대학,경남,기존,0000243,경남도립남해대학,1,765,0,716,692,24,93.59,90.46,2026-08-07T09:07:29.731Z
2023,하반기,대학교,국립,대학,경남,기존,0000556,경상대학교,1,15005,0,14032,12979,1053,93.52,86.5,2026-08-07T09:07:29.731Z
2023,하반기,전문대학,사립,전문대학,경남,기존,0000395,김해대학교,1,1367,0,1348,1059,289,98.61,77.47,2026-08-07T09:07:29.731Z
2023,하반기,전문대학,사립,전문대학,경남,기존,0000342,동원과학기술대학교,1,1931,0,2112,1509,603,109.37,78.15,2026-08-07T09:07:29.731Z
2023,하반기,전문대학,사립,전문대학,경남,기존,0000306,마산대학교,1,5270,0,4907,4062,845,93.11,77.08,2026-08-07T09:07:29.731Z
2023,하반기,대학교,사립,대학,경남,기존,0000167,부산장신대학교,1,145,0,126,121,5,86.9,83.45,2026-08-07T09:07:29.731Z
2023,하반기,전문대학,사립,전문대학,경남,기존,0000530,연암공과대학교,1,1107,0,1165,1088,77,105.24,98.28,2026-08-07T09:07:29.731Z
2023,하반기,대학교,사립,대학,경남,기존,0000181,영산대학교,2,5737,0,5357,4601,756,93.38,80.2,2026-08-07T09:07:29.731Z
2023,하반기,대학교,사립,대학,경남,기존,0000122,인제대학교,1,7984,0,7297,6512,785,91.4,81.56,2026-08-07T09:07:29.731Z
2023,하반기,교육대학,국립,대학,경남,기존,0000203,진주교육대학교,1,1276,0,1206,1138,68,94.51,89.18,2026-08-07T09:07:29.731Z
2023,하반기,전문대학,사립,전문대학,경남,기존,0000369,진주보건대학교,1,2297,0,2436,1869,567,106.05,81.37,2026-08-07T09:07:29.731Z
2023,하반기,대학교,사립,대학,경남,기존,0000193,창신대학교,1,1625,0,1703,1463,240,104.8,90.03,2026-08-07T09:07:29.731Z
2023,하반기,대학교,국립,대학,경남,기존,0000581,창원대학교,1,7037,0,7084,6448,636,100.67,91.63,2026-08-07T09:07:29.731Z
2023,하반기,전문대학,사립,전문대학,경남,기존,0000528,창원문성대학교,1,1692,0,1232,1084,148,72.81,64.07,2026-08-07T09:07:29.731Z
2023,하반기,전문대학,사립,전문대학,경남,기존,0000396,한국승강기대학교,1,594,0,551,456,95,92.76,76.77,2026-08-07T09:07:29.731Z
2023,하반기,기능대학,사립,전문대학,경남,기존,0000503,한국폴리텍 특성화대학,1,440,0,307,254,53,69.77,57.73,2026-08-07T09:07:29.731Z
2023,하반기,기능대학,사립,전문대학,경남,기존,0000563,한국폴리텍 VII 대학,1,0,0,8,0,8,0,0,2026-08-07T09:07:29.731Z
2023,하반기,기능대학,사립,전문대학,경남,기존,0000496,한국폴리텍 VII 대학,1,1180,0,1358,1084,274,115.08,91.86,2026-08-07T09:07:29.731Z
2023,하반기,대학교,사립,대학,경북,기존,0000032,가야대학교,2,2006,0,1663,1482,181,82.9,73.88,2026-08-07T09:07:29.731Z
2023,하반기,전문대학,사립,전문대학,경북,기존,0000249,가톨릭상지대학교,1,1657,0,1731,1268,463,104.47,76.52,2026-08-07T09:07:29.731Z
2023,하반기,전문대학,사립,전문대학,경북,기존,0000293,경북과학대학교,1,1670,0,1741,1325,416,104.25,79.34,2026-08-07T09:07:29.731Z
2023,하반기,전문대학,공립,전문대학,경북,폐교,0000244,경북도립대학교,1,930,0,799,753,46,85.91,80.97,2026-08-07T09:07:29.731Z
2023,하반기,전문대학,사립,전문대학,경북,기존,0000523,경북보건대학교,1,1207,18,1234,1020,214,103.78,85.79,2026-08-07T09:07:29.731Z
2023,하반기,전문대학,사립,전문대학,경북,기존,0000258,경북전문대학교,1,2247,0,2454,1678,776,109.21,74.68,2026-08-07T09:07:29.731Z
2023,하반기,대학교,사립,대학,경북,기존,0000188,경운대학교,1,4736,0,4175,3902,273,88.15,82.39,2026-08-07T09:07:29.731Z
2023,하반기,대학교,사립,대학,경북,기존,0000045,경일대학교,1,6323,0,6416,5693,723,101.47,90.04,2026-08-07T09:07:29.731Z
2023,하반기,대학교,사립,대학,경북,기존,0000586,경주대학교,1,3011,117,481,430,51,16.62,14.86,2026-08-07T09:07:29.731Z
2023,하반기,전문대학,사립,전문대학,경북,기존,0000268,구미대학교,1,3602,0,4914,3017,1897,136.42,83.76,2026-08-07T09:07:29.731Z
2023,하반기,대학교,국립,대학,경북,기존,0000575,금오공과대학교,1,4869,0,4687,4281,406,96.26,87.92,2026-08-07T09:07:29.731Z
2023,하반기,대학교,사립,대학,경북,기존,0000185,김천대학교,1,2681,0,2134,1903,231,79.6,70.98,2026-08-07T09:07:29.731Z
2023,하반기,전문대학,사립,전문대학,경북,기존,0000279,대경대학교,1,3660,163,3378,2726,652,96.6,77.95,2026-08-07T09:07:29.731Z
2023,하반기,대학교,사립,대학,경북,기존,0000063,대구가톨릭대학교,1,11315,0,10359,9501,858,91.55,83.97,2026-08-07T09:07:29.731Z
2023,하반기,대학교,사립,대학,경북,기존,0000061,대구대학교,1,15790,0,15000,12625,2375,95,79.96,2026-08-07T09:07:29.731Z
2023,하반기,사이버대학(대학),사립,대학,경북,기존,0000410,대구사이버대학교,1,3800,0,4156,2991,1165,109.37,78.71,2026-08-07T09:07:29.731Z
2023,하반기,대학교,사립,대학,경북,기존,0000062,대구예술대학교,1,1477,17,379,373,6,25.96,25.55,2026-08-07T09:07:29.731Z
2023,하반기,대학교,사립,대학,경북,기존,0000042,대구한의대학교,1,6258,0,6322,5138,1184,101.02,82.1,2026-08-07T09:07:29.731Z
2023,하반기,대학교,사립,대학,경북,기존,0000065,대신대학교,1,464,0,393,386,7,84.7,83.19,2026-08-07T09:07:29.731Z
2023,하반기,대학교,사립,대학,경북,기존,0000071,동국대학교,2,18263,0,18732,15870,2862,102.57,86.9,2026-08-07T09:07:29.731Z
2023,하반기,대학교,사립,대학,경북,기존,0000076,동양대학교,1,3968,0,3658,3289,369,92.19,82.89,2026-08-07T09:07:29.731Z
2023,하반기,전문대학,사립,전문대학,경북,기존,0000309,문경대학교,1,828,0,732,642,90,88.41,77.54,2026-08-07T09:07:29.731Z
2023,하반기,전문대학,사립,전문대학,경북,폐교,0000262,서라벌대학교,1,650,0,590,510,80,90.77,78.46,2026-08-07T09:07:29.731Z
2023,하반기,전문대학,사립,전문대학,경북,기존,0000380,선린대학교,1,2043,0,1854,1574,280,90.75,77.04,2026-08-07T09:07:29.731Z
2023,하반기,전문대학,사립,전문대학,경북,기존,0000547,성덕대학교,1,1239,0,1460,1069,391,117.84,86.28,2026-08-07T09:07:29.731Z
2023,하반기,전문대학,사립,전문대학,경북,기존,0000338,안동과학대학교,1,2140,0,2064,1709,355,96.45,79.86,2026-08-07T09:07:29.731Z
2023,하반기,대학교,국립,대학,경북,기존,0000580,안동대학교,1,5693,0,4498,4257,241,79.01,74.78,2026-08-07T09:07:29.731Z
2023,하반기,대학교,사립,대학,경북,기존,0000111,영남대학교,1,18606,0,19285,17288,1997,103.65,92.92,2026-08-07T09:07:29.731Z
2023,하반기,대학교,사립,대학,경북,기존,0000112,영남신학대학교,1,460,0,309,298,11,67.17,64.78,2026-08-07T09:07:29.731Z
2023,하반기,전문대학,사립,전문대학,경북,기존,0000257,영남외국어대학,1,729,0,410,355,55,56.24,48.7,2026-08-07T09:07:29.731Z
2023,하반기,대학교,사립,대학,경북,기존,0000119,위덕대학교,1,2892,0,2128,2038,90,73.58,70.47,2026-08-07T09:07:29.731Z
2023,하반기,대학교,사립,대학,경북,기존,0000140,포항공과대학교,1,1280,0,1302,1224,78,101.72,95.63,2026-08-07T09:07:29.731Z
2023,하반기,전문대학,사립,전문대학,경북,기존,0000381,포항대학교,1,1728,0,1432,1263,169,82.87,73.09,2026-08-07T09:07:29.731Z
2023,하반기,사이버대학(전문대학),사립,전문대학,경북,기존,0000407,한국복지사이버대학,1,2000,0,2316,1622,694,115.8,81.1,2026-08-07T09:07:29.731Z
2023,하반기,기능대학,사립,전문대학,경북,기존,0000552,한국폴리텍 특성화대학,1,200,0,113,103,10,56.5,51.5,2026-08-07T09:07:29.731Z
2023,하반기,기능대학,사립,전문대학,경북,기존,0000495,한국폴리텍 VI 대학,1,470,0,467,411,56,99.36,87.45,2026-08-07T09:07:29.731Z
2023,하반기,기능대학,사립,전문대학,경북,기존,0000504,한국폴리텍 VI 대학,1,50,0,37,35,2,74,70,2026-08-07T09:07:29.731Z
2023,하반기,대학교,사립,대학,경북,기존,0000146,한동대학교,1,2916,0,3637,3139,498,124.73,107.65,2026-08-07T09:07:29.731Z
2023,하반기,전문대학,사립,전문대학,경북,기존,0000522,호산대학교,1,1852,68,2094,1429,665,117.38,80.1,2026-08-07T09:07:29.731Z
2023,하반기,대학교,사립,대학,광주,기존,0000052,광신대학교,1,488,0,415,399,16,85.04,81.76,2026-08-07T09:07:29.731Z
2023,하반기,대학교,특별법법인,대학,광주,기존,0000469,광주과학기술원,1,800,2,770,733,37,96.49,91.85,2026-08-07T09:07:29.731Z
2023,하반기,교육대학,국립,대학,광주,기존,0000196,광주교육대학교,1,1304,0,1246,1170,76,95.55,89.72,2026-08-07T09:07:29.731Z
2023,하반기,대학교,사립,대학,광주,기존,0000176,광주대학교,1,6122,0,5461,4993,468,89.2,81.56,2026-08-07T09:07:29.731Z
2023,하반기,전문대학,사립,전문대학,광주,기존,0000267,광주보건대학교,1,3228,0,3347,2671,676,103.69,82.74,2026-08-07T09:07:29.731Z
2023,하반기,대학교,사립,대학,광주,기존,0000055,광주여자대학교,1,3632,0,3210,2872,338,88.38,79.07,2026-08-07T09:07:29.731Z
2023,하반기,전문대학,사립,전문대학,광주,기존,0000273,기독간호대학교,1,444,0,581,420,161,130.86,94.59,2026-08-07T09:07:29.731Z
2023,하반기,대학교,사립,대학,광주,기존,0000162,남부대학교,1,2634,0,2610,2248,362,99.09,85.35,2026-08-07T09:07:29.731Z
2023,하반기,전문대학,사립,전문대학,광주,기존,0000297,동강대학교,1,2463,0,2183,1738,445,88.63,70.56,2026-08-07T09:07:29.731Z
2023,하반기,전문대학,사립,전문대학,광주,기존,0000320,서영대학교,1,4289,0,4509,3472,1037,105.13,80.95,2026-08-07T09:07:29.731Z
2023,하반기,대학교,사립,대학,광주,기존,0000187,송원대학교,1,2815,0,2589,2201,388,91.97,78.19,2026-08-07T09:07:29.731Z
2023,하반기,대학교,국립,대학,광주,기존,0000016,전남대학교,2,17057,0,17422,15669,1753,102.14,91.86,2026-08-07T09:07:29.731Z
2023,하반기,전문대학,사립,전문대학,광주,기존,0000366,조선간호대학교,1,556,0,731,527,204,131.47,94.78,2026-08-07T09:07:29.731Z
2023,하반기,대학교,사립,대학,광주,기존,0000127,조선대학교,1,17984,0,17343,15785,1558,96.44,87.77,2026-08-07T09:07:29.731Z
2023,하반기,전문대학,사립,전문대학,광주,기존,0000365,조선이공대학교,1,2969,0,2647,2374,273,89.15,79.96,2026-08-07T09:07:29.731Z
2023,하반기,기능대학,사립,전문대학,광주,기존,0000489,한국폴리텍 V 대학,1,735,0,812,655,157,110.48,89.12,2026-08-07T09:07:29.731Z
2023,하반기,대학교,사립,대학,광주,기존,0000157,호남대학교,1,6188,0,6593,5273,1320,106.54,85.21,2026-08-07T09:07:29.731Z
2023,하반기,대학교,사립,대학,광주,기존,0000158,호남신학대학교,1,514,0,401,399,2,78.02,77.63,2026-08-07T09:07:29.731Z
2023,하반기,대학교,국립,대학,대구,기존,0000003,경북대학교,1,19100,0,19723,17800,1923,103.26,93.19,2026-08-07T09:07:29.731Z
2023,하반기,대학교,사립,대학,대구,기존,0000048,계명대학교,1,18692,0,19466,17188,2278,104.14,91.95,2026-08-07T09:07:29.731Z
2023,하반기,전문대학,사립,전문대학,대구,기존,0000263,계명문화대학교,1,4744,0,4186,3658,528,88.24,77.11,2026-08-07T09:07:29.731Z
2023,하반기,대학교,특별법법인,대학,대구,기존,0000470,대구경북과학기술원,1,880,0,765,765,0,86.93,86.93,2026-08-07T09:07:29.731Z
2023,하반기,전문대학,사립,전문대학,대구,기존,0000280,대구공업대학교,1,1095,0,1081,931,150,98.72,85.02,2026-08-07T09:07:29.731Z
2023,하반기,전문대학,사립,전문대학,대구,기존,0000283,대구과학대학교,1,3879,0,4026,3297,729,103.79,85,2026-08-07T09:07:29.731Z
2023,하반기,교육대학,국립,대학,대구,기존,0000197,대구교육대학교,1,1532,0,1522,1394,128,99.35,90.99,2026-08-07T09:07:29.731Z
2023,하반기,전문대학,사립,전문대학,대구,기존,0000281,대구보건대학교,1,6172,0,6295,5074,1221,101.99,82.21,2026-08-07T09:07:29.731Z
2023,하반기,전문대학,사립,전문대학,대구,기존,0000282,수성대학교,1,2932,0,3141,2540,601,107.13,86.63,2026-08-07T09:07:29.731Z
2023,하반기,전문대학,사립,전문대학,대구,기존,0000346,영남이공대학교,1,4916,0,5227,4109,1118,106.33,83.58,2026-08-07T09:07:29.731Z
2023,하반기,사이버대학(전문대학),사립,전문대학,대구,기존,0000406,영진사이버대학,1,2600,0,3690,2393,1297,141.92,92.04,2026-08-07T09:07:29.731Z
2023,하반기,전문대학,사립,전문대학,대구,기존,0000349,영진전문대학교,1,5604,0,6519,4969,1550,116.33,88.67,2026-08-07T09:07:29.731Z
2023,하반기,기능대학,사립,전문대학,대구,기존,0000549,한국폴리텍 특성화대학,1,295,0,155,138,17,52.54,46.78,2026-08-07T09:07:29.731Z
2023,하반기,기능대학,사립,전문대학,대구,기존,0000494,한국폴리텍 VI 대학,1,560,0,453,385,68,80.89,68.75,2026-08-07T09:07:29.731Z
2023,하반기,사이버대학(대학),사립,대학,대전,기존,0000425,건양사이버대학교,1,3168,0,3414,2761,653,107.77,87.15,2026-08-07T09:07:29.731Z
2023,하반기,전문대학,사립,전문대학,대전,기존,0000376,대덕대학교,1,2562,0,1648,1413,235,64.32,55.15,2026-08-07T09:07:29.731Z
2023,하반기,전문대학,사립,전문대학,대전,기존,0000512,대전과학기술대학교,1,3908,0,3694,2697,997,94.52,69.01,2026-08-07T09:07:29.731Z
2023,하반기,대학교,사립,대학,대전,기존,0000067,대전대학교,1,8052,0,7759,7079,680,96.36,87.92,2026-08-07T09:07:29.731Z
2023,하반기,전문대학,사립,전문대학,대전,기존,0000288,대전보건대학교,1,4969,0,4269,3614,655,85.91,72.73,2026-08-07T09:07:29.731Z
2023,하반기,대학교,사립,대학,대전,기존,0000182,대전신학대학교,1,128,0,41,41,0,32.03,32.03,2026-08-07T09:07:29.731Z
2023,하반기,대학교,사립,대학,대전,기존,0000080,목원대학교,1,7350,0,6598,6109,489,89.77,83.12,2026-08-07T09:07:29.731Z
2023,하반기,대학교,사립,대학,대전,기존,0000081,배재대학교,1,8006,0,7204,6729,475,89.98,84.05,2026-08-07T09:07:29.731Z
2023,하반기,대학교,사립,대학,대전,기존,0000184,우송대학교,1,8016,0,8995,6955,2040,112.21,86.76,2026-08-07T09:07:29.731Z
2023,하반기,산업대학,사립,대학,대전,폐교,0000222,우송대학교(산업대),1,0,0,0,0,0,0,0,2026-08-07T09:07:29.731Z
2023,하반기,전문대학,사립,전문대학,대전,기존,0000289,우송정보대학,1,3621,0,2941,2697,244,81.22,74.48,2026-08-07T09:07:29.731Z
2023,하반기,대학교,사립,대학,대전,기존,0000120,을지대학교,3,4286,0,4415,4025,390,103.01,93.91,2026-08-07T09:07:29.731Z
2023,하반기,대학교,국립,대학,대전,기존,0000020,충남대학교,1,14673,0,16140,14621,1519,110,99.65,2026-08-07T09:07:29.731Z
2023,하반기,대학교,사립,대학,대전,기존,0000551,침례신학대학교,1,1152,0,766,745,21,66.49,64.67,2026-08-07T09:07:29.731Z
2023,하반기,대학교,특별법법인,대학,대전,기존,0000468,한국과학기술원,1,3880,0,3713,3251,462,95.7,83.79,2026-08-07T09:07:29.731Z
2023,하반기,기능대학,사립,전문대학,대전,기존,0000484,한국폴리텍 IV 대학,1,695,0,701,574,127,100.86,82.59,2026-08-07T09:07:29.731Z
2023,하반기,대학교,사립,대학,대전,기존,0000145,한남대학교,1,10893,0,10416,9494,922,95.62,87.16,2026-08-07T09:07:29.731Z
2023,하반기,대학교,국립,대학,대전,기존,0000584,한밭대학교,1,7488,0,7836,6910,926,104.65,92.28,2026-08-07T09:07:29.731Z
2023,하반기,전문대학,사립,전문대학,부산,기존,0000253,경남정보대학교,1,4889,0,5115,3814,1301,104.62,78.01,2026-08-07T09:07:29.731Z
2023,하반기,대학교,사립,대학,부산,기존,0000043,경성대학교,1,11145,0,11475,9671,1804,102.96,86.77,2026-08-07T09:07:29.731Z
2023,하반기,대학교,사립,대학,부산,기존,0000050,고신대학교,1,3671,0,2921,2805,116,79.57,76.41,2026-08-07T09:07:29.731Z
2023,하반기,전문대학,사립,전문대학,부산,기존,0000284,대동대학교,1,1316,0,1378,1067,311,104.71,81.08,2026-08-07T09:07:29.731Z
2023,하반기,대학교,사립,대학,부산,기존,0000180,동명대학교,1,6892,0,6609,5605,1004,95.89,81.33,2026-08-07T09:07:29.731Z
2023,하반기,대학교,사립,대학,부산,기존,0000073,동서대학교,1,8918,0,8378,7439,939,93.94,83.42,2026-08-07T09:07:29.731Z
2023,하반기,대학교,사립,대학,부산,기존,0000075,동아대학교,1,16385,0,17027,15424,1603,103.92,94.13,2026-08-07T09:07:29.731Z
2023,하반기,전문대학,사립,전문대학,부산,기존,0000303,동의과학대학교,1,3690,0,3486,2629,857,94.47,71.25,2026-08-07T09:07:29.731Z
2023,하반기,대학교,사립,대학,부산,기존,0000077,동의대학교,1,14482,0,13544,12360,1184,93.52,85.35,2026-08-07T09:07:29.731Z
2023,하반기,전문대학,사립,전문대학,부산,기존,0000569,동주대학교,1,2625,88,2305,1904,401,90.86,75.05,2026-08-07T09:07:29.731Z
2023,하반기,대학교,국립,대학,부산,기존,0000578,부경대학교,1,13121,0,14274,12488,1786,108.79,95.18,2026-08-07T09:07:29.731Z
2023,하반기,대학교,사립,대학,부산,기존,0000082,부산가톨릭대학교,1,3274,0,3417,2867,550,104.37,87.57,2026-08-07T09:07:29.731Z
2023,하반기,전문대학,사립,전문대학,부산,기존,0000313,부산경상대학교,1,2268,0,1841,1618,223,81.17,71.34,2026-08-07T09:07:29.731Z
2023,하반기,전문대학,사립,전문대학,부산,기존,0000315,부산과학기술대학교,1,2874,0,3077,2318,759,107.06,80.65,2026-08-07T09:07:29.731Z
2023,하반기,교육대학,국립,대학,부산,기존,0000198,부산교육대학교,1,1424,0,1374,1260,114,96.49,88.48,2026-08-07T09:07:29.731Z
2023,하반기,대학교,국립,대학,부산,기존,0000011,부산대학교,1,17375,0,18429,16660,1769,106.07,95.88,2026-08-07T09:07:29.731Z
2023,하반기,사이버대학(대학),사립,대학,부산,기존,0000411,부산디지털대학교,1,2820,0,2181,1988,193,77.34,70.5,2026-08-07T09:07:29.731Z
2023,하반기,전문대학,사립,전문대학,부산,기존,0000314,부산여자대학교,1,1974,0,1790,1483,307,90.68,75.13,2026-08-07T09:07:29.731Z
2023,하반기,전문대학,사립,전문대학,부산,기존,0000388,부산예술대학교,1,900,0,554,522,32,61.56,58,2026-08-07T09:07:29.731Z
2023,하반기,대학교,사립,대학,부산,기존,0000083,부산외국어대학교,1,6756,0,6133,5366,767,90.78,79.43,2026-08-07T09:07:29.731Z
2023,하반기,전문대학,사립,전문대학,부산,폐교,0000326,성심외국어대학,1,0,0,0,0,0,0,0,2026-08-07T09:07:29.731Z
2023,하반기,대학교,사립,대학,부산,기존,0000106,신라대학교,1,7910,0,6187,5510,677,78.22,69.66,2026-08-07T09:07:29.731Z
2023,하반기,기능대학,사립,전문대학,부산,기존,0000564,한국폴리텍 VII 대학,1,0,0,16,0,16,0,0,2026-08-07T09:07:29.731Z
2023,하반기,기능대학,사립,전문대학,부산,기존,0000497,한국폴리텍 VII 대학,1,720,150,650,537,113,114.04,94.21,2026-08-07T09:07:29.731Z
2023,하반기,대학교,국립,대학,부산,기존,0000583,한국해양대학교,1,5556,0,5843,5304,539,105.17,95.46,2026-08-07T09:07:29.731Z
2023,하반기,사이버대학(대학),사립,대학,부산,기존,0000423,화신사이버대학교,1,1428,0,1508,1138,370,105.6,79.69,2026-08-07T09:07:29.731Z
2023,하반기,대학교,사립,대학,서울,기존,0000035,감리교신학대학교,1,754,0,569,548,21,75.46,72.68,2026-08-07T09:07:29.731Z
2023,하반기,대학교,사립,대학,서울,기존,0000565,강서대학교,1,1108,0,1479,963,516,133.48,86.91,2026-08-07T09:07:29.731Z
2023,하반기,대학교,사립,대학,서울,기존,0000047,경희대학교,1,19823,0,23429,18082,5347,118.19,91.22,2026-08-07T09:07:29.731Z
2023,하반기,사이버대학(대학),사립,대학,서울,기존,0000408,경희사이버대학교,1,9250,0,10582,7388,3194,114.4,79.87,2026-08-07T09:07:29.731Z
2023,하반기,사이버대학(대학),사립,대학,서울,기존,0000418,고려사이버대학교,1,7378,0,9230,6757,2473,125.1,91.58,2026-08-07T09:07:29.731Z
2023,하반기,대학교,사립,대학,서울,기존,0000053,광운대학교,1,6767,0,7758,6044,1714,114.64,89.32,2026-08-07T09:07:29.731Z
2023,하반기,대학교,사립,대학,서울,기존,0000056,국민대학교,1,11715,0,13806,11058,2748,117.85,94.39,2026-08-07T09:07:29.731Z
2023,하반기,대학교,사립,대학,서울,기존,0000070,덕성여자대학교,1,4480,0,5079,4552,527,113.37,101.61,2026-08-07T09:07:29.731Z
2023,하반기,대학교,사립,대학,서울,기존,0000072,동덕여자대학교,1,6248,0,6363,5565,798,101.84,89.07,2026-08-07T09:07:29.731Z
2023,하반기,전문대학,사립,전문대학,서울,기존,0000300,동양미래대학교,1,5136,0,5430,4383,1047,105.72,85.34,2026-08-07T09:07:29.731Z
2023,하반기,사이버대학(대학),사립,대학,서울,기존,0000420,디지털서울문화예술대학교,1,3680,0,2897,2360,537,78.72,64.13,2026-08-07T09:07:29.731Z
2023,하반기,전문대학,사립,전문대학,서울,기존,0000307,명지전문대학,1,5635,0,5958,4767,1191,105.73,84.6,2026-08-07T09:07:29.731Z
2023,하반기,전문대학,사립,전문대학,서울,기존,0000310,배화여자대학교,1,2502,0,2440,2060,380,97.52,82.33,2026-08-07T09:07:29.731Z
2023,하반기,사이버대학(대학),사립,대학,서울,기존,0000422,사이버한국외국어대학교,1,4640,0,5771,4176,1595,124.38,90,2026-08-07T09:07:29.731Z
2023,하반기,대학교,사립,대학,서울,기존,0000084,삼육대학교,1,4618,0,5118,4476,642,110.83,96.93,2026-08-07T09:07:29.731Z
2023,하반기,전문대학,사립,전문대학,서울,기존,0000317,삼육보건대학교,1,1048,0,1192,905,287,113.74,86.35,2026-08-07T09:07:29.731Z
2023,하반기,대학교,사립,대학,서울,기존,0000085,상명대학교,2,10845,0,10936,9524,1412,100.84,87.82,2026-08-07T09:07:29.731Z
2023,하반기,대학교,사립,대학,서울,기존,0000087,서강대학교,1,6324,0,7277,5732,1545,115.07,90.64,2026-08-07T09:07:29.731Z
2023,하반기,대학교,사립,대학,서울,기존,0000088,서경대학교,1,5116,0,6205,4682,1523,121.29,91.52,2026-08-07T09:07:29.731Z
2023,하반기,대학교,국립,대학,서울,기존,0000027,서울과학기술대학교,1,8552,0,9395,8035,1360,109.86,93.95,2026-08-07T09:07:29.731Z
2023,하반기,교육대학,국립,대학,서울,기존,0000199,서울교육대학교,1,1420,0,1336,1182,154,94.08,83.24,2026-08-07T09:07:29.731Z
2023,하반기,대학교,사립,대학,서울,기존,0000069,서울기독대학교,1,544,0,368,356,12,67.65,65.44,2026-08-07T09:07:29.731Z
2023,하반기,대학교,국립대법인,대학,서울,기존,0000012,서울대학교,1,13222,0,15821,14161,1660,119.66,107.1,2026-08-07T09:07:29.731Z
2023,하반기,사이버대학(대학),사립,대학,서울,기존,0000412,서울디지털대학교,1,10250,1200,10283,6388,3895,113.62,70.59,2026-08-07T09:07:29.731Z
2023,하반기,사이버대학(대학),사립,대학,서울,기존,0000413,서울사이버대학교,1,10460,0,14526,8654,5872,138.87,82.73,2026-08-07T09:07:29.731Z
2023,하반기,대학교,공립,대학,서울,기존,0000030,서울시립대학교,1,6936,0,8184,7389,795,117.99,106.53,2026-08-07T09:07:29.731Z
2023,하반기,전문대학,사립,전문대학,서울,기존,0000321,서울여자간호대학교,1,672,0,855,588,267,127.23,87.5,2026-08-07T09:07:29.731Z
2023,하반기,대학교,사립,대학,서울,기존,0000091,서울여자대학교,1,6539,0,6364,5678,686,97.32,86.83,2026-08-07T09:07:29.731Z
2023,하반기,전문대학,사립,전문대학,서울,기존,0000324,서일대학교,1,5630,0,5483,4558,925,97.39,80.96,2026-08-07T09:07:29.731Z
2023,하반기,대학교,사립,대학,서울,기존,0000096,성공회대학교,1,2008,0,1794,1692,102,89.34,84.26,2026-08-07T09:07:29.731Z
2023,하반기,대학교,사립,대학,서울,기존,0000097,성균관대학교,1,13527,0,17813,12901,4912,131.68,95.37,2026-08-07T09:07:29.731Z
2023,하반기,대학교,사립,대학,서울,기존,0000098,성신여자대학교,1,8759,0,8653,7815,838,98.79,89.22,2026-08-07T09:07:29.731Z
2023,하반기,대학교,사립,대학,서울,기존,0000100,세종대학교,1,9537,0,11599,9086,2513,121.62,95.27,2026-08-07T09:07:29.731Z
2023,하반기,사이버대학(대학),사립,대학,서울,기존,0000415,세종사이버대학교,1,6750,0,9728,5709,4019,144.12,84.58,2026-08-07T09:07:29.731Z
2023,하반기,대학교,사립,대학,서울,기존,0000103,숙명여자대학교,1,8710,0,9625,8165,1460,110.51,93.74,2026-08-07T09:07:29.731Z
2023,하반기,대학교,사립,대학,서울,기존,0000105,숭실대학교,1,10805,1,13516,10330,3186,125.1,95.61,2026-08-07T09:07:29.731Z
2023,하반기,사이버대학(대학),사립,대학,서울,기존,0000419,숭실사이버대학교,1,4900,0,6850,4436,2414,139.8,90.53,2026-08-07T09:07:29.731Z
2023,하반기,전문대학,사립,전문대학,서울,기존,0000333,숭의여자대학교,1,3055,0,2830,2536,294,92.64,83.01,2026-08-07T09:07:29.731Z
2023,하반기,대학교,사립,대학,서울,기존,0000121,이화여자대학교,1,12767,0,14324,12087,2237,112.2,94.67,2026-08-07T09:07:29.731Z
2023,하반기,전문대학,사립,전문대학,서울,기존,0000356,인덕대학교,1,5560,0,5437,4663,774,97.79,83.87,2026-08-07T09:07:29.731Z
2023,하반기,대학교,사립,대학,서울,기존,0000125,장로회신학대학교,1,600,0,607,580,27,101.17,96.67,2026-08-07T09:07:29.731Z
2023,하반기,기술대학,사립,대학,서울,기존,0000228,정석대학,1,200,0,25,25,0,12.5,12.5,2026-08-07T09:07:29.731Z
2023,하반기,대학교,사립,대학,서울,기존,0000129,중앙대학교,2,18078,0,21865,16665,5200,120.95,92.18,2026-08-07T09:07:29.731Z
2023,하반기,대학교,사립,대학,서울,기존,0000133,총신대학교,1,1255,0,1283,1172,111,102.23,93.39,2026-08-07T09:07:29.731Z
2023,하반기,대학교,사립,대학,서울,기존,0000134,추계예술대학교,1,1019,0,1035,966,69,101.57,94.8,2026-08-07T09:07:29.731Z
2023,하반기,방송통신대학,국립,대학,서울,기존,0000215,한국방송통신대학교,1,220200,0,81772,74354,7418,37.14,33.77,2026-08-07T09:07:29.731Z
2023,하반기,대학교,사립,대학,서울,기존,0000142,한국성서대학교,1,892,0,902,829,73,101.12,92.94,2026-08-07T09:07:29.731Z
2023,하반기,사이버대학(대학),사립,대학,서울,기존,0000416,한국열린사이버대학교,1,3000,0,5226,2427,2799,174.2,80.9,2026-08-07T09:07:29.731Z
2023,하반기,각종학교(대학),특별법국립,대학,서울,기존,0000471,한국예술종합학교,1,2252,0,2606,2485,121,115.72,110.35,2026-08-07T09:07:29.731Z
2023,하반기,대학교,사립,대학,서울,기존,0000143,한국외국어대학교,1,13508,0,15127,12422,2705,111.99,91.96,2026-08-07T09:07:29.731Z
2023,하반기,대학교,국립,대학,서울,기존,0000023,한국체육대학교,1,2150,0,2299,2161,138,106.93,100.51,2026-08-07T09:07:29.731Z
2023,하반기,기능대학,사립,전문대학,서울,기존,0000478,한국폴리텍 I 대학,1,510,55,426,341,85,93.63,74.95,2026-08-07T09:07:29.731Z
2023,하반기,기능대학,사립,전문대학,서울,기존,0000477,한국폴리텍 I 대학,1,1025,0,1036,796,240,101.07,77.66,2026-08-07T09:07:29.731Z
2023,하반기,대학교,사립,대학,서울,기존,0000150,한성대학교,1,5832,0,6447,5475,972,110.55,93.88,2026-08-07T09:07:29.731Z
2023,하반기,사이버대학(대학),사립,대학,서울,기존,0000421,한양사이버대학교,1,10610,0,14881,9751,5130,140.25,91.9,2026-08-07T09:07:29.731Z
2023,하반기,전문대학,사립,전문대학,서울,기존,0000384,한양여자대학교,1,6287,0,6448,5609,839,102.56,89.22,2026-08-07T09:07:29.731Z
2023,하반기,대학교,사립,대학,서울,기존,0000539,한영신학대학교,1,720,0,553,502,51,76.81,69.72,2026-08-07T09:07:29.731Z
2023,하반기,대학교,사립,대학,서울,기존,0000160,홍익대학교,2,14856,0,17117,14250,2867,115.22,95.92,2026-08-07T09:07:29.731Z
2023,하반기,대학교,사립,대학,세종,기존,0000049,고려대학교,2,21423,0,24486,19800,4686,114.3,92.42,2026-08-07T09:07:29.731Z
2023,하반기,대학교,사립,대학,세종,기존,0000066,대전가톨릭대학교,1,160,0,35,34,1,21.88,21.25,2026-08-07T09:07:29.731Z
2023,하반기,전문대학,사립,전문대학,세종,기존,0000353,한국영상대학교,1,3143,0,2715,2381,334,86.38,75.76,2026-08-07T09:07:29.731Z
2023,하반기,대학교,특별법법인,대학,울산,기존,0000527,울산과학기술원,1,1560,0,1640,1438,202,105.13,92.18,2026-08-07T09:07:29.731Z
2023,하반기,전문대학,사립,전문대학,울산,기존,0000352,울산과학대학교,1,4584,0,4975,3985,990,108.53,86.93,2026-08-07T09:07:29.731Z
2023,하반기,대학교,사립,대학,울산,기존,0000117,울산대학교,1,11109,0,10580,9794,786,95.24,88.16,2026-08-07T09:07:29.731Z
2023,하반기,전문대학,사립,전문대학,울산,기존,0000375,춘해보건대학교,1,2160,0,2452,1787,665,113.52,82.73,2026-08-07T09:07:29.731Z
2023,하반기,기능대학,사립,전문대학,울산,기존,0000498,한국폴리텍 VII 대학,1,650,0,613,525,88,94.31,80.77,2026-08-07T09:07:29.731Z
2023,하반기,교육대학,국립,대학,인천,기존,0000200,경인교육대학교,2,2392,0,2376,2165,211,99.33,90.51,2026-08-07T09:07:29.731Z
2023,하반기,전문대학,사립,전문대학,인천,기존,0000261,경인여자대학교,1,3770,0,3628,2834,794,96.23,75.17,2026-08-07T09:07:29.731Z
2023,하반기,대학교,사립,대학,인천,기존,0000123,인천가톨릭대학교,2,663,0,642,591,51,96.83,89.14,2026-08-07T09:07:29.731Z
2023,하반기,대학교,국립대법인,대학,인천,기존,0000031,인천대학교,1,9968,0,10835,9819,1016,108.7,98.51,2026-08-07T09:07:29.731Z
2023,하반기,전문대학,사립,전문대학,인천,기존,0000587,인천재능대학교,1,2986,0,2659,2304,355,89.05,77.16,2026-08-07T09:07:29.731Z
2023,하반기,전문대학,사립,전문대학,인천,기존,0000357,인하공업전문대학,1,5586,0,6360,5014,1346,113.86,89.76,2026-08-07T09:07:29.731Z
2023,하반기,대학교,사립,대학,인천,기존,0000124,인하대학교,1,14182,0,16296,13310,2986,114.91,93.85,2026-08-07T09:07:29.731Z
2023,하반기,기능대학,사립,전문대학,인천,기존,0000481,한국폴리텍 II 대학,1,50,0,94,43,51,188,86,2026-08-07T09:07:29.731Z
2023,하반기,기능대학,사립,전문대학,인천,기존,0000480,한국폴리텍 II 대학,1,1630,0,1459,1115,344,89.51,68.4,2026-08-07T09:07:29.731Z
2023,하반기,전문대학,사립,전문대학,전남,기존,0000585,고구려대학교,1,1714,0,1110,1110,0,64.76,64.76,2026-08-07T09:07:29.731Z
2023,하반기,전문대학,사립,전문대학,전남,기존,0000266,광양보건대학교,1,1117,66,111,97,14,10.56,9.23,2026-08-07T09:07:29.731Z
2023,하반기,대학교,사립,대학,전남,기존,0000054,광주가톨릭대학교,1,160,0,58,58,0,36.25,36.25,2026-08-07T09:07:29.731Z
2023,하반기,대학교,사립,대학,전남,기존,0000074,동신대학교,1,6178,0,5130,4631,499,83.04,74.96,2026-08-07T09:07:29.731Z
2023,하반기,전문대학,사립,전문대학,전남,기존,0000532,동아보건대학교,1,1268,0,997,885,112,78.63,69.79,2026-08-07T09:07:29.731Z
2023,하반기,대학교,사립,대학,전남,기존,0000166,목포가톨릭대학교,1,480,0,497,468,29,103.54,97.5,2026-08-07T09:07:29.731Z
2023,하반기,전문대학,사립,전문대학,전남,기존,0000308,목포과학대학교,1,2263,0,2282,1892,390,100.84,83.61,2026-08-07T09:07:29.731Z
2023,하반기,대학교,국립,대학,전남,기존,0000576,목포대학교,1,6316,0,5529,5007,522,87.54,79.27,2026-08-07T09:07:29.731Z
2023,하반기,대학교,국립,대학,전남,기존,0000577,목포해양대학교,1,2732,0,2384,2284,100,87.26,83.6,2026-08-07T09:07:29.731Z
2023,하반기,대학교,사립,대학,전남,기존,0000064,세한대학교,1,3365,0,3334,2703,631,99.08,80.33,2026-08-07T09:07:29.731Z
2023,하반기,대학교,국립,대학,전남,기존,0000579,순천대학교,1,6599,0,6020,5484,536,91.23,83.1,2026-08-07T09:07:29.731Z
2023,하반기,전문대학,사립,전문대학,전남,기존,0000331,순천제일대학교,1,2364,0,2247,1899,348,95.05,80.33,2026-08-07T09:07:29.731Z
2023,하반기,대학교,사립,대학,전남,기존,0000114,영산선학대학교,1,200,0,33,31,2,16.5,15.5,2026-08-07T09:07:29.731Z
2023,하반기,전문대학,사립,전문대학,전남,기존,0000360,전남과학대학교,1,2804,0,3121,2166,955,111.31,77.25,2026-08-07T09:07:29.731Z
2023,하반기,전문대학,공립,전문대학,전남,기존,0000389,전남도립대학교,1,1200,0,916,867,49,76.33,72.25,2026-08-07T09:07:29.731Z
2023,하반기,전문대학,사립,전문대학,전남,기존,0000332,청암대학교,1,2521,0,2053,1773,280,81.44,70.33,2026-08-07T09:07:29.731Z
2023,하반기,대학교,사립,대학,전남,기존,0000190,초당대학교,1,2973,0,2552,2333,219,85.84,78.47,2026-08-07T09:07:29.731Z
2023,하반기,대학교,특별법법인,대학,전남,기존,0000561,한국에너지공과대학교,1,200,0,180,169,11,90,84.5,2026-08-07T09:07:29.731Z
2023,하반기,기능대학,사립,전문대학,전남,기존,0000543,한국폴리텍 V 대학,1,0,0,4,0,4,0,0,2026-08-07T09:07:29.731Z
2023,하반기,기능대학,사립,전문대학,전남,기존,0000554,한국폴리텍 V 대학,1,200,0,135,113,22,67.5,56.5,2026-08-07T09:07:29.731Z
2023,하반기,전문대학,사립,전문대학,전남,기존,0000546,한영대학,1,1196,0,1379,1022,357,115.3,85.45,2026-08-07T09:07:29.731Z
2023,하반기,전문대학,사립,전문대학,전북,기존,0000250,군산간호대학교,1,884,0,1127,813,314,127.49,91.97,2026-08-07T09:07:29.731Z
2023,하반기,대학교,국립,대학,전북,기존,0000574,군산대학교,1,6888,0,5799,5274,525,84.19,76.57,2026-08-07T09:07:29.731Z
2023,하반기,전문대학,사립,전문대학,전북,기존,0000270,군장대학교,1,1511,0,1482,1158,324,98.08,76.64,2026-08-07T09:07:29.731Z
2023,하반기,전문대학,사립,전문대학,전북,기존,0000311,백제예술대학교,1,1160,0,753,716,37,64.91,61.72,2026-08-07T09:07:29.731Z
2023,하반기,대학교,사립,대학,전북,기존,0000173,예수대학교,1,478,0,487,450,37,101.88,94.14,2026-08-07T09:07:29.731Z
2023,하반기,대학교,사립,대학,전북,기존,0000164,예원예술대학교,2,1087,0,1250,758,492,115,69.73,2026-08-07T09:07:29.731Z
2023,하반기,대학교,사립,대학,전북,기존,0000116,우석대학교,1,6812,0,6202,5079,1123,91.05,74.56,2026-08-07T09:07:29.731Z
2023,하반기,대학교,사립,대학,전북,기존,0000118,원광대학교,1,13955,0,12282,11563,719,88.01,82.86,2026-08-07T09:07:29.731Z
2023,하반기,사이버대학(대학),사립,대학,전북,기존,0000417,원광디지털대학교,1,4750,0,5272,3890,1382,110.99,81.89,2026-08-07T09:07:29.731Z
2023,하반기,전문대학,사립,전문대학,전북,기존,0000354,원광보건대학교,1,3806,147,3655,2865,790,99.89,78.3,2026-08-07T09:07:29.731Z
2023,하반기,전문대학,사립,전문대학,전북,기존,0000362,전북과학대학교,1,1475,0,1516,1268,248,102.78,85.97,2026-08-07T09:07:29.731Z
2023,하반기,대학교,국립,대학,전북,기존,0000017,전북대학교,1,15794,0,16688,14851,1837,105.66,94.03,2026-08-07T09:07:29.731Z
2023,하반기,교육대학,국립,대학,전북,기존,0000201,전주교육대학교,1,1140,0,1061,997,64,93.07,87.46,2026-08-07T09:07:29.731Z
2023,하반기,전문대학,사립,전문대학,전북,기존,0000274,전주기전대학,1,2030,0,1351,1191,160,66.55,58.67,2026-08-07T09:07:29.731Z
2023,하반기,대학교,사립,대학,전북,기존,0000126,전주대학교,1,10193,0,9729,8717,1012,95.45,85.52,2026-08-07T09:07:29.731Z
2023,하반기,전문대학,사립,전문대학,전북,기존,0000361,전주비전대학교,1,2579,0,2897,2045,852,112.33,79.29,2026-08-07T09:07:29.731Z
2023,하반기,전문대학,특별법국립,전문대학,전북,기존,0000473,한국농수산대학,1,1710,0,1673,1552,121,97.84,90.76,2026-08-07T09:07:29.731Z
2023,하반기,기능대학,사립,전문대학,전북,기존,0000493,한국폴리텍 V 대학,1,100,0,107,80,27,107,80,2026-08-07T09:07:29.731Z
2023,하반기,기능대학,사립,전문대학,전북,기존,0000553,한국폴리텍 V 대학,1,490,0,388,328,60,79.18,66.94,2026-08-07T09:07:29.731Z
2023,하반기,대학교,사립,대학,전북,기존,0000155,한일장신대학교,1,876,0,730,696,34,83.33,79.45,2026-08-07T09:07:29.731Z
2023,하반기,산업대학,사립,대학,전북,기존,0000223,호원대학교,1,4456,0,4648,3158,1490,104.31,70.87,2026-08-07T09:07:29.731Z
2023,하반기,전문대학,사립,전문대학,제주,기존,0000363,제주관광대학교,1,2211,69,1287,1178,109,60.08,55,2026-08-07T09:07:29.731Z
2023,하반기,대학교,사립,대학,제주,기존,0000192,제주국제대학교,1,1480,0,374,313,61,25.27,21.15,2026-08-07T09:07:29.731Z
2023,하반기,대학교,국립,대학,제주,기존,0000018,제주대학교,1,8710,0,8749,7930,819,100.45,91.04,2026-08-07T09:07:29.731Z
2023,하반기,전문대학,사립,전문대학,제주,기존,0000382,제주한라대학교,1,4543,0,4245,3229,1016,93.44,71.08,2026-08-07T09:07:29.731Z
2023,하반기,기능대학,사립,전문대학,제주,기존,0000535,한국폴리텍 I 대학,1,50,0,45,39,6,90,78,2026-08-07T09:07:29.731Z
2023,하반기,대학교,사립,대학,충남,기존,0000038,건양대학교,2,6620,0,6273,5825,448,94.76,87.99,2026-08-07T09:07:29.731Z
2023,하반기,교육대학,국립,대학,충남,기존,0000195,공주교육대학교,1,1416,0,1320,1227,93,93.22,86.65,2026-08-07T09:07:29.731Z
2023,하반기,대학교,국립,대학,충남,기존,0000573,공주대학교,1,11115,0,11447,9838,1609,102.99,88.51,2026-08-07T09:07:29.731Z
2023,하반기,사이버대학(대학),사립,대학,충남,기존,0000424,글로벌사이버대학교,1,3611,0,2090,2072,18,57.88,57.38,2026-08-07T09:07:29.731Z
2023,하반기,대학교,사립,대학,충남,기존,0000169,금강대학교,1,440,0,154,154,0,35,35,2026-08-07T09:07:29.731Z
2023,하반기,대학교,사립,대학,충남,기존,0000059,나사렛대학교,1,4844,60,4450,3933,517,93.02,82.21,2026-08-07T09:07:29.731Z
2023,하반기,대학교,사립,대학,충남,기존,0000189,남서울대학교,1,8770,0,8508,7476,1032,97.01,85.25,2026-08-07T09:07:29.731Z
2023,하반기,대학교,사립,대학,충남,기존,0000131,백석대학교,1,11760,0,10940,9904,1036,93.03,84.22,2026-08-07T09:07:29.731Z
2023,하반기,전문대학,사립,전문대학,충남,기존,0000373,백석문화대학교,1,4659,0,4089,3306,783,87.77,70.96,2026-08-07T09:07:29.731Z
2023,하반기,대학교,사립,대학,충남,기존,0000094,선문대학교,1,8242,0,8289,7146,1143,100.57,86.7,2026-08-07T09:07:29.731Z
2023,하반기,대학교,사립,대학,충남,기존,0000104,순천향대학교,1,9634,0,10672,9154,1518,110.77,95.02,2026-08-07T09:07:29.731Z
2023,하반기,전문대학,사립,전문대학,충남,기존,0000335,신성대학교,1,2953,30,2563,2096,467,87.68,71.71,2026-08-07T09:07:29.731Z
2023,하반기,전문대학,사립,전문대학,충남,기존,000568,아주자동차대학,1,795,0,889,768,121,111.82,96.6,2026-08-07T09:07:29.731Z
2023,하반기,전문대학,사립,전문대학,충남,기존,0000529,연암대학교,1,966,0,1093,899,194,113.15,93.06,2026-08-07T09:07:29.731Z
2023,하반기,대학교,사립,대학,충남,기존,0000128,중부대학교,1,7595,0,6851,6055,796,90.2,79.72,2026-08-07T09:07:29.731Z
2023,하반기,산업대학,사립,대학,충남,기존,0000225,청운대학교,1,4780,0,5273,3868,1405,110.31,80.92,2026-08-07T09:07:29.731Z
2023,하반기,전문대학,공립,전문대학,충남,기존,0000519,충남도립대학교,1,1092,0,930,868,62,85.16,79.49,2026-08-07T09:07:29.731Z
2023,하반기,대학교,사립,대학,충남,기존,0000141,한국기술교육대학교,1,3344,0,3755,3241,514,112.29,96.92,2026-08-07T09:07:29.731Z
2023,하반기,대학교,특별법국립,대학,충남,기존,0000472,한국전통문화대학교,1,560,0,513,493,20,91.61,88.04,2026-08-07T09:07:29.731Z
2023,하반기,기능대학,사립,전문대학,충남,기존,0000500,한국폴리텍 특성화대학,1,360,0,342,298,44,95,82.78,2026-08-07T09:07:29.731Z
2023,하반기,기능대학,사립,전문대학,충남,기존,0000487,한국폴리텍 IV 대학,1,425,0,383,297,86,90.12,69.88,2026-08-07T09:07:29.731Z
2023,하반기,기능대학,사립,전문대학,충남,기존,0000588,한국폴리텍 IV 대학,1,210,0,151,136,15,71.9,64.76,2026-08-07T09:07:29.731Z
2023,하반기,대학교,사립,대학,충남,기존,0000149,한서대학교,1,6286,0,6092,5521,571,96.91,87.83,2026-08-07T09:07:29.731Z
2023,하반기,전문대학,사립,전문대학,충남,기존,0000386,혜전대학교,1,2603,0,2600,1972,628,99.88,75.76,2026-08-07T09:07:29.731Z
2023,하반기,대학교,사립,대학,충남,기존,0000159,호서대학교,1,11562,0,11556,10483,1073,99.95,90.67,2026-08-07T09:07:29.731Z
2023,하반기,전문대학,사립,전문대학,충북,기존,0000271,강동대학교,1,3210,0,2805,2356,449,87.38,73.4,2026-08-07T09:07:29.731Z
2023,하반기,대학교,사립,대학,충북,기존,0000037,건국대학교,2,18374,0,20787,17605,3182,113.13,95.81,2026-08-07T09:07:29.731Z
2023,하반기,대학교,사립,대학,충북,기존,0000058,극동대학교,1,3535,0,2758,2368,390,78.02,66.99,2026-08-07T09:07:29.731Z
2023,하반기,대학교,사립,대학,충북,기존,0000557,꽃동네대학교,1,432,0,398,380,18,92.13,87.96,2026-08-07T09:07:29.731Z
2023,하반기,전문대학,사립,전문대학,충북,기존,0000286,대원대학교,1,2106,0,1740,1529,211,82.62,72.6,2026-08-07T09:07:29.731Z
2023,하반기,대학교,사립,대학,충북,기존,0000093,서원대학교,1,6488,0,6106,5535,571,94.11,85.31,2026-08-07T09:07:29.731Z
2023,하반기,대학교,사립,대학,충북,기존,0000099,세명대학교,1,7303,0,6064,5607,457,83.03,76.78,2026-08-07T09:07:29.731Z
2023,하반기,각종학교(대학),사립,대학,충북,기존,0000404,순복음총회신학교,1,268,0,106,106,0,39.55,39.55,2026-08-07T09:07:29.731Z
2023,하반기,대학교,사립,대학,충북,기존,0000113,유원대학교,1,3500,0,3058,2860,198,87.37,81.71,2026-08-07T09:07:29.731Z
2023,하반기,대학교,사립,대학,충북,기존,0000183,중원대학교,1,3518,44,3033,2829,204,87.31,81.43,2026-08-07T09:07:29.731Z
2023,하반기,교육대학,국립,대학,충북,기존,0000204,청주교육대학교,1,1144,0,1129,1040,89,98.69,90.91,2026-08-07T09:07:29.731Z
2023,하반기,대학교,사립,대학,충북,기존,0000132,청주대학교,1,10602,0,10699,9494,1205,100.91,89.55,2026-08-07T09:07:29.731Z
2023,하반기,대학교,국립,대학,충북,기존,0000021,충북대학교,1,11426,0,12240,10831,1409,107.12,94.79,2026-08-07T09:07:29.731Z
2023,하반기,전문대학,공립,전문대학,충북,기존,0000544,충북도립대학,1,870,0,693,693,0,79.66,79.66,2026-08-07T09:07:29.731Z
2023,하반기,전문대학,사립,전문대학,충북,기존,0000367,충북보건과학대학교,1,2451,0,2048,1715,333,83.56,69.97,2026-08-07T09:07:29.731Z
2023,하반기,전문대학,사립,전문대학,충북,기존,0000377,충청대학교,1,3372,0,2907,2397,510,86.21,71.09,2026-08-07T09:07:29.731Z
2023,하반기,대학교,국립,대학,충북,기존,0000022,한국교원대학교,1,2184,0,2186,2039,147,100.09,93.36,2026-08-07T09:07:29.731Z
2023,하반기,대학교,국립,대학,충북,기존,0000582,한국교통대학교,1,7671,0,7559,6824,735,98.54,88.96,2026-08-07T09:07:29.731Z
2023,하반기,기능대학,사립,전문대학,충북,기존,0000485,한국폴리텍 IV 대학,1,620,0,689,549,140,111.13,88.55,2026-08-07T09:07:29.731Z
2024,상반기,대학교,사립,대학,강원,기존,0000513,가톨릭관동대학교,1,7317,0,5184,4754,430,70.85,64.97,2026-08-07T09:07:29.731Z
2024,상반기,전문대학,사립,전문대학,강원,기존,0000347,강릉영동대학교,1,2168,1,2617,1806,811,120.77,83.34,2026-08-07T09:07:29.731Z
2024,상반기,대학교,국립,대학,강원,기존,0000572,강릉원주대학교,2,7121,93,6838,6334,504,97.3,90.13,2026-08-07T09:07:29.731Z
2024,상반기,대학교,국립,대학,강원,기존,0000002,강원대학교,2,18182,0,18556,17008,1548,102.06,93.54,2026-08-07T09:07:29.731Z
2024,상반기,전문대학,공립,전문대학,강원,기존,0000531,강원도립대학교,1,656,0,611,611,0,93.14,93.14,2026-08-07T09:07:29.731Z
2024,상반기,대학교,사립,대학,강원,기존,0000041,경동대학교,3,6398,0,7036,5722,1314,109.97,89.43,2026-08-07T09:07:29.731Z
2024,상반기,대학교,사립,대학,강원,기존,0000086,상지대학교,1,7802,0,5949,5525,424,76.25,70.82,2026-08-07T09:07:29.731Z
2024,상반기,전문대학,사립,전문대학,강원,폐교,0000319,상지영서대학교,1,0,0,1,1,0,0,0,2026-08-07T09:07:29.731Z
2024,상반기,전문대학,사립,전문대학,강원,기존,0000348,세경대학교,1,930,0,786,676,110,84.52,72.69,2026-08-07T09:07:29.731Z
2024,상반기,전문대학,사립,전문대학,강원,기존,0000393,송곡대학교,1,569,0,822,461,361,144.46,81.02,2026-08-07T09:07:29.731Z
2024,상반기,전문대학,사립,전문대학,강원,기존,0000390,송호대학교,1,915,0,905,724,181,98.91,79.13,2026-08-07T09:07:29.731Z
2024,상반기,대학교,사립,대학,강원,기존,0000110,연세대학교,2,19800,0,26525,20310,6215,133.96,102.58,2026-08-07T09:07:29.731Z
2024,상반기,교육대학,국립,대학,강원,기존,0000205,춘천교육대학교,1,1284,0,1241,1176,65,96.65,91.59,2026-08-07T09:07:29.731Z
2024,상반기,전문대학,사립,전문대학,강원,기존,0000542,한국골프대학,1,480,0,457,421,36,95.21,87.71,2026-08-07T09:07:29.731Z
2024,상반기,기능대학,사립,전문대학,강원,기존,0000483,한국폴리텍 III 대학,1,120,0,102,87,15,85,72.5,2026-08-07T09:07:29.731Z
2024,상반기,기능대학,사립,전문대학,강원,기존,0000517,한국폴리텍 III 대학,1,100,0,114,78,36,114,78,2026-08-07T09:07:29.731Z
2024,상반기,기능대학,사립,전문대학,강원,기존,0000482,한국폴리텍 III 대학,1,275,0,210,179,31,76.36,65.09,2026-08-07T09:07:29.731Z
2024,상반기,대학교,사립,대학,강원,기존,0000147,한라대학교,1,3570,0,3264,2868,396,91.43,80.34,2026-08-07T09:07:29.731Z
2024,상반기,대학교,사립,대학,강원,기존,0000148,한림대학교,1,7290,0,7203,6621,582,98.81,90.82,2026-08-07T09:07:29.731Z
2024,상반기,전문대학,사립,전문대학,강원,기존,0000383,한림성심대학교,1,2273,0,2452,1863,589,107.88,81.96,2026-08-07T09:07:29.731Z
2024,상반기,대학교,사립,대학,경기,기존,0000044,가천대학교,1,16552,0,21601,16339,5262,130.5,98.71,2026-08-07T09:07:29.731Z
2024,상반기,대학교,사립,대학,경기,기존,0000034,가톨릭대학교,3,7382,0,8255,6728,1527,111.83,91.14,2026-08-07T09:07:29.731Z
2024,상반기,대학교,사립,대학,경기,기존,0000036,강남대학교,1,5964,0,6248,5838,410,104.76,97.89,2026-08-07T09:07:29.731Z
2024,상반기,전문대학,사립,전문대학,경기,기존,0000387,경기과학기술대학교,1,3288,0,4042,2736,1306,122.93,83.21,2026-08-07T09:07:29.731Z
2024,상반기,대학교,사립,대학,경기,기존,0000039,경기대학교,2,11789,0,13810,11902,1908,117.14,100.96,2026-08-07T09:07:29.731Z
2024,상반기,전문대학,사립,전문대학,경기,기존,0000255,경민대학교,1,3633,0,4054,3195,859,111.59,87.94,2026-08-07T09:07:29.731Z
2024,상반기,전문대학,사립,전문대학,경기,기존,0000259,경복대학교,1,5403,0,6147,4725,1422,113.77,87.45,2026-08-07T09:07:29.731Z
2024,상반기,전문대학,사립,전문대학,경기,기존,0000264,계원예술대학교,1,2424,0,2744,2354,390,113.2,97.11,2026-08-07T09:07:29.731Z
2024,상반기,전문대학,사립,전문대학,경기,기존,0000379,국제대학교,1,3443,0,2367,2143,224,68.75,62.24,2026-08-07T09:07:29.731Z
2024,상반기,사이버대학(대학),사립,대학,경기,기존,0000409,국제사이버대학교,1,2900,0,3540,2639,901,122.07,91,2026-08-07T09:07:29.731Z
2024,상반기,전문대학,사립,전문대학,경기,기존,0000277,김포대학교,1,2303,0,1741,1341,400,75.6,58.23,2026-08-07T09:07:29.731Z
2024,상반기,전문대학,사립,전문대학,경기,기존,0000278,농협대학교,1,174,0,398,160,238,228.74,91.95,2026-08-07T09:07:29.731Z
2024,상반기,대학교,사립,대학,경기,기존,0000060,단국대학교,2,18761,0,21688,18888,2800,115.6,100.68,2026-08-07T09:07:29.731Z
2024,상반기,전문대학,사립,전문대학,경기,기존,0000285,대림대학교,1,5637,0,6768,5261,1507,120.06,93.33,2026-08-07T09:07:29.731Z
2024,상반기,대학교,사립,대학,경기,기존,0000068,대진대학교,1,6992,0,7304,6364,940,104.46,91.02,2026-08-07T09:07:29.731Z
2024,상반기,전문대학,사립,전문대학,경기,기존,0000294,동남보건대학교,1,4099,0,4630,3694,936,112.95,90.12,2026-08-07T09:07:29.731Z
2024,상반기,전문대학,사립,전문대학,경기,기존,0000287,동서울대학교,1,5541,0,5766,5032,734,104.06,90.81,2026-08-07T09:07:29.731Z
2024,상반기,전문대학,사립,전문대학,경기,기존,0000298,동아방송예술대학교,1,2469,0,2992,2294,698,121.18,92.91,2026-08-07T09:07:29.731Z
2024,상반기,전문대학,사립,전문대학,경기,기존,0000302,동원대학교,1,3000,0,2709,2119,590,90.3,70.63,2026-08-07T09:07:29.731Z
2024,상반기,전문대학,사립,전문대학,경기,기존,0000305,두원공과대학교,1,4393,0,2088,1883,205,47.53,42.86,2026-08-07T09:07:29.731Z
2024,상반기,대학교,사립,대학,경기,기존,0000078,루터대학교,1,340,0,335,328,7,98.53,96.47,2026-08-07T09:07:29.731Z
2024,상반기,대학교,사립,대학,경기,기존,0000079,명지대학교,2,10468,1,13289,10361,2928,126.96,98.99,2026-08-07T09:07:29.731Z
2024,상반기,전문대학,사립,전문대학,경기,기존,0000316,부천대학교,1,5211,0,7018,4933,2085,134.68,94.67,2026-08-07T09:07:29.731Z
2024,상반기,대학교,사립,대학,경기,기존,0000090,서울신학대학교,1,1828,0,1965,1852,113,107.49,101.31,2026-08-07T09:07:29.731Z
2024,상반기,전문대학,사립,전문대학,경기,기존,0000323,서울예술대학교,1,1743,0,3139,1707,1432,180.09,97.93,2026-08-07T09:07:29.731Z
2024,상반기,대학교,사립,대학,경기,기존,0000092,서울장신대학교,1,406,0,263,254,9,64.78,62.56,2026-08-07T09:07:29.731Z
2024,상반기,전문대학,사립,전문대학,경기,기존,0000392,서정대학교,1,3128,0,8487,3099,5388,271.32,99.07,2026-08-07T09:07:29.731Z
2024,상반기,대학교,사립,대학,경기,기존,0000095,성결대학교,1,4912,0,5270,4956,314,107.29,100.9,2026-08-07T09:07:29.731Z
2024,상반기,대학교,사립,대학,경기,기존,0000101,수원가톨릭대학교,1,360,0,108,104,4,30,28.89,2026-08-07T09:07:29.731Z
2024,상반기,전문대학,사립,전문대학,경기,기존,0000330,수원과학대학교,1,5278,0,2985,2697,288,56.56,51.1,2026-08-07T09:07:29.731Z
2024,상반기,대학교,사립,대학,경기,기존,0000102,수원대학교,1,8520,0,8230,7715,515,96.6,90.55,2026-08-07T09:07:29.731Z
2024,상반기,전문대학,사립,전문대학,경기,기존,0000329,수원여자대학교,1,3863,0,3649,3125,524,94.46,80.9,2026-08-07T09:07:29.731Z
2024,상반기,대학교,사립,대학,경기,기존,000567,신경대학교,1,1020,13,450,429,21,44.69,42.6,2026-08-07T09:07:29.731Z
2024,상반기,전문대학,사립,전문대학,경기,기존,0000334,신구대학교,1,6128,0,6104,5312,792,99.61,86.68,2026-08-07T09:07:29.731Z
2024,상반기,전문대학,사립,전문대학,경기,기존,0000339,신안산대학교,1,2230,0,2120,1813,307,95.07,81.3,2026-08-07T09:07:29.731Z
2024,상반기,대학교,사립,대학,경기,기존,000509,신한대학교,2,5668,0,6222,5450,772,109.77,96.15,2026-08-07T09:07:29.731Z
2024,상반기,대학교,사립,대학,경기,기존,0000558,아신대학교,1,515,0,262,251,11,50.87,48.74,2026-08-07T09:07:29.731Z
2024,상반기,대학교,사립,대학,경기,기존,0000108,아주대학교,1,7762,0,9627,7826,1801,124.03,100.82,2026-08-07T09:07:29.731Z
2024,상반기,전문대학,사립,전문대학,경기,기존,0000340,안산대학교,1,3983,0,4558,3606,952,114.44,90.53,2026-08-07T09:07:29.731Z
2024,상반기,대학교,사립,대학,경기,기존,0000109,안양대학교,2,4574,0,4619,4314,305,100.98,94.32,2026-08-07T09:07:29.731Z
2024,상반기,전문대학,사립,전문대학,경기,기존,0000343,여주대학교,1,3767,0,3013,2518,495,79.98,66.84,2026-08-07T09:07:29.731Z
2024,상반기,전문대학,사립,전문대학,경기,기존,0000341,연성대학교,1,5620,0,5682,4965,717,101.1,88.35,2026-08-07T09:07:29.731Z
2024,상반기,전문대학,사립,전문대학,경기,기존,0000350,오산대학교,1,4113,0,4274,3540,734,103.91,86.07,2026-08-07T09:07:29.731Z
2024,상반기,대학교,사립,대학,경기,기존,0000115,용인대학교,1,5048,0,5319,4975,344,105.37,98.55,2026-08-07T09:07:29.731Z
2024,상반기,전문대학,사립,전문대학,경기,기존,0000559,용인예술과학대학교,1,2885,0,2446,2103,343,84.78,72.89,2026-08-07T09:07:29.731Z
2024,상반기,전문대학,사립,전문대학,경기,기존,0000394,웅지세무대학교,1,1437,0,395,392,3,27.49,27.28,2026-08-07T09:07:29.731Z
2024,상반기,전문대학,사립,전문대학,경기,기존,0000355,유한대학교,1,4173,0,4323,3908,415,103.59,93.65,2026-08-07T09:07:29.731Z
2024,상반기,전문대학,사립,전문대학,경기,기존,0000358,장안대학교,1,4325,288,1874,1439,435,46.42,35.65,2026-08-07T09:07:29.731Z
2024,상반기,대학교,사립,대학,경기,기존,0000130,중앙승가대학교,1,480,0,61,61,0,12.71,12.71,2026-08-07T09:07:29.731Z
2024,상반기,대학교,사립,대학,경기,기존,0000139,차의과학대학교,1,2046,0,2198,1990,208,107.43,97.26,2026-08-07T09:07:29.731Z
2024,상반기,전문대학,사립,전문대학,경기,기존,0000374,청강문화산업대학교,1,3340,0,3716,3289,427,111.26,98.47,2026-08-07T09:07:29.731Z
2024,상반기,대학교,사립,대학,경기,기존,0000136,칼빈대학교,1,360,0,1381,274,1107,383.61,76.11,2026-08-07T09:07:29.731Z
2024,상반기,대학교,사립,대학,경기,기존,0000138,평택대학교,1,3220,25,3051,2821,230,95.49,88.29,2026-08-07T09:07:29.731Z
2024,상반기,대학교,국립,대학,경기,기존,0000568,한경대학교,1,4721,0,5304,4780,524,112.35,101.25,2026-08-07T09:07:29.731Z
2024,상반기,전문대학,사립,전문대학,경기,기존,0000391,한국관광대학교,1,1832,0,1087,939,148,59.33,51.26,2026-08-07T09:07:29.731Z
2024,상반기,전문대학,국립,전문대학,경기,폐교,0000248,한국복지대학교,1,251,0,300,220,80,119.52,87.65,2026-08-07T09:07:29.731Z
2024,상반기,대학교,사립,대학,경기,기존,0000562,한국산업기술대학교,1,5520,0,7302,5709,1593,132.28,103.42,2026-08-07T09:07:29.731Z
2024,상반기,산업대학,사립,대학,경기,폐교,0000214,한국산업기술대학교(산업대),1,0,0,0,0,0,0,0,2026-08-07T09:07:29.731Z
2024,상반기,기능대학,사립,전문대학,경기,기존,0000479,한국폴리텍 I 대학,1,690,0,555,482,73,80.43,69.86,2026-08-07T09:07:29.731Z
2024,상반기,기능대학,사립,전문대학,경기,기존,0000555,한국폴리텍 II 대학,1,0,0,35,0,35,0,0,2026-08-07T09:07:29.731Z
2024,상반기,기능대학,사립,전문대학,경기,기존,0000548,한국폴리텍 II 대학,1,623,0,371,295,76,59.55,47.35,2026-08-07T09:07:29.731Z
2024,상반기,대학교,사립,대학,경기,기존,0000144,한국항공대학교,1,3490,0,4101,3544,557,117.51,101.55,2026-08-07T09:07:29.731Z
2024,상반기,대학교,사립,대학,경기,폐교,0000175,한북대학교,1,0,0,0,0,0,0,0,2026-08-07T09:07:29.731Z
2024,상반기,대학교,사립,대학,경기,기존,0000151,한세대학교,1,2264,0,2549,2348,201,112.59,103.71,2026-08-07T09:07:29.731Z
2024,상반기,대학교,사립,대학,경기,기존,0000152,한신대학교,1,4696,0,5259,4750,509,111.99,101.15,2026-08-07T09:07:29.731Z
2024,상반기,대학교,사립,대학,경기,기존,0000153,한양대학교,2,19496,0,26282,18672,7610,134.81,95.77,2026-08-07T09:07:29.731Z
2024,상반기,대학교,사립,대학,경기,기존,0000156,협성대학교,1,4016,0,3828,3597,231,95.32,89.57,2026-08-07T09:07:29.731Z
2024,상반기,기능대학,사립,전문대학,경기,기존,0000516,ICT폴리텍대학,1,320,0,292,282,10,91.25,88.13,2026-08-07T09:07:29.731Z
2024,상반기,전문대학,사립,전문대학,경남,기존,0000251,거제대학교,1,1012,0,1090,919,171,107.71,90.81,2026-08-07T09:07:29.731Z
2024,상반기,대학교,국립,대학,경남,폐교,0000026,경남과학기술대학교,1,1199,0,2105,1980,125,175.56,165.14,2026-08-07T09:07:29.731Z
2024,상반기,대학교,사립,대학,경남,기존,0000040,경남대학교,1,9069,0,8771,7951,820,96.71,87.67,2026-08-07T09:07:29.731Z
2024,상반기,전문대학,공립,전문대학,경남,기존,0000242,경남도립거창대학,1,861,18,897,812,85,106.41,96.32,2026-08-07T09:07:29.731Z
2024,상반기,전문대학,공립,전문대학,경남,기존,0000243,경남도립남해대학,1,785,0,768,714,54,97.83,90.96,2026-08-07T09:07:29.731Z
2024,상반기,대학교,국립,대학,경남,기존,0000556,경상대학교,1,16204,0,15065,13944,1121,92.97,86.05,2026-08-07T09:07:29.731Z
2024,상반기,전문대학,사립,전문대학,경남,기존,0000395,김해대학교,1,1401,0,1368,1104,264,97.64,78.8,2026-08-07T09:07:29.731Z
2024,상반기,전문대학,사립,전문대학,경남,기존,0000342,동원과학기술대학교,1,1884,0,2245,1591,654,119.16,84.45,2026-08-07T09:07:29.731Z
2024,상반기,전문대학,사립,전문대학,경남,기존,0000306,마산대학교,1,5184,0,4979,4069,910,96.05,78.49,2026-08-07T09:07:29.731Z
2024,상반기,대학교,사립,대학,경남,기존,0000167,부산장신대학교,1,128,0,132,128,4,103.13,100,2026-08-07T09:07:29.731Z
2024,상반기,전문대학,사립,전문대학,경남,기존,0000530,연암공과대학교,1,1066,0,1185,1088,97,111.16,102.06,2026-08-07T09:07:29.731Z
2024,상반기,대학교,사립,대학,경남,기존,0000181,영산대학교,2,5568,0,5560,4809,751,99.86,86.37,2026-08-07T09:07:29.731Z
2024,상반기,대학교,사립,대학,경남,기존,0000122,인제대학교,1,7414,0,6702,6033,669,90.4,81.37,2026-08-07T09:07:29.731Z
2024,상반기,교육대학,국립,대학,경남,기존,0000203,진주교육대학교,1,1276,0,1229,1165,64,96.32,91.3,2026-08-07T09:07:29.731Z
2024,상반기,전문대학,사립,전문대학,경남,기존,0000369,진주보건대학교,1,2319,0,2386,1835,551,102.89,79.13,2026-08-07T09:07:29.731Z
2024,상반기,대학교,사립,대학,경남,기존,0000193,창신대학교,1,1470,0,1638,1437,201,111.43,97.76,2026-08-07T09:07:29.731Z
2024,상반기,대학교,국립,대학,경남,기존,0000581,창원대학교,1,7021,0,7479,6803,676,106.52,96.9,2026-08-07T09:07:29.731Z
2024,상반기,전문대학,사립,전문대학,경남,기존,0000528,창원문성대학교,1,1133,0,916,786,130,80.85,69.37,2026-08-07T09:07:29.731Z
2024,상반기,전문대학,사립,전문대학,경남,기존,0000396,한국승강기대학교,1,574,0,545,454,91,94.95,79.09,2026-08-07T09:07:29.731Z
2024,상반기,기능대학,사립,전문대학,경남,기존,0000503,한국폴리텍 특성화대학,1,410,0,273,209,64,66.59,50.98,2026-08-07T09:07:29.731Z
2024,상반기,기능대학,사립,전문대학,경남,기존,0000563,한국폴리텍 VII 대학,1,0,0,3,0,3,0,0,2026-08-07T09:07:29.731Z
2024,상반기,기능대학,사립,전문대학,경남,기존,0000496,한국폴리텍 VII 대학,1,1170,0,1413,1074,339,120.77,91.79,2026-08-07T09:07:29.731Z
2024,상반기,대학교,사립,대학,경북,기존,0000032,가야대학교,2,1878,0,1655,1488,167,88.13,79.23,2026-08-07T09:07:29.731Z
2024,상반기,전문대학,사립,전문대학,경북,기존,0000249,가톨릭상지대학교,1,1609,0,1819,1333,486,113.05,82.85,2026-08-07T09:07:29.731Z
2024,상반기,전문대학,사립,전문대학,경북,기존,0000293,경북과학대학교,1,1675,0,1979,1487,492,118.15,88.78,2026-08-07T09:07:29.731Z
2024,상반기,전문대학,공립,전문대학,경북,폐교,0000244,경북도립대학교,1,909,0,722,672,50,79.43,73.93,2026-08-07T09:07:29.731Z
2024,상반기,전문대학,사립,전문대학,경북,기존,0000523,경북보건대학교,1,1219,18,1315,1063,252,109.49,88.51,2026-08-07T09:07:29.731Z
2024,상반기,전문대학,사립,전문대학,경북,기존,0000258,경북전문대학교,1,2129,0,2568,1654,914,120.62,77.69,2026-08-07T09:07:29.731Z
2024,상반기,대학교,사립,대학,경북,기존,0000188,경운대학교,1,4736,0,4777,4398,379,100.87,92.86,2026-08-07T09:07:29.731Z
2024,상반기,대학교,사립,대학,경북,기존,0000045,경일대학교,1,6280,0,6864,5993,871,109.3,95.43,2026-08-07T09:07:29.731Z
2024,상반기,대학교,사립,대학,경북,기존,0000586,경주대학교,1,3176,295,804,738,66,27.91,25.62,2026-08-07T09:07:29.731Z
2024,상반기,전문대학,사립,전문대학,경북,기존,0000268,구미대학교,1,3602,0,5410,3117,2293,150.19,86.54,2026-08-07T09:07:29.731Z
2024,상반기,대학교,국립,대학,경북,기존,0000575,금오공과대학교,1,4908,0,4977,4531,446,101.41,92.32,2026-08-07T09:07:29.731Z
2024,상반기,대학교,사립,대학,경북,기존,0000185,김천대학교,1,2624,0,2183,1985,198,83.19,75.65,2026-08-07T09:07:29.731Z
2024,상반기,전문대학,사립,전문대학,경북,기존,0000279,대경대학교,1,3477,43,3480,2769,711,101.34,80.63,2026-08-07T09:07:29.731Z
2024,상반기,대학교,사립,대학,경북,기존,0000063,대구가톨릭대학교,1,10871,0,10596,9596,1000,97.47,88.27,2026-08-07T09:07:29.731Z
2024,상반기,대학교,사립,대학,경북,기존,0000061,대구대학교,1,15553,0,15441,13049,2392,99.28,83.9,2026-08-07T09:07:29.731Z
2024,상반기,사이버대학(대학),사립,대학,경북,기존,0000410,대구사이버대학교,1,3800,0,4584,3364,1220,120.63,88.53,2026-08-07T09:07:29.731Z
2024,상반기,대학교,사립,대학,경북,기존,0000062,대구예술대학교,1,1347,17,278,274,4,20.9,20.6,2026-08-07T09:07:29.731Z
2024,상반기,대학교,사립,대학,경북,기존,0000042,대구한의대학교,1,6196,0,6678,5349,1329,107.78,86.33,2026-08-07T09:07:29.731Z
2024,상반기,대학교,사립,대학,경북,기존,0000065,대신대학교,1,464,0,488,427,61,105.17,92.03,2026-08-07T09:07:29.731Z
2024,상반기,대학교,사립,대학,경북,기존,0000071,동국대학교,2,18360,0,19925,16912,3013,108.52,92.11,2026-08-07T09:07:29.731Z
2024,상반기,대학교,사립,대학,경북,기존,0000076,동양대학교,1,3950,0,4068,3658,410,102.99,92.61,2026-08-07T09:07:29.731Z
2024,상반기,전문대학,사립,전문대학,경북,기존,0000309,문경대학교,1,850,0,712,634,78,83.76,74.59,2026-08-07T09:07:29.731Z
2024,상반기,전문대학,사립,전문대학,경북,폐교,0000262,서라벌대학교,1,415,0,419,351,68,100.96,84.58,2026-08-07T09:07:29.731Z
2024,상반기,전문대학,사립,전문대학,경북,기존,0000380,선린대학교,1,1954,0,1893,1570,323,96.88,80.35,2026-08-07T09:07:29.731Z
2024,상반기,전문대학,사립,전문대학,경북,기존,0000547,성덕대학교,1,1186,0,1584,1147,437,133.56,96.71,2026-08-07T09:07:29.731Z
2024,상반기,전문대학,사립,전문대학,경북,기존,0000338,안동과학대학교,1,2006,0,2036,1667,369,101.5,83.1,2026-08-07T09:07:29.731Z
2024,상반기,대학교,국립,대학,경북,기존,0000580,안동대학교,1,5546,0,4721,4468,253,85.12,80.56,2026-08-07T09:07:29.731Z
2024,상반기,대학교,사립,대학,경북,기존,0000111,영남대학교,1,18571,0,20028,17981,2047,107.85,96.82,2026-08-07T09:07:29.731Z
2024,상반기,대학교,사립,대학,경북,기존,0000112,영남신학대학교,1,460,0,326,321,5,70.87,69.78,2026-08-07T09:07:29.731Z
2024,상반기,전문대학,사립,전문대학,경북,기존,0000257,영남외국어대학,1,684,0,522,441,81,76.32,64.47,2026-08-07T09:07:29.731Z
2024,상반기,대학교,사립,대학,경북,기존,0000119,위덕대학교,1,2668,0,2269,2185,84,85.04,81.9,2026-08-07T09:07:29.731Z
2024,상반기,대학교,사립,대학,경북,기존,0000140,포항공과대학교,1,1280,0,1491,1367,124,116.48,106.8,2026-08-07T09:07:29.731Z
2024,상반기,전문대학,사립,전문대학,경북,기존,0000381,포항대학교,1,1726,0,1559,1393,166,90.32,80.71,2026-08-07T09:07:29.731Z
2024,상반기,사이버대학(전문대학),사립,전문대학,경북,기존,0000407,한국복지사이버대학,1,2000,0,2531,1904,627,126.55,95.2,2026-08-07T09:07:29.731Z
2024,상반기,기능대학,사립,전문대학,경북,기존,0000552,한국폴리텍 특성화대학,1,200,0,166,149,17,83,74.5,2026-08-07T09:07:29.731Z
2024,상반기,기능대학,사립,전문대학,경북,기존,0000495,한국폴리텍 VI 대학,1,470,0,525,454,71,111.7,96.6,2026-08-07T09:07:29.731Z
2024,상반기,기능대학,사립,전문대학,경북,기존,0000504,한국폴리텍 VI 대학,1,50,0,50,46,4,100,92,2026-08-07T09:07:29.731Z
2024,상반기,대학교,사립,대학,경북,기존,0000146,한동대학교,1,2916,0,3904,3394,510,133.88,116.39,2026-08-07T09:07:29.731Z
2024,상반기,전문대학,사립,전문대학,경북,기존,0000522,호산대학교,1,1828,16,2400,1617,783,132.45,89.24,2026-08-07T09:07:29.731Z
2024,상반기,대학교,사립,대학,광주,기존,0000052,광신대학교,1,471,0,440,432,8,93.42,91.72,2026-08-07T09:07:29.731Z
2024,상반기,대학교,특별법법인,대학,광주,기존,0000469,광주과학기술원,1,800,0,897,832,65,112.13,104,2026-08-07T09:07:29.731Z
2024,상반기,교육대학,국립,대학,광주,기존,0000196,광주교육대학교,1,1304,0,1270,1195,75,97.39,91.64,2026-08-07T09:07:29.731Z
2024,상반기,대학교,사립,대학,광주,기존,0000176,광주대학교,1,5785,0,5210,4771,439,90.06,82.47,2026-08-07T09:07:29.731Z
2024,상반기,전문대학,사립,전문대학,광주,기존,0000267,광주보건대학교,1,3244,0,3475,2734,741,107.12,84.28,2026-08-07T09:07:29.731Z
2024,상반기,대학교,사립,대학,광주,기존,0000055,광주여자대학교,1,3634,0,3261,2987,274,89.74,82.2,2026-08-07T09:07:29.731Z
2024,상반기,전문대학,사립,전문대학,광주,기존,0000273,기독간호대학교,1,455,0,591,416,175,129.89,91.43,2026-08-07T09:07:29.731Z
2024,상반기,대학교,사립,대학,광주,기존,0000162,남부대학교,1,2546,0,2594,2253,341,101.89,88.49,2026-08-07T09:07:29.731Z
2024,상반기,전문대학,사립,전문대학,광주,기존,0000297,동강대학교,1,2398,0,2415,1900,515,100.71,79.23,2026-08-07T09:07:29.731Z
2024,상반기,전문대학,사립,전문대학,광주,기존,0000320,서영대학교,1,4259,0,4808,3703,1105,112.89,86.95,2026-08-07T09:07:29.731Z
2024,상반기,대학교,사립,대학,광주,기존,0000187,송원대학교,1,2740,0,2841,2470,371,103.69,90.15,2026-08-07T09:07:29.731Z
2024,상반기,대학교,국립,대학,광주,기존,0000016,전남대학교,2,17487,0,18549,16797,1752,106.07,96.05,2026-08-07T09:07:29.731Z
2024,상반기,전문대학,사립,전문대학,광주,기존,0000366,조선간호대학교,1,556,0,740,532,208,133.09,95.68,2026-08-07T09:07:29.731Z
2024,상반기,대학교,사립,대학,광주,기존,0000127,조선대학교,1,17928,0,17422,15967,1455,97.18,89.06,2026-08-07T09:07:29.731Z
2024,상반기,전문대학,사립,전문대학,광주,기존,0000365,조선이공대학교,1,2920,0,2717,2475,242,93.05,84.76,2026-08-07T09:07:29.731Z
2024,상반기,기능대학,사립,전문대학,광주,기존,0000489,한국폴리텍 V 대학,1,690,0,816,657,159,118.26,95.22,2026-08-07T09:07:29.731Z
2024,상반기,대학교,사립,대학,광주,기존,0000157,호남대학교,1,6128,0,6775,5472,1303,110.56,89.3,2026-08-07T09:07:29.731Z
2024,상반기,대학교,사립,대학,광주,기존,0000158,호남신학대학교,1,494,0,416,412,4,84.21,83.4,2026-08-07T09:07:29.731Z
2024,상반기,대학교,국립,대학,대구,기존,0000003,경북대학교,1,19497,0,21546,19526,2020,110.51,100.15,2026-08-07T09:07:29.731Z
2024,상반기,대학교,사립,대학,대구,기존,0000048,계명대학교,1,18676,0,20176,17829,2347,108.03,95.46,2026-08-07T09:07:29.731Z
2024,상반기,전문대학,사립,전문대학,대구,기존,0000263,계명문화대학교,1,4706,0,4514,3982,532,95.92,84.62,2026-08-07T09:07:29.731Z
2024,상반기,대학교,특별법법인,대학,대구,기존,0000470,대구경북과학기술원,1,860,0,889,856,33,103.37,99.53,2026-08-07T09:07:29.731Z
2024,상반기,전문대학,사립,전문대학,대구,기존,0000280,대구공업대학교,1,1090,0,1185,991,194,108.72,90.92,2026-08-07T09:07:29.731Z
2024,상반기,전문대학,사립,전문대학,대구,기존,0000283,대구과학대학교,1,3879,0,4242,3493,749,109.36,90.05,2026-08-07T09:07:29.731Z
2024,상반기,교육대학,국립,대학,대구,기존,0000197,대구교육대학교,1,1532,0,1528,1404,124,99.74,91.64,2026-08-07T09:07:29.731Z
2024,상반기,전문대학,사립,전문대학,대구,기존,0000281,대구보건대학교,1,6056,0,6500,5208,1292,107.33,86,2026-08-07T09:07:29.731Z
2024,상반기,전문대학,사립,전문대학,대구,기존,0000282,수성대학교,1,2916,0,3409,2685,724,116.91,92.08,2026-08-07T09:07:29.731Z
2024,상반기,전문대학,사립,전문대학,대구,기존,0000346,영남이공대학교,1,4977,0,5659,4546,1113,113.7,91.34,2026-08-07T09:07:29.731Z
2024,상반기,사이버대학(전문대학),사립,전문대학,대구,기존,0000406,영진사이버대학,1,2600,0,3422,2315,1107,131.62,89.04,2026-08-07T09:07:29.731Z
2024,상반기,전문대학,사립,전문대학,대구,기존,0000349,영진전문대학교,1,5671,0,6977,5199,1778,123.03,91.68,2026-08-07T09:07:29.731Z
2024,상반기,기능대학,사립,전문대학,대구,기존,0000549,한국폴리텍 특성화대학,1,265,0,184,159,25,69.43,60,2026-08-07T09:07:29.731Z
2024,상반기,기능대학,사립,전문대학,대구,기존,0000494,한국폴리텍 VI 대학,1,550,30,472,402,70,90.77,77.31,2026-08-07T09:07:29.731Z
2024,상반기,사이버대학(대학),사립,대학,대전,기존,0000425,건양사이버대학교,1,3336,0,3812,2999,813,114.27,89.9,2026-08-07T09:07:29.731Z
2024,상반기,전문대학,사립,전문대학,대전,기존,0000376,대덕대학교,1,2495,0,1664,1399,265,66.69,56.07,2026-08-07T09:07:29.731Z
2024,상반기,전문대학,사립,전문대학,대전,기존,0000512,대전과학기술대학교,1,3559,0,3812,2854,958,107.11,80.19,2026-08-07T09:07:29.731Z
2024,상반기,대학교,사립,대학,대전,기존,0000067,대전대학교,1,7819,0,7952,7280,672,101.7,93.11,2026-08-07T09:07:29.731Z
2024,상반기,전문대학,사립,전문대학,대전,기존,0000288,대전보건대학교,1,4610,0,4228,3574,654,91.71,77.53,2026-08-07T09:07:29.731Z
2024,상반기,대학교,사립,대학,대전,기존,0000182,대전신학대학교,1,128,0,50,50,0,39.06,39.06,2026-08-07T09:07:29.731Z
2024,상반기,대학교,사립,대학,대전,기존,0000080,목원대학교,1,7301,0,7226,6673,553,98.97,91.4,2026-08-07T09:07:29.731Z
2024,상반기,대학교,사립,대학,대전,기존,0000081,배재대학교,1,7759,0,7450,6929,521,96.02,89.3,2026-08-07T09:07:29.731Z
2024,상반기,대학교,사립,대학,대전,기존,0000184,우송대학교,1,8016,0,9688,7589,2099,120.86,94.67,2026-08-07T09:07:29.731Z
2024,상반기,산업대학,사립,대학,대전,폐교,0000222,우송대학교(산업대),1,0,0,0,0,0,0,0,2026-08-07T09:07:29.731Z
2024,상반기,전문대학,사립,전문대학,대전,기존,0000289,우송정보대학,1,3261,0,3023,2813,210,92.7,86.26,2026-08-07T09:07:29.731Z
2024,상반기,대학교,사립,대학,대전,기존,0000120,을지대학교,3,4286,0,4569,4167,402,106.6,97.22,2026-08-07T09:07:29.731Z
2024,상반기,대학교,국립,대학,대전,기존,0000020,충남대학교,1,14800,0,17432,15842,1590,117.78,107.04,2026-08-07T09:07:29.731Z
2024,상반기,대학교,사립,대학,대전,기존,0000551,침례신학대학교,1,974,0,736,711,25,75.56,73,2026-08-07T09:07:29.731Z
2024,상반기,대학교,특별법법인,대학,대전,기존,0000468,한국과학기술원,1,3880,0,3980,3518,462,102.58,90.67,2026-08-07T09:07:29.731Z
2024,상반기,기능대학,사립,전문대학,대전,기존,0000484,한국폴리텍 IV 대학,1,680,0,667,538,129,98.09,79.12,2026-08-07T09:07:29.731Z
2024,상반기,대학교,사립,대학,대전,기존,0000145,한남대학교,1,10933,0,11506,10466,1040,105.24,95.73,2026-08-07T09:07:29.731Z
2024,상반기,대학교,국립,대학,대전,기존,0000584,한밭대학교,1,7558,0,8229,7300,929,108.88,96.59,2026-08-07T09:07:29.731Z
2024,상반기,전문대학,사립,전문대학,부산,기존,0000253,경남정보대학교,1,4698,0,5101,3794,1307,108.58,80.76,2026-08-07T09:07:29.731Z
2024,상반기,대학교,사립,대학,부산,기존,0000043,경성대학교,1,11120,0,12210,10176,2034,109.8,91.51,2026-08-07T09:07:29.731Z
2024,상반기,대학교,사립,대학,부산,기존,0000050,고신대학교,1,3569,0,2915,2818,97,81.68,78.96,2026-08-07T09:07:29.731Z
2024,상반기,전문대학,사립,전문대학,부산,기존,0000284,대동대학교,1,1298,0,1476,1146,330,113.71,88.29,2026-08-07T09:07:29.731Z
2024,상반기,대학교,사립,대학,부산,기존,0000180,동명대학교,1,6587,0,6816,5826,990,103.48,88.45,2026-08-07T09:07:29.731Z
2024,상반기,대학교,사립,대학,부산,기존,0000073,동서대학교,1,8637,0,8735,7750,985,101.13,89.73,2026-08-07T09:07:29.731Z
2024,상반기,대학교,사립,대학,부산,기존,0000075,동아대학교,1,16385,0,17616,15911,1705,107.51,97.11,2026-08-07T09:07:29.731Z
2024,상반기,전문대학,사립,전문대학,부산,기존,0000303,동의과학대학교,1,3376,0,3627,2639,988,107.43,78.17,2026-08-07T09:07:29.731Z
2024,상반기,대학교,사립,대학,부산,기존,0000077,동의대학교,1,14401,0,14087,12753,1334,97.82,88.56,2026-08-07T09:07:29.731Z
2024,상반기,전문대학,사립,전문대학,부산,기존,0000569,동주대학교,1,2438,88,2373,1925,448,100.98,81.91,2026-08-07T09:07:29.731Z
2024,상반기,대학교,국립,대학,부산,기존,0000578,부경대학교,1,13149,0,15400,13489,1911,117.12,102.59,2026-08-07T09:07:29.731Z
2024,상반기,대학교,사립,대학,부산,기존,0000082,부산가톨릭대학교,1,3055,0,3508,2874,634,114.83,94.08,2026-08-07T09:07:29.731Z
2024,상반기,전문대학,사립,전문대학,부산,기존,0000313,부산경상대학교,1,2135,0,1766,1560,206,82.72,73.07,2026-08-07T09:07:29.731Z
2024,상반기,전문대학,사립,전문대학,부산,기존,0000315,부산과학기술대학교,1,2837,0,3480,2458,1022,122.66,86.64,2026-08-07T09:07:29.731Z
2024,상반기,교육대학,국립,대학,부산,기존,0000198,부산교육대학교,1,1424,0,1404,1288,116,98.6,90.45,2026-08-07T09:07:29.731Z
2024,상반기,대학교,국립,대학,부산,기존,0000011,부산대학교,1,17434,0,19158,17324,1834,109.89,99.37,2026-08-07T09:07:29.731Z
2024,상반기,사이버대학(대학),사립,대학,부산,기존,0000411,부산디지털대학교,1,2800,0,2314,2163,151,82.64,77.25,2026-08-07T09:07:29.731Z
2024,상반기,전문대학,사립,전문대학,부산,기존,0000314,부산여자대학교,1,1711,0,1757,1449,308,102.69,84.69,2026-08-07T09:07:29.731Z
2024,상반기,전문대학,사립,전문대학,부산,기존,0000388,부산예술대학교,1,840,0,652,619,33,77.62,73.69,2026-08-07T09:07:29.731Z
2024,상반기,대학교,사립,대학,부산,기존,0000083,부산외국어대학교,1,6413,0,6549,5787,762,102.12,90.24,2026-08-07T09:07:29.731Z
2024,상반기,전문대학,사립,전문대학,부산,폐교,0000326,성심외국어대학,1,0,0,0,0,0,0,0,2026-08-07T09:07:29.731Z
2024,상반기,대학교,사립,대학,부산,기존,0000106,신라대학교,1,7408,0,6797,6083,714,91.75,82.11,2026-08-07T09:07:29.731Z
2024,상반기,기능대학,사립,전문대학,부산,기존,0000564,한국폴리텍 VII 대학,1,0,0,14,0,14,0,0,2026-08-07T09:07:29.731Z
2024,상반기,기능대학,사립,전문대학,부산,기존,0000497,한국폴리텍 VII 대학,1,665,0,663,536,127,99.7,80.6,2026-08-07T09:07:29.731Z
2024,상반기,대학교,국립,대학,부산,기존,0000583,한국해양대학교,1,5488,0,6226,5667,559,113.45,103.26,2026-08-07T09:07:29.731Z
2024,상반기,사이버대학(대학),사립,대학,부산,기존,0000423,화신사이버대학교,1,1566,0,1872,1436,436,119.54,91.7,2026-08-07T09:07:29.731Z
2024,상반기,대학교,사립,대학,서울,기존,0000035,감리교신학대학교,1,708,0,582,563,19,82.2,79.52,2026-08-07T09:07:29.731Z
2024,상반기,대학교,사립,대학,서울,기존,0000565,강서대학교,1,1108,0,1707,1074,633,154.06,96.93,2026-08-07T09:07:29.731Z
2024,상반기,대학교,사립,대학,서울,기존,0000047,경희대학교,1,19903,0,25048,19435,5613,125.85,97.65,2026-08-07T09:07:29.731Z
2024,상반기,사이버대학(대학),사립,대학,서울,기존,0000408,경희사이버대학교,1,9200,0,10914,7460,3454,118.63,81.09,2026-08-07T09:07:29.731Z
2024,상반기,사이버대학(대학),사립,대학,서울,기존,0000418,고려사이버대학교,1,7378,0,10006,7343,2663,135.62,99.53,2026-08-07T09:07:29.731Z
2024,상반기,대학교,사립,대학,서울,기존,0000053,광운대학교,1,6899,0,8392,6661,1731,121.64,96.55,2026-08-07T09:07:29.731Z
2024,상반기,대학교,사립,대학,서울,기존,0000056,국민대학교,1,11819,0,14486,11661,2825,122.57,98.66,2026-08-07T09:07:29.731Z
2024,상반기,대학교,사립,대학,서울,기존,0000070,덕성여자대학교,1,4535,0,5357,4746,611,118.13,104.65,2026-08-07T09:07:29.731Z
2024,상반기,대학교,사립,대학,서울,기존,0000072,동덕여자대학교,1,6278,0,6996,6110,886,111.44,97.32,2026-08-07T09:07:29.731Z
2024,상반기,전문대학,사립,전문대학,서울,기존,0000300,동양미래대학교,1,5216,0,5736,4666,1070,109.97,89.46,2026-08-07T09:07:29.731Z
2024,상반기,사이버대학(대학),사립,대학,서울,기존,0000420,디지털서울문화예술대학교,1,3630,0,2919,2419,500,80.41,66.64,2026-08-07T09:07:29.731Z
2024,상반기,전문대학,사립,전문대학,서울,기존,0000307,명지전문대학,1,5635,0,6616,5270,1346,117.41,93.52,2026-08-07T09:07:29.731Z
2024,상반기,전문대학,사립,전문대학,서울,기존,0000310,배화여자대학교,1,2445,0,2686,2214,472,109.86,90.55,2026-08-07T09:07:29.731Z
2024,상반기,사이버대학(대학),사립,대학,서울,기존,0000422,사이버한국외국어대학교,1,4790,0,6257,4602,1655,130.63,96.08,2026-08-07T09:07:29.731Z
2024,상반기,대학교,사립,대학,서울,기존,0000084,삼육대학교,1,4623,0,5214,4626,588,112.78,100.06,2026-08-07T09:07:29.731Z
2024,상반기,전문대학,사립,전문대학,서울,기존,0000317,삼육보건대학교,1,1060,0,1358,1024,334,128.11,96.6,2026-08-07T09:07:29.731Z
2024,상반기,대학교,사립,대학,서울,기존,0000085,상명대학교,2,10845,0,11607,10252,1355,107.03,94.53,2026-08-07T09:07:29.731Z
2024,상반기,대학교,사립,대학,서울,기존,0000087,서강대학교,1,6352,0,8193,6517,1676,128.98,102.6,2026-08-07T09:07:29.731Z
2024,상반기,대학교,사립,대학,서울,기존,0000088,서경대학교,1,5156,0,6708,5010,1698,130.1,97.17,2026-08-07T09:07:29.731Z
2024,상반기,대학교,국립,대학,서울,기존,0000027,서울과학기술대학교,1,8662,0,10126,8694,1432,116.9,100.37,2026-08-07T09:07:29.731Z
2024,상반기,교육대학,국립,대학,서울,기존,0000199,서울교육대학교,1,1420,0,1339,1204,135,94.3,84.79,2026-08-07T09:07:29.731Z
2024,상반기,대학교,사립,대학,서울,기존,0000069,서울기독대학교,1,544,0,642,400,242,118.01,73.53,2026-08-07T09:07:29.731Z
2024,상반기,대학교,국립대법인,대학,서울,기존,0000012,서울대학교,1,13543,0,16359,14639,1720,120.79,108.09,2026-08-07T09:07:29.731Z
2024,상반기,사이버대학(대학),사립,대학,서울,기존,0000412,서울디지털대학교,1,9750,0,10986,6848,4138,112.68,70.24,2026-08-07T09:07:29.731Z
2024,상반기,사이버대학(대학),사립,대학,서울,기존,0000413,서울사이버대학교,1,10660,0,16335,10083,6252,153.24,94.59,2026-08-07T09:07:29.731Z
2024,상반기,대학교,공립,대학,서울,기존,0000030,서울시립대학교,1,6986,0,8796,7912,884,125.91,113.26,2026-08-07T09:07:29.731Z
2024,상반기,전문대학,사립,전문대학,서울,기존,0000321,서울여자간호대학교,1,672,0,879,599,280,130.8,89.14,2026-08-07T09:07:29.731Z
2024,상반기,대학교,사립,대학,서울,기존,0000091,서울여자대학교,1,6583,0,7207,6416,791,109.48,97.46,2026-08-07T09:07:29.731Z
2024,상반기,전문대학,사립,전문대학,서울,기존,0000324,서일대학교,1,5660,0,5992,5061,931,105.87,89.42,2026-08-07T09:07:29.731Z
2024,상반기,대학교,사립,대학,서울,기존,0000096,성공회대학교,1,2008,0,2041,1907,134,101.64,94.97,2026-08-07T09:07:29.731Z
2024,상반기,대학교,사립,대학,서울,기존,0000097,성균관대학교,1,13671,0,19127,13951,5176,139.91,102.05,2026-08-07T09:07:29.731Z
2024,상반기,대학교,사립,대학,서울,기존,0000098,성신여자대학교,1,8759,0,9254,8286,968,105.65,94.6,2026-08-07T09:07:29.731Z
2024,상반기,대학교,사립,대학,서울,기존,0000100,세종대학교,1,9709,0,12641,9862,2779,130.2,101.58,2026-08-07T09:07:29.731Z
2024,상반기,사이버대학(대학),사립,대학,서울,기존,0000415,세종사이버대학교,1,6890,0,10774,6126,4648,156.37,88.91,2026-08-07T09:07:29.731Z
2024,상반기,대학교,사립,대학,서울,기존,0000103,숙명여자대학교,1,8690,0,10219,8646,1573,117.59,99.49,2026-08-07T09:07:29.731Z
2024,상반기,대학교,사립,대학,서울,기존,0000105,숭실대학교,1,10805,2,14517,10957,3560,134.38,101.43,2026-08-07T09:07:29.731Z
2024,상반기,사이버대학(대학),사립,대학,서울,기존,0000419,숭실사이버대학교,1,4900,0,7445,4551,2894,151.94,92.88,2026-08-07T09:07:29.731Z
2024,상반기,전문대학,사립,전문대학,서울,기존,0000333,숭의여자대학교,1,3050,0,3010,2704,306,98.69,88.66,2026-08-07T09:07:29.731Z
2024,상반기,대학교,사립,대학,서울,기존,0000121,이화여자대학교,1,12817,0,15933,13497,2436,124.31,105.31,2026-08-07T09:07:29.731Z
2024,상반기,전문대학,사립,전문대학,서울,기존,0000356,인덕대학교,1,5528,0,5701,4946,755,103.13,89.47,2026-08-07T09:07:29.731Z
2024,상반기,대학교,사립,대학,서울,기존,0000125,장로회신학대학교,1,600,0,599,568,31,99.83,94.67,2026-08-07T09:07:29.731Z
2024,상반기,기술대학,사립,대학,서울,기존,0000228,정석대학,1,200,0,24,24,0,12,12,2026-08-07T09:07:29.731Z
2024,상반기,대학교,사립,대학,서울,기존,0000129,중앙대학교,2,18024,0,23409,17961,5448,129.88,99.65,2026-08-07T09:07:29.731Z
2024,상반기,대학교,사립,대학,서울,기존,0000133,총신대학교,1,1228,0,1389,1249,140,113.11,101.71,2026-08-07T09:07:29.731Z
2024,상반기,대학교,사립,대학,서울,기존,0000134,추계예술대학교,1,1000,0,1098,1017,81,109.8,101.7,2026-08-07T09:07:29.731Z
2024,상반기,사이버대학(대학),사립,대학,서울,신설,0000570,태재대학교,1,200,0,26,22,4,13,11,2026-08-07T09:07:29.731Z
2024,상반기,방송통신대학,국립,대학,서울,기존,0000215,한국방송통신대학교,1,218580,0,91868,81604,10264,42.03,37.33,2026-08-07T09:07:29.731Z
2024,상반기,대학교,사립,대학,서울,기존,0000142,한국성서대학교,1,892,0,974,892,82,109.19,100,2026-08-07T09:07:29.731Z
2024,상반기,사이버대학(대학),사립,대학,서울,기존,0000416,한국열린사이버대학교,1,3000,0,5955,2812,3143,198.5,93.73,2026-08-07T09:07:29.731Z
2024,상반기,각종학교(대학),특별법국립,대학,서울,기존,0000471,한국예술종합학교,1,2252,0,2749,2613,136,122.07,116.03,2026-08-07T09:07:29.731Z
2024,상반기,대학교,사립,대학,서울,기존,0000143,한국외국어대학교,1,13606,0,16805,13962,2843,123.51,102.62,2026-08-07T09:07:29.731Z
2024,상반기,대학교,국립,대학,서울,기존,0000023,한국체육대학교,1,2140,0,2372,2226,146,110.84,104.02,2026-08-07T09:07:29.731Z
2024,상반기,기능대학,사립,전문대학,서울,기존,0000478,한국폴리텍 I 대학,1,510,0,451,369,82,88.43,72.35,2026-08-07T09:07:29.731Z
2024,상반기,기능대학,사립,전문대학,서울,기존,0000477,한국폴리텍 I 대학,1,1040,0,1080,799,281,103.85,76.83,2026-08-07T09:07:29.731Z
2024,상반기,대학교,사립,대학,서울,기존,0000150,한성대학교,1,5872,0,7024,5951,1073,119.62,101.35,2026-08-07T09:07:29.731Z
2024,상반기,사이버대학(대학),사립,대학,서울,기존,0000421,한양사이버대학교,1,10680,0,16802,10883,5919,157.32,101.9,2026-08-07T09:07:29.731Z
2024,상반기,전문대학,사립,전문대학,서울,기존,0000384,한양여자대학교,1,6226,0,6675,5755,920,107.21,92.43,2026-08-07T09:07:29.731Z
2024,상반기,대학교,사립,대학,서울,기존,0000539,한영신학대학교,1,720,0,594,544,50,82.5,75.56,2026-08-07T09:07:29.731Z
2024,상반기,대학교,사립,대학,서울,기존,0000160,홍익대학교,2,14935,0,17673,14684,2989,118.33,98.32,2026-08-07T09:07:29.731Z
2024,상반기,대학교,사립,대학,세종,기존,0000049,고려대학교,2,21647,0,27044,21673,5371,124.93,100.12,2026-08-07T09:07:29.731Z
2024,상반기,대학교,사립,대학,세종,기존,0000066,대전가톨릭대학교,1,160,0,33,33,0,20.63,20.63,2026-08-07T09:07:29.731Z
2024,상반기,전문대학,사립,전문대학,세종,기존,0000353,한국영상대학교,1,3185,0,2956,2620,336,92.81,82.26,2026-08-07T09:07:29.731Z
2024,상반기,대학교,특별법법인,대학,울산,기존,0000527,울산과학기술원,1,1600,0,1818,1552,266,113.63,97,2026-08-07T09:07:29.731Z
2024,상반기,전문대학,사립,전문대학,울산,기존,0000352,울산과학대학교,1,4606,0,5126,4140,986,111.29,89.88,2026-08-07T09:07:29.731Z
2024,상반기,대학교,사립,대학,울산,기존,0000117,울산대학교,1,10881,0,10493,9755,738,96.43,89.65,2026-08-07T09:07:29.731Z
2024,상반기,전문대학,사립,전문대학,울산,기존,0000375,춘해보건대학교,1,2167,0,2552,1837,715,117.77,84.77,2026-08-07T09:07:29.731Z
2024,상반기,기능대학,사립,전문대학,울산,기존,0000498,한국폴리텍 VII 대학,1,610,0,646,546,100,105.9,89.51,2026-08-07T09:07:29.731Z
2024,상반기,교육대학,국립,대학,인천,기존,0000200,경인교육대학교,2,2392,0,2417,2208,209,101.05,92.31,2026-08-07T09:07:29.731Z
2024,상반기,전문대학,사립,전문대학,인천,기존,0000261,경인여자대학교,1,3408,0,3544,2791,753,103.99,81.9,2026-08-07T09:07:29.731Z
2024,상반기,대학교,사립,대학,인천,기존,0000123,인천가톨릭대학교,2,662,0,668,619,49,100.91,93.5,2026-08-07T09:07:29.731Z
2024,상반기,대학교,국립대법인,대학,인천,기존,0000031,인천대학교,1,9992,0,11414,10332,1082,114.23,103.4,2026-08-07T09:07:29.731Z
2024,상반기,전문대학,사립,전문대학,인천,기존,0000587,인천재능대학교,1,2953,0,2913,2537,376,98.65,85.91,2026-08-07T09:07:29.731Z
2024,상반기,전문대학,사립,전문대학,인천,기존,0000357,인하공업전문대학,1,5742,0,7141,5498,1643,124.36,95.75,2026-08-07T09:07:29.731Z
2024,상반기,대학교,사립,대학,인천,기존,0000124,인하대학교,1,14215,0,17308,14247,3061,121.76,100.23,2026-08-07T09:07:29.731Z
2024,상반기,기능대학,사립,전문대학,인천,기존,0000481,한국폴리텍 II 대학,1,50,0,84,39,45,168,78,2026-08-07T09:07:29.731Z
2024,상반기,기능대학,사립,전문대학,인천,기존,0000480,한국폴리텍 II 대학,1,1485,0,1351,1043,308,90.98,70.24,2026-08-07T09:07:29.731Z
2024,상반기,전문대학,사립,전문대학,전남,기존,0000585,고구려대학교,1,1670,0,1293,1269,24,77.43,75.99,2026-08-07T09:07:29.731Z
2024,상반기,전문대학,사립,전문대학,전남,기존,0000266,광양보건대학교,1,1028,28,118,103,15,11.8,10.3,2026-08-07T09:07:29.731Z
2024,상반기,대학교,사립,대학,전남,기존,0000054,광주가톨릭대학교,1,160,0,58,58,0,36.25,36.25,2026-08-07T09:07:29.731Z
2024,상반기,대학교,사립,대학,전남,기존,0000074,동신대학교,1,6070,0,5499,4977,522,90.59,81.99,2026-08-07T09:07:29.731Z
2024,상반기,전문대학,사립,전문대학,전남,기존,0000532,동아보건대학교,1,1092,0,937,850,87,85.81,77.84,2026-08-07T09:07:29.731Z
2024,상반기,대학교,사립,대학,전남,기존,0000166,목포가톨릭대학교,1,480,0,482,456,26,100.42,95,2026-08-07T09:07:29.731Z
2024,상반기,전문대학,사립,전문대학,전남,기존,0000308,목포과학대학교,1,2230,0,2420,2034,386,108.52,91.21,2026-08-07T09:07:29.731Z
2024,상반기,대학교,국립,대학,전남,기존,0000576,목포대학교,1,6194,0,5747,5246,501,92.78,84.69,2026-08-07T09:07:29.731Z
2024,상반기,대학교,국립,대학,전남,기존,0000577,목포해양대학교,1,2736,0,2540,2416,124,92.84,88.3,2026-08-07T09:07:29.731Z
2024,상반기,대학교,사립,대학,전남,기존,0000064,세한대학교,1,3268,0,3375,2666,709,103.27,81.58,2026-08-07T09:07:29.731Z
2024,상반기,대학교,국립,대학,전남,기존,0000579,순천대학교,1,6554,0,6386,5834,552,97.44,89.01,2026-08-07T09:07:29.731Z
2024,상반기,전문대학,사립,전문대학,전남,기존,0000331,순천제일대학교,1,2308,0,2606,2055,551,112.91,89.04,2026-08-07T09:07:29.731Z
2024,상반기,대학교,사립,대학,전남,기존,0000114,영산선학대학교,1,200,0,18,17,1,9,8.5,2026-08-07T09:07:29.731Z
2024,상반기,전문대학,사립,전문대학,전남,기존,0000360,전남과학대학교,1,2710,0,3097,2176,921,114.28,80.3,2026-08-07T09:07:29.731Z
2024,상반기,전문대학,공립,전문대학,전남,기존,0000389,전남도립대학교,1,975,0,896,841,55,91.9,86.26,2026-08-07T09:07:29.731Z
2024,상반기,전문대학,사립,전문대학,전남,기존,0000332,청암대학교,1,2307,0,2070,1782,288,89.73,77.24,2026-08-07T09:07:29.731Z
2024,상반기,대학교,사립,대학,전남,기존,0000190,초당대학교,1,2938,0,2537,2346,191,86.35,79.85,2026-08-07T09:07:29.731Z
2024,상반기,대학교,특별법법인,대학,전남,기존,0000561,한국에너지공과대학교,1,300,0,252,232,20,84,77.33,2026-08-07T09:07:29.731Z
2024,상반기,기능대학,사립,전문대학,전남,기존,0000543,한국폴리텍 V 대학,1,0,0,3,0,3,0,0,2026-08-07T09:07:29.731Z
2024,상반기,기능대학,사립,전문대학,전남,기존,0000554,한국폴리텍 V 대학,1,175,0,142,116,26,81.14,66.29,2026-08-07T09:07:29.731Z
2024,상반기,전문대학,사립,전문대학,전남,기존,0000546,한영대학,1,1189,0,1389,1080,309,116.82,90.83,2026-08-07T09:07:29.731Z
2024,상반기,전문대학,사립,전문대학,전북,기존,0000250,군산간호대학교,1,884,0,1122,797,325,126.92,90.16,2026-08-07T09:07:29.731Z
2024,상반기,대학교,국립,대학,전북,기존,0000574,군산대학교,1,6876,0,6270,5748,522,91.19,83.6,2026-08-07T09:07:29.731Z
2024,상반기,전문대학,사립,전문대학,전북,기존,0000270,군장대학교,1,1500,0,1602,1250,352,106.8,83.33,2026-08-07T09:07:29.731Z
2024,상반기,전문대학,사립,전문대학,전북,기존,0000311,백제예술대학교,1,980,0,727,698,29,74.18,71.22,2026-08-07T09:07:29.731Z
2024,상반기,대학교,사립,대학,전북,기존,0000173,예수대학교,1,469,0,464,435,29,98.93,92.75,2026-08-07T09:07:29.731Z
2024,상반기,대학교,사립,대학,전북,기존,0000164,예원예술대학교,2,1012,0,1341,783,558,132.51,77.37,2026-08-07T09:07:29.731Z
2024,상반기,대학교,사립,대학,전북,기존,0000116,우석대학교,1,6564,0,6567,5352,1215,100.05,81.54,2026-08-07T09:07:29.731Z
2024,상반기,대학교,사립,대학,전북,기존,0000118,원광대학교,1,13297,0,12520,11794,726,94.16,88.7,2026-08-07T09:07:29.731Z
2024,상반기,사이버대학(대학),사립,대학,전북,기존,0000417,원광디지털대학교,1,4685,0,5892,4195,1697,125.76,89.54,2026-08-07T09:07:29.731Z
2024,상반기,전문대학,사립,전문대학,전북,기존,0000354,원광보건대학교,1,3666,80,3818,3003,815,106.47,83.74,2026-08-07T09:07:29.731Z
2024,상반기,전문대학,사립,전문대학,전북,기존,0000362,전북과학대학교,1,1509,0,1596,1337,259,105.77,88.6,2026-08-07T09:07:29.731Z
2024,상반기,대학교,국립,대학,전북,기존,0000017,전북대학교,1,15952,0,17254,15327,1927,108.16,96.08,2026-08-07T09:07:29.731Z
2024,상반기,교육대학,국립,대학,전북,기존,0000201,전주교육대학교,1,1140,0,1058,995,63,92.81,87.28,2026-08-07T09:07:29.731Z
2024,상반기,전문대학,사립,전문대학,전북,기존,0000274,전주기전대학,1,1981,0,1686,1454,232,85.11,73.4,2026-08-07T09:07:29.731Z
2024,상반기,대학교,사립,대학,전북,기존,0000126,전주대학교,1,10193,0,10257,9297,960,100.63,91.21,2026-08-07T09:07:29.731Z
2024,상반기,전문대학,사립,전문대학,전북,기존,0000361,전주비전대학교,1,2577,0,2942,2141,801,114.16,83.08,2026-08-07T09:07:29.731Z
2024,상반기,전문대학,특별법국립,전문대학,전북,기존,0000473,한국농수산대학,1,1710,0,1608,1492,116,94.04,87.25,2026-08-07T09:07:29.731Z
2024,상반기,기능대학,사립,전문대학,전북,기존,0000493,한국폴리텍 V 대학,1,100,0,98,65,33,98,65,2026-08-07T09:07:29.731Z
2024,상반기,기능대학,사립,전문대학,전북,기존,0000553,한국폴리텍 V 대학,1,435,0,356,286,70,81.84,65.75,2026-08-07T09:07:29.731Z
2024,상반기,대학교,사립,대학,전북,기존,0000155,한일장신대학교,1,876,0,717,690,27,81.85,78.77,2026-08-07T09:07:29.731Z
2024,상반기,산업대학,사립,대학,전북,기존,0000223,호원대학교,1,4398,0,5100,3579,1521,115.96,81.38,2026-08-07T09:07:29.731Z
2024,상반기,전문대학,사립,전문대학,제주,기존,0000363,제주관광대학교,1,2058,25,1532,1381,151,75.36,67.93,2026-08-07T09:07:29.731Z
2024,상반기,대학교,사립,대학,제주,기존,0000192,제주국제대학교,1,1480,0,323,205,118,21.82,13.85,2026-08-07T09:07:29.731Z
2024,상반기,대학교,국립,대학,제주,기존,0000018,제주대학교,1,8836,0,9455,8581,874,107.01,97.11,2026-08-07T09:07:29.731Z
2024,상반기,전문대학,사립,전문대학,제주,기존,0000382,제주한라대학교,1,4405,0,4236,3284,952,96.16,74.55,2026-08-07T09:07:29.731Z
2024,상반기,기능대학,사립,전문대학,제주,기존,0000535,한국폴리텍 I 대학,1,50,0,55,49,6,110,98,2026-08-07T09:07:29.731Z
2024,상반기,대학교,사립,대학,충남,기존,0000038,건양대학교,2,6598,0,6278,5845,433,95.15,88.59,2026-08-07T09:07:29.731Z
2024,상반기,교육대학,국립,대학,충남,기존,0000195,공주교육대학교,1,1416,0,1373,1280,93,96.96,90.4,2026-08-07T09:07:29.731Z
2024,상반기,대학교,국립,대학,충남,기존,0000573,공주대학교,1,11232,0,12212,10473,1739,108.73,93.24,2026-08-07T09:07:29.731Z
2024,상반기,사이버대학(대학),사립,대학,충남,기존,0000424,글로벌사이버대학교,1,3626,0,2516,2489,27,69.39,68.64,2026-08-07T09:07:29.731Z
2024,상반기,대학교,사립,대학,충남,기존,0000169,금강대학교,1,440,0,99,99,0,22.5,22.5,2026-08-07T09:07:29.731Z
2024,상반기,대학교,사립,대학,충남,기존,0000059,나사렛대학교,1,4824,60,4645,4148,497,97.5,87.07,2026-08-07T09:07:29.731Z
2024,상반기,대학교,사립,대학,충남,기존,0000189,남서울대학교,1,8793,0,8799,7671,1128,100.07,87.24,2026-08-07T09:07:29.731Z
2024,상반기,대학교,사립,대학,충남,기존,0000131,백석대학교,1,11760,0,11586,10510,1076,98.52,89.37,2026-08-07T09:07:29.731Z
2024,상반기,전문대학,사립,전문대학,충남,기존,0000373,백석문화대학교,1,3841,0,3907,3124,783,101.72,81.33,2026-08-07T09:07:29.731Z
2024,상반기,대학교,사립,대학,충남,기존,0000094,선문대학교,1,8241,0,8531,7421,1110,103.52,90.05,2026-08-07T09:07:29.731Z
2024,상반기,대학교,사립,대학,충남,기존,0000104,순천향대학교,1,9634,0,11070,9530,1540,114.91,98.92,2026-08-07T09:07:29.731Z
2024,상반기,전문대학,사립,전문대학,충남,기존,0000335,신성대학교,1,2730,0,2662,2158,504,97.51,79.05,2026-08-07T09:07:29.731Z
2024,상반기,전문대학,사립,전문대학,충남,기존,000568,아주자동차대학,1,680,0,920,644,276,135.29,94.71,2026-08-07T09:07:29.731Z
2024,상반기,전문대학,사립,전문대학,충남,기존,0000529,연암대학교,1,966,0,1122,919,203,116.15,95.13,2026-08-07T09:07:29.731Z
2024,상반기,대학교,사립,대학,충남,기존,0000128,중부대학교,1,7335,0,6992,6057,935,95.32,82.58,2026-08-07T09:07:29.731Z
2024,상반기,산업대학,사립,대학,충남,기존,0000225,청운대학교,1,4576,0,5483,3944,1539,119.82,86.19,2026-08-07T09:07:29.731Z
2024,상반기,전문대학,공립,전문대학,충남,기존,0000519,충남도립대학교,1,1058,0,1000,945,55,94.52,89.32,2026-08-07T09:07:29.731Z
2024,상반기,대학교,사립,대학,충남,기존,0000141,한국기술교육대학교,1,3344,0,4215,3645,570,126.05,109,2026-08-07T09:07:29.731Z
2024,상반기,대학교,특별법국립,대학,충남,기존,0000472,한국전통문화대학교,1,560,0,562,542,20,100.36,96.79,2026-08-07T09:07:29.731Z
2024,상반기,기능대학,사립,전문대학,충남,기존,0000500,한국폴리텍 특성화대학,1,340,0,315,270,45,92.65,79.41,2026-08-07T09:07:29.731Z
2024,상반기,기능대학,사립,전문대학,충남,기존,0000487,한국폴리텍 IV 대학,1,395,0,355,265,90,89.87,67.09,2026-08-07T09:07:29.731Z
2024,상반기,기능대학,사립,전문대학,충남,기존,0000588,한국폴리텍 IV 대학,1,210,0,174,154,20,82.86,73.33,2026-08-07T09:07:29.731Z
2024,상반기,대학교,사립,대학,충남,기존,0000149,한서대학교,1,6241,0,6129,5584,545,98.21,89.47,2026-08-07T09:07:29.731Z
2024,상반기,전문대학,사립,전문대학,충남,기존,0000386,혜전대학교,1,2520,45,2765,2015,750,111.72,81.41,2026-08-07T09:07:29.731Z
2024,상반기,대학교,사립,대학,충남,기존,0000159,호서대학교,1,11564,0,11990,10942,1048,103.68,94.62,2026-08-07T09:07:29.731Z
2024,상반기,전문대학,사립,전문대학,충북,기존,0000271,강동대학교,1,2897,0,3272,2501,771,112.94,86.33,2026-08-07T09:07:29.731Z
2024,상반기,대학교,사립,대학,충북,기존,0000037,건국대학교,2,18394,0,22466,19071,3395,122.14,103.68,2026-08-07T09:07:29.731Z
2024,상반기,대학교,사립,대학,충북,기존,0000058,극동대학교,1,3488,0,2902,2452,450,83.2,70.3,2026-08-07T09:07:29.731Z
2024,상반기,대학교,사립,대학,충북,기존,0000557,꽃동네대학교,1,432,0,401,382,19,92.82,88.43,2026-08-07T09:07:29.731Z
2024,상반기,전문대학,사립,전문대학,충북,기존,0000286,대원대학교,1,1960,0,1580,1379,201,80.61,70.36,2026-08-07T09:07:29.731Z
2024,상반기,대학교,사립,대학,충북,기존,0000093,서원대학교,1,6488,0,6963,6066,897,107.32,93.5,2026-08-07T09:07:29.731Z
2024,상반기,대학교,사립,대학,충북,기존,0000099,세명대학교,1,6974,0,6002,5568,434,86.06,79.84,2026-08-07T09:07:29.731Z
2024,상반기,각종학교(대학),사립,대학,충북,기존,0000404,순복음총회신학교,1,249,0,119,119,0,47.79,47.79,2026-08-07T09:07:29.731Z
2024,상반기,대학교,사립,대학,충북,기존,0000113,유원대학교,1,3500,0,3479,3300,179,99.4,94.29,2026-08-07T09:07:29.731Z
2024,상반기,대학교,사립,대학,충북,기존,0000183,중원대학교,1,3308,44,3295,3110,185,100.95,95.28,2026-08-07T09:07:29.731Z
2024,상반기,교육대학,국립,대학,충북,기존,0000204,청주교육대학교,1,1144,0,1126,1038,88,98.43,90.73,2026-08-07T09:07:29.731Z
2024,상반기,대학교,사립,대학,충북,기존,0000132,청주대학교,1,10607,0,11257,9862,1395,106.13,92.98,2026-08-07T09:07:29.731Z
2024,상반기,대학교,국립,대학,충북,기존,0000021,충북대학교,1,11601,0,13040,11619,1421,112.4,100.16,2026-08-07T09:07:29.731Z
2024,상반기,전문대학,공립,전문대학,충북,기존,0000544,충북도립대학,1,860,0,717,717,0,83.37,83.37,2026-08-07T09:07:29.731Z
2024,상반기,전문대학,사립,전문대학,충북,기존,0000367,충북보건과학대학교,1,2356,0,2165,1807,358,91.89,76.7,2026-08-07T09:07:29.731Z
2024,상반기,전문대학,사립,전문대학,충북,기존,0000377,충청대학교,1,3361,0,3010,2552,458,89.56,75.93,2026-08-07T09:07:29.731Z
2024,상반기,대학교,국립,대학,충북,기존,0000022,한국교원대학교,1,2184,0,2300,2145,155,105.31,98.21,2026-08-07T09:07:29.731Z
2024,상반기,대학교,국립,대학,충북,기존,0000582,한국교통대학교,1,7664,0,7907,7104,803,103.17,92.69,2026-08-07T09:07:29.731Z
2024,상반기,기능대학,사립,전문대학,충북,기존,0000485,한국폴리텍 IV 대학,1,585,0,673,505,168,115.04,86.32,2026-08-07T09:07:29.731Z
2024,하반기,대학교,사립,대학,강원,기존,0000513,가톨릭관동대학교,1,7317,0,4719,4339,380,64.49,59.3,2026-08-07T09:07:29.731Z
2024,하반기,전문대학,사립,전문대학,강원,기존,0000347,강릉영동대학교,1,2168,1,3041,1688,1353,140.33,77.9,2026-08-07T09:07:29.731Z
2024,하반기,대학교,국립,대학,강원,기존,0000572,강릉원주대학교,2,7121,93,6399,5905,494,91.05,84.02,2026-08-07T09:07:29.731Z
2024,하반기,대학교,국립,대학,강원,기존,0000002,강원대학교,2,18182,0,17473,15701,1772,96.1,86.35,2026-08-07T09:07:29.731Z
2024,하반기,전문대학,공립,전문대학,강원,기존,0000531,강원도립대학교,1,656,0,548,548,0,83.54,83.54,2026-08-07T09:07:29.731Z
2024,하반기,대학교,사립,대학,강원,기존,0000041,경동대학교,3,6398,0,6779,5374,1405,105.95,83.99,2026-08-07T09:07:29.731Z
2024,하반기,대학교,사립,대학,강원,기존,0000086,상지대학교,1,7802,0,5553,5127,426,71.17,65.71,2026-08-07T09:07:29.731Z
2024,하반기,전문대학,사립,전문대학,강원,폐교,0000319,상지영서대학교,1,0,0,4,4,0,0,0,2026-08-07T09:07:29.731Z
2024,하반기,전문대학,사립,전문대학,강원,기존,0000348,세경대학교,1,930,0,738,638,100,79.35,68.6,2026-08-07T09:07:29.731Z
2024,하반기,전문대학,사립,전문대학,강원,기존,0000393,송곡대학교,1,569,0,805,446,359,141.48,78.38,2026-08-07T09:07:29.731Z
2024,하반기,전문대학,사립,전문대학,강원,기존,0000390,송호대학교,1,915,0,858,682,176,93.77,74.54,2026-08-07T09:07:29.731Z
2024,하반기,대학교,사립,대학,강원,기존,0000110,연세대학교,2,19800,0,24506,18318,6188,123.77,92.52,2026-08-07T09:07:29.731Z
2024,하반기,교육대학,국립,대학,강원,기존,0000205,춘천교육대학교,1,1284,0,1210,1146,64,94.24,89.25,2026-08-07T09:07:29.731Z
2024,하반기,전문대학,사립,전문대학,강원,기존,0000542,한국골프대학,1,480,0,422,392,30,87.92,81.67,2026-08-07T09:07:29.731Z
2024,하반기,기능대학,사립,전문대학,강원,기존,0000483,한국폴리텍 III 대학,1,120,0,94,83,11,78.33,69.17,2026-08-07T09:07:29.731Z
2024,하반기,기능대학,사립,전문대학,강원,기존,0000517,한국폴리텍 III 대학,1,100,0,99,69,30,99,69,2026-08-07T09:07:29.731Z
2024,하반기,기능대학,사립,전문대학,강원,기존,0000482,한국폴리텍 III 대학,1,275,0,197,168,29,71.64,61.09,2026-08-07T09:07:29.731Z
2024,하반기,대학교,사립,대학,강원,기존,0000147,한라대학교,1,3570,0,2703,2354,349,75.71,65.94,2026-08-07T09:07:29.731Z
2024,하반기,대학교,사립,대학,강원,기존,0000148,한림대학교,1,7290,0,6619,6085,534,90.8,83.47,2026-08-07T09:07:29.731Z
2024,하반기,전문대학,사립,전문대학,강원,기존,0000383,한림성심대학교,1,2273,0,2351,1781,570,103.43,78.35,2026-08-07T09:07:29.731Z
2024,하반기,대학교,사립,대학,경기,기존,0000044,가천대학교,1,16552,0,20303,15002,5301,122.66,90.64,2026-08-07T09:07:29.731Z
2024,하반기,대학교,사립,대학,경기,기존,0000034,가톨릭대학교,3,7382,0,7610,5964,1646,103.09,80.79,2026-08-07T09:07:29.731Z
2024,하반기,대학교,사립,대학,경기,기존,0000036,강남대학교,1,5964,0,5932,5361,571,99.46,89.89,2026-08-07T09:07:29.731Z
2024,하반기,전문대학,사립,전문대학,경기,기존,0000387,경기과학기술대학교,1,3288,0,3747,2531,1216,113.96,76.98,2026-08-07T09:07:29.731Z
2024,하반기,대학교,사립,대학,경기,기존,0000039,경기대학교,2,11789,0,12670,10942,1728,107.47,92.82,2026-08-07T09:07:29.731Z
2024,하반기,전문대학,사립,전문대학,경기,기존,0000255,경민대학교,1,3633,0,3948,2943,1005,108.67,81.01,2026-08-07T09:07:29.731Z
2024,하반기,전문대학,사립,전문대학,경기,기존,0000259,경복대학교,1,5403,0,5903,4482,1421,109.25,82.95,2026-08-07T09:07:29.731Z
2024,하반기,전문대학,사립,전문대학,경기,기존,0000264,계원예술대학교,1,2424,0,2587,2211,376,106.72,91.21,2026-08-07T09:07:29.731Z
2024,하반기,전문대학,사립,전문대학,경기,기존,0000379,국제대학교,1,3443,0,2157,1948,209,62.65,56.58,2026-08-07T09:07:29.731Z
2024,하반기,사이버대학(대학),사립,대학,경기,기존,0000409,국제사이버대학교,1,2900,0,3119,2343,776,107.55,80.79,2026-08-07T09:07:29.731Z
2024,하반기,전문대학,사립,전문대학,경기,기존,0000277,김포대학교,1,2303,0,1836,1217,619,79.72,52.84,2026-08-07T09:07:29.731Z
2024,하반기,전문대학,사립,전문대학,경기,기존,0000278,농협대학교,1,174,0,366,138,228,210.34,79.31,2026-08-07T09:07:29.731Z
2024,하반기,대학교,사립,대학,경기,기존,0000060,단국대학교,2,18761,0,20029,17358,2671,106.76,92.52,2026-08-07T09:07:29.731Z
2024,하반기,전문대학,사립,전문대학,경기,기존,0000285,대림대학교,1,5637,0,6260,4792,1468,111.05,85.01,2026-08-07T09:07:29.731Z
2024,하반기,대학교,사립,대학,경기,기존,0000068,대진대학교,1,6992,0,7226,5935,1291,103.35,84.88,2026-08-07T09:07:29.731Z
2024,하반기,전문대학,사립,전문대학,경기,기존,0000294,동남보건대학교,1,4099,0,4408,3478,930,107.54,84.85,2026-08-07T09:07:29.731Z
2024,하반기,전문대학,사립,전문대학,경기,기존,0000287,동서울대학교,1,5541,0,5214,4500,714,94.1,81.21,2026-08-07T09:07:29.731Z
2024,하반기,전문대학,사립,전문대학,경기,기존,0000298,동아방송예술대학교,1,2469,0,2858,2173,685,115.76,88.01,2026-08-07T09:07:29.731Z
2024,하반기,전문대학,사립,전문대학,경기,기존,0000302,동원대학교,1,3000,0,2536,1961,575,84.53,65.37,2026-08-07T09:07:29.731Z
2024,하반기,전문대학,사립,전문대학,경기,기존,0000305,두원공과대학교,1,4393,0,1950,1751,199,44.39,39.86,2026-08-07T09:07:29.731Z
2024,하반기,대학교,사립,대학,경기,기존,0000078,루터대학교,1,340,0,303,296,7,89.12,87.06,2026-08-07T09:07:29.731Z
2024,하반기,대학교,사립,대학,경기,기존,0000079,명지대학교,2,10468,1,12339,9430,2909,117.88,90.09,2026-08-07T09:07:29.731Z
2024,하반기,전문대학,사립,전문대학,경기,기존,0000316,부천대학교,1,5211,0,6683,4685,1998,128.25,89.91,2026-08-07T09:07:29.731Z
2024,하반기,대학교,사립,대학,경기,기존,0000090,서울신학대학교,1,1828,0,1747,1654,93,95.57,90.48,2026-08-07T09:07:29.731Z
2024,하반기,전문대학,사립,전문대학,경기,기존,0000323,서울예술대학교,1,1743,0,3011,1628,1383,172.75,93.4,2026-08-07T09:07:29.731Z
2024,하반기,대학교,사립,대학,경기,기존,0000092,서울장신대학교,1,406,0,254,245,9,62.56,60.34,2026-08-07T09:07:29.731Z
2024,하반기,전문대학,사립,전문대학,경기,기존,0000392,서정대학교,1,3128,0,8299,2910,5389,265.31,93.03,2026-08-07T09:07:29.731Z
2024,하반기,대학교,사립,대학,경기,기존,0000095,성결대학교,1,4912,0,4933,4629,304,100.43,94.24,2026-08-07T09:07:29.731Z
2024,하반기,대학교,사립,대학,경기,기존,0000101,수원가톨릭대학교,1,360,0,104,100,4,28.89,27.78,2026-08-07T09:07:29.731Z
2024,하반기,전문대학,사립,전문대학,경기,기존,0000330,수원과학대학교,1,5278,0,2690,2424,266,50.97,45.93,2026-08-07T09:07:29.731Z
2024,하반기,대학교,사립,대학,경기,기존,0000102,수원대학교,1,8520,0,7658,7175,483,89.88,84.21,2026-08-07T09:07:29.731Z
2024,하반기,전문대학,사립,전문대학,경기,기존,0000329,수원여자대학교,1,3863,0,3406,2895,511,88.17,74.94,2026-08-07T09:07:29.731Z
2024,하반기,대학교,사립,대학,경기,기존,000567,신경대학교,1,1020,13,405,384,21,40.22,38.13,2026-08-07T09:07:29.731Z
2024,하반기,전문대학,사립,전문대학,경기,기존,0000334,신구대학교,1,6128,0,5700,4931,769,93.02,80.47,2026-08-07T09:07:29.731Z
2024,하반기,전문대학,사립,전문대학,경기,기존,0000339,신안산대학교,1,2230,0,2393,1676,717,107.31,75.16,2026-08-07T09:07:29.731Z
2024,하반기,대학교,사립,대학,경기,기존,000509,신한대학교,2,5668,0,6147,5132,1015,108.45,90.54,2026-08-07T09:07:29.731Z
2024,하반기,대학교,사립,대학,경기,기존,0000558,아신대학교,1,515,0,239,228,11,46.41,44.27,2026-08-07T09:07:29.731Z
2024,하반기,대학교,사립,대학,경기,기존,0000108,아주대학교,1,7762,0,8738,6885,1853,112.57,88.7,2026-08-07T09:07:29.731Z
2024,하반기,전문대학,사립,전문대학,경기,기존,0000340,안산대학교,1,3983,0,4247,3305,942,106.63,82.98,2026-08-07T09:07:29.731Z
2024,하반기,대학교,사립,대학,경기,기존,0000109,안양대학교,2,4574,0,4269,3985,284,93.33,87.12,2026-08-07T09:07:29.731Z
2024,하반기,전문대학,사립,전문대학,경기,기존,0000343,여주대학교,1,3767,0,2835,2373,462,75.26,62.99,2026-08-07T09:07:29.731Z
2024,하반기,전문대학,사립,전문대학,경기,기존,0000341,연성대학교,1,5620,0,5303,4620,683,94.36,82.21,2026-08-07T09:07:29.731Z
2024,하반기,전문대학,사립,전문대학,경기,기존,0000350,오산대학교,1,4113,0,3674,3007,667,89.33,73.11,2026-08-07T09:07:29.731Z
2024,하반기,대학교,사립,대학,경기,기존,0000115,용인대학교,1,5048,0,4989,4654,335,98.83,92.19,2026-08-07T09:07:29.731Z
2024,하반기,전문대학,사립,전문대학,경기,기존,0000559,용인예술과학대학교,1,2885,0,2280,1916,364,79.03,66.41,2026-08-07T09:07:29.731Z
2024,하반기,전문대학,사립,전문대학,경기,기존,0000394,웅지세무대학교,1,1437,0,302,299,3,21.02,20.81,2026-08-07T09:07:29.731Z
2024,하반기,전문대학,사립,전문대학,경기,기존,0000355,유한대학교,1,4173,0,4032,3658,374,96.62,87.66,2026-08-07T09:07:29.731Z
2024,하반기,전문대학,사립,전문대학,경기,기존,0000358,장안대학교,1,4325,288,1954,1345,609,48.4,33.32,2026-08-07T09:07:29.731Z
2024,하반기,대학교,사립,대학,경기,기존,0000130,중앙승가대학교,1,480,0,58,58,0,12.08,12.08,2026-08-07T09:07:29.731Z
2024,하반기,대학교,사립,대학,경기,기존,0000139,차의과학대학교,1,2046,0,2018,1823,195,98.63,89.1,2026-08-07T09:07:29.731Z
2024,하반기,전문대학,사립,전문대학,경기,기존,0000374,청강문화산업대학교,1,3340,0,3544,3127,417,106.11,93.62,2026-08-07T09:07:29.731Z
2024,하반기,대학교,사립,대학,경기,기존,0000136,칼빈대학교,1,360,0,1804,246,1558,501.11,68.33,2026-08-07T09:07:29.731Z
2024,하반기,대학교,사립,대학,경기,기존,0000138,평택대학교,1,3220,25,2791,2612,179,87.36,81.75,2026-08-07T09:07:29.731Z
2024,하반기,대학교,국립,대학,경기,기존,0000568,한경대학교,1,4721,0,4835,4335,500,102.41,91.82,2026-08-07T09:07:29.731Z
2024,하반기,전문대학,사립,전문대학,경기,기존,0000391,한국관광대학교,1,1832,0,981,846,135,53.55,46.18,2026-08-07T09:07:29.731Z
2024,하반기,전문대학,국립,전문대학,경기,폐교,0000248,한국복지대학교,1,251,0,292,213,79,116.33,84.86,2026-08-07T09:07:29.731Z
2024,하반기,대학교,사립,대학,경기,기존,0000562,한국산업기술대학교,1,5520,0,6913,5373,1540,125.24,97.34,2026-08-07T09:07:29.731Z
2024,하반기,산업대학,사립,대학,경기,폐교,0000214,한국산업기술대학교(산업대),1,0,0,0,0,0,0,0,2026-08-07T09:07:29.731Z
2024,하반기,기능대학,사립,전문대학,경기,기존,0000479,한국폴리텍 I 대학,1,690,0,566,501,65,82.03,72.61,2026-08-07T09:07:29.731Z
2024,하반기,기능대학,사립,전문대학,경기,기존,0000555,한국폴리텍 II 대학,1,0,0,29,0,29,0,0,2026-08-07T09:07:29.731Z
2024,하반기,기능대학,사립,전문대학,경기,기존,0000548,한국폴리텍 II 대학,1,623,0,364,294,70,58.43,47.19,2026-08-07T09:07:29.731Z
2024,하반기,대학교,사립,대학,경기,기존,0000144,한국항공대학교,1,3490,0,3732,3152,580,106.93,90.32,2026-08-07T09:07:29.731Z
2024,하반기,대학교,사립,대학,경기,폐교,0000175,한북대학교,1,0,0,0,0,0,0,0,2026-08-07T09:07:29.731Z
2024,하반기,대학교,사립,대학,경기,기존,0000151,한세대학교,1,2264,0,2279,2097,182,100.66,92.62,2026-08-07T09:07:29.731Z
2024,하반기,대학교,사립,대학,경기,기존,0000152,한신대학교,1,4696,0,4827,4386,441,102.79,93.4,2026-08-07T09:07:29.731Z
2024,하반기,대학교,사립,대학,경기,기존,0000153,한양대학교,2,19496,0,25214,17749,7465,129.33,91.04,2026-08-07T09:07:29.731Z
2024,하반기,대학교,사립,대학,경기,기존,0000156,협성대학교,1,4016,0,3552,3332,220,88.45,82.97,2026-08-07T09:07:29.731Z
2024,하반기,기능대학,사립,전문대학,경기,기존,0000516,ICT폴리텍대학,1,320,0,264,253,11,82.5,79.06,2026-08-07T09:07:29.731Z
2024,하반기,전문대학,사립,전문대학,경남,기존,0000251,거제대학교,1,1012,0,1025,860,165,101.28,84.98,2026-08-07T09:07:29.731Z
2024,하반기,대학교,국립,대학,경남,폐교,0000026,경남과학기술대학교,1,1199,0,2080,1977,103,173.48,164.89,2026-08-07T09:07:29.731Z
2024,하반기,대학교,사립,대학,경남,기존,0000040,경남대학교,1,9069,0,8163,7330,833,90.01,80.82,2026-08-07T09:07:29.731Z
2024,하반기,전문대학,공립,전문대학,경남,기존,0000242,경남도립거창대학,1,861,18,847,767,80,100.47,90.98,2026-08-07T09:07:29.731Z
2024,하반기,전문대학,공립,전문대학,경남,기존,0000243,경남도립남해대학,1,785,0,718,666,52,91.46,84.84,2026-08-07T09:07:29.731Z
2024,하반기,대학교,국립,대학,경남,기존,0000556,경상대학교,1,16204,0,13794,12735,1059,85.13,78.59,2026-08-07T09:07:29.731Z
2024,하반기,전문대학,사립,전문대학,경남,기존,0000395,김해대학교,1,1401,0,1308,1042,266,93.36,74.38,2026-08-07T09:07:29.731Z
2024,하반기,전문대학,사립,전문대학,경남,기존,0000342,동원과학기술대학교,1,1884,0,2092,1492,600,111.04,79.19,2026-08-07T09:07:29.731Z
2024,하반기,전문대학,사립,전문대학,경남,기존,0000306,마산대학교,1,5184,0,4727,3787,940,91.18,73.05,2026-08-07T09:07:29.731Z
2024,하반기,대학교,사립,대학,경남,기존,0000167,부산장신대학교,1,128,0,108,106,2,84.38,82.81,2026-08-07T09:07:29.731Z
2024,하반기,전문대학,사립,전문대학,경남,기존,0000530,연암공과대학교,1,1066,0,1075,985,90,100.84,92.4,2026-08-07T09:07:29.731Z
2024,하반기,대학교,사립,대학,경남,기존,0000181,영산대학교,2,5568,0,5231,4389,842,93.95,78.83,2026-08-07T09:07:29.731Z
2024,하반기,대학교,사립,대학,경남,기존,0000122,인제대학교,1,7414,0,6189,5525,664,83.48,74.52,2026-08-07T09:07:29.731Z
2024,하반기,교육대학,국립,대학,경남,기존,0000203,진주교육대학교,1,1276,0,1186,1124,62,92.95,88.09,2026-08-07T09:07:29.731Z
2024,하반기,전문대학,사립,전문대학,경남,기존,0000369,진주보건대학교,1,2319,0,2296,1755,541,99.01,75.68,2026-08-07T09:07:29.731Z
2024,하반기,대학교,사립,대학,경남,기존,0000193,창신대학교,1,1470,0,1598,1385,213,108.71,94.22,2026-08-07T09:07:29.731Z
2024,하반기,대학교,국립,대학,경남,기존,0000581,창원대학교,1,7021,0,6939,6321,618,98.83,90.03,2026-08-07T09:07:29.731Z
2024,하반기,전문대학,사립,전문대학,경남,기존,0000528,창원문성대학교,1,1133,0,872,743,129,76.96,65.58,2026-08-07T09:07:29.731Z
2024,하반기,전문대학,사립,전문대학,경남,기존,0000396,한국승강기대학교,1,574,0,508,400,108,88.5,69.69,2026-08-07T09:07:29.731Z
2024,하반기,기능대학,사립,전문대학,경남,기존,0000503,한국폴리텍 특성화대학,1,410,0,274,214,60,66.83,52.2,2026-08-07T09:07:29.731Z
2024,하반기,기능대학,사립,전문대학,경남,기존,0000563,한국폴리텍 VII 대학,1,0,0,3,0,3,0,0,2026-08-07T09:07:29.731Z
2024,하반기,기능대학,사립,전문대학,경남,기존,0000496,한국폴리텍 VII 대학,1,1170,0,1340,1009,331,114.53,86.24,2026-08-07T09:07:29.731Z
2024,하반기,대학교,사립,대학,경북,기존,0000032,가야대학교,2,1878,0,1555,1395,160,82.8,74.28,2026-08-07T09:07:29.731Z
2024,하반기,전문대학,사립,전문대학,경북,기존,0000249,가톨릭상지대학교,1,1609,0,1707,1253,454,106.09,77.87,2026-08-07T09:07:29.731Z
2024,하반기,전문대학,사립,전문대학,경북,기존,0000293,경북과학대학교,1,1675,0,1857,1398,459,110.87,83.46,2026-08-07T09:07:29.731Z
2024,하반기,전문대학,공립,전문대학,경북,폐교,0000244,경북도립대학교,1,909,0,676,630,46,74.37,69.31,2026-08-07T09:07:29.731Z
2024,하반기,전문대학,사립,전문대학,경북,기존,0000523,경북보건대학교,1,1219,18,1271,1026,245,105.83,85.43,2026-08-07T09:07:29.731Z
2024,하반기,전문대학,사립,전문대학,경북,기존,0000258,경북전문대학교,1,2129,0,2520,1631,889,118.37,76.61,2026-08-07T09:07:29.731Z
2024,하반기,대학교,사립,대학,경북,기존,0000188,경운대학교,1,4736,0,4843,4071,772,102.26,85.96,2026-08-07T09:07:29.731Z
2024,하반기,대학교,사립,대학,경북,기존,0000045,경일대학교,1,6280,0,6507,5653,854,103.61,90.02,2026-08-07T09:07:29.731Z
2024,하반기,대학교,사립,대학,경북,기존,0000586,경주대학교,1,3176,295,612,550,62,21.24,19.09,2026-08-07T09:07:29.731Z
2024,하반기,전문대학,사립,전문대학,경북,기존,0000268,구미대학교,1,3602,0,5123,2967,2156,142.23,82.37,2026-08-07T09:07:29.731Z
2024,하반기,대학교,국립,대학,경북,기존,0000575,금오공과대학교,1,4908,0,4625,4211,414,94.23,85.8,2026-08-07T09:07:29.731Z
2024,하반기,대학교,사립,대학,경북,기존,0000185,김천대학교,1,2624,0,2038,1862,176,77.67,70.96,2026-08-07T09:07:29.731Z
2024,하반기,전문대학,사립,전문대학,경북,기존,0000279,대경대학교,1,3477,43,3322,2457,865,96.74,71.55,2026-08-07T09:07:29.731Z
2024,하반기,대학교,사립,대학,경북,기존,0000063,대구가톨릭대학교,1,10871,0,10399,8924,1475,95.66,82.09,2026-08-07T09:07:29.731Z
2024,하반기,대학교,사립,대학,경북,기존,0000061,대구대학교,1,15553,0,14723,12210,2513,94.66,78.51,2026-08-07T09:07:29.731Z
2024,하반기,사이버대학(대학),사립,대학,경북,기존,0000410,대구사이버대학교,1,3800,0,3564,2588,976,93.79,68.11,2026-08-07T09:07:29.731Z
2024,하반기,대학교,사립,대학,경북,기존,0000062,대구예술대학교,1,1347,17,247,243,4,18.57,18.27,2026-08-07T09:07:29.731Z
2024,하반기,대학교,사립,대학,경북,기존,0000042,대구한의대학교,1,6196,0,6376,4972,1404,102.91,80.25,2026-08-07T09:07:29.731Z
2024,하반기,대학교,사립,대학,경북,기존,0000065,대신대학교,1,464,0,603,390,213,129.96,84.05,2026-08-07T09:07:29.731Z
2024,하반기,대학교,사립,대학,경북,기존,0000071,동국대학교,2,18360,0,18455,15308,3147,100.52,83.38,2026-08-07T09:07:29.731Z
2024,하반기,대학교,사립,대학,경북,기존,0000076,동양대학교,1,3950,0,3736,3290,446,94.58,83.29,2026-08-07T09:07:29.731Z
2024,하반기,전문대학,사립,전문대학,경북,기존,0000309,문경대학교,1,850,0,675,603,72,79.41,70.94,2026-08-07T09:07:29.731Z
2024,하반기,전문대학,사립,전문대학,경북,폐교,0000262,서라벌대학교,1,415,0,410,343,67,98.8,82.65,2026-08-07T09:07:29.731Z
2024,하반기,전문대학,사립,전문대학,경북,기존,0000380,선린대학교,1,1954,0,1815,1494,321,92.89,76.46,2026-08-07T09:07:29.731Z
2024,하반기,전문대학,사립,전문대학,경북,기존,0000547,성덕대학교,1,1186,0,1454,1048,406,122.6,88.36,2026-08-07T09:07:29.731Z
2024,하반기,전문대학,사립,전문대학,경북,기존,0000338,안동과학대학교,1,2006,0,1959,1599,360,97.66,79.71,2026-08-07T09:07:29.731Z
2024,하반기,대학교,국립,대학,경북,기존,0000580,안동대학교,1,5546,0,4395,4151,244,79.25,74.85,2026-08-07T09:07:29.731Z
2024,하반기,대학교,사립,대학,경북,기존,0000111,영남대학교,1,18571,0,18933,16801,2132,101.95,90.47,2026-08-07T09:07:29.731Z
2024,하반기,대학교,사립,대학,경북,기존,0000112,영남신학대학교,1,460,0,301,297,4,65.43,64.57,2026-08-07T09:07:29.731Z
2024,하반기,전문대학,사립,전문대학,경북,기존,0000257,영남외국어대학,1,684,0,484,411,73,70.76,60.09,2026-08-07T09:07:29.731Z
2024,하반기,대학교,사립,대학,경북,기존,0000119,위덕대학교,1,2668,0,2034,1966,68,76.24,73.69,2026-08-07T09:07:29.731Z
2024,하반기,대학교,사립,대학,경북,기존,0000140,포항공과대학교,1,1280,0,1363,1246,117,106.48,97.34,2026-08-07T09:07:29.731Z
2024,하반기,전문대학,사립,전문대학,경북,기존,0000381,포항대학교,1,1726,0,1438,1291,147,83.31,74.8,2026-08-07T09:07:29.731Z
2024,하반기,사이버대학(전문대학),사립,전문대학,경북,기존,0000407,한국복지사이버대학,1,2000,0,2286,1638,648,114.3,81.9,2026-08-07T09:07:29.731Z
2024,하반기,기능대학,사립,전문대학,경북,기존,0000552,한국폴리텍 특성화대학,1,200,0,138,123,15,69,61.5,2026-08-07T09:07:29.731Z
2024,하반기,기능대학,사립,전문대학,경북,기존,0000495,한국폴리텍 VI 대학,1,470,0,493,429,64,104.89,91.28,2026-08-07T09:07:29.731Z
2024,하반기,기능대학,사립,전문대학,경북,기존,0000504,한국폴리텍 VI 대학,1,50,0,45,41,4,90,82,2026-08-07T09:07:29.731Z
2024,하반기,대학교,사립,대학,경북,기존,0000146,한동대학교,1,2916,0,3637,3147,490,124.73,107.92,2026-08-07T09:07:29.731Z
2024,하반기,전문대학,사립,전문대학,경북,기존,0000522,호산대학교,1,1828,16,2298,1520,778,126.82,83.89,2026-08-07T09:07:29.731Z
2024,하반기,대학교,사립,대학,광주,기존,0000052,광신대학교,1,471,0,421,404,17,89.38,85.77,2026-08-07T09:07:29.731Z
2024,하반기,대학교,특별법법인,대학,광주,기존,0000469,광주과학기술원,1,800,0,793,722,71,99.13,90.25,2026-08-07T09:07:29.731Z
2024,하반기,교육대학,국립,대학,광주,기존,0000196,광주교육대학교,1,1304,0,1242,1168,74,95.25,89.57,2026-08-07T09:07:29.731Z
2024,하반기,대학교,사립,대학,광주,기존,0000176,광주대학교,1,5785,0,4964,4521,443,85.81,78.15,2026-08-07T09:07:29.731Z
2024,하반기,전문대학,사립,전문대학,광주,기존,0000267,광주보건대학교,1,3244,0,3315,2597,718,102.19,80.06,2026-08-07T09:07:29.731Z
2024,하반기,대학교,사립,대학,광주,기존,0000055,광주여자대학교,1,3634,0,3021,2752,269,83.13,75.73,2026-08-07T09:07:29.731Z
2024,하반기,전문대학,사립,전문대학,광주,기존,0000273,기독간호대학교,1,455,0,575,405,170,126.37,89.01,2026-08-07T09:07:29.731Z
2024,하반기,대학교,사립,대학,광주,기존,0000162,남부대학교,1,2546,0,2325,2061,264,91.32,80.95,2026-08-07T09:07:29.731Z
2024,하반기,전문대학,사립,전문대학,광주,기존,0000297,동강대학교,1,2398,0,2282,1837,445,95.16,76.61,2026-08-07T09:07:29.731Z
2024,하반기,전문대학,사립,전문대학,광주,기존,0000320,서영대학교,1,4259,0,4530,3487,1043,106.36,81.87,2026-08-07T09:07:29.731Z
2024,하반기,대학교,사립,대학,광주,기존,0000187,송원대학교,1,2740,0,2408,2098,310,87.88,76.57,2026-08-07T09:07:29.731Z
2024,하반기,대학교,국립,대학,광주,기존,0000016,전남대학교,2,17487,0,16762,15159,1603,95.85,86.69,2026-08-07T09:07:29.731Z
2024,하반기,전문대학,사립,전문대학,광주,기존,0000366,조선간호대학교,1,556,0,722,517,205,129.86,92.99,2026-08-07T09:07:29.731Z
2024,하반기,대학교,사립,대학,광주,기존,0000127,조선대학교,1,17928,0,16263,14916,1347,90.71,83.2,2026-08-07T09:07:29.731Z
2024,하반기,전문대학,사립,전문대학,광주,기존,0000365,조선이공대학교,1,2920,0,2471,2206,265,84.62,75.55,2026-08-07T09:07:29.731Z
2024,하반기,기능대학,사립,전문대학,광주,기존,0000489,한국폴리텍 V 대학,1,690,0,778,626,152,112.75,90.72,2026-08-07T09:07:29.731Z
2024,하반기,대학교,사립,대학,광주,기존,0000157,호남대학교,1,6128,0,6033,5042,991,98.45,82.28,2026-08-07T09:07:29.731Z
2024,하반기,대학교,사립,대학,광주,기존,0000158,호남신학대학교,1,494,0,364,360,4,73.68,72.87,2026-08-07T09:07:29.731Z
2024,하반기,대학교,국립,대학,대구,기존,0000003,경북대학교,1,19497,0,20150,18085,2065,103.35,92.76,2026-08-07T09:07:29.731Z
2024,하반기,대학교,사립,대학,대구,기존,0000048,계명대학교,1,18676,0,18840,16431,2409,100.88,87.98,2026-08-07T09:07:29.731Z
2024,하반기,전문대학,사립,전문대학,대구,기존,0000263,계명문화대학교,1,4706,0,4181,3658,523,88.84,77.73,2026-08-07T09:07:29.731Z
2024,하반기,대학교,특별법법인,대학,대구,기존,0000470,대구경북과학기술원,1,860,0,801,757,44,93.14,88.02,2026-08-07T09:07:29.731Z
2024,하반기,전문대학,사립,전문대학,대구,기존,0000280,대구공업대학교,1,1090,0,1047,891,156,96.06,81.74,2026-08-07T09:07:29.731Z
2024,하반기,전문대학,사립,전문대학,대구,기존,0000283,대구과학대학교,1,3879,0,3985,3249,736,102.73,83.76,2026-08-07T09:07:29.731Z
2024,하반기,교육대학,국립,대학,대구,기존,0000197,대구교육대학교,1,1532,0,1507,1383,124,98.37,90.27,2026-08-07T09:07:29.731Z
2024,하반기,전문대학,사립,전문대학,대구,기존,0000281,대구보건대학교,1,6056,0,6213,4959,1254,102.59,81.89,2026-08-07T09:07:29.731Z
2024,하반기,전문대학,사립,전문대학,대구,기존,0000282,수성대학교,1,2916,0,3199,2505,694,109.71,85.91,2026-08-07T09:07:29.731Z
2024,하반기,전문대학,사립,전문대학,대구,기존,0000346,영남이공대학교,1,4977,0,5353,4283,1070,107.55,86.06,2026-08-07T09:07:29.731Z
2024,하반기,사이버대학(전문대학),사립,전문대학,대구,기존,0000406,영진사이버대학,1,2600,0,3388,2314,1074,130.31,89,2026-08-07T09:07:29.731Z
2024,하반기,전문대학,사립,전문대학,대구,기존,0000349,영진전문대학교,1,5671,0,6478,4805,1673,114.23,84.73,2026-08-07T09:07:29.731Z
2024,하반기,기능대학,사립,전문대학,대구,기존,0000549,한국폴리텍 특성화대학,1,265,0,158,134,24,59.62,50.57,2026-08-07T09:07:29.731Z
2024,하반기,기능대학,사립,전문대학,대구,기존,0000494,한국폴리텍 VI 대학,1,550,30,451,390,61,86.73,75,2026-08-07T09:07:29.731Z
2024,하반기,사이버대학(대학),사립,대학,대전,기존,0000425,건양사이버대학교,1,3336,0,3705,2905,800,111.06,87.08,2026-08-07T09:07:29.731Z
2024,하반기,전문대학,사립,전문대학,대전,기존,0000376,대덕대학교,1,2495,0,1532,1269,263,61.4,50.86,2026-08-07T09:07:29.731Z
2024,하반기,전문대학,사립,전문대학,대전,기존,0000512,대전과학기술대학교,1,3559,0,3807,2709,1098,106.97,76.12,2026-08-07T09:07:29.731Z
2024,하반기,대학교,사립,대학,대전,기존,0000067,대전대학교,1,7819,0,7212,6586,626,92.24,84.23,2026-08-07T09:07:29.731Z
2024,하반기,전문대학,사립,전문대학,대전,기존,0000288,대전보건대학교,1,4610,0,4055,3402,653,87.96,73.8,2026-08-07T09:07:29.731Z
2024,하반기,대학교,사립,대학,대전,기존,0000182,대전신학대학교,1,128,0,52,52,0,40.63,40.63,2026-08-07T09:07:29.731Z
2024,하반기,대학교,사립,대학,대전,기존,0000080,목원대학교,1,7301,0,6504,5948,556,89.08,81.47,2026-08-07T09:07:29.731Z
2024,하반기,대학교,사립,대학,대전,기존,0000081,배재대학교,1,7759,0,6775,6262,513,87.32,80.71,2026-08-07T09:07:29.731Z
2024,하반기,대학교,사립,대학,대전,기존,0000184,우송대학교,1,8016,0,9240,7041,2199,115.27,87.84,2026-08-07T09:07:29.731Z
2024,하반기,산업대학,사립,대학,대전,폐교,0000222,우송대학교(산업대),1,0,0,0,0,0,0,0,2026-08-07T09:07:29.731Z
2024,하반기,전문대학,사립,전문대학,대전,기존,0000289,우송정보대학,1,3261,0,2755,2583,172,84.48,79.21,2026-08-07T09:07:29.731Z
2024,하반기,대학교,사립,대학,대전,기존,0000120,을지대학교,3,4286,0,4392,4002,390,102.47,93.37,2026-08-07T09:07:29.731Z
2024,하반기,대학교,국립,대학,대전,기존,0000020,충남대학교,1,14800,0,16208,14705,1503,109.51,99.36,2026-08-07T09:07:29.731Z
2024,하반기,대학교,사립,대학,대전,기존,0000551,침례신학대학교,1,974,0,677,656,21,69.51,67.35,2026-08-07T09:07:29.731Z
2024,하반기,대학교,특별법법인,대학,대전,기존,0000468,한국과학기술원,1,3880,0,3782,3286,496,97.47,84.69,2026-08-07T09:07:29.731Z
2024,하반기,기능대학,사립,전문대학,대전,기존,0000484,한국폴리텍 IV 대학,1,680,0,630,515,115,92.65,75.74,2026-08-07T09:07:29.731Z
2024,하반기,대학교,사립,대학,대전,기존,0000145,한남대학교,1,10933,0,10563,9540,1023,96.62,87.26,2026-08-07T09:07:29.731Z
2024,하반기,대학교,국립,대학,대전,기존,0000584,한밭대학교,1,7558,0,7651,6782,869,101.23,89.73,2026-08-07T09:07:29.731Z
2024,하반기,전문대학,사립,전문대학,부산,기존,0000253,경남정보대학교,1,4698,0,4818,3521,1297,102.55,74.95,2026-08-07T09:07:29.731Z
2024,하반기,대학교,사립,대학,부산,기존,0000043,경성대학교,1,11120,0,11669,9437,2232,104.94,84.87,2026-08-07T09:07:29.731Z
2024,하반기,대학교,사립,대학,부산,기존,0000050,고신대학교,1,3569,0,2839,2748,91,79.55,77,2026-08-07T09:07:29.731Z
2024,하반기,전문대학,사립,전문대학,부산,기존,0000284,대동대학교,1,1298,0,1423,1100,323,109.63,84.75,2026-08-07T09:07:29.731Z
2024,하반기,대학교,사립,대학,부산,기존,0000180,동명대학교,1,6587,0,6559,5328,1231,99.57,80.89,2026-08-07T09:07:29.731Z
2024,하반기,대학교,사립,대학,부산,기존,0000073,동서대학교,1,8637,0,8094,7163,931,93.71,82.93,2026-08-07T09:07:29.731Z
2024,하반기,대학교,사립,대학,부산,기존,0000075,동아대학교,1,16385,0,16837,15182,1655,102.76,92.66,2026-08-07T09:07:29.731Z
2024,하반기,전문대학,사립,전문대학,부산,기존,0000303,동의과학대학교,1,3376,0,3564,2498,1066,105.57,73.99,2026-08-07T09:07:29.731Z
2024,하반기,대학교,사립,대학,부산,기존,0000077,동의대학교,1,14401,0,13567,12086,1481,94.21,83.92,2026-08-07T09:07:29.731Z
2024,하반기,전문대학,사립,전문대학,부산,기존,0000569,동주대학교,1,2438,88,2202,1777,425,93.7,75.62,2026-08-07T09:07:29.731Z
2024,하반기,대학교,국립,대학,부산,기존,0000578,부경대학교,1,13149,0,14033,12268,1765,106.72,93.3,2026-08-07T09:07:29.731Z
2024,하반기,대학교,사립,대학,부산,기존,0000082,부산가톨릭대학교,1,3055,0,3432,2716,716,112.34,88.9,2026-08-07T09:07:29.731Z
2024,하반기,전문대학,사립,전문대학,부산,기존,0000313,부산경상대학교,1,2135,0,1664,1467,197,77.94,68.71,2026-08-07T09:07:29.731Z
2024,하반기,전문대학,사립,전문대학,부산,기존,0000315,부산과학기술대학교,1,2837,0,3295,2343,952,116.14,82.59,2026-08-07T09:07:29.731Z
2024,하반기,교육대학,국립,대학,부산,기존,0000198,부산교육대학교,1,1424,0,1350,1238,112,94.8,86.94,2026-08-07T09:07:29.731Z
2024,하반기,대학교,국립,대학,부산,기존,0000011,부산대학교,1,17434,0,17350,15633,1717,99.52,89.67,2026-08-07T09:07:29.731Z
2024,하반기,사이버대학(대학),사립,대학,부산,기존,0000411,부산디지털대학교,1,2800,0,2332,2095,237,83.29,74.82,2026-08-07T09:07:29.731Z
2024,하반기,전문대학,사립,전문대학,부산,기존,0000314,부산여자대학교,1,1711,0,1657,1356,301,96.84,79.25,2026-08-07T09:07:29.731Z
2024,하반기,전문대학,사립,전문대학,부산,기존,0000388,부산예술대학교,1,840,0,574,543,31,68.33,64.64,2026-08-07T09:07:29.731Z
2024,하반기,대학교,사립,대학,부산,기존,0000083,부산외국어대학교,1,6413,0,5974,5159,815,93.15,80.45,2026-08-07T09:07:29.731Z
2024,하반기,전문대학,사립,전문대학,부산,폐교,0000326,성심외국어대학,1,0,0,0,0,0,0,0,2026-08-07T09:07:29.731Z
2024,하반기,대학교,사립,대학,부산,기존,0000106,신라대학교,1,7408,0,5981,5213,768,80.74,70.37,2026-08-07T09:07:29.731Z
2024,하반기,기능대학,사립,전문대학,부산,기존,0000564,한국폴리텍 VII 대학,1,0,0,10,0,10,0,0,2026-08-07T09:07:29.731Z
2024,하반기,기능대학,사립,전문대학,부산,기존,0000497,한국폴리텍 VII 대학,1,665,0,631,509,122,94.89,76.54,2026-08-07T09:07:29.731Z
2024,하반기,대학교,국립,대학,부산,기존,0000583,한국해양대학교,1,5488,0,5911,5355,556,107.71,97.58,2026-08-07T09:07:29.731Z
2024,하반기,사이버대학(대학),사립,대학,부산,기존,0000423,화신사이버대학교,1,1566,0,1694,1244,450,108.17,79.44,2026-08-07T09:07:29.731Z
2024,하반기,대학교,사립,대학,서울,기존,0000035,감리교신학대학교,1,708,0,532,516,16,75.14,72.88,2026-08-07T09:07:29.731Z
2024,하반기,대학교,사립,대학,서울,기존,0000565,강서대학교,1,1108,0,1631,966,665,147.2,87.18,2026-08-07T09:07:29.731Z
2024,하반기,대학교,사립,대학,서울,기존,0000047,경희대학교,1,19903,0,23020,17782,5238,115.66,89.34,2026-08-07T09:07:29.731Z
2024,하반기,사이버대학(대학),사립,대학,서울,기존,0000408,경희사이버대학교,1,9200,0,10428,7239,3189,113.35,78.68,2026-08-07T09:07:29.731Z
2024,하반기,사이버대학(대학),사립,대학,서울,기존,0000418,고려사이버대학교,1,7378,0,9176,6758,2418,124.37,91.6,2026-08-07T09:07:29.731Z
2024,하반기,대학교,사립,대학,서울,기존,0000053,광운대학교,1,6899,0,7656,6025,1631,110.97,87.33,2026-08-07T09:07:29.731Z
2024,하반기,대학교,사립,대학,서울,기존,0000056,국민대학교,1,11819,0,13645,10973,2672,115.45,92.84,2026-08-07T09:07:29.731Z
2024,하반기,대학교,사립,대학,서울,기존,0000070,덕성여자대학교,1,4535,0,5013,4415,598,110.54,97.35,2026-08-07T09:07:29.731Z
2024,하반기,대학교,사립,대학,서울,기존,0000072,동덕여자대학교,1,6278,0,6564,5713,851,104.56,91,2026-08-07T09:07:29.731Z
2024,하반기,전문대학,사립,전문대학,서울,기존,0000300,동양미래대학교,1,5216,0,5307,4289,1018,101.74,82.23,2026-08-07T09:07:29.731Z
2024,하반기,사이버대학(대학),사립,대학,서울,기존,0000420,디지털서울문화예술대학교,1,3630,0,2640,2233,407,72.73,61.52,2026-08-07T09:07:29.731Z
2024,하반기,전문대학,사립,전문대학,서울,기존,0000307,명지전문대학,1,5635,0,5821,4680,1141,103.3,83.05,2026-08-07T09:07:29.731Z
2024,하반기,전문대학,사립,전문대학,서울,기존,0000310,배화여자대학교,1,2445,0,2399,1959,440,98.12,80.12,2026-08-07T09:07:29.731Z
2024,하반기,사이버대학(대학),사립,대학,서울,기존,0000422,사이버한국외국어대학교,1,4790,0,5963,4263,1700,124.49,89,2026-08-07T09:07:29.731Z
2024,하반기,대학교,사립,대학,서울,기존,0000084,삼육대학교,1,4623,0,4813,4299,514,104.11,92.99,2026-08-07T09:07:29.731Z
2024,하반기,전문대학,사립,전문대학,서울,기존,0000317,삼육보건대학교,1,1060,0,1266,941,325,119.43,88.77,2026-08-07T09:07:29.731Z
2024,하반기,대학교,사립,대학,서울,기존,0000085,상명대학교,2,10845,0,10671,9407,1264,98.4,86.74,2026-08-07T09:07:29.731Z
2024,하반기,대학교,사립,대학,서울,기존,0000087,서강대학교,1,6352,0,7448,5802,1646,117.25,91.34,2026-08-07T09:07:29.731Z
2024,하반기,대학교,사립,대학,서울,기존,0000088,서경대학교,1,5156,0,6223,4550,1673,120.69,88.25,2026-08-07T09:07:29.731Z
2024,하반기,대학교,국립,대학,서울,기존,0000027,서울과학기술대학교,1,8662,0,9303,7873,1430,107.4,90.89,2026-08-07T09:07:29.731Z
2024,하반기,교육대학,국립,대학,서울,기존,0000199,서울교육대학교,1,1420,0,1236,1104,132,87.04,77.75,2026-08-07T09:07:29.731Z
2024,하반기,대학교,사립,대학,서울,기존,0000069,서울기독대학교,1,544,0,1031,372,659,189.52,68.38,2026-08-07T09:07:29.731Z
2024,하반기,대학교,국립대법인,대학,서울,기존,0000012,서울대학교,1,13543,0,15229,13584,1645,112.45,100.3,2026-08-07T09:07:29.731Z
2024,하반기,사이버대학(대학),사립,대학,서울,기존,0000412,서울디지털대학교,1,9750,0,10412,6698,3714,106.79,68.7,2026-08-07T09:07:29.731Z
2024,하반기,사이버대학(대학),사립,대학,서울,기존,0000413,서울사이버대학교,1,10660,0,14495,8840,5655,135.98,82.93,2026-08-07T09:07:29.731Z
2024,하반기,대학교,공립,대학,서울,기존,0000030,서울시립대학교,1,6986,0,8299,7451,848,118.79,106.66,2026-08-07T09:07:29.731Z
2024,하반기,전문대학,사립,전문대학,서울,기존,0000321,서울여자간호대학교,1,672,0,843,568,275,125.45,84.52,2026-08-07T09:07:29.731Z
2024,하반기,대학교,사립,대학,서울,기존,0000091,서울여자대학교,1,6583,0,6509,5618,891,98.88,85.34,2026-08-07T09:07:29.731Z
2024,하반기,전문대학,사립,전문대학,서울,기존,0000324,서일대학교,1,5660,0,5528,4631,897,97.67,81.82,2026-08-07T09:07:29.731Z
2024,하반기,대학교,사립,대학,서울,기존,0000096,성공회대학교,1,2008,0,1990,1696,294,99.1,84.46,2026-08-07T09:07:29.731Z
2024,하반기,대학교,사립,대학,서울,기존,0000097,성균관대학교,1,13671,0,17274,12453,4821,126.36,91.09,2026-08-07T09:07:29.731Z
2024,하반기,대학교,사립,대학,서울,기존,0000098,성신여자대학교,1,8759,0,8519,7596,923,97.26,86.72,2026-08-07T09:07:29.731Z
2024,하반기,대학교,사립,대학,서울,기존,0000100,세종대학교,1,9709,0,11862,8999,2863,122.18,92.69,2026-08-07T09:07:29.731Z
2024,하반기,사이버대학(대학),사립,대학,서울,기존,0000415,세종사이버대학교,1,6890,0,10120,5788,4332,146.88,84.01,2026-08-07T09:07:29.731Z
2024,하반기,대학교,사립,대학,서울,기존,0000103,숙명여자대학교,1,8690,0,9613,8138,1475,110.62,93.65,2026-08-07T09:07:29.731Z
2024,하반기,대학교,사립,대학,서울,기존,0000105,숭실대학교,1,10805,2,13453,9953,3500,124.53,92.13,2026-08-07T09:07:29.731Z
2024,하반기,사이버대학(대학),사립,대학,서울,기존,0000419,숭실사이버대학교,1,4900,0,7050,4230,2820,143.88,86.33,2026-08-07T09:07:29.731Z
2024,하반기,전문대학,사립,전문대학,서울,기존,0000333,숭의여자대학교,1,3050,0,2750,2448,302,90.16,80.26,2026-08-07T09:07:29.731Z
2024,하반기,대학교,사립,대학,서울,기존,0000121,이화여자대학교,1,12817,0,14334,11747,2587,111.84,91.65,2026-08-07T09:07:29.731Z
2024,하반기,전문대학,사립,전문대학,서울,기존,0000356,인덕대학교,1,5528,0,5176,4464,712,93.63,80.75,2026-08-07T09:07:29.731Z
2024,하반기,대학교,사립,대학,서울,기존,0000125,장로회신학대학교,1,600,0,568,540,28,94.67,90,2026-08-07T09:07:29.731Z
2024,하반기,기술대학,사립,대학,서울,기존,0000228,정석대학,1,200,0,24,24,0,12,12,2026-08-07T09:07:29.731Z
2024,하반기,대학교,사립,대학,서울,기존,0000129,중앙대학교,2,18024,0,21213,16077,5136,117.69,89.2,2026-08-07T09:07:29.731Z
2024,하반기,대학교,사립,대학,서울,기존,0000133,총신대학교,1,1228,0,1284,1150,134,104.56,93.65,2026-08-07T09:07:29.731Z
2024,하반기,대학교,사립,대학,서울,기존,0000134,추계예술대학교,1,1000,0,991,919,72,99.1,91.9,2026-08-07T09:07:29.731Z
2024,하반기,사이버대학(대학),사립,대학,서울,신설,0000570,태재대학교,1,200,0,49,37,12,24.5,18.5,2026-08-07T09:07:29.731Z
2024,하반기,방송통신대학,국립,대학,서울,기존,0000215,한국방송통신대학교,1,218580,0,82108,74068,8040,37.56,33.89,2026-08-07T09:07:29.731Z
2024,하반기,대학교,사립,대학,서울,기존,0000142,한국성서대학교,1,892,0,860,783,77,96.41,87.78,2026-08-07T09:07:29.731Z
2024,하반기,사이버대학(대학),사립,대학,서울,기존,0000416,한국열린사이버대학교,1,3000,0,5250,2465,2785,175,82.17,2026-08-07T09:07:29.731Z
2024,하반기,각종학교(대학),특별법국립,대학,서울,기존,0000471,한국예술종합학교,1,2252,0,2602,2475,127,115.54,109.9,2026-08-07T09:07:29.731Z
2024,하반기,대학교,사립,대학,서울,기존,0000143,한국외국어대학교,1,13606,0,15209,12379,2830,111.78,90.98,2026-08-07T09:07:29.731Z
2024,하반기,대학교,국립,대학,서울,기존,0000023,한국체육대학교,1,2140,0,2299,2153,146,107.43,100.61,2026-08-07T09:07:29.731Z
2024,하반기,기능대학,사립,전문대학,서울,기존,0000478,한국폴리텍 I 대학,1,510,0,388,321,67,76.08,62.94,2026-08-07T09:07:29.731Z
2024,하반기,기능대학,사립,전문대학,서울,기존,0000477,한국폴리텍 I 대학,1,1040,0,980,726,254,94.23,69.81,2026-08-07T09:07:29.731Z
2024,하반기,대학교,사립,대학,서울,기존,0000150,한성대학교,1,5872,0,6530,5520,1010,111.21,94.01,2026-08-07T09:07:29.731Z
2024,하반기,사이버대학(대학),사립,대학,서울,기존,0000421,한양사이버대학교,1,10680,0,15138,9892,5246,141.74,92.62,2026-08-07T09:07:29.731Z
2024,하반기,전문대학,사립,전문대학,서울,기존,0000384,한양여자대학교,1,6226,0,6191,5311,880,99.44,85.3,2026-08-07T09:07:29.731Z
2024,하반기,대학교,사립,대학,서울,기존,0000539,한영신학대학교,1,720,0,568,485,83,78.89,67.36,2026-08-07T09:07:29.731Z
2024,하반기,대학교,사립,대학,서울,기존,0000160,홍익대학교,2,14935,0,16927,14028,2899,113.34,93.93,2026-08-07T09:07:29.731Z
2024,하반기,대학교,사립,대학,세종,기존,0000049,고려대학교,2,21647,0,24774,19210,5564,114.45,88.74,2026-08-07T09:07:29.731Z
2024,하반기,대학교,사립,대학,세종,기존,0000066,대전가톨릭대학교,1,160,0,32,32,0,20,20,2026-08-07T09:07:29.731Z
2024,하반기,전문대학,사립,전문대학,세종,기존,0000353,한국영상대학교,1,3185,0,2703,2386,317,84.87,74.91,2026-08-07T09:07:29.731Z
2024,하반기,대학교,특별법법인,대학,울산,기존,0000527,울산과학기술원,1,1600,0,1636,1403,233,102.25,87.69,2026-08-07T09:07:29.731Z
2024,하반기,전문대학,사립,전문대학,울산,기존,0000352,울산과학대학교,1,4606,0,4860,3872,988,105.51,84.06,2026-08-07T09:07:29.731Z
2024,하반기,대학교,사립,대학,울산,기존,0000117,울산대학교,1,10881,0,10048,9372,676,92.34,86.13,2026-08-07T09:07:29.731Z
2024,하반기,전문대학,사립,전문대학,울산,기존,0000375,춘해보건대학교,1,2167,0,2497,1790,707,115.23,82.6,2026-08-07T09:07:29.731Z
2024,하반기,기능대학,사립,전문대학,울산,기존,0000498,한국폴리텍 VII 대학,1,610,0,606,512,94,99.34,83.93,2026-08-07T09:07:29.731Z
2024,하반기,교육대학,국립,대학,인천,기존,0000200,경인교육대학교,2,2392,0,2291,2087,204,95.78,87.25,2026-08-07T09:07:29.731Z
2024,하반기,전문대학,사립,전문대학,인천,기존,0000261,경인여자대학교,1,3408,0,3252,2539,713,95.42,74.5,2026-08-07T09:07:29.731Z
2024,하반기,대학교,사립,대학,인천,기존,0000123,인천가톨릭대학교,2,662,0,637,592,45,96.22,89.43,2026-08-07T09:07:29.731Z
2024,하반기,대학교,국립대법인,대학,인천,기존,0000031,인천대학교,1,9992,0,10615,9607,1008,106.23,96.15,2026-08-07T09:07:29.731Z
2024,하반기,전문대학,사립,전문대학,인천,기존,0000587,인천재능대학교,1,2953,0,2601,2238,363,88.08,75.79,2026-08-07T09:07:29.731Z
2024,하반기,전문대학,사립,전문대학,인천,기존,0000357,인하공업전문대학,1,5742,0,6570,4997,1573,114.42,87.03,2026-08-07T09:07:29.731Z
2024,하반기,대학교,사립,대학,인천,기존,0000124,인하대학교,1,14215,0,15798,12880,2918,111.14,90.61,2026-08-07T09:07:29.731Z
2024,하반기,기능대학,사립,전문대학,인천,기존,0000481,한국폴리텍 II 대학,1,50,0,84,39,45,168,78,2026-08-07T09:07:29.731Z
2024,하반기,기능대학,사립,전문대학,인천,기존,0000480,한국폴리텍 II 대학,1,1485,0,1262,992,270,84.98,66.8,2026-08-07T09:07:29.731Z
2024,하반기,전문대학,사립,전문대학,전남,기존,0000585,고구려대학교,1,1670,0,1322,1158,164,79.16,69.34,2026-08-07T09:07:29.731Z
2024,하반기,전문대학,사립,전문대학,전남,기존,0000266,광양보건대학교,1,1028,28,109,97,12,10.9,9.7,2026-08-07T09:07:29.731Z
2024,하반기,대학교,사립,대학,전남,기존,0000054,광주가톨릭대학교,1,160,0,57,57,0,35.63,35.63,2026-08-07T09:07:29.731Z
2024,하반기,대학교,사립,대학,전남,기존,0000074,동신대학교,1,6070,0,5405,4728,677,89.04,77.89,2026-08-07T09:07:29.731Z
2024,하반기,전문대학,사립,전문대학,전남,기존,0000532,동아보건대학교,1,1092,0,928,839,89,84.98,76.83,2026-08-07T09:07:29.731Z
2024,하반기,대학교,사립,대학,전남,기존,0000166,목포가톨릭대학교,1,480,0,470,443,27,97.92,92.29,2026-08-07T09:07:29.731Z
2024,하반기,전문대학,사립,전문대학,전남,기존,0000308,목포과학대학교,1,2230,0,2342,1947,395,105.02,87.31,2026-08-07T09:07:29.731Z
2024,하반기,대학교,국립,대학,전남,기존,0000576,목포대학교,1,6194,0,5317,4831,486,85.84,77.99,2026-08-07T09:07:29.731Z
2024,하반기,대학교,국립,대학,전남,기존,0000577,목포해양대학교,1,2736,0,2450,2331,119,89.55,85.2,2026-08-07T09:07:29.731Z
2024,하반기,대학교,사립,대학,전남,기존,0000064,세한대학교,1,3268,0,3162,2523,639,96.76,77.2,2026-08-07T09:07:29.731Z
2024,하반기,대학교,국립,대학,전남,기존,0000579,순천대학교,1,6554,0,5949,5436,513,90.77,82.94,2026-08-07T09:07:29.731Z
2024,하반기,전문대학,사립,전문대학,전남,기존,0000331,순천제일대학교,1,2308,0,2422,1896,526,104.94,82.15,2026-08-07T09:07:29.731Z
2024,하반기,대학교,사립,대학,전남,기존,0000114,영산선학대학교,1,200,0,20,19,1,10,9.5,2026-08-07T09:07:29.731Z
2024,하반기,전문대학,사립,전문대학,전남,기존,0000360,전남과학대학교,1,2710,0,2937,2050,887,108.38,75.65,2026-08-07T09:07:29.731Z
2024,하반기,전문대학,공립,전문대학,전남,기존,0000389,전남도립대학교,1,975,0,867,812,55,88.92,83.28,2026-08-07T09:07:29.731Z
2024,하반기,전문대학,사립,전문대학,전남,기존,0000332,청암대학교,1,2307,0,1974,1669,305,85.57,72.35,2026-08-07T09:07:29.731Z
2024,하반기,대학교,사립,대학,전남,기존,0000190,초당대학교,1,2938,0,2338,2176,162,79.58,74.06,2026-08-07T09:07:29.731Z
2024,하반기,대학교,특별법법인,대학,전남,기존,0000561,한국에너지공과대학교,1,300,0,229,212,17,76.33,70.67,2026-08-07T09:07:29.731Z
2024,하반기,기능대학,사립,전문대학,전남,기존,0000543,한국폴리텍 V 대학,1,0,0,3,0,3,0,0,2026-08-07T09:07:29.731Z
2024,하반기,기능대학,사립,전문대학,전남,기존,0000554,한국폴리텍 V 대학,1,175,0,126,105,21,72,60,2026-08-07T09:07:29.731Z
2024,하반기,전문대학,사립,전문대학,전남,기존,0000546,한영대학,1,1189,0,1295,1015,280,108.92,85.37,2026-08-07T09:07:29.731Z
2024,하반기,전문대학,사립,전문대학,전북,기존,0000250,군산간호대학교,1,884,0,1097,779,318,124.1,88.12,2026-08-07T09:07:29.731Z
2024,하반기,대학교,국립,대학,전북,기존,0000574,군산대학교,1,6876,0,5780,5265,515,84.06,76.57,2026-08-07T09:07:29.731Z
2024,하반기,전문대학,사립,전문대학,전북,기존,0000270,군장대학교,1,1500,0,1764,1196,568,117.6,79.73,2026-08-07T09:07:29.731Z
2024,하반기,전문대학,사립,전문대학,전북,기존,0000311,백제예술대학교,1,980,0,647,622,25,66.02,63.47,2026-08-07T09:07:29.731Z
2024,하반기,대학교,사립,대학,전북,기존,0000173,예수대학교,1,469,0,451,423,28,96.16,90.19,2026-08-07T09:07:29.731Z
2024,하반기,대학교,사립,대학,전북,기존,0000164,예원예술대학교,2,1012,0,1161,713,448,114.72,70.45,2026-08-07T09:07:29.731Z
2024,하반기,대학교,사립,대학,전북,기존,0000116,우석대학교,1,6564,0,6280,4983,1297,95.67,75.91,2026-08-07T09:07:29.731Z
2024,하반기,대학교,사립,대학,전북,기존,0000118,원광대학교,1,13297,0,11820,11106,714,88.89,83.52,2026-08-07T09:07:29.731Z
2024,하반기,사이버대학(대학),사립,대학,전북,기존,0000417,원광디지털대학교,1,4685,0,5195,3717,1478,110.89,79.34,2026-08-07T09:07:29.731Z
2024,하반기,전문대학,사립,전문대학,전북,기존,0000354,원광보건대학교,1,3666,80,3546,2750,796,98.88,76.69,2026-08-07T09:07:29.731Z
2024,하반기,전문대학,사립,전문대학,전북,기존,0000362,전북과학대학교,1,1509,0,1560,1294,266,103.38,85.75,2026-08-07T09:07:29.731Z
2024,하반기,대학교,국립,대학,전북,기존,0000017,전북대학교,1,15952,0,15668,13847,1821,98.22,86.8,2026-08-07T09:07:29.731Z
2024,하반기,교육대학,국립,대학,전북,기존,0000201,전주교육대학교,1,1140,0,1043,980,63,91.49,85.96,2026-08-07T09:07:29.731Z
2024,하반기,전문대학,사립,전문대학,전북,기존,0000274,전주기전대학,1,1981,0,1512,1288,224,76.33,65.02,2026-08-07T09:07:29.731Z
2024,하반기,대학교,사립,대학,전북,기존,0000126,전주대학교,1,10193,0,9086,8255,831,89.14,80.99,2026-08-07T09:07:29.731Z
2024,하반기,전문대학,사립,전문대학,전북,기존,0000361,전주비전대학교,1,2577,0,2846,1990,856,110.44,77.22,2026-08-07T09:07:29.731Z
2024,하반기,전문대학,특별법국립,전문대학,전북,기존,0000473,한국농수산대학,1,1710,0,1568,1452,116,91.7,84.91,2026-08-07T09:07:29.731Z
2024,하반기,기능대학,사립,전문대학,전북,기존,0000493,한국폴리텍 V 대학,1,100,0,96,64,32,96,64,2026-08-07T09:07:29.731Z
2024,하반기,기능대학,사립,전문대학,전북,기존,0000553,한국폴리텍 V 대학,1,435,0,345,279,66,79.31,64.14,2026-08-07T09:07:29.731Z
2024,하반기,대학교,사립,대학,전북,기존,0000155,한일장신대학교,1,876,0,660,634,26,75.34,72.37,2026-08-07T09:07:29.731Z
2024,하반기,산업대학,사립,대학,전북,기존,0000223,호원대학교,1,4398,0,4569,3138,1431,103.89,71.35,2026-08-07T09:07:29.731Z
2024,하반기,전문대학,사립,전문대학,제주,기존,0000363,제주관광대학교,1,2058,25,1242,1098,144,61.09,54.01,2026-08-07T09:07:29.731Z
2024,하반기,대학교,사립,대학,제주,기존,0000192,제주국제대학교,1,1480,0,314,178,136,21.22,12.03,2026-08-07T09:07:29.731Z
2024,하반기,대학교,국립,대학,제주,기존,0000018,제주대학교,1,8836,0,8507,7704,803,96.28,87.19,2026-08-07T09:07:29.731Z
2024,하반기,전문대학,사립,전문대학,제주,기존,0000382,제주한라대학교,1,4405,0,3881,2983,898,88.1,67.72,2026-08-07T09:07:29.731Z
2024,하반기,기능대학,사립,전문대학,제주,기존,0000535,한국폴리텍 I 대학,1,50,0,48,42,6,96,84,2026-08-07T09:07:29.731Z
2024,하반기,대학교,사립,대학,충남,기존,0000038,건양대학교,2,6598,0,6049,5602,447,91.68,84.9,2026-08-07T09:07:29.731Z
2024,하반기,교육대학,국립,대학,충남,기존,0000195,공주교육대학교,1,1416,0,1320,1226,94,93.22,86.58,2026-08-07T09:07:29.731Z
2024,하반기,대학교,국립,대학,충남,기존,0000573,공주대학교,1,11232,0,11490,9869,1621,102.3,87.87,2026-08-07T09:07:29.731Z
2024,하반기,사이버대학(대학),사립,대학,충남,기존,0000424,글로벌사이버대학교,1,3626,0,2293,2266,27,63.24,62.49,2026-08-07T09:07:29.731Z
2024,하반기,대학교,사립,대학,충남,기존,0000169,금강대학교,1,440,0,87,87,0,19.77,19.77,2026-08-07T09:07:29.731Z
2024,하반기,대학교,사립,대학,충남,기존,0000059,나사렛대학교,1,4824,60,4310,3798,512,90.47,79.72,2026-08-07T09:07:29.731Z
2024,하반기,대학교,사립,대학,충남,기존,0000189,남서울대학교,1,8793,0,8379,7216,1163,95.29,82.07,2026-08-07T09:07:29.731Z
2024,하반기,대학교,사립,대학,충남,기존,0000131,백석대학교,1,11760,0,10970,9876,1094,93.28,83.98,2026-08-07T09:07:29.731Z
2024,하반기,전문대학,사립,전문대학,충남,기존,0000373,백석문화대학교,1,3841,0,3489,2851,638,90.84,74.23,2026-08-07T09:07:29.731Z
2024,하반기,대학교,사립,대학,충남,기존,0000094,선문대학교,1,8241,0,7872,6788,1084,95.52,82.37,2026-08-07T09:07:29.731Z
2024,하반기,대학교,사립,대학,충남,기존,0000104,순천향대학교,1,9634,0,10588,9118,1470,109.9,94.64,2026-08-07T09:07:29.731Z
2024,하반기,전문대학,사립,전문대학,충남,기존,0000335,신성대학교,1,2730,0,2490,2005,485,91.21,73.44,2026-08-07T09:07:29.731Z
2024,하반기,전문대학,사립,전문대학,충남,기존,000568,아주자동차대학,1,680,0,917,589,328,134.85,86.62,2026-08-07T09:07:29.731Z
2024,하반기,전문대학,사립,전문대학,충남,기존,0000529,연암대학교,1,966,0,1064,874,190,110.14,90.48,2026-08-07T09:07:29.731Z
2024,하반기,대학교,사립,대학,충남,기존,0000128,중부대학교,1,7335,0,6807,5735,1072,92.8,78.19,2026-08-07T09:07:29.731Z
2024,하반기,산업대학,사립,대학,충남,기존,0000225,청운대학교,1,4576,0,5133,3613,1520,112.17,78.96,2026-08-07T09:07:29.731Z
2024,하반기,전문대학,공립,전문대학,충남,기존,0000519,충남도립대학교,1,1058,0,905,851,54,85.54,80.43,2026-08-07T09:07:29.731Z
2024,하반기,대학교,사립,대학,충남,기존,0000141,한국기술교육대학교,1,3344,0,3753,3225,528,112.23,96.44,2026-08-07T09:07:29.731Z
2024,하반기,대학교,특별법국립,대학,충남,기존,0000472,한국전통문화대학교,1,560,0,535,516,19,95.54,92.14,2026-08-07T09:07:29.731Z
2024,하반기,기능대학,사립,전문대학,충남,기존,0000500,한국폴리텍 특성화대학,1,340,0,305,265,40,89.71,77.94,2026-08-07T09:07:29.731Z
2024,하반기,기능대학,사립,전문대학,충남,기존,0000487,한국폴리텍 IV 대학,1,395,0,337,256,81,85.32,64.81,2026-08-07T09:07:29.731Z
2024,하반기,기능대학,사립,전문대학,충남,기존,0000588,한국폴리텍 IV 대학,1,210,0,159,142,17,75.71,67.62,2026-08-07T09:07:29.731Z
2024,하반기,대학교,사립,대학,충남,기존,0000149,한서대학교,1,6241,0,5813,5292,521,93.14,84.79,2026-08-07T09:07:29.731Z
2024,하반기,전문대학,사립,전문대학,충남,기존,0000386,혜전대학교,1,2520,45,2626,1906,720,106.1,77.01,2026-08-07T09:07:29.731Z
2024,하반기,대학교,사립,대학,충남,기존,0000159,호서대학교,1,11564,0,11368,10316,1052,98.31,89.21,2026-08-07T09:07:29.731Z
2024,하반기,전문대학,사립,전문대학,충북,기존,0000271,강동대학교,1,2897,0,3119,2320,799,107.66,80.08,2026-08-07T09:07:29.731Z
2024,하반기,대학교,사립,대학,충북,기존,0000037,건국대학교,2,18394,0,20880,17476,3404,113.52,95.01,2026-08-07T09:07:29.731Z
2024,하반기,대학교,사립,대학,충북,기존,0000058,극동대학교,1,3488,0,2945,2285,660,84.43,65.51,2026-08-07T09:07:29.731Z
2024,하반기,대학교,사립,대학,충북,기존,0000557,꽃동네대학교,1,432,0,380,363,17,87.96,84.03,2026-08-07T09:07:29.731Z
2024,하반기,전문대학,사립,전문대학,충북,기존,0000286,대원대학교,1,1960,0,1778,1329,449,90.71,67.81,2026-08-07T09:07:29.731Z
2024,하반기,대학교,사립,대학,충북,기존,0000093,서원대학교,1,6488,0,6894,5592,1302,106.26,86.19,2026-08-07T09:07:29.731Z
2024,하반기,대학교,사립,대학,충북,기존,0000099,세명대학교,1,6974,0,5505,5110,395,78.94,73.27,2026-08-07T09:07:29.731Z
2024,하반기,각종학교(대학),사립,대학,충북,기존,0000404,순복음총회신학교,1,249,0,115,115,0,46.18,46.18,2026-08-07T09:07:29.731Z
2024,하반기,대학교,사립,대학,충북,기존,0000113,유원대학교,1,3500,0,3221,3055,166,92.03,87.29,2026-08-07T09:07:29.731Z
2024,하반기,대학교,사립,대학,충북,기존,0000183,중원대학교,1,3308,44,2992,2799,193,91.67,85.75,2026-08-07T09:07:29.731Z
2024,하반기,교육대학,국립,대학,충북,기존,0000204,청주교육대학교,1,1144,0,1101,1018,83,96.24,88.99,2026-08-07T09:07:29.731Z
2024,하반기,대학교,사립,대학,충북,기존,0000132,청주대학교,1,10607,0,11447,9313,2134,107.92,87.8,2026-08-07T09:07:29.731Z
2024,하반기,대학교,국립,대학,충북,기존,0000021,충북대학교,1,11601,0,12243,10883,1360,105.53,93.81,2026-08-07T09:07:29.731Z
2024,하반기,전문대학,공립,전문대학,충북,기존,0000544,충북도립대학,1,860,0,628,627,1,73.02,72.91,2026-08-07T09:07:29.731Z
2024,하반기,전문대학,사립,전문대학,충북,기존,0000367,충북보건과학대학교,1,2356,0,2202,1668,534,93.46,70.8,2026-08-07T09:07:29.731Z
2024,하반기,전문대학,사립,전문대학,충북,기존,0000377,충청대학교,1,3361,0,2889,2318,571,85.96,68.97,2026-08-07T09:07:29.731Z
2024,하반기,대학교,국립,대학,충북,기존,0000022,한국교원대학교,1,2184,0,2225,2070,155,101.88,94.78,2026-08-07T09:07:29.731Z
2024,하반기,대학교,국립,대학,충북,기존,0000582,한국교통대학교,1,7664,0,7422,6695,727,96.84,87.36,2026-08-07T09:07:29.731Z
2024,하반기,기능대학,사립,전문대학,충북,기존,0000485,한국폴리텍 IV 대학,1,585,0,632,476,156,108.03,81.37,2026-08-07T09:07:29.731Z
2025,상반기,대학교,사립,대학,강원,기존,0000072,가톨릭관동대학교,1,6945,0,5229,4778,451,75.29,68.8,2026-08-07T09:07:29.731Z
2025,상반기,전문대학,사립,전문대학,강원,기존,0000514,강릉영동대학교,1,2112,40,3144,1697,1447,151.74,81.9,2026-08-07T09:07:29.731Z
2025,상반기,대학교,국립,대학,강원,기존,0000003,강원대학교,2,18175,0,18974,16925,2049,104.4,93.12,2026-08-07T09:07:29.731Z
2025,상반기,전문대학,공립,전문대학,강원,기존,0002639,강원도립대학교,1,658,0,583,583,0,88.6,88.6,2026-08-07T09:07:29.731Z
2025,상반기,대학교,사립,대학,강원,기존,0000060,경동대학교,3,6309,0,7145,5637,1508,113.25,89.35,2026-08-07T09:07:29.731Z
2025,상반기,대학교,국립,대학,강원,기존,0000001,국립강릉원주대학교,2,7018,93,6681,6200,481,96.48,89.53,2026-08-07T09:07:29.731Z
2025,상반기,대학교,사립,대학,강원,기존,0000119,상지대학교,1,7078,0,5722,5344,378,80.84,75.5,2026-08-07T09:07:29.731Z
2025,상반기,전문대학,사립,전문대학,강원,폐교,0000485,상지영서대학교,1,0,0,3,3,0,0,0,2026-08-07T09:07:29.731Z
2025,상반기,전문대학,사립,전문대학,강원,기존,0000515,세경대학교,1,907,0,771,670,101,85.01,73.87,2026-08-07T09:07:29.731Z
2025,상반기,전문대학,사립,전문대학,강원,기존,0000567,송곡대학교,1,569,0,2479,507,1972,435.68,89.1,2026-08-07T09:07:29.731Z
2025,상반기,전문대학,사립,전문대학,강원,기존,0000564,송호대학교,1,894,0,963,746,217,107.72,83.45,2026-08-07T09:07:29.731Z
2025,상반기,교육대학,국립,대학,강원,기존,0000262,춘천교육대학교,1,1245,0,1186,1121,65,95.26,90.04,2026-08-07T09:07:29.731Z
2025,상반기,전문대학,사립,전문대학,강원,기존,0000578,한국골프과학기술대학교,1,460,0,465,429,36,101.09,93.26,2026-08-07T09:07:29.731Z
2025,상반기,기능대학,사립,전문대학,강원,기존,0000594,한국폴리텍 III 대학 강릉캠퍼스,1,115,0,106,95,11,92.17,82.61,2026-08-07T09:07:29.731Z
2025,상반기,기능대학,사립,전문대학,강원,기존,0002854,한국폴리텍 III 대학 원주캠퍼스,1,110,0,113,71,42,102.73,64.55,2026-08-07T09:07:29.731Z
2025,상반기,기능대학,사립,전문대학,강원,기존,0000593,한국폴리텍 III 대학 춘천캠퍼스,1,275,0,213,186,27,77.45,67.64,2026-08-07T09:07:29.731Z
2025,상반기,대학교,사립,대학,강원,기존,0000197,한라대학교,1,3554,4,3128,2761,367,88.11,77.77,2026-08-07T09:07:29.731Z
2025,상반기,대학교,사립,대학,강원,기존,0000198,한림대학교,1,7368,0,7575,7019,556,102.81,95.26,2026-08-07T09:07:29.731Z
2025,상반기,전문대학,사립,전문대학,강원,기존,0000553,한림성심대학교,1,2216,0,2443,1857,586,110.24,83.8,2026-08-07T09:07:29.731Z
2025,상반기,대학교,사립,대학,경기,기존,0000063,가천대학교,1,16724,0,22520,16522,5998,134.66,98.79,2026-08-07T09:07:29.731Z
2025,상반기,대학교,사립,대학,경기,기존,0000046,가톨릭대학교,3,7374,0,8952,7131,1821,121.4,96.7,2026-08-07T09:07:29.731Z
2025,상반기,대학교,사립,대학,경기,기존,0000051,강남대학교,1,5964,0,6522,5848,674,109.36,98.05,2026-08-07T09:07:29.731Z
2025,상반기,전문대학,사립,전문대학,경기,기존,0000560,경기과학기술대학교,1,3180,0,3919,2656,1263,123.24,83.52,2026-08-07T09:07:29.731Z
2025,상반기,대학교,사립,대학,경기,기존,0000056,경기대학교,2,11803,0,13732,12014,1718,116.34,101.79,2026-08-07T09:07:29.731Z
2025,상반기,전문대학,사립,전문대학,경기,기존,0000416,경민대학교,1,3601,0,5112,3239,1873,141.96,89.95,2026-08-07T09:07:29.731Z
2025,상반기,전문대학,사립,전문대학,경기,기존,0002641,경복대학교,1,5441,0,6253,4747,1506,114.92,87.24,2026-08-07T09:07:29.731Z
2025,상반기,전문대학,사립,전문대학,경기,기존,0000426,계원예술대학교,1,2424,0,2753,2377,376,113.57,98.06,2026-08-07T09:07:29.731Z
2025,상반기,전문대학,사립,전문대학,경기,기존,0000549,국제대학교,1,3043,0,2216,1964,252,72.82,64.54,2026-08-07T09:07:29.731Z
2025,상반기,사이버대학(대학),사립,대학,경기,기존,0000319,국제사이버대학교,1,2900,0,3649,2749,900,125.83,94.79,2026-08-07T09:07:29.731Z
2025,상반기,전문대학,사립,전문대학,경기,기존,0000440,김포대학교,1,1989,0,2567,1680,887,129.06,84.46,2026-08-07T09:07:29.731Z
2025,상반기,전문대학,사립,전문대학,경기,기존,0000441,농협대학교,1,174,0,380,152,228,218.39,87.36,2026-08-07T09:07:29.731Z
2025,상반기,대학교,사립,대학,경기,기존,0000082,단국대학교,2,18782,0,21920,19154,2766,116.71,101.98,2026-08-07T09:07:29.731Z
2025,상반기,전문대학,사립,전문대학,경기,기존,0000448,대림대학교,1,5705,0,6713,5184,1529,117.67,90.87,2026-08-07T09:07:29.731Z
2025,상반기,대학교,사립,대학,경기,기존,0000097,대진대학교,1,6936,0,7751,6247,1504,111.75,90.07,2026-08-07T09:07:29.731Z
2025,상반기,전문대학,사립,전문대학,경기,기존,0000457,동남보건대학교,1,4097,0,4633,3662,971,113.08,89.38,2026-08-07T09:07:29.731Z
2025,상반기,전문대학,사립,전문대학,경기,기존,0000450,동서울대학교,1,5541,0,5754,5033,721,103.84,90.83,2026-08-07T09:07:29.731Z
2025,상반기,전문대학,사립,전문대학,경기,기존,0000461,동아방송예술대학교,1,2469,0,3015,2301,714,122.11,93.2,2026-08-07T09:07:29.731Z
2025,상반기,전문대학,사립,전문대학,경기,기존,0000465,동원대학교,1,2920,0,3539,2365,1174,121.2,80.99,2026-08-07T09:07:29.731Z
2025,상반기,전문대학,사립,전문대학,경기,기존,0000469,두원공과대학교,1,3988,0,2105,1883,222,52.78,47.22,2026-08-07T09:07:29.731Z
2025,상반기,대학교,사립,대학,경기,기존,0000108,루터대학교,1,340,0,300,295,5,88.24,86.76,2026-08-07T09:07:29.731Z
2025,상반기,대학교,사립,대학,경기,기존,0000109,명지대학교,2,10335,0,13271,10297,2974,128.41,99.63,2026-08-07T09:07:29.731Z
2025,상반기,전문대학,사립,전문대학,경기,기존,0000482,부천대학교,1,5226,0,7099,4982,2117,135.84,95.33,2026-08-07T09:07:29.731Z
2025,상반기,대학교,사립,대학,경기,기존,0000125,서울신학대학교,1,1848,0,1967,1856,111,106.44,100.43,2026-08-07T09:07:29.731Z
2025,상반기,전문대학,사립,전문대학,경기,기존,0000489,서울예술대학교,1,1743,0,3104,1672,1432,178.08,95.93,2026-08-07T09:07:29.731Z
2025,상반기,대학교,사립,대학,경기,기존,0000127,서울장신대학교,1,378,0,331,281,50,87.57,74.34,2026-08-07T09:07:29.731Z
2025,상반기,전문대학,사립,전문대학,경기,기존,0000566,서정대학교,1,3106,0,9043,3057,5986,291.15,98.42,2026-08-07T09:07:29.731Z
2025,상반기,대학교,사립,대학,경기,기존,0000131,성결대학교,1,4912,0,5241,4899,342,106.7,99.74,2026-08-07T09:07:29.731Z
2025,상반기,대학교,사립,대학,경기,기존,0000139,수원가톨릭대학교,1,360,0,96,95,1,26.67,26.39,2026-08-07T09:07:29.731Z
2025,상반기,전문대학,사립,전문대학,경기,기존,0000497,수원과학대학교,1,5193,0,3020,2694,326,58.16,51.88,2026-08-07T09:07:29.731Z
2025,상반기,대학교,사립,대학,경기,기존,0000140,수원대학교,1,8520,0,8368,7842,526,98.22,92.04,2026-08-07T09:07:29.731Z
2025,상반기,전문대학,사립,전문대학,경기,기존,0000496,수원여자대학교,1,3762,0,3672,3137,535,97.61,83.39,2026-08-07T09:07:29.731Z
2025,상반기,전문대학,사립,전문대학,경기,기존,0000501,신구대학교,1,6096,0,5889,5159,730,96.6,84.63,2026-08-07T09:07:29.731Z
2025,상반기,전문대학,사립,전문대학,경기,기존,0000506,신안산대학교,1,2165,0,2735,1805,930,126.33,83.37,2026-08-07T09:07:29.731Z
2025,상반기,대학교,사립,대학,경기,기존,0002712,신한대학교,2,5620,0,6479,5372,1107,115.28,95.59,2026-08-07T09:07:29.731Z
2025,상반기,대학교,사립,대학,경기,기존,0000145,아신대학교,1,420,0,236,227,9,56.19,54.05,2026-08-07T09:07:29.731Z
2025,상반기,대학교,사립,대학,경기,기존,0000146,아주대학교,1,7948,0,10194,8042,2152,128.26,101.18,2026-08-07T09:07:29.731Z
2025,상반기,전문대학,사립,전문대학,경기,기존,0000507,안산대학교,1,4024,0,4611,3583,1028,114.59,89.04,2026-08-07T09:07:29.731Z
2025,상반기,대학교,사립,대학,경기,기존,0000147,안양대학교,2,4534,0,4653,4351,302,102.62,95.96,2026-08-07T09:07:29.731Z
2025,상반기,전문대학,사립,전문대학,경기,기존,0000510,여주대학교,1,3549,0,2744,2336,408,77.32,65.82,2026-08-07T09:07:29.731Z
2025,상반기,전문대학,사립,전문대학,경기,기존,0002651,연성대학교,1,5661,0,5959,5144,815,105.26,90.87,2026-08-07T09:07:29.731Z
2025,상반기,전문대학,사립,전문대학,경기,기존,0002653,오산대학교,1,4158,0,4227,3419,808,101.66,82.23,2026-08-07T09:07:29.731Z
2025,상반기,대학교,사립,대학,경기,기존,0000156,용인대학교,1,5048,0,5326,4954,372,105.51,98.14,2026-08-07T09:07:29.731Z
2025,상반기,전문대학,사립,전문대학,경기,기존,0000520,용인예술과학대학교,1,2940,0,2554,2162,392,86.87,73.54,2026-08-07T09:07:29.731Z
2025,상반기,전문대학,사립,전문대학,경기,기존,0000568,웅지세무대학교,1,1617,0,166,166,0,10.27,10.27,2026-08-07T09:07:29.731Z
2025,상반기,전문대학,사립,전문대학,경기,기존,0000524,유한대학교,1,4398,0,4685,4200,485,106.53,95.5,2026-08-07T09:07:29.731Z
2025,상반기,전문대학,사립,전문대학,경기,기존,0000527,장안대학교,1,3645,180,2666,1638,1028,76.94,47.27,2026-08-07T09:07:29.731Z
2025,상반기,대학교,사립,대학,경기,기존,0000177,중앙승가대학교,1,480,0,53,49,4,11.04,10.21,2026-08-07T09:07:29.731Z
2025,상반기,대학교,사립,대학,경기,기존,0000187,차의과학대학교,1,2046,0,2154,1936,218,105.28,94.62,2026-08-07T09:07:29.731Z
2025,상반기,전문대학,사립,전문대학,경기,기존,0000544,청강문화산업대학교,1,3366,0,3756,3311,445,111.59,98.37,2026-08-07T09:07:29.731Z
2025,상반기,대학교,사립,대학,경기,기존,0000184,칼빈대학교,1,360,0,2159,305,1854,599.72,84.72,2026-08-07T09:07:29.731Z
2025,상반기,대학교,사립,대학,경기,기존,0000186,평택대학교,1,3248,25,3006,2771,235,93.27,85.98,2026-08-07T09:07:29.731Z
2025,상반기,대학교,국립,대학,경기,기존,0000037,한경국립대학교,1,4911,0,5428,4887,541,110.53,99.51,2026-08-07T09:07:29.731Z
2025,상반기,대학교,사립,대학,경기,기존,0000247,한국공학대학교,1,5550,0,7596,5912,1684,136.86,106.52,2026-08-07T09:07:29.731Z
2025,상반기,전문대학,사립,전문대학,경기,기존,0000565,한국관광대학교,1,1804,0,1209,1041,168,67.02,57.71,2026-08-07T09:07:29.731Z
2025,상반기,전문대학,국립,전문대학,경기,폐교,0002659,한국복지대학교,1,0,0,155,75,80,0,0,2026-08-07T09:07:29.731Z
2025,상반기,산업대학,사립,,경기,폐교,0000272,한국산업기술대학교(산업대),1,0,0,0,0,0,0,0,2026-08-07T09:07:29.731Z
2025,상반기,기능대학,사립,전문대학,경기,기존,0000637,한국폴리텍 특성화대학 반도체융합캠퍼스,1,577,0,370,302,68,64.12,52.34,2026-08-07T09:07:29.731Z
2025,상반기,기능대학,사립,전문대학,경기,기존,0000586,한국폴리텍 I 대학 성남캠퍼스,1,650,36,558,463,95,90.88,75.41,2026-08-07T09:07:29.731Z
2025,상반기,기능대학,사립,전문대학,경기,기존,0003105,한국폴리텍 II 대학 화성캠퍼스,1,0,0,22,0,22,0,0,2026-08-07T09:07:29.731Z
2025,상반기,대학교,사립,대학,경기,기존,0000194,한국항공대학교,1,3440,0,4255,3604,651,123.69,104.77,2026-08-07T09:07:29.731Z
2025,상반기,대학교,사립,대학,경기,기존,0000201,한세대학교,1,2264,0,2509,2340,169,110.82,103.36,2026-08-07T09:07:29.731Z
2025,상반기,대학교,사립,대학,경기,기존,0000202,한신대학교,1,4718,0,5172,4737,435,109.62,100.4,2026-08-07T09:07:29.731Z
2025,상반기,대학교,사립,대학,경기,기존,0000207,협성대학교,1,4016,0,3773,3530,243,93.95,87.9,2026-08-07T09:07:29.731Z
2025,상반기,대학교,사립,대학,경기,기존,0000233,화성의과학대학교,1,1056,0,533,495,38,50.47,46.88,2026-08-07T09:07:29.731Z
2025,상반기,기능대학,사립,전문대학,경기,기존,0000579,ICT폴리텍대학,1,320,0,260,234,26,81.25,73.13,2026-08-07T09:07:29.731Z
2025,상반기,대학교,사립,대학,경남,기존,0002748,가야대학교(김해),2,1765,0,1610,1450,160,91.22,82.15,2026-08-07T09:07:29.731Z
2025,상반기,전문대학,사립,전문대학,경남,기존,0000412,거제대학교,1,979,0,1072,890,182,109.5,90.91,2026-08-07T09:07:29.731Z
2025,상반기,대학교,국립,대학,경남,폐교,0000035,경남과학기술대학교,1,24,0,1285,1226,59,5354.17,5108.33,2026-08-07T09:07:29.731Z
2025,상반기,대학교,사립,대학,경남,기존,0000059,경남대학교,1,8287,0,8352,7458,894,100.78,90,2026-08-07T09:07:29.731Z
2025,상반기,전문대학,공립,전문대학,경남,기존,0000402,경남도립거창대학,1,874,0,845,780,65,96.68,89.24,2026-08-07T09:07:29.731Z
2025,상반기,전문대학,공립,전문대학,경남,기존,0000403,경남도립남해대학,1,755,0,798,698,100,105.7,92.45,2026-08-07T09:07:29.731Z
2025,상반기,대학교,국립,대학,경남,기존,0000007,경상국립대학교,1,17518,0,16424,15263,1161,93.75,87.13,2026-08-07T09:07:29.731Z
2025,상반기,대학교,국립,대학,경남,기존,0000028,국립창원대학교,1,7009,0,7401,6749,652,105.59,96.29,2026-08-07T09:07:29.731Z
2025,상반기,전문대학,사립,전문대학,경남,기존,0000569,김해대학교,1,1406,0,1347,1096,251,95.8,77.95,2026-08-07T09:07:29.731Z
2025,상반기,전문대학,사립,전문대학,경남,기존,0000509,동원과학기술대학교,1,1809,0,2247,1576,671,124.21,87.12,2026-08-07T09:07:29.731Z
2025,상반기,전문대학,사립,전문대학,경남,기존,0000470,마산대학교,1,5086,0,4922,3924,998,96.78,77.15,2026-08-07T09:07:29.731Z
2025,상반기,대학교,사립,대학,경남,기존,0000222,부산장신대학교,1,128,0,125,124,1,97.66,96.88,2026-08-07T09:07:29.731Z
2025,상반기,전문대학,사립,전문대학,경남,기존,0002652,연암공과대학교,1,1060,0,1102,1016,86,103.96,95.85,2026-08-07T09:07:29.731Z
2025,상반기,대학교,사립,대학,경남,기존,0000164,인제대학교,1,6964,0,6844,6130,714,98.28,88.02,2026-08-07T09:07:29.731Z
2025,상반기,교육대학,국립,대학,경남,기존,0000260,진주교육대학교,1,1238,38,1169,1109,60,97.42,92.42,2026-08-07T09:07:29.731Z
2025,상반기,전문대학,사립,전문대학,경남,기존,0000539,진주보건대학교,1,2271,0,2249,1731,518,99.03,76.22,2026-08-07T09:07:29.731Z
2025,상반기,대학교,사립,대학,경남,기존,0000249,창신대학교,1,1340,0,1582,1291,291,118.06,96.34,2026-08-07T09:07:29.731Z
2025,상반기,전문대학,사립,전문대학,경남,기존,0000542,창원문성대학교,1,791,0,683,566,117,86.35,71.55,2026-08-07T09:07:29.731Z
2025,상반기,전문대학,사립,전문대학,경남,기존,0000570,한국승강기대학교,1,594,0,1872,529,1343,315.15,89.06,2026-08-07T09:07:29.731Z
2025,상반기,기능대학,사립,전문대학,경남,기존,0000638,한국폴리텍 특성화대학 항공캠퍼스,1,345,0,248,192,56,71.88,55.65,2026-08-07T09:07:29.731Z
2025,상반기,기능대학,사립,전문대학,경남,기존,0003157,한국폴리텍 VII 대학 진주캠퍼스,1,0,0,0,0,0,0,0,2026-08-07T09:07:29.731Z
2025,상반기,기능대학,사립,전문대학,경남,기존,0000631,한국폴리텍 VII 대학 창원캠퍼스,1,1125,0,1413,1022,391,125.6,90.84,2026-08-07T09:07:29.731Z
2025,상반기,전문대학,사립,전문대학,경북,기존,0000410,가톨릭상지대학교,1,1538,0,1732,1299,433,112.61,84.46,2026-08-07T09:07:29.731Z
2025,상반기,전문대학,사립,전문대학,경북,기존,0000456,경북과학대학교,1,1703,0,2266,1535,731,133.06,90.14,2026-08-07T09:07:29.731Z
2025,상반기,전문대학,공립,전문대학,경북,폐교,0000405,경북도립대학교,1,529,0,358,326,32,67.67,61.63,2026-08-07T09:07:29.731Z
2025,상반기,전문대학,사립,전문대학,경북,기존,0000438,경북보건대학교,1,1209,4,1306,1057,249,108.38,87.72,2026-08-07T09:07:29.731Z
2025,상반기,전문대학,사립,전문대학,경북,기존,0002642,경북전문대학교,1,2077,0,2605,1677,928,125.42,80.74,2026-08-07T09:07:29.731Z
2025,상반기,대학교,사립,대학,경북,기존,0000244,경운대학교,1,4736,0,5074,4207,867,107.14,88.83,2026-08-07T09:07:29.731Z
2025,상반기,대학교,사립,대학,경북,기존,0000064,경일대학교,1,6182,0,6930,5920,1010,112.1,95.76,2026-08-07T09:07:29.731Z
2025,상반기,전문대학,사립,전문대학,경북,기존,0000430,구미대학교,1,3550,0,6249,3125,3124,176.03,88.03,2026-08-07T09:07:29.731Z
2025,상반기,대학교,국립,대학,경북,기존,0000021,국립경국대학교,1,5629,0,4602,4372,230,81.76,77.67,2026-08-07T09:07:29.731Z
2025,상반기,대학교,국립,대학,경북,기존,0000010,국립금오공과대학교,1,4934,0,4895,4491,404,99.21,91.02,2026-08-07T09:07:29.731Z
2025,상반기,대학교,사립,대학,경북,기존,0000241,김천대학교,1,2567,0,2319,2009,310,90.34,78.26,2026-08-07T09:07:29.731Z
2025,상반기,전문대학,사립,전문대학,경북,기존,0000442,대경대학교,1,3363,0,3793,2740,1053,112.79,81.47,2026-08-07T09:07:29.731Z
2025,상반기,대학교,사립,대학,경북,기존,0000088,대구가톨릭대학교,1,10477,0,11320,9516,1804,108.05,90.83,2026-08-07T09:07:29.731Z
2025,상반기,대학교,사립,대학,경북,기존,0000084,대구대학교,1,15316,0,15459,13080,2379,100.93,85.4,2026-08-07T09:07:29.731Z
2025,상반기,사이버대학(대학),사립,대학,경북,기존,0000320,대구사이버대학교,1,3800,0,3212,2176,1036,84.53,57.26,2026-08-07T09:07:29.731Z
2025,상반기,대학교,사립,대학,경북,기존,0000087,대구예술대학교,1,1260,17,250,153,97,20.11,12.31,2026-08-07T09:07:29.731Z
2025,상반기,대학교,사립,대학,경북,기존,0000061,대구한의대학교,1,6078,0,6961,5225,1736,114.53,85.97,2026-08-07T09:07:29.731Z
2025,상반기,대학교,사립,대학,경북,기존,0000093,대신대학교,1,498,0,1335,483,852,268.07,96.99,2026-08-07T09:07:29.731Z
2025,상반기,대학교,사립,대학,경북,기존,0000106,동양대학교,1,4000,0,4241,3667,574,106.03,91.68,2026-08-07T09:07:29.731Z
2025,상반기,전문대학,사립,전문대학,경북,기존,0000475,문경대학교,1,851,0,630,565,65,74.03,66.39,2026-08-07T09:07:29.731Z
2025,상반기,전문대학,사립,전문대학,경북,폐교,0002645,서라벌대학교,1,180,0,203,169,34,112.78,93.89,2026-08-07T09:07:29.731Z
2025,상반기,전문대학,사립,전문대학,경북,기존,0000550,선린대학교,1,1883,0,1985,1606,379,105.42,85.29,2026-08-07T09:07:29.731Z
2025,상반기,전문대학,사립,전문대학,경북,기존,0002647,성운대학교,1,1126,0,1558,1112,446,138.37,98.76,2026-08-07T09:07:29.731Z
2025,상반기,대학교,사립,대학,경북,기존,0000065,신경주대학교,1,3304,317,1179,1101,78,39.47,36.86,2026-08-07T09:07:29.731Z
2025,상반기,전문대학,사립,전문대학,경북,기존,0002650,안동과학대학교,1,1936,0,2014,1601,413,104.03,82.7,2026-08-07T09:07:29.731Z
2025,상반기,대학교,사립,대학,경북,기존,0000151,영남대학교,1,18610,0,20623,18392,2231,110.82,98.83,2026-08-07T09:07:29.731Z
2025,상반기,대학교,사립,대학,경북,기존,0000153,영남신학대학교,1,460,0,371,367,4,80.65,79.78,2026-08-07T09:07:29.731Z
2025,상반기,전문대학,사립,전문대학,경북,기존,0000418,영남외국어대학,1,675,0,472,424,48,69.93,62.81,2026-08-07T09:07:29.731Z
2025,상반기,대학교,사립,대학,경북,기존,0000160,위덕대학교,1,2468,0,2116,2061,55,85.74,83.51,2026-08-07T09:07:29.731Z
2025,상반기,대학교,사립,대학,경북,기존,0000188,포항공과대학교,1,1280,0,1477,1332,145,115.39,104.06,2026-08-07T09:07:29.731Z
2025,상반기,전문대학,사립,전문대학,경북,기존,0002658,포항대학교,1,1734,0,1423,1309,114,82.06,75.49,2026-08-07T09:07:29.731Z
2025,상반기,사이버대학(전문대학),사립,전문대학,경북,기존,0000576,한국복지사이버대학교,1,2000,0,2329,1767,562,116.45,88.35,2026-08-07T09:07:29.731Z
2025,상반기,기능대학,사립,전문대학,경북,기존,0003104,한국폴리텍 특성화대학 로봇캠퍼스,1,200,0,136,121,15,68,60.5,2026-08-07T09:07:29.731Z
2025,상반기,기능대학,사립,전문대학,경북,기존,0000624,한국폴리텍 VI 대학 구미캠퍼스,1,470,0,500,433,67,106.38,92.13,2026-08-07T09:07:29.731Z
2025,상반기,기능대학,사립,전문대학,경북,기존,0002674,한국폴리텍 VI 대학 영주캠퍼스,1,50,0,52,49,3,104,98,2026-08-07T09:07:29.731Z
2025,상반기,대학교,사립,대학,경북,기존,0000196,한동대학교,1,2916,0,3876,3368,508,132.92,115.5,2026-08-07T09:07:29.731Z
2025,상반기,전문대학,사립,전문대학,경북,기존,0000415,호산대학교,1,1849,0,2479,1647,832,134.07,89.08,2026-08-07T09:07:29.731Z
2025,상반기,대학교,사립,대학,광주,기존,0000073,광신대학교,1,454,0,436,398,38,96.04,87.67,2026-08-07T09:07:29.731Z
2025,상반기,대학교,특별법법인,대학,광주,기존,0000381,광주과학기술원,1,800,0,920,830,90,115,103.75,2026-08-07T09:07:29.731Z
2025,상반기,교육대학,국립,대학,광주,기존,0000252,광주교육대학교,1,1265,0,1257,1178,79,99.37,93.12,2026-08-07T09:07:29.731Z
2025,상반기,대학교,사립,대학,광주,기존,0000231,광주대학교,1,5412,0,4900,4479,421,90.54,82.76,2026-08-07T09:07:29.731Z
2025,상반기,전문대학,사립,전문대학,광주,기존,0000429,광주보건대학교,1,3290,0,3546,2825,721,107.78,85.87,2026-08-07T09:07:29.731Z
2025,상반기,대학교,사립,대학,광주,기존,0000076,광주여자대학교,1,3611,0,3239,2978,261,89.7,82.47,2026-08-07T09:07:29.731Z
2025,상반기,전문대학,사립,전문대학,광주,기존,0002972,기독간호대학교,1,479,0,602,437,165,125.68,91.23,2026-08-07T09:07:29.731Z
2025,상반기,대학교,사립,대학,광주,기존,0000216,남부대학교,1,2507,0,2364,2135,229,94.3,85.16,2026-08-07T09:07:29.731Z
2025,상반기,전문대학,사립,전문대학,광주,기존,0000460,동강대학교,1,2412,47,2330,1849,481,98.52,78.18,2026-08-07T09:07:29.731Z
2025,상반기,전문대학,사립,전문대학,광주,기존,0002646,서영대학교,1,4193,0,4920,3752,1168,117.34,89.48,2026-08-07T09:07:29.731Z
2025,상반기,대학교,사립,대학,광주,기존,0000243,송원대학교,1,2670,0,2569,2291,278,96.22,85.81,2026-08-07T09:07:29.731Z
2025,상반기,대학교,국립,대학,광주,기존,0000023,전남대학교,2,17712,0,19199,17518,1681,108.4,98.9,2026-08-07T09:07:29.731Z
2025,상반기,전문대학,사립,전문대학,광주,기존,0002974,조선간호대학교,1,569,0,735,527,208,129.17,92.62,2026-08-07T09:07:29.731Z
2025,상반기,대학교,사립,대학,광주,기존,0000172,조선대학교,1,17877,0,17911,16493,1418,100.19,92.26,2026-08-07T09:07:29.731Z
2025,상반기,전문대학,사립,전문대학,광주,기존,0000534,조선이공대학교,1,2916,0,2806,2480,326,96.23,85.05,2026-08-07T09:07:29.731Z
2025,상반기,기능대학,사립,전문대학,광주,기존,0000616,한국폴리텍 V 대학 광주캠퍼스,1,680,0,771,627,144,113.38,92.21,2026-08-07T09:07:29.731Z
2025,상반기,대학교,사립,대학,광주,기존,0000208,호남대학교,1,6068,0,6223,5278,945,102.55,86.98,2026-08-07T09:07:29.731Z
2025,상반기,대학교,사립,대학,광주,기존,0000209,호남신학대학교,1,476,0,396,391,5,83.19,82.14,2026-08-07T09:07:29.731Z
2025,상반기,대학교,국립,대학,대구,기존,0000005,경북대학교,1,19169,0,22562,20386,2176,117.7,106.35,2026-08-07T09:07:29.731Z
2025,상반기,대학교,사립,대학,대구,기존,0000068,계명대학교,1,18704,0,20491,17957,2534,109.55,96.01,2026-08-07T09:07:29.731Z
2025,상반기,전문대학,사립,전문대학,대구,기존,0000425,계명문화대학교,1,4569,0,4449,3943,506,97.37,86.3,2026-08-07T09:07:29.731Z
2025,상반기,대학교,특별법법인,대학,대구,기존,0000382,대구경북과학기술원,1,840,0,921,843,78,109.64,100.36,2026-08-07T09:07:29.731Z
2025,상반기,전문대학,사립,전문대학,대구,기존,0000443,대구공업대학교,1,1085,0,1278,987,291,117.79,90.97,2026-08-07T09:07:29.731Z
2025,상반기,전문대학,사립,전문대학,대구,기존,0000446,대구과학대학교,1,3866,0,4379,3524,855,113.27,91.15,2026-08-07T09:07:29.731Z
2025,상반기,교육대학,국립,대학,대구,기존,0000253,대구교육대학교,1,1486,0,1514,1380,134,101.88,92.87,2026-08-07T09:07:29.731Z
2025,상반기,전문대학,사립,전문대학,대구,기존,0000444,대구보건대학교,1,5993,0,6580,5182,1398,109.79,86.47,2026-08-07T09:07:29.731Z
2025,상반기,전문대학,사립,전문대학,대구,기존,0002649,수성대학교,1,2899,0,3411,2664,747,117.66,91.89,2026-08-07T09:07:29.731Z
2025,상반기,전문대학,사립,전문대학,대구,기존,0000513,영남이공대학교,1,4964,0,5864,4526,1338,118.13,91.18,2026-08-07T09:07:29.731Z
2025,상반기,사이버대학(전문대학),사립,전문대학,대구,기존,0000575,영진사이버대학교,1,2600,0,3300,2320,980,126.92,89.23,2026-08-07T09:07:29.731Z
2025,상반기,전문대학,사립,전문대학,대구,기존,0000517,영진전문대학교,1,5673,0,7300,5183,2117,128.68,91.36,2026-08-07T09:07:29.731Z
2025,상반기,기능대학,사립,전문대학,대구,기존,0000623,한국폴리텍 VI 대학 대구캠퍼스,1,535,60,442,393,49,93.05,82.74,2026-08-07T09:07:29.731Z
2025,상반기,기능대학,사립,전문대학,대구,기존,0000636,한국폴리텍 VI 대학 영남융합기술캠퍼스,1,255,0,172,131,41,67.45,51.37,2026-08-07T09:07:29.731Z
2025,상반기,사이버대학(대학),사립,대학,대전,기존,0000335,건양사이버대학교,1,3396,0,4078,3029,1049,120.08,89.19,2026-08-07T09:07:29.731Z
2025,상반기,대학교,국립,대학,대전,기존,0000039,국립한밭대학교,1,7613,0,8243,7333,910,108.28,96.32,2026-08-07T09:07:29.731Z
2025,상반기,전문대학,사립,전문대학,대전,기존,0000546,대덕대학교,1,2480,0,1590,1317,273,64.11,53.1,2026-08-07T09:07:29.731Z
2025,상반기,전문대학,사립,전문대학,대전,기존,0000453,대전과학기술대학교,1,3331,0,3991,2953,1038,119.81,88.65,2026-08-07T09:07:29.731Z
2025,상반기,대학교,사립,대학,대전,기존,0000095,대전대학교,1,7592,0,7823,7061,762,103.04,93.01,2026-08-07T09:07:29.731Z
2025,상반기,전문대학,사립,전문대학,대전,기존,0000451,대전보건대학교,1,4322,0,4116,3523,593,95.23,81.51,2026-08-07T09:07:29.731Z
2025,상반기,대학교,사립,대학,대전,기존,0000238,대전신학대학교,1,128,0,48,48,0,37.5,37.5,2026-08-07T09:07:29.731Z
2025,상반기,대학교,사립,대학,대전,기존,0000112,목원대학교,1,7322,92,7390,6688,702,102.21,92.5,2026-08-07T09:07:29.731Z
2025,상반기,대학교,사립,대학,대전,기존,0000113,배재대학교,1,7503,0,7344,6708,636,97.88,89.4,2026-08-07T09:07:29.731Z
2025,상반기,대학교,사립,대학,대전,기존,0000240,우송대학교,1,8005,0,9680,7459,2221,120.92,93.18,2026-08-07T09:07:29.731Z
2025,상반기,산업대학,사립,대학,대전,폐교,0000281,우송대학교(산업대),1,0,0,0,0,0,0,0,2026-08-07T09:07:29.731Z
2025,상반기,전문대학,사립,전문대학,대전,기존,0000452,우송정보대학,1,3126,0,2904,2741,163,92.9,87.68,2026-08-07T09:07:29.731Z
2025,상반기,대학교,사립,대학,대전,기존,0000161,을지대학교,3,4306,0,4717,4331,386,109.54,100.58,2026-08-07T09:07:29.731Z
2025,상반기,대학교,국립,대학,대전,기존,0000029,충남대학교,1,14967,0,17696,16022,1674,118.23,107.05,2026-08-07T09:07:29.731Z
2025,상반기,대학교,특별법법인,대학,대전,기존,0000374,한국과학기술원,1,3880,0,4008,3525,483,103.3,90.85,2026-08-07T09:07:29.731Z
2025,상반기,대학교,사립,대학,대전,기존,0000182,한국침례신학대학교,1,811,0,677,662,15,83.48,81.63,2026-08-07T09:07:29.731Z
2025,상반기,기능대학,사립,전문대학,대전,기존,0000603,한국폴리텍 IV 대학 대전캠퍼스,1,615,0,628,514,114,102.11,83.58,2026-08-07T09:07:29.731Z
2025,상반기,대학교,사립,대학,대전,기존,0000195,한남대학교,1,10933,0,11608,10427,1181,106.17,95.37,2026-08-07T09:07:29.731Z
2025,상반기,전문대학,사립,전문대학,부산,기존,0002640,경남정보대학교,1,4662,0,5418,3711,1707,116.22,79.6,2026-08-07T09:07:29.731Z
2025,상반기,대학교,사립,대학,부산,기존,0000062,경성대학교,1,11095,0,12568,10134,2434,113.28,91.34,2026-08-07T09:07:29.731Z
2025,상반기,대학교,사립,대학,부산,기존,0000071,고신대학교,1,3436,0,3263,3153,110,94.97,91.76,2026-08-07T09:07:29.731Z
2025,상반기,대학교,국립,대학,부산,기존,0000013,국립부경대학교,1,13177,0,15131,13194,1937,114.83,100.13,2026-08-07T09:07:29.731Z
2025,상반기,대학교,국립,대학,부산,기존,0000033,국립한국해양대학교,1,5488,0,6326,5746,580,115.27,104.7,2026-08-07T09:07:29.731Z
2025,상반기,전문대학,사립,전문대학,부산,기존,0000447,대동대학교,1,1258,0,1487,1154,333,118.2,91.73,2026-08-07T09:07:29.731Z
2025,상반기,대학교,사립,대학,부산,기존,0000235,동명대학교,1,6181,0,6761,5499,1262,109.38,88.97,2026-08-07T09:07:29.731Z
2025,상반기,대학교,사립,대학,부산,기존,0000103,동서대학교,1,8420,0,8582,7599,983,101.92,90.25,2026-08-07T09:07:29.731Z
2025,상반기,대학교,사립,대학,부산,기존,0000105,동아대학교,1,16486,0,17634,15906,1728,106.96,96.48,2026-08-07T09:07:29.731Z
2025,상반기,전문대학,사립,전문대학,부산,기존,0000466,동의과학대학교,1,3096,0,4050,2678,1372,130.81,86.5,2026-08-07T09:07:29.731Z
2025,상반기,대학교,사립,대학,부산,기존,0000107,동의대학교,1,14320,0,14302,12684,1618,99.87,88.58,2026-08-07T09:07:29.731Z
2025,상반기,대학교,사립,대학,부산,기존,0000114,부산가톨릭대학교,1,2836,0,3449,2706,743,121.61,95.42,2026-08-07T09:07:29.731Z
2025,상반기,전문대학,사립,전문대학,부산,기존,0000479,부산경상대학교,1,2070,0,1517,1319,198,73.29,63.72,2026-08-07T09:07:29.731Z
2025,상반기,전문대학,사립,전문대학,부산,기존,0000481,부산과학기술대학교,1,2764,0,3981,2413,1568,144.03,87.3,2026-08-07T09:07:29.731Z
2025,상반기,교육대학,국립,대학,부산,기존,0000254,부산교육대학교,1,1381,0,1368,1252,116,99.06,90.66,2026-08-07T09:07:29.731Z
2025,상반기,대학교,국립,대학,부산,기존,0000014,부산대학교,1,17645,0,19900,18091,1809,112.78,102.53,2026-08-07T09:07:29.731Z
2025,상반기,사이버대학(대학),사립,대학,부산,기존,0000321,부산디지털대학교,1,2780,0,2859,2511,348,102.84,90.32,2026-08-07T09:07:29.731Z
2025,상반기,전문대학,사립,전문대학,부산,기존,0000467,부산보건대학교,1,2310,40,2367,1851,516,104.27,81.54,2026-08-07T09:07:29.731Z
2025,상반기,전문대학,사립,전문대학,부산,기존,0000480,부산여자대학교,1,1651,0,1774,1417,357,107.45,85.83,2026-08-07T09:07:29.731Z
2025,상반기,전문대학,사립,전문대학,부산,기존,0000561,부산예술대학교,1,733,0,481,419,62,65.62,57.16,2026-08-07T09:07:29.731Z
2025,상반기,대학교,사립,대학,부산,기존,0000115,부산외국어대학교,1,6070,0,6471,5524,947,106.61,91,2026-08-07T09:07:29.731Z
2025,상반기,전문대학,사립,전문대학,부산,폐교,0000493,성심외국어대학,1,0,0,0,0,0,0,0,2026-08-07T09:07:29.731Z
2025,상반기,대학교,사립,대학,부산,기존,0000144,신라대학교,1,6865,0,6877,6016,861,100.17,87.63,2026-08-07T09:07:29.731Z
2025,상반기,대학교,사립,대학,부산,기존,0003193,영산대학교(해운대),2,5362,0,5696,4763,933,106.23,88.83,2026-08-07T09:07:29.731Z
2025,상반기,기능대학,사립,전문대학,부산,기존,0003163,한국폴리텍 VII 대학 동부산캠퍼스,1,0,0,5,0,5,0,0,2026-08-07T09:07:29.731Z
2025,상반기,기능대학,사립,전문대학,부산,기존,0000632,한국폴리텍 VII 대학 부산캠퍼스,1,650,0,650,502,148,100,77.23,2026-08-07T09:07:29.731Z
2025,상반기,사이버대학(대학),사립,대학,부산,기존,0000333,화신사이버대학교,1,1586,0,2093,1537,556,131.97,96.91,2026-08-07T09:07:29.731Z
2025,상반기,대학교,사립,대학,서울,기존,0000050,감리교신학대학교,1,662,0,564,547,17,85.2,82.63,2026-08-07T09:07:29.731Z
2025,상반기,대학교,사립,대학,서울,기존,0000079,강서대학교,1,1108,0,1742,1018,724,157.22,91.88,2026-08-07T09:07:29.731Z
2025,상반기,대학교,사립,대학,서울,기존,0000052,건국대학교,2,18474,0,23150,19263,3887,125.31,104.27,2026-08-07T09:07:29.731Z
2025,상반기,대학교,사립,대학,서울,기존,0000066,경희대학교,1,20016,0,25573,20048,5525,127.76,100.16,2026-08-07T09:07:29.731Z
2025,상반기,사이버대학(대학),사립,대학,서울,기존,0000318,경희사이버대학교,1,9200,0,10615,7295,3320,115.38,79.29,2026-08-07T09:07:29.731Z
2025,상반기,대학교,사립,대학,서울,기존,0000069,고려대학교,2,22062,0,28486,22218,6268,129.12,100.71,2026-08-07T09:07:29.731Z
2025,상반기,사이버대학(대학),사립,대학,서울,기존,0000328,고려사이버대학교,1,7378,0,10301,7519,2782,139.62,101.91,2026-08-07T09:07:29.731Z
2025,상반기,대학교,사립,대학,서울,기존,0000074,광운대학교,1,7038,0,8414,6723,1691,119.55,95.52,2026-08-07T09:07:29.731Z
2025,상반기,대학교,사립,대학,서울,기존,0000078,국민대학교,1,11921,0,14502,11732,2770,121.65,98.41,2026-08-07T09:07:29.731Z
2025,상반기,대학교,사립,대학,서울,기존,0000099,덕성여자대학교,1,4630,0,5566,4898,668,120.22,105.79,2026-08-07T09:07:29.731Z
2025,상반기,대학교,사립,대학,서울,기존,0000100,동국대학교,2,18511,0,20739,17251,3488,112.04,93.19,2026-08-07T09:07:29.731Z
2025,상반기,대학교,사립,대학,서울,기존,0000102,동덕여자대학교,1,6308,0,6392,5560,832,101.33,88.14,2026-08-07T09:07:29.731Z
2025,상반기,전문대학,사립,전문대학,서울,기존,0000463,동양미래대학교,1,5176,0,5617,4634,983,108.52,89.53,2026-08-07T09:07:29.731Z
2025,상반기,사이버대학(대학),사립,대학,서울,기존,0000330,디지털서울문화예술대학교,1,3530,0,2854,2444,410,80.85,69.24,2026-08-07T09:07:29.731Z
2025,상반기,전문대학,사립,전문대학,서울,기존,0000473,명지전문대학,1,5599,0,6571,5269,1302,117.36,94.11,2026-08-07T09:07:29.731Z
2025,상반기,전문대학,사립,전문대학,서울,기존,0000476,배화여자대학교,1,2461,0,2646,2188,458,107.52,88.91,2026-08-07T09:07:29.731Z
2025,상반기,사이버대학(대학),사립,대학,서울,기존,0000332,사이버한국외국어대학교,1,4940,0,6390,4674,1716,129.35,94.62,2026-08-07T09:07:29.731Z
2025,상반기,대학교,사립,대학,서울,기존,0000116,삼육대학교,1,4628,0,5268,4648,620,113.83,100.43,2026-08-07T09:07:29.731Z
2025,상반기,전문대학,사립,전문대학,서울,기존,0000483,삼육보건대학교,1,1072,0,1424,1000,424,132.84,93.28,2026-08-07T09:07:29.731Z
2025,상반기,대학교,사립,대학,서울,기존,0000117,상명대학교,2,10746,0,11784,10465,1319,109.66,97.39,2026-08-07T09:07:29.731Z
2025,상반기,대학교,사립,대학,서울,기존,0000120,서강대학교,1,6380,0,8429,6566,1863,132.12,102.92,2026-08-07T09:07:29.731Z
2025,상반기,대학교,사립,대학,서울,기존,0000121,서경대학교,1,5196,0,6864,5067,1797,132.1,97.52,2026-08-07T09:07:29.731Z
2025,상반기,대학교,국립,대학,서울,기존,0000036,서울과학기술대학교,1,8764,0,10444,8849,1595,119.17,100.97,2026-08-07T09:07:29.731Z
2025,상반기,교육대학,국립,대학,서울,기존,0000255,서울교육대학교,1,1377,0,1285,1157,128,93.32,84.02,2026-08-07T09:07:29.731Z
2025,상반기,대학교,사립,대학,서울,기존,0000098,서울기독대학교,1,544,7,1279,440,839,238.18,81.94,2026-08-07T09:07:29.731Z
2025,상반기,대학교,국립대법인,대학,서울,기존,0000019,서울대학교,1,13766,0,17279,15524,1755,125.52,112.77,2026-08-07T09:07:29.731Z
2025,상반기,사이버대학(대학),사립,대학,서울,기존,0000322,서울디지털대학교,1,9250,0,11052,7215,3837,119.48,78,2026-08-07T09:07:29.731Z
2025,상반기,사이버대학(대학),사립,대학,서울,기존,0000323,서울사이버대학교,1,10620,0,15803,10076,5727,148.8,94.88,2026-08-07T09:07:29.731Z
2025,상반기,대학교,공립,대학,서울,기존,0000040,서울시립대학교,1,6996,0,8949,8036,913,127.92,114.87,2026-08-07T09:07:29.731Z
2025,상반기,전문대학,사립,전문대학,서울,기존,0002973,서울여자간호대학교,1,672,0,863,581,282,128.42,86.46,2026-08-07T09:07:29.731Z
2025,상반기,대학교,사립,대학,서울,기존,0000126,서울여자대학교,1,6563,0,7692,6551,1141,117.2,99.82,2026-08-07T09:07:29.731Z
2025,상반기,대학교,사립,대학,서울,기존,0000205,서울한영대학교,1,720,0,778,504,274,108.06,70,2026-08-07T09:07:29.731Z
2025,상반기,전문대학,사립,전문대학,서울,기존,0000490,서일대학교,1,5690,0,6171,5172,999,108.45,90.9,2026-08-07T09:07:29.731Z
2025,상반기,대학교,사립,대학,서울,기존,0000132,성공회대학교,1,2008,0,2234,1899,335,111.25,94.57,2026-08-07T09:07:29.731Z
2025,상반기,대학교,사립,대학,서울,기존,0000133,성균관대학교,1,13793,0,19612,14280,5332,142.19,103.53,2026-08-07T09:07:29.731Z
2025,상반기,대학교,사립,대학,서울,기존,0000136,성신여자대학교,1,8547,0,9404,8310,1094,110.03,97.23,2026-08-07T09:07:29.731Z
2025,상반기,대학교,사립,대학,서울,기존,0000138,세종대학교,1,9871,0,13171,10000,3171,133.43,101.31,2026-08-07T09:07:29.731Z
2025,상반기,사이버대학(대학),사립,대학,서울,기존,0000325,세종사이버대학교,1,6960,0,11464,6282,5182,164.71,90.26,2026-08-07T09:07:29.731Z
2025,상반기,대학교,사립,대학,서울,기존,0000141,숙명여자대학교,1,8660,0,10134,8536,1598,117.02,98.57,2026-08-07T09:07:29.731Z
2025,상반기,대학교,사립,대학,서울,기존,0000143,숭실대학교,1,10777,2,14738,11045,3693,136.78,102.51,2026-08-07T09:07:29.731Z
2025,상반기,사이버대학(대학),사립,대학,서울,기존,0000329,숭실사이버대학교,1,4900,0,7536,4365,3171,153.8,89.08,2026-08-07T09:07:29.731Z
2025,상반기,전문대학,사립,전문대학,서울,기존,0000500,숭의여자대학교,1,3080,0,2999,2693,306,97.37,87.44,2026-08-07T09:07:29.731Z
2025,상반기,대학교,사립,대학,서울,기존,0000149,연세대학교,2,20005,0,27936,21339,6597,139.65,106.67,2026-08-07T09:07:29.731Z
2025,상반기,대학교,사립,대학,서울,기존,0000163,이화여자대학교,1,12930,0,16452,13519,2933,127.24,104.56,2026-08-07T09:07:29.731Z
2025,상반기,전문대학,사립,전문대학,서울,기존,0000525,인덕대학교,1,5552,0,5790,4993,797,104.29,89.93,2026-08-07T09:07:29.731Z
2025,상반기,대학교,사립,대학,서울,기존,0000170,장로회신학대학교,1,600,0,572,535,37,95.33,89.17,2026-08-07T09:07:29.731Z
2025,상반기,기술대학,사립,대학,서울,기존,0000288,정석대학,1,200,0,23,23,0,11.5,11.5,2026-08-07T09:07:29.731Z
2025,상반기,대학교,사립,대학,서울,기존,0000175,중앙대학교,2,17884,0,23600,18173,5427,131.96,101.62,2026-08-07T09:07:29.731Z
2025,상반기,대학교,사립,대학,서울,기존,0000180,총신대학교,1,1228,0,1398,1252,146,113.84,101.95,2026-08-07T09:07:29.731Z
2025,상반기,대학교,사립,대학,서울,기존,0000181,추계예술대학교,1,1000,0,1113,1023,90,111.3,102.3,2026-08-07T09:07:29.731Z
2025,상반기,사이버대학(대학),사립,대학,서울,신설,0003183,태재대학교,1,300,0,46,34,12,15.33,11.33,2026-08-07T09:07:29.731Z
2025,상반기,방송통신대학,국립,대학,서울,기존,0000273,한국방송통신대학교,1,215500,0,92953,81310,11643,43.13,37.73,2026-08-07T09:07:29.731Z
2025,상반기,대학교,사립,대학,서울,기존,0000191,한국성서대학교,1,897,0,972,883,89,108.36,98.44,2026-08-07T09:07:29.731Z
2025,상반기,사이버대학(대학),사립,대학,서울,기존,0000326,한국열린사이버대학교,1,2900,0,5723,2754,2969,197.34,94.97,2026-08-07T09:07:29.731Z
2025,상반기,각종학교(대학),특별법국립,대학,서울,기존,0000383,한국예술종합학교,1,2252,0,2787,2640,147,123.76,117.23,2026-08-07T09:07:29.731Z
2025,상반기,대학교,사립,대학,서울,기존,0000192,한국외국어대학교,1,13704,0,17101,13952,3149,124.79,101.81,2026-08-07T09:07:29.731Z
2025,상반기,대학교,국립,대학,서울,기존,0000032,한국체육대학교,1,2140,0,2339,2187,152,109.3,102.2,2026-08-07T09:07:29.731Z
2025,상반기,기능대학,사립,전문대학,서울,기존,0000585,한국폴리텍 I 대학 서울강서캠퍼스,1,510,0,440,362,78,86.27,70.98,2026-08-07T09:07:29.731Z
2025,상반기,기능대학,사립,전문대학,서울,기존,0000584,한국폴리텍 I 대학 서울정수캠퍼스,1,1000,0,1051,789,262,105.1,78.9,2026-08-07T09:07:29.731Z
2025,상반기,대학교,사립,대학,서울,기존,0000200,한성대학교,1,5912,0,7011,5921,1090,118.59,100.15,2026-08-07T09:07:29.731Z
2025,상반기,대학교,사립,대학,서울,기존,0000203,한양대학교,2,19664,0,27322,19455,7867,138.94,98.94,2026-08-07T09:07:29.731Z
2025,상반기,사이버대학(대학),사립,대학,서울,기존,0000331,한양사이버대학교,1,10880,0,16640,10635,6005,152.94,97.75,2026-08-07T09:07:29.731Z
2025,상반기,전문대학,사립,전문대학,서울,기존,0000554,한양여자대학교,1,6030,0,6503,5564,939,107.84,92.27,2026-08-07T09:07:29.731Z
2025,상반기,대학교,사립,대학,서울,기존,0000212,홍익대학교,2,14966,0,17886,14880,3006,119.51,99.43,2026-08-07T09:07:29.731Z
2025,상반기,대학교,사립,대학,세종,기존,0000094,대전가톨릭대학교,1,160,0,35,34,1,21.88,21.25,2026-08-07T09:07:29.731Z
2025,상반기,전문대학,사립,전문대학,세종,기존,0000522,한국영상대학교,1,3183,0,2953,2584,369,92.77,81.18,2026-08-07T09:07:29.731Z
2025,상반기,대학교,특별법법인,대학,울산,기존,0000250,울산과학기술원,1,1600,0,1893,1614,279,118.31,100.88,2026-08-07T09:07:29.731Z
2025,상반기,전문대학,사립,전문대학,울산,기존,0000521,울산과학대학교,1,4698,0,5224,4168,1056,111.2,88.72,2026-08-07T09:07:29.731Z
2025,상반기,대학교,사립,대학,울산,기존,0000158,울산대학교,1,10683,0,10606,9915,691,99.28,92.81,2026-08-07T09:07:29.731Z
2025,상반기,전문대학,사립,전문대학,울산,기존,0000545,춘해보건대학교,1,2158,0,2652,1874,778,122.89,86.84,2026-08-07T09:07:29.731Z
2025,상반기,기능대학,사립,전문대학,울산,기존,0000633,한국폴리텍 VII 대학 울산캠퍼스,1,565,0,629,527,102,111.33,93.27,2026-08-07T09:07:29.731Z
2025,상반기,교육대학,국립,대학,인천,기존,0000256,경인교육대학교,2,2320,0,2293,2097,196,98.84,90.39,2026-08-07T09:07:29.731Z
2025,상반기,전문대학,사립,전문대학,인천,기존,0000422,경인여자대학교,1,3489,0,3623,2879,744,103.84,82.52,2026-08-07T09:07:29.731Z
2025,상반기,대학교,사립,대학,인천,기존,0000168,인천가톨릭대학교,2,661,0,697,650,47,105.45,98.34,2026-08-07T09:07:29.731Z
2025,상반기,대학교,국립대법인,대학,인천,기존,0002660,인천대학교,1,10016,0,11247,10155,1092,112.29,101.39,2026-08-07T09:07:29.731Z
2025,상반기,전문대학,사립,전문대학,인천,기존,0002654,인하공업전문대학,1,5718,0,7068,5357,1711,123.61,93.69,2026-08-07T09:07:29.731Z
2025,상반기,대학교,사립,대학,인천,기존,0000169,인하대학교,1,14228,0,17830,14728,3102,125.32,103.51,2026-08-07T09:07:29.731Z
2025,상반기,전문대학,사립,전문대학,인천,기존,0000455,재능대학교,1,2906,0,2801,2385,416,96.39,82.07,2026-08-07T09:07:29.731Z
2025,상반기,기능대학,사립,전문대학,인천,기존,0000590,한국폴리텍 II 대학 남인천캠퍼스,1,50,0,85,41,44,170,82,2026-08-07T09:07:29.731Z
2025,상반기,기능대학,사립,전문대학,인천,기존,0000589,한국폴리텍 II 대학 인천캠퍼스,1,1411,0,1342,1034,308,95.11,73.28,2026-08-07T09:07:29.731Z
2025,상반기,전문대학,사립,전문대학,전남,기존,0000428,광양보건대학교,1,1006,12,114,96,18,11.47,9.66,2026-08-07T09:07:29.731Z
2025,상반기,대학교,사립,대학,전남,기존,0000075,광주가톨릭대학교,1,160,0,61,61,0,38.13,38.13,2026-08-07T09:07:29.731Z
2025,상반기,대학교,국립,대학,전남,기존,0000011,국립목포대학교,1,6072,0,5664,5172,492,93.28,85.18,2026-08-07T09:07:29.731Z
2025,상반기,대학교,국립,대학,전남,기존,0000012,국립목포해양대학교,1,2737,0,2646,2501,145,96.68,91.38,2026-08-07T09:07:29.731Z
2025,상반기,대학교,국립,대학,전남,기존,0000020,국립순천대학교,1,6466,0,6352,5805,547,98.24,89.78,2026-08-07T09:07:29.731Z
2025,상반기,전문대학,사립,전문대학,전남,기존,0000435,나주대학교,1,1660,0,1605,1311,294,96.69,78.98,2026-08-07T09:07:29.731Z
2025,상반기,대학교,사립,대학,전남,기존,0000104,동신대학교,1,5962,0,5571,4804,767,93.44,80.58,2026-08-07T09:07:29.731Z
2025,상반기,전문대학,사립,전문대학,전남,기존,0000462,동아보건대학교,1,1011,0,804,734,70,79.53,72.6,2026-08-07T09:07:29.731Z
2025,상반기,대학교,사립,대학,전남,기존,0000221,목포가톨릭대학교,1,480,0,463,434,29,96.46,90.42,2026-08-07T09:07:29.731Z
2025,상반기,전문대학,사립,전문대학,전남,기존,0000474,목포과학대학교,1,2261,0,2423,2026,397,107.16,89.61,2026-08-07T09:07:29.731Z
2025,상반기,대학교,사립,대학,전남,기존,0000092,세한대학교,1,3268,0,3139,2663,476,96.05,81.49,2026-08-07T09:07:29.731Z
2025,상반기,전문대학,사립,전문대학,전남,기존,0000498,순천제일대학교,1,2291,0,2602,1998,604,113.57,87.21,2026-08-07T09:07:29.731Z
2025,상반기,대학교,사립,대학,전남,기존,0000155,영산선학대학교,1,200,0,23,21,2,11.5,10.5,2026-08-07T09:07:29.731Z
2025,상반기,전문대학,사립,전문대학,전남,기존,0000529,전남과학대학교,1,2631,0,2971,2085,886,112.92,79.25,2026-08-07T09:07:29.731Z
2025,상반기,전문대학,공립,전문대학,전남,기존,0000562,전남도립대학교,1,870,0,885,802,83,101.72,92.18,2026-08-07T09:07:29.731Z
2025,상반기,전문대학,사립,전문대학,전남,기존,0002656,청암대학교,1,2230,0,2116,1767,349,94.89,79.24,2026-08-07T09:07:29.731Z
2025,상반기,대학교,사립,대학,전남,기존,0000246,초당대학교,1,2903,0,2225,2082,143,76.64,71.72,2026-08-07T09:07:29.731Z
2025,상반기,대학교,특별법법인,대학,전남,기존,0003139,한국에너지공과대학교,1,400,0,301,277,24,75.25,69.25,2026-08-07T09:07:29.731Z
2025,상반기,기능대학,사립,전문대학,전남,기존,0002975,한국폴리텍 V 대학 순천캠퍼스,1,0,0,0,0,0,0,0,2026-08-07T09:07:29.731Z
2025,상반기,기능대학,사립,전문대학,전남,기존,0000619,한국폴리텍 V 대학 전남캠퍼스,1,150,0,123,113,10,82,75.33,2026-08-07T09:07:29.731Z
2025,상반기,전문대학,사립,전문대학,전남,기존,0000555,한영대학교,1,1170,0,1392,1156,236,118.97,98.8,2026-08-07T09:07:29.731Z
2025,상반기,대학교,국립,대학,전북,기존,0000009,국립군산대학교,1,6864,0,6221,5719,502,90.63,83.32,2026-08-07T09:07:29.731Z
2025,상반기,전문대학,사립,전문대학,전북,기존,0002971,군산간호대학교,1,884,0,1094,812,282,123.76,91.86,2026-08-07T09:07:29.731Z
2025,상반기,전문대학,사립,전문대학,전북,기존,0000432,군장대학교,1,1500,0,2084,1275,809,138.93,85,2026-08-07T09:07:29.731Z
2025,상반기,전문대학,사립,전문대학,전북,기존,0000477,백제예술대학교,1,800,0,663,633,30,82.88,79.13,2026-08-07T09:07:29.731Z
2025,상반기,대학교,사립,대학,전북,기존,0000228,예수대학교,1,460,0,480,446,34,104.35,96.96,2026-08-07T09:07:29.731Z
2025,상반기,대학교,사립,대학,전북,기존,0000218,예원예술대학교,2,968,0,1236,811,425,127.69,83.78,2026-08-07T09:07:29.731Z
2025,상반기,대학교,사립,대학,전북,기존,0000157,우석대학교,1,6296,0,6629,5260,1369,105.29,83.55,2026-08-07T09:07:29.731Z
2025,상반기,대학교,사립,대학,전북,기존,0000159,원광대학교,1,12600,0,12360,11583,777,98.1,91.93,2026-08-07T09:07:29.731Z
2025,상반기,사이버대학(대학),사립,대학,전북,기존,0000327,원광디지털대학교,1,4630,0,4931,3429,1502,106.5,74.06,2026-08-07T09:07:29.731Z
2025,상반기,전문대학,사립,전문대학,전북,기존,0000523,원광보건대학교,1,3601,0,3810,2940,870,105.8,81.64,2026-08-07T09:07:29.731Z
2025,상반기,전문대학,사립,전문대학,전북,기존,0000531,전북과학대학교,1,1511,0,1600,1350,250,105.89,89.34,2026-08-07T09:07:29.731Z
2025,상반기,대학교,국립,대학,전북,기존,0000025,전북대학교,1,16181,0,17841,15955,1886,110.26,98.6,2026-08-07T09:07:29.731Z
2025,상반기,교육대학,국립,대학,전북,기존,0000258,전주교육대학교,1,1106,0,1019,949,70,92.13,85.8,2026-08-07T09:07:29.731Z
2025,상반기,전문대학,사립,전문대학,전북,기존,0000437,전주기전대학,1,1956,0,1787,1540,247,91.36,78.73,2026-08-07T09:07:29.731Z
2025,상반기,대학교,사립,대학,전북,기존,0000171,전주대학교,1,10143,0,10147,9348,799,100.04,92.16,2026-08-07T09:07:29.731Z
2025,상반기,전문대학,사립,전문대학,전북,기존,0000530,전주비전대학교,1,2528,0,2852,2001,851,112.82,79.15,2026-08-07T09:07:29.731Z
2025,상반기,전문대학,특별법국립,전문대학,전북,기존,0003019,한국농수산대학교,1,1710,0,1550,1433,117,90.64,83.8,2026-08-07T09:07:29.731Z
2025,상반기,기능대학,사립,전문대학,전북,기존,0000620,한국폴리텍 V 대학 익산캠퍼스,1,107,0,105,68,37,98.13,63.55,2026-08-07T09:07:29.731Z
2025,상반기,기능대학,사립,전문대학,전북,기존,0000617,한국폴리텍 V 대학 전북캠퍼스,1,365,0,359,278,81,98.36,76.16,2026-08-07T09:07:29.731Z
2025,상반기,대학교,사립,대학,전북,기존,0000206,한일장신대학교,1,876,0,699,630,69,79.79,71.92,2026-08-07T09:07:29.731Z
2025,상반기,산업대학,사립,대학,전북,기존,0000282,호원대학교,1,4277,0,5013,3478,1535,117.21,81.32,2026-08-07T09:07:29.731Z
2025,상반기,전문대학,사립,전문대학,제주,기존,0000532,제주관광대학교,1,2019,25,1541,1351,190,77.28,67.75,2026-08-07T09:07:29.731Z
2025,상반기,대학교,사립,대학,제주,기존,0000248,제주국제대학교,1,1480,0,263,103,160,17.77,6.96,2026-08-07T09:07:29.731Z
2025,상반기,대학교,국립,대학,제주,기존,0000027,제주대학교,1,8908,0,9306,8452,854,104.47,94.88,2026-08-07T09:07:29.731Z
2025,상반기,전문대학,사립,전문대학,제주,기존,0002655,제주한라대학교,1,4275,0,3897,3019,878,91.16,70.62,2026-08-07T09:07:29.731Z
2025,상반기,기능대학,사립,전문대학,제주,기존,0002912,한국폴리텍 I 대학 제주캠퍼스,1,50,0,52,50,2,104,100,2026-08-07T09:07:29.731Z
2025,상반기,대학교,사립,대학,충남,기존,0000054,건양대학교,2,6657,0,6372,5865,507,95.72,88.1,2026-08-07T09:07:29.731Z
2025,상반기,교육대학,국립,대학,충남,기존,0000251,공주교육대학교,1,1374,0,1365,1275,90,99.34,92.79,2026-08-07T09:07:29.731Z
2025,상반기,대학교,국립,대학,충남,기존,0000008,국립공주대학교,1,11292,0,12357,10618,1739,109.43,94.03,2026-08-07T09:07:29.731Z
2025,상반기,사이버대학(대학),사립,대학,충남,기존,0000334,글로벌사이버대학교,1,3580,0,2457,2428,29,68.63,67.82,2026-08-07T09:07:29.731Z
2025,상반기,대학교,사립,대학,충남,기존,0000224,금강대학교,1,440,0,62,62,0,14.09,14.09,2026-08-07T09:07:29.731Z
2025,상반기,대학교,사립,대학,충남,기존,0000081,나사렛대학교,1,4784,0,4494,3972,522,93.94,83.03,2026-08-07T09:07:29.731Z
2025,상반기,대학교,사립,대학,충남,기존,0000245,남서울대학교,1,8808,0,8922,7655,1267,101.29,86.91,2026-08-07T09:07:29.731Z
2025,상반기,대학교,사립,대학,충남,기존,0000178,백석대학교,1,11460,0,11574,10430,1144,100.99,91.01,2026-08-07T09:07:29.731Z
2025,상반기,전문대학,사립,전문대학,충남,기존,0000543,백석문화대학교,1,3552,0,3644,2972,672,102.59,83.67,2026-08-07T09:07:29.731Z
2025,상반기,대학교,사립,대학,충남,기존,0000129,선문대학교,1,8241,0,8435,7283,1152,102.35,88.38,2026-08-07T09:07:29.731Z
2025,상반기,대학교,사립,대학,충남,기존,0000142,순천향대학교,1,9806,0,11080,9629,1451,112.99,98.19,2026-08-07T09:07:29.731Z
2025,상반기,전문대학,사립,전문대학,충남,기존,0000502,신성대학교,1,2670,0,2700,2196,504,101.12,82.25,2026-08-07T09:07:29.731Z
2025,상반기,전문대학,사립,전문대학,충남,기존,0000454,아주자동차대학교,1,660,0,912,570,342,138.18,86.36,2026-08-07T09:07:29.731Z
2025,상반기,전문대학,사립,전문대학,충남,기존,0000512,연암대학교,1,966,0,1119,914,205,115.84,94.62,2026-08-07T09:07:29.731Z
2025,상반기,대학교,사립,대학,충남,기존,0000173,중부대학교,1,7035,0,6991,5930,1061,99.37,84.29,2026-08-07T09:07:29.731Z
2025,상반기,산업대학,사립,대학,충남,기존,0000284,청운대학교,1,4335,0,5135,3621,1514,118.45,83.53,2026-08-07T09:07:29.731Z
2025,상반기,전문대학,공립,전문대학,충남,기존,0002657,충남도립대학교,1,1024,0,968,906,62,94.53,88.48,2026-08-07T09:07:29.731Z
2025,상반기,대학교,사립,대학,충남,기존,0000189,한국기술교육대학교,1,3344,0,4157,3590,567,124.31,107.36,2026-08-07T09:07:29.731Z
2025,상반기,대학교,특별법국립,대학,충남,기존,0003022,한국전통문화대학교,1,560,0,583,563,20,104.11,100.54,2026-08-07T09:07:29.731Z
2025,상반기,기능대학,사립,전문대학,충남,기존,0000635,한국폴리텍 특성화대학 바이오캠퍼스,1,320,0,283,245,38,88.44,76.56,2026-08-07T09:07:29.731Z
2025,상반기,기능대학,사립,전문대학,충남,기존,0000606,한국폴리텍 IV 대학 아산캠퍼스,1,410,0,388,301,87,94.63,73.41,2026-08-07T09:07:29.731Z
2025,상반기,기능대학,사립,전문대학,충남,기존,0000607,한국폴리텍 IV 대학 충남캠퍼스,1,210,0,189,160,29,90,76.19,2026-08-07T09:07:29.731Z
2025,상반기,대학교,사립,대학,충남,기존,0000199,한서대학교,1,6171,0,6117,5582,535,99.12,90.46,2026-08-07T09:07:29.731Z
2025,상반기,전문대학,사립,전문대학,충남,기존,0000556,혜전대학교,1,2488,45,2943,2066,877,120.47,84.57,2026-08-07T09:07:29.731Z
2025,상반기,대학교,사립,대학,충남,기존,0000211,호서대학교,1,11568,0,11923,10882,1041,103.07,94.07,2026-08-07T09:07:29.731Z
2025,상반기,대학교,사립,대학,충북,기존,0000215,가톨릭꽃동네대학교,1,432,0,418,395,23,96.76,91.44,2026-08-07T09:07:29.731Z
2025,상반기,전문대학,사립,전문대학,충북,기존,0000433,강동대학교,1,2881,0,3376,2429,947,117.18,84.31,2026-08-07T09:07:29.731Z
2025,상반기,대학교,국립,대학,충북,기존,0000034,국립한국교통대학교,1,7657,0,7950,7167,783,103.83,93.6,2026-08-07T09:07:29.731Z
2025,상반기,대학교,사립,대학,충북,기존,0000080,극동대학교,1,3547,0,3165,2474,691,89.23,69.75,2026-08-07T09:07:29.731Z
2025,상반기,전문대학,사립,전문대학,충북,기존,0000449,대원대학교,1,1982,0,1957,1272,685,98.74,64.18,2026-08-07T09:07:29.731Z
2025,상반기,대학교,사립,대학,충북,기존,0000128,서원대학교,1,6488,0,7648,6092,1556,117.88,93.9,2026-08-07T09:07:29.731Z
2025,상반기,대학교,사립,대학,충북,기존,0000137,세명대학교,1,6526,0,5515,5134,381,84.51,78.67,2026-08-07T09:07:29.731Z
2025,상반기,각종학교(대학),사립,대학,충북,기존,0000317,순복음총회신학교,1,238,0,137,137,0,57.56,57.56,2026-08-07T09:07:29.731Z
2025,상반기,대학교,사립,대학,충북,기존,0000154,유원대학교,1,3500,0,4032,3719,313,115.2,106.26,2026-08-07T09:07:29.731Z
2025,상반기,대학교,사립,대학,충북,기존,0000239,중원대학교,1,3195,44,3324,3005,319,105.49,95.37,2026-08-07T09:07:29.731Z
2025,상반기,교육대학,국립,대학,충북,기존,0000261,청주교육대학교,1,1110,0,1075,998,77,96.85,89.91,2026-08-07T09:07:29.731Z
2025,상반기,대학교,사립,대학,충북,기존,0000179,청주대학교,1,10596,0,11943,9711,2232,112.71,91.65,2026-08-07T09:07:29.731Z
2025,상반기,대학교,국립,대학,충북,기존,0000030,충북대학교,1,11957,0,13228,11813,1415,110.63,98.8,2026-08-07T09:07:29.731Z
2025,상반기,전문대학,공립,전문대학,충북,기존,0000406,충북도립대학교,1,860,0,700,694,6,81.4,80.7,2026-08-07T09:07:29.731Z
2025,상반기,전문대학,사립,전문대학,충북,기존,0000536,충북보건과학대학교,1,2291,0,3098,1913,1185,135.22,83.5,2026-08-07T09:07:29.731Z
2025,상반기,전문대학,사립,전문대학,충북,기존,0000547,충청대학교,1,3231,0,3148,2539,609,97.43,78.58,2026-08-07T09:07:29.731Z
2025,상반기,대학교,국립,대학,충북,기존,0000031,한국교원대학교,1,2171,0,2342,2171,171,107.88,100,2026-08-07T09:07:29.731Z
2025,상반기,기능대학,사립,전문대학,충북,기존,0000604,한국폴리텍 IV 대학 청주캠퍼스,1,575,0,654,505,149,113.74,87.83,2026-08-07T09:07:29.731Z
