year,cohort,school_rep_code,school_rep_name,region,estb,school_division,student_quota,recruitment_stop,enrolled_total,enrolled_within,enrolled_outside,fill_rate_within,fill_rate_within_outside,campus_count,grad_program_count,has_alimi,updated_at
2020,university,0000513,가톨릭관동대학교,강원,사립,대학,8498,0,8107,7474,633,88,95.4,1,0,Y,2026-08-15T09:17:42.571Z
2020,university,0000041,경동대학교,강원,사립,대학,7140,0,7814,6633,1181,92.9,109.4,4,0,Y,2026-08-15T09:17:42.571Z
2020,university,0000086,상지대학교,강원,사립,대학,7496,0,6873,6505,368,86.8,91.7,1,0,Y,2026-08-15T09:17:42.571Z
2020,university,0000147,한라대학교,강원,사립,대학,3573,0,3730,3522,208,98.6,104.4,1,0,Y,2026-08-15T09:17:42.571Z
2020,university,0000148,한림대학교,강원,사립,대학,6996,0,7800,7157,643,102.3,111.5,1,0,Y,2026-08-15T09:17:42.571Z
2020,university,0000044,가천대학교,경기,사립,대학,15374,0,18678,16318,2360,106.1,121.5,1,0,Y,2026-08-15T09:17:42.571Z
2020,university,0000034,가톨릭대학교,경기,사립,대학,7086,0,8317,7477,840,105.5,117.4,3,0,Y,2026-08-15T09:17:42.571Z
2020,university,0000036,강남대학교,경기,사립,대학,5986,0,6695,6054,641,101.1,111.8,1,0,Y,2026-08-15T09:17:42.571Z
2020,university,0000039,경기대학교,경기,사립,대학,11759,0,13712,11827,1885,100.6,116.6,2,0,Y,2026-08-15T09:17:42.571Z
2020,university,0000060,단국대학교,경기,사립,대학,18850,0,22864,20120,2744,106.7,121.3,2,0,Y,2026-08-15T09:17:42.571Z
2020,university,0000068,대진대학교,경기,사립,대학,7252,0,7438,6834,604,94.2,102.6,1,0,Y,2026-08-15T09:17:42.571Z
2020,university,0000078,루터대학교,경기,사립,대학,355,0,369,361,8,101.7,103.9,1,0,Y,2026-08-15T09:17:42.571Z
2020,university,0000079,명지대학교,경기,사립,대학,10734,0,13306,10831,2475,100.9,124,2,0,Y,2026-08-15T09:17:42.571Z
2020,university,0000090,서울신학대학교,경기,사립,대학,2046,0,2218,2066,152,101,108.4,1,0,Y,2026-08-15T09:17:42.571Z
2020,university,0000092,서울장신대학교,경기,사립,대학,461,0,476,451,25,97.8,103.3,1,0,Y,2026-08-15T09:17:42.571Z
2020,university,0000095,성결대학교,경기,사립,대학,4912,0,5418,5019,399,102.2,110.3,1,0,Y,2026-08-15T09:17:42.571Z
2020,university,0000101,수원가톨릭대학교,경기,사립,대학,360,0,121,118,3,32.8,33.6,1,0,Y,2026-08-15T09:17:42.571Z
2020,university,0000102,수원대학교,경기,사립,대학,8784,0,9033,8283,750,94.3,102.8,1,0,Y,2026-08-15T09:17:42.571Z
2020,university,0000178,신경대학교,경기,사립,대학,1016,13,569,544,25,54.2,56.7,1,0,Y,2026-08-15T09:17:42.571Z
2020,university,0000509,신한대학교,경기,사립,대학,5812,0,6338,5432,906,93.5,109.1,2,0,Y,2026-08-15T09:17:42.571Z
2020,university,0000558,아신대학교,경기,사립,대학,744,0,617,601,16,80.8,82.9,1,0,Y,2026-08-15T09:17:42.571Z
2020,university,0000108,아주대학교,경기,사립,대학,7674,0,9547,8115,1432,105.7,124.4,1,0,Y,2026-08-15T09:17:42.571Z
2020,university,0000109,안양대학교,경기,사립,대학,4524,0,4810,4503,307,99.5,106.3,2,0,Y,2026-08-15T09:17:42.571Z
2020,university,0000115,용인대학교,경기,사립,대학,5656,0,6240,5538,702,97.9,110.3,1,0,Y,2026-08-15T09:17:42.571Z
2020,university,0000130,중앙승가대학교,경기,사립,대학,480,0,147,139,8,29,30.6,1,0,Y,2026-08-15T09:17:42.571Z
2020,university,0000139,차의과학대학교,경기,사립,대학,2052,0,2281,2107,174,102.7,111.2,1,0,Y,2026-08-15T09:17:42.571Z
2020,university,0000136,칼빈대학교,경기,사립,대학,368,0,578,320,258,87,157.1,1,0,Y,2026-08-15T09:17:42.571Z
2020,university,0000138,평택대학교,경기,사립,대학,3420,0,3854,3277,577,95.8,112.7,1,0,Y,2026-08-15T09:17:42.571Z
2020,university,0000191,한국산업기술대학교,경기,사립,대학,5520,0,6799,5537,1262,100.3,123.2,1,0,Y,2026-08-15T09:17:42.571Z
2020,university,0000144,한국항공대학교,경기,사립,대학,3335,0,3963,3476,487,104.2,118.8,1,0,Y,2026-08-15T09:17:42.571Z
2020,university,0000151,한세대학교,경기,사립,대학,2288,0,2624,2378,246,103.9,114.7,1,0,Y,2026-08-15T09:17:42.571Z
2020,university,0000152,한신대학교,경기,사립,대학,4703,0,5267,4830,437,102.7,112,1,0,Y,2026-08-15T09:17:42.571Z
2020,university,0000156,협성대학교,경기,사립,대학,4052,0,4152,3752,400,92.6,102.5,1,0,Y,2026-08-15T09:17:42.571Z
2020,university,0000032,가야대학교,경남,사립,대학,2434,0,2176,1998,178,82.1,89.4,2,0,Y,2026-08-15T09:17:42.571Z
2020,university,0000040,경남대학교,경남,사립,대학,11569,0,11147,10427,720,90.1,96.4,1,0,Y,2026-08-15T09:17:42.571Z
2020,university,0000167,부산장신대학교,경남,사립,대학,253,0,221,215,6,85,87.4,1,0,Y,2026-08-15T09:17:42.571Z
2020,university,0000181,영산대학교,경남,사립,대학,0,0,0,0,0,,,2,0,N,2026-08-15T09:17:42.571Z
2020,university,0000122,인제대학교,경남,사립,대학,9017,0,9154,8298,856,92,101.5,2,0,Y,2026-08-15T09:17:42.571Z
2020,university,0000193,창신대학교,경남,사립,대학,2000,0,1896,1761,135,88.1,94.8,1,0,Y,2026-08-15T09:17:42.571Z
2020,university,0000174,한국국제대학교,경남,사립,대학,2719,2,1613,1506,107,55.4,59.4,1,0,Y,2026-08-15T09:17:42.571Z
2020,university,0000188,경운대학교,경북,사립,대학,4736,0,4338,4097,241,86.5,91.6,1,0,Y,2026-08-15T09:17:42.571Z
2020,university,0000045,경일대학교,경북,사립,대학,6356,0,6922,6242,680,98.2,108.9,1,0,Y,2026-08-15T09:17:42.571Z
2020,university,0000046,경주대학교,경북,사립,대학,3048,78,1013,725,288,24.4,34.1,1,0,Y,2026-08-15T09:17:42.571Z
2020,university,0000185,김천대학교,경북,사립,대학,3344,1,2998,2653,345,79.4,89.7,1,0,Y,2026-08-15T09:17:42.571Z
2020,university,0000063,대구가톨릭대학교,경북,사립,대학,11758,0,12433,11535,898,98.1,105.7,1,0,Y,2026-08-15T09:17:42.571Z
2020,university,0000061,대구대학교,경북,사립,대학,16236,0,17071,15214,1857,93.7,105.1,1,0,Y,2026-08-15T09:17:42.571Z
2020,university,0000062,대구예술대학교,경북,사립,대학,1753,0,948,934,14,53.3,54.1,1,0,Y,2026-08-15T09:17:42.571Z
2020,university,0000042,대구한의대학교,경북,사립,대학,6288,0,6849,6267,582,99.7,108.9,1,0,Y,2026-08-15T09:17:42.571Z
2020,university,0000065,대신대학교,경북,사립,대학,464,0,408,400,8,86.2,87.9,1,0,Y,2026-08-15T09:17:42.571Z
2020,university,0000076,동양대학교,경북,사립,대학,4144,0,3995,3769,226,91,96.4,2,0,Y,2026-08-15T09:17:42.571Z
2020,university,0000111,영남대학교,경북,사립,대학,18680,0,20457,18592,1865,99.5,109.5,1,0,Y,2026-08-15T09:17:42.571Z
2020,university,0000112,영남신학대학교,경북,사립,대학,460,0,470,429,41,93.3,102.2,1,0,Y,2026-08-15T09:17:42.571Z
2020,university,0000119,위덕대학교,경북,사립,대학,3255,0,2999,2852,147,87.6,92.1,1,0,Y,2026-08-15T09:17:42.571Z
2020,university,0000140,포항공과대학교,경북,사립,대학,1280,0,1442,1398,44,109.2,112.7,1,0,Y,2026-08-15T09:17:42.571Z
2020,university,0000146,한동대학교,경북,사립,대학,2916,0,3889,3462,427,118.7,133.4,1,0,Y,2026-08-15T09:17:42.571Z
2020,university,0000052,광신대학교,광주,사립,대학,503,0,514,483,31,96,102.2,1,0,Y,2026-08-15T09:17:42.571Z
2020,university,0000176,광주대학교,광주,사립,대학,6592,0,6963,6549,414,99.3,105.6,1,0,Y,2026-08-15T09:17:42.571Z
2020,university,0000055,광주여자대학교,광주,사립,대학,3580,0,3735,3411,324,95.3,104.3,1,0,Y,2026-08-15T09:17:42.571Z
2020,university,0000162,남부대학교,광주,사립,대학,2820,0,3053,2602,451,92.3,108.3,1,0,Y,2026-08-15T09:17:42.571Z
2020,university,0000187,송원대학교,광주,사립,대학,3120,0,2980,2725,255,87.3,95.5,1,0,Y,2026-08-15T09:17:42.571Z
2020,university,0000127,조선대학교,광주,사립,대학,18152,0,19469,17720,1749,97.6,107.3,1,0,Y,2026-08-15T09:17:42.571Z
2020,university,0000157,호남대학교,광주,사립,대학,6248,0,7074,6157,917,98.5,113.2,1,0,Y,2026-08-15T09:17:42.571Z
2020,university,0000158,호남신학대학교,광주,사립,대학,584,0,526,523,3,89.6,90.1,1,0,Y,2026-08-15T09:17:42.571Z
2020,university,0000048,계명대학교,대구,사립,대학,18722,0,20692,18856,1836,100.7,110.5,1,0,Y,2026-08-15T09:17:42.571Z
2020,university,0000067,대전대학교,대전,사립,대학,8572,0,8979,8319,660,97,104.7,1,0,Y,2026-08-15T09:17:42.571Z
2020,university,0000182,대전신학대학교,대전,사립,대학,212,0,85,84,1,39.6,40.1,1,0,Y,2026-08-15T09:17:42.571Z
2020,university,0000080,목원대학교,대전,사립,대학,7499,0,7594,7135,459,95.1,101.3,1,0,Y,2026-08-15T09:17:42.571Z
2020,university,0000081,배재대학교,대전,사립,대학,8220,0,8398,7898,500,96.1,102.2,1,0,Y,2026-08-15T09:17:42.571Z
2020,university,0000184,우송대학교,대전,사립,대학,8016,0,9746,7929,1817,98.9,121.6,1,0,Y,2026-08-15T09:17:42.571Z
2020,university,0000120,을지대학교,대전,사립,대학,4286,0,4682,4289,393,100.1,109.2,3,0,Y,2026-08-15T09:17:42.571Z
2020,university,0000551,한국침례신학대학교,대전,사립,대학,1440,0,1276,1234,42,85.7,88.6,1,0,Y,2026-08-15T09:17:42.571Z
2020,university,0000145,한남대학교,대전,사립,대학,10733,0,11091,10300,791,96,103.3,1,0,Y,2026-08-15T09:17:42.571Z
2020,university,0000043,경성대학교,부산,사립,대학,11225,0,12454,10883,1571,97,110.9,1,0,Y,2026-08-15T09:17:42.571Z
2020,university,0000050,고신대학교,부산,사립,대학,3696,0,3920,3709,211,100.4,106.1,1,0,Y,2026-08-15T09:17:42.571Z
2020,university,0000180,동명대학교,부산,사립,대학,7272,0,7835,6957,878,95.7,107.7,1,0,Y,2026-08-15T09:17:42.571Z
2020,university,0000073,동서대학교,부산,사립,대학,9720,0,10367,9483,884,97.6,106.7,1,0,Y,2026-08-15T09:17:42.571Z
2020,university,0000075,동아대학교,부산,사립,대학,16380,0,18342,16761,1581,102.3,112,1,0,Y,2026-08-15T09:17:42.571Z
2020,university,0000077,동의대학교,부산,사립,대학,14520,0,14825,13629,1196,93.9,102.1,1,0,Y,2026-08-15T09:17:42.571Z
2020,university,0000082,부산가톨릭대학교,부산,사립,대학,3664,0,3948,3607,341,98.4,107.8,1,0,Y,2026-08-15T09:17:42.571Z
2020,university,0000083,부산외국어대학교,부산,사립,대학,7326,0,8088,7253,835,99,110.4,1,0,Y,2026-08-15T09:17:42.571Z
2020,university,0000106,신라대학교,부산,사립,대학,8590,0,8921,8036,885,93.6,103.9,1,0,Y,2026-08-15T09:17:42.571Z
2020,university,0000035,감리교신학대학교,서울,사립,대학,800,0,814,770,44,96.3,101.8,1,0,Y,2026-08-15T09:17:42.571Z
2020,university,0000037,건국대학교,서울,사립,대학,18369,0,22761,19275,3486,104.9,123.9,2,0,Y,2026-08-15T09:17:42.571Z
2020,university,0000047,경희대학교,서울,사립,대학,19686,0,25875,20749,5126,105.4,131.4,1,0,Y,2026-08-15T09:17:42.571Z
2020,university,0000049,고려대학교,서울,사립,대학,20912,0,27209,22483,4726,107.5,130.1,2,0,Y,2026-08-15T09:17:42.571Z
2020,university,0000053,광운대학교,서울,사립,대학,6770,0,8181,6704,1477,99,120.8,1,0,Y,2026-08-15T09:17:42.571Z
2020,university,0000056,국민대학교,서울,사립,대학,11507,0,15109,12018,3091,104.4,131.3,1,0,Y,2026-08-15T09:17:42.571Z
2020,university,0000070,덕성여자대학교,서울,사립,대학,4941,0,5506,5084,422,102.9,111.4,1,0,Y,2026-08-15T09:17:42.571Z
2020,university,0000071,동국대학교,서울,사립,대학,17995,0,21614,18136,3478,100.8,120.1,2,0,Y,2026-08-15T09:17:42.571Z
2020,university,0000072,동덕여자대학교,서울,사립,대학,6188,76,6938,6223,715,101.8,113.5,1,0,Y,2026-08-15T09:17:42.571Z
2020,university,0000084,삼육대학교,서울,사립,대학,4680,0,5517,4915,602,105,117.9,1,0,Y,2026-08-15T09:17:42.571Z
2020,university,0000085,상명대학교,서울,사립,대학,10428,0,12249,10251,1998,98.3,117.5,2,0,Y,2026-08-15T09:17:42.571Z
2020,university,0000087,서강대학교,서울,사립,대학,6296,0,8275,6482,1793,103,131.4,1,0,Y,2026-08-15T09:17:42.571Z
2020,university,0000088,서경대학교,서울,사립,대학,5174,0,6185,5103,1082,98.6,119.5,1,0,Y,2026-08-15T09:17:42.571Z
2020,university,0000069,서울기독대학교,서울,사립,대학,557,0,501,489,12,87.8,89.9,1,0,Y,2026-08-15T09:17:42.571Z
2020,university,0000091,서울여자대학교,서울,사립,대학,6368,0,7141,6525,616,102.5,112.1,1,0,Y,2026-08-15T09:17:42.571Z
2020,university,0000539,서울한영대학교,서울,사립,대학,720,0,695,637,58,88.5,96.5,1,0,Y,2026-08-15T09:17:42.571Z
2020,university,0000096,성공회대학교,서울,사립,대학,2008,0,2112,1990,122,99.1,105.2,1,0,Y,2026-08-15T09:17:42.571Z
2020,university,0000097,성균관대학교,서울,사립,대학,13528,0,19305,14476,4829,107,142.7,1,0,Y,2026-08-15T09:17:42.571Z
2020,university,0000098,성신여자대학교,서울,사립,대학,8240,0,8868,8115,753,98.5,107.6,1,0,Y,2026-08-15T09:17:42.571Z
2020,university,0000100,세종대학교,서울,사립,대학,9331,0,11943,9886,2057,105.9,128,1,0,Y,2026-08-15T09:17:42.571Z
2020,university,0000103,숙명여자대학교,서울,사립,대학,8848,0,10123,8927,1196,100.9,114.4,1,0,Y,2026-08-15T09:17:42.571Z
2020,university,0000105,숭실대학교,서울,사립,대학,10730,0,13613,10675,2938,99.5,126.9,1,0,Y,2026-08-15T09:17:42.571Z
2020,university,0000110,연세대학교,서울,사립,대학,20216,38,26256,21633,4623,107.2,130.1,2,0,Y,2026-08-15T09:17:42.571Z
2020,university,0000121,이화여자대학교,서울,사립,대학,12764,0,15698,13587,2111,106.4,123,1,0,Y,2026-08-15T09:17:42.571Z
2020,university,0000125,장로회신학대학교,서울,사립,대학,600,0,648,591,57,98.5,108,1,0,Y,2026-08-15T09:17:42.571Z
2020,university,0000129,중앙대학교,서울,사립,대학,17964,0,23764,19086,4678,106.2,132.3,2,0,Y,2026-08-15T09:17:42.571Z
2020,university,0000133,총신대학교,서울,사립,대학,1414,0,1693,1472,221,104.1,119.7,1,0,Y,2026-08-15T09:17:42.571Z
2020,university,0000134,추계예술대학교,서울,사립,대학,1097,0,1111,1064,47,97,101.3,1,0,Y,2026-08-15T09:17:42.571Z
2020,university,0000525,케이씨대학교,서울,사립,대학,1141,0,1351,1200,151,105.2,118.4,1,0,Y,2026-08-15T09:17:42.571Z
2020,university,0000142,한국성서대학교,서울,사립,대학,909,0,1049,951,98,104.6,115.4,1,0,Y,2026-08-15T09:17:42.571Z
2020,university,0000143,한국외국어대학교,서울,사립,대학,13508,0,17438,14622,2816,108.2,129.1,1,0,Y,2026-08-15T09:17:42.571Z
2020,university,0000150,한성대학교,서울,사립,대학,5832,0,6567,5814,753,99.7,112.6,1,0,Y,2026-08-15T09:17:42.571Z
2020,university,0000153,한양대학교,서울,사립,대학,18928,0,24885,19601,5284,103.6,131.5,2,0,Y,2026-08-15T09:17:42.571Z
2020,university,0000160,홍익대학교,서울,사립,대학,14945,0,18001,15217,2784,101.8,120.4,2,0,Y,2026-08-15T09:17:42.571Z
2020,university,0000066,대전가톨릭대학교,세종,사립,대학,160,0,44,44,0,27.5,27.5,1,0,Y,2026-08-15T09:17:42.571Z
2020,university,0000117,울산대학교,울산,사립,대학,11048,0,12080,11001,1079,99.6,109.3,1,0,Y,2026-08-15T09:17:42.571Z
2020,university,0000123,인천가톨릭대학교,인천,사립,대학,678,0,705,664,41,97.9,104,2,0,Y,2026-08-15T09:17:42.571Z
2020,university,0000124,인하대학교,인천,사립,대학,13718,0,17507,14683,2824,107,127.6,1,0,Y,2026-08-15T09:17:42.571Z
2020,university,0000054,광주가톨릭대학교,전남,사립,대학,160,0,89,89,0,55.6,55.6,1,0,Y,2026-08-15T09:17:42.571Z
2020,university,0000074,동신대학교,전남,사립,대학,6272,0,6305,5649,656,90.1,100.5,1,0,Y,2026-08-15T09:17:42.571Z
2020,university,0000166,목포가톨릭대학교,전남,사립,대학,490,0,509,480,29,98,103.9,1,0,Y,2026-08-15T09:17:42.571Z
2020,university,0000064,세한대학교,전남,사립,대학,3798,0,3412,3230,182,85,89.8,1,0,Y,2026-08-15T09:17:42.571Z
2020,university,0000114,영산선학대학교,전남,사립,대학,200,0,29,27,2,13.5,14.5,1,0,Y,2026-08-15T09:17:42.571Z
2020,university,0000190,초당대학교,전남,사립,대학,3056,0,3220,2927,293,95.8,105.4,1,0,Y,2026-08-15T09:17:42.571Z
2020,university,0000186,한려대학교,전남,사립,대학,1205,0,373,338,35,28,31,1,0,Y,2026-08-15T09:17:42.571Z
2020,university,0000173,예수대학교,전북,사립,대학,516,0,551,509,42,98.6,106.8,1,0,Y,2026-08-15T09:17:42.571Z
2020,university,0000164,예원예술대학교,전북,사립,대학,1242,0,1481,1015,466,81.7,119.2,2,0,Y,2026-08-15T09:17:42.571Z
2020,university,0000116,우석대학교,전북,사립,대학,7080,0,7533,6776,757,95.7,106.4,1,0,Y,2026-08-15T09:17:42.571Z
2020,university,0000118,원광대학교,전북,사립,대학,14796,0,15007,13854,1153,93.6,101.4,1,0,Y,2026-08-15T09:17:42.571Z
2020,university,0000126,전주대학교,전북,사립,대학,10088,0,11126,9669,1457,95.8,110.3,1,0,Y,2026-08-15T09:17:42.571Z
2020,university,0000155,한일장신대학교,전북,사립,대학,886,0,909,751,158,84.8,102.6,1,0,Y,2026-08-15T09:17:42.571Z
2020,university,0000223,호원대학교,전북,사립,대학,4634,0,5436,4177,1259,90.1,117.3,1,0,Y,2026-08-15T09:17:42.571Z
2020,university,0000192,제주국제대학교,제주,사립,대학,2469,0,928,900,28,36.5,37.6,1,0,Y,2026-08-15T09:17:42.571Z
2020,university,0000038,건양대학교,충남,사립,대학,6890,0,7039,6535,504,94.8,102.2,2,0,Y,2026-08-15T09:17:42.571Z
2020,university,0000169,금강대학교,충남,사립,대학,510,0,393,383,10,75.1,77.1,1,0,Y,2026-08-15T09:17:42.571Z
2020,university,0000059,나사렛대학교,충남,사립,대학,4844,0,5146,4525,621,93.4,106.2,1,0,Y,2026-08-15T09:17:42.571Z
2020,university,0000189,남서울대학교,충남,사립,대학,8812,0,9502,8551,951,97,107.8,1,0,Y,2026-08-15T09:17:42.571Z
2020,university,0000131,백석대학교,충남,사립,대학,11160,0,11828,10779,1049,96.6,106,1,0,Y,2026-08-15T09:17:42.571Z
2020,university,0000094,선문대학교,충남,사립,대학,8239,0,9252,7844,1408,95.2,112.3,1,0,Y,2026-08-15T09:17:42.571Z
2020,university,0000104,순천향대학교,충남,사립,대학,9626,0,10755,9492,1263,98.6,111.7,1,0,Y,2026-08-15T09:17:42.571Z
2020,university,0000128,중부대학교,충남,사립,대학,7780,0,8174,7358,816,94.6,105.1,1,0,Y,2026-08-15T09:17:42.571Z
2020,university,0000225,청운대학교,충남,사립,대학,5186,0,6468,5070,1398,97.8,124.7,1,0,Y,2026-08-15T09:17:42.571Z
2020,university,0000141,한국기술교육대학교,충남,사립,대학,3344,0,4241,3631,610,108.6,126.8,1,0,Y,2026-08-15T09:17:42.571Z
2020,university,0000149,한서대학교,충남,사립,대학,6365,0,6934,6178,756,97.1,108.9,1,0,Y,2026-08-15T09:17:42.571Z
2020,university,0000159,호서대학교,충남,사립,대학,11562,0,12620,11522,1098,99.7,109.2,1,0,Y,2026-08-15T09:17:42.571Z
2020,university,0000557,가톨릭꽃동네대학교,충북,사립,대학,432,0,457,432,25,100,105.8,1,0,Y,2026-08-15T09:17:42.571Z
2020,university,0000058,극동대학교,충북,사립,대학,3740,0,3684,3475,209,92.9,98.5,1,0,Y,2026-08-15T09:17:42.571Z
2020,university,0000093,서원대학교,충북,사립,대학,6488,0,6860,6296,564,97,105.7,1,0,Y,2026-08-15T09:17:42.571Z
2020,university,0000099,세명대학교,충북,사립,대학,7600,0,7804,7248,556,95.4,102.7,1,0,Y,2026-08-15T09:17:42.571Z
2020,university,0000113,유원대학교,충북,사립,대학,3865,0,3645,3446,199,89.2,94.3,1,0,Y,2026-08-15T09:17:42.571Z
2020,university,0000183,중원대학교,충북,사립,대학,3948,0,4068,3760,308,95.2,103,1,0,Y,2026-08-15T09:17:42.571Z
2020,university,0000132,청주대학교,충북,사립,대학,10641,0,10980,10062,918,94.6,103.2,1,0,Y,2026-08-15T09:17:42.571Z
2020,junior-college,0000347,강릉영동대학교,강원,사립,전문대학,2675,0,2663,2169,494,81.1,99.6,1,0,Y,2026-08-15T09:17:42.571Z
2020,junior-college,0000378,강원관광대학교,강원,사립,전문대학,1119,0,1012,811,201,72.5,90.4,1,0,Y,2026-08-15T09:17:42.571Z
2020,junior-college,0000348,세경대학교,강원,사립,전문대학,966,0,1040,906,134,93.8,107.7,1,0,Y,2026-08-15T09:17:42.571Z
2020,junior-college,0000393,송곡대학교,강원,사립,전문대학,575,0,635,514,121,89.4,110.4,1,0,Y,2026-08-15T09:17:42.571Z
2020,junior-college,0000390,송호대학교,강원,사립,전문대학,885,1,946,755,191,85.4,107,1,0,Y,2026-08-15T09:17:42.571Z
2020,junior-college,0000542,한국골프대학교,강원,사립,전문대학,480,0,441,404,37,84.2,91.9,1,0,Y,2026-08-15T09:17:42.571Z
2020,junior-college,0000383,한림성심대학교,강원,사립,전문대학,2609,0,3012,2385,627,91.4,115.4,1,0,Y,2026-08-15T09:17:42.571Z
2020,junior-college,0000387,경기과학기술대학교,경기,사립,전문대학,3456,14,4712,3233,1479,93.9,136.9,1,0,Y,2026-08-15T09:17:42.571Z
2020,junior-college,0000255,경민대학교,경기,사립,전문대학,3663,0,4432,3501,931,95.6,121,1,0,Y,2026-08-15T09:17:42.571Z
2020,junior-college,0000259,경복대학교,경기,사립,전문대학,5093,0,6455,5101,1354,100.2,126.7,1,0,Y,2026-08-15T09:17:42.571Z
2020,junior-college,0000264,계원예술대학교,경기,사립,전문대학,2514,0,3009,2615,394,104,119.7,1,0,Y,2026-08-15T09:17:42.571Z
2020,junior-college,0000379,국제대학교,경기,사립,전문대학,3806,0,3857,3607,250,94.8,101.3,1,0,Y,2026-08-15T09:17:42.571Z
2020,junior-college,0000277,김포대학교,경기,사립,전문대학,2997,0,3424,2697,727,90,114.2,1,0,Y,2026-08-15T09:17:42.571Z
2020,junior-college,0000278,농협대학교,경기,사립,전문대학,176,0,444,177,267,100.6,252.3,1,0,Y,2026-08-15T09:17:42.571Z
2020,junior-college,0000285,대림대학교,경기,사립,전문대학,5918,0,7325,5756,1569,97.3,123.8,1,0,Y,2026-08-15T09:17:42.571Z
2020,junior-college,0000294,동남보건대학교,경기,사립,전문대학,4128,0,4794,3954,840,95.8,116.1,1,0,Y,2026-08-15T09:17:42.571Z
2020,junior-college,0000287,동서울대학교,경기,사립,전문대학,5500,0,6045,5348,697,97.2,109.9,1,0,Y,2026-08-15T09:17:42.571Z
2020,junior-college,0000298,동아방송예술대학교,경기,사립,전문대학,2469,0,3104,2423,681,98.1,125.7,1,0,Y,2026-08-15T09:17:42.571Z
2020,junior-college,0000302,동원대학교,경기,사립,전문대학,3356,0,3514,3046,468,90.8,104.7,1,0,Y,2026-08-15T09:17:42.571Z
2020,junior-college,0000305,두원공과대학교,경기,사립,전문대학,4813,0,4222,3885,337,80.7,87.7,1,0,Y,2026-08-15T09:17:42.571Z
2020,junior-college,0000316,부천대학교,경기,사립,전문대학,5319,0,7705,5233,2472,98.4,144.9,1,0,Y,2026-08-15T09:17:42.571Z
2020,junior-college,0000323,서울예술대학교,경기,사립,전문대학,1890,0,3101,1870,1231,98.9,164.1,1,0,Y,2026-08-15T09:17:42.571Z
2020,junior-college,0000392,서정대학교,경기,사립,전문대학,3208,0,5412,3051,2361,95.1,168.7,1,0,Y,2026-08-15T09:17:42.571Z
2020,junior-college,0000330,수원과학대학교,경기,사립,전문대학,5667,0,5981,5450,531,96.2,105.5,1,0,Y,2026-08-15T09:17:42.571Z
2020,junior-college,0000329,수원여자대학교,경기,사립,전문대학,4210,0,4367,3991,376,94.8,103.7,1,0,Y,2026-08-15T09:17:42.571Z
2020,junior-college,0000334,신구대학교,경기,사립,전문대학,6155,0,6749,5867,882,95.3,109.7,1,0,Y,2026-08-15T09:17:42.571Z
2020,junior-college,0000339,신안산대학교,경기,사립,전문대학,3885,0,4071,3645,426,93.8,104.8,1,0,Y,2026-08-15T09:17:42.571Z
2020,junior-college,0000340,안산대학교,경기,사립,전문대학,4072,0,4550,3921,629,96.3,111.7,1,0,Y,2026-08-15T09:17:42.571Z
2020,junior-college,0000343,여주대학교,경기,사립,전문대학,5245,216,5357,4471,886,88.9,106.5,1,0,Y,2026-08-15T09:17:42.571Z
2020,junior-college,0000341,연성대학교,경기,사립,전문대학,5710,0,6030,5350,680,93.7,105.6,1,0,Y,2026-08-15T09:17:42.571Z
2020,junior-college,0000350,오산대학교,경기,사립,전문대학,4590,0,5158,4450,708,96.9,112.4,1,0,Y,2026-08-15T09:17:42.571Z
2020,junior-college,0000559,용인예술과학대학교,경기,사립,전문대학,3836,0,3902,3582,320,93.4,101.7,1,0,Y,2026-08-15T09:17:42.571Z
2020,junior-college,0000394,웅지세무대학교,경기,사립,전문대학,1797,0,1103,1081,22,60.2,61.4,1,0,Y,2026-08-15T09:17:42.571Z
2020,junior-college,0000355,유한대학교,경기,사립,전문대학,4540,0,4856,4409,447,97.1,107,1,0,Y,2026-08-15T09:17:42.571Z
2020,junior-college,0000358,장안대학교,경기,사립,전문대학,5514,0,5535,5075,460,92,100.4,1,0,Y,2026-08-15T09:17:42.571Z
2020,junior-college,0000374,청강문화산업대학교,경기,사립,전문대학,3500,0,3842,3443,399,98.4,109.8,1,0,Y,2026-08-15T09:17:42.571Z
2020,junior-college,0000391,한국관광대학교,경기,사립,전문대학,1860,0,1973,1771,202,95.2,106.1,1,0,Y,2026-08-15T09:17:42.571Z
2020,junior-college,0000251,거제대학교,경남,사립,전문대학,1196,0,1181,968,213,80.9,98.7,1,0,Y,2026-08-15T09:17:42.571Z
2020,junior-college,0000395,김해대학교,경남,사립,전문대학,1326,0,1471,1237,234,93.3,110.9,1,0,Y,2026-08-15T09:17:42.571Z
2020,junior-college,0000342,동원과학기술대학교,경남,사립,전문대학,1957,0,2285,1776,509,90.8,116.8,1,0,Y,2026-08-15T09:17:42.571Z
2020,junior-college,0000306,마산대학교,경남,사립,전문대학,5342,0,5571,4770,801,89.3,104.3,1,0,Y,2026-08-15T09:17:42.571Z
2020,junior-college,0000530,연암공과대학교,경남,사립,전문대학,1162,0,1207,1126,81,96.9,103.9,1,0,Y,2026-08-15T09:17:42.571Z
2020,junior-college,0000369,진주보건대학교,경남,사립,전문대학,2405,0,2878,2255,623,93.8,119.7,1,0,Y,2026-08-15T09:17:42.571Z
2020,junior-college,0000528,창원문성대학교,경남,사립,전문대학,2985,0,2712,2468,244,82.7,90.9,1,0,Y,2026-08-15T09:17:42.571Z
2020,junior-college,0000396,한국승강기대학교,경남,사립,전문대학,594,0,635,561,74,94.4,106.9,1,0,Y,2026-08-15T09:17:42.571Z
2020,junior-college,0000249,가톨릭상지대학교,경북,사립,전문대학,1734,0,1860,1439,421,83,107.3,1,0,Y,2026-08-15T09:17:42.571Z
2020,junior-college,0000293,경북과학대학교,경북,사립,전문대학,1719,0,1655,1422,233,82.7,96.3,1,0,Y,2026-08-15T09:17:42.571Z
2020,junior-college,0000523,경북보건대학교,경북,사립,전문대학,1177,0,1250,1109,141,94.2,106.2,1,0,Y,2026-08-15T09:17:42.571Z
2020,junior-college,0000258,경북전문대학교,경북,사립,전문대학,2315,0,2853,2204,649,95.2,123.2,1,0,Y,2026-08-15T09:17:42.571Z
2020,junior-college,0000268,구미대학교,경북,사립,전문대학,3645,0,5066,3388,1678,92.9,139,1,0,Y,2026-08-15T09:17:42.571Z
2020,junior-college,0000279,대경대학교,경북,사립,전문대학,3866,0,4072,3447,625,89.2,105.3,1,0,Y,2026-08-15T09:17:42.571Z
2020,junior-college,0000309,문경대학교,경북,사립,전문대학,832,0,890,783,107,94.1,107,1,0,Y,2026-08-15T09:17:42.571Z
2020,junior-college,0000262,서라벌대학교,경북,사립,전문대학,650,0,633,571,62,87.8,97.4,1,0,Y,2026-08-15T09:17:42.571Z
2020,junior-college,0000380,선린대학교,경북,사립,전문대학,2215,0,2330,1953,377,88.2,105.2,1,0,Y,2026-08-15T09:17:42.571Z
2020,junior-college,0000547,성운대학교,경북,사립,전문대학,1273,0,1602,1224,378,96.2,125.8,1,0,Y,2026-08-15T09:17:42.571Z
2020,junior-college,0000338,안동과학대학교,경북,사립,전문대학,2628,0,2612,2182,430,83,99.4,1,0,Y,2026-08-15T09:17:42.571Z
2020,junior-college,0000257,영남외국어대학,경북,사립,전문대학,939,0,503,457,46,48.7,53.6,1,0,Y,2026-08-15T09:17:42.571Z
2020,junior-college,0000381,포항대학교,경북,사립,전문대학,1857,81,1823,1546,277,87,102.6,1,0,Y,2026-08-15T09:17:42.571Z
2020,junior-college,0000522,호산대학교,경북,사립,전문대학,1776,0,1923,1523,400,85.8,108.3,1,0,Y,2026-08-15T09:17:42.571Z
2020,junior-college,0000267,광주보건대학교,광주,사립,전문대학,3243,0,3733,3035,698,93.6,115.1,1,0,Y,2026-08-15T09:17:42.571Z
2020,junior-college,0000273,기독간호대학교,광주,사립,전문대학,444,0,595,423,172,95.3,134,1,0,Y,2026-08-15T09:17:42.571Z
2020,junior-college,0000297,동강대학교,광주,사립,전문대학,3218,0,3133,2767,366,86,97.4,1,0,Y,2026-08-15T09:17:42.571Z
2020,junior-college,0000320,서영대학교,광주,사립,전문대학,4225,0,5221,3947,1274,93.4,123.6,1,0,Y,2026-08-15T09:17:42.571Z
2020,junior-college,0000366,조선간호대학교,광주,사립,전문대학,556,0,771,559,212,100.5,138.7,1,0,Y,2026-08-15T09:17:42.571Z
2020,junior-college,0000365,조선이공대학교,광주,사립,전문대학,2984,0,3355,2844,511,95.3,112.4,1,0,Y,2026-08-15T09:17:42.571Z
2020,junior-college,0000263,계명문화대학교,대구,사립,전문대학,4703,0,5008,4283,725,91.1,106.5,1,0,Y,2026-08-15T09:17:42.571Z
2020,junior-college,0000280,대구공업대학교,대구,사립,전문대학,1751,0,1661,1501,160,85.7,94.9,1,0,Y,2026-08-15T09:17:42.571Z
2020,junior-college,0000283,대구과학대학교,대구,사립,전문대학,3879,0,4093,3530,563,91,105.5,1,0,Y,2026-08-15T09:17:42.571Z
2020,junior-college,0000281,대구보건대학교,대구,사립,전문대학,6186,0,6959,5709,1250,92.3,112.5,1,0,Y,2026-08-15T09:17:42.571Z
2020,junior-college,0000282,수성대학교,대구,사립,전문대학,3310,0,3484,2930,554,88.5,105.3,1,0,Y,2026-08-15T09:17:42.571Z
2020,junior-college,0000346,영남이공대학교,대구,사립,전문대학,5017,0,5911,4817,1094,96,117.8,1,0,Y,2026-08-15T09:17:42.571Z
2020,junior-college,0000349,영진전문대학교,대구,사립,전문대학,5790,0,7988,5746,2242,99.2,138,1,0,Y,2026-08-15T09:17:42.571Z
2020,junior-college,0000376,대덕대학교,대전,사립,전문대학,4062,0,3741,3313,428,81.6,92.1,1,0,Y,2026-08-15T09:17:42.571Z
2020,junior-college,0000512,대전과학기술대학교,대전,사립,전문대학,4142,0,4446,3730,716,90.1,107.3,1,0,Y,2026-08-15T09:17:42.571Z
2020,junior-college,0000288,대전보건대학교,대전,사립,전문대학,5280,0,5697,4962,735,94,107.9,1,0,Y,2026-08-15T09:17:42.571Z
2020,junior-college,0000289,우송정보대학,대전,사립,전문대학,4640,0,4557,4224,333,91,98.2,1,0,Y,2026-08-15T09:17:42.571Z
2020,junior-college,0000253,경남정보대학교,부산,사립,전문대학,5629,0,6665,5206,1459,92.5,118.4,1,0,Y,2026-08-15T09:17:42.571Z
2020,junior-college,0000284,대동대학교,부산,사립,전문대학,1507,0,1518,1276,242,84.7,100.7,1,0,Y,2026-08-15T09:17:42.571Z
2020,junior-college,0000303,동의과학대학교,부산,사립,전문대학,4860,0,5307,4279,1028,88,109.2,1,0,Y,2026-08-15T09:17:42.571Z
2020,junior-college,0000304,동주대학교,부산,사립,전문대학,3118,0,3101,2720,381,87.2,99.5,1,0,Y,2026-08-15T09:17:42.571Z
2020,junior-college,0000313,부산경상대학교,부산,사립,전문대학,2992,295,2625,2279,346,84.5,97.3,1,0,Y,2026-08-15T09:17:42.571Z
2020,junior-college,0000315,부산과학기술대학교,부산,사립,전문대학,3134,0,3563,2805,758,89.5,113.7,1,0,Y,2026-08-15T09:17:42.571Z
2020,junior-college,0000314,부산여자대학교,부산,사립,전문대학,2901,0,2677,2435,242,83.9,92.3,1,0,Y,2026-08-15T09:17:42.571Z
2020,junior-college,0000388,부산예술대학교,부산,사립,전문대학,902,0,682,631,51,70,75.6,1,0,Y,2026-08-15T09:17:42.571Z
2020,junior-college,0000300,동양미래대학교,서울,사립,전문대학,4976,0,5854,4612,1242,92.7,117.6,1,0,Y,2026-08-15T09:17:42.571Z
2020,junior-college,0000307,명지전문대학,서울,사립,전문대학,5869,0,7068,5641,1427,96.1,120.4,1,0,Y,2026-08-15T09:17:42.571Z
2020,junior-college,0000310,배화여자대학교,서울,사립,전문대학,2690,0,2874,2476,398,92,106.8,1,0,Y,2026-08-15T09:17:42.571Z
2020,junior-college,0000317,삼육보건대학교,서울,사립,전문대학,1072,0,1331,1033,298,96.4,124.2,1,0,Y,2026-08-15T09:17:42.571Z
2020,junior-college,0000321,서울여자간호대학교,서울,사립,전문대학,684,0,934,634,300,92.7,136.5,1,0,Y,2026-08-15T09:17:42.571Z
2020,junior-college,0000324,서일대학교,서울,사립,전문대학,5386,0,6055,5161,894,95.8,112.4,1,0,Y,2026-08-15T09:17:42.571Z
2020,junior-college,0000333,숭의여자대학교,서울,사립,전문대학,3375,0,3396,3126,270,92.6,100.6,1,0,Y,2026-08-15T09:17:42.571Z
2020,junior-college,0000356,인덕대학교,서울,사립,전문대학,5826,0,6382,5494,888,94.3,109.5,1,0,Y,2026-08-15T09:17:42.571Z
2020,junior-college,0000384,한양여자대학교,서울,사립,전문대학,6252,0,6680,5846,834,93.5,106.8,1,0,Y,2026-08-15T09:17:42.571Z
2020,junior-college,0000353,한국영상대학교,세종,사립,전문대학,3167,0,3410,2952,458,93.2,107.7,1,0,Y,2026-08-15T09:17:42.571Z
2020,junior-college,0000352,울산과학대학교,울산,사립,전문대학,4727,0,5719,4666,1053,98.7,121,1,0,Y,2026-08-15T09:17:42.571Z
2020,junior-college,0000375,춘해보건대학교,울산,사립,전문대학,2170,0,2748,2096,652,96.6,126.6,1,0,Y,2026-08-15T09:17:42.571Z
2020,junior-college,0000261,경인여자대학교,인천,사립,전문대학,4004,0,4722,3830,892,95.7,117.9,1,0,Y,2026-08-15T09:17:42.571Z
2020,junior-college,0000292,인천재능대학교,인천,사립,전문대학,3316,0,3951,3260,691,98.3,119.1,1,0,Y,2026-08-15T09:17:42.571Z
2020,junior-college,0000357,인하공업전문대학,인천,사립,전문대학,5756,0,6886,5649,1237,98.1,119.6,1,0,Y,2026-08-15T09:17:42.571Z
2020,junior-college,0000272,고구려대학교,전남,사립,전문대학,1992,0,1903,1740,163,87.3,95.5,1,0,Y,2026-08-15T09:17:42.571Z
2020,junior-college,0000266,광양보건대학교,전남,사립,전문대학,1850,160,648,583,65,34.5,38.3,1,0,Y,2026-08-15T09:17:42.571Z
2020,junior-college,0000532,동아보건대학교,전남,사립,전문대학,1606,0,1699,1486,213,92.5,105.8,1,0,Y,2026-08-15T09:17:42.571Z
2020,junior-college,0000308,목포과학대학교,전남,사립,전문대학,2294,0,2334,2035,299,88.7,101.7,1,0,Y,2026-08-15T09:17:42.571Z
2020,junior-college,0000331,순천제일대학교,전남,사립,전문대학,2446,0,2551,2154,397,88.1,104.3,1,0,Y,2026-08-15T09:17:42.571Z
2020,junior-college,0000360,전남과학대학교,전남,사립,전문대학,3171,0,3976,2856,1120,90.1,125.4,1,0,Y,2026-08-15T09:17:42.571Z
2020,junior-college,0000332,청암대학교,전남,사립,전문대학,2777,0,2697,2377,320,85.6,97.1,1,0,Y,2026-08-15T09:17:42.571Z
2020,junior-college,0000546,한영대학교,전남,사립,전문대학,1349,0,1372,1177,195,87.2,101.7,1,0,Y,2026-08-15T09:17:42.571Z
2020,junior-college,0000250,군산간호대학교,전북,사립,전문대학,886,0,1152,850,302,95.9,130,1,0,Y,2026-08-15T09:17:42.571Z
2020,junior-college,0000270,군장대학교,전북,사립,전문대학,1550,0,1904,1406,498,90.7,122.8,1,0,Y,2026-08-15T09:17:42.571Z
2020,junior-college,0000311,백제예술대학교,전북,사립,전문대학,1354,0,1214,1154,60,85.2,89.7,1,0,Y,2026-08-15T09:17:42.571Z
2020,junior-college,0000354,원광보건대학교,전북,사립,전문대학,4033,0,4593,3704,889,91.8,113.9,1,0,Y,2026-08-15T09:17:42.571Z
2020,junior-college,0000362,전북과학대학교,전북,사립,전문대학,1478,0,1717,1398,319,94.6,116.2,1,0,Y,2026-08-15T09:17:42.571Z
2020,junior-college,0000274,전주기전대학,전북,사립,전문대학,2036,0,1743,1638,105,80.5,85.6,1,0,Y,2026-08-15T09:17:42.571Z
2020,junior-college,0000361,전주비전대학교,전북,사립,전문대학,2582,0,3587,2549,1038,98.7,138.9,1,0,Y,2026-08-15T09:17:42.571Z
2020,junior-college,0000363,제주관광대학교,제주,사립,전문대학,2355,0,2106,1940,166,82.4,89.4,1,0,Y,2026-08-15T09:17:42.571Z
2020,junior-college,0000382,제주한라대학교,제주,사립,전문대학,4646,4,6274,4179,2095,90,135.2,1,0,Y,2026-08-15T09:17:42.571Z
2020,junior-college,0000373,백석문화대학교,충남,사립,전문대학,5407,0,5754,5149,605,95.2,106.4,1,0,Y,2026-08-15T09:17:42.571Z
2020,junior-college,0000335,신성대학교,충남,사립,전문대학,3643,0,3678,3018,660,82.8,101,1,0,Y,2026-08-15T09:17:42.571Z
2020,junior-college,0000291,아주자동차대학,충남,사립,전문대학,988,0,910,850,60,86,92.1,1,0,Y,2026-08-15T09:17:42.571Z
2020,junior-college,0000529,연암대학교,충남,사립,전문대학,966,0,1105,950,155,98.3,114.4,1,0,Y,2026-08-15T09:17:42.571Z
2020,junior-college,0000386,혜전대학교,충남,사립,전문대학,2838,0,2635,2251,384,79.3,92.8,1,0,Y,2026-08-15T09:17:42.571Z
2020,junior-college,0000271,강동대학교,충북,사립,전문대학,3874,171,3534,3115,419,84.1,95.4,1,0,Y,2026-08-15T09:17:42.571Z
2020,junior-college,0000286,대원대학교,충북,사립,전문대학,2535,0,2400,2163,237,85.3,94.7,1,0,Y,2026-08-15T09:17:42.571Z
2020,junior-college,0000367,충북보건과학대학교,충북,사립,전문대학,2648,0,2690,2292,398,86.6,101.6,1,0,Y,2026-08-15T09:17:42.571Z
2020,junior-college,0000377,충청대학교,충북,사립,전문대학,3776,0,3914,3361,553,89,103.7,1,0,Y,2026-08-15T09:17:42.571Z
2020,graduate,0000513,가톨릭관동대학교,강원,사립,대학원,507,0,321,304,17,60,63.3,4,3,Y,2026-08-15T09:17:42.571Z
2020,graduate,0000086,상지대학교,강원,사립,대학원,456,0,317,279,38,61.2,69.5,5,5,Y,2026-08-15T09:17:42.571Z
2020,graduate,0000147,한라대학교,강원,사립,대학원,37.5,0,41,39,2,104,109.3,1,1,Y,2026-08-15T09:17:42.571Z
2020,graduate,0000148,한림대학교,강원,사립,대학원,957,0,708,613,95,64.1,74,7,7,Y,2026-08-15T09:17:42.571Z
2020,graduate,0000044,가천대학교,경기,사립,대학원,1875.5,0,2394,1644,750,87.7,127.6,9,9,Y,2026-08-15T09:17:42.571Z
2020,graduate,0000034,가톨릭대학교,경기,사립,대학원,2743.5,0,2155,2108,47,76.8,78.5,16,16,Y,2026-08-15T09:17:42.571Z
2020,graduate,0000036,강남대학교,경기,사립,대학원,604,0,391,341,50,56.5,64.7,4,4,Y,2026-08-15T09:17:42.571Z
2020,graduate,0000039,경기대학교,경기,사립,대학원,2213,0,2113,1987,126,89.8,95.5,10,9,Y,2026-08-15T09:17:42.571Z
2020,graduate,0000060,단국대학교,경기,사립,대학원,4215,0,3720,3244,476,77,88.3,13,12,Y,2026-08-15T09:17:42.571Z
2020,graduate,0000068,대진대학교,경기,사립,대학원,445,0,413,351,62,78.9,92.8,4,4,Y,2026-08-15T09:17:42.571Z
2020,graduate,0000078,루터대학교,경기,사립,대학원,65,0,42,42,0,64.6,64.6,1,1,Y,2026-08-15T09:17:42.571Z
2020,graduate,0000079,명지대학교,경기,사립,대학원,2155.5,0,1938,1733,205,80.4,89.9,9,9,Y,2026-08-15T09:17:42.571Z
2020,graduate,0000090,서울신학대학교,경기,사립,대학원,880.5,0,814,807,7,91.7,92.4,7,6,Y,2026-08-15T09:17:42.571Z
2020,graduate,0000092,서울장신대학교,경기,사립,대학원,340.5,0,328,322,6,94.6,96.3,7,7,Y,2026-08-15T09:17:42.571Z
2020,graduate,0000095,성결대학교,경기,사립,대학원,607,0,383,383,0,63.1,63.1,5,5,Y,2026-08-15T09:17:42.571Z
2020,graduate,0000101,수원가톨릭대학교,경기,사립,대학원,75,0,49,48,1,64,65.3,1,1,Y,2026-08-15T09:17:42.571Z
2020,graduate,0000102,수원대학교,경기,사립,대학원,1257,0,843,723,120,57.5,67.1,14,13,Y,2026-08-15T09:17:42.571Z
2020,graduate,0000509,신한대학교,경기,사립,대학원,288,0,416,275,141,95.5,144.4,2,2,Y,2026-08-15T09:17:42.571Z
2020,graduate,0000558,아신대학교,경기,사립,대학원,810.5,0,580,523,57,64.5,71.6,6,6,Y,2026-08-15T09:17:42.571Z
2020,graduate,0000108,아주대학교,경기,사립,대학원,4018,0,3809,3428,381,85.3,94.8,14,14,Y,2026-08-15T09:17:42.571Z
2020,graduate,0000109,안양대학교,경기,사립,대학원,800.5,0,519,477,42,59.6,64.8,6,6,Y,2026-08-15T09:17:42.571Z
2020,graduate,0000115,용인대학교,경기,사립,대학원,802.5,0,632,566,66,70.5,78.8,8,8,Y,2026-08-15T09:17:42.571Z
2020,graduate,0000120,을지대학교,경기,사립,대학원,287,0,256,248,8,86.4,89.2,4,3,Y,2026-08-15T09:17:42.571Z
2020,graduate,0000130,중앙승가대학교,경기,사립,대학원,90,0,85,85,0,94.4,94.4,1,1,Y,2026-08-15T09:17:42.571Z
2020,graduate,0000139,차의과학대학교,경기,사립,대학원,1157,0,1142,1111,31,96,98.7,9,9,Y,2026-08-15T09:17:42.571Z
2020,graduate,0000136,칼빈대학교,경기,사립,대학원,253,0,595,258,337,102,235.2,2,2,Y,2026-08-15T09:17:42.571Z
2020,graduate,0000138,평택대학교,경기,사립,대학원,584.5,0,455,391,64,66.9,77.8,6,6,Y,2026-08-15T09:17:42.571Z
2020,graduate,0000191,한국산업기술대학교,경기,사립,대학원,321,0,361,259,102,80.7,112.5,3,3,Y,2026-08-15T09:17:42.571Z
2020,graduate,0000144,한국항공대학교,경기,사립,대학원,583,0,482,414,68,71,82.7,2,2,Y,2026-08-15T09:17:42.571Z
2020,graduate,0000151,한세대학교,경기,사립,대학원,622,0,645,501,144,80.5,103.7,6,3,Y,2026-08-15T09:17:42.571Z
2020,graduate,0000152,한신대학교,경기,사립,대학원,531,0,356,355,1,66.9,67,5,5,Y,2026-08-15T09:17:42.571Z
2020,graduate,0000156,협성대학교,경기,사립,대학원,420,0,410,219,191,52.1,97.6,4,4,Y,2026-08-15T09:17:42.571Z
2020,graduate,0000032,가야대학교,경남,사립,대학원,236,0,101,82,19,34.7,42.8,4,4,Y,2026-08-15T09:17:42.571Z
2020,graduate,0000040,경남대학교,경남,사립,대학원,1430,0,1155,1080,75,75.5,80.8,4,4,Y,2026-08-15T09:17:42.571Z
2020,graduate,0000167,부산장신대학교,경남,사립,대학원,229,0,191,189,2,82.5,83.4,5,4,Y,2026-08-15T09:17:42.571Z
2020,graduate,0000181,영산대학교,경남,사립,대학원,230,0,314,197,117,85.7,136.5,8,7,Y,2026-08-15T09:17:42.571Z
2020,graduate,0000122,인제대학교,경남,사립,대학원,1362.5,0,1230,1161,69,85.2,90.3,6,6,Y,2026-08-15T09:17:42.571Z
2020,graduate,0000193,창신대학교,경남,사립,대학원,205,0,228,219,9,106.8,111.2,3,3,Y,2026-08-15T09:17:42.571Z
2020,graduate,0000188,경운대학교,경북,사립,대학원,160,0,126,125,1,78.1,78.8,3,3,Y,2026-08-15T09:17:42.571Z
2020,graduate,0000045,경일대학교,경북,사립,대학원,158,0,202,115,87,72.8,127.8,2,1,Y,2026-08-15T09:17:42.571Z
2020,graduate,0000046,경주대학교,경북,사립,대학원,186.5,0,84,84,0,45,45,2,2,Y,2026-08-15T09:17:42.571Z
2020,graduate,0000185,김천대학교,경북,사립,대학원,26.5,0,112,28,84,105.7,422.6,3,1,Y,2026-08-15T09:17:42.571Z
2020,graduate,0000063,대구가톨릭대학교,경북,사립,대학원,1563,0,1338,1256,82,80.4,85.6,10,10,Y,2026-08-15T09:17:42.571Z
2020,graduate,0000061,대구대학교,경북,사립,대학원,1697,0,1420,1318,102,77.7,83.7,6,6,Y,2026-08-15T09:17:42.571Z
2020,graduate,0000042,대구한의대학교,경북,사립,대학원,306,0,317,293,24,95.8,103.6,3,3,Y,2026-08-15T09:17:42.571Z
2020,graduate,0000065,대신대학교,경북,사립,대학원,225,0,203,202,1,89.8,90.2,2,2,Y,2026-08-15T09:17:42.571Z
2020,graduate,0000076,동양대학교,경북,사립,대학원,288,0,205,196,9,68.1,71.2,3,3,Y,2026-08-15T09:17:42.571Z
2020,graduate,0000111,영남대학교,경북,사립,대학원,3100,0,2374,2051,323,66.2,76.6,10,10,Y,2026-08-15T09:17:42.571Z
2020,graduate,0000112,영남신학대학교,경북,사립,대학원,298,0,301,293,8,98.3,101,7,5,Y,2026-08-15T09:17:42.571Z
2020,graduate,0000119,위덕대학교,경북,사립,대학원,334,0,261,258,3,77.2,78.1,5,5,Y,2026-08-15T09:17:42.571Z
2020,graduate,0000140,포항공과대학교,경북,사립,대학원,2330,0,1692,1621,71,69.6,72.6,3,2,Y,2026-08-15T09:17:42.571Z
2020,graduate,0000146,한동대학교,경북,사립,대학원,438.5,0,386,352,34,80.3,88,7,7,Y,2026-08-15T09:17:42.571Z
2020,graduate,0000052,광신대학교,광주,사립,대학원,559,0,472,453,19,81,84.4,6,6,Y,2026-08-15T09:17:42.571Z
2020,graduate,0000176,광주대학교,광주,사립,대학원,400,0,428,397,31,99.3,107,3,3,Y,2026-08-15T09:17:42.571Z
2020,graduate,0000055,광주여자대학교,광주,사립,대학원,217.5,0,216,194,22,89.2,99.3,3,3,Y,2026-08-15T09:17:42.571Z
2020,graduate,0000162,남부대학교,광주,사립,대학원,350,0,379,351,28,100.3,108.3,3,3,Y,2026-08-15T09:17:42.571Z
2020,graduate,0000187,송원대학교,광주,사립,대학원,100,0,86,86,0,86,86,1,1,Y,2026-08-15T09:17:42.571Z
2020,graduate,0000127,조선대학교,광주,사립,대학원,2341,0,1554,1352,202,57.8,66.4,8,8,Y,2026-08-15T09:17:42.571Z
2020,graduate,0000157,호남대학교,광주,사립,대학원,627,0,715,503,212,80.2,114,3,3,Y,2026-08-15T09:17:42.571Z
2020,graduate,0000158,호남신학대학교,광주,사립,대학원,484,0,424,423,1,87.4,87.6,5,5,Y,2026-08-15T09:17:42.571Z
2020,graduate,0000048,계명대학교,대구,사립,대학원,2347.5,0,2238,1810,428,77.1,95.3,10,10,Y,2026-08-15T09:17:42.571Z
2020,graduate,0000038,건양대학교,대전,사립,대학원,594.5,0,561,527,34,88.6,94.4,6,6,Y,2026-08-15T09:17:42.571Z
2020,graduate,0000067,대전대학교,대전,사립,대학원,713,0,640,575,65,80.6,89.8,4,3,Y,2026-08-15T09:17:42.571Z
2020,graduate,0000182,대전신학대학교,대전,사립,대학원,116,0,97,97,0,83.6,83.6,2,2,Y,2026-08-15T09:17:42.571Z
2020,graduate,0000080,목원대학교,대전,사립,대학원,702,0,682,387,295,55.1,97.2,3,3,Y,2026-08-15T09:17:42.571Z
2020,graduate,0000081,배재대학교,대전,사립,대학원,553,0,512,359,153,64.9,92.6,3,3,Y,2026-08-15T09:17:42.571Z
2020,graduate,0000184,우송대학교,대전,사립,대학원,227,0,611,202,409,89,269.2,6,6,Y,2026-08-15T09:17:42.571Z
2020,graduate,0000551,한국침례신학대학교,대전,사립,대학원,710,0,640,634,6,89.3,90.1,5,3,Y,2026-08-15T09:17:42.571Z
2020,graduate,0000145,한남대학교,대전,사립,대학원,1239,0,1073,958,115,77.3,86.6,5,5,Y,2026-08-15T09:17:42.571Z
2020,graduate,0000043,경성대학교,부산,사립,대학원,861,0,569,457,112,53.1,66.1,3,3,Y,2026-08-15T09:17:42.571Z
2020,graduate,0000050,고신대학교,부산,사립,대학원,1091,0,868,831,37,76.2,79.6,7,7,Y,2026-08-15T09:17:42.571Z
2020,graduate,0000180,동명대학교,부산,사립,대학원,190,0,300,152,148,80,157.9,2,2,Y,2026-08-15T09:17:42.571Z
2020,graduate,0000073,동서대학교,부산,사립,대학원,274,0,343,150,193,54.7,125.2,3,3,Y,2026-08-15T09:17:42.571Z
2020,graduate,0000075,동아대학교,부산,사립,대학원,2372.5,0,1989,1682,307,70.9,83.8,7,7,Y,2026-08-15T09:17:42.571Z
2020,graduate,0000077,동의대학교,부산,사립,대학원,936.5,0,886,764,122,81.6,94.6,7,7,Y,2026-08-15T09:17:42.571Z
2020,graduate,0000082,부산가톨릭대학교,부산,사립,대학원,140,0,137,129,8,92.1,97.9,1,1,Y,2026-08-15T09:17:42.571Z
2020,graduate,0000083,부산외국어대학교,부산,사립,대학원,495,0,482,288,194,58.2,97.4,5,5,Y,2026-08-15T09:17:42.571Z
2020,graduate,0000106,신라대학교,부산,사립,대학원,648.5,0,686,549,137,84.7,105.8,6,6,Y,2026-08-15T09:17:42.571Z
2020,graduate,0000035,감리교신학대학교,서울,사립,대학원,662,0,712,702,10,106,107.6,3,3,Y,2026-08-15T09:17:42.571Z
2020,graduate,0000037,건국대학교,서울,사립,대학원,5019.5,0,4728,4192,536,83.5,94.2,17,16,Y,2026-08-15T09:17:42.571Z
2020,graduate,0000047,경희대학교,서울,사립,대학원,5910,0,7409,5095,2314,86.2,125.4,15,13,Y,2026-08-15T09:17:42.571Z
2020,graduate,0000049,고려대학교,서울,사립,대학원,10562.5,0,9162,8262,900,78.2,86.7,23,21,Y,2026-08-15T09:17:42.571Z
2020,graduate,0000053,광운대학교,서울,사립,대학원,1561.5,0,1428,1318,110,84.4,91.5,7,7,Y,2026-08-15T09:17:42.571Z
2020,graduate,0000056,국민대학교,서울,사립,대학원,2966.5,0,3013,2447,566,82.5,101.6,15,15,Y,2026-08-15T09:17:42.571Z
2020,graduate,0000070,덕성여자대학교,서울,사립,대학원,433.5,0,300,298,2,68.7,69.2,3,3,Y,2026-08-15T09:17:42.571Z
2020,graduate,0000071,동국대학교,서울,사립,대학원,4312,0,4062,3217,845,74.6,94.2,16,15,Y,2026-08-15T09:17:42.571Z
2020,graduate,0000072,동덕여자대학교,서울,사립,대학원,402.5,0,192,187,5,46.5,47.7,4,4,Y,2026-08-15T09:17:42.571Z
2020,graduate,0000131,백석대학교,서울,사립,대학원,2193,0,2228,2177,51,99.3,101.6,7,7,Y,2026-08-15T09:17:42.571Z
2020,graduate,0000084,삼육대학교,서울,사립,대학원,503.5,0,458,386,72,76.7,91,4,4,Y,2026-08-15T09:17:42.571Z
2020,graduate,0000085,상명대학교,서울,사립,대학원,1168,0,1301,772,529,66.1,111.4,6,6,Y,2026-08-15T09:17:42.571Z
2020,graduate,0000087,서강대학교,서울,사립,대학원,4091,0,2775,2483,292,60.7,67.8,11,11,Y,2026-08-15T09:17:42.571Z
2020,graduate,0000088,서경대학교,서울,사립,대학원,429,0,480,421,59,98.1,111.9,4,4,Y,2026-08-15T09:17:42.571Z
2020,graduate,0000069,서울기독대학교,서울,사립,대학원,274,0,199,185,14,67.5,72.6,6,5,Y,2026-08-15T09:17:42.571Z
2020,graduate,0000091,서울여자대학교,서울,사립,대학원,616,0,244,242,2,39.3,39.6,3,3,Y,2026-08-15T09:17:42.571Z
2020,graduate,0000539,서울한영대학교,서울,사립,대학원,207,0,230,163,67,78.7,111.1,3,3,Y,2026-08-15T09:17:42.571Z
2020,graduate,0000096,성공회대학교,서울,사립,대학원,391,0,264,249,15,63.7,67.5,7,6,Y,2026-08-15T09:17:42.571Z
2020,graduate,0000097,성균관대학교,서울,사립,대학원,7410.5,0,7694,6285,1409,84.8,103.8,18,18,Y,2026-08-15T09:17:42.571Z
2020,graduate,0000098,성신여자대학교,서울,사립,대학원,1192,0,775,720,55,60.4,65,5,5,Y,2026-08-15T09:17:42.571Z
2020,graduate,0000100,세종대학교,서울,사립,대학원,2729,0,2507,1920,587,70.4,91.9,7,7,Y,2026-08-15T09:17:42.571Z
2020,graduate,0000103,숙명여자대학교,서울,사립,대학원,3138.5,0,2266,2180,86,69.5,72.2,10,10,Y,2026-08-15T09:17:42.571Z
2020,graduate,0000105,숭실대학교,서울,사립,대학원,2340.5,0,2528,1916,612,81.9,108,8,7,Y,2026-08-15T09:17:42.571Z
2020,graduate,0000110,연세대학교,서울,사립,대학원,10968,0,11987,10734,1253,97.9,109.3,20,20,Y,2026-08-15T09:17:42.571Z
2020,graduate,0000121,이화여자대학교,서울,사립,대학원,6370.5,0,5238,4901,337,76.9,82.2,14,14,Y,2026-08-15T09:17:42.571Z
2020,graduate,0000125,장로회신학대학교,서울,사립,대학원,1545,0,1502,1457,45,94.3,97.2,6,6,Y,2026-08-15T09:17:42.571Z
2020,graduate,0000129,중앙대학교,서울,사립,대학원,5251.5,0,5213,4217,996,80.3,99.3,18,16,Y,2026-08-15T09:17:42.571Z
2020,graduate,0000133,총신대학교,서울,사립,대학원,1843,0,2088,1814,274,98.4,113.3,9,8,Y,2026-08-15T09:17:42.571Z
2020,graduate,0000134,추계예술대학교,서울,사립,대학원,218,0,149,149,0,68.3,68.3,3,3,Y,2026-08-15T09:17:42.571Z
2020,graduate,0000525,케이씨대학교,서울,사립,대학원,189,0,139,68,71,36,73.5,4,4,Y,2026-08-15T09:17:42.571Z
2020,graduate,0000142,한국성서대학교,서울,사립,대학원,205,0,191,177,14,86.3,93.2,4,4,Y,2026-08-15T09:17:42.571Z
2020,graduate,0000143,한국외국어대학교,서울,사립,대학원,3115.5,0,2420,2266,154,72.7,77.7,9,9,Y,2026-08-15T09:17:42.571Z
2020,graduate,0000150,한성대학교,서울,사립,대학원,896,0,876,556,320,62.1,97.8,8,8,Y,2026-08-15T09:17:42.571Z
2020,graduate,0000153,한양대학교,서울,사립,대학원,8402.5,0,8029,6786,1243,80.8,95.6,19,17,Y,2026-08-15T09:17:42.571Z
2020,graduate,0000160,홍익대학교,서울,사립,대학원,3490,0,3801,3242,559,92.9,108.9,15,15,Y,2026-08-15T09:17:42.571Z
2020,graduate,0000066,대전가톨릭대학교,세종,사립,대학원,90,0,32,32,0,35.6,35.6,1,1,Y,2026-08-15T09:17:42.571Z
2020,graduate,0000117,울산대학교,울산,사립,대학원,2139,0,2001,1606,395,75.1,93.5,5,5,Y,2026-08-15T09:17:42.571Z
2020,graduate,0000123,인천가톨릭대학교,인천,사립,대학원,200,0,102,102,0,51,51,2,2,Y,2026-08-15T09:17:42.571Z
2020,graduate,0000124,인하대학교,인천,사립,대학원,3365,0,2730,2499,231,74.3,81.1,10,9,Y,2026-08-15T09:17:42.571Z
2020,graduate,0000054,광주가톨릭대학교,전남,사립,대학원,60,0,32,32,0,53.3,53.3,1,1,Y,2026-08-15T09:17:42.571Z
2020,graduate,0000074,동신대학교,전남,사립,대학원,497.5,0,512,405,107,81.4,102.9,3,3,Y,2026-08-15T09:17:42.571Z
2020,graduate,0000064,세한대학교,전남,사립,대학원,110,0,70,31,39,28.2,63.6,1,1,Y,2026-08-15T09:17:42.571Z
2020,graduate,0000190,초당대학교,전남,사립,대학원,100,0,193,100,93,100,193,2,2,Y,2026-08-15T09:17:42.571Z
2020,graduate,0000186,한려대학교,전남,사립,대학원,115,0,29,29,0,25.2,25.2,4,4,Y,2026-08-15T09:17:42.571Z
2020,graduate,0000173,예수대학교,전북,사립,대학원,8,0,8,8,0,100,100,1,1,Y,2026-08-15T09:17:42.571Z
2020,graduate,0000164,예원예술대학교,전북,사립,대학원,170,0,860,93,767,54.7,505.9,3,3,Y,2026-08-15T09:17:42.571Z
2020,graduate,0000116,우석대학교,전북,사립,대학원,606,0,959,475,484,78.4,158.3,4,4,Y,2026-08-15T09:17:42.571Z
2020,graduate,0000118,원광대학교,전북,사립,대학원,1587,0,1341,1118,223,70.4,84.5,6,6,Y,2026-08-15T09:17:42.571Z
2020,graduate,0000126,전주대학교,전북,사립,대학원,894.5,0,1097,692,405,77.4,122.6,7,7,Y,2026-08-15T09:17:42.571Z
2020,graduate,0000155,한일장신대학교,전북,사립,대학원,357,0,365,290,75,81.2,102.2,6,6,Y,2026-08-15T09:17:42.571Z
2020,graduate,0000192,제주국제대학교,제주,사립,대학원,336,0,162,152,10,45.2,48.2,4,4,Y,2026-08-15T09:17:42.571Z
2020,graduate,0000169,금강대학교,충남,사립,대학원,30,0,17,17,0,56.7,56.7,1,1,Y,2026-08-15T09:17:42.571Z
2020,graduate,0000059,나사렛대학교,충남,사립,대학원,292,0,294,288,6,98.6,100.7,5,5,Y,2026-08-15T09:17:42.571Z
2020,graduate,0000189,남서울대학교,충남,사립,대학원,390,0,576,320,256,82.1,147.7,3,3,Y,2026-08-15T09:17:42.571Z
2020,graduate,0000094,선문대학교,충남,사립,대학원,335.5,0,258,254,4,75.7,76.9,3,2,Y,2026-08-15T09:17:42.571Z
2020,graduate,0000104,순천향대학교,충남,사립,대학원,1145.5,0,1016,912,104,79.6,88.7,6,5,Y,2026-08-15T09:17:42.571Z
2020,graduate,0000128,중부대학교,충남,사립,대학원,976,0,1321,1076,245,110.2,135.3,4,3,Y,2026-08-15T09:17:42.571Z
2020,graduate,0000225,청운대학교,충남,사립,대학원,100,0,242,110,132,110,242,1,1,Y,2026-08-15T09:17:42.571Z
2020,graduate,0000141,한국기술교육대학교,충남,사립,대학원,486,0,431,330,101,67.9,88.7,3,3,Y,2026-08-15T09:17:42.571Z
2020,graduate,0000149,한서대학교,충남,사립,대학원,401,0,522,305,217,76.1,130.2,5,5,Y,2026-08-15T09:17:42.571Z
2020,graduate,0000159,호서대학교,충남,사립,대학원,1296.5,0,1597,1162,435,89.6,123.2,10,10,Y,2026-08-15T09:17:42.571Z
2020,graduate,0000557,가톨릭꽃동네대학교,충북,사립,대학원,100,0,67,67,0,67,67,1,1,Y,2026-08-15T09:17:42.571Z
2020,graduate,0000058,극동대학교,충북,사립,대학원,286.5,0,108,95,13,33.2,37.7,5,5,Y,2026-08-15T09:17:42.571Z
2020,graduate,0000093,서원대학교,충북,사립,대학원,222.5,0,168,164,4,73.7,75.5,2,2,Y,2026-08-15T09:17:42.571Z
2020,graduate,0000099,세명대학교,충북,사립,대학원,284,0,280,254,26,89.4,98.6,3,3,Y,2026-08-15T09:17:42.571Z
2020,graduate,0000113,유원대학교,충북,사립,대학원,60,0,94,74,20,123.3,156.7,1,1,Y,2026-08-15T09:17:42.571Z
2020,graduate,0000183,중원대학교,충북,사립,대학원,106,0,222,92,130,86.8,209.4,3,3,Y,2026-08-15T09:17:42.571Z
2020,graduate,0000132,청주대학교,충북,사립,대학원,580.5,0,666,386,280,66.5,114.7,5,5,Y,2026-08-15T09:17:42.571Z
2020,combined,0000513,가톨릭관동대학교,강원,사립,대학,9005,0,8428,7778,650,86.4,93.6,1,3,Y,2026-08-15T09:17:42.571Z
2020,combined,0000041,경동대학교,강원,사립,대학,7140,0,7814,6633,1181,92.9,109.4,4,0,Y,2026-08-15T09:17:42.571Z
2020,combined,0000086,상지대학교,강원,사립,대학,7952,0,7190,6784,406,85.3,90.4,1,5,Y,2026-08-15T09:17:42.571Z
2020,combined,0000147,한라대학교,강원,사립,대학,3610.5,0,3771,3561,210,98.6,104.4,1,1,Y,2026-08-15T09:17:42.571Z
2020,combined,0000148,한림대학교,강원,사립,대학,7953,0,8508,7770,738,97.7,107,1,7,Y,2026-08-15T09:17:42.571Z
2020,combined,0000044,가천대학교,경기,사립,대학,17249.5,0,21072,17962,3110,104.1,122.2,1,9,Y,2026-08-15T09:17:42.571Z
2020,combined,0000034,가톨릭대학교,경기,사립,대학,9829.5,0,10472,9585,887,97.5,106.5,3,16,Y,2026-08-15T09:17:42.571Z
2020,combined,0000036,강남대학교,경기,사립,대학,6590,0,7086,6395,691,97,107.5,1,4,Y,2026-08-15T09:17:42.571Z
2020,combined,0000039,경기대학교,경기,사립,대학,13972,0,15825,13814,2011,98.9,113.3,2,9,Y,2026-08-15T09:17:42.571Z
2020,combined,0000060,단국대학교,경기,사립,대학,23065,0,26584,23364,3220,101.3,115.3,2,12,Y,2026-08-15T09:17:42.571Z
2020,combined,0000068,대진대학교,경기,사립,대학,7697,0,7851,7185,666,93.3,102,1,4,Y,2026-08-15T09:17:42.571Z
2020,combined,0000078,루터대학교,경기,사립,대학,420,0,411,403,8,96,97.9,1,1,Y,2026-08-15T09:17:42.571Z
2020,combined,0000079,명지대학교,경기,사립,대학,12889.5,0,15244,12564,2680,97.5,118.3,2,9,Y,2026-08-15T09:17:42.571Z
2020,combined,0000090,서울신학대학교,경기,사립,대학,2926.5,0,3032,2873,159,98.2,103.6,1,6,Y,2026-08-15T09:17:42.571Z
2020,combined,0000092,서울장신대학교,경기,사립,대학,801.5,0,804,773,31,96.4,100.3,1,7,Y,2026-08-15T09:17:42.571Z
2020,combined,0000095,성결대학교,경기,사립,대학,5519,0,5801,5402,399,97.9,105.1,1,5,Y,2026-08-15T09:17:42.571Z
2020,combined,0000101,수원가톨릭대학교,경기,사립,대학,435,0,170,166,4,38.2,39.1,1,1,Y,2026-08-15T09:17:42.571Z
2020,combined,0000102,수원대학교,경기,사립,대학,10041,0,9876,9006,870,89.7,98.4,1,13,Y,2026-08-15T09:17:42.571Z
2020,combined,0000178,신경대학교,경기,사립,대학,1016,13,569,544,25,54.2,56.7,1,0,Y,2026-08-15T09:17:42.571Z
2020,combined,0000509,신한대학교,경기,사립,대학,6100,0,6754,5707,1047,93.6,110.7,2,2,Y,2026-08-15T09:17:42.571Z
2020,combined,0000558,아신대학교,경기,사립,대학,1554.5,0,1197,1124,73,72.3,77,1,6,Y,2026-08-15T09:17:42.571Z
2020,combined,0000108,아주대학교,경기,사립,대학,11692,0,13356,11543,1813,98.7,114.2,1,14,Y,2026-08-15T09:17:42.571Z
2020,combined,0000109,안양대학교,경기,사립,대학,5324.5,0,5329,4980,349,93.5,100.1,2,6,Y,2026-08-15T09:17:42.571Z
2020,combined,0000115,용인대학교,경기,사립,대학,6458.5,0,6872,6104,768,94.5,106.4,1,8,Y,2026-08-15T09:17:42.571Z
2020,combined,0000130,중앙승가대학교,경기,사립,대학,570,0,232,224,8,39.3,40.7,1,1,Y,2026-08-15T09:17:42.571Z
2020,combined,0000139,차의과학대학교,경기,사립,대학,3209,0,3423,3218,205,100.3,106.7,1,9,Y,2026-08-15T09:17:42.571Z
2020,combined,0000136,칼빈대학교,경기,사립,대학,621,0,1173,578,595,93.1,188.9,1,2,Y,2026-08-15T09:17:42.571Z
2020,combined,0000138,평택대학교,경기,사립,대학,4004.5,0,4309,3668,641,91.6,107.6,1,6,Y,2026-08-15T09:17:42.571Z
2020,combined,0000191,한국산업기술대학교,경기,사립,대학,5841,0,7160,5796,1364,99.2,122.6,1,3,Y,2026-08-15T09:17:42.571Z
2020,combined,0000144,한국항공대학교,경기,사립,대학,3918,0,4445,3890,555,99.3,113.5,1,2,Y,2026-08-15T09:17:42.571Z
2020,combined,0000151,한세대학교,경기,사립,대학,2910,0,3269,2879,390,98.9,112.3,1,3,Y,2026-08-15T09:17:42.571Z
2020,combined,0000152,한신대학교,경기,사립,대학,5234,0,5623,5185,438,99.1,107.4,1,5,Y,2026-08-15T09:17:42.571Z
2020,combined,0000156,협성대학교,경기,사립,대학,4472,0,4562,3971,591,88.8,102,1,4,Y,2026-08-15T09:17:42.571Z
2020,combined,0000032,가야대학교,경남,사립,대학,2670,0,2277,2080,197,77.9,85.3,2,4,Y,2026-08-15T09:17:42.571Z
2020,combined,0000040,경남대학교,경남,사립,대학,12999,0,12302,11507,795,88.5,94.6,1,4,Y,2026-08-15T09:17:42.571Z
2020,combined,0000167,부산장신대학교,경남,사립,대학,482,0,412,404,8,83.8,85.5,1,4,Y,2026-08-15T09:17:42.571Z
2020,combined,0000181,영산대학교,경남,사립,대학,230,0,314,197,117,85.7,136.5,2,7,Y,2026-08-15T09:17:42.571Z
2020,combined,0000122,인제대학교,경남,사립,대학,10379.5,0,10384,9459,925,91.1,100,2,6,Y,2026-08-15T09:17:42.571Z
2020,combined,0000193,창신대학교,경남,사립,대학,2205,0,2124,1980,144,89.8,96.3,1,3,Y,2026-08-15T09:17:42.571Z
2020,combined,0000174,한국국제대학교,경남,사립,대학,2719,2,1613,1506,107,55.4,59.4,1,3,Y,2026-08-15T09:17:42.571Z
2020,combined,0000188,경운대학교,경북,사립,대학,4896,0,4464,4222,242,86.2,91.2,1,3,Y,2026-08-15T09:17:42.571Z
2020,combined,0000045,경일대학교,경북,사립,대학,6514,0,7124,6357,767,97.6,109.4,1,1,Y,2026-08-15T09:17:42.571Z
2020,combined,0000046,경주대학교,경북,사립,대학,3234.5,78,1097,809,288,25.6,34.8,1,2,Y,2026-08-15T09:17:42.571Z
2020,combined,0000185,김천대학교,경북,사립,대학,3370.5,1,3110,2681,429,79.6,92.3,1,1,Y,2026-08-15T09:17:42.571Z
2020,combined,0000063,대구가톨릭대학교,경북,사립,대학,13321,0,13771,12791,980,96,103.4,1,10,Y,2026-08-15T09:17:42.571Z
2020,combined,0000061,대구대학교,경북,사립,대학,17933,0,18491,16532,1959,92.2,103.1,1,6,Y,2026-08-15T09:17:42.571Z
2020,combined,0000062,대구예술대학교,경북,사립,대학,1753,0,948,934,14,53.3,54.1,1,0,Y,2026-08-15T09:17:42.571Z
2020,combined,0000042,대구한의대학교,경북,사립,대학,6594,0,7166,6560,606,99.5,108.7,1,3,Y,2026-08-15T09:17:42.571Z
2020,combined,0000065,대신대학교,경북,사립,대학,689,0,611,602,9,87.4,88.7,1,2,Y,2026-08-15T09:17:42.571Z
2020,combined,0000076,동양대학교,경북,사립,대학,4432,0,4200,3965,235,89.5,94.8,2,3,Y,2026-08-15T09:17:42.571Z
2020,combined,0000111,영남대학교,경북,사립,대학,21780,0,22831,20643,2188,94.8,104.8,1,10,Y,2026-08-15T09:17:42.571Z
2020,combined,0000112,영남신학대학교,경북,사립,대학,758,0,771,722,49,95.3,101.7,1,5,Y,2026-08-15T09:17:42.571Z
2020,combined,0000119,위덕대학교,경북,사립,대학,3589,0,3260,3110,150,86.7,90.8,1,5,Y,2026-08-15T09:17:42.571Z
2020,combined,0000140,포항공과대학교,경북,사립,대학,3610,0,3134,3019,115,83.6,86.8,1,2,Y,2026-08-15T09:17:42.571Z
2020,combined,0000146,한동대학교,경북,사립,대학,3354.5,0,4275,3814,461,113.7,127.4,1,7,Y,2026-08-15T09:17:42.571Z
2020,combined,0000052,광신대학교,광주,사립,대학,1062,0,986,936,50,88.1,92.8,1,6,Y,2026-08-15T09:17:42.571Z
2020,combined,0000176,광주대학교,광주,사립,대학,6992,0,7391,6946,445,99.3,105.7,1,3,Y,2026-08-15T09:17:42.571Z
2020,combined,0000055,광주여자대학교,광주,사립,대학,3797.5,0,3951,3605,346,94.9,104,1,3,Y,2026-08-15T09:17:42.571Z
2020,combined,0000162,남부대학교,광주,사립,대학,3170,0,3432,2953,479,93.2,108.3,1,3,Y,2026-08-15T09:17:42.571Z
2020,combined,0000187,송원대학교,광주,사립,대학,3220,0,3066,2811,255,87.3,95.2,1,1,Y,2026-08-15T09:17:42.571Z
2020,combined,0000127,조선대학교,광주,사립,대학,20493,0,21023,19072,1951,93.1,102.6,1,8,Y,2026-08-15T09:17:42.571Z
2020,combined,0000157,호남대학교,광주,사립,대학,6875,0,7789,6660,1129,96.9,113.3,1,3,Y,2026-08-15T09:17:42.571Z
2020,combined,0000158,호남신학대학교,광주,사립,대학,1068,0,950,946,4,88.6,89,1,5,Y,2026-08-15T09:17:42.571Z
2020,combined,0000048,계명대학교,대구,사립,대학,21069.5,0,22930,20666,2264,98.1,108.8,1,10,Y,2026-08-15T09:17:42.571Z
2020,combined,0000067,대전대학교,대전,사립,대학,9285,0,9619,8894,725,95.8,103.6,1,3,Y,2026-08-15T09:17:42.571Z
2020,combined,0000182,대전신학대학교,대전,사립,대학,328,0,182,181,1,55.2,55.5,1,2,Y,2026-08-15T09:17:42.571Z
2020,combined,0000080,목원대학교,대전,사립,대학,8201,0,8276,7522,754,91.7,100.9,1,3,Y,2026-08-15T09:17:42.571Z
2020,combined,0000081,배재대학교,대전,사립,대학,8773,0,8910,8257,653,94.1,101.6,1,3,Y,2026-08-15T09:17:42.571Z
2020,combined,0000184,우송대학교,대전,사립,대학,8243,0,10357,8131,2226,98.6,125.6,1,6,Y,2026-08-15T09:17:42.571Z
2020,combined,0000120,을지대학교,대전,사립,대학,4573,0,4938,4537,401,99.2,108,3,3,Y,2026-08-15T09:17:42.571Z
2020,combined,0000551,한국침례신학대학교,대전,사립,대학,2150,0,1916,1868,48,86.9,89.1,1,3,Y,2026-08-15T09:17:42.571Z
2020,combined,0000145,한남대학교,대전,사립,대학,11972,0,12164,11258,906,94,101.6,1,5,Y,2026-08-15T09:17:42.571Z
2020,combined,0000043,경성대학교,부산,사립,대학,12086,0,13023,11340,1683,93.8,107.8,1,3,Y,2026-08-15T09:17:42.571Z
2020,combined,0000050,고신대학교,부산,사립,대학,4787,0,4788,4540,248,94.8,100,1,7,Y,2026-08-15T09:17:42.571Z
2020,combined,0000180,동명대학교,부산,사립,대학,7462,0,8135,7109,1026,95.3,109,1,2,Y,2026-08-15T09:17:42.571Z
2020,combined,0000073,동서대학교,부산,사립,대학,9994,0,10710,9633,1077,96.4,107.2,1,3,Y,2026-08-15T09:17:42.571Z
2020,combined,0000075,동아대학교,부산,사립,대학,18752.5,0,20331,18443,1888,98.3,108.4,1,7,Y,2026-08-15T09:17:42.571Z
2020,combined,0000077,동의대학교,부산,사립,대학,15456.5,0,15711,14393,1318,93.1,101.6,1,7,Y,2026-08-15T09:17:42.571Z
2020,combined,0000082,부산가톨릭대학교,부산,사립,대학,3804,0,4085,3736,349,98.2,107.4,1,1,Y,2026-08-15T09:17:42.571Z
2020,combined,0000083,부산외국어대학교,부산,사립,대학,7821,0,8570,7541,1029,96.4,109.6,1,5,Y,2026-08-15T09:17:42.571Z
2020,combined,0000106,신라대학교,부산,사립,대학,9238.5,0,9607,8585,1022,92.9,104,1,6,Y,2026-08-15T09:17:42.571Z
2020,combined,0000035,감리교신학대학교,서울,사립,대학,1462,0,1526,1472,54,100.7,104.4,1,3,Y,2026-08-15T09:17:42.571Z
2020,combined,0000037,건국대학교,서울,사립,대학,23388.5,0,27489,23467,4022,100.3,117.5,2,16,Y,2026-08-15T09:17:42.571Z
2020,combined,0000047,경희대학교,서울,사립,대학,25596,0,33284,25844,7440,101,130,1,13,Y,2026-08-15T09:17:42.571Z
2020,combined,0000049,고려대학교,서울,사립,대학,31474.5,0,36371,30745,5626,97.7,115.6,2,21,Y,2026-08-15T09:17:42.571Z
2020,combined,0000053,광운대학교,서울,사립,대학,8331.5,0,9609,8022,1587,96.3,115.3,1,7,Y,2026-08-15T09:17:42.571Z
2020,combined,0000056,국민대학교,서울,사립,대학,14473.5,0,18122,14465,3657,99.9,125.2,1,15,Y,2026-08-15T09:17:42.571Z
2020,combined,0000070,덕성여자대학교,서울,사립,대학,5374.5,0,5806,5382,424,100.1,108,1,3,Y,2026-08-15T09:17:42.571Z
2020,combined,0000071,동국대학교,서울,사립,대학,22307,0,25676,21353,4323,95.7,115.1,2,15,Y,2026-08-15T09:17:42.571Z
2020,combined,0000072,동덕여자대학교,서울,사립,대학,6590.5,76,7130,6410,720,98.4,109.4,1,4,Y,2026-08-15T09:17:42.571Z
2020,combined,0000084,삼육대학교,서울,사립,대학,5183.5,0,5975,5301,674,102.3,115.3,1,4,Y,2026-08-15T09:17:42.571Z
2020,combined,0000085,상명대학교,서울,사립,대학,11596,0,13550,11023,2527,95.1,116.9,2,6,Y,2026-08-15T09:17:42.571Z
2020,combined,0000087,서강대학교,서울,사립,대학,10387,0,11050,8965,2085,86.3,106.4,1,11,Y,2026-08-15T09:17:42.571Z
2020,combined,0000088,서경대학교,서울,사립,대학,5603,0,6665,5524,1141,98.6,119,1,4,Y,2026-08-15T09:17:42.571Z
2020,combined,0000069,서울기독대학교,서울,사립,대학,831,0,700,674,26,81.1,84.2,1,5,Y,2026-08-15T09:17:42.571Z
2020,combined,0000091,서울여자대학교,서울,사립,대학,6984,0,7385,6767,618,96.9,105.7,1,3,Y,2026-08-15T09:17:42.571Z
2020,combined,0000539,서울한영대학교,서울,사립,대학,927,0,925,800,125,86.3,99.8,1,3,Y,2026-08-15T09:17:42.571Z
2020,combined,0000096,성공회대학교,서울,사립,대학,2399,0,2376,2239,137,93.3,99,1,6,Y,2026-08-15T09:17:42.571Z
2020,combined,0000097,성균관대학교,서울,사립,대학,20938.5,0,26999,20761,6238,99.2,128.9,1,18,Y,2026-08-15T09:17:42.571Z
2020,combined,0000098,성신여자대학교,서울,사립,대학,9432,0,9643,8835,808,93.7,102.2,1,5,Y,2026-08-15T09:17:42.571Z
2020,combined,0000100,세종대학교,서울,사립,대학,12060,0,14450,11806,2644,97.9,119.8,1,7,Y,2026-08-15T09:17:42.571Z
2020,combined,0000103,숙명여자대학교,서울,사립,대학,11986.5,0,12389,11107,1282,92.7,103.4,1,10,Y,2026-08-15T09:17:42.571Z
2020,combined,0000105,숭실대학교,서울,사립,대학,13070.5,0,16141,12591,3550,96.3,123.5,1,7,Y,2026-08-15T09:17:42.571Z
2020,combined,0000110,연세대학교,서울,사립,대학,31184,38,38243,32367,5876,103.9,122.8,2,20,Y,2026-08-15T09:17:42.571Z
2020,combined,0000121,이화여자대학교,서울,사립,대학,19134.5,0,20936,18488,2448,96.6,109.4,1,14,Y,2026-08-15T09:17:42.571Z
2020,combined,0000125,장로회신학대학교,서울,사립,대학,2145,0,2150,2048,102,95.5,100.2,1,6,Y,2026-08-15T09:17:42.571Z
2020,combined,0000129,중앙대학교,서울,사립,대학,23215.5,0,28977,23303,5674,100.4,124.8,2,16,Y,2026-08-15T09:17:42.571Z
2020,combined,0000133,총신대학교,서울,사립,대학,3257,0,3781,3286,495,100.9,116.1,1,8,Y,2026-08-15T09:17:42.571Z
2020,combined,0000134,추계예술대학교,서울,사립,대학,1315,0,1260,1213,47,92.2,95.8,1,3,Y,2026-08-15T09:17:42.571Z
2020,combined,0000525,케이씨대학교,서울,사립,대학,1330,0,1490,1268,222,95.3,112,1,4,Y,2026-08-15T09:17:42.571Z
2020,combined,0000142,한국성서대학교,서울,사립,대학,1114,0,1240,1128,112,101.3,111.3,1,4,Y,2026-08-15T09:17:42.571Z
2020,combined,0000143,한국외국어대학교,서울,사립,대학,16623.5,0,19858,16888,2970,101.6,119.5,1,9,Y,2026-08-15T09:17:42.571Z
2020,combined,0000150,한성대학교,서울,사립,대학,6728,0,7443,6370,1073,94.7,110.6,1,8,Y,2026-08-15T09:17:42.571Z
2020,combined,0000153,한양대학교,서울,사립,대학,27330.5,0,32914,26387,6527,96.5,120.4,2,17,Y,2026-08-15T09:17:42.571Z
2020,combined,0000160,홍익대학교,서울,사립,대학,18435,0,21802,18459,3343,100.1,118.3,2,15,Y,2026-08-15T09:17:42.571Z
2020,combined,0000066,대전가톨릭대학교,세종,사립,대학,250,0,76,76,0,30.4,30.4,1,1,Y,2026-08-15T09:17:42.571Z
2020,combined,0000117,울산대학교,울산,사립,대학,13187,0,14081,12607,1474,95.6,106.8,1,5,Y,2026-08-15T09:17:42.571Z
2020,combined,0000123,인천가톨릭대학교,인천,사립,대학,878,0,807,766,41,87.2,91.9,2,2,Y,2026-08-15T09:17:42.571Z
2020,combined,0000124,인하대학교,인천,사립,대학,17083,0,20237,17182,3055,100.6,118.5,1,9,Y,2026-08-15T09:17:42.571Z
2020,combined,0000054,광주가톨릭대학교,전남,사립,대학,220,0,121,121,0,55,55,1,1,Y,2026-08-15T09:17:42.571Z
2020,combined,0000074,동신대학교,전남,사립,대학,6769.5,0,6817,6054,763,89.4,100.7,1,3,Y,2026-08-15T09:17:42.571Z
2020,combined,0000166,목포가톨릭대학교,전남,사립,대학,490,0,509,480,29,98,103.9,1,0,Y,2026-08-15T09:17:42.571Z
2020,combined,0000064,세한대학교,전남,사립,대학,3908,0,3482,3261,221,83.4,89.1,1,1,Y,2026-08-15T09:17:42.571Z
2020,combined,0000114,영산선학대학교,전남,사립,대학,200,0,29,27,2,13.5,14.5,1,0,Y,2026-08-15T09:17:42.571Z
2020,combined,0000190,초당대학교,전남,사립,대학,3156,0,3413,3027,386,95.9,108.1,1,2,Y,2026-08-15T09:17:42.571Z
2020,combined,0000186,한려대학교,전남,사립,대학,1320,0,402,367,35,27.8,30.5,1,4,Y,2026-08-15T09:17:42.571Z
2020,combined,0000173,예수대학교,전북,사립,대학,524,0,559,517,42,98.7,106.7,1,1,Y,2026-08-15T09:17:42.571Z
2020,combined,0000164,예원예술대학교,전북,사립,대학,1412,0,2341,1108,1233,78.5,165.8,2,3,Y,2026-08-15T09:17:42.571Z
2020,combined,0000116,우석대학교,전북,사립,대학,7686,0,8492,7251,1241,94.3,110.5,1,4,Y,2026-08-15T09:17:42.571Z
2020,combined,0000118,원광대학교,전북,사립,대학,16383,0,16348,14972,1376,91.4,99.8,1,6,Y,2026-08-15T09:17:42.571Z
2020,combined,0000126,전주대학교,전북,사립,대학,10982.5,0,12223,10361,1862,94.3,111.3,1,7,Y,2026-08-15T09:17:42.571Z
2020,combined,0000155,한일장신대학교,전북,사립,대학,1243,0,1274,1041,233,83.7,102.5,1,6,Y,2026-08-15T09:17:42.571Z
2020,combined,0000223,호원대학교,전북,사립,대학,4634,0,5436,4177,1259,90.1,117.3,1,0,Y,2026-08-15T09:17:42.571Z
2020,combined,0000192,제주국제대학교,제주,사립,대학,2805,0,1090,1052,38,37.5,38.9,1,4,Y,2026-08-15T09:17:42.571Z
2020,combined,0000038,건양대학교,충남,사립,대학,7484.5,0,7600,7062,538,94.4,101.5,2,6,Y,2026-08-15T09:17:42.571Z
2020,combined,0000169,금강대학교,충남,사립,대학,540,0,410,400,10,74.1,75.9,1,1,Y,2026-08-15T09:17:42.571Z
2020,combined,0000059,나사렛대학교,충남,사립,대학,5136,0,5440,4813,627,93.7,105.9,1,5,Y,2026-08-15T09:17:42.571Z
2020,combined,0000189,남서울대학교,충남,사립,대학,9202,0,10078,8871,1207,96.4,109.5,1,3,Y,2026-08-15T09:17:42.571Z
2020,combined,0000131,백석대학교,충남,사립,대학,13353,0,14056,12956,1100,97,105.3,1,7,Y,2026-08-15T09:17:42.571Z
2020,combined,0000094,선문대학교,충남,사립,대학,8574.5,0,9510,8098,1412,94.4,110.9,1,2,Y,2026-08-15T09:17:42.571Z
2020,combined,0000104,순천향대학교,충남,사립,대학,10771.5,0,11771,10404,1367,96.6,109.3,1,5,Y,2026-08-15T09:17:42.571Z
2020,combined,0000128,중부대학교,충남,사립,대학,8756,0,9495,8434,1061,96.3,108.4,1,3,Y,2026-08-15T09:17:42.571Z
2020,combined,0000225,청운대학교,충남,사립,대학,5286,0,6710,5180,1530,98,126.9,1,1,Y,2026-08-15T09:17:42.571Z
2020,combined,0000141,한국기술교육대학교,충남,사립,대학,3830,0,4672,3961,711,103.4,122,1,3,Y,2026-08-15T09:17:42.571Z
2020,combined,0000149,한서대학교,충남,사립,대학,6766,0,7456,6483,973,95.8,110.2,1,5,Y,2026-08-15T09:17:42.571Z
2020,combined,0000159,호서대학교,충남,사립,대학,12858.5,0,14217,12684,1533,98.6,110.6,1,10,Y,2026-08-15T09:17:42.571Z
2020,combined,0000557,가톨릭꽃동네대학교,충북,사립,대학,532,0,524,499,25,93.8,98.5,1,1,Y,2026-08-15T09:17:42.571Z
2020,combined,0000058,극동대학교,충북,사립,대학,4026.5,0,3792,3570,222,88.7,94.2,1,5,Y,2026-08-15T09:17:42.571Z
2020,combined,0000093,서원대학교,충북,사립,대학,6710.5,0,7028,6460,568,96.3,104.7,1,2,Y,2026-08-15T09:17:42.571Z
2020,combined,0000099,세명대학교,충북,사립,대학,7884,0,8084,7502,582,95.2,102.5,1,3,Y,2026-08-15T09:17:42.571Z
2020,combined,0000113,유원대학교,충북,사립,대학,3925,0,3739,3520,219,89.7,95.3,1,1,Y,2026-08-15T09:17:42.571Z
2020,combined,0000183,중원대학교,충북,사립,대학,4054,0,4290,3852,438,95,105.8,1,3,Y,2026-08-15T09:17:42.571Z
2020,combined,0000132,청주대학교,충북,사립,대학,11221.5,0,11646,10448,1198,93.1,103.8,1,5,Y,2026-08-15T09:17:42.571Z
2021,university,0000513,가톨릭관동대학교,강원,사립,대학,8459,0,7494.5,6893.5,601,81.5,88.6,1,0,Y,2026-08-15T09:17:42.571Z
2021,university,0000041,경동대학교,강원,사립,대학,7069.5,0,7452.5,6378.5,1074,90.2,105.4,4,0,Y,2026-08-15T09:17:42.571Z
2021,university,0000086,상지대학교,강원,사립,대학,7770,0,6487.5,6094,393.5,78.4,83.5,1,0,Y,2026-08-15T09:17:42.571Z
2021,university,0000147,한라대학교,강원,사립,대학,3567,0,3307.5,3105.5,202,87.1,92.7,1,0,Y,2026-08-15T09:17:42.571Z
2021,university,0000148,한림대학교,강원,사립,대학,7026,0,7578.5,6861.5,717,97.7,107.9,1,0,Y,2026-08-15T09:17:42.571Z
2021,university,0000044,가천대학교,경기,사립,대학,15382,0,18547.5,15665.5,2882,101.8,120.6,1,0,Y,2026-08-15T09:17:42.571Z
2021,university,0000034,가톨릭대학교,경기,사립,대학,7126,0,7886,6996,890,98.2,110.7,3,0,Y,2026-08-15T09:17:42.571Z
2021,university,0000036,강남대학교,경기,사립,대학,5975,0,6345,5798,547,97,106.2,1,0,Y,2026-08-15T09:17:42.571Z
2021,university,0000039,경기대학교,경기,사립,대학,11758,0,13649,11521,2128,98,116.1,2,0,Y,2026-08-15T09:17:42.571Z
2021,university,0000060,단국대학교,경기,사립,대학,18850,0,21935,19217.5,2717.5,101.9,116.4,2,0,Y,2026-08-15T09:17:42.571Z
2021,university,0000068,대진대학교,경기,사립,대학,7212,0,7161.5,6539,622.5,90.7,99.3,1,0,Y,2026-08-15T09:17:42.571Z
2021,university,0000078,루터대학교,경기,사립,대학,347.5,0,348,340.5,7.5,98,100.1,1,0,Y,2026-08-15T09:17:42.571Z
2021,university,0000079,명지대학교,경기,사립,대학,10734,0,13377,10391,2986,96.8,124.6,2,0,Y,2026-08-15T09:17:42.571Z
2021,university,0000090,서울신학대학교,경기,사립,대학,2004.5,0,2122.5,1966,156.5,98.1,105.9,1,0,Y,2026-08-15T09:17:42.571Z
2021,university,0000092,서울장신대학교,경기,사립,대학,456.5,0,421,398,23,87.2,92.2,1,0,Y,2026-08-15T09:17:42.571Z
2021,university,0000095,성결대학교,경기,사립,대학,4912,0,5262.5,4890,372.5,99.6,107.1,1,0,Y,2026-08-15T09:17:42.571Z
2021,university,0000101,수원가톨릭대학교,경기,사립,대학,360,0,123.5,120,3.5,33.3,34.3,1,0,Y,2026-08-15T09:17:42.571Z
2021,university,0000102,수원대학교,경기,사립,대학,8751,0,8640.5,7895,745.5,90.2,98.7,1,0,Y,2026-08-15T09:17:42.571Z
2021,university,0000178,신경대학교,경기,사립,대학,1000,13,487.5,461,26.5,46.7,49.4,1,0,Y,2026-08-15T09:17:42.571Z
2021,university,0000509,신한대학교,경기,사립,대학,5812,0,6226.5,5315.5,911,91.5,107.1,2,0,Y,2026-08-15T09:17:42.571Z
2021,university,0000558,아신대학교,경기,사립,대학,731,0,562,543,19,74.3,76.9,1,0,Y,2026-08-15T09:17:42.571Z
2021,university,0000108,아주대학교,경기,사립,대학,7678,0,9360.5,7827.5,1533,101.9,121.9,1,0,Y,2026-08-15T09:17:42.571Z
2021,university,0000109,안양대학교,경기,사립,대학,4541.5,0,4501.5,4220.5,281,92.9,99.1,2,0,Y,2026-08-15T09:17:42.571Z
2021,university,0000115,용인대학교,경기,사립,대학,5563.5,0,5614,5022.5,591.5,90.3,100.9,1,0,Y,2026-08-15T09:17:42.571Z
2021,university,0000130,중앙승가대학교,경기,사립,대학,481,0,129.5,127.5,2,26.5,26.9,1,0,Y,2026-08-15T09:17:42.571Z
2021,university,0000139,차의과학대학교,경기,사립,대학,2034,0,2163,2003,160,98.5,106.3,1,0,Y,2026-08-15T09:17:42.571Z
2021,university,0000136,칼빈대학교,경기,사립,대학,360.5,0,510,285.5,224.5,79.2,141.5,1,0,Y,2026-08-15T09:17:42.571Z
2021,university,0000138,평택대학교,경기,사립,대학,3395,0,3573,3052,521,89.9,105.2,1,0,Y,2026-08-15T09:17:42.571Z
2021,university,0000191,한국산업기술대학교,경기,사립,대학,5520,0,6688.5,5424.5,1264,98.3,121.2,1,0,Y,2026-08-15T09:17:42.571Z
2021,university,0000144,한국항공대학교,경기,사립,대학,3346.5,0,3679,3231,448,96.5,109.9,1,0,Y,2026-08-15T09:17:42.571Z
2021,university,0000151,한세대학교,경기,사립,대학,2276,0,2468.5,2238,230.5,98.3,108.5,1,0,Y,2026-08-15T09:17:42.571Z
2021,university,0000152,한신대학교,경기,사립,대학,4693.5,0,5190,4649,541,99.1,110.6,1,0,Y,2026-08-15T09:17:42.571Z
2021,university,0000156,협성대학교,경기,사립,대학,4034,0,4055,3681,374,91.2,100.5,1,0,Y,2026-08-15T09:17:42.571Z
2021,university,0000032,가야대학교,경남,사립,대학,2375.5,0,2035.5,1866.5,169,78.6,85.7,2,0,Y,2026-08-15T09:17:42.571Z
2021,university,0000040,경남대학교,경남,사립,대학,11480,0,10632.5,9822.5,810,85.6,92.6,1,0,Y,2026-08-15T09:17:42.571Z
2021,university,0000167,부산장신대학교,경남,사립,대학,234,0,203,197.5,5.5,84.4,86.8,1,0,Y,2026-08-15T09:17:42.571Z
2021,university,0000181,영산대학교,경남,사립,대학,0,0,0,0,0,,,2,0,N,2026-08-15T09:17:42.571Z
2021,university,0000122,인제대학교,경남,사립,대학,8937.5,0,8601,7782.5,818.5,87.1,96.2,2,0,Y,2026-08-15T09:17:42.571Z
2021,university,0000193,창신대학교,경남,사립,대학,1987.5,0,1803.5,1662.5,141,83.6,90.7,1,0,Y,2026-08-15T09:17:42.571Z
2021,university,0000174,한국국제대학교,경남,사립,대학,0,0,0,0,0,,,1,0,N,2026-08-15T09:17:42.571Z
2021,university,0000188,경운대학교,경북,사립,대학,4736,0,4211.5,3988.5,223,84.2,88.9,1,0,Y,2026-08-15T09:17:42.571Z
2021,university,0000045,경일대학교,경북,사립,대학,6356,0,6534.5,5861.5,673,92.2,102.8,1,0,Y,2026-08-15T09:17:42.571Z
2021,university,0000046,경주대학교,경북,사립,대학,3048,117,800,588.5,211.5,20.1,27.3,1,0,Y,2026-08-15T09:17:42.571Z
2021,university,0000185,김천대학교,경북,사립,대학,3214.5,1,2729.5,2371,358.5,73.8,84.9,1,0,Y,2026-08-15T09:17:42.571Z
2021,university,0000063,대구가톨릭대학교,경북,사립,대학,11758,0,11649.5,10811.5,838,92,99.1,1,0,Y,2026-08-15T09:17:42.571Z
2021,university,0000061,대구대학교,경북,사립,대학,16236,0,16310,14295,2015,88,100.5,1,0,Y,2026-08-15T09:17:42.571Z
2021,university,0000062,대구예술대학교,경북,사립,대학,1715,0,847,832.5,14.5,48.5,49.4,1,0,Y,2026-08-15T09:17:42.571Z
2021,university,0000042,대구한의대학교,경북,사립,대학,6288,0,6341.5,5735,606.5,91.2,100.9,1,0,Y,2026-08-15T09:17:42.571Z
2021,university,0000065,대신대학교,경북,사립,대학,464,0,417.5,410.5,7,88.5,90,1,0,Y,2026-08-15T09:17:42.571Z
2021,university,0000076,동양대학교,경북,사립,대학,4094,0,3662,3406.5,255.5,83.2,89.4,2,0,Y,2026-08-15T09:17:42.571Z
2021,university,0000111,영남대학교,경북,사립,대학,18678,0,20034.5,18048,1986.5,96.6,107.3,1,0,Y,2026-08-15T09:17:42.571Z
2021,university,0000112,영남신학대학교,경북,사립,대학,460,0,442.5,409.5,33,89,96.2,1,0,Y,2026-08-15T09:17:42.571Z
2021,university,0000119,위덕대학교,경북,사립,대학,3220.5,0,2710,2562,148,79.6,84.1,1,0,Y,2026-08-15T09:17:42.571Z
2021,university,0000140,포항공과대학교,경북,사립,대학,1280,0,1334,1291.5,42.5,100.9,104.2,1,0,Y,2026-08-15T09:17:42.571Z
2021,university,0000146,한동대학교,경북,사립,대학,2916,0,3749.5,3289,460.5,112.8,128.6,1,0,Y,2026-08-15T09:17:42.571Z
2021,university,0000052,광신대학교,광주,사립,대학,495.5,0,475.5,450.5,25,90.9,96,1,0,Y,2026-08-15T09:17:42.571Z
2021,university,0000176,광주대학교,광주,사립,대학,6596,0,6429.5,6047.5,382,91.7,97.5,1,0,Y,2026-08-15T09:17:42.571Z
2021,university,0000055,광주여자대학교,광주,사립,대학,3592.5,0,3672,3335,337,92.8,102.2,1,0,Y,2026-08-15T09:17:42.571Z
2021,university,0000162,남부대학교,광주,사립,대학,2795.5,0,3027.5,2508.5,519,89.7,108.3,1,0,Y,2026-08-15T09:17:42.571Z
2021,university,0000187,송원대학교,광주,사립,대학,3075,0,2913,2594,319,84.4,94.7,1,0,Y,2026-08-15T09:17:42.571Z
2021,university,0000127,조선대학교,광주,사립,대학,18137,0,18464.5,16747,1717.5,92.3,101.8,1,0,Y,2026-08-15T09:17:42.571Z
2021,university,0000157,호남대학교,광주,사립,대학,6248,0,6755.5,5814.5,941,93.1,108.1,1,0,Y,2026-08-15T09:17:42.571Z
2021,university,0000158,호남신학대학교,광주,사립,대학,576,0,483,481,2,83.5,83.9,1,0,Y,2026-08-15T09:17:42.571Z
2021,university,0000048,계명대학교,대구,사립,대학,18722,0,20573.5,18368,2205.5,98.1,109.9,1,0,Y,2026-08-15T09:17:42.571Z
2021,university,0000067,대전대학교,대전,사립,대학,8509.5,0,8516.5,7837,679.5,92.1,100.1,1,0,Y,2026-08-15T09:17:42.571Z
2021,university,0000182,대전신학대학교,대전,사립,대학,198,0,79,78.5,0.5,39.6,39.9,1,0,Y,2026-08-15T09:17:42.571Z
2021,university,0000080,목원대학교,대전,사립,대학,7476,0,7192,6754.5,437.5,90.3,96.2,1,0,Y,2026-08-15T09:17:42.571Z
2021,university,0000081,배재대학교,대전,사립,대학,8220,0,7657.5,7189.5,468,87.5,93.2,1,0,Y,2026-08-15T09:17:42.571Z
2021,university,0000184,우송대학교,대전,사립,대학,8016,0,8804.5,7089.5,1715,88.4,109.8,1,0,Y,2026-08-15T09:17:42.571Z
2021,university,0000120,을지대학교,대전,사립,대학,4256,0,4552.5,4170.5,382,98,107,3,0,Y,2026-08-15T09:17:42.571Z
2021,university,0000551,한국침례신학대학교,대전,사립,대학,1432.5,0,1124.5,1089,35.5,76,78.5,1,0,Y,2026-08-15T09:17:42.571Z
2021,university,0000145,한남대학교,대전,사립,대학,10753,0,10634.5,9778,856.5,90.9,98.9,1,0,Y,2026-08-15T09:17:42.571Z
2021,university,0000043,경성대학교,부산,사립,대학,11225,0,11946.5,10398,1548.5,92.6,106.4,1,0,Y,2026-08-15T09:17:42.571Z
2021,university,0000050,고신대학교,부산,사립,대학,3696,0,3721,3525,196,95.4,100.7,1,0,Y,2026-08-15T09:17:42.571Z
2021,university,0000180,동명대학교,부산,사립,대학,7272,0,7441,6570.5,870.5,90.4,102.3,1,0,Y,2026-08-15T09:17:42.571Z
2021,university,0000073,동서대학교,부산,사립,대학,9658,0,9642.5,8766.5,876,90.8,99.8,1,0,Y,2026-08-15T09:17:42.571Z
2021,university,0000075,동아대학교,부산,사립,대학,16380,0,17822.5,16227.5,1595,99.1,108.8,1,0,Y,2026-08-15T09:17:42.571Z
2021,university,0000077,동의대학교,부산,사립,대학,14520,0,14557.5,13353,1204.5,92,100.3,1,0,Y,2026-08-15T09:17:42.571Z
2021,university,0000082,부산가톨릭대학교,부산,사립,대학,3664,0,3750.5,3369,381.5,91.9,102.4,1,0,Y,2026-08-15T09:17:42.571Z
2021,university,0000083,부산외국어대학교,부산,사립,대학,7307.5,0,7361.5,6542,819.5,89.5,100.7,1,0,Y,2026-08-15T09:17:42.571Z
2021,university,0000106,신라대학교,부산,사립,대학,8610.5,0,8104.5,7263,841.5,84.4,94.1,1,0,Y,2026-08-15T09:17:42.571Z
2021,university,0000035,감리교신학대학교,서울,사립,대학,800,0,754.5,720.5,34,90.1,94.3,1,0,Y,2026-08-15T09:17:42.571Z
2021,university,0000037,건국대학교,서울,사립,대학,18351.5,0,21998,18458.5,3539.5,100.6,119.9,2,0,Y,2026-08-15T09:17:42.571Z
2021,university,0000047,경희대학교,서울,사립,대학,19684.5,0,25618,19809.5,5808.5,100.6,130.1,1,0,Y,2026-08-15T09:17:42.571Z
2021,university,0000049,고려대학교,서울,사립,대학,20979,0,25991.5,21241,4750.5,101.2,123.9,2,0,Y,2026-08-15T09:17:42.571Z
2021,university,0000053,광운대학교,서울,사립,대학,6768.5,0,8141,6524.5,1616.5,96.4,120.3,1,0,Y,2026-08-15T09:17:42.571Z
2021,university,0000056,국민대학교,서울,사립,대학,11508.5,0,14893,11728,3165,101.9,129.4,1,0,Y,2026-08-15T09:17:42.571Z
2021,university,0000070,덕성여자대학교,서울,사립,대학,4856,0,5490,5077,413,104.6,113.1,1,0,Y,2026-08-15T09:17:42.571Z
2021,university,0000071,동국대학교,서울,사립,대학,18007.5,0,20730,17382.5,3347.5,96.5,115.1,2,0,Y,2026-08-15T09:17:42.571Z
2021,university,0000072,동덕여자대학교,서울,사립,대학,6188,38,6867,6149,718,100,111.7,1,0,Y,2026-08-15T09:17:42.571Z
2021,university,0000084,삼육대학교,서울,사립,대학,4662,0,5341,4732.5,608.5,101.5,114.6,1,0,Y,2026-08-15T09:17:42.571Z
2021,university,0000085,상명대학교,서울,사립,대학,10497.5,0,11724,9786.5,1937.5,93.2,111.7,2,0,Y,2026-08-15T09:17:42.571Z
2021,university,0000087,서강대학교,서울,사립,대학,6296,0,7923,6042.5,1880.5,96,125.8,1,0,Y,2026-08-15T09:17:42.571Z
2021,university,0000088,서경대학교,서울,사립,대학,5125,0,6154,4938.5,1215.5,96.4,120.1,1,0,Y,2026-08-15T09:17:42.571Z
2021,university,0000069,서울기독대학교,서울,사립,대학,550.5,0,463.5,451.5,12,82,84.2,1,0,Y,2026-08-15T09:17:42.571Z
2021,university,0000091,서울여자대학교,서울,사립,대학,6388,0,6845,6240.5,604.5,97.7,107.2,1,0,Y,2026-08-15T09:17:42.571Z
2021,university,0000539,서울한영대학교,서울,사립,대학,720,0,658,605.5,52.5,84.1,91.4,1,0,Y,2026-08-15T09:17:42.571Z
2021,university,0000096,성공회대학교,서울,사립,대학,2008,0,1952.5,1841.5,111,91.7,97.2,1,0,Y,2026-08-15T09:17:42.571Z
2021,university,0000097,성균관대학교,서울,사립,대학,13542.5,0,18364,13461.5,4902.5,99.4,135.6,1,0,Y,2026-08-15T09:17:42.571Z
2021,university,0000098,성신여자대학교,서울,사립,대학,8346,0,8878.5,8134.5,744,97.5,106.4,1,0,Y,2026-08-15T09:17:42.571Z
2021,university,0000100,세종대학교,서울,사립,대학,9375,0,11509.5,9419,2090.5,100.5,122.8,1,0,Y,2026-08-15T09:17:42.571Z
2021,university,0000103,숙명여자대학교,서울,사립,대학,8804,0,9933,8709.5,1223.5,98.9,112.8,1,0,Y,2026-08-15T09:17:42.571Z
2021,university,0000105,숭실대학교,서울,사립,대학,10742.5,0,13524,10496,3028,97.7,125.9,1,0,Y,2026-08-15T09:17:42.571Z
2021,university,0000110,연세대학교,서울,사립,대학,20142.5,38,25391.5,20196.5,5195,100.5,126.3,2,0,Y,2026-08-15T09:17:42.571Z
2021,university,0000121,이화여자대학교,서울,사립,대학,12759.5,0,15373,13171.5,2201.5,103.2,120.5,1,0,Y,2026-08-15T09:17:42.571Z
2021,university,0000125,장로회신학대학교,서울,사립,대학,600,0,632.5,586,46.5,97.7,105.4,1,0,Y,2026-08-15T09:17:42.571Z
2021,university,0000129,중앙대학교,서울,사립,대학,18004,0,23237,18276.5,4960.5,101.5,129.1,2,0,Y,2026-08-15T09:17:42.571Z
2021,university,0000133,총신대학교,서울,사립,대학,1387.5,0,1599,1408,191,101.5,115.2,1,0,Y,2026-08-15T09:17:42.571Z
2021,university,0000134,추계예술대학교,서울,사립,대학,1077,0,1067,1015,52,94.2,99.1,1,0,Y,2026-08-15T09:17:42.571Z
2021,university,0000525,케이씨대학교,서울,사립,대학,1124.5,0,1470,1061.5,408.5,94.4,130.7,1,0,Y,2026-08-15T09:17:42.571Z
2021,university,0000142,한국성서대학교,서울,사립,대학,900.5,0,1006.5,913.5,93,101.4,111.8,1,0,Y,2026-08-15T09:17:42.571Z
2021,university,0000143,한국외국어대학교,서울,사립,대학,13508,0,16864,13930,2934,103.1,124.8,1,0,Y,2026-08-15T09:17:42.571Z
2021,university,0000150,한성대학교,서울,사립,대학,5832,0,6341,5516.5,824.5,94.6,108.7,1,0,Y,2026-08-15T09:17:42.571Z
2021,university,0000153,한양대학교,서울,사립,대학,18993.5,0,24518,18645,5873,98.2,129.1,2,0,Y,2026-08-15T09:17:42.571Z
2021,university,0000160,홍익대학교,서울,사립,대학,14854.5,0,17712.5,14784,2928.5,99.5,119.2,2,0,Y,2026-08-15T09:17:42.571Z
2021,university,0000066,대전가톨릭대학교,세종,사립,대학,160,0,38,37.5,0.5,23.4,23.8,1,0,Y,2026-08-15T09:17:42.571Z
2021,university,0000117,울산대학교,울산,사립,대학,11073,0,11512.5,10495,1017.5,94.8,104,1,0,Y,2026-08-15T09:17:42.571Z
2021,university,0000123,인천가톨릭대학교,인천,사립,대학,671,0,696.5,651,45.5,97,103.8,2,0,Y,2026-08-15T09:17:42.571Z
2021,university,0000124,인하대학교,인천,사립,대학,13808,0,16994,13988.5,3005.5,101.3,123.1,1,0,Y,2026-08-15T09:17:42.571Z
2021,university,0000054,광주가톨릭대학교,전남,사립,대학,160,0,83.5,83.5,0,52.2,52.2,1,0,Y,2026-08-15T09:17:42.571Z
2021,university,0000074,동신대학교,전남,사립,대학,6272,0,5982,5398,584,86.1,95.4,1,0,Y,2026-08-15T09:17:42.571Z
2021,university,0000166,목포가톨릭대학교,전남,사립,대학,485,0,497,470,27,96.9,102.5,1,0,Y,2026-08-15T09:17:42.571Z
2021,university,0000064,세한대학교,전남,사립,대학,3704,0,3500.5,3316,184.5,89.5,94.5,1,0,Y,2026-08-15T09:17:42.571Z
2021,university,0000114,영산선학대학교,전남,사립,대학,200,0,32,30,2,15,16,1,0,Y,2026-08-15T09:17:42.571Z
2021,university,0000190,초당대학교,전남,사립,대학,3032,0,3015,2724,291,89.8,99.4,1,0,Y,2026-08-15T09:17:42.571Z
2021,university,0000186,한려대학교,전남,사립,대학,1118.5,0,356.5,323.5,33,28.9,31.9,1,0,Y,2026-08-15T09:17:42.571Z
2021,university,0000173,예수대학교,전북,사립,대학,511,0,541.5,503.5,38,98.5,106,1,0,Y,2026-08-15T09:17:42.571Z
2021,university,0000164,예원예술대학교,전북,사립,대학,1217.5,0,1428,924.5,503.5,75.9,117.3,2,0,Y,2026-08-15T09:17:42.571Z
2021,university,0000116,우석대학교,전북,사립,대학,7080,0,7023,6185.5,837.5,87.4,99.2,1,0,Y,2026-08-15T09:17:42.571Z
2021,university,0000118,원광대학교,전북,사립,대학,14796,0,14451,13435,1016,90.8,97.7,1,0,Y,2026-08-15T09:17:42.571Z
2021,university,0000126,전주대학교,전북,사립,대학,10113,0,10904.5,9426.5,1478,93.2,107.8,1,0,Y,2026-08-15T09:17:42.571Z
2021,university,0000155,한일장신대학교,전북,사립,대학,881,0,847.5,736,111.5,83.5,96.2,1,0,Y,2026-08-15T09:17:42.571Z
2021,university,0000223,호원대학교,전북,사립,대학,4569,0,4972,3710,1262,81.2,108.8,1,0,Y,2026-08-15T09:17:42.571Z
2021,university,0000192,제주국제대학교,제주,사립,대학,2274,0,807.5,784,23.5,34.5,35.5,1,0,Y,2026-08-15T09:17:42.571Z
2021,university,0000038,건양대학교,충남,사립,대학,6845,0,6837.5,6348.5,489,92.7,99.9,2,0,Y,2026-08-15T09:17:42.571Z
2021,university,0000169,금강대학교,충남,사립,대학,492.5,0,293,285,8,57.9,59.5,1,0,Y,2026-08-15T09:17:42.571Z
2021,university,0000059,나사렛대학교,충남,사립,대학,4844,30,4814,4230,584,87.9,100,1,0,Y,2026-08-15T09:17:42.571Z
2021,university,0000189,남서울대학교,충남,사립,대학,8805,0,9053,8035.5,1017.5,91.3,102.8,1,0,Y,2026-08-15T09:17:42.571Z
2021,university,0000131,백석대학교,충남,사립,대학,11310,0,11490.5,10466,1024.5,92.5,101.6,1,0,Y,2026-08-15T09:17:42.571Z
2021,university,0000094,선문대학교,충남,사립,대학,8240.5,0,9004,7465.5,1538.5,90.6,109.3,1,0,Y,2026-08-15T09:17:42.571Z
2021,university,0000104,순천향대학교,충남,사립,대학,9630,0,10536,9172,1364,95.2,109.4,1,0,Y,2026-08-15T09:17:42.571Z
2021,university,0000128,중부대학교,충남,사립,대학,7780,0,7634.5,6732.5,902,86.5,98.1,1,0,Y,2026-08-15T09:17:42.571Z
2021,university,0000225,청운대학교,충남,사립,대학,5110,0,5734,4361,1373,85.3,112.2,1,0,Y,2026-08-15T09:17:42.571Z
2021,university,0000141,한국기술교육대학교,충남,사립,대학,3344,0,3969,3384,585,101.2,118.7,1,0,Y,2026-08-15T09:17:42.571Z
2021,university,0000149,한서대학교,충남,사립,대학,6340.5,0,6651.5,5927.5,724,93.5,104.9,1,0,Y,2026-08-15T09:17:42.571Z
2021,university,0000159,호서대학교,충남,사립,대학,11562,0,11907,10850,1057,93.8,103,1,0,Y,2026-08-15T09:17:42.571Z
2021,university,0000557,가톨릭꽃동네대학교,충북,사립,대학,432,0,434,410,24,94.9,100.5,1,0,Y,2026-08-15T09:17:42.571Z
2021,university,0000058,극동대학교,충북,사립,대학,3693,0,3290,3077.5,212.5,83.3,89.1,1,0,Y,2026-08-15T09:17:42.571Z
2021,university,0000093,서원대학교,충북,사립,대학,6488,0,6457,5932,525,91.4,99.5,1,0,Y,2026-08-15T09:17:42.571Z
2021,university,0000099,세명대학교,충북,사립,대학,7620,0,7213.5,6664.5,549,87.5,94.7,1,0,Y,2026-08-15T09:17:42.571Z
2021,university,0000113,유원대학교,충북,사립,대학,3777.5,0,3288.5,3063.5,225,81.1,87.1,1,0,Y,2026-08-15T09:17:42.571Z
2021,university,0000183,중원대학교,충북,사립,대학,3861.5,0,3728.5,3459.5,269,89.6,96.6,1,0,Y,2026-08-15T09:17:42.571Z
2021,university,0000132,청주대학교,충북,사립,대학,10604,0,10574.5,9718,856.5,91.6,99.7,1,0,Y,2026-08-15T09:17:42.571Z
2021,junior-college,0000347,강릉영동대학교,강원,사립,전문대학,2651.5,0,2497,2028.5,468.5,76.5,94.2,1,0,Y,2026-08-15T09:17:42.571Z
2021,junior-college,0000378,강원관광대학교,강원,사립,전문대학,915,0,754.5,610,144.5,66.7,82.5,1,0,Y,2026-08-15T09:17:42.571Z
2021,junior-college,0000348,세경대학교,강원,사립,전문대학,961,0,953.5,821,132.5,85.4,99.2,1,0,Y,2026-08-15T09:17:42.571Z
2021,junior-college,0000393,송곡대학교,강원,사립,전문대학,575,0,615.5,459.5,156,79.9,107,1,0,Y,2026-08-15T09:17:42.571Z
2021,junior-college,0000390,송호대학교,강원,사립,전문대학,888.5,1,910,707,203,79.7,102.5,1,0,Y,2026-08-15T09:17:42.571Z
2021,junior-college,0000542,한국골프대학교,강원,사립,전문대학,480,0,396.5,362,34.5,75.4,82.6,1,0,Y,2026-08-15T09:17:42.571Z
2021,junior-college,0000383,한림성심대학교,강원,사립,전문대학,2611,0,2809.5,2201.5,608,84.3,107.6,1,0,Y,2026-08-15T09:17:42.571Z
2021,junior-college,0000387,경기과학기술대학교,경기,사립,전문대학,3456,7,4254.5,2837,1417.5,82.3,123.4,1,0,Y,2026-08-15T09:17:42.571Z
2021,junior-college,0000255,경민대학교,경기,사립,전문대학,3664,0,3969,3102,867,84.7,108.3,1,0,Y,2026-08-15T09:17:42.571Z
2021,junior-college,0000259,경복대학교,경기,사립,전문대학,5101,0,6215,4880,1335,95.7,121.8,1,0,Y,2026-08-15T09:17:42.571Z
2021,junior-college,0000264,계원예술대학교,경기,사립,전문대학,2506.5,0,2774.5,2383.5,391,95.1,110.7,1,0,Y,2026-08-15T09:17:42.571Z
2021,junior-college,0000379,국제대학교,경기,사립,전문대학,3834.5,0,3333,3085,248,80.5,86.9,1,0,Y,2026-08-15T09:17:42.571Z
2021,junior-college,0000277,김포대학교,경기,사립,전문대학,2949.5,0,2761,2110,651,71.5,93.6,1,0,Y,2026-08-15T09:17:42.571Z
2021,junior-college,0000278,농협대학교,경기,사립,전문대학,176,0,434.5,180.5,254,102.6,246.9,1,0,Y,2026-08-15T09:17:42.571Z
2021,junior-college,0000285,대림대학교,경기,사립,전문대학,5999.5,0,6994.5,5454,1540.5,90.9,116.6,1,0,Y,2026-08-15T09:17:42.571Z
2021,junior-college,0000294,동남보건대학교,경기,사립,전문대학,4128,0,4621.5,3815,806.5,92.4,112,1,0,Y,2026-08-15T09:17:42.571Z
2021,junior-college,0000287,동서울대학교,경기,사립,전문대학,5490.5,0,5550.5,4897,653.5,89.2,101.1,1,0,Y,2026-08-15T09:17:42.571Z
2021,junior-college,0000298,동아방송예술대학교,경기,사립,전문대학,2469,0,2951,2290.5,660.5,92.8,119.5,1,0,Y,2026-08-15T09:17:42.571Z
2021,junior-college,0000302,동원대학교,경기,사립,전문대학,3306,0,3024,2623.5,400.5,79.4,91.5,1,0,Y,2026-08-15T09:17:42.571Z
2021,junior-college,0000305,두원공과대학교,경기,사립,전문대학,4672.5,0,3455,3159.5,295.5,67.6,73.9,1,0,Y,2026-08-15T09:17:42.571Z
2021,junior-college,0000316,부천대학교,경기,사립,전문대학,5302.5,0,7259,4845,2414,91.4,136.9,1,0,Y,2026-08-15T09:17:42.571Z
2021,junior-college,0000323,서울예술대학교,경기,사립,전문대학,1865.5,0,3075,1821.5,1253.5,97.6,164.8,1,0,Y,2026-08-15T09:17:42.571Z
2021,junior-college,0000392,서정대학교,경기,사립,전문대학,3189,0,5833.5,2814.5,3019,88.3,182.9,1,0,Y,2026-08-15T09:17:42.571Z
2021,junior-college,0000330,수원과학대학교,경기,사립,전문대학,5490,0,4896,4390,506,80,89.2,1,0,Y,2026-08-15T09:17:42.571Z
2021,junior-college,0000329,수원여자대학교,경기,사립,전문대학,4137,0,4063.5,3673.5,390,88.8,98.2,1,0,Y,2026-08-15T09:17:42.571Z
2021,junior-college,0000334,신구대학교,경기,사립,전문대학,6165,0,6361,5532.5,828.5,89.7,103.2,1,0,Y,2026-08-15T09:17:42.571Z
2021,junior-college,0000339,신안산대학교,경기,사립,전문대학,3840,0,3337.5,2971.5,366,77.4,86.9,1,0,Y,2026-08-15T09:17:42.571Z
2021,junior-college,0000340,안산대학교,경기,사립,전문대학,4063.5,0,4262.5,3618.5,644,89,104.9,1,0,Y,2026-08-15T09:17:42.571Z
2021,junior-college,0000343,여주대학교,경기,사립,전문대학,5177.5,216,4702,3895.5,806.5,78.5,94.8,1,0,Y,2026-08-15T09:17:42.571Z
2021,junior-college,0000341,연성대학교,경기,사립,전문대학,5695.5,0,5701,5092.5,608.5,89.4,100.1,1,0,Y,2026-08-15T09:17:42.571Z
2021,junior-college,0000350,오산대학교,경기,사립,전문대학,4441,0,4651.5,3943,708.5,88.8,104.7,1,0,Y,2026-08-15T09:17:42.571Z
2021,junior-college,0000559,용인예술과학대학교,경기,사립,전문대학,3770,0,3382,3037,345,80.6,89.7,1,0,Y,2026-08-15T09:17:42.571Z
2021,junior-college,0000394,웅지세무대학교,경기,사립,전문대학,1797,0,908.5,886.5,22,49.3,50.6,1,0,Y,2026-08-15T09:17:42.571Z
2021,junior-college,0000355,유한대학교,경기,사립,전문대학,4528.5,0,4422.5,4029,393.5,89,97.7,1,0,Y,2026-08-15T09:17:42.571Z
2021,junior-college,0000358,장안대학교,경기,사립,전문대학,5440.5,0,4407,3988.5,418.5,73.3,81,1,0,Y,2026-08-15T09:17:42.571Z
2021,junior-college,0000374,청강문화산업대학교,경기,사립,전문대학,3472,0,3472.5,3097.5,375,89.2,100,1,0,Y,2026-08-15T09:17:42.571Z
2021,junior-college,0000391,한국관광대학교,경기,사립,전문대학,1860,0,1667,1479.5,187.5,79.5,89.6,1,0,Y,2026-08-15T09:17:42.571Z
2021,junior-college,0000251,거제대학교,경남,사립,전문대학,1190,0,1093,885.5,207.5,74.4,91.8,1,0,Y,2026-08-15T09:17:42.571Z
2021,junior-college,0000395,김해대학교,경남,사립,전문대학,1311,0,1414.5,1181.5,233,90.1,107.9,1,0,Y,2026-08-15T09:17:42.571Z
2021,junior-college,0000342,동원과학기술대학교,경남,사립,전문대학,1953.5,0,2260.5,1674.5,586,85.7,115.7,1,0,Y,2026-08-15T09:17:42.571Z
2021,junior-college,0000306,마산대학교,경남,사립,전문대학,5351.5,0,5342,4517.5,824.5,84.4,99.8,1,0,Y,2026-08-15T09:17:42.571Z
2021,junior-college,0000530,연암공과대학교,경남,사립,전문대학,1158,0,1145.5,1052,93.5,90.8,98.9,1,0,Y,2026-08-15T09:17:42.571Z
2021,junior-college,0000369,진주보건대학교,경남,사립,전문대학,2387.5,0,2739.5,2125,614.5,89,114.7,1,0,Y,2026-08-15T09:17:42.571Z
2021,junior-college,0000528,창원문성대학교,경남,사립,전문대학,2787.5,0,2188,1957,231,70.2,78.5,1,0,Y,2026-08-15T09:17:42.571Z
2021,junior-college,0000396,한국승강기대학교,경남,사립,전문대학,594,0,603.5,537.5,66,90.5,101.6,1,0,Y,2026-08-15T09:17:42.571Z
2021,junior-college,0000249,가톨릭상지대학교,경북,사립,전문대학,1735.5,0,1793.5,1334.5,459,76.9,103.3,1,0,Y,2026-08-15T09:17:42.571Z
2021,junior-college,0000293,경북과학대학교,경북,사립,전문대학,1719,0,1690,1360,330,79.1,98.3,1,0,Y,2026-08-15T09:17:42.571Z
2021,junior-college,0000523,경북보건대학교,경북,사립,전문대학,1171.5,0,1225.5,1079.5,146,92.1,104.6,1,0,Y,2026-08-15T09:17:42.571Z
2021,junior-college,0000258,경북전문대학교,경북,사립,전문대학,2328,46,2743,2094,649,91.8,120.2,1,0,Y,2026-08-15T09:17:42.571Z
2021,junior-college,0000268,구미대학교,경북,사립,전문대학,3645,0,4964,3227.5,1736.5,88.5,136.2,1,0,Y,2026-08-15T09:17:42.571Z
2021,junior-college,0000279,대경대학교,경북,사립,전문대학,3860,0,3792,3181.5,610.5,82.4,98.2,1,0,Y,2026-08-15T09:17:42.571Z
2021,junior-college,0000309,문경대학교,경북,사립,전문대학,831,0,848,753.5,94.5,90.7,102,1,0,Y,2026-08-15T09:17:42.571Z
2021,junior-college,0000262,서라벌대학교,경북,사립,전문대학,650,0,605,532,73,81.8,93.1,1,0,Y,2026-08-15T09:17:42.571Z
2021,junior-college,0000380,선린대학교,경북,사립,전문대학,2214.5,0,2196.5,1832.5,364,82.8,99.2,1,0,Y,2026-08-15T09:17:42.571Z
2021,junior-college,0000547,성운대학교,경북,사립,전문대학,1262.5,0,1486,1174,312,93,117.7,1,0,Y,2026-08-15T09:17:42.571Z
2021,junior-college,0000338,안동과학대학교,경북,사립,전문대학,2591,0,2445,2036,409,78.6,94.4,1,0,Y,2026-08-15T09:17:42.571Z
2021,junior-college,0000257,영남외국어대학,경북,사립,전문대학,906.5,0,467,422,45,46.6,51.5,1,0,Y,2026-08-15T09:17:42.571Z
2021,junior-college,0000381,포항대학교,경북,사립,전문대학,1821,40.5,1664,1427,237,80.1,93.5,1,0,Y,2026-08-15T09:17:42.571Z
2021,junior-college,0000522,호산대학교,경북,사립,전문대학,1780,0,1848.5,1451,397.5,81.5,103.8,1,0,Y,2026-08-15T09:17:42.571Z
2021,junior-college,0000267,광주보건대학교,광주,사립,전문대학,3241,0,3622.5,2927.5,695,90.3,111.8,1,0,Y,2026-08-15T09:17:42.571Z
2021,junior-college,0000273,기독간호대학교,광주,사립,전문대학,444,0,592,428,164,96.4,133.3,1,0,Y,2026-08-15T09:17:42.571Z
2021,junior-college,0000297,동강대학교,광주,사립,전문대학,3032.5,0,2754.5,2393.5,361,78.9,90.8,1,0,Y,2026-08-15T09:17:42.571Z
2021,junior-college,0000320,서영대학교,광주,사립,전문대학,4174,0,5006,3746.5,1259.5,89.8,119.9,1,0,Y,2026-08-15T09:17:42.571Z
2021,junior-college,0000366,조선간호대학교,광주,사립,전문대학,556,0,757,545.5,211.5,98.1,136.2,1,0,Y,2026-08-15T09:17:42.571Z
2021,junior-college,0000365,조선이공대학교,광주,사립,전문대학,3001,0,3065,2624.5,440.5,87.5,102.1,1,0,Y,2026-08-15T09:17:42.571Z
2021,junior-college,0000263,계명문화대학교,대구,사립,전문대학,4721.5,0,4690.5,4024,666.5,85.2,99.3,1,0,Y,2026-08-15T09:17:42.571Z
2021,junior-college,0000280,대구공업대학교,대구,사립,전문대학,1644.5,0,1572.5,1373,199.5,83.5,95.6,1,0,Y,2026-08-15T09:17:42.571Z
2021,junior-college,0000283,대구과학대학교,대구,사립,전문대학,3879,0,3931,3351.5,579.5,86.4,101.3,1,0,Y,2026-08-15T09:17:42.571Z
2021,junior-college,0000281,대구보건대학교,대구,사립,전문대학,6189,0,6626.5,5389.5,1237,87.1,107.1,1,0,Y,2026-08-15T09:17:42.571Z
2021,junior-college,0000282,수성대학교,대구,사립,전문대학,3272.5,0,3251.5,2763,488.5,84.4,99.4,1,0,Y,2026-08-15T09:17:42.571Z
2021,junior-college,0000346,영남이공대학교,대구,사립,전문대학,5016.5,0,5272.5,4253,1019.5,84.8,105.1,1,0,Y,2026-08-15T09:17:42.571Z
2021,junior-college,0000349,영진전문대학교,대구,사립,전문대학,5785,0,7312.5,5262.5,2050,91,126.4,1,0,Y,2026-08-15T09:17:42.571Z
2021,junior-college,0000376,대덕대학교,대전,사립,전문대학,3862,0,3111,2729.5,381.5,70.7,80.6,1,0,Y,2026-08-15T09:17:42.571Z
2021,junior-college,0000512,대전과학기술대학교,대전,사립,전문대학,4166,0,4125,3420,705,82.1,99,1,0,Y,2026-08-15T09:17:42.571Z
2021,junior-college,0000288,대전보건대학교,대전,사립,전문대학,5321.5,0,5318,4600,718,86.4,99.9,1,0,Y,2026-08-15T09:17:42.571Z
2021,junior-college,0000289,우송정보대학,대전,사립,전문대학,4575,0,3987,3558.5,428.5,77.8,87.1,1,0,Y,2026-08-15T09:17:42.571Z
2021,junior-college,0000253,경남정보대학교,부산,사립,전문대학,5580.5,0,6137.5,4688,1449.5,84,110,1,0,Y,2026-08-15T09:17:42.571Z
2021,junior-college,0000284,대동대학교,부산,사립,전문대학,1500.5,0,1485,1222.5,262.5,81.5,99,1,0,Y,2026-08-15T09:17:42.571Z
2021,junior-college,0000303,동의과학대학교,부산,사립,전문대학,4817.5,0,4594.5,3590,1004.5,74.5,95.4,1,0,Y,2026-08-15T09:17:42.571Z
2021,junior-college,0000304,동주대학교,부산,사립,전문대학,3100.5,0,2800,2423,377,78.1,90.3,1,0,Y,2026-08-15T09:17:42.571Z
2021,junior-college,0000313,부산경상대학교,부산,사립,전문대학,2923.5,295,2453.5,2102.5,351,80,93.3,1,0,Y,2026-08-15T09:17:42.571Z
2021,junior-college,0000315,부산과학기술대학교,부산,사립,전문대학,3059,0,3348,2553.5,794.5,83.5,109.4,1,0,Y,2026-08-15T09:17:42.571Z
2021,junior-college,0000314,부산여자대학교,부산,사립,전문대학,2781,0,2506.5,2228,278.5,80.1,90.1,1,0,Y,2026-08-15T09:17:42.571Z
2021,junior-college,0000388,부산예술대학교,부산,사립,전문대학,902,0,643,595,48,66,71.3,1,0,Y,2026-08-15T09:17:42.571Z
2021,junior-college,0000300,동양미래대학교,서울,사립,전문대학,4976,0,5613.5,4431,1182.5,89,112.8,1,0,Y,2026-08-15T09:17:42.571Z
2021,junior-college,0000307,명지전문대학,서울,사립,전문대학,5810.5,0,6384,5084.5,1299.5,87.5,109.9,1,0,Y,2026-08-15T09:17:42.571Z
2021,junior-college,0000310,배화여자대학교,서울,사립,전문대학,2644.5,0,2698.5,2316.5,382,87.6,102,1,0,Y,2026-08-15T09:17:42.571Z
2021,junior-college,0000317,삼육보건대학교,서울,사립,전문대학,1072,0,1313.5,1009,304.5,94.1,122.5,1,0,Y,2026-08-15T09:17:42.571Z
2021,junior-college,0000321,서울여자간호대학교,서울,사립,전문대학,678,0,924.5,627,297.5,92.5,136.4,1,0,Y,2026-08-15T09:17:42.571Z
2021,junior-college,0000324,서일대학교,서울,사립,전문대학,5412,0,5599,4737.5,861.5,87.5,103.5,1,0,Y,2026-08-15T09:17:42.571Z
2021,junior-college,0000333,숭의여자대학교,서울,사립,전문대학,3311.5,0,3272.5,3007.5,265,90.8,98.8,1,0,Y,2026-08-15T09:17:42.571Z
2021,junior-college,0000356,인덕대학교,서울,사립,전문대학,5735,0,5835.5,5016.5,819,87.5,101.8,1,0,Y,2026-08-15T09:17:42.571Z
2021,junior-college,0000384,한양여자대학교,서울,사립,전문대학,6235,0,6396.5,5553,843.5,89.1,102.6,1,0,Y,2026-08-15T09:17:42.571Z
2021,junior-college,0000353,한국영상대학교,세종,사립,전문대학,3128.5,0,3081.5,2654.5,427,84.8,98.5,1,0,Y,2026-08-15T09:17:42.571Z
2021,junior-college,0000352,울산과학대학교,울산,사립,전문대학,4643,0,5454,4390,1064,94.6,117.5,1,0,Y,2026-08-15T09:17:42.571Z
2021,junior-college,0000375,춘해보건대학교,울산,사립,전문대학,2166.5,0,2698.5,2040.5,658,94.2,124.6,1,0,Y,2026-08-15T09:17:42.571Z
2021,junior-college,0000261,경인여자대학교,인천,사립,전문대학,4003.5,0,4570.5,3636,934.5,90.8,114.2,1,0,Y,2026-08-15T09:17:42.571Z
2021,junior-college,0000292,인천재능대학교,인천,사립,전문대학,3318.5,0,3573.5,2931,642.5,88.3,107.7,1,0,Y,2026-08-15T09:17:42.571Z
2021,junior-college,0000357,인하공업전문대학,인천,사립,전문대학,5736,0,6338.5,5143,1195.5,89.7,110.5,1,0,Y,2026-08-15T09:17:42.571Z
2021,junior-college,0000272,고구려대학교,전남,사립,전문대학,1929.5,0,1580.5,1468.5,112,76.1,81.9,1,0,Y,2026-08-15T09:17:42.571Z
2021,junior-college,0000266,광양보건대학교,전남,사립,전문대학,1705.5,176.5,505.5,452.5,53,29.6,33.1,1,0,Y,2026-08-15T09:17:42.571Z
2021,junior-college,0000532,동아보건대학교,전남,사립,전문대학,1564,0,1509.5,1301.5,208,83.2,96.5,1,0,Y,2026-08-15T09:17:42.571Z
2021,junior-college,0000308,목포과학대학교,전남,사립,전문대학,2311.5,0,2246,1978,268,85.6,97.2,1,0,Y,2026-08-15T09:17:42.571Z
2021,junior-college,0000331,순천제일대학교,전남,사립,전문대학,2450.5,0,2446.5,2065,381.5,84.3,99.8,1,0,Y,2026-08-15T09:17:42.571Z
2021,junior-college,0000360,전남과학대학교,전남,사립,전문대학,3135.5,0,3699,2630.5,1068.5,83.9,118,1,0,Y,2026-08-15T09:17:42.571Z
2021,junior-college,0000332,청암대학교,전남,사립,전문대학,2777,0,2458,2140,318,77.1,88.5,1,0,Y,2026-08-15T09:17:42.571Z
2021,junior-college,0000546,한영대학교,전남,사립,전문대학,1299.5,0,1334,1117.5,216.5,86,102.7,1,0,Y,2026-08-15T09:17:42.571Z
2021,junior-college,0000250,군산간호대학교,전북,사립,전문대학,885,0,1144.5,838.5,306,94.7,129.3,1,0,Y,2026-08-15T09:17:42.571Z
2021,junior-college,0000270,군장대학교,전북,사립,전문대학,1559.5,0,1845.5,1342,503.5,86.1,118.3,1,0,Y,2026-08-15T09:17:42.571Z
2021,junior-college,0000311,백제예술대학교,전북,사립,전문대학,1337,0,1067,1009.5,57.5,75.5,79.8,1,0,Y,2026-08-15T09:17:42.571Z
2021,junior-college,0000354,원광보건대학교,전북,사립,전문대학,4015,0,4421.5,3537,884.5,88.1,110.1,1,0,Y,2026-08-15T09:17:42.571Z
2021,junior-college,0000362,전북과학대학교,전북,사립,전문대학,1462.5,0,1692.5,1333,359.5,91.1,115.7,1,0,Y,2026-08-15T09:17:42.571Z
2021,junior-college,0000274,전주기전대학,전북,사립,전문대학,2052,0,1562.5,1456.5,106,71,76.1,1,0,Y,2026-08-15T09:17:42.571Z
2021,junior-college,0000361,전주비전대학교,전북,사립,전문대학,2587,0,3511.5,2447,1064.5,94.6,135.7,1,0,Y,2026-08-15T09:17:42.571Z
2021,junior-college,0000363,제주관광대학교,제주,사립,전문대학,2352.5,0,1895,1745,150,74.2,80.6,1,0,Y,2026-08-15T09:17:42.571Z
2021,junior-college,0000382,제주한라대학교,제주,사립,전문대학,4646,2,5650.5,3813,1837.5,82.1,121.7,1,0,Y,2026-08-15T09:17:42.571Z
2021,junior-college,0000373,백석문화대학교,충남,사립,전문대학,5397,0,5049.5,4451,598.5,82.5,93.6,1,0,Y,2026-08-15T09:17:42.571Z
2021,junior-college,0000335,신성대학교,충남,사립,전문대학,3567.5,76,3349,2757,592,79,95.9,1,0,Y,2026-08-15T09:17:42.571Z
2021,junior-college,0000291,아주자동차대학,충남,사립,전문대학,988,0,865.5,816,49.5,82.6,87.6,1,0,Y,2026-08-15T09:17:42.571Z
2021,junior-college,0000529,연암대학교,충남,사립,전문대학,966,0,1009,861.5,147.5,89.2,104.5,1,0,Y,2026-08-15T09:17:42.571Z
2021,junior-college,0000386,혜전대학교,충남,사립,전문대학,2783,0,2492,2096,396,75.3,89.5,1,0,Y,2026-08-15T09:17:42.571Z
2021,junior-college,0000271,강동대학교,충북,사립,전문대학,3837,92.5,3208,2808,400,75,85.7,1,0,Y,2026-08-15T09:17:42.571Z
2021,junior-college,0000286,대원대학교,충북,사립,전문대학,2526.5,0,2237,1987,250,78.6,88.5,1,0,Y,2026-08-15T09:17:42.571Z
2021,junior-college,0000367,충북보건과학대학교,충북,사립,전문대학,2621,0,2553.5,2166.5,387,82.7,97.4,1,0,Y,2026-08-15T09:17:42.571Z
2021,junior-college,0000377,충청대학교,충북,사립,전문대학,3776.5,0,3601.5,2995.5,606,79.3,95.4,1,0,Y,2026-08-15T09:17:42.571Z
2021,graduate,0000513,가톨릭관동대학교,강원,사립,대학원,558,0,362,344,18,61.6,64.9,4,4,Y,2026-08-15T09:17:42.571Z
2021,graduate,0000086,상지대학교,강원,사립,대학원,489.5,0,322,281,41,57.4,65.8,5,5,Y,2026-08-15T09:17:42.571Z
2021,graduate,0000147,한라대학교,강원,사립,대학원,37.5,0,28,27,1,72,74.7,1,1,Y,2026-08-15T09:17:42.571Z
2021,graduate,0000148,한림대학교,강원,사립,대학원,968,0,694,624,70,64.5,71.7,7,7,Y,2026-08-15T09:17:42.571Z
2021,graduate,0000044,가천대학교,경기,사립,대학원,1881.5,0,2619,1722,897,91.5,139.2,9,9,Y,2026-08-15T09:17:42.571Z
2021,graduate,0000034,가톨릭대학교,경기,사립,대학원,2750,0,2318,2220,98,80.7,84.3,16,16,Y,2026-08-15T09:17:42.571Z
2021,graduate,0000036,강남대학교,경기,사립,대학원,607,0,391,365,26,60.1,64.4,4,4,Y,2026-08-15T09:17:42.571Z
2021,graduate,0000039,경기대학교,경기,사립,대학원,2213,0,1924,1798,126,81.2,86.9,10,9,Y,2026-08-15T09:17:42.571Z
2021,graduate,0000060,단국대학교,경기,사립,대학원,4429,0,4091,3485,606,78.7,92.4,13,13,Y,2026-08-15T09:17:42.571Z
2021,graduate,0000068,대진대학교,경기,사립,대학원,446,0,541,343,198,76.9,121.3,4,4,Y,2026-08-15T09:17:42.571Z
2021,graduate,0000078,루터대학교,경기,사립,대학원,65,0,36,36,0,55.4,55.4,1,1,Y,2026-08-15T09:17:42.571Z
2021,graduate,0000079,명지대학교,경기,사립,대학원,2398.5,0,2197,1904,293,79.4,91.6,9,9,Y,2026-08-15T09:17:42.571Z
2021,graduate,0000090,서울신학대학교,경기,사립,대학원,880.5,0,803,794,9,90.2,91.2,7,7,Y,2026-08-15T09:17:42.571Z
2021,graduate,0000092,서울장신대학교,경기,사립,대학원,337.5,0,327,321,6,95.1,96.9,7,7,Y,2026-08-15T09:17:42.571Z
2021,graduate,0000095,성결대학교,경기,사립,대학원,612,0,354,329,25,53.8,57.8,5,5,Y,2026-08-15T09:17:42.571Z
2021,graduate,0000101,수원가톨릭대학교,경기,사립,대학원,75,0,56,55,1,73.3,74.7,1,1,Y,2026-08-15T09:17:42.571Z
2021,graduate,0000102,수원대학교,경기,사립,대학원,1267,0,786,707,79,55.8,62,14,14,Y,2026-08-15T09:17:42.571Z
2021,graduate,0000509,신한대학교,경기,사립,대학원,288,0,381,271,110,94.1,132.3,2,2,Y,2026-08-15T09:17:42.571Z
2021,graduate,0000558,아신대학교,경기,사립,대학원,810.5,0,608,547,61,67.5,75,6,6,Y,2026-08-15T09:17:42.571Z
2021,graduate,0000108,아주대학교,경기,사립,대학원,4020,0,3948,3585,363,89.2,98.2,14,14,Y,2026-08-15T09:17:42.571Z
2021,graduate,0000109,안양대학교,경기,사립,대학원,819.5,16,428,411,17,51.2,53.3,6,6,Y,2026-08-15T09:17:42.571Z
2021,graduate,0000115,용인대학교,경기,사립,대학원,802.5,0,606,573,33,71.4,75.5,8,8,Y,2026-08-15T09:17:42.571Z
2021,graduate,0000120,을지대학교,경기,사립,대학원,283,0,255,245,10,86.6,90.1,4,3,Y,2026-08-15T09:17:42.571Z
2021,graduate,0000130,중앙승가대학교,경기,사립,대학원,90,0,66,66,0,73.3,73.3,1,1,Y,2026-08-15T09:17:42.571Z
2021,graduate,0000139,차의과학대학교,경기,사립,대학원,1163.5,0,1080,1064,16,91.4,92.8,9,9,Y,2026-08-15T09:17:42.571Z
2021,graduate,0000136,칼빈대학교,경기,사립,대학원,250,0,486,241,245,96.4,194.4,2,2,Y,2026-08-15T09:17:42.571Z
2021,graduate,0000138,평택대학교,경기,사립,대학원,622.5,0,423,379,44,60.9,68,6,6,Y,2026-08-15T09:17:42.571Z
2021,graduate,0000191,한국산업기술대학교,경기,사립,대학원,322,0,384,282,102,87.6,119.3,3,3,Y,2026-08-15T09:17:42.571Z
2021,graduate,0000144,한국항공대학교,경기,사립,대학원,583,0,589,488,101,83.7,101,2,2,Y,2026-08-15T09:17:42.571Z
2021,graduate,0000151,한세대학교,경기,사립,대학원,621,0,572,469,103,75.5,92.1,6,4,Y,2026-08-15T09:17:42.571Z
2021,graduate,0000152,한신대학교,경기,사립,대학원,534,0,366,362,4,67.8,68.5,5,5,Y,2026-08-15T09:17:42.571Z
2021,graduate,0000156,협성대학교,경기,사립,대학원,395,0,370,198,172,50.1,93.7,4,4,Y,2026-08-15T09:17:42.571Z
2021,graduate,0000032,가야대학교,경남,사립,대학원,206,0,99,68,31,33,48.1,4,4,Y,2026-08-15T09:17:42.571Z
2021,graduate,0000040,경남대학교,경남,사립,대학원,1398,0,1151,1048,103,75,82.3,4,4,Y,2026-08-15T09:17:42.571Z
2021,graduate,0000167,부산장신대학교,경남,사립,대학원,243.5,0,203,201,2,82.5,83.4,5,5,Y,2026-08-15T09:17:42.571Z
2021,graduate,0000181,영산대학교,경남,사립,대학원,215,0,271,191,80,88.8,126,8,7,Y,2026-08-15T09:17:42.571Z
2021,graduate,0000122,인제대학교,경남,사립,대학원,1385,0,1230,1134,96,81.9,88.8,6,6,Y,2026-08-15T09:17:42.571Z
2021,graduate,0000193,창신대학교,경남,사립,대학원,247.5,0,244,241,3,97.4,98.6,3,3,Y,2026-08-15T09:17:42.571Z
2021,graduate,0000188,경운대학교,경북,사립,대학원,160,0,121,119,2,74.4,75.6,3,3,Y,2026-08-15T09:17:42.571Z
2021,graduate,0000045,경일대학교,경북,사립,대학원,171,0,259,117,142,68.4,151.5,2,2,Y,2026-08-15T09:17:42.571Z
2021,graduate,0000046,경주대학교,경북,사립,대학원,186.5,0,83,83,0,44.5,44.5,2,2,Y,2026-08-15T09:17:42.571Z
2021,graduate,0000185,김천대학교,경북,사립,대학원,63.5,0,117,39,78,61.4,184.3,3,3,Y,2026-08-15T09:17:42.571Z
2021,graduate,0000063,대구가톨릭대학교,경북,사립,대학원,1558,0,1357,1281,76,82.2,87.1,10,10,Y,2026-08-15T09:17:42.571Z
2021,graduate,0000061,대구대학교,경북,사립,대학원,1555.5,0,1477,1368,109,87.9,95,6,6,Y,2026-08-15T09:17:42.571Z
2021,graduate,0000042,대구한의대학교,경북,사립,대학원,309,0,330,307,23,99.4,106.8,3,3,Y,2026-08-15T09:17:42.571Z
2021,graduate,0000065,대신대학교,경북,사립,대학원,225,0,195,192,3,85.3,86.7,2,2,Y,2026-08-15T09:17:42.571Z
2021,graduate,0000076,동양대학교,경북,사립,대학원,288,0,224,219,5,76,77.8,3,3,Y,2026-08-15T09:17:42.571Z
2021,graduate,0000111,영남대학교,경북,사립,대학원,3205,0,2517,2152,365,67.1,78.5,10,10,Y,2026-08-15T09:17:42.571Z
2021,graduate,0000112,영남신학대학교,경북,사립,대학원,311,0,305,301,4,96.8,98.1,7,7,Y,2026-08-15T09:17:42.571Z
2021,graduate,0000119,위덕대학교,경북,사립,대학원,328.5,0,256,250,6,76.1,77.9,5,5,Y,2026-08-15T09:17:42.571Z
2021,graduate,0000140,포항공과대학교,경북,사립,대학원,2388,0,1946,1858,88,77.8,81.5,3,3,Y,2026-08-15T09:17:42.571Z
2021,graduate,0000146,한동대학교,경북,사립,대학원,446,0,397,354,43,79.4,89,7,7,Y,2026-08-15T09:17:42.571Z
2021,graduate,0000052,광신대학교,광주,사립,대학원,589,0,495,474,21,80.5,84,6,6,Y,2026-08-15T09:17:42.571Z
2021,graduate,0000176,광주대학교,광주,사립,대학원,400,0,451,403,48,100.8,112.8,3,3,Y,2026-08-15T09:17:42.571Z
2021,graduate,0000055,광주여자대학교,광주,사립,대학원,217.5,0,204,177,27,81.4,93.8,3,3,Y,2026-08-15T09:17:42.571Z
2021,graduate,0000162,남부대학교,광주,사립,대학원,350,0,405,374,31,106.9,115.7,3,3,Y,2026-08-15T09:17:42.571Z
2021,graduate,0000187,송원대학교,광주,사립,대학원,100,0,112,108,4,108,112,1,1,Y,2026-08-15T09:17:42.571Z
2021,graduate,0000127,조선대학교,광주,사립,대학원,2298,0,1453,1299,154,56.5,63.2,8,8,Y,2026-08-15T09:17:42.571Z
2021,graduate,0000157,호남대학교,광주,사립,대학원,627,0,896,524,372,83.6,142.9,3,3,Y,2026-08-15T09:17:42.571Z
2021,graduate,0000158,호남신학대학교,광주,사립,대학원,479,0,361,360,1,75.2,75.4,5,5,Y,2026-08-15T09:17:42.571Z
2021,graduate,0000048,계명대학교,대구,사립,대학원,2340,0,2147,1760,387,75.2,91.8,10,10,Y,2026-08-15T09:17:42.571Z
2021,graduate,0000038,건양대학교,대전,사립,대학원,597.5,0,582,531,51,88.9,97.4,6,6,Y,2026-08-15T09:17:42.571Z
2021,graduate,0000067,대전대학교,대전,사립,대학원,701,0,674,605,69,86.3,96.1,4,4,Y,2026-08-15T09:17:42.571Z
2021,graduate,0000182,대전신학대학교,대전,사립,대학원,134,0,79,79,0,59,59,2,2,Y,2026-08-15T09:17:42.571Z
2021,graduate,0000080,목원대학교,대전,사립,대학원,740,0,697,407,290,55,94.2,3,3,Y,2026-08-15T09:17:42.571Z
2021,graduate,0000081,배재대학교,대전,사립,대학원,603,0,555,334,221,55.4,92,3,3,Y,2026-08-15T09:17:42.571Z
2021,graduate,0000184,우송대학교,대전,사립,대학원,227,0,666,210,456,92.5,293.4,6,6,Y,2026-08-15T09:17:42.571Z
2021,graduate,0000551,한국침례신학대학교,대전,사립,대학원,765,0,632,626,6,81.8,82.6,5,5,Y,2026-08-15T09:17:42.571Z
2021,graduate,0000145,한남대학교,대전,사립,대학원,1163,0,1101,915,186,78.7,94.7,5,5,Y,2026-08-15T09:17:42.571Z
2021,graduate,0000043,경성대학교,부산,사립,대학원,861,0,575,454,121,52.7,66.8,3,3,Y,2026-08-15T09:17:42.571Z
2021,graduate,0000050,고신대학교,부산,사립,대학원,1080,0,905,866,39,80.2,83.8,7,7,Y,2026-08-15T09:17:42.571Z
2021,graduate,0000180,동명대학교,부산,사립,대학원,192,0,291,177,114,92.2,151.6,2,2,Y,2026-08-15T09:17:42.571Z
2021,graduate,0000073,동서대학교,부산,사립,대학원,274,0,332,161,171,58.8,121.2,3,3,Y,2026-08-15T09:17:42.571Z
2021,graduate,0000075,동아대학교,부산,사립,대학원,2376.5,0,2059,1679,380,70.7,86.6,7,7,Y,2026-08-15T09:17:42.571Z
2021,graduate,0000077,동의대학교,부산,사립,대학원,936.5,0,860,796,64,85,91.8,7,7,Y,2026-08-15T09:17:42.571Z
2021,graduate,0000082,부산가톨릭대학교,부산,사립,대학원,140,0,151,138,13,98.6,107.9,1,1,Y,2026-08-15T09:17:42.571Z
2021,graduate,0000083,부산외국어대학교,부산,사립,대학원,510,0,508,285,223,55.9,99.6,5,5,Y,2026-08-15T09:17:42.571Z
2021,graduate,0000106,신라대학교,부산,사립,대학원,648.5,0,717,537,180,82.8,110.6,6,6,Y,2026-08-15T09:17:42.571Z
2021,graduate,0000035,감리교신학대학교,서울,사립,대학원,662,0,708,699,9,105.6,106.9,3,3,Y,2026-08-15T09:17:42.571Z
2021,graduate,0000037,건국대학교,서울,사립,대학원,5127.5,0,4937,4434,503,86.5,96.3,17,17,Y,2026-08-15T09:17:42.571Z
2021,graduate,0000047,경희대학교,서울,사립,대학원,6004.5,0,7863,5159,2704,85.9,131,15,14,Y,2026-08-15T09:17:42.571Z
2021,graduate,0000049,고려대학교,서울,사립,대학원,10602,0,10185,9216,969,86.9,96.1,23,21,Y,2026-08-15T09:17:42.571Z
2021,graduate,0000053,광운대학교,서울,사립,대학원,1573.5,0,1373,1262,111,80.2,87.3,7,7,Y,2026-08-15T09:17:42.571Z
2021,graduate,0000056,국민대학교,서울,사립,대학원,2976.5,0,3161,2470,691,83,106.2,15,15,Y,2026-08-15T09:17:42.571Z
2021,graduate,0000070,덕성여자대학교,서울,사립,대학원,432.5,0,292,288,4,66.6,67.5,3,3,Y,2026-08-15T09:17:42.571Z
2021,graduate,0000071,동국대학교,서울,사립,대학원,4314,0,4100,3208,892,74.4,95,16,15,Y,2026-08-15T09:17:42.571Z
2021,graduate,0000072,동덕여자대학교,서울,사립,대학원,512.5,0,245,238,7,46.4,47.8,4,4,Y,2026-08-15T09:17:42.571Z
2021,graduate,0000131,백석대학교,서울,사립,대학원,2221,0,2345,2281,64,102.7,105.6,7,7,Y,2026-08-15T09:17:42.571Z
2021,graduate,0000084,삼육대학교,서울,사립,대학원,500.5,0,507,406,101,81.1,101.3,4,4,Y,2026-08-15T09:17:42.571Z
2021,graduate,0000085,상명대학교,서울,사립,대학원,1202,0,1254,799,455,66.5,104.3,6,6,Y,2026-08-15T09:17:42.571Z
2021,graduate,0000087,서강대학교,서울,사립,대학원,4079,0,3113,2656,457,65.1,76.3,11,11,Y,2026-08-15T09:17:42.571Z
2021,graduate,0000088,서경대학교,서울,사립,대학원,429,0,445,375,70,87.4,103.7,4,4,Y,2026-08-15T09:17:42.571Z
2021,graduate,0000069,서울기독대학교,서울,사립,대학원,274,0,187,179,8,65.3,68.2,6,6,Y,2026-08-15T09:17:42.571Z
2021,graduate,0000091,서울여자대학교,서울,사립,대학원,636.5,0,230,226,4,35.5,36.1,3,3,Y,2026-08-15T09:17:42.571Z
2021,graduate,0000539,서울한영대학교,서울,사립,대학원,219,0,235,168,67,76.7,107.3,3,3,Y,2026-08-15T09:17:42.571Z
2021,graduate,0000096,성공회대학교,서울,사립,대학원,429,0,302,288,14,67.1,70.4,7,7,Y,2026-08-15T09:17:42.571Z
2021,graduate,0000097,성균관대학교,서울,사립,대학원,7605,0,8492,6740,1752,88.6,111.7,18,18,Y,2026-08-15T09:17:42.571Z
2021,graduate,0000098,성신여자대학교,서울,사립,대학원,1168,0,805,727,78,62.2,68.9,5,5,Y,2026-08-15T09:17:42.571Z
2021,graduate,0000100,세종대학교,서울,사립,대학원,2741,0,2851,2026,825,73.9,104,7,7,Y,2026-08-15T09:17:42.571Z
2021,graduate,0000103,숙명여자대학교,서울,사립,대학원,3129.5,0,2424,2310,114,73.8,77.5,10,10,Y,2026-08-15T09:17:42.571Z
2021,graduate,0000105,숭실대학교,서울,사립,대학원,2335.5,0,2554,1914,640,82,109.4,8,8,Y,2026-08-15T09:17:42.571Z
2021,graduate,0000110,연세대학교,서울,사립,대학원,10986,0,12566,11075,1491,100.8,114.4,20,20,Y,2026-08-15T09:17:42.571Z
2021,graduate,0000121,이화여자대학교,서울,사립,대학원,6421.5,0,5530,5111,419,79.6,86.1,14,14,Y,2026-08-15T09:17:42.571Z
2021,graduate,0000125,장로회신학대학교,서울,사립,대학원,1535,0,1492,1460,32,95.1,97.2,6,6,Y,2026-08-15T09:17:42.571Z
2021,graduate,0000129,중앙대학교,서울,사립,대학원,5426.5,0,5665,4557,1108,84,104.4,18,18,Y,2026-08-15T09:17:42.571Z
2021,graduate,0000133,총신대학교,서울,사립,대학원,1833,0,2064,1821,243,99.3,112.6,9,8,Y,2026-08-15T09:17:42.571Z
2021,graduate,0000134,추계예술대학교,서울,사립,대학원,218,0,200,156,44,71.6,91.7,3,3,Y,2026-08-15T09:17:42.571Z
2021,graduate,0000525,케이씨대학교,서울,사립,대학원,179,0,211,78,133,43.6,117.9,4,4,Y,2026-08-15T09:17:42.571Z
2021,graduate,0000142,한국성서대학교,서울,사립,대학원,204,0,190,180,10,88.2,93.1,4,4,Y,2026-08-15T09:17:42.571Z
2021,graduate,0000143,한국외국어대학교,서울,사립,대학원,3102,0,2481,2419,62,78,80,9,9,Y,2026-08-15T09:17:42.571Z
2021,graduate,0000150,한성대학교,서울,사립,대학원,896,0,868,541,327,60.4,96.9,8,8,Y,2026-08-15T09:17:42.571Z
2021,graduate,0000153,한양대학교,서울,사립,대학원,8571.5,0,9353,7645,1708,89.2,109.1,19,19,Y,2026-08-15T09:17:42.571Z
2021,graduate,0000160,홍익대학교,서울,사립,대학원,3638,0,3838,3246,592,89.2,105.5,15,15,Y,2026-08-15T09:17:42.571Z
2021,graduate,0000066,대전가톨릭대학교,세종,사립,대학원,90,0,33,33,0,36.7,36.7,1,1,Y,2026-08-15T09:17:42.571Z
2021,graduate,0000117,울산대학교,울산,사립,대학원,2143,0,2000,1686,314,78.7,93.3,5,5,Y,2026-08-15T09:17:42.571Z
2021,graduate,0000123,인천가톨릭대학교,인천,사립,대학원,200,0,87,87,0,43.5,43.5,2,2,Y,2026-08-15T09:17:42.571Z
2021,graduate,0000124,인하대학교,인천,사립,대학원,3361,0,3057,2781,276,82.7,91,10,10,Y,2026-08-15T09:17:42.571Z
2021,graduate,0000054,광주가톨릭대학교,전남,사립,대학원,60,0,30,30,0,50,50,1,1,Y,2026-08-15T09:17:42.571Z
2021,graduate,0000074,동신대학교,전남,사립,대학원,497.5,0,516,449,67,90.3,103.7,3,3,Y,2026-08-15T09:17:42.571Z
2021,graduate,0000064,세한대학교,전남,사립,대학원,110,0,320,42,278,38.2,290.9,1,1,Y,2026-08-15T09:17:42.571Z
2021,graduate,0000190,초당대학교,전남,사립,대학원,100,0,223,110,113,110,223,2,2,Y,2026-08-15T09:17:42.571Z
2021,graduate,0000186,한려대학교,전남,사립,대학원,115,0,53,53,0,46.1,46.1,4,4,Y,2026-08-15T09:17:42.571Z
2021,graduate,0000173,예수대학교,전북,사립,대학원,8,0,7,7,0,87.5,87.5,1,1,Y,2026-08-15T09:17:42.571Z
2021,graduate,0000164,예원예술대학교,전북,사립,대학원,170,0,449,84,365,49.4,264.1,3,3,Y,2026-08-15T09:17:42.571Z
2021,graduate,0000116,우석대학교,전북,사립,대학원,597.5,0,979,564,415,94.4,163.8,4,4,Y,2026-08-15T09:17:42.571Z
2021,graduate,0000118,원광대학교,전북,사립,대학원,1558,0,1164,1081,83,69.4,74.7,6,6,Y,2026-08-15T09:17:42.571Z
2021,graduate,0000126,전주대학교,전북,사립,대학원,900,0,1105,669,436,74.3,122.8,7,7,Y,2026-08-15T09:17:42.571Z
2021,graduate,0000155,한일장신대학교,전북,사립,대학원,357,0,259,259,0,72.5,72.5,6,6,Y,2026-08-15T09:17:42.571Z
2021,graduate,0000192,제주국제대학교,제주,사립,대학원,336,0,135,129,6,38.4,40.2,4,4,Y,2026-08-15T09:17:42.571Z
2021,graduate,0000169,금강대학교,충남,사립,대학원,30,0,19,19,0,63.3,63.3,1,1,Y,2026-08-15T09:17:42.571Z
2021,graduate,0000059,나사렛대학교,충남,사립,대학원,292,0,274,271,3,92.8,93.8,5,5,Y,2026-08-15T09:17:42.571Z
2021,graduate,0000189,남서울대학교,충남,사립,대학원,390,0,540,340,200,87.2,138.5,3,3,Y,2026-08-15T09:17:42.571Z
2021,graduate,0000094,선문대학교,충남,사립,대학원,492,0,302,298,4,60.6,61.4,3,3,Y,2026-08-15T09:17:42.571Z
2021,graduate,0000104,순천향대학교,충남,사립,대학원,1170.5,0,1055,932,123,79.6,90.1,6,5,Y,2026-08-15T09:17:42.571Z
2021,graduate,0000128,중부대학교,충남,사립,대학원,1238,0,1654,1271,383,102.7,133.6,4,4,Y,2026-08-15T09:17:42.571Z
2021,graduate,0000225,청운대학교,충남,사립,대학원,110,0,300,123,177,111.8,272.7,1,1,Y,2026-08-15T09:17:42.571Z
2021,graduate,0000141,한국기술교육대학교,충남,사립,대학원,493,0,496,364,132,73.8,100.6,3,3,Y,2026-08-15T09:17:42.571Z
2021,graduate,0000149,한서대학교,충남,사립,대학원,401,0,491,312,179,77.8,122.4,5,5,Y,2026-08-15T09:17:42.571Z
2021,graduate,0000159,호서대학교,충남,사립,대학원,1300.5,0,1553,1124,429,86.4,119.4,10,10,Y,2026-08-15T09:17:42.571Z
2021,graduate,0000557,가톨릭꽃동네대학교,충북,사립,대학원,100,0,63,63,0,63,63,1,1,Y,2026-08-15T09:17:42.571Z
2021,graduate,0000058,극동대학교,충북,사립,대학원,286.5,0,105,89,16,31.1,36.6,5,5,Y,2026-08-15T09:17:42.571Z
2021,graduate,0000093,서원대학교,충북,사립,대학원,222.5,0,185,179,6,80.4,83.1,2,2,Y,2026-08-15T09:17:42.571Z
2021,graduate,0000099,세명대학교,충북,사립,대학원,288,0,294,257,37,89.2,102.1,3,3,Y,2026-08-15T09:17:42.571Z
2021,graduate,0000113,유원대학교,충북,사립,대학원,60,0,66,59,7,98.3,110,1,1,Y,2026-08-15T09:17:42.571Z
2021,graduate,0000183,중원대학교,충북,사립,대학원,106,0,222,92,130,86.8,209.4,3,3,Y,2026-08-15T09:17:42.571Z
2021,graduate,0000132,청주대학교,충북,사립,대학원,580.5,0,713,368,345,63.4,122.8,5,5,Y,2026-08-15T09:17:42.571Z
2021,combined,0000513,가톨릭관동대학교,강원,사립,대학,9017,0,7856.5,7237.5,619,80.3,87.1,1,4,Y,2026-08-15T09:17:42.571Z
2021,combined,0000041,경동대학교,강원,사립,대학,7069.5,0,7452.5,6378.5,1074,90.2,105.4,4,0,Y,2026-08-15T09:17:42.571Z
2021,combined,0000086,상지대학교,강원,사립,대학,8259.5,0,6809.5,6375,434.5,77.2,82.4,1,5,Y,2026-08-15T09:17:42.571Z
2021,combined,0000147,한라대학교,강원,사립,대학,3604.5,0,3335.5,3132.5,203,86.9,92.5,1,1,Y,2026-08-15T09:17:42.571Z
2021,combined,0000148,한림대학교,강원,사립,대학,7994,0,8272.5,7485.5,787,93.6,103.5,1,7,Y,2026-08-15T09:17:42.571Z
2021,combined,0000044,가천대학교,경기,사립,대학,17263.5,0,21166.5,17387.5,3779,100.7,122.6,1,9,Y,2026-08-15T09:17:42.571Z
2021,combined,0000034,가톨릭대학교,경기,사립,대학,9876,0,10204,9216,988,93.3,103.3,3,16,Y,2026-08-15T09:17:42.571Z
2021,combined,0000036,강남대학교,경기,사립,대학,6582,0,6736,6163,573,93.6,102.3,1,4,Y,2026-08-15T09:17:42.571Z
2021,combined,0000039,경기대학교,경기,사립,대학,13971,0,15573,13319,2254,95.3,111.5,2,9,Y,2026-08-15T09:17:42.571Z
2021,combined,0000060,단국대학교,경기,사립,대학,23279,0,26026,22702.5,3323.5,97.5,111.8,2,13,Y,2026-08-15T09:17:42.571Z
2021,combined,0000068,대진대학교,경기,사립,대학,7658,0,7702.5,6882,820.5,89.9,100.6,1,4,Y,2026-08-15T09:17:42.571Z
2021,combined,0000078,루터대학교,경기,사립,대학,412.5,0,384,376.5,7.5,91.3,93.1,1,1,Y,2026-08-15T09:17:42.571Z
2021,combined,0000079,명지대학교,경기,사립,대학,13132.5,0,15574,12295,3279,93.6,118.6,2,9,Y,2026-08-15T09:17:42.571Z
2021,combined,0000090,서울신학대학교,경기,사립,대학,2885,0,2925.5,2760,165.5,95.7,101.4,1,7,Y,2026-08-15T09:17:42.571Z
2021,combined,0000092,서울장신대학교,경기,사립,대학,794,0,748,719,29,90.6,94.2,1,7,Y,2026-08-15T09:17:42.571Z
2021,combined,0000095,성결대학교,경기,사립,대학,5524,0,5616.5,5219,397.5,94.5,101.7,1,5,Y,2026-08-15T09:17:42.571Z
2021,combined,0000101,수원가톨릭대학교,경기,사립,대학,435,0,179.5,175,4.5,40.2,41.3,1,1,Y,2026-08-15T09:17:42.571Z
2021,combined,0000102,수원대학교,경기,사립,대학,10018,0,9426.5,8602,824.5,85.9,94.1,1,14,Y,2026-08-15T09:17:42.571Z
2021,combined,0000178,신경대학교,경기,사립,대학,1000,13,487.5,461,26.5,46.7,49.4,1,0,Y,2026-08-15T09:17:42.571Z
2021,combined,0000509,신한대학교,경기,사립,대학,6100,0,6607.5,5586.5,1021,91.6,108.3,2,2,Y,2026-08-15T09:17:42.571Z
2021,combined,0000558,아신대학교,경기,사립,대학,1541.5,0,1170,1090,80,70.7,75.9,1,6,Y,2026-08-15T09:17:42.571Z
2021,combined,0000108,아주대학교,경기,사립,대학,11698,0,13308.5,11412.5,1896,97.6,113.8,1,14,Y,2026-08-15T09:17:42.571Z
2021,combined,0000109,안양대학교,경기,사립,대학,5361,16,4929.5,4631.5,298,86.7,92.2,2,6,Y,2026-08-15T09:17:42.571Z
2021,combined,0000115,용인대학교,경기,사립,대학,6366,0,6220,5595.5,624.5,87.9,97.7,1,8,Y,2026-08-15T09:17:42.571Z
2021,combined,0000130,중앙승가대학교,경기,사립,대학,571,0,195.5,193.5,2,33.9,34.2,1,1,Y,2026-08-15T09:17:42.571Z
2021,combined,0000139,차의과학대학교,경기,사립,대학,3197.5,0,3243,3067,176,95.9,101.4,1,9,Y,2026-08-15T09:17:42.571Z
2021,combined,0000136,칼빈대학교,경기,사립,대학,610.5,0,996,526.5,469.5,86.2,163.1,1,2,Y,2026-08-15T09:17:42.571Z
2021,combined,0000138,평택대학교,경기,사립,대학,4017.5,0,3996,3431,565,85.4,99.5,1,6,Y,2026-08-15T09:17:42.571Z
2021,combined,0000191,한국산업기술대학교,경기,사립,대학,5842,0,7072.5,5706.5,1366,97.7,121.1,1,3,Y,2026-08-15T09:17:42.571Z
2021,combined,0000144,한국항공대학교,경기,사립,대학,3929.5,0,4268,3719,549,94.6,108.6,1,2,Y,2026-08-15T09:17:42.571Z
2021,combined,0000151,한세대학교,경기,사립,대학,2897,0,3040.5,2707,333.5,93.4,105,1,4,Y,2026-08-15T09:17:42.571Z
2021,combined,0000152,한신대학교,경기,사립,대학,5227.5,0,5556,5011,545,95.9,106.3,1,5,Y,2026-08-15T09:17:42.571Z
2021,combined,0000156,협성대학교,경기,사립,대학,4429,0,4425,3879,546,87.6,99.9,1,4,Y,2026-08-15T09:17:42.571Z
2021,combined,0000032,가야대학교,경남,사립,대학,2581.5,0,2134.5,1934.5,200,74.9,82.7,2,4,Y,2026-08-15T09:17:42.571Z
2021,combined,0000040,경남대학교,경남,사립,대학,12878,0,11783.5,10870.5,913,84.4,91.5,1,4,Y,2026-08-15T09:17:42.571Z
2021,combined,0000167,부산장신대학교,경남,사립,대학,477.5,0,406,398.5,7.5,83.5,85,1,5,Y,2026-08-15T09:17:42.571Z
2021,combined,0000181,영산대학교,경남,사립,대학,215,0,271,191,80,88.8,126,2,7,Y,2026-08-15T09:17:42.571Z
2021,combined,0000122,인제대학교,경남,사립,대학,10322.5,0,9831,8916.5,914.5,86.4,95.2,2,6,Y,2026-08-15T09:17:42.571Z
2021,combined,0000193,창신대학교,경남,사립,대학,2235,0,2047.5,1903.5,144,85.2,91.6,1,3,Y,2026-08-15T09:17:42.571Z
2021,combined,0000174,한국국제대학교,경남,사립,대학,0,0,0,0,0,,,1,3,Y,2026-08-15T09:17:42.571Z
2021,combined,0000188,경운대학교,경북,사립,대학,4896,0,4332.5,4107.5,225,83.9,88.5,1,3,Y,2026-08-15T09:17:42.571Z
2021,combined,0000045,경일대학교,경북,사립,대학,6527,0,6793.5,5978.5,815,91.6,104.1,1,2,Y,2026-08-15T09:17:42.571Z
2021,combined,0000046,경주대학교,경북,사립,대학,3234.5,117,883,671.5,211.5,21.5,28.3,1,2,Y,2026-08-15T09:17:42.571Z
2021,combined,0000185,김천대학교,경북,사립,대학,3278,1,2846.5,2410,436.5,73.5,86.9,1,3,Y,2026-08-15T09:17:42.571Z
2021,combined,0000063,대구가톨릭대학교,경북,사립,대학,13316,0,13006.5,12092.5,914,90.8,97.7,1,10,Y,2026-08-15T09:17:42.571Z
2021,combined,0000061,대구대학교,경북,사립,대학,17791.5,0,17787,15663,2124,88,100,1,6,Y,2026-08-15T09:17:42.571Z
2021,combined,0000062,대구예술대학교,경북,사립,대학,1715,0,847,832.5,14.5,48.5,49.4,1,0,Y,2026-08-15T09:17:42.571Z
2021,combined,0000042,대구한의대학교,경북,사립,대학,6597,0,6671.5,6042,629.5,91.6,101.1,1,3,Y,2026-08-15T09:17:42.571Z
2021,combined,0000065,대신대학교,경북,사립,대학,689,0,612.5,602.5,10,87.4,88.9,1,2,Y,2026-08-15T09:17:42.571Z
2021,combined,0000076,동양대학교,경북,사립,대학,4382,0,3886,3625.5,260.5,82.7,88.7,2,3,Y,2026-08-15T09:17:42.571Z
2021,combined,0000111,영남대학교,경북,사립,대학,21883,0,22551.5,20200,2351.5,92.3,103.1,1,10,Y,2026-08-15T09:17:42.571Z
2021,combined,0000112,영남신학대학교,경북,사립,대학,771,0,747.5,710.5,37,92.2,97,1,7,Y,2026-08-15T09:17:42.571Z
2021,combined,0000119,위덕대학교,경북,사립,대학,3549,0,2966,2812,154,79.2,83.6,1,5,Y,2026-08-15T09:17:42.571Z
2021,combined,0000140,포항공과대학교,경북,사립,대학,3668,0,3280,3149.5,130.5,85.9,89.4,1,3,Y,2026-08-15T09:17:42.571Z
2021,combined,0000146,한동대학교,경북,사립,대학,3362,0,4146.5,3643,503.5,108.4,123.3,1,7,Y,2026-08-15T09:17:42.571Z
2021,combined,0000052,광신대학교,광주,사립,대학,1084.5,0,970.5,924.5,46,85.2,89.5,1,6,Y,2026-08-15T09:17:42.571Z
2021,combined,0000176,광주대학교,광주,사립,대학,6996,0,6880.5,6450.5,430,92.2,98.3,1,3,Y,2026-08-15T09:17:42.571Z
2021,combined,0000055,광주여자대학교,광주,사립,대학,3810,0,3876,3512,364,92.2,101.7,1,3,Y,2026-08-15T09:17:42.571Z
2021,combined,0000162,남부대학교,광주,사립,대학,3145.5,0,3432.5,2882.5,550,91.6,109.1,1,3,Y,2026-08-15T09:17:42.571Z
2021,combined,0000187,송원대학교,광주,사립,대학,3175,0,3025,2702,323,85.1,95.3,1,1,Y,2026-08-15T09:17:42.571Z
2021,combined,0000127,조선대학교,광주,사립,대학,20435,0,19917.5,18046,1871.5,88.3,97.5,1,8,Y,2026-08-15T09:17:42.571Z
2021,combined,0000157,호남대학교,광주,사립,대학,6875,0,7651.5,6338.5,1313,92.2,111.3,1,3,Y,2026-08-15T09:17:42.571Z
2021,combined,0000158,호남신학대학교,광주,사립,대학,1055,0,844,841,3,79.7,80,1,5,Y,2026-08-15T09:17:42.571Z
2021,combined,0000048,계명대학교,대구,사립,대학,21062,0,22720.5,20128,2592.5,95.6,107.9,1,10,Y,2026-08-15T09:17:42.571Z
2021,combined,0000067,대전대학교,대전,사립,대학,9210.5,0,9190.5,8442,748.5,91.7,99.8,1,4,Y,2026-08-15T09:17:42.571Z
2021,combined,0000182,대전신학대학교,대전,사립,대학,332,0,158,157.5,0.5,47.4,47.6,1,2,Y,2026-08-15T09:17:42.571Z
2021,combined,0000080,목원대학교,대전,사립,대학,8216,0,7889,7161.5,727.5,87.2,96,1,3,Y,2026-08-15T09:17:42.571Z
2021,combined,0000081,배재대학교,대전,사립,대학,8823,0,8212.5,7523.5,689,85.3,93.1,1,3,Y,2026-08-15T09:17:42.571Z
2021,combined,0000184,우송대학교,대전,사립,대학,8243,0,9470.5,7299.5,2171,88.6,114.9,1,6,Y,2026-08-15T09:17:42.571Z
2021,combined,0000120,을지대학교,대전,사립,대학,4539,0,4807.5,4415.5,392,97.3,105.9,3,3,Y,2026-08-15T09:17:42.571Z
2021,combined,0000551,한국침례신학대학교,대전,사립,대학,2197.5,0,1756.5,1715,41.5,78,79.9,1,5,Y,2026-08-15T09:17:42.571Z
2021,combined,0000145,한남대학교,대전,사립,대학,11916,0,11735.5,10693,1042.5,89.7,98.5,1,5,Y,2026-08-15T09:17:42.571Z
2021,combined,0000043,경성대학교,부산,사립,대학,12086,0,12521.5,10852,1669.5,89.8,103.6,1,3,Y,2026-08-15T09:17:42.571Z
2021,combined,0000050,고신대학교,부산,사립,대학,4776,0,4626,4391,235,91.9,96.9,1,7,Y,2026-08-15T09:17:42.571Z
2021,combined,0000180,동명대학교,부산,사립,대학,7464,0,7732,6747.5,984.5,90.4,103.6,1,2,Y,2026-08-15T09:17:42.571Z
2021,combined,0000073,동서대학교,부산,사립,대학,9932,0,9974.5,8927.5,1047,89.9,100.4,1,3,Y,2026-08-15T09:17:42.571Z
2021,combined,0000075,동아대학교,부산,사립,대학,18756.5,0,19881.5,17906.5,1975,95.5,106,1,7,Y,2026-08-15T09:17:42.571Z
2021,combined,0000077,동의대학교,부산,사립,대학,15456.5,0,15417.5,14149,1268.5,91.5,99.7,1,7,Y,2026-08-15T09:17:42.571Z
2021,combined,0000082,부산가톨릭대학교,부산,사립,대학,3804,0,3901.5,3507,394.5,92.2,102.6,1,1,Y,2026-08-15T09:17:42.571Z
2021,combined,0000083,부산외국어대학교,부산,사립,대학,7817.5,0,7869.5,6827,1042.5,87.3,100.7,1,5,Y,2026-08-15T09:17:42.571Z
2021,combined,0000106,신라대학교,부산,사립,대학,9259,0,8821.5,7800,1021.5,84.2,95.3,1,6,Y,2026-08-15T09:17:42.571Z
2021,combined,0000035,감리교신학대학교,서울,사립,대학,1462,0,1462.5,1419.5,43,97.1,100,1,3,Y,2026-08-15T09:17:42.571Z
2021,combined,0000037,건국대학교,서울,사립,대학,23479,0,26935,22892.5,4042.5,97.5,114.7,2,17,Y,2026-08-15T09:17:42.571Z
2021,combined,0000047,경희대학교,서울,사립,대학,25689,0,33481,24968.5,8512.5,97.2,130.3,1,14,Y,2026-08-15T09:17:42.571Z
2021,combined,0000049,고려대학교,서울,사립,대학,31581,0,36176.5,30457,5719.5,96.4,114.6,2,21,Y,2026-08-15T09:17:42.571Z
2021,combined,0000053,광운대학교,서울,사립,대학,8342,0,9514,7786.5,1727.5,93.3,114,1,7,Y,2026-08-15T09:17:42.571Z
2021,combined,0000056,국민대학교,서울,사립,대학,14485,0,18054,14198,3856,98,124.6,1,15,Y,2026-08-15T09:17:42.571Z
2021,combined,0000070,덕성여자대학교,서울,사립,대학,5288.5,0,5782,5365,417,101.4,109.3,1,3,Y,2026-08-15T09:17:42.571Z
2021,combined,0000071,동국대학교,서울,사립,대학,22321.5,0,24830,20590.5,4239.5,92.2,111.2,2,15,Y,2026-08-15T09:17:42.571Z
2021,combined,0000072,동덕여자대학교,서울,사립,대학,6700.5,38,7112,6387,725,95.9,106.7,1,4,Y,2026-08-15T09:17:42.571Z
2021,combined,0000084,삼육대학교,서울,사립,대학,5162.5,0,5848,5138.5,709.5,99.5,113.3,1,4,Y,2026-08-15T09:17:42.571Z
2021,combined,0000085,상명대학교,서울,사립,대학,11699.5,0,12978,10585.5,2392.5,90.5,110.9,2,6,Y,2026-08-15T09:17:42.571Z
2021,combined,0000087,서강대학교,서울,사립,대학,10375,0,11036,8698.5,2337.5,83.8,106.4,1,11,Y,2026-08-15T09:17:42.571Z
2021,combined,0000088,서경대학교,서울,사립,대학,5554,0,6599,5313.5,1285.5,95.7,118.8,1,4,Y,2026-08-15T09:17:42.571Z
2021,combined,0000069,서울기독대학교,서울,사립,대학,824.5,0,650.5,630.5,20,76.5,78.9,1,6,Y,2026-08-15T09:17:42.571Z
2021,combined,0000091,서울여자대학교,서울,사립,대학,7024.5,0,7075,6466.5,608.5,92.1,100.7,1,3,Y,2026-08-15T09:17:42.571Z
2021,combined,0000539,서울한영대학교,서울,사립,대학,939,0,893,773.5,119.5,82.4,95.1,1,3,Y,2026-08-15T09:17:42.571Z
2021,combined,0000096,성공회대학교,서울,사립,대학,2437,0,2254.5,2129.5,125,87.4,92.5,1,7,Y,2026-08-15T09:17:42.571Z
2021,combined,0000097,성균관대학교,서울,사립,대학,21147.5,0,26856,20201.5,6654.5,95.5,127,1,18,Y,2026-08-15T09:17:42.571Z
2021,combined,0000098,성신여자대학교,서울,사립,대학,9514,0,9683.5,8861.5,822,93.1,101.8,1,5,Y,2026-08-15T09:17:42.571Z
2021,combined,0000100,세종대학교,서울,사립,대학,12116,0,14360.5,11445,2915.5,94.5,118.5,1,7,Y,2026-08-15T09:17:42.571Z
2021,combined,0000103,숙명여자대학교,서울,사립,대학,11933.5,0,12357,11019.5,1337.5,92.3,103.5,1,10,Y,2026-08-15T09:17:42.571Z
2021,combined,0000105,숭실대학교,서울,사립,대학,13078,0,16078,12410,3668,94.9,122.9,1,8,Y,2026-08-15T09:17:42.571Z
2021,combined,0000110,연세대학교,서울,사립,대학,31128.5,38,37957.5,31271.5,6686,100.6,122.1,2,20,Y,2026-08-15T09:17:42.571Z
2021,combined,0000121,이화여자대학교,서울,사립,대학,19181,0,20903,18282.5,2620.5,95.3,109,1,14,Y,2026-08-15T09:17:42.571Z
2021,combined,0000125,장로회신학대학교,서울,사립,대학,2135,0,2124.5,2046,78.5,95.8,99.5,1,6,Y,2026-08-15T09:17:42.571Z
2021,combined,0000129,중앙대학교,서울,사립,대학,23430.5,0,28902,22833.5,6068.5,97.5,123.4,2,18,Y,2026-08-15T09:17:42.571Z
2021,combined,0000133,총신대학교,서울,사립,대학,3220.5,0,3663,3229,434,100.3,113.7,1,8,Y,2026-08-15T09:17:42.571Z
2021,combined,0000134,추계예술대학교,서울,사립,대학,1295,0,1267,1171,96,90.4,97.8,1,3,Y,2026-08-15T09:17:42.571Z
2021,combined,0000525,케이씨대학교,서울,사립,대학,1303.5,0,1681,1139.5,541.5,87.4,129,1,4,Y,2026-08-15T09:17:42.571Z
2021,combined,0000142,한국성서대학교,서울,사립,대학,1104.5,0,1196.5,1093.5,103,99,108.3,1,4,Y,2026-08-15T09:17:42.571Z
2021,combined,0000143,한국외국어대학교,서울,사립,대학,16610,0,19345,16349,2996,98.4,116.5,1,9,Y,2026-08-15T09:17:42.571Z
2021,combined,0000150,한성대학교,서울,사립,대학,6728,0,7209,6057.5,1151.5,90,107.1,1,8,Y,2026-08-15T09:17:42.571Z
2021,combined,0000153,한양대학교,서울,사립,대학,27565,0,33871,26290,7581,95.4,122.9,2,19,Y,2026-08-15T09:17:42.571Z
2021,combined,0000160,홍익대학교,서울,사립,대학,18492.5,0,21550.5,18030,3520.5,97.5,116.5,2,15,Y,2026-08-15T09:17:42.571Z
2021,combined,0000066,대전가톨릭대학교,세종,사립,대학,250,0,71,70.5,0.5,28.2,28.4,1,1,Y,2026-08-15T09:17:42.571Z
2021,combined,0000117,울산대학교,울산,사립,대학,13216,0,13512.5,12181,1331.5,92.2,102.2,1,5,Y,2026-08-15T09:17:42.571Z
2021,combined,0000123,인천가톨릭대학교,인천,사립,대학,871,0,783.5,738,45.5,84.7,90,2,2,Y,2026-08-15T09:17:42.571Z
2021,combined,0000124,인하대학교,인천,사립,대학,17169,0,20051,16769.5,3281.5,97.7,116.8,1,10,Y,2026-08-15T09:17:42.571Z
2021,combined,0000054,광주가톨릭대학교,전남,사립,대학,220,0,113.5,113.5,0,51.6,51.6,1,1,Y,2026-08-15T09:17:42.571Z
2021,combined,0000074,동신대학교,전남,사립,대학,6769.5,0,6498,5847,651,86.4,96,1,3,Y,2026-08-15T09:17:42.571Z
2021,combined,0000166,목포가톨릭대학교,전남,사립,대학,485,0,497,470,27,96.9,102.5,1,0,Y,2026-08-15T09:17:42.571Z
2021,combined,0000064,세한대학교,전남,사립,대학,3814,0,3820.5,3358,462.5,88,100.2,1,1,Y,2026-08-15T09:17:42.571Z
2021,combined,0000114,영산선학대학교,전남,사립,대학,200,0,32,30,2,15,16,1,0,Y,2026-08-15T09:17:42.571Z
2021,combined,0000190,초당대학교,전남,사립,대학,3132,0,3238,2834,404,90.5,103.4,1,2,Y,2026-08-15T09:17:42.571Z
2021,combined,0000186,한려대학교,전남,사립,대학,1233.5,0,409.5,376.5,33,30.5,33.2,1,4,Y,2026-08-15T09:17:42.571Z
2021,combined,0000173,예수대학교,전북,사립,대학,519,0,548.5,510.5,38,98.4,105.7,1,1,Y,2026-08-15T09:17:42.571Z
2021,combined,0000164,예원예술대학교,전북,사립,대학,1387.5,0,1877,1008.5,868.5,72.7,135.3,2,3,Y,2026-08-15T09:17:42.571Z
2021,combined,0000116,우석대학교,전북,사립,대학,7677.5,0,8002,6749.5,1252.5,87.9,104.2,1,4,Y,2026-08-15T09:17:42.571Z
2021,combined,0000118,원광대학교,전북,사립,대학,16354,0,15615,14516,1099,88.8,95.5,1,6,Y,2026-08-15T09:17:42.571Z
2021,combined,0000126,전주대학교,전북,사립,대학,11013,0,12009.5,10095.5,1914,91.7,109,1,7,Y,2026-08-15T09:17:42.571Z
2021,combined,0000155,한일장신대학교,전북,사립,대학,1238,0,1106.5,995,111.5,80.4,89.4,1,6,Y,2026-08-15T09:17:42.571Z
2021,combined,0000223,호원대학교,전북,사립,대학,4569,0,4972,3710,1262,81.2,108.8,1,0,Y,2026-08-15T09:17:42.571Z
2021,combined,0000192,제주국제대학교,제주,사립,대학,2610,0,942.5,913,29.5,35,36.1,1,4,Y,2026-08-15T09:17:42.571Z
2021,combined,0000038,건양대학교,충남,사립,대학,7442.5,0,7419.5,6879.5,540,92.4,99.7,2,6,Y,2026-08-15T09:17:42.571Z
2021,combined,0000169,금강대학교,충남,사립,대학,522.5,0,312,304,8,58.2,59.7,1,1,Y,2026-08-15T09:17:42.571Z
2021,combined,0000059,나사렛대학교,충남,사립,대학,5136,30,5088,4501,587,88.2,99.6,1,5,Y,2026-08-15T09:17:42.571Z
2021,combined,0000189,남서울대학교,충남,사립,대학,9195,0,9593,8375.5,1217.5,91.1,104.3,1,3,Y,2026-08-15T09:17:42.571Z
2021,combined,0000131,백석대학교,충남,사립,대학,13531,0,13835.5,12747,1088.5,94.2,102.3,1,7,Y,2026-08-15T09:17:42.571Z
2021,combined,0000094,선문대학교,충남,사립,대학,8732.5,0,9306,7763.5,1542.5,88.9,106.6,1,3,Y,2026-08-15T09:17:42.571Z
2021,combined,0000104,순천향대학교,충남,사립,대학,10800.5,0,11591,10104,1487,93.6,107.3,1,5,Y,2026-08-15T09:17:42.571Z
2021,combined,0000128,중부대학교,충남,사립,대학,9018,0,9288.5,8003.5,1285,88.8,103,1,4,Y,2026-08-15T09:17:42.571Z
2021,combined,0000225,청운대학교,충남,사립,대학,5220,0,6034,4484,1550,85.9,115.6,1,1,Y,2026-08-15T09:17:42.571Z
2021,combined,0000141,한국기술교육대학교,충남,사립,대학,3837,0,4465,3748,717,97.7,116.4,1,3,Y,2026-08-15T09:17:42.571Z
2021,combined,0000149,한서대학교,충남,사립,대학,6741.5,0,7142.5,6239.5,903,92.6,105.9,1,5,Y,2026-08-15T09:17:42.571Z
2021,combined,0000159,호서대학교,충남,사립,대학,12862.5,0,13460,11974,1486,93.1,104.6,1,10,Y,2026-08-15T09:17:42.571Z
2021,combined,0000557,가톨릭꽃동네대학교,충북,사립,대학,532,0,497,473,24,88.9,93.4,1,1,Y,2026-08-15T09:17:42.571Z
2021,combined,0000058,극동대학교,충북,사립,대학,3979.5,0,3395,3166.5,228.5,79.6,85.3,1,5,Y,2026-08-15T09:17:42.571Z
2021,combined,0000093,서원대학교,충북,사립,대학,6710.5,0,6642,6111,531,91.1,99,1,2,Y,2026-08-15T09:17:42.571Z
2021,combined,0000099,세명대학교,충북,사립,대학,7908,0,7507.5,6921.5,586,87.5,94.9,1,3,Y,2026-08-15T09:17:42.571Z
2021,combined,0000113,유원대학교,충북,사립,대학,3837.5,0,3354.5,3122.5,232,81.4,87.4,1,1,Y,2026-08-15T09:17:42.571Z
2021,combined,0000183,중원대학교,충북,사립,대학,3967.5,0,3950.5,3551.5,399,89.5,99.6,1,3,Y,2026-08-15T09:17:42.571Z
2021,combined,0000132,청주대학교,충북,사립,대학,11184.5,0,11287.5,10086,1201.5,90.2,100.9,1,5,Y,2026-08-15T09:17:42.571Z
2022,university,0000513,가톨릭관동대학교,강원,사립,대학,8304.5,0,6834,6300.5,533.5,75.9,82.3,1,0,Y,2026-08-15T09:17:42.571Z
2022,university,0000041,경동대학교,강원,사립,대학,6928.5,0,7090,6122,968,88.4,102.3,4,0,Y,2026-08-15T09:17:42.571Z
2022,university,0000086,상지대학교,강원,사립,대학,8249.5,0,6164.5,5722,442.5,69.4,74.7,1,0,Y,2026-08-15T09:17:42.571Z
2022,university,0000147,한라대학교,강원,사립,대학,3555,0,3048,2825.5,222.5,79.5,85.7,1,0,Y,2026-08-15T09:17:42.571Z
2022,university,0000148,한림대학교,강원,사립,대학,7086,0,7430,6743.5,686.5,95.2,104.9,1,0,Y,2026-08-15T09:17:42.571Z
2022,university,0000044,가천대학교,경기,사립,대학,15586.5,0,18808,15383.5,3424.5,98.7,120.7,1,0,Y,2026-08-15T09:17:42.571Z
2022,university,0000034,가톨릭대학교,경기,사립,대학,7202,0,7642,6734.5,907.5,93.5,106.1,3,0,Y,2026-08-15T09:17:42.571Z
2022,university,0000036,강남대학교,경기,사립,대학,5964,0,6103.5,5625.5,478,94.3,102.3,1,0,Y,2026-08-15T09:17:42.571Z
2022,university,0000039,경기대학교,경기,사립,대학,11758,0,13115,10989.5,2125.5,93.5,111.5,2,0,Y,2026-08-15T09:17:42.571Z
2022,university,0000060,단국대학교,경기,사립,대학,18842.5,0,21360.5,18626.5,2734,98.9,113.4,2,0,Y,2026-08-15T09:17:42.571Z
2022,university,0000068,대진대학교,경기,사립,대학,7172,0,7027,6403.5,623.5,89.3,98,1,0,Y,2026-08-15T09:17:42.571Z
2022,university,0000078,루터대학교,경기,사립,대학,340,0,323.5,316,7.5,92.9,95.1,1,0,Y,2026-08-15T09:17:42.571Z
2022,university,0000079,명지대학교,경기,사립,대학,10734,0,13266,10073.5,3192.5,93.8,123.6,2,0,Y,2026-08-15T09:17:42.571Z
2022,university,0000090,서울신학대학교,경기,사립,대학,1940.5,0,2027.5,1878,149.5,96.8,104.5,1,0,Y,2026-08-15T09:17:42.571Z
2022,university,0000092,서울장신대학교,경기,사립,대학,447.5,0,347.5,329,18.5,73.5,77.7,1,0,Y,2026-08-15T09:17:42.571Z
2022,university,0000095,성결대학교,경기,사립,대학,4912,0,5129,4762.5,366.5,97,104.4,1,0,Y,2026-08-15T09:17:42.571Z
2022,university,0000101,수원가톨릭대학교,경기,사립,대학,360,0,121.5,116,5.5,32.2,33.8,1,0,Y,2026-08-15T09:17:42.571Z
2022,university,0000102,수원대학교,경기,사립,대학,8685,0,8389,7711.5,677.5,88.8,96.6,1,0,Y,2026-08-15T09:17:42.571Z
2022,university,0000509,신한대학교,경기,사립,대학,5788,0,6128.5,5279,849.5,91.2,105.9,2,0,Y,2026-08-15T09:17:42.571Z
2022,university,0000558,아신대학교,경기,사립,대학,705,0,446.5,432,14.5,61.3,63.3,1,0,Y,2026-08-15T09:17:42.571Z
2022,university,0000108,아주대학교,경기,사립,대학,7677,0,9226,7592.5,1633.5,98.9,120.2,1,0,Y,2026-08-15T09:17:42.571Z
2022,university,0000109,안양대학교,경기,사립,대학,4569,0,4430.5,4146.5,284,90.8,97,2,0,Y,2026-08-15T09:17:42.571Z
2022,university,0000115,용인대학교,경기,사립,대학,5400.5,0,5347.5,4866,481.5,90.1,99,1,0,Y,2026-08-15T09:17:42.571Z
2022,university,0000130,중앙승가대학교,경기,사립,대학,480,0,110.5,110.5,0,23,23,1,0,Y,2026-08-15T09:17:42.571Z
2022,university,0000139,차의과학대학교,경기,사립,대학,2016,0,2144.5,1972.5,172,97.8,106.4,1,0,Y,2026-08-15T09:17:42.571Z
2022,university,0000136,칼빈대학교,경기,사립,대학,360,0,450.5,289,161.5,80.3,125.1,1,0,Y,2026-08-15T09:17:42.571Z
2022,university,0000138,평택대학교,경기,사립,대학,3345,12.5,3248,2790.5,457.5,83.7,97.5,1,0,Y,2026-08-15T09:17:42.571Z
2022,university,0000562,한국공학대학교,경기,사립,대학,5520,0,6749,5460.5,1288.5,98.9,122.3,1,0,Y,2026-08-15T09:17:42.571Z
2022,university,0000144,한국항공대학교,경기,사립,대학,3395,0,3798.5,3327,471.5,98,111.9,1,0,Y,2026-08-15T09:17:42.571Z
2022,university,0000151,한세대학교,경기,사립,대학,2264,0,2423,2209,214,97.6,107,1,0,Y,2026-08-15T09:17:42.571Z
2022,university,0000152,한신대학교,경기,사립,대학,4684,0,5126.5,4521.5,605,96.5,109.4,1,0,Y,2026-08-15T09:17:42.571Z
2022,university,0000156,협성대학교,경기,사립,대학,4016,0,3968,3656.5,311.5,91,98.8,1,0,Y,2026-08-15T09:17:42.571Z
2022,university,0000567,화성의과학대학교,경기,사립,대학,984,26,403.5,378,25.5,39.5,42.1,1,0,Y,2026-08-15T09:17:42.571Z
2022,university,0000032,가야대학교,경남,사립,대학,2265.5,0,1869.5,1714,155.5,75.7,82.5,2,0,Y,2026-08-15T09:17:42.571Z
2022,university,0000040,경남대학교,경남,사립,대학,11035.5,0,10066.5,9294,772.5,84.2,91.2,1,0,Y,2026-08-15T09:17:42.571Z
2022,university,0000167,부산장신대학교,경남,사립,대학,197.5,0,156.5,153,3.5,77.5,79.2,1,0,Y,2026-08-15T09:17:42.571Z
2022,university,0000181,영산대학교,경남,사립,대학,0,0,0,0,0,,,2,0,N,2026-08-15T09:17:42.571Z
2022,university,0000122,인제대학교,경남,사립,대학,8711.5,0,7952.5,7174,778.5,82.4,91.3,2,0,Y,2026-08-15T09:17:42.571Z
2022,university,0000193,창신대학교,경남,사립,대학,1887.5,0,1696,1570.5,125.5,83.2,89.9,1,0,Y,2026-08-15T09:17:42.571Z
2022,university,0000174,한국국제대학교,경남,사립,대학,0,0,0,0,0,,,1,0,N,2026-08-15T09:17:42.571Z
2022,university,0000188,경운대학교,경북,사립,대학,4736,0,4117.5,3910.5,207,82.6,86.9,1,0,Y,2026-08-15T09:17:42.571Z
2022,university,0000045,경일대학교,경북,사립,대학,6356,0,6692,5938,754,93.4,105.3,1,0,Y,2026-08-15T09:17:42.571Z
2022,university,0000046,경주대학교,경북,사립,대학,3048,117,673.5,507.5,166,17.3,23,1,0,Y,2026-08-15T09:17:42.571Z
2022,university,0000185,김천대학교,경북,사립,대학,2977.5,0.5,2535,2236,299,75.1,85.2,1,0,Y,2026-08-15T09:17:42.571Z
2022,university,0000063,대구가톨릭대학교,경북,사립,대학,11745,0,11133.5,10338,795.5,88,94.8,1,0,Y,2026-08-15T09:17:42.571Z
2022,university,0000061,대구대학교,경북,사립,대학,16131.5,0,15713.5,13673.5,2040,84.8,97.4,1,0,Y,2026-08-15T09:17:42.571Z
2022,university,0000062,대구예술대학교,경북,사립,대학,1627,0,660,649,11,39.9,40.6,1,0,Y,2026-08-15T09:17:42.571Z
2022,university,0000042,대구한의대학교,경북,사립,대학,6288,0,6031.5,5404,627.5,85.9,95.9,1,0,Y,2026-08-15T09:17:42.571Z
2022,university,0000065,대신대학교,경북,사립,대학,464,0,427.5,421,6.5,90.7,92.1,1,0,Y,2026-08-15T09:17:42.571Z
2022,university,0000076,동양대학교,경북,사립,대학,4025,0,3588.5,3362.5,226,83.5,89.2,2,0,Y,2026-08-15T09:17:42.571Z
2022,university,0000111,영남대학교,경북,사립,대학,18658.5,0,19552,17680.5,1871.5,94.8,104.8,1,0,Y,2026-08-15T09:17:42.571Z
2022,university,0000112,영남신학대학교,경북,사립,대학,460,0,402.5,373.5,29,81.2,87.5,1,0,Y,2026-08-15T09:17:42.571Z
2022,university,0000119,위덕대학교,경북,사립,대학,3151.5,0,2581.5,2450,131.5,77.7,81.9,1,0,Y,2026-08-15T09:17:42.571Z
2022,university,0000140,포항공과대학교,경북,사립,대학,1280,0,1246.5,1209.5,37,94.5,97.4,1,0,Y,2026-08-15T09:17:42.571Z
2022,university,0000146,한동대학교,경북,사립,대학,2916,0,3789,3304,485,113.3,129.9,1,0,Y,2026-08-15T09:17:42.571Z
2022,university,0000052,광신대학교,광주,사립,대학,488,0,446.5,432.5,14,88.6,91.5,1,0,Y,2026-08-15T09:17:42.571Z
2022,university,0000176,광주대학교,광주,사립,대학,6520.5,0,6227,5824,403,89.3,95.5,1,0,Y,2026-08-15T09:17:42.571Z
2022,university,0000055,광주여자대학교,광주,사립,대학,3617.5,0,3712.5,3318,394.5,91.7,102.6,1,0,Y,2026-08-15T09:17:42.571Z
2022,university,0000162,남부대학교,광주,사립,대학,2746.5,0,3058,2475,583,90.1,111.3,1,0,Y,2026-08-15T09:17:42.571Z
2022,university,0000187,송원대학교,광주,사립,대학,2980,0,2916.5,2525,391.5,84.7,97.9,1,0,Y,2026-08-15T09:17:42.571Z
2022,university,0000127,조선대학교,광주,사립,대학,18087.5,0,18016.5,16373.5,1643,90.5,99.6,1,0,Y,2026-08-15T09:17:42.571Z
2022,university,0000157,호남대학교,광주,사립,대학,6248,0,6812,5825.5,986.5,93.2,109,1,0,Y,2026-08-15T09:17:42.571Z
2022,university,0000158,호남신학대학교,광주,사립,대학,551,0,481,478.5,2.5,86.8,87.3,1,0,Y,2026-08-15T09:17:42.571Z
2022,university,0000048,계명대학교,대구,사립,대학,18714.5,0,20338.5,18095.5,2243,96.7,108.7,1,0,Y,2026-08-15T09:17:42.571Z
2022,university,0000067,대전대학교,대전,사립,대학,8361,0,8322,7600.5,721.5,90.9,99.5,1,0,Y,2026-08-15T09:17:42.571Z
2022,university,0000182,대전신학대학교,대전,사립,대학,170,0,62,62,0,36.5,36.5,1,0,Y,2026-08-15T09:17:42.571Z
2022,university,0000080,목원대학교,대전,사립,대학,7429,0,6869,6431.5,437.5,86.6,92.5,1,0,Y,2026-08-15T09:17:42.571Z
2022,university,0000081,배재대학교,대전,사립,대학,8213,0,7489.5,7009,480.5,85.3,91.2,1,0,Y,2026-08-15T09:17:42.571Z
2022,university,0000184,우송대학교,대전,사립,대학,8016,0,8853.5,7121.5,1732,88.8,110.4,1,0,Y,2026-08-15T09:17:42.571Z
2022,university,0000120,을지대학교,대전,사립,대학,4241,0,4354,3984,370,93.9,102.7,3,0,Y,2026-08-15T09:17:42.571Z
2022,university,0000551,한국침례신학대학교,대전,사립,대학,1377.5,0,977,944.5,32.5,68.6,70.9,1,0,Y,2026-08-15T09:17:42.571Z
2022,university,0000145,한남대학교,대전,사립,대학,10813,0,10629,9747,882,90.1,98.3,1,0,Y,2026-08-15T09:17:42.571Z
2022,university,0000043,경성대학교,부산,사립,대학,11212.5,0,11556.5,10116.5,1440,90.2,103.1,1,0,Y,2026-08-15T09:17:42.571Z
2022,university,0000050,고신대학교,부산,사립,대학,3696,0,3522,3343.5,178.5,90.5,95.3,1,0,Y,2026-08-15T09:17:42.571Z
2022,university,0000180,동명대학교,부산,사립,대학,7182,0,7106,6148.5,957.5,85.6,98.9,1,0,Y,2026-08-15T09:17:42.571Z
2022,university,0000073,동서대학교,부산,사립,대학,9427.5,0,9151.5,8265.5,886,87.7,97.1,1,0,Y,2026-08-15T09:17:42.571Z
2022,university,0000075,동아대학교,부산,사립,대학,16380,0,17445,15786,1659,96.4,106.5,1,0,Y,2026-08-15T09:17:42.571Z
2022,university,0000077,동의대학교,부산,사립,대학,14540,0,14275,13069.5,1205.5,89.9,98.2,1,0,Y,2026-08-15T09:17:42.571Z
2022,university,0000082,부산가톨릭대학교,부산,사립,대학,3573.5,0,3644.5,3208,436.5,89.8,102,1,0,Y,2026-08-15T09:17:42.571Z
2022,university,0000083,부산외국어대학교,부산,사립,대학,7194,0,6832.5,6075,757.5,84.4,95,1,0,Y,2026-08-15T09:17:42.571Z
2022,university,0000106,신라대학교,부산,사립,대학,8480.5,0,7363.5,6646.5,717,78.4,86.8,1,0,Y,2026-08-15T09:17:42.571Z
2022,university,0000035,감리교신학대학교,서울,사립,대학,800,0,671,642,29,80.3,83.9,1,0,Y,2026-08-15T09:17:42.571Z
2022,university,0000565,강서대학교,서울,사립,대학,1108,0,1498,1057.5,440.5,95.4,135.2,1,0,Y,2026-08-15T09:17:42.571Z
2022,university,0000037,건국대학교,서울,사립,대학,18344,0,21314,17932,3382,97.8,116.2,2,0,Y,2026-08-15T09:17:42.571Z
2022,university,0000047,경희대학교,서울,사립,대학,19718,0,25091.5,19129,5962.5,97,127.3,1,0,Y,2026-08-15T09:17:42.571Z
2022,university,0000049,고려대학교,서울,사립,대학,21141.5,0,25027.5,20533,4494.5,97.1,118.4,2,0,Y,2026-08-15T09:17:42.571Z
2022,university,0000053,광운대학교,서울,사립,대학,6767,0,8141.5,6421,1720.5,94.9,120.3,1,0,Y,2026-08-15T09:17:42.571Z
2022,university,0000056,국민대학교,서울,사립,대학,11560,0,14279.5,11291.5,2988,97.7,123.5,1,0,Y,2026-08-15T09:17:42.571Z
2022,university,0000070,덕성여자대학교,서울,사립,대학,4686,0,5254.5,4793.5,461,102.3,112.1,1,0,Y,2026-08-15T09:17:42.571Z
2022,university,0000071,동국대학교,서울,사립,대학,18076,0,19787,16711,3076,92.4,109.5,2,0,Y,2026-08-15T09:17:42.571Z
2022,university,0000072,동덕여자대학교,서울,사립,대학,6203,0,6701,5936.5,764.5,95.7,108,1,0,Y,2026-08-15T09:17:42.571Z
2022,university,0000084,삼육대학교,서울,사립,대학,4636.5,0,5175.5,4570.5,605,98.6,111.6,1,0,Y,2026-08-15T09:17:42.571Z
2022,university,0000085,상명대학교,서울,사립,대학,10636.5,0,11411.5,9632,1779.5,90.6,107.3,2,0,Y,2026-08-15T09:17:42.571Z
2022,university,0000087,서강대학교,서울,사립,대학,6296,0,7543.5,5820,1723.5,92.4,119.8,1,0,Y,2026-08-15T09:17:42.571Z
2022,university,0000088,서경대학교,서울,사립,대학,5076,0,6224.5,4903,1321.5,96.6,122.6,1,0,Y,2026-08-15T09:17:42.571Z
2022,university,0000069,서울기독대학교,서울,사립,대학,544,0,407,394.5,12.5,72.5,74.8,1,0,Y,2026-08-15T09:17:42.571Z
2022,university,0000091,서울여자대학교,서울,사립,대학,6434.5,0,6631,6041.5,589.5,93.9,103.1,1,0,Y,2026-08-15T09:17:42.571Z
2022,university,0000539,서울한영대학교,서울,사립,대학,720,0,638.5,586.5,52,81.5,88.7,1,0,Y,2026-08-15T09:17:42.571Z
2022,university,0000096,성공회대학교,서울,사립,대학,2008,0,1861,1752.5,108.5,87.3,92.7,1,0,Y,2026-08-15T09:17:42.571Z
2022,university,0000097,성균관대학교,서울,사립,대학,13570.5,0,17722,13044.5,4677.5,96.1,130.6,1,0,Y,2026-08-15T09:17:42.571Z
2022,university,0000098,성신여자대학교,서울,사립,대학,8538,0,8642.5,7885,757.5,92.4,101.2,1,0,Y,2026-08-15T09:17:42.571Z
2022,university,0000100,세종대학교,서울,사립,대학,9457,0,11242.5,9138.5,2104,96.6,118.9,1,0,Y,2026-08-15T09:17:42.571Z
2022,university,0000103,숙명여자대학교,서울,사립,대학,8740,0,9532.5,8257.5,1275,94.5,109.1,1,0,Y,2026-08-15T09:17:42.571Z
2022,university,0000105,숭실대학교,서울,사립,대학,10767.5,0.5,13516.5,10445.5,3071,97,125.5,1,0,Y,2026-08-15T09:17:42.571Z
2022,university,0000110,연세대학교,서울,사립,대학,20000.5,19,25027,19452,5575,97.4,125.3,2,0,Y,2026-08-15T09:17:42.571Z
2022,university,0000121,이화여자대학교,서울,사립,대학,12751,0,14708,12585.5,2122.5,98.7,115.3,1,0,Y,2026-08-15T09:17:42.571Z
2022,university,0000125,장로회신학대학교,서울,사립,대학,600,0,607.5,571.5,36,95.3,101.3,1,0,Y,2026-08-15T09:17:42.571Z
2022,university,0000129,중앙대학교,서울,사립,대학,18054,0,22316,17454.5,4861.5,96.7,123.6,2,0,Y,2026-08-15T09:17:42.571Z
2022,university,0000133,총신대학교,서울,사립,대학,1334.5,0,1459.5,1307,152.5,97.9,109.4,1,0,Y,2026-08-15T09:17:42.571Z
2022,university,0000134,추계예술대학교,서울,사립,대학,1047.5,0,1058.5,1002.5,56,95.7,101.1,1,0,Y,2026-08-15T09:17:42.571Z
2022,university,0000142,한국성서대학교,서울,사립,대학,892,0,977,894,83,100.2,109.5,1,0,Y,2026-08-15T09:17:42.571Z
2022,university,0000143,한국외국어대학교,서울,사립,대학,13508,0,15961,13095,2866,96.9,118.2,1,0,Y,2026-08-15T09:17:42.571Z
2022,university,0000150,한성대학교,서울,사립,대학,5832,0,6542,5639.5,902.5,96.7,112.2,1,0,Y,2026-08-15T09:17:42.571Z
2022,university,0000153,한양대학교,서울,사립,대학,19139,0,24375,18179.5,6195.5,95,127.4,2,0,Y,2026-08-15T09:17:42.571Z
2022,university,0000160,홍익대학교,서울,사립,대학,14785.5,0,17293.5,14310.5,2983,96.8,117,2,0,Y,2026-08-15T09:17:42.571Z
2022,university,0000066,대전가톨릭대학교,세종,사립,대학,160,0,32,30.5,1.5,19.1,20,1,0,Y,2026-08-15T09:17:42.571Z
2022,university,0000117,울산대학교,울산,사립,대학,11106,0,11162,10161,1001,91.5,100.5,1,0,Y,2026-08-15T09:17:42.571Z
2022,university,0000123,인천가톨릭대학교,인천,사립,대학,664,0,689.5,640,49.5,96.4,103.8,2,0,Y,2026-08-15T09:17:42.571Z
2022,university,0000124,인하대학교,인천,사립,대학,13964,0,16587.5,13585.5,3002,97.3,118.8,1,0,Y,2026-08-15T09:17:42.571Z
2022,university,0000054,광주가톨릭대학교,전남,사립,대학,160,0,67,67,0,41.9,41.9,1,0,Y,2026-08-15T09:17:42.571Z
2022,university,0000074,동신대학교,전남,사립,대학,6272,0,5824,5219,605,83.2,92.9,1,0,Y,2026-08-15T09:17:42.571Z
2022,university,0000166,목포가톨릭대학교,전남,사립,대학,480,0,489.5,464,25.5,96.7,102,1,0,Y,2026-08-15T09:17:42.571Z
2022,university,0000064,세한대학교,전남,사립,대학,3536,0,3391,3200,191,90.5,95.9,1,0,Y,2026-08-15T09:17:42.571Z
2022,university,0000114,영산선학대학교,전남,사립,대학,200,0,35,33,2,16.5,17.5,1,0,Y,2026-08-15T09:17:42.571Z
2022,university,0000190,초당대학교,전남,사립,대학,3008,0,3092,2798.5,293.5,93,102.8,1,0,Y,2026-08-15T09:17:42.571Z
2022,university,0000173,예수대학교,전북,사립,대학,496.5,0,530,486.5,43.5,98,106.7,1,0,Y,2026-08-15T09:17:42.571Z
2022,university,0000164,예원예술대학교,전북,사립,대학,1177.5,0,1419,898.5,520.5,76.3,120.5,2,0,Y,2026-08-15T09:17:42.571Z
2022,university,0000116,우석대학교,전북,사립,대학,7070,0,6765.5,5879.5,886,83.2,95.7,1,0,Y,2026-08-15T09:17:42.571Z
2022,university,0000118,원광대학교,전북,사립,대학,14628,0,13250,12387,863,84.7,90.6,1,0,Y,2026-08-15T09:17:42.571Z
2022,university,0000126,전주대학교,전북,사립,대학,10160.5,0,10921,9499,1422,93.5,107.5,1,0,Y,2026-08-15T09:17:42.571Z
2022,university,0000155,한일장신대학교,전북,사립,대학,876,0,826,726.5,99.5,82.9,94.3,1,0,Y,2026-08-15T09:17:42.571Z
2022,university,0000223,호원대학교,전북,사립,대학,4496.5,0,5027,3639,1388,80.9,111.8,1,0,Y,2026-08-15T09:17:42.571Z
2022,university,0000192,제주국제대학교,제주,사립,대학,1909.5,0,606,595,11,31.2,31.7,1,0,Y,2026-08-15T09:17:42.571Z
2022,university,0000038,건양대학교,충남,사립,대학,6755,0,6445.5,5971.5,474,88.4,95.4,2,0,Y,2026-08-15T09:17:42.571Z
2022,university,0000169,금강대학교,충남,사립,대학,457.5,0,221,217,4,47.4,48.3,1,0,Y,2026-08-15T09:17:42.571Z
2022,university,0000059,나사렛대학교,충남,사립,대학,4844,60,4682.5,4121.5,561,86.2,97.9,1,0,Y,2026-08-15T09:17:42.571Z
2022,university,0000189,남서울대학교,충남,사립,대학,8791,0,9054,7879,1175,89.6,103,1,0,Y,2026-08-15T09:17:42.571Z
2022,university,0000131,백석대학교,충남,사립,대학,11560,0,11464,10389.5,1074.5,89.9,99.2,1,0,Y,2026-08-15T09:17:42.571Z
2022,university,0000094,선문대학교,충남,사립,대학,8242,0,8877,7433.5,1443.5,90.2,107.7,1,0,Y,2026-08-15T09:17:42.571Z
2022,university,0000104,순천향대학교,충남,사립,대학,9634,0,10329.5,8927,1402.5,92.7,107.2,1,0,Y,2026-08-15T09:17:42.571Z
2022,university,0000128,중부대학교,충남,사립,대학,7780,0,7136,6284,852,80.8,91.7,1,0,Y,2026-08-15T09:17:42.571Z
2022,university,0000225,청운대학교,충남,사립,대학,4988,0,5572,4183,1389,83.9,111.7,1,0,Y,2026-08-15T09:17:42.571Z
2022,university,0000141,한국기술교육대학교,충남,사립,대학,3344,0,3892,3340.5,551.5,99.9,116.4,1,0,Y,2026-08-15T09:17:42.571Z
2022,university,0000149,한서대학교,충남,사립,대학,6316,0,6418.5,5748,670.5,91,101.6,1,0,Y,2026-08-15T09:17:42.571Z
2022,university,0000159,호서대학교,충남,사립,대학,11562,0,11526.5,10499,1027.5,90.8,99.7,1,0,Y,2026-08-15T09:17:42.571Z
2022,university,0000557,가톨릭꽃동네대학교,충북,사립,대학,432,0,407,383.5,23.5,88.8,94.2,1,0,Y,2026-08-15T09:17:42.571Z
2022,university,0000058,극동대학교,충북,사립,대학,3614,0,2995,2776,219,76.8,82.9,1,0,Y,2026-08-15T09:17:42.571Z
2022,university,0000093,서원대학교,충북,사립,대학,6488,0,6314.5,5813.5,501,89.6,97.3,1,0,Y,2026-08-15T09:17:42.571Z
2022,university,0000099,세명대학교,충북,사립,대학,7610,0,6746.5,6213.5,533,81.6,88.7,1,0,Y,2026-08-15T09:17:42.571Z
2022,university,0000113,유원대학교,충북,사립,대학,3642.5,0,3223.5,2989,234.5,82.1,88.5,1,0,Y,2026-08-15T09:17:42.571Z
2022,university,0000183,중원대학교,충북,사립,대학,3751.5,22,3478,3252.5,225.5,87.2,93.3,1,0,Y,2026-08-15T09:17:42.571Z
2022,university,0000132,청주대학교,충북,사립,대학,10576,0,10359.5,9570,789.5,90.5,98,1,0,Y,2026-08-15T09:17:42.571Z
2022,junior-college,0000347,강릉영동대학교,강원,사립,전문대학,2548.5,0,2363,1907,456,74.8,92.7,1,0,Y,2026-08-15T09:17:42.571Z
2022,junior-college,0000378,강원관광대학교,강원,사립,전문대학,541.5,5,497.5,407,90.5,75.9,92.7,1,0,Y,2026-08-15T09:17:42.571Z
2022,junior-college,0000348,세경대학교,강원,사립,전문대학,953.5,0,915.5,777.5,138,81.5,96,1,0,Y,2026-08-15T09:17:42.571Z
2022,junior-college,0000393,송곡대학교,강원,사립,전문대학,574,0,675,457,218,79.6,117.6,1,0,Y,2026-08-15T09:17:42.571Z
2022,junior-college,0000390,송호대학교,강원,사립,전문대학,891,1,823.5,648,175.5,72.8,92.5,1,0,Y,2026-08-15T09:17:42.571Z
2022,junior-college,0000542,한국골프대학교,강원,사립,전문대학,480,0,395,358,37,74.6,82.3,1,0,Y,2026-08-15T09:17:42.571Z
2022,junior-college,0000383,한림성심대학교,강원,사립,전문대학,2558,0,2716,2116,600,82.7,106.2,1,0,Y,2026-08-15T09:17:42.571Z
2022,junior-college,0000387,경기과학기술대학교,경기,사립,전문대학,3456,0,4264.5,2832,1432.5,81.9,123.4,1,0,Y,2026-08-15T09:17:42.571Z
2022,junior-college,0000255,경민대학교,경기,사립,전문대학,3636.5,0,3722.5,2923.5,799,80.4,102.4,1,0,Y,2026-08-15T09:17:42.571Z
2022,junior-college,0000259,경복대학교,경기,사립,전문대학,5170.5,0,6066,4732,1334,91.5,117.3,1,0,Y,2026-08-15T09:17:42.571Z
2022,junior-college,0000264,계원예술대학교,경기,사립,전문대학,2461.5,0,2742,2369,373,96.2,111.4,1,0,Y,2026-08-15T09:17:42.571Z
2022,junior-college,0000379,국제대학교,경기,사립,전문대학,3773,0,3026,2715.5,310.5,72,80.2,1,0,Y,2026-08-15T09:17:42.571Z
2022,junior-college,0000277,김포대학교,경기,사립,전문대학,2813,0,2209.5,1668,541.5,59.3,78.5,1,0,Y,2026-08-15T09:17:42.571Z
2022,junior-college,0000278,농협대학교,경기,사립,전문대학,175.5,0,414.5,178,236.5,101.4,236.2,1,0,Y,2026-08-15T09:17:42.571Z
2022,junior-college,0000285,대림대학교,경기,사립,전문대학,5899.5,0,6817,5287,1530,89.6,115.6,1,0,Y,2026-08-15T09:17:42.571Z
2022,junior-college,0000294,동남보건대학교,경기,사립,전문대학,4125.5,0,4543.5,3701.5,842,89.7,110.1,1,0,Y,2026-08-15T09:17:42.571Z
2022,junior-college,0000287,동서울대학교,경기,사립,전문대학,5521,0,5557.5,4862.5,695,88.1,100.7,1,0,Y,2026-08-15T09:17:42.571Z
2022,junior-college,0000298,동아방송예술대학교,경기,사립,전문대학,2469,0,2914,2195.5,718.5,88.9,118,1,0,Y,2026-08-15T09:17:42.571Z
2022,junior-college,0000302,동원대학교,경기,사립,전문대학,3137,0,2644.5,2285.5,359,72.9,84.3,1,0,Y,2026-08-15T09:17:42.571Z
2022,junior-college,0000305,두원공과대학교,경기,사립,전문대학,4370.5,0,2834.5,2575.5,259,58.9,64.9,1,0,Y,2026-08-15T09:17:42.571Z
2022,junior-college,0000316,부천대학교,경기,사립,전문대학,5276,0,7309.5,4928,2381.5,93.4,138.5,1,0,Y,2026-08-15T09:17:42.571Z
2022,junior-college,0000323,서울예술대학교,경기,사립,전문대학,1816.5,0,3060,1778,1282,97.9,168.5,1,0,Y,2026-08-15T09:17:42.571Z
2022,junior-college,0000392,서정대학교,경기,사립,전문대학,3146.5,0,6371.5,2873,3498.5,91.3,202.5,1,0,Y,2026-08-15T09:17:42.571Z
2022,junior-college,0000330,수원과학대학교,경기,사립,전문대학,5063.5,0,4330.5,3838,492.5,75.8,85.5,1,0,Y,2026-08-15T09:17:42.571Z
2022,junior-college,0000329,수원여자대학교,경기,사립,전문대학,4036,0,3846.5,3443,403.5,85.3,95.3,1,0,Y,2026-08-15T09:17:42.571Z
2022,junior-college,0000334,신구대학교,경기,사립,전문대학,6127.5,0,6250.5,5413.5,837,88.3,102,1,0,Y,2026-08-15T09:17:42.571Z
2022,junior-college,0000339,신안산대학교,경기,사립,전문대학,3620,0,2796.5,2457.5,339,67.9,77.3,1,0,Y,2026-08-15T09:17:42.571Z
2022,junior-college,0000340,안산대학교,경기,사립,전문대학,4034.5,0,4087.5,3363.5,724,83.4,101.3,1,0,Y,2026-08-15T09:17:42.571Z
2022,junior-college,0000343,여주대학교,경기,사립,전문대학,4831.5,108,4166,3451.5,714.5,73.1,88.2,1,0,Y,2026-08-15T09:17:42.571Z
2022,junior-college,0000341,연성대학교,경기,사립,전문대학,5631,0,5650.5,5038.5,612,89.5,100.3,1,0,Y,2026-08-15T09:17:42.571Z
2022,junior-college,0000350,오산대학교,경기,사립,전문대학,4214.5,0.5,4136,3496.5,639.5,83,98.1,1,0,Y,2026-08-15T09:17:42.571Z
2022,junior-college,0000559,용인예술과학대학교,경기,사립,전문대학,3639,79.5,2979.5,2640,339.5,74.2,83.7,1,0,Y,2026-08-15T09:17:42.571Z
2022,junior-college,0000394,웅지세무대학교,경기,사립,전문대학,1707,0,736.5,719.5,17,42.1,43.1,1,0,Y,2026-08-15T09:17:42.571Z
2022,junior-college,0000355,유한대학교,경기,사립,전문대학,4457,0,4514,4102,412,92,101.3,1,0,Y,2026-08-15T09:17:42.571Z
2022,junior-college,0000358,장안대학교,경기,사립,전문대학,5190,0,3661,3287,374,63.3,70.5,1,0,Y,2026-08-15T09:17:42.571Z
2022,junior-college,0000374,청강문화산업대학교,경기,사립,전문대학,3421,0,3521.5,3131,390.5,91.5,102.9,1,0,Y,2026-08-15T09:17:42.571Z
2022,junior-college,0000391,한국관광대학교,경기,사립,전문대학,1860,0,1516,1329.5,186.5,71.5,81.5,1,0,Y,2026-08-15T09:17:42.571Z
2022,junior-college,0000251,거제대학교,경남,사립,전문대학,1166.5,0,1006.5,833,173.5,71.4,86.3,1,0,Y,2026-08-15T09:17:42.571Z
2022,junior-college,0000395,김해대학교,경남,사립,전문대학,1301,0,1409,1154.5,254.5,88.7,108.3,1,0,Y,2026-08-15T09:17:42.571Z
2022,junior-college,0000342,동원과학기술대학교,경남,사립,전문대학,1934.5,0,2311,1625.5,685.5,84,119.5,1,0,Y,2026-08-15T09:17:42.571Z
2022,junior-college,0000306,마산대학교,경남,사립,전문대학,5355,0,5258.5,4409,849.5,82.3,98.2,1,0,Y,2026-08-15T09:17:42.571Z
2022,junior-college,0000530,연암공과대학교,경남,사립,전문대학,1159,0,1182,1092.5,89.5,94.3,102,1,0,Y,2026-08-15T09:17:42.571Z
2022,junior-college,0000369,진주보건대학교,경남,사립,전문대학,2338.5,0,2601,2004.5,596.5,85.7,111.2,1,0,Y,2026-08-15T09:17:42.571Z
2022,junior-college,0000528,창원문성대학교,경남,사립,전문대학,2346,0,1754,1548,206,66,74.8,1,0,Y,2026-08-15T09:17:42.571Z
2022,junior-college,0000396,한국승강기대학교,경남,사립,전문대학,594,0,617.5,548.5,69,92.3,104,1,0,Y,2026-08-15T09:17:42.571Z
2022,junior-college,0000249,가톨릭상지대학교,경북,사립,전문대학,1734,0,1811.5,1316.5,495,75.9,104.5,1,0,Y,2026-08-15T09:17:42.571Z
2022,junior-college,0000293,경북과학대학교,경북,사립,전문대학,1710,0,1756.5,1425,331.5,83.3,102.7,1,0,Y,2026-08-15T09:17:42.571Z
2022,junior-college,0000523,경북보건대학교,경북,사립,전문대학,1173.5,0,1231,1055.5,175.5,89.9,104.9,1,0,Y,2026-08-15T09:17:42.571Z
2022,junior-college,0000258,경북전문대학교,경북,사립,전문대학,2340.5,92,2648,1943.5,704.5,86.4,117.8,1,0,Y,2026-08-15T09:17:42.571Z
2022,junior-college,0000268,구미대학교,경북,사립,전문대학,3645,0,5099,3178.5,1920.5,87.2,139.9,1,0,Y,2026-08-15T09:17:42.571Z
2022,junior-college,0000279,대경대학교,경북,사립,전문대학,3842,81.5,3613.5,2987.5,626,79.4,96.1,1,0,Y,2026-08-15T09:17:42.571Z
2022,junior-college,0000309,문경대학교,경북,사립,전문대학,832.5,0,830.5,732,98.5,87.9,99.8,1,0,Y,2026-08-15T09:17:42.571Z
2022,junior-college,0000262,서라벌대학교,경북,사립,전문대학,650,0,576,499,77,76.8,88.6,1,0,Y,2026-08-15T09:17:42.571Z
2022,junior-college,0000380,선린대학교,경북,사립,전문대학,2179.5,0,2105,1766,339,81,96.6,1,0,Y,2026-08-15T09:17:42.571Z
2022,junior-college,0000547,성운대학교,경북,사립,전문대학,1255.5,0,1468,1122,346,89.4,116.9,1,0,Y,2026-08-15T09:17:42.571Z
2022,junior-college,0000338,안동과학대학교,경북,사립,전문대학,2467,0,2232,1868,364,75.7,90.5,1,0,Y,2026-08-15T09:17:42.571Z
2022,junior-college,0000257,영남외국어대학,경북,사립,전문대학,834,0,405.5,370,35.5,44.4,48.6,1,0,Y,2026-08-15T09:17:42.571Z
2022,junior-college,0000381,포항대학교,경북,사립,전문대학,1764.5,0,1531,1326,205,75.1,86.8,1,0,Y,2026-08-15T09:17:42.571Z
2022,junior-college,0000522,호산대학교,경북,사립,전문대학,1798.5,34,1821,1412,409,80,103.2,1,0,Y,2026-08-15T09:17:42.571Z
2022,junior-college,0000267,광주보건대학교,광주,사립,전문대학,3239,0,3598,2888.5,709.5,89.2,111.1,1,0,Y,2026-08-15T09:17:42.571Z
2022,junior-college,0000273,기독간호대학교,광주,사립,전문대학,444,0,592,433,159,97.5,133.3,1,0,Y,2026-08-15T09:17:42.571Z
2022,junior-college,0000297,동강대학교,광주,사립,전문대학,2729,0,2519.5,2164.5,355,79.3,92.3,1,0,Y,2026-08-15T09:17:42.571Z
2022,junior-college,0000320,서영대학교,광주,사립,전문대학,4127.5,0,4859,3630,1229,87.9,117.7,1,0,Y,2026-08-15T09:17:42.571Z
2022,junior-college,0000366,조선간호대학교,광주,사립,전문대학,556,0,743.5,531.5,212,95.6,133.7,1,0,Y,2026-08-15T09:17:42.571Z
2022,junior-college,0000365,조선이공대학교,광주,사립,전문대학,3018,0,2943.5,2589,354.5,85.8,97.5,1,0,Y,2026-08-15T09:17:42.571Z
2022,junior-college,0000263,계명문화대학교,대구,사립,전문대학,4748.5,0,4477.5,3903.5,574,82.2,94.3,1,0,Y,2026-08-15T09:17:42.571Z
2022,junior-college,0000280,대구공업대학교,대구,사립,전문대학,1397,0,1601.5,1257.5,344,90,114.6,1,0,Y,2026-08-15T09:17:42.571Z
2022,junior-college,0000283,대구과학대학교,대구,사립,전문대학,3879,0,3976.5,3337.5,639,86,102.5,1,0,Y,2026-08-15T09:17:42.571Z
2022,junior-college,0000281,대구보건대학교,대구,사립,전문대학,6199,0,6545,5291,1254,85.4,105.6,1,0,Y,2026-08-15T09:17:42.571Z
2022,junior-college,0000282,수성대학교,대구,사립,전문대학,3155,0,3218,2736,482,86.7,102,1,0,Y,2026-08-15T09:17:42.571Z
2022,junior-college,0000346,영남이공대학교,대구,사립,전문대학,4992,0,5273,4153.5,1119.5,83.2,105.6,1,0,Y,2026-08-15T09:17:42.571Z
2022,junior-college,0000349,영진전문대학교,대구,사립,전문대학,5739,0,6950.5,5202.5,1748,90.7,121.1,1,0,Y,2026-08-15T09:17:42.571Z
2022,junior-college,0000376,대덕대학교,대전,사립,전문대학,3304.5,0,2455.5,2119.5,336,64.1,74.3,1,0,Y,2026-08-15T09:17:42.571Z
2022,junior-college,0000512,대전과학기술대학교,대전,사립,전문대학,4152.5,0,3875,3094.5,780.5,74.5,93.3,1,0,Y,2026-08-15T09:17:42.571Z
2022,junior-college,0000288,대전보건대학교,대전,사립,전문대학,5306.5,0,4891.5,4174,717.5,78.7,92.2,1,0,Y,2026-08-15T09:17:42.571Z
2022,junior-college,0000289,우송정보대학,대전,사립,전문대학,4330,0,3477,3068,409,70.9,80.3,1,0,Y,2026-08-15T09:17:42.571Z
2022,junior-college,0000253,경남정보대학교,부산,사립,전문대학,5441.5,0,5868,4444,1424,81.7,107.8,1,0,Y,2026-08-15T09:17:42.571Z
2022,junior-college,0000284,대동대학교,부산,사립,전문대학,1462,0,1451,1168.5,282.5,79.9,99.2,1,0,Y,2026-08-15T09:17:42.571Z
2022,junior-college,0000303,동의과학대학교,부산,사립,전문대학,4519,0,4115.5,3227.5,888,71.4,91.1,1,0,Y,2026-08-15T09:17:42.571Z
2022,junior-college,0000304,동주대학교,부산,사립,전문대학,2966.5,0,2565.5,2186,379.5,73.7,86.5,1,0,Y,2026-08-15T09:17:42.571Z
2022,junior-college,0000313,부산경상대학교,부산,사립,전문대학,2731.5,187.5,2385.5,2045,340.5,80.4,93.8,1,0,Y,2026-08-15T09:17:42.571Z
2022,junior-college,0000315,부산과학기술대학교,부산,사립,전문대학,2894.5,0,3064.5,2362,702.5,81.6,105.9,1,0,Y,2026-08-15T09:17:42.571Z
2022,junior-college,0000314,부산여자대학교,부산,사립,전문대학,2511.5,0,2271,1956.5,314.5,77.9,90.4,1,0,Y,2026-08-15T09:17:42.571Z
2022,junior-college,0000388,부산예술대학교,부산,사립,전문대학,901.5,0,594,558,36,61.9,65.9,1,0,Y,2026-08-15T09:17:42.571Z
2022,junior-college,0000300,동양미래대학교,서울,사립,전문대학,5016,0,5685.5,4541.5,1144,90.5,113.3,1,0,Y,2026-08-15T09:17:42.571Z
2022,junior-college,0000307,명지전문대학,서울,사립,전문대학,5693.5,0,6390,5149.5,1240.5,90.4,112.2,1,0,Y,2026-08-15T09:17:42.571Z
2022,junior-college,0000310,배화여자대학교,서울,사립,전문대학,2558.5,0,2730,2358,372,92.2,106.7,1,0,Y,2026-08-15T09:17:42.571Z
2022,junior-college,0000317,삼육보건대학교,서울,사립,전문대학,1066,0,1299,993,306,93.2,121.9,1,0,Y,2026-08-15T09:17:42.571Z
2022,junior-college,0000321,서울여자간호대학교,서울,사립,전문대학,672,0,911.5,620.5,291,92.3,135.6,1,0,Y,2026-08-15T09:17:42.571Z
2022,junior-college,0000324,서일대학교,서울,사립,전문대학,5514,0,5622.5,4737,885.5,85.9,102,1,0,Y,2026-08-15T09:17:42.571Z
2022,junior-college,0000333,숭의여자대학교,서울,사립,전문대학,3190,0,3165.5,2887.5,278,90.5,99.2,1,0,Y,2026-08-15T09:17:42.571Z
2022,junior-college,0000356,인덕대학교,서울,사립,전문대학,5577,0,5764,4930,834,88.4,103.4,1,0,Y,2026-08-15T09:17:42.571Z
2022,junior-college,0000384,한양여자대학교,서울,사립,전문대학,6201,0,6587.5,5718,869.5,92.2,106.2,1,0,Y,2026-08-15T09:17:42.571Z
2022,junior-college,0000353,한국영상대학교,세종,사립,전문대학,3090.5,0,3022,2631.5,390.5,85.1,97.8,1,0,Y,2026-08-15T09:17:42.571Z
2022,junior-college,0000352,울산과학대학교,울산,사립,전문대학,4500,0,5312,4200,1112,93.3,118,1,0,Y,2026-08-15T09:17:42.571Z
2022,junior-college,0000375,춘해보건대학교,울산,사립,전문대학,2159.5,0,2633,1973,660,91.4,121.9,1,0,Y,2026-08-15T09:17:42.571Z
2022,junior-college,0000261,경인여자대학교,인천,사립,전문대학,4002.5,0,4292.5,3370,922.5,84.2,107.2,1,0,Y,2026-08-15T09:17:42.571Z
2022,junior-college,0000292,인천재능대학교,인천,사립,전문대학,3283.5,0,3254.5,2694.5,560,82.1,99.1,1,0,Y,2026-08-15T09:17:42.571Z
2022,junior-college,0000357,인하공업전문대학,인천,사립,전문대학,5653.5,0,6636.5,5309.5,1327,93.9,117.4,1,0,Y,2026-08-15T09:17:42.571Z
2022,junior-college,0000272,고구려대학교,전남,사립,전문대학,1824.5,0,1362,1307.5,54.5,71.7,74.7,1,0,Y,2026-08-15T09:17:42.571Z
2022,junior-college,0000266,광양보건대학교,전남,사립,전문대학,1480,205,258,229,29,18,20.2,1,0,Y,2026-08-15T09:17:42.571Z
2022,junior-college,0000532,동아보건대학교,전남,사립,전문대학,1462.5,0,1328,1148,180,78.5,90.8,1,0,Y,2026-08-15T09:17:42.571Z
2022,junior-college,0000308,목포과학대학교,전남,사립,전문대학,2325,0,2269,2018.5,250.5,86.8,97.6,1,0,Y,2026-08-15T09:17:42.571Z
2022,junior-college,0000331,순천제일대학교,전남,사립,전문대학,2444.5,0,2442.5,2067.5,375,84.6,99.9,1,0,Y,2026-08-15T09:17:42.571Z
2022,junior-college,0000360,전남과학대학교,전남,사립,전문대학,3025,0,3506,2449.5,1056.5,81,115.9,1,0,Y,2026-08-15T09:17:42.571Z
2022,junior-college,0000332,청암대학교,전남,사립,전문대학,2752,0,2352.5,2037,315.5,74,85.5,1,0,Y,2026-08-15T09:17:42.571Z
2022,junior-college,0000546,한영대학교,전남,사립,전문대학,1232.5,0,1347,1091,256,88.5,109.3,1,0,Y,2026-08-15T09:17:42.571Z
2022,junior-college,0000250,군산간호대학교,전북,사립,전문대학,884,0,1149,843.5,305.5,95.4,130,1,0,Y,2026-08-15T09:17:42.571Z
2022,junior-college,0000270,군장대학교,전북,사립,전문대학,1567,0,1769.5,1353,416.5,86.3,112.9,1,0,Y,2026-08-15T09:17:42.571Z
2022,junior-college,0000311,백제예술대학교,전북,사립,전문대학,1300,0,1053.5,992,61.5,76.3,81,1,0,Y,2026-08-15T09:17:42.571Z
2022,junior-college,0000354,원광보건대학교,전북,사립,전문대학,3986.5,73.5,4258.5,3408.5,850,87.1,108.8,1,0,Y,2026-08-15T09:17:42.571Z
2022,junior-college,0000362,전북과학대학교,전북,사립,전문대학,1454.5,0,1683,1319,364,90.7,115.7,1,0,Y,2026-08-15T09:17:42.571Z
2022,junior-college,0000274,전주기전대학,전북,사립,전문대학,2072,0,1506.5,1384.5,122,66.8,72.7,1,0,Y,2026-08-15T09:17:42.571Z
2022,junior-college,0000361,전주비전대학교,전북,사립,전문대학,2587.5,0,3420,2361.5,1058.5,91.3,132.2,1,0,Y,2026-08-15T09:17:42.571Z
2022,junior-college,0000363,제주관광대학교,제주,사립,전문대학,2343.5,34.5,1625,1493,132,64.7,70.4,1,0,Y,2026-08-15T09:17:42.571Z
2022,junior-college,0000382,제주한라대학교,제주,사립,전문대학,4646,0,5148.5,3556.5,1592,76.5,110.8,1,0,Y,2026-08-15T09:17:42.571Z
2022,junior-college,0000373,백석문화대학교,충남,사립,전문대학,5358.5,0,4499.5,3879,620.5,72.4,84,1,0,Y,2026-08-15T09:17:42.571Z
2022,junior-college,0000335,신성대학교,충남,사립,전문대학,3383,152,2994,2471,523,76.5,92.7,1,0,Y,2026-08-15T09:17:42.571Z
2022,junior-college,0000568,아주자동차대학교,충남,사립,전문대학,963.5,0,805,747.5,57.5,77.6,83.5,1,0,Y,2026-08-15T09:17:42.571Z
2022,junior-college,0000529,연암대학교,충남,사립,전문대학,966,0,1049,886,163,91.7,108.6,1,0,Y,2026-08-15T09:17:42.571Z
2022,junior-college,0000386,혜전대학교,충남,사립,전문대학,2692.5,0,2401,1949,452,72.4,89.2,1,0,Y,2026-08-15T09:17:42.571Z
2022,junior-college,0000271,강동대학교,충북,사립,전문대학,3708.5,7,2938,2521,417,68.1,79.4,1,0,Y,2026-08-15T09:17:42.571Z
2022,junior-college,0000286,대원대학교,충북,사립,전문대학,2445,0,2078.5,1835.5,243,75.1,85,1,0,Y,2026-08-15T09:17:42.571Z
2022,junior-college,0000367,충북보건과학대학교,충북,사립,전문대학,2555,0,2407,2042.5,364.5,79.9,94.2,1,0,Y,2026-08-15T09:17:42.571Z
2022,junior-college,0000377,충청대학교,충북,사립,전문대학,3713.5,0,3304.5,2731,573.5,73.5,89,1,0,Y,2026-08-15T09:17:42.571Z
2022,graduate,0000513,가톨릭관동대학교,강원,사립,대학원,608,0,459,441,18,72.5,75.5,4,4,Y,2026-08-15T09:17:42.571Z
2022,graduate,0000086,상지대학교,강원,사립,대학원,481,0,316,281,35,58.4,65.7,5,5,Y,2026-08-15T09:17:42.571Z
2022,graduate,0000147,한라대학교,강원,사립,대학원,37.5,0,28,27,1,72,74.7,1,1,Y,2026-08-15T09:17:42.571Z
2022,graduate,0000148,한림대학교,강원,사립,대학원,969,0,722,658,64,67.9,74.5,7,7,Y,2026-08-15T09:17:42.571Z
2022,graduate,0000044,가천대학교,경기,사립,대학원,1886.5,0,2633,1740,893,92.2,139.6,9,9,Y,2026-08-15T09:17:42.571Z
2022,graduate,0000034,가톨릭대학교,경기,사립,대학원,2747,0,2573,2283,290,83.1,93.7,16,15,Y,2026-08-15T09:17:42.571Z
2022,graduate,0000036,강남대학교,경기,사립,대학원,607,0,394,388,6,63.9,64.9,4,4,Y,2026-08-15T09:17:42.571Z
2022,graduate,0000039,경기대학교,경기,사립,대학원,2292,0,2126,1933,193,84.3,92.8,10,10,Y,2026-08-15T09:17:42.571Z
2022,graduate,0000060,단국대학교,경기,사립,대학원,4483,0,4262,3576,686,79.8,95.1,13,13,Y,2026-08-15T09:17:42.571Z
2022,graduate,0000068,대진대학교,경기,사립,대학원,451,0,677,314,363,69.6,150.1,4,4,Y,2026-08-15T09:17:42.571Z
2022,graduate,0000078,루터대학교,경기,사립,대학원,65,0,57,57,0,87.7,87.7,1,1,Y,2026-08-15T09:17:42.571Z
2022,graduate,0000079,명지대학교,경기,사립,대학원,2517.5,0,2313,1989,324,79,91.9,9,9,Y,2026-08-15T09:17:42.571Z
2022,graduate,0000090,서울신학대학교,경기,사립,대학원,864,0,735,722,13,83.6,85.1,7,7,Y,2026-08-15T09:17:42.571Z
2022,graduate,0000092,서울장신대학교,경기,사립,대학원,339.5,0,316,309,7,91,93.1,7,7,Y,2026-08-15T09:17:42.571Z
2022,graduate,0000095,성결대학교,경기,사립,대학원,603,0,404,363,41,60.2,67,5,5,Y,2026-08-15T09:17:42.571Z
2022,graduate,0000101,수원가톨릭대학교,경기,사립,대학원,75,0,39,39,0,52,52,1,1,Y,2026-08-15T09:17:42.571Z
2022,graduate,0000102,수원대학교,경기,사립,대학원,1266,0,780,714,66,56.4,61.6,14,14,Y,2026-08-15T09:17:42.571Z
2022,graduate,0000509,신한대학교,경기,사립,대학원,288,0,312,276,36,95.8,108.3,2,2,Y,2026-08-15T09:17:42.571Z
2022,graduate,0000558,아신대학교,경기,사립,대학원,780,0,607,539,68,69.1,77.8,6,6,Y,2026-08-15T09:17:42.571Z
2022,graduate,0000108,아주대학교,경기,사립,대학원,3999.5,0,4007,3650,357,91.3,100.2,14,14,Y,2026-08-15T09:17:42.571Z
2022,graduate,0000109,안양대학교,경기,사립,대학원,759,16,471,440,31,59.2,63.4,6,6,Y,2026-08-15T09:17:42.571Z
2022,graduate,0000115,용인대학교,경기,사립,대학원,802.5,0,563,548,15,68.3,70.2,8,8,Y,2026-08-15T09:17:42.571Z
2022,graduate,0000120,을지대학교,경기,사립,대학원,277,0,265,255,10,92.1,95.7,3,3,Y,2026-08-15T09:17:42.571Z
2022,graduate,0000130,중앙승가대학교,경기,사립,대학원,90,0,58,58,0,64.4,64.4,1,1,Y,2026-08-15T09:17:42.571Z
2022,graduate,0000139,차의과학대학교,경기,사립,대학원,1167.5,0,1192,1160,32,99.4,102.1,9,9,Y,2026-08-15T09:17:42.571Z
2022,graduate,0000136,칼빈대학교,경기,사립,대학원,250,0,604,229,375,91.6,241.6,2,2,Y,2026-08-15T09:17:42.571Z
2022,graduate,0000138,평택대학교,경기,사립,대학원,624.5,0,397,358,39,57.3,63.6,6,6,Y,2026-08-15T09:17:42.571Z
2022,graduate,0000562,한국공학대학교,경기,사립,대학원,322,0,400,307,93,95.3,124.2,3,3,Y,2026-08-15T09:17:42.571Z
2022,graduate,0000144,한국항공대학교,경기,사립,대학원,591,0,570,484,86,81.9,96.4,2,2,Y,2026-08-15T09:17:42.571Z
2022,graduate,0000151,한세대학교,경기,사립,대학원,868,0,625,521,104,60,72,6,6,Y,2026-08-15T09:17:42.571Z
2022,graduate,0000152,한신대학교,경기,사립,대학원,532,0,391,384,7,72.2,73.5,5,5,Y,2026-08-15T09:17:42.571Z
2022,graduate,0000156,협성대학교,경기,사립,대학원,388,0,330,172,158,44.3,85.1,4,4,Y,2026-08-15T09:17:42.571Z
2022,graduate,0000032,가야대학교,경남,사립,대학원,191,0,100,76,24,39.8,52.4,4,4,Y,2026-08-15T09:17:42.571Z
2022,graduate,0000040,경남대학교,경남,사립,대학원,1378,0,1137,1019,118,73.9,82.5,4,4,Y,2026-08-15T09:17:42.571Z
2022,graduate,0000167,부산장신대학교,경남,사립,대학원,261.5,0,173,173,0,66.2,66.2,5,5,Y,2026-08-15T09:17:42.571Z
2022,graduate,0000181,영산대학교,경남,사립,대학원,176,0,196,162,34,92,111.4,8,6,Y,2026-08-15T09:17:42.571Z
2022,graduate,0000122,인제대학교,경남,사립,대학원,1386,0,1255,1142,113,82.4,90.5,6,6,Y,2026-08-15T09:17:42.571Z
2022,graduate,0000193,창신대학교,경남,사립,대학원,255,0,255,243,12,95.3,100,3,3,Y,2026-08-15T09:17:42.571Z
2022,graduate,0000188,경운대학교,경북,사립,대학원,160,0,138,134,4,83.8,86.3,3,3,Y,2026-08-15T09:17:42.571Z
2022,graduate,0000045,경일대학교,경북,사립,대학원,172,0,270,118,152,68.6,157,2,2,Y,2026-08-15T09:17:42.571Z
2022,graduate,0000046,경주대학교,경북,사립,대학원,191.5,0,77,77,0,40.2,40.2,2,2,Y,2026-08-15T09:17:42.571Z
2022,graduate,0000185,김천대학교,경북,사립,대학원,101,0,119,52,67,51.5,117.8,3,3,Y,2026-08-15T09:17:42.571Z
2022,graduate,0000063,대구가톨릭대학교,경북,사립,대학원,1548,0,1352,1278,74,82.6,87.3,10,10,Y,2026-08-15T09:17:42.571Z
2022,graduate,0000061,대구대학교,경북,사립,대학원,1525,0,1461,1348,113,88.4,95.8,6,6,Y,2026-08-15T09:17:42.571Z
2022,graduate,0000042,대구한의대학교,경북,사립,대학원,309,0,337,309,28,100,109.1,3,3,Y,2026-08-15T09:17:42.571Z
2022,graduate,0000065,대신대학교,경북,사립,대학원,225,0,175,173,2,76.9,77.8,2,2,Y,2026-08-15T09:17:42.571Z
2022,graduate,0000076,동양대학교,경북,사립,대학원,288,0,203,201,2,69.8,70.5,3,3,Y,2026-08-15T09:17:42.571Z
2022,graduate,0000111,영남대학교,경북,사립,대학원,3158.5,0,2484,2055,429,65.1,78.6,8,8,Y,2026-08-15T09:17:42.571Z
2022,graduate,0000112,영남신학대학교,경북,사립,대학원,324,0,307,305,2,94.1,94.8,7,7,Y,2026-08-15T09:17:42.571Z
2022,graduate,0000119,위덕대학교,경북,사립,대학원,328.5,0,242,236,6,71.8,73.7,5,5,Y,2026-08-15T09:17:42.571Z
2022,graduate,0000140,포항공과대학교,경북,사립,대학원,2386,0,2021,1934,87,81.1,84.7,3,3,Y,2026-08-15T09:17:42.571Z
2022,graduate,0000146,한동대학교,경북,사립,대학원,491,0,418,393,25,80,85.1,7,7,Y,2026-08-15T09:17:42.571Z
2022,graduate,0000052,광신대학교,광주,사립,대학원,599,0,507,497,10,83,84.6,6,6,Y,2026-08-15T09:17:42.571Z
2022,graduate,0000176,광주대학교,광주,사립,대학원,400,0,408,359,49,89.8,102,3,3,Y,2026-08-15T09:17:42.571Z
2022,graduate,0000055,광주여자대학교,광주,사립,대학원,217.5,0,207,184,23,84.6,95.2,3,3,Y,2026-08-15T09:17:42.571Z
2022,graduate,0000162,남부대학교,광주,사립,대학원,350,2,387,354,33,101.7,111.2,3,3,Y,2026-08-15T09:17:42.571Z
2022,graduate,0000187,송원대학교,광주,사립,대학원,100,0,138,129,9,129,138,1,1,Y,2026-08-15T09:17:42.571Z
2022,graduate,0000127,조선대학교,광주,사립,대학원,2312,0,1352,1221,131,52.8,58.5,8,8,Y,2026-08-15T09:17:42.571Z
2022,graduate,0000157,호남대학교,광주,사립,대학원,627,0,863,490,373,78.1,137.6,3,3,Y,2026-08-15T09:17:42.571Z
2022,graduate,0000158,호남신학대학교,광주,사립,대학원,474,0,324,324,0,68.4,68.4,5,5,Y,2026-08-15T09:17:42.571Z
2022,graduate,0000048,계명대학교,대구,사립,대학원,2295,0,1963,1618,345,70.5,85.5,9,9,Y,2026-08-15T09:17:42.571Z
2022,graduate,0000038,건양대학교,대전,사립,대학원,591.5,0,624,547,77,92.5,105.5,6,6,Y,2026-08-15T09:17:42.571Z
2022,graduate,0000067,대전대학교,대전,사립,대학원,690,0,619,559,60,81,89.7,4,4,Y,2026-08-15T09:17:42.571Z
2022,graduate,0000182,대전신학대학교,대전,사립,대학원,152,0,87,87,0,57.2,57.2,2,2,Y,2026-08-15T09:17:42.571Z
2022,graduate,0000080,목원대학교,대전,사립,대학원,736,0,746,413,333,56.1,101.4,3,3,Y,2026-08-15T09:17:42.571Z
2022,graduate,0000081,배재대학교,대전,사립,대학원,573,0,593,338,255,59,103.5,3,3,Y,2026-08-15T09:17:42.571Z
2022,graduate,0000184,우송대학교,대전,사립,대학원,234,0,785,179,606,76.5,335.5,6,6,Y,2026-08-15T09:17:42.571Z
2022,graduate,0000551,한국침례신학대학교,대전,사립,대학원,810,0,683,676,7,83.5,84.3,5,5,Y,2026-08-15T09:17:42.571Z
2022,graduate,0000145,한남대학교,대전,사립,대학원,1111,0,1034,806,228,72.5,93.1,5,5,Y,2026-08-15T09:17:42.571Z
2022,graduate,0000043,경성대학교,부산,사립,대학원,861,0,605,433,172,50.3,70.3,3,3,Y,2026-08-15T09:17:42.571Z
2022,graduate,0000050,고신대학교,부산,사립,대학원,1088,0,871,828,43,76.1,80.1,7,7,Y,2026-08-15T09:17:42.571Z
2022,graduate,0000180,동명대학교,부산,사립,대학원,192,0,345,178,167,92.7,179.7,2,2,Y,2026-08-15T09:17:42.571Z
2022,graduate,0000073,동서대학교,부산,사립,대학원,274,0,323,151,172,55.1,117.9,3,3,Y,2026-08-15T09:17:42.571Z
2022,graduate,0000075,동아대학교,부산,사립,대학원,2332,0,2059,1671,388,71.7,88.3,7,7,Y,2026-08-15T09:17:42.571Z
2022,graduate,0000077,동의대학교,부산,사립,대학원,914,0,892,800,92,87.5,97.6,7,7,Y,2026-08-15T09:17:42.571Z
2022,graduate,0000082,부산가톨릭대학교,부산,사립,대학원,223,0,180,164,16,73.5,80.7,1,1,Y,2026-08-15T09:17:42.571Z
2022,graduate,0000083,부산외국어대학교,부산,사립,대학원,493,0,542,324,218,65.7,109.9,4,4,Y,2026-08-15T09:17:42.571Z
2022,graduate,0000106,신라대학교,부산,사립,대학원,662.5,0,709,507,202,76.5,107,6,6,Y,2026-08-15T09:17:42.571Z
2022,graduate,0000035,감리교신학대학교,서울,사립,대학원,662,0,632,624,8,94.3,95.5,3,3,Y,2026-08-15T09:17:42.571Z
2022,graduate,0000565,강서대학교,서울,사립,대학원,172.5,0,227,102,125,59.1,131.6,4,4,Y,2026-08-15T09:17:42.571Z
2022,graduate,0000037,건국대학교,서울,사립,대학원,5141.5,0,4955,4541,414,88.3,96.4,17,17,Y,2026-08-15T09:17:42.571Z
2022,graduate,0000047,경희대학교,서울,사립,대학원,6008.5,0,8415,5146,3269,85.6,140.1,15,15,Y,2026-08-15T09:17:42.571Z
2022,graduate,0000049,고려대학교,서울,사립,대학원,10793,0,10647,9558,1089,88.6,98.6,23,23,Y,2026-08-15T09:17:42.571Z
2022,graduate,0000053,광운대학교,서울,사립,대학원,1547.5,0,1311,1170,141,75.6,84.7,7,7,Y,2026-08-15T09:17:42.571Z
2022,graduate,0000056,국민대학교,서울,사립,대학원,2989,0,3455,2677,778,89.6,115.6,15,15,Y,2026-08-15T09:17:42.571Z
2022,graduate,0000070,덕성여자대학교,서울,사립,대학원,366,0,263,254,9,69.4,71.9,3,2,Y,2026-08-15T09:17:42.571Z
2022,graduate,0000071,동국대학교,서울,사립,대학원,4320,0,4303,3380,923,78.2,99.6,17,17,Y,2026-08-15T09:17:42.571Z
2022,graduate,0000072,동덕여자대학교,서울,사립,대학원,512.5,0,273,269,4,52.5,53.3,4,4,Y,2026-08-15T09:17:42.571Z
2022,graduate,0000131,백석대학교,서울,사립,대학원,2230,0,2399,2264,135,101.5,107.6,8,8,Y,2026-08-15T09:17:42.571Z
2022,graduate,0000084,삼육대학교,서울,사립,대학원,497.5,0,560,368,192,74,112.6,4,4,Y,2026-08-15T09:17:42.571Z
2022,graduate,0000085,상명대학교,서울,사립,대학원,1155,0,1193,852,341,73.8,103.3,6,6,Y,2026-08-15T09:17:42.571Z
2022,graduate,0000087,서강대학교,서울,사립,대학원,3885,0,3306,2781,525,71.6,85.1,12,12,Y,2026-08-15T09:17:42.571Z
2022,graduate,0000088,서경대학교,서울,사립,대학원,428,0,503,417,86,97.4,117.5,4,4,Y,2026-08-15T09:17:42.571Z
2022,graduate,0000069,서울기독대학교,서울,사립,대학원,275,0,170,153,17,55.6,61.8,6,6,Y,2026-08-15T09:17:42.571Z
2022,graduate,0000091,서울여자대학교,서울,사립,대학원,629.5,0,247,244,3,38.8,39.2,3,3,Y,2026-08-15T09:17:42.571Z
2022,graduate,0000539,서울한영대학교,서울,사립,대학원,175,0,245,165,80,94.3,140,3,3,Y,2026-08-15T09:17:42.571Z
2022,graduate,0000096,성공회대학교,서울,사립,대학원,466,0,312,296,16,63.5,67,7,7,Y,2026-08-15T09:17:42.571Z
2022,graduate,0000097,성균관대학교,서울,사립,대학원,7575.5,0,8538,6660,1878,87.9,112.7,18,18,Y,2026-08-15T09:17:42.571Z
2022,graduate,0000098,성신여자대학교,서울,사립,대학원,1109,0,834,751,83,67.7,75.2,6,6,Y,2026-08-15T09:17:42.571Z
2022,graduate,0000100,세종대학교,서울,사립,대학원,2750,0,2912,2034,878,74,105.9,7,7,Y,2026-08-15T09:17:42.571Z
2022,graduate,0000103,숙명여자대학교,서울,사립,대학원,3130.5,0,2419,2287,132,73.1,77.3,10,10,Y,2026-08-15T09:17:42.571Z
2022,graduate,0000105,숭실대학교,서울,사립,대학원,2335.5,0,2821,2114,707,90.5,120.8,8,8,Y,2026-08-15T09:17:42.571Z
2022,graduate,0000110,연세대학교,서울,사립,대학원,11039.5,0,12787,11004,1783,99.7,115.8,20,20,Y,2026-08-15T09:17:42.571Z
2022,graduate,0000121,이화여자대학교,서울,사립,대학원,6482,0,5790,5246,544,80.9,89.3,15,15,Y,2026-08-15T09:17:42.571Z
2022,graduate,0000125,장로회신학대학교,서울,사립,대학원,1537.5,0,1471,1441,30,93.7,95.7,6,6,Y,2026-08-15T09:17:42.571Z
2022,graduate,0000129,중앙대학교,서울,사립,대학원,5601.5,0,5915,4776,1139,85.3,105.6,18,18,Y,2026-08-15T09:17:42.571Z
2022,graduate,0000133,총신대학교,서울,사립,대학원,1843,0,1980,1734,246,94.1,107.4,9,9,Y,2026-08-15T09:17:42.571Z
2022,graduate,0000134,추계예술대학교,서울,사립,대학원,224,0,272,106,166,47.3,121.4,3,3,Y,2026-08-15T09:17:42.571Z
2022,graduate,0000142,한국성서대학교,서울,사립,대학원,205,0,170,161,9,78.5,82.9,4,4,Y,2026-08-15T09:17:42.571Z
2022,graduate,0000143,한국외국어대학교,서울,사립,대학원,3095,0,2529,2405,124,77.7,81.7,9,9,Y,2026-08-15T09:17:42.571Z
2022,graduate,0000150,한성대학교,서울,사립,대학원,896,0,822,497,325,55.5,91.7,8,8,Y,2026-08-15T09:17:42.571Z
2022,graduate,0000153,한양대학교,서울,사립,대학원,8794,0,9506,7501,2005,85.3,108.1,19,19,Y,2026-08-15T09:17:42.571Z
2022,graduate,0000160,홍익대학교,서울,사립,대학원,3665.5,0,4108,3485,623,95.1,112.1,15,15,Y,2026-08-15T09:17:42.571Z
2022,graduate,0000066,대전가톨릭대학교,세종,사립,대학원,90,0,22,22,0,24.4,24.4,1,1,Y,2026-08-15T09:17:42.571Z
2022,graduate,0000117,울산대학교,울산,사립,대학원,2105,0,1903,1673,230,79.5,90.4,5,5,Y,2026-08-15T09:17:42.571Z
2022,graduate,0000123,인천가톨릭대학교,인천,사립,대학원,200,0,73,73,0,36.5,36.5,2,2,Y,2026-08-15T09:17:42.571Z
2022,graduate,0000124,인하대학교,인천,사립,대학원,3396,0,3173,2854,319,84,93.4,10,10,Y,2026-08-15T09:17:42.571Z
2022,graduate,0000054,광주가톨릭대학교,전남,사립,대학원,60,0,34,34,0,56.7,56.7,1,1,Y,2026-08-15T09:17:42.571Z
2022,graduate,0000074,동신대학교,전남,사립,대학원,497.5,0,596,445,151,89.4,119.8,3,3,Y,2026-08-15T09:17:42.571Z
2022,graduate,0000064,세한대학교,전남,사립,대학원,110,0,522,38,484,34.5,474.5,1,1,Y,2026-08-15T09:17:42.571Z
2022,graduate,0000190,초당대학교,전남,사립,대학원,100,0,188,92,96,92,188,2,2,Y,2026-08-15T09:17:42.571Z
2022,graduate,0000173,예수대학교,전북,사립,대학원,14,0,13,11,2,78.6,92.9,1,1,Y,2026-08-15T09:17:42.571Z
2022,graduate,0000164,예원예술대학교,전북,사립,대학원,170,0,256,89,167,52.4,150.6,3,3,Y,2026-08-15T09:17:42.571Z
2022,graduate,0000116,우석대학교,전북,사립,대학원,597,0,1161,589,572,98.7,194.5,4,4,Y,2026-08-15T09:17:42.571Z
2022,graduate,0000118,원광대학교,전북,사립,대학원,1591.5,0,1155,1079,76,67.8,72.6,6,6,Y,2026-08-15T09:17:42.571Z
2022,graduate,0000126,전주대학교,전북,사립,대학원,900,0,1041,659,382,73.2,115.7,7,7,Y,2026-08-15T09:17:42.571Z
2022,graduate,0000155,한일장신대학교,전북,사립,대학원,342,0,233,232,1,67.8,68.1,6,6,Y,2026-08-15T09:17:42.571Z
2022,graduate,0000192,제주국제대학교,제주,사립,대학원,336,0,161,156,5,46.4,47.9,4,4,Y,2026-08-15T09:17:42.571Z
2022,graduate,0000169,금강대학교,충남,사립,대학원,32.5,0,17,17,0,52.3,52.3,1,1,Y,2026-08-15T09:17:42.571Z
2022,graduate,0000059,나사렛대학교,충남,사립,대학원,292,0,260,251,9,86,89,5,5,Y,2026-08-15T09:17:42.571Z
2022,graduate,0000189,남서울대학교,충남,사립,대학원,390,0,531,265,266,67.9,136.2,3,3,Y,2026-08-15T09:17:42.571Z
2022,graduate,0000094,선문대학교,충남,사립,대학원,604,0,334,332,2,55,55.3,3,3,Y,2026-08-15T09:17:42.571Z
2022,graduate,0000104,순천향대학교,충남,사립,대학원,1188,0,1079,944,135,79.5,90.8,6,6,Y,2026-08-15T09:17:42.571Z
2022,graduate,0000128,중부대학교,충남,사립,대학원,1238,0,1641,1184,457,95.6,132.6,4,4,Y,2026-08-15T09:17:42.571Z
2022,graduate,0000225,청운대학교,충남,사립,대학원,120,0,299,107,192,89.2,249.2,1,1,Y,2026-08-15T09:17:42.571Z
2022,graduate,0000141,한국기술교육대학교,충남,사립,대학원,502,0,565,390,175,77.7,112.5,3,3,Y,2026-08-15T09:17:42.571Z
2022,graduate,0000149,한서대학교,충남,사립,대학원,382,0,508,292,216,76.4,133,5,5,Y,2026-08-15T09:17:42.571Z
2022,graduate,0000159,호서대학교,충남,사립,대학원,1308,0,1387,1046,341,80,106,10,10,Y,2026-08-15T09:17:42.571Z
2022,graduate,0000557,가톨릭꽃동네대학교,충북,사립,대학원,100,0,67,67,0,67,67,1,1,Y,2026-08-15T09:17:42.571Z
2022,graduate,0000058,극동대학교,충북,사립,대학원,256.5,0,133,109,24,42.5,51.9,3,3,Y,2026-08-15T09:17:42.571Z
2022,graduate,0000093,서원대학교,충북,사립,대학원,222.5,0,145,137,8,61.6,65.2,2,2,Y,2026-08-15T09:17:42.571Z
2022,graduate,0000099,세명대학교,충북,사립,대학원,229.5,0,313,214,99,93.2,136.4,3,2,Y,2026-08-15T09:17:42.571Z
2022,graduate,0000113,유원대학교,충북,사립,대학원,60,0,61,58,3,96.7,101.7,1,1,Y,2026-08-15T09:17:42.571Z
2022,graduate,0000183,중원대학교,충북,사립,대학원,94,0,309,97,212,103.2,328.7,3,3,Y,2026-08-15T09:17:42.571Z
2022,graduate,0000132,청주대학교,충북,사립,대학원,580.5,0,760,394,366,67.9,130.9,5,5,Y,2026-08-15T09:17:42.571Z
2022,combined,0000513,가톨릭관동대학교,강원,사립,대학,8912.5,0,7293,6741.5,551.5,75.6,81.8,1,4,Y,2026-08-15T09:17:42.571Z
2022,combined,0000041,경동대학교,강원,사립,대학,6928.5,0,7090,6122,968,88.4,102.3,4,0,Y,2026-08-15T09:17:42.571Z
2022,combined,0000086,상지대학교,강원,사립,대학,8730.5,0,6480.5,6003,477.5,68.8,74.2,1,5,Y,2026-08-15T09:17:42.571Z
2022,combined,0000147,한라대학교,강원,사립,대학,3592.5,0,3076,2852.5,223.5,79.4,85.6,1,1,Y,2026-08-15T09:17:42.571Z
2022,combined,0000148,한림대학교,강원,사립,대학,8055,0,8152,7401.5,750.5,91.9,101.2,1,7,Y,2026-08-15T09:17:42.571Z
2022,combined,0000044,가천대학교,경기,사립,대학,17473,0,21441,17123.5,4317.5,98,122.7,1,9,Y,2026-08-15T09:17:42.571Z
2022,combined,0000034,가톨릭대학교,경기,사립,대학,9949,0,10215,9017.5,1197.5,90.6,102.7,3,15,Y,2026-08-15T09:17:42.571Z
2022,combined,0000036,강남대학교,경기,사립,대학,6571,0,6497.5,6013.5,484,91.5,98.9,1,4,Y,2026-08-15T09:17:42.571Z
2022,combined,0000039,경기대학교,경기,사립,대학,14050,0,15241,12922.5,2318.5,92,108.5,2,10,Y,2026-08-15T09:17:42.571Z
2022,combined,0000060,단국대학교,경기,사립,대학,23325.5,0,25622.5,22202.5,3420,95.2,109.8,2,13,Y,2026-08-15T09:17:42.571Z
2022,combined,0000068,대진대학교,경기,사립,대학,7623,0,7704,6717.5,986.5,88.1,101.1,1,4,Y,2026-08-15T09:17:42.571Z
2022,combined,0000078,루터대학교,경기,사립,대학,405,0,380.5,373,7.5,92.1,94,1,1,Y,2026-08-15T09:17:42.571Z
2022,combined,0000079,명지대학교,경기,사립,대학,13251.5,0,15579,12062.5,3516.5,91,117.6,2,9,Y,2026-08-15T09:17:42.571Z
2022,combined,0000090,서울신학대학교,경기,사립,대학,2804.5,0,2762.5,2600,162.5,92.7,98.5,1,7,Y,2026-08-15T09:17:42.571Z
2022,combined,0000092,서울장신대학교,경기,사립,대학,787,0,663.5,638,25.5,81.1,84.3,1,7,Y,2026-08-15T09:17:42.571Z
2022,combined,0000095,성결대학교,경기,사립,대학,5515,0,5533,5125.5,407.5,92.9,100.3,1,5,Y,2026-08-15T09:17:42.571Z
2022,combined,0000101,수원가톨릭대학교,경기,사립,대학,435,0,160.5,155,5.5,35.6,36.9,1,1,Y,2026-08-15T09:17:42.571Z
2022,combined,0000102,수원대학교,경기,사립,대학,9951,0,9169,8425.5,743.5,84.7,92.1,1,14,Y,2026-08-15T09:17:42.571Z
2022,combined,0000509,신한대학교,경기,사립,대학,6076,0,6440.5,5555,885.5,91.4,106,2,2,Y,2026-08-15T09:17:42.571Z
2022,combined,0000558,아신대학교,경기,사립,대학,1485,0,1053.5,971,82.5,65.4,70.9,1,6,Y,2026-08-15T09:17:42.571Z
2022,combined,0000108,아주대학교,경기,사립,대학,11676.5,0,13233,11242.5,1990.5,96.3,113.3,1,14,Y,2026-08-15T09:17:42.571Z
2022,combined,0000109,안양대학교,경기,사립,대학,5328,16,4901.5,4586.5,315,86.3,92.3,2,6,Y,2026-08-15T09:17:42.571Z
2022,combined,0000115,용인대학교,경기,사립,대학,6203,0,5910.5,5414,496.5,87.3,95.3,1,8,Y,2026-08-15T09:17:42.571Z
2022,combined,0000130,중앙승가대학교,경기,사립,대학,570,0,168.5,168.5,0,29.6,29.6,1,1,Y,2026-08-15T09:17:42.571Z
2022,combined,0000139,차의과학대학교,경기,사립,대학,3183.5,0,3336.5,3132.5,204,98.4,104.8,1,9,Y,2026-08-15T09:17:42.571Z
2022,combined,0000136,칼빈대학교,경기,사립,대학,610,0,1054.5,518,536.5,84.9,172.9,1,2,Y,2026-08-15T09:17:42.571Z
2022,combined,0000138,평택대학교,경기,사립,대학,3969.5,12.5,3645,3148.5,496.5,79.6,92.1,1,6,Y,2026-08-15T09:17:42.571Z
2022,combined,0000562,한국공학대학교,경기,사립,대학,5842,0,7149,5767.5,1381.5,98.7,122.4,1,3,Y,2026-08-15T09:17:42.571Z
2022,combined,0000144,한국항공대학교,경기,사립,대학,3986,0,4368.5,3811,557.5,95.6,109.6,1,2,Y,2026-08-15T09:17:42.571Z
2022,combined,0000151,한세대학교,경기,사립,대학,3132,0,3048,2730,318,87.2,97.3,1,6,Y,2026-08-15T09:17:42.571Z
2022,combined,0000152,한신대학교,경기,사립,대학,5216,0,5517.5,4905.5,612,94,105.8,1,5,Y,2026-08-15T09:17:42.571Z
2022,combined,0000156,협성대학교,경기,사립,대학,4404,0,4298,3828.5,469.5,86.9,97.6,1,4,Y,2026-08-15T09:17:42.571Z
2022,combined,0000567,화성의과학대학교,경기,사립,대학,984,26,403.5,378,25.5,39.5,42.1,1,0,Y,2026-08-15T09:17:42.571Z
2022,combined,0000032,가야대학교,경남,사립,대학,2456.5,0,1969.5,1790,179.5,72.9,80.2,2,4,Y,2026-08-15T09:17:42.571Z
2022,combined,0000040,경남대학교,경남,사립,대학,12413.5,0,11203.5,10313,890.5,83.1,90.3,1,4,Y,2026-08-15T09:17:42.571Z
2022,combined,0000167,부산장신대학교,경남,사립,대학,459,0,329.5,326,3.5,71,71.8,1,5,Y,2026-08-15T09:17:42.571Z
2022,combined,0000181,영산대학교,경남,사립,대학,176,0,196,162,34,92,111.4,2,6,Y,2026-08-15T09:17:42.571Z
2022,combined,0000122,인제대학교,경남,사립,대학,10097.5,0,9207.5,8316,891.5,82.4,91.2,2,6,Y,2026-08-15T09:17:42.571Z
2022,combined,0000193,창신대학교,경남,사립,대학,2142.5,0,1951,1813.5,137.5,84.6,91.1,1,3,Y,2026-08-15T09:17:42.571Z
2022,combined,0000174,한국국제대학교,경남,사립,대학,0,0,0,0,0,,,1,3,Y,2026-08-15T09:17:42.571Z
2022,combined,0000188,경운대학교,경북,사립,대학,4896,0,4255.5,4044.5,211,82.6,86.9,1,3,Y,2026-08-15T09:17:42.571Z
2022,combined,0000045,경일대학교,경북,사립,대학,6528,0,6962,6056,906,92.8,106.6,1,2,Y,2026-08-15T09:17:42.571Z
2022,combined,0000046,경주대학교,경북,사립,대학,3239.5,117,750.5,584.5,166,18.7,24,1,2,Y,2026-08-15T09:17:42.571Z
2022,combined,0000185,김천대학교,경북,사립,대학,3078.5,0.5,2654,2288,366,74.3,86.2,1,3,Y,2026-08-15T09:17:42.571Z
2022,combined,0000063,대구가톨릭대학교,경북,사립,대학,13293,0,12485.5,11616,869.5,87.4,93.9,1,10,Y,2026-08-15T09:17:42.571Z
2022,combined,0000061,대구대학교,경북,사립,대학,17656.5,0,17174.5,15021.5,2153,85.1,97.3,1,6,Y,2026-08-15T09:17:42.571Z
2022,combined,0000062,대구예술대학교,경북,사립,대학,1627,0,660,649,11,39.9,40.6,1,0,Y,2026-08-15T09:17:42.571Z
2022,combined,0000042,대구한의대학교,경북,사립,대학,6597,0,6368.5,5713,655.5,86.6,96.5,1,3,Y,2026-08-15T09:17:42.571Z
2022,combined,0000065,대신대학교,경북,사립,대학,689,0,602.5,594,8.5,86.2,87.4,1,2,Y,2026-08-15T09:17:42.571Z
2022,combined,0000076,동양대학교,경북,사립,대학,4313,0,3791.5,3563.5,228,82.6,87.9,2,3,Y,2026-08-15T09:17:42.571Z
2022,combined,0000111,영남대학교,경북,사립,대학,21817,0,22036,19735.5,2300.5,90.5,101,1,8,Y,2026-08-15T09:17:42.571Z
2022,combined,0000112,영남신학대학교,경북,사립,대학,784,0,709.5,678.5,31,86.5,90.5,1,7,Y,2026-08-15T09:17:42.571Z
2022,combined,0000119,위덕대학교,경북,사립,대학,3480,0,2823.5,2686,137.5,77.2,81.1,1,5,Y,2026-08-15T09:17:42.571Z
2022,combined,0000140,포항공과대학교,경북,사립,대학,3666,0,3267.5,3143.5,124,85.7,89.1,1,3,Y,2026-08-15T09:17:42.571Z
2022,combined,0000146,한동대학교,경북,사립,대학,3407,0,4207,3697,510,108.5,123.5,1,7,Y,2026-08-15T09:17:42.571Z
2022,combined,0000052,광신대학교,광주,사립,대학,1087,0,953.5,929.5,24,85.5,87.7,1,6,Y,2026-08-15T09:17:42.571Z
2022,combined,0000176,광주대학교,광주,사립,대학,6920.5,0,6635,6183,452,89.3,95.9,1,3,Y,2026-08-15T09:17:42.571Z
2022,combined,0000055,광주여자대학교,광주,사립,대학,3835,0,3919.5,3502,417.5,91.3,102.2,1,3,Y,2026-08-15T09:17:42.571Z
2022,combined,0000162,남부대학교,광주,사립,대학,3096.5,2,3445,2829,616,91.4,111.3,1,3,Y,2026-08-15T09:17:42.571Z
2022,combined,0000187,송원대학교,광주,사립,대학,3080,0,3054.5,2654,400.5,86.2,99.2,1,1,Y,2026-08-15T09:17:42.571Z
2022,combined,0000127,조선대학교,광주,사립,대학,20399.5,0,19368.5,17594.5,1774,86.2,94.9,1,8,Y,2026-08-15T09:17:42.571Z
2022,combined,0000157,호남대학교,광주,사립,대학,6875,0,7675,6315.5,1359.5,91.9,111.6,1,3,Y,2026-08-15T09:17:42.571Z
2022,combined,0000158,호남신학대학교,광주,사립,대학,1025,0,805,802.5,2.5,78.3,78.5,1,5,Y,2026-08-15T09:17:42.571Z
2022,combined,0000048,계명대학교,대구,사립,대학,21009.5,0,22301.5,19713.5,2588,93.8,106.1,1,9,Y,2026-08-15T09:17:42.571Z
2022,combined,0000067,대전대학교,대전,사립,대학,9051,0,8941,8159.5,781.5,90.2,98.8,1,4,Y,2026-08-15T09:17:42.571Z
2022,combined,0000182,대전신학대학교,대전,사립,대학,322,0,149,149,0,46.3,46.3,1,2,Y,2026-08-15T09:17:42.571Z
2022,combined,0000080,목원대학교,대전,사립,대학,8165,0,7615,6844.5,770.5,83.8,93.3,1,3,Y,2026-08-15T09:17:42.571Z
2022,combined,0000081,배재대학교,대전,사립,대학,8786,0,8082.5,7347,735.5,83.6,92,1,3,Y,2026-08-15T09:17:42.571Z
2022,combined,0000184,우송대학교,대전,사립,대학,8250,0,9638.5,7300.5,2338,88.5,116.8,1,6,Y,2026-08-15T09:17:42.571Z
2022,combined,0000120,을지대학교,대전,사립,대학,4518,0,4619,4239,380,93.8,102.2,3,3,Y,2026-08-15T09:17:42.571Z
2022,combined,0000551,한국침례신학대학교,대전,사립,대학,2187.5,0,1660,1620.5,39.5,74.1,75.9,1,5,Y,2026-08-15T09:17:42.571Z
2022,combined,0000145,한남대학교,대전,사립,대학,11924,0,11663,10553,1110,88.5,97.8,1,5,Y,2026-08-15T09:17:42.571Z
2022,combined,0000043,경성대학교,부산,사립,대학,12073.5,0,12161.5,10549.5,1612,87.4,100.7,1,3,Y,2026-08-15T09:17:42.571Z
2022,combined,0000050,고신대학교,부산,사립,대학,4784,0,4393,4171.5,221.5,87.2,91.8,1,7,Y,2026-08-15T09:17:42.571Z
2022,combined,0000180,동명대학교,부산,사립,대학,7374,0,7451,6326.5,1124.5,85.8,101,1,2,Y,2026-08-15T09:17:42.571Z
2022,combined,0000073,동서대학교,부산,사립,대학,9701.5,0,9474.5,8416.5,1058,86.8,97.7,1,3,Y,2026-08-15T09:17:42.571Z
2022,combined,0000075,동아대학교,부산,사립,대학,18712,0,19504,17457,2047,93.3,104.2,1,7,Y,2026-08-15T09:17:42.571Z
2022,combined,0000077,동의대학교,부산,사립,대학,15454,0,15167,13869.5,1297.5,89.7,98.1,1,7,Y,2026-08-15T09:17:42.571Z
2022,combined,0000082,부산가톨릭대학교,부산,사립,대학,3796.5,0,3824.5,3372,452.5,88.8,100.7,1,1,Y,2026-08-15T09:17:42.571Z
2022,combined,0000083,부산외국어대학교,부산,사립,대학,7687,0,7374.5,6399,975.5,83.2,95.9,1,4,Y,2026-08-15T09:17:42.571Z
2022,combined,0000106,신라대학교,부산,사립,대학,9143,0,8072.5,7153.5,919,78.2,88.3,1,6,Y,2026-08-15T09:17:42.571Z
2022,combined,0000035,감리교신학대학교,서울,사립,대학,1462,0,1303,1266,37,86.6,89.1,1,3,Y,2026-08-15T09:17:42.571Z
2022,combined,0000565,강서대학교,서울,사립,대학,1280.5,0,1725,1159.5,565.5,90.6,134.7,1,4,Y,2026-08-15T09:17:42.571Z
2022,combined,0000037,건국대학교,서울,사립,대학,23485.5,0,26269,22473,3796,95.7,111.9,2,17,Y,2026-08-15T09:17:42.571Z
2022,combined,0000047,경희대학교,서울,사립,대학,25726.5,0,33506.5,24275,9231.5,94.4,130.2,1,15,Y,2026-08-15T09:17:42.571Z
2022,combined,0000049,고려대학교,서울,사립,대학,31934.5,0,35674.5,30091,5583.5,94.2,111.7,2,23,Y,2026-08-15T09:17:42.571Z
2022,combined,0000053,광운대학교,서울,사립,대학,8314.5,0,9452.5,7591,1861.5,91.3,113.7,1,7,Y,2026-08-15T09:17:42.571Z
2022,combined,0000056,국민대학교,서울,사립,대학,14549,0,17734.5,13968.5,3766,96,121.9,1,15,Y,2026-08-15T09:17:42.571Z
2022,combined,0000070,덕성여자대학교,서울,사립,대학,5052,0,5517.5,5047.5,470,99.9,109.2,1,2,Y,2026-08-15T09:17:42.571Z
2022,combined,0000071,동국대학교,서울,사립,대학,22396,0,24090,20091,3999,89.7,107.6,2,17,Y,2026-08-15T09:17:42.571Z
2022,combined,0000072,동덕여자대학교,서울,사립,대학,6715.5,0,6974,6205.5,768.5,92.4,103.8,1,4,Y,2026-08-15T09:17:42.571Z
2022,combined,0000084,삼육대학교,서울,사립,대학,5134,0,5735.5,4938.5,797,96.2,111.7,1,4,Y,2026-08-15T09:17:42.571Z
2022,combined,0000085,상명대학교,서울,사립,대학,11791.5,0,12604.5,10484,2120.5,88.9,106.9,2,6,Y,2026-08-15T09:17:42.571Z
2022,combined,0000087,서강대학교,서울,사립,대학,10181,0,10849.5,8601,2248.5,84.5,106.6,1,12,Y,2026-08-15T09:17:42.571Z
2022,combined,0000088,서경대학교,서울,사립,대학,5504,0,6727.5,5320,1407.5,96.7,122.2,1,4,Y,2026-08-15T09:17:42.571Z
2022,combined,0000069,서울기독대학교,서울,사립,대학,819,0,577,547.5,29.5,66.8,70.5,1,6,Y,2026-08-15T09:17:42.571Z
2022,combined,0000091,서울여자대학교,서울,사립,대학,7064,0,6878,6285.5,592.5,89,97.4,1,3,Y,2026-08-15T09:17:42.571Z
2022,combined,0000539,서울한영대학교,서울,사립,대학,895,0,883.5,751.5,132,84,98.7,1,3,Y,2026-08-15T09:17:42.571Z
2022,combined,0000096,성공회대학교,서울,사립,대학,2474,0,2173,2048.5,124.5,82.8,87.8,1,7,Y,2026-08-15T09:17:42.571Z
2022,combined,0000097,성균관대학교,서울,사립,대학,21146,0,26260,19704.5,6555.5,93.2,124.2,1,18,Y,2026-08-15T09:17:42.571Z
2022,combined,0000098,성신여자대학교,서울,사립,대학,9647,0,9476.5,8636,840.5,89.5,98.2,1,6,Y,2026-08-15T09:17:42.571Z
2022,combined,0000100,세종대학교,서울,사립,대학,12207,0,14154.5,11172.5,2982,91.5,116,1,7,Y,2026-08-15T09:17:42.571Z
2022,combined,0000103,숙명여자대학교,서울,사립,대학,11870.5,0,11951.5,10544.5,1407,88.8,100.7,1,10,Y,2026-08-15T09:17:42.571Z
2022,combined,0000105,숭실대학교,서울,사립,대학,13103,0.5,16337.5,12559.5,3778,95.9,124.7,1,8,Y,2026-08-15T09:17:42.571Z
2022,combined,0000110,연세대학교,서울,사립,대학,31040,19,37814,30456,7358,98.2,121.9,2,20,Y,2026-08-15T09:17:42.571Z
2022,combined,0000121,이화여자대학교,서울,사립,대학,19233,0,20498,17831.5,2666.5,92.7,106.6,1,15,Y,2026-08-15T09:17:42.571Z
2022,combined,0000125,장로회신학대학교,서울,사립,대학,2137.5,0,2078.5,2012.5,66,94.2,97.2,1,6,Y,2026-08-15T09:17:42.571Z
2022,combined,0000129,중앙대학교,서울,사립,대학,23655.5,0,28231,22230.5,6000.5,94,119.3,2,18,Y,2026-08-15T09:17:42.571Z
2022,combined,0000133,총신대학교,서울,사립,대학,3177.5,0,3439.5,3041,398.5,95.7,108.2,1,9,Y,2026-08-15T09:17:42.571Z
2022,combined,0000134,추계예술대학교,서울,사립,대학,1271.5,0,1330.5,1108.5,222,87.2,104.6,1,3,Y,2026-08-15T09:17:42.571Z
2022,combined,0000142,한국성서대학교,서울,사립,대학,1097,0,1147,1055,92,96.2,104.6,1,4,Y,2026-08-15T09:17:42.571Z
2022,combined,0000143,한국외국어대학교,서울,사립,대학,16603,0,18490,15500,2990,93.4,111.4,1,9,Y,2026-08-15T09:17:42.571Z
2022,combined,0000150,한성대학교,서울,사립,대학,6728,0,7364,6136.5,1227.5,91.2,109.5,1,8,Y,2026-08-15T09:17:42.571Z
2022,combined,0000153,한양대학교,서울,사립,대학,27933,0,33881,25680.5,8200.5,91.9,121.3,2,19,Y,2026-08-15T09:17:42.571Z
2022,combined,0000160,홍익대학교,서울,사립,대학,18451,0,21401.5,17795.5,3606,96.4,116,2,15,Y,2026-08-15T09:17:42.571Z
2022,combined,0000066,대전가톨릭대학교,세종,사립,대학,250,0,54,52.5,1.5,21,21.6,1,1,Y,2026-08-15T09:17:42.571Z
2022,combined,0000117,울산대학교,울산,사립,대학,13211,0,13065,11834,1231,89.6,98.9,1,5,Y,2026-08-15T09:17:42.571Z
2022,combined,0000123,인천가톨릭대학교,인천,사립,대학,864,0,762.5,713,49.5,82.5,88.3,2,2,Y,2026-08-15T09:17:42.571Z
2022,combined,0000124,인하대학교,인천,사립,대학,17360,0,19760.5,16439.5,3321,94.7,113.8,1,10,Y,2026-08-15T09:17:42.571Z
2022,combined,0000054,광주가톨릭대학교,전남,사립,대학,220,0,101,101,0,45.9,45.9,1,1,Y,2026-08-15T09:17:42.571Z
2022,combined,0000074,동신대학교,전남,사립,대학,6769.5,0,6420,5664,756,83.7,94.8,1,3,Y,2026-08-15T09:17:42.571Z
2022,combined,0000166,목포가톨릭대학교,전남,사립,대학,480,0,489.5,464,25.5,96.7,102,1,0,Y,2026-08-15T09:17:42.571Z
2022,combined,0000064,세한대학교,전남,사립,대학,3646,0,3913,3238,675,88.8,107.3,1,1,Y,2026-08-15T09:17:42.571Z
2022,combined,0000114,영산선학대학교,전남,사립,대학,200,0,35,33,2,16.5,17.5,1,0,Y,2026-08-15T09:17:42.571Z
2022,combined,0000190,초당대학교,전남,사립,대학,3108,0,3280,2890.5,389.5,93,105.5,1,2,Y,2026-08-15T09:17:42.571Z
2022,combined,0000173,예수대학교,전북,사립,대학,510.5,0,543,497.5,45.5,97.5,106.4,1,1,Y,2026-08-15T09:17:42.571Z
2022,combined,0000164,예원예술대학교,전북,사립,대학,1347.5,0,1675,987.5,687.5,73.3,124.3,2,3,Y,2026-08-15T09:17:42.571Z
2022,combined,0000116,우석대학교,전북,사립,대학,7667,0,7926.5,6468.5,1458,84.4,103.4,1,4,Y,2026-08-15T09:17:42.571Z
2022,combined,0000118,원광대학교,전북,사립,대학,16219.5,0,14405,13466,939,83,88.8,1,6,Y,2026-08-15T09:17:42.571Z
2022,combined,0000126,전주대학교,전북,사립,대학,11060.5,0,11962,10158,1804,91.8,108.2,1,7,Y,2026-08-15T09:17:42.571Z
2022,combined,0000155,한일장신대학교,전북,사립,대학,1218,0,1059,958.5,100.5,78.7,86.9,1,6,Y,2026-08-15T09:17:42.571Z
2022,combined,0000223,호원대학교,전북,사립,대학,4496.5,0,5027,3639,1388,80.9,111.8,1,0,Y,2026-08-15T09:17:42.571Z
2022,combined,0000192,제주국제대학교,제주,사립,대학,2245.5,0,767,751,16,33.4,34.2,1,4,Y,2026-08-15T09:17:42.571Z
2022,combined,0000038,건양대학교,충남,사립,대학,7346.5,0,7069.5,6518.5,551,88.7,96.2,2,6,Y,2026-08-15T09:17:42.571Z
2022,combined,0000169,금강대학교,충남,사립,대학,490,0,238,234,4,47.8,48.6,1,1,Y,2026-08-15T09:17:42.571Z
2022,combined,0000059,나사렛대학교,충남,사립,대학,5136,60,4942.5,4372.5,570,86.1,97.4,1,5,Y,2026-08-15T09:17:42.571Z
2022,combined,0000189,남서울대학교,충남,사립,대학,9181,0,9585,8144,1441,88.7,104.4,1,3,Y,2026-08-15T09:17:42.571Z
2022,combined,0000131,백석대학교,충남,사립,대학,13790,0,13863,12653.5,1209.5,91.8,100.5,1,8,Y,2026-08-15T09:17:42.571Z
2022,combined,0000094,선문대학교,충남,사립,대학,8846,0,9211,7765.5,1445.5,87.8,104.1,1,3,Y,2026-08-15T09:17:42.571Z
2022,combined,0000104,순천향대학교,충남,사립,대학,10822,0,11408.5,9871,1537.5,91.2,105.4,1,6,Y,2026-08-15T09:17:42.571Z
2022,combined,0000128,중부대학교,충남,사립,대학,9018,0,8777,7468,1309,82.8,97.3,1,4,Y,2026-08-15T09:17:42.571Z
2022,combined,0000225,청운대학교,충남,사립,대학,5108,0,5871,4290,1581,84,114.9,1,1,Y,2026-08-15T09:17:42.571Z
2022,combined,0000141,한국기술교육대학교,충남,사립,대학,3846,0,4457,3730.5,726.5,97,115.9,1,3,Y,2026-08-15T09:17:42.571Z
2022,combined,0000149,한서대학교,충남,사립,대학,6698,0,6926.5,6040,886.5,90.2,103.4,1,5,Y,2026-08-15T09:17:42.571Z
2022,combined,0000159,호서대학교,충남,사립,대학,12870,0,12913.5,11545,1368.5,89.7,100.3,1,10,Y,2026-08-15T09:17:42.571Z
2022,combined,0000557,가톨릭꽃동네대학교,충북,사립,대학,532,0,474,450.5,23.5,84.7,89.1,1,1,Y,2026-08-15T09:17:42.571Z
2022,combined,0000058,극동대학교,충북,사립,대학,3870.5,0,3128,2885,243,74.5,80.8,1,3,Y,2026-08-15T09:17:42.571Z
2022,combined,0000093,서원대학교,충북,사립,대학,6710.5,0,6459.5,5950.5,509,88.7,96.3,1,2,Y,2026-08-15T09:17:42.571Z
2022,combined,0000099,세명대학교,충북,사립,대학,7839.5,0,7059.5,6427.5,632,82,90.1,1,2,Y,2026-08-15T09:17:42.571Z
2022,combined,0000113,유원대학교,충북,사립,대학,3702.5,0,3284.5,3047,237.5,82.3,88.7,1,1,Y,2026-08-15T09:17:42.571Z
2022,combined,0000183,중원대학교,충북,사립,대학,3845.5,22,3787,3349.5,437.5,87.6,99,1,3,Y,2026-08-15T09:17:42.571Z
2022,combined,0000132,청주대학교,충북,사립,대학,11156.5,0,11119.5,9964,1155.5,89.3,99.7,1,5,Y,2026-08-15T09:17:42.571Z
2023,university,0000513,가톨릭관동대학교,강원,사립,대학,7968.5,0,6186,5692.5,493.5,71.4,77.6,1,0,Y,2026-08-15T09:17:42.571Z
2023,university,0000041,경동대학교,강원,사립,대학,6743,0,6940.5,5897.5,1043,87.5,102.9,4,0,Y,2026-08-15T09:17:42.571Z
2023,university,0000086,상지대학교,강원,사립,대학,8480.5,0,6110.5,5632,478.5,66.4,72.1,1,0,Y,2026-08-15T09:17:42.571Z
2023,university,0000147,한라대학교,강원,사립,대학,3555,0,2977,2707.5,269.5,76.2,83.7,1,0,Y,2026-08-15T09:17:42.571Z
2023,university,0000148,한림대학교,강원,사립,대학,7146,0,7381,6748,633,94.4,103.3,1,0,Y,2026-08-15T09:17:42.571Z
2023,university,0000044,가천대학교,경기,사립,대학,15943.5,0,19596,15480.5,4115.5,97.1,122.9,1,0,Y,2026-08-15T09:17:42.571Z
2023,university,0000034,가톨릭대학교,경기,사립,대학,7274,0,7924,6782.5,1141.5,93.2,108.9,3,0,Y,2026-08-15T09:17:42.571Z
2023,university,0000036,강남대학교,경기,사립,대학,5964,0,6205.5,5713.5,492,95.8,104,1,0,Y,2026-08-15T09:17:42.571Z
2023,university,0000039,경기대학교,경기,사립,대학,11759,1,13382.5,11321.5,2061,96.3,113.8,2,0,Y,2026-08-15T09:17:42.571Z
2023,university,0000060,단국대학교,경기,사립,대학,18827.5,0,21470,18698,2772,99.3,114,2,0,Y,2026-08-15T09:17:42.571Z
2023,university,0000068,대진대학교,경기,사립,대학,7127,0,6998,6397.5,600.5,89.8,98.2,1,0,Y,2026-08-15T09:17:42.571Z
2023,university,0000078,루터대학교,경기,사립,대학,340,0,316,307.5,8.5,90.4,92.9,1,0,Y,2026-08-15T09:17:42.571Z
2023,university,0000079,명지대학교,경기,사립,대학,10667.5,0,13266,10176,3090,95.4,124.4,2,0,Y,2026-08-15T09:17:42.571Z
2023,university,0000090,서울신학대학교,경기,사립,대학,1895.5,0,1930.5,1804,126.5,95.2,101.8,1,0,Y,2026-08-15T09:17:42.571Z
2023,university,0000092,서울장신대학교,경기,사립,대학,438.5,0,295.5,281.5,14,64.2,67.4,1,0,Y,2026-08-15T09:17:42.571Z
2023,university,0000095,성결대학교,경기,사립,대학,4912,0,5171.5,4824,347.5,98.2,105.3,1,0,Y,2026-08-15T09:17:42.571Z
2023,university,0000101,수원가톨릭대학교,경기,사립,대학,360,0,120.5,114,6.5,31.7,33.5,1,0,Y,2026-08-15T09:17:42.571Z
2023,university,0000102,수원대학교,경기,사립,대학,8619,0,8276.5,7680.5,596,89.1,96,1,0,Y,2026-08-15T09:17:42.571Z
2023,university,0000509,신한대학교,경기,사립,대학,5740,0,5990.5,5228,762.5,91.1,104.4,2,0,Y,2026-08-15T09:17:42.571Z
2023,university,0000558,아신대학교,경기,사립,대학,664,0,355.5,344.5,11,51.9,53.5,1,0,Y,2026-08-15T09:17:42.571Z
2023,university,0000108,아주대학교,경기,사립,대학,7693.5,0,9419.5,7760.5,1659,100.9,122.4,1,0,Y,2026-08-15T09:17:42.571Z
2023,university,0000109,안양대학교,경기,사립,대학,4579,0,4505.5,4199.5,306,91.7,98.4,2,0,Y,2026-08-15T09:17:42.571Z
2023,university,0000115,용인대학교,경기,사립,대학,5259.5,32,5313,4891,422,93.6,101.6,1,0,Y,2026-08-15T09:17:42.571Z
2023,university,0000130,중앙승가대학교,경기,사립,대학,480,0,85,85,0,17.7,17.7,1,0,Y,2026-08-15T09:17:42.571Z
2023,university,0000139,차의과학대학교,경기,사립,대학,2016,0,2163,1959.5,203.5,97.2,107.3,1,0,Y,2026-08-15T09:17:42.571Z
2023,university,0000136,칼빈대학교,경기,사립,대학,360,0,535,287,248,79.7,148.6,1,0,Y,2026-08-15T09:17:42.571Z
2023,university,0000138,평택대학교,경기,사립,대학,3295,25,3103.5,2770.5,333,84.7,94.9,1,0,Y,2026-08-15T09:17:42.571Z
2023,university,0000562,한국공학대학교,경기,사립,대학,5520,0,6918.5,5509,1409.5,99.8,125.3,1,0,Y,2026-08-15T09:17:42.571Z
2023,university,0000144,한국항공대학교,경기,사립,대학,3454,0,3895.5,3382,513.5,97.9,112.8,1,0,Y,2026-08-15T09:17:42.571Z
2023,university,0000151,한세대학교,경기,사립,대학,2264,0,2436,2230,206,98.5,107.6,1,0,Y,2026-08-15T09:17:42.571Z
2023,university,0000152,한신대학교,경기,사립,대학,4679,0,5186.5,4604.5,582,98.4,110.8,1,0,Y,2026-08-15T09:17:42.571Z
2023,university,0000156,협성대학교,경기,사립,대학,4016,0,3855,3595.5,259.5,89.5,96,1,0,Y,2026-08-15T09:17:42.571Z
2023,university,0000567,화성의과학대학교,경기,사립,대학,984,19.5,371.5,349,22.5,36.2,38.5,1,0,Y,2026-08-15T09:17:42.571Z
2023,university,0000032,가야대학교,경남,사립,대학,2092.5,0,1728.5,1580.5,148,75.5,82.6,2,0,Y,2026-08-15T09:17:42.571Z
2023,university,0000040,경남대학교,경남,사립,대학,10272.5,0,9508.5,8768.5,740,85.4,92.6,1,0,Y,2026-08-15T09:17:42.571Z
2023,university,0000167,부산장신대학교,경남,사립,대학,162.5,0,131.5,131,0.5,80.6,80.9,1,0,Y,2026-08-15T09:17:42.571Z
2023,university,0000181,영산대학교,경남,사립,대학,0,0,0,0,0,,,2,0,N,2026-08-15T09:17:42.571Z
2023,university,0000122,인제대학교,경남,사립,대학,8269,0,7582.5,6797.5,785,82.2,91.7,2,0,Y,2026-08-15T09:17:42.571Z
2023,university,0000193,창신대학교,경남,사립,대학,1712.5,0,1636,1519.5,116.5,88.7,95.5,1,0,Y,2026-08-15T09:17:42.571Z
2023,university,0000174,한국국제대학교,경남,사립,대학,0,0,0,0,0,,,1,0,N,2026-08-15T09:17:42.571Z
2023,university,0000188,경운대학교,경북,사립,대학,4736,0,4145.5,3950.5,195,83.4,87.5,1,0,Y,2026-08-15T09:17:42.571Z
2023,university,0000045,경일대학교,경북,사립,대학,6339.5,0,6632.5,5879.5,753,92.7,104.6,1,0,Y,2026-08-15T09:17:42.571Z
2023,university,0000046,경주대학교,경북,사립,대학,3029.5,97.5,672,566.5,105.5,19.3,22.9,1,0,Y,2026-08-15T09:17:42.571Z
2023,university,0000185,김천대학교,경북,사립,대학,2775.5,0,2311,2044.5,266.5,73.7,83.3,1,0,Y,2026-08-15T09:17:42.571Z
2023,university,0000063,대구가톨릭대학교,경북,사립,대학,11523.5,0,10818,10031,787,87,93.9,1,0,Y,2026-08-15T09:17:42.571Z
2023,university,0000061,대구대학교,경북,사립,대학,15908.5,0,15478.5,13403.5,2075,84.3,97.3,1,0,Y,2026-08-15T09:17:42.571Z
2023,university,0000062,대구예술대학교,경북,사립,대학,1527,8.5,494,486,8,32,32.5,1,0,Y,2026-08-15T09:17:42.571Z
2023,university,0000042,대구한의대학교,경북,사립,대학,6273,0,6080,5364.5,715.5,85.5,96.9,1,0,Y,2026-08-15T09:17:42.571Z
2023,university,0000065,대신대학교,경북,사립,대학,464,0,430,423,7,91.2,92.7,1,0,Y,2026-08-15T09:17:42.571Z
2023,university,0000076,동양대학교,경북,사립,대학,3987,0,3688,3441.5,246.5,86.3,92.5,2,0,Y,2026-08-15T09:17:42.571Z
2023,university,0000111,영남대학교,경북,사립,대학,18623.5,0,19753.5,17794.5,1959,95.5,106.1,1,0,Y,2026-08-15T09:17:42.571Z
2023,university,0000112,영남신학대학교,경북,사립,대학,460,0,337,319,18,69.3,73.3,1,0,Y,2026-08-15T09:17:42.571Z
2023,university,0000119,위덕대학교,경북,사립,대학,3004.5,0,2370,2265,105,75.4,78.9,1,0,Y,2026-08-15T09:17:42.571Z
2023,university,0000140,포항공과대학교,경북,사립,대학,1300,0,1302.5,1241.5,61,95.5,100.2,1,0,Y,2026-08-15T09:17:42.571Z
2023,university,0000146,한동대학교,경북,사립,대학,2916,0,3795.5,3289,506.5,112.8,130.2,1,0,Y,2026-08-15T09:17:42.571Z
2023,university,0000052,광신대학교,광주,사립,대학,488,0,440,425.5,14.5,87.2,90.2,1,0,Y,2026-08-15T09:17:42.571Z
2023,university,0000176,광주대학교,광주,사립,대학,6281.5,0,5849.5,5384.5,465,85.7,93.1,1,0,Y,2026-08-15T09:17:42.571Z
2023,university,0000055,광주여자대학교,광주,사립,대학,3631,0,3502.5,3140.5,362,86.5,96.5,1,0,Y,2026-08-15T09:17:42.571Z
2023,university,0000162,남부대학교,광주,사립,대학,2678,0,2845,2376.5,468.5,88.7,106.2,1,0,Y,2026-08-15T09:17:42.571Z
2023,university,0000187,송원대학교,광주,사립,대학,2872.5,0,2882.5,2496.5,386,86.9,100.3,1,0,Y,2026-08-15T09:17:42.571Z
2023,university,0000127,조선대학교,광주,사립,대학,18018.5,0,17851.5,16242,1609.5,90.1,99.1,1,0,Y,2026-08-15T09:17:42.571Z
2023,university,0000157,호남대학교,광주,사립,대학,6218,0,6633,5594.5,1038.5,90,106.7,1,0,Y,2026-08-15T09:17:42.571Z
2023,university,0000158,호남신학대학교,광주,사립,대학,524,0,442.5,439,3.5,83.8,84.4,1,0,Y,2026-08-15T09:17:42.571Z
2023,university,0000048,계명대학교,대구,사립,대학,18699.5,0,20173.5,17879,2294.5,95.6,107.9,1,0,Y,2026-08-15T09:17:42.571Z
2023,university,0000067,대전대학교,대전,사립,대학,8163.5,0,8216.5,7514.5,702,92,100.6,1,0,Y,2026-08-15T09:17:42.571Z
2023,university,0000182,대전신학대학교,대전,사립,대학,142,0,45,45,0,31.7,31.7,1,0,Y,2026-08-15T09:17:42.571Z
2023,university,0000080,목원대학교,대전,사립,대학,7377.5,0,6766,6350,416,86.1,91.7,1,0,Y,2026-08-15T09:17:42.571Z
2023,university,0000081,배재대학교,대전,사립,대학,8106,0,7357,6890,467,85,90.8,1,0,Y,2026-08-15T09:17:42.571Z
2023,university,0000184,우송대학교,대전,사립,대학,8016,0,9063,7211.5,1851.5,90,113.1,1,0,Y,2026-08-15T09:17:42.571Z
2023,university,0000120,을지대학교,대전,사립,대학,4271,0,4495.5,4095,400.5,95.9,105.3,3,0,Y,2026-08-15T09:17:42.571Z
2023,university,0000551,한국침례신학대학교,대전,사립,대학,1241,0,844,820,24,66.1,68,1,0,Y,2026-08-15T09:17:42.571Z
2023,university,0000145,한남대학교,대전,사립,대학,10873,0,10997.5,10082.5,915,92.7,101.1,1,0,Y,2026-08-15T09:17:42.571Z
2023,university,0000043,경성대학교,부산,사립,대학,11172.5,0,11501,9984.5,1516.5,89.4,102.9,1,0,Y,2026-08-15T09:17:42.571Z
2023,university,0000050,고신대학교,부산,사립,대학,3683.5,0,3231.5,3086.5,145,83.8,87.7,1,0,Y,2026-08-15T09:17:42.571Z
2023,university,0000180,동명대학교,부산,사립,대학,6992,0,6844,5854,990,83.7,97.9,1,0,Y,2026-08-15T09:17:42.571Z
2023,university,0000073,동서대학교,부산,사립,대학,9088.5,0,8845.5,7932.5,913,87.3,97.3,1,0,Y,2026-08-15T09:17:42.571Z
2023,university,0000075,동아대학교,부산,사립,대학,16382.5,0,17438.5,15820.5,1618,96.6,106.4,1,0,Y,2026-08-15T09:17:42.571Z
2023,university,0000077,동의대학교,부산,사립,대학,14521,0,14048,12856.5,1191.5,88.5,96.7,1,0,Y,2026-08-15T09:17:42.571Z
2023,university,0000082,부산가톨릭대학교,부산,사립,대학,3378.5,0,3551,3061.5,489.5,90.6,105.1,1,0,Y,2026-08-15T09:17:42.571Z
2023,university,0000083,부산외국어대학교,부산,사립,대학,6927.5,0,6530.5,5734.5,796,82.8,94.3,1,0,Y,2026-08-15T09:17:42.571Z
2023,university,0000106,신라대학교,부산,사립,대학,8120,0,6765,6108.5,656.5,75.2,83.3,1,0,Y,2026-08-15T09:17:42.571Z
2023,university,0000035,감리교신학대학교,서울,사립,대학,777,0,600.5,578.5,22,74.5,77.3,1,0,Y,2026-08-15T09:17:42.571Z
2023,university,0000565,강서대학교,서울,사립,대학,1108,0,1518,1034,484,93.3,137,1,0,Y,2026-08-15T09:17:42.571Z
2023,university,0000037,건국대학교,서울,사립,대학,18364,0,21540,18281,3259,99.5,117.3,2,0,Y,2026-08-15T09:17:42.571Z
2023,university,0000047,경희대학교,서울,사립,대학,19788,0,24881,19225,5656,97.2,125.7,1,0,Y,2026-08-15T09:17:42.571Z
2023,university,0000049,고려대학교,서울,사립,대학,21330,0,25462,20895.5,4566.5,98,119.4,2,0,Y,2026-08-15T09:17:42.571Z
2023,university,0000053,광운대학교,서울,사립,대학,6767,0,8207.5,6456,1751.5,95.4,121.3,1,0,Y,2026-08-15T09:17:42.571Z
2023,university,0000056,국민대학교,서울,사립,대학,11662.5,0,14286,11471,2815,98.4,122.5,1,0,Y,2026-08-15T09:17:42.571Z
2023,university,0000070,덕성여자대학교,서울,사립,대학,4540.5,0,5217.5,4696.5,521,103.4,114.9,1,0,Y,2026-08-15T09:17:42.571Z
2023,university,0000071,동국대학교,서울,사립,대학,18212.5,0,19497,16555,2942,90.9,107.1,2,0,Y,2026-08-15T09:17:42.571Z
2023,university,0000072,동덕여자대학교,서울,사립,대학,6233,0,6695.5,5888,807.5,94.5,107.4,1,0,Y,2026-08-15T09:17:42.571Z
2023,university,0000084,삼육대학교,서울,사립,대학,4623.5,0,5254.5,4615,639.5,99.8,113.6,1,0,Y,2026-08-15T09:17:42.571Z
2023,university,0000085,상명대학교,서울,사립,대학,10775.5,0,11443.5,9869.5,1574,91.6,106.2,2,0,Y,2026-08-15T09:17:42.571Z
2023,university,0000087,서강대학교,서울,사립,대학,6310,0,7663,6013,1650,95.3,121.4,1,0,Y,2026-08-15T09:17:42.571Z
2023,university,0000088,서경대학교,서울,사립,대학,5096,0,6342,4904,1438,96.2,124.5,1,0,Y,2026-08-15T09:17:42.571Z
2023,university,0000069,서울기독대학교,서울,사립,대학,544,3.5,392.5,380,12.5,70.3,72.6,1,0,Y,2026-08-15T09:17:42.571Z
2023,university,0000091,서울여자대학교,서울,사립,대학,6500,0,6618.5,5999,619.5,92.3,101.8,1,0,Y,2026-08-15T09:17:42.571Z
2023,university,0000539,서울한영대학교,서울,사립,대학,720,0,604,549.5,54.5,76.3,83.9,1,0,Y,2026-08-15T09:17:42.571Z
2023,university,0000096,성공회대학교,서울,사립,대학,2008,0,1886,1779.5,106.5,88.6,93.9,1,0,Y,2026-08-15T09:17:42.571Z
2023,university,0000097,성균관대학교,서울,사립,대학,13543.5,0,18406.5,13441.5,4965,99.2,135.9,1,0,Y,2026-08-15T09:17:42.571Z
2023,university,0000098,성신여자대학교,서울,사립,대학,8691.5,0,8772,7958.5,813.5,91.6,100.9,1,0,Y,2026-08-15T09:17:42.571Z
2023,university,0000100,세종대학교,서울,사립,대학,9516,0,11785.5,9423,2362.5,99,123.8,1,0,Y,2026-08-15T09:17:42.571Z
2023,university,0000103,숙명여자대학교,서울,사립,대학,8715,0,9857,8450,1407,97,113.1,1,0,Y,2026-08-15T09:17:42.571Z
2023,university,0000105,숭실대학교,서울,사립,대학,10792.5,1,13756,10649,3107,98.7,127.5,1,0,Y,2026-08-15T09:17:42.571Z
2023,university,0000110,연세대학교,서울,사립,대학,19870.5,0,25963.5,20245,5718.5,101.9,130.7,2,0,Y,2026-08-15T09:17:42.571Z
2023,university,0000121,이화여자대학교,서울,사립,대학,12757,0,14983,12807.5,2175.5,100.4,117.4,1,0,Y,2026-08-15T09:17:42.571Z
2023,university,0000125,장로회신학대학교,서울,사립,대학,600,0,598.5,571.5,27,95.3,99.8,1,0,Y,2026-08-15T09:17:42.571Z
2023,university,0000129,중앙대학교,서울,사립,대학,18071,0,22757.5,17705,5052.5,98,125.9,2,0,Y,2026-08-15T09:17:42.571Z
2023,university,0000133,총신대학교,서울,사립,대학,1281.5,0,1364,1237,127,96.5,106.4,1,0,Y,2026-08-15T09:17:42.571Z
2023,university,0000134,추계예술대학교,서울,사립,대학,1028.5,0,1083,1011,72,98.3,105.3,1,0,Y,2026-08-15T09:17:42.571Z
2023,university,0000142,한국성서대학교,서울,사립,대학,892,0,958.5,875,83.5,98.1,107.5,1,0,Y,2026-08-15T09:17:42.571Z
2023,university,0000143,한국외국어대학교,서울,사립,대학,13508,0,15742,13059.5,2682.5,96.7,116.5,1,0,Y,2026-08-15T09:17:42.571Z
2023,university,0000150,한성대학교,서울,사립,대학,5832,0,6665.5,5681,984.5,97.4,114.3,1,0,Y,2026-08-15T09:17:42.571Z
2023,university,0000153,한양대학교,서울,사립,대학,19299,0,25729.5,18735.5,6994,97.1,133.3,2,0,Y,2026-08-15T09:17:42.571Z
2023,university,0000160,홍익대학교,서울,사립,대학,14831.5,0,17456.5,14530.5,2926,98,117.7,2,0,Y,2026-08-15T09:17:42.571Z
2023,university,0000066,대전가톨릭대학교,세종,사립,대학,160,0,33,31.5,1.5,19.7,20.6,1,0,Y,2026-08-15T09:17:42.571Z
2023,university,0000117,울산대학교,울산,사립,대학,11111.5,0,10974.5,10099.5,875,90.9,98.8,1,0,Y,2026-08-15T09:17:42.571Z
2023,university,0000123,인천가톨릭대학교,인천,사립,대학,663.5,0,663,609.5,53.5,91.9,99.9,2,0,Y,2026-08-15T09:17:42.571Z
2023,university,0000124,인하대학교,인천,사립,대학,14106,0,16970,13922,3048,98.7,120.3,1,0,Y,2026-08-15T09:17:42.571Z
2023,university,0000054,광주가톨릭대학교,전남,사립,대학,160,0,58.5,58.5,0,36.6,36.6,1,0,Y,2026-08-15T09:17:42.571Z
2023,university,0000074,동신대학교,전남,사립,대학,6225,0,5652,5108.5,543.5,82.1,90.8,1,0,Y,2026-08-15T09:17:42.571Z
2023,university,0000166,목포가톨릭대학교,전남,사립,대학,480,0,501,475,26,99,104.4,1,0,Y,2026-08-15T09:17:42.571Z
2023,university,0000064,세한대학교,전남,사립,대학,3413.5,0,3305,2920,385,85.5,96.8,1,0,Y,2026-08-15T09:17:42.571Z
2023,university,0000114,영산선학대학교,전남,사립,대학,200,0,32.5,30.5,2,15.3,16.3,1,0,Y,2026-08-15T09:17:42.571Z
2023,university,0000190,초당대학교,전남,사립,대학,2990.5,0,2872.5,2603.5,269,87.1,96.1,1,0,Y,2026-08-15T09:17:42.571Z
2023,university,0000173,예수대학교,전북,사립,대학,482.5,0,507,463.5,43.5,96.1,105.1,1,0,Y,2026-08-15T09:17:42.571Z
2023,university,0000164,예원예술대학교,전북,사립,대학,1124.5,0,1225,822,403,73.1,108.9,2,0,Y,2026-08-15T09:17:42.571Z
2023,university,0000116,우석대학교,전북,사립,대학,6936,0,6493,5557.5,935.5,80.1,93.6,1,0,Y,2026-08-15T09:17:42.571Z
2023,university,0000118,원광대학교,전북,사립,대학,14207.5,0,12846,12083,763,85,90.4,1,0,Y,2026-08-15T09:17:42.571Z
2023,university,0000126,전주대학교,전북,사립,대학,10188,0,10476.5,9279.5,1197,91.1,102.8,1,0,Y,2026-08-15T09:17:42.571Z
2023,university,0000155,한일장신대학교,전북,사립,대학,876,0,784.5,717.5,67,81.9,89.6,1,0,Y,2026-08-15T09:17:42.571Z
2023,university,0000223,호원대학교,전북,사립,대학,4472.5,0,5033,3492.5,1540.5,78.1,112.5,1,0,Y,2026-08-15T09:17:42.571Z
2023,university,0000192,제주국제대학교,제주,사립,대학,1610,0,424,405.5,18.5,25.2,26.3,1,0,Y,2026-08-15T09:17:42.571Z
2023,university,0000038,건양대학교,충남,사립,대학,6665,0,6383,5921.5,461.5,88.8,95.8,2,0,Y,2026-08-15T09:17:42.571Z
2023,university,0000169,금강대학교,충남,사립,대학,440,0,177.5,177.5,0,40.3,40.3,1,0,Y,2026-08-15T09:17:42.571Z
2023,university,0000059,나사렛대학교,충남,사립,대학,4844,60,4692,4153,539,86.8,98.1,1,0,Y,2026-08-15T09:17:42.571Z
2023,university,0000189,남서울대학교,충남,사립,대학,8777,0,8824.5,7761,1063.5,88.4,100.5,1,0,Y,2026-08-15T09:17:42.571Z
2023,university,0000131,백석대학교,충남,사립,대학,11710,0,11326,10291.5,1034.5,87.9,96.7,1,0,Y,2026-08-15T09:17:42.571Z
2023,university,0000094,선문대학교,충남,사립,대학,8242,0,8785.5,7505,1280.5,91.1,106.6,1,0,Y,2026-08-15T09:17:42.571Z
2023,university,0000104,순천향대학교,충남,사립,대학,9634,0,10732,9254,1478,96.1,111.4,1,0,Y,2026-08-15T09:17:42.571Z
2023,university,0000128,중부대학교,충남,사립,대학,7687.5,0,7068.5,6204,864.5,80.7,91.9,1,0,Y,2026-08-15T09:17:42.571Z
2023,university,0000225,청운대학교,충남,사립,대학,4861,0,5441.5,4067,1374.5,83.7,111.9,1,0,Y,2026-08-15T09:17:42.571Z
2023,university,0000141,한국기술교육대학교,충남,사립,대학,3344,0,3958.5,3416.5,542,102.2,118.4,1,0,Y,2026-08-15T09:17:42.571Z
2023,university,0000149,한서대학교,충남,사립,대학,6301,0,6385,5758.5,626.5,91.4,101.3,1,0,Y,2026-08-15T09:17:42.571Z
2023,university,0000159,호서대학교,충남,사립,대학,11562,0,11894.5,10822.5,1072,93.6,102.9,1,0,Y,2026-08-15T09:17:42.571Z
2023,university,0000557,가톨릭꽃동네대학교,충북,사립,대학,432,0,400,381,19,88.2,92.6,1,0,Y,2026-08-15T09:17:42.571Z
2023,university,0000058,극동대학교,충북,사립,대학,3558.5,0,2771,2483,288,69.8,77.9,1,0,Y,2026-08-15T09:17:42.571Z
2023,university,0000093,서원대학교,충북,사립,대학,6488,0,6280,5757,523,88.7,96.8,1,0,Y,2026-08-15T09:17:42.571Z
2023,university,0000099,세명대학교,충북,사립,대학,7441.5,0,6448.5,5945,503.5,79.9,86.7,1,0,Y,2026-08-15T09:17:42.571Z
2023,university,0000113,유원대학교,충북,사립,대학,3547.5,0,3195.5,2977,218.5,83.9,90.1,1,0,Y,2026-08-15T09:17:42.571Z
2023,university,0000183,중원대학교,충북,사립,대학,3623,44,3171.5,2949,222.5,82.4,88.6,1,0,Y,2026-08-15T09:17:42.571Z
2023,university,0000132,청주대학교,충북,사립,대학,10593.5,0,10479.5,9649.5,830,91.1,98.9,1,0,Y,2026-08-15T09:17:42.571Z
2023,junior-college,0000347,강릉영동대학교,강원,사립,전문대학,2382.5,0,2216,1749,467,73.4,93,1,0,Y,2026-08-15T09:17:42.571Z
2023,junior-college,0000378,강원관광대학교,강원,사립,전문대학,382,10,398.5,330,68.5,88.7,107.1,1,0,Y,2026-08-15T09:17:42.571Z
2023,junior-college,0000348,세경대학교,강원,사립,전문대학,933.5,0,869.5,733.5,136,78.6,93.1,1,0,Y,2026-08-15T09:17:42.571Z
2023,junior-college,0000393,송곡대학교,강원,사립,전문대학,573,0,828,445,383,77.7,144.5,1,0,Y,2026-08-15T09:17:42.571Z
2023,junior-college,0000390,송호대학교,강원,사립,전문대학,895,1,775.5,614.5,161,68.7,86.7,1,0,Y,2026-08-15T09:17:42.571Z
2023,junior-college,0000542,한국골프대학교,강원,사립,전문대학,480,0,403,363.5,39.5,75.7,84,1,0,Y,2026-08-15T09:17:42.571Z
2023,junior-college,0000383,한림성심대학교,강원,사립,전문대학,2425.5,0,2619,2029.5,589.5,83.7,108,1,0,Y,2026-08-15T09:17:42.571Z
2023,junior-college,0000387,경기과학기술대학교,경기,사립,전문대학,3441,0,4224,2893.5,1330.5,84.1,122.8,1,0,Y,2026-08-15T09:17:42.571Z
2023,junior-college,0000255,경민대학교,경기,사립,전문대학,3586,0,3763,2981,782,83.1,104.9,1,0,Y,2026-08-15T09:17:42.571Z
2023,junior-college,0000259,경복대학교,경기,사립,전문대학,5319.5,0,5966.5,4612,1354.5,86.7,112.2,1,0,Y,2026-08-15T09:17:42.571Z
2023,junior-college,0000264,계원예술대학교,경기,사립,전문대학,2424,0,2710.5,2340,370.5,96.5,111.8,1,0,Y,2026-08-15T09:17:42.571Z
2023,junior-college,0000379,국제대학교,경기,사립,전문대학,3705.5,0,2483,2256.5,226.5,60.9,67,1,0,Y,2026-08-15T09:17:42.571Z
2023,junior-college,0000277,김포대학교,경기,사립,전문대학,2657,0,1786,1395,391,52.5,67.2,1,0,Y,2026-08-15T09:17:42.571Z
2023,junior-college,0000278,농협대학교,경기,사립,전문대학,174.5,0,383,162,221,92.8,219.5,1,0,Y,2026-08-15T09:17:42.571Z
2023,junior-college,0000285,대림대학교,경기,사립,전문대학,5720.5,0,6751,5227.5,1523.5,91.4,118,1,0,Y,2026-08-15T09:17:42.571Z
2023,junior-college,0000294,동남보건대학교,경기,사립,전문대학,4118,0,4561,3679.5,881.5,89.4,110.8,1,0,Y,2026-08-15T09:17:42.571Z
2023,junior-college,0000287,동서울대학교,경기,사립,전문대학,5551,0,5547.5,4837.5,710,87.1,99.9,1,0,Y,2026-08-15T09:17:42.571Z
2023,junior-college,0000298,동아방송예술대학교,경기,사립,전문대학,2469,0,2957.5,2218,739.5,89.8,119.8,1,0,Y,2026-08-15T09:17:42.571Z
2023,junior-college,0000302,동원대학교,경기,사립,전문대학,2989,0,2467.5,2132,335.5,71.3,82.6,1,0,Y,2026-08-15T09:17:42.571Z
2023,junior-college,0000305,두원공과대학교,경기,사립,전문대학,4164,0,2382,2143,239,51.5,57.2,1,0,Y,2026-08-15T09:17:42.571Z
2023,junior-college,0000316,부천대학교,경기,사립,전문대학,5256,0,7120,4880.5,2239.5,92.9,135.5,1,0,Y,2026-08-15T09:17:42.571Z
2023,junior-college,0000323,서울예술대학교,경기,사립,전문대학,1767.5,0,3079,1762,1317,99.7,174.2,1,0,Y,2026-08-15T09:17:42.571Z
2023,junior-college,0000392,서정대학교,경기,사립,전문대학,3125,0,6956.5,2972,3984.5,95.1,222.6,1,0,Y,2026-08-15T09:17:42.571Z
2023,junior-college,0000330,수원과학대학교,경기,사립,전문대학,4910,0,3644.5,3224,420.5,65.7,74.2,1,0,Y,2026-08-15T09:17:42.571Z
2023,junior-college,0000329,수원여자대학교,경기,사립,전문대학,3963.5,0,3680,3230,450,81.5,92.8,1,0,Y,2026-08-15T09:17:42.571Z
2023,junior-college,0000334,신구대학교,경기,사립,전문대학,6052.5,0,6017.5,5208.5,809,86.1,99.4,1,0,Y,2026-08-15T09:17:42.571Z
2023,junior-college,0000339,신안산대학교,경기,사립,전문대학,3067.5,0,2413.5,2085.5,328,68,78.7,1,0,Y,2026-08-15T09:17:42.571Z
2023,junior-college,0000340,안산대학교,경기,사립,전문대학,4004,0,4168.5,3343.5,825,83.5,104.1,1,0,Y,2026-08-15T09:17:42.571Z
2023,junior-college,0000343,여주대학교,경기,사립,전문대학,4322.5,0,3714,3118.5,595.5,72.1,85.9,1,0,Y,2026-08-15T09:17:42.571Z
2023,junior-college,0000341,연성대학교,경기,사립,전문대학,5525,0,5590,4949.5,640.5,89.6,101.2,1,0,Y,2026-08-15T09:17:42.571Z
2023,junior-college,0000350,오산대학교,경기,사립,전문대학,4172.5,0.5,3958.5,3401,557.5,81.5,94.9,1,0,Y,2026-08-15T09:17:42.571Z
2023,junior-college,0000559,용인예술과학대학교,경기,사립,전문대학,3415.5,159,2667.5,2359,308.5,72.4,81.9,1,0,Y,2026-08-15T09:17:42.571Z
2023,junior-college,0000394,웅지세무대학교,경기,사립,전문대학,1527,0,591.5,584.5,7,38.3,38.7,1,0,Y,2026-08-15T09:17:42.571Z
2023,junior-college,0000355,유한대학교,경기,사립,전문대학,4296.5,0,4436.5,4015,421.5,93.4,103.3,1,0,Y,2026-08-15T09:17:42.571Z
2023,junior-college,0000358,장안대학교,경기,사립,전문대학,4894.5,57.5,2715.5,2420,295.5,50,56.1,1,0,Y,2026-08-15T09:17:42.571Z
2023,junior-college,0000374,청강문화산업대학교,경기,사립,전문대학,3376,0,3681.5,3269.5,412,96.8,109,1,0,Y,2026-08-15T09:17:42.571Z
2023,junior-college,0000391,한국관광대학교,경기,사립,전문대학,1860,0,1292,1135.5,156.5,61,69.5,1,0,Y,2026-08-15T09:17:42.571Z
2023,junior-college,0000251,거제대학교,경남,사립,전문대학,1109.5,0,983.5,840,143.5,75.7,88.6,1,0,Y,2026-08-15T09:17:42.571Z
2023,junior-college,0000395,김해대학교,경남,사립,전문대학,1336.5,0,1410,1130,280,84.5,105.5,1,0,Y,2026-08-15T09:17:42.571Z
2023,junior-college,0000342,동원과학기술대학교,경남,사립,전문대학,1925,0,2238.5,1576,662.5,81.9,116.3,1,0,Y,2026-08-15T09:17:42.571Z
2023,junior-college,0000306,마산대학교,경남,사립,전문대학,5309.5,0,5068.5,4233.5,835,79.7,95.5,1,0,Y,2026-08-15T09:17:42.571Z
2023,junior-college,0000530,연암공과대학교,경남,사립,전문대학,1135.5,0,1211.5,1132.5,79,99.7,106.7,1,0,Y,2026-08-15T09:17:42.571Z
2023,junior-college,0000369,진주보건대학교,경남,사립,전문대학,2302,0,2495.5,1920.5,575,83.4,108.4,1,0,Y,2026-08-15T09:17:42.571Z
2023,junior-college,0000528,창원문성대학교,경남,사립,전문대학,1897,0,1399.5,1232,167.5,64.9,73.8,1,0,Y,2026-08-15T09:17:42.571Z
2023,junior-college,0000396,한국승강기대학교,경남,사립,전문대학,594,0,609,515,94,86.7,102.5,1,0,Y,2026-08-15T09:17:42.571Z
2023,junior-college,0000249,가톨릭상지대학교,경북,사립,전문대학,1694,0,1767,1285,482,75.9,104.3,1,0,Y,2026-08-15T09:17:42.571Z
2023,junior-college,0000293,경북과학대학교,경북,사립,전문대학,1685.5,0,1702,1384.5,317.5,82.1,101,1,0,Y,2026-08-15T09:17:42.571Z
2023,junior-college,0000523,경북보건대학교,경북,사립,전문대학,1194,9,1262,1051.5,210.5,88.7,106.5,1,0,Y,2026-08-15T09:17:42.571Z
2023,junior-college,0000258,경북전문대학교,경북,사립,전문대학,2293.5,46,2562.5,1795,767.5,79.9,114,1,0,Y,2026-08-15T09:17:42.571Z
2023,junior-college,0000268,구미대학교,경북,사립,전문대학,3623.5,0,5122.5,3130.5,1992,86.4,141.4,1,0,Y,2026-08-15T09:17:42.571Z
2023,junior-college,0000279,대경대학교,경북,사립,전문대학,3745,163,3525.5,2886,639.5,80.6,98.4,1,0,Y,2026-08-15T09:17:42.571Z
2023,junior-college,0000309,문경대학교,경북,사립,전문대학,831.5,0,784,691.5,92.5,83.2,94.3,1,0,Y,2026-08-15T09:17:42.571Z
2023,junior-college,0000262,서라벌대학교,경북,사립,전문대학,650,0,580.5,509.5,71,78.4,89.3,1,0,Y,2026-08-15T09:17:42.571Z
2023,junior-college,0000380,선린대학교,경북,사립,전문대학,2094,0,1977,1673,304,79.9,94.4,1,0,Y,2026-08-15T09:17:42.571Z
2023,junior-college,0000547,성운대학교,경북,사립,전문대학,1249,0,1473.5,1097,376.5,87.8,118,1,0,Y,2026-08-15T09:17:42.571Z
2023,junior-college,0000338,안동과학대학교,경북,사립,전문대학,2260,0,2111,1755,356,77.7,93.4,1,0,Y,2026-08-15T09:17:42.571Z
2023,junior-college,0000257,영남외국어대학,경북,사립,전문대학,761.5,0,387,345,42,45.3,50.8,1,0,Y,2026-08-15T09:17:42.571Z
2023,junior-college,0000381,포항대학교,경북,사립,전문대학,1736,0,1465,1283,182,73.9,84.4,1,0,Y,2026-08-15T09:17:42.571Z
2023,junior-college,0000522,호산대학교,경북,사립,전문대학,1832.5,68,1826,1446.5,379.5,82,103.5,1,0,Y,2026-08-15T09:17:42.571Z
2023,junior-college,0000267,광주보건대학교,광주,사립,전문대학,3233.5,0,3503,2796,707,86.5,108.3,1,0,Y,2026-08-15T09:17:42.571Z
2023,junior-college,0000273,기독간호대학교,광주,사립,전문대학,444,0,589,427.5,161.5,96.3,132.7,1,0,Y,2026-08-15T09:17:42.571Z
2023,junior-college,0000297,동강대학교,광주,사립,전문대학,2537,0,2349,1921.5,427.5,75.7,92.6,1,0,Y,2026-08-15T09:17:42.571Z
2023,junior-college,0000320,서영대학교,광주,사립,전문대학,4210.5,0,4728,3590.5,1137.5,85.3,112.3,1,0,Y,2026-08-15T09:17:42.571Z
2023,junior-college,0000366,조선간호대학교,광주,사립,전문대학,556,0,738.5,530,208.5,95.3,132.8,1,0,Y,2026-08-15T09:17:42.571Z
2023,junior-college,0000365,조선이공대학교,광주,사립,전문대학,2993.5,0,2832,2537.5,294.5,84.8,94.6,1,0,Y,2026-08-15T09:17:42.571Z
2023,junior-college,0000263,계명문화대학교,대구,사립,전문대학,4750.5,0,4375.5,3853.5,522,81.1,92.1,1,0,Y,2026-08-15T09:17:42.571Z
2023,junior-college,0000280,대구공업대학교,대구,사립,전문대학,1175.5,0,1366.5,1082.5,284,92.1,116.2,1,0,Y,2026-08-15T09:17:42.571Z
2023,junior-college,0000283,대구과학대학교,대구,사립,전문대학,3879,0,4105,3383.5,721.5,87.2,105.8,1,0,Y,2026-08-15T09:17:42.571Z
2023,junior-college,0000281,대구보건대학교,대구,사립,전문대학,6189,0,6474,5212,1262,84.2,104.6,1,0,Y,2026-08-15T09:17:42.571Z
2023,junior-college,0000282,수성대학교,대구,사립,전문대학,3003.5,0,3214,2654.5,559.5,88.4,107,1,0,Y,2026-08-15T09:17:42.571Z
2023,junior-college,0000346,영남이공대학교,대구,사립,전문대학,4942,0,5398,4237.5,1160.5,85.7,109.2,1,0,Y,2026-08-15T09:17:42.571Z
2023,junior-college,0000349,영진전문대학교,대구,사립,전문대학,5651,0,6803,5229,1574,92.5,120.4,1,0,Y,2026-08-15T09:17:42.571Z
2023,junior-college,0000376,대덕대학교,대전,사립,전문대학,2754.5,0,1856,1581.5,274.5,57.4,67.4,1,0,Y,2026-08-15T09:17:42.571Z
2023,junior-college,0000512,대전과학기술대학교,대전,사립,전문대학,4011.5,0,3802,2893.5,908.5,72.1,94.8,1,0,Y,2026-08-15T09:17:42.571Z
2023,junior-college,0000288,대전보건대학교,대전,사립,전문대학,5109.5,0,4521,3832,689,75,88.5,1,0,Y,2026-08-15T09:17:42.571Z
2023,junior-college,0000289,우송정보대학,대전,사립,전문대학,3885.5,0,3175.5,2863,312.5,73.7,81.7,1,0,Y,2026-08-15T09:17:42.571Z
2023,junior-college,0000253,경남정보대학교,부산,사립,전문대학,5120,0,5548.5,4160.5,1388,81.3,108.4,1,0,Y,2026-08-15T09:17:42.571Z
2023,junior-college,0000284,대동대학교,부산,사립,전문대학,1373,0,1415,1112,303,81,103.1,1,0,Y,2026-08-15T09:17:42.571Z
2023,junior-college,0000303,동의과학대학교,부산,사립,전문대학,3976.5,0,3814,2917.5,896.5,73.4,95.9,1,0,Y,2026-08-15T09:17:42.571Z
2023,junior-college,0000313,부산경상대학교,부산,사립,전문대학,2468,40,2184,1907.5,276.5,78.6,90,1,0,Y,2026-08-15T09:17:42.571Z
2023,junior-college,0000315,부산과학기술대학교,부산,사립,전문대학,2839.5,0,3059.5,2359,700.5,83.1,107.7,1,0,Y,2026-08-15T09:17:42.571Z
2023,junior-college,0000569,부산보건대학교,부산,사립,전문대학,2737.5,44,2403.5,2013,390.5,74.7,89.2,1,0,Y,2026-08-15T09:17:42.571Z
2023,junior-college,0000314,부산여자대학교,부산,사립,전문대학,2168,0,1965,1647.5,317.5,76,90.6,1,0,Y,2026-08-15T09:17:42.571Z
2023,junior-college,0000388,부산예술대학교,부산,사립,전문대학,900.5,0,599.5,567.5,32,63,66.6,1,0,Y,2026-08-15T09:17:42.571Z
2023,junior-college,0000300,동양미래대학교,서울,사립,전문대학,5096,0,5626.5,4534,1092.5,89,110.4,1,0,Y,2026-08-15T09:17:42.571Z
2023,junior-college,0000307,명지전문대학,서울,사립,전문대학,5635,0,6345.5,5063,1282.5,89.8,112.6,1,0,Y,2026-08-15T09:17:42.571Z
2023,junior-college,0000310,배화여자대학교,서울,사립,전문대학,2510,0,2662,2281,381,90.9,106.1,1,0,Y,2026-08-15T09:17:42.571Z
2023,junior-college,0000317,삼육보건대학교,서울,사립,전문대학,1054,0,1269,976.5,292.5,92.6,120.4,1,0,Y,2026-08-15T09:17:42.571Z
2023,junior-college,0000321,서울여자간호대학교,서울,사립,전문대학,672,0,864,589,275,87.6,128.6,1,0,Y,2026-08-15T09:17:42.571Z
2023,junior-college,0000324,서일대학교,서울,사립,전문대학,5610,0,5705,4767,938,85,101.7,1,0,Y,2026-08-15T09:17:42.571Z
2023,junior-college,0000333,숭의여자대학교,서울,사립,전문대학,3093.5,0,3003,2711.5,291.5,87.7,97.1,1,0,Y,2026-08-15T09:17:42.571Z
2023,junior-college,0000356,인덕대학교,서울,사립,전문대학,5535,0,5750.5,4941,809.5,89.3,103.9,1,0,Y,2026-08-15T09:17:42.571Z
2023,junior-college,0000384,한양여자대학교,서울,사립,전문대학,6235.5,0,6735,5860,875,94,108,1,0,Y,2026-08-15T09:17:42.571Z
2023,junior-college,0000353,한국영상대학교,세종,사립,전문대학,3117,0,2948.5,2596.5,352,83.3,94.6,1,0,Y,2026-08-15T09:17:42.571Z
2023,junior-college,0000352,울산과학대학교,울산,사립,전문대학,4512.5,0,5085.5,4080,1005.5,90.4,112.7,1,0,Y,2026-08-15T09:17:42.571Z
2023,junior-college,0000375,춘해보건대학교,울산,사립,전문대학,2158,0,2536.5,1879,657.5,87.1,117.5,1,0,Y,2026-08-15T09:17:42.571Z
2023,junior-college,0000261,경인여자대학교,인천,사립,전문대학,3886,0,3882,3053.5,828.5,78.6,99.9,1,0,Y,2026-08-15T09:17:42.571Z
2023,junior-college,0000292,인천재능대학교,인천,사립,전문대학,3116,0,2989.5,2553.5,436,81.9,95.9,1,0,Y,2026-08-15T09:17:42.571Z
2023,junior-college,0000357,인하공업전문대학,인천,사립,전문대학,5588.5,0,6616,5298.5,1317.5,94.8,118.4,1,0,Y,2026-08-15T09:17:42.571Z
2023,junior-college,0000272,고구려대학교,전남,사립,전문대학,1748,0,1218,1198,20,68.5,69.7,1,0,Y,2026-08-15T09:17:42.571Z
2023,junior-college,0000266,광양보건대학교,전남,사립,전문대학,1252,119.5,135.5,119.5,16,10.6,12,1,0,Y,2026-08-15T09:17:42.571Z
2023,junior-college,0000532,동아보건대학교,전남,사립,전문대학,1335.5,0,1108.5,976.5,132,73.1,83,1,0,Y,2026-08-15T09:17:42.571Z
2023,junior-college,0000308,목포과학대학교,전남,사립,전문대학,2292,0,2333,1971.5,361.5,86,101.8,1,0,Y,2026-08-15T09:17:42.571Z
2023,junior-college,0000331,순천제일대학교,전남,사립,전문대학,2399,0,2376,2015,361,84,99,1,0,Y,2026-08-15T09:17:42.571Z
2023,junior-college,0000360,전남과학대학교,전남,사립,전문대학,2877,0,3338.5,2324.5,1014,80.8,116,1,0,Y,2026-08-15T09:17:42.571Z
2023,junior-college,0000332,청암대학교,전남,사립,전문대학,2624,0,2227,1930.5,296.5,73.6,84.9,1,0,Y,2026-08-15T09:17:42.571Z
2023,junior-college,0000546,한영대학교,전남,사립,전문대학,1205.5,0,1387,1087.5,299.5,90.2,115.1,1,0,Y,2026-08-15T09:17:42.571Z
2023,junior-college,0000250,군산간호대학교,전북,사립,전문대학,884,0,1137.5,827,310.5,93.6,128.7,1,0,Y,2026-08-15T09:17:42.571Z
2023,junior-college,0000270,군장대학교,전북,사립,전문대학,1538,0,1600.5,1265.5,335,82.3,104.1,1,0,Y,2026-08-15T09:17:42.571Z
2023,junior-college,0000311,백제예술대학교,전북,사립,전문대학,1220,0,884,832,52,68.2,72.5,1,0,Y,2026-08-15T09:17:42.571Z
2023,junior-college,0000354,원광보건대학교,전북,사립,전문대학,3891,147,3913.5,3102,811.5,82.9,104.5,1,0,Y,2026-08-15T09:17:42.571Z
2023,junior-college,0000362,전북과학대학교,전북,사립,전문대학,1468.5,0,1603.5,1311,292.5,89.3,109.2,1,0,Y,2026-08-15T09:17:42.571Z
2023,junior-college,0000274,전주기전대학,전북,사립,전문대학,2053,0,1418.5,1267,151.5,61.7,69.1,1,0,Y,2026-08-15T09:17:42.571Z
2023,junior-college,0000361,전주비전대학교,전북,사립,전문대학,2581,0,3074.5,2156,918.5,83.5,119.1,1,0,Y,2026-08-15T09:17:42.571Z
2023,junior-college,0000363,제주관광대학교,제주,사립,전문대학,2274,69,1439,1320,119,59.9,65.3,1,0,Y,2026-08-15T09:17:42.571Z
2023,junior-college,0000382,제주한라대학교,제주,사립,전문대학,4594.5,0,4635,3404.5,1230.5,74.1,100.9,1,0,Y,2026-08-15T09:17:42.571Z
2023,junior-college,0000373,백석문화대학교,충남,사립,전문대학,4994.5,0,4330,3571,759,71.5,86.7,1,0,Y,2026-08-15T09:17:42.571Z
2023,junior-college,0000335,신성대학교,충남,사립,전문대학,3113.5,91,2721.5,2237,484.5,74,90,1,0,Y,2026-08-15T09:17:42.571Z
2023,junior-college,0000568,아주자동차대학교,충남,사립,전문대학,867,0,737,610.5,126.5,70.4,85,1,0,Y,2026-08-15T09:17:42.571Z
2023,junior-college,0000529,연암대학교,충남,사립,전문대학,966,0,1108.5,921,187.5,95.3,114.8,1,0,Y,2026-08-15T09:17:42.571Z
2023,junior-college,0000386,혜전대학교,충남,사립,전문대학,2630,0,2522.5,1954.5,568,74.3,95.9,1,0,Y,2026-08-15T09:17:42.571Z
2023,junior-college,0000271,강동대학교,충북,사립,전문대학,3413.5,0,2921.5,2468.5,453,72.3,85.6,1,0,Y,2026-08-15T09:17:42.571Z
2023,junior-college,0000286,대원대학교,충북,사립,전문대학,2239,0,1867.5,1646,221.5,73.5,83.4,1,0,Y,2026-08-15T09:17:42.571Z
2023,junior-college,0000367,충북보건과학대학교,충북,사립,전문대학,2483.5,0,2186,1839,347,74,88,1,0,Y,2026-08-15T09:17:42.571Z
2023,junior-college,0000377,충청대학교,충북,사립,전문대학,3511,0,3101.5,2610,491.5,74.3,88.3,1,0,Y,2026-08-15T09:17:42.571Z
2023,graduate,0000513,가톨릭관동대학교,강원,사립,대학원,684,0,480,456,24,66.7,70.2,4,4,Y,2026-08-15T09:17:42.571Z
2023,graduate,0000086,상지대학교,강원,사립,대학원,441,0,326,295,31,66.9,73.9,5,5,Y,2026-08-15T09:17:42.571Z
2023,graduate,0000147,한라대학교,강원,사립,대학원,43.5,0,30,30,0,69,69,1,1,Y,2026-08-15T09:17:42.571Z
2023,graduate,0000148,한림대학교,강원,사립,대학원,975,0,686,622,64,63.8,70.4,7,7,Y,2026-08-15T09:17:42.571Z
2023,graduate,0000044,가천대학교,경기,사립,대학원,1995,0,2830,1796,1034,90,141.9,9,9,Y,2026-08-15T09:17:42.571Z
2023,graduate,0000034,가톨릭대학교,경기,사립,대학원,2734,0,2621,2262,359,82.7,95.9,16,16,Y,2026-08-15T09:17:42.571Z
2023,graduate,0000036,강남대학교,경기,사립,대학원,604,0,382,379,3,62.7,63.2,4,4,Y,2026-08-15T09:17:42.571Z
2023,graduate,0000039,경기대학교,경기,사립,대학원,2371,0,2209,1924,285,81.1,93.2,10,10,Y,2026-08-15T09:17:42.571Z
2023,graduate,0000060,단국대학교,경기,사립,대학원,4502,0,4348,3661,687,81.3,96.6,13,13,Y,2026-08-15T09:17:42.571Z
2023,graduate,0000068,대진대학교,경기,사립,대학원,455,0,459,254,205,55.8,100.9,4,4,Y,2026-08-15T09:17:42.571Z
2023,graduate,0000078,루터대학교,경기,사립,대학원,65,0,54,54,0,83.1,83.1,1,1,Y,2026-08-15T09:17:42.571Z
2023,graduate,0000079,명지대학교,경기,사립,대학원,2514.5,0,2232,1869,363,74.3,88.8,9,9,Y,2026-08-15T09:17:42.571Z
2023,graduate,0000090,서울신학대학교,경기,사립,대학원,854,0,732,721,11,84.4,85.7,7,7,Y,2026-08-15T09:17:42.571Z
2023,graduate,0000092,서울장신대학교,경기,사립,대학원,342.5,0,317,309,8,90.2,92.6,7,7,Y,2026-08-15T09:17:42.571Z
2023,graduate,0000095,성결대학교,경기,사립,대학원,588,0,344,294,50,50,58.5,5,5,Y,2026-08-15T09:17:42.571Z
2023,graduate,0000101,수원가톨릭대학교,경기,사립,대학원,75,0,56,53,3,70.7,74.7,1,1,Y,2026-08-15T09:17:42.571Z
2023,graduate,0000102,수원대학교,경기,사립,대학원,1269.5,0,692,645,47,50.8,54.5,13,13,Y,2026-08-15T09:17:42.571Z
2023,graduate,0000509,신한대학교,경기,사립,대학원,288,0,418,268,150,93.1,145.1,2,2,Y,2026-08-15T09:17:42.571Z
2023,graduate,0000558,아신대학교,경기,사립,대학원,775,0,569,511,58,65.9,73.4,6,6,Y,2026-08-15T09:17:42.571Z
2023,graduate,0000108,아주대학교,경기,사립,대학원,3988.5,0,4017,3574,443,89.6,100.7,14,14,Y,2026-08-15T09:17:42.571Z
2023,graduate,0000109,안양대학교,경기,사립,대학원,812.5,0,566,446,120,54.9,69.7,7,7,Y,2026-08-15T09:17:42.571Z
2023,graduate,0000115,용인대학교,경기,사립,대학원,745.5,0,558,546,12,73.2,74.8,7,7,Y,2026-08-15T09:17:42.571Z
2023,graduate,0000120,을지대학교,경기,사립,대학원,276,0,289,272,17,98.6,104.7,3,3,Y,2026-08-15T09:17:42.571Z
2023,graduate,0000130,중앙승가대학교,경기,사립,대학원,90,0,68,68,0,75.6,75.6,1,1,Y,2026-08-15T09:17:42.571Z
2023,graduate,0000139,차의과학대학교,경기,사립,대학원,1161.5,0,1193,1154,39,99.4,102.7,9,9,Y,2026-08-15T09:17:42.571Z
2023,graduate,0000136,칼빈대학교,경기,사립,대학원,250,0,977,234,743,93.6,390.8,2,2,Y,2026-08-15T09:17:42.571Z
2023,graduate,0000138,평택대학교,경기,사립,대학원,641.5,17,392,372,20,59.6,62.8,6,6,Y,2026-08-15T09:17:42.571Z
2023,graduate,0000562,한국공학대학교,경기,사립,대학원,302,0,373,296,77,98,123.5,3,3,Y,2026-08-15T09:17:42.571Z
2023,graduate,0000144,한국항공대학교,경기,사립,대학원,591,0,602,512,90,86.6,101.9,2,2,Y,2026-08-15T09:17:42.571Z
2023,graduate,0000151,한세대학교,경기,사립,대학원,865,0,562,461,101,53.3,65,6,6,Y,2026-08-15T09:17:42.571Z
2023,graduate,0000152,한신대학교,경기,사립,대학원,535,0,383,379,4,70.8,71.6,6,6,Y,2026-08-15T09:17:42.571Z
2023,graduate,0000156,협성대학교,경기,사립,대학원,388,0,251,142,109,36.6,64.7,4,4,Y,2026-08-15T09:17:42.571Z
2023,graduate,0000032,가야대학교,경남,사립,대학원,191,0,89,77,12,40.3,46.6,4,4,Y,2026-08-15T09:17:42.571Z
2023,graduate,0000040,경남대학교,경남,사립,대학원,1358,0,1107,982,125,72.3,81.5,4,4,Y,2026-08-15T09:17:42.571Z
2023,graduate,0000167,부산장신대학교,경남,사립,대학원,265,0,182,182,0,68.7,68.7,5,5,Y,2026-08-15T09:17:42.571Z
2023,graduate,0000181,영산대학교,경남,사립,대학원,176,0,235,161,74,91.5,133.5,7,5,Y,2026-08-15T09:17:42.571Z
2023,graduate,0000122,인제대학교,경남,사립,대학원,1384,0,1152,1027,125,74.2,83.2,6,6,Y,2026-08-15T09:17:42.571Z
2023,graduate,0000193,창신대학교,경남,사립,대학원,270,0,277,259,18,95.9,102.6,3,3,Y,2026-08-15T09:17:42.571Z
2023,graduate,0000188,경운대학교,경북,사립,대학원,160,0,179,162,17,101.3,111.9,3,3,Y,2026-08-15T09:17:42.571Z
2023,graduate,0000045,경일대학교,경북,사립,대학원,172,0,314,124,190,72.1,182.6,2,2,Y,2026-08-15T09:17:42.571Z
2023,graduate,0000046,경주대학교,경북,사립,대학원,191.5,5,91,91,0,48.8,48.8,2,2,Y,2026-08-15T09:17:42.571Z
2023,graduate,0000185,김천대학교,경북,사립,대학원,108.5,0,137,61,76,56.2,126.3,3,3,Y,2026-08-15T09:17:42.571Z
2023,graduate,0000063,대구가톨릭대학교,경북,사립,대학원,1533,0,1378,1280,98,83.5,89.9,10,10,Y,2026-08-15T09:17:42.571Z
2023,graduate,0000061,대구대학교,경북,사립,대학원,1525,0,1435,1243,192,81.5,94.1,6,6,Y,2026-08-15T09:17:42.571Z
2023,graduate,0000042,대구한의대학교,경북,사립,대학원,338,0,349,324,25,95.9,103.3,3,3,Y,2026-08-15T09:17:42.571Z
2023,graduate,0000065,대신대학교,경북,사립,대학원,225,0,180,177,3,78.7,80,2,2,Y,2026-08-15T09:17:42.571Z
2023,graduate,0000076,동양대학교,경북,사립,대학원,290.5,0,213,202,11,69.5,73.3,3,3,Y,2026-08-15T09:17:42.571Z
2023,graduate,0000111,영남대학교,경북,사립,대학원,3177.5,0,2434,1918,516,60.4,76.6,8,8,Y,2026-08-15T09:17:42.571Z
2023,graduate,0000112,영남신학대학교,경북,사립,대학원,316,0,265,264,1,83.5,83.9,7,7,Y,2026-08-15T09:17:42.571Z
2023,graduate,0000119,위덕대학교,경북,사립,대학원,305.5,0,229,219,10,71.7,75,5,5,Y,2026-08-15T09:17:42.571Z
2023,graduate,0000140,포항공과대학교,경북,사립,대학원,2362,0,2066,1954,112,82.7,87.5,3,3,Y,2026-08-15T09:17:42.571Z
2023,graduate,0000146,한동대학교,경북,사립,대학원,482,0,413,389,24,80.7,85.7,7,7,Y,2026-08-15T09:17:42.571Z
2023,graduate,0000052,광신대학교,광주,사립,대학원,595,0,494,488,6,82,83,6,6,Y,2026-08-15T09:17:42.571Z
2023,graduate,0000176,광주대학교,광주,사립,대학원,400,0,408,371,37,92.8,102,3,3,Y,2026-08-15T09:17:42.571Z
2023,graduate,0000055,광주여자대학교,광주,사립,대학원,217.5,0,214,192,22,88.3,98.4,3,3,Y,2026-08-15T09:17:42.571Z
2023,graduate,0000162,남부대학교,광주,사립,대학원,350,0,382,352,30,100.6,109.1,3,3,Y,2026-08-15T09:17:42.571Z
2023,graduate,0000187,송원대학교,광주,사립,대학원,100,0,139,125,14,125,139,1,1,Y,2026-08-15T09:17:42.571Z
2023,graduate,0000127,조선대학교,광주,사립,대학원,2161,0,1293,1171,122,54.2,59.8,8,8,Y,2026-08-15T09:17:42.571Z
2023,graduate,0000157,호남대학교,광주,사립,대학원,617,0,896,499,397,80.9,145.2,3,3,Y,2026-08-15T09:17:42.571Z
2023,graduate,0000158,호남신학대학교,광주,사립,대학원,469,0,279,279,0,59.5,59.5,5,5,Y,2026-08-15T09:17:42.571Z
2023,graduate,0000048,계명대학교,대구,사립,대학원,2339,0,1958,1581,377,67.6,83.7,9,9,Y,2026-08-15T09:17:42.571Z
2023,graduate,0000038,건양대학교,대전,사립,대학원,591,0,592,528,64,89.3,100.2,6,6,Y,2026-08-15T09:17:42.571Z
2023,graduate,0000067,대전대학교,대전,사립,대학원,693,0,600,549,51,79.2,86.6,4,4,Y,2026-08-15T09:17:42.571Z
2023,graduate,0000182,대전신학대학교,대전,사립,대학원,170,0,94,94,0,55.3,55.3,2,2,Y,2026-08-15T09:17:42.571Z
2023,graduate,0000080,목원대학교,대전,사립,대학원,723,0,665,376,289,52,92,3,3,Y,2026-08-15T09:17:42.571Z
2023,graduate,0000081,배재대학교,대전,사립,대학원,543,0,559,346,213,63.7,102.9,3,3,Y,2026-08-15T09:17:42.571Z
2023,graduate,0000184,우송대학교,대전,사립,대학원,228,0,772,169,603,74.1,338.6,6,6,Y,2026-08-15T09:17:42.571Z
2023,graduate,0000551,한국침례신학대학교,대전,사립,대학원,825,0,692,686,6,83.2,83.9,5,5,Y,2026-08-15T09:17:42.571Z
2023,graduate,0000145,한남대학교,대전,사립,대학원,1065,0,1009,722,287,67.8,94.7,5,5,Y,2026-08-15T09:17:42.571Z
2023,graduate,0000043,경성대학교,부산,사립,대학원,861,0,608,369,239,42.9,70.6,3,3,Y,2026-08-15T09:17:42.571Z
2023,graduate,0000050,고신대학교,부산,사립,대학원,1072,0,785,752,33,70.1,73.2,7,7,Y,2026-08-15T09:17:42.571Z
2023,graduate,0000180,동명대학교,부산,사립,대학원,195,0,512,179,333,91.8,262.6,2,2,Y,2026-08-15T09:17:42.571Z
2023,graduate,0000073,동서대학교,부산,사립,대학원,280,0,358,140,218,50,127.9,3,3,Y,2026-08-15T09:17:42.571Z
2023,graduate,0000075,동아대학교,부산,사립,대학원,2355,0,1976,1606,370,68.2,83.9,7,7,Y,2026-08-15T09:17:42.571Z
2023,graduate,0000077,동의대학교,부산,사립,대학원,914,0,812,737,75,80.6,88.8,7,7,Y,2026-08-15T09:17:42.571Z
2023,graduate,0000082,부산가톨릭대학교,부산,사립,대학원,306,0,241,222,19,72.5,78.8,2,2,Y,2026-08-15T09:17:42.571Z
2023,graduate,0000083,부산외국어대학교,부산,사립,대학원,518.5,0,563,296,267,57.1,108.6,4,4,Y,2026-08-15T09:17:42.571Z
2023,graduate,0000106,신라대학교,부산,사립,대학원,654,0,727,488,239,74.6,111.2,6,6,Y,2026-08-15T09:17:42.571Z
2023,graduate,0000035,감리교신학대학교,서울,사립,대학원,662,0,598,595,3,89.9,90.3,3,3,Y,2026-08-15T09:17:42.571Z
2023,graduate,0000565,강서대학교,서울,사립,대학원,168.5,0,133,76,57,45.1,78.9,4,4,Y,2026-08-15T09:17:42.571Z
2023,graduate,0000037,건국대학교,서울,사립,대학원,5027.5,0,4751,4397,354,87.5,94.5,17,17,Y,2026-08-15T09:17:42.571Z
2023,graduate,0000047,경희대학교,서울,사립,대학원,6027,0,8574,5182,3392,86,142.3,15,15,Y,2026-08-15T09:17:42.571Z
2023,graduate,0000049,고려대학교,서울,사립,대학원,10940.5,0,10833,9670,1163,88.4,99,24,24,Y,2026-08-15T09:17:42.571Z
2023,graduate,0000053,광운대학교,서울,사립,대학원,1582.5,0,1361,1208,153,76.3,86,7,7,Y,2026-08-15T09:17:42.571Z
2023,graduate,0000056,국민대학교,서울,사립,대학원,2991.5,0,3521,2648,873,88.5,117.7,15,15,Y,2026-08-15T09:17:42.571Z
2023,graduate,0000070,덕성여자대학교,서울,사립,대학원,431.5,0,353,293,60,67.9,81.8,3,3,Y,2026-08-15T09:17:42.571Z
2023,graduate,0000071,동국대학교,서울,사립,대학원,4308,0,4584,3458,1126,80.3,106.4,17,17,Y,2026-08-15T09:17:42.571Z
2023,graduate,0000072,동덕여자대학교,서울,사립,대학원,497.5,0,261,257,4,51.7,52.5,4,4,Y,2026-08-15T09:17:42.571Z
2023,graduate,0000131,백석대학교,서울,사립,대학원,2220,0,2399,2225,174,100.2,108.1,8,8,Y,2026-08-15T09:17:42.571Z
2023,graduate,0000084,삼육대학교,서울,사립,대학원,497.5,0,783,419,364,84.2,157.4,4,4,Y,2026-08-15T09:17:42.571Z
2023,graduate,0000085,상명대학교,서울,사립,대학원,1198,0,1243,924,319,77.1,103.8,6,6,Y,2026-08-15T09:17:42.571Z
2023,graduate,0000087,서강대학교,서울,사립,대학원,4046,0,3611,3021,590,74.7,89.2,12,12,Y,2026-08-15T09:17:42.571Z
2023,graduate,0000088,서경대학교,서울,사립,대학원,374,0,518,391,127,104.5,138.5,4,4,Y,2026-08-15T09:17:42.571Z
2023,graduate,0000069,서울기독대학교,서울,사립,대학원,275,0,142,118,24,42.9,51.6,6,6,Y,2026-08-15T09:17:42.571Z
2023,graduate,0000091,서울여자대학교,서울,사립,대학원,629.5,0,246,242,4,38.4,39.1,3,3,Y,2026-08-15T09:17:42.571Z
2023,graduate,0000539,서울한영대학교,서울,사립,대학원,200,0,281,148,133,74,140.5,3,3,Y,2026-08-15T09:17:42.571Z
2023,graduate,0000096,성공회대학교,서울,사립,대학원,465,0,264,250,14,53.8,56.8,7,7,Y,2026-08-15T09:17:42.571Z
2023,graduate,0000097,성균관대학교,서울,사립,대학원,7666.5,0,8451,6499,1952,84.8,110.2,17,17,Y,2026-08-15T09:17:42.571Z
2023,graduate,0000098,성신여자대학교,서울,사립,대학원,1120,0,817,719,98,64.2,72.9,6,6,Y,2026-08-15T09:17:42.571Z
2023,graduate,0000100,세종대학교,서울,사립,대학원,2785,0,3080,2000,1080,71.8,110.6,7,7,Y,2026-08-15T09:17:42.571Z
2023,graduate,0000103,숙명여자대학교,서울,사립,대학원,3120.5,0,2362,2213,149,70.9,75.7,10,10,Y,2026-08-15T09:17:42.571Z
2023,graduate,0000105,숭실대학교,서울,사립,대학원,2333,0,2866,2122,744,91,122.8,8,8,Y,2026-08-15T09:17:42.571Z
2023,graduate,0000110,연세대학교,서울,사립,대학원,11147.5,0,13183,11022,2161,98.9,118.3,20,20,Y,2026-08-15T09:17:42.571Z
2023,graduate,0000121,이화여자대학교,서울,사립,대학원,6472,0,5907,5326,581,82.3,91.3,15,15,Y,2026-08-15T09:17:42.571Z
2023,graduate,0000125,장로회신학대학교,서울,사립,대학원,1537.5,0,1438,1413,25,91.9,93.5,6,6,Y,2026-08-15T09:17:42.571Z
2023,graduate,0000129,중앙대학교,서울,사립,대학원,5643,0,5884,4759,1125,84.3,104.3,18,18,Y,2026-08-15T09:17:42.571Z
2023,graduate,0000133,총신대학교,서울,사립,대학원,1815.5,0,1812,1623,189,89.4,99.8,9,9,Y,2026-08-15T09:17:42.571Z
2023,graduate,0000134,추계예술대학교,서울,사립,대학원,220,0,257,91,166,41.4,116.8,3,3,Y,2026-08-15T09:17:42.571Z
2023,graduate,0000142,한국성서대학교,서울,사립,대학원,208,0,164,153,11,73.6,78.8,4,4,Y,2026-08-15T09:17:42.571Z
2023,graduate,0000143,한국외국어대학교,서울,사립,대학원,3105,0,2488,2213,275,71.3,80.1,9,9,Y,2026-08-15T09:17:42.571Z
2023,graduate,0000150,한성대학교,서울,사립,대학원,891,0,926,566,360,63.5,103.9,8,8,Y,2026-08-15T09:17:42.571Z
2023,graduate,0000153,한양대학교,서울,사립,대학원,9137,0,9950,7628,2322,83.5,108.9,19,19,Y,2026-08-15T09:17:42.571Z
2023,graduate,0000160,홍익대학교,서울,사립,대학원,3660.5,0,4083,3509,574,95.9,111.5,15,15,Y,2026-08-15T09:17:42.571Z
2023,graduate,0000066,대전가톨릭대학교,세종,사립,대학원,90,0,22,22,0,24.4,24.4,1,1,Y,2026-08-15T09:17:42.571Z
2023,graduate,0000117,울산대학교,울산,사립,대학원,2081.5,0,1794,1647,147,79.1,86.2,5,5,Y,2026-08-15T09:17:42.571Z
2023,graduate,0000123,인천가톨릭대학교,인천,사립,대학원,200,0,72,72,0,36,36,2,2,Y,2026-08-15T09:17:42.571Z
2023,graduate,0000124,인하대학교,인천,사립,대학원,3396,0,3294,2980,314,87.8,97,10,10,Y,2026-08-15T09:17:42.571Z
2023,graduate,0000054,광주가톨릭대학교,전남,사립,대학원,60,0,37,37,0,61.7,61.7,1,1,Y,2026-08-15T09:17:42.571Z
2023,graduate,0000074,동신대학교,전남,사립,대학원,502.5,0,790,473,317,94.1,157.2,3,3,Y,2026-08-15T09:17:42.571Z
2023,graduate,0000064,세한대학교,전남,사립,대학원,70,0,569,46,523,65.7,812.9,1,1,Y,2026-08-15T09:17:42.571Z
2023,graduate,0000190,초당대학교,전남,사립,대학원,100,0,322,87,235,87,322,2,2,Y,2026-08-15T09:17:42.571Z
2023,graduate,0000173,예수대학교,전북,사립,대학원,20,0,10,10,0,50,50,1,1,Y,2026-08-15T09:17:42.571Z
2023,graduate,0000164,예원예술대학교,전북,사립,대학원,170,0,198,67,131,39.4,116.5,3,3,Y,2026-08-15T09:17:42.571Z
2023,graduate,0000116,우석대학교,전북,사립,대학원,586.5,0,959,525,434,89.5,163.5,4,4,Y,2026-08-15T09:17:42.571Z
2023,graduate,0000118,원광대학교,전북,사립,대학원,1584.5,24,1181,1091,90,69.9,75.7,6,6,Y,2026-08-15T09:17:42.571Z
2023,graduate,0000126,전주대학교,전북,사립,대학원,890,0,878,638,240,71.7,98.7,7,7,Y,2026-08-15T09:17:42.571Z
2023,graduate,0000155,한일장신대학교,전북,사립,대학원,321,0,196,196,0,61.1,61.1,7,7,Y,2026-08-15T09:17:42.571Z
2023,graduate,0000192,제주국제대학교,제주,사립,대학원,336,0,186,179,7,53.3,55.4,4,4,Y,2026-08-15T09:17:42.571Z
2023,graduate,0000169,금강대학교,충남,사립,대학원,32.5,0,15,15,0,46.2,46.2,1,1,Y,2026-08-15T09:17:42.571Z
2023,graduate,0000059,나사렛대학교,충남,사립,대학원,233,0,199,190,9,81.5,85.4,4,4,Y,2026-08-15T09:17:42.571Z
2023,graduate,0000189,남서울대학교,충남,사립,대학원,390,0,678,307,371,78.7,173.8,3,3,Y,2026-08-15T09:17:42.571Z
2023,graduate,0000094,선문대학교,충남,사립,대학원,657.5,0,399,396,3,60.2,60.7,3,3,Y,2026-08-15T09:17:42.571Z
2023,graduate,0000104,순천향대학교,충남,사립,대학원,1185,0,1149,977,172,82.4,97,6,6,Y,2026-08-15T09:17:42.571Z
2023,graduate,0000128,중부대학교,충남,사립,대학원,1215,0,1787,1190,597,97.9,147.1,4,4,Y,2026-08-15T09:17:42.571Z
2023,graduate,0000225,청운대학교,충남,사립,대학원,120,0,320,105,215,87.5,266.7,1,1,Y,2026-08-15T09:17:42.571Z
2023,graduate,0000141,한국기술교육대학교,충남,사립,대학원,495,0,570,380,190,76.8,115.2,3,3,Y,2026-08-15T09:17:42.571Z
2023,graduate,0000149,한서대학교,충남,사립,대학원,403,0,514,310,204,76.9,127.5,5,5,Y,2026-08-15T09:17:42.571Z
2023,graduate,0000159,호서대학교,충남,사립,대학원,1304.5,0,1434,1038,396,79.6,109.9,10,10,Y,2026-08-15T09:17:42.571Z
2023,graduate,0000557,가톨릭꽃동네대학교,충북,사립,대학원,100,0,57,57,0,57,57,2,2,Y,2026-08-15T09:17:42.571Z
2023,graduate,0000058,극동대학교,충북,사립,대학원,281.5,0,218,169,49,60,77.4,3,3,Y,2026-08-15T09:17:42.571Z
2023,graduate,0000093,서원대학교,충북,사립,대학원,214.5,0,162,136,26,63.4,75.5,3,3,Y,2026-08-15T09:17:42.571Z
2023,graduate,0000099,세명대학교,충북,사립,대학원,289.5,0,415,254,161,87.7,143.4,3,3,Y,2026-08-15T09:17:42.571Z
2023,graduate,0000113,유원대학교,충북,사립,대학원,60,10,70,68,2,136,140,1,1,Y,2026-08-15T09:17:42.571Z
2023,graduate,0000183,중원대학교,충북,사립,대학원,147,0,251,133,118,90.5,170.7,3,3,Y,2026-08-15T09:17:42.571Z
2023,graduate,0000132,청주대학교,충북,사립,대학원,565.5,0,793,409,384,72.3,140.2,5,5,Y,2026-08-15T09:17:42.571Z
2023,combined,0000513,가톨릭관동대학교,강원,사립,대학,8652.5,0,6666,6148.5,517.5,71.1,77,1,4,Y,2026-08-15T09:17:42.571Z
2023,combined,0000041,경동대학교,강원,사립,대학,6743,0,6940.5,5897.5,1043,87.5,102.9,4,0,Y,2026-08-15T09:17:42.571Z
2023,combined,0000086,상지대학교,강원,사립,대학,8921.5,0,6436.5,5927,509.5,66.4,72.1,1,5,Y,2026-08-15T09:17:42.571Z
2023,combined,0000147,한라대학교,강원,사립,대학,3598.5,0,3007,2737.5,269.5,76.1,83.6,1,1,Y,2026-08-15T09:17:42.571Z
2023,combined,0000148,한림대학교,강원,사립,대학,8121,0,8067,7370,697,90.8,99.3,1,7,Y,2026-08-15T09:17:42.571Z
2023,combined,0000044,가천대학교,경기,사립,대학,17938.5,0,22426,17276.5,5149.5,96.3,125,1,9,Y,2026-08-15T09:17:42.571Z
2023,combined,0000034,가톨릭대학교,경기,사립,대학,10008,0,10545,9044.5,1500.5,90.4,105.4,3,16,Y,2026-08-15T09:17:42.571Z
2023,combined,0000036,강남대학교,경기,사립,대학,6568,0,6587.5,6092.5,495,92.8,100.3,1,4,Y,2026-08-15T09:17:42.571Z
2023,combined,0000039,경기대학교,경기,사립,대학,14130,1,15591.5,13245.5,2346,93.7,110.4,2,10,Y,2026-08-15T09:17:42.571Z
2023,combined,0000060,단국대학교,경기,사립,대학,23329.5,0,25818,22359,3459,95.8,110.7,2,13,Y,2026-08-15T09:17:42.571Z
2023,combined,0000068,대진대학교,경기,사립,대학,7582,0,7457,6651.5,805.5,87.7,98.4,1,4,Y,2026-08-15T09:17:42.571Z
2023,combined,0000078,루터대학교,경기,사립,대학,405,0,370,361.5,8.5,89.3,91.4,1,1,Y,2026-08-15T09:17:42.571Z
2023,combined,0000079,명지대학교,경기,사립,대학,13182,0,15498,12045,3453,91.4,117.6,2,9,Y,2026-08-15T09:17:42.571Z
2023,combined,0000090,서울신학대학교,경기,사립,대학,2749.5,0,2662.5,2525,137.5,91.8,96.8,1,7,Y,2026-08-15T09:17:42.571Z
2023,combined,0000092,서울장신대학교,경기,사립,대학,781,0,612.5,590.5,22,75.6,78.4,1,7,Y,2026-08-15T09:17:42.571Z
2023,combined,0000095,성결대학교,경기,사립,대학,5500,0,5515.5,5118,397.5,93.1,100.3,1,5,Y,2026-08-15T09:17:42.571Z
2023,combined,0000101,수원가톨릭대학교,경기,사립,대학,435,0,176.5,167,9.5,38.4,40.6,1,1,Y,2026-08-15T09:17:42.571Z
2023,combined,0000102,수원대학교,경기,사립,대학,9888.5,0,8968.5,8325.5,643,84.2,90.7,1,13,Y,2026-08-15T09:17:42.571Z
2023,combined,0000509,신한대학교,경기,사립,대학,6028,0,6408.5,5496,912.5,91.2,106.3,2,2,Y,2026-08-15T09:17:42.571Z
2023,combined,0000558,아신대학교,경기,사립,대학,1439,0,924.5,855.5,69,59.5,64.2,1,6,Y,2026-08-15T09:17:42.571Z
2023,combined,0000108,아주대학교,경기,사립,대학,11682,0,13436.5,11334.5,2102,97,115,1,14,Y,2026-08-15T09:17:42.571Z
2023,combined,0000109,안양대학교,경기,사립,대학,5391.5,0,5071.5,4645.5,426,86.2,94.1,2,7,Y,2026-08-15T09:17:42.571Z
2023,combined,0000115,용인대학교,경기,사립,대학,6005,32,5871,5437,434,91,98.3,1,7,Y,2026-08-15T09:17:42.571Z
2023,combined,0000130,중앙승가대학교,경기,사립,대학,570,0,153,153,0,26.8,26.8,1,1,Y,2026-08-15T09:17:42.571Z
2023,combined,0000139,차의과학대학교,경기,사립,대학,3177.5,0,3356,3113.5,242.5,98,105.6,1,9,Y,2026-08-15T09:17:42.571Z
2023,combined,0000136,칼빈대학교,경기,사립,대학,610,0,1512,521,991,85.4,247.9,1,2,Y,2026-08-15T09:17:42.571Z
2023,combined,0000138,평택대학교,경기,사립,대학,3936.5,42,3495.5,3142.5,353,80.7,89.8,1,6,Y,2026-08-15T09:17:42.571Z
2023,combined,0000562,한국공학대학교,경기,사립,대학,5822,0,7291.5,5805,1486.5,99.7,125.2,1,3,Y,2026-08-15T09:17:42.571Z
2023,combined,0000144,한국항공대학교,경기,사립,대학,4045,0,4497.5,3894,603.5,96.3,111.2,1,2,Y,2026-08-15T09:17:42.571Z
2023,combined,0000151,한세대학교,경기,사립,대학,3129,0,2998,2691,307,86,95.8,1,6,Y,2026-08-15T09:17:42.571Z
2023,combined,0000152,한신대학교,경기,사립,대학,5214,0,5569.5,4983.5,586,95.6,106.8,1,6,Y,2026-08-15T09:17:42.571Z
2023,combined,0000156,협성대학교,경기,사립,대학,4404,0,4106,3737.5,368.5,84.9,93.2,1,4,Y,2026-08-15T09:17:42.571Z
2023,combined,0000567,화성의과학대학교,경기,사립,대학,984,19.5,371.5,349,22.5,36.2,38.5,1,0,Y,2026-08-15T09:17:42.571Z
2023,combined,0000032,가야대학교,경남,사립,대학,2283.5,0,1817.5,1657.5,160,72.6,79.6,2,4,Y,2026-08-15T09:17:42.571Z
2023,combined,0000040,경남대학교,경남,사립,대학,11630.5,0,10615.5,9750.5,865,83.8,91.3,1,4,Y,2026-08-15T09:17:42.571Z
2023,combined,0000167,부산장신대학교,경남,사립,대학,427.5,0,313.5,313,0.5,73.2,73.3,1,5,Y,2026-08-15T09:17:42.571Z
2023,combined,0000181,영산대학교,경남,사립,대학,176,0,235,161,74,91.5,133.5,2,5,Y,2026-08-15T09:17:42.571Z
2023,combined,0000122,인제대학교,경남,사립,대학,9653,0,8734.5,7824.5,910,81.1,90.5,2,6,Y,2026-08-15T09:17:42.571Z
2023,combined,0000193,창신대학교,경남,사립,대학,1982.5,0,1913,1778.5,134.5,89.7,96.5,1,3,Y,2026-08-15T09:17:42.571Z
2023,combined,0000174,한국국제대학교,경남,사립,대학,0,0,0,0,0,,,1,0,N,2026-08-15T09:17:42.571Z
2023,combined,0000188,경운대학교,경북,사립,대학,4896,0,4324.5,4112.5,212,84,88.3,1,3,Y,2026-08-15T09:17:42.571Z
2023,combined,0000045,경일대학교,경북,사립,대학,6511.5,0,6946.5,6003.5,943,92.2,106.7,1,2,Y,2026-08-15T09:17:42.571Z
2023,combined,0000046,경주대학교,경북,사립,대학,3221,102.5,763,657.5,105.5,21.1,24.5,1,2,Y,2026-08-15T09:17:42.571Z
2023,combined,0000185,김천대학교,경북,사립,대학,2884,0,2448,2105.5,342.5,73,84.9,1,3,Y,2026-08-15T09:17:42.571Z
2023,combined,0000063,대구가톨릭대학교,경북,사립,대학,13056.5,0,12196,11311,885,86.6,93.4,1,10,Y,2026-08-15T09:17:42.571Z
2023,combined,0000061,대구대학교,경북,사립,대학,17433.5,0,16913.5,14646.5,2267,84,97,1,6,Y,2026-08-15T09:17:42.571Z
2023,combined,0000062,대구예술대학교,경북,사립,대학,1527,8.5,494,486,8,32,32.5,1,0,Y,2026-08-15T09:17:42.571Z
2023,combined,0000042,대구한의대학교,경북,사립,대학,6611,0,6429,5688.5,740.5,86,97.2,1,3,Y,2026-08-15T09:17:42.571Z
2023,combined,0000065,대신대학교,경북,사립,대학,689,0,610,600,10,87.1,88.5,1,2,Y,2026-08-15T09:17:42.571Z
2023,combined,0000076,동양대학교,경북,사립,대학,4277.5,0,3901,3643.5,257.5,85.2,91.2,2,3,Y,2026-08-15T09:17:42.571Z
2023,combined,0000111,영남대학교,경북,사립,대학,21801,0,22187.5,19712.5,2475,90.4,101.8,1,8,Y,2026-08-15T09:17:42.571Z
2023,combined,0000112,영남신학대학교,경북,사립,대학,776,0,602,583,19,75.1,77.6,1,7,Y,2026-08-15T09:17:42.571Z
2023,combined,0000119,위덕대학교,경북,사립,대학,3310,0,2599,2484,115,75,78.5,1,5,Y,2026-08-15T09:17:42.571Z
2023,combined,0000140,포항공과대학교,경북,사립,대학,3662,0,3368.5,3195.5,173,87.3,92,1,3,Y,2026-08-15T09:17:42.571Z
2023,combined,0000146,한동대학교,경북,사립,대학,3398,0,4208.5,3678,530.5,108.2,123.9,1,7,Y,2026-08-15T09:17:42.571Z
2023,combined,0000052,광신대학교,광주,사립,대학,1083,0,934,913.5,20.5,84.3,86.2,1,6,Y,2026-08-15T09:17:42.571Z
2023,combined,0000176,광주대학교,광주,사립,대학,6681.5,0,6257.5,5755.5,502,86.1,93.7,1,3,Y,2026-08-15T09:17:42.571Z
2023,combined,0000055,광주여자대학교,광주,사립,대학,3848.5,0,3716.5,3332.5,384,86.6,96.6,1,3,Y,2026-08-15T09:17:42.571Z
2023,combined,0000162,남부대학교,광주,사립,대학,3028,0,3227,2728.5,498.5,90.1,106.6,1,3,Y,2026-08-15T09:17:42.571Z
2023,combined,0000187,송원대학교,광주,사립,대학,2972.5,0,3021.5,2621.5,400,88.2,101.6,1,1,Y,2026-08-15T09:17:42.571Z
2023,combined,0000127,조선대학교,광주,사립,대학,20179.5,0,19144.5,17413,1731.5,86.3,94.9,1,8,Y,2026-08-15T09:17:42.571Z
2023,combined,0000157,호남대학교,광주,사립,대학,6835,0,7529,6093.5,1435.5,89.2,110.2,1,3,Y,2026-08-15T09:17:42.571Z
2023,combined,0000158,호남신학대학교,광주,사립,대학,993,0,721.5,718,3.5,72.3,72.7,1,5,Y,2026-08-15T09:17:42.571Z
2023,combined,0000048,계명대학교,대구,사립,대학,21038.5,0,22131.5,19460,2671.5,92.5,105.2,1,9,Y,2026-08-15T09:17:42.571Z
2023,combined,0000067,대전대학교,대전,사립,대학,8856.5,0,8816.5,8063.5,753,91,99.5,1,4,Y,2026-08-15T09:17:42.571Z
2023,combined,0000182,대전신학대학교,대전,사립,대학,312,0,139,139,0,44.6,44.6,1,2,Y,2026-08-15T09:17:42.571Z
2023,combined,0000080,목원대학교,대전,사립,대학,8100.5,0,7431,6726,705,83,91.7,1,3,Y,2026-08-15T09:17:42.571Z
2023,combined,0000081,배재대학교,대전,사립,대학,8649,0,7916,7236,680,83.7,91.5,1,3,Y,2026-08-15T09:17:42.571Z
2023,combined,0000184,우송대학교,대전,사립,대학,8244,0,9835,7380.5,2454.5,89.5,119.3,1,6,Y,2026-08-15T09:17:42.571Z
2023,combined,0000120,을지대학교,대전,사립,대학,4547,0,4784.5,4367,417.5,96,105.2,3,3,Y,2026-08-15T09:17:42.571Z
2023,combined,0000551,한국침례신학대학교,대전,사립,대학,2066,0,1536,1506,30,72.9,74.3,1,5,Y,2026-08-15T09:17:42.571Z
2023,combined,0000145,한남대학교,대전,사립,대학,11938,0,12006.5,10804.5,1202,90.5,100.6,1,5,Y,2026-08-15T09:17:42.571Z
2023,combined,0000043,경성대학교,부산,사립,대학,12033.5,0,12109,10353.5,1755.5,86,100.6,1,3,Y,2026-08-15T09:17:42.571Z
2023,combined,0000050,고신대학교,부산,사립,대학,4755.5,0,4016.5,3838.5,178,80.7,84.5,1,7,Y,2026-08-15T09:17:42.571Z
2023,combined,0000180,동명대학교,부산,사립,대학,7187,0,7356,6033,1323,83.9,102.4,1,2,Y,2026-08-15T09:17:42.571Z
2023,combined,0000073,동서대학교,부산,사립,대학,9368.5,0,9203.5,8072.5,1131,86.2,98.2,1,3,Y,2026-08-15T09:17:42.571Z
2023,combined,0000075,동아대학교,부산,사립,대학,18737.5,0,19414.5,17426.5,1988,93,103.6,1,7,Y,2026-08-15T09:17:42.571Z
2023,combined,0000077,동의대학교,부산,사립,대학,15435,0,14860,13593.5,1266.5,88.1,96.3,1,7,Y,2026-08-15T09:17:42.571Z
2023,combined,0000082,부산가톨릭대학교,부산,사립,대학,3684.5,0,3792,3283.5,508.5,89.1,102.9,1,2,Y,2026-08-15T09:17:42.571Z
2023,combined,0000083,부산외국어대학교,부산,사립,대학,7446,0,7093.5,6030.5,1063,81,95.3,1,4,Y,2026-08-15T09:17:42.571Z
2023,combined,0000106,신라대학교,부산,사립,대학,8774,0,7492,6596.5,895.5,75.2,85.4,1,6,Y,2026-08-15T09:17:42.571Z
2023,combined,0000035,감리교신학대학교,서울,사립,대학,1439,0,1198.5,1173.5,25,81.5,83.3,1,3,Y,2026-08-15T09:17:42.571Z
2023,combined,0000565,강서대학교,서울,사립,대학,1276.5,0,1651,1110,541,87,129.3,1,4,Y,2026-08-15T09:17:42.571Z
2023,combined,0000037,건국대학교,서울,사립,대학,23391.5,0,26291,22678,3613,96.9,112.4,2,17,Y,2026-08-15T09:17:42.571Z
2023,combined,0000047,경희대학교,서울,사립,대학,25815,0,33455,24407,9048,94.5,129.6,1,15,Y,2026-08-15T09:17:42.571Z
2023,combined,0000049,고려대학교,서울,사립,대학,32270.5,0,36295,30565.5,5729.5,94.7,112.5,2,24,Y,2026-08-15T09:17:42.571Z
2023,combined,0000053,광운대학교,서울,사립,대학,8349.5,0,9568.5,7664,1904.5,91.8,114.6,1,7,Y,2026-08-15T09:17:42.571Z
2023,combined,0000056,국민대학교,서울,사립,대학,14654,0,17807,14119,3688,96.3,121.5,1,15,Y,2026-08-15T09:17:42.571Z
2023,combined,0000070,덕성여자대학교,서울,사립,대학,4972,0,5570.5,4989.5,581,100.4,112,1,3,Y,2026-08-15T09:17:42.571Z
2023,combined,0000071,동국대학교,서울,사립,대학,22520.5,0,24081,20013,4068,88.9,106.9,2,17,Y,2026-08-15T09:17:42.571Z
2023,combined,0000072,동덕여자대학교,서울,사립,대학,6730.5,0,6956.5,6145,811.5,91.3,103.4,1,4,Y,2026-08-15T09:17:42.571Z
2023,combined,0000084,삼육대학교,서울,사립,대학,5121,0,6037.5,5034,1003.5,98.3,117.9,1,4,Y,2026-08-15T09:17:42.571Z
2023,combined,0000085,상명대학교,서울,사립,대학,11973.5,0,12686.5,10793.5,1893,90.1,106,2,6,Y,2026-08-15T09:17:42.571Z
2023,combined,0000087,서강대학교,서울,사립,대학,10356,0,11274,9034,2240,87.2,108.9,1,12,Y,2026-08-15T09:17:42.571Z
2023,combined,0000088,서경대학교,서울,사립,대학,5470,0,6860,5295,1565,96.8,125.4,1,4,Y,2026-08-15T09:17:42.571Z
2023,combined,0000069,서울기독대학교,서울,사립,대학,819,3.5,534.5,498,36.5,61.1,65.5,1,6,Y,2026-08-15T09:17:42.571Z
2023,combined,0000091,서울여자대학교,서울,사립,대학,7129.5,0,6864.5,6241,623.5,87.5,96.3,1,3,Y,2026-08-15T09:17:42.571Z
2023,combined,0000539,서울한영대학교,서울,사립,대학,920,0,885,697.5,187.5,75.8,96.2,1,3,Y,2026-08-15T09:17:42.571Z
2023,combined,0000096,성공회대학교,서울,사립,대학,2473,0,2150,2029.5,120.5,82.1,86.9,1,7,Y,2026-08-15T09:17:42.571Z
2023,combined,0000097,성균관대학교,서울,사립,대학,21210,0,26857.5,19940.5,6917,94,126.6,1,17,Y,2026-08-15T09:17:42.571Z
2023,combined,0000098,성신여자대학교,서울,사립,대학,9811.5,0,9589,8677.5,911.5,88.4,97.7,1,6,Y,2026-08-15T09:17:42.571Z
2023,combined,0000100,세종대학교,서울,사립,대학,12301,0,14865.5,11423,3442.5,92.9,120.8,1,7,Y,2026-08-15T09:17:42.571Z
2023,combined,0000103,숙명여자대학교,서울,사립,대학,11835.5,0,12219,10663,1556,90.1,103.2,1,10,Y,2026-08-15T09:17:42.571Z
2023,combined,0000105,숭실대학교,서울,사립,대학,13125.5,1,16622,12771,3851,97.3,126.6,1,8,Y,2026-08-15T09:17:42.571Z
2023,combined,0000110,연세대학교,서울,사립,대학,31018,0,39146.5,31267,7879.5,100.8,126.2,2,20,Y,2026-08-15T09:17:42.571Z
2023,combined,0000121,이화여자대학교,서울,사립,대학,19229,0,20890,18133.5,2756.5,94.3,108.6,1,15,Y,2026-08-15T09:17:42.571Z
2023,combined,0000125,장로회신학대학교,서울,사립,대학,2137.5,0,2036.5,1984.5,52,92.8,95.3,1,6,Y,2026-08-15T09:17:42.571Z
2023,combined,0000129,중앙대학교,서울,사립,대학,23714,0,28641.5,22464,6177.5,94.7,120.8,2,18,Y,2026-08-15T09:17:42.571Z
2023,combined,0000133,총신대학교,서울,사립,대학,3097,0,3176,2860,316,92.3,102.6,1,9,Y,2026-08-15T09:17:42.571Z
2023,combined,0000134,추계예술대학교,서울,사립,대학,1248.5,0,1340,1102,238,88.3,107.3,1,3,Y,2026-08-15T09:17:42.571Z
2023,combined,0000142,한국성서대학교,서울,사립,대학,1100,0,1122.5,1028,94.5,93.5,102,1,4,Y,2026-08-15T09:17:42.571Z
2023,combined,0000143,한국외국어대학교,서울,사립,대학,16613,0,18230,15272.5,2957.5,91.9,109.7,1,9,Y,2026-08-15T09:17:42.571Z
2023,combined,0000150,한성대학교,서울,사립,대학,6723,0,7591.5,6247,1344.5,92.9,112.9,1,8,Y,2026-08-15T09:17:42.571Z
2023,combined,0000153,한양대학교,서울,사립,대학,28436,0,35679.5,26363.5,9316,92.7,125.5,2,19,Y,2026-08-15T09:17:42.571Z
2023,combined,0000160,홍익대학교,서울,사립,대학,18492,0,21539.5,18039.5,3500,97.6,116.5,2,15,Y,2026-08-15T09:17:42.571Z
2023,combined,0000066,대전가톨릭대학교,세종,사립,대학,250,0,55,53.5,1.5,21.4,22,1,1,Y,2026-08-15T09:17:42.571Z
2023,combined,0000117,울산대학교,울산,사립,대학,13193,0,12768.5,11746.5,1022,89,96.8,1,5,Y,2026-08-15T09:17:42.571Z
2023,combined,0000123,인천가톨릭대학교,인천,사립,대학,863.5,0,735,681.5,53.5,78.9,85.1,2,2,Y,2026-08-15T09:17:42.571Z
2023,combined,0000124,인하대학교,인천,사립,대학,17502,0,20264,16902,3362,96.6,115.8,1,10,Y,2026-08-15T09:17:42.571Z
2023,combined,0000054,광주가톨릭대학교,전남,사립,대학,220,0,95.5,95.5,0,43.4,43.4,1,1,Y,2026-08-15T09:17:42.571Z
2023,combined,0000074,동신대학교,전남,사립,대학,6727.5,0,6442,5581.5,860.5,83,95.8,1,3,Y,2026-08-15T09:17:42.571Z
2023,combined,0000166,목포가톨릭대학교,전남,사립,대학,480,0,501,475,26,99,104.4,1,0,Y,2026-08-15T09:17:42.571Z
2023,combined,0000064,세한대학교,전남,사립,대학,3483.5,0,3874,2966,908,85.1,111.2,1,1,Y,2026-08-15T09:17:42.571Z
2023,combined,0000114,영산선학대학교,전남,사립,대학,200,0,32.5,30.5,2,15.3,16.3,1,0,Y,2026-08-15T09:17:42.571Z
2023,combined,0000190,초당대학교,전남,사립,대학,3090.5,0,3194.5,2690.5,504,87.1,103.4,1,2,Y,2026-08-15T09:17:42.571Z
2023,combined,0000173,예수대학교,전북,사립,대학,502.5,0,517,473.5,43.5,94.2,102.9,1,1,Y,2026-08-15T09:17:42.571Z
2023,combined,0000164,예원예술대학교,전북,사립,대학,1294.5,0,1423,889,534,68.7,109.9,2,3,Y,2026-08-15T09:17:42.571Z
2023,combined,0000116,우석대학교,전북,사립,대학,7522.5,0,7452,6082.5,1369.5,80.9,99.1,1,4,Y,2026-08-15T09:17:42.571Z
2023,combined,0000118,원광대학교,전북,사립,대학,15792,24,14027,13174,853,83.5,89,1,6,Y,2026-08-15T09:17:42.571Z
2023,combined,0000126,전주대학교,전북,사립,대학,11078,0,11354.5,9917.5,1437,89.5,102.5,1,7,Y,2026-08-15T09:17:42.571Z
2023,combined,0000155,한일장신대학교,전북,사립,대학,1197,0,980.5,913.5,67,76.3,81.9,1,7,Y,2026-08-15T09:17:42.571Z
2023,combined,0000223,호원대학교,전북,사립,대학,4472.5,0,5033,3492.5,1540.5,78.1,112.5,1,0,Y,2026-08-15T09:17:42.571Z
2023,combined,0000192,제주국제대학교,제주,사립,대학,1946,0,610,584.5,25.5,30,31.3,1,4,Y,2026-08-15T09:17:42.571Z
2023,combined,0000038,건양대학교,충남,사립,대학,7256,0,6975,6449.5,525.5,88.9,96.1,2,6,Y,2026-08-15T09:17:42.571Z
2023,combined,0000169,금강대학교,충남,사립,대학,472.5,0,192.5,192.5,0,40.7,40.7,1,1,Y,2026-08-15T09:17:42.571Z
2023,combined,0000059,나사렛대학교,충남,사립,대학,5077,60,4891,4343,548,86.6,97.5,1,4,Y,2026-08-15T09:17:42.571Z
2023,combined,0000189,남서울대학교,충남,사립,대학,9167,0,9502.5,8068,1434.5,88,103.7,1,3,Y,2026-08-15T09:17:42.571Z
2023,combined,0000131,백석대학교,충남,사립,대학,13930,0,13725,12516.5,1208.5,89.9,98.5,1,8,Y,2026-08-15T09:17:42.571Z
2023,combined,0000094,선문대학교,충남,사립,대학,8899.5,0,9184.5,7901,1283.5,88.8,103.2,1,3,Y,2026-08-15T09:17:42.571Z
2023,combined,0000104,순천향대학교,충남,사립,대학,10819,0,11881,10231,1650,94.6,109.8,1,6,Y,2026-08-15T09:17:42.571Z
2023,combined,0000128,중부대학교,충남,사립,대학,8902.5,0,8855.5,7394,1461.5,83.1,99.5,1,4,Y,2026-08-15T09:17:42.571Z
2023,combined,0000225,청운대학교,충남,사립,대학,4981,0,5761.5,4172,1589.5,83.8,115.7,1,1,Y,2026-08-15T09:17:42.571Z
2023,combined,0000141,한국기술교육대학교,충남,사립,대학,3839,0,4528.5,3796.5,732,98.9,118,1,3,Y,2026-08-15T09:17:42.571Z
2023,combined,0000149,한서대학교,충남,사립,대학,6704,0,6899,6068.5,830.5,90.5,102.9,1,5,Y,2026-08-15T09:17:42.571Z
2023,combined,0000159,호서대학교,충남,사립,대학,12866.5,0,13328.5,11860.5,1468,92.2,103.6,1,10,Y,2026-08-15T09:17:42.571Z
2023,combined,0000557,가톨릭꽃동네대학교,충북,사립,대학,532,0,457,438,19,82.3,85.9,1,2,Y,2026-08-15T09:17:42.571Z
2023,combined,0000058,극동대학교,충북,사립,대학,3840,0,2989,2652,337,69.1,77.8,1,3,Y,2026-08-15T09:17:42.571Z
2023,combined,0000093,서원대학교,충북,사립,대학,6702.5,0,6442,5893,549,87.9,96.1,1,3,Y,2026-08-15T09:17:42.571Z
2023,combined,0000099,세명대학교,충북,사립,대학,7731,0,6863.5,6199,664.5,80.2,88.8,1,3,Y,2026-08-15T09:17:42.571Z
2023,combined,0000113,유원대학교,충북,사립,대학,3607.5,10,3265.5,3045,220.5,84.6,90.8,1,1,Y,2026-08-15T09:17:42.571Z
2023,combined,0000183,중원대학교,충북,사립,대학,3770,44,3422.5,3082,340.5,82.7,91.9,1,3,Y,2026-08-15T09:17:42.571Z
2023,combined,0000132,청주대학교,충북,사립,대학,11159,0,11272.5,10058.5,1214,90.1,101,1,5,Y,2026-08-15T09:17:42.571Z
2024,university,0000513,가톨릭관동대학교,강원,사립,대학,7532.5,0,5422.5,4977.5,445,66.1,72,1,0,Y,2026-08-15T09:17:42.571Z
2024,university,0000041,경동대학교,강원,사립,대학,6513,0,6933.5,5652,1281.5,86.8,106.5,4,0,Y,2026-08-15T09:17:42.571Z
2024,university,0000086,상지대학교,강원,사립,대학,8154,0,5912,5471.5,440.5,67.1,72.5,1,0,Y,2026-08-15T09:17:42.571Z
2024,university,0000147,한라대학교,강원,사립,대학,3565.5,0,3069,2674.5,394.5,75,86.1,1,0,Y,2026-08-15T09:17:42.571Z
2024,university,0000148,한림대학교,강원,사립,대학,7233,0,7140.5,6572,568.5,90.9,98.7,1,0,Y,2026-08-15T09:17:42.571Z
2024,university,0000044,가천대학교,경기,사립,대학,16353.5,0,20718,15714,5004,96.1,126.7,1,0,Y,2026-08-15T09:17:42.571Z
2024,university,0000034,가톨릭대학교,경기,사립,대학,7346,0,8022,6599,1423,89.8,109.2,3,0,Y,2026-08-15T09:17:42.571Z
2024,university,0000036,강남대학교,경기,사립,대학,5964,0,6072,5636,436,94.5,101.8,1,0,Y,2026-08-15T09:17:42.571Z
2024,university,0000039,경기대학교,경기,사립,대학,11774,1,13509,11563,1946,98.2,114.7,2,0,Y,2026-08-15T09:17:42.571Z
2024,university,0000060,단국대학교,경기,사립,대학,18790.5,0,21172,18409,2763,98,112.7,2,0,Y,2026-08-15T09:17:42.571Z
2024,university,0000068,대진대학교,경기,사립,대학,7037,0,7078,6243.5,834.5,88.7,100.6,1,0,Y,2026-08-15T09:17:42.571Z
2024,university,0000078,루터대학교,경기,사립,대학,340,0,323.5,316.5,7,93.1,95.1,1,0,Y,2026-08-15T09:17:42.571Z
2024,university,0000079,명지대학교,경기,사립,대학,10534.5,0.5,12971,10040.5,2930.5,95.3,123.1,2,0,Y,2026-08-15T09:17:42.571Z
2024,university,0000090,서울신학대학교,경기,사립,대학,1850.5,0,1871,1758.5,112.5,95,101.1,1,0,Y,2026-08-15T09:17:42.571Z
2024,university,0000092,서울장신대학교,경기,사립,대학,420,0,259,248.5,10.5,59.2,61.7,1,0,Y,2026-08-15T09:17:42.571Z
2024,university,0000095,성결대학교,경기,사립,대학,4912,0,5106,4795.5,310.5,97.6,103.9,1,0,Y,2026-08-15T09:17:42.571Z
2024,university,0000101,수원가톨릭대학교,경기,사립,대학,360,0,112.5,107.5,5,29.9,31.3,1,0,Y,2026-08-15T09:17:42.571Z
2024,university,0000102,수원대학교,경기,사립,대학,8553,0,8086.5,7562.5,524,88.4,94.5,1,0,Y,2026-08-15T09:17:42.571Z
2024,university,0000509,신한대학교,경기,사립,대학,5692,0,6031,5282,749,92.8,106,2,0,Y,2026-08-15T09:17:42.571Z
2024,university,0000558,아신대학교,경기,사립,대학,575.5,0,286,276.5,9.5,48,49.7,1,0,Y,2026-08-15T09:17:42.571Z
2024,university,0000108,아주대학교,경기,사립,대학,7738.5,0,9308,7587,1721,98,120.3,1,0,Y,2026-08-15T09:17:42.571Z
2024,university,0000109,안양대학교,경기,사립,대학,4576.5,0,4459,4159,300,90.9,97.4,2,0,Y,2026-08-15T09:17:42.571Z
2024,university,0000115,용인대학교,경기,사립,대학,5118.5,32,5222,4867.5,354.5,95.7,102.7,1,0,Y,2026-08-15T09:17:42.571Z
2024,university,0000130,중앙승가대학교,경기,사립,대학,480,0,65,65,0,13.5,13.5,1,0,Y,2026-08-15T09:17:42.571Z
2024,university,0000139,차의과학대학교,경기,사립,대학,2031,0,2131.5,1917.5,214,94.4,104.9,1,0,Y,2026-08-15T09:17:42.571Z
2024,university,0000136,칼빈대학교,경기,사립,대학,360,0,1151.5,266.5,885,74,319.9,1,0,Y,2026-08-15T09:17:42.571Z
2024,university,0000138,평택대학교,경기,사립,대학,3245,25,2995.5,2757.5,238,85.6,93,1,0,Y,2026-08-15T09:17:42.571Z
2024,university,0000562,한국공학대학교,경기,사립,대학,5520,0,7029.5,5530.5,1499,100.2,127.3,1,0,Y,2026-08-15T09:17:42.571Z
2024,university,0000144,한국항공대학교,경기,사립,대학,3483,0,3894,3359.5,534.5,96.5,111.8,1,0,Y,2026-08-15T09:17:42.571Z
2024,university,0000151,한세대학교,경기,사립,대학,2264,0,2450.5,2247.5,203,99.3,108.2,1,0,Y,2026-08-15T09:17:42.571Z
2024,university,0000152,한신대학교,경기,사립,대학,4685,0,5121.5,4607.5,514,98.3,109.3,1,0,Y,2026-08-15T09:17:42.571Z
2024,university,0000156,협성대학교,경기,사립,대학,4016,0,3731,3508.5,222.5,87.4,92.9,1,0,Y,2026-08-15T09:17:42.571Z
2024,university,0000567,화성의과학대학교,경기,사립,대학,1002,13,401.5,382.5,19,38.7,40.6,1,0,Y,2026-08-15T09:17:42.571Z
2024,university,0000032,가야대학교,경남,사립,대학,1942,0,1659,1485,174,76.5,85.4,2,0,Y,2026-08-15T09:17:42.571Z
2024,university,0000040,경남대학교,경남,사립,대학,9467,0,8904.5,8103,801.5,85.6,94.1,1,0,Y,2026-08-15T09:17:42.571Z
2024,university,0000167,부산장신대학교,경남,사립,대학,136.5,0,129,124.5,4.5,91.2,94.5,1,0,Y,2026-08-15T09:17:42.571Z
2024,university,0000122,인제대학교,경남,사립,대학,7699,0,6999.5,6272.5,727,81.5,90.9,2,0,Y,2026-08-15T09:17:42.571Z
2024,university,0000193,창신대학교,경남,사립,대학,1547.5,0,1670.5,1450,220.5,93.7,107.9,1,0,Y,2026-08-15T09:17:42.571Z
2024,university,0000188,경운대학교,경북,사립,대학,4736,0,4476,4150,326,87.6,94.5,1,0,Y,2026-08-15T09:17:42.571Z
2024,university,0000045,경일대학교,경북,사립,대학,6301.5,0,6640,5843,797,92.7,105.4,1,0,Y,2026-08-15T09:17:42.571Z
2024,university,0000185,김천대학교,경북,사립,대학,2652.5,0,2158.5,1944,214.5,73.3,81.4,1,0,Y,2026-08-15T09:17:42.571Z
2024,university,0000063,대구가톨릭대학교,경북,사립,대학,11093,0,10477.5,9548.5,929,86.1,94.5,1,0,Y,2026-08-15T09:17:42.571Z
2024,university,0000061,대구대학교,경북,사립,대학,15671.5,0,15220.5,12837,2383.5,81.9,97.1,1,0,Y,2026-08-15T09:17:42.571Z
2024,university,0000062,대구예술대학교,경북,사립,대학,1412,17,328.5,323.5,5,23.2,23.5,1,0,Y,2026-08-15T09:17:42.571Z
2024,university,0000042,대구한의대학교,경북,사립,대학,6227,0,6500,5243.5,1256.5,84.2,104.4,1,0,Y,2026-08-15T09:17:42.571Z
2024,university,0000065,대신대학교,경북,사립,대학,464,0,440.5,406.5,34,87.6,94.9,1,0,Y,2026-08-15T09:17:42.571Z
2024,university,0000076,동양대학교,경북,사립,대학,3959,0,3863,3473.5,389.5,87.7,97.6,2,0,Y,2026-08-15T09:17:42.571Z
2024,university,0000586,신경주대학교,경북,사립,대학,3093.5,206,642.5,584,58.5,20.2,22.3,1,0,Y,2026-08-15T09:17:42.571Z
2024,university,0000111,영남대학교,경북,사립,대학,18588.5,0,19656.5,17634.5,2022,94.9,105.7,1,0,Y,2026-08-15T09:17:42.571Z
2024,university,0000112,영남신학대학교,경북,사립,대학,460,0,317.5,309.5,8,67.3,69,1,0,Y,2026-08-15T09:17:42.571Z
2024,university,0000119,위덕대학교,경북,사립,대학,2780,0,2198.5,2111.5,87,76,79.1,1,0,Y,2026-08-15T09:17:42.571Z
2024,university,0000140,포항공과대학교,경북,사립,대학,1280,0,1396.5,1295.5,101,101.2,109.1,1,0,Y,2026-08-15T09:17:42.571Z
2024,university,0000146,한동대학교,경북,사립,대학,2916,0,3770.5,3266.5,504,112,129.3,1,0,Y,2026-08-15T09:17:42.571Z
2024,university,0000052,광신대학교,광주,사립,대학,479.5,0,427.5,415.5,12,86.7,89.2,1,0,Y,2026-08-15T09:17:42.571Z
2024,university,0000176,광주대학교,광주,사립,대학,5953.5,0,5335.5,4882,453.5,82,89.6,1,0,Y,2026-08-15T09:17:42.571Z
2024,university,0000055,광주여자대학교,광주,사립,대학,3633,0,3235.5,2929.5,306,80.6,89.1,1,0,Y,2026-08-15T09:17:42.571Z
2024,university,0000162,남부대학교,광주,사립,대학,2590,0,2602,2250.5,351.5,86.9,100.5,1,0,Y,2026-08-15T09:17:42.571Z
2024,university,0000187,송원대학교,광주,사립,대학,2777.5,0,2715,2335.5,379.5,84.1,97.7,1,0,Y,2026-08-15T09:17:42.571Z
2024,university,0000127,조선대학교,광주,사립,대학,17956,0,17382.5,15876,1506.5,88.4,96.8,1,0,Y,2026-08-15T09:17:42.571Z
2024,university,0000157,호남대학교,광주,사립,대학,6158,0,6684,5372.5,1311.5,87.2,108.5,1,0,Y,2026-08-15T09:17:42.571Z
2024,university,0000158,호남신학대학교,광주,사립,대학,504,0,408.5,405.5,3,80.5,81.1,1,0,Y,2026-08-15T09:17:42.571Z
2024,university,0000048,계명대학교,대구,사립,대학,18684,0,19821,17508.5,2312.5,93.7,106.1,1,0,Y,2026-08-15T09:17:42.571Z
2024,university,0000067,대전대학교,대전,사립,대학,7935.5,0,7855.5,7179.5,676,90.5,99,1,0,Y,2026-08-15T09:17:42.571Z
2024,university,0000182,대전신학대학교,대전,사립,대학,128,0,45.5,45.5,0,35.5,35.5,1,0,Y,2026-08-15T09:17:42.571Z
2024,university,0000080,목원대학교,대전,사립,대학,7325.5,0,6912,6391,521,87.2,94.4,1,0,Y,2026-08-15T09:17:42.571Z
2024,university,0000081,배재대학교,대전,사립,대학,7882.5,0,7327,6829,498,86.6,93,1,0,Y,2026-08-15T09:17:42.571Z
2024,university,0000184,우송대학교,대전,사립,대학,8016,0,9341.5,7272,2069.5,90.7,116.5,1,0,Y,2026-08-15T09:17:42.571Z
2024,university,0000120,을지대학교,대전,사립,대학,4286,0,4492,4096,396,95.6,104.8,3,0,Y,2026-08-15T09:17:42.571Z
2024,university,0000551,한국침례신학대학교,대전,사립,대학,1063,0,751,728,23,68.5,70.6,1,0,Y,2026-08-15T09:17:42.571Z
2024,university,0000145,한남대학교,대전,사립,대학,10913,0,10961,9980,981,91.5,100.4,1,0,Y,2026-08-15T09:17:42.571Z
2024,university,0000043,경성대학교,부산,사립,대학,11132.5,0,11842.5,9923.5,1919,89.1,106.4,1,0,Y,2026-08-15T09:17:42.571Z
2024,university,0000050,고신대학교,부산,사립,대학,3620,0,2918,2811.5,106.5,77.7,80.6,1,0,Y,2026-08-15T09:17:42.571Z
2024,university,0000180,동명대학교,부산,사립,대학,6739.5,0,6712.5,5715.5,997,84.8,99.6,1,0,Y,2026-08-15T09:17:42.571Z
2024,university,0000073,동서대학교,부산,사립,대학,8777.5,0,8556.5,7594.5,962,86.5,97.5,1,0,Y,2026-08-15T09:17:42.571Z
2024,university,0000075,동아대학교,부산,사립,대학,16385,0,17321.5,15667.5,1654,95.6,105.7,1,0,Y,2026-08-15T09:17:42.571Z
2024,university,0000077,동의대학교,부산,사립,대학,14441.5,0,13815.5,12556.5,1259,86.9,95.7,1,0,Y,2026-08-15T09:17:42.571Z
2024,university,0000082,부산가톨릭대학교,부산,사립,대학,3164.5,0,3462.5,2870.5,592,90.7,109.4,1,0,Y,2026-08-15T09:17:42.571Z
2024,university,0000083,부산외국어대학교,부산,사립,대학,6584.5,0,6341,5576.5,764.5,84.7,96.3,1,0,Y,2026-08-15T09:17:42.571Z
2024,university,0000106,신라대학교,부산,사립,대학,7659,0,6492,5796.5,695.5,75.7,84.8,1,0,Y,2026-08-15T09:17:42.571Z
2024,university,0000181,영산대학교,부산,사립,대학,5652.5,0,5458.5,4705,753.5,83.2,96.6,2,0,Y,2026-08-15T09:17:42.571Z
2024,university,0000035,감리교신학대학교,서울,사립,대학,731,0,575.5,555.5,20,76,78.7,1,0,Y,2026-08-15T09:17:42.571Z
2024,university,0000565,강서대학교,서울,사립,대학,1108,0,1593,1018.5,574.5,91.9,143.8,1,0,Y,2026-08-15T09:17:42.571Z
2024,university,0000037,건국대학교,서울,사립,대학,18384,0,21626.5,18338,3288.5,99.7,117.6,2,0,Y,2026-08-15T09:17:42.571Z
2024,university,0000047,경희대학교,서울,사립,대학,19863,0,24238.5,18758.5,5480,94.4,122,1,0,Y,2026-08-15T09:17:42.571Z
2024,university,0000049,고려대학교,서울,사립,대학,21535,0,25765,20736.5,5028.5,96.3,119.6,2,0,Y,2026-08-15T09:17:42.571Z
2024,university,0000053,광운대학교,서울,사립,대학,6833,0,8075,6352.5,1722.5,93,118.2,1,0,Y,2026-08-15T09:17:42.571Z
2024,university,0000056,국민대학교,서울,사립,대학,11767,0,14146,11359.5,2786.5,96.5,120.2,1,0,Y,2026-08-15T09:17:42.571Z
2024,university,0000070,덕성여자대학교,서울,사립,대학,4507.5,0,5218,4649,569,103.1,115.8,1,0,Y,2026-08-15T09:17:42.571Z
2024,university,0000071,동국대학교,서울,사립,대학,18311.5,0,19328.5,16391,2937.5,89.5,105.6,2,0,Y,2026-08-15T09:17:42.571Z
2024,university,0000072,동덕여자대학교,서울,사립,대학,6263,0,6679.5,5837.5,842,93.2,106.7,1,0,Y,2026-08-15T09:17:42.571Z
2024,university,0000084,삼육대학교,서울,사립,대학,4620.5,0,5166,4551,615,98.5,111.8,1,0,Y,2026-08-15T09:17:42.571Z
2024,university,0000085,상명대학교,서울,사립,대학,10845,0,11271.5,9888,1383.5,91.2,103.9,2,0,Y,2026-08-15T09:17:42.571Z
2024,university,0000087,서강대학교,서울,사립,대학,6338,0,7735,6124.5,1610.5,96.6,122,1,0,Y,2026-08-15T09:17:42.571Z
2024,university,0000088,서경대학교,서울,사립,대학,5136,0,6456.5,4846,1610.5,94.4,125.7,1,0,Y,2026-08-15T09:17:42.571Z
2024,university,0000069,서울기독대학교,서울,사립,대학,544,0,505,378,127,69.5,92.8,1,0,Y,2026-08-15T09:17:42.571Z
2024,university,0000091,서울여자대학교,서울,사립,대학,6561,0,6785.5,6047,738.5,92.2,103.4,1,0,Y,2026-08-15T09:17:42.571Z
2024,university,0000539,서울한영대학교,서울,사립,대학,720,0,573.5,523,50.5,72.6,79.7,1,0,Y,2026-08-15T09:17:42.571Z
2024,university,0000096,성공회대학교,서울,사립,대학,2008,0,1917.5,1799.5,118,89.6,95.5,1,0,Y,2026-08-15T09:17:42.571Z
2024,university,0000097,성균관대학교,서울,사립,대학,13599,0,18470,13426,5044,98.7,135.8,1,0,Y,2026-08-15T09:17:42.571Z
2024,university,0000098,성신여자대학교,서울,사립,대학,8759,0,8953.5,8050.5,903,91.9,102.2,1,0,Y,2026-08-15T09:17:42.571Z
2024,university,0000100,세종대학교,서울,사립,대학,9623,0,12120,9474,2646,98.5,125.9,1,0,Y,2026-08-15T09:17:42.571Z
2024,university,0000103,숙명여자대학교,서울,사립,대학,8700,0,9922,8405.5,1516.5,96.6,114,1,0,Y,2026-08-15T09:17:42.571Z
2024,university,0000105,숭실대학교,서울,사립,대학,10805,1.5,14016.5,10643.5,3373,98.5,129.7,1,0,Y,2026-08-15T09:17:42.571Z
2024,university,0000110,연세대학교,서울,사립,대학,19804.5,0,25915,19872,6043,100.3,130.9,2,0,Y,2026-08-15T09:17:42.571Z
2024,university,0000121,이화여자대학교,서울,사립,대학,12792,0,15128.5,12792,2336.5,100,118.3,1,0,Y,2026-08-15T09:17:42.571Z
2024,university,0000125,장로회신학대학교,서울,사립,대학,600,0,603,574,29,95.7,100.5,1,0,Y,2026-08-15T09:17:42.571Z
2024,university,0000129,중앙대학교,서울,사립,대학,18051,0,22637,17313,5324,95.9,125.4,2,0,Y,2026-08-15T09:17:42.571Z
2024,university,0000133,총신대학교,서울,사립,대학,1241.5,0,1336,1210.5,125.5,97.5,107.6,1,0,Y,2026-08-15T09:17:42.571Z
2024,university,0000134,추계예술대학교,서울,사립,대학,1009.5,0,1066.5,991.5,75,98.2,105.6,1,0,Y,2026-08-15T09:17:42.571Z
2024,university,0000142,한국성서대학교,서울,사립,대학,892,0,938,860.5,77.5,96.5,105.2,1,0,Y,2026-08-15T09:17:42.571Z
2024,university,0000143,한국외국어대학교,서울,사립,대학,13557,0,15966,13192,2774,97.3,117.8,1,0,Y,2026-08-15T09:17:42.571Z
2024,university,0000150,한성대학교,서울,사립,대학,5852,0,6735.5,5713,1022.5,97.6,115.1,1,0,Y,2026-08-15T09:17:42.571Z
2024,university,0000153,한양대학교,서울,사립,대학,19437.5,0,25772,18350.5,7421.5,94.4,132.6,2,0,Y,2026-08-15T09:17:42.571Z
2024,university,0000160,홍익대학교,서울,사립,대학,14895.5,0,17395,14467,2928,97.1,116.8,2,0,Y,2026-08-15T09:17:42.571Z
2024,university,0000066,대전가톨릭대학교,세종,사립,대학,160,0,34,33.5,0.5,20.9,21.3,1,0,Y,2026-08-15T09:17:42.571Z
2024,university,0000117,울산대학교,울산,사립,대학,10995,0,10536.5,9774.5,762,88.9,95.8,1,0,Y,2026-08-15T09:17:42.571Z
2024,university,0000123,인천가톨릭대학교,인천,사립,대학,662.5,0,655,605,50,91.3,98.9,2,0,Y,2026-08-15T09:17:42.571Z
2024,university,0000124,인하대학교,인천,사립,대학,14198.5,0,16802,13778.5,3023.5,97,118.3,1,0,Y,2026-08-15T09:17:42.571Z
2024,university,0000054,광주가톨릭대학교,전남,사립,대학,160,0,58,58,0,36.3,36.3,1,0,Y,2026-08-15T09:17:42.571Z
2024,university,0000074,동신대학교,전남,사립,대학,6124,0,5314.5,4804,510.5,78.4,86.8,1,0,Y,2026-08-15T09:17:42.571Z
2024,university,0000166,목포가톨릭대학교,전남,사립,대학,480,0,489.5,462,27.5,96.3,102,1,0,Y,2026-08-15T09:17:42.571Z
2024,university,0000064,세한대학교,전남,사립,대학,3316.5,0,3354.5,2684.5,670,80.9,101.1,1,0,Y,2026-08-15T09:17:42.571Z
2024,university,0000114,영산선학대학교,전남,사립,대학,200,0,25.5,24,1.5,12,12.8,1,0,Y,2026-08-15T09:17:42.571Z
2024,university,0000190,초당대학교,전남,사립,대학,2955.5,0,2544.5,2339.5,205,79.2,86.1,1,0,Y,2026-08-15T09:17:42.571Z
2024,university,0000173,예수대학교,전북,사립,대학,473.5,0,475.5,442.5,33,93.5,100.4,1,0,Y,2026-08-15T09:17:42.571Z
2024,university,0000164,예원예술대학교,전북,사립,대학,1049.5,0,1295.5,770.5,525,73.4,123.4,2,0,Y,2026-08-15T09:17:42.571Z
2024,university,0000116,우석대학교,전북,사립,대학,6688,0,6384.5,5215.5,1169,78,95.5,1,0,Y,2026-08-15T09:17:42.571Z
2024,university,0000118,원광대학교,전북,사립,대학,13626,0,12401,11678.5,722.5,85.7,91,1,0,Y,2026-08-15T09:17:42.571Z
2024,university,0000126,전주대학교,전북,사립,대학,10193,0,9993,9007,986,88.4,98,1,0,Y,2026-08-15T09:17:42.571Z
2024,university,0000155,한일장신대학교,전북,사립,대학,876,0,723.5,693,30.5,79.1,82.6,1,0,Y,2026-08-15T09:17:42.571Z
2024,university,0000223,호원대학교,전북,사립,대학,4427,0,4874,3368.5,1505.5,76.1,110.1,1,0,Y,2026-08-15T09:17:42.571Z
2024,university,0000192,제주국제대학교,제주,사립,대학,1480,0,348.5,259,89.5,17.5,23.5,1,0,Y,2026-08-15T09:17:42.571Z
2024,university,0000038,건양대학교,충남,사립,대학,6609,0,6275.5,5835,440.5,88.3,95,2,0,Y,2026-08-15T09:17:42.571Z
2024,university,0000169,금강대학교,충남,사립,대학,440,0,126.5,126.5,0,28.8,28.8,1,0,Y,2026-08-15T09:17:42.571Z
2024,university,0000059,나사렛대학교,충남,사립,대학,4834,60,4547.5,4040.5,507,84.6,95.3,1,0,Y,2026-08-15T09:17:42.571Z
2024,university,0000189,남서울대학교,충남,사립,대학,8781.5,0,8653.5,7573.5,1080,86.2,98.5,1,0,Y,2026-08-15T09:17:42.571Z
2024,university,0000131,백석대학교,충남,사립,대학,11760,0,11263,10207,1056,86.8,95.8,1,0,Y,2026-08-15T09:17:42.571Z
2024,university,0000094,선문대학교,충남,사립,대학,8241.5,0,8410,7283.5,1126.5,88.4,102,1,0,Y,2026-08-15T09:17:42.571Z
2024,university,0000104,순천향대학교,충남,사립,대학,9634,0,10871,9342,1529,97,112.8,1,0,Y,2026-08-15T09:17:42.571Z
2024,university,0000128,중부대학교,충남,사립,대학,7465,0,6921.5,6056,865.5,81.1,92.7,1,0,Y,2026-08-15T09:17:42.571Z
2024,university,0000225,청운대학교,충남,사립,대학,4678,0,5378,3906,1472,83.5,115,1,0,Y,2026-08-15T09:17:42.571Z
2024,university,0000141,한국기술교육대학교,충남,사립,대학,3344,0,3985,3443,542,103,119.2,1,0,Y,2026-08-15T09:17:42.571Z
2024,university,0000149,한서대학교,충남,사립,대학,6263.5,0,6110.5,5552.5,558,88.6,97.6,1,0,Y,2026-08-15T09:17:42.571Z
2024,university,0000159,호서대학교,충남,사립,대학,11563,0,11773,10712.5,1060.5,92.6,101.8,1,0,Y,2026-08-15T09:17:42.571Z
2024,university,0000557,가톨릭꽃동네대학교,충북,사립,대학,432,0,399.5,381,18.5,88.2,92.5,1,0,Y,2026-08-15T09:17:42.571Z
2024,university,0000058,극동대학교,충북,사립,대학,3511.5,0,2830,2410,420,68.6,80.6,1,0,Y,2026-08-15T09:17:42.571Z
2024,university,0000093,서원대학교,충북,사립,대학,6488,0,6534.5,5800.5,734,89.4,100.7,1,0,Y,2026-08-15T09:17:42.571Z
2024,university,0000099,세명대학교,충북,사립,대학,7138.5,0,6033,5587.5,445.5,78.3,84.5,1,0,Y,2026-08-15T09:17:42.571Z
2024,university,0000113,유원대학교,충북,사립,대학,3500,0,3268.5,3080,188.5,88,93.4,1,0,Y,2026-08-15T09:17:42.571Z
2024,university,0000183,중원대학교,충북,사립,대학,3413,44,3164,2969.5,194.5,88.1,93.9,1,0,Y,2026-08-15T09:17:42.571Z
2024,university,0000132,청주대학교,충북,사립,대학,10604.5,0,10978,9678,1300,91.3,103.5,1,0,Y,2026-08-15T09:17:42.571Z
2024,junior-college,0000347,강릉영동대학교,강원,사립,전문대학,2232,0.5,2474,1759.5,714.5,78.8,110.9,1,0,Y,2026-08-15T09:17:42.571Z
2024,junior-college,0000348,세경대학교,강원,사립,전문대학,923,0,781,662,119,71.7,84.6,1,0,Y,2026-08-15T09:17:42.571Z
2024,junior-college,0000393,송곡대학교,강원,사립,전문대학,571,0,806,445,361,77.9,141.2,1,0,Y,2026-08-15T09:17:42.571Z
2024,junior-college,0000390,송호대학교,강원,사립,전문대학,907.5,0.5,838,665,173,73.3,92.4,1,0,Y,2026-08-15T09:17:42.571Z
2024,junior-college,0000542,한국골프과학기술대학교,강원,사립,전문대학,480,0,434,397.5,36.5,82.8,90.4,1,0,Y,2026-08-15T09:17:42.571Z
2024,junior-college,0000383,한림성심대학교,강원,사립,전문대학,2310.5,0,2452.5,1866.5,586,80.8,106.1,1,0,Y,2026-08-15T09:17:42.571Z
2024,junior-college,0000387,경기과학기술대학교,경기,사립,전문대학,3357,0,3966.5,2707.5,1259,80.7,118.2,1,0,Y,2026-08-15T09:17:42.571Z
2024,junior-college,0000255,경민대학교,경기,사립,전문대학,3598.5,0,3884.5,3044,840.5,84.6,107.9,1,0,Y,2026-08-15T09:17:42.571Z
2024,junior-college,0000259,경복대학교,경기,사립,전문대학,5405,0,5983.5,4580,1403.5,84.7,110.7,1,0,Y,2026-08-15T09:17:42.571Z
2024,junior-college,0000264,계원예술대학교,경기,사립,전문대학,2424,0,2687,2306.5,380.5,95.2,110.8,1,0,Y,2026-08-15T09:17:42.571Z
2024,junior-college,0000379,국제대학교,경기,사립,전문대학,3585.5,0,2336.5,2124,212.5,59.2,65.2,1,0,Y,2026-08-15T09:17:42.571Z
2024,junior-college,0000277,김포대학교,경기,사립,전문대학,2446.5,0,1615,1252.5,362.5,51.2,66,1,0,Y,2026-08-15T09:17:42.571Z
2024,junior-college,0000278,농협대학교,경기,사립,전문대학,174,0,379.5,155,224.5,89.1,218.1,1,0,Y,2026-08-15T09:17:42.571Z
2024,junior-college,0000285,대림대학교,경기,사립,전문대학,5680,0,6636.5,5158,1478.5,90.8,116.8,1,0,Y,2026-08-15T09:17:42.571Z
2024,junior-college,0000294,동남보건대학교,경기,사립,전문대학,4106,0,4558,3643,915,88.7,111,1,0,Y,2026-08-15T09:17:42.571Z
2024,junior-college,0000287,동서울대학교,경기,사립,전문대학,5541,0,5507,4797,710,86.6,99.4,1,0,Y,2026-08-15T09:17:42.571Z
2024,junior-college,0000298,동아방송예술대학교,경기,사립,전문대학,2469,0,2929,2224,705,90.1,118.6,1,0,Y,2026-08-15T09:17:42.571Z
2024,junior-college,0000302,동원대학교,경기,사립,전문대학,2980,0,2479,2020.5,458.5,67.8,83.2,1,0,Y,2026-08-15T09:17:42.571Z
2024,junior-college,0000305,두원공과대학교,경기,사립,전문대학,4256,0,2152.5,1931.5,221,45.4,50.6,1,0,Y,2026-08-15T09:17:42.571Z
2024,junior-college,0000316,부천대학교,경기,사립,전문대학,5228.5,0,6876,4777.5,2098.5,91.4,131.5,1,0,Y,2026-08-15T09:17:42.571Z
2024,junior-college,0000323,서울예술대학교,경기,사립,전문대학,1743,0,3118.5,1721.5,1397,98.8,178.9,1,0,Y,2026-08-15T09:17:42.571Z
2024,junior-college,0000392,서정대학교,경기,사립,전문대학,3127.5,0,7995.5,3004,4991.5,96.1,255.7,1,0,Y,2026-08-15T09:17:42.571Z
2024,junior-college,0000330,수원과학대학교,경기,사립,전문대학,5142,0,3099,2780.5,318.5,54.1,60.3,1,0,Y,2026-08-15T09:17:42.571Z
2024,junior-college,0000329,수원여자대학교,경기,사립,전문대학,3891,0,3581.5,3086,495.5,79.3,92,1,0,Y,2026-08-15T09:17:42.571Z
2024,junior-college,0000334,신구대학교,경기,사립,전문대학,6076.5,0,5919.5,5134.5,785,84.5,97.4,1,0,Y,2026-08-15T09:17:42.571Z
2024,junior-college,0000339,신안산대학교,경기,사립,전문대학,2460,0,2162,1839,323,74.8,87.9,1,0,Y,2026-08-15T09:17:42.571Z
2024,junior-college,0000340,안산대학교,경기,사립,전문대학,3988.5,0,4339.5,3444,895.5,86.3,108.8,1,0,Y,2026-08-15T09:17:42.571Z
2024,junior-college,0000343,여주대학교,경기,사립,전문대학,3929.5,0,3212,2701,511,68.7,81.7,1,0,Y,2026-08-15T09:17:42.571Z
2024,junior-college,0000341,연성대학교,경기,사립,전문대학,5544.5,0,5484.5,4814,670.5,86.8,98.9,1,0,Y,2026-08-15T09:17:42.571Z
2024,junior-college,0000350,오산대학교,경기,사립,전문대학,4160.5,0,3997.5,3367.5,630,80.9,96.1,1,0,Y,2026-08-15T09:17:42.571Z
2024,junior-college,0000559,용인예술과학대학교,경기,사립,전문대학,3071,79.5,2454.5,2136,318.5,71.4,82,1,0,Y,2026-08-15T09:17:42.571Z
2024,junior-college,0000394,웅지세무대학교,경기,사립,전문대학,1437,0,459,456,3,31.7,31.9,1,0,Y,2026-08-15T09:17:42.571Z
2024,junior-college,0000355,유한대학교,경기,사립,전문대학,4184.5,0,4221.5,3815,406.5,91.2,100.9,1,0,Y,2026-08-15T09:17:42.571Z
2024,junior-college,0000358,장안대학교,경기,사립,전문대학,4550.5,201.5,2067.5,1712.5,355,39.4,47.5,1,0,Y,2026-08-15T09:17:42.571Z
2024,junior-college,0000374,청강문화산업대학교,경기,사립,전문대학,3347,0,3665.5,3255,410.5,97.3,109.5,1,0,Y,2026-08-15T09:17:42.571Z
2024,junior-college,0000391,한국관광대학교,경기,사립,전문대학,1846,0,1091,949,142,51.4,59.1,1,0,Y,2026-08-15T09:17:42.571Z
2024,junior-college,0000251,거제대학교,경남,사립,전문대학,1041,0,1015.5,873.5,142,83.9,97.6,1,0,Y,2026-08-15T09:17:42.571Z
2024,junior-college,0000395,김해대학교,경남,사립,전문대학,1384,0,1358,1081.5,276.5,78.1,98.1,1,0,Y,2026-08-15T09:17:42.571Z
2024,junior-college,0000342,동원과학기술대학교,경남,사립,전문대학,1907.5,0,2178.5,1550,628.5,81.3,114.2,1,0,Y,2026-08-15T09:17:42.571Z
2024,junior-college,0000306,마산대학교,경남,사립,전문대학,5227,0,4943,4065.5,877.5,77.8,94.6,1,0,Y,2026-08-15T09:17:42.571Z
2024,junior-college,0000530,연암공과대학교,경남,사립,전문대학,1086.5,0,1175,1088,87,100.1,108.1,1,0,Y,2026-08-15T09:17:42.571Z
2024,junior-college,0000369,진주보건대학교,경남,사립,전문대학,2308,0,2411,1852,559,80.2,104.5,1,0,Y,2026-08-15T09:17:42.571Z
2024,junior-college,0000528,창원문성대학교,경남,사립,전문대학,1412.5,0,1074,935,139,66.2,76,1,0,Y,2026-08-15T09:17:42.571Z
2024,junior-college,0000396,한국승강기대학교,경남,사립,전문대학,584,0,548,455,93,77.9,93.8,1,0,Y,2026-08-15T09:17:42.571Z
2024,junior-college,0000249,가톨릭상지대학교,경북,사립,전문대학,1633,0,1775,1300.5,474.5,79.6,108.7,1,0,Y,2026-08-15T09:17:42.571Z
2024,junior-college,0000293,경북과학대학교,경북,사립,전문대학,1672.5,0,1860,1406,454,84.1,111.2,1,0,Y,2026-08-15T09:17:42.571Z
2024,junior-college,0000523,경북보건대학교,경북,사립,전문대학,1213,18,1274.5,1041.5,233,87.2,106.7,1,0,Y,2026-08-15T09:17:42.571Z
2024,junior-college,0000258,경북전문대학교,경북,사립,전문대학,2188,0,2511,1666,845,76.1,114.8,1,0,Y,2026-08-15T09:17:42.571Z
2024,junior-college,0000268,구미대학교,경북,사립,전문대학,3602,0,5162,3067,2095,85.1,143.3,1,0,Y,2026-08-15T09:17:42.571Z
2024,junior-college,0000279,대경대학교,경북,사립,전문대학,3568.5,103,3429,2747.5,681.5,79.3,98.9,1,0,Y,2026-08-15T09:17:42.571Z
2024,junior-college,0000309,문경대학교,경북,사립,전문대학,839,0,722,638,84,76,86.1,1,0,Y,2026-08-15T09:17:42.571Z
2024,junior-college,0000380,선린대학교,경북,사립,전문대학,1998.5,0,1873.5,1572,301.5,78.7,93.7,1,0,Y,2026-08-15T09:17:42.571Z
2024,junior-college,0000547,성운대학교,경북,사립,전문대학,1212.5,0,1522,1108,414,91.4,125.5,1,0,Y,2026-08-15T09:17:42.571Z
2024,junior-college,0000338,안동과학대학교,경북,사립,전문대학,2073,0,2050,1688,362,81.4,98.9,1,0,Y,2026-08-15T09:17:42.571Z
2024,junior-college,0000257,영남외국어대학,경북,사립,전문대학,706.5,0,466,398,68,56.3,66,1,0,Y,2026-08-15T09:17:42.571Z
2024,junior-college,0000381,포항대학교,경북,사립,전문대학,1727,0,1495.5,1328,167.5,76.9,86.6,1,0,Y,2026-08-15T09:17:42.571Z
2024,junior-college,0000522,호산대학교,경북,사립,전문대학,1840,42,2247,1523,724,84.7,125,1,0,Y,2026-08-15T09:17:42.571Z
2024,junior-college,0000267,광주보건대학교,광주,사립,전문대학,3236,0,3411,2702.5,708.5,83.5,105.4,1,0,Y,2026-08-15T09:17:42.571Z
2024,junior-college,0000273,기독간호대학교,광주,사립,전문대학,449.5,0,586,418,168,93,130.4,1,0,Y,2026-08-15T09:17:42.571Z
2024,junior-college,0000297,동강대학교,광주,사립,전문대학,2430.5,0,2299,1819,480,74.8,94.6,1,0,Y,2026-08-15T09:17:42.571Z
2024,junior-college,0000320,서영대학교,광주,사립,전문대학,4274,0,4658.5,3587.5,1071,83.9,109,1,0,Y,2026-08-15T09:17:42.571Z
2024,junior-college,0000366,조선간호대학교,광주,사립,전문대학,556,0,735.5,529.5,206,95.2,132.3,1,0,Y,2026-08-15T09:17:42.571Z
2024,junior-college,0000365,조선이공대학교,광주,사립,전문대학,2944.5,0,2682,2424.5,257.5,82.3,91.1,1,0,Y,2026-08-15T09:17:42.571Z
2024,junior-college,0000263,계명문화대학교,대구,사립,전문대학,4725,0,4350,3820,530,80.8,92.1,1,0,Y,2026-08-15T09:17:42.571Z
2024,junior-college,0000280,대구공업대학교,대구,사립,전문대학,1092.5,0,1133,961,172,88,103.7,1,0,Y,2026-08-15T09:17:42.571Z
2024,junior-college,0000283,대구과학대학교,대구,사립,전문대학,3879,0,4134,3395,739,87.5,106.6,1,0,Y,2026-08-15T09:17:42.571Z
2024,junior-college,0000281,대구보건대학교,대구,사립,전문대학,6114,0,6397.5,5141,1256.5,84.1,104.6,1,0,Y,2026-08-15T09:17:42.571Z
2024,junior-college,0000282,수성대학교,대구,사립,전문대학,2924,0,3275,2612.5,662.5,89.3,112,1,0,Y,2026-08-15T09:17:42.571Z
2024,junior-college,0000346,영남이공대학교,대구,사립,전문대학,4946.5,0,5443,4327.5,1115.5,87.5,110,1,0,Y,2026-08-15T09:17:42.571Z
2024,junior-college,0000349,영진전문대학교,대구,사립,전문대학,5637.5,0,6748,5084,1664,90.2,119.7,1,0,Y,2026-08-15T09:17:42.571Z
2024,junior-college,0000376,대덕대학교,대전,사립,전문대학,2528.5,0,1656,1406,250,55.6,65.5,1,0,Y,2026-08-15T09:17:42.571Z
2024,junior-college,0000512,대전과학기술대학교,대전,사립,전문대학,3733.5,0,3753,2775.5,977.5,74.3,100.5,1,0,Y,2026-08-15T09:17:42.571Z
2024,junior-college,0000288,대전보건대학교,대전,사립,전문대학,4789.5,0,4248.5,3594,654.5,75,88.7,1,0,Y,2026-08-15T09:17:42.571Z
2024,junior-college,0000289,우송정보대학,대전,사립,전문대학,3441,0,2982,2755,227,80.1,86.7,1,0,Y,2026-08-15T09:17:42.571Z
2024,junior-college,0000253,경남정보대학교,부산,사립,전문대학,4793.5,0,5108,3804,1304,79.4,106.6,1,0,Y,2026-08-15T09:17:42.571Z
2024,junior-college,0000284,대동대학교,부산,사립,전문대학,1307,0,1427,1106.5,320.5,84.7,109.2,1,0,Y,2026-08-15T09:17:42.571Z
2024,junior-college,0000303,동의과학대학교,부산,사립,전문대학,3533,0,3556.5,2634,922.5,74.6,100.7,1,0,Y,2026-08-15T09:17:42.571Z
2024,junior-college,0000313,부산경상대학교,부산,사립,전문대학,2201.5,0,1803.5,1589,214.5,72.2,81.9,1,0,Y,2026-08-15T09:17:42.571Z
2024,junior-college,0000315,부산과학기술대학교,부산,사립,전문대학,2855.5,0,3278.5,2388,890.5,83.6,114.8,1,0,Y,2026-08-15T09:17:42.571Z
2024,junior-college,0000569,부산보건대학교,부산,사립,전문대학,2531.5,88,2339,1914.5,424.5,78.4,95.7,1,0,Y,2026-08-15T09:17:42.571Z
2024,junior-college,0000314,부산여자대학교,부산,사립,전문대학,1842.5,0,1773.5,1466,307.5,79.6,96.3,1,0,Y,2026-08-15T09:17:42.571Z
2024,junior-college,0000388,부산예술대학교,부산,사립,전문대학,870,0,603,570.5,32.5,65.6,69.3,1,0,Y,2026-08-15T09:17:42.571Z
2024,junior-college,0000300,동양미래대학교,서울,사립,전문대학,5176,0,5583,4524.5,1058.5,87.4,107.9,1,0,Y,2026-08-15T09:17:42.571Z
2024,junior-college,0000307,명지전문대학,서울,사립,전문대학,5635,0,6287,5018.5,1268.5,89.1,111.6,1,0,Y,2026-08-15T09:17:42.571Z
2024,junior-college,0000310,배화여자대학교,서울,사립,전문대학,2473.5,0,2563,2137,426,86.4,103.6,1,0,Y,2026-08-15T09:17:42.571Z
2024,junior-college,0000317,삼육보건대학교,서울,사립,전문대학,1054,0,1275,964.5,310.5,91.5,121,1,0,Y,2026-08-15T09:17:42.571Z
2024,junior-college,0000321,서울여자간호대학교,서울,사립,전문대학,672,0,867,593.5,273.5,88.3,129,1,0,Y,2026-08-15T09:17:42.571Z
2024,junior-college,0000324,서일대학교,서울,사립,전문대학,5645,0,5737.5,4809.5,928,85.2,101.6,1,0,Y,2026-08-15T09:17:42.571Z
2024,junior-college,0000333,숭의여자대학교,서울,사립,전문대학,3052.5,0,2920,2620,300,85.8,95.7,1,0,Y,2026-08-15T09:17:42.571Z
2024,junior-college,0000356,인덕대학교,서울,사립,전문대학,5544,0,5569,4804.5,764.5,86.7,100.5,1,0,Y,2026-08-15T09:17:42.571Z
2024,junior-college,0000384,한양여자대학교,서울,사립,전문대학,6256.5,0,6561.5,5682,879.5,90.8,104.9,1,0,Y,2026-08-15T09:17:42.571Z
2024,junior-college,0000353,한국영상대학교,세종,사립,전문대학,3164,0,2835.5,2500.5,335,79,89.6,1,0,Y,2026-08-15T09:17:42.571Z
2024,junior-college,0000352,울산과학대학교,울산,사립,전문대학,4595,0,5050.5,4062.5,988,88.4,109.9,1,0,Y,2026-08-15T09:17:42.571Z
2024,junior-college,0000375,춘해보건대학교,울산,사립,전문대학,2163.5,0,2502,1812,690,83.8,115.6,1,0,Y,2026-08-15T09:17:42.571Z
2024,junior-college,0000261,경인여자대학교,인천,사립,전문대학,3589,0,3586,2812.5,773.5,78.4,99.9,1,0,Y,2026-08-15T09:17:42.571Z
2024,junior-college,0000357,인하공업전문대학,인천,사립,전문대학,5664,0,6750.5,5256,1494.5,92.8,119.2,1,0,Y,2026-08-15T09:17:42.571Z
2024,junior-college,0000587,재능대학교,인천,사립,전문대학,2969.5,0,2786,2420.5,365.5,81.5,93.8,1,0,Y,2026-08-15T09:17:42.571Z
2024,junior-college,0000266,광양보건대학교,전남,사립,전문대학,1072.5,47,114.5,100,14.5,9.8,11.2,1,0,Y,2026-08-15T09:17:42.571Z
2024,junior-college,0000585,나주대학교,전남,사립,전문대학,1692,0,1201.5,1189.5,12,70.3,71,1,0,Y,2026-08-15T09:17:42.571Z
2024,junior-college,0000532,동아보건대학교,전남,사립,전문대학,1180,0,967,867.5,99.5,73.5,81.9,1,0,Y,2026-08-15T09:17:42.571Z
2024,junior-college,0000308,목포과학대학교,전남,사립,전문대학,2246.5,0,2351,1963,388,87.4,104.7,1,0,Y,2026-08-15T09:17:42.571Z
2024,junior-college,0000331,순천제일대학교,전남,사립,전문대학,2336,0,2426.5,1977,449.5,84.6,103.9,1,0,Y,2026-08-15T09:17:42.571Z
2024,junior-college,0000360,전남과학대학교,전남,사립,전문대학,2757,0,3109,2171,938,78.7,112.8,1,0,Y,2026-08-15T09:17:42.571Z
2024,junior-college,0000332,청암대학교,전남,사립,전문대학,2414,0,2061.5,1777.5,284,73.6,85.4,1,0,Y,2026-08-15T09:17:42.571Z
2024,junior-college,0000546,한영대학교,전남,사립,전문대학,1192.5,0,1384,1051,333,88.1,116.1,1,0,Y,2026-08-15T09:17:42.571Z
2024,junior-college,0000250,군산간호대학교,전북,사립,전문대학,884,0,1124.5,805,319.5,91.1,127.2,1,0,Y,2026-08-15T09:17:42.571Z
2024,junior-college,0000270,군장대학교,전북,사립,전문대학,1505.5,0,1542,1204,338,80,102.4,1,0,Y,2026-08-15T09:17:42.571Z
2024,junior-college,0000311,백제예술대학교,전북,사립,전문대학,1070,0,740,707,33,66.1,69.2,1,0,Y,2026-08-15T09:17:42.571Z
2024,junior-college,0000354,원광보건대학교,전북,사립,전문대학,3736,113.5,3736.5,2934,802.5,81,103.1,1,0,Y,2026-08-15T09:17:42.571Z
2024,junior-college,0000362,전북과학대학교,전북,사립,전문대학,1492,0,1556,1302.5,253.5,87.3,104.3,1,0,Y,2026-08-15T09:17:42.571Z
2024,junior-college,0000274,전주기전대학,전북,사립,전문대학,2005.5,0,1518.5,1322.5,196,65.9,75.7,1,0,Y,2026-08-15T09:17:42.571Z
2024,junior-college,0000361,전주비전대학교,전북,사립,전문대학,2578,0,2919.5,2093,826.5,81.2,113.2,1,0,Y,2026-08-15T09:17:42.571Z
2024,junior-college,0000363,제주관광대학교,제주,사립,전문대학,2134.5,47,1409.5,1279.5,130,61.3,67.5,1,0,Y,2026-08-15T09:17:42.571Z
2024,junior-college,0000382,제주한라대학교,제주,사립,전문대학,4474,0,4240.5,3256.5,984,72.8,94.8,1,0,Y,2026-08-15T09:17:42.571Z
2024,junior-college,0000373,백석문화대학교,충남,사립,전문대학,4250,0,3998,3215,783,75.6,94.1,1,0,Y,2026-08-15T09:17:42.571Z
2024,junior-college,0000335,신성대학교,충남,사립,전문대학,2841.5,15,2612.5,2127,485.5,75.3,92.4,1,0,Y,2026-08-15T09:17:42.571Z
2024,junior-college,0000568,아주자동차대학교,충남,사립,전문대학,737.5,0,904.5,706,198.5,95.7,122.6,1,0,Y,2026-08-15T09:17:42.571Z
2024,junior-college,0000529,연암대학교,충남,사립,전문대학,966,0,1107.5,909,198.5,94.1,114.6,1,0,Y,2026-08-15T09:17:42.571Z
2024,junior-college,0000386,혜전대학교,충남,사립,전문대학,2561.5,22.5,2682.5,1993.5,689,78.5,105.7,1,0,Y,2026-08-15T09:17:42.571Z
2024,junior-college,0000271,강동대학교,충북,사립,전문대학,3053.5,0,3038.5,2428.5,610,79.5,99.5,1,0,Y,2026-08-15T09:17:42.571Z
2024,junior-college,0000286,대원대학교,충북,사립,전문대학,2033,0,1660,1454,206,71.5,81.7,1,0,Y,2026-08-15T09:17:42.571Z
2024,junior-college,0000367,충북보건과학대학교,충북,사립,전문대학,2403.5,0,2106.5,1761,345.5,73.3,87.6,1,0,Y,2026-08-15T09:17:42.571Z
2024,junior-college,0000377,충청대학교,충북,사립,전문대학,3366.5,0,2958.5,2474.5,484,73.5,87.9,1,0,Y,2026-08-15T09:17:42.571Z
2024,graduate,0000513,가톨릭관동대학교,강원,사립,대학원,735,0,579,559,20,76.1,78.8,4,4,Y,2026-08-15T09:17:42.571Z
2024,graduate,0000086,상지대학교,강원,사립,대학원,438,0,345,311,34,71,78.8,5,5,Y,2026-08-15T09:17:42.571Z
2024,graduate,0000147,한라대학교,강원,사립,대학원,49.5,0,29,28,1,56.6,58.6,1,1,Y,2026-08-15T09:17:42.571Z
2024,graduate,0000148,한림대학교,강원,사립,대학원,982,0,681,614,67,62.5,69.3,8,8,Y,2026-08-15T09:17:42.571Z
2024,graduate,0000044,가천대학교,경기,사립,대학원,2126.5,0,3230,1847,1383,86.9,151.9,9,9,Y,2026-08-15T09:17:42.571Z
2024,graduate,0000034,가톨릭대학교,경기,사립,대학원,2725.5,0,2692,2295,397,84.2,98.8,16,16,Y,2026-08-15T09:17:42.571Z
2024,graduate,0000036,강남대학교,경기,사립,대학원,604,0,352,351,1,58.1,58.3,4,4,Y,2026-08-15T09:17:42.571Z
2024,graduate,0000039,경기대학교,경기,사립,대학원,2371,0,2187,1956,231,82.5,92.2,10,10,Y,2026-08-15T09:17:42.571Z
2024,graduate,0000060,단국대학교,경기,사립,대학원,4540,0,4228,3580,648,78.9,93.1,13,13,Y,2026-08-15T09:17:42.571Z
2024,graduate,0000068,대진대학교,경기,사립,대학원,447.5,0,368,294,74,65.7,82.2,5,5,Y,2026-08-15T09:17:42.571Z
2024,graduate,0000078,루터대학교,경기,사립,대학원,65,0,38,38,0,58.5,58.5,1,1,Y,2026-08-15T09:17:42.571Z
2024,graduate,0000079,명지대학교,경기,사립,대학원,2515.5,0,2394,1910,484,75.9,95.2,9,9,Y,2026-08-15T09:17:42.571Z
2024,graduate,0000090,서울신학대학교,경기,사립,대학원,800,0,728,718,10,89.8,91,7,6,Y,2026-08-15T09:17:42.571Z
2024,graduate,0000092,서울장신대학교,경기,사립,대학원,332,0,299,296,3,89.2,90.1,7,7,Y,2026-08-15T09:17:42.571Z
2024,graduate,0000095,성결대학교,경기,사립,대학원,557.5,0,356,297,59,53.3,63.9,5,5,Y,2026-08-15T09:17:42.571Z
2024,graduate,0000101,수원가톨릭대학교,경기,사립,대학원,75,0,46,44,2,58.7,61.3,1,1,Y,2026-08-15T09:17:42.571Z
2024,graduate,0000102,수원대학교,경기,사립,대학원,1272,0,703,654,49,51.4,55.3,13,13,Y,2026-08-15T09:17:42.571Z
2024,graduate,0000509,신한대학교,경기,사립,대학원,263,0,682,237,445,90.1,259.3,2,2,Y,2026-08-15T09:17:42.571Z
2024,graduate,0000558,아신대학교,경기,사립,대학원,764,0,564,507,57,66.4,73.8,6,6,Y,2026-08-15T09:17:42.571Z
2024,graduate,0000108,아주대학교,경기,사립,대학원,4134.5,0,4228,3657,571,88.5,102.3,14,14,Y,2026-08-15T09:17:42.571Z
2024,graduate,0000109,안양대학교,경기,사립,대학원,743.5,0,510,399,111,53.7,68.6,6,6,Y,2026-08-15T09:17:42.571Z
2024,graduate,0000115,용인대학교,경기,사립,대학원,802.5,0,577,564,13,70.3,71.9,7,7,Y,2026-08-15T09:17:42.571Z
2024,graduate,0000120,을지대학교,경기,사립,대학원,281,0,298,286,12,101.8,106,3,3,Y,2026-08-15T09:17:42.571Z
2024,graduate,0000130,중앙승가대학교,경기,사립,대학원,90,0,67,67,0,74.4,74.4,1,1,Y,2026-08-15T09:17:42.571Z
2024,graduate,0000139,차의과학대학교,경기,사립,대학원,1163.5,0,1032,997,35,85.7,88.7,9,9,Y,2026-08-15T09:17:42.571Z
2024,graduate,0000136,칼빈대학교,경기,사립,대학원,250,0,875,231,644,92.4,350,2,2,Y,2026-08-15T09:17:42.571Z
2024,graduate,0000138,평택대학교,경기,사립,대학원,624.5,17,424,419,5,69,69.8,6,6,Y,2026-08-15T09:17:42.571Z
2024,graduate,0000562,한국공학대학교,경기,사립,대학원,376,0,372,293,79,77.9,98.9,4,4,Y,2026-08-15T09:17:42.571Z
2024,graduate,0000144,한국항공대학교,경기,사립,대학원,598.5,0,617,528,89,88.2,103.1,3,3,Y,2026-08-15T09:17:42.571Z
2024,graduate,0000151,한세대학교,경기,사립,대학원,855,0,572,429,143,50.2,66.9,6,6,Y,2026-08-15T09:17:42.571Z
2024,graduate,0000152,한신대학교,경기,사립,대학원,537,0,386,385,1,71.7,71.9,6,6,Y,2026-08-15T09:17:42.571Z
2024,graduate,0000156,협성대학교,경기,사립,대학원,228,0,225,129,96,56.6,98.7,4,4,Y,2026-08-15T09:17:42.571Z
2024,graduate,0000032,가야대학교,경남,사립,대학원,188.5,0,79,75,4,39.8,41.9,4,4,Y,2026-08-15T09:17:42.571Z
2024,graduate,0000040,경남대학교,경남,사립,대학원,1358,0,1144,979,165,72.1,84.2,4,4,Y,2026-08-15T09:17:42.571Z
2024,graduate,0000167,부산장신대학교,경남,사립,대학원,265,0,179,179,0,67.5,67.5,5,5,Y,2026-08-15T09:17:42.571Z
2024,graduate,0000122,인제대학교,경남,사립,대학원,1381,0,1117,962,155,69.7,80.9,6,6,Y,2026-08-15T09:17:42.571Z
2024,graduate,0000193,창신대학교,경남,사립,대학원,287.5,0,295,268,27,93.2,102.6,3,3,Y,2026-08-15T09:17:42.571Z
2024,graduate,0000188,경운대학교,경북,사립,대학원,160,0,203,156,47,97.5,126.9,3,3,Y,2026-08-15T09:17:42.571Z
2024,graduate,0000045,경일대학교,경북,사립,대학원,172,0,437,117,320,68,254.1,2,2,Y,2026-08-15T09:17:42.571Z
2024,graduate,0000185,김천대학교,경북,사립,대학원,106.5,0,157,43,114,40.4,147.4,3,3,Y,2026-08-15T09:17:42.571Z
2024,graduate,0000063,대구가톨릭대학교,경북,사립,대학원,1494,0,1444,1283,161,85.9,96.7,9,9,Y,2026-08-15T09:17:42.571Z
2024,graduate,0000061,대구대학교,경북,사립,대학원,1525,0,1435,1182,253,77.5,94.1,6,6,Y,2026-08-15T09:17:42.571Z
2024,graduate,0000042,대구한의대학교,경북,사립,대학원,401,0,427,391,36,97.5,106.5,3,3,Y,2026-08-15T09:17:42.571Z
2024,graduate,0000065,대신대학교,경북,사립,대학원,220,0,201,195,6,88.6,91.4,2,2,Y,2026-08-15T09:17:42.571Z
2024,graduate,0000076,동양대학교,경북,사립,대학원,288,0,223,203,20,70.5,77.4,3,3,Y,2026-08-15T09:17:42.571Z
2024,graduate,0000586,신경주대학교,경북,사립,대학원,191.5,5,101,101,0,54.2,54.2,2,2,Y,2026-08-15T09:17:42.571Z
2024,graduate,0000111,영남대학교,경북,사립,대학원,3188,0,2449,1872,577,58.7,76.8,8,8,Y,2026-08-15T09:17:42.571Z
2024,graduate,0000112,영남신학대학교,경북,사립,대학원,312,0,293,292,1,93.6,93.9,7,7,Y,2026-08-15T09:17:42.571Z
2024,graduate,0000119,위덕대학교,경북,사립,대학원,272.5,0,217,208,9,76.3,79.6,5,5,Y,2026-08-15T09:17:42.571Z
2024,graduate,0000140,포항공과대학교,경북,사립,대학원,2399,0,2090,1984,106,82.7,87.1,3,3,Y,2026-08-15T09:17:42.571Z
2024,graduate,0000146,한동대학교,경북,사립,대학원,480,0,419,382,37,79.6,87.3,7,7,Y,2026-08-15T09:17:42.571Z
2024,graduate,0000052,광신대학교,광주,사립,대학원,593,0,525,515,10,86.8,88.5,6,6,Y,2026-08-15T09:17:42.571Z
2024,graduate,0000176,광주대학교,광주,사립,대학원,400,0,438,399,39,99.8,109.5,3,3,Y,2026-08-15T09:17:42.571Z
2024,graduate,0000055,광주여자대학교,광주,사립,대학원,217.5,0,245,201,44,92.4,112.6,3,3,Y,2026-08-15T09:17:42.571Z
2024,graduate,0000162,남부대학교,광주,사립,대학원,350,0,424,385,39,110,121.1,3,3,Y,2026-08-15T09:17:42.571Z
2024,graduate,0000187,송원대학교,광주,사립,대학원,100,0,149,134,15,134,149,1,1,Y,2026-08-15T09:17:42.571Z
2024,graduate,0000127,조선대학교,광주,사립,대학원,1991,0,1343,1209,134,60.7,67.5,8,8,Y,2026-08-15T09:17:42.571Z
2024,graduate,0000157,호남대학교,광주,사립,대학원,607,0,964,507,457,83.5,158.8,3,3,Y,2026-08-15T09:17:42.571Z
2024,graduate,0000158,호남신학대학교,광주,사립,대학원,459,0,250,250,0,54.5,54.5,5,5,Y,2026-08-15T09:17:42.571Z
2024,graduate,0000048,계명대학교,대구,사립,대학원,2276.5,0,1906,1521,385,66.8,83.7,9,9,Y,2026-08-15T09:17:42.571Z
2024,graduate,0000038,건양대학교,대전,사립,대학원,583.5,0,597,527,70,90.3,102.3,6,6,Y,2026-08-15T09:17:42.571Z
2024,graduate,0000067,대전대학교,대전,사립,대학원,688,0,579,512,67,74.4,84.2,4,4,Y,2026-08-15T09:17:42.571Z
2024,graduate,0000182,대전신학대학교,대전,사립,대학원,170,0,126,126,0,74.1,74.1,2,2,Y,2026-08-15T09:17:42.571Z
2024,graduate,0000080,목원대학교,대전,사립,대학원,732,0,637,342,295,46.7,87,3,3,Y,2026-08-15T09:17:42.571Z
2024,graduate,0000081,배재대학교,대전,사립,대학원,543,0,545,354,191,65.2,100.4,4,4,Y,2026-08-15T09:17:42.571Z
2024,graduate,0000184,우송대학교,대전,사립,대학원,222,0,785,180,605,81.1,353.6,6,6,Y,2026-08-15T09:17:42.571Z
2024,graduate,0000551,한국침례신학대학교,대전,사립,대학원,793,0,659,655,4,82.6,83.1,4,4,Y,2026-08-15T09:17:42.571Z
2024,graduate,0000145,한남대학교,대전,사립,대학원,1049.5,0,951,649,302,61.8,90.6,8,6,Y,2026-08-15T09:17:42.571Z
2024,graduate,0000043,경성대학교,부산,사립,대학원,861,0,656,337,319,39.1,76.2,3,3,Y,2026-08-15T09:17:42.571Z
2024,graduate,0000050,고신대학교,부산,사립,대학원,1095.5,0,698,675,23,61.6,63.7,8,8,Y,2026-08-15T09:17:42.571Z
2024,graduate,0000180,동명대학교,부산,사립,대학원,314,0,551,275,276,87.6,175.5,2,2,Y,2026-08-15T09:17:42.571Z
2024,graduate,0000073,동서대학교,부산,사립,대학원,285,0,424,173,251,60.7,148.8,3,3,Y,2026-08-15T09:17:42.571Z
2024,graduate,0000075,동아대학교,부산,사립,대학원,2359.5,0,1980,1568,412,66.5,83.9,7,7,Y,2026-08-15T09:17:42.571Z
2024,graduate,0000077,동의대학교,부산,사립,대학원,914,0,812,714,98,78.1,88.8,7,7,Y,2026-08-15T09:17:42.571Z
2024,graduate,0000082,부산가톨릭대학교,부산,사립,대학원,314,0,289,253,36,80.6,92,2,2,Y,2026-08-15T09:17:42.571Z
2024,graduate,0000083,부산외국어대학교,부산,사립,대학원,550,0,600,274,326,49.8,109.1,4,4,Y,2026-08-15T09:17:42.571Z
2024,graduate,0000106,신라대학교,부산,사립,대학원,625,0,821,496,325,79.4,131.4,5,5,Y,2026-08-15T09:17:42.571Z
2024,graduate,0000181,영산대학교,부산,사립,대학원,230,0,340,191,149,83,147.8,7,7,Y,2026-08-15T09:17:42.571Z
2024,graduate,0000035,감리교신학대학교,서울,사립,대학원,662,0,629,625,4,94.4,95,3,3,Y,2026-08-15T09:17:42.571Z
2024,graduate,0000565,강서대학교,서울,사립,대학원,165.5,0,144,81,63,48.9,87,4,4,Y,2026-08-15T09:17:42.571Z
2024,graduate,0000037,건국대학교,서울,사립,대학원,4986.5,0,4768,4428,340,88.8,95.6,17,17,Y,2026-08-15T09:17:42.571Z
2024,graduate,0000047,경희대학교,서울,사립,대학원,6033,0,8817,5374,3443,89.1,146.1,15,15,Y,2026-08-15T09:17:42.571Z
2024,graduate,0000049,고려대학교,서울,사립,대학원,11140.5,0,10948,9778,1170,87.8,98.3,26,25,Y,2026-08-15T09:17:42.571Z
2024,graduate,0000053,광운대학교,서울,사립,대학원,1570.5,0,1505,1265,240,80.5,95.8,7,7,Y,2026-08-15T09:17:42.571Z
2024,graduate,0000056,국민대학교,서울,사립,대학원,3104.5,0,3566,2594,972,83.6,114.9,16,15,Y,2026-08-15T09:17:42.571Z
2024,graduate,0000070,덕성여자대학교,서울,사립,대학원,432.5,0,329,258,71,59.7,76.1,3,3,Y,2026-08-15T09:17:42.571Z
2024,graduate,0000071,동국대학교,서울,사립,대학원,4443,0,4837,3512,1325,79,108.9,17,17,Y,2026-08-15T09:17:42.571Z
2024,graduate,0000072,동덕여자대학교,서울,사립,대학원,464.5,0,303,280,23,60.3,65.2,5,4,Y,2026-08-15T09:17:42.571Z
2024,graduate,0000131,백석대학교,서울,사립,대학원,2208,0,2577,2189,388,99.1,116.7,8,8,Y,2026-08-15T09:17:42.571Z
2024,graduate,0000084,삼육대학교,서울,사립,대학원,495.5,0,708,434,274,87.6,142.9,4,4,Y,2026-08-15T09:17:42.571Z
2024,graduate,0000085,상명대학교,서울,사립,대학원,1172.5,0,1072,889,183,75.8,91.4,6,6,Y,2026-08-15T09:17:42.571Z
2024,graduate,0000087,서강대학교,서울,사립,대학원,3728,0,3641,3015,626,80.9,97.7,12,11,Y,2026-08-15T09:17:42.571Z
2024,graduate,0000088,서경대학교,서울,사립,대학원,429,0,591,361,230,84.1,137.8,6,6,Y,2026-08-15T09:17:42.571Z
2024,graduate,0000069,서울기독대학교,서울,사립,대학원,276,0,176,152,24,55.1,63.8,6,6,Y,2026-08-15T09:17:42.571Z
2024,graduate,0000091,서울여자대학교,서울,사립,대학원,629.5,0,254,253,1,40.2,40.3,3,3,Y,2026-08-15T09:17:42.571Z
2024,graduate,0000539,서울한영대학교,서울,사립,대학원,201,0,321,139,182,69.2,159.7,3,3,Y,2026-08-15T09:17:42.571Z
2024,graduate,0000096,성공회대학교,서울,사립,대학원,465,0,233,221,12,47.5,50.1,7,7,Y,2026-08-15T09:17:42.571Z
2024,graduate,0000097,성균관대학교,서울,사립,대학원,8117,0,8902,7019,1883,86.5,109.7,17,17,Y,2026-08-15T09:17:42.571Z
2024,graduate,0000098,성신여자대학교,서울,사립,대학원,1071,0,823,668,155,62.4,76.8,5,5,Y,2026-08-15T09:17:42.571Z
2024,graduate,0000100,세종대학교,서울,사립,대학원,2805,0,3564,2050,1514,73.1,127.1,7,7,Y,2026-08-15T09:17:42.571Z
2024,graduate,0000103,숙명여자대학교,서울,사립,대학원,3118.5,0,2392,2238,154,71.8,76.7,10,10,Y,2026-08-15T09:17:42.571Z
2024,graduate,0000105,숭실대학교,서울,사립,대학원,2333,0,2963,2150,813,92.2,127,8,8,Y,2026-08-15T09:17:42.571Z
2024,graduate,0000110,연세대학교,서울,사립,대학원,11126.5,0,13708,11299,2409,101.6,123.2,20,20,Y,2026-08-15T09:17:42.571Z
2024,graduate,0000121,이화여자대학교,서울,사립,대학원,6509.5,0,6190,5464,726,83.9,95.1,15,15,Y,2026-08-15T09:17:42.571Z
2024,graduate,0000125,장로회신학대학교,서울,사립,대학원,1517.5,0,1477,1453,24,95.7,97.3,6,6,Y,2026-08-15T09:17:42.571Z
2024,graduate,0000129,중앙대학교,서울,사립,대학원,5657.5,0,5852,4791,1061,84.7,103.4,19,19,Y,2026-08-15T09:17:42.571Z
2024,graduate,0000133,총신대학교,서울,사립,대학원,1815.5,0,1879,1702,177,93.7,103.5,9,9,Y,2026-08-15T09:17:42.571Z
2024,graduate,0000134,추계예술대학교,서울,사립,대학원,216,0,178,96,82,44.4,82.4,2,2,Y,2026-08-15T09:17:42.571Z
2024,graduate,0000142,한국성서대학교,서울,사립,대학원,190,0,155,147,8,77.4,81.6,4,4,Y,2026-08-15T09:17:42.571Z
2024,graduate,0000143,한국외국어대학교,서울,사립,대학원,2964,0,2448,2005,443,67.6,82.6,10,9,Y,2026-08-15T09:17:42.571Z
2024,graduate,0000150,한성대학교,서울,사립,대학원,886,0,1005,606,399,68.4,113.4,8,8,Y,2026-08-15T09:17:42.571Z
2024,graduate,0000153,한양대학교,서울,사립,대학원,9263,0,10165,7837,2328,84.6,109.7,19,19,Y,2026-08-15T09:17:42.571Z
2024,graduate,0000160,홍익대학교,서울,사립,대학원,3676,0,4093,3503,590,95.3,111.3,15,15,Y,2026-08-15T09:17:42.571Z
2024,graduate,0000066,대전가톨릭대학교,세종,사립,대학원,90,0,20,20,0,22.2,22.2,1,1,Y,2026-08-15T09:17:42.571Z
2024,graduate,0000117,울산대학교,울산,사립,대학원,2069,0,1790,1609,181,77.8,86.5,5,5,Y,2026-08-15T09:17:42.571Z
2024,graduate,0000123,인천가톨릭대학교,인천,사립,대학원,200,0,69,69,0,34.5,34.5,2,2,Y,2026-08-15T09:17:42.571Z
2024,graduate,0000124,인하대학교,인천,사립,대학원,3371,0,3412,3101,311,92,101.2,10,10,Y,2026-08-15T09:17:42.571Z
2024,graduate,0000054,광주가톨릭대학교,전남,사립,대학원,90,0,39,39,0,43.3,43.3,1,1,Y,2026-08-15T09:17:42.571Z
2024,graduate,0000074,동신대학교,전남,사립,대학원,508.5,0,1029,528,501,103.8,202.4,3,3,Y,2026-08-15T09:17:42.571Z
2024,graduate,0000064,세한대학교,전남,사립,대학원,110,0,721,35,686,31.8,655.5,1,1,Y,2026-08-15T09:17:42.571Z
2024,graduate,0000190,초당대학교,전남,사립,대학원,100,0,281,84,197,84,281,2,2,Y,2026-08-15T09:17:42.571Z
2024,graduate,0000173,예수대학교,전북,사립,대학원,20,0,10,10,0,50,50,1,1,Y,2026-08-15T09:17:42.571Z
2024,graduate,0000164,예원예술대학교,전북,사립,대학원,170,0,286,114,172,67.1,168.2,3,3,Y,2026-08-15T09:17:42.571Z
2024,graduate,0000116,우석대학교,전북,사립,대학원,577.5,0,791,495,296,85.7,137,6,4,Y,2026-08-15T09:17:42.571Z
2024,graduate,0000118,원광대학교,전북,사립,대학원,1560.5,0,1100,1026,74,65.7,70.5,6,6,Y,2026-08-15T09:17:42.571Z
2024,graduate,0000126,전주대학교,전북,사립,대학원,875,0,779,657,122,75.1,89,7,7,Y,2026-08-15T09:17:42.571Z
2024,graduate,0000155,한일장신대학교,전북,사립,대학원,315,0,188,188,0,59.7,59.7,7,7,Y,2026-08-15T09:17:42.571Z
2024,graduate,0000192,제주국제대학교,제주,사립,대학원,342.5,0,225,221,4,64.5,65.7,4,4,Y,2026-08-15T09:17:42.571Z
2024,graduate,0000169,금강대학교,충남,사립,대학원,32.5,0,16,16,0,49.2,49.2,1,1,Y,2026-08-15T09:17:42.571Z
2024,graduate,0000059,나사렛대학교,충남,사립,대학원,273,0,233,216,17,79.1,85.3,4,4,Y,2026-08-15T09:17:42.571Z
2024,graduate,0000189,남서울대학교,충남,사립,대학원,390,0,822,309,513,79.2,210.8,3,3,Y,2026-08-15T09:17:42.571Z
2024,graduate,0000094,선문대학교,충남,사립,대학원,655.5,0,601,414,187,63.2,91.7,3,3,Y,2026-08-15T09:17:42.571Z
2024,graduate,0000104,순천향대학교,충남,사립,대학원,1178,0,1240,1029,211,87.4,105.3,6,6,Y,2026-08-15T09:17:42.571Z
2024,graduate,0000128,중부대학교,충남,사립,대학원,1192,0,2153,1235,918,103.6,180.6,4,4,Y,2026-08-15T09:17:42.571Z
2024,graduate,0000225,청운대학교,충남,사립,대학원,120,0,491,97,394,80.8,409.2,1,1,Y,2026-08-15T09:17:42.571Z
2024,graduate,0000141,한국기술교육대학교,충남,사립,대학원,488,0,570,355,215,72.7,116.8,3,3,Y,2026-08-15T09:17:42.571Z
2024,graduate,0000149,한서대학교,충남,사립,대학원,400,0,490,289,201,72.3,122.5,5,5,Y,2026-08-15T09:17:42.571Z
2024,graduate,0000159,호서대학교,충남,사립,대학원,1304.5,0,1670,1161,509,89,128,11,11,Y,2026-08-15T09:17:42.571Z
2024,graduate,0000557,가톨릭꽃동네대학교,충북,사립,대학원,100,0,64,64,0,64,64,2,2,Y,2026-08-15T09:17:42.571Z
2024,graduate,0000058,극동대학교,충북,사립,대학원,251.5,0,256,195,61,77.5,101.8,3,3,Y,2026-08-15T09:17:42.571Z
2024,graduate,0000093,서원대학교,충북,사립,대학원,201.5,0,183,139,44,69,90.8,3,3,Y,2026-08-15T09:17:42.571Z
2024,graduate,0000099,세명대학교,충북,사립,대학원,289.5,0,462,260,202,89.8,159.6,3,3,Y,2026-08-15T09:17:42.571Z
2024,graduate,0000113,유원대학교,충북,사립,대학원,60,0,72,72,0,120,120,1,1,Y,2026-08-15T09:17:42.571Z
2024,graduate,0000183,중원대학교,충북,사립,대학원,188,0,223,171,52,91,118.6,3,3,Y,2026-08-15T09:17:42.571Z
2024,graduate,0000132,청주대학교,충북,사립,대학원,550.5,0,885,382,503,69.4,160.8,5,5,Y,2026-08-15T09:17:42.571Z
2024,combined,0000513,가톨릭관동대학교,강원,사립,대학,8267.5,0,6001.5,5536.5,465,67,72.6,1,4,Y,2026-08-15T09:17:42.571Z
2024,combined,0000041,경동대학교,강원,사립,대학,6513,0,6933.5,5652,1281.5,86.8,106.5,4,0,Y,2026-08-15T09:17:42.571Z
2024,combined,0000086,상지대학교,강원,사립,대학,8592,0,6257,5782.5,474.5,67.3,72.8,1,5,Y,2026-08-15T09:17:42.571Z
2024,combined,0000147,한라대학교,강원,사립,대학,3615,0,3098,2702.5,395.5,74.8,85.7,1,1,Y,2026-08-15T09:17:42.571Z
2024,combined,0000148,한림대학교,강원,사립,대학,8215,0,7821.5,7186,635.5,87.5,95.2,1,8,Y,2026-08-15T09:17:42.571Z
2024,combined,0000044,가천대학교,경기,사립,대학,18480,0,23948,17561,6387,95,129.6,1,9,Y,2026-08-15T09:17:42.571Z
2024,combined,0000034,가톨릭대학교,경기,사립,대학,10071.5,0,10714,8894,1820,88.3,106.4,3,16,Y,2026-08-15T09:17:42.571Z
2024,combined,0000036,강남대학교,경기,사립,대학,6568,0,6424,5987,437,91.2,97.8,1,4,Y,2026-08-15T09:17:42.571Z
2024,combined,0000039,경기대학교,경기,사립,대학,14145,1,15696,13519,2177,95.6,111,2,10,Y,2026-08-15T09:17:42.571Z
2024,combined,0000060,단국대학교,경기,사립,대학,23330.5,0,25400,21989,3411,94.3,108.9,2,13,Y,2026-08-15T09:17:42.571Z
2024,combined,0000068,대진대학교,경기,사립,대학,7484.5,0,7446,6537.5,908.5,87.3,99.5,1,5,Y,2026-08-15T09:17:42.571Z
2024,combined,0000078,루터대학교,경기,사립,대학,405,0,361.5,354.5,7,87.5,89.3,1,1,Y,2026-08-15T09:17:42.571Z
2024,combined,0000079,명지대학교,경기,사립,대학,13050,0.5,15365,11950.5,3414.5,91.6,117.7,2,9,Y,2026-08-15T09:17:42.571Z
2024,combined,0000090,서울신학대학교,경기,사립,대학,2650.5,0,2599,2476.5,122.5,93.4,98.1,1,6,Y,2026-08-15T09:17:42.571Z
2024,combined,0000092,서울장신대학교,경기,사립,대학,752,0,558,544.5,13.5,72.4,74.2,1,7,Y,2026-08-15T09:17:42.571Z
2024,combined,0000095,성결대학교,경기,사립,대학,5469.5,0,5462,5092.5,369.5,93.1,99.9,1,5,Y,2026-08-15T09:17:42.571Z
2024,combined,0000101,수원가톨릭대학교,경기,사립,대학,435,0,158.5,151.5,7,34.8,36.4,1,1,Y,2026-08-15T09:17:42.571Z
2024,combined,0000102,수원대학교,경기,사립,대학,9825,0,8789.5,8216.5,573,83.6,89.5,1,13,Y,2026-08-15T09:17:42.571Z
2024,combined,0000509,신한대학교,경기,사립,대학,5955,0,6713,5519,1194,92.7,112.7,2,2,Y,2026-08-15T09:17:42.571Z
2024,combined,0000558,아신대학교,경기,사립,대학,1339.5,0,850,783.5,66.5,58.5,63.5,1,6,Y,2026-08-15T09:17:42.571Z
2024,combined,0000108,아주대학교,경기,사립,대학,11873,0,13536,11244,2292,94.7,114,1,14,Y,2026-08-15T09:17:42.571Z
2024,combined,0000109,안양대학교,경기,사립,대학,5320,0,4969,4558,411,85.7,93.4,2,6,Y,2026-08-15T09:17:42.571Z
2024,combined,0000115,용인대학교,경기,사립,대학,5921,32,5799,5431.5,367.5,92.2,98.5,1,7,Y,2026-08-15T09:17:42.571Z
2024,combined,0000130,중앙승가대학교,경기,사립,대학,570,0,132,132,0,23.2,23.2,1,1,Y,2026-08-15T09:17:42.571Z
2024,combined,0000139,차의과학대학교,경기,사립,대학,3194.5,0,3163.5,2914.5,249,91.2,99,1,9,Y,2026-08-15T09:17:42.571Z
2024,combined,0000136,칼빈대학교,경기,사립,대학,610,0,2026.5,497.5,1529,81.6,332.2,1,2,Y,2026-08-15T09:17:42.571Z
2024,combined,0000138,평택대학교,경기,사립,대학,3869.5,42,3419.5,3176.5,243,83,89.3,1,6,Y,2026-08-15T09:17:42.571Z
2024,combined,0000562,한국공학대학교,경기,사립,대학,5896,0,7401.5,5823.5,1578,98.8,125.5,1,4,Y,2026-08-15T09:17:42.571Z
2024,combined,0000144,한국항공대학교,경기,사립,대학,4081.5,0,4511,3887.5,623.5,95.2,110.5,1,3,Y,2026-08-15T09:17:42.571Z
2024,combined,0000151,한세대학교,경기,사립,대학,3119,0,3022.5,2676.5,346,85.8,96.9,1,6,Y,2026-08-15T09:17:42.571Z
2024,combined,0000152,한신대학교,경기,사립,대학,5222,0,5507.5,4992.5,515,95.6,105.5,1,6,Y,2026-08-15T09:17:42.571Z
2024,combined,0000156,협성대학교,경기,사립,대학,4244,0,3956,3637.5,318.5,85.7,93.2,1,4,Y,2026-08-15T09:17:42.571Z
2024,combined,0000567,화성의과학대학교,경기,사립,대학,1002,13,401.5,382.5,19,38.7,40.6,1,0,Y,2026-08-15T09:17:42.571Z
2024,combined,0000032,가야대학교,경남,사립,대학,2130.5,0,1738,1560,178,73.2,81.6,2,4,Y,2026-08-15T09:17:42.571Z
2024,combined,0000040,경남대학교,경남,사립,대학,10825,0,10048.5,9082,966.5,83.9,92.8,1,4,Y,2026-08-15T09:17:42.571Z
2024,combined,0000167,부산장신대학교,경남,사립,대학,401.5,0,308,303.5,4.5,75.6,76.7,1,5,Y,2026-08-15T09:17:42.571Z
2024,combined,0000122,인제대학교,경남,사립,대학,9080,0,8116.5,7234.5,882,79.7,89.4,2,6,Y,2026-08-15T09:17:42.571Z
2024,combined,0000193,창신대학교,경남,사립,대학,1835,0,1965.5,1718,247.5,93.6,107.1,1,3,Y,2026-08-15T09:17:42.571Z
2024,combined,0000188,경운대학교,경북,사립,대학,4896,0,4679,4306,373,87.9,95.6,1,3,Y,2026-08-15T09:17:42.571Z
2024,combined,0000045,경일대학교,경북,사립,대학,6473.5,0,7077,5960,1117,92.1,109.3,1,2,Y,2026-08-15T09:17:42.571Z
2024,combined,0000185,김천대학교,경북,사립,대학,2759,0,2315.5,1987,328.5,72,83.9,1,3,Y,2026-08-15T09:17:42.571Z
2024,combined,0000063,대구가톨릭대학교,경북,사립,대학,12587,0,11921.5,10831.5,1090,86.1,94.7,1,9,Y,2026-08-15T09:17:42.571Z
2024,combined,0000061,대구대학교,경북,사립,대학,17196.5,0,16655.5,14019,2636.5,81.5,96.9,1,6,Y,2026-08-15T09:17:42.571Z
2024,combined,0000062,대구예술대학교,경북,사립,대학,1412,17,328.5,323.5,5,23.2,23.5,1,0,Y,2026-08-15T09:17:42.571Z
2024,combined,0000042,대구한의대학교,경북,사립,대학,6628,0,6927,5634.5,1292.5,85,104.5,1,3,Y,2026-08-15T09:17:42.571Z
2024,combined,0000065,대신대학교,경북,사립,대학,684,0,641.5,601.5,40,87.9,93.8,1,2,Y,2026-08-15T09:17:42.571Z
2024,combined,0000076,동양대학교,경북,사립,대학,4247,0,4086,3676.5,409.5,86.6,96.2,2,3,Y,2026-08-15T09:17:42.571Z
2024,combined,0000586,신경주대학교,경북,사립,대학,3285,211,743.5,685,58.5,22.3,24.2,1,2,Y,2026-08-15T09:17:42.571Z
2024,combined,0000111,영남대학교,경북,사립,대학,21776.5,0,22105.5,19506.5,2599,89.6,101.5,1,8,Y,2026-08-15T09:17:42.571Z
2024,combined,0000112,영남신학대학교,경북,사립,대학,772,0,610.5,601.5,9,77.9,79.1,1,7,Y,2026-08-15T09:17:42.571Z
2024,combined,0000119,위덕대학교,경북,사립,대학,3052.5,0,2415.5,2319.5,96,76,79.1,1,5,Y,2026-08-15T09:17:42.571Z
2024,combined,0000140,포항공과대학교,경북,사립,대학,3679,0,3486.5,3279.5,207,89.1,94.8,1,3,Y,2026-08-15T09:17:42.571Z
2024,combined,0000146,한동대학교,경북,사립,대학,3396,0,4189.5,3648.5,541,107.4,123.4,1,7,Y,2026-08-15T09:17:42.571Z
2024,combined,0000052,광신대학교,광주,사립,대학,1072.5,0,952.5,930.5,22,86.8,88.8,1,6,Y,2026-08-15T09:17:42.571Z
2024,combined,0000176,광주대학교,광주,사립,대학,6353.5,0,5773.5,5281,492.5,83.1,90.9,1,3,Y,2026-08-15T09:17:42.571Z
2024,combined,0000055,광주여자대학교,광주,사립,대학,3850.5,0,3480.5,3130.5,350,81.3,90.4,1,3,Y,2026-08-15T09:17:42.571Z
2024,combined,0000162,남부대학교,광주,사립,대학,2940,0,3026,2635.5,390.5,89.6,102.9,1,3,Y,2026-08-15T09:17:42.571Z
2024,combined,0000187,송원대학교,광주,사립,대학,2877.5,0,2864,2469.5,394.5,85.8,99.5,1,1,Y,2026-08-15T09:17:42.571Z
2024,combined,0000127,조선대학교,광주,사립,대학,19947,0,18725.5,17085,1640.5,85.7,93.9,1,8,Y,2026-08-15T09:17:42.571Z
2024,combined,0000157,호남대학교,광주,사립,대학,6765,0,7648,5879.5,1768.5,86.9,113.1,1,3,Y,2026-08-15T09:17:42.571Z
2024,combined,0000158,호남신학대학교,광주,사립,대학,963,0,658.5,655.5,3,68.1,68.4,1,5,Y,2026-08-15T09:17:42.571Z
2024,combined,0000048,계명대학교,대구,사립,대학,20960.5,0,21727,19029.5,2697.5,90.8,103.7,1,9,Y,2026-08-15T09:17:42.571Z
2024,combined,0000067,대전대학교,대전,사립,대학,8623.5,0,8434.5,7691.5,743,89.2,97.8,1,4,Y,2026-08-15T09:17:42.571Z
2024,combined,0000182,대전신학대학교,대전,사립,대학,298,0,171.5,171.5,0,57.6,57.6,1,2,Y,2026-08-15T09:17:42.571Z
2024,combined,0000080,목원대학교,대전,사립,대학,8057.5,0,7549,6733,816,83.6,93.7,1,3,Y,2026-08-15T09:17:42.571Z
2024,combined,0000081,배재대학교,대전,사립,대학,8425.5,0,7872,7183,689,85.3,93.4,1,4,Y,2026-08-15T09:17:42.571Z
2024,combined,0000184,우송대학교,대전,사립,대학,8238,0,10126.5,7452,2674.5,90.5,122.9,1,6,Y,2026-08-15T09:17:42.571Z
2024,combined,0000120,을지대학교,대전,사립,대학,4567,0,4790,4382,408,95.9,104.9,3,3,Y,2026-08-15T09:17:42.571Z
2024,combined,0000551,한국침례신학대학교,대전,사립,대학,1856,0,1410,1383,27,74.5,76,1,4,Y,2026-08-15T09:17:42.571Z
2024,combined,0000145,한남대학교,대전,사립,대학,11962.5,0,11912,10629,1283,88.9,99.6,1,6,Y,2026-08-15T09:17:42.571Z
2024,combined,0000043,경성대학교,부산,사립,대학,11993.5,0,12498.5,10260.5,2238,85.6,104.2,1,3,Y,2026-08-15T09:17:42.571Z
2024,combined,0000050,고신대학교,부산,사립,대학,4715.5,0,3616,3486.5,129.5,73.9,76.7,1,8,Y,2026-08-15T09:17:42.571Z
2024,combined,0000180,동명대학교,부산,사립,대학,7053.5,0,7263.5,5990.5,1273,84.9,103,1,2,Y,2026-08-15T09:17:42.571Z
2024,combined,0000073,동서대학교,부산,사립,대학,9062.5,0,8980.5,7767.5,1213,85.7,99.1,1,3,Y,2026-08-15T09:17:42.571Z
2024,combined,0000075,동아대학교,부산,사립,대학,18744.5,0,19301.5,17235.5,2066,91.9,103,1,7,Y,2026-08-15T09:17:42.571Z
2024,combined,0000077,동의대학교,부산,사립,대학,15355.5,0,14627.5,13270.5,1357,86.4,95.3,1,7,Y,2026-08-15T09:17:42.571Z
2024,combined,0000082,부산가톨릭대학교,부산,사립,대학,3478.5,0,3751.5,3123.5,628,89.8,107.8,1,2,Y,2026-08-15T09:17:42.571Z
2024,combined,0000083,부산외국어대학교,부산,사립,대학,7134.5,0,6941,5850.5,1090.5,82,97.3,1,4,Y,2026-08-15T09:17:42.571Z
2024,combined,0000106,신라대학교,부산,사립,대학,8284,0,7313,6292.5,1020.5,76,88.3,1,5,Y,2026-08-15T09:17:42.571Z
2024,combined,0000181,영산대학교,부산,사립,대학,5882.5,0,5798.5,4896,902.5,83.2,98.6,2,7,Y,2026-08-15T09:17:42.571Z
2024,combined,0000035,감리교신학대학교,서울,사립,대학,1393,0,1204.5,1180.5,24,84.7,86.5,1,3,Y,2026-08-15T09:17:42.571Z
2024,combined,0000565,강서대학교,서울,사립,대학,1273.5,0,1737,1099.5,637.5,86.3,136.4,1,4,Y,2026-08-15T09:17:42.571Z
2024,combined,0000037,건국대학교,서울,사립,대학,23370.5,0,26394.5,22766,3628.5,97.4,112.9,2,17,Y,2026-08-15T09:17:42.571Z
2024,combined,0000047,경희대학교,서울,사립,대학,25896,0,33055.5,24132.5,8923,93.2,127.6,1,15,Y,2026-08-15T09:17:42.571Z
2024,combined,0000049,고려대학교,서울,사립,대학,32675.5,0,36713,30514.5,6198.5,93.4,112.4,2,25,Y,2026-08-15T09:17:42.571Z
2024,combined,0000053,광운대학교,서울,사립,대학,8403.5,0,9580,7617.5,1962.5,90.6,114,1,7,Y,2026-08-15T09:17:42.571Z
2024,combined,0000056,국민대학교,서울,사립,대학,14871.5,0,17712,13953.5,3758.5,93.8,119.1,1,15,Y,2026-08-15T09:17:42.571Z
2024,combined,0000070,덕성여자대학교,서울,사립,대학,4940,0,5547,4907,640,99.3,112.3,1,3,Y,2026-08-15T09:17:42.571Z
2024,combined,0000071,동국대학교,서울,사립,대학,22754.5,0,24165.5,19903,4262.5,87.5,106.2,2,17,Y,2026-08-15T09:17:42.571Z
2024,combined,0000072,동덕여자대학교,서울,사립,대학,6727.5,0,6982.5,6117.5,865,90.9,103.8,1,4,Y,2026-08-15T09:17:42.571Z
2024,combined,0000084,삼육대학교,서울,사립,대학,5116,0,5874,4985,889,97.4,114.8,1,4,Y,2026-08-15T09:17:42.571Z
2024,combined,0000085,상명대학교,서울,사립,대학,12017.5,0,12343.5,10777,1566.5,89.7,102.7,2,6,Y,2026-08-15T09:17:42.571Z
2024,combined,0000087,서강대학교,서울,사립,대학,10066,0,11376,9139.5,2236.5,90.8,113,1,11,Y,2026-08-15T09:17:42.571Z
2024,combined,0000088,서경대학교,서울,사립,대학,5565,0,7047.5,5207,1840.5,93.6,126.6,1,6,Y,2026-08-15T09:17:42.571Z
2024,combined,0000069,서울기독대학교,서울,사립,대학,820,0,681,530,151,64.6,83,1,6,Y,2026-08-15T09:17:42.571Z
2024,combined,0000091,서울여자대학교,서울,사립,대학,7190.5,0,7039.5,6300,739.5,87.6,97.9,1,3,Y,2026-08-15T09:17:42.571Z
2024,combined,0000539,서울한영대학교,서울,사립,대학,921,0,894.5,662,232.5,71.9,97.1,1,3,Y,2026-08-15T09:17:42.571Z
2024,combined,0000096,성공회대학교,서울,사립,대학,2473,0,2150.5,2020.5,130,81.7,87,1,7,Y,2026-08-15T09:17:42.571Z
2024,combined,0000097,성균관대학교,서울,사립,대학,21716,0,27372,20445,6927,94.1,126,1,17,Y,2026-08-15T09:17:42.571Z
2024,combined,0000098,성신여자대학교,서울,사립,대학,9830,0,9776.5,8718.5,1058,88.7,99.5,1,5,Y,2026-08-15T09:17:42.571Z
2024,combined,0000100,세종대학교,서울,사립,대학,12428,0,15684,11524,4160,92.7,126.2,1,7,Y,2026-08-15T09:17:42.571Z
2024,combined,0000103,숙명여자대학교,서울,사립,대학,11818.5,0,12314,10643.5,1670.5,90.1,104.2,1,10,Y,2026-08-15T09:17:42.571Z
2024,combined,0000105,숭실대학교,서울,사립,대학,13138,1.5,16979.5,12793.5,4186,97.4,129.3,1,8,Y,2026-08-15T09:17:42.571Z
2024,combined,0000110,연세대학교,서울,사립,대학,30931,0,39623,31171,8452,100.8,128.1,2,20,Y,2026-08-15T09:17:42.571Z
2024,combined,0000121,이화여자대학교,서울,사립,대학,19301.5,0,21318.5,18256,3062.5,94.6,110.4,1,15,Y,2026-08-15T09:17:42.571Z
2024,combined,0000125,장로회신학대학교,서울,사립,대학,2117.5,0,2080,2027,53,95.7,98.2,1,6,Y,2026-08-15T09:17:42.571Z
2024,combined,0000129,중앙대학교,서울,사립,대학,23708.5,0,28489,22104,6385,93.2,120.2,2,19,Y,2026-08-15T09:17:42.571Z
2024,combined,0000133,총신대학교,서울,사립,대학,3057,0,3215,2912.5,302.5,95.3,105.2,1,9,Y,2026-08-15T09:17:42.571Z
2024,combined,0000134,추계예술대학교,서울,사립,대학,1225.5,0,1244.5,1087.5,157,88.7,101.6,1,2,Y,2026-08-15T09:17:42.571Z
2024,combined,0000142,한국성서대학교,서울,사립,대학,1082,0,1093,1007.5,85.5,93.1,101,1,4,Y,2026-08-15T09:17:42.571Z
2024,combined,0000143,한국외국어대학교,서울,사립,대학,16521,0,18414,15197,3217,92,111.5,1,9,Y,2026-08-15T09:17:42.571Z
2024,combined,0000150,한성대학교,서울,사립,대학,6738,0,7740.5,6319,1421.5,93.8,114.9,1,8,Y,2026-08-15T09:17:42.571Z
2024,combined,0000153,한양대학교,서울,사립,대학,28700.5,0,35937,26187.5,9749.5,91.2,125.2,2,19,Y,2026-08-15T09:17:42.571Z
2024,combined,0000160,홍익대학교,서울,사립,대학,18571.5,0,21488,17970,3518,96.8,115.7,2,15,Y,2026-08-15T09:17:42.571Z
2024,combined,0000066,대전가톨릭대학교,세종,사립,대학,250,0,54,53.5,0.5,21.4,21.6,1,1,Y,2026-08-15T09:17:42.571Z
2024,combined,0000117,울산대학교,울산,사립,대학,13064,0,12326.5,11383.5,943,87.1,94.4,1,5,Y,2026-08-15T09:17:42.571Z
2024,combined,0000123,인천가톨릭대학교,인천,사립,대학,862.5,0,724,674,50,78.1,83.9,2,2,Y,2026-08-15T09:17:42.571Z
2024,combined,0000124,인하대학교,인천,사립,대학,17569.5,0,20214,16879.5,3334.5,96.1,115.1,1,10,Y,2026-08-15T09:17:42.571Z
2024,combined,0000054,광주가톨릭대학교,전남,사립,대학,250,0,97,97,0,38.8,38.8,1,1,Y,2026-08-15T09:17:42.571Z
2024,combined,0000074,동신대학교,전남,사립,대학,6632.5,0,6343.5,5332,1011.5,80.4,95.6,1,3,Y,2026-08-15T09:17:42.571Z
2024,combined,0000166,목포가톨릭대학교,전남,사립,대학,480,0,489.5,462,27.5,96.3,102,1,0,Y,2026-08-15T09:17:42.571Z
2024,combined,0000064,세한대학교,전남,사립,대학,3426.5,0,4075.5,2719.5,1356,79.4,118.9,1,1,Y,2026-08-15T09:17:42.571Z
2024,combined,0000114,영산선학대학교,전남,사립,대학,200,0,25.5,24,1.5,12,12.8,1,0,Y,2026-08-15T09:17:42.571Z
2024,combined,0000190,초당대학교,전남,사립,대학,3055.5,0,2825.5,2423.5,402,79.3,92.5,1,2,Y,2026-08-15T09:17:42.571Z
2024,combined,0000173,예수대학교,전북,사립,대학,493.5,0,485.5,452.5,33,91.7,98.4,1,1,Y,2026-08-15T09:17:42.571Z
2024,combined,0000164,예원예술대학교,전북,사립,대학,1219.5,0,1581.5,884.5,697,72.5,129.7,2,3,Y,2026-08-15T09:17:42.571Z
2024,combined,0000116,우석대학교,전북,사립,대학,7265.5,0,7175.5,5710.5,1465,78.6,98.8,1,4,Y,2026-08-15T09:17:42.571Z
2024,combined,0000118,원광대학교,전북,사립,대학,15186.5,0,13501,12704.5,796.5,83.7,88.9,1,6,Y,2026-08-15T09:17:42.571Z
2024,combined,0000126,전주대학교,전북,사립,대학,11068,0,10772,9664,1108,87.3,97.3,1,7,Y,2026-08-15T09:17:42.571Z
2024,combined,0000155,한일장신대학교,전북,사립,대학,1191,0,911.5,881,30.5,74,76.5,1,7,Y,2026-08-15T09:17:42.571Z
2024,combined,0000223,호원대학교,전북,사립,대학,4427,0,4874,3368.5,1505.5,76.1,110.1,1,0,Y,2026-08-15T09:17:42.571Z
2024,combined,0000192,제주국제대학교,제주,사립,대학,1822.5,0,573.5,480,93.5,26.3,31.5,1,4,Y,2026-08-15T09:17:42.571Z
2024,combined,0000038,건양대학교,충남,사립,대학,7192.5,0,6872.5,6362,510.5,88.5,95.6,2,6,Y,2026-08-15T09:17:42.571Z
2024,combined,0000169,금강대학교,충남,사립,대학,472.5,0,142.5,142.5,0,30.2,30.2,1,1,Y,2026-08-15T09:17:42.571Z
2024,combined,0000059,나사렛대학교,충남,사립,대학,5107,60,4780.5,4256.5,524,84.3,94.7,1,4,Y,2026-08-15T09:17:42.571Z
2024,combined,0000189,남서울대학교,충남,사립,대학,9171.5,0,9475.5,7882.5,1593,85.9,103.3,1,3,Y,2026-08-15T09:17:42.571Z
2024,combined,0000131,백석대학교,충남,사립,대학,13968,0,13840,12396,1444,88.7,99.1,1,8,Y,2026-08-15T09:17:42.571Z
2024,combined,0000094,선문대학교,충남,사립,대학,8897,0,9011,7697.5,1313.5,86.5,101.3,1,3,Y,2026-08-15T09:17:42.571Z
2024,combined,0000104,순천향대학교,충남,사립,대학,10812,0,12111,10371,1740,95.9,112,1,6,Y,2026-08-15T09:17:42.571Z
2024,combined,0000128,중부대학교,충남,사립,대학,8657,0,9074.5,7291,1783.5,84.2,104.8,1,4,Y,2026-08-15T09:17:42.571Z
2024,combined,0000225,청운대학교,충남,사립,대학,4798,0,5869,4003,1866,83.4,122.3,1,1,Y,2026-08-15T09:17:42.571Z
2024,combined,0000141,한국기술교육대학교,충남,사립,대학,3832,0,4555,3798,757,99.1,118.9,1,3,Y,2026-08-15T09:17:42.571Z
2024,combined,0000149,한서대학교,충남,사립,대학,6663.5,0,6600.5,5841.5,759,87.7,99.1,1,5,Y,2026-08-15T09:17:42.571Z
2024,combined,0000159,호서대학교,충남,사립,대학,12867.5,0,13443,11873.5,1569.5,92.3,104.5,1,11,Y,2026-08-15T09:17:42.571Z
2024,combined,0000557,가톨릭꽃동네대학교,충북,사립,대학,532,0,463.5,445,18.5,83.6,87.1,1,2,Y,2026-08-15T09:17:42.571Z
2024,combined,0000058,극동대학교,충북,사립,대학,3763,0,3086,2605,481,69.2,82,1,3,Y,2026-08-15T09:17:42.571Z
2024,combined,0000093,서원대학교,충북,사립,대학,6689.5,0,6717.5,5939.5,778,88.8,100.4,1,3,Y,2026-08-15T09:17:42.571Z
2024,combined,0000099,세명대학교,충북,사립,대학,7428,0,6495,5847.5,647.5,78.7,87.4,1,3,Y,2026-08-15T09:17:42.571Z
2024,combined,0000113,유원대학교,충북,사립,대학,3560,0,3340.5,3152,188.5,88.5,93.8,1,1,Y,2026-08-15T09:17:42.571Z
2024,combined,0000183,중원대학교,충북,사립,대학,3601,44,3387,3140.5,246.5,88.3,95.2,1,3,Y,2026-08-15T09:17:42.571Z
2024,combined,0000132,청주대학교,충북,사립,대학,11155,0,11863,10060,1803,90.2,106.3,1,5,Y,2026-08-15T09:17:42.571Z
2025,university,0000513,가톨릭관동대학교,강원,사립,대학,7131,0,4974,4558.5,415.5,63.9,69.8,1,0,Y,2026-08-15T09:17:42.571Z
2025,university,0000041,경동대학교,강원,사립,대학,6353.5,0,6962,5505.5,1456.5,86.7,109.6,4,0,Y,2026-08-15T09:17:42.571Z
2025,university,0000086,상지대학교,강원,사립,대학,7440,0,5637.5,5235.5,402,70.4,75.8,1,0,Y,2026-08-15T09:17:42.571Z
2025,university,0000147,한라대학교,강원,사립,대학,3562,2,2915.5,2557.5,358,71.8,81.9,1,0,Y,2026-08-15T09:17:42.571Z
2025,university,0000148,한림대학교,강원,사립,대학,7329,0,7097,6552,545,89.4,96.8,1,0,Y,2026-08-15T09:17:42.571Z
2025,university,0000044,가천대학교,경기,사립,대학,16638,0,21411.5,15762,5649.5,94.7,128.7,1,0,Y,2026-08-15T09:17:42.571Z
2025,university,0000034,가톨릭대학교,경기,사립,대학,7378,0,8281,6547.5,1733.5,88.7,112.2,3,0,Y,2026-08-15T09:17:42.571Z
2025,university,0000036,강남대학교,경기,사립,대학,5964,0,6227,5604.5,622.5,94,104.4,1,0,Y,2026-08-15T09:17:42.571Z
2025,university,0000039,경기대학교,경기,사립,대학,11796,0,13201,11478,1723,97.3,111.9,2,0,Y,2026-08-15T09:17:42.571Z
2025,university,0000060,단국대학교,경기,사립,대학,18771.5,0,20974.5,18256,2718.5,97.3,111.7,2,0,Y,2026-08-15T09:17:42.571Z
2025,university,0000068,대진대학교,경기,사립,대학,6964,0,7488.5,6091,1397.5,87.5,107.5,1,0,Y,2026-08-15T09:17:42.571Z
2025,university,0000078,루터대학교,경기,사립,대학,340,0,301.5,295.5,6,86.9,88.7,1,0,Y,2026-08-15T09:17:42.571Z
2025,university,0000079,명지대학교,경기,사립,대학,10401.5,0.5,12805,9863.5,2941.5,94.8,123.1,2,0,Y,2026-08-15T09:17:42.571Z
2025,university,0000090,서울신학대학교,경기,사립,대학,1838,0,1857,1755,102,95.5,101,1,0,Y,2026-08-15T09:17:42.571Z
2025,university,0000092,서울장신대학교,경기,사립,대학,392,0,292.5,263,29.5,67.1,74.6,1,0,Y,2026-08-15T09:17:42.571Z
2025,university,0000095,성결대학교,경기,사립,대학,4912,0,5087,4764,323,97,103.6,1,0,Y,2026-08-15T09:17:42.571Z
2025,university,0000101,수원가톨릭대학교,경기,사립,대학,360,0,100,97.5,2.5,27.1,27.8,1,0,Y,2026-08-15T09:17:42.571Z
2025,university,0000102,수원대학교,경기,사립,대학,8520,0,8013,7508.5,504.5,88.1,94,1,0,Y,2026-08-15T09:17:42.571Z
2025,university,0000509,신한대학교,경기,사립,대학,5644,0,6313,5252,1061,93.1,111.9,2,0,Y,2026-08-15T09:17:42.571Z
2025,university,0000558,아신대학교,경기,사립,대학,467.5,0,237.5,227.5,10,48.7,50.8,1,0,Y,2026-08-15T09:17:42.571Z
2025,university,0000108,아주대학교,경기,사립,대학,7855,0,9466,7463.5,2002.5,95,120.5,1,0,Y,2026-08-15T09:17:42.571Z
2025,university,0000109,안양대학교,경기,사립,대학,4554,0,4461,4168,293,91.5,98,2,0,Y,2026-08-15T09:17:42.571Z
2025,university,0000115,용인대학교,경기,사립,대학,5048,0,5157.5,4804,353.5,95.2,102.2,1,0,Y,2026-08-15T09:17:42.571Z
2025,university,0000130,중앙승가대학교,경기,사립,대학,480,0,55.5,53.5,2,11.1,11.6,1,0,Y,2026-08-15T09:17:42.571Z
2025,university,0000139,차의과학대학교,경기,사립,대학,2046,0,2086,1879.5,206.5,91.9,102,1,0,Y,2026-08-15T09:17:42.571Z
2025,university,0000136,칼빈대학교,경기,사립,대학,360,0,1981.5,275.5,1706,76.5,550.4,1,0,Y,2026-08-15T09:17:42.571Z
2025,university,0000138,평택대학교,경기,사립,대학,3234,25,2898.5,2691.5,207,83.9,90.3,1,0,Y,2026-08-15T09:17:42.571Z
2025,university,0000562,한국공학대학교,경기,사립,대학,5535,0,7254.5,5642.5,1612,101.9,131.1,1,0,Y,2026-08-15T09:17:42.571Z
2025,university,0000144,한국항공대학교,경기,사립,대학,3465,0,3993.5,3378,615.5,97.5,115.3,1,0,Y,2026-08-15T09:17:42.571Z
2025,university,0000151,한세대학교,경기,사립,대학,2264,0,2394,2218.5,175.5,98,105.7,1,0,Y,2026-08-15T09:17:42.571Z
2025,university,0000152,한신대학교,경기,사립,대학,4707,0,4999.5,4561.5,438,96.9,106.2,1,0,Y,2026-08-15T09:17:42.571Z
2025,university,0000156,협성대학교,경기,사립,대학,4016,0,3662.5,3431,231.5,85.4,91.2,1,0,Y,2026-08-15T09:17:42.571Z
2025,university,0000567,화성의과학대학교,경기,사립,대학,1038,6.5,469,439.5,29.5,42.6,45.5,1,0,Y,2026-08-15T09:17:42.571Z
2025,university,0000032,가야대학교,경남,사립,대학,1821.5,0,1582.5,1422.5,160,78.1,86.9,2,0,Y,2026-08-15T09:17:42.571Z
2025,university,0000040,경남대학교,경남,사립,대학,8678,0,8257.5,7394,863.5,85.2,95.2,1,0,Y,2026-08-15T09:17:42.571Z
2025,university,0000167,부산장신대학교,경남,사립,대학,128,0,116.5,115,1.5,89.8,91,1,0,Y,2026-08-15T09:17:42.571Z
2025,university,0000122,인제대학교,경남,사립,대학,7189,0,6516.5,5827.5,689,81.1,90.6,2,0,Y,2026-08-15T09:17:42.571Z
2025,university,0000193,창신대학교,경남,사립,대학,1405,0,1590,1338,252,95.2,113.2,1,0,Y,2026-08-15T09:17:42.571Z
2025,university,0000188,경운대학교,경북,사립,대학,4736,0,4958.5,4139,819.5,87.4,104.7,1,0,Y,2026-08-15T09:17:42.571Z
2025,university,0000045,경일대학교,경북,사립,대학,6231,0,6718.5,5786.5,932,92.9,107.8,1,0,Y,2026-08-15T09:17:42.571Z
2025,university,0000185,김천대학교,경북,사립,대학,2595.5,0,2178.5,1935.5,243,74.6,83.9,1,0,Y,2026-08-15T09:17:42.571Z
2025,university,0000063,대구가톨릭대학교,경북,사립,대학,10674,0,10859.5,9220,1639.5,86.4,101.7,1,0,Y,2026-08-15T09:17:42.571Z
2025,university,0000061,대구대학교,경북,사립,대학,15434.5,0,15091,12645,2446,81.9,97.8,1,0,Y,2026-08-15T09:17:42.571Z
2025,university,0000062,대구예술대학교,경북,사립,대학,1303.5,17,248.5,198,50.5,15.4,19.3,1,0,Y,2026-08-15T09:17:42.571Z
2025,university,0000042,대구한의대학교,경북,사립,대학,6137,0,6668.5,5098.5,1570,83.1,108.7,1,0,Y,2026-08-15T09:17:42.571Z
2025,university,0000065,대신대학교,경북,사립,대학,481,0,969,436.5,532.5,90.7,201.5,1,0,Y,2026-08-15T09:17:42.571Z
2025,university,0000076,동양대학교,경북,사립,대학,3975,0,3988.5,3478.5,510,87.5,100.3,2,0,Y,2026-08-15T09:17:42.571Z
2025,university,0000586,신경주대학교,경북,사립,대학,3240,306,895.5,825.5,70,28.1,30.5,1,0,Y,2026-08-15T09:17:42.571Z
2025,university,0000111,영남대학교,경북,사립,대학,18590.5,0,19778,17596.5,2181.5,94.7,106.4,1,0,Y,2026-08-15T09:17:42.571Z
2025,university,0000112,영남신학대학교,경북,사립,대학,460,0,336,332,4,72.2,73,1,0,Y,2026-08-15T09:17:42.571Z
2025,university,0000119,위덕대학교,경북,사립,대학,2568,0,2075,2013.5,61.5,78.4,80.8,1,0,Y,2026-08-15T09:17:42.571Z
2025,university,0000140,포항공과대학교,경북,사립,대학,1280,0,1420,1289,131,100.7,110.9,1,0,Y,2026-08-15T09:17:42.571Z
2025,university,0000146,한동대학교,경북,사립,대학,2916,0,3756.5,3257.5,499,111.7,128.8,1,0,Y,2026-08-15T09:17:42.571Z
2025,university,0000052,광신대학교,광주,사립,대학,462.5,0,428.5,401,27.5,86.7,92.6,1,0,Y,2026-08-15T09:17:42.571Z
2025,university,0000176,광주대학교,광주,사립,대학,5598.5,0,4932,4500,432,80.4,88.1,1,0,Y,2026-08-15T09:17:42.571Z
2025,university,0000055,광주여자대학교,광주,사립,대학,3622.5,0,3130,2865,265,79.1,86.4,1,0,Y,2026-08-15T09:17:42.571Z
2025,university,0000162,남부대학교,광주,사립,대학,2526.5,0,2344.5,2098,246.5,83,92.8,1,0,Y,2026-08-15T09:17:42.571Z
2025,university,0000187,송원대학교,광주,사립,대학,2705,0,2488.5,2194.5,294,81.1,92,1,0,Y,2026-08-15T09:17:42.571Z
2025,university,0000127,조선대학교,광주,사립,대학,17902.5,0,17087,15704.5,1382.5,87.7,95.4,1,0,Y,2026-08-15T09:17:42.571Z
2025,university,0000157,호남대학교,광주,사립,대학,6098,0,6128,5160,968,84.6,100.5,1,0,Y,2026-08-15T09:17:42.571Z
2025,university,0000158,호남신학대학교,광주,사립,대학,485,0,380,375.5,4.5,77.4,78.4,1,0,Y,2026-08-15T09:17:42.571Z
2025,university,0000048,계명대학교,대구,사립,대학,18690,0,19665.5,17194,2471.5,92,105.2,1,0,Y,2026-08-15T09:17:42.571Z
2025,university,0000067,대전대학교,대전,사립,대학,7705.5,0,7517.5,6823.5,694,88.6,97.6,1,0,Y,2026-08-15T09:17:42.571Z
2025,university,0000182,대전신학대학교,대전,사립,대학,128,0,50,50,0,39.1,39.1,1,0,Y,2026-08-15T09:17:42.571Z
2025,university,0000080,목원대학교,대전,사립,대학,7311.5,46,6947,6318,629,87,95.6,1,0,Y,2026-08-15T09:17:42.571Z
2025,university,0000081,배재대학교,대전,사립,대학,7631,0,7059.5,6485,574.5,85,92.5,1,0,Y,2026-08-15T09:17:42.571Z
2025,university,0000184,우송대학교,대전,사립,대학,8010.5,0,9460,7250,2210,90.5,118.1,1,0,Y,2026-08-15T09:17:42.571Z
2025,university,0000120,을지대학교,대전,사립,대학,4296,0,4554.5,4166.5,388,97,106,3,0,Y,2026-08-15T09:17:42.571Z
2025,university,0000551,한국침례신학대학교,대전,사립,대학,892.5,0,677,659,18,73.8,75.9,1,0,Y,2026-08-15T09:17:42.571Z
2025,university,0000145,한남대학교,대전,사립,대학,10933,0,11085.5,9983.5,1102,91.3,101.4,1,0,Y,2026-08-15T09:17:42.571Z
2025,university,0000043,경성대학교,부산,사립,대학,11107.5,0,12118.5,9785.5,2333,88.1,109.1,1,0,Y,2026-08-15T09:17:42.571Z
2025,university,0000050,고신대학교,부산,사립,대학,3502.5,0,3051,2950.5,100.5,84.2,87.1,1,0,Y,2026-08-15T09:17:42.571Z
2025,university,0000180,동명대학교,부산,사립,대학,6384,0,6660,5413.5,1246.5,84.8,104.3,1,0,Y,2026-08-15T09:17:42.571Z
2025,university,0000073,동서대학교,부산,사립,대학,8528.5,0,8338,7381,957,86.5,97.8,1,0,Y,2026-08-15T09:17:42.571Z
2025,university,0000075,동아대학교,부산,사립,대학,16435.5,0,17235.5,15544,1691.5,94.6,104.9,1,0,Y,2026-08-15T09:17:42.571Z
2025,university,0000077,동의대학교,부산,사립,대학,14360.5,0,13934.5,12385,1549.5,86.2,97,1,0,Y,2026-08-15T09:17:42.571Z
2025,university,0000082,부산가톨릭대학교,부산,사립,대학,2945.5,0,3440.5,2711,729.5,92,116.8,1,0,Y,2026-08-15T09:17:42.571Z
2025,university,0000083,부산외국어대학교,부산,사립,대학,6241.5,0,6222.5,5341.5,881,85.6,99.7,1,0,Y,2026-08-15T09:17:42.571Z
2025,university,0000106,신라대학교,부산,사립,대학,7136.5,0,6429,5614.5,814.5,78.7,90.1,1,0,Y,2026-08-15T09:17:42.571Z
2025,university,0000181,영산대학교,부산,사립,대학,5465,0,5463.5,4576,887.5,83.7,100,2,0,Y,2026-08-15T09:17:42.571Z
2025,university,0000035,감리교신학대학교,서울,사립,대학,685,0,548,531.5,16.5,77.6,80,1,0,Y,2026-08-15T09:17:42.571Z
2025,university,0000565,강서대학교,서울,사립,대학,1108,0,1686.5,992,694.5,89.5,152.2,1,0,Y,2026-08-15T09:17:42.571Z
2025,university,0000037,건국대학교,서울,사립,대학,18434,0,22015,18369.5,3645.5,99.7,119.4,2,0,Y,2026-08-15T09:17:42.571Z
2025,university,0000047,경희대학교,서울,사립,대학,19959.5,0,24296.5,18915,5381.5,94.8,121.7,1,0,Y,2026-08-15T09:17:42.571Z
2025,university,0000049,고려대학교,서울,사립,대학,21854.5,0,26630,20714,5916,94.8,121.9,2,0,Y,2026-08-15T09:17:42.571Z
2025,university,0000053,광운대학교,서울,사립,대학,6968.5,0,8035,6374,1661,91.5,115.3,1,0,Y,2026-08-15T09:17:42.571Z
2025,university,0000056,국민대학교,서울,사립,대학,11870,0,14073.5,11352.5,2721,95.6,118.6,1,0,Y,2026-08-15T09:17:42.571Z
2025,university,0000070,덕성여자대학교,서울,사립,대학,4582.5,0,5289.5,4656.5,633,101.6,115.4,1,0,Y,2026-08-15T09:17:42.571Z
2025,university,0000071,동국대학교,서울,사립,대학,18435.5,0,19597,16279.5,3317.5,88.3,106.3,2,0,Y,2026-08-15T09:17:42.571Z
2025,university,0000072,동덕여자대학교,서울,사립,대학,6293,0,6478,5636.5,841.5,89.6,102.9,1,0,Y,2026-08-15T09:17:42.571Z
2025,university,0000084,삼육대학교,서울,사립,대학,4625.5,0,5040.5,4473.5,567,96.7,109,1,0,Y,2026-08-15T09:17:42.571Z
2025,university,0000085,상명대학교,서울,사립,대학,10795.5,0,11227.5,9936,1291.5,92,104,2,0,Y,2026-08-15T09:17:42.571Z
2025,university,0000087,서강대학교,서울,사립,대학,6366,0,7938.5,6184,1754.5,97.1,124.7,1,0,Y,2026-08-15T09:17:42.571Z
2025,university,0000088,서경대학교,서울,사립,대학,5176,0,6543.5,4808.5,1735,92.9,126.4,1,0,Y,2026-08-15T09:17:42.571Z
2025,university,0000069,서울기독대학교,서울,사립,대학,544,3.5,1155,406,749,75.1,213.7,1,0,Y,2026-08-15T09:17:42.571Z
2025,university,0000091,서울여자대학교,서울,사립,대학,6573,0,7100.5,6084.5,1016,92.6,108,1,0,Y,2026-08-15T09:17:42.571Z
2025,university,0000539,서울한영대학교,서울,사립,대학,720,0,673,494.5,178.5,68.7,93.5,1,0,Y,2026-08-15T09:17:42.571Z
2025,university,0000096,성공회대학교,서울,사립,대학,2008,0,2112,1797.5,314.5,89.5,105.2,1,0,Y,2026-08-15T09:17:42.571Z
2025,university,0000097,성균관대학교,서울,사립,대학,13732,0,18443,13366.5,5076.5,97.3,134.3,1,0,Y,2026-08-15T09:17:42.571Z
2025,university,0000098,성신여자대학교,서울,사립,대학,8653,0,8961.5,7953,1008.5,91.9,103.6,1,0,Y,2026-08-15T09:17:42.571Z
2025,university,0000100,세종대학교,서울,사립,대학,9790,0,12516.5,9499.5,3017,97,127.8,1,0,Y,2026-08-15T09:17:42.571Z
2025,university,0000103,숙명여자대학교,서울,사립,대학,8675,0,9873.5,8337,1536.5,96.1,113.8,1,0,Y,2026-08-15T09:17:42.571Z
2025,university,0000105,숭실대학교,서울,사립,대학,10791,2,14095.5,10499,3596.5,97.3,130.6,1,0,Y,2026-08-15T09:17:42.571Z
2025,university,0000110,연세대학교,서울,사립,대학,19902.5,0,26221,19828.5,6392.5,99.6,131.7,2,0,Y,2026-08-15T09:17:42.571Z
2025,university,0000121,이화여자대학교,서울,사립,대학,12873.5,0,15393,12633,2760,98.1,119.6,1,0,Y,2026-08-15T09:17:42.571Z
2025,university,0000125,장로회신학대학교,서울,사립,대학,600,0,570,537.5,32.5,89.6,95,1,0,Y,2026-08-15T09:17:42.571Z
2025,university,0000129,중앙대학교,서울,사립,대학,17954,0,22406.5,17125,5281.5,95.4,124.8,2,0,Y,2026-08-15T09:17:42.571Z
2025,university,0000133,총신대학교,서울,사립,대학,1228,0,1341,1201,140,97.8,109.2,1,0,Y,2026-08-15T09:17:42.571Z
2025,university,0000134,추계예술대학교,서울,사립,대학,1000,0,1052,971,81,97.1,105.2,1,0,Y,2026-08-15T09:17:42.571Z
2025,university,0000142,한국성서대학교,서울,사립,대학,894.5,0,916,833,83,93.1,102.4,1,0,Y,2026-08-15T09:17:42.571Z
2025,university,0000143,한국외국어대학교,서울,사립,대학,13655,0,16155,13165.5,2989.5,96.4,118.3,1,0,Y,2026-08-15T09:17:42.571Z
2025,university,0000150,한성대학교,서울,사립,대학,5892,0,6770.5,5720.5,1050,97.1,114.9,1,0,Y,2026-08-15T09:17:42.571Z
2025,university,0000153,한양대학교,서울,사립,대학,19580,0,26268,18602,7666,95,134.2,2,0,Y,2026-08-15T09:17:42.571Z
2025,university,0000160,홍익대학교,서울,사립,대학,14950.5,0,17406.5,14454,2952.5,96.7,116.4,2,0,Y,2026-08-15T09:17:42.571Z
2025,university,0000066,대전가톨릭대학교,세종,사립,대학,160,0,33.5,33,0.5,20.6,20.9,1,0,Y,2026-08-15T09:17:42.571Z
2025,university,0000117,울산대학교,울산,사립,대학,10782,0,10327,9643.5,683.5,89.4,95.8,1,0,Y,2026-08-15T09:17:42.571Z
2025,university,0000123,인천가톨릭대학교,인천,사립,대학,661.5,0,667,621,46,93.9,100.8,2,0,Y,2026-08-15T09:17:42.571Z
2025,university,0000124,인하대학교,인천,사립,대학,14221.5,0,16814,13804,3010,97.1,118.2,1,0,Y,2026-08-15T09:17:42.571Z
2025,university,0000054,광주가톨릭대학교,전남,사립,대학,160,0,59,59,0,36.9,36.9,1,0,Y,2026-08-15T09:17:42.571Z
2025,university,0000074,동신대학교,전남,사립,대학,6016,0,5488,4766,722,79.2,91.2,1,0,Y,2026-08-15T09:17:42.571Z
2025,university,0000166,목포가톨릭대학교,전남,사립,대학,480,0,466.5,438.5,28,91.4,97.2,1,0,Y,2026-08-15T09:17:42.571Z
2025,university,0000064,세한대학교,전남,사립,대학,3268,0,3150.5,2593,557.5,79.3,96.4,1,0,Y,2026-08-15T09:17:42.571Z
2025,university,0000114,영산선학대학교,전남,사립,대학,200,0,21.5,20,1.5,10,10.8,1,0,Y,2026-08-15T09:17:42.571Z
2025,university,0000190,초당대학교,전남,사립,대학,2920.5,0,2281.5,2129,152.5,72.9,78.1,1,0,Y,2026-08-15T09:17:42.571Z
2025,university,0000173,예수대학교,전북,사립,대학,464.5,0,465.5,434.5,31,93.5,100.2,1,0,Y,2026-08-15T09:17:42.571Z
2025,university,0000164,예원예술대학교,전북,사립,대학,990,0,1198.5,762,436.5,77,121.1,2,0,Y,2026-08-15T09:17:42.571Z
2025,university,0000116,우석대학교,전북,사립,대학,6430,0,6454.5,5121.5,1333,79.7,100.4,1,0,Y,2026-08-15T09:17:42.571Z
2025,university,0000118,원광대학교,전북,사립,대학,12948.5,0,12090,11344.5,745.5,87.6,93.4,1,0,Y,2026-08-15T09:17:42.571Z
2025,university,0000126,전주대학교,전북,사립,대학,10168,0,9616.5,8801.5,815,86.6,94.6,1,0,Y,2026-08-15T09:17:42.571Z
2025,university,0000155,한일장신대학교,전북,사립,대학,876,0,679.5,632,47.5,72.1,77.6,1,0,Y,2026-08-15T09:17:42.571Z
2025,university,0000223,호원대학교,전북,사립,대학,4337.5,0,4791,3308,1483,76.3,110.5,1,0,Y,2026-08-15T09:17:42.571Z
2025,university,0000192,제주국제대학교,제주,사립,대학,1480,0,288.5,140.5,148,9.5,19.5,1,0,Y,2026-08-15T09:17:42.571Z
2025,university,0000038,건양대학교,충남,사립,대학,6627.5,0,6210.5,5733.5,477,86.5,93.7,2,0,Y,2026-08-15T09:17:42.571Z
2025,university,0000169,금강대학교,충남,사립,대학,440,0,74.5,74.5,0,16.9,16.9,1,0,Y,2026-08-15T09:17:42.571Z
2025,university,0000059,나사렛대학교,충남,사립,대학,4804,30,4402,3885,517,81.4,92.2,1,0,Y,2026-08-15T09:17:42.571Z
2025,university,0000189,남서울대학교,충남,사립,대학,8800.5,0,8650.5,7435.5,1215,84.5,98.3,1,0,Y,2026-08-15T09:17:42.571Z
2025,university,0000131,백석대학교,충남,사립,대학,11610,0,11272,10153,1119,87.5,97.1,1,0,Y,2026-08-15T09:17:42.571Z
2025,university,0000094,선문대학교,충남,사립,대학,8241,0,8153.5,7035.5,1118,85.4,98.9,1,0,Y,2026-08-15T09:17:42.571Z
2025,university,0000104,순천향대학교,충남,사립,대학,9720,0,10834,9373.5,1460.5,96.4,111.5,1,0,Y,2026-08-15T09:17:42.571Z
2025,university,0000128,중부대학교,충남,사립,대학,7185,0,6899,5832.5,1066.5,81.2,96,1,0,Y,2026-08-15T09:17:42.571Z
2025,university,0000225,청운대학교,충남,사립,대학,4455.5,0,5134,3617,1517,81.2,115.2,1,0,Y,2026-08-15T09:17:42.571Z
2025,university,0000141,한국기술교육대학교,충남,사립,대학,3344,0,3955,3407.5,547.5,101.9,118.3,1,0,Y,2026-08-15T09:17:42.571Z
2025,university,0000149,한서대학교,충남,사립,대학,6206,0,5965,5437,528,87.6,96.1,1,0,Y,2026-08-15T09:17:42.571Z
2025,university,0000159,호서대학교,충남,사립,대학,11566,0,11645.5,10599,1046.5,91.6,100.7,1,0,Y,2026-08-15T09:17:42.571Z
2025,university,0000557,가톨릭꽃동네대학교,충북,사립,대학,432,0,399,379,20,87.7,92.4,1,0,Y,2026-08-15T09:17:42.571Z
2025,university,0000058,극동대학교,충북,사립,대학,3517.5,0,3055,2379.5,675.5,67.6,86.9,1,0,Y,2026-08-15T09:17:42.571Z
2025,university,0000093,서원대학교,충북,사립,대학,6488,0,7271,5842,1429,90,112.1,1,0,Y,2026-08-15T09:17:42.571Z
2025,university,0000099,세명대학교,충북,사립,대학,6750,0,5510,5122,388,75.9,81.6,1,0,Y,2026-08-15T09:17:42.571Z
2025,university,0000113,유원대학교,충북,사립,대학,3500,0,3626.5,3387,239.5,96.8,103.6,1,0,Y,2026-08-15T09:17:42.571Z
2025,university,0000183,중원대학교,충북,사립,대학,3251.5,44,3158,2902,256,90.5,98.5,1,0,Y,2026-08-15T09:17:42.571Z
2025,university,0000132,청주대학교,충북,사립,대학,10601.5,0,11695,9512,2183,89.7,110.3,1,0,Y,2026-08-15T09:17:42.571Z
2025,junior-college,0000347,강릉영동대학교,강원,사립,전문대학,2140,20.5,3092.5,1692.5,1400,79.9,145.9,1,0,Y,2026-08-15T09:17:42.571Z
2025,junior-college,0000348,세경대학교,강원,사립,전문대학,918.5,0,754.5,654,100.5,71.2,82.1,1,0,Y,2026-08-15T09:17:42.571Z
2025,junior-college,0000393,송곡대학교,강원,사립,전문대학,569,0,1642,476.5,1165.5,83.7,288.6,1,0,Y,2026-08-15T09:17:42.571Z
2025,junior-college,0000390,송호대학교,강원,사립,전문대학,904.5,0,910.5,714,196.5,78.9,100.7,1,0,Y,2026-08-15T09:17:42.571Z
2025,junior-college,0000542,한국골프과학기술대학교,강원,사립,전문대학,470,0,443.5,410.5,33,87.3,94.4,1,0,Y,2026-08-15T09:17:42.571Z
2025,junior-college,0000383,한림성심대학교,강원,사립,전문대학,2244.5,0,2397,1819,578,81,106.8,1,0,Y,2026-08-15T09:17:42.571Z
2025,junior-college,0000387,경기과학기술대학교,경기,사립,전문대학,3234,0,3833,2593.5,1239.5,80.2,118.5,1,0,Y,2026-08-15T09:17:42.571Z
2025,junior-college,0000255,경민대학교,경기,사립,전문대학,3617,0,4530,3091,1439,85.5,125.2,1,0,Y,2026-08-15T09:17:42.571Z
2025,junior-college,0000259,경복대학교,경기,사립,전문대학,5422,0,6078,4614.5,1463.5,85.1,112.1,1,0,Y,2026-08-15T09:17:42.571Z
2025,junior-college,0000264,계원예술대학교,경기,사립,전문대학,2424,0,2670,2294,376,94.6,110.1,1,0,Y,2026-08-15T09:17:42.571Z
2025,junior-college,0000379,국제대학교,경기,사립,전문대학,3243,0,2186.5,1956,230.5,60.3,67.4,1,0,Y,2026-08-15T09:17:42.571Z
2025,junior-college,0000277,김포대학교,경기,사립,전문대학,2146,0,2201.5,1448.5,753,67.5,102.6,1,0,Y,2026-08-15T09:17:42.571Z
2025,junior-college,0000278,농협대학교,경기,사립,전문대학,174,0,373,145,228,83.3,214.4,1,0,Y,2026-08-15T09:17:42.571Z
2025,junior-college,0000285,대림대학교,경기,사립,전문대학,5671,0,6486.5,4988,1498.5,88,114.4,1,0,Y,2026-08-15T09:17:42.571Z
2025,junior-college,0000294,동남보건대학교,경기,사립,전문대학,4098,0,4520.5,3570,950.5,87.1,110.3,1,0,Y,2026-08-15T09:17:42.571Z
2025,junior-college,0000287,동서울대학교,경기,사립,전문대학,5541,0,5484,4766.5,717.5,86,99,1,0,Y,2026-08-15T09:17:42.571Z
2025,junior-college,0000298,동아방송예술대학교,경기,사립,전문대학,2469,0,2936.5,2237,699.5,90.6,118.9,1,0,Y,2026-08-15T09:17:42.571Z
2025,junior-college,0000302,동원대학교,경기,사립,전문대학,2960,0,3037.5,2163,874.5,73.1,102.6,1,0,Y,2026-08-15T09:17:42.571Z
2025,junior-college,0000305,두원공과대학교,경기,사립,전문대학,4190.5,0,2027.5,1817,210.5,43.4,48.4,1,0,Y,2026-08-15T09:17:42.571Z
2025,junior-college,0000316,부천대학교,경기,사립,전문대학,5218.5,0,6891,4833.5,2057.5,92.6,132,1,0,Y,2026-08-15T09:17:42.571Z
2025,junior-college,0000323,서울예술대학교,경기,사립,전문대학,1743,0,3057.5,1650,1407.5,94.7,175.4,1,0,Y,2026-08-15T09:17:42.571Z
2025,junior-college,0000392,서정대학교,경기,사립,전문대학,3117,0,8671,2983.5,5687.5,95.7,278.2,1,0,Y,2026-08-15T09:17:42.571Z
2025,junior-college,0000330,수원과학대학교,경기,사립,전문대학,5235.5,0,2855,2559,296,48.9,54.5,1,0,Y,2026-08-15T09:17:42.571Z
2025,junior-college,0000329,수원여자대학교,경기,사립,전문대학,3812.5,0,3539,3016,523,79.1,92.8,1,0,Y,2026-08-15T09:17:42.571Z
2025,junior-college,0000334,신구대학교,경기,사립,전문대학,6112,0,5794.5,5045,749.5,82.5,94.8,1,0,Y,2026-08-15T09:17:42.571Z
2025,junior-college,0000339,신안산대학교,경기,사립,전문대학,2197.5,0,2564,1740.5,823.5,79.2,116.7,1,0,Y,2026-08-15T09:17:42.571Z
2025,junior-college,0000340,안산대학교,경기,사립,전문대학,4003.5,0,4429,3444,985,86,110.6,1,0,Y,2026-08-15T09:17:42.571Z
2025,junior-college,0000343,여주대학교,경기,사립,전문대학,3658,0,2789.5,2354.5,435,64.4,76.3,1,0,Y,2026-08-15T09:17:42.571Z
2025,junior-college,0000341,연성대학교,경기,사립,전문대학,5640.5,0,5631,4882,749,86.6,99.8,1,0,Y,2026-08-15T09:17:42.571Z
2025,junior-college,0000350,오산대학교,경기,사립,전문대학,4135.5,0,3950.5,3213,737.5,77.7,95.5,1,0,Y,2026-08-15T09:17:42.571Z
2025,junior-college,0000559,용인예술과학대학교,경기,사립,전문대학,2912.5,0,2417,2039,378,70,83,1,0,Y,2026-08-15T09:17:42.571Z
2025,junior-college,0000394,웅지세무대학교,경기,사립,전문대학,1527,0,234,232.5,1.5,15.2,15.3,1,0,Y,2026-08-15T09:17:42.571Z
2025,junior-college,0000355,유한대학교,경기,사립,전문대학,4285.5,0,4358.5,3929,429.5,91.7,101.7,1,0,Y,2026-08-15T09:17:42.571Z
2025,junior-college,0000358,장안대학교,경기,사립,전문대학,3985,234,2310,1491.5,818.5,39.8,61.6,1,0,Y,2026-08-15T09:17:42.571Z
2025,junior-college,0000374,청강문화산업대학교,경기,사립,전문대학,3353,0,3650,3219,431,96,108.9,1,0,Y,2026-08-15T09:17:42.571Z
2025,junior-college,0000391,한국관광대학교,경기,사립,전문대학,1818,0,1095,943.5,151.5,51.9,60.2,1,0,Y,2026-08-15T09:17:42.571Z
2025,junior-college,0000251,거제대학교,경남,사립,전문대학,995.5,0,1048.5,875,173.5,87.9,105.3,1,0,Y,2026-08-15T09:17:42.571Z
2025,junior-college,0000395,김해대학교,경남,사립,전문대학,1403.5,0,1327.5,1069,258.5,76.2,94.6,1,0,Y,2026-08-15T09:17:42.571Z
2025,junior-college,0000342,동원과학기술대학교,경남,사립,전문대학,1846.5,0,2169.5,1534,635.5,83.1,117.5,1,0,Y,2026-08-15T09:17:42.571Z
2025,junior-college,0000306,마산대학교,경남,사립,전문대학,5135,0,4824.5,3855.5,969,75.1,94,1,0,Y,2026-08-15T09:17:42.571Z
2025,junior-college,0000530,연암공과대학교,경남,사립,전문대학,1063,0,1088.5,1000.5,88,94.1,102.4,1,0,Y,2026-08-15T09:17:42.571Z
2025,junior-college,0000369,진주보건대학교,경남,사립,전문대학,2295,0,2272.5,1743,529.5,75.9,99,1,0,Y,2026-08-15T09:17:42.571Z
2025,junior-college,0000528,창원문성대학교,경남,사립,전문대학,962,0,777.5,654.5,123,68,80.8,1,0,Y,2026-08-15T09:17:42.571Z
2025,junior-college,0000396,한국승강기대학교,경남,사립,전문대학,584,0,1190,464.5,725.5,79.5,203.8,1,0,Y,2026-08-15T09:17:42.571Z
2025,junior-college,0000249,가톨릭상지대학교,경북,사립,전문대학,1573.5,0,1719.5,1276,443.5,81.1,109.3,1,0,Y,2026-08-15T09:17:42.571Z
2025,junior-college,0000293,경북과학대학교,경북,사립,전문대학,1689,0,2061.5,1466.5,595,86.8,122.1,1,0,Y,2026-08-15T09:17:42.571Z
2025,junior-college,0000523,경북보건대학교,경북,사립,전문대학,1214,11,1288.5,1041.5,247,86.6,107.1,1,0,Y,2026-08-15T09:17:42.571Z
2025,junior-college,0000258,경북전문대학교,경북,사립,전문대학,2103,0,2562.5,1654,908.5,78.6,121.8,1,0,Y,2026-08-15T09:17:42.571Z
2025,junior-college,0000268,구미대학교,경북,사립,전문대학,3576,0,5686,3046,2640,85.2,159,1,0,Y,2026-08-15T09:17:42.571Z
2025,junior-college,0000279,대경대학교,경북,사립,전문대학,3420,21.5,3557.5,2598.5,959,76.5,104.7,1,0,Y,2026-08-15T09:17:42.571Z
2025,junior-college,0000309,문경대학교,경북,사립,전문대학,850.5,0,652.5,584,68.5,68.7,76.7,1,0,Y,2026-08-15T09:17:42.571Z
2025,junior-college,0000380,선린대학교,경북,사립,전문대학,1918.5,0,1900,1550,350,80.8,99,1,0,Y,2026-08-15T09:17:42.571Z
2025,junior-college,0000547,성운대학교,경북,사립,전문대학,1156,0,1506,1080,426,93.4,130.3,1,0,Y,2026-08-15T09:17:42.571Z
2025,junior-college,0000338,안동과학대학교,경북,사립,전문대학,1971,0,1986.5,1600,386.5,81.2,100.8,1,0,Y,2026-08-15T09:17:42.571Z
2025,junior-college,0000257,영남외국어대학,경북,사립,전문대학,679.5,0,478,417.5,60.5,61.4,70.3,1,0,Y,2026-08-15T09:17:42.571Z
2025,junior-college,0000381,포항대학교,경북,사립,전문대학,1730,0,1430.5,1300,130.5,75.1,82.7,1,0,Y,2026-08-15T09:17:42.571Z
2025,junior-college,0000522,호산대학교,경북,사립,전문대학,1838.5,8,2388.5,1583.5,805,86.5,130.5,1,0,Y,2026-08-15T09:17:42.571Z
2025,junior-college,0000267,광주보건대학교,광주,사립,전문대학,3267,0,3430.5,2711,719.5,83,105,1,0,Y,2026-08-15T09:17:42.571Z
2025,junior-college,0000273,기독간호대학교,광주,사립,전문대학,467,0,588.5,421,167.5,90.1,126,1,0,Y,2026-08-15T09:17:42.571Z
2025,junior-college,0000297,동강대학교,광주,사립,전문대학,2405,23.5,2306,1843,463,77.4,96.8,1,0,Y,2026-08-15T09:17:42.571Z
2025,junior-college,0000320,서영대학교,광주,사립,전문대학,4226,0,4725,3619.5,1105.5,85.6,111.8,1,0,Y,2026-08-15T09:17:42.571Z
2025,junior-college,0000366,조선간호대학교,광주,사립,전문대학,562.5,0,728.5,522,206.5,92.8,129.5,1,0,Y,2026-08-15T09:17:42.571Z
2025,junior-college,0000365,조선이공대학교,광주,사립,전문대학,2918,0,2638.5,2343,295.5,80.3,90.4,1,0,Y,2026-08-15T09:17:42.571Z
2025,junior-college,0000263,계명문화대학교,대구,사립,전문대학,4637.5,0,4315,3800.5,514.5,82,93,1,0,Y,2026-08-15T09:17:42.571Z
2025,junior-college,0000280,대구공업대학교,대구,사립,전문대학,1087.5,0,1162.5,939,223.5,86.3,106.9,1,0,Y,2026-08-15T09:17:42.571Z
2025,junior-college,0000283,대구과학대학교,대구,사립,전문대학,3872.5,0,4182,3386.5,795.5,87.4,108,1,0,Y,2026-08-15T09:17:42.571Z
2025,junior-college,0000281,대구보건대학교,대구,사립,전문대학,6024.5,0,6396.5,5070.5,1326,84.2,106.2,1,0,Y,2026-08-15T09:17:42.571Z
2025,junior-college,0000282,수성대학교,대구,사립,전문대학,2907.5,0,3305,2584.5,720.5,88.9,113.7,1,0,Y,2026-08-15T09:17:42.571Z
2025,junior-college,0000346,영남이공대학교,대구,사립,전문대학,4970.5,0,5608.5,4404.5,1204,88.6,112.8,1,0,Y,2026-08-15T09:17:42.571Z
2025,junior-college,0000349,영진전문대학교,대구,사립,전문대학,5672,0,6889,4994,1895,88,121.5,1,0,Y,2026-08-15T09:17:42.571Z
2025,junior-college,0000376,대덕대학교,대전,사립,전문대학,2487.5,0,1561,1293,268,52,62.8,1,0,Y,2026-08-15T09:17:42.571Z
2025,junior-college,0000512,대전과학기술대학교,대전,사립,전문대학,3445,0,3899,2831,1068,82.2,113.2,1,0,Y,2026-08-15T09:17:42.571Z
2025,junior-college,0000288,대전보건대학교,대전,사립,전문대학,4466,0,4085.5,3462.5,623,77.5,91.5,1,0,Y,2026-08-15T09:17:42.571Z
2025,junior-college,0000289,우송정보대학,대전,사립,전문대학,3193.5,0,2829.5,2662,167.5,83.4,88.6,1,0,Y,2026-08-15T09:17:42.571Z
2025,junior-college,0000253,경남정보대학교,부산,사립,전문대학,4680,0,5118,3616,1502,77.3,109.4,1,0,Y,2026-08-15T09:17:42.571Z
2025,junior-college,0000284,대동대학교,부산,사립,전문대학,1278,0,1455,1127,328,88.2,113.8,1,0,Y,2026-08-15T09:17:42.571Z
2025,junior-college,0000303,동의과학대학교,부산,사립,전문대학,3236,0,3807,2588,1219,80,117.6,1,0,Y,2026-08-15T09:17:42.571Z
2025,junior-college,0000313,부산경상대학교,부산,사립,전문대학,2102.5,0,1590.5,1393,197.5,66.3,75.6,1,0,Y,2026-08-15T09:17:42.571Z
2025,junior-college,0000315,부산과학기술대학교,부산,사립,전문대학,2800.5,0,3638,2378,1260,84.9,129.9,1,0,Y,2026-08-15T09:17:42.571Z
2025,junior-college,0000569,부산보건대학교,부산,사립,전문대학,2374,64,2284.5,1814,470.5,78.5,98.9,1,0,Y,2026-08-15T09:17:42.571Z
2025,junior-college,0000314,부산여자대학교,부산,사립,전문대학,1681,0,1715.5,1386.5,329,82.5,102.1,1,0,Y,2026-08-15T09:17:42.571Z
2025,junior-college,0000388,부산예술대학교,부산,사립,전문대학,786.5,0,527.5,481,46.5,61.2,67.1,1,0,Y,2026-08-15T09:17:42.571Z
2025,junior-college,0000300,동양미래대학교,서울,사립,전문대학,5196,0,5462,4461.5,1000.5,85.9,105.1,1,0,Y,2026-08-15T09:17:42.571Z
2025,junior-college,0000307,명지전문대학,서울,사립,전문대학,5617,0,6196,4974.5,1221.5,88.6,110.3,1,0,Y,2026-08-15T09:17:42.571Z
2025,junior-college,0000310,배화여자대학교,서울,사립,전문대학,2453,0,2522.5,2073.5,449,84.5,102.8,1,0,Y,2026-08-15T09:17:42.571Z
2025,junior-college,0000317,삼육보건대학교,서울,사립,전문대학,1066,0,1345,970.5,374.5,91,126.2,1,0,Y,2026-08-15T09:17:42.571Z
2025,junior-college,0000321,서울여자간호대학교,서울,사립,전문대학,672,0,853,574.5,278.5,85.5,126.9,1,0,Y,2026-08-15T09:17:42.571Z
2025,junior-college,0000324,서일대학교,서울,사립,전문대학,5675,0,5849.5,4901.5,948,86.4,103.1,1,0,Y,2026-08-15T09:17:42.571Z
2025,junior-college,0000333,숭의여자대학교,서울,사립,전문대학,3065,0,2874.5,2570.5,304,83.9,93.8,1,0,Y,2026-08-15T09:17:42.571Z
2025,junior-college,0000356,인덕대학교,서울,사립,전문대학,5540,0,5483,4728.5,754.5,85.4,99,1,0,Y,2026-08-15T09:17:42.571Z
2025,junior-college,0000384,한양여자대학교,서울,사립,전문대학,6128,0,6347,5437.5,909.5,88.7,103.6,1,0,Y,2026-08-15T09:17:42.571Z
2025,junior-college,0000353,한국영상대학교,세종,사립,전문대학,3184,0,2828,2485,343,78,88.8,1,0,Y,2026-08-15T09:17:42.571Z
2025,junior-college,0000352,울산과학대학교,울산,사립,전문대학,4652,0,5042,4020,1022,86.4,108.4,1,0,Y,2026-08-15T09:17:42.571Z
2025,junior-college,0000375,춘해보건대학교,울산,사립,전문대학,2162.5,0,2574.5,1832,742.5,84.7,119.1,1,0,Y,2026-08-15T09:17:42.571Z
2025,junior-college,0000261,경인여자대학교,인천,사립,전문대학,3448.5,0,3437.5,2709,728.5,78.6,99.7,1,0,Y,2026-08-15T09:17:42.571Z
2025,junior-college,0000357,인하공업전문대학,인천,사립,전문대학,5730,0,6819,5177,1642,90.3,119,1,0,Y,2026-08-15T09:17:42.571Z
2025,junior-college,0000587,재능대학교,인천,사립,전문대학,2929.5,0,2701,2311.5,389.5,78.9,92.2,1,0,Y,2026-08-15T09:17:42.571Z
2025,junior-college,0000266,광양보건대학교,전남,사립,전문대학,1017,20,111.5,96.5,15,9.7,11.2,1,0,Y,2026-08-15T09:17:42.571Z
2025,junior-college,0000585,나주대학교,전남,사립,전문대학,1665,0,1463.5,1234.5,229,74.1,87.9,1,0,Y,2026-08-15T09:17:42.571Z
2025,junior-college,0000532,동아보건대학교,전남,사립,전문대학,1051.5,0,866,786.5,79.5,74.8,82.4,1,0,Y,2026-08-15T09:17:42.571Z
2025,junior-college,0000308,목포과학대학교,전남,사립,전문대학,2245.5,0,2382.5,1986.5,396,88.5,106.1,1,0,Y,2026-08-15T09:17:42.571Z
2025,junior-college,0000331,순천제일대학교,전남,사립,전문대학,2299.5,0,2512,1947,565,84.7,109.2,1,0,Y,2026-08-15T09:17:42.571Z
2025,junior-college,0000360,전남과학대학교,전남,사립,전문대학,2670.5,0,2954,2067.5,886.5,77.4,110.6,1,0,Y,2026-08-15T09:17:42.571Z
2025,junior-college,0000332,청암대학교,전남,사립,전문대학,2268.5,0,2045,1718,327,75.7,90.1,1,0,Y,2026-08-15T09:17:42.571Z
2025,junior-college,0000546,한영대학교,전남,사립,전문대학,1179.5,0,1343.5,1085.5,258,92,113.9,1,0,Y,2026-08-15T09:17:42.571Z
2025,junior-college,0000250,군산간호대학교,전북,사립,전문대학,884,0,1095.5,795.5,300,90,123.9,1,0,Y,2026-08-15T09:17:42.571Z
2025,junior-college,0000270,군장대학교,전북,사립,전문대학,1500,0,1924,1235.5,688.5,82.4,128.3,1,0,Y,2026-08-15T09:17:42.571Z
2025,junior-college,0000311,백제예술대학교,전북,사립,전문대학,890,0,655,627.5,27.5,70.5,73.6,1,0,Y,2026-08-15T09:17:42.571Z
2025,junior-college,0000354,원광보건대학교,전북,사립,전문대학,3633.5,40,3678,2845,833,79.2,102.4,1,0,Y,2026-08-15T09:17:42.571Z
2025,junior-college,0000362,전북과학대학교,전북,사립,전문대학,1510,0,1580,1322,258,87.5,104.6,1,0,Y,2026-08-15T09:17:42.571Z
2025,junior-college,0000274,전주기전대학,전북,사립,전문대학,1968.5,0,1649.5,1414,235.5,71.8,83.8,1,0,Y,2026-08-15T09:17:42.571Z
2025,junior-college,0000361,전주비전대학교,전북,사립,전문대학,2552.5,0,2849,1995.5,853.5,78.2,111.6,1,0,Y,2026-08-15T09:17:42.571Z
2025,junior-college,0000363,제주관광대학교,제주,사립,전문대학,2038.5,25,1391.5,1224.5,167,60.8,69.1,1,0,Y,2026-08-15T09:17:42.571Z
2025,junior-college,0000382,제주한라대학교,제주,사립,전문대학,4340,0,3889,3001,888,69.1,89.6,1,0,Y,2026-08-15T09:17:42.571Z
2025,junior-college,0000373,백석문화대학교,충남,사립,전문대학,3696.5,0,3566.5,2911.5,655,78.8,96.5,1,0,Y,2026-08-15T09:17:42.571Z
2025,junior-college,0000335,신성대학교,충남,사립,전문대학,2700,0,2595,2100.5,494.5,77.8,96.1,1,0,Y,2026-08-15T09:17:42.571Z
2025,junior-college,0000568,아주자동차대학교,충남,사립,전문대학,670,0,914.5,579.5,335,86.5,136.5,1,0,Y,2026-08-15T09:17:42.571Z
2025,junior-college,0000529,연암대학교,충남,사립,전문대학,966,0,1091.5,894,197.5,92.5,113,1,0,Y,2026-08-15T09:17:42.571Z
2025,junior-college,0000386,혜전대학교,충남,사립,전문대학,2504,45,2784.5,1986,798.5,80.8,113.2,1,0,Y,2026-08-15T09:17:42.571Z
2025,junior-college,0000271,강동대학교,충북,사립,전문대학,2889,0,3247.5,2374.5,873,82.2,112.4,1,0,Y,2026-08-15T09:17:42.571Z
2025,junior-college,0000286,대원대학교,충북,사립,전문대학,1971,0,1867.5,1300.5,567,66,94.7,1,0,Y,2026-08-15T09:17:42.571Z
2025,junior-college,0000367,충북보건과학대학교,충북,사립,전문대학,2323.5,0,2650,1790.5,859.5,77.1,114.1,1,0,Y,2026-08-15T09:17:42.571Z
2025,junior-college,0000377,충청대학교,충북,사립,전문대학,3296,0,3018.5,2428.5,590,73.7,91.6,1,0,Y,2026-08-15T09:17:42.571Z
2025,graduate,0000513,가톨릭관동대학교,강원,사립,대학원,745,0,528,511,17,68.6,70.9,5,5,Y,2026-08-15T09:17:42.571Z
2025,graduate,0000041,경동대학교,강원,사립,대학원,100,0,59,0,59,0,59,1,1,Y,2026-08-15T09:17:42.571Z
2025,graduate,0000086,상지대학교,강원,사립,대학원,455,0,402,356,46,78.2,88.4,5,5,Y,2026-08-15T09:17:42.571Z
2025,graduate,0000147,한라대학교,강원,사립,대학원,52.5,0,29,29,0,55.2,55.2,1,1,Y,2026-08-15T09:17:42.571Z
2025,graduate,0000148,한림대학교,강원,사립,대학원,985,0,628,570,58,57.9,63.8,8,8,Y,2026-08-15T09:17:42.571Z
2025,graduate,0000044,가천대학교,경기,사립,대학원,2578.5,0,3543,1886,1657,73.1,137.4,9,9,Y,2026-08-15T09:17:42.571Z
2025,graduate,0000034,가톨릭대학교,경기,사립,대학원,2745,0,2690,2288,402,83.4,98,16,16,Y,2026-08-15T09:17:42.571Z
2025,graduate,0000036,강남대학교,경기,사립,대학원,604,0,354,353,1,58.4,58.6,4,4,Y,2026-08-15T09:17:42.571Z
2025,graduate,0000039,경기대학교,경기,사립,대학원,2371,0,2052,1886,166,79.5,86.5,10,10,Y,2026-08-15T09:17:42.571Z
2025,graduate,0000060,단국대학교,경기,사립,대학원,4603,0,4203,3593,610,78.1,91.3,13,13,Y,2026-08-15T09:17:42.571Z
2025,graduate,0000068,대진대학교,경기,사립,대학원,382,0,345,266,79,69.6,90.3,5,4,Y,2026-08-15T09:17:42.571Z
2025,graduate,0000078,루터대학교,경기,사립,대학원,65,0,38,38,0,58.5,58.5,1,1,Y,2026-08-15T09:17:42.571Z
2025,graduate,0000079,명지대학교,경기,사립,대학원,2412.5,0,2541,1942,599,80.5,105.3,10,9,Y,2026-08-15T09:17:42.571Z
2025,graduate,0000090,서울신학대학교,경기,사립,대학원,812,0,717,702,15,86.5,88.3,8,8,Y,2026-08-15T09:17:42.571Z
2025,graduate,0000092,서울장신대학교,경기,사립,대학원,308.5,0,284,282,2,91.4,92.1,9,9,Y,2026-08-15T09:17:42.571Z
2025,graduate,0000095,성결대학교,경기,사립,대학원,566.5,0,396,307,89,54.2,69.9,5,5,Y,2026-08-15T09:17:42.571Z
2025,graduate,0000101,수원가톨릭대학교,경기,사립,대학원,105,0,49,47,2,44.8,46.7,1,1,Y,2026-08-15T09:17:42.571Z
2025,graduate,0000102,수원대학교,경기,사립,대학원,1272,0,730,688,42,54.1,57.4,13,13,Y,2026-08-15T09:17:42.571Z
2025,graduate,0000509,신한대학교,경기,사립,대학원,288,0,1148,264,884,91.7,398.6,2,2,Y,2026-08-15T09:17:42.571Z
2025,graduate,0000558,아신대학교,경기,사립,대학원,753.5,0,536,488,48,64.8,71.1,6,6,Y,2026-08-15T09:17:42.571Z
2025,graduate,0000108,아주대학교,경기,사립,대학원,4121.5,0,4380,3650,730,88.6,106.3,14,14,Y,2026-08-15T09:17:42.571Z
2025,graduate,0000109,안양대학교,경기,사립,대학원,791,0,533,378,155,47.8,67.4,6,6,Y,2026-08-15T09:17:42.571Z
2025,graduate,0000115,용인대학교,경기,사립,대학원,802.5,0,634,620,14,77.3,79,7,7,Y,2026-08-15T09:17:42.571Z
2025,graduate,0000120,을지대학교,경기,사립,대학원,295,0,326,282,44,95.6,110.5,3,3,Y,2026-08-15T09:17:42.571Z
2025,graduate,0000130,중앙승가대학교,경기,사립,대학원,90,0,54,54,0,60,60,1,1,Y,2026-08-15T09:17:42.571Z
2025,graduate,0000139,차의과학대학교,경기,사립,대학원,1133.5,0,1287,1242,45,109.6,113.5,8,8,Y,2026-08-15T09:17:42.571Z
2025,graduate,0000136,칼빈대학교,경기,사립,대학원,250,0,516,199,317,79.6,206.4,2,2,Y,2026-08-15T09:17:42.571Z
2025,graduate,0000138,평택대학교,경기,사립,대학원,637.5,8,470,456,14,72.4,74.7,8,8,Y,2026-08-15T09:17:42.571Z
2025,graduate,0000562,한국공학대학교,경기,사립,대학원,416,0,420,342,78,82.2,101,4,4,Y,2026-08-15T09:17:42.571Z
2025,graduate,0000144,한국항공대학교,경기,사립,대학원,605.5,0,639,518,121,85.5,105.5,3,3,Y,2026-08-15T09:17:42.571Z
2025,graduate,0000151,한세대학교,경기,사립,대학원,865,0,610,466,144,53.9,70.5,5,5,Y,2026-08-15T09:17:42.571Z
2025,graduate,0000152,한신대학교,경기,사립,대학원,532,0,359,358,1,67.3,67.5,6,6,Y,2026-08-15T09:17:42.571Z
2025,graduate,0000156,협성대학교,경기,사립,대학원,368,0,205,128,77,34.8,55.7,4,4,Y,2026-08-15T09:17:42.571Z
2025,graduate,0000032,가야대학교,경남,사립,대학원,188.5,0,75,75,0,39.8,39.8,4,4,Y,2026-08-15T09:17:42.571Z
2025,graduate,0000040,경남대학교,경남,사립,대학원,1351,0,1225,1022,203,75.6,90.7,5,5,Y,2026-08-15T09:17:42.571Z
2025,graduate,0000167,부산장신대학교,경남,사립,대학원,245,0,145,144,1,58.8,59.2,5,4,Y,2026-08-15T09:17:42.571Z
2025,graduate,0000122,인제대학교,경남,사립,대학원,1285,0,1095,955,140,74.3,85.2,6,6,Y,2026-08-15T09:17:42.571Z
2025,graduate,0000193,창신대학교,경남,사립,대학원,297.5,0,363,295,68,99.2,122,3,3,Y,2026-08-15T09:17:42.571Z
2025,graduate,0000188,경운대학교,경북,사립,대학원,260,0,506,166,340,63.8,194.6,3,3,Y,2026-08-15T09:17:42.571Z
2025,graduate,0000045,경일대학교,경북,사립,대학원,172,0,533,112,421,65.1,309.9,2,2,Y,2026-08-15T09:17:42.571Z
2025,graduate,0000185,김천대학교,경북,사립,대학원,111.5,0,195,61,134,54.7,174.9,3,3,Y,2026-08-15T09:17:42.571Z
2025,graduate,0000063,대구가톨릭대학교,경북,사립,대학원,1496,0,1657,1253,404,83.8,110.8,9,9,Y,2026-08-15T09:17:42.571Z
2025,graduate,0000061,대구대학교,경북,사립,대학원,1525,0,1517,1170,347,76.7,99.5,6,6,Y,2026-08-15T09:17:42.571Z
2025,graduate,0000042,대구한의대학교,경북,사립,대학원,524,0,542,487,55,92.9,103.4,3,3,Y,2026-08-15T09:17:42.571Z
2025,graduate,0000065,대신대학교,경북,사립,대학원,235,0,297,210,87,89.4,126.4,3,3,Y,2026-08-15T09:17:42.571Z
2025,graduate,0000076,동양대학교,경북,사립,대학원,288,0,255,226,29,78.5,88.5,3,3,Y,2026-08-15T09:17:42.571Z
2025,graduate,0000586,신경주대학교,경북,사립,대학원,246.5,0,128,128,0,51.9,51.9,2,2,Y,2026-08-15T09:17:42.571Z
2025,graduate,0000111,영남대학교,경북,사립,대학원,3206,0,2571,1827,744,57,80.2,8,8,Y,2026-08-15T09:17:42.571Z
2025,graduate,0000112,영남신학대학교,경북,사립,대학원,309,0,304,294,10,95.1,98.4,8,8,Y,2026-08-15T09:17:42.571Z
2025,graduate,0000119,위덕대학교,경북,사립,대학원,257.5,0,226,215,11,83.5,87.8,5,5,Y,2026-08-15T09:17:42.571Z
2025,graduate,0000140,포항공과대학교,경북,사립,대학원,2532,0,2232,2130,102,84.1,88.2,3,3,Y,2026-08-15T09:17:42.571Z
2025,graduate,0000146,한동대학교,경북,사립,대학원,506,0,371,350,21,69.2,73.3,7,7,Y,2026-08-15T09:17:42.571Z
2025,graduate,0000052,광신대학교,광주,사립,대학원,597,0,520,509,11,85.3,87.1,6,6,Y,2026-08-15T09:17:42.571Z
2025,graduate,0000176,광주대학교,광주,사립,대학원,480,0,504,456,48,95,105,3,3,Y,2026-08-15T09:17:42.571Z
2025,graduate,0000055,광주여자대학교,광주,사립,대학원,217.5,0,255,210,45,96.6,117.2,3,3,Y,2026-08-15T09:17:42.571Z
2025,graduate,0000162,남부대학교,광주,사립,대학원,350,0,424,364,60,104,121.1,3,3,Y,2026-08-15T09:17:42.571Z
2025,graduate,0000187,송원대학교,광주,사립,대학원,110,0,167,135,32,122.7,151.8,1,1,Y,2026-08-15T09:17:42.571Z
2025,graduate,0000127,조선대학교,광주,사립,대학원,1730,0,1248,1116,132,64.5,72.1,4,3,Y,2026-08-15T09:17:42.571Z
2025,graduate,0000157,호남대학교,광주,사립,대학원,607,0,1035,516,519,85,170.5,3,3,Y,2026-08-15T09:17:42.571Z
2025,graduate,0000158,호남신학대학교,광주,사립,대학원,449,0,296,296,0,65.9,65.9,5,5,Y,2026-08-15T09:17:42.571Z
2025,graduate,0000048,계명대학교,대구,사립,대학원,2323.5,0,1928,1513,415,65.1,83,9,9,Y,2026-08-15T09:17:42.571Z
2025,graduate,0000038,건양대학교,대전,사립,대학원,694.5,0,676,562,114,80.9,97.3,6,6,Y,2026-08-15T09:17:42.571Z
2025,graduate,0000067,대전대학교,대전,사립,대학원,709,0,582,503,79,70.9,82.1,4,4,Y,2026-08-15T09:17:42.571Z
2025,graduate,0000182,대전신학대학교,대전,사립,대학원,170,0,132,132,0,77.6,77.6,2,2,Y,2026-08-15T09:17:42.571Z
2025,graduate,0000080,목원대학교,대전,사립,대학원,724,0,667,374,293,51.7,92.1,3,3,Y,2026-08-15T09:17:42.571Z
2025,graduate,0000081,배재대학교,대전,사립,대학원,547,0,509,322,187,58.9,93.1,4,4,Y,2026-08-15T09:17:42.571Z
2025,graduate,0000184,우송대학교,대전,사립,대학원,238,0,685,188,497,79,287.8,6,6,Y,2026-08-15T09:17:42.571Z
2025,graduate,0000551,한국침례신학대학교,대전,사립,대학원,791,0,651,646,5,81.7,82.3,4,4,Y,2026-08-15T09:17:42.571Z
2025,graduate,0000145,한남대학교,대전,사립,대학원,1053,0,992,647,345,61.4,94.2,8,8,Y,2026-08-15T09:17:42.571Z
2025,graduate,0000043,경성대학교,부산,사립,대학원,861,0,641,305,336,35.4,74.4,3,3,Y,2026-08-15T09:17:42.571Z
2025,graduate,0000050,고신대학교,부산,사립,대학원,1090,0,656,646,10,59.3,60.2,8,8,Y,2026-08-15T09:17:42.571Z
2025,graduate,0000180,동명대학교,부산,사립,대학원,468,0,723,273,450,58.3,154.5,3,3,Y,2026-08-15T09:17:42.571Z
2025,graduate,0000073,동서대학교,부산,사립,대학원,267,0,408,175,233,65.5,152.8,3,3,Y,2026-08-15T09:17:42.571Z
2025,graduate,0000075,동아대학교,부산,사립,대학원,2317,0,2069,1600,469,69.1,89.3,7,7,Y,2026-08-15T09:17:42.571Z
2025,graduate,0000077,동의대학교,부산,사립,대학원,1042,0,823,647,176,62.1,79,6,6,Y,2026-08-15T09:17:42.571Z
2025,graduate,0000082,부산가톨릭대학교,부산,사립,대학원,343,0,309,249,60,72.6,90.1,2,2,Y,2026-08-15T09:17:42.571Z
2025,graduate,0000083,부산외국어대학교,부산,사립,대학원,564,0,544,216,328,38.3,96.5,4,4,Y,2026-08-15T09:17:42.571Z
2025,graduate,0000106,신라대학교,부산,사립,대학원,613.5,0,886,510,376,83.1,144.4,5,5,Y,2026-08-15T09:17:42.571Z
2025,graduate,0000181,영산대학교,부산,사립,대학원,267,0,406,228,178,85.4,152.1,13,13,Y,2026-08-15T09:17:42.571Z
2025,graduate,0000035,감리교신학대학교,서울,사립,대학원,320,0,347,344,3,107.5,108.4,2,2,Y,2026-08-15T09:17:42.571Z
2025,graduate,0000565,강서대학교,서울,사립,대학원,168.5,0,182,100,82,59.3,108,4,4,Y,2026-08-15T09:17:42.571Z
2025,graduate,0000037,건국대학교,서울,사립,대학원,4960.5,0,4871,4506,365,90.8,98.2,17,17,Y,2026-08-15T09:17:42.571Z
2025,graduate,0000047,경희대학교,서울,사립,대학원,6188,0,8759,5436,3323,87.8,141.5,15,15,Y,2026-08-15T09:17:42.571Z
2025,graduate,0000049,고려대학교,서울,사립,대학원,11453,0,11358,10071,1287,87.9,99.2,27,27,Y,2026-08-15T09:17:42.571Z
2025,graduate,0000053,광운대학교,서울,사립,대학원,1565.5,0,1646,1305,341,83.4,105.1,7,7,Y,2026-08-15T09:17:42.571Z
2025,graduate,0000056,국민대학교,서울,사립,대학원,3208,0,3558,2539,1019,79.1,110.9,17,16,Y,2026-08-15T09:17:42.571Z
2025,graduate,0000070,덕성여자대학교,서울,사립,대학원,415.5,0,272,216,56,52,65.5,3,3,Y,2026-08-15T09:17:42.571Z
2025,graduate,0000071,동국대학교,서울,사립,대학원,4592,0,5113,3684,1429,80.2,111.3,17,17,Y,2026-08-15T09:17:42.571Z
2025,graduate,0000072,동덕여자대학교,서울,사립,대학원,474.5,0,327,299,28,63,68.9,5,4,Y,2026-08-15T09:17:42.571Z
2025,graduate,0000131,백석대학교,서울,사립,대학원,2232,0,2875,2235,640,100.1,128.8,8,8,Y,2026-08-15T09:17:42.571Z
2025,graduate,0000084,삼육대학교,서울,사립,대학원,493.5,0,653,452,201,91.6,132.3,4,4,Y,2026-08-15T09:17:42.571Z
2025,graduate,0000085,상명대학교,서울,사립,대학원,1174.5,0,1087,853,234,72.6,92.6,6,6,Y,2026-08-15T09:17:42.571Z
2025,graduate,0000087,서강대학교,서울,사립,대학원,3864,0,4225,3498,727,90.5,109.3,12,12,Y,2026-08-15T09:17:42.571Z
2025,graduate,0000088,서경대학교,서울,사립,대학원,429,0,730,418,312,97.4,170.2,6,6,Y,2026-08-15T09:17:42.571Z
2025,graduate,0000069,서울기독대학교,서울,사립,대학원,275,0,168,132,36,48,61.1,6,6,Y,2026-08-15T09:17:42.571Z
2025,graduate,0000091,서울여자대학교,서울,사립,대학원,629.5,0,303,301,2,47.8,48.1,3,3,Y,2026-08-15T09:17:42.571Z
2025,graduate,0000539,서울한영대학교,서울,사립,대학원,205,0,244,112,132,54.6,119,3,3,Y,2026-08-15T09:17:42.571Z
2025,graduate,0000096,성공회대학교,서울,사립,대학원,440,0,213,198,15,45,48.4,7,7,Y,2026-08-15T09:17:42.571Z
2025,graduate,0000097,성균관대학교,서울,사립,대학원,8752,0,9144,7335,1809,83.8,104.5,17,17,Y,2026-08-15T09:17:42.571Z
2025,graduate,0000098,성신여자대학교,서울,사립,대학원,1098,0,811,633,178,57.7,73.9,5,5,Y,2026-08-15T09:17:42.571Z
2025,graduate,0000100,세종대학교,서울,사립,대학원,2944,0,4207,2191,2016,74.4,142.9,7,7,Y,2026-08-15T09:17:42.571Z
2025,graduate,0000103,숙명여자대학교,서울,사립,대학원,3134.5,0,2385,2229,156,71.1,76.1,10,10,Y,2026-08-15T09:17:42.571Z
2025,graduate,0000105,숭실대학교,서울,사립,대학원,2333,0,3038,2139,899,91.7,130.2,8,8,Y,2026-08-15T09:17:42.571Z
2025,graduate,0000110,연세대학교,서울,사립,대학원,11486,0,13777,11377,2400,99.1,119.9,24,23,Y,2026-08-15T09:17:42.571Z
2025,graduate,0000121,이화여자대학교,서울,사립,대학원,6501.5,0,6363,5529,834,85,97.9,15,15,Y,2026-08-15T09:17:42.571Z
2025,graduate,0000125,장로회신학대학교,서울,사립,대학원,1497.5,0,1496,1460,36,97.5,99.9,6,6,Y,2026-08-15T09:17:42.571Z
2025,graduate,0000129,중앙대학교,서울,사립,대학원,5661.5,0,5815,4758,1057,84,102.7,19,19,Y,2026-08-15T09:17:42.571Z
2025,graduate,0000133,총신대학교,서울,사립,대학원,1795.5,0,1849,1719,130,95.7,103,9,9,Y,2026-08-15T09:17:42.571Z
2025,graduate,0000134,추계예술대학교,서울,사립,대학원,240,0,187,87,100,36.3,77.9,2,2,Y,2026-08-15T09:17:42.571Z
2025,graduate,0000142,한국성서대학교,서울,사립,대학원,173,0,159,154,5,89,91.9,4,4,Y,2026-08-15T09:17:42.571Z
2025,graduate,0000143,한국외국어대학교,서울,사립,대학원,3097,0,2547,2001,546,64.6,82.2,10,10,Y,2026-08-15T09:17:42.571Z
2025,graduate,0000150,한성대학교,서울,사립,대학원,891,0,1192,635,557,71.3,133.8,8,8,Y,2026-08-15T09:17:42.571Z
2025,graduate,0000153,한양대학교,서울,사립,대학원,9291,0,10387,7865,2522,84.7,111.8,20,20,Y,2026-08-15T09:17:42.571Z
2025,graduate,0000160,홍익대학교,서울,사립,대학원,3687.5,0,4094,3403,691,92.3,111,15,15,Y,2026-08-15T09:17:42.571Z
2025,graduate,0000066,대전가톨릭대학교,세종,사립,대학원,90,0,20,20,0,22.2,22.2,1,1,Y,2026-08-15T09:17:42.571Z
2025,graduate,0000117,울산대학교,울산,사립,대학원,2097.5,0,1634,1424,210,67.9,77.9,8,8,Y,2026-08-15T09:17:42.571Z
2025,graduate,0000123,인천가톨릭대학교,인천,사립,대학원,200,0,82,82,0,41,41,2,2,Y,2026-08-15T09:17:42.571Z
2025,graduate,0000124,인하대학교,인천,사립,대학원,3512,0,3546,3098,448,88.2,101,11,10,Y,2026-08-15T09:17:42.571Z
2025,graduate,0000054,광주가톨릭대학교,전남,사립,대학원,90,0,41,41,0,45.6,45.6,1,1,Y,2026-08-15T09:17:42.571Z
2025,graduate,0000074,동신대학교,전남,사립,대학원,510.5,0,1292,522,770,102.3,253.1,3,3,Y,2026-08-15T09:17:42.571Z
2025,graduate,0000064,세한대학교,전남,사립,대학원,190,0,516,66,450,34.7,271.6,1,1,Y,2026-08-15T09:17:42.571Z
2025,graduate,0000190,초당대학교,전남,사립,대학원,100,0,150,67,83,67,150,2,2,Y,2026-08-15T09:17:42.571Z
2025,graduate,0000173,예수대학교,전북,사립,대학원,20,0,10,10,0,50,50,1,1,Y,2026-08-15T09:17:42.571Z
2025,graduate,0000164,예원예술대학교,전북,사립,대학원,155,0,354,121,233,78.1,228.4,4,4,Y,2026-08-15T09:17:42.571Z
2025,graduate,0000116,우석대학교,전북,사립,대학원,581,0,963,523,440,90,165.7,6,6,Y,2026-08-15T09:17:42.571Z
2025,graduate,0000118,원광대학교,전북,사립,대학원,1572.5,6,1309,1047,262,66.8,83.6,7,7,Y,2026-08-15T09:17:42.571Z
2025,graduate,0000126,전주대학교,전북,사립,대학원,897.5,0,822,668,154,74.4,91.6,7,7,Y,2026-08-15T09:17:42.571Z
2025,graduate,0000155,한일장신대학교,전북,사립,대학원,303,0,160,155,5,51.2,52.8,7,7,Y,2026-08-15T09:17:42.571Z
2025,graduate,0000192,제주국제대학교,제주,사립,대학원,342.5,0,188,186,2,54.3,54.9,4,4,Y,2026-08-15T09:17:42.571Z
2025,graduate,0000169,금강대학교,충남,사립,대학원,32.5,0,16,16,0,49.2,49.2,1,1,Y,2026-08-15T09:17:42.571Z
2025,graduate,0000059,나사렛대학교,충남,사립,대학원,354.5,0,264,226,38,63.8,74.5,4,4,Y,2026-08-15T09:17:42.571Z
2025,graduate,0000189,남서울대학교,충남,사립,대학원,420,0,998,325,673,77.4,237.6,3,3,Y,2026-08-15T09:17:42.571Z
2025,graduate,0000094,선문대학교,충남,사립,대학원,675.5,0,789,425,364,62.9,116.8,3,3,Y,2026-08-15T09:17:42.571Z
2025,graduate,0000104,순천향대학교,충남,사립,대학원,1195,0,1170,926,244,77.5,97.9,6,6,Y,2026-08-15T09:17:42.571Z
2025,graduate,0000128,중부대학교,충남,사립,대학원,1192,0,2577,1228,1349,103,216.2,4,4,Y,2026-08-15T09:17:42.571Z
2025,graduate,0000225,청운대학교,충남,사립,대학원,165,0,623,130,493,78.8,377.6,3,3,Y,2026-08-15T09:17:42.571Z
2025,graduate,0000141,한국기술교육대학교,충남,사립,대학원,491,0,580,384,196,78.2,118.1,3,3,Y,2026-08-15T09:17:42.571Z
2025,graduate,0000149,한서대학교,충남,사립,대학원,400,0,463,279,184,69.8,115.8,5,5,Y,2026-08-15T09:17:42.571Z
2025,graduate,0000159,호서대학교,충남,사립,대학원,1606.5,0,1995,1322,673,82.3,124.2,11,11,Y,2026-08-15T09:17:42.571Z
2025,graduate,0000557,가톨릭꽃동네대학교,충북,사립,대학원,90,0,65,65,0,72.2,72.2,2,2,Y,2026-08-15T09:17:42.571Z
2025,graduate,0000058,극동대학교,충북,사립,대학원,304.5,0,284,235,49,77.2,93.3,3,3,Y,2026-08-15T09:17:42.571Z
2025,graduate,0000093,서원대학교,충북,사립,대학원,235.5,0,224,176,48,74.7,95.1,3,3,Y,2026-08-15T09:17:42.571Z
2025,graduate,0000099,세명대학교,충북,사립,대학원,319.5,0,450,258,192,80.8,140.8,3,3,Y,2026-08-15T09:17:42.571Z
2025,graduate,0000113,유원대학교,충북,사립,대학원,60,0,69,66,3,110,115,1,1,Y,2026-08-15T09:17:42.571Z
2025,graduate,0000183,중원대학교,충북,사립,대학원,188,0,288,153,135,81.4,153.2,3,3,Y,2026-08-15T09:17:42.571Z
2025,graduate,0000132,청주대학교,충북,사립,대학원,558,0,1868,363,1505,65.1,334.8,5,5,Y,2026-08-15T09:17:42.571Z
2025,combined,0000513,가톨릭관동대학교,강원,사립,대학,7876,0,5502,5069.5,432.5,64.4,69.9,1,5,Y,2026-08-15T09:17:42.571Z
2025,combined,0000041,경동대학교,강원,사립,대학,6453.5,0,7021,5505.5,1515.5,85.3,108.8,4,1,Y,2026-08-15T09:17:42.571Z
2025,combined,0000086,상지대학교,강원,사립,대학,7895,0,6039.5,5591.5,448,70.8,76.5,1,5,Y,2026-08-15T09:17:42.571Z
2025,combined,0000147,한라대학교,강원,사립,대학,3614.5,2,2944.5,2586.5,358,71.6,81.5,1,1,Y,2026-08-15T09:17:42.571Z
2025,combined,0000148,한림대학교,강원,사립,대학,8314,0,7725,7122,603,85.7,92.9,1,8,Y,2026-08-15T09:17:42.571Z
2025,combined,0000044,가천대학교,경기,사립,대학,19216.5,0,24954.5,17648,7306.5,91.8,129.9,1,9,Y,2026-08-15T09:17:42.571Z
2025,combined,0000034,가톨릭대학교,경기,사립,대학,10123,0,10971,8835.5,2135.5,87.3,108.4,3,16,Y,2026-08-15T09:17:42.571Z
2025,combined,0000036,강남대학교,경기,사립,대학,6568,0,6581,5957.5,623.5,90.7,100.2,1,4,Y,2026-08-15T09:17:42.571Z
2025,combined,0000039,경기대학교,경기,사립,대학,14167,0,15253,13364,1889,94.3,107.7,2,10,Y,2026-08-15T09:17:42.571Z
2025,combined,0000060,단국대학교,경기,사립,대학,23374.5,0,25177.5,21849,3328.5,93.5,107.7,2,13,Y,2026-08-15T09:17:42.571Z
2025,combined,0000068,대진대학교,경기,사립,대학,7346,0,7833.5,6357,1476.5,86.5,106.6,1,4,Y,2026-08-15T09:17:42.571Z
2025,combined,0000078,루터대학교,경기,사립,대학,405,0,339.5,333.5,6,82.3,83.8,1,1,Y,2026-08-15T09:17:42.571Z
2025,combined,0000079,명지대학교,경기,사립,대학,12814,0.5,15346,11805.5,3540.5,92.1,119.8,2,9,Y,2026-08-15T09:17:42.571Z
2025,combined,0000090,서울신학대학교,경기,사립,대학,2650,0,2574,2457,117,92.7,97.1,1,8,Y,2026-08-15T09:17:42.571Z
2025,combined,0000092,서울장신대학교,경기,사립,대학,700.5,0,576.5,545,31.5,77.8,82.3,1,9,Y,2026-08-15T09:17:42.571Z
2025,combined,0000095,성결대학교,경기,사립,대학,5478.5,0,5483,5071,412,92.6,100.1,1,5,Y,2026-08-15T09:17:42.571Z
2025,combined,0000101,수원가톨릭대학교,경기,사립,대학,465,0,149,144.5,4.5,31.1,32,1,1,Y,2026-08-15T09:17:42.571Z
2025,combined,0000102,수원대학교,경기,사립,대학,9792,0,8743,8196.5,546.5,83.7,89.3,1,13,Y,2026-08-15T09:17:42.571Z
2025,combined,0000509,신한대학교,경기,사립,대학,5932,0,7461,5516,1945,93,125.8,2,2,Y,2026-08-15T09:17:42.571Z
2025,combined,0000558,아신대학교,경기,사립,대학,1221,0,773.5,715.5,58,58.6,63.3,1,6,Y,2026-08-15T09:17:42.571Z
2025,combined,0000108,아주대학교,경기,사립,대학,11976.5,0,13846,11113.5,2732.5,92.8,115.6,1,14,Y,2026-08-15T09:17:42.571Z
2025,combined,0000109,안양대학교,경기,사립,대학,5345,0,4994,4546,448,85.1,93.4,2,6,Y,2026-08-15T09:17:42.571Z
2025,combined,0000115,용인대학교,경기,사립,대학,5850.5,0,5791.5,5424,367.5,92.7,99,1,7,Y,2026-08-15T09:17:42.571Z
2025,combined,0000130,중앙승가대학교,경기,사립,대학,570,0,109.5,107.5,2,18.9,19.2,1,1,Y,2026-08-15T09:17:42.571Z
2025,combined,0000139,차의과학대학교,경기,사립,대학,3179.5,0,3373,3121.5,251.5,98.2,106.1,1,8,Y,2026-08-15T09:17:42.571Z
2025,combined,0000136,칼빈대학교,경기,사립,대학,610,0,2497.5,474.5,2023,77.8,409.4,1,2,Y,2026-08-15T09:17:42.571Z
2025,combined,0000138,평택대학교,경기,사립,대학,3871.5,33,3368.5,3147.5,221,82,87.8,1,8,Y,2026-08-15T09:17:42.571Z
2025,combined,0000562,한국공학대학교,경기,사립,대학,5951,0,7674.5,5984.5,1690,100.6,129,1,4,Y,2026-08-15T09:17:42.571Z
2025,combined,0000144,한국항공대학교,경기,사립,대학,4070.5,0,4632.5,3896,736.5,95.7,113.8,1,3,Y,2026-08-15T09:17:42.571Z
2025,combined,0000151,한세대학교,경기,사립,대학,3129,0,3004,2684.5,319.5,85.8,96,1,5,Y,2026-08-15T09:17:42.571Z
2025,combined,0000152,한신대학교,경기,사립,대학,5239,0,5358.5,4919.5,439,93.9,102.3,1,6,Y,2026-08-15T09:17:42.571Z
2025,combined,0000156,협성대학교,경기,사립,대학,4384,0,3867.5,3559,308.5,81.2,88.2,1,4,Y,2026-08-15T09:17:42.571Z
2025,combined,0000567,화성의과학대학교,경기,사립,대학,1038,6.5,469,439.5,29.5,42.6,45.5,1,0,Y,2026-08-15T09:17:42.571Z
2025,combined,0000032,가야대학교,경남,사립,대학,2010,0,1657.5,1497.5,160,74.5,82.5,2,4,Y,2026-08-15T09:17:42.571Z
2025,combined,0000040,경남대학교,경남,사립,대학,10029,0,9482.5,8416,1066.5,83.9,94.6,1,5,Y,2026-08-15T09:17:42.571Z
2025,combined,0000167,부산장신대학교,경남,사립,대학,373,0,261.5,259,2.5,69.4,70.1,1,4,Y,2026-08-15T09:17:42.571Z
2025,combined,0000122,인제대학교,경남,사립,대학,8474,0,7611.5,6782.5,829,80,89.8,2,6,Y,2026-08-15T09:17:42.571Z
2025,combined,0000193,창신대학교,경남,사립,대학,1702.5,0,1953,1633,320,95.9,114.7,1,3,Y,2026-08-15T09:17:42.571Z
2025,combined,0000188,경운대학교,경북,사립,대학,4996,0,5464.5,4305,1159.5,86.2,109.4,1,3,Y,2026-08-15T09:17:42.571Z
2025,combined,0000045,경일대학교,경북,사립,대학,6403,0,7251.5,5898.5,1353,92.1,113.3,1,2,Y,2026-08-15T09:17:42.571Z
2025,combined,0000185,김천대학교,경북,사립,대학,2707,0,2373.5,1996.5,377,73.8,87.7,1,3,Y,2026-08-15T09:17:42.571Z
2025,combined,0000063,대구가톨릭대학교,경북,사립,대학,12170,0,12516.5,10473,2043.5,86.1,102.8,1,9,Y,2026-08-15T09:17:42.571Z
2025,combined,0000061,대구대학교,경북,사립,대학,16959.5,0,16608,13815,2793,81.5,97.9,1,6,Y,2026-08-15T09:17:42.571Z
2025,combined,0000062,대구예술대학교,경북,사립,대학,1303.5,17,248.5,198,50.5,15.4,19.3,1,0,Y,2026-08-15T09:17:42.571Z
2025,combined,0000042,대구한의대학교,경북,사립,대학,6661,0,7210.5,5585.5,1625,83.9,108.2,1,3,Y,2026-08-15T09:17:42.571Z
2025,combined,0000065,대신대학교,경북,사립,대학,716,0,1266,646.5,619.5,90.3,176.8,1,3,Y,2026-08-15T09:17:42.571Z
2025,combined,0000076,동양대학교,경북,사립,대학,4263,0,4243.5,3704.5,539,86.9,99.5,2,3,Y,2026-08-15T09:17:42.571Z
2025,combined,0000586,신경주대학교,경북,사립,대학,3486.5,306,1023.5,953.5,70,30,32.2,1,2,Y,2026-08-15T09:17:42.571Z
2025,combined,0000111,영남대학교,경북,사립,대학,21796.5,0,22349,19423.5,2925.5,89.1,102.5,1,8,Y,2026-08-15T09:17:42.571Z
2025,combined,0000112,영남신학대학교,경북,사립,대학,769,0,640,626,14,81.4,83.2,1,8,Y,2026-08-15T09:17:42.571Z
2025,combined,0000119,위덕대학교,경북,사립,대학,2825.5,0,2301,2228.5,72.5,78.9,81.4,1,5,Y,2026-08-15T09:17:42.571Z
2025,combined,0000140,포항공과대학교,경북,사립,대학,3812,0,3652,3419,233,89.7,95.8,1,3,Y,2026-08-15T09:17:42.571Z
2025,combined,0000146,한동대학교,경북,사립,대학,3422,0,4127.5,3607.5,520,105.4,120.6,1,7,Y,2026-08-15T09:17:42.571Z
2025,combined,0000052,광신대학교,광주,사립,대학,1059.5,0,948.5,910,38.5,85.9,89.5,1,6,Y,2026-08-15T09:17:42.571Z
2025,combined,0000176,광주대학교,광주,사립,대학,6078.5,0,5436,4956,480,81.5,89.4,1,3,Y,2026-08-15T09:17:42.571Z
2025,combined,0000055,광주여자대학교,광주,사립,대학,3840,0,3385,3075,310,80.1,88.2,1,3,Y,2026-08-15T09:17:42.571Z
2025,combined,0000162,남부대학교,광주,사립,대학,2876.5,0,2768.5,2462,306.5,85.6,96.2,1,3,Y,2026-08-15T09:17:42.571Z
2025,combined,0000187,송원대학교,광주,사립,대학,2815,0,2655.5,2329.5,326,82.8,94.3,1,1,Y,2026-08-15T09:17:42.571Z
2025,combined,0000127,조선대학교,광주,사립,대학,19632.5,0,18335,16820.5,1514.5,85.7,93.4,1,3,Y,2026-08-15T09:17:42.571Z
2025,combined,0000157,호남대학교,광주,사립,대학,6705,0,7163,5676,1487,84.7,106.8,1,3,Y,2026-08-15T09:17:42.571Z
2025,combined,0000158,호남신학대학교,광주,사립,대학,934,0,676,671.5,4.5,71.9,72.4,1,5,Y,2026-08-15T09:17:42.571Z
2025,combined,0000048,계명대학교,대구,사립,대학,21013.5,0,21593.5,18707,2886.5,89,102.8,1,9,Y,2026-08-15T09:17:42.571Z
2025,combined,0000067,대전대학교,대전,사립,대학,8414.5,0,8099.5,7326.5,773,87.1,96.3,1,4,Y,2026-08-15T09:17:42.571Z
2025,combined,0000182,대전신학대학교,대전,사립,대학,298,0,182,182,0,61.1,61.1,1,2,Y,2026-08-15T09:17:42.571Z
2025,combined,0000080,목원대학교,대전,사립,대학,8035.5,46,7614,6692,922,83.8,95.3,1,3,Y,2026-08-15T09:17:42.571Z
2025,combined,0000081,배재대학교,대전,사립,대학,8178,0,7568.5,6807,761.5,83.2,92.5,1,4,Y,2026-08-15T09:17:42.571Z
2025,combined,0000184,우송대학교,대전,사립,대학,8248.5,0,10145,7438,2707,90.2,123,1,6,Y,2026-08-15T09:17:42.571Z
2025,combined,0000120,을지대학교,대전,사립,대학,4591,0,4880.5,4448.5,432,96.9,106.3,3,3,Y,2026-08-15T09:17:42.571Z
2025,combined,0000551,한국침례신학대학교,대전,사립,대학,1683.5,0,1328,1305,23,77.5,78.9,1,4,Y,2026-08-15T09:17:42.571Z
2025,combined,0000145,한남대학교,대전,사립,대학,11986,0,12077.5,10630.5,1447,88.7,100.8,1,8,Y,2026-08-15T09:17:42.571Z
2025,combined,0000043,경성대학교,부산,사립,대학,11968.5,0,12759.5,10090.5,2669,84.3,106.6,1,3,Y,2026-08-15T09:17:42.571Z
2025,combined,0000050,고신대학교,부산,사립,대학,4592.5,0,3707,3596.5,110.5,78.3,80.7,1,8,Y,2026-08-15T09:17:42.571Z
2025,combined,0000180,동명대학교,부산,사립,대학,6852,0,7383,5686.5,1696.5,83,107.7,1,3,Y,2026-08-15T09:17:42.571Z
2025,combined,0000073,동서대학교,부산,사립,대학,8795.5,0,8746,7556,1190,85.9,99.4,1,3,Y,2026-08-15T09:17:42.571Z
2025,combined,0000075,동아대학교,부산,사립,대학,18752.5,0,19304.5,17144,2160.5,91.4,102.9,1,7,Y,2026-08-15T09:17:42.571Z
2025,combined,0000077,동의대학교,부산,사립,대학,15402.5,0,14757.5,13032,1725.5,84.6,95.8,1,6,Y,2026-08-15T09:17:42.571Z
2025,combined,0000082,부산가톨릭대학교,부산,사립,대학,3288.5,0,3749.5,2960,789.5,90,114,1,2,Y,2026-08-15T09:17:42.571Z
2025,combined,0000083,부산외국어대학교,부산,사립,대학,6805.5,0,6766.5,5557.5,1209,81.7,99.4,1,4,Y,2026-08-15T09:17:42.571Z
2025,combined,0000106,신라대학교,부산,사립,대학,7750,0,7315,6124.5,1190.5,79,94.4,1,5,Y,2026-08-15T09:17:42.571Z
2025,combined,0000181,영산대학교,부산,사립,대학,5732,0,5869.5,4804,1065.5,83.8,102.4,2,13,Y,2026-08-15T09:17:42.571Z
2025,combined,0000035,감리교신학대학교,서울,사립,대학,1005,0,895,875.5,19.5,87.1,89.1,1,2,Y,2026-08-15T09:17:42.571Z
2025,combined,0000565,강서대학교,서울,사립,대학,1276.5,0,1868.5,1092,776.5,85.5,146.4,1,4,Y,2026-08-15T09:17:42.571Z
2025,combined,0000037,건국대학교,서울,사립,대학,23394.5,0,26886,22875.5,4010.5,97.8,114.9,2,17,Y,2026-08-15T09:17:42.571Z
2025,combined,0000047,경희대학교,서울,사립,대학,26147.5,0,33055.5,24351,8704.5,93.1,126.4,1,15,Y,2026-08-15T09:17:42.571Z
2025,combined,0000049,고려대학교,서울,사립,대학,33307.5,0,37988,30785,7203,92.4,114.1,2,27,Y,2026-08-15T09:17:42.571Z
2025,combined,0000053,광운대학교,서울,사립,대학,8534,0,9681,7679,2002,90,113.4,1,7,Y,2026-08-15T09:17:42.571Z
2025,combined,0000056,국민대학교,서울,사립,대학,15078,0,17631.5,13891.5,3740,92.1,116.9,1,16,Y,2026-08-15T09:17:42.571Z
2025,combined,0000070,덕성여자대학교,서울,사립,대학,4998,0,5561.5,4872.5,689,97.5,111.3,1,3,Y,2026-08-15T09:17:42.571Z
2025,combined,0000071,동국대학교,서울,사립,대학,23027.5,0,24710,19963.5,4746.5,86.7,107.3,2,17,Y,2026-08-15T09:17:42.571Z
2025,combined,0000072,동덕여자대학교,서울,사립,대학,6767.5,0,6805,5935.5,869.5,87.7,100.6,1,4,Y,2026-08-15T09:17:42.571Z
2025,combined,0000084,삼육대학교,서울,사립,대학,5119,0,5693.5,4925.5,768,96.2,111.2,1,4,Y,2026-08-15T09:17:42.571Z
2025,combined,0000085,상명대학교,서울,사립,대학,11970,0,12314.5,10789,1525.5,90.1,102.9,2,6,Y,2026-08-15T09:17:42.571Z
2025,combined,0000087,서강대학교,서울,사립,대학,10230,0,12163.5,9682,2481.5,94.6,118.9,1,12,Y,2026-08-15T09:17:42.571Z
2025,combined,0000088,서경대학교,서울,사립,대학,5605,0,7273.5,5226.5,2047,93.2,129.8,1,6,Y,2026-08-15T09:17:42.571Z
2025,combined,0000069,서울기독대학교,서울,사립,대학,819,3.5,1323,538,785,66,162.2,1,6,Y,2026-08-15T09:17:42.571Z
2025,combined,0000091,서울여자대학교,서울,사립,대학,7202.5,0,7403.5,6385.5,1018,88.7,102.8,1,3,Y,2026-08-15T09:17:42.571Z
2025,combined,0000539,서울한영대학교,서울,사립,대학,925,0,917,606.5,310.5,65.6,99.1,1,3,Y,2026-08-15T09:17:42.571Z
2025,combined,0000096,성공회대학교,서울,사립,대학,2448,0,2325,1995.5,329.5,81.5,95,1,7,Y,2026-08-15T09:17:42.571Z
2025,combined,0000097,성균관대학교,서울,사립,대학,22484,0,27587,20701.5,6885.5,92.1,122.7,1,17,Y,2026-08-15T09:17:42.571Z
2025,combined,0000098,성신여자대학교,서울,사립,대학,9751,0,9772.5,8586,1186.5,88.1,100.2,1,5,Y,2026-08-15T09:17:42.571Z
2025,combined,0000100,세종대학교,서울,사립,대학,12734,0,16723.5,11690.5,5033,91.8,131.3,1,7,Y,2026-08-15T09:17:42.571Z
2025,combined,0000103,숙명여자대학교,서울,사립,대학,11809.5,0,12258.5,10566,1692.5,89.5,103.8,1,10,Y,2026-08-15T09:17:42.571Z
2025,combined,0000105,숭실대학교,서울,사립,대학,13124,2,17133.5,12638,4495.5,96.3,130.6,1,8,Y,2026-08-15T09:17:42.571Z
2025,combined,0000110,연세대학교,서울,사립,대학,31388.5,0,39998,31205.5,8792.5,99.4,127.4,2,23,Y,2026-08-15T09:17:42.571Z
2025,combined,0000121,이화여자대학교,서울,사립,대학,19375,0,21756,18162,3594,93.7,112.3,1,15,Y,2026-08-15T09:17:42.571Z
2025,combined,0000125,장로회신학대학교,서울,사립,대학,2097.5,0,2066,1997.5,68.5,95.2,98.5,1,6,Y,2026-08-15T09:17:42.571Z
2025,combined,0000129,중앙대학교,서울,사립,대학,23615.5,0,28221.5,21883,6338.5,92.7,119.5,2,19,Y,2026-08-15T09:17:42.571Z
2025,combined,0000133,총신대학교,서울,사립,대학,3023.5,0,3190,2920,270,96.6,105.5,1,9,Y,2026-08-15T09:17:42.571Z
2025,combined,0000134,추계예술대학교,서울,사립,대학,1240,0,1239,1058,181,85.3,99.9,1,2,Y,2026-08-15T09:17:42.571Z
2025,combined,0000142,한국성서대학교,서울,사립,대학,1067.5,0,1075,987,88,92.5,100.7,1,4,Y,2026-08-15T09:17:42.571Z
2025,combined,0000143,한국외국어대학교,서울,사립,대학,16752,0,18702,15166.5,3535.5,90.5,111.6,1,10,Y,2026-08-15T09:17:42.571Z
2025,combined,0000150,한성대학교,서울,사립,대학,6783,0,7962.5,6355.5,1607,93.7,117.4,1,8,Y,2026-08-15T09:17:42.571Z
2025,combined,0000153,한양대학교,서울,사립,대학,28871,0,36655,26467,10188,91.7,127,2,20,Y,2026-08-15T09:17:42.571Z
2025,combined,0000160,홍익대학교,서울,사립,대학,18638,0,21500.5,17857,3643.5,95.8,115.4,2,15,Y,2026-08-15T09:17:42.571Z
2025,combined,0000066,대전가톨릭대학교,세종,사립,대학,250,0,53.5,53,0.5,21.2,21.4,1,1,Y,2026-08-15T09:17:42.571Z
2025,combined,0000117,울산대학교,울산,사립,대학,12879.5,0,11961,11067.5,893.5,85.9,92.9,1,8,Y,2026-08-15T09:17:42.571Z
2025,combined,0000123,인천가톨릭대학교,인천,사립,대학,861.5,0,749,703,46,81.6,86.9,2,2,Y,2026-08-15T09:17:42.571Z
2025,combined,0000124,인하대학교,인천,사립,대학,17733.5,0,20360,16902,3458,95.3,114.8,1,10,Y,2026-08-15T09:17:42.571Z
2025,combined,0000054,광주가톨릭대학교,전남,사립,대학,250,0,100,100,0,40,40,1,1,Y,2026-08-15T09:17:42.571Z
2025,combined,0000074,동신대학교,전남,사립,대학,6526.5,0,6780,5288,1492,81,103.9,1,3,Y,2026-08-15T09:17:42.571Z
2025,combined,0000166,목포가톨릭대학교,전남,사립,대학,480,0,466.5,438.5,28,91.4,97.2,1,0,Y,2026-08-15T09:17:42.571Z
2025,combined,0000064,세한대학교,전남,사립,대학,3458,0,3666.5,2659,1007.5,76.9,106,1,1,Y,2026-08-15T09:17:42.571Z
2025,combined,0000114,영산선학대학교,전남,사립,대학,200,0,21.5,20,1.5,10,10.8,1,0,Y,2026-08-15T09:17:42.571Z
2025,combined,0000190,초당대학교,전남,사립,대학,3020.5,0,2431.5,2196,235.5,72.7,80.5,1,2,Y,2026-08-15T09:17:42.571Z
2025,combined,0000173,예수대학교,전북,사립,대학,484.5,0,475.5,444.5,31,91.7,98.1,1,1,Y,2026-08-15T09:17:42.571Z
2025,combined,0000164,예원예술대학교,전북,사립,대학,1145,0,1552.5,883,669.5,77.1,135.6,2,4,Y,2026-08-15T09:17:42.571Z
2025,combined,0000116,우석대학교,전북,사립,대학,7011,0,7417.5,5644.5,1773,80.5,105.8,1,6,Y,2026-08-15T09:17:42.571Z
2025,combined,0000118,원광대학교,전북,사립,대학,14521,6,13399,12391.5,1007.5,85.4,92.3,1,7,Y,2026-08-15T09:17:42.571Z
2025,combined,0000126,전주대학교,전북,사립,대학,11065.5,0,10438.5,9469.5,969,85.6,94.3,1,7,Y,2026-08-15T09:17:42.571Z
2025,combined,0000155,한일장신대학교,전북,사립,대학,1179,0,839.5,787,52.5,66.8,71.2,1,7,Y,2026-08-15T09:17:42.571Z
2025,combined,0000223,호원대학교,전북,사립,대학,4337.5,0,4791,3308,1483,76.3,110.5,1,0,Y,2026-08-15T09:17:42.571Z
2025,combined,0000192,제주국제대학교,제주,사립,대학,1822.5,0,476.5,326.5,150,17.9,26.1,1,4,Y,2026-08-15T09:17:42.571Z
2025,combined,0000038,건양대학교,충남,사립,대학,7322,0,6886.5,6295.5,591,86,94.1,2,6,Y,2026-08-15T09:17:42.571Z
2025,combined,0000169,금강대학교,충남,사립,대학,472.5,0,90.5,90.5,0,19.2,19.2,1,1,Y,2026-08-15T09:17:42.571Z
2025,combined,0000059,나사렛대학교,충남,사립,대학,5158.5,30,4666,4111,555,80.2,91,1,4,Y,2026-08-15T09:17:42.571Z
2025,combined,0000189,남서울대학교,충남,사립,대학,9220.5,0,9648.5,7760.5,1888,84.2,104.6,1,3,Y,2026-08-15T09:17:42.571Z
2025,combined,0000131,백석대학교,충남,사립,대학,13842,0,14147,12388,1759,89.5,102.2,1,8,Y,2026-08-15T09:17:42.571Z
2025,combined,0000094,선문대학교,충남,사립,대학,8916.5,0,8942.5,7460.5,1482,83.7,100.3,1,3,Y,2026-08-15T09:17:42.571Z
2025,combined,0000104,순천향대학교,충남,사립,대학,10915,0,12004,10299.5,1704.5,94.4,110,1,6,Y,2026-08-15T09:17:42.571Z
2025,combined,0000128,중부대학교,충남,사립,대학,8377,0,9476,7060.5,2415.5,84.3,113.1,1,4,Y,2026-08-15T09:17:42.571Z
2025,combined,0000225,청운대학교,충남,사립,대학,4620.5,0,5757,3747,2010,81.1,124.6,1,3,Y,2026-08-15T09:17:42.571Z
2025,combined,0000141,한국기술교육대학교,충남,사립,대학,3835,0,4535,3791.5,743.5,98.9,118.3,1,3,Y,2026-08-15T09:17:42.571Z
2025,combined,0000149,한서대학교,충남,사립,대학,6606,0,6428,5716,712,86.5,97.3,1,5,Y,2026-08-15T09:17:42.571Z
2025,combined,0000159,호서대학교,충남,사립,대학,13172.5,0,13640.5,11921,1719.5,90.5,103.6,1,11,Y,2026-08-15T09:17:42.571Z
2025,combined,0000557,가톨릭꽃동네대학교,충북,사립,대학,522,0,464,444,20,85.1,88.9,1,2,Y,2026-08-15T09:17:42.571Z
2025,combined,0000058,극동대학교,충북,사립,대학,3822,0,3339,2614.5,724.5,68.4,87.4,1,3,Y,2026-08-15T09:17:42.571Z
2025,combined,0000093,서원대학교,충북,사립,대학,6723.5,0,7495,6018,1477,89.5,111.5,1,3,Y,2026-08-15T09:17:42.571Z
2025,combined,0000099,세명대학교,충북,사립,대학,7069.5,0,5960,5380,580,76.1,84.3,1,3,Y,2026-08-15T09:17:42.571Z
2025,combined,0000113,유원대학교,충북,사립,대학,3560,0,3695.5,3453,242.5,97,103.8,1,1,Y,2026-08-15T09:17:42.571Z
2025,combined,0000183,중원대학교,충북,사립,대학,3439.5,44,3446,3055,391,90,101.5,1,3,Y,2026-08-15T09:17:42.571Z
2025,combined,0000132,청주대학교,충북,사립,대학,11159.5,0,13563,9875,3688,88.5,121.5,1,5,Y,2026-08-15T09:17:42.571Z
