year,school_kind,estb,school_division,region,status,school_rep_code,school_rep_name,campus_count,enrolled_students,enrolled_dropouts,enrolled_dropout_rate,freshman_students,freshman_dropouts,freshman_dropout_rate,consolidated_at
2019,대학교,사립,대학,강원,기존,0000513,가톨릭관동대학교,1,12897,979,7.59,0,0,0,2026-08-07T10:05:19.980Z
2019,전문대학,사립,전문대학,강원,기존,0000347,강릉영동대학교,1,4704,200,4.25,0,0,0,2026-08-07T10:05:19.980Z
2019,대학교,국립,대학,강원,기존,0000572,강릉원주대학교,2,11016,618,5.61,0,0,0,2026-08-07T10:05:19.980Z
2019,전문대학,사립,전문대학,강원,폐교,0000378,강원관광대학교,1,1828,130,7.11,0,0,0,2026-08-07T10:05:19.980Z
2019,대학교,국립,대학,강원,기존,0000002,강원대학교,2,31570,1568,4.97,0,0,0,2026-08-07T10:05:19.980Z
2019,전문대학,공립,전문대학,강원,기존,0000531,강원도립대학교,1,1039,110,10.59,0,0,0,2026-08-07T10:05:19.980Z
2019,대학교,사립,대학,강원,기존,0000086,상지대학교,1,9301,875,9.41,0,0,0,2026-08-07T10:05:19.980Z
2019,전문대학,사립,전문대학,강원,폐교,0000319,상지영서대학교,1,5853,2934,50.13,0,0,0,2026-08-07T10:05:19.980Z
2019,전문대학,사립,전문대학,강원,기존,0000348,세경대학교,1,1330,94,7.07,0,0,0,2026-08-07T10:05:19.980Z
2019,전문대학,사립,전문대학,강원,기존,0000393,송곡대학교,1,782,54,6.91,0,0,0,2026-08-07T10:05:19.980Z
2019,전문대학,사립,전문대학,강원,기존,0000390,송호대학교,1,1457,152,10.43,0,0,0,2026-08-07T10:05:19.980Z
2019,교육대학,국립,대학,강원,기존,0000205,춘천교육대학교,1,1388,27,1.95,0,0,0,2026-08-07T10:05:19.980Z
2019,전문대학,사립,전문대학,강원,기존,0000542,한국골프대학,1,739,29,3.92,0,0,0,2026-08-07T10:05:19.980Z
2019,기능대학,사립,전문대학,강원,기존,0000483,한국폴리텍 III 대학,1,183,7,3.83,0,0,0,2026-08-07T10:05:19.980Z
2019,기능대학,사립,전문대학,강원,기존,0000517,한국폴리텍 III 대학,1,60,4,6.67,0,0,0,2026-08-07T10:05:19.980Z
2019,기능대학,사립,전문대학,강원,기존,0000482,한국폴리텍 III 대학,1,511,50,9.78,0,0,0,2026-08-07T10:05:19.980Z
2019,대학교,사립,대학,강원,기존,0000147,한라대학교,1,5352,344,6.43,0,0,0,2026-08-07T10:05:19.980Z
2019,대학교,사립,대학,강원,기존,0000148,한림대학교,1,11025,446,4.05,0,0,0,2026-08-07T10:05:19.980Z
2019,전문대학,사립,전문대학,강원,기존,0000383,한림성심대학교,1,4906,332,6.77,0,0,0,2026-08-07T10:05:19.980Z
2019,대학교,사립,대학,경기,기존,0000044,가천대학교,1,25780,932,3.62,0,0,0,2026-08-07T10:05:19.980Z
2019,대학교,사립,대학,경기,기존,0000036,강남대학교,1,9172,528,5.76,0,0,0,2026-08-07T10:05:19.980Z
2019,전문대학,사립,전문대학,경기,기존,0000387,경기과학기술대학교,1,7320,333,4.55,0,0,0,2026-08-07T10:05:19.980Z
2019,대학교,사립,대학,경기,기존,0000041,경동대학교,3,9978,592,5.93,0,0,0,2026-08-07T10:05:19.980Z
2019,전문대학,사립,전문대학,경기,기존,0000255,경민대학교,1,7290,546,7.49,0,0,0,2026-08-07T10:05:19.980Z
2019,전문대학,사립,전문대학,경기,기존,0000259,경복대학교,1,8263,357,4.32,0,0,0,2026-08-07T10:05:19.980Z
2019,전문대학,사립,전문대학,경기,기존,0000264,계원예술대학교,1,4238,347,8.19,0,0,0,2026-08-07T10:05:19.980Z
2019,전문대학,사립,전문대학,경기,기존,0000379,국제대학교,1,6221,541,8.7,0,0,0,2026-08-07T10:05:19.980Z
2019,사이버대학(대학),사립,대학,경기,기존,0000409,국제사이버대학교,1,3551,652,18.36,0,0,0,2026-08-07T10:05:19.980Z
2019,전문대학,사립,전문대학,경기,기존,0000277,김포대학교,1,5276,518,9.82,0,0,0,2026-08-07T10:05:19.980Z
2019,전문대학,사립,전문대학,경기,기존,0000278,농협대학교,1,511,7,1.37,0,0,0,2026-08-07T10:05:19.980Z
2019,전문대학,사립,전문대학,경기,기존,0000285,대림대학교,1,10317,921,8.93,0,0,0,2026-08-07T10:05:19.980Z
2019,대학교,사립,대학,경기,기존,0000068,대진대학교,1,10266,616,6,0,0,0,2026-08-07T10:05:19.980Z
2019,전문대학,사립,전문대학,경기,기존,0000294,동남보건대학교,1,5678,261,4.6,0,0,0,2026-08-07T10:05:19.980Z
2019,전문대학,사립,전문대학,경기,기존,0000287,동서울대학교,1,8909,628,7.05,0,0,0,2026-08-07T10:05:19.980Z
2019,전문대학,사립,전문대학,경기,기존,0000298,동아방송예술대학교,1,4232,251,5.93,0,0,0,2026-08-07T10:05:19.980Z
2019,전문대학,사립,전문대학,경기,기존,0000302,동원대학교,1,5615,534,9.51,0,0,0,2026-08-07T10:05:19.980Z
2019,전문대학,사립,전문대학,경기,기존,0000305,두원공과대학교,1,8213,742,9.03,0,0,0,2026-08-07T10:05:19.980Z
2019,대학교,사립,대학,경기,기존,0000078,루터대학교,1,422,44,10.43,0,0,0,2026-08-07T10:05:19.980Z
2019,대학교,사립,대학,경기,기존,0000079,명지대학교,2,19608,700,3.57,0,0,0,2026-08-07T10:05:19.980Z
2019,전문대학,사립,전문대학,경기,기존,0000316,부천대학교,1,10641,631,5.93,0,0,0,2026-08-07T10:05:19.980Z
2019,대학교,사립,대학,경기,기존,0000090,서울신학대학교,1,2821,145,5.14,0,0,0,2026-08-07T10:05:19.980Z
2019,전문대학,사립,전문대학,경기,기존,0000323,서울예술대학교,1,4335,185,4.27,0,0,0,2026-08-07T10:05:19.980Z
2019,대학교,사립,대학,경기,기존,0000092,서울장신대학교,1,635,33,5.2,0,0,0,2026-08-07T10:05:19.980Z
2019,전문대학,사립,전문대학,경기,기존,0000392,서정대학교,1,9174,340,3.71,0,0,0,2026-08-07T10:05:19.980Z
2019,대학교,사립,대학,경기,기존,0000095,성결대학교,1,7292,382,5.24,0,0,0,2026-08-07T10:05:19.980Z
2019,대학교,사립,대학,경기,기존,0000101,수원가톨릭대학교,1,183,7,3.83,0,0,0,2026-08-07T10:05:19.980Z
2019,전문대학,사립,전문대학,경기,기존,0000330,수원과학대학교,1,9006,774,8.59,0,0,0,2026-08-07T10:05:19.980Z
2019,대학교,사립,대학,경기,기존,0000102,수원대학교,1,12916,840,6.5,0,0,0,2026-08-07T10:05:19.980Z
2019,전문대학,사립,전문대학,경기,기존,0000329,수원여자대학교,1,4611,294,6.38,0,0,0,2026-08-07T10:05:19.980Z
2019,대학교,사립,대학,경기,기존,000567,신경대학교,1,1146,160,13.96,0,0,0,2026-08-07T10:05:19.980Z
2019,전문대학,사립,전문대학,경기,기존,0000334,신구대학교,1,8759,601,6.86,0,0,0,2026-08-07T10:05:19.980Z
2019,전문대학,사립,전문대학,경기,기존,0000339,신안산대학교,1,6440,474,7.36,0,0,0,2026-08-07T10:05:19.980Z
2019,대학교,사립,대학,경기,기존,000509,신한대학교,2,8497,439,5.17,0,0,0,2026-08-07T10:05:19.980Z
2019,전문대학,사립,전문대학,경기,폐교,0000336,신흥대학교,1,13,18,138.46,0,0,0,2026-08-07T10:05:19.980Z
2019,대학교,사립,대학,경기,기존,0000558,아신대학교,1,947,76,8.03,0,0,0,2026-08-07T10:05:19.980Z
2019,대학교,사립,대학,경기,기존,0000108,아주대학교,1,13803,340,2.46,0,0,0,2026-08-07T10:05:19.980Z
2019,전문대학,사립,전문대학,경기,기존,0000340,안산대학교,1,5730,352,6.14,0,0,0,2026-08-07T10:05:19.980Z
2019,대학교,사립,대학,경기,기존,0000109,안양대학교,2,6724,371,5.52,0,0,0,2026-08-07T10:05:19.980Z
2019,전문대학,사립,전문대학,경기,기존,0000343,여주대학교,1,8159,791,9.69,0,0,0,2026-08-07T10:05:19.980Z
2019,전문대학,사립,전문대학,경기,기존,0000341,연성대학교,1,8543,740,8.66,0,0,0,2026-08-07T10:05:19.980Z
2019,대학교,사립,대학,경기,기존,0000164,예원예술대학교,2,1542,160,10.38,0,0,0,2026-08-07T10:05:19.980Z
2019,전문대학,사립,전문대학,경기,기존,0000350,오산대학교,1,7843,708,9.03,0,0,0,2026-08-07T10:05:19.980Z
2019,대학교,사립,대학,경기,기존,0000115,용인대학교,1,8611,528,6.13,0,0,0,2026-08-07T10:05:19.980Z
2019,전문대학,사립,전문대학,경기,기존,0000559,용인예술과학대학교,1,6213,568,9.14,0,0,0,2026-08-07T10:05:19.980Z
2019,전문대학,사립,전문대학,경기,기존,0000394,웅지세무대학교,1,2262,213,9.42,0,0,0,2026-08-07T10:05:19.980Z
2019,전문대학,사립,전문대학,경기,기존,0000355,유한대학교,1,8113,458,5.65,0,0,0,2026-08-07T10:05:19.980Z
2019,전문대학,사립,전문대학,경기,기존,0000358,장안대학교,1,8140,782,9.61,0,0,0,2026-08-07T10:05:19.980Z
2019,대학교,사립,대학,경기,기존,0000129,중앙대학교,2,32392,895,2.76,0,0,0,2026-08-07T10:05:19.980Z
2019,대학교,사립,대학,경기,기존,0000130,중앙승가대학교,1,149,8,5.37,0,0,0,2026-08-07T10:05:19.980Z
2019,대학교,사립,대학,경기,기존,0000139,차의과학대학교,1,2810,144,5.12,0,0,0,2026-08-07T10:05:19.980Z
2019,전문대학,사립,전문대학,경기,기존,0000374,청강문화산업대학교,1,5013,266,5.31,0,0,0,2026-08-07T10:05:19.980Z
2019,대학교,사립,대학,경기,기존,0000136,칼빈대학교,1,670,48,7.16,0,0,0,2026-08-07T10:05:19.980Z
2019,대학교,사립,대학,경기,기존,0000138,평택대학교,1,4810,339,7.05,0,0,0,2026-08-07T10:05:19.980Z
2019,대학교,국립,대학,경기,기존,0000568,한경대학교,1,7610,454,5.97,0,0,0,2026-08-07T10:05:19.980Z
2019,전문대학,사립,전문대학,경기,기존,0000391,한국관광대학교,1,2629,156,5.93,0,0,0,2026-08-07T10:05:19.980Z
2019,전문대학,국립,전문대학,경기,폐교,0000248,한국복지대학교,1,874,72,8.24,0,0,0,2026-08-07T10:05:19.980Z
2019,대학교,사립,대학,경기,기존,0000562,한국산업기술대학교,1,9839,555,5.64,0,0,0,2026-08-07T10:05:19.980Z
2019,기능대학,사립,전문대학,경기,기존,0000479,한국폴리텍 I 대학,1,1623,150,9.24,0,0,0,2026-08-07T10:05:19.980Z
2019,기능대학,사립,전문대학,경기,기존,0000548,한국폴리텍 II 대학,1,1085,101,9.31,0,0,0,2026-08-07T10:05:19.980Z
2019,대학교,사립,대학,경기,기존,0000144,한국항공대학교,1,5824,173,2.97,0,0,0,2026-08-07T10:05:19.980Z
2019,대학교,사립,대학,경기,폐교,0000175,한북대학교,1,4,11,275,0,0,0,2026-08-07T10:05:19.980Z
2019,대학교,사립,대학,경기,기존,0000151,한세대학교,1,3503,203,5.8,0,0,0,2026-08-07T10:05:19.980Z
2019,대학교,사립,대학,경기,기존,0000152,한신대학교,1,7359,357,4.85,0,0,0,2026-08-07T10:05:19.980Z
2019,대학교,사립,대학,경기,기존,0000156,협성대학교,1,5789,406,7.01,0,0,0,2026-08-07T10:05:19.980Z
2019,기능대학,사립,전문대학,경기,기존,0000516,ICT폴리텍대학,1,613,59,9.62,0,0,0,2026-08-07T10:05:19.980Z
2019,대학교,사립,대학,경남,기존,0000032,가야대학교,1,3124,199,6.37,0,0,0,2026-08-07T10:05:19.980Z
2019,전문대학,사립,전문대학,경남,기존,0000251,거제대학교,1,1720,164,9.53,0,0,0,2026-08-07T10:05:19.980Z
2019,대학교,국립,대학,경남,폐교,0000026,경남과학기술대학교,1,6946,457,6.58,0,0,0,2026-08-07T10:05:19.980Z
2019,대학교,사립,대학,경남,기존,0000040,경남대학교,1,16923,975,5.76,0,0,0,2026-08-07T10:05:19.980Z
2019,전문대학,공립,전문대학,경남,기존,0000242,경남도립거창대학,1,1336,147,11,0,0,0,2026-08-07T10:05:19.980Z
2019,전문대학,공립,전문대학,경남,기존,0000243,경남도립남해대학,1,1404,119,8.48,0,0,0,2026-08-07T10:05:19.980Z
2019,대학교,국립,대학,경남,기존,0000556,경상대학교,1,19674,768,3.9,0,0,0,2026-08-07T10:05:19.980Z
2019,전문대학,사립,전문대학,경남,기존,0000395,김해대학교,1,1800,141,7.83,0,0,0,2026-08-07T10:05:19.980Z
2019,전문대학,사립,전문대학,경남,기존,0000342,동원과학기술대학교,1,3280,236,7.2,0,0,0,2026-08-07T10:05:19.980Z
2019,전문대학,사립,전문대학,경남,기존,0000306,마산대학교,1,7499,575,7.67,0,0,0,2026-08-07T10:05:19.980Z
2019,대학교,사립,대학,경남,기존,0000167,부산장신대학교,1,285,23,8.07,0,0,0,2026-08-07T10:05:19.980Z
2019,전문대학,사립,전문대학,경남,기존,0000530,연암공과대학교,1,2624,159,6.06,0,0,0,2026-08-07T10:05:19.980Z
2019,교육대학,국립,대학,경남,기존,0000203,진주교육대학교,1,1376,9,0.65,0,0,0,2026-08-07T10:05:19.980Z
2019,전문대학,사립,전문대학,경남,기존,0000369,진주보건대학교,1,3203,116,3.62,0,0,0,2026-08-07T10:05:19.980Z
2019,대학교,사립,대학,경남,기존,0000193,창신대학교,1,2396,159,6.64,0,0,0,2026-08-07T10:05:19.980Z
2019,대학교,국립,대학,경남,기존,0000581,창원대학교,1,11497,526,4.58,0,0,0,2026-08-07T10:05:19.980Z
2019,전문대학,사립,전문대학,경남,기존,0000528,창원문성대학교,1,6168,1069,17.33,0,0,0,2026-08-07T10:05:19.980Z
2019,전문대학,사립,전문대학,경남,기존,0000396,한국승강기대학교,1,1493,55,3.68,0,0,0,2026-08-07T10:05:19.980Z
2019,기능대학,사립,전문대학,경남,기존,0000503,한국폴리텍 특성화대학,1,1027,68,6.62,0,0,0,2026-08-07T10:05:19.980Z
2019,기능대학,사립,전문대학,경남,기존,0000496,한국폴리텍 VII 대학,1,2346,156,6.65,0,0,0,2026-08-07T10:05:19.980Z
2019,전문대학,사립,전문대학,경북,기존,0000249,가톨릭상지대학교,1,2447,178,7.27,0,0,0,2026-08-07T10:05:19.980Z
2019,전문대학,사립,전문대학,경북,기존,0000293,경북과학대학교,1,1720,193,11.22,0,0,0,2026-08-07T10:05:19.980Z
2019,전문대학,공립,전문대학,경북,폐교,0000244,경북도립대학교,1,1224,117,9.56,0,0,0,2026-08-07T10:05:19.980Z
2019,전문대학,사립,전문대학,경북,기존,0000523,경북보건대학교,1,1510,58,3.84,0,0,0,2026-08-07T10:05:19.980Z
2019,전문대학,사립,전문대학,경북,기존,0000258,경북전문대학교,1,3799,245,6.45,0,0,0,2026-08-07T10:05:19.980Z
2019,대학교,사립,대학,경북,기존,0000188,경운대학교,1,6296,566,8.99,0,0,0,2026-08-07T10:05:19.980Z
2019,대학교,사립,대학,경북,기존,0000045,경일대학교,1,9557,718,7.51,0,0,0,2026-08-07T10:05:19.980Z
2019,대학교,사립,대학,경북,기존,0000586,경주대학교,1,1751,323,18.45,0,0,0,2026-08-07T10:05:19.980Z
2019,전문대학,사립,전문대학,경북,기존,0000268,구미대학교,1,7201,603,8.37,0,0,0,2026-08-07T10:05:19.980Z
2019,대학교,국립,대학,경북,기존,0000575,금오공과대학교,1,8505,371,4.36,0,0,0,2026-08-07T10:05:19.980Z
2019,대학교,사립,대학,경북,기존,0000185,김천대학교,1,4157,392,9.43,0,0,0,2026-08-07T10:05:19.980Z
2019,전문대학,사립,전문대학,경북,기존,0000279,대경대학교,1,5634,707,12.55,0,0,0,2026-08-07T10:05:19.980Z
2019,대학교,사립,대학,경북,기존,0000063,대구가톨릭대학교,1,17115,833,4.87,0,0,0,2026-08-07T10:05:19.980Z
2019,대학교,사립,대학,경북,기존,0000061,대구대학교,1,24608,1358,5.52,0,0,0,2026-08-07T10:05:19.980Z
2019,사이버대학(대학),사립,대학,경북,기존,0000410,대구사이버대학교,1,4727,1004,21.24,0,0,0,2026-08-07T10:05:19.980Z
2019,대학교,사립,대학,경북,기존,0000062,대구예술대학교,1,1670,200,11.98,0,0,0,2026-08-07T10:05:19.980Z
2019,대학교,사립,대학,경북,기존,0000042,대구한의대학교,1,8605,506,5.88,0,0,0,2026-08-07T10:05:19.980Z
2019,대학교,사립,대학,경북,기존,0000065,대신대학교,1,646,39,6.04,0,0,0,2026-08-07T10:05:19.980Z
2019,대학교,사립,대학,경북,기존,0000076,동양대학교,1,5751,481,8.36,0,0,0,2026-08-07T10:05:19.980Z
2019,전문대학,사립,전문대학,경북,기존,0000309,문경대학교,1,1109,54,4.87,0,0,0,2026-08-07T10:05:19.980Z
2019,전문대학,사립,전문대학,경북,폐교,0000262,서라벌대학교,1,859,55,6.4,0,0,0,2026-08-07T10:05:19.980Z
2019,전문대학,사립,전문대학,경북,기존,0000380,선린대학교,1,3242,209,6.45,0,0,0,2026-08-07T10:05:19.980Z
2019,전문대학,사립,전문대학,경북,기존,0000547,성덕대학교,1,1669,210,12.58,0,0,0,2026-08-07T10:05:19.980Z
2019,전문대학,사립,전문대학,경북,기존,0000338,안동과학대학교,1,3697,147,3.98,0,0,0,2026-08-07T10:05:19.980Z
2019,대학교,국립,대학,경북,기존,0000580,안동대학교,1,8692,433,4.98,0,0,0,2026-08-07T10:05:19.980Z
2019,대학교,사립,대학,경북,기존,0000111,영남대학교,1,30052,1132,3.77,0,0,0,2026-08-07T10:05:19.980Z
2019,대학교,사립,대학,경북,기존,0000112,영남신학대학교,1,550,40,7.27,0,0,0,2026-08-07T10:05:19.980Z
2019,전문대학,사립,전문대학,경북,기존,0000257,영남외국어대학,1,593,84,14.17,0,0,0,2026-08-07T10:05:19.980Z
2019,대학교,사립,대학,경북,기존,0000119,위덕대학교,1,3928,408,10.39,0,0,0,2026-08-07T10:05:19.980Z
2019,대학교,사립,대학,경북,기존,0000140,포항공과대학교,1,1697,21,1.24,0,0,0,2026-08-07T10:05:19.980Z
2019,전문대학,사립,전문대학,경북,기존,0000381,포항대학교,1,2518,226,8.98,0,0,0,2026-08-07T10:05:19.980Z
2019,사이버대학(전문대학),사립,전문대학,경북,기존,0000407,한국복지사이버대학,1,2057,324,15.75,0,0,0,2026-08-07T10:05:19.980Z
2019,기능대학,사립,전문대학,경북,기존,0000495,한국폴리텍 VI 대학,1,900,92,10.22,0,0,0,2026-08-07T10:05:19.980Z
2019,기능대학,사립,전문대학,경북,기존,0000504,한국폴리텍 VI 대학,1,92,9,9.78,0,0,0,2026-08-07T10:05:19.980Z
2019,대학교,사립,대학,경북,기존,0000146,한동대학교,1,5447,125,2.29,0,0,0,2026-08-07T10:05:19.980Z
2019,전문대학,사립,전문대학,경북,기존,0000522,호산대학교,1,2368,253,10.68,0,0,0,2026-08-07T10:05:19.980Z
2019,대학교,사립,대학,광주,기존,0000052,광신대학교,1,602,60,9.97,0,0,0,2026-08-07T10:05:19.980Z
2019,대학교,특별법법인,대학,광주,기존,0000469,광주과학기술원,1,946,29,3.07,0,0,0,2026-08-07T10:05:19.980Z
2019,교육대학,국립,대학,광주,기존,0000196,광주교육대학교,1,1401,32,2.28,0,0,0,2026-08-07T10:05:19.980Z
2019,대학교,사립,대학,광주,기존,0000176,광주대학교,1,9388,829,8.83,0,0,0,2026-08-07T10:05:19.980Z
2019,전문대학,사립,전문대학,광주,기존,0000267,광주보건대학교,1,4875,160,3.28,0,0,0,2026-08-07T10:05:19.980Z
2019,대학교,사립,대학,광주,기존,0000055,광주여자대학교,1,3846,196,5.1,0,0,0,2026-08-07T10:05:19.980Z
2019,전문대학,사립,전문대학,광주,기존,0000273,기독간호대학교,1,680,13,1.91,0,0,0,2026-08-07T10:05:19.980Z
2019,대학교,사립,대학,광주,기존,0000162,남부대학교,1,3757,296,7.88,0,0,0,2026-08-07T10:05:19.980Z
2019,전문대학,사립,전문대학,광주,기존,0000297,동강대학교,1,4099,452,11.03,0,0,0,2026-08-07T10:05:19.980Z
2019,전문대학,사립,전문대학,광주,기존,0000320,서영대학교,1,8091,548,6.77,0,0,0,2026-08-07T10:05:19.980Z
2019,대학교,사립,대학,광주,기존,0000187,송원대학교,1,3706,362,9.77,0,0,0,2026-08-07T10:05:19.980Z
2019,대학교,국립,대학,광주,기존,0000016,전남대학교,2,27049,1005,3.72,0,0,0,2026-08-07T10:05:19.980Z
2019,전문대학,사립,전문대학,광주,기존,0000366,조선간호대학교,1,829,12,1.45,0,0,0,2026-08-07T10:05:19.980Z
2019,대학교,사립,대학,광주,기존,0000127,조선대학교,1,27589,1348,4.89,0,0,0,2026-08-07T10:05:19.980Z
2019,전문대학,사립,전문대학,광주,기존,0000365,조선이공대학교,1,6477,536,8.28,0,0,0,2026-08-07T10:05:19.980Z
2019,기능대학,사립,전문대학,광주,기존,0000489,한국폴리텍 V 대학,1,1369,89,6.5,0,0,0,2026-08-07T10:05:19.980Z
2019,대학교,사립,대학,광주,기존,0000157,호남대학교,1,9364,557,5.95,0,0,0,2026-08-07T10:05:19.980Z
2019,대학교,사립,대학,광주,기존,0000158,호남신학대학교,1,807,49,6.07,0,0,0,2026-08-07T10:05:19.980Z
2019,대학교,국립,대학,대구,기존,0000003,경북대학교,1,30719,1107,3.6,0,0,0,2026-08-07T10:05:19.980Z
2019,대학교,사립,대학,대구,기존,0000048,계명대학교,1,30583,1511,4.94,0,0,0,2026-08-07T10:05:19.980Z
2019,전문대학,사립,전문대학,대구,기존,0000263,계명문화대학교,1,7705,636,8.25,0,0,0,2026-08-07T10:05:19.980Z
2019,대학교,특별법법인,대학,대구,기존,0000470,대구경북과학기술원,1,898,22,2.45,0,0,0,2026-08-07T10:05:19.980Z
2019,전문대학,사립,전문대학,대구,기존,0000280,대구공업대학교,1,2964,286,9.65,0,0,0,2026-08-07T10:05:19.980Z
2019,전문대학,사립,전문대학,대구,기존,0000283,대구과학대학교,1,5143,405,7.87,0,0,0,2026-08-07T10:05:19.980Z
2019,교육대학,국립,대학,대구,기존,0000197,대구교육대학교,1,1671,31,1.86,0,0,0,2026-08-07T10:05:19.980Z
2019,전문대학,사립,전문대학,대구,기존,0000281,대구보건대학교,1,8913,449,5.04,0,0,0,2026-08-07T10:05:19.980Z
2019,전문대학,사립,전문대학,대구,기존,0000282,수성대학교,1,4988,358,7.18,0,0,0,2026-08-07T10:05:19.980Z
2019,전문대학,사립,전문대학,대구,기존,0000346,영남이공대학교,1,9154,606,6.62,0,0,0,2026-08-07T10:05:19.980Z
2019,사이버대학(전문대학),사립,전문대학,대구,기존,0000406,영진사이버대학,1,3635,248,6.82,0,0,0,2026-08-07T10:05:19.980Z
2019,전문대학,사립,전문대학,대구,기존,0000349,영진전문대학교,1,13387,931,6.95,0,0,0,2026-08-07T10:05:19.980Z
2019,기능대학,사립,전문대학,대구,기존,0000549,한국폴리텍 특성화대학,1,270,47,17.41,0,0,0,2026-08-07T10:05:19.980Z
2019,기능대학,사립,전문대학,대구,기존,0000494,한국폴리텍 VI 대학,1,1324,140,10.57,0,0,0,2026-08-07T10:05:19.980Z
2019,대학교,사립,대학,대전,기존,0000038,건양대학교,2,9138,361,3.95,0,0,0,2026-08-07T10:05:19.980Z
2019,사이버대학(대학),사립,대학,대전,기존,0000425,건양사이버대학교,1,3724,270,7.25,0,0,0,2026-08-07T10:05:19.980Z
2019,전문대학,사립,전문대학,대전,기존,0000376,대덕대학교,1,6227,546,8.77,0,0,0,2026-08-07T10:05:19.980Z
2019,전문대학,사립,전문대학,대전,기존,0000512,대전과학기술대학교,1,5829,481,8.25,0,0,0,2026-08-07T10:05:19.980Z
2019,대학교,사립,대학,대전,기존,0000067,대전대학교,1,12908,622,4.82,0,0,0,2026-08-07T10:05:19.980Z
2019,전문대학,사립,전문대학,대전,기존,0000288,대전보건대학교,1,7716,596,7.72,0,0,0,2026-08-07T10:05:19.980Z
2019,대학교,사립,대학,대전,기존,0000182,대전신학대학교,1,116,6,5.17,0,0,0,2026-08-07T10:05:19.980Z
2019,대학교,사립,대학,대전,기존,0000080,목원대학교,1,10675,659,6.17,0,0,0,2026-08-07T10:05:19.980Z
2019,대학교,사립,대학,대전,기존,0000081,배재대학교,1,11089,718,6.47,0,0,0,2026-08-07T10:05:19.980Z
2019,대학교,사립,대학,대전,기존,0000184,우송대학교,1,12782,623,4.87,0,0,0,2026-08-07T10:05:19.980Z
2019,전문대학,사립,전문대학,대전,기존,0000289,우송정보대학,1,7268,713,9.81,0,0,0,2026-08-07T10:05:19.980Z
2019,대학교,사립,대학,대전,기존,0000120,을지대학교,2,5824,205,3.52,0,0,0,2026-08-07T10:05:19.980Z
2019,대학교,국립,대학,대전,기존,0000020,충남대학교,1,23614,717,3.04,0,0,0,2026-08-07T10:05:19.980Z
2019,대학교,사립,대학,대전,기존,0000551,침례신학대학교,1,1686,76,4.51,0,0,0,2026-08-07T10:05:19.980Z
2019,대학교,특별법법인,대학,대전,기존,0000468,한국과학기술원,1,4542,76,1.67,0,0,0,2026-08-07T10:05:19.980Z
2019,기능대학,사립,전문대학,대전,기존,0000484,한국폴리텍 IV 대학,1,1579,159,10.07,0,0,0,2026-08-07T10:05:19.980Z
2019,대학교,사립,대학,대전,기존,0000145,한남대학교,1,16822,891,5.3,0,0,0,2026-08-07T10:05:19.980Z
2019,대학교,국립,대학,대전,기존,0000584,한밭대학교,1,12373,760,6.14,0,0,0,2026-08-07T10:05:19.980Z
2019,전문대학,사립,전문대학,부산,기존,0000253,경남정보대학교,1,11859,698,5.89,0,0,0,2026-08-07T10:05:19.980Z
2019,대학교,사립,대학,부산,기존,0000043,경성대학교,1,16969,1026,6.05,0,0,0,2026-08-07T10:05:19.980Z
2019,대학교,사립,대학,부산,기존,0000050,고신대학교,1,4826,313,6.49,0,0,0,2026-08-07T10:05:19.980Z
2019,전문대학,사립,전문대학,부산,기존,0000284,대동대학교,1,1818,114,6.27,0,0,0,2026-08-07T10:05:19.980Z
2019,대학교,사립,대학,부산,기존,0000180,동명대학교,1,11869,868,7.31,0,0,0,2026-08-07T10:05:19.980Z
2019,전문대학,사립,전문대학,부산,폐교,0000296,동부산대학교,1,1916,396,20.67,0,0,0,2026-08-07T10:05:19.980Z
2019,대학교,사립,대학,부산,기존,0000073,동서대학교,1,14733,905,6.14,0,0,0,2026-08-07T10:05:19.980Z
2019,대학교,사립,대학,부산,기존,0000075,동아대학교,1,26185,1086,4.15,0,0,0,2026-08-07T10:05:19.980Z
2019,전문대학,사립,전문대학,부산,기존,0000303,동의과학대학교,1,9582,1034,10.79,0,0,0,2026-08-07T10:05:19.980Z
2019,대학교,사립,대학,부산,기존,0000077,동의대학교,1,21406,1040,4.86,0,0,0,2026-08-07T10:05:19.980Z
2019,전문대학,사립,전문대학,부산,기존,0000569,동주대학교,1,4426,368,8.31,0,0,0,2026-08-07T10:05:19.980Z
2019,대학교,국립,대학,부산,기존,0000578,부경대학교,1,22893,876,3.83,0,0,0,2026-08-07T10:05:19.980Z
2019,대학교,사립,대학,부산,기존,0000082,부산가톨릭대학교,1,4874,213,4.37,0,0,0,2026-08-07T10:05:19.980Z
2019,전문대학,사립,전문대학,부산,기존,0000313,부산경상대학교,1,4193,224,5.34,0,0,0,2026-08-07T10:05:19.980Z
2019,전문대학,사립,전문대학,부산,기존,0000315,부산과학기술대학교,1,7659,1062,13.87,0,0,0,2026-08-07T10:05:19.980Z
2019,교육대학,국립,대학,부산,기존,0000198,부산교육대학교,1,1571,17,1.08,0,0,0,2026-08-07T10:05:19.980Z
2019,대학교,국립,대학,부산,기존,0000011,부산대학교,1,28683,949,3.31,0,0,0,2026-08-07T10:05:19.980Z
2019,사이버대학(대학),사립,대학,부산,기존,0000411,부산디지털대학교,1,2757,370,13.42,0,0,0,2026-08-07T10:05:19.980Z
2019,전문대학,사립,전문대학,부산,기존,0000314,부산여자대학교,1,2987,232,7.77,0,0,0,2026-08-07T10:05:19.980Z
2019,전문대학,사립,전문대학,부산,기존,0000388,부산예술대학교,1,1035,191,18.45,0,0,0,2026-08-07T10:05:19.980Z
2019,대학교,사립,대학,부산,기존,0000083,부산외국어대학교,1,11870,741,6.24,0,0,0,2026-08-07T10:05:19.980Z
2019,전문대학,사립,전문대학,부산,폐교,0000326,성심외국어대학,1,1242,1,0.08,0,0,0,2026-08-07T10:05:19.980Z
2019,대학교,사립,대학,부산,기존,0000106,신라대학교,1,11990,860,7.17,0,0,0,2026-08-07T10:05:19.980Z
2019,대학교,사립,대학,부산,기존,0000181,영산대학교,2,8737,747,8.55,0,0,0,2026-08-07T10:05:19.980Z
2019,대학교,사립,대학,부산,기존,0000122,인제대학교,2,12655,641,5.07,0,0,0,2026-08-07T10:05:19.980Z
2019,기능대학,사립,전문대학,부산,기존,0000497,한국폴리텍 VII 대학,1,1573,174,11.06,0,0,0,2026-08-07T10:05:19.980Z
2019,대학교,국립,대학,부산,기존,0000583,한국해양대학교,1,8493,383,4.51,0,0,0,2026-08-07T10:05:19.980Z
2019,사이버대학(대학),사립,대학,부산,기존,0000423,화신사이버대학교,1,1314,302,22.98,0,0,0,2026-08-07T10:05:19.980Z
2019,대학교,사립,대학,서울,기존,0000034,가톨릭대학교,3,10748,322,3,0,0,0,2026-08-07T10:05:19.980Z
2019,대학교,사립,대학,서울,기존,0000035,감리교신학대학교,1,1133,45,3.97,0,0,0,2026-08-07T10:05:19.980Z
2019,대학교,사립,대학,서울,기존,0000565,강서대학교,1,1775,150,8.45,0,0,0,2026-08-07T10:05:19.980Z
2019,대학교,사립,대학,서울,기존,0000037,건국대학교,2,33778,1042,3.08,0,0,0,2026-08-07T10:05:19.980Z
2019,대학교,사립,대학,서울,기존,0000039,경기대학교,2,19271,705,3.66,0,0,0,2026-08-07T10:05:19.980Z
2019,대학교,사립,대학,서울,기존,0000047,경희대학교,1,34753,971,2.79,0,0,0,2026-08-07T10:05:19.980Z
2019,사이버대학(대학),사립,대학,서울,기존,0000408,경희사이버대학교,1,10606,2507,23.64,0,0,0,2026-08-07T10:05:19.980Z
2019,대학교,사립,대학,서울,기존,0000049,고려대학교,2,37460,1017,2.71,0,0,0,2026-08-07T10:05:19.980Z
2019,사이버대학(대학),사립,대학,서울,기존,0000418,고려사이버대학교,1,10281,1613,15.69,0,0,0,2026-08-07T10:05:19.980Z
2019,대학교,사립,대학,서울,기존,0000053,광운대학교,1,11574,425,3.67,0,0,0,2026-08-07T10:05:19.980Z
2019,대학교,사립,대학,서울,기존,0000056,국민대학교,1,21875,590,2.7,0,0,0,2026-08-07T10:05:19.980Z
2019,대학교,사립,대학,서울,기존,0000070,덕성여자대학교,1,6944,267,3.85,0,0,0,2026-08-07T10:05:19.980Z
2019,대학교,사립,대학,서울,기존,0000071,동국대학교,2,29895,1168,3.91,0,0,0,2026-08-07T10:05:19.980Z
2019,대학교,사립,대학,서울,기존,0000072,동덕여자대학교,1,8000,341,4.26,0,0,0,2026-08-07T10:05:19.980Z
2019,전문대학,사립,전문대학,서울,기존,0000300,동양미래대학교,1,10594,735,6.94,0,0,0,2026-08-07T10:05:19.980Z
2019,사이버대학(대학),사립,대학,서울,기존,0000420,디지털서울문화예술대학교,1,4541,770,16.96,0,0,0,2026-08-07T10:05:19.980Z
2019,전문대학,사립,전문대학,서울,기존,0000307,명지전문대학,1,9999,899,8.99,0,0,0,2026-08-07T10:05:19.980Z
2019,전문대학,사립,전문대학,서울,기존,0000310,배화여자대학교,1,3268,280,8.57,0,0,0,2026-08-07T10:05:19.980Z
2019,사이버대학(대학),사립,대학,서울,기존,0000422,사이버한국외국어대학교,1,7572,1592,21.02,0,0,0,2026-08-07T10:05:19.980Z
2019,대학교,사립,대학,서울,기존,0000084,삼육대학교,1,7244,314,4.33,0,0,0,2026-08-07T10:05:19.980Z
2019,전문대학,사립,전문대학,서울,기존,0000317,삼육보건대학교,1,1551,79,5.09,0,0,0,2026-08-07T10:05:19.980Z
2019,대학교,사립,대학,서울,기존,0000087,서강대학교,1,11828,363,3.07,0,0,0,2026-08-07T10:05:19.980Z
2019,대학교,사립,대학,서울,기존,0000088,서경대학교,1,8714,467,5.36,0,0,0,2026-08-07T10:05:19.980Z
2019,대학교,국립,대학,서울,기존,0000027,서울과학기술대학교,1,14485,459,3.17,0,0,0,2026-08-07T10:05:19.980Z
2019,교육대학,국립,대학,서울,기존,0000199,서울교육대학교,1,1609,20,1.24,0,0,0,2026-08-07T10:05:19.980Z
2019,대학교,사립,대학,서울,기존,0000069,서울기독대학교,1,726,148,20.39,0,0,0,2026-08-07T10:05:19.980Z
2019,대학교,국립대법인,대학,서울,기존,0000012,서울대학교,1,21279,273,1.28,0,0,0,2026-08-07T10:05:19.980Z
2019,사이버대학(대학),사립,대학,서울,기존,0000412,서울디지털대학교,1,11868,1380,11.63,0,0,0,2026-08-07T10:05:19.980Z
2019,사이버대학(대학),사립,대학,서울,기존,0000413,서울사이버대학교,1,11712,2166,18.49,0,0,0,2026-08-07T10:05:19.980Z
2019,대학교,공립,대학,서울,기존,0000030,서울시립대학교,1,12621,320,2.54,0,0,0,2026-08-07T10:05:19.980Z
2019,전문대학,사립,전문대학,서울,기존,0000321,서울여자간호대학교,1,995,16,1.61,0,0,0,2026-08-07T10:05:19.980Z
2019,대학교,사립,대학,서울,기존,0000091,서울여자대학교,1,8568,314,3.66,0,0,0,2026-08-07T10:05:19.980Z
2019,전문대학,사립,전문대학,서울,기존,0000324,서일대학교,1,9079,654,7.2,0,0,0,2026-08-07T10:05:19.980Z
2019,대학교,사립,대학,서울,기존,0000096,성공회대학교,1,2966,149,5.02,0,0,0,2026-08-07T10:05:19.980Z
2019,대학교,사립,대학,서울,기존,0000097,성균관대학교,1,26225,594,2.27,0,0,0,2026-08-07T10:05:19.980Z
2019,대학교,사립,대학,서울,기존,0000098,성신여자대학교,1,10675,351,3.29,0,0,0,2026-08-07T10:05:19.980Z
2019,대학교,사립,대학,서울,기존,0000100,세종대학교,1,16207,896,5.53,0,0,0,2026-08-07T10:05:19.980Z
2019,사이버대학(대학),사립,대학,서울,기존,0000415,세종사이버대학교,1,8630,1399,16.21,0,0,0,2026-08-07T10:05:19.980Z
2019,대학교,사립,대학,서울,기존,0000103,숙명여자대학교,1,12141,344,2.83,0,0,0,2026-08-07T10:05:19.980Z
2019,대학교,사립,대학,서울,기존,0000105,숭실대학교,1,19255,528,2.74,0,0,0,2026-08-07T10:05:19.980Z
2019,사이버대학(대학),사립,대학,서울,기존,0000419,숭실사이버대학교,1,6889,927,13.46,0,0,0,2026-08-07T10:05:19.980Z
2019,전문대학,사립,전문대학,서울,기존,0000333,숭의여자대학교,1,3661,332,9.07,0,0,0,2026-08-07T10:05:19.980Z
2019,대학교,사립,대학,서울,기존,0000110,연세대학교,2,36318,867,2.39,0,0,0,2026-08-07T10:05:19.980Z
2019,대학교,사립,대학,서울,기존,0000121,이화여자대학교,1,18984,445,2.34,0,0,0,2026-08-07T10:05:19.980Z
2019,전문대학,사립,전문대학,서울,기존,0000356,인덕대학교,1,9187,616,6.71,0,0,0,2026-08-07T10:05:19.980Z
2019,대학교,사립,대학,서울,기존,0000125,장로회신학대학교,1,876,22,2.51,0,0,0,2026-08-07T10:05:19.980Z
2019,기술대학,사립,대학,서울,기존,0000228,정석대학,1,76,4,5.26,0,0,0,2026-08-07T10:05:19.980Z
2019,대학교,사립,대학,서울,기존,0000133,총신대학교,1,2172,94,4.33,0,0,0,2026-08-07T10:05:19.980Z
2019,대학교,사립,대학,서울,기존,0000134,추계예술대학교,1,1491,84,5.63,0,0,0,2026-08-07T10:05:19.980Z
2019,방송통신대학,국립,대학,서울,기존,0000215,한국방송통신대학교,1,158033,35840,22.68,0,0,0,2026-08-07T10:05:19.980Z
2019,대학교,사립,대학,서울,기존,0000142,한국성서대학교,1,1287,72,5.59,0,0,0,2026-08-07T10:05:19.980Z
2019,사이버대학(대학),사립,대학,서울,기존,0000416,한국열린사이버대학교,1,5775,870,15.06,0,0,0,2026-08-07T10:05:19.980Z
2019,각종학교(대학),특별법국립,대학,서울,기존,0000471,한국예술종합학교,1,3235,73,2.26,0,0,0,2026-08-07T10:05:19.980Z
2019,대학교,사립,대학,서울,기존,0000143,한국외국어대학교,1,23840,834,3.5,0,0,0,2026-08-07T10:05:19.980Z
2019,대학교,국립,대학,서울,기존,0000023,한국체육대학교,1,3234,74,2.29,0,0,0,2026-08-07T10:05:19.980Z
2019,기능대학,사립,전문대학,서울,기존,0000478,한국폴리텍 I 대학,1,741,96,12.96,0,0,0,2026-08-07T10:05:19.980Z
2019,기능대학,사립,전문대학,서울,기존,0000477,한국폴리텍 I 대학,1,2222,203,9.14,0,0,0,2026-08-07T10:05:19.980Z
2019,대학교,사립,대학,서울,기존,0000150,한성대학교,1,9406,447,4.75,0,0,0,2026-08-07T10:05:19.980Z
2019,대학교,사립,대학,서울,기존,0000153,한양대학교,2,35812,877,2.45,0,0,0,2026-08-07T10:05:19.980Z
2019,사이버대학(대학),사립,대학,서울,기존,0000421,한양사이버대학교,1,16400,3580,21.83,0,0,0,2026-08-07T10:05:19.980Z
2019,전문대학,사립,전문대학,서울,기존,0000384,한양여자대학교,1,7284,511,7.02,0,0,0,2026-08-07T10:05:19.980Z
2019,대학교,사립,대학,서울,기존,0000539,한영신학대학교,1,929,99,10.66,0,0,0,2026-08-07T10:05:19.980Z
2019,대학교,사립,대학,세종,기존,0000066,대전가톨릭대학교,1,64,8,12.5,0,0,0,2026-08-07T10:05:19.980Z
2019,전문대학,사립,전문대학,세종,기존,0000353,한국영상대학교,1,4789,380,7.93,0,0,0,2026-08-07T10:05:19.980Z
2019,대학교,사립,대학,세종,기존,0000160,홍익대학교,2,25342,1004,3.96,0,0,0,2026-08-07T10:05:19.980Z
2019,대학교,특별법법인,대학,울산,기존,0000527,울산과학기술원,1,3090,52,1.68,0,0,0,2026-08-07T10:05:19.980Z
2019,전문대학,사립,전문대학,울산,기존,0000352,울산과학대학교,1,8139,449,5.52,0,0,0,2026-08-07T10:05:19.980Z
2019,대학교,사립,대학,울산,기존,0000117,울산대학교,1,17842,895,5.02,0,0,0,2026-08-07T10:05:19.980Z
2019,전문대학,사립,전문대학,울산,기존,0000375,춘해보건대학교,1,3176,91,2.87,0,0,0,2026-08-07T10:05:19.980Z
2019,기능대학,사립,전문대학,울산,기존,0000498,한국폴리텍 VII 대학,1,1255,113,9,0,0,0,2026-08-07T10:05:19.980Z
2019,교육대학,국립,대학,인천,기존,0000200,경인교육대학교,2,2711,22,0.81,0,0,0,2026-08-07T10:05:19.980Z
2019,전문대학,사립,전문대학,인천,기존,0000261,경인여자대학교,1,5032,307,6.1,0,0,0,2026-08-07T10:05:19.980Z
2019,대학교,사립,대학,인천,기존,0000123,인천가톨릭대학교,2,837,40,4.78,0,0,0,2026-08-07T10:05:19.980Z
2019,대학교,국립대법인,대학,인천,기존,0000031,인천대학교,1,16703,671,4.02,0,0,0,2026-08-07T10:05:19.980Z
2019,전문대학,사립,전문대학,인천,기존,0000587,인천재능대학교,1,6236,552,8.85,0,0,0,2026-08-07T10:05:19.980Z
2019,전문대학,사립,전문대학,인천,기존,0000357,인하공업전문대학,1,11603,734,6.33,0,0,0,2026-08-07T10:05:19.980Z
2019,대학교,사립,대학,인천,기존,0000124,인하대학교,1,25729,595,2.31,0,0,0,2026-08-07T10:05:19.980Z
2019,기능대학,사립,전문대학,인천,기존,0000480,한국폴리텍 II 대학,1,3290,299,9.09,0,0,0,2026-08-07T10:05:19.980Z
2019,전문대학,사립,전문대학,전남,기존,0000585,고구려대학교,1,2306,358,15.52,0,0,0,2026-08-07T10:05:19.980Z
2019,전문대학,사립,전문대학,전남,기존,0000266,광양보건대학교,1,1185,111,9.37,0,0,0,2026-08-07T10:05:19.980Z
2019,대학교,사립,대학,전남,기존,0000054,광주가톨릭대학교,1,125,12,9.6,0,0,0,2026-08-07T10:05:19.980Z
2019,대학교,사립,대학,전남,기존,0000074,동신대학교,1,8559,649,7.58,0,0,0,2026-08-07T10:05:19.980Z
2019,전문대학,사립,전문대학,전남,기존,0000532,동아보건대학교,1,1990,191,9.6,0,0,0,2026-08-07T10:05:19.980Z
2019,대학교,사립,대학,전남,기존,0000166,목포가톨릭대학교,1,571,17,2.98,0,0,0,2026-08-07T10:05:19.980Z
2019,전문대학,사립,전문대학,전남,기존,0000308,목포과학대학교,1,3994,457,11.44,0,0,0,2026-08-07T10:05:19.980Z
2019,대학교,국립,대학,전남,기존,0000576,목포대학교,1,10124,629,6.21,0,0,0,2026-08-07T10:05:19.980Z
2019,대학교,국립,대학,전남,기존,0000577,목포해양대학교,1,3140,226,7.2,0,0,0,2026-08-07T10:05:19.980Z
2019,대학교,사립,대학,전남,기존,0000064,세한대학교,1,5333,659,12.36,0,0,0,2026-08-07T10:05:19.980Z
2019,대학교,국립,대학,전남,기존,0000579,순천대학교,1,9805,597,6.09,0,0,0,2026-08-07T10:05:19.980Z
2019,전문대학,사립,전문대학,전남,기존,0000331,순천제일대학교,1,4267,454,10.64,0,0,0,2026-08-07T10:05:19.980Z
2019,대학교,사립,대학,전남,기존,0000114,영산선학대학교,1,49,4,8.16,0,0,0,2026-08-07T10:05:19.980Z
2019,전문대학,사립,전문대학,전남,기존,0000360,전남과학대학교,1,4612,466,10.1,0,0,0,2026-08-07T10:05:19.980Z
2019,전문대학,공립,전문대학,전남,기존,0000389,전남도립대학교,1,1907,256,13.42,0,0,0,2026-08-07T10:05:19.980Z
2019,전문대학,사립,전문대학,전남,기존,0000332,청암대학교,1,3423,213,6.22,0,0,0,2026-08-07T10:05:19.980Z
2019,대학교,사립,대학,전남,기존,0000190,초당대학교,1,4156,325,7.82,0,0,0,2026-08-07T10:05:19.980Z
2019,기능대학,사립,전문대학,전남,기존,0000554,한국폴리텍 V 대학,1,500,74,14.8,0,0,0,2026-08-07T10:05:19.980Z
2019,기능대학,사립,전문대학,전남,기존,0000543,한국폴리텍 V 대학,1,8,1,12.5,0,0,0,2026-08-07T10:05:19.980Z
2019,대학교,사립,대학,전남,기존,0000186,한려대학교,1,517,64,12.38,0,0,0,2026-08-07T10:05:19.980Z
2019,전문대학,사립,전문대학,전남,기존,0000546,한영대학,1,1724,133,7.71,0,0,0,2026-08-07T10:05:19.980Z
2019,전문대학,사립,전문대학,전북,기존,0000250,군산간호대학교,1,1265,21,1.66,0,0,0,2026-08-07T10:05:19.980Z
2019,대학교,국립,대학,전북,기존,0000574,군산대학교,1,10010,610,6.09,0,0,0,2026-08-07T10:05:19.980Z
2019,전문대학,사립,전문대학,전북,기존,0000270,군장대학교,1,2500,189,7.56,0,0,0,2026-08-07T10:05:19.980Z
2019,전문대학,사립,전문대학,전북,기존,0000311,백제예술대학교,1,1866,239,12.81,0,0,0,2026-08-07T10:05:19.980Z
2019,전문대학,사립,전문대학,전북,폐교,0000269,서해대학,1,799,173,21.65,0,0,0,2026-08-07T10:05:19.980Z
2019,대학교,사립,대학,전북,기존,0000173,예수대학교,1,645,9,1.4,0,0,0,2026-08-07T10:05:19.980Z
2019,대학교,사립,대학,전북,기존,0000116,우석대학교,1,9743,788,8.09,0,0,0,2026-08-07T10:05:19.980Z
2019,대학교,사립,대학,전북,기존,0000118,원광대학교,1,21789,1448,6.65,0,0,0,2026-08-07T10:05:19.980Z
2019,사이버대학(대학),사립,대학,전북,기존,0000417,원광디지털대학교,1,6524,820,12.57,0,0,0,2026-08-07T10:05:19.980Z
2019,전문대학,사립,전문대학,전북,기존,0000354,원광보건대학교,1,6836,449,6.57,0,0,0,2026-08-07T10:05:19.980Z
2019,전문대학,사립,전문대학,전북,기존,0000362,전북과학대학교,1,1789,115,6.43,0,0,0,2026-08-07T10:05:19.980Z
2019,대학교,국립,대학,전북,기존,0000017,전북대학교,1,25305,989,3.91,0,0,0,2026-08-07T10:05:19.980Z
2019,교육대학,국립,대학,전북,기존,0000201,전주교육대학교,1,1211,17,1.4,0,0,0,2026-08-07T10:05:19.980Z
2019,전문대학,사립,전문대학,전북,기존,0000274,전주기전대학,1,2090,226,10.81,0,0,0,2026-08-07T10:05:19.980Z
2019,대학교,사립,대학,전북,기존,0000126,전주대학교,1,15875,871,5.49,0,0,0,2026-08-07T10:05:19.980Z
2019,전문대학,사립,전문대학,전북,기존,0000361,전주비전대학교,1,5359,354,6.61,0,0,0,2026-08-07T10:05:19.980Z
2019,전문대학,특별법국립,전문대학,전북,기존,0000473,한국농수산대학,1,1801,41,2.28,0,0,0,2026-08-07T10:05:19.980Z
2019,기능대학,사립,전문대학,전북,기존,0000553,한국폴리텍 V 대학,1,889,99,11.14,0,0,0,2026-08-07T10:05:19.980Z
2019,기능대학,사립,전문대학,전북,기존,0000493,한국폴리텍 V 대학,1,153,22,14.38,0,0,0,2026-08-07T10:05:19.980Z
2019,대학교,사립,대학,전북,기존,0000155,한일장신대학교,1,1194,98,8.21,0,0,0,2026-08-07T10:05:19.980Z
2019,산업대학,사립,대학,전북,기존,0000223,호원대학교,1,7129,763,10.7,0,0,0,2026-08-07T10:05:19.980Z
2019,전문대학,사립,전문대학,제주,기존,0000363,제주관광대학교,1,3197,339,10.6,0,0,0,2026-08-07T10:05:19.980Z
2019,대학교,사립,대학,제주,기존,0000192,제주국제대학교,1,1852,307,16.58,0,0,0,2026-08-07T10:05:19.980Z
2019,대학교,국립,대학,제주,기존,0000018,제주대학교,1,14642,743,5.07,0,0,0,2026-08-07T10:05:19.980Z
2019,전문대학,사립,전문대학,제주,기존,0000382,제주한라대학교,1,9943,804,8.09,0,0,0,2026-08-07T10:05:19.980Z
2019,기능대학,사립,전문대학,제주,기존,0000535,한국폴리텍 I 대학,1,65,5,7.69,0,0,0,2026-08-07T10:05:19.980Z
2019,교육대학,국립,대학,충남,기존,0000195,공주교육대학교,1,1517,42,2.77,0,0,0,2026-08-07T10:05:19.980Z
2019,대학교,국립,대학,충남,기존,0000573,공주대학교,1,17295,713,4.12,0,0,0,2026-08-07T10:05:19.980Z
2019,사이버대학(대학),사립,대학,충남,기존,0000424,글로벌사이버대학교,1,2601,396,15.22,0,0,0,2026-08-07T10:05:19.980Z
2019,대학교,사립,대학,충남,기존,0000169,금강대학교,1,649,66,10.17,0,0,0,2026-08-07T10:05:19.980Z
2019,대학교,사립,대학,충남,기존,0000059,나사렛대학교,1,7006,405,5.78,0,0,0,2026-08-07T10:05:19.980Z
2019,대학교,사립,대학,충남,기존,0000189,남서울대학교,1,13626,1315,9.65,0,0,0,2026-08-07T10:05:19.980Z
2019,대학교,사립,대학,충남,기존,0000060,단국대학교,2,31347,1109,3.54,0,0,0,2026-08-07T10:05:19.980Z
2019,대학교,사립,대학,충남,기존,0000131,백석대학교,1,15976,771,4.83,0,0,0,2026-08-07T10:05:19.980Z
2019,전문대학,사립,전문대학,충남,기존,0000373,백석문화대학교,1,8116,756,9.31,0,0,0,2026-08-07T10:05:19.980Z
2019,대학교,사립,대학,충남,기존,0000085,상명대학교,2,17229,696,4.04,0,0,0,2026-08-07T10:05:19.980Z
2019,대학교,사립,대학,충남,기존,0000094,선문대학교,1,12817,722,5.63,0,0,0,2026-08-07T10:05:19.980Z
2019,대학교,사립,대학,충남,기존,0000104,순천향대학교,1,14151,698,4.93,0,0,0,2026-08-07T10:05:19.980Z
2019,전문대학,사립,전문대학,충남,기존,0000335,신성대학교,1,5799,425,7.33,0,0,0,2026-08-07T10:05:19.980Z
2019,전문대학,사립,전문대학,충남,기존,000568,아주자동차대학,1,2506,125,4.99,0,0,0,2026-08-07T10:05:19.980Z
2019,전문대학,사립,전문대학,충남,기존,0000529,연암대학교,1,1516,97,6.4,0,0,0,2026-08-07T10:05:19.980Z
2019,대학교,사립,대학,충남,기존,0000128,중부대학교,1,12086,765,6.33,0,0,0,2026-08-07T10:05:19.980Z
2019,산업대학,사립,대학,충남,기존,0000225,청운대학교,1,8627,643,7.45,0,0,0,2026-08-07T10:05:19.980Z
2019,전문대학,공립,전문대학,충남,기존,0000519,충남도립대학교,1,1598,107,6.7,0,0,0,2026-08-07T10:05:19.980Z
2019,대학교,사립,대학,충남,기존,0000141,한국기술교육대학교,1,6325,257,4.06,0,0,0,2026-08-07T10:05:19.980Z
2019,대학교,특별법국립,대학,충남,기존,0000472,한국전통문화대학교,1,737,17,2.31,0,0,0,2026-08-07T10:05:19.980Z
2019,기능대학,사립,전문대학,충남,기존,0000500,한국폴리텍 특성화대학,1,590,28,4.75,0,0,0,2026-08-07T10:05:19.980Z
2019,기능대학,사립,전문대학,충남,기존,0000487,한국폴리텍 IV 대학,1,890,72,8.09,0,0,0,2026-08-07T10:05:19.980Z
2019,기능대학,사립,전문대학,충남,기존,0000588,한국폴리텍 IV 대학,1,412,14,3.4,0,0,0,2026-08-07T10:05:19.980Z
2019,대학교,사립,대학,충남,기존,0000149,한서대학교,1,9270,477,5.15,0,0,0,2026-08-07T10:05:19.980Z
2019,전문대학,사립,전문대학,충남,기존,0000386,혜전대학교,1,3909,281,7.19,0,0,0,2026-08-07T10:05:19.980Z
2019,대학교,사립,대학,충남,기존,0000159,호서대학교,1,16477,756,4.59,0,0,0,2026-08-07T10:05:19.980Z
2019,전문대학,사립,전문대학,충북,기존,0000271,강동대학교,1,5587,564,10.09,0,0,0,2026-08-07T10:05:19.980Z
2019,대학교,사립,대학,충북,기존,0000058,극동대학교,1,5136,265,5.16,0,0,0,2026-08-07T10:05:19.980Z
2019,대학교,사립,대학,충북,기존,0000557,꽃동네대학교,1,587,21,3.58,0,0,0,2026-08-07T10:05:19.980Z
2019,전문대학,사립,전문대학,충북,기존,0000286,대원대학교,1,3264,239,7.32,0,0,0,2026-08-07T10:05:19.980Z
2019,대학교,사립,대학,충북,기존,0000093,서원대학교,1,9042,435,4.81,0,0,0,2026-08-07T10:05:19.980Z
2019,대학교,사립,대학,충북,기존,0000099,세명대학교,1,10864,621,5.72,0,0,0,2026-08-07T10:05:19.980Z
2019,각종학교(대학),사립,대학,충북,기존,0000404,순복음총회신학교,1,220,45,20.45,0,0,0,2026-08-07T10:05:19.980Z
2019,대학교,사립,대학,충북,기존,0000113,유원대학교,1,5378,548,10.19,0,0,0,2026-08-07T10:05:19.980Z
2019,대학교,사립,대학,충북,기존,0000183,중원대학교,1,5636,681,12.08,0,0,0,2026-08-07T10:05:19.980Z
2019,교육대학,국립,대학,충북,기존,0000204,청주교육대학교,1,1242,16,1.29,0,0,0,2026-08-07T10:05:19.980Z
2019,대학교,사립,대학,충북,기존,0000132,청주대학교,1,16055,746,4.65,0,0,0,2026-08-07T10:05:19.980Z
2019,대학교,국립,대학,충북,기존,0000021,충북대학교,1,18887,603,3.19,0,0,0,2026-08-07T10:05:19.980Z
2019,전문대학,공립,전문대학,충북,기존,0000544,충북도립대학,1,1395,130,9.32,0,0,0,2026-08-07T10:05:19.980Z
2019,전문대학,사립,전문대학,충북,기존,0000367,충북보건과학대학교,1,3986,301,7.55,0,0,0,2026-08-07T10:05:19.980Z
2019,전문대학,사립,전문대학,충북,기존,0000377,충청대학교,1,6175,583,9.44,0,0,0,2026-08-07T10:05:19.980Z
2019,대학교,국립,대학,충북,기존,0000022,한국교원대학교,1,2731,43,1.57,0,0,0,2026-08-07T10:05:19.980Z
2019,대학교,국립,대학,충북,기존,0000582,한국교통대학교,1,12130,624,5.14,0,0,0,2026-08-07T10:05:19.980Z
2019,기능대학,사립,전문대학,충북,기존,0000485,한국폴리텍 IV 대학,1,1258,72,5.72,0,0,0,2026-08-07T10:05:19.980Z
2020,대학교,사립,대학,강원,기존,0000513,가톨릭관동대학교,1,12473,960,7.7,2236,142,6.35,2026-08-07T10:05:19.980Z
2020,전문대학,사립,전문대학,강원,기존,0000347,강릉영동대학교,1,4509,179,3.97,950,73,7.68,2026-08-07T10:05:19.980Z
2020,대학교,국립,대학,강원,기존,0000572,강릉원주대학교,2,10862,580,5.34,1954,113,5.78,2026-08-07T10:05:19.980Z
2020,전문대학,사립,전문대학,강원,폐교,0000378,강원관광대학교,1,1688,195,11.55,429,102,23.78,2026-08-07T10:05:19.980Z
2020,대학교,국립,대학,강원,기존,0000002,강원대학교,2,30754,1291,4.2,4785,313,6.54,2026-08-07T10:05:19.980Z
2020,전문대학,공립,전문대학,강원,기존,0000531,강원도립대학교,1,1029,144,13.99,315,19,6.03,2026-08-07T10:05:19.980Z
2020,대학교,사립,대학,강원,기존,0000041,경동대학교,3,9844,486,4.94,1991,87,4.37,2026-08-07T10:05:19.980Z
2020,대학교,사립,대학,강원,기존,0000086,상지대학교,1,9694,602,6.21,2304,152,6.6,2026-08-07T10:05:19.980Z
2020,전문대학,사립,전문대학,강원,폐교,0000319,상지영서대학교,1,2004,404,20.16,0,0,0,2026-08-07T10:05:19.980Z
2020,전문대학,사립,전문대학,강원,기존,0000348,세경대학교,1,1301,133,10.22,524,51,9.73,2026-08-07T10:05:19.980Z
2020,전문대학,사립,전문대학,강원,기존,0000393,송곡대학교,1,783,74,9.45,230,19,8.26,2026-08-07T10:05:19.980Z
2020,전문대학,사립,전문대학,강원,기존,0000390,송호대학교,1,1358,120,8.84,406,40,9.85,2026-08-07T10:05:19.980Z
2020,교육대학,국립,대학,강원,기존,0000205,춘천교육대학교,1,1365,25,1.83,342,17,4.97,2026-08-07T10:05:19.980Z
2020,전문대학,사립,전문대학,강원,기존,0000542,한국골프대학,1,776,29,3.74,196,6,3.06,2026-08-07T10:05:19.980Z
2020,기능대학,사립,전문대학,강원,기존,0000483,한국폴리텍 III 대학,1,201,10,4.98,70,6,8.57,2026-08-07T10:05:19.980Z
2020,기능대학,사립,전문대학,강원,기존,0000517,한국폴리텍 III 대학,1,96,7,7.29,57,5,8.77,2026-08-07T10:05:19.980Z
2020,기능대학,사립,전문대학,강원,기존,0000482,한국폴리텍 III 대학,1,445,35,7.87,144,9,6.25,2026-08-07T10:05:19.980Z
2020,대학교,사립,대학,강원,기존,0000147,한라대학교,1,5291,295,5.58,938,36,3.84,2026-08-07T10:05:19.980Z
2020,대학교,사립,대학,강원,기존,0000148,한림대학교,1,10798,482,4.46,1825,102,5.59,2026-08-07T10:05:19.980Z
2020,전문대학,사립,전문대학,강원,기존,0000383,한림성심대학교,1,4782,528,11.04,1317,51,3.87,2026-08-07T10:05:19.980Z
2020,대학교,사립,대학,경기,기존,0000044,가천대학교,1,25467,943,3.7,4186,290,6.93,2026-08-07T10:05:19.980Z
2020,대학교,사립,대학,경기,기존,0000034,가톨릭대학교,3,10878,369,3.39,1832,146,7.97,2026-08-07T10:05:19.980Z
2020,대학교,사립,대학,경기,기존,0000036,강남대학교,1,8973,588,6.55,1616,149,9.22,2026-08-07T10:05:19.980Z
2020,전문대학,사립,전문대학,경기,기존,0000387,경기과학기술대학교,1,7870,319,4.05,2351,130,5.53,2026-08-07T10:05:19.980Z
2020,대학교,사립,대학,경기,기존,0000039,경기대학교,2,19143,717,3.75,3398,257,7.56,2026-08-07T10:05:19.980Z
2020,전문대학,사립,전문대학,경기,기존,0000255,경민대학교,1,7013,648,9.24,2064,101,4.89,2026-08-07T10:05:19.980Z
2020,전문대학,사립,전문대학,경기,기존,0000259,경복대학교,1,8100,326,4.02,2573,88,3.42,2026-08-07T10:05:19.980Z
2020,전문대학,사립,전문대학,경기,기존,0000264,계원예술대학교,1,4221,239,5.66,1318,69,5.24,2026-08-07T10:05:19.980Z
2020,전문대학,사립,전문대학,경기,기존,0000379,국제대학교,1,6034,544,9.02,1781,177,9.94,2026-08-07T10:05:19.980Z
2020,사이버대학(대학),사립,대학,경기,기존,0000409,국제사이버대학교,1,3590,658,18.33,1035,211,20.39,2026-08-07T10:05:19.980Z
2020,전문대학,사립,전문대학,경기,기존,0000277,김포대학교,1,5034,494,9.81,1548,125,8.07,2026-08-07T10:05:19.980Z
2020,전문대학,사립,전문대학,경기,기존,0000278,농협대학교,1,541,12,2.22,179,2,1.12,2026-08-07T10:05:19.980Z
2020,전문대학,사립,전문대학,경기,기존,0000285,대림대학교,1,10459,607,5.8,3223,114,3.54,2026-08-07T10:05:19.980Z
2020,대학교,사립,대학,경기,기존,0000068,대진대학교,1,10306,561,5.44,1920,180,9.38,2026-08-07T10:05:19.980Z
2020,전문대학,사립,전문대학,경기,기존,0000294,동남보건대학교,1,5740,293,5.1,1793,132,7.36,2026-08-07T10:05:19.980Z
2020,전문대학,사립,전문대학,경기,기존,0000287,동서울대학교,1,8811,495,5.62,2707,134,4.95,2026-08-07T10:05:19.980Z
2020,전문대학,사립,전문대학,경기,기존,0000298,동아방송예술대학교,1,4281,231,5.4,1200,61,5.08,2026-08-07T10:05:19.980Z
2020,전문대학,사립,전문대학,경기,기존,0000302,동원대학교,1,5459,519,9.51,1755,167,9.52,2026-08-07T10:05:19.980Z
2020,전문대학,사립,전문대학,경기,기존,0000305,두원공과대학교,1,7381,575,7.79,1718,145,8.44,2026-08-07T10:05:19.980Z
2020,대학교,사립,대학,경기,기존,0000078,루터대학교,1,417,19,4.56,87,4,4.6,2026-08-07T10:05:19.980Z
2020,대학교,사립,대학,경기,기존,0000079,명지대학교,2,19603,781,3.98,3179,230,7.23,2026-08-07T10:05:19.980Z
2020,전문대학,사립,전문대학,경기,기존,0000316,부천대학교,1,10445,565,5.41,3617,189,5.23,2026-08-07T10:05:19.980Z
2020,대학교,사립,대학,경기,기존,0000090,서울신학대학교,1,2770,136,4.91,534,31,5.81,2026-08-07T10:05:19.980Z
2020,전문대학,사립,전문대학,경기,기존,0000323,서울예술대학교,1,4281,170,3.97,1158,29,2.5,2026-08-07T10:05:19.980Z
2020,대학교,사립,대학,경기,기존,0000092,서울장신대학교,1,599,36,6.01,119,10,8.4,2026-08-07T10:05:19.980Z
2020,전문대학,사립,전문대학,경기,기존,0000392,서정대학교,1,9808,371,3.78,2679,175,6.53,2026-08-07T10:05:19.980Z
2020,대학교,사립,대학,경기,기존,0000095,성결대학교,1,7199,340,4.72,1303,90,6.91,2026-08-07T10:05:19.980Z
2020,대학교,사립,대학,경기,기존,0000101,수원가톨릭대학교,1,174,6,3.45,35,2,5.71,2026-08-07T10:05:19.980Z
2020,전문대학,사립,전문대학,경기,기존,0000330,수원과학대학교,1,8649,662,7.65,2595,189,7.28,2026-08-07T10:05:19.980Z
2020,대학교,사립,대학,경기,기존,0000102,수원대학교,1,12484,765,6.13,2327,219,9.41,2026-08-07T10:05:19.980Z
2020,전문대학,사립,전문대학,경기,기존,0000329,수원여자대학교,1,4666,231,4.95,1829,130,7.11,2026-08-07T10:05:19.980Z
2020,대학교,사립,대학,경기,기존,000567,신경대학교,1,1026,151,14.72,163,15,9.2,2026-08-07T10:05:19.980Z
2020,전문대학,사립,전문대학,경기,기존,0000334,신구대학교,1,8818,584,6.62,2973,191,6.42,2026-08-07T10:05:19.980Z
2020,전문대학,사립,전문대학,경기,기존,0000339,신안산대학교,1,6359,448,7.05,2008,136,6.77,2026-08-07T10:05:19.980Z
2020,대학교,사립,대학,경기,기존,000509,신한대학교,2,8371,346,4.13,1577,59,3.74,2026-08-07T10:05:19.980Z
2020,전문대학,사립,전문대학,경기,폐교,0000336,신흥대학교,1,2,2,100,0,0,0,2026-08-07T10:05:19.980Z
2020,대학교,사립,대학,경기,기존,0000558,아신대학교,1,846,105,12.41,155,24,15.48,2026-08-07T10:05:19.980Z
2020,대학교,사립,대학,경기,기존,0000108,아주대학교,1,13740,440,3.2,2179,162,7.43,2026-08-07T10:05:19.980Z
2020,전문대학,사립,전문대학,경기,기존,0000340,안산대학교,1,5768,258,4.47,1862,103,5.53,2026-08-07T10:05:19.980Z
2020,대학교,사립,대학,경기,기존,0000109,안양대학교,2,6652,348,5.23,1194,108,9.05,2026-08-07T10:05:19.980Z
2020,전문대학,사립,전문대학,경기,기존,0000343,여주대학교,1,7814,697,8.92,2247,189,8.41,2026-08-07T10:05:19.980Z
2020,전문대학,사립,전문대학,경기,기존,0000341,연성대학교,1,8450,605,7.16,2746,164,5.97,2026-08-07T10:05:19.980Z
2020,대학교,사립,대학,경기,기존,0000164,예원예술대학교,2,1866,204,10.93,478,46,9.62,2026-08-07T10:05:19.980Z
2020,전문대학,사립,전문대학,경기,기존,0000350,오산대학교,1,7803,714,9.15,2539,232,9.14,2026-08-07T10:05:19.980Z
2020,대학교,사립,대학,경기,기존,0000115,용인대학교,1,8610,643,7.47,1654,174,10.52,2026-08-07T10:05:19.980Z
2020,전문대학,사립,전문대학,경기,기존,0000559,용인예술과학대학교,1,6037,588,9.74,1775,165,9.3,2026-08-07T10:05:19.980Z
2020,전문대학,사립,전문대학,경기,기존,0000394,웅지세무대학교,1,1979,183,9.25,272,22,8.09,2026-08-07T10:05:19.980Z
2020,전문대학,사립,전문대학,경기,기존,0000355,유한대학교,1,7880,474,6.02,2293,135,5.89,2026-08-07T10:05:19.980Z
2020,전문대학,사립,전문대학,경기,기존,0000358,장안대학교,1,7980,700,8.77,2597,227,8.74,2026-08-07T10:05:19.980Z
2020,대학교,사립,대학,경기,기존,0000129,중앙대학교,2,32619,1018,3.12,5217,466,8.93,2026-08-07T10:05:19.980Z
2020,대학교,사립,대학,경기,기존,0000130,중앙승가대학교,1,147,12,8.16,39,7,17.95,2026-08-07T10:05:19.980Z
2020,대학교,사립,대학,경기,기존,0000139,차의과학대학교,1,2761,94,3.4,498,26,5.22,2026-08-07T10:05:19.980Z
2020,전문대학,사립,전문대학,경기,기존,0000374,청강문화산업대학교,1,5123,211,4.12,1474,50,3.39,2026-08-07T10:05:19.980Z
2020,대학교,사립,대학,경기,기존,0000136,칼빈대학교,1,701,86,12.27,115,9,7.83,2026-08-07T10:05:19.980Z
2020,대학교,사립,대학,경기,기존,0000138,평택대학교,1,4820,379,7.86,959,72,7.51,2026-08-07T10:05:19.980Z
2020,대학교,국립,대학,경기,기존,0000568,한경대학교,1,7423,468,6.3,1224,90,7.35,2026-08-07T10:05:19.980Z
2020,전문대학,사립,전문대학,경기,기존,0000391,한국관광대학교,1,2694,146,5.42,1039,61,5.87,2026-08-07T10:05:19.980Z
2020,전문대학,국립,전문대학,경기,폐교,0000248,한국복지대학교,1,840,59,7.02,291,12,4.12,2026-08-07T10:05:19.980Z
2020,대학교,사립,대학,경기,기존,0000562,한국산업기술대학교,1,9661,468,4.84,1701,117,6.88,2026-08-07T10:05:19.980Z
2020,기능대학,사립,전문대학,경기,기존,0000479,한국폴리텍 I 대학,1,1545,177,11.46,440,48,10.91,2026-08-07T10:05:19.980Z
2020,기능대학,사립,전문대학,경기,기존,0000548,한국폴리텍 II 대학,1,1087,93,8.56,359,36,10.03,2026-08-07T10:05:19.980Z
2020,대학교,사립,대학,경기,기존,0000144,한국항공대학교,1,5796,216,3.73,928,79,8.51,2026-08-07T10:05:19.980Z
2020,대학교,사립,대학,경기,기존,0000151,한세대학교,1,3370,177,5.25,616,51,8.28,2026-08-07T10:05:19.980Z
2020,대학교,사립,대학,경기,기존,0000152,한신대학교,1,7435,315,4.24,1274,72,5.65,2026-08-07T10:05:19.980Z
2020,대학교,사립,대학,경기,기존,0000156,협성대학교,1,5624,347,6.17,1062,67,6.31,2026-08-07T10:05:19.980Z
2020,기능대학,사립,전문대학,경기,기존,0000516,ICT폴리텍대학,1,600,85,14.17,169,21,12.43,2026-08-07T10:05:19.980Z
2020,대학교,사립,대학,경남,기존,0000032,가야대학교,1,2919,225,7.71,496,30,6.05,2026-08-07T10:05:19.980Z
2020,전문대학,사립,전문대학,경남,기존,0000251,거제대학교,1,1613,129,8,394,24,6.09,2026-08-07T10:05:19.980Z
2020,대학교,국립,대학,경남,폐교,0000026,경남과학기술대학교,1,6937,411,5.92,1188,62,5.22,2026-08-07T10:05:19.980Z
2020,대학교,사립,대학,경남,기존,0000040,경남대학교,1,16506,909,5.51,2889,123,4.26,2026-08-07T10:05:19.980Z
2020,전문대학,공립,전문대학,경남,기존,0000242,경남도립거창대학,1,1204,110,9.14,406,26,6.4,2026-08-07T10:05:19.980Z
2020,전문대학,공립,전문대학,경남,기존,0000243,경남도립남해대학,1,1355,112,8.27,398,20,5.03,2026-08-07T10:05:19.980Z
2020,대학교,국립,대학,경남,기존,0000556,경상대학교,1,19254,786,4.08,3253,197,6.06,2026-08-07T10:05:19.980Z
2020,전문대학,사립,전문대학,경남,기존,0000395,김해대학교,1,1800,132,7.33,549,31,5.65,2026-08-07T10:05:19.980Z
2020,전문대학,사립,전문대학,경남,기존,0000342,동원과학기술대학교,1,3237,185,5.72,997,49,4.91,2026-08-07T10:05:19.980Z
2020,전문대학,사립,전문대학,경남,기존,0000306,마산대학교,1,7262,502,6.91,2152,115,5.34,2026-08-07T10:05:19.980Z
2020,대학교,사립,대학,경남,기존,0000167,부산장신대학교,1,277,22,7.94,49,3,6.12,2026-08-07T10:05:19.980Z
2020,전문대학,사립,전문대학,경남,기존,0000530,연암공과대학교,1,2571,184,7.16,546,5,0.92,2026-08-07T10:05:19.980Z
2020,대학교,사립,대학,경남,기존,0000122,인제대학교,1,12370,638,5.16,2272,111,4.89,2026-08-07T10:05:19.980Z
2020,교육대학,국립,대학,경남,기존,0000203,진주교육대학교,1,1371,24,1.75,337,12,3.56,2026-08-07T10:05:19.980Z
2020,전문대학,사립,전문대학,경남,기존,0000369,진주보건대학교,1,3283,129,3.93,993,41,4.13,2026-08-07T10:05:19.980Z
2020,대학교,사립,대학,경남,기존,0000193,창신대학교,1,2398,132,5.5,523,37,7.07,2026-08-07T10:05:19.980Z
2020,대학교,국립,대학,경남,기존,0000581,창원대학교,1,11219,562,5.01,1940,110,5.67,2026-08-07T10:05:19.980Z
2020,전문대학,사립,전문대학,경남,기존,0000528,창원문성대학교,1,4312,674,15.63,989,65,6.57,2026-08-07T10:05:19.980Z
2020,전문대학,사립,전문대학,경남,기존,0000396,한국승강기대학교,1,1470,83,5.65,336,18,5.36,2026-08-07T10:05:19.980Z
2020,기능대학,사립,전문대학,경남,기존,0000503,한국폴리텍 특성화대학,1,1027,60,5.84,248,20,8.06,2026-08-07T10:05:19.980Z
2020,기능대학,사립,전문대학,경남,기존,0000496,한국폴리텍 VII 대학,1,2363,136,5.76,782,41,5.24,2026-08-07T10:05:19.980Z
2020,전문대학,사립,전문대학,경북,기존,0000249,가톨릭상지대학교,1,2476,195,7.88,768,66,8.59,2026-08-07T10:05:19.980Z
2020,전문대학,사립,전문대학,경북,기존,0000293,경북과학대학교,1,1890,263,13.92,821,164,19.98,2026-08-07T10:05:19.980Z
2020,전문대학,공립,전문대학,경북,폐교,0000244,경북도립대학교,1,1239,125,10.09,398,46,11.56,2026-08-07T10:05:19.980Z
2020,전문대학,사립,전문대학,경북,기존,0000523,경북보건대학교,1,1477,56,3.79,375,13,3.47,2026-08-07T10:05:19.980Z
2020,전문대학,사립,전문대학,경북,기존,0000258,경북전문대학교,1,3736,247,6.61,1229,46,3.74,2026-08-07T10:05:19.980Z
2020,대학교,사립,대학,경북,기존,0000188,경운대학교,1,6107,497,8.14,1227,46,3.75,2026-08-07T10:05:19.980Z
2020,대학교,사립,대학,경북,기존,0000045,경일대학교,1,9489,691,7.28,1772,86,4.85,2026-08-07T10:05:19.980Z
2020,대학교,사립,대학,경북,기존,0000586,경주대학교,1,1577,321,20.36,185,37,20,2026-08-07T10:05:19.980Z
2020,전문대학,사립,전문대학,경북,기존,0000268,구미대학교,1,6874,542,7.88,2421,146,6.03,2026-08-07T10:05:19.980Z
2020,대학교,국립,대학,경북,기존,0000575,금오공과대학교,1,8240,304,3.69,1310,66,5.04,2026-08-07T10:05:19.980Z
2020,대학교,사립,대학,경북,기존,0000185,김천대학교,1,3834,388,10.12,731,134,18.33,2026-08-07T10:05:19.980Z
2020,전문대학,사립,전문대학,경북,기존,0000279,대경대학교,1,5412,694,12.82,1828,269,14.72,2026-08-07T10:05:19.980Z
2020,대학교,사립,대학,경북,기존,0000063,대구가톨릭대학교,1,16871,925,5.48,3039,175,5.76,2026-08-07T10:05:19.980Z
2020,대학교,사립,대학,경북,기존,0000061,대구대학교,1,24342,1409,5.79,4482,226,5.04,2026-08-07T10:05:19.980Z
2020,사이버대학(대학),사립,대학,경북,기존,0000410,대구사이버대학교,1,5052,929,18.39,1474,226,15.33,2026-08-07T10:05:19.980Z
2020,대학교,사립,대학,경북,기존,0000062,대구예술대학교,1,1530,179,11.7,236,22,9.32,2026-08-07T10:05:19.980Z
2020,대학교,사립,대학,경북,기존,0000042,대구한의대학교,1,8730,572,6.55,1707,181,10.6,2026-08-07T10:05:19.980Z
2020,대학교,사립,대학,경북,기존,0000065,대신대학교,1,658,120,18.24,116,12,10.34,2026-08-07T10:05:19.980Z
2020,대학교,사립,대학,경북,기존,0000076,동양대학교,1,5692,455,7.99,1057,63,5.96,2026-08-07T10:05:19.980Z
2020,전문대학,사립,전문대학,경북,기존,0000309,문경대학교,1,1112,54,4.86,314,19,6.05,2026-08-07T10:05:19.980Z
2020,전문대학,사립,전문대학,경북,폐교,0000262,서라벌대학교,1,753,50,6.64,205,20,9.76,2026-08-07T10:05:19.980Z
2020,전문대학,사립,전문대학,경북,기존,0000380,선린대학교,1,3108,234,7.53,882,62,7.03,2026-08-07T10:05:19.980Z
2020,전문대학,사립,전문대학,경북,기존,0000547,성덕대학교,1,1628,109,6.7,747,77,10.31,2026-08-07T10:05:19.980Z
2020,전문대학,사립,전문대학,경북,기존,0000338,안동과학대학교,1,3628,288,7.94,992,39,3.93,2026-08-07T10:05:19.980Z
2020,대학교,국립,대학,경북,기존,0000580,안동대학교,1,8608,462,5.37,1537,98,6.38,2026-08-07T10:05:19.980Z
2020,대학교,사립,대학,경북,기존,0000111,영남대학교,1,29593,1193,4.03,4931,278,5.64,2026-08-07T10:05:19.980Z
2020,대학교,사립,대학,경북,기존,0000112,영남신학대학교,1,575,56,9.74,118,9,7.63,2026-08-07T10:05:19.980Z
2020,전문대학,사립,전문대학,경북,기존,0000257,영남외국어대학,1,534,53,9.93,230,36,15.65,2026-08-07T10:05:19.980Z
2020,대학교,사립,대학,경북,기존,0000119,위덕대학교,1,3813,508,13.32,783,172,21.97,2026-08-07T10:05:19.980Z
2020,대학교,사립,대학,경북,기존,0000140,포항공과대학교,1,1702,17,1,330,5,1.52,2026-08-07T10:05:19.980Z
2020,전문대학,사립,전문대학,경북,기존,0000381,포항대학교,1,2437,197,8.08,762,57,7.48,2026-08-07T10:05:19.980Z
2020,사이버대학(전문대학),사립,전문대학,경북,기존,0000407,한국복지사이버대학,1,2159,330,15.28,1153,95,8.24,2026-08-07T10:05:19.980Z
2020,기능대학,사립,전문대학,경북,기존,0000495,한국폴리텍 VI 대학,1,873,88,10.08,267,18,6.74,2026-08-07T10:05:19.980Z
2020,기능대학,사립,전문대학,경북,기존,0000504,한국폴리텍 VI 대학,1,94,17,18.09,28,10,35.71,2026-08-07T10:05:19.980Z
2020,대학교,사립,대학,경북,기존,0000146,한동대학교,1,5411,136,2.51,821,19,2.31,2026-08-07T10:05:19.980Z
2020,전문대학,사립,전문대학,경북,기존,0000522,호산대학교,1,2235,226,10.11,817,92,11.26,2026-08-07T10:05:19.980Z
2020,대학교,사립,대학,광주,기존,0000052,광신대학교,1,600,66,11,130,23,17.69,2026-08-07T10:05:19.980Z
2020,대학교,특별법법인,대학,광주,기존,0000469,광주과학기술원,1,965,26,2.69,196,10,5.1,2026-08-07T10:05:19.980Z
2020,교육대학,국립,대학,광주,기존,0000196,광주교육대학교,1,1389,32,2.3,350,22,6.29,2026-08-07T10:05:19.980Z
2020,대학교,사립,대학,광주,기존,0000176,광주대학교,1,9032,707,7.83,1721,79,4.59,2026-08-07T10:05:19.980Z
2020,전문대학,사립,전문대학,광주,기존,0000267,광주보건대학교,1,4830,268,5.55,1488,68,4.57,2026-08-07T10:05:19.980Z
2020,대학교,사립,대학,광주,기존,0000055,광주여자대학교,1,3977,191,4.8,990,49,4.95,2026-08-07T10:05:19.980Z
2020,전문대학,사립,전문대학,광주,기존,0000273,기독간호대학교,1,662,15,2.27,172,7,4.07,2026-08-07T10:05:19.980Z
2020,대학교,사립,대학,광주,기존,0000162,남부대학교,1,3763,261,6.94,768,69,8.98,2026-08-07T10:05:19.980Z
2020,전문대학,사립,전문대학,광주,기존,0000297,동강대학교,1,4015,512,12.75,1338,216,16.14,2026-08-07T10:05:19.980Z
2020,전문대학,사립,전문대학,광주,기존,0000320,서영대학교,1,7935,457,5.76,2408,138,5.73,2026-08-07T10:05:19.980Z
2020,대학교,사립,대학,광주,기존,0000187,송원대학교,1,3923,500,12.75,793,143,18.03,2026-08-07T10:05:19.980Z
2020,대학교,국립,대학,광주,기존,0000016,전남대학교,2,26502,1066,4.02,4295,288,6.71,2026-08-07T10:05:19.980Z
2020,전문대학,사립,전문대학,광주,기존,0000366,조선간호대학교,1,836,12,1.44,193,6,3.11,2026-08-07T10:05:19.980Z
2020,대학교,사립,대학,광주,기존,0000127,조선대학교,1,27463,1341,4.88,4744,240,5.06,2026-08-07T10:05:19.980Z
2020,전문대학,사립,전문대학,광주,기존,0000365,조선이공대학교,1,6220,705,11.33,1698,116,6.83,2026-08-07T10:05:19.980Z
2020,기능대학,사립,전문대학,광주,기존,0000489,한국폴리텍 V 대학,1,1393,101,7.25,412,34,8.25,2026-08-07T10:05:19.980Z
2020,대학교,사립,대학,광주,기존,0000157,호남대학교,1,9444,594,6.29,1703,66,3.88,2026-08-07T10:05:19.980Z
2020,대학교,사립,대학,광주,기존,0000158,호남신학대학교,1,805,52,6.46,139,14,10.07,2026-08-07T10:05:19.980Z
2020,대학교,국립,대학,대구,기존,0000003,경북대학교,1,30423,1081,3.55,5078,405,7.98,2026-08-07T10:05:19.980Z
2020,대학교,사립,대학,대구,기존,0000048,계명대학교,1,30292,1408,4.65,4948,208,4.2,2026-08-07T10:05:19.980Z
2020,전문대학,사립,전문대학,대구,기존,0000263,계명문화대학교,1,7334,498,6.79,2303,108,4.69,2026-08-07T10:05:19.980Z
2020,대학교,특별법법인,대학,대구,기존,0000470,대구경북과학기술원,1,952,33,3.47,231,21,9.09,2026-08-07T10:05:19.980Z
2020,전문대학,사립,전문대학,대구,기존,0000280,대구공업대학교,1,2845,330,11.6,847,116,13.7,2026-08-07T10:05:19.980Z
2020,전문대학,사립,전문대학,대구,기존,0000283,대구과학대학교,1,5080,329,6.48,1656,95,5.74,2026-08-07T10:05:19.980Z
2020,교육대학,국립,대학,대구,기존,0000197,대구교육대학교,1,1658,40,2.41,413,30,7.26,2026-08-07T10:05:19.980Z
2020,전문대학,사립,전문대학,대구,기존,0000281,대구보건대학교,1,8901,440,4.94,2727,142,5.21,2026-08-07T10:05:19.980Z
2020,전문대학,사립,전문대학,대구,기존,0000282,수성대학교,1,4961,496,10,1430,146,10.21,2026-08-07T10:05:19.980Z
2020,전문대학,사립,전문대학,대구,기존,0000346,영남이공대학교,1,9139,632,6.92,2646,153,5.78,2026-08-07T10:05:19.980Z
2020,사이버대학(전문대학),사립,전문대학,대구,기존,0000406,영진사이버대학,1,3927,271,6.9,1785,63,3.53,2026-08-07T10:05:19.980Z
2020,전문대학,사립,전문대학,대구,기존,0000349,영진전문대학교,1,13224,1062,8.03,3749,287,7.66,2026-08-07T10:05:19.980Z
2020,기능대학,사립,전문대학,대구,기존,0000549,한국폴리텍 특성화대학,1,280,68,24.29,120,26,21.67,2026-08-07T10:05:19.980Z
2020,기능대학,사립,전문대학,대구,기존,0000494,한국폴리텍 VI 대학,1,1100,153,13.91,331,49,14.8,2026-08-07T10:05:19.980Z
2020,사이버대학(대학),사립,대학,대전,기존,0000425,건양사이버대학교,1,3637,260,7.15,939,77,8.2,2026-08-07T10:05:19.980Z
2020,전문대학,사립,전문대학,대전,기존,0000376,대덕대학교,1,5744,600,10.45,1742,159,9.13,2026-08-07T10:05:19.980Z
2020,전문대학,사립,전문대학,대전,기존,0000512,대전과학기술대학교,1,5661,587,10.37,1874,182,9.71,2026-08-07T10:05:19.980Z
2020,대학교,사립,대학,대전,기존,0000067,대전대학교,1,12680,766,6.04,2209,136,6.16,2026-08-07T10:05:19.980Z
2020,전문대학,사립,전문대학,대전,기존,0000288,대전보건대학교,1,7440,458,6.16,2331,118,5.06,2026-08-07T10:05:19.980Z
2020,대학교,사립,대학,대전,기존,0000182,대전신학대학교,1,102,8,7.84,16,1,6.25,2026-08-07T10:05:19.980Z
2020,대학교,사립,대학,대전,기존,0000080,목원대학교,1,10340,626,6.05,1973,87,4.41,2026-08-07T10:05:19.980Z
2020,대학교,사립,대학,대전,기존,0000081,배재대학교,1,10938,651,5.95,2197,134,6.1,2026-08-07T10:05:19.980Z
2020,대학교,사립,대학,대전,기존,0000184,우송대학교,1,12769,570,4.46,2174,90,4.14,2026-08-07T10:05:19.980Z
2020,전문대학,사립,전문대학,대전,기존,0000289,우송정보대학,1,6890,611,8.87,2155,144,6.68,2026-08-07T10:05:19.980Z
2020,대학교,사립,대학,대전,기존,0000120,을지대학교,2,5738,175,3.05,1096,69,6.3,2026-08-07T10:05:19.980Z
2020,대학교,국립,대학,대전,기존,0000020,충남대학교,1,23165,785,3.39,3707,255,6.88,2026-08-07T10:05:19.980Z
2020,대학교,사립,대학,대전,기존,0000551,침례신학대학교,1,1574,111,7.05,291,20,6.87,2026-08-07T10:05:19.980Z
2020,대학교,특별법법인,대학,대전,기존,0000468,한국과학기술원,1,4575,145,3.17,722,33,4.57,2026-08-07T10:05:19.980Z
2020,기능대학,사립,전문대학,대전,기존,0000484,한국폴리텍 IV 대학,1,1480,146,9.86,453,34,7.51,2026-08-07T10:05:19.980Z
2020,대학교,사립,대학,대전,기존,0000145,한남대학교,1,15438,752,4.87,2849,142,4.98,2026-08-07T10:05:19.980Z
2020,대학교,국립,대학,대전,기존,0000584,한밭대학교,1,12204,729,5.97,2070,145,7,2026-08-07T10:05:19.980Z
2020,전문대학,사립,전문대학,부산,기존,0000253,경남정보대학교,1,11632,633,5.44,3050,158,5.18,2026-08-07T10:05:19.980Z
2020,대학교,사립,대학,부산,기존,0000043,경성대학교,1,16831,846,5.03,3062,171,5.58,2026-08-07T10:05:19.980Z
2020,대학교,사립,대학,부산,기존,0000050,고신대학교,1,4784,314,6.56,928,44,4.74,2026-08-07T10:05:19.980Z
2020,전문대학,사립,전문대학,부산,기존,0000284,대동대학교,1,1824,78,4.28,560,23,4.11,2026-08-07T10:05:19.980Z
2020,대학교,사립,대학,부산,기존,0000180,동명대학교,1,11746,730,6.21,2027,100,4.93,2026-08-07T10:05:19.980Z
2020,대학교,사립,대학,부산,기존,0000073,동서대학교,1,14429,865,5.99,2542,108,4.25,2026-08-07T10:05:19.980Z
2020,대학교,사립,대학,부산,기존,0000075,동아대학교,1,25670,1062,4.14,4370,217,4.97,2026-08-07T10:05:19.980Z
2020,전문대학,사립,전문대학,부산,기존,0000303,동의과학대학교,1,8911,897,10.07,2366,207,8.75,2026-08-07T10:05:19.980Z
2020,대학교,사립,대학,부산,기존,0000077,동의대학교,1,21057,1073,5.1,3865,152,3.93,2026-08-07T10:05:19.980Z
2020,전문대학,사립,전문대학,부산,기존,0000569,동주대학교,1,4318,518,12,1255,89,7.09,2026-08-07T10:05:19.980Z
2020,대학교,국립,대학,부산,기존,0000578,부경대학교,1,22365,881,3.94,3680,303,8.23,2026-08-07T10:05:19.980Z
2020,대학교,사립,대학,부산,기존,0000082,부산가톨릭대학교,1,4815,223,4.63,937,33,3.52,2026-08-07T10:05:19.980Z
2020,전문대학,사립,전문대학,부산,기존,0000313,부산경상대학교,1,3962,628,15.85,1146,181,15.79,2026-08-07T10:05:19.980Z
2020,전문대학,사립,전문대학,부산,기존,0000315,부산과학기술대학교,1,6469,593,9.17,1355,127,9.37,2026-08-07T10:05:19.980Z
2020,교육대학,국립,대학,부산,기존,0000198,부산교육대학교,1,1568,23,1.47,386,19,4.92,2026-08-07T10:05:19.980Z
2020,대학교,국립,대학,부산,기존,0000011,부산대학교,1,28124,942,3.35,4516,355,7.86,2026-08-07T10:05:19.980Z
2020,사이버대학(대학),사립,대학,부산,기존,0000411,부산디지털대학교,1,2824,392,13.88,808,99,12.25,2026-08-07T10:05:19.980Z
2020,전문대학,사립,전문대학,부산,기존,0000314,부산여자대학교,1,2827,211,7.46,970,85,8.76,2026-08-07T10:05:19.980Z
2020,전문대학,사립,전문대학,부산,기존,0000388,부산예술대학교,1,939,162,17.25,345,39,11.3,2026-08-07T10:05:19.980Z
2020,대학교,사립,대학,부산,기존,0000083,부산외국어대학교,1,11687,753,6.44,1954,119,6.09,2026-08-07T10:05:19.980Z
2020,전문대학,사립,전문대학,부산,폐교,0000326,성심외국어대학,1,1241,2,0.16,0,0,0,2026-08-07T10:05:19.980Z
2020,대학교,사립,대학,부산,기존,0000106,신라대학교,1,11652,757,6.5,2069,114,5.51,2026-08-07T10:05:19.980Z
2020,대학교,사립,대학,부산,기존,0000181,영산대학교,2,8617,878,10.19,1623,246,15.16,2026-08-07T10:05:19.980Z
2020,기능대학,사립,전문대학,부산,기존,0000497,한국폴리텍 VII 대학,1,1485,129,8.69,437,38,8.7,2026-08-07T10:05:19.980Z
2020,대학교,국립,대학,부산,기존,0000583,한국해양대학교,1,8331,325,3.9,1571,77,4.9,2026-08-07T10:05:19.980Z
2020,사이버대학(대학),사립,대학,부산,기존,0000423,화신사이버대학교,1,1532,279,18.21,555,100,18.02,2026-08-07T10:05:19.980Z
2020,대학교,사립,대학,서울,기존,0000035,감리교신학대학교,1,1106,42,3.8,198,4,2.02,2026-08-07T10:05:19.980Z
2020,대학교,사립,대학,서울,기존,0000565,강서대학교,1,1736,132,7.6,303,26,8.58,2026-08-07T10:05:19.980Z
2020,대학교,사립,대학,서울,기존,0000037,건국대학교,2,33662,1049,3.12,5207,414,7.95,2026-08-07T10:05:19.980Z
2020,대학교,사립,대학,서울,기존,0000047,경희대학교,1,34710,1133,3.26,5739,483,8.42,2026-08-07T10:05:19.980Z
2020,사이버대학(대학),사립,대학,서울,기존,0000408,경희사이버대학교,1,10782,2357,21.86,2840,662,23.31,2026-08-07T10:05:19.980Z
2020,대학교,사립,대학,서울,기존,0000049,고려대학교,2,37102,1183,3.19,5844,407,6.96,2026-08-07T10:05:19.980Z
2020,사이버대학(대학),사립,대학,서울,기존,0000418,고려사이버대학교,1,10751,1527,14.2,2034,311,15.29,2026-08-07T10:05:19.980Z
2020,대학교,사립,대학,서울,기존,0000053,광운대학교,1,11671,461,3.95,2024,194,9.58,2026-08-07T10:05:19.980Z
2020,대학교,사립,대학,서울,기존,0000056,국민대학교,1,22077,715,3.24,3393,246,7.25,2026-08-07T10:05:19.980Z
2020,대학교,사립,대학,서울,기존,0000070,덕성여자대학교,1,6964,221,3.17,1107,74,6.68,2026-08-07T10:05:19.980Z
2020,대학교,사립,대학,서울,기존,0000071,동국대학교,2,29820,1165,3.91,5129,386,7.53,2026-08-07T10:05:19.980Z
2020,대학교,사립,대학,서울,기존,0000072,동덕여자대학교,1,8050,285,3.54,1663,148,8.9,2026-08-07T10:05:19.980Z
2020,전문대학,사립,전문대학,서울,기존,0000300,동양미래대학교,1,10322,735,7.12,2833,221,7.8,2026-08-07T10:05:19.980Z
2020,사이버대학(대학),사립,대학,서울,기존,0000420,디지털서울문화예술대학교,1,4382,813,18.55,889,134,15.07,2026-08-07T10:05:19.980Z
2020,전문대학,사립,전문대학,서울,기존,0000307,명지전문대학,1,9753,761,7.8,3424,362,10.57,2026-08-07T10:05:19.980Z
2020,전문대학,사립,전문대학,서울,기존,0000310,배화여자대학교,1,3277,234,7.14,1476,115,7.79,2026-08-07T10:05:19.980Z
2020,사이버대학(대학),사립,대학,서울,기존,0000422,사이버한국외국어대학교,1,7968,1373,17.23,1928,262,13.59,2026-08-07T10:05:19.980Z
2020,대학교,사립,대학,서울,기존,0000084,삼육대학교,1,7266,263,3.62,1275,74,5.8,2026-08-07T10:05:19.980Z
2020,전문대학,사립,전문대학,서울,기존,0000317,삼육보건대학교,1,1517,65,4.28,528,30,5.68,2026-08-07T10:05:19.980Z
2020,대학교,사립,대학,서울,기존,0000087,서강대학교,1,12090,380,3.14,1866,220,11.79,2026-08-07T10:05:19.980Z
2020,대학교,사립,대학,서울,기존,0000088,서경대학교,1,8582,453,5.28,1532,133,8.68,2026-08-07T10:05:19.980Z
2020,대학교,국립,대학,서울,기존,0000027,서울과학기술대학교,1,14498,459,3.17,2373,157,6.62,2026-08-07T10:05:19.980Z
2020,교육대학,국립,대학,서울,기존,0000199,서울교육대학교,1,1606,28,1.74,394,14,3.55,2026-08-07T10:05:19.980Z
2020,대학교,사립,대학,서울,기존,0000069,서울기독대학교,1,616,66,10.71,128,12,9.38,2026-08-07T10:05:19.980Z
2020,대학교,국립대법인,대학,서울,기존,0000012,서울대학교,1,21404,317,1.48,3378,120,3.55,2026-08-07T10:05:19.980Z
2020,사이버대학(대학),사립,대학,서울,기존,0000412,서울디지털대학교,1,11485,1989,17.32,1899,306,16.11,2026-08-07T10:05:19.980Z
2020,사이버대학(대학),사립,대학,서울,기존,0000413,서울사이버대학교,1,13418,2428,18.1,3908,723,18.5,2026-08-07T10:05:19.980Z
2020,대학교,공립,대학,서울,기존,0000030,서울시립대학교,1,12492,355,2.84,1822,173,9.5,2026-08-07T10:05:19.980Z
2020,전문대학,사립,전문대학,서울,기존,0000321,서울여자간호대학교,1,1002,21,2.1,259,12,4.63,2026-08-07T10:05:19.980Z
2020,대학교,사립,대학,서울,기존,0000091,서울여자대학교,1,8686,408,4.7,1711,213,12.45,2026-08-07T10:05:19.980Z
2020,전문대학,사립,전문대학,서울,기존,0000324,서일대학교,1,8866,683,7.7,2629,228,8.67,2026-08-07T10:05:19.980Z
2020,대학교,사립,대학,서울,기존,0000096,성공회대학교,1,2914,157,5.39,529,43,8.13,2026-08-07T10:05:19.980Z
2020,대학교,사립,대학,서울,기존,0000097,성균관대학교,1,25911,917,3.54,4087,384,9.4,2026-08-07T10:05:19.980Z
2020,대학교,사립,대학,서울,기존,0000098,성신여자대학교,1,10739,335,3.12,2226,183,8.22,2026-08-07T10:05:19.980Z
2020,대학교,사립,대학,서울,기존,0000100,세종대학교,1,16227,766,4.72,2771,337,12.16,2026-08-07T10:05:19.980Z
2020,사이버대학(대학),사립,대학,서울,기존,0000415,세종사이버대학교,1,9674,1372,14.18,2794,306,10.95,2026-08-07T10:05:19.980Z
2020,대학교,사립,대학,서울,기존,0000103,숙명여자대학교,1,12094,298,2.46,2407,157,6.52,2026-08-07T10:05:19.980Z
2020,대학교,사립,대학,서울,기존,0000105,숭실대학교,1,19396,574,2.96,3172,279,8.8,2026-08-07T10:05:19.980Z
2020,사이버대학(대학),사립,대학,서울,기존,0000419,숭실사이버대학교,1,7198,927,12.88,1636,193,11.8,2026-08-07T10:05:19.980Z
2020,전문대학,사립,전문대학,서울,기존,0000333,숭의여자대학교,1,3673,214,5.83,1727,128,7.41,2026-08-07T10:05:19.980Z
2020,대학교,사립,대학,서울,기존,0000110,연세대학교,2,36546,901,2.47,5682,350,6.16,2026-08-07T10:05:19.980Z
2020,대학교,사립,대학,서울,기존,0000121,이화여자대학교,1,19179,411,2.14,3367,174,5.17,2026-08-07T10:05:19.980Z
2020,전문대학,사립,전문대학,서울,기존,0000356,인덕대학교,1,9133,650,7.12,2834,181,6.39,2026-08-07T10:05:19.980Z
2020,대학교,사립,대학,서울,기존,0000125,장로회신학대학교,1,893,26,2.91,157,7,4.46,2026-08-07T10:05:19.980Z
2020,기술대학,사립,대학,서울,기존,0000228,정석대학,1,60,0,0,31,0,0,2026-08-07T10:05:19.980Z
2020,대학교,사립,대학,서울,기존,0000133,총신대학교,1,2081,95,4.57,363,17,4.68,2026-08-07T10:05:19.980Z
2020,대학교,사립,대학,서울,기존,0000134,추계예술대학교,1,1445,84,5.81,277,27,9.75,2026-08-07T10:05:19.980Z
2020,방송통신대학,국립,대학,서울,기존,0000215,한국방송통신대학교,1,144239,33340,23.11,13161,1114,8.46,2026-08-07T10:05:19.980Z
2020,대학교,사립,대학,서울,기존,0000142,한국성서대학교,1,1242,53,4.27,236,14,5.93,2026-08-07T10:05:19.980Z
2020,사이버대학(대학),사립,대학,서울,기존,0000416,한국열린사이버대학교,1,6253,847,13.55,1791,257,14.35,2026-08-07T10:05:19.980Z
2020,각종학교(대학),특별법국립,대학,서울,기존,0000471,한국예술종합학교,1,3222,62,1.92,549,4,0.73,2026-08-07T10:05:19.980Z
2020,대학교,사립,대학,서울,기존,0000143,한국외국어대학교,1,23596,910,3.86,3809,389,10.21,2026-08-07T10:05:19.980Z
2020,대학교,국립,대학,서울,기존,0000023,한국체육대학교,1,3191,71,2.23,585,15,2.56,2026-08-07T10:05:19.980Z
2020,기능대학,사립,전문대학,서울,기존,0000478,한국폴리텍 I 대학,1,738,93,12.6,294,29,9.86,2026-08-07T10:05:19.980Z
2020,기능대학,사립,전문대학,서울,기존,0000477,한국폴리텍 I 대학,1,2229,180,8.08,733,80,10.91,2026-08-07T10:05:19.980Z
2020,대학교,사립,대학,서울,기존,0000150,한성대학교,1,9462,381,4.03,1625,135,8.31,2026-08-07T10:05:19.980Z
2020,대학교,사립,대학,서울,기존,0000153,한양대학교,2,36213,1037,2.86,5820,470,8.08,2026-08-07T10:05:19.980Z
2020,사이버대학(대학),사립,대학,서울,기존,0000421,한양사이버대학교,1,16174,2362,14.6,3816,543,14.23,2026-08-07T10:05:19.980Z
2020,전문대학,사립,전문대학,서울,기존,0000384,한양여자대학교,1,7421,452,6.09,3052,267,8.75,2026-08-07T10:05:19.980Z
2020,대학교,사립,대학,서울,기존,0000539,한영신학대학교,1,919,79,8.6,202,23,11.39,2026-08-07T10:05:19.980Z
2020,대학교,사립,대학,세종,기존,0000066,대전가톨릭대학교,1,58,6,10.34,14,2,14.29,2026-08-07T10:05:19.980Z
2020,전문대학,사립,전문대학,세종,기존,0000353,한국영상대학교,1,4706,340,7.22,1433,80,5.58,2026-08-07T10:05:19.980Z
2020,대학교,사립,대학,세종,기존,0000160,홍익대학교,2,26035,1021,3.92,4286,397,9.26,2026-08-07T10:05:19.980Z
2020,대학교,특별법법인,대학,울산,기존,0000527,울산과학기술원,1,2832,73,2.58,378,24,6.35,2026-08-07T10:05:19.980Z
2020,전문대학,사립,전문대학,울산,기존,0000352,울산과학대학교,1,8399,478,5.69,2237,96,4.29,2026-08-07T10:05:19.980Z
2020,대학교,사립,대학,울산,기존,0000117,울산대학교,1,17677,785,4.44,2916,141,4.84,2026-08-07T10:05:19.980Z
2020,전문대학,사립,전문대학,울산,기존,0000375,춘해보건대학교,1,3171,129,4.07,921,46,4.99,2026-08-07T10:05:19.980Z
2020,기능대학,사립,전문대학,울산,기존,0000498,한국폴리텍 VII 대학,1,1149,112,9.75,377,41,10.88,2026-08-07T10:05:19.980Z
2020,교육대학,국립,대학,인천,기존,0000200,경인교육대학교,2,2733,22,0.8,656,11,1.68,2026-08-07T10:05:19.980Z
2020,전문대학,사립,전문대학,인천,기존,0000261,경인여자대학교,1,5095,258,5.06,2138,127,5.94,2026-08-07T10:05:19.980Z
2020,대학교,사립,대학,인천,기존,0000123,인천가톨릭대학교,2,829,35,4.22,176,19,10.8,2026-08-07T10:05:19.980Z
2020,대학교,국립대법인,대학,인천,기존,0000031,인천대학교,1,16504,679,4.11,2740,226,8.25,2026-08-07T10:05:19.980Z
2020,전문대학,사립,전문대학,인천,기존,0000587,인천재능대학교,1,5993,542,9.04,1950,191,9.79,2026-08-07T10:05:19.980Z
2020,전문대학,사립,전문대학,인천,기존,0000357,인하공업전문대학,1,11324,709,6.26,3330,264,7.93,2026-08-07T10:05:19.980Z
2020,대학교,사립,대학,인천,기존,0000124,인하대학교,1,25615,714,2.79,4005,265,6.62,2026-08-07T10:05:19.980Z
2020,기능대학,사립,전문대학,인천,기존,0000481,한국폴리텍 II 대학,1,30,3,10,30,3,10,2026-08-07T10:05:19.980Z
2020,기능대학,사립,전문대학,인천,기존,0000480,한국폴리텍 II 대학,1,3264,337,10.32,1044,130,12.45,2026-08-07T10:05:19.980Z
2020,전문대학,사립,전문대학,전남,기존,0000585,고구려대학교,1,2135,354,16.58,914,239,26.15,2026-08-07T10:05:19.980Z
2020,전문대학,사립,전문대학,전남,기존,0000266,광양보건대학교,1,823,77,9.36,96,11,11.46,2026-08-07T10:05:19.980Z
2020,대학교,사립,대학,전남,기존,0000054,광주가톨릭대학교,1,129,5,3.88,24,0,0,2026-08-07T10:05:19.980Z
2020,대학교,사립,대학,전남,기존,0000074,동신대학교,1,8371,533,6.37,1547,97,6.27,2026-08-07T10:05:19.980Z
2020,전문대학,사립,전문대학,전남,기존,0000532,동아보건대학교,1,1950,266,13.64,629,79,12.56,2026-08-07T10:05:19.980Z
2020,대학교,사립,대학,전남,기존,0000166,목포가톨릭대학교,1,567,15,2.65,126,1,0.79,2026-08-07T10:05:19.980Z
2020,전문대학,사립,전문대학,전남,기존,0000308,목포과학대학교,1,3774,814,21.57,928,143,15.41,2026-08-07T10:05:19.980Z
2020,대학교,국립,대학,전남,기존,0000576,목포대학교,1,9961,584,5.86,1784,110,6.17,2026-08-07T10:05:19.980Z
2020,대학교,국립,대학,전남,기존,0000577,목포해양대학교,1,3088,164,5.31,738,36,4.88,2026-08-07T10:05:19.980Z
2020,대학교,사립,대학,전남,기존,0000064,세한대학교,1,4616,555,12.02,947,92,9.71,2026-08-07T10:05:19.980Z
2020,대학교,국립,대학,전남,기존,0000579,순천대학교,1,9545,557,5.84,1748,100,5.72,2026-08-07T10:05:19.980Z
2020,전문대학,사립,전문대학,전남,기존,0000331,순천제일대학교,1,3958,492,12.43,1267,124,9.79,2026-08-07T10:05:19.980Z
2020,대학교,사립,대학,전남,기존,0000114,영산선학대학교,1,47,2,4.26,6,0,0,2026-08-07T10:05:19.980Z
2020,전문대학,사립,전문대학,전남,기존,0000360,전남과학대학교,1,4357,360,8.26,1734,189,10.9,2026-08-07T10:05:19.980Z
2020,전문대학,공립,전문대학,전남,기존,0000389,전남도립대학교,1,1884,234,12.42,681,88,12.92,2026-08-07T10:05:19.980Z
2020,전문대학,사립,전문대학,전남,기존,0000332,청암대학교,1,3468,240,6.92,1113,152,13.66,2026-08-07T10:05:19.980Z
2020,대학교,사립,대학,전남,기존,0000190,초당대학교,1,4141,428,10.34,793,68,8.58,2026-08-07T10:05:19.980Z
2020,기능대학,사립,전문대학,전남,기존,0000543,한국폴리텍 V 대학,1,18,0,0,7,0,0,2026-08-07T10:05:19.980Z
2020,기능대학,사립,전문대학,전남,기존,0000554,한국폴리텍 V 대학,1,453,77,17,1,11,1100,2026-08-07T10:05:19.980Z
2020,대학교,사립,대학,전남,기존,0000186,한려대학교,1,454,42,9.25,79,10,12.66,2026-08-07T10:05:19.980Z
2020,전문대학,사립,전문대학,전남,기존,0000546,한영대학,1,1761,95,5.39,702,26,3.7,2026-08-07T10:05:19.980Z
2020,전문대학,사립,전문대학,전북,기존,0000250,군산간호대학교,1,1278,30,2.35,304,18,5.92,2026-08-07T10:05:19.980Z
2020,대학교,국립,대학,전북,기존,0000574,군산대학교,1,9945,626,6.29,1881,109,5.79,2026-08-07T10:05:19.980Z
2020,전문대학,사립,전문대학,전북,기존,0000270,군장대학교,1,2236,339,15.16,872,78,8.94,2026-08-07T10:05:19.980Z
2020,전문대학,사립,전문대학,전북,기존,0000311,백제예술대학교,1,1718,184,10.71,607,70,11.53,2026-08-07T10:05:19.980Z
2020,대학교,사립,대학,전북,기존,0000173,예수대학교,1,615,12,1.95,131,8,6.11,2026-08-07T10:05:19.980Z
2020,대학교,사립,대학,전북,기존,0000116,우석대학교,1,9709,658,6.78,1877,99,5.27,2026-08-07T10:05:19.980Z
2020,대학교,사립,대학,전북,기존,0000118,원광대학교,1,21569,1273,5.9,3697,208,5.63,2026-08-07T10:05:19.980Z
2020,사이버대학(대학),사립,대학,전북,기존,0000417,원광디지털대학교,1,6762,859,12.7,1398,170,12.16,2026-08-07T10:05:19.980Z
2020,전문대학,사립,전문대학,전북,기존,0000354,원광보건대학교,1,6754,492,7.28,1911,113,5.91,2026-08-07T10:05:19.980Z
2020,전문대학,사립,전문대학,전북,기존,0000362,전북과학대학교,1,1862,134,7.2,744,55,7.39,2026-08-07T10:05:19.980Z
2020,대학교,국립,대학,전북,기존,0000017,전북대학교,1,25129,962,3.83,4169,287,6.88,2026-08-07T10:05:19.980Z
2020,교육대학,국립,대학,전북,기존,0000201,전주교육대학교,1,1214,12,0.99,297,7,2.36,2026-08-07T10:05:19.980Z
2020,전문대학,사립,전문대학,전북,기존,0000274,전주기전대학,1,2039,235,11.53,749,85,11.35,2026-08-07T10:05:19.980Z
2020,대학교,사립,대학,전북,기존,0000126,전주대학교,1,15758,826,5.24,2806,112,3.99,2026-08-07T10:05:19.980Z
2020,전문대학,사립,전문대학,전북,기존,0000361,전주비전대학교,1,5145,307,5.97,1576,78,4.95,2026-08-07T10:05:19.980Z
2020,전문대학,특별법국립,전문대학,전북,기존,0000473,한국농수산대학,1,1884,45,2.39,660,22,3.33,2026-08-07T10:05:19.980Z
2020,기능대학,사립,전문대학,전북,기존,0000493,한국폴리텍 V 대학,1,194,23,11.86,77,13,16.88,2026-08-07T10:05:19.980Z
2020,기능대학,사립,전문대학,전북,기존,0000553,한국폴리텍 V 대학,1,798,86,10.78,258,35,13.57,2026-08-07T10:05:19.980Z
2020,대학교,사립,대학,전북,기존,0000155,한일장신대학교,1,1142,136,11.91,256,35,13.67,2026-08-07T10:05:19.980Z
2020,산업대학,사립,대학,전북,기존,0000223,호원대학교,1,7034,846,12.03,1385,285,20.58,2026-08-07T10:05:19.980Z
2020,전문대학,사립,전문대학,제주,기존,0000363,제주관광대학교,1,2917,353,12.1,846,75,8.87,2026-08-07T10:05:19.980Z
2020,대학교,사립,대학,제주,기존,0000192,제주국제대학교,1,1486,230,15.48,166,18,10.84,2026-08-07T10:05:19.980Z
2020,대학교,국립,대학,제주,기존,0000018,제주대학교,1,14227,748,5.26,2296,121,5.27,2026-08-07T10:05:19.980Z
2020,전문대학,사립,전문대학,제주,기존,0000382,제주한라대학교,1,10019,612,6.11,2189,176,8.04,2026-08-07T10:05:19.980Z
2020,기능대학,사립,전문대학,제주,기존,0000535,한국폴리텍 I 대학,1,70,13,18.57,28,4,14.29,2026-08-07T10:05:19.980Z
2020,대학교,사립,대학,충남,기존,0000038,건양대학교,2,8826,339,3.84,1736,83,4.78,2026-08-07T10:05:19.980Z
2020,교육대학,국립,대학,충남,기존,0000195,공주교육대학교,1,1490,38,2.55,380,26,6.84,2026-08-07T10:05:19.980Z
2020,대학교,국립,대학,충남,기존,0000573,공주대학교,1,16925,794,4.69,3153,244,7.74,2026-08-07T10:05:19.980Z
2020,사이버대학(대학),사립,대학,충남,기존,0000424,글로벌사이버대학교,1,2739,507,18.51,941,213,22.64,2026-08-07T10:05:19.980Z
2020,대학교,사립,대학,충남,기존,0000169,금강대학교,1,589,74,12.56,90,29,32.22,2026-08-07T10:05:19.980Z
2020,대학교,사립,대학,충남,기존,0000059,나사렛대학교,1,6830,403,5.9,1353,60,4.43,2026-08-07T10:05:19.980Z
2020,대학교,사립,대학,충남,기존,0000189,남서울대학교,1,12784,721,5.64,2328,103,4.42,2026-08-07T10:05:19.980Z
2020,대학교,사립,대학,충남,기존,0000060,단국대학교,2,30982,1165,3.76,5104,377,7.39,2026-08-07T10:05:19.980Z
2020,대학교,사립,대학,충남,기존,0000131,백석대학교,1,15823,692,4.37,2966,128,4.32,2026-08-07T10:05:19.980Z
2020,전문대학,사립,전문대학,충남,기존,0000373,백석문화대학교,1,7896,666,8.43,2478,188,7.59,2026-08-07T10:05:19.980Z
2020,대학교,사립,대학,충남,기존,0000085,상명대학교,2,17051,673,3.95,2957,199,6.73,2026-08-07T10:05:19.980Z
2020,대학교,사립,대학,충남,기존,0000094,선문대학교,1,12812,751,5.86,2409,152,6.31,2026-08-07T10:05:19.980Z
2020,대학교,사립,대학,충남,기존,0000104,순천향대학교,1,14233,582,4.09,2560,174,6.8,2026-08-07T10:05:19.980Z
2020,전문대학,사립,전문대학,충남,기존,0000335,신성대학교,1,5417,399,7.37,1537,107,6.96,2026-08-07T10:05:19.980Z
2020,전문대학,사립,전문대학,충남,기존,000568,아주자동차대학,1,2321,90,3.88,398,28,7.04,2026-08-07T10:05:19.980Z
2020,전문대학,사립,전문대학,충남,기존,0000529,연암대학교,1,1530,92,6.01,575,21,3.65,2026-08-07T10:05:19.980Z
2020,대학교,사립,대학,충남,기존,0000128,중부대학교,1,12156,789,6.49,2141,106,4.95,2026-08-07T10:05:19.980Z
2020,산업대학,사립,대학,충남,기존,0000225,청운대학교,1,8350,651,7.8,1439,128,8.9,2026-08-07T10:05:19.980Z
2020,전문대학,공립,전문대학,충남,기존,0000519,충남도립대학교,1,1503,102,6.79,509,41,8.06,2026-08-07T10:05:19.980Z
2020,대학교,사립,대학,충남,기존,0000141,한국기술교육대학교,1,6178,221,3.58,987,71,7.19,2026-08-07T10:05:19.980Z
2020,대학교,특별법국립,대학,충남,기존,0000472,한국전통문화대학교,1,760,19,2.5,146,6,4.11,2026-08-07T10:05:19.980Z
2020,기능대학,사립,전문대학,충남,기존,0000500,한국폴리텍 특성화대학,1,578,22,3.81,212,10,4.72,2026-08-07T10:05:19.980Z
2020,기능대학,사립,전문대학,충남,기존,0000487,한국폴리텍 IV 대학,1,852,57,6.69,264,14,5.3,2026-08-07T10:05:19.980Z
2020,기능대학,사립,전문대학,충남,기존,0000588,한국폴리텍 IV 대학,1,400,21,5.25,110,9,8.18,2026-08-07T10:05:19.980Z
2020,대학교,사립,대학,충남,기존,0000149,한서대학교,1,9277,492,5.3,1713,101,5.9,2026-08-07T10:05:19.980Z
2020,전문대학,사립,전문대학,충남,기존,0000386,혜전대학교,1,3698,222,6,1068,69,6.46,2026-08-07T10:05:19.980Z
2020,대학교,사립,대학,충남,기존,0000159,호서대학교,1,16785,788,4.69,3156,203,6.43,2026-08-07T10:05:19.980Z
2020,전문대학,사립,전문대학,충북,기존,0000271,강동대학교,1,5221,576,11.03,1505,225,14.95,2026-08-07T10:05:19.980Z
2020,대학교,사립,대학,충북,기존,0000058,극동대학교,1,5212,258,4.95,983,53,5.39,2026-08-07T10:05:19.980Z
2020,대학교,사립,대학,충북,기존,0000557,꽃동네대학교,1,584,13,2.23,112,4,3.57,2026-08-07T10:05:19.980Z
2020,전문대학,사립,전문대학,충북,기존,0000286,대원대학교,1,3140,231,7.36,992,55,5.54,2026-08-07T10:05:19.980Z
2020,대학교,사립,대학,충북,기존,0000093,서원대학교,1,8946,454,5.07,1751,92,5.25,2026-08-07T10:05:19.980Z
2020,대학교,사립,대학,충북,기존,0000099,세명대학교,1,10744,619,5.76,1994,119,5.97,2026-08-07T10:05:19.980Z
2020,각종학교(대학),사립,대학,충북,기존,0000404,순복음총회신학교,1,209,23,11,15,3,20,2026-08-07T10:05:19.980Z
2020,대학교,사립,대학,충북,기존,0000113,유원대학교,1,5173,475,9.18,879,71,8.08,2026-08-07T10:05:19.980Z
2020,대학교,사립,대학,충북,기존,0000183,중원대학교,1,5591,708,12.66,1043,70,6.71,2026-08-07T10:05:19.980Z
2020,교육대학,국립,대학,충북,기존,0000204,청주교육대학교,1,1234,28,2.27,306,11,3.59,2026-08-07T10:05:19.980Z
2020,대학교,사립,대학,충북,기존,0000132,청주대학교,1,16141,675,4.18,2849,127,4.46,2026-08-07T10:05:19.980Z
2020,대학교,국립,대학,충북,기존,0000021,충북대학교,1,18490,676,3.66,3035,277,9.13,2026-08-07T10:05:19.980Z
2020,전문대학,공립,전문대학,충북,기존,0000544,충북도립대학,1,1267,125,9.87,422,62,14.69,2026-08-07T10:05:19.980Z
2020,전문대학,사립,전문대학,충북,기존,0000367,충북보건과학대학교,1,3935,284,7.22,1165,73,6.27,2026-08-07T10:05:19.980Z
2020,전문대학,사립,전문대학,충북,기존,0000377,충청대학교,1,5690,428,7.52,1645,115,6.99,2026-08-07T10:05:19.980Z
2020,대학교,국립,대학,충북,기존,0000022,한국교원대학교,1,2692,57,2.12,590,36,6.1,2026-08-07T10:05:19.980Z
2020,대학교,국립,대학,충북,기존,0000582,한국교통대학교,1,12019,626,5.21,2114,134,6.34,2026-08-07T10:05:19.980Z
2020,기능대학,사립,전문대학,충북,기존,0000485,한국폴리텍 IV 대학,1,1209,79,6.53,364,29,7.97,2026-08-07T10:05:19.980Z
2021,대학교,사립,대학,강원,기존,0000513,가톨릭관동대학교,1,11694,690,5.9,1627,100,6.15,2026-08-07T10:05:19.980Z
2021,전문대학,사립,전문대학,강원,기존,0000347,강릉영동대학교,1,4258,146,3.43,831,47,5.66,2026-08-07T10:05:19.980Z
2021,대학교,국립,대학,강원,기존,0000572,강릉원주대학교,2,10548,551,5.22,1826,116,6.35,2026-08-07T10:05:19.980Z
2021,전문대학,사립,전문대학,강원,폐교,0000378,강원관광대학교,1,718,534,74.37,124,8,6.45,2026-08-07T10:05:19.980Z
2021,대학교,국립,대학,강원,기존,0000002,강원대학교,2,29995,1755,5.85,4773,353,7.4,2026-08-07T10:05:19.980Z
2021,전문대학,공립,전문대학,강원,기존,0000531,강원도립대학교,1,950,110,11.58,314,25,7.96,2026-08-07T10:05:19.980Z
2021,대학교,사립,대학,강원,기존,0000086,상지대학교,1,9686,633,6.54,1653,143,8.65,2026-08-07T10:05:19.980Z
2021,전문대학,사립,전문대학,강원,폐교,0000319,상지영서대학교,1,737,191,25.92,0,0,0,2026-08-07T10:05:19.980Z
2021,전문대학,사립,전문대학,강원,기존,0000348,세경대학교,1,1212,132,10.89,470,46,9.79,2026-08-07T10:05:19.980Z
2021,전문대학,사립,전문대학,강원,기존,0000393,송곡대학교,1,768,68,8.85,233,28,12.02,2026-08-07T10:05:19.980Z
2021,전문대학,사립,전문대학,강원,기존,0000390,송호대학교,1,1325,214,16.15,360,72,20,2026-08-07T10:05:19.980Z
2021,교육대학,국립,대학,강원,기존,0000205,춘천교육대학교,1,1344,30,2.23,341,17,4.99,2026-08-07T10:05:19.980Z
2021,전문대학,사립,전문대학,강원,기존,0000542,한국골프대학,1,777,134,17.25,187,22,11.76,2026-08-07T10:05:19.980Z
2021,기능대학,사립,전문대학,강원,기존,0000483,한국폴리텍 III 대학,1,207,16,7.73,70,4,5.71,2026-08-07T10:05:19.980Z
2021,기능대학,사립,전문대학,강원,기존,0000517,한국폴리텍 III 대학,1,124,10,8.06,55,6,10.91,2026-08-07T10:05:19.980Z
2021,기능대학,사립,전문대학,강원,기존,0000482,한국폴리텍 III 대학,1,408,32,7.84,135,10,7.41,2026-08-07T10:05:19.980Z
2021,대학교,사립,대학,강원,기존,0000147,한라대학교,1,4913,291,5.92,684,39,5.7,2026-08-07T10:05:19.980Z
2021,대학교,사립,대학,강원,기존,0000148,한림대학교,1,10635,483,4.54,1874,119,6.35,2026-08-07T10:05:19.980Z
2021,전문대학,사립,전문대학,강원,기존,0000383,한림성심대학교,1,4267,324,7.59,1139,64,5.62,2026-08-07T10:05:19.980Z
2021,대학교,사립,대학,경기,기존,0000044,가천대학교,1,25871,941,3.64,4442,289,6.51,2026-08-07T10:05:19.980Z
2021,대학교,사립,대학,경기,기존,0000034,가톨릭대학교,3,10735,348,3.24,1919,135,7.03,2026-08-07T10:05:19.980Z
2021,대학교,사립,대학,경기,기존,0000036,강남대학교,1,8807,451,5.12,1590,148,9.31,2026-08-07T10:05:19.980Z
2021,전문대학,사립,전문대학,경기,기존,0000387,경기과학기술대학교,1,7575,369,4.87,1863,145,7.78,2026-08-07T10:05:19.980Z
2021,대학교,사립,대학,경기,기존,0000039,경기대학교,2,19045,716,3.76,3325,226,6.8,2026-08-07T10:05:19.980Z
2021,대학교,사립,대학,경기,기존,0000041,경동대학교,3,9536,522,5.47,1737,111,6.39,2026-08-07T10:05:19.980Z
2021,전문대학,사립,전문대학,경기,기존,0000255,경민대학교,1,6473,302,4.67,1722,125,7.26,2026-08-07T10:05:19.980Z
2021,전문대학,사립,전문대학,경기,기존,0000259,경복대학교,1,7942,349,4.39,2332,148,6.35,2026-08-07T10:05:19.980Z
2021,전문대학,사립,전문대학,경기,기존,0000264,계원예술대학교,1,4046,237,5.86,1250,89,7.12,2026-08-07T10:05:19.980Z
2021,전문대학,사립,전문대학,경기,기존,0000379,국제대학교,1,5243,727,13.87,1313,301,22.92,2026-08-07T10:05:19.980Z
2021,사이버대학(대학),사립,대학,경기,기존,0000409,국제사이버대학교,1,3719,624,16.78,980,171,17.45,2026-08-07T10:05:19.980Z
2021,전문대학,사립,전문대학,경기,기존,0000277,김포대학교,1,4107,436,10.62,1004,98,9.76,2026-08-07T10:05:19.980Z
2021,전문대학,사립,전문대학,경기,기존,0000278,농협대학교,1,515,16,3.11,157,7,4.46,2026-08-07T10:05:19.980Z
2021,대학교,사립,대학,경기,기존,0000060,단국대학교,2,30144,1076,3.57,5097,382,7.49,2026-08-07T10:05:19.980Z
2021,전문대학,사립,전문대학,경기,기존,0000285,대림대학교,1,10583,549,5.19,3173,148,4.66,2026-08-07T10:05:19.980Z
2021,대학교,사립,대학,경기,기존,0000068,대진대학교,1,10225,520,5.09,1927,156,8.1,2026-08-07T10:05:19.980Z
2021,전문대학,사립,전문대학,경기,기존,0000294,동남보건대학교,1,5616,232,4.13,1726,96,5.56,2026-08-07T10:05:19.980Z
2021,전문대학,사립,전문대학,경기,기존,0000287,동서울대학교,1,8293,611,7.37,2616,167,6.38,2026-08-07T10:05:19.980Z
2021,전문대학,사립,전문대학,경기,기존,0000298,동아방송예술대학교,1,4207,221,5.25,1201,76,6.33,2026-08-07T10:05:19.980Z
2021,전문대학,사립,전문대학,경기,기존,0000302,동원대학교,1,4764,493,10.35,1370,133,9.71,2026-08-07T10:05:19.980Z
2021,전문대학,사립,전문대학,경기,기존,0000305,두원공과대학교,1,5928,549,9.26,955,83,8.69,2026-08-07T10:05:19.980Z
2021,대학교,사립,대학,경기,기존,0000078,루터대학교,1,409,42,10.27,88,16,18.18,2026-08-07T10:05:19.980Z
2021,대학교,사립,대학,경기,기존,0000079,명지대학교,2,19604,768,3.92,3232,202,6.25,2026-08-07T10:05:19.980Z
2021,전문대학,사립,전문대학,경기,기존,0000316,부천대학교,1,10281,617,6,3529,194,5.5,2026-08-07T10:05:19.980Z
2021,대학교,사립,대학,경기,기존,0000090,서울신학대학교,1,2714,151,5.56,484,28,5.79,2026-08-07T10:05:19.980Z
2021,전문대학,사립,전문대학,경기,기존,0000323,서울예술대학교,1,4243,137,3.23,1137,23,2.02,2026-08-07T10:05:19.980Z
2021,대학교,사립,대학,경기,기존,0000092,서울장신대학교,1,517,30,5.8,65,1,1.54,2026-08-07T10:05:19.980Z
2021,전문대학,사립,전문대학,경기,기존,0000392,서정대학교,1,9024,2504,27.75,2725,279,10.24,2026-08-07T10:05:19.980Z
2021,대학교,사립,대학,경기,기존,0000095,성결대학교,1,7216,354,4.91,1295,98,7.57,2026-08-07T10:05:19.980Z
2021,대학교,사립,대학,경기,기존,0000101,수원가톨릭대학교,1,181,9,4.97,38,5,13.16,2026-08-07T10:05:19.980Z
2021,전문대학,사립,전문대학,경기,기존,0000330,수원과학대학교,1,7335,580,7.91,1686,135,8.01,2026-08-07T10:05:19.980Z
2021,대학교,사립,대학,경기,기존,0000102,수원대학교,1,12168,638,5.24,2248,185,8.23,2026-08-07T10:05:19.980Z
2021,전문대학,사립,전문대학,경기,기존,0000329,수원여자대학교,1,4400,257,5.84,1513,107,7.07,2026-08-07T10:05:19.980Z
2021,대학교,사립,대학,경기,기존,000567,신경대학교,1,841,211,25.09,75,4,5.33,2026-08-07T10:05:19.980Z
2021,전문대학,사립,전문대학,경기,기존,0000334,신구대학교,1,8579,496,5.78,2872,185,6.44,2026-08-07T10:05:19.980Z
2021,전문대학,사립,전문대학,경기,기존,0000339,신안산대학교,1,5226,433,8.29,1156,97,8.39,2026-08-07T10:05:19.980Z
2021,대학교,사립,대학,경기,기존,000509,신한대학교,2,8424,345,4.1,1570,74,4.71,2026-08-07T10:05:19.980Z
2021,전문대학,사립,전문대학,경기,폐교,0000336,신흥대학교,1,0,2,0,0,0,0,2026-08-07T10:05:19.980Z
2021,대학교,사립,대학,경기,기존,0000558,아신대학교,1,725,72,9.93,99,14,14.14,2026-08-07T10:05:19.980Z
2021,대학교,사립,대학,경기,기존,0000108,아주대학교,1,13780,481,3.49,2196,184,8.38,2026-08-07T10:05:19.980Z
2021,전문대학,사립,전문대학,경기,기존,0000340,안산대학교,1,5477,304,5.55,1496,94,6.28,2026-08-07T10:05:19.980Z
2021,대학교,사립,대학,경기,기존,0000109,안양대학교,2,6568,379,5.77,1136,95,8.36,2026-08-07T10:05:19.980Z
2021,전문대학,사립,전문대학,경기,기존,0000343,여주대학교,1,6716,552,8.22,1713,131,7.65,2026-08-07T10:05:19.980Z
2021,전문대학,사립,전문대학,경기,기존,0000341,연성대학교,1,8196,360,4.39,2631,153,5.82,2026-08-07T10:05:19.980Z
2021,대학교,사립,대학,경기,기존,0000164,예원예술대학교,2,1884,223,11.84,328,53,16.16,2026-08-07T10:05:19.980Z
2021,전문대학,사립,전문대학,경기,기존,0000350,오산대학교,1,7096,780,10.99,2099,272,12.96,2026-08-07T10:05:19.980Z
2021,대학교,사립,대학,경기,기존,0000115,용인대학교,1,7985,483,6.05,1338,90,6.73,2026-08-07T10:05:19.980Z
2021,전문대학,사립,전문대학,경기,기존,0000559,용인예술과학대학교,1,5234,465,8.88,1261,117,9.28,2026-08-07T10:05:19.980Z
2021,전문대학,사립,전문대학,경기,기존,0000394,웅지세무대학교,1,1547,164,10.6,156,17,10.9,2026-08-07T10:05:19.980Z
2021,전문대학,사립,전문대학,경기,기존,0000355,유한대학교,1,7642,390,5.1,2198,109,4.96,2026-08-07T10:05:19.980Z
2021,전문대학,사립,전문대학,경기,기존,0000358,장안대학교,1,6535,677,10.36,1630,123,7.55,2026-08-07T10:05:19.980Z
2021,대학교,사립,대학,경기,기존,0000130,중앙승가대학교,1,128,13,10.16,29,7,24.14,2026-08-07T10:05:19.980Z
2021,대학교,사립,대학,경기,기존,0000139,차의과학대학교,1,2703,131,4.85,498,38,7.63,2026-08-07T10:05:19.980Z
2021,전문대학,사립,전문대학,경기,기존,0000374,청강문화산업대학교,1,5019,188,3.75,1423,29,2.04,2026-08-07T10:05:19.980Z
2021,대학교,사립,대학,경기,기존,0000136,칼빈대학교,1,668,72,10.78,86,11,12.79,2026-08-07T10:05:19.980Z
2021,대학교,사립,대학,경기,기존,0000138,평택대학교,1,4615,299,6.48,855,48,5.61,2026-08-07T10:05:19.980Z
2021,대학교,국립,대학,경기,기존,0000568,한경대학교,1,7104,433,6.1,1193,105,8.8,2026-08-07T10:05:19.980Z
2021,전문대학,사립,전문대학,경기,기존,0000391,한국관광대학교,1,2560,116,4.53,845,40,4.73,2026-08-07T10:05:19.980Z
2021,전문대학,국립,전문대학,경기,폐교,0000248,한국복지대학교,1,869,72,8.29,318,19,5.97,2026-08-07T10:05:19.980Z
2021,대학교,사립,대학,경기,기존,0000562,한국산업기술대학교,1,9726,444,4.57,1671,109,6.52,2026-08-07T10:05:19.980Z
2021,기능대학,사립,전문대학,경기,기존,0000479,한국폴리텍 I 대학,1,1314,115,8.75,319,41,12.85,2026-08-07T10:05:19.980Z
2021,기능대학,사립,전문대학,경기,기존,0000555,한국폴리텍 II 대학,1,9,4,44.44,9,4,44.44,2026-08-07T10:05:19.980Z
2021,기능대학,사립,전문대학,경기,기존,0000548,한국폴리텍 II 대학,1,990,105,10.61,306,36,11.76,2026-08-07T10:05:19.980Z
2021,대학교,사립,대학,경기,기존,0000144,한국항공대학교,1,5729,191,3.33,996,62,6.22,2026-08-07T10:05:19.980Z
2021,대학교,사립,대학,경기,기존,0000151,한세대학교,1,3318,189,5.7,606,56,9.24,2026-08-07T10:05:19.980Z
2021,대학교,사립,대학,경기,기존,0000152,한신대학교,1,7651,399,5.22,1286,80,6.22,2026-08-07T10:05:19.980Z
2021,대학교,사립,대학,경기,기존,0000156,협성대학교,1,5474,320,5.85,1026,81,7.89,2026-08-07T10:05:19.980Z
2021,기능대학,사립,전문대학,경기,기존,0000516,ICT폴리텍대학,1,515,48,9.32,134,13,9.7,2026-08-07T10:05:19.980Z
2021,대학교,사립,대학,경남,기존,0000032,가야대학교,1,2693,232,8.61,449,59,13.14,2026-08-07T10:05:19.980Z
2021,전문대학,사립,전문대학,경남,기존,0000251,거제대학교,1,1397,90,6.44,326,14,4.29,2026-08-07T10:05:19.980Z
2021,대학교,국립,대학,경남,폐교,0000026,경남과학기술대학교,1,6856,324,4.73,1187,56,4.72,2026-08-07T10:05:19.980Z
2021,대학교,사립,대학,경남,기존,0000040,경남대학교,1,15855,1011,6.38,2066,112,5.42,2026-08-07T10:05:19.980Z
2021,전문대학,공립,전문대학,경남,기존,0000242,경남도립거창대학,1,1153,77,6.68,390,24,6.15,2026-08-07T10:05:19.980Z
2021,전문대학,공립,전문대학,경남,기존,0000243,경남도립남해대학,1,1291,164,12.7,380,38,10,2026-08-07T10:05:19.980Z
2021,대학교,국립,대학,경남,기존,0000556,경상대학교,1,18611,856,4.6,3266,232,7.1,2026-08-07T10:05:19.980Z
2021,전문대학,사립,전문대학,경남,기존,0000395,김해대학교,1,1705,112,6.57,495,37,7.47,2026-08-07T10:05:19.980Z
2021,전문대학,사립,전문대학,경남,기존,0000342,동원과학기술대학교,1,3191,237,7.43,996,84,8.43,2026-08-07T10:05:19.980Z
2021,전문대학,사립,전문대학,경남,기존,0000306,마산대학교,1,6972,471,6.76,2061,117,5.68,2026-08-07T10:05:19.980Z
2021,대학교,사립,대학,경남,기존,0000167,부산장신대학교,1,233,21,9.01,32,4,12.5,2026-08-07T10:05:19.980Z
2021,전문대학,사립,전문대학,경남,기존,0000530,연암공과대학교,1,2482,176,7.09,558,26,4.66,2026-08-07T10:05:19.980Z
2021,대학교,사립,대학,경남,기존,0000122,인제대학교,1,11610,715,6.16,1720,112,6.51,2026-08-07T10:05:19.980Z
2021,교육대학,국립,대학,경남,기존,0000203,진주교육대학교,1,1356,22,1.62,338,12,3.55,2026-08-07T10:05:19.980Z
2021,전문대학,사립,전문대학,경남,기존,0000369,진주보건대학교,1,3106,126,4.06,843,39,4.63,2026-08-07T10:05:19.980Z
2021,대학교,사립,대학,경남,기존,0000193,창신대학교,1,2370,202,8.52,487,38,7.8,2026-08-07T10:05:19.980Z
2021,대학교,국립,대학,경남,기존,0000581,창원대학교,1,10942,541,4.94,1865,123,6.6,2026-08-07T10:05:19.980Z
2021,전문대학,사립,전문대학,경남,기존,0000528,창원문성대학교,1,3716,207,5.57,736,42,5.71,2026-08-07T10:05:19.980Z
2021,전문대학,사립,전문대학,경남,기존,0000396,한국승강기대학교,1,1339,98,7.32,278,8,2.88,2026-08-07T10:05:19.980Z
2021,기능대학,사립,전문대학,경남,기존,0000503,한국폴리텍 특성화대학,1,923,65,7.04,194,19,9.79,2026-08-07T10:05:19.980Z
2021,기능대학,사립,전문대학,경남,기존,0000496,한국폴리텍 VII 대학,1,2265,156,6.89,734,53,7.22,2026-08-07T10:05:19.980Z
2021,전문대학,사립,전문대학,경북,기존,0000249,가톨릭상지대학교,1,2452,200,8.16,793,72,9.08,2026-08-07T10:05:19.980Z
2021,전문대학,사립,전문대학,경북,기존,0000293,경북과학대학교,1,2004,215,10.73,811,129,15.91,2026-08-07T10:05:19.980Z
2021,전문대학,공립,전문대학,경북,폐교,0000244,경북도립대학교,1,1161,132,11.37,365,45,12.33,2026-08-07T10:05:19.980Z
2021,전문대학,사립,전문대학,경북,기존,0000523,경북보건대학교,1,1460,71,4.86,381,16,4.2,2026-08-07T10:05:19.980Z
2021,전문대학,사립,전문대학,경북,기존,0000258,경북전문대학교,1,3474,152,4.38,1098,37,3.37,2026-08-07T10:05:19.980Z
2021,대학교,사립,대학,경북,기존,0000188,경운대학교,1,6095,603,9.89,1208,144,11.92,2026-08-07T10:05:19.980Z
2021,대학교,사립,대학,경북,기존,0000045,경일대학교,1,9470,736,7.77,1740,160,9.2,2026-08-07T10:05:19.980Z
2021,대학교,사립,대학,경북,기존,0000586,경주대학교,1,1101,204,18.53,108,28,25.93,2026-08-07T10:05:19.980Z
2021,전문대학,사립,전문대학,경북,기존,0000268,구미대학교,1,6885,578,8.4,2488,223,8.96,2026-08-07T10:05:19.980Z
2021,대학교,국립,대학,경북,기존,0000575,금오공과대학교,1,7995,401,5.02,1308,99,7.57,2026-08-07T10:05:19.980Z
2021,대학교,사립,대학,경북,기존,0000185,김천대학교,1,3585,366,10.21,705,139,19.72,2026-08-07T10:05:19.980Z
2021,전문대학,사립,전문대학,경북,기존,0000279,대경대학교,1,5142,570,11.09,1917,228,11.89,2026-08-07T10:05:19.980Z
2021,대학교,사립,대학,경북,기존,0000063,대구가톨릭대학교,1,16095,943,5.86,2537,140,5.52,2026-08-07T10:05:19.980Z
2021,대학교,사립,대학,경북,기존,0000061,대구대학교,1,23167,1360,5.87,3631,186,5.12,2026-08-07T10:05:19.980Z
2021,사이버대학(대학),사립,대학,경북,기존,0000410,대구사이버대학교,1,5273,975,18.49,1654,255,15.42,2026-08-07T10:05:19.980Z
2021,대학교,사립,대학,경북,기존,0000062,대구예술대학교,1,1261,163,12.93,123,9,7.32,2026-08-07T10:05:19.980Z
2021,대학교,사립,대학,경북,기존,0000042,대구한의대학교,1,8514,749,8.8,1644,361,21.96,2026-08-07T10:05:19.980Z
2021,대학교,사립,대학,경북,기존,0000065,대신대학교,1,579,27,4.66,116,12,10.34,2026-08-07T10:05:19.980Z
2021,대학교,사립,대학,경북,기존,0000076,동양대학교,1,5227,398,7.61,822,64,7.79,2026-08-07T10:05:19.980Z
2021,전문대학,사립,전문대학,경북,기존,0000309,문경대학교,1,1069,61,5.71,294,14,4.76,2026-08-07T10:05:19.980Z
2021,전문대학,사립,전문대학,경북,폐교,0000262,서라벌대학교,1,709,37,5.22,208,16,7.69,2026-08-07T10:05:19.980Z
2021,전문대학,사립,전문대학,경북,기존,0000380,선린대학교,1,2836,227,8,779,51,6.55,2026-08-07T10:05:19.980Z
2021,전문대학,사립,전문대학,경북,기존,0000547,성덕대학교,1,1523,143,9.39,712,82,11.52,2026-08-07T10:05:19.980Z
2021,전문대학,사립,전문대학,경북,기존,0000338,안동과학대학교,1,3193,254,7.95,804,35,4.35,2026-08-07T10:05:19.980Z
2021,대학교,국립,대학,경북,기존,0000580,안동대학교,1,7925,457,5.77,1119,83,7.42,2026-08-07T10:05:19.980Z
2021,대학교,사립,대학,경북,기존,0000111,영남대학교,1,29034,1167,4.02,4847,233,4.81,2026-08-07T10:05:19.980Z
2021,대학교,사립,대학,경북,기존,0000112,영남신학대학교,1,557,59,10.59,115,26,22.61,2026-08-07T10:05:19.980Z
2021,전문대학,사립,전문대학,경북,기존,0000257,영남외국어대학,1,481,32,6.65,167,19,11.38,2026-08-07T10:05:19.980Z
2021,대학교,사립,대학,경북,기존,0000119,위덕대학교,1,3551,429,12.08,760,122,16.05,2026-08-07T10:05:19.980Z
2021,대학교,사립,대학,경북,기존,0000140,포항공과대학교,1,1695,35,2.06,327,22,6.73,2026-08-07T10:05:19.980Z
2021,전문대학,사립,전문대학,경북,기존,0000381,포항대학교,1,2167,203,9.37,633,54,8.53,2026-08-07T10:05:19.980Z
2021,사이버대학(전문대학),사립,전문대학,경북,기존,0000407,한국복지사이버대학,1,2770,400,14.44,1313,149,11.35,2026-08-07T10:05:19.980Z
2021,기능대학,사립,전문대학,경북,기존,0000552,한국폴리텍 특성화대학,1,99,11,11.11,103,11,10.68,2026-08-07T10:05:19.980Z
2021,기능대학,사립,전문대학,경북,기존,0000495,한국폴리텍 VI 대학,1,796,119,14.95,257,28,10.89,2026-08-07T10:05:19.980Z
2021,기능대학,사립,전문대학,경북,기존,0000504,한국폴리텍 VI 대학,1,70,6,8.57,21,3,14.29,2026-08-07T10:05:19.980Z
2021,대학교,사립,대학,경북,기존,0000146,한동대학교,1,5388,149,2.77,812,21,2.59,2026-08-07T10:05:19.980Z
2021,전문대학,사립,전문대학,경북,기존,0000522,호산대학교,1,2170,184,8.48,781,92,11.78,2026-08-07T10:05:19.980Z
2021,대학교,사립,대학,광주,기존,0000052,광신대학교,1,560,67,11.96,123,25,20.33,2026-08-07T10:05:19.980Z
2021,대학교,특별법법인,대학,광주,기존,0000469,광주과학기술원,1,996,61,6.12,211,24,11.37,2026-08-07T10:05:19.980Z
2021,교육대학,국립,대학,광주,기존,0000196,광주교육대학교,1,1359,31,2.28,337,18,5.34,2026-08-07T10:05:19.980Z
2021,대학교,사립,대학,광주,기존,0000176,광주대학교,1,8674,806,9.29,1558,250,16.05,2026-08-07T10:05:19.980Z
2021,전문대학,사립,전문대학,광주,기존,0000267,광주보건대학교,1,4751,275,5.79,1435,76,5.3,2026-08-07T10:05:19.980Z
2021,대학교,사립,대학,광주,기존,0000055,광주여자대학교,1,3991,213,5.34,929,63,6.78,2026-08-07T10:05:19.980Z
2021,전문대학,사립,전문대학,광주,기존,0000273,기독간호대학교,1,648,11,1.7,162,6,3.7,2026-08-07T10:05:19.980Z
2021,대학교,사립,대학,광주,기존,0000162,남부대학교,1,3750,312,8.32,707,97,13.72,2026-08-07T10:05:19.980Z
2021,전문대학,사립,전문대학,광주,기존,0000297,동강대학교,1,3378,420,12.43,1090,216,19.82,2026-08-07T10:05:19.980Z
2021,전문대학,사립,전문대학,광주,기존,0000320,서영대학교,1,7564,517,6.84,2231,173,7.75,2026-08-07T10:05:19.980Z
2021,대학교,사립,대학,광주,기존,0000187,송원대학교,1,3791,514,13.56,785,170,21.66,2026-08-07T10:05:19.980Z
2021,대학교,국립,대학,광주,기존,0000016,전남대학교,2,25889,1078,4.16,4412,294,6.66,2026-08-07T10:05:19.980Z
2021,전문대학,사립,전문대학,광주,기존,0000366,조선간호대학교,1,817,14,1.71,193,4,2.07,2026-08-07T10:05:19.980Z
2021,대학교,사립,대학,광주,기존,0000127,조선대학교,1,26553,1348,5.08,4557,269,5.9,2026-08-07T10:05:19.980Z
2021,전문대학,사립,전문대학,광주,기존,0000365,조선이공대학교,1,5596,560,10.01,1507,122,8.1,2026-08-07T10:05:19.980Z
2021,기능대학,사립,전문대학,광주,기존,0000489,한국폴리텍 V 대학,1,1324,83,6.27,398,37,9.3,2026-08-07T10:05:19.980Z
2021,대학교,사립,대학,광주,기존,0000157,호남대학교,1,9088,608,6.69,1520,91,5.99,2026-08-07T10:05:19.980Z
2021,대학교,사립,대학,광주,기존,0000158,호남신학대학교,1,791,60,7.59,131,26,19.85,2026-08-07T10:05:19.980Z
2021,대학교,국립,대학,대구,기존,0000003,경북대학교,1,29575,1221,4.13,4953,465,9.39,2026-08-07T10:05:19.980Z
2021,대학교,사립,대학,대구,기존,0000048,계명대학교,1,29997,1469,4.9,4935,215,4.36,2026-08-07T10:05:19.980Z
2021,전문대학,사립,전문대학,대구,기존,0000263,계명문화대학교,1,6825,543,7.96,2176,127,5.84,2026-08-07T10:05:19.980Z
2021,대학교,특별법법인,대학,대구,기존,0000470,대구경북과학기술원,1,994,32,3.22,199,13,6.53,2026-08-07T10:05:19.980Z
2021,전문대학,사립,전문대학,대구,기존,0000280,대구공업대학교,1,2552,586,22.96,815,110,13.5,2026-08-07T10:05:19.980Z
2021,전문대학,사립,전문대학,대구,기존,0000283,대구과학대학교,1,4896,310,6.33,1610,99,6.15,2026-08-07T10:05:19.980Z
2021,교육대학,국립,대학,대구,기존,0000197,대구교육대학교,1,1622,45,2.77,417,36,8.63,2026-08-07T10:05:19.980Z
2021,전문대학,사립,전문대학,대구,기존,0000281,대구보건대학교,1,8594,492,5.72,2596,148,5.7,2026-08-07T10:05:19.980Z
2021,전문대학,사립,전문대학,대구,기존,0000282,수성대학교,1,4595,509,11.08,1386,132,9.52,2026-08-07T10:05:19.980Z
2021,전문대학,사립,전문대학,대구,기존,0000346,영남이공대학교,1,8260,585,7.08,2171,130,5.99,2026-08-07T10:05:19.980Z
2021,사이버대학(전문대학),사립,전문대학,대구,기존,0000406,영진사이버대학,1,4202,290,6.9,1726,87,5.04,2026-08-07T10:05:19.980Z
2021,전문대학,사립,전문대학,대구,기존,0000349,영진전문대학교,1,11971,1238,10.34,3148,426,13.53,2026-08-07T10:05:19.980Z
2021,기능대학,사립,전문대학,대구,기존,0000549,한국폴리텍 특성화대학,1,214,48,22.43,116,32,27.59,2026-08-07T10:05:19.980Z
2021,기능대학,사립,전문대학,대구,기존,0000494,한국폴리텍 VI 대학,1,849,106,12.49,244,29,11.89,2026-08-07T10:05:19.980Z
2021,대학교,사립,대학,대전,기존,0000038,건양대학교,2,8459,395,4.67,1587,97,6.11,2026-08-07T10:05:19.980Z
2021,사이버대학(대학),사립,대학,대전,기존,0000425,건양사이버대학교,1,3674,263,7.16,1040,94,9.04,2026-08-07T10:05:19.980Z
2021,전문대학,사립,전문대학,대전,기존,0000376,대덕대학교,1,4472,699,15.63,1217,121,9.94,2026-08-07T10:05:19.980Z
2021,전문대학,사립,전문대학,대전,기존,0000512,대전과학기술대학교,1,5169,491,9.5,1573,184,11.7,2026-08-07T10:05:19.980Z
2021,대학교,사립,대학,대전,기존,0000067,대전대학교,1,12241,675,5.51,1966,104,5.29,2026-08-07T10:05:19.980Z
2021,전문대학,사립,전문대학,대전,기존,0000288,대전보건대학교,1,6943,406,5.85,1925,78,4.05,2026-08-07T10:05:19.980Z
2021,대학교,사립,대학,대전,기존,0000182,대전신학대학교,1,89,7,7.87,12,0,0,2026-08-07T10:05:19.980Z
2021,대학교,사립,대학,대전,기존,0000080,목원대학교,1,9956,577,5.8,1704,107,6.28,2026-08-07T10:05:19.980Z
2021,대학교,사립,대학,대전,기존,0000081,배재대학교,1,10466,798,7.62,1912,179,9.36,2026-08-07T10:05:19.980Z
2021,대학교,사립,대학,대전,기존,0000184,우송대학교,1,12490,629,5.04,2174,105,4.83,2026-08-07T10:05:19.980Z
2021,전문대학,사립,전문대학,대전,기존,0000289,우송정보대학,1,6128,600,9.79,1551,113,7.29,2026-08-07T10:05:19.980Z
2021,대학교,사립,대학,대전,기존,0000120,을지대학교,3,5618,172,3.06,1124,58,5.16,2026-08-07T10:05:19.980Z
2021,대학교,국립,대학,대전,기존,0000020,충남대학교,1,22869,897,3.92,3839,373,9.72,2026-08-07T10:05:19.980Z
2021,대학교,사립,대학,대전,기존,0000551,침례신학대학교,1,1367,78,5.71,193,7,3.63,2026-08-07T10:05:19.980Z
2021,대학교,특별법법인,대학,대전,기존,0000468,한국과학기술원,1,4616,100,2.17,718,30,4.18,2026-08-07T10:05:19.980Z
2021,기능대학,사립,전문대학,대전,기존,0000484,한국폴리텍 IV 대학,1,1280,126,9.84,372,43,11.56,2026-08-07T10:05:19.980Z
2021,대학교,사립,대학,대전,기존,0000145,한남대학교,1,15153,949,6.26,2861,158,5.52,2026-08-07T10:05:19.980Z
2021,대학교,국립,대학,대전,기존,0000584,한밭대학교,1,11647,740,6.35,2104,139,6.61,2026-08-07T10:05:19.980Z
2021,전문대학,사립,전문대학,부산,기존,0000253,경남정보대학교,1,10760,711,6.61,2654,144,5.43,2026-08-07T10:05:19.980Z
2021,대학교,사립,대학,부산,기존,0000043,경성대학교,1,16576,989,5.97,3007,223,7.42,2026-08-07T10:05:19.980Z
2021,대학교,사립,대학,부산,기존,0000050,고신대학교,1,4554,421,9.24,886,159,17.95,2026-08-07T10:05:19.980Z
2021,전문대학,사립,전문대학,부산,기존,0000284,대동대학교,1,1790,93,5.2,479,25,5.22,2026-08-07T10:05:19.980Z
2021,대학교,사립,대학,부산,기존,0000180,동명대학교,1,11447,1026,8.96,1779,321,18.04,2026-08-07T10:05:19.980Z
2021,대학교,사립,대학,부산,기존,0000073,동서대학교,1,13676,799,5.84,2039,74,3.63,2026-08-07T10:05:19.980Z
2021,대학교,사립,대학,부산,기존,0000075,동아대학교,1,25148,1015,4.04,4352,199,4.57,2026-08-07T10:05:19.980Z
2021,전문대학,사립,전문대학,부산,기존,0000303,동의과학대학교,1,7521,743,9.88,1756,156,8.88,2026-08-07T10:05:19.980Z
2021,대학교,사립,대학,부산,기존,0000077,동의대학교,1,20777,1236,5.95,3689,176,4.77,2026-08-07T10:05:19.980Z
2021,전문대학,사립,전문대학,부산,기존,0000569,동주대학교,1,3787,348,9.19,965,80,8.29,2026-08-07T10:05:19.980Z
2021,대학교,국립,대학,부산,기존,0000578,부경대학교,1,21498,900,4.19,3699,287,7.76,2026-08-07T10:05:19.980Z
2021,대학교,사립,대학,부산,기존,0000082,부산가톨릭대학교,1,4583,241,5.26,818,45,5.5,2026-08-07T10:05:19.980Z
2021,전문대학,사립,전문대학,부산,기존,0000313,부산경상대학교,1,3764,936,24.87,1292,278,21.52,2026-08-07T10:05:19.980Z
2021,전문대학,사립,전문대학,부산,기존,0000315,부산과학기술대학교,1,5779,700,12.11,1300,123,9.46,2026-08-07T10:05:19.980Z
2021,교육대학,국립,대학,부산,기존,0000198,부산교육대학교,1,1543,29,1.88,383,18,4.7,2026-08-07T10:05:19.980Z
2021,대학교,국립,대학,부산,기존,0000011,부산대학교,1,27487,1099,4,4581,410,8.95,2026-08-07T10:05:19.980Z
2021,사이버대학(대학),사립,대학,부산,기존,0000411,부산디지털대학교,1,2853,349,12.23,729,95,13.03,2026-08-07T10:05:19.980Z
2021,전문대학,사립,전문대학,부산,기존,0000314,부산여자대학교,1,2576,128,4.97,836,56,6.7,2026-08-07T10:05:19.980Z
2021,전문대학,사립,전문대학,부산,기존,0000388,부산예술대학교,1,876,145,16.55,389,61,15.68,2026-08-07T10:05:19.980Z
2021,대학교,사립,대학,부산,기존,0000083,부산외국어대학교,1,10934,704,6.44,1586,90,5.67,2026-08-07T10:05:19.980Z
2021,전문대학,사립,전문대학,부산,폐교,0000326,성심외국어대학,1,1239,0,0,0,0,0,2026-08-07T10:05:19.980Z
2021,대학교,사립,대학,부산,기존,0000106,신라대학교,1,11015,1039,9.43,1871,299,15.98,2026-08-07T10:05:19.980Z
2021,대학교,사립,대학,부산,기존,0000181,영산대학교,2,7915,827,10.45,1213,191,15.75,2026-08-07T10:05:19.980Z
2021,기능대학,사립,전문대학,부산,기존,0000497,한국폴리텍 VII 대학,1,1393,143,10.27,410,55,13.41,2026-08-07T10:05:19.980Z
2021,대학교,국립,대학,부산,기존,0000583,한국해양대학교,1,8271,368,4.45,1498,122,8.14,2026-08-07T10:05:19.980Z
2021,사이버대학(대학),사립,대학,부산,기존,0000423,화신사이버대학교,1,1702,300,17.63,505,97,19.21,2026-08-07T10:05:19.980Z
2021,대학교,사립,대학,서울,기존,0000035,감리교신학대학교,1,1048,60,5.73,150,5,3.33,2026-08-07T10:05:19.980Z
2021,대학교,사립,대학,서울,기존,0000565,강서대학교,1,2022,231,11.42,485,102,21.03,2026-08-07T10:05:19.980Z
2021,대학교,사립,대학,서울,기존,0000037,건국대학교,2,33431,1102,3.3,5155,428,8.3,2026-08-07T10:05:19.980Z
2021,대학교,사립,대학,서울,기존,0000047,경희대학교,1,34542,1087,3.15,5838,419,7.18,2026-08-07T10:05:19.980Z
2021,사이버대학(대학),사립,대학,서울,기존,0000408,경희사이버대학교,1,11693,2543,21.75,3275,768,23.45,2026-08-07T10:05:19.980Z
2021,대학교,사립,대학,서울,기존,0000049,고려대학교,2,36490,1309,3.59,6082,545,8.96,2026-08-07T10:05:19.980Z
2021,사이버대학(대학),사립,대학,서울,기존,0000418,고려사이버대학교,1,11716,1569,13.39,2489,358,14.38,2026-08-07T10:05:19.980Z
2021,대학교,사립,대학,서울,기존,0000053,광운대학교,1,11785,506,4.29,2026,191,9.43,2026-08-07T10:05:19.980Z
2021,대학교,사립,대학,서울,기존,0000056,국민대학교,1,21679,705,3.25,3348,279,8.33,2026-08-07T10:05:19.980Z
2021,대학교,사립,대학,서울,기존,0000070,덕성여자대학교,1,6815,204,2.99,1118,92,8.23,2026-08-07T10:05:19.980Z
2021,대학교,사립,대학,서울,기존,0000071,동국대학교,2,29223,1101,3.77,4852,403,8.31,2026-08-07T10:05:19.980Z
2021,대학교,사립,대학,서울,기존,0000072,동덕여자대학교,1,8098,257,3.17,1693,148,8.74,2026-08-07T10:05:19.980Z
2021,전문대학,사립,전문대학,서울,기존,0000300,동양미래대학교,1,10156,654,6.44,2837,212,7.47,2026-08-07T10:05:19.980Z
2021,사이버대학(대학),사립,대학,서울,기존,0000420,디지털서울문화예술대학교,1,4072,691,16.97,701,111,15.83,2026-08-07T10:05:19.980Z
2021,전문대학,사립,전문대학,서울,기존,0000307,명지전문대학,1,9524,683,7.17,3280,290,8.84,2026-08-07T10:05:19.980Z
2021,전문대학,사립,전문대학,서울,기존,0000310,배화여자대학교,1,3227,190,5.89,1364,91,6.67,2026-08-07T10:05:19.980Z
2021,사이버대학(대학),사립,대학,서울,기존,0000422,사이버한국외국어대학교,1,8327,1422,17.08,2031,268,13.2,2026-08-07T10:05:19.980Z
2021,대학교,사립,대학,서울,기존,0000084,삼육대학교,1,7154,298,4.17,1207,72,5.97,2026-08-07T10:05:19.980Z
2021,전문대학,사립,전문대학,서울,기존,0000317,삼육보건대학교,1,1560,66,4.23,553,29,5.24,2026-08-07T10:05:19.980Z
2021,대학교,사립,대학,서울,기존,0000087,서강대학교,1,11949,435,3.64,1804,217,12.03,2026-08-07T10:05:19.980Z
2021,대학교,사립,대학,서울,기존,0000088,서경대학교,1,8659,418,4.83,1589,122,7.68,2026-08-07T10:05:19.980Z
2021,대학교,국립,대학,서울,기존,0000027,서울과학기술대학교,1,14088,548,3.89,2385,214,8.97,2026-08-07T10:05:19.980Z
2021,교육대학,국립,대학,서울,기존,0000199,서울교육대학교,1,1593,53,3.33,395,37,9.37,2026-08-07T10:05:19.980Z
2021,대학교,사립,대학,서울,기존,0000069,서울기독대학교,1,555,63,11.35,86,11,12.79,2026-08-07T10:05:19.980Z
2021,대학교,국립대법인,대학,서울,기존,0000012,서울대학교,1,21333,405,1.9,3404,148,4.35,2026-08-07T10:05:19.980Z
2021,사이버대학(대학),사립,대학,서울,기존,0000412,서울디지털대학교,1,12422,2180,17.55,2943,479,16.28,2026-08-07T10:05:19.980Z
2021,사이버대학(대학),사립,대학,서울,기존,0000413,서울사이버대학교,1,17043,2887,16.94,5033,950,18.88,2026-08-07T10:05:19.980Z
2021,대학교,공립,대학,서울,기존,0000030,서울시립대학교,1,12331,388,3.15,1867,180,9.64,2026-08-07T10:05:19.980Z
2021,전문대학,사립,전문대학,서울,기존,0000321,서울여자간호대학교,1,997,28,2.81,261,18,6.9,2026-08-07T10:05:19.980Z
2021,대학교,사립,대학,서울,기존,0000091,서울여자대학교,1,8637,312,3.61,1749,159,9.09,2026-08-07T10:05:19.980Z
2021,전문대학,사립,전문대학,서울,기존,0000324,서일대학교,1,8477,661,7.8,2506,192,7.66,2026-08-07T10:05:19.980Z
2021,대학교,사립,대학,서울,기존,0000096,성공회대학교,1,2865,136,4.75,533,38,7.13,2026-08-07T10:05:19.980Z
2021,대학교,사립,대학,서울,기존,0000097,성균관대학교,1,25439,853,3.35,3970,409,10.3,2026-08-07T10:05:19.980Z
2021,대학교,사립,대학,서울,기존,0000098,성신여자대학교,1,10918,397,3.64,2434,258,10.6,2026-08-07T10:05:19.980Z
2021,대학교,사립,대학,서울,기존,0000100,세종대학교,1,15955,856,5.37,2816,375,13.32,2026-08-07T10:05:19.980Z
2021,사이버대학(대학),사립,대학,서울,기존,0000415,세종사이버대학교,1,11103,1465,13.19,2654,387,14.58,2026-08-07T10:05:19.980Z
2021,대학교,사립,대학,서울,기존,0000103,숙명여자대학교,1,12065,361,2.99,2408,193,8.01,2026-08-07T10:05:19.980Z
2021,대학교,사립,대학,서울,기존,0000105,숭실대학교,1,19290,553,2.87,3204,215,6.71,2026-08-07T10:05:19.980Z
2021,사이버대학(대학),사립,대학,서울,기존,0000419,숭실사이버대학교,1,7810,879,11.25,1778,189,10.63,2026-08-07T10:05:19.980Z
2021,전문대학,사립,전문대학,서울,기존,0000333,숭의여자대학교,1,3587,205,5.72,1575,122,7.75,2026-08-07T10:05:19.980Z
2021,대학교,사립,대학,서울,기존,0000110,연세대학교,2,37006,992,2.68,5898,368,6.24,2026-08-07T10:05:19.980Z
2021,대학교,사립,대학,서울,기존,0000121,이화여자대학교,1,19359,485,2.51,3372,223,6.61,2026-08-07T10:05:19.980Z
2021,전문대학,사립,전문대학,서울,기존,0000356,인덕대학교,1,8800,560,6.36,2591,148,5.71,2026-08-07T10:05:19.980Z
2021,대학교,사립,대학,서울,기존,0000125,장로회신학대학교,1,858,32,3.73,152,12,7.89,2026-08-07T10:05:19.980Z
2021,기술대학,사립,대학,서울,기존,0000228,정석대학,1,62,0,0,27,0,0,2026-08-07T10:05:19.980Z
2021,대학교,사립,대학,서울,기존,0000129,중앙대학교,2,32665,1137,3.48,5337,454,8.51,2026-08-07T10:05:19.980Z
2021,대학교,사립,대학,서울,기존,0000133,총신대학교,1,1972,84,4.26,325,20,6.15,2026-08-07T10:05:19.980Z
2021,대학교,사립,대학,서울,기존,0000134,추계예술대학교,1,1427,71,4.98,263,23,8.75,2026-08-07T10:05:19.980Z
2021,방송통신대학,국립,대학,서울,기존,0000215,한국방송통신대학교,1,142719,30122,21.11,12670,1450,11.44,2026-08-07T10:05:19.980Z
2021,대학교,사립,대학,서울,기존,0000142,한국성서대학교,1,1233,57,4.62,239,15,6.28,2026-08-07T10:05:19.980Z
2021,사이버대학(대학),사립,대학,서울,기존,0000416,한국열린사이버대학교,1,6578,1030,15.66,1912,333,17.42,2026-08-07T10:05:19.980Z
2021,각종학교(대학),특별법국립,대학,서울,기존,0000471,한국예술종합학교,1,3239,62,1.91,562,5,0.89,2026-08-07T10:05:19.980Z
2021,대학교,사립,대학,서울,기존,0000143,한국외국어대학교,1,23145,834,3.6,3820,316,8.27,2026-08-07T10:05:19.980Z
2021,대학교,국립,대학,서울,기존,0000023,한국체육대학교,1,3095,69,2.23,565,7,1.24,2026-08-07T10:05:19.980Z
2021,기능대학,사립,전문대학,서울,기존,0000478,한국폴리텍 I 대학,1,688,46,6.69,257,20,7.78,2026-08-07T10:05:19.980Z
2021,기능대학,사립,전문대학,서울,기존,0000477,한국폴리텍 I 대학,1,2097,204,9.73,721,89,12.34,2026-08-07T10:05:19.980Z
2021,대학교,사립,대학,서울,기존,0000150,한성대학교,1,9469,310,3.27,1646,100,6.08,2026-08-07T10:05:19.980Z
2021,대학교,사립,대학,서울,기존,0000153,한양대학교,2,36213,1120,3.09,5904,479,8.11,2026-08-07T10:05:19.980Z
2021,사이버대학(대학),사립,대학,서울,기존,0000421,한양사이버대학교,1,17885,2677,14.97,4405,620,14.07,2026-08-07T10:05:19.980Z
2021,전문대학,사립,전문대학,서울,기존,0000384,한양여자대학교,1,7661,458,5.98,3021,255,8.44,2026-08-07T10:05:19.980Z
2021,대학교,사립,대학,서울,기존,0000539,한영신학대학교,1,893,61,6.83,176,9,5.11,2026-08-07T10:05:19.980Z
2021,대학교,사립,대학,서울,기존,0000160,홍익대학교,2,25860,1176,4.55,4187,509,12.16,2026-08-07T10:05:19.980Z
2021,대학교,사립,대학,세종,기존,0000066,대전가톨릭대학교,1,48,1,2.08,8,0,0,2026-08-07T10:05:19.980Z
2021,전문대학,사립,전문대학,세종,기존,0000353,한국영상대학교,1,4273,287,6.72,1209,71,5.87,2026-08-07T10:05:19.980Z
2021,대학교,특별법법인,대학,울산,기존,0000527,울산과학기술원,1,2586,66,2.55,379,15,3.96,2026-08-07T10:05:19.980Z
2021,전문대학,사립,전문대학,울산,기존,0000352,울산과학대학교,1,8129,460,5.66,2010,107,5.32,2026-08-07T10:05:19.980Z
2021,대학교,사립,대학,울산,기존,0000117,울산대학교,1,17338,799,4.61,2857,158,5.53,2026-08-07T10:05:19.980Z
2021,전문대학,사립,전문대학,울산,기존,0000375,춘해보건대학교,1,3092,113,3.65,893,47,5.26,2026-08-07T10:05:19.980Z
2021,기능대학,사립,전문대학,울산,기존,0000498,한국폴리텍 VII 대학,1,1054,133,12.62,346,61,17.63,2026-08-07T10:05:19.980Z
2021,교육대학,국립,대학,인천,기존,0000200,경인교육대학교,2,2683,36,1.34,657,18,2.74,2026-08-07T10:05:19.980Z
2021,전문대학,사립,전문대학,인천,기존,0000261,경인여자대학교,1,4943,249,5.04,1888,106,5.61,2026-08-07T10:05:19.980Z
2021,대학교,사립,대학,인천,기존,0000123,인천가톨릭대학교,2,841,39,4.64,176,17,9.66,2026-08-07T10:05:19.980Z
2021,대학교,국립대법인,대학,인천,기존,0000031,인천대학교,1,16066,590,3.67,2701,191,7.07,2026-08-07T10:05:19.980Z
2021,전문대학,사립,전문대학,인천,기존,0000587,인천재능대학교,1,5687,497,8.74,1752,195,11.13,2026-08-07T10:05:19.980Z
2021,전문대학,사립,전문대학,인천,기존,0000357,인하공업전문대학,1,11087,657,5.93,3246,198,6.1,2026-08-07T10:05:19.980Z
2021,대학교,사립,대학,인천,기존,0000124,인하대학교,1,25481,863,3.39,4143,344,8.3,2026-08-07T10:05:19.980Z
2021,기능대학,사립,전문대학,인천,기존,0000481,한국폴리텍 II 대학,1,55,2,3.64,30,1,3.33,2026-08-07T10:05:19.980Z
2021,기능대학,사립,전문대학,인천,기존,0000480,한국폴리텍 II 대학,1,3029,305,10.07,1004,117,11.65,2026-08-07T10:05:19.980Z
2021,전문대학,사립,전문대학,전남,기존,0000585,고구려대학교,1,1776,251,14.13,776,147,18.94,2026-08-07T10:05:19.980Z
2021,전문대학,사립,전문대학,전남,기존,0000266,광양보건대학교,1,454,71,15.64,60,6,10,2026-08-07T10:05:19.980Z
2021,대학교,사립,대학,전남,기존,0000054,광주가톨릭대학교,1,128,8,6.25,22,1,4.55,2026-08-07T10:05:19.980Z
2021,대학교,사립,대학,전남,기존,0000074,동신대학교,1,8098,820,10.13,1489,325,21.83,2026-08-07T10:05:19.980Z
2021,전문대학,사립,전문대학,전남,기존,0000532,동아보건대학교,1,1659,205,12.36,552,92,16.67,2026-08-07T10:05:19.980Z
2021,대학교,사립,대학,전남,기존,0000166,목포가톨릭대학교,1,570,17,2.98,124,3,2.42,2026-08-07T10:05:19.980Z
2021,전문대학,사립,전문대학,전남,기존,0000308,목포과학대학교,1,3225,446,13.83,966,107,11.08,2026-08-07T10:05:19.980Z
2021,대학교,국립,대학,전남,기존,0000576,목포대학교,1,9288,952,10.25,1538,107,6.96,2026-08-07T10:05:19.980Z
2021,대학교,국립,대학,전남,기존,0000577,목포해양대학교,1,3094,150,4.85,696,45,6.47,2026-08-07T10:05:19.980Z
2021,대학교,사립,대학,전남,기존,0000064,세한대학교,1,4653,585,12.57,858,118,13.75,2026-08-07T10:05:19.980Z
2021,대학교,국립,대학,전남,기존,0000579,순천대학교,1,9186,535,5.82,1582,73,4.61,2026-08-07T10:05:19.980Z
2021,전문대학,사립,전문대학,전남,기존,0000331,순천제일대학교,1,3734,456,12.21,1212,104,8.58,2026-08-07T10:05:19.980Z
2021,대학교,사립,대학,전남,기존,0000114,영산선학대학교,1,52,4,7.69,7,0,0,2026-08-07T10:05:19.980Z
2021,전문대학,사립,전문대학,전남,기존,0000360,전남과학대학교,1,4035,393,9.74,1531,171,11.17,2026-08-07T10:05:19.980Z
2021,전문대학,공립,전문대학,전남,기존,0000389,전남도립대학교,1,1688,275,16.29,595,99,16.64,2026-08-07T10:05:19.980Z
2021,전문대학,사립,전문대학,전남,기존,0000332,청암대학교,1,3252,199,6.12,908,111,12.22,2026-08-07T10:05:19.980Z
2021,대학교,사립,대학,전남,기존,0000190,초당대학교,1,4083,543,13.3,784,162,20.66,2026-08-07T10:05:19.980Z
2021,기능대학,사립,전문대학,전남,기존,0000543,한국폴리텍 V 대학,1,21,2,9.52,14,2,14.29,2026-08-07T10:05:19.980Z
2021,기능대학,사립,전문대학,전남,기존,0000554,한국폴리텍 V 대학,1,365,57,15.62,104,16,15.38,2026-08-07T10:05:19.980Z
2021,대학교,사립,대학,전남,폐교,0000186,한려대학교,1,424,25,5.9,60,3,5,2026-08-07T10:05:19.980Z
2021,전문대학,사립,전문대학,전남,기존,0000546,한영대학,1,1794,117,6.52,667,52,7.8,2026-08-07T10:05:19.980Z
2021,전문대학,사립,전문대학,전북,기존,0000250,군산간호대학교,1,1274,28,2.2,310,13,4.19,2026-08-07T10:05:19.980Z
2021,대학교,국립,대학,전북,기존,0000574,군산대학교,1,9632,731,7.59,1611,130,8.07,2026-08-07T10:05:19.980Z
2021,전문대학,사립,전문대학,전북,기존,0000270,군장대학교,1,2227,162,7.27,822,93,11.31,2026-08-07T10:05:19.980Z
2021,전문대학,사립,전문대학,전북,기존,0000311,백제예술대학교,1,1575,170,10.79,565,47,8.32,2026-08-07T10:05:19.980Z
2021,대학교,사립,대학,전북,기존,0000173,예수대학교,1,593,13,2.19,129,7,5.43,2026-08-07T10:05:19.980Z
2021,대학교,사립,대학,전북,기존,0000116,우석대학교,1,9445,749,7.93,1537,129,8.39,2026-08-07T10:05:19.980Z
2021,대학교,사립,대학,전북,기존,0000118,원광대학교,1,20622,1309,6.35,2962,185,6.25,2026-08-07T10:05:19.980Z
2021,사이버대학(대학),사립,대학,전북,기존,0000417,원광디지털대학교,1,6732,1186,17.62,1430,176,12.31,2026-08-07T10:05:19.980Z
2021,전문대학,사립,전문대학,전북,기존,0000354,원광보건대학교,1,6497,431,6.63,1795,101,5.63,2026-08-07T10:05:19.980Z
2021,전문대학,사립,전문대학,전북,기존,0000362,전북과학대학교,1,1868,109,5.84,730,55,7.53,2026-08-07T10:05:19.980Z
2021,대학교,국립,대학,전북,기존,0000017,전북대학교,1,24664,1083,4.39,4227,370,8.75,2026-08-07T10:05:19.980Z
2021,교육대학,국립,대학,전북,기존,0000201,전주교육대학교,1,1200,27,2.25,303,16,5.28,2026-08-07T10:05:19.980Z
2021,전문대학,사립,전문대학,전북,기존,0000274,전주기전대학,1,1900,234,12.32,687,96,13.97,2026-08-07T10:05:19.980Z
2021,대학교,사립,대학,전북,기존,0000126,전주대학교,1,15618,891,5.7,2647,128,4.84,2026-08-07T10:05:19.980Z
2021,전문대학,사립,전문대학,전북,기존,0000361,전주비전대학교,1,5052,332,6.57,1534,83,5.41,2026-08-07T10:05:19.980Z
2021,전문대학,특별법국립,전문대학,전북,기존,0000473,한국농수산대학,1,1934,60,3.1,684,25,3.65,2026-08-07T10:05:19.980Z
2021,기능대학,사립,전문대학,전북,기존,0000493,한국폴리텍 V 대학,1,175,19,10.86,67,8,11.94,2026-08-07T10:05:19.980Z
2021,기능대학,사립,전문대학,전북,기존,0000553,한국폴리텍 V 대학,1,693,79,11.4,208,25,12.02,2026-08-07T10:05:19.980Z
2021,대학교,사립,대학,전북,기존,0000155,한일장신대학교,1,1068,107,10.02,197,18,9.14,2026-08-07T10:05:19.980Z
2021,산업대학,사립,대학,전북,기존,0000223,호원대학교,1,6700,723,10.79,1217,144,11.83,2026-08-07T10:05:19.980Z
2021,전문대학,사립,전문대학,제주,기존,0000363,제주관광대학교,1,2738,421,15.38,756,139,18.39,2026-08-07T10:05:19.980Z
2021,대학교,사립,대학,제주,기존,0000192,제주국제대학교,1,1154,218,18.89,112,34,30.36,2026-08-07T10:05:19.980Z
2021,대학교,국립,대학,제주,기존,0000018,제주대학교,1,13799,704,5.1,2286,147,6.43,2026-08-07T10:05:19.980Z
2021,전문대학,사립,전문대학,제주,기존,0000382,제주한라대학교,1,9653,574,5.95,1811,166,9.17,2026-08-07T10:05:19.980Z
2021,기능대학,사립,전문대학,제주,기존,0000535,한국폴리텍 I 대학,1,61,19,31.15,30,5,16.67,2026-08-07T10:05:19.980Z
2021,교육대학,국립,대학,충남,기존,0000195,공주교육대학교,1,1493,73,4.89,381,48,12.6,2026-08-07T10:05:19.980Z
2021,대학교,국립,대학,충남,기존,0000573,공주대학교,1,16478,795,4.82,3177,234,7.37,2026-08-07T10:05:19.980Z
2021,사이버대학(대학),사립,대학,충남,기존,0000424,글로벌사이버대학교,1,2553,411,16.1,720,148,20.56,2026-08-07T10:05:19.980Z
2021,대학교,사립,대학,충남,기존,0000169,금강대학교,1,443,54,12.19,29,9,31.03,2026-08-07T10:05:19.980Z
2021,대학교,사립,대학,충남,기존,0000059,나사렛대학교,1,6587,376,5.71,1242,56,4.51,2026-08-07T10:05:19.980Z
2021,대학교,사립,대학,충남,기존,0000189,남서울대학교,1,12556,676,5.38,2367,118,4.99,2026-08-07T10:05:19.980Z
2021,대학교,사립,대학,충남,기존,0000131,백석대학교,1,15678,777,4.96,3211,174,5.42,2026-08-07T10:05:19.980Z
2021,전문대학,사립,전문대학,충남,기존,0000373,백석문화대학교,1,6998,617,8.82,1738,160,9.21,2026-08-07T10:05:19.980Z
2021,대학교,사립,대학,충남,기존,0000085,상명대학교,2,16951,908,5.36,3054,229,7.5,2026-08-07T10:05:19.980Z
2021,대학교,사립,대학,충남,기존,0000094,선문대학교,1,12775,724,5.67,2369,194,8.19,2026-08-07T10:05:19.980Z
2021,대학교,사립,대학,충남,기존,0000104,순천향대학교,1,14075,647,4.6,2636,186,7.06,2026-08-07T10:05:19.980Z
2021,전문대학,사립,전문대학,충남,기존,0000335,신성대학교,1,4835,441,9.12,1282,104,8.11,2026-08-07T10:05:19.980Z
2021,전문대학,사립,전문대학,충남,기존,000568,아주자동차대학,1,2117,108,5.1,371,44,11.86,2026-08-07T10:05:19.980Z
2021,전문대학,사립,전문대학,충남,기존,0000529,연암대학교,1,1516,68,4.49,575,19,3.3,2026-08-07T10:05:19.980Z
2021,대학교,사립,대학,충남,기존,0000128,중부대학교,1,11857,988,8.33,1873,116,6.19,2026-08-07T10:05:19.980Z
2021,산업대학,사립,대학,충남,기존,0000225,청운대학교,1,7839,535,6.82,1162,102,8.78,2026-08-07T10:05:19.980Z
2021,전문대학,공립,전문대학,충남,기존,0000519,충남도립대학교,1,1507,98,6.5,477,38,7.97,2026-08-07T10:05:19.980Z
2021,대학교,사립,대학,충남,기존,0000141,한국기술교육대학교,1,6012,239,3.98,986,68,6.9,2026-08-07T10:05:19.980Z
2021,대학교,특별법국립,대학,충남,기존,0000472,한국전통문화대학교,1,767,22,2.87,146,5,3.42,2026-08-07T10:05:19.980Z
2021,기능대학,사립,전문대학,충남,기존,0000500,한국폴리텍 특성화대학,1,584,39,6.68,211,21,9.95,2026-08-07T10:05:19.980Z
2021,기능대학,사립,전문대학,충남,기존,0000487,한국폴리텍 IV 대학,1,801,71,8.86,247,27,10.93,2026-08-07T10:05:19.980Z
2021,기능대학,사립,전문대학,충남,기존,0000588,한국폴리텍 IV 대학,1,330,16,4.85,66,5,7.58,2026-08-07T10:05:19.980Z
2021,대학교,사립,대학,충남,기존,0000149,한서대학교,1,9190,606,6.59,1628,168,10.32,2026-08-07T10:05:19.980Z
2021,전문대학,사립,전문대학,충남,기존,0000386,혜전대학교,1,3373,226,6.7,951,62,6.52,2026-08-07T10:05:19.980Z
2021,대학교,사립,대학,충남,기존,0000159,호서대학교,1,16469,820,4.98,3041,211,6.94,2026-08-07T10:05:19.980Z
2021,전문대학,사립,전문대학,충북,기존,0000271,강동대학교,1,4526,536,11.84,1207,132,10.94,2026-08-07T10:05:19.980Z
2021,대학교,사립,대학,충북,기존,0000058,극동대학교,1,4843,323,6.67,621,21,3.38,2026-08-07T10:05:19.980Z
2021,대학교,사립,대학,충북,기존,0000557,꽃동네대학교,1,567,13,2.29,108,5,4.63,2026-08-07T10:05:19.980Z
2021,전문대학,사립,전문대학,충북,기존,0000286,대원대학교,1,2861,210,7.34,861,60,6.97,2026-08-07T10:05:19.980Z
2021,대학교,사립,대학,충북,기존,0000093,서원대학교,1,8733,516,5.91,1663,109,6.55,2026-08-07T10:05:19.980Z
2021,대학교,사립,대학,충북,기존,0000099,세명대학교,1,10077,626,6.21,1533,106,6.91,2026-08-07T10:05:19.980Z
2021,각종학교(대학),사립,대학,충북,기존,0000404,순복음총회신학교,1,199,72,36.18,23,8,34.78,2026-08-07T10:05:19.980Z
2021,대학교,사립,대학,충북,기존,0000113,유원대학교,1,4881,465,9.53,732,43,5.87,2026-08-07T10:05:19.980Z
2021,대학교,사립,대학,충북,기존,0000183,중원대학교,1,5216,699,13.4,899,113,12.57,2026-08-07T10:05:19.980Z
2021,교육대학,국립,대학,충북,기존,0000204,청주교육대학교,1,1216,24,1.97,312,12,3.85,2026-08-07T10:05:19.980Z
2021,대학교,사립,대학,충북,기존,0000132,청주대학교,1,15930,681,4.27,2760,122,4.42,2026-08-07T10:05:19.980Z
2021,대학교,국립,대학,충북,기존,0000021,충북대학교,1,17986,679,3.78,3026,222,7.34,2026-08-07T10:05:19.980Z
2021,전문대학,공립,전문대학,충북,기존,0000544,충북도립대학,1,1173,102,8.7,395,39,9.87,2026-08-07T10:05:19.980Z
2021,전문대학,사립,전문대학,충북,기존,0000367,충북보건과학대학교,1,3646,291,7.98,1020,72,7.06,2026-08-07T10:05:19.980Z
2021,전문대학,사립,전문대학,충북,기존,0000377,충청대학교,1,5175,418,8.08,1388,103,7.42,2026-08-07T10:05:19.980Z
2021,대학교,국립,대학,충북,기존,0000022,한국교원대학교,1,2649,61,2.3,585,38,6.5,2026-08-07T10:05:19.980Z
2021,대학교,국립,대학,충북,기존,0000582,한국교통대학교,1,11793,613,5.2,2116,149,7.04,2026-08-07T10:05:19.980Z
2021,기능대학,사립,전문대학,충북,기존,0000485,한국폴리텍 IV 대학,1,1177,91,7.73,383,39,10.18,2026-08-07T10:05:19.980Z
2022,대학교,사립,대학,강원,기존,0000513,가톨릭관동대학교,1,10959,850,7.76,1563,157,10.04,2026-08-07T10:05:19.980Z
2022,전문대학,사립,전문대학,강원,기존,0000347,강릉영동대학교,3,12316,672,5.46,2893,356,12.31,2026-08-07T10:05:19.980Z
2022,대학교,국립,대학,강원,기존,0000572,강릉원주대학교,2,10257,586,5.71,1807,119,6.59,2026-08-07T10:05:19.980Z
2022,전문대학,사립,전문대학,강원,폐교,0000378,강원관광대학교,1,504,43,8.53,104,11,10.58,2026-08-07T10:05:19.980Z
2022,대학교,국립,대학,강원,기존,0000002,강원대학교,2,28974,1309,4.52,4819,387,8.03,2026-08-07T10:05:19.980Z
2022,전문대학,공립,전문대학,강원,기존,0000531,강원도립대학교,3,2729,346,12.68,905,79,8.73,2026-08-07T10:05:19.980Z
2022,대학교,사립,대학,강원,기존,0000086,상지대학교,1,9482,819,8.64,1540,189,12.27,2026-08-07T10:05:19.980Z
2022,전문대학,사립,전문대학,강원,폐교,0000319,상지영서대학교,3,961,168,17.48,0,0,0,2026-08-07T10:05:19.980Z
2022,전문대학,사립,전문대학,강원,기존,0000348,세경대학교,3,3097,401,12.95,1187,133,11.2,2026-08-07T10:05:19.980Z
2022,전문대학,사립,전문대학,강원,기존,0000393,송곡대학교,3,2749,438,15.93,837,177,21.15,2026-08-07T10:05:19.980Z
2022,전문대학,사립,전문대학,강원,기존,0000390,송호대학교,3,2889,393,13.6,1062,122,11.49,2026-08-07T10:05:19.980Z
2022,교육대학,국립,대학,강원,기존,0000205,춘천교육대학교,1,1330,52,3.91,337,33,9.79,2026-08-07T10:05:19.980Z
2022,전문대학,사립,전문대학,강원,기존,0000542,한국골프대학,3,2013,260,12.92,562,33,5.87,2026-08-07T10:05:19.980Z
2022,기능대학,사립,전문대학,강원,기존,0000483,한국폴리텍 III 대학,3,504,57,11.31,174,19,10.92,2026-08-07T10:05:19.980Z
2022,기능대학,사립,전문대학,강원,기존,0000517,한국폴리텍 III 대학,3,434,58,13.36,159,24,15.09,2026-08-07T10:05:19.980Z
2022,기능대학,사립,전문대학,강원,기존,0000482,한국폴리텍 III 대학,3,986,90,9.13,328,41,12.5,2026-08-07T10:05:19.980Z
2022,대학교,사립,대학,강원,기존,0000147,한라대학교,1,4479,347,7.75,577,59,10.23,2026-08-07T10:05:19.980Z
2022,대학교,사립,대학,강원,기존,0000148,한림대학교,1,10365,448,4.32,1873,111,5.93,2026-08-07T10:05:19.980Z
2022,전문대학,사립,전문대학,강원,기존,0000383,한림성심대학교,3,11088,868,7.83,3055,177,5.79,2026-08-07T10:05:19.980Z
2022,대학교,사립,대학,경기,기존,0000044,가천대학교,1,26126,945,3.62,4675,330,7.06,2026-08-07T10:05:19.980Z
2022,대학교,사립,대학,경기,기존,0000034,가톨릭대학교,3,10660,371,3.48,2003,136,6.79,2026-08-07T10:05:19.980Z
2022,대학교,사립,대학,경기,기존,0000036,강남대학교,1,8713,476,5.46,1589,142,8.94,2026-08-07T10:05:19.980Z
2022,전문대학,사립,전문대학,경기,기존,0000387,경기과학기술대학교,3,21022,1766,8.4,6041,520,8.61,2026-08-07T10:05:19.980Z
2022,대학교,사립,대학,경기,기존,0000039,경기대학교,2,18688,782,4.18,3181,209,6.57,2026-08-07T10:05:19.980Z
2022,대학교,사립,대학,경기,기존,0000041,경동대학교,3,9123,574,6.29,1755,120,6.84,2026-08-07T10:05:19.980Z
2022,전문대학,사립,전문대학,경기,기존,0000255,경민대학교,3,19183,1140,5.94,5668,363,6.4,2026-08-07T10:05:19.980Z
2022,전문대학,사립,전문대학,경기,기존,0000259,경복대학교,3,23547,1515,6.43,7230,440,6.09,2026-08-07T10:05:19.980Z
2022,전문대학,사립,전문대학,경기,기존,0000264,계원예술대학교,3,11468,863,7.53,3721,304,8.17,2026-08-07T10:05:19.980Z
2022,전문대학,사립,전문대학,경기,기존,0000379,국제대학교,3,11372,1749,15.38,3470,681,19.63,2026-08-07T10:05:19.980Z
2022,사이버대학(대학),사립,대학,경기,기존,0000409,국제사이버대학교,1,3882,646,16.64,984,205,20.83,2026-08-07T10:05:19.980Z
2022,전문대학,사립,전문대학,경기,기존,0000277,김포대학교,3,7869,1099,13.97,2229,283,12.7,2026-08-07T10:05:19.980Z
2022,전문대학,사립,전문대학,경기,기존,0000278,농협대학교,3,1455,50,3.44,452,20,4.42,2026-08-07T10:05:19.980Z
2022,대학교,사립,대학,경기,기존,0000060,단국대학교,2,29671,1119,3.77,5139,404,7.86,2026-08-07T10:05:19.980Z
2022,전문대학,사립,전문대학,경기,기존,0000285,대림대학교,3,30862,2075,6.72,9310,676,7.26,2026-08-07T10:05:19.980Z
2022,대학교,사립,대학,경기,기존,0000068,대진대학교,1,10209,509,4.99,1900,168,8.84,2026-08-07T10:05:19.980Z
2022,전문대학,사립,전문대학,경기,기존,0000294,동남보건대학교,3,16998,1086,6.39,5404,525,9.72,2026-08-07T10:05:19.980Z
2022,전문대학,사립,전문대학,경기,기존,0000287,동서울대학교,3,24389,2323,9.52,8225,835,10.15,2026-08-07T10:05:19.980Z
2022,전문대학,사립,전문대학,경기,기존,0000298,동아방송예술대학교,3,12578,688,5.47,3593,218,6.07,2026-08-07T10:05:19.980Z
2022,전문대학,사립,전문대학,경기,기존,0000302,동원대학교,3,11276,1487,13.19,3943,460,11.67,2026-08-07T10:05:19.980Z
2022,전문대학,사립,전문대학,경기,기존,0000305,두원공과대학교,3,11046,1356,12.28,2288,227,9.92,2026-08-07T10:05:19.980Z
2022,대학교,사립,대학,경기,기존,0000078,루터대학교,1,393,48,12.21,88,14,15.91,2026-08-07T10:05:19.980Z
2022,대학교,사립,대학,경기,기존,0000079,명지대학교,2,19426,890,4.58,3101,264,8.51,2026-08-07T10:05:19.980Z
2022,전문대학,사립,전문대학,경기,기존,0000316,부천대학교,3,29616,1819,6.14,9955,693,6.96,2026-08-07T10:05:19.980Z
2022,대학교,사립,대학,경기,기존,0000090,서울신학대학교,1,2573,153,5.95,479,42,8.77,2026-08-07T10:05:19.980Z
2022,전문대학,사립,전문대학,경기,기존,0000323,서울예술대학교,3,12443,394,3.17,3447,64,1.86,2026-08-07T10:05:19.980Z
2022,대학교,사립,대학,경기,기존,0000092,서울장신대학교,1,453,36,7.95,68,5,7.35,2026-08-07T10:05:19.980Z
2022,전문대학,사립,전문대학,경기,기존,0000392,서정대학교,3,29713,1982,6.67,9285,603,6.49,2026-08-07T10:05:19.980Z
2022,대학교,사립,대학,경기,기존,0000095,성결대학교,1,7056,379,5.37,1297,109,8.4,2026-08-07T10:05:19.980Z
2022,대학교,사립,대학,경기,기존,0000101,수원가톨릭대학교,1,171,9,5.26,24,0,0,2026-08-07T10:05:19.980Z
2022,전문대학,사립,전문대학,경기,기존,0000330,수원과학대학교,3,15346,1883,12.27,3905,595,15.24,2026-08-07T10:05:19.980Z
2022,대학교,사립,대학,경기,기존,0000102,수원대학교,1,11964,702,5.87,2249,216,9.6,2026-08-07T10:05:19.980Z
2022,전문대학,사립,전문대학,경기,기존,0000329,수원여자대학교,3,12339,890,7.21,4645,424,9.13,2026-08-07T10:05:19.980Z
2022,대학교,사립,대학,경기,기존,000567,신경대학교,1,586,53,9.04,71,10,14.08,2026-08-07T10:05:19.980Z
2022,전문대학,사립,전문대학,경기,기존,0000334,신구대학교,3,24452,2067,8.45,8534,844,9.89,2026-08-07T10:05:19.980Z
2022,전문대학,사립,전문대학,경기,기존,0000339,신안산대학교,3,10458,1487,14.22,3133,430,13.72,2026-08-07T10:05:19.980Z
2022,대학교,사립,대학,경기,기존,000509,신한대학교,2,8295,425,5.12,1496,101,6.75,2026-08-07T10:05:19.980Z
2022,대학교,사립,대학,경기,기존,0000558,아신대학교,1,573,63,10.99,50,7,14,2026-08-07T10:05:19.980Z
2022,대학교,사립,대학,경기,기존,0000108,아주대학교,1,13541,464,3.43,2176,171,7.86,2026-08-07T10:05:19.980Z
2022,전문대학,사립,전문대학,경기,기존,0000340,안산대학교,3,16431,1170,7.12,5665,496,8.76,2026-08-07T10:05:19.980Z
2022,대학교,사립,대학,경기,기존,0000109,안양대학교,2,6520,337,5.17,1220,93,7.62,2026-08-07T10:05:19.980Z
2022,전문대학,사립,전문대학,경기,기존,0000343,여주대학교,3,15037,1383,9.2,3915,307,7.84,2026-08-07T10:05:19.980Z
2022,전문대학,사립,전문대학,경기,기존,0000341,연성대학교,3,25011,1483,5.93,8097,575,7.1,2026-08-07T10:05:19.980Z
2022,대학교,사립,대학,경기,기존,0000164,예원예술대학교,2,1819,204,11.21,293,30,10.24,2026-08-07T10:05:19.980Z
2022,전문대학,사립,전문대학,경기,기존,0000350,오산대학교,3,18368,1713,9.33,6065,531,8.76,2026-08-07T10:05:19.980Z
2022,대학교,사립,대학,경기,기존,0000115,용인대학교,1,7755,462,5.96,1340,96,7.16,2026-08-07T10:05:19.980Z
2022,전문대학,사립,전문대학,경기,기존,0000559,용인예술과학대학교,3,11670,1339,11.47,3337,345,10.34,2026-08-07T10:05:19.980Z
2022,전문대학,사립,전문대학,경기,기존,0000394,웅지세무대학교,3,2790,406,14.55,360,56,15.56,2026-08-07T10:05:19.980Z
2022,전문대학,사립,전문대학,경기,기존,0000355,유한대학교,3,21703,1538,7.09,6158,436,7.08,2026-08-07T10:05:19.980Z
2022,대학교,사립,대학,경기,기존,0000120,을지대학교,3,5461,190,3.48,1123,61,5.43,2026-08-07T10:05:19.980Z
2022,전문대학,사립,전문대학,경기,기존,0000358,장안대학교,3,11484,1641,14.29,2931,354,12.08,2026-08-07T10:05:19.980Z
2022,대학교,사립,대학,경기,기존,0000130,중앙승가대학교,1,108,16,14.81,19,6,31.58,2026-08-07T10:05:19.980Z
2022,대학교,사립,대학,경기,기존,0000139,차의과학대학교,1,2658,155,5.83,539,68,12.62,2026-08-07T10:05:19.980Z
2022,전문대학,사립,전문대학,경기,기존,0000374,청강문화산업대학교,3,15317,592,3.86,4267,124,2.91,2026-08-07T10:05:19.980Z
2022,대학교,사립,대학,경기,기존,0000136,칼빈대학교,1,563,64,11.37,98,7,7.14,2026-08-07T10:05:19.980Z
2022,대학교,사립,대학,경기,기존,0000138,평택대학교,1,4456,396,8.89,813,94,11.56,2026-08-07T10:05:19.980Z
2022,대학교,국립,대학,경기,기존,0000568,한경대학교,1,6971,439,6.3,1207,105,8.7,2026-08-07T10:05:19.980Z
2022,전문대학,사립,전문대학,경기,기존,0000391,한국관광대학교,3,6006,465,7.74,1753,120,6.85,2026-08-07T10:05:19.980Z
2022,전문대학,국립,전문대학,경기,폐교,0000248,한국복지대학교,3,1857,162,8.72,421,23,5.46,2026-08-07T10:05:19.980Z
2022,대학교,사립,대학,경기,기존,0000562,한국산업기술대학교,1,9826,502,5.11,1834,166,9.05,2026-08-07T10:05:19.980Z
2022,기능대학,사립,전문대학,경기,기존,0000479,한국폴리텍 I 대학,3,2895,414,14.3,923,156,16.9,2026-08-07T10:05:19.980Z
2022,기능대학,사립,전문대학,경기,기존,0000555,한국폴리텍 II 대학,3,94,19,20.21,59,16,27.12,2026-08-07T10:05:19.980Z
2022,기능대학,사립,전문대학,경기,기존,0000548,한국폴리텍 II 대학,3,2168,258,11.9,633,90,14.22,2026-08-07T10:05:19.980Z
2022,대학교,사립,대학,경기,기존,0000144,한국항공대학교,1,5917,231,3.9,993,78,7.85,2026-08-07T10:05:19.980Z
2022,대학교,사립,대학,경기,기존,0000151,한세대학교,1,3304,188,5.69,611,53,8.67,2026-08-07T10:05:19.980Z
2022,대학교,사립,대학,경기,기존,0000152,한신대학교,1,7588,483,6.37,1240,84,6.77,2026-08-07T10:05:19.980Z
2022,대학교,사립,대학,경기,기존,0000156,협성대학교,1,5383,346,6.43,1070,94,8.79,2026-08-07T10:05:19.980Z
2022,기능대학,사립,전문대학,경기,기존,0000516,ICT폴리텍대학,3,1419,183,12.9,455,64,14.07,2026-08-07T10:05:19.980Z
2022,대학교,사립,대학,경남,기존,0000032,가야대학교,1,2355,218,9.26,383,36,9.4,2026-08-07T10:05:19.980Z
2022,전문대학,사립,전문대학,경남,기존,0000251,거제대학교,3,3828,286,7.47,1143,90,7.87,2026-08-07T10:05:19.980Z
2022,대학교,국립,대학,경남,폐교,0000026,경남과학기술대학교,1,5444,286,5.25,0,0,0,2026-08-07T10:05:19.980Z
2022,대학교,사립,대학,경남,기존,0000040,경남대학교,1,14486,935,6.45,1920,114,5.94,2026-08-07T10:05:19.980Z
2022,전문대학,공립,전문대학,경남,기존,0000242,경남도립거창대학,3,3401,260,7.64,1156,66,5.71,2026-08-07T10:05:19.980Z
2022,전문대학,공립,전문대학,경남,기존,0000243,경남도립남해대학,3,3366,377,11.2,1138,112,9.84,2026-08-07T10:05:19.980Z
2022,대학교,국립,대학,경남,기존,0000556,경상대학교,1,19312,925,4.79,4512,306,6.78,2026-08-07T10:05:19.980Z
2022,전문대학,사립,전문대학,경남,기존,0000395,김해대학교,3,5011,389,7.76,1524,153,10.04,2026-08-07T10:05:19.980Z
2022,전문대학,사립,전문대학,경남,기존,0000342,동원과학기술대학교,3,8795,720,8.19,2870,306,10.66,2026-08-07T10:05:19.980Z
2022,전문대학,사립,전문대학,경남,기존,0000306,마산대학교,3,19566,1465,7.49,6083,505,8.3,2026-08-07T10:05:19.980Z
2022,대학교,사립,대학,경남,기존,0000167,부산장신대학교,1,180,26,14.44,32,3,9.38,2026-08-07T10:05:19.980Z
2022,전문대학,사립,전문대학,경남,기존,0000530,연암공과대학교,3,6763,528,7.81,1541,74,4.8,2026-08-07T10:05:19.980Z
2022,대학교,사립,대학,경남,기존,0000122,인제대학교,1,10615,700,6.59,1540,108,7.01,2026-08-07T10:05:19.980Z
2022,교육대학,국립,대학,경남,기존,0000203,진주교육대학교,1,1332,25,1.88,338,19,5.62,2026-08-07T10:05:19.980Z
2022,전문대학,사립,전문대학,경남,기존,0000369,진주보건대학교,3,8508,437,5.14,2384,141,5.91,2026-08-07T10:05:19.980Z
2022,대학교,사립,대학,경남,기존,0000193,창신대학교,1,2170,216,9.95,343,26,7.58,2026-08-07T10:05:19.980Z
2022,대학교,국립,대학,경남,기존,0000581,창원대학교,1,10637,564,5.3,1867,126,6.75,2026-08-07T10:05:19.980Z
2022,전문대학,사립,전문대학,경남,기존,0000528,창원문성대학교,3,5477,1408,25.71,1059,120,11.33,2026-08-07T10:05:19.980Z
2022,전문대학,사립,전문대학,경남,기존,0000396,한국승강기대학교,3,3477,314,9.03,842,100,11.88,2026-08-07T10:05:19.980Z
2022,기능대학,사립,전문대학,경남,기존,0000503,한국폴리텍 특성화대학,3,1675,231,13.79,370,51,13.78,2026-08-07T10:05:19.980Z
2022,기능대학,사립,전문대학,경남,기존,0000563,한국폴리텍 VII 대학,3,20,6,30,13,6,46.15,2026-08-07T10:05:19.980Z
2022,기능대학,사립,전문대학,경남,기존,0000496,한국폴리텍 VII 대학,3,6365,515,8.09,2214,189,8.54,2026-08-07T10:05:19.980Z
2022,전문대학,사립,전문대학,경북,기존,0000249,가톨릭상지대학교,3,6864,616,8.97,2237,206,9.21,2026-08-07T10:05:19.980Z
2022,전문대학,사립,전문대학,경북,기존,0000293,경북과학대학교,3,5995,640,10.68,2534,382,15.07,2026-08-07T10:05:19.980Z
2022,전문대학,공립,전문대학,경북,폐교,0000244,경북도립대학교,3,3128,348,11.13,973,101,10.38,2026-08-07T10:05:19.980Z
2022,전문대학,사립,전문대학,경북,기존,0000523,경북보건대학교,3,4395,234,5.32,1248,112,8.97,2026-08-07T10:05:19.980Z
2022,전문대학,사립,전문대학,경북,기존,0000258,경북전문대학교,3,9645,603,6.25,3358,187,5.57,2026-08-07T10:05:19.980Z
2022,대학교,사립,대학,경북,기존,0000188,경운대학교,1,5772,624,10.81,1131,169,14.94,2026-08-07T10:05:19.980Z
2022,대학교,사립,대학,경북,기존,0000045,경일대학교,1,9311,778,8.36,1645,198,12.04,2026-08-07T10:05:19.980Z
2022,대학교,사립,대학,경북,기존,0000586,경주대학교,1,957,252,26.33,214,108,50.47,2026-08-07T10:05:19.980Z
2022,전문대학,사립,전문대학,경북,기존,0000268,구미대학교,3,20272,1677,8.27,7464,645,8.64,2026-08-07T10:05:19.980Z
2022,대학교,국립,대학,경북,기존,0000575,금오공과대학교,1,7716,385,4.99,1313,74,5.64,2026-08-07T10:05:19.980Z
2022,대학교,사립,대학,경북,기존,0000185,김천대학교,1,3325,458,13.77,645,178,27.6,2026-08-07T10:05:19.980Z
2022,전문대학,사립,전문대학,경북,기존,0000279,대경대학교,3,13466,1804,13.4,5102,692,13.56,2026-08-07T10:05:19.980Z
2022,대학교,사립,대학,경북,기존,0000063,대구가톨릭대학교,1,15333,988,6.44,2760,188,6.81,2026-08-07T10:05:19.980Z
2022,대학교,사립,대학,경북,기존,0000061,대구대학교,1,22207,1480,6.66,3819,237,6.21,2026-08-07T10:05:19.980Z
2022,사이버대학(대학),사립,대학,경북,기존,0000410,대구사이버대학교,1,5717,1064,18.61,1808,293,16.21,2026-08-07T10:05:19.980Z
2022,대학교,사립,대학,경북,기존,0000062,대구예술대학교,1,1004,155,15.44,77,9,11.69,2026-08-07T10:05:19.980Z
2022,대학교,사립,대학,경북,기존,0000042,대구한의대학교,1,8113,673,8.3,1612,228,14.14,2026-08-07T10:05:19.980Z
2022,대학교,사립,대학,경북,기존,0000065,대신대학교,1,605,50,8.26,117,7,5.98,2026-08-07T10:05:19.980Z
2022,대학교,사립,대학,경북,기존,0000076,동양대학교,1,5159,469,9.09,994,119,11.97,2026-08-07T10:05:19.980Z
2022,전문대학,사립,전문대학,경북,기존,0000309,문경대학교,3,2958,240,8.11,753,70,9.3,2026-08-07T10:05:19.980Z
2022,전문대학,사립,전문대학,경북,폐교,0000262,서라벌대학교,3,1823,160,8.78,464,58,12.5,2026-08-07T10:05:19.980Z
2022,전문대학,사립,전문대학,경북,기존,0000380,선린대학교,3,7578,575,7.59,2246,202,8.99,2026-08-07T10:05:19.980Z
2022,전문대학,사립,전문대학,경북,기존,0000547,성덕대학교,3,4792,519,10.83,2341,312,13.33,2026-08-07T10:05:19.980Z
2022,전문대학,사립,전문대학,경북,기존,0000338,안동과학대학교,3,7868,611,7.77,2403,137,5.7,2026-08-07T10:05:19.980Z
2022,대학교,국립,대학,경북,기존,0000580,안동대학교,1,7414,488,6.58,1188,88,7.41,2026-08-07T10:05:19.980Z
2022,대학교,사립,대학,경북,기존,0000111,영남대학교,1,28429,1283,4.51,4859,282,5.8,2026-08-07T10:05:19.980Z
2022,대학교,사립,대학,경북,기존,0000112,영남신학대학교,1,501,40,7.98,100,12,12,2026-08-07T10:05:19.980Z
2022,전문대학,사립,전문대학,경북,기존,0000257,영남외국어대학,3,1381,122,8.83,623,87,13.96,2026-08-07T10:05:19.980Z
2022,대학교,사립,대학,경북,기존,0000119,위덕대학교,1,3317,437,13.17,693,133,19.19,2026-08-07T10:05:19.980Z
2022,대학교,사립,대학,경북,기존,0000140,포항공과대학교,1,1675,36,2.15,329,18,5.47,2026-08-07T10:05:19.980Z
2022,전문대학,사립,전문대학,경북,기존,0000381,포항대학교,3,5872,612,10.42,1953,228,11.67,2026-08-07T10:05:19.980Z
2022,사이버대학(전문대학),사립,전문대학,경북,기존,0000407,한국복지사이버대학,3,8188,1229,15.01,3648,433,11.87,2026-08-07T10:05:19.980Z
2022,기능대학,사립,전문대학,경북,기존,0000552,한국폴리텍 특성화대학,3,496,62,12.5,238,38,15.97,2026-08-07T10:05:19.980Z
2022,기능대학,사립,전문대학,경북,기존,0000495,한국폴리텍 VI 대학,3,2031,246,12.11,740,92,12.43,2026-08-07T10:05:19.980Z
2022,기능대학,사립,전문대학,경북,기존,0000504,한국폴리텍 VI 대학,3,183,23,12.57,72,6,8.33,2026-08-07T10:05:19.980Z
2022,대학교,사립,대학,경북,기존,0000146,한동대학교,1,5333,157,2.94,813,14,1.72,2026-08-07T10:05:19.980Z
2022,전문대학,사립,전문대학,경북,기존,0000522,호산대학교,3,6876,608,8.84,2414,259,10.73,2026-08-07T10:05:19.980Z
2022,대학교,사립,대학,광주,기존,0000052,광신대학교,1,534,54,10.11,122,26,21.31,2026-08-07T10:05:19.980Z
2022,대학교,특별법법인,대학,광주,기존,0000469,광주과학기술원,1,1009,48,4.76,218,17,7.8,2026-08-07T10:05:19.980Z
2022,교육대학,국립,대학,광주,기존,0000196,광주교육대학교,1,1337,36,2.69,347,30,8.65,2026-08-07T10:05:19.980Z
2022,대학교,사립,대학,광주,기존,0000176,광주대학교,1,8209,963,11.73,1560,386,24.74,2026-08-07T10:05:19.980Z
2022,전문대학,사립,전문대학,광주,기존,0000267,광주보건대학교,3,13727,859,6.26,4212,250,5.94,2026-08-07T10:05:19.980Z
2022,대학교,사립,대학,광주,기존,0000055,광주여자대학교,1,3982,301,7.56,908,145,15.97,2026-08-07T10:05:19.980Z
2022,전문대학,사립,전문대학,광주,기존,0000273,기독간호대학교,3,1983,43,2.17,496,19,3.83,2026-08-07T10:05:19.980Z
2022,대학교,사립,대학,광주,기존,0000162,남부대학교,1,3609,304,8.42,636,79,12.42,2026-08-07T10:05:19.980Z
2022,전문대학,사립,전문대학,광주,기존,0000297,동강대학교,3,8760,1269,14.49,3297,666,20.2,2026-08-07T10:05:19.980Z
2022,전문대학,사립,전문대학,광주,기존,0000320,서영대학교,3,20984,1455,6.93,6575,526,8,2026-08-07T10:05:19.980Z
2022,대학교,사립,대학,광주,기존,0000187,송원대학교,1,3713,610,16.43,733,186,25.38,2026-08-07T10:05:19.980Z
2022,대학교,국립,대학,광주,기존,0000016,전남대학교,2,25646,1168,4.55,4583,394,8.6,2026-08-07T10:05:19.980Z
2022,전문대학,사립,전문대학,광주,기존,0000366,조선간호대학교,3,2459,56,2.28,579,25,4.32,2026-08-07T10:05:19.980Z
2022,대학교,사립,대학,광주,기존,0000127,조선대학교,1,25907,1308,5.05,4652,262,5.63,2026-08-07T10:05:19.980Z
2022,전문대학,사립,전문대학,광주,기존,0000365,조선이공대학교,3,14280,1430,10.01,4417,390,8.83,2026-08-07T10:05:19.980Z
2022,기능대학,사립,전문대학,광주,기존,0000489,한국폴리텍 V 대학,3,3855,295,7.65,1217,116,9.53,2026-08-07T10:05:19.980Z
2022,대학교,사립,대학,광주,기존,0000157,호남대학교,1,8926,671,7.52,1549,133,8.59,2026-08-07T10:05:19.980Z
2022,대학교,사립,대학,광주,기존,0000158,호남신학대학교,1,814,40,4.91,119,12,10.08,2026-08-07T10:05:19.980Z
2022,대학교,국립,대학,대구,기존,0000003,경북대학교,1,28693,1167,4.07,5006,461,9.21,2026-08-07T10:05:19.980Z
2022,대학교,사립,대학,대구,기존,0000048,계명대학교,1,29306,1513,5.16,4898,284,5.8,2026-08-07T10:05:19.980Z
2022,전문대학,사립,전문대학,대구,기존,0000263,계명문화대학교,3,18677,1845,9.88,6387,537,8.41,2026-08-07T10:05:19.980Z
2022,대학교,특별법법인,대학,대구,기존,0000470,대구경북과학기술원,1,1052,29,2.76,222,17,7.66,2026-08-07T10:05:19.980Z
2022,전문대학,사립,전문대학,대구,기존,0000280,대구공업대학교,3,4757,751,15.79,1801,249,13.83,2026-08-07T10:05:19.980Z
2022,전문대학,사립,전문대학,대구,기존,0000283,대구과학대학교,3,14703,1322,8.99,5498,560,10.19,2026-08-07T10:05:19.980Z
2022,교육대학,국립,대학,대구,기존,0000197,대구교육대학교,1,1606,42,2.62,420,26,6.19,2026-08-07T10:05:19.980Z
2022,전문대학,사립,전문대학,대구,기존,0000281,대구보건대학교,3,25133,1752,6.97,8108,616,7.6,2026-08-07T10:05:19.980Z
2022,전문대학,사립,전문대학,대구,기존,0000282,수성대학교,3,12711,1093,8.6,4421,421,9.52,2026-08-07T10:05:19.980Z
2022,전문대학,사립,전문대학,대구,기존,0000346,영남이공대학교,3,24291,2227,9.17,8140,707,8.69,2026-08-07T10:05:19.980Z
2022,사이버대학(전문대학),사립,전문대학,대구,기존,0000406,영진사이버대학,3,12354,739,5.98,4860,192,3.95,2026-08-07T10:05:19.980Z
2022,전문대학,사립,전문대학,대구,기존,0000349,영진전문대학교,3,30637,3476,11.35,10026,1210,12.07,2026-08-07T10:05:19.980Z
2022,기능대학,사립,전문대학,대구,기존,0000549,한국폴리텍 특성화대학,3,610,112,18.36,278,66,23.74,2026-08-07T10:05:19.980Z
2022,기능대학,사립,전문대학,대구,기존,0000494,한국폴리텍 VI 대학,3,1997,252,12.62,756,101,13.36,2026-08-07T10:05:19.980Z
2022,대학교,사립,대학,대전,기존,0000038,건양대학교,2,8116,436,5.37,1651,137,8.3,2026-08-07T10:05:19.980Z
2022,사이버대학(대학),사립,대학,대전,기존,0000425,건양사이버대학교,1,3700,286,7.73,996,104,10.44,2026-08-07T10:05:19.980Z
2022,전문대학,사립,전문대학,대전,기존,0000376,대덕대학교,3,8369,1451,17.34,2685,497,18.51,2026-08-07T10:05:19.980Z
2022,전문대학,사립,전문대학,대전,기존,0000512,대전과학기술대학교,3,13718,1407,10.26,4521,572,12.65,2026-08-07T10:05:19.980Z
2022,대학교,사립,대학,대전,기존,0000067,대전대학교,1,11959,727,6.08,2042,158,7.74,2026-08-07T10:05:19.980Z
2022,전문대학,사립,전문대학,대전,기존,0000288,대전보건대학교,3,17844,1234,6.92,5262,327,6.21,2026-08-07T10:05:19.980Z
2022,대학교,사립,대학,대전,기존,0000182,대전신학대학교,1,71,10,14.08,8,0,0,2026-08-07T10:05:19.980Z
2022,대학교,사립,대학,대전,기존,0000080,목원대학교,1,9764,671,6.87,1885,155,8.22,2026-08-07T10:05:19.980Z
2022,대학교,사립,대학,대전,기존,0000081,배재대학교,1,10218,875,8.56,1989,185,9.3,2026-08-07T10:05:19.980Z
2022,대학교,사립,대학,대전,기존,0000184,우송대학교,1,12422,582,4.69,2218,102,4.6,2026-08-07T10:05:19.980Z
2022,전문대학,사립,전문대학,대전,기존,0000289,우송정보대학,3,13938,1776,12.74,4413,528,11.96,2026-08-07T10:05:19.980Z
2022,대학교,국립,대학,대전,기존,0000020,충남대학교,1,22413,937,4.18,3859,353,9.15,2026-08-07T10:05:19.980Z
2022,대학교,사립,대학,대전,기존,0000551,침례신학대학교,1,1208,75,6.21,186,7,3.76,2026-08-07T10:05:19.980Z
2022,대학교,특별법법인,대학,대전,기존,0000468,한국과학기술원,1,4775,125,2.62,782,34,4.35,2026-08-07T10:05:19.980Z
2022,기능대학,사립,전문대학,대전,기존,0000484,한국폴리텍 IV 대학,3,3212,360,11.21,983,132,13.43,2026-08-07T10:05:19.980Z
2022,대학교,사립,대학,대전,기존,0000145,한남대학교,1,15444,866,5.61,2928,208,7.1,2026-08-07T10:05:19.980Z
2022,대학교,국립,대학,대전,기존,0000584,한밭대학교,1,11259,641,5.69,2079,135,6.49,2026-08-07T10:05:19.980Z
2022,전문대학,사립,전문대학,부산,기존,0000253,경남정보대학교,3,28327,2386,8.42,7566,629,8.31,2026-08-07T10:05:19.980Z
2022,대학교,사립,대학,부산,기존,0000043,경성대학교,1,16076,899,5.59,2963,175,5.91,2026-08-07T10:05:19.980Z
2022,대학교,사립,대학,부산,기존,0000050,고신대학교,1,4283,412,9.62,823,128,15.55,2026-08-07T10:05:19.980Z
2022,전문대학,사립,전문대학,부산,기존,0000284,대동대학교,3,5092,293,5.75,1418,105,7.4,2026-08-07T10:05:19.980Z
2022,대학교,사립,대학,부산,기존,0000180,동명대학교,1,10619,1230,11.58,1518,195,12.85,2026-08-07T10:05:19.980Z
2022,대학교,사립,대학,부산,기존,0000073,동서대학교,1,12871,821,6.38,2090,133,6.36,2026-08-07T10:05:19.980Z
2022,대학교,사립,대학,부산,기존,0000075,동아대학교,1,24717,1010,4.09,4388,206,4.69,2026-08-07T10:05:19.980Z
2022,전문대학,사립,전문대학,부산,기존,0000303,동의과학대학교,3,17285,2464,14.26,5171,524,10.13,2026-08-07T10:05:19.980Z
2022,대학교,사립,대학,부산,기존,0000077,동의대학교,1,20322,1235,6.08,3826,259,6.77,2026-08-07T10:05:19.980Z
2022,전문대학,사립,전문대학,부산,기존,0000569,동주대학교,3,9436,805,8.53,2725,197,7.23,2026-08-07T10:05:19.980Z
2022,대학교,국립,대학,부산,기존,0000578,부경대학교,1,21014,943,4.49,3619,309,8.54,2026-08-07T10:05:19.980Z
2022,대학교,사립,대학,부산,기존,0000082,부산가톨릭대학교,1,4352,225,5.17,764,32,4.19,2026-08-07T10:05:19.980Z
2022,전문대학,사립,전문대학,부산,기존,0000313,부산경상대학교,3,8419,1555,18.47,3126,702,22.46,2026-08-07T10:05:19.980Z
2022,전문대학,사립,전문대학,부산,기존,0000315,부산과학기술대학교,3,14457,1527,10.56,4538,446,9.83,2026-08-07T10:05:19.980Z
2022,교육대학,국립,대학,부산,기존,0000198,부산교육대학교,1,1520,39,2.57,382,29,7.59,2026-08-07T10:05:19.980Z
2022,대학교,국립,대학,부산,기존,0000011,부산대학교,1,26611,1060,3.98,4613,342,7.41,2026-08-07T10:05:19.980Z
2022,사이버대학(대학),사립,대학,부산,기존,0000411,부산디지털대학교,1,2833,407,14.37,695,108,15.54,2026-08-07T10:05:19.980Z
2022,전문대학,사립,전문대학,부산,기존,0000314,부산여자대학교,3,6217,512,8.24,2108,213,10.1,2026-08-07T10:05:19.980Z
2022,전문대학,사립,전문대학,부산,기존,0000388,부산예술대학교,3,2283,441,19.32,1065,198,18.59,2026-08-07T10:05:19.980Z
2022,대학교,사립,대학,부산,기존,0000083,부산외국어대학교,1,10261,609,5.94,1455,108,7.42,2026-08-07T10:05:19.980Z
2022,전문대학,사립,전문대학,부산,폐교,0000326,성심외국어대학,3,3717,1,0.03,0,0,0,2026-08-07T10:05:19.980Z
2022,대학교,사립,대학,부산,기존,0000106,신라대학교,1,9607,935,9.73,1422,95,6.68,2026-08-07T10:05:19.980Z
2022,대학교,사립,대학,부산,기존,0000181,영산대학교,2,7311,746,10.2,1254,170,13.56,2026-08-07T10:05:19.980Z
2022,기능대학,사립,전문대학,부산,기존,0000564,한국폴리텍 VII 대학,3,36,11,30.56,24,10,41.67,2026-08-07T10:05:19.980Z
2022,기능대학,사립,전문대학,부산,기존,0000497,한국폴리텍 VII 대학,3,3167,403,12.72,1049,134,12.77,2026-08-07T10:05:19.980Z
2022,대학교,국립,대학,부산,기존,0000583,한국해양대학교,1,8078,347,4.3,1494,100,6.69,2026-08-07T10:05:19.980Z
2022,사이버대학(대학),사립,대학,부산,기존,0000423,화신사이버대학교,1,1694,240,14.17,544,103,18.93,2026-08-07T10:05:19.980Z
2022,대학교,사립,대학,서울,기존,0000035,감리교신학대학교,1,925,61,6.59,94,7,7.45,2026-08-07T10:05:19.980Z
2022,대학교,사립,대학,서울,기존,0000565,강서대학교,1,1913,137,7.16,338,60,17.75,2026-08-07T10:05:19.980Z
2022,대학교,사립,대학,서울,기존,0000037,건국대학교,2,32713,1098,3.36,5145,429,8.34,2026-08-07T10:05:19.980Z
2022,대학교,사립,대학,서울,기존,0000047,경희대학교,1,33980,1151,3.39,5798,537,9.26,2026-08-07T10:05:19.980Z
2022,사이버대학(대학),사립,대학,서울,기존,0000408,경희사이버대학교,1,12031,2195,18.24,2833,599,21.14,2026-08-07T10:05:19.980Z
2022,대학교,사립,대학,서울,기존,0000049,고려대학교,2,35856,1392,3.88,6147,574,9.34,2026-08-07T10:05:19.980Z
2022,사이버대학(대학),사립,대학,서울,기존,0000418,고려사이버대학교,1,11906,1703,14.3,2323,366,15.76,2026-08-07T10:05:19.980Z
2022,대학교,사립,대학,서울,기존,0000053,광운대학교,1,11633,464,3.99,1957,166,8.48,2026-08-07T10:05:19.980Z
2022,대학교,사립,대학,서울,기존,0000056,국민대학교,1,20917,658,3.15,3463,264,7.62,2026-08-07T10:05:19.980Z
2022,대학교,사립,대학,서울,기존,0000070,덕성여자대학교,1,6610,272,4.11,1210,140,11.57,2026-08-07T10:05:19.980Z
2022,대학교,사립,대학,서울,기존,0000071,동국대학교,2,28653,1137,3.97,5061,461,9.11,2026-08-07T10:05:19.980Z
2022,대학교,사립,대학,서울,기존,0000072,동덕여자대학교,1,8054,318,3.95,1747,201,11.51,2026-08-07T10:05:19.980Z
2022,전문대학,사립,전문대학,서울,기존,0000300,동양미래대학교,3,29238,2179,7.45,8637,877,10.15,2026-08-07T10:05:19.980Z
2022,사이버대학(대학),사립,대학,서울,기존,0000420,디지털서울문화예술대학교,1,3874,595,15.36,755,126,16.69,2026-08-07T10:05:19.980Z
2022,전문대학,사립,전문대학,서울,기존,0000307,명지전문대학,3,28251,2419,8.56,9852,1122,11.39,2026-08-07T10:05:19.980Z
2022,전문대학,사립,전문대학,서울,기존,0000310,배화여자대학교,3,9473,943,9.95,4158,581,13.97,2026-08-07T10:05:19.980Z
2022,사이버대학(대학),사립,대학,서울,기존,0000422,사이버한국외국어대학교,1,8071,1475,18.28,1854,295,15.91,2026-08-07T10:05:19.980Z
2022,대학교,사립,대학,서울,기존,0000084,삼육대학교,1,7062,255,3.61,1224,79,6.45,2026-08-07T10:05:19.980Z
2022,전문대학,사립,전문대학,서울,기존,0000317,삼육보건대학교,3,4727,320,6.77,1571,160,10.18,2026-08-07T10:05:19.980Z
2022,대학교,사립,대학,서울,기존,0000087,서강대학교,1,11679,432,3.7,1826,230,12.6,2026-08-07T10:05:19.980Z
2022,대학교,사립,대학,서울,기존,0000088,서경대학교,1,8623,408,4.73,1618,134,8.28,2026-08-07T10:05:19.980Z
2022,대학교,국립,대학,서울,기존,0000027,서울과학기술대학교,1,13738,533,3.88,2415,179,7.41,2026-08-07T10:05:19.980Z
2022,교육대학,국립,대학,서울,기존,0000199,서울교육대학교,1,1538,83,5.4,393,52,13.23,2026-08-07T10:05:19.980Z
2022,대학교,사립,대학,서울,기존,0000069,서울기독대학교,1,497,40,8.05,68,11,16.18,2026-08-07T10:05:19.980Z
2022,대학교,국립대법인,대학,서울,기존,0000012,서울대학교,1,21286,412,1.94,3484,194,5.57,2026-08-07T10:05:19.980Z
2022,사이버대학(대학),사립,대학,서울,기존,0000412,서울디지털대학교,1,12666,1687,13.32,2736,324,11.84,2026-08-07T10:05:19.980Z
2022,사이버대학(대학),사립,대학,서울,기존,0000413,서울사이버대학교,1,18608,3013,16.19,4934,895,18.14,2026-08-07T10:05:19.980Z
2022,대학교,공립,대학,서울,기존,0000030,서울시립대학교,1,12035,346,2.87,1861,150,8.06,2026-08-07T10:05:19.980Z
2022,전문대학,사립,전문대학,서울,기존,0000321,서울여자간호대학교,3,2881,114,3.96,710,65,9.15,2026-08-07T10:05:19.980Z
2022,대학교,사립,대학,서울,기존,0000091,서울여자대학교,1,8639,349,4.04,1759,202,11.48,2026-08-07T10:05:19.980Z
2022,전문대학,사립,전문대학,서울,기존,0000324,서일대학교,3,25581,2235,8.74,8080,893,11.05,2026-08-07T10:05:19.980Z
2022,대학교,사립,대학,서울,기존,0000096,성공회대학교,1,2813,150,5.33,529,39,7.37,2026-08-07T10:05:19.980Z
2022,대학교,사립,대학,서울,기존,0000097,성균관대학교,1,25049,798,3.19,4149,404,9.74,2026-08-07T10:05:19.980Z
2022,대학교,사립,대학,서울,기존,0000098,성신여자대학교,1,10754,401,3.73,2436,249,10.22,2026-08-07T10:05:19.980Z
2022,대학교,사립,대학,서울,기존,0000100,세종대학교,1,15920,732,4.6,2879,339,11.77,2026-08-07T10:05:19.980Z
2022,사이버대학(대학),사립,대학,서울,기존,0000415,세종사이버대학교,1,11501,1162,10.1,3051,450,14.75,2026-08-07T10:05:19.980Z
2022,대학교,사립,대학,서울,기존,0000103,숙명여자대학교,1,11994,397,3.31,2452,212,8.65,2026-08-07T10:05:19.980Z
2022,대학교,사립,대학,서울,기존,0000105,숭실대학교,1,19486,625,3.21,3206,263,8.2,2026-08-07T10:05:19.980Z
2022,사이버대학(대학),사립,대학,서울,기존,0000419,숭실사이버대학교,1,8196,878,10.71,2299,255,11.09,2026-08-07T10:05:19.980Z
2022,전문대학,사립,전문대학,서울,기존,0000333,숭의여자대학교,3,10205,1053,10.32,4682,691,14.76,2026-08-07T10:05:19.980Z
2022,대학교,사립,대학,서울,기존,0000110,연세대학교,2,36760,1207,3.28,5556,496,8.93,2026-08-07T10:05:19.980Z
2022,대학교,사립,대학,서울,기존,0000121,이화여자대학교,1,18994,476,2.51,3487,220,6.31,2026-08-07T10:05:19.980Z
2022,전문대학,사립,전문대학,서울,기존,0000356,인덕대학교,3,25169,2280,9.06,7847,717,9.14,2026-08-07T10:05:19.980Z
2022,대학교,사립,대학,서울,기존,0000125,장로회신학대학교,1,816,35,4.29,155,8,5.16,2026-08-07T10:05:19.980Z
2022,기술대학,사립,대학,서울,기존,0000228,정석대학,1,46,2,4.35,17,0,0,2026-08-07T10:05:19.980Z
2022,대학교,사립,대학,서울,기존,0000129,중앙대학교,2,32241,1176,3.65,5365,516,9.62,2026-08-07T10:05:19.980Z
2022,대학교,사립,대학,서울,기존,0000133,총신대학교,1,1824,63,3.45,333,16,4.8,2026-08-07T10:05:19.980Z
2022,대학교,사립,대학,서울,기존,0000134,추계예술대학교,1,1401,77,5.5,272,27,9.93,2026-08-07T10:05:19.980Z
2022,방송통신대학,국립,대학,서울,기존,0000215,한국방송통신대학교,1,136789,28396,20.76,9073,917,10.11,2026-08-07T10:05:19.980Z
2022,대학교,사립,대학,서울,기존,0000142,한국성서대학교,1,1209,69,5.71,240,20,8.33,2026-08-07T10:05:19.980Z
2022,사이버대학(대학),사립,대학,서울,기존,0000416,한국열린사이버대학교,1,6283,1120,17.83,1720,339,19.71,2026-08-07T10:05:19.980Z
2022,각종학교(대학),특별법국립,대학,서울,기존,0000471,한국예술종합학교,1,3276,66,2.01,559,8,1.43,2026-08-07T10:05:19.980Z
2022,대학교,사립,대학,서울,기존,0000143,한국외국어대학교,1,22720,912,4.01,3821,413,10.81,2026-08-07T10:05:19.980Z
2022,대학교,국립,대학,서울,기존,0000023,한국체육대학교,1,3031,69,2.28,572,16,2.8,2026-08-07T10:05:19.980Z
2022,기능대학,사립,전문대학,서울,기존,0000478,한국폴리텍 I 대학,3,1995,309,15.49,748,155,20.72,2026-08-07T10:05:19.980Z
2022,기능대학,사립,전문대학,서울,기존,0000477,한국폴리텍 I 대학,3,5123,673,13.14,1846,287,15.55,2026-08-07T10:05:19.980Z
2022,대학교,사립,대학,서울,기존,0000150,한성대학교,1,9484,393,4.14,1646,145,8.81,2026-08-07T10:05:19.980Z
2022,대학교,사립,대학,서울,기존,0000153,한양대학교,2,36248,1163,3.21,6077,510,8.39,2026-08-07T10:05:19.980Z
2022,사이버대학(대학),사립,대학,서울,기존,0000421,한양사이버대학교,1,18279,2632,14.4,4511,702,15.56,2026-08-07T10:05:19.980Z
2022,전문대학,사립,전문대학,서울,기존,0000384,한양여자대학교,3,23066,1740,7.54,9112,1008,11.06,2026-08-07T10:05:19.980Z
2022,대학교,사립,대학,서울,기존,0000539,한영신학대학교,1,885,105,11.86,178,29,16.29,2026-08-07T10:05:19.980Z
2022,대학교,사립,대학,세종,기존,0000066,대전가톨릭대학교,1,50,3,6,12,1,8.33,2026-08-07T10:05:19.980Z
2022,전문대학,사립,전문대학,세종,기존,0000353,한국영상대학교,3,12315,822,6.67,3801,260,6.84,2026-08-07T10:05:19.980Z
2022,대학교,사립,대학,세종,기존,0000160,홍익대학교,2,25196,1069,4.24,4259,461,10.82,2026-08-07T10:05:19.980Z
2022,대학교,특별법법인,대학,울산,기존,0000527,울산과학기술원,1,2411,93,3.86,447,49,10.96,2026-08-07T10:05:19.980Z
2022,전문대학,사립,전문대학,울산,기존,0000352,울산과학대학교,3,22524,1492,6.62,5801,397,6.84,2026-08-07T10:05:19.980Z
2022,대학교,사립,대학,울산,기존,0000117,울산대학교,1,16938,836,4.94,2896,156,5.39,2026-08-07T10:05:19.980Z
2022,전문대학,사립,전문대학,울산,기존,0000375,춘해보건대학교,3,8985,436,4.85,2680,178,6.64,2026-08-07T10:05:19.980Z
2022,기능대학,사립,전문대학,울산,기존,0000498,한국폴리텍 VII 대학,3,2644,307,11.61,1056,116,10.98,2026-08-07T10:05:19.980Z
2022,교육대학,국립,대학,인천,기존,0000200,경인교육대학교,2,2619,71,2.71,652,52,7.98,2026-08-07T10:05:19.980Z
2022,전문대학,사립,전문대학,인천,기존,0000261,경인여자대학교,3,12611,1011,8.02,4867,511,10.5,2026-08-07T10:05:19.980Z
2022,대학교,사립,대학,인천,기존,0000123,인천가톨릭대학교,2,830,46,5.54,174,23,13.22,2026-08-07T10:05:19.980Z
2022,대학교,국립대법인,대학,인천,기존,0000031,인천대학교,1,15839,595,3.76,2696,204,7.57,2026-08-07T10:05:19.980Z
2022,전문대학,사립,전문대학,인천,기존,0000587,인천재능대학교,3,14333,1371,9.57,4184,480,11.47,2026-08-07T10:05:19.980Z
2022,전문대학,사립,전문대학,인천,기존,0000357,인하공업전문대학,3,32247,2076,6.44,10033,891,8.88,2026-08-07T10:05:19.980Z
2022,대학교,사립,대학,인천,기존,0000124,인하대학교,1,24968,790,3.16,4041,276,6.83,2026-08-07T10:05:19.980Z
2022,기능대학,사립,전문대학,인천,기존,0000481,한국폴리텍 II 대학,3,305,32,10.49,104,22,21.15,2026-08-07T10:05:19.980Z
2022,기능대학,사립,전문대학,인천,기존,0000480,한국폴리텍 II 대학,3,6968,960,13.78,2119,363,17.13,2026-08-07T10:05:19.980Z
2022,전문대학,사립,전문대학,전남,기존,0000585,고구려대학교,3,4476,716,16,2020,343,16.98,2026-08-07T10:05:19.980Z
2022,전문대학,사립,전문대학,전남,기존,0000266,광양보건대학교,3,482,73,15.15,127,17,13.39,2026-08-07T10:05:19.980Z
2022,대학교,사립,대학,전남,기존,0000054,광주가톨릭대학교,1,114,10,8.77,12,0,0,2026-08-07T10:05:19.980Z
2022,대학교,사립,대학,전남,기존,0000074,동신대학교,1,7718,875,11.34,1529,356,23.28,2026-08-07T10:05:19.980Z
2022,전문대학,사립,전문대학,전남,기존,0000532,동아보건대학교,3,3565,438,12.29,1159,139,11.99,2026-08-07T10:05:19.980Z
2022,대학교,사립,대학,전남,기존,0000166,목포가톨릭대학교,1,566,14,2.47,126,6,4.76,2026-08-07T10:05:19.980Z
2022,전문대학,사립,전문대학,전남,기존,0000308,목포과학대학교,3,9234,291,3.15,2846,157,5.52,2026-08-07T10:05:19.980Z
2022,대학교,국립,대학,전남,기존,0000576,목포대학교,1,8804,604,6.86,1557,137,8.8,2026-08-07T10:05:19.980Z
2022,대학교,국립,대학,전남,기존,0000577,목포해양대학교,1,3112,200,6.43,713,64,8.98,2026-08-07T10:05:19.980Z
2022,대학교,사립,대학,전남,기존,0000064,세한대학교,1,4399,300,6.82,836,79,9.45,2026-08-07T10:05:19.980Z
2022,대학교,국립,대학,전남,기존,0000579,순천대학교,1,8899,600,6.74,1632,111,6.8,2026-08-07T10:05:19.980Z
2022,전문대학,사립,전문대학,전남,기존,0000331,순천제일대학교,3,9802,1134,11.57,3659,449,12.27,2026-08-07T10:05:19.980Z
2022,대학교,사립,대학,전남,기존,0000114,영산선학대학교,1,53,2,3.77,8,2,25,2026-08-07T10:05:19.980Z
2022,전문대학,사립,전문대학,전남,기존,0000360,전남과학대학교,3,10763,1027,9.54,4363,533,12.22,2026-08-07T10:05:19.980Z
2022,전문대학,공립,전문대학,전남,기존,0000389,전남도립대학교,3,3840,561,14.61,1507,201,13.34,2026-08-07T10:05:19.980Z
2022,전문대학,사립,전문대학,전남,기존,0000332,청암대학교,3,8762,611,6.97,2553,332,13,2026-08-07T10:05:19.980Z
2022,대학교,사립,대학,전남,기존,0000190,초당대학교,1,3931,667,16.97,824,232,28.16,2026-08-07T10:05:19.980Z
2022,대학교,특별법법인,대학,전남,기존,0000561,한국에너지공과대학교,1,107,7,6.54,107,7,6.54,2026-08-07T10:05:19.980Z
2022,기능대학,사립,전문대학,전남,기존,0000543,한국폴리텍 V 대학,3,25,6,24,6,3,50,2026-08-07T10:05:19.980Z
2022,기능대학,사립,전문대학,전남,기존,0000554,한국폴리텍 V 대학,3,738,113,15.31,224,32,14.29,2026-08-07T10:05:19.980Z
2022,전문대학,사립,전문대학,전남,기존,0000546,한영대학,3,5514,349,6.33,1885,86,4.56,2026-08-07T10:05:19.980Z
2022,전문대학,사립,전문대학,전북,기존,0000250,군산간호대학교,3,3834,111,2.9,926,53,5.72,2026-08-07T10:05:19.980Z
2022,대학교,국립,대학,전북,기존,0000574,군산대학교,1,9055,650,7.18,1522,123,8.08,2026-08-07T10:05:19.980Z
2022,전문대학,사립,전문대학,전북,기존,0000270,군장대학교,3,5557,572,10.29,2111,244,11.56,2026-08-07T10:05:19.980Z
2022,전문대학,사립,전문대학,전북,기존,0000311,백제예술대학교,3,3693,559,15.14,1330,208,15.64,2026-08-07T10:05:19.980Z
2022,대학교,사립,대학,전북,기존,0000173,예수대학교,1,593,12,2.02,121,2,1.65,2026-08-07T10:05:19.980Z
2022,대학교,사립,대학,전북,기존,0000116,우석대학교,1,8999,793,8.81,1475,168,11.39,2026-08-07T10:05:19.980Z
2022,대학교,사립,대학,전북,기존,0000118,원광대학교,1,18956,1265,6.67,2990,202,6.76,2026-08-07T10:05:19.980Z
2022,사이버대학(대학),사립,대학,전북,기존,0000417,원광디지털대학교,1,6980,1050,15.04,1509,211,13.98,2026-08-07T10:05:19.980Z
2022,전문대학,사립,전문대학,전북,기존,0000354,원광보건대학교,3,16906,1294,7.65,4527,330,7.29,2026-08-07T10:05:19.980Z
2022,전문대학,사립,전문대학,전북,기존,0000362,전북과학대학교,3,5282,343,6.49,2073,168,8.1,2026-08-07T10:05:19.980Z
2022,대학교,국립,대학,전북,기존,0000017,전북대학교,1,24015,997,4.15,4225,290,6.86,2026-08-07T10:05:19.980Z
2022,교육대학,국립,대학,전북,기존,0000201,전주교육대학교,1,1169,43,3.68,303,31,10.23,2026-08-07T10:05:19.980Z
2022,전문대학,사립,전문대학,전북,기존,0000274,전주기전대학,3,5618,962,17.12,2505,482,19.24,2026-08-07T10:05:19.980Z
2022,대학교,사립,대학,전북,기존,0000126,전주대학교,1,15247,1044,6.85,2677,193,7.21,2026-08-07T10:05:19.980Z
2022,전문대학,사립,전문대학,전북,기존,0000361,전주비전대학교,3,12861,1038,8.07,3919,254,6.48,2026-08-07T10:05:19.980Z
2022,전문대학,특별법국립,전문대학,전북,기존,0000473,한국농수산대학,3,5752,288,5.01,1964,110,5.6,2026-08-07T10:05:19.980Z
2022,기능대학,사립,전문대학,전북,기존,0000493,한국폴리텍 V 대학,3,432,63,14.58,180,34,18.89,2026-08-07T10:05:19.980Z
2022,기능대학,사립,전문대학,전북,기존,0000553,한국폴리텍 V 대학,3,1631,252,15.45,574,91,15.85,2026-08-07T10:05:19.980Z
2022,대학교,사립,대학,전북,기존,0000155,한일장신대학교,1,1035,117,11.3,222,27,12.16,2026-08-07T10:05:19.980Z
2022,산업대학,사립,대학,전북,기존,0000223,호원대학교,1,6644,745,11.21,1376,211,15.33,2026-08-07T10:05:19.980Z
2022,전문대학,사립,전문대학,제주,기존,0000363,제주관광대학교,3,6396,1240,19.39,2149,531,24.71,2026-08-07T10:05:19.980Z
2022,대학교,사립,대학,제주,기존,0000192,제주국제대학교,1,796,174,21.86,61,20,32.79,2026-08-07T10:05:19.980Z
2022,대학교,국립,대학,제주,기존,0000018,제주대학교,1,13492,732,5.43,2345,154,6.57,2026-08-07T10:05:19.980Z
2022,전문대학,사립,전문대학,제주,기존,0000382,제주한라대학교,3,25454,2453,9.64,4778,522,10.93,2026-08-07T10:05:19.980Z
2022,기능대학,사립,전문대학,제주,기존,0000535,한국폴리텍 I 대학,3,209,25,11.96,84,8,9.52,2026-08-07T10:05:19.980Z
2022,교육대학,국립,대학,충남,기존,0000195,공주교육대학교,1,1434,43,3,380,20,5.26,2026-08-07T10:05:19.980Z
2022,대학교,국립,대학,충남,기존,0000573,공주대학교,1,16161,758,4.69,3237,220,6.8,2026-08-07T10:05:19.980Z
2022,사이버대학(대학),사립,대학,충남,기존,0000424,글로벌사이버대학교,1,2550,471,18.47,735,142,19.32,2026-08-07T10:05:19.980Z
2022,대학교,사립,대학,충남,기존,0000169,금강대학교,1,339,54,15.93,33,15,45.45,2026-08-07T10:05:19.980Z
2022,대학교,사립,대학,충남,기존,0000059,나사렛대학교,1,6491,429,6.61,1306,87,6.66,2026-08-07T10:05:19.980Z
2022,대학교,사립,대학,충남,기존,0000189,남서울대학교,1,12456,731,5.87,2335,165,7.07,2026-08-07T10:05:19.980Z
2022,대학교,사립,대학,충남,기존,0000131,백석대학교,1,15612,814,5.21,3160,210,6.65,2026-08-07T10:05:19.980Z
2022,전문대학,사립,전문대학,충남,기존,0000373,백석문화대학교,3,17072,1875,10.98,4832,477,9.87,2026-08-07T10:05:19.980Z
2022,대학교,사립,대학,충남,기존,0000085,상명대학교,2,16491,673,4.08,3012,239,7.93,2026-08-07T10:05:19.980Z
2022,대학교,사립,대학,충남,기존,0000094,선문대학교,1,12554,893,7.11,2236,245,10.96,2026-08-07T10:05:19.980Z
2022,대학교,사립,대학,충남,기존,0000104,순천향대학교,1,14011,761,5.43,2673,228,8.53,2026-08-07T10:05:19.980Z
2022,전문대학,사립,전문대학,충남,기존,0000335,신성대학교,3,11079,1089,9.83,3410,304,8.91,2026-08-07T10:05:19.980Z
2022,전문대학,사립,전문대학,충남,기존,000568,아주자동차대학,3,4865,444,9.13,1132,176,15.55,2026-08-07T10:05:19.980Z
2022,전문대학,사립,전문대학,충남,기존,0000529,연암대학교,3,4717,290,6.15,1771,87,4.91,2026-08-07T10:05:19.980Z
2022,대학교,사립,대학,충남,기존,0000128,중부대학교,1,11247,954,8.48,1816,157,8.65,2026-08-07T10:05:19.980Z
2022,산업대학,사립,대학,충남,기존,0000225,청운대학교,1,7614,678,8.9,1288,142,11.02,2026-08-07T10:05:19.980Z
2022,전문대학,공립,전문대학,충남,기존,0000519,충남도립대학교,3,4430,428,9.66,1402,166,11.84,2026-08-07T10:05:19.980Z
2022,대학교,사립,대학,충남,기존,0000141,한국기술교육대학교,1,5923,268,4.52,983,88,8.95,2026-08-07T10:05:19.980Z
2022,대학교,특별법국립,대학,충남,기존,0000472,한국전통문화대학교,1,744,1,0.13,145,0,0,2026-08-07T10:05:19.980Z
2022,기능대학,사립,전문대학,충남,기존,0000500,한국폴리텍 특성화대학,3,1387,86,6.2,517,42,8.12,2026-08-07T10:05:19.980Z
2022,기능대학,사립,전문대학,충남,기존,0000487,한국폴리텍 IV 대학,3,1946,224,11.51,601,97,16.14,2026-08-07T10:05:19.980Z
2022,기능대학,사립,전문대학,충남,기존,0000588,한국폴리텍 IV 대학,3,792,60,7.58,278,31,11.15,2026-08-07T10:05:19.980Z
2022,대학교,사립,대학,충남,기존,0000149,한서대학교,1,8857,559,6.31,1589,154,9.69,2026-08-07T10:05:19.980Z
2022,전문대학,사립,전문대학,충남,기존,0000386,혜전대학교,3,9741,675,6.93,2914,173,5.94,2026-08-07T10:05:19.980Z
2022,대학교,사립,대학,충남,기존,0000159,호서대학교,1,16155,923,5.71,3087,304,9.85,2026-08-07T10:05:19.980Z
2022,전문대학,사립,전문대학,충북,기존,0000271,강동대학교,3,11882,1231,10.36,3966,355,8.95,2026-08-07T10:05:19.980Z
2022,대학교,사립,대학,충북,기존,0000058,극동대학교,1,4397,338,7.69,582,47,8.08,2026-08-07T10:05:19.980Z
2022,대학교,사립,대학,충북,기존,0000557,꽃동네대학교,1,545,24,4.4,108,7,6.48,2026-08-07T10:05:19.980Z
2022,전문대학,사립,전문대학,충북,기존,0000286,대원대학교,3,6753,546,8.09,1984,146,7.36,2026-08-07T10:05:19.980Z
2022,대학교,사립,대학,충북,기존,0000093,서원대학교,1,8630,489,5.67,1745,133,7.62,2026-08-07T10:05:19.980Z
2022,대학교,사립,대학,충북,기존,0000099,세명대학교,1,9553,719,7.53,1566,175,11.17,2026-08-07T10:05:19.980Z
2022,각종학교(대학),사립,대학,충북,기존,0000404,순복음총회신학교,1,150,50,33.33,37,11,29.73,2026-08-07T10:05:19.980Z
2022,대학교,사립,대학,충북,기존,0000113,유원대학교,1,4773,636,13.32,905,136,15.03,2026-08-07T10:05:19.980Z
2022,대학교,사립,대학,충북,기존,0000183,중원대학교,1,4819,663,13.76,770,135,17.53,2026-08-07T10:05:19.980Z
2022,교육대학,국립,대학,충북,기존,0000204,청주교육대학교,1,1206,44,3.65,309,30,9.71,2026-08-07T10:05:19.980Z
2022,대학교,사립,대학,충북,기존,0000132,청주대학교,1,15767,767,4.86,2784,178,6.39,2026-08-07T10:05:19.980Z
2022,대학교,국립,대학,충북,기존,0000021,충북대학교,1,17687,721,4.08,3038,227,7.47,2026-08-07T10:05:19.980Z
2022,전문대학,공립,전문대학,충북,기존,0000544,충북도립대학,3,3143,371,11.8,1105,145,13.12,2026-08-07T10:05:19.980Z
2022,전문대학,사립,전문대학,충북,기존,0000367,충북보건과학대학교,3,8966,880,9.81,2858,285,9.97,2026-08-07T10:05:19.980Z
2022,전문대학,사립,전문대학,충북,기존,0000377,충청대학교,3,13061,1335,10.22,3864,489,12.66,2026-08-07T10:05:19.980Z
2022,대학교,국립,대학,충북,기존,0000022,한국교원대학교,1,2596,66,2.54,590,37,6.27,2026-08-07T10:05:19.980Z
2022,대학교,국립,대학,충북,기존,0000582,한국교통대학교,1,11608,726,6.25,2118,190,8.97,2026-08-07T10:05:19.980Z
2022,기능대학,사립,전문대학,충북,기존,0000485,한국폴리텍 IV 대학,3,3195,262,8.2,1097,98,8.93,2026-08-07T10:05:19.980Z
2023,대학교,사립,대학,강원,기존,0000513,가톨릭관동대학교,1,10959,850,7.76,1563,157,10.04,2026-08-09T21:52:09.437Z
2023,전문대학,사립,전문대학,강원,기존,0000347,강릉영동대학교,1,4092,199,4.86,866,127,14.67,2026-08-09T21:52:09.437Z
2023,대학교,국립,대학,강원,기존,0000572,강릉원주대학교,2,10257,586,5.71,1807,119,6.59,2026-08-09T21:52:09.437Z
2023,전문대학,사립,전문대학,강원,폐교,0000378,강원관광대학교,1,504,43,8.53,104,11,10.58,2026-08-09T21:52:09.437Z
2023,대학교,국립,대학,강원,기존,0000002,강원대학교,2,28974,1309,4.52,4819,387,8.03,2026-08-09T21:52:09.437Z
2023,전문대학,공립,전문대학,강원,기존,0000531,강원도립대학교,1,919,139,15.13,296,23,7.77,2026-08-09T21:52:09.437Z
2023,대학교,사립,대학,강원,기존,0000086,상지대학교,1,9482,819,8.64,1540,189,12.27,2026-08-09T21:52:09.437Z
2023,전문대학,사립,전문대학,강원,폐교,0000319,상지영서대학교,1,392,58,14.8,0,0,0,2026-08-09T21:52:09.437Z
2023,전문대학,사립,전문대학,강원,기존,0000348,세경대학교,1,1109,71,6.4,408,30,7.35,2026-08-09T21:52:09.437Z
2023,전문대학,사립,전문대학,강원,기존,0000393,송곡대학교,1,840,148,17.62,287,64,22.3,2026-08-09T21:52:09.437Z
2023,전문대학,사립,전문대학,강원,기존,0000390,송호대학교,1,951,187,19.66,308,42,13.64,2026-08-09T21:52:09.437Z
2023,교육대학,국립,대학,강원,기존,0000205,춘천교육대학교,1,1330,52,3.91,337,33,9.79,2026-08-09T21:52:09.437Z
2023,전문대학,사립,전문대학,강원,기존,0000542,한국골프대학,1,747,172,23.03,190,14,7.37,2026-08-09T21:52:09.437Z
2023,기능대학,사립,전문대학,강원,기존,0000483,한국폴리텍 III 대학,1,191,17,8.9,63,7,11.11,2026-08-09T21:52:09.437Z
2023,기능대학,사립,전문대학,강원,기존,0000517,한국폴리텍 III 대학,1,144,17,11.81,65,12,18.46,2026-08-09T21:52:09.437Z
2023,기능대학,사립,전문대학,강원,기존,0000482,한국폴리텍 III 대학,1,357,27,7.56,120,13,10.83,2026-08-09T21:52:09.437Z
2023,대학교,사립,대학,강원,기존,0000147,한라대학교,1,4479,347,7.75,577,59,10.23,2026-08-09T21:52:09.437Z
2023,대학교,사립,대학,강원,기존,0000148,한림대학교,1,10365,448,4.32,1873,111,5.93,2026-08-09T21:52:09.437Z
2023,전문대학,사립,전문대학,강원,기존,0000383,한림성심대학교,1,3957,235,5.94,1095,55,5.02,2026-08-09T21:52:09.437Z
2023,대학교,사립,대학,경기,기존,0000044,가천대학교,1,26126,945,3.62,4675,330,7.06,2026-08-09T21:52:09.437Z
2023,대학교,사립,대학,경기,기존,0000034,가톨릭대학교,3,10660,371,3.48,2003,136,6.79,2026-08-09T21:52:09.437Z
2023,대학교,사립,대학,경기,기존,0000036,강남대학교,1,8713,476,5.46,1589,142,8.94,2026-08-09T21:52:09.437Z
2023,전문대학,사립,전문대학,경기,기존,0000387,경기과학기술대학교,1,7362,615,8.35,2068,180,8.7,2026-08-09T21:52:09.437Z
2023,대학교,사립,대학,경기,기존,0000039,경기대학교,2,18688,782,4.18,3181,209,6.57,2026-08-09T21:52:09.437Z
2023,대학교,사립,대학,경기,기존,0000041,경동대학교,3,9123,574,6.29,1755,120,6.84,2026-08-09T21:52:09.437Z
2023,전문대학,사립,전문대학,경기,기존,0000255,경민대학교,1,6366,334,5.25,1821,113,6.21,2026-08-09T21:52:09.437Z
2023,전문대학,사립,전문대학,경기,기존,0000259,경복대학교,1,7813,393,5.03,2354,119,5.06,2026-08-09T21:52:09.437Z
2023,전문대학,사립,전문대학,경기,기존,0000264,계원예술대학교,1,3915,251,6.41,1233,81,6.57,2026-08-09T21:52:09.437Z
2023,전문대학,사립,전문대학,경기,기존,0000379,국제대학교,1,4569,825,18.06,1401,476,33.98,2026-08-09T21:52:09.437Z
2023,사이버대학(대학),사립,대학,경기,기존,0000409,국제사이버대학교,1,3882,646,16.64,984,205,20.83,2026-08-09T21:52:09.437Z
2023,전문대학,사립,전문대학,경기,기존,0000277,김포대학교,1,3210,428,13.33,744,92,12.37,2026-08-09T21:52:09.437Z
2023,전문대학,사립,전문대학,경기,기존,0000278,농협대학교,1,489,13,2.66,153,4,2.61,2026-08-09T21:52:09.437Z
2023,대학교,사립,대학,경기,기존,0000060,단국대학교,2,29671,1119,3.77,5139,404,7.86,2026-08-09T21:52:09.437Z
2023,전문대학,사립,전문대학,경기,기존,0000285,대림대학교,1,10357,562,5.43,3204,186,5.81,2026-08-09T21:52:09.437Z
2023,대학교,사립,대학,경기,기존,0000068,대진대학교,1,10209,509,4.99,1900,168,8.84,2026-08-09T21:52:09.437Z
2023,전문대학,사립,전문대학,경기,기존,0000294,동남보건대학교,1,5602,306,5.46,1801,143,7.94,2026-08-09T21:52:09.437Z
2023,전문대학,사립,전문대학,경기,기존,0000287,동서울대학교,1,8226,660,8.02,2701,214,7.92,2026-08-09T21:52:09.437Z
2023,전문대학,사립,전문대학,경기,기존,0000298,동아방송예술대학교,1,4216,240,5.69,1245,77,6.18,2026-08-09T21:52:09.437Z
2023,전문대학,사립,전문대학,경기,기존,0000302,동원대학교,1,4069,564,13.86,1224,127,10.38,2026-08-09T21:52:09.437Z
2023,전문대학,사립,전문대학,경기,기존,0000305,두원공과대학교,1,4530,523,11.55,739,67,9.07,2026-08-09T21:52:09.437Z
2023,대학교,사립,대학,경기,기존,0000078,루터대학교,1,393,48,12.21,88,14,15.91,2026-08-09T21:52:09.437Z
2023,대학교,사립,대학,경기,기존,0000079,명지대학교,2,19426,890,4.58,3101,264,8.51,2026-08-09T21:52:09.437Z
2023,전문대학,사립,전문대학,경기,기존,0000316,부천대학교,1,10125,590,5.83,3419,209,6.11,2026-08-09T21:52:09.437Z
2023,대학교,사립,대학,경기,기존,0000090,서울신학대학교,1,2573,153,5.95,479,42,8.77,2026-08-09T21:52:09.437Z
2023,전문대학,사립,전문대학,경기,기존,0000323,서울예술대학교,1,4169,122,2.93,1155,28,2.42,2026-08-09T21:52:09.437Z
2023,대학교,사립,대학,경기,기존,0000092,서울장신대학교,1,453,36,7.95,68,5,7.35,2026-08-09T21:52:09.437Z
2023,전문대학,사립,전문대학,경기,기존,0000392,서정대학교,1,9146,840,9.18,2675,173,6.47,2026-08-09T21:52:09.437Z
2023,대학교,사립,대학,경기,기존,0000095,성결대학교,1,7056,379,5.37,1297,109,8.4,2026-08-09T21:52:09.437Z
2023,대학교,사립,대학,경기,기존,0000101,수원가톨릭대학교,1,171,9,5.26,24,0,0,2026-08-09T21:52:09.437Z
2023,전문대학,사립,전문대학,경기,기존,0000330,수원과학대학교,1,6310,768,12.17,1626,265,16.3,2026-08-09T21:52:09.437Z
2023,대학교,사립,대학,경기,기존,0000102,수원대학교,1,11964,702,5.87,2249,216,9.6,2026-08-09T21:52:09.437Z
2023,전문대학,사립,전문대학,경기,기존,0000329,수원여자대학교,1,4184,249,5.95,1525,117,7.67,2026-08-09T21:52:09.437Z
2023,대학교,사립,대학,경기,기존,000567,신경대학교,1,586,53,9.04,71,10,14.08,2026-08-09T21:52:09.437Z
2023,전문대학,사립,전문대학,경기,기존,0000334,신구대학교,1,8328,600,7.2,2825,257,9.1,2026-08-09T21:52:09.437Z
2023,전문대학,사립,전문대학,경기,기존,0000339,신안산대학교,1,4305,547,12.71,1161,161,13.87,2026-08-09T21:52:09.437Z
2023,대학교,사립,대학,경기,기존,000509,신한대학교,2,8295,425,5.12,1496,101,6.75,2026-08-09T21:52:09.437Z
2023,대학교,사립,대학,경기,기존,0000558,아신대학교,1,573,63,10.99,50,7,14,2026-08-09T21:52:09.437Z
2023,대학교,사립,대학,경기,기존,0000108,아주대학교,1,13541,464,3.43,2176,171,7.86,2026-08-09T21:52:09.437Z
2023,전문대학,사립,전문대학,경기,기존,0000340,안산대학교,1,5344,320,5.99,1781,123,6.91,2026-08-09T21:52:09.437Z
2023,대학교,사립,대학,경기,기존,0000109,안양대학교,2,6520,337,5.17,1220,93,7.62,2026-08-09T21:52:09.437Z
2023,전문대학,사립,전문대학,경기,기존,0000343,여주대학교,1,5893,563,9.55,1519,149,9.81,2026-08-09T21:52:09.437Z
2023,전문대학,사립,전문대학,경기,기존,0000341,연성대학교,1,8275,395,4.77,2695,152,5.64,2026-08-09T21:52:09.437Z
2023,대학교,사립,대학,경기,기존,0000164,예원예술대학교,2,1819,204,11.21,293,30,10.24,2026-08-09T21:52:09.437Z
2023,전문대학,사립,전문대학,경기,기존,0000350,오산대학교,1,6218,532,8.56,1861,144,7.74,2026-08-09T21:52:09.437Z
2023,대학교,사립,대학,경기,기존,0000115,용인대학교,1,7755,462,5.96,1340,96,7.16,2026-08-09T21:52:09.437Z
2023,전문대학,사립,전문대학,경기,기존,0000559,용인예술과학대학교,1,4405,506,11.49,1174,117,9.97,2026-08-09T21:52:09.437Z
2023,전문대학,사립,전문대학,경기,기존,0000394,웅지세무대학교,1,1189,144,12.11,127,22,17.32,2026-08-09T21:52:09.437Z
2023,전문대학,사립,전문대학,경기,기존,0000355,유한대학교,1,7570,454,6,2184,131,6,2026-08-09T21:52:09.437Z
2023,대학교,사립,대학,경기,기존,0000120,을지대학교,3,5461,190,3.48,1123,61,5.43,2026-08-09T21:52:09.437Z
2023,전문대학,사립,전문대학,경기,기존,0000358,장안대학교,1,5040,704,13.97,1259,156,12.39,2026-08-09T21:52:09.437Z
2023,대학교,사립,대학,경기,기존,0000130,중앙승가대학교,1,108,16,14.81,19,6,31.58,2026-08-09T21:52:09.437Z
2023,대학교,사립,대학,경기,기존,0000139,차의과학대학교,1,2658,155,5.83,539,68,12.62,2026-08-09T21:52:09.437Z
2023,전문대학,사립,전문대학,경기,기존,0000374,청강문화산업대학교,1,5101,211,4.14,1426,58,4.07,2026-08-09T21:52:09.437Z
2023,대학교,사립,대학,경기,기존,0000136,칼빈대학교,1,563,64,11.37,98,7,7.14,2026-08-09T21:52:09.437Z
2023,대학교,사립,대학,경기,기존,0000138,평택대학교,1,4456,396,8.89,813,94,11.56,2026-08-09T21:52:09.437Z
2023,대학교,국립,대학,경기,기존,0000568,한경대학교,1,6971,439,6.3,1207,105,8.7,2026-08-09T21:52:09.437Z
2023,전문대학,사립,전문대학,경기,기존,0000391,한국관광대학교,1,2306,135,5.85,647,44,6.8,2026-08-09T21:52:09.437Z
2023,전문대학,국립,전문대학,경기,폐교,0000248,한국복지대학교,1,838,75,8.95,275,23,8.36,2026-08-09T21:52:09.437Z
2023,대학교,사립,대학,경기,기존,0000562,한국산업기술대학교,1,9826,502,5.11,1834,166,9.05,2026-08-09T21:52:09.437Z
2023,기능대학,사립,전문대학,경기,기존,0000479,한국폴리텍 I 대학,1,1139,145,12.73,320,56,17.5,2026-08-09T21:52:09.437Z
2023,기능대학,사립,전문대학,경기,기존,0000555,한국폴리텍 II 대학,1,23,5,21.74,18,5,27.78,2026-08-09T21:52:09.437Z
2023,기능대학,사립,전문대학,경기,기존,0000548,한국폴리텍 II 대학,1,882,100,11.34,234,41,17.52,2026-08-09T21:52:09.437Z
2023,대학교,사립,대학,경기,기존,0000144,한국항공대학교,1,5917,231,3.9,993,78,7.85,2026-08-09T21:52:09.437Z
2023,대학교,사립,대학,경기,기존,0000151,한세대학교,1,3304,188,5.69,611,53,8.67,2026-08-09T21:52:09.437Z
2023,대학교,사립,대학,경기,기존,0000152,한신대학교,1,7588,483,6.37,1240,84,6.77,2026-08-09T21:52:09.437Z
2023,대학교,사립,대학,경기,기존,0000156,협성대학교,1,5383,346,6.43,1070,94,8.79,2026-08-09T21:52:09.437Z
2023,기능대학,사립,전문대학,경기,기존,0000516,ICT폴리텍대학,1,483,57,11.8,142,20,14.08,2026-08-09T21:52:09.437Z
2023,대학교,사립,대학,경남,기존,0000032,가야대학교,1,2355,218,9.26,383,36,9.4,2026-08-09T21:52:09.437Z
2023,전문대학,사립,전문대학,경남,기존,0000251,거제대학교,1,1279,92,7.19,306,18,5.88,2026-08-09T21:52:09.437Z
2023,대학교,국립,대학,경남,폐교,0000026,경남과학기술대학교,1,5444,286,5.25,0,0,0,2026-08-09T21:52:09.437Z
2023,대학교,사립,대학,경남,기존,0000040,경남대학교,1,14486,935,6.45,1920,114,5.94,2026-08-09T21:52:09.437Z
2023,전문대학,공립,전문대학,경남,기존,0000242,경남도립거창대학,1,1147,89,7.76,376,29,7.71,2026-08-09T21:52:09.437Z
2023,전문대학,공립,전문대학,경남,기존,0000243,경남도립남해대학,1,1236,169,13.67,378,46,12.17,2026-08-09T21:52:09.437Z
2023,대학교,국립,대학,경남,기존,0000556,경상대학교,1,19312,925,4.79,4512,306,6.78,2026-08-09T21:52:09.437Z
2023,전문대학,사립,전문대학,경남,기존,0000395,김해대학교,1,1704,151,8.86,528,59,11.17,2026-08-09T21:52:09.437Z
2023,전문대학,사립,전문대학,경남,기존,0000342,동원과학기술대학교,1,3100,264,8.52,989,111,11.22,2026-08-09T21:52:09.437Z
2023,전문대학,사립,전문대학,경남,기존,0000306,마산대학교,1,6791,503,7.41,2145,171,7.97,2026-08-09T21:52:09.437Z
2023,대학교,사립,대학,경남,기존,0000167,부산장신대학교,1,180,26,14.44,32,3,9.38,2026-08-09T21:52:09.437Z
2023,전문대학,사립,전문대학,경남,기존,0000530,연암공과대학교,1,2424,181,7.47,543,18,3.31,2026-08-09T21:52:09.437Z
2023,대학교,사립,대학,경남,기존,0000122,인제대학교,1,10615,700,6.59,1540,108,7.01,2026-08-09T21:52:09.437Z
2023,교육대학,국립,대학,경남,기존,0000203,진주교육대학교,1,1332,25,1.88,338,19,5.62,2026-08-09T21:52:09.437Z
2023,전문대학,사립,전문대학,경남,기존,0000369,진주보건대학교,1,2944,161,5.47,853,51,5.98,2026-08-09T21:52:09.437Z
2023,대학교,사립,대학,경남,기존,0000193,창신대학교,1,2170,216,9.95,343,26,7.58,2026-08-09T21:52:09.437Z
2023,대학교,국립,대학,경남,기존,0000581,창원대학교,1,10637,564,5.3,1867,126,6.75,2026-08-09T21:52:09.437Z
2023,전문대학,사립,전문대학,경남,기존,0000528,창원문성대학교,1,2418,889,36.77,440,41,9.32,2026-08-09T21:52:09.437Z
2023,전문대학,사립,전문대학,경남,기존,0000396,한국승강기대학교,1,1278,119,9.31,317,44,13.88,2026-08-09T21:52:09.437Z
2023,기능대학,사립,전문대학,경남,기존,0000503,한국폴리텍 특성화대학,1,733,102,13.92,129,19,14.73,2026-08-09T21:52:09.437Z
2023,기능대학,사립,전문대학,경남,기존,0000563,한국폴리텍 VII 대학,1,8,4,50,8,4,50,2026-08-09T21:52:09.437Z
2023,기능대학,사립,전문대학,경남,기존,0000496,한국폴리텍 VII 대학,1,2183,176,8.06,741,67,9.04,2026-08-09T21:52:09.437Z
2023,전문대학,사립,전문대학,경북,기존,0000249,가톨릭상지대학교,1,2376,223,9.39,754,89,11.8,2026-08-09T21:52:09.437Z
2023,전문대학,사립,전문대학,경북,기존,0000293,경북과학대학교,1,1985,283,14.26,814,181,22.24,2026-08-09T21:52:09.437Z
2023,전문대학,공립,전문대학,경북,폐교,0000244,경북도립대학교,1,1134,122,10.76,391,33,8.44,2026-08-09T21:52:09.437Z
2023,전문대학,사립,전문대학,경북,기존,0000523,경북보건대학교,1,1457,80,5.49,425,35,8.24,2026-08-09T21:52:09.437Z
2023,전문대학,사립,전문대학,경북,기존,0000258,경북전문대학교,1,3345,170,5.08,1124,55,4.89,2026-08-09T21:52:09.437Z
2023,대학교,사립,대학,경북,기존,0000188,경운대학교,1,5772,624,10.81,1131,169,14.94,2026-08-09T21:52:09.437Z
2023,대학교,사립,대학,경북,기존,0000045,경일대학교,1,9311,778,8.36,1645,198,12.04,2026-08-09T21:52:09.437Z
2023,대학교,사립,대학,경북,기존,0000586,경주대학교,1,957,252,26.33,214,108,50.47,2026-08-09T21:52:09.437Z
2023,전문대학,사립,전문대학,경북,기존,0000268,구미대학교,1,6792,532,7.83,2455,203,8.27,2026-08-09T21:52:09.437Z
2023,대학교,국립,대학,경북,기존,0000575,금오공과대학교,1,7716,385,4.99,1313,74,5.64,2026-08-09T21:52:09.437Z
2023,대학교,사립,대학,경북,기존,0000185,김천대학교,1,3325,458,13.77,645,178,27.6,2026-08-09T21:52:09.437Z
2023,전문대학,사립,전문대학,경북,기존,0000279,대경대학교,1,4822,719,14.91,1756,225,12.81,2026-08-09T21:52:09.437Z
2023,대학교,사립,대학,경북,기존,0000063,대구가톨릭대학교,1,15333,988,6.44,2760,188,6.81,2026-08-09T21:52:09.437Z
2023,대학교,사립,대학,경북,기존,0000061,대구대학교,1,22207,1480,6.66,3819,237,6.21,2026-08-09T21:52:09.437Z
2023,사이버대학(대학),사립,대학,경북,기존,0000410,대구사이버대학교,1,5717,1064,18.61,1808,293,16.21,2026-08-09T21:52:09.437Z
2023,대학교,사립,대학,경북,기존,0000062,대구예술대학교,1,1004,155,15.44,77,9,11.69,2026-08-09T21:52:09.437Z
2023,대학교,사립,대학,경북,기존,0000042,대구한의대학교,1,8113,673,8.3,1612,228,14.14,2026-08-09T21:52:09.437Z
2023,대학교,사립,대학,경북,기존,0000065,대신대학교,1,605,50,8.26,117,7,5.98,2026-08-09T21:52:09.437Z
2023,대학교,사립,대학,경북,기존,0000076,동양대학교,1,5159,469,9.09,994,119,11.97,2026-08-09T21:52:09.437Z
2023,전문대학,사립,전문대학,경북,기존,0000309,문경대학교,1,1051,80,7.61,296,22,7.43,2026-08-09T21:52:09.437Z
2023,전문대학,사립,전문대학,경북,폐교,0000262,서라벌대학교,1,679,61,8.98,211,28,13.27,2026-08-09T21:52:09.437Z
2023,전문대학,사립,전문대학,경북,기존,0000380,선린대학교,1,2696,206,7.64,776,80,10.31,2026-08-09T21:52:09.437Z
2023,전문대학,사립,전문대학,경북,기존,0000547,성덕대학교,1,1573,174,11.06,811,110,13.56,2026-08-09T21:52:09.437Z
2023,전문대학,사립,전문대학,경북,기존,0000338,안동과학대학교,1,2808,275,9.79,786,27,3.44,2026-08-09T21:52:09.437Z
2023,대학교,국립,대학,경북,기존,0000580,안동대학교,1,7414,488,6.58,1188,88,7.41,2026-08-09T21:52:09.437Z
2023,대학교,사립,대학,경북,기존,0000111,영남대학교,1,28429,1283,4.51,4859,282,5.8,2026-08-09T21:52:09.437Z
2023,대학교,사립,대학,경북,기존,0000112,영남신학대학교,1,501,40,7.98,100,12,12,2026-08-09T21:52:09.437Z
2023,전문대학,사립,전문대학,경북,기존,0000257,영남외국어대학,1,395,28,7.09,138,18,13.04,2026-08-09T21:52:09.437Z
2023,대학교,사립,대학,경북,기존,0000119,위덕대학교,1,3317,437,13.17,693,133,19.19,2026-08-09T21:52:09.437Z
2023,대학교,사립,대학,경북,기존,0000140,포항공과대학교,1,1675,36,2.15,329,18,5.47,2026-08-09T21:52:09.437Z
2023,전문대학,사립,전문대학,경북,기존,0000381,포항대학교,1,2020,183,9.06,643,64,9.95,2026-08-09T21:52:09.437Z
2023,사이버대학(전문대학),사립,전문대학,경북,기존,0000407,한국복지사이버대학,1,2821,283,10.03,1317,130,9.87,2026-08-09T21:52:09.437Z
2023,기능대학,사립,전문대학,경북,기존,0000552,한국폴리텍 특성화대학,1,149,16,10.74,61,14,22.95,2026-08-09T21:52:09.437Z
2023,기능대학,사립,전문대학,경북,기존,0000495,한국폴리텍 VI 대학,1,720,96,13.33,231,33,14.29,2026-08-09T21:52:09.437Z
2023,기능대학,사립,전문대학,경북,기존,0000504,한국폴리텍 VI 대학,1,63,5,7.94,17,1,5.88,2026-08-09T21:52:09.437Z
2023,대학교,사립,대학,경북,기존,0000146,한동대학교,1,5333,157,2.94,813,14,1.72,2026-08-09T21:52:09.437Z
2023,전문대학,사립,전문대학,경북,기존,0000522,호산대학교,1,2093,189,9.03,667,69,10.34,2026-08-09T21:52:09.437Z
2023,대학교,사립,대학,광주,기존,0000052,광신대학교,1,534,54,10.11,122,26,21.31,2026-08-09T21:52:09.437Z
2023,대학교,특별법법인,대학,광주,기존,0000469,광주과학기술원,1,1009,48,4.76,218,17,7.8,2026-08-09T21:52:09.437Z
2023,교육대학,국립,대학,광주,기존,0000196,광주교육대학교,1,1337,36,2.69,347,30,8.65,2026-08-09T21:52:09.437Z
2023,대학교,사립,대학,광주,기존,0000176,광주대학교,1,8209,963,11.73,1560,386,24.74,2026-08-09T21:52:09.437Z
2023,전문대학,사립,전문대학,광주,기존,0000267,광주보건대학교,1,4672,252,5.39,1432,75,5.24,2026-08-09T21:52:09.437Z
2023,대학교,사립,대학,광주,기존,0000055,광주여자대학교,1,3982,301,7.56,908,145,15.97,2026-08-09T21:52:09.437Z
2023,전문대학,사립,전문대학,광주,기존,0000273,기독간호대학교,1,659,10,1.52,166,3,1.81,2026-08-09T21:52:09.437Z
2023,대학교,사립,대학,광주,기존,0000162,남부대학교,1,3609,304,8.42,636,79,12.42,2026-08-09T21:52:09.437Z
2023,전문대학,사립,전문대학,광주,기존,0000297,동강대학교,1,3132,444,14.18,1160,237,20.43,2026-08-09T21:52:09.437Z
2023,전문대학,사립,전문대학,광주,기존,0000320,서영대학교,1,7150,436,6.1,2207,156,7.07,2026-08-09T21:52:09.437Z
2023,대학교,사립,대학,광주,기존,0000187,송원대학교,1,3713,610,16.43,733,186,25.38,2026-08-09T21:52:09.437Z
2023,대학교,국립,대학,광주,기존,0000016,전남대학교,2,25646,1168,4.55,4583,394,8.6,2026-08-09T21:52:09.437Z
2023,전문대학,사립,전문대학,광주,기존,0000366,조선간호대학교,1,815,20,2.45,193,8,4.15,2026-08-09T21:52:09.437Z
2023,대학교,사립,대학,광주,기존,0000127,조선대학교,1,25907,1308,5.05,4652,262,5.63,2026-08-09T21:52:09.437Z
2023,전문대학,사립,전문대학,광주,기존,0000365,조선이공대학교,1,5176,514,9.93,1507,131,8.69,2026-08-09T21:52:09.437Z
2023,기능대학,사립,전문대학,광주,기존,0000489,한국폴리텍 V 대학,1,1310,83,6.34,433,48,11.09,2026-08-09T21:52:09.437Z
2023,대학교,사립,대학,광주,기존,0000157,호남대학교,1,8926,671,7.52,1549,133,8.59,2026-08-09T21:52:09.437Z
2023,대학교,사립,대학,광주,기존,0000158,호남신학대학교,1,814,40,4.91,119,12,10.08,2026-08-09T21:52:09.437Z
2023,대학교,국립,대학,대구,기존,0000003,경북대학교,1,28693,1167,4.07,5006,461,9.21,2026-08-09T21:52:09.437Z
2023,대학교,사립,대학,대구,기존,0000048,계명대학교,1,29306,1513,5.16,4898,284,5.8,2026-08-09T21:52:09.437Z
2023,전문대학,사립,전문대학,대구,기존,0000263,계명문화대학교,1,6392,515,8.06,2073,143,6.9,2026-08-09T21:52:09.437Z
2023,대학교,특별법법인,대학,대구,기존,0000470,대구경북과학기술원,1,1052,29,2.76,222,17,7.66,2026-08-09T21:52:09.437Z
2023,전문대학,사립,전문대학,대구,기존,0000280,대구공업대학교,1,1932,304,15.73,527,51,9.68,2026-08-09T21:52:09.437Z
2023,전문대학,사립,전문대학,대구,기존,0000283,대구과학대학교,1,4887,358,7.33,1753,130,7.42,2026-08-09T21:52:09.437Z
2023,교육대학,국립,대학,대구,기존,0000197,대구교육대학교,1,1606,42,2.62,420,26,6.19,2026-08-09T21:52:09.437Z
2023,전문대학,사립,전문대학,대구,기존,0000281,대구보건대학교,1,8467,503,5.94,2686,176,6.55,2026-08-09T21:52:09.437Z
2023,전문대학,사립,전문대학,대구,기존,0000282,수성대학교,1,4302,386,8.97,1413,139,9.84,2026-08-09T21:52:09.437Z
2023,전문대학,사립,전문대학,대구,기존,0000346,영남이공대학교,1,8201,712,8.68,2724,223,8.19,2026-08-09T21:52:09.437Z
2023,사이버대학(전문대학),사립,전문대학,대구,기존,0000406,영진사이버대학,1,4343,232,5.34,1841,57,3.1,2026-08-09T21:52:09.437Z
2023,전문대학,사립,전문대학,대구,기존,0000349,영진전문대학교,1,10948,1236,11.29,3315,392,11.83,2026-08-09T21:52:09.437Z
2023,기능대학,사립,전문대학,대구,기존,0000549,한국폴리텍 특성화대학,1,213,55,25.82,106,36,33.96,2026-08-09T21:52:09.437Z
2023,기능대학,사립,전문대학,대구,기존,0000494,한국폴리텍 VI 대학,1,735,91,12.38,242,34,14.05,2026-08-09T21:52:09.437Z
2023,대학교,사립,대학,대전,기존,0000038,건양대학교,2,8116,436,5.37,1651,137,8.3,2026-08-09T21:52:09.437Z
2023,사이버대학(대학),사립,대학,대전,기존,0000425,건양사이버대학교,1,3700,286,7.73,996,104,10.44,2026-08-09T21:52:09.437Z
2023,전문대학,사립,전문대학,대전,기존,0000376,대덕대학교,1,3460,541,15.64,884,166,18.78,2026-08-09T21:52:09.437Z
2023,전문대학,사립,전문대학,대전,기존,0000512,대전과학기술대학교,1,4766,561,11.77,1521,242,15.91,2026-08-09T21:52:09.437Z
2023,대학교,사립,대학,대전,기존,0000067,대전대학교,1,11959,727,6.08,2042,158,7.74,2026-08-09T21:52:09.437Z
2023,전문대학,사립,전문대학,대전,기존,0000288,대전보건대학교,1,6432,445,6.92,1867,100,5.36,2026-08-09T21:52:09.437Z
2023,대학교,사립,대학,대전,기존,0000182,대전신학대학교,1,71,10,14.08,8,0,0,2026-08-09T21:52:09.437Z
2023,대학교,사립,대학,대전,기존,0000080,목원대학교,1,9764,671,6.87,1885,155,8.22,2026-08-09T21:52:09.437Z
2023,대학교,사립,대학,대전,기존,0000081,배재대학교,1,10218,875,8.56,1989,185,9.3,2026-08-09T21:52:09.437Z
2023,대학교,사립,대학,대전,기존,0000184,우송대학교,1,12422,582,4.69,2218,102,4.6,2026-08-09T21:52:09.437Z
2023,전문대학,사립,전문대학,대전,기존,0000289,우송정보대학,1,5192,665,12.81,1485,157,10.57,2026-08-09T21:52:09.437Z
2023,대학교,국립,대학,대전,기존,0000020,충남대학교,1,22413,937,4.18,3859,353,9.15,2026-08-09T21:52:09.437Z
2023,대학교,사립,대학,대전,기존,0000551,침례신학대학교,1,1208,75,6.21,186,7,3.76,2026-08-09T21:52:09.437Z
2023,대학교,특별법법인,대학,대전,기존,0000468,한국과학기술원,1,4775,125,2.62,782,34,4.35,2026-08-09T21:52:09.437Z
2023,기능대학,사립,전문대학,대전,기존,0000484,한국폴리텍 IV 대학,1,1169,126,10.78,335,46,13.73,2026-08-09T21:52:09.437Z
2023,대학교,사립,대학,대전,기존,0000145,한남대학교,1,15444,866,5.61,2928,208,7.1,2026-08-09T21:52:09.437Z
2023,대학교,국립,대학,대전,기존,0000584,한밭대학교,1,11259,641,5.69,2079,135,6.49,2026-08-09T21:52:09.437Z
2023,전문대학,사립,전문대학,부산,기존,0000253,경남정보대학교,1,10129,952,9.4,2745,208,7.58,2026-08-09T21:52:09.437Z
2023,대학교,사립,대학,부산,기존,0000043,경성대학교,1,16076,899,5.59,2963,175,5.91,2026-08-09T21:52:09.437Z
2023,대학교,사립,대학,부산,기존,0000050,고신대학교,1,4283,412,9.62,823,128,15.55,2026-08-09T21:52:09.437Z
2023,전문대학,사립,전문대학,부산,기존,0000284,대동대학교,1,1747,95,5.44,473,27,5.71,2026-08-09T21:52:09.437Z
2023,대학교,사립,대학,부산,기존,0000180,동명대학교,1,10619,1230,11.58,1518,195,12.85,2026-08-09T21:52:09.437Z
2023,대학교,사립,대학,부산,기존,0000073,동서대학교,1,12871,821,6.38,2090,133,6.36,2026-08-09T21:52:09.437Z
2023,대학교,사립,대학,부산,기존,0000075,동아대학교,1,24717,1010,4.09,4388,206,4.69,2026-08-09T21:52:09.437Z
2023,전문대학,사립,전문대학,부산,기존,0000303,동의과학대학교,1,6636,931,14.03,1807,176,9.74,2026-08-09T21:52:09.437Z
2023,대학교,사립,대학,부산,기존,0000077,동의대학교,1,20322,1235,6.08,3826,259,6.77,2026-08-09T21:52:09.437Z
2023,전문대학,사립,전문대학,부산,기존,0000569,동주대학교,1,3337,289,8.66,942,60,6.37,2026-08-09T21:52:09.437Z
2023,대학교,국립,대학,부산,기존,0000578,부경대학교,1,21014,943,4.49,3619,309,8.54,2026-08-09T21:52:09.437Z
2023,대학교,사립,대학,부산,기존,0000082,부산가톨릭대학교,1,4352,225,5.17,764,32,4.19,2026-08-09T21:52:09.437Z
2023,전문대학,사립,전문대학,부산,기존,0000313,부산경상대학교,1,3223,523,16.23,1195,252,21.09,2026-08-09T21:52:09.437Z
2023,전문대학,사립,전문대학,부산,기존,0000315,부산과학기술대학교,1,5160,687,13.31,1374,141,10.26,2026-08-09T21:52:09.437Z
2023,교육대학,국립,대학,부산,기존,0000198,부산교육대학교,1,1520,39,2.57,382,29,7.59,2026-08-09T21:52:09.437Z
2023,대학교,국립,대학,부산,기존,0000011,부산대학교,1,26611,1060,3.98,4613,342,7.41,2026-08-09T21:52:09.437Z
2023,사이버대학(대학),사립,대학,부산,기존,0000411,부산디지털대학교,1,2833,407,14.37,695,108,15.54,2026-08-09T21:52:09.437Z
2023,전문대학,사립,전문대학,부산,기존,0000314,부산여자대학교,1,2328,179,7.69,761,68,8.94,2026-08-09T21:52:09.437Z
2023,전문대학,사립,전문대학,부산,기존,0000388,부산예술대학교,1,815,143,17.55,322,53,16.46,2026-08-09T21:52:09.437Z
2023,대학교,사립,대학,부산,기존,0000083,부산외국어대학교,1,10261,609,5.94,1455,108,7.42,2026-08-09T21:52:09.437Z
2023,전문대학,사립,전문대학,부산,폐교,0000326,성심외국어대학,1,1239,0,0,0,0,0,2026-08-09T21:52:09.437Z
2023,대학교,사립,대학,부산,기존,0000106,신라대학교,1,9607,935,9.73,1422,95,6.68,2026-08-09T21:52:09.437Z
2023,대학교,사립,대학,부산,기존,0000181,영산대학교,2,7311,746,10.2,1254,170,13.56,2026-08-09T21:52:09.437Z
2023,기능대학,사립,전문대학,부산,기존,0000564,한국폴리텍 VII 대학,1,5,1,20,5,1,20,2026-08-09T21:52:09.437Z
2023,기능대학,사립,전문대학,부산,기존,0000497,한국폴리텍 VII 대학,1,1205,132,10.95,361,50,13.85,2026-08-09T21:52:09.437Z
2023,대학교,국립,대학,부산,기존,0000583,한국해양대학교,1,8078,347,4.3,1494,100,6.69,2026-08-09T21:52:09.437Z
2023,사이버대학(대학),사립,대학,부산,기존,0000423,화신사이버대학교,1,1694,240,14.17,544,103,18.93,2026-08-09T21:52:09.437Z
2023,대학교,사립,대학,서울,기존,0000035,감리교신학대학교,1,925,61,6.59,94,7,7.45,2026-08-09T21:52:09.437Z
2023,대학교,사립,대학,서울,기존,0000565,강서대학교,1,1913,137,7.16,338,60,17.75,2026-08-09T21:52:09.437Z
2023,대학교,사립,대학,서울,기존,0000037,건국대학교,2,32713,1098,3.36,5145,429,8.34,2026-08-09T21:52:09.437Z
2023,대학교,사립,대학,서울,기존,0000047,경희대학교,1,33980,1151,3.39,5798,537,9.26,2026-08-09T21:52:09.437Z
2023,사이버대학(대학),사립,대학,서울,기존,0000408,경희사이버대학교,1,12031,2195,18.24,2833,599,21.14,2026-08-09T21:52:09.437Z
2023,대학교,사립,대학,서울,기존,0000049,고려대학교,2,35856,1392,3.88,6147,574,9.34,2026-08-09T21:52:09.437Z
2023,사이버대학(대학),사립,대학,서울,기존,0000418,고려사이버대학교,1,11906,1703,14.3,2323,366,15.76,2026-08-09T21:52:09.437Z
2023,대학교,사립,대학,서울,기존,0000053,광운대학교,1,11633,464,3.99,1957,166,8.48,2026-08-09T21:52:09.437Z
2023,대학교,사립,대학,서울,기존,0000056,국민대학교,1,20917,658,3.15,3463,264,7.62,2026-08-09T21:52:09.437Z
2023,대학교,사립,대학,서울,기존,0000070,덕성여자대학교,1,6610,272,4.11,1210,140,11.57,2026-08-09T21:52:09.437Z
2023,대학교,사립,대학,서울,기존,0000071,동국대학교,2,28653,1137,3.97,5061,461,9.11,2026-08-09T21:52:09.437Z
2023,대학교,사립,대학,서울,기존,0000072,동덕여자대학교,1,8054,318,3.95,1747,201,11.51,2026-08-09T21:52:09.437Z
2023,전문대학,사립,전문대학,서울,기존,0000300,동양미래대학교,1,9973,742,7.44,2891,291,10.07,2026-08-09T21:52:09.437Z
2023,사이버대학(대학),사립,대학,서울,기존,0000420,디지털서울문화예술대학교,1,3874,595,15.36,755,126,16.69,2026-08-09T21:52:09.437Z
2023,전문대학,사립,전문대학,서울,기존,0000307,명지전문대학,1,9522,828,8.7,3247,385,11.86,2026-08-09T21:52:09.437Z
2023,전문대학,사립,전문대학,서울,기존,0000310,배화여자대학교,1,3248,280,8.62,1377,175,12.71,2026-08-09T21:52:09.437Z
2023,사이버대학(대학),사립,대학,서울,기존,0000422,사이버한국외국어대학교,1,8071,1475,18.28,1854,295,15.91,2026-08-09T21:52:09.437Z
2023,대학교,사립,대학,서울,기존,0000084,삼육대학교,1,7062,255,3.61,1224,79,6.45,2026-08-09T21:52:09.437Z
2023,전문대학,사립,전문대학,서울,기존,0000317,삼육보건대학교,1,1587,79,4.98,516,33,6.4,2026-08-09T21:52:09.437Z
2023,대학교,사립,대학,서울,기존,0000087,서강대학교,1,11679,432,3.7,1826,230,12.6,2026-08-09T21:52:09.437Z
2023,대학교,사립,대학,서울,기존,0000088,서경대학교,1,8623,408,4.73,1618,134,8.28,2026-08-09T21:52:09.437Z
2023,대학교,국립,대학,서울,기존,0000027,서울과학기술대학교,1,13738,533,3.88,2415,179,7.41,2026-08-09T21:52:09.437Z
2023,교육대학,국립,대학,서울,기존,0000199,서울교육대학교,1,1538,83,5.4,393,52,13.23,2026-08-09T21:52:09.437Z
2023,대학교,사립,대학,서울,기존,0000069,서울기독대학교,1,497,40,8.05,68,11,16.18,2026-08-09T21:52:09.437Z
2023,대학교,국립대법인,대학,서울,기존,0000012,서울대학교,1,21286,412,1.94,3484,194,5.57,2026-08-09T21:52:09.437Z
2023,사이버대학(대학),사립,대학,서울,기존,0000412,서울디지털대학교,1,12666,1687,13.32,2736,324,11.84,2026-08-09T21:52:09.437Z
2023,사이버대학(대학),사립,대학,서울,기존,0000413,서울사이버대학교,1,18608,3013,16.19,4934,895,18.14,2026-08-09T21:52:09.437Z
2023,대학교,공립,대학,서울,기존,0000030,서울시립대학교,1,12035,346,2.87,1861,150,8.06,2026-08-09T21:52:09.437Z
2023,전문대학,사립,전문대학,서울,기존,0000321,서울여자간호대학교,1,984,40,4.07,254,19,7.48,2026-08-09T21:52:09.437Z
2023,대학교,사립,대학,서울,기존,0000091,서울여자대학교,1,8639,349,4.04,1759,202,11.48,2026-08-09T21:52:09.437Z
2023,전문대학,사립,전문대학,서울,기존,0000324,서일대학교,1,8483,712,8.39,2664,266,9.98,2026-08-09T21:52:09.437Z
2023,대학교,사립,대학,서울,기존,0000096,성공회대학교,1,2813,150,5.33,529,39,7.37,2026-08-09T21:52:09.437Z
2023,대학교,사립,대학,서울,기존,0000097,성균관대학교,1,25049,798,3.19,4149,404,9.74,2026-08-09T21:52:09.437Z
2023,대학교,사립,대학,서울,기존,0000098,성신여자대학교,1,10754,401,3.73,2436,249,10.22,2026-08-09T21:52:09.437Z
2023,대학교,사립,대학,서울,기존,0000100,세종대학교,1,15920,732,4.6,2879,339,11.77,2026-08-09T21:52:09.437Z
2023,사이버대학(대학),사립,대학,서울,기존,0000415,세종사이버대학교,1,11501,1162,10.1,3051,450,14.75,2026-08-09T21:52:09.437Z
2023,대학교,사립,대학,서울,기존,0000103,숙명여자대학교,1,11994,397,3.31,2452,212,8.65,2026-08-09T21:52:09.437Z
2023,대학교,사립,대학,서울,기존,0000105,숭실대학교,1,19486,625,3.21,3206,263,8.2,2026-08-09T21:52:09.437Z
2023,사이버대학(대학),사립,대학,서울,기존,0000419,숭실사이버대학교,1,8196,878,10.71,2299,255,11.09,2026-08-09T21:52:09.437Z
2023,전문대학,사립,전문대학,서울,기존,0000333,숭의여자대학교,1,3533,343,9.71,1593,234,14.69,2026-08-09T21:52:09.437Z
2023,대학교,사립,대학,서울,기존,0000110,연세대학교,2,36760,1207,3.28,5556,496,8.93,2026-08-09T21:52:09.437Z
2023,대학교,사립,대학,서울,기존,0000121,이화여자대학교,1,18994,476,2.51,3487,220,6.31,2026-08-09T21:52:09.437Z
2023,전문대학,사립,전문대학,서울,기존,0000356,인덕대학교,1,8631,715,8.28,2634,225,8.54,2026-08-09T21:52:09.437Z
2023,대학교,사립,대학,서울,기존,0000125,장로회신학대학교,1,816,35,4.29,155,8,5.16,2026-08-09T21:52:09.437Z
2023,기술대학,사립,대학,서울,기존,0000228,정석대학,1,46,2,4.35,17,0,0,2026-08-09T21:52:09.437Z
2023,대학교,사립,대학,서울,기존,0000129,중앙대학교,2,32241,1176,3.65,5365,516,9.62,2026-08-09T21:52:09.437Z
2023,대학교,사립,대학,서울,기존,0000133,총신대학교,1,1824,63,3.45,333,16,4.8,2026-08-09T21:52:09.437Z
2023,대학교,사립,대학,서울,기존,0000134,추계예술대학교,1,1401,77,5.5,272,27,9.93,2026-08-09T21:52:09.437Z
2023,방송통신대학,국립,대학,서울,기존,0000215,한국방송통신대학교,1,136789,28396,20.76,9073,917,10.11,2026-08-09T21:52:09.437Z
2023,대학교,사립,대학,서울,기존,0000142,한국성서대학교,1,1209,69,5.71,240,20,8.33,2026-08-09T21:52:09.437Z
2023,사이버대학(대학),사립,대학,서울,기존,0000416,한국열린사이버대학교,1,6283,1120,17.83,1720,339,19.71,2026-08-09T21:52:09.437Z
2023,각종학교(대학),특별법국립,대학,서울,기존,0000471,한국예술종합학교,1,3276,66,2.01,559,8,1.43,2026-08-09T21:52:09.437Z
2023,대학교,사립,대학,서울,기존,0000143,한국외국어대학교,1,22720,912,4.01,3821,413,10.81,2026-08-09T21:52:09.437Z
2023,대학교,국립,대학,서울,기존,0000023,한국체육대학교,1,3031,69,2.28,572,16,2.8,2026-08-09T21:52:09.437Z
2023,기능대학,사립,전문대학,서울,기존,0000478,한국폴리텍 I 대학,1,716,110,15.36,272,49,18.01,2026-08-09T21:52:09.437Z
2023,기능대학,사립,전문대학,서울,기존,0000477,한국폴리텍 I 대학,1,1889,225,11.91,630,89,14.13,2026-08-09T21:52:09.437Z
2023,대학교,사립,대학,서울,기존,0000150,한성대학교,1,9484,393,4.14,1646,145,8.81,2026-08-09T21:52:09.437Z
2023,대학교,사립,대학,서울,기존,0000153,한양대학교,2,36248,1163,3.21,6077,510,8.39,2026-08-09T21:52:09.437Z
2023,사이버대학(대학),사립,대학,서울,기존,0000421,한양사이버대학교,1,18279,2632,14.4,4511,702,15.56,2026-08-09T21:52:09.437Z
2023,전문대학,사립,전문대학,서울,기존,0000384,한양여자대학교,1,7748,505,6.52,3015,278,9.22,2026-08-09T21:52:09.437Z
2023,대학교,사립,대학,서울,기존,0000539,한영신학대학교,1,885,105,11.86,178,29,16.29,2026-08-09T21:52:09.437Z
2023,대학교,사립,대학,세종,기존,0000066,대전가톨릭대학교,1,50,3,6,12,1,8.33,2026-08-09T21:52:09.437Z
2023,전문대학,사립,전문대학,세종,기존,0000353,한국영상대학교,1,4152,228,5.49,1300,63,4.85,2026-08-09T21:52:09.437Z
2023,대학교,사립,대학,세종,기존,0000160,홍익대학교,2,25196,1069,4.24,4259,461,10.82,2026-08-09T21:52:09.437Z
2023,대학교,특별법법인,대학,울산,기존,0000527,울산과학기술원,1,2411,93,3.86,447,49,10.96,2026-08-09T21:52:09.437Z
2023,전문대학,사립,전문대학,울산,기존,0000352,울산과학대학교,1,7736,540,6.98,1909,127,6.65,2026-08-09T21:52:09.437Z
2023,대학교,사립,대학,울산,기존,0000117,울산대학교,1,16938,836,4.94,2896,156,5.39,2026-08-09T21:52:09.437Z
2023,전문대학,사립,전문대학,울산,기존,0000375,춘해보건대학교,1,3044,144,4.73,903,66,7.31,2026-08-09T21:52:09.437Z
2023,기능대학,사립,전문대학,울산,기존,0000498,한국폴리텍 VII 대학,1,934,97,10.39,355,39,10.99,2026-08-09T21:52:09.437Z
2023,교육대학,국립,대학,인천,기존,0000200,경인교육대학교,2,2619,71,2.71,652,52,7.98,2026-08-09T21:52:09.437Z
2023,전문대학,사립,전문대학,인천,기존,0000261,경인여자대학교,1,4548,309,6.79,1722,153,8.89,2026-08-09T21:52:09.437Z
2023,대학교,사립,대학,인천,기존,0000123,인천가톨릭대학교,2,830,46,5.54,174,23,13.22,2026-08-09T21:52:09.437Z
2023,대학교,국립대법인,대학,인천,기존,0000031,인천대학교,1,15839,595,3.76,2696,204,7.57,2026-08-09T21:52:09.437Z
2023,전문대학,사립,전문대학,인천,기존,0000587,인천재능대학교,1,5203,413,7.94,1478,153,10.35,2026-08-09T21:52:09.437Z
2023,전문대학,사립,전문대학,인천,기존,0000357,인하공업전문대학,1,10829,671,6.2,3260,286,8.77,2026-08-09T21:52:09.437Z
2023,대학교,사립,대학,인천,기존,0000124,인하대학교,1,24968,790,3.16,4041,276,6.83,2026-08-09T21:52:09.437Z
2023,기능대학,사립,전문대학,인천,기존,0000481,한국폴리텍 II 대학,1,90,9,10,50,7,14,2026-08-09T21:52:09.437Z
2023,기능대학,사립,전문대학,인천,기존,0000480,한국폴리텍 II 대학,1,2750,341,12.4,798,123,15.41,2026-08-09T21:52:09.437Z
2023,전문대학,사립,전문대학,전남,기존,0000585,고구려대학교,1,1562,133,8.51,635,82,12.91,2026-08-09T21:52:09.437Z
2023,전문대학,사립,전문대학,전남,기존,0000266,광양보건대학교,1,210,30,14.29,33,2,6.06,2026-08-09T21:52:09.437Z
2023,대학교,사립,대학,전남,기존,0000054,광주가톨릭대학교,1,114,10,8.77,12,0,0,2026-08-09T21:52:09.437Z
2023,대학교,사립,대학,전남,기존,0000074,동신대학교,1,7718,875,11.34,1529,356,23.28,2026-08-09T21:52:09.437Z
2023,전문대학,사립,전문대학,전남,기존,0000532,동아보건대학교,1,1407,224,15.92,459,64,13.94,2026-08-09T21:52:09.437Z
2023,대학교,사립,대학,전남,기존,0000166,목포가톨릭대학교,1,566,14,2.47,126,6,4.76,2026-08-09T21:52:09.437Z
2023,전문대학,사립,전문대학,전남,기존,0000308,목포과학대학교,1,3034,73,2.41,964,43,4.46,2026-08-09T21:52:09.437Z
2023,대학교,국립,대학,전남,기존,0000576,목포대학교,1,8804,604,6.86,1557,137,8.8,2026-08-09T21:52:09.437Z
2023,대학교,국립,대학,전남,기존,0000577,목포해양대학교,1,3112,200,6.43,713,64,8.98,2026-08-09T21:52:09.437Z
2023,대학교,사립,대학,전남,기존,0000064,세한대학교,1,4399,300,6.82,836,79,9.45,2026-08-09T21:52:09.437Z
2023,대학교,국립,대학,전남,기존,0000579,순천대학교,1,8899,600,6.74,1632,111,6.8,2026-08-09T21:52:09.437Z
2023,전문대학,사립,전문대학,전남,기존,0000331,순천제일대학교,1,3464,415,11.98,1166,148,12.69,2026-08-09T21:52:09.437Z
2023,대학교,사립,대학,전남,기존,0000114,영산선학대학교,1,53,2,3.77,8,2,25,2026-08-09T21:52:09.437Z
2023,전문대학,사립,전문대학,전남,기존,0000360,전남과학대학교,1,3777,314,8.31,1527,145,9.5,2026-08-09T21:52:09.437Z
2023,전문대학,공립,전문대학,전남,기존,0000389,전남도립대학교,1,1518,244,16.07,597,102,17.09,2026-08-09T21:52:09.437Z
2023,전문대학,사립,전문대학,전남,기존,0000332,청암대학교,1,3105,212,6.83,911,104,11.42,2026-08-09T21:52:09.437Z
2023,대학교,사립,대학,전남,기존,0000190,초당대학교,1,3931,667,16.97,824,232,28.16,2026-08-09T21:52:09.437Z
2023,대학교,특별법법인,대학,전남,기존,0000561,한국에너지공과대학교,1,107,7,6.54,107,7,6.54,2026-08-09T21:52:09.437Z
2023,기능대학,사립,전문대학,전남,기존,0000543,한국폴리텍 V 대학,1,14,2,14.29,0,0,0,2026-08-09T21:52:09.437Z
2023,기능대학,사립,전문대학,전남,기존,0000554,한국폴리텍 V 대학,1,280,32,11.43,79,9,11.39,2026-08-09T21:52:09.437Z
2023,전문대학,사립,전문대학,전남,기존,0000546,한영대학,1,1815,109,6.01,637,16,2.51,2026-08-09T21:52:09.437Z
2023,전문대학,사립,전문대학,전북,기존,0000250,군산간호대학교,1,1274,26,2.04,310,11,3.55,2026-08-09T21:52:09.437Z
2023,대학교,국립,대학,전북,기존,0000574,군산대학교,1,9055,650,7.18,1522,123,8.08,2026-08-09T21:52:09.437Z
2023,전문대학,사립,전문대학,전북,기존,0000270,군장대학교,1,2058,254,12.34,718,103,14.35,2026-08-09T21:52:09.437Z
2023,전문대학,사립,전문대학,전북,기존,0000311,백제예술대학교,1,1464,186,12.7,512,80,15.63,2026-08-09T21:52:09.437Z
2023,대학교,사립,대학,전북,기존,0000173,예수대학교,1,593,12,2.02,121,2,1.65,2026-08-09T21:52:09.437Z
2023,대학교,사립,대학,전북,기존,0000116,우석대학교,1,8999,793,8.81,1475,168,11.39,2026-08-09T21:52:09.437Z
2023,대학교,사립,대학,전북,기존,0000118,원광대학교,1,18956,1265,6.67,2990,202,6.76,2026-08-09T21:52:09.437Z
2023,사이버대학(대학),사립,대학,전북,기존,0000417,원광디지털대학교,1,6980,1050,15.04,1509,211,13.98,2026-08-09T21:52:09.437Z
2023,전문대학,사립,전문대학,전북,기존,0000354,원광보건대학교,1,5999,449,7.48,1543,98,6.35,2026-08-09T21:52:09.437Z
2023,전문대학,사립,전문대학,전북,기존,0000362,전북과학대학교,1,1829,130,7.11,691,60,8.68,2026-08-09T21:52:09.437Z
2023,대학교,국립,대학,전북,기존,0000017,전북대학교,1,24015,997,4.15,4225,290,6.86,2026-08-09T21:52:09.437Z
2023,교육대학,국립,대학,전북,기존,0000201,전주교육대학교,1,1169,43,3.68,303,31,10.23,2026-08-09T21:52:09.437Z
2023,전문대학,사립,전문대학,전북,기존,0000274,전주기전대학,1,1927,368,19.1,838,213,25.42,2026-08-09T21:52:09.437Z
2023,대학교,사립,대학,전북,기존,0000126,전주대학교,1,15247,1044,6.85,2677,193,7.21,2026-08-09T21:52:09.437Z
2023,전문대학,사립,전문대학,전북,기존,0000361,전주비전대학교,1,4701,438,9.32,1398,94,6.72,2026-08-09T21:52:09.437Z
2023,전문대학,특별법국립,전문대학,전북,기존,0000473,한국농수산대학,1,1823,76,4.17,684,33,4.82,2026-08-09T21:52:09.437Z
2023,기능대학,사립,전문대학,전북,기존,0000493,한국폴리텍 V 대학,1,172,22,12.79,70,15,21.43,2026-08-09T21:52:09.437Z
2023,기능대학,사립,전문대학,전북,기존,0000553,한국폴리텍 V 대학,1,619,102,16.48,194,28,14.43,2026-08-09T21:52:09.437Z
2023,대학교,사립,대학,전북,기존,0000155,한일장신대학교,1,1035,117,11.3,222,27,12.16,2026-08-09T21:52:09.437Z
2023,산업대학,사립,대학,전북,기존,0000223,호원대학교,1,6644,745,11.21,1376,211,15.33,2026-08-09T21:52:09.437Z
2023,전문대학,사립,전문대학,제주,기존,0000363,제주관광대학교,1,2354,366,15.55,696,157,22.56,2026-08-09T21:52:09.437Z
2023,대학교,사립,대학,제주,기존,0000192,제주국제대학교,1,796,174,21.86,61,20,32.79,2026-08-09T21:52:09.437Z
2023,대학교,국립,대학,제주,기존,0000018,제주대학교,1,13492,732,5.43,2345,154,6.57,2026-08-09T21:52:09.437Z
2023,전문대학,사립,전문대학,제주,기존,0000382,제주한라대학교,1,9165,494,5.39,1724,184,10.67,2026-08-09T21:52:09.437Z
2023,기능대학,사립,전문대학,제주,기존,0000535,한국폴리텍 I 대학,1,64,9,14.06,27,3,11.11,2026-08-09T21:52:09.437Z
2023,교육대학,국립,대학,충남,기존,0000195,공주교육대학교,1,1434,43,3,380,20,5.26,2026-08-09T21:52:09.437Z
2023,대학교,국립,대학,충남,기존,0000573,공주대학교,1,16161,758,4.69,3237,220,6.8,2026-08-09T21:52:09.437Z
2023,사이버대학(대학),사립,대학,충남,기존,0000424,글로벌사이버대학교,1,2550,471,18.47,735,142,19.32,2026-08-09T21:52:09.437Z
2023,대학교,사립,대학,충남,기존,0000169,금강대학교,1,339,54,15.93,33,15,45.45,2026-08-09T21:52:09.437Z
2023,대학교,사립,대학,충남,기존,0000059,나사렛대학교,1,6491,429,6.61,1306,87,6.66,2026-08-09T21:52:09.437Z
2023,대학교,사립,대학,충남,기존,0000189,남서울대학교,1,12456,731,5.87,2335,165,7.07,2026-08-09T21:52:09.437Z
2023,대학교,사립,대학,충남,기존,0000131,백석대학교,1,15612,814,5.21,3160,210,6.65,2026-08-09T21:52:09.437Z
2023,전문대학,사립,전문대학,충남,기존,0000373,백석문화대학교,1,6220,682,10.96,1698,169,9.95,2026-08-09T21:52:09.437Z
2023,대학교,사립,대학,충남,기존,0000085,상명대학교,2,16491,673,4.08,3012,239,7.93,2026-08-09T21:52:09.437Z
2023,대학교,사립,대학,충남,기존,0000094,선문대학교,1,12554,893,7.11,2236,245,10.96,2026-08-09T21:52:09.437Z
2023,대학교,사립,대학,충남,기존,0000104,순천향대학교,1,14011,761,5.43,2673,228,8.53,2026-08-09T21:52:09.437Z
2023,전문대학,사립,전문대학,충남,기존,0000335,신성대학교,1,4174,408,9.77,1114,101,9.07,2026-08-09T21:52:09.437Z
2023,전문대학,사립,전문대학,충남,기존,000568,아주자동차대학,1,1382,49,3.55,427,0,0,2026-08-09T21:52:09.437Z
2023,전문대학,사립,전문대학,충남,기존,0000529,연암대학교,1,1577,95,6.02,586,31,5.29,2026-08-09T21:52:09.437Z
2023,대학교,사립,대학,충남,기존,0000128,중부대학교,1,11247,954,8.48,1816,157,8.65,2026-08-09T21:52:09.437Z
2023,산업대학,사립,대학,충남,기존,0000225,청운대학교,1,7614,678,8.9,1288,142,11.02,2026-08-09T21:52:09.437Z
2023,전문대학,공립,전문대학,충남,기존,0000519,충남도립대학교,1,1480,133,8.99,485,57,11.75,2026-08-09T21:52:09.437Z
2023,대학교,사립,대학,충남,기존,0000141,한국기술교육대학교,1,5923,268,4.52,983,88,8.95,2026-08-09T21:52:09.437Z
2023,대학교,특별법국립,대학,충남,기존,0000472,한국전통문화대학교,1,744,1,0.13,145,0,0,2026-08-09T21:52:09.437Z
2023,기능대학,사립,전문대학,충남,기존,0000500,한국폴리텍 특성화대학,1,533,33,6.19,180,14,7.78,2026-08-09T21:52:09.437Z
2023,기능대학,사립,전문대학,충남,기존,0000487,한국폴리텍 IV 대학,1,721,77,10.68,232,31,13.36,2026-08-09T21:52:09.437Z
2023,기능대학,사립,전문대학,충남,기존,0000588,한국폴리텍 IV 대학,1,273,18,6.59,82,11,13.41,2026-08-09T21:52:09.437Z
2023,대학교,사립,대학,충남,기존,0000149,한서대학교,1,8857,559,6.31,1589,154,9.69,2026-08-09T21:52:09.437Z
2023,전문대학,사립,전문대학,충남,기존,0000386,혜전대학교,1,3154,179,5.68,880,51,5.8,2026-08-09T21:52:09.437Z
2023,대학교,사립,대학,충남,기존,0000159,호서대학교,1,16155,923,5.71,3087,304,9.85,2026-08-09T21:52:09.437Z
2023,전문대학,사립,전문대학,충북,기존,0000271,강동대학교,1,4055,441,10.88,1268,118,9.31,2026-08-09T21:52:09.437Z
2023,대학교,사립,대학,충북,기존,0000058,극동대학교,1,4397,338,7.69,582,47,8.08,2026-08-09T21:52:09.437Z
2023,대학교,사립,대학,충북,기존,0000557,꽃동네대학교,1,545,24,4.4,108,7,6.48,2026-08-09T21:52:09.437Z
2023,전문대학,사립,전문대학,충북,기존,0000286,대원대학교,1,2539,188,7.4,782,53,6.78,2026-08-09T21:52:09.437Z
2023,대학교,사립,대학,충북,기존,0000093,서원대학교,1,8630,489,5.67,1745,133,7.62,2026-08-09T21:52:09.437Z
2023,대학교,사립,대학,충북,기존,0000099,세명대학교,1,9553,719,7.53,1566,175,11.17,2026-08-09T21:52:09.437Z
2023,각종학교(대학),사립,대학,충북,기존,0000404,순복음총회신학교,1,150,50,33.33,37,11,29.73,2026-08-09T21:52:09.437Z
2023,대학교,사립,대학,충북,기존,0000113,유원대학교,1,4773,636,13.32,905,136,15.03,2026-08-09T21:52:09.437Z
2023,대학교,사립,대학,충북,기존,0000183,중원대학교,1,4819,663,13.76,770,135,17.53,2026-08-09T21:52:09.437Z
2023,교육대학,국립,대학,충북,기존,0000204,청주교육대학교,1,1206,44,3.65,309,30,9.71,2026-08-09T21:52:09.437Z
2023,대학교,사립,대학,충북,기존,0000132,청주대학교,1,15767,767,4.86,2784,178,6.39,2026-08-09T21:52:09.437Z
2023,대학교,국립,대학,충북,기존,0000021,충북대학교,1,17687,721,4.08,3038,227,7.47,2026-08-09T21:52:09.437Z
2023,전문대학,공립,전문대학,충북,기존,0000544,충북도립대학,1,1141,113,9.9,375,56,14.93,2026-08-09T21:52:09.437Z
2023,전문대학,사립,전문대학,충북,기존,0000367,충북보건과학대학교,1,3264,293,8.98,948,91,9.6,2026-08-09T21:52:09.437Z
2023,전문대학,사립,전문대학,충북,기존,0000377,충청대학교,1,4700,409,8.7,1302,121,9.29,2026-08-09T21:52:09.437Z
2023,대학교,국립,대학,충북,기존,0000022,한국교원대학교,1,2596,66,2.54,590,37,6.27,2026-08-09T21:52:09.437Z
2023,대학교,국립,대학,충북,기존,0000582,한국교통대학교,1,11608,726,6.25,2118,190,8.97,2026-08-09T21:52:09.437Z
2023,기능대학,사립,전문대학,충북,기존,0000485,한국폴리텍 IV 대학,1,1111,90,8.1,365,31,8.49,2026-08-09T21:52:09.437Z
2024,대학교,사립,대학,강원,기존,0000513,가톨릭관동대학교,1,9398,861,9.16,1078,74,6.86,2026-08-09T21:52:09.437Z
2024,전문대학,사립,전문대학,강원,기존,0000347,강릉영동대학교,1,3953,173,4.38,871,93,10.68,2026-08-09T21:52:09.437Z
2024,대학교,국립,대학,강원,기존,0000572,강릉원주대학교,2,9945,587,5.9,1780,139,7.81,2026-08-09T21:52:09.437Z
2024,대학교,국립,대학,강원,기존,0000002,강원대학교,2,28860,1107,3.84,4842,402,8.3,2026-08-09T21:52:09.437Z
2024,전문대학,공립,전문대학,강원,기존,0000531,강원도립대학교,1,909,107,11.77,295,27,9.15,2026-08-09T21:52:09.437Z
2024,대학교,사립,대학,강원,기존,0000041,경동대학교,3,9077,588,6.48,1819,129,7.09,2026-08-09T21:52:09.437Z
2024,대학교,사립,대학,강원,기존,0000086,상지대학교,1,9180,869,9.47,1629,220,13.51,2026-08-09T21:52:09.437Z
2024,전문대학,사립,전문대학,강원,폐교,0000319,상지영서대학교,1,298,16,5.37,0,0,0,2026-08-09T21:52:09.437Z
2024,전문대학,사립,전문대학,강원,기존,0000348,세경대학교,1,1067,193,18.09,410,59,14.39,2026-08-09T21:52:09.437Z
2024,전문대학,사립,전문대학,강원,기존,0000393,송곡대학교,1,950,152,16,297,49,16.5,2026-08-09T21:52:09.437Z
2024,전문대학,사립,전문대학,강원,기존,0000390,송호대학교,1,951,93,9.78,341,36,10.56,2026-08-09T21:52:09.437Z
2024,교육대학,국립,대학,강원,기존,0000205,춘천교육대학교,1,1302,48,3.69,339,26,7.67,2026-08-09T21:52:09.437Z
2024,전문대학,사립,전문대학,강원,기존,0000542,한국골프대학,1,625,55,8.8,182,13,7.14,2026-08-09T21:52:09.437Z
2024,기능대학,사립,전문대학,강원,기존,0000483,한국폴리텍 III 대학,1,173,30,17.34,55,8,14.55,2026-08-09T21:52:09.437Z
2024,기능대학,사립,전문대학,강원,기존,0000517,한국폴리텍 III 대학,1,153,20,13.07,60,8,13.33,2026-08-09T21:52:09.437Z
2024,기능대학,사립,전문대학,강원,기존,0000482,한국폴리텍 III 대학,1,324,32,9.88,106,16,15.09,2026-08-09T21:52:09.437Z
2024,대학교,사립,대학,강원,기존,0000147,한라대학교,1,4172,383,9.18,777,109,14.03,2026-08-09T21:52:09.437Z
2024,대학교,사립,대학,강원,기존,0000148,한림대학교,1,10314,470,4.56,1875,127,6.77,2026-08-09T21:52:09.437Z
2024,전문대학,사립,전문대학,강원,기존,0000383,한림성심대학교,1,3709,347,9.36,1002,69,6.89,2026-08-09T21:52:09.437Z
2024,대학교,사립,대학,경기,기존,0000044,가천대학교,1,27102,966,3.56,4856,380,7.83,2026-08-09T21:52:09.437Z
2024,대학교,사립,대학,경기,기존,0000034,가톨릭대학교,3,10824,391,3.61,2075,168,8.1,2026-08-09T21:52:09.437Z
2024,대학교,사립,대학,경기,기존,0000036,강남대학교,1,8716,497,5.7,1591,180,11.31,2026-08-09T21:52:09.437Z
2024,전문대학,사립,전문대학,경기,기존,0000387,경기과학기술대학교,1,6989,591,8.46,2035,171,8.4,2026-08-09T21:52:09.437Z
2024,대학교,사립,대학,경기,기존,0000039,경기대학교,2,19030,728,3.83,3217,283,8.8,2026-08-09T21:52:09.437Z
2024,전문대학,사립,전문대학,경기,기존,0000255,경민대학교,1,6353,322,5.07,1916,93,4.85,2026-08-09T21:52:09.437Z
2024,전문대학,사립,전문대학,경기,기존,0000259,경복대학교,1,7793,477,6.12,2449,127,5.19,2026-08-09T21:52:09.437Z
2024,교육대학,국립,대학,경기,기존,0000200,경인교육대학교,2,2576,102,3.96,644,60,9.32,2026-08-09T21:52:09.437Z
2024,전문대학,사립,전문대학,경기,기존,0000264,계원예술대학교,1,3838,319,8.31,1244,109,8.76,2026-08-09T21:52:09.437Z
2024,전문대학,사립,전문대학,경기,기존,0000379,국제대학교,1,3584,447,12.47,1016,67,6.59,2026-08-09T21:52:09.437Z
2024,사이버대학(대학),사립,대학,경기,기존,0000409,국제사이버대학교,1,4026,615,15.28,1086,203,18.69,2026-08-09T21:52:09.437Z
2024,전문대학,사립,전문대학,경기,기존,0000277,김포대학교,1,2393,337,14.08,702,97,13.82,2026-08-09T21:52:09.437Z
2024,전문대학,사립,전문대학,경기,기존,0000278,농협대학교,1,471,16,3.4,165,7,4.24,2026-08-09T21:52:09.437Z
2024,대학교,사립,대학,경기,기존,0000060,단국대학교,2,29279,1210,4.13,5107,504,9.87,2026-08-09T21:52:09.437Z
2024,전문대학,사립,전문대학,경기,기존,0000285,대림대학교,1,10418,769,7.38,3095,232,7.5,2026-08-09T21:52:09.437Z
2024,대학교,사립,대학,경기,기존,0000068,대진대학교,1,9980,619,6.2,1848,221,11.96,2026-08-09T21:52:09.437Z
2024,전문대학,사립,전문대학,경기,기존,0000294,동남보건대학교,1,5697,342,6,1798,160,8.9,2026-08-09T21:52:09.437Z
2024,전문대학,사립,전문대학,경기,기존,0000287,동서울대학교,1,8112,778,9.59,2756,296,10.74,2026-08-09T21:52:09.437Z
2024,전문대학,사립,전문대학,경기,기존,0000298,동아방송예술대학교,1,4203,225,5.35,1191,74,6.21,2026-08-09T21:52:09.437Z
2024,전문대학,사립,전문대학,경기,기존,0000302,동원대학교,1,3586,522,14.56,1247,204,16.36,2026-08-09T21:52:09.437Z
2024,전문대학,사립,전문대학,경기,기존,0000305,두원공과대학교,1,3525,417,11.83,721,60,8.32,2026-08-09T21:52:09.437Z
2024,대학교,사립,대학,경기,기존,0000078,루터대학교,1,396,47,11.87,86,10,11.63,2026-08-09T21:52:09.437Z
2024,전문대학,사립,전문대학,경기,기존,0000316,부천대학교,1,9806,636,6.49,3284,242,7.37,2026-08-09T21:52:09.437Z
2024,대학교,사립,대학,경기,기존,0000090,서울신학대학교,1,2456,142,5.78,487,52,10.68,2026-08-09T21:52:09.437Z
2024,전문대학,사립,전문대학,경기,기존,0000323,서울예술대학교,1,4152,128,3.08,1130,13,1.15,2026-08-09T21:52:09.437Z
2024,대학교,사립,대학,경기,기존,0000092,서울장신대학교,1,379,54,14.25,75,15,20,2026-08-09T21:52:09.437Z
2024,전문대학,사립,전문대학,경기,기존,0000392,서정대학교,1,9718,562,5.78,3057,193,6.31,2026-08-09T21:52:09.437Z
2024,대학교,사립,대학,경기,기존,0000095,성결대학교,1,7024,386,5.5,1300,116,8.92,2026-08-09T21:52:09.437Z
2024,대학교,사립,대학,경기,기존,0000101,수원가톨릭대학교,1,169,6,3.55,30,0,0,2026-08-09T21:52:09.437Z
2024,전문대학,사립,전문대학,경기,기존,0000330,수원과학대학교,1,4915,642,13.06,1163,165,14.19,2026-08-09T21:52:09.437Z
2024,대학교,사립,대학,경기,기존,0000102,수원대학교,1,11860,725,6.11,2251,223,9.91,2026-08-09T21:52:09.437Z
2024,전문대학,사립,전문대학,경기,기존,0000329,수원여자대학교,1,4131,340,8.23,1604,169,10.54,2026-08-09T21:52:09.437Z
2024,대학교,사립,대학,경기,기존,000567,신경대학교,1,574,95,16.55,155,25,16.13,2026-08-09T21:52:09.437Z
2024,전문대학,사립,전문대학,경기,기존,0000334,신구대학교,1,8097,728,8.99,2886,289,10.01,2026-08-09T21:52:09.437Z
2024,전문대학,사립,전문대학,경기,기존,0000339,신안산대학교,1,3367,550,16.34,954,145,15.2,2026-08-09T21:52:09.437Z
2024,대학교,사립,대학,경기,기존,000509,신한대학교,2,7961,441,5.54,1513,104,6.87,2026-08-09T21:52:09.437Z
2024,대학교,사립,대학,경기,기존,0000558,아신대학교,1,453,66,14.57,65,10,15.38,2026-08-09T21:52:09.437Z
2024,대학교,사립,대학,경기,기존,0000108,아주대학교,1,13395,412,3.08,2255,173,7.67,2026-08-09T21:52:09.437Z
2024,전문대학,사립,전문대학,경기,기존,0000340,안산대학교,1,5450,397,7.28,1892,172,9.09,2026-08-09T21:52:09.437Z
2024,대학교,사립,대학,경기,기존,0000109,안양대학교,2,6514,410,6.29,1208,128,10.6,2026-08-09T21:52:09.437Z
2024,전문대학,사립,전문대학,경기,기존,0000343,여주대학교,1,5051,454,8.99,1287,93,7.23,2026-08-09T21:52:09.437Z
2024,전문대학,사립,전문대학,경기,기존,0000341,연성대학교,1,8299,529,6.37,2684,217,8.08,2026-08-09T21:52:09.437Z
2024,대학교,사립,대학,경기,기존,0000164,예원예술대학교,2,1548,202,13.05,205,23,11.22,2026-08-09T21:52:09.437Z
2024,전문대학,사립,전문대학,경기,기존,0000350,오산대학교,1,6031,546,9.05,2045,169,8.26,2026-08-09T21:52:09.437Z
2024,대학교,사립,대학,경기,기존,0000115,용인대학교,1,7536,433,5.75,1272,86,6.76,2026-08-09T21:52:09.437Z
2024,전문대학,사립,전문대학,경기,기존,0000559,용인예술과학대학교,1,3809,451,11.84,1094,116,10.6,2026-08-09T21:52:09.437Z
2024,전문대학,사립,전문대학,경기,기존,0000394,웅지세무대학교,1,932,129,13.84,151,19,12.58,2026-08-09T21:52:09.437Z
2024,전문대학,사립,전문대학,경기,기존,0000355,유한대학교,1,7237,576,7.96,2014,162,8.04,2026-08-09T21:52:09.437Z
2024,대학교,사립,대학,경기,기존,0000120,을지대학교,3,5832,222,3.81,1129,95,8.41,2026-08-09T21:52:09.437Z
2024,전문대학,사립,전문대학,경기,기존,0000358,장안대학교,1,3654,506,13.85,859,122,14.2,2026-08-09T21:52:09.437Z
2024,대학교,사립,대학,경기,기존,0000129,중앙대학교,2,32217,1376,4.27,5407,633,11.71,2026-08-09T21:52:09.437Z
2024,대학교,사립,대학,경기,기존,0000130,중앙승가대학교,1,78,6,7.69,16,2,12.5,2026-08-09T21:52:09.437Z
2024,대학교,사립,대학,경기,기존,0000139,차의과학대학교,1,2698,143,5.3,539,74,13.73,2026-08-09T21:52:09.437Z
2024,전문대학,사립,전문대학,경기,기존,0000374,청강문화산업대학교,1,5116,200,3.91,1414,33,2.33,2026-08-09T21:52:09.437Z
2024,대학교,사립,대학,경기,기존,0000136,칼빈대학교,1,731,84,11.49,194,22,11.34,2026-08-09T21:52:09.437Z
2024,대학교,사립,대학,경기,기존,0000138,평택대학교,1,4214,249,5.91,859,71,8.27,2026-08-09T21:52:09.437Z
2024,대학교,국립,대학,경기,기존,0000568,한경대학교,1,7028,417,5.93,1394,118,8.46,2026-08-09T21:52:09.437Z
2024,전문대학,사립,전문대학,경기,기존,0000391,한국관광대학교,1,1946,176,9.04,549,34,6.19,2026-08-09T21:52:09.437Z
2024,전문대학,국립,전문대학,경기,폐교,0000248,한국복지대학교,1,614,55,8.96,71,0,0,2026-08-09T21:52:09.437Z
2024,대학교,사립,대학,경기,기존,0000562,한국산업기술대학교,1,9957,646,6.49,1782,187,10.49,2026-08-09T21:52:09.437Z
2024,기능대학,사립,전문대학,경기,기존,0000479,한국폴리텍 I 대학,1,935,133,14.22,295,46,15.59,2026-08-09T21:52:09.437Z
2024,기능대학,사립,전문대학,경기,기존,0000555,한국폴리텍 II 대학,1,36,6,16.67,23,5,21.74,2026-08-09T21:52:09.437Z
2024,기능대학,사립,전문대학,경기,기존,0000548,한국폴리텍 II 대학,1,719,102,14.19,221,29,13.12,2026-08-09T21:52:09.437Z
2024,대학교,사립,대학,경기,기존,0000144,한국항공대학교,1,5899,246,4.17,934,96,10.28,2026-08-09T21:52:09.437Z
2024,대학교,사립,대학,경기,기존,0000151,한세대학교,1,3300,230,6.97,602,71,11.79,2026-08-09T21:52:09.437Z
2024,대학교,사립,대학,경기,기존,0000152,한신대학교,1,7530,449,5.96,1277,116,9.08,2026-08-09T21:52:09.437Z
2024,대학교,사립,대학,경기,기존,0000156,협성대학교,1,5258,322,6.12,1065,107,10.05,2026-08-09T21:52:09.437Z
2024,기능대학,사립,전문대학,경기,기존,0000516,ICT폴리텍대학,1,473,57,12.05,159,18,11.32,2026-08-09T21:52:09.437Z
2024,대학교,사립,대학,경남,기존,0000032,가야대학교,1,2153,207,9.61,407,58,14.25,2026-08-09T21:52:09.437Z
2024,전문대학,사립,전문대학,경남,기존,0000251,거제대학교,1,1256,94,7.48,389,31,7.97,2026-08-09T21:52:09.437Z
2024,대학교,국립,대학,경남,폐교,0000026,경남과학기술대학교,1,4138,230,5.56,0,0,0,2026-08-09T21:52:09.437Z
2024,대학교,사립,대학,경남,기존,0000040,경남대학교,1,13132,950,7.23,1875,144,7.68,2026-08-09T21:52:09.437Z
2024,전문대학,공립,전문대학,경남,기존,0000242,경남도립거창대학,1,1117,78,6.98,384,14,3.65,2026-08-09T21:52:09.437Z
2024,전문대학,공립,전문대학,경남,기존,0000243,경남도립남해대학,1,1071,96,8.96,371,33,8.89,2026-08-09T21:52:09.437Z
2024,대학교,국립,대학,경남,기존,0000556,경상대학교,1,20262,1077,5.32,4553,390,8.57,2026-08-09T21:52:09.437Z
2024,전문대학,사립,전문대학,경남,기존,0000395,김해대학교,1,1675,122,7.28,488,50,10.25,2026-08-09T21:52:09.437Z
2024,전문대학,사립,전문대학,경남,기존,0000342,동원과학기술대학교,1,2894,216,7.46,895,84,9.39,2026-08-09T21:52:09.437Z
2024,전문대학,사립,전문대학,경남,기존,0000306,마산대학교,1,6502,471,7.24,1986,159,8.01,2026-08-09T21:52:09.437Z
2024,대학교,사립,대학,경남,기존,0000167,부산장신대학교,1,158,17,10.76,32,7,21.88,2026-08-09T21:52:09.437Z
2024,전문대학,사립,전문대학,경남,기존,0000530,연암공과대학교,1,2255,161,7.14,489,22,4.5,2026-08-09T21:52:09.437Z
2024,대학교,사립,대학,경남,기존,0000181,영산대학교,2,6989,831,11.89,1320,243,18.41,2026-08-09T21:52:09.437Z
2024,대학교,사립,대학,경남,기존,0000122,인제대학교,1,9832,704,7.16,1609,127,7.89,2026-08-09T21:52:09.437Z
2024,교육대학,국립,대학,경남,기존,0000203,진주교육대학교,1,1287,35,2.72,302,21,6.95,2026-08-09T21:52:09.437Z
2024,전문대학,사립,전문대학,경남,기존,0000369,진주보건대학교,1,2841,142,5,807,38,4.71,2026-08-09T21:52:09.437Z
2024,대학교,사립,대학,경남,기존,0000193,창신대학교,1,2061,215,10.43,362,30,8.29,2026-08-09T21:52:09.437Z
2024,대학교,국립,대학,경남,기존,0000581,창원대학교,1,10423,589,5.65,1873,155,8.28,2026-08-09T21:52:09.437Z
2024,전문대학,사립,전문대학,경남,기존,0000528,창원문성대학교,1,1877,379,20.19,371,54,14.56,2026-08-09T21:52:09.437Z
2024,전문대학,사립,전문대학,경남,기존,0000396,한국승강기대학교,1,1158,143,12.35,252,29,11.51,2026-08-09T21:52:09.437Z
2024,기능대학,사립,전문대학,경남,기존,0000503,한국폴리텍 특성화대학,1,522,77,14.75,118,15,12.71,2026-08-09T21:52:09.437Z
2024,기능대학,사립,전문대학,경남,기존,0000563,한국폴리텍 VII 대학,1,9,2,22.22,5,2,40,2026-08-09T21:52:09.437Z
2024,기능대학,사립,전문대학,경남,기존,0000496,한국폴리텍 VII 대학,1,2129,188,8.83,727,71,9.77,2026-08-09T21:52:09.437Z
2024,전문대학,사립,전문대학,경북,기존,0000249,가톨릭상지대학교,1,2282,183,8.02,731,52,7.11,2026-08-09T21:52:09.437Z
2024,전문대학,사립,전문대학,경북,기존,0000293,경북과학대학교,1,1925,193,10.03,855,110,12.87,2026-08-09T21:52:09.437Z
2024,전문대학,공립,전문대학,경북,폐교,0000244,경북도립대학교,1,1091,118,10.82,367,40,10.9,2026-08-09T21:52:09.437Z
2024,전문대학,사립,전문대학,경북,기존,0000523,경북보건대학교,1,1458,69,4.73,407,39,9.58,2026-08-09T21:52:09.437Z
2024,전문대학,사립,전문대학,경북,기존,0000258,경북전문대학교,1,3172,251,7.91,1047,66,6.3,2026-08-09T21:52:09.437Z
2024,대학교,사립,대학,경북,기존,0000188,경운대학교,1,5719,646,11.3,1212,132,10.89,2026-08-09T21:52:09.437Z
2024,대학교,사립,대학,경북,기존,0000045,경일대학교,1,8774,636,7.25,1554,142,9.14,2026-08-09T21:52:09.437Z
2024,대학교,사립,대학,경북,기존,0000586,경주대학교,1,972,300,30.86,415,200,48.19,2026-08-09T21:52:09.437Z
2024,전문대학,사립,전문대학,경북,기존,0000268,구미대학교,1,6701,595,8.88,2412,233,9.66,2026-08-09T21:52:09.437Z
2024,대학교,국립,대학,경북,기존,0000575,금오공과대학교,1,7507,375,5,1303,83,6.37,2026-08-09T21:52:09.437Z
2024,대학교,사립,대학,경북,기존,0000185,김천대학교,1,2947,375,12.72,576,96,16.67,2026-08-09T21:52:09.437Z
2024,전문대학,사립,전문대학,경북,기존,0000279,대경대학교,1,4475,578,12.92,1685,239,14.18,2026-08-09T21:52:09.437Z
2024,대학교,사립,대학,경북,기존,0000063,대구가톨릭대학교,1,14679,971,6.61,2591,215,8.3,2026-08-09T21:52:09.437Z
2024,대학교,사립,대학,경북,기존,0000061,대구대학교,1,21395,1562,7.3,3983,354,8.89,2026-08-09T21:52:09.437Z
2024,사이버대학(대학),사립,대학,경북,기존,0000410,대구사이버대학교,1,5719,1149,20.09,1514,256,16.91,2026-08-09T21:52:09.437Z
2024,대학교,사립,대학,경북,기존,0000062,대구예술대학교,1,697,151,21.66,67,23,34.33,2026-08-09T21:52:09.437Z
2024,대학교,사립,대학,경북,기존,0000042,대구한의대학교,1,7964,806,10.12,1694,253,14.94,2026-08-09T21:52:09.437Z
2024,대학교,사립,대학,경북,기존,0000065,대신대학교,1,600,31,5.17,116,15,12.93,2026-08-09T21:52:09.437Z
2024,대학교,사립,대학,경북,기존,0000076,동양대학교,1,5210,559,10.73,1057,150,14.19,2026-08-09T21:52:09.437Z
2024,전문대학,사립,전문대학,경북,기존,0000309,문경대학교,1,995,71,7.14,243,24,9.88,2026-08-09T21:52:09.437Z
2024,전문대학,사립,전문대학,경북,폐교,0000262,서라벌대학교,1,680,58,8.53,253,30,11.86,2026-08-09T21:52:09.437Z
2024,전문대학,사립,전문대학,경북,기존,0000380,선린대학교,1,2483,187,7.53,717,68,9.48,2026-08-09T21:52:09.437Z
2024,전문대학,사립,전문대학,경북,기존,0000547,성덕대학교,1,1607,188,11.7,755,100,13.25,2026-08-09T21:52:09.437Z
2024,전문대학,사립,전문대학,경북,기존,0000338,안동과학대학교,1,2573,172,6.68,835,65,7.78,2026-08-09T21:52:09.437Z
2024,대학교,국립,대학,경북,기존,0000580,안동대학교,1,6914,483,6.99,1237,101,8.16,2026-08-09T21:52:09.437Z
2024,대학교,사립,대학,경북,기존,0000111,영남대학교,1,28090,1280,4.56,4916,298,6.06,2026-08-09T21:52:09.437Z
2024,대학교,사립,대학,경북,기존,0000112,영남신학대학교,1,484,50,10.33,114,30,26.32,2026-08-09T21:52:09.437Z
2024,전문대학,사립,전문대학,경북,기존,0000257,영남외국어대학,1,445,48,10.79,218,35,16.06,2026-08-09T21:52:09.437Z
2024,대학교,사립,대학,경북,기존,0000119,위덕대학교,1,2951,458,15.52,582,144,24.74,2026-08-09T21:52:09.437Z
2024,대학교,사립,대학,경북,기존,0000140,포항공과대학교,1,1747,43,2.46,365,22,6.03,2026-08-09T21:52:09.437Z
2024,전문대학,사립,전문대학,경북,기존,0000381,포항대학교,1,1948,208,10.68,652,71,10.89,2026-08-09T21:52:09.437Z
2024,사이버대학(전문대학),사립,전문대학,경북,기존,0000407,한국복지사이버대학,1,2628,469,17.85,1118,125,11.18,2026-08-09T21:52:09.437Z
2024,기능대학,사립,전문대학,경북,기존,0000552,한국폴리텍 특성화대학,1,152,18,11.84,83,10,12.05,2026-08-09T21:52:09.437Z
2024,기능대학,사립,전문대학,경북,기존,0000495,한국폴리텍 VI 대학,1,651,66,10.14,249,30,12.05,2026-08-09T21:52:09.437Z
2024,기능대학,사립,전문대학,경북,기존,0000504,한국폴리텍 VI 대학,1,57,11,19.3,27,3,11.11,2026-08-09T21:52:09.437Z
2024,대학교,사립,대학,경북,기존,0000146,한동대학교,1,5339,155,2.9,825,27,3.27,2026-08-09T21:52:09.437Z
2024,전문대학,사립,전문대학,경북,기존,0000522,호산대학교,1,2159,163,7.55,834,90,10.79,2026-08-09T21:52:09.437Z
2024,대학교,사립,대학,광주,기존,0000052,광신대학교,1,521,62,11.9,122,26,21.31,2026-08-09T21:52:09.437Z
2024,대학교,특별법법인,대학,광주,기존,0000469,광주과학기술원,1,1050,39,3.71,214,16,7.48,2026-08-09T21:52:09.437Z
2024,교육대학,국립,대학,광주,기존,0000196,광주교육대학교,1,1335,47,3.52,352,25,7.1,2026-08-09T21:52:09.437Z
2024,대학교,사립,대학,광주,기존,0000176,광주대학교,1,7359,745,10.12,1236,186,15.05,2026-08-09T21:52:09.437Z
2024,전문대학,사립,전문대학,광주,기존,0000267,광주보건대학교,1,4564,316,6.92,1335,85,6.37,2026-08-09T21:52:09.437Z
2024,대학교,사립,대학,광주,기존,0000055,광주여자대학교,1,3777,378,10.01,902,214,23.73,2026-08-09T21:52:09.437Z
2024,전문대학,사립,전문대학,광주,기존,0000273,기독간호대학교,1,651,12,1.84,152,6,3.95,2026-08-09T21:52:09.437Z
2024,대학교,사립,대학,광주,기존,0000162,남부대학교,1,3340,304,9.1,628,120,19.11,2026-08-09T21:52:09.437Z
2024,전문대학,사립,전문대학,광주,기존,0000297,동강대학교,1,2837,374,13.18,1054,169,16.03,2026-08-09T21:52:09.437Z
2024,전문대학,사립,전문대학,광주,기존,0000320,서영대학교,1,6953,484,6.96,2188,164,7.5,2026-08-09T21:52:09.437Z
2024,대학교,사립,대학,광주,기존,0000187,송원대학교,1,3403,518,15.22,717,209,29.15,2026-08-09T21:52:09.437Z
2024,대학교,국립,대학,광주,기존,0000016,전남대학교,2,25381,1114,4.39,4544,401,8.82,2026-08-09T21:52:09.437Z
2024,전문대학,사립,전문대학,광주,기존,0000366,조선간호대학교,1,824,14,1.7,193,7,3.63,2026-08-09T21:52:09.437Z
2024,대학교,사립,대학,광주,기존,0000127,조선대학교,1,25619,1029,4.02,4625,329,7.11,2026-08-09T21:52:09.437Z
2024,전문대학,사립,전문대학,광주,기존,0000365,조선이공대학교,1,4725,491,10.39,1479,129,8.72,2026-08-09T21:52:09.437Z
2024,기능대학,사립,전문대학,광주,기존,0000489,한국폴리텍 V 대학,1,1318,117,8.88,386,33,8.55,2026-08-09T21:52:09.437Z
2024,대학교,사립,대학,광주,기존,0000157,호남대학교,1,8401,598,7.12,1352,109,8.06,2026-08-09T21:52:09.437Z
2024,대학교,사립,대학,광주,기존,0000158,호남신학대학교,1,780,42,5.38,104,20,19.23,2026-08-09T21:52:09.437Z
2024,대학교,국립,대학,대구,기존,0000003,경북대학교,1,28665,1093,3.81,5079,465,9.16,2026-08-09T21:52:09.437Z
2024,대학교,사립,대학,대구,기존,0000048,계명대학교,1,28949,1429,4.94,4976,309,6.21,2026-08-09T21:52:09.437Z
2024,전문대학,사립,전문대학,대구,기존,0000263,계명문화대학교,1,6321,814,12.88,2205,235,10.66,2026-08-09T21:52:09.437Z
2024,대학교,특별법법인,대학,대구,기존,0000470,대구경북과학기술원,1,1073,41,3.82,213,17,7.98,2026-08-09T21:52:09.437Z
2024,전문대학,사립,전문대학,대구,기존,0000280,대구공업대학교,1,1503,237,15.77,620,96,15.48,2026-08-09T21:52:09.437Z
2024,전문대학,사립,전문대학,대구,기존,0000283,대구과학대학교,1,4976,481,9.67,1897,232,12.23,2026-08-09T21:52:09.437Z
2024,교육대학,국립,대학,대구,기존,0000197,대구교육대학교,1,1602,55,3.43,411,33,8.03,2026-08-09T21:52:09.437Z
2024,전문대학,사립,전문대학,대구,기존,0000281,대구보건대학교,1,8390,593,7.07,2735,211,7.71,2026-08-09T21:52:09.437Z
2024,전문대학,사립,전문대학,대구,기존,0000282,수성대학교,1,4200,372,8.86,1485,134,9.02,2026-08-09T21:52:09.437Z
2024,전문대학,사립,전문대학,대구,기존,0000346,영남이공대학교,1,8108,748,9.23,2686,239,8.9,2026-08-09T21:52:09.437Z
2024,사이버대학(전문대학),사립,전문대학,대구,기존,0000406,영진사이버대학,1,4192,268,6.39,1589,81,5.1,2026-08-09T21:52:09.437Z
2024,전문대학,사립,전문대학,대구,기존,0000349,영진전문대학교,1,10094,1178,11.67,3284,446,13.58,2026-08-09T21:52:09.437Z
2024,기능대학,사립,전문대학,대구,기존,0000549,한국폴리텍 특성화대학,1,195,29,14.87,85,12,14.12,2026-08-09T21:52:09.437Z
2024,기능대학,사립,전문대학,대구,기존,0000494,한국폴리텍 VI 대학,1,653,76,11.64,259,35,13.51,2026-08-09T21:52:09.437Z
2024,사이버대학(대학),사립,대학,대전,기존,0000425,건양사이버대학교,1,3862,336,8.7,1150,105,9.13,2026-08-09T21:52:09.437Z
2024,전문대학,사립,전문대학,대전,기존,0000376,대덕대학교,1,2581,480,18.6,922,162,17.57,2026-08-09T21:52:09.437Z
2024,전문대학,사립,전문대학,대전,기존,0000512,대전과학기술대학교,1,4572,478,10.45,1537,212,13.79,2026-08-09T21:52:09.437Z
2024,대학교,사립,대학,대전,기존,0000067,대전대학교,1,11469,751,6.55,1974,170,8.61,2026-08-09T21:52:09.437Z
2024,전문대학,사립,전문대학,대전,기존,0000288,대전보건대학교,1,5890,389,6.6,1722,111,6.45,2026-08-09T21:52:09.437Z
2024,대학교,사립,대학,대전,기존,0000182,대전신학대학교,1,54,5,9.26,6,0,0,2026-08-09T21:52:09.437Z
2024,대학교,사립,대학,대전,기존,0000080,목원대학교,1,9602,692,7.21,1888,165,8.74,2026-08-09T21:52:09.437Z
2024,대학교,사립,대학,대전,기존,0000081,배재대학교,1,9769,783,8.02,1911,164,8.58,2026-08-09T21:52:09.437Z
2024,대학교,사립,대학,대전,기존,0000184,우송대학교,1,12760,660,5.17,2301,113,4.91,2026-08-09T21:52:09.437Z
2024,전문대학,사립,전문대학,대전,기존,0000289,우송정보대학,1,4619,598,12.95,1536,204,13.28,2026-08-09T21:52:09.437Z
2024,대학교,국립,대학,대전,기존,0000020,충남대학교,1,22384,898,4.01,3851,331,8.6,2026-08-09T21:52:09.437Z
2024,대학교,사립,대학,대전,기존,0000551,침례신학대학교,1,1030,57,5.53,128,4,3.13,2026-08-09T21:52:09.437Z
2024,대학교,특별법법인,대학,대전,기존,0000468,한국과학기술원,1,4912,130,2.65,840,47,5.6,2026-08-09T21:52:09.437Z
2024,기능대학,사립,전문대학,대전,기존,0000484,한국폴리텍 IV 대학,1,1088,115,10.57,335,39,11.64,2026-08-09T21:52:09.437Z
2024,대학교,사립,대학,대전,기존,0000145,한남대학교,1,15273,835,5.47,2923,219,7.49,2026-08-09T21:52:09.437Z
2024,대학교,국립,대학,대전,기존,0000584,한밭대학교,1,11216,673,6,2124,168,7.91,2026-08-09T21:52:09.437Z
2024,전문대학,사립,전문대학,부산,기존,0000253,경남정보대학교,1,9457,749,7.92,2512,242,9.63,2026-08-09T21:52:09.437Z
2024,대학교,사립,대학,부산,기존,0000043,경성대학교,1,16061,976,6.08,3130,211,6.74,2026-08-09T21:52:09.437Z
2024,대학교,사립,대학,부산,기존,0000050,고신대학교,1,3945,395,10.01,745,154,20.67,2026-08-09T21:52:09.437Z
2024,전문대학,사립,전문대학,부산,기존,0000284,대동대학교,1,1655,104,6.28,466,32,6.87,2026-08-09T21:52:09.437Z
2024,대학교,사립,대학,부산,기존,0000180,동명대학교,1,9801,1000,10.2,1521,129,8.48,2026-08-09T21:52:09.437Z
2024,대학교,사립,대학,부산,기존,0000073,동서대학교,1,12122,846,6.98,2084,137,6.57,2026-08-09T21:52:09.437Z
2024,대학교,사립,대학,부산,기존,0000075,동아대학교,1,24504,1062,4.33,4401,245,5.57,2026-08-09T21:52:09.437Z
2024,전문대학,사립,전문대학,부산,기존,0000303,동의과학대학교,1,5641,921,16.33,1698,159,9.36,2026-08-09T21:52:09.437Z
2024,대학교,사립,대학,부산,기존,0000077,동의대학교,1,19880,1371,6.9,3786,298,7.87,2026-08-09T21:52:09.437Z
2024,전문대학,사립,전문대학,부산,기존,0000569,동주대학교,1,3119,271,8.69,896,61,6.81,2026-08-09T21:52:09.437Z
2024,대학교,국립,대학,부산,기존,0000578,부경대학교,1,20806,876,4.21,3610,277,7.67,2026-08-09T21:52:09.437Z
2024,대학교,사립,대학,부산,기존,0000082,부산가톨릭대학교,1,4122,193,4.68,741,42,5.67,2026-08-09T21:52:09.437Z
2024,전문대학,사립,전문대학,부산,기존,0000313,부산경상대학교,1,2832,536,18.93,1016,262,25.79,2026-08-09T21:52:09.437Z
2024,전문대학,사립,전문대학,부산,기존,0000315,부산과학기술대학교,1,4559,509,11.16,1468,149,10.15,2026-08-09T21:52:09.437Z
2024,교육대학,국립,대학,부산,기존,0000198,부산교육대학교,1,1499,67,4.47,387,31,8.01,2026-08-09T21:52:09.437Z
2024,대학교,국립,대학,부산,기존,0000011,부산대학교,1,26400,958,3.63,4660,327,7.02,2026-08-09T21:52:09.437Z
2024,사이버대학(대학),사립,대학,부산,기존,0000411,부산디지털대학교,1,2721,371,13.63,645,76,11.78,2026-08-09T21:52:09.437Z
2024,전문대학,사립,전문대학,부산,기존,0000314,부산여자대학교,1,2032,187,9.2,701,76,10.84,2026-08-09T21:52:09.437Z
2024,전문대학,사립,전문대학,부산,기존,0000388,부산예술대학교,1,727,168,23.11,383,83,21.67,2026-08-09T21:52:09.437Z
2024,대학교,사립,대학,부산,기존,0000083,부산외국어대학교,1,10014,746,7.45,1682,135,8.03,2026-08-09T21:52:09.437Z
2024,전문대학,사립,전문대학,부산,폐교,0000326,성심외국어대학,1,1239,0,0,0,0,0,2026-08-09T21:52:09.437Z
2024,대학교,사립,대학,부산,기존,0000106,신라대학교,1,8862,688,7.76,1541,141,9.15,2026-08-09T21:52:09.437Z
2024,기능대학,사립,전문대학,부산,기존,0000564,한국폴리텍 VII 대학,1,17,5,29.41,15,5,33.33,2026-08-09T21:52:09.437Z
2024,기능대학,사립,전문대학,부산,기존,0000497,한국폴리텍 VII 대학,1,1033,154,14.91,336,41,12.2,2026-08-09T21:52:09.437Z
2024,대학교,국립,대학,부산,기존,0000583,한국해양대학교,1,7984,351,4.4,1490,119,7.99,2026-08-09T21:52:09.437Z
2024,사이버대학(대학),사립,대학,부산,기존,0000423,화신사이버대학교,1,1836,262,14.27,708,143,20.2,2026-08-09T21:52:09.437Z
2024,대학교,사립,대학,서울,기존,0000035,감리교신학대학교,1,849,69,8.13,120,7,5.83,2026-08-09T21:52:09.437Z
2024,대학교,사립,대학,서울,기존,0000565,강서대학교,1,2035,120,5.9,395,36,9.11,2026-08-09T21:52:09.437Z
2024,대학교,사립,대학,서울,기존,0000037,건국대학교,2,32563,1039,3.19,5139,437,8.5,2026-08-09T21:52:09.437Z
2024,대학교,사립,대학,서울,기존,0000047,경희대학교,1,33431,1099,3.29,5759,532,9.24,2026-08-09T21:52:09.437Z
2024,사이버대학(대학),사립,대학,서울,기존,0000408,경희사이버대학교,1,12277,2306,18.78,2826,547,19.36,2026-08-09T21:52:09.437Z
2024,대학교,사립,대학,서울,기존,0000049,고려대학교,2,35731,1346,3.77,6181,625,10.11,2026-08-09T21:52:09.437Z
2024,사이버대학(대학),사립,대학,서울,기존,0000418,고려사이버대학교,1,11596,1680,14.49,2180,328,15.05,2026-08-09T21:52:09.437Z
2024,대학교,사립,대학,서울,기존,0000053,광운대학교,1,11406,562,4.93,1929,212,10.99,2026-08-09T21:52:09.437Z
2024,대학교,사립,대학,서울,기존,0000056,국민대학교,1,20692,718,3.47,3469,326,9.4,2026-08-09T21:52:09.437Z
2024,대학교,사립,대학,서울,기존,0000070,덕성여자대학교,1,6507,314,4.83,1209,181,14.97,2026-08-09T21:52:09.437Z
2024,대학교,사립,대학,서울,기존,0000071,동국대학교,2,28068,1287,4.59,5069,437,8.62,2026-08-09T21:52:09.437Z
2024,대학교,사립,대학,서울,기존,0000072,동덕여자대학교,1,8085,417,5.16,1749,274,15.67,2026-08-09T21:52:09.437Z
2024,전문대학,사립,전문대학,서울,기존,0000300,동양미래대학교,1,9697,689,7.11,2873,282,9.82,2026-08-09T21:52:09.437Z
2024,사이버대학(대학),사립,대학,서울,기존,0000420,디지털서울문화예술대학교,1,3822,619,16.2,809,159,19.65,2026-08-09T21:52:09.437Z
2024,대학교,사립,대학,서울,기존,0000079,명지대학교,2,18830,756,4.01,2949,224,7.6,2026-08-09T21:52:09.437Z
2024,전문대학,사립,전문대학,서울,기존,0000307,명지전문대학,1,9379,796,8.49,3314,344,10.38,2026-08-09T21:52:09.437Z
2024,전문대학,사립,전문대학,서울,기존,0000310,배화여자대학교,1,3139,334,10.64,1398,209,14.95,2026-08-09T21:52:09.437Z
2024,사이버대학(대학),사립,대학,서울,기존,0000422,사이버한국외국어대학교,1,8040,1756,21.84,1870,333,17.81,2026-08-09T21:52:09.437Z
2024,대학교,사립,대학,서울,기존,0000084,삼육대학교,1,7060,287,4.07,1218,99,8.13,2026-08-09T21:52:09.437Z
2024,전문대학,사립,전문대학,서울,기존,0000317,삼육보건대학교,1,1542,120,7.78,503,58,11.53,2026-08-09T21:52:09.437Z
2024,대학교,사립,대학,서울,기존,0000085,상명대학교,2,16112,700,4.34,3003,255,8.49,2026-08-09T21:52:09.437Z
2024,대학교,사립,대학,서울,기존,0000087,서강대학교,1,11553,401,3.47,1882,217,11.53,2026-08-09T21:52:09.437Z
2024,대학교,사립,대학,서울,기존,0000088,서경대학교,1,8773,460,5.24,1720,153,8.9,2026-08-09T21:52:09.437Z
2024,대학교,국립,대학,서울,기존,0000027,서울과학기술대학교,1,13641,514,3.77,2421,232,9.58,2026-08-09T21:52:09.437Z
2024,교육대학,국립,대학,서울,기존,0000199,서울교육대학교,1,1497,96,6.41,392,61,15.56,2026-08-09T21:52:09.437Z
2024,대학교,사립,대학,서울,기존,0000069,서울기독대학교,1,493,56,11.36,119,29,24.37,2026-08-09T21:52:09.437Z
2024,대학교,국립대법인,대학,서울,기존,0000012,서울대학교,1,21432,436,2.03,3480,225,6.47,2026-08-09T21:52:09.437Z
2024,사이버대학(대학),사립,대학,서울,기존,0000412,서울디지털대학교,1,12403,2495,20.12,2458,482,19.61,2026-08-09T21:52:09.437Z
2024,사이버대학(대학),사립,대학,서울,기존,0000413,서울사이버대학교,1,18629,2856,15.33,4812,788,16.38,2026-08-09T21:52:09.437Z
2024,대학교,공립,대학,서울,기존,0000030,서울시립대학교,1,11900,342,2.87,1863,162,8.7,2026-08-09T21:52:09.437Z
2024,전문대학,사립,전문대학,서울,기존,0000321,서울여자간호대학교,1,937,33,3.52,229,16,6.99,2026-08-09T21:52:09.437Z
2024,대학교,사립,대학,서울,기존,0000091,서울여자대학교,1,8726,406,4.65,1814,233,12.84,2026-08-09T21:52:09.437Z
2024,전문대학,사립,전문대학,서울,기존,0000324,서일대학교,1,8536,763,8.94,2709,294,10.85,2026-08-09T21:52:09.437Z
2024,대학교,사립,대학,서울,기존,0000096,성공회대학교,1,2862,154,5.38,529,55,10.4,2026-08-09T21:52:09.437Z
2024,대학교,사립,대학,서울,기존,0000097,성균관대학교,1,25362,765,3.02,4189,445,10.62,2026-08-09T21:52:09.437Z
2024,대학교,사립,대학,서울,기존,0000098,성신여자대학교,1,10993,471,4.28,2411,324,13.44,2026-08-09T21:52:09.437Z
2024,대학교,사립,대학,서울,기존,0000100,세종대학교,1,16235,731,4.5,2856,331,11.59,2026-08-09T21:52:09.437Z
2024,사이버대학(대학),사립,대학,서울,기존,0000415,세종사이버대학교,1,11555,1525,13.2,2940,383,13.03,2026-08-09T21:52:09.437Z
2024,대학교,사립,대학,서울,기존,0000103,숙명여자대학교,1,12231,449,3.67,2508,289,11.52,2026-08-09T21:52:09.437Z
2024,대학교,사립,대학,서울,기존,0000105,숭실대학교,1,19473,634,3.26,3200,284,8.88,2026-08-09T21:52:09.437Z
2024,사이버대학(대학),사립,대학,서울,기존,0000419,숭실사이버대학교,1,8278,935,11.29,2333,245,10.5,2026-08-09T21:52:09.437Z
2024,전문대학,사립,전문대학,서울,기존,0000333,숭의여자대학교,1,3360,337,10.03,1583,214,13.52,2026-08-09T21:52:09.437Z
2024,대학교,사립,대학,서울,기존,0000110,연세대학교,2,36588,1228,3.36,5679,533,9.39,2026-08-09T21:52:09.437Z
2024,대학교,사립,대학,서울,기존,0000121,이화여자대학교,1,19165,469,2.45,3546,290,8.18,2026-08-09T21:52:09.437Z
2024,전문대학,사립,전문대학,서울,기존,0000356,인덕대학교,1,8375,803,9.59,2613,242,9.26,2026-08-09T21:52:09.437Z
2024,대학교,사립,대학,서울,기존,0000125,장로회신학대학교,1,791,47,5.94,152,16,10.53,2026-08-09T21:52:09.437Z
2024,기술대학,사립,대학,서울,기존,0000228,정석대학,1,29,4,13.79,11,1,9.09,2026-08-09T21:52:09.437Z
2024,대학교,사립,대학,서울,기존,0000133,총신대학교,1,1733,69,3.98,334,16,4.79,2026-08-09T21:52:09.437Z
2024,대학교,사립,대학,서울,기존,0000134,추계예술대학교,1,1394,83,5.95,265,39,14.72,2026-08-09T21:52:09.437Z
2024,사이버대학(대학),사립,대학,서울,신설,0000570,태재대학교,1,0,5,0,0,0,0,2026-08-09T21:52:09.437Z
2024,방송통신대학,국립,대학,서울,기존,0000215,한국방송통신대학교,1,125667,27610,21.97,9066,963,10.62,2026-08-09T21:52:09.437Z
2024,대학교,사립,대학,서울,기존,0000142,한국성서대학교,1,1195,96,8.03,241,28,11.62,2026-08-09T21:52:09.437Z
2024,사이버대학(대학),사립,대학,서울,기존,0000416,한국열린사이버대학교,1,6281,1033,16.45,1990,333,16.73,2026-08-09T21:52:09.437Z
2024,각종학교(대학),특별법국립,대학,서울,기존,0000471,한국예술종합학교,1,3301,66,2,564,8,1.42,2026-08-09T21:52:09.437Z
2024,대학교,사립,대학,서울,기존,0000143,한국외국어대학교,1,22631,1030,4.55,3875,470,12.13,2026-08-09T21:52:09.437Z
2024,대학교,국립,대학,서울,기존,0000023,한국체육대학교,1,2992,49,1.64,570,10,1.75,2026-08-09T21:52:09.437Z
2024,기능대학,사립,전문대학,서울,기존,0000478,한국폴리텍 I 대학,1,666,96,14.41,252,52,20.63,2026-08-09T21:52:09.437Z
2024,기능대학,사립,전문대학,서울,기존,0000477,한국폴리텍 I 대학,1,1675,213,12.72,621,89,14.33,2026-08-09T21:52:09.437Z
2024,대학교,사립,대학,서울,기존,0000150,한성대학교,1,9415,409,4.34,1653,172,10.41,2026-08-09T21:52:09.437Z
2024,대학교,사립,대학,서울,기존,0000153,한양대학교,2,36681,1271,3.47,6164,591,9.59,2026-08-09T21:52:09.437Z
2024,사이버대학(대학),사립,대학,서울,기존,0000421,한양사이버대학교,1,17987,2675,14.87,4216,600,14.23,2026-08-09T21:52:09.437Z
2024,전문대학,사립,전문대학,서울,기존,0000384,한양여자대학교,1,7780,598,7.69,3089,349,11.3,2026-08-09T21:52:09.437Z
2024,대학교,사립,대학,서울,기존,0000539,한영신학대학교,1,839,102,12.16,195,38,19.49,2026-08-09T21:52:09.437Z
2024,대학교,사립,대학,서울,기존,0000160,홍익대학교,2,24869,1034,4.16,4252,448,10.54,2026-08-09T21:52:09.437Z
2024,대학교,사립,대학,세종,기존,0000066,대전가톨릭대학교,1,51,4,7.84,9,0,0,2026-08-09T21:52:09.437Z
2024,전문대학,사립,전문대학,세종,기존,0000353,한국영상대학교,1,4073,292,7.17,1258,100,7.95,2026-08-09T21:52:09.437Z
2024,대학교,특별법법인,대학,울산,기존,0000527,울산과학기술원,1,2342,78,3.33,444,42,9.46,2026-08-09T21:52:09.437Z
2024,전문대학,사립,전문대학,울산,기존,0000352,울산과학대학교,1,7520,499,6.64,1933,138,7.14,2026-08-09T21:52:09.437Z
2024,대학교,사립,대학,울산,기존,0000117,울산대학교,1,16498,854,5.18,2877,187,6.5,2026-08-09T21:52:09.437Z
2024,전문대학,사립,전문대학,울산,기존,0000375,춘해보건대학교,1,2958,137,4.63,864,62,7.18,2026-08-09T21:52:09.437Z
2024,기능대학,사립,전문대학,울산,기존,0000498,한국폴리텍 VII 대학,1,893,120,13.44,359,41,11.42,2026-08-09T21:52:09.437Z
2024,전문대학,사립,전문대학,인천,기존,0000261,경인여자대학교,1,4187,303,7.24,1625,152,9.35,2026-08-09T21:52:09.437Z
2024,대학교,사립,대학,인천,기존,0000123,인천가톨릭대학교,2,805,62,7.7,172,28,16.28,2026-08-09T21:52:09.437Z
2024,대학교,국립대법인,대학,인천,기존,0000031,인천대학교,1,15656,667,4.26,2695,258,9.57,2026-08-09T21:52:09.437Z
2024,전문대학,사립,전문대학,인천,기존,0000587,인천재능대학교,1,4650,480,10.32,1353,141,10.42,2026-08-09T21:52:09.437Z
2024,전문대학,사립,전문대학,인천,기존,0000357,인하공업전문대학,1,10603,692,6.53,3300,308,9.33,2026-08-09T21:52:09.437Z
2024,대학교,사립,대학,인천,기존,0000124,인하대학교,1,24981,734,2.94,4066,313,7.7,2026-08-09T21:52:09.437Z
2024,기능대학,사립,전문대학,인천,기존,0000481,한국폴리텍 II 대학,1,118,17,14.41,28,12,42.86,2026-08-09T21:52:09.437Z
2024,기능대학,사립,전문대학,인천,기존,0000480,한국폴리텍 II 대학,1,2287,317,13.86,677,115,16.99,2026-08-09T21:52:09.437Z
2024,전문대학,사립,전문대학,전남,기존,0000585,고구려대학교,1,1485,422,28.42,629,158,25.12,2026-08-09T21:52:09.437Z
2024,전문대학,사립,전문대학,전남,기존,0000266,광양보건대학교,1,141,24,17.02,28,3,10.71,2026-08-09T21:52:09.437Z
2024,대학교,사립,대학,전남,기존,0000054,광주가톨릭대학교,1,103,4,3.88,13,0,0,2026-08-09T21:52:09.437Z
2024,대학교,사립,대학,전남,기존,0000074,동신대학교,1,7125,781,10.96,1390,307,22.09,2026-08-09T21:52:09.437Z
2024,전문대학,사립,전문대학,전남,기존,0000532,동아보건대학교,1,1144,111,9.7,349,40,11.46,2026-08-09T21:52:09.437Z
2024,대학교,사립,대학,전남,기존,0000166,목포가톨릭대학교,1,567,16,2.82,121,2,1.65,2026-08-09T21:52:09.437Z
2024,전문대학,사립,전문대학,전남,기존,0000308,목포과학대학교,1,3067,87,2.84,938,52,5.54,2026-08-09T21:52:09.437Z
2024,대학교,국립,대학,전남,기존,0000576,목포대학교,1,8309,615,7.4,1384,122,8.82,2026-08-09T21:52:09.437Z
2024,대학교,국립,대학,전남,기존,0000577,목포해양대학교,1,3016,247,8.19,671,81,12.07,2026-08-09T21:52:09.437Z
2024,대학교,사립,대학,전남,기존,0000064,세한대학교,1,4414,603,13.66,959,293,30.55,2026-08-09T21:52:09.437Z
2024,대학교,국립,대학,전남,기존,0000579,순천대학교,1,8786,612,6.97,1684,145,8.61,2026-08-09T21:52:09.437Z
2024,전문대학,사립,전문대학,전남,기존,0000331,순천제일대학교,1,3173,374,11.79,1153,136,11.8,2026-08-09T21:52:09.437Z
2024,대학교,사립,대학,전남,기존,0000114,영산선학대학교,1,46,2,4.35,2,0,0,2026-08-09T21:52:09.437Z
2024,전문대학,사립,전문대학,전남,기존,0000360,전남과학대학교,1,3612,402,11.13,1436,210,14.62,2026-08-09T21:52:09.437Z
2024,전문대학,공립,전문대학,전남,기존,0000389,전남도립대학교,1,1255,182,14.5,457,51,11.16,2026-08-09T21:52:09.437Z
2024,전문대학,사립,전문대학,전남,기존,0000332,청암대학교,1,2898,210,7.25,817,116,14.2,2026-08-09T21:52:09.437Z
2024,대학교,사립,대학,전남,기존,0000190,초당대학교,1,3492,586,16.78,722,197,27.29,2026-08-09T21:52:09.437Z
2024,대학교,특별법법인,대학,전남,기존,0000561,한국에너지공과대학교,1,209,6,2.87,109,1,0.92,2026-08-09T21:52:09.437Z
2024,기능대학,사립,전문대학,전남,기존,0000543,한국폴리텍 V 대학,1,8,4,50,6,3,50,2026-08-09T21:52:09.437Z
2024,기능대학,사립,전문대학,전남,기존,0000554,한국폴리텍 V 대학,1,236,35,14.83,71,12,16.9,2026-08-09T21:52:09.437Z
2024,전문대학,사립,전문대학,전남,기존,0000546,한영대학,1,1888,99,5.24,657,35,5.33,2026-08-09T21:52:09.437Z
2024,전문대학,사립,전문대학,전북,기존,0000250,군산간호대학교,1,1288,42,3.26,310,20,6.45,2026-08-09T21:52:09.437Z
2024,대학교,국립,대학,전북,기존,0000574,군산대학교,1,8737,802,9.18,1674,204,12.19,2026-08-09T21:52:09.437Z
2024,전문대학,사립,전문대학,전북,기존,0000270,군장대학교,1,1749,191,10.92,657,71,10.81,2026-08-09T21:52:09.437Z
2024,전문대학,사립,전문대학,전북,기존,0000311,백제예술대학교,1,1213,191,15.75,428,63,14.72,2026-08-09T21:52:09.437Z
2024,대학교,사립,대학,전북,기존,0000173,예수대학교,1,567,10,1.76,121,3,2.48,2026-08-09T21:52:09.437Z
2024,대학교,사립,대학,전북,기존,0000116,우석대학교,1,8394,805,9.59,1391,150,10.78,2026-08-09T21:52:09.437Z
2024,대학교,사립,대학,전북,기존,0000118,원광대학교,1,18063,1205,6.67,3046,243,7.98,2026-08-09T21:52:09.437Z
2024,사이버대학(대학),사립,대학,전북,기존,0000417,원광디지털대학교,1,7142,975,13.65,1444,202,13.99,2026-08-09T21:52:09.437Z
2024,전문대학,사립,전문대학,전북,기존,0000354,원광보건대학교,1,5584,419,7.5,1514,128,8.45,2026-08-09T21:52:09.437Z
2024,전문대학,사립,전문대학,전북,기존,0000362,전북과학대학교,1,1726,102,5.91,675,56,8.3,2026-08-09T21:52:09.437Z
2024,대학교,국립,대학,전북,기존,0000017,전북대학교,1,23708,1023,4.31,4226,329,7.79,2026-08-09T21:52:09.437Z
2024,교육대학,국립,대학,전북,기존,0000201,전주교육대학교,1,1152,57,4.95,299,31,10.37,2026-08-09T21:52:09.437Z
2024,전문대학,사립,전문대학,전북,기존,0000274,전주기전대학,1,1819,309,16.99,767,131,17.08,2026-08-09T21:52:09.437Z
2024,대학교,사립,대학,전북,기존,0000126,전주대학교,1,14540,1007,6.93,2524,192,7.61,2026-08-09T21:52:09.437Z
2024,전문대학,사립,전문대학,전북,기존,0000361,전주비전대학교,1,4195,342,8.15,1283,83,6.47,2026-08-09T21:52:09.437Z
2024,전문대학,특별법국립,전문대학,전북,기존,0000473,한국농수산대학,1,2031,105,5.17,684,41,5.99,2026-08-09T21:52:09.437Z
2024,기능대학,사립,전문대학,전북,기존,0000493,한국폴리텍 V 대학,1,142,28,19.72,54,14,25.93,2026-08-09T21:52:09.437Z
2024,기능대학,사립,전문대학,전북,기존,0000553,한국폴리텍 V 대학,1,550,83,15.09,202,39,19.31,2026-08-09T21:52:09.437Z
2024,대학교,사립,대학,전북,기존,0000155,한일장신대학교,1,961,92,9.57,211,40,18.96,2026-08-09T21:52:09.437Z
2024,산업대학,사립,대학,전북,기존,0000223,호원대학교,1,6436,731,11.36,1406,186,13.23,2026-08-09T21:52:09.437Z
2024,전문대학,사립,전문대학,제주,기존,0000363,제주관광대학교,1,2089,443,21.21,664,158,23.8,2026-08-09T21:52:09.437Z
2024,대학교,사립,대학,제주,기존,0000192,제주국제대학교,1,533,149,27.95,49,19,38.78,2026-08-09T21:52:09.437Z
2024,대학교,국립,대학,제주,기존,0000018,제주대학교,1,13307,694,5.22,2321,199,8.57,2026-08-09T21:52:09.437Z
2024,전문대학,사립,전문대학,제주,기존,0000382,제주한라대학교,1,8588,1020,11.88,1570,151,9.62,2026-08-09T21:52:09.437Z
2024,기능대학,사립,전문대학,제주,기존,0000535,한국폴리텍 I 대학,1,71,6,8.45,30,2,6.67,2026-08-09T21:52:09.437Z
2024,대학교,사립,대학,충남,기존,0000038,건양대학교,2,7952,486,6.11,1666,193,11.58,2026-08-09T21:52:09.437Z
2024,교육대학,국립,대학,충남,기존,0000195,공주교육대학교,1,1419,57,4.02,376,27,7.18,2026-08-09T21:52:09.437Z
2024,대학교,국립,대학,충남,기존,0000573,공주대학교,1,15994,779,4.87,3232,263,8.14,2026-08-09T21:52:09.437Z
2024,사이버대학(대학),사립,대학,충남,기존,0000424,글로벌사이버대학교,1,2486,397,15.97,676,101,14.94,2026-08-09T21:52:09.437Z
2024,대학교,사립,대학,충남,기존,0000169,금강대학교,1,287,72,25.09,57,33,57.89,2026-08-09T21:52:09.437Z
2024,대학교,사립,대학,충남,기존,0000059,나사렛대학교,1,6317,646,10.23,1292,135,10.45,2026-08-09T21:52:09.437Z
2024,대학교,사립,대학,충남,기존,0000189,남서울대학교,1,12128,666,5.49,2366,189,7.99,2026-08-09T21:52:09.437Z
2024,대학교,사립,대학,충남,기존,0000131,백석대학교,1,15436,909,5.89,3084,239,7.75,2026-08-09T21:52:09.437Z
2024,전문대학,사립,전문대학,충남,기존,0000373,백석문화대학교,1,5775,634,10.98,1737,181,10.42,2026-08-09T21:52:09.437Z
2024,대학교,사립,대학,충남,기존,0000094,선문대학교,1,12066,939,7.78,2221,271,12.2,2026-08-09T21:52:09.437Z
2024,대학교,사립,대학,충남,기존,0000104,순천향대학교,1,13889,781,5.62,2675,233,8.71,2026-08-09T21:52:09.437Z
2024,전문대학,사립,전문대학,충남,기존,0000335,신성대학교,1,3546,366,10.32,1100,102,9.27,2026-08-09T21:52:09.437Z
2024,전문대학,사립,전문대학,충남,기존,000568,아주자동차대학,1,1541,226,14.67,398,153,38.44,2026-08-09T21:52:09.437Z
2024,전문대학,사립,전문대학,충남,기존,0000529,연암대학교,1,1588,86,5.42,592,19,3.21,2026-08-09T21:52:09.437Z
2024,대학교,사립,대학,충남,기존,0000128,중부대학교,1,10768,768,7.13,1851,152,8.21,2026-08-09T21:52:09.437Z
2024,산업대학,사립,대학,충남,기존,0000225,청운대학교,1,7292,583,8,1329,162,12.19,2026-08-09T21:52:09.437Z
2024,전문대학,공립,전문대학,충남,기존,0000519,충남도립대학교,1,1507,150,9.95,474,51,10.76,2026-08-09T21:52:09.437Z
2024,대학교,사립,대학,충남,기존,0000141,한국기술교육대학교,1,5819,242,4.16,983,72,7.32,2026-08-09T21:52:09.437Z
2024,대학교,특별법국립,대학,충남,기존,0000472,한국전통문화대학교,1,728,26,3.57,147,8,5.44,2026-08-09T21:52:09.437Z
2024,기능대학,사립,전문대학,충남,기존,0000500,한국폴리텍 특성화대학,1,447,19,4.25,159,8,5.03,2026-08-09T21:52:09.437Z
2024,기능대학,사립,전문대학,충남,기존,0000487,한국폴리텍 IV 대학,1,660,83,12.58,227,35,15.42,2026-08-09T21:52:09.437Z
2024,기능대학,사립,전문대학,충남,기존,0000588,한국폴리텍 IV 대학,1,253,24,9.49,87,11,12.64,2026-08-09T21:52:09.437Z
2024,대학교,사립,대학,충남,기존,0000149,한서대학교,1,8555,625,7.31,1552,208,13.4,2026-08-09T21:52:09.437Z
2024,전문대학,사립,전문대학,충남,기존,0000386,혜전대학교,1,3287,245,7.45,965,62,6.42,2026-08-09T21:52:09.437Z
2024,대학교,사립,대학,충남,기존,0000159,호서대학교,1,16124,1016,6.3,3150,322,10.22,2026-08-09T21:52:09.437Z
2024,전문대학,사립,전문대학,충북,기존,0000271,강동대학교,1,3809,410,10.76,1318,96,7.28,2026-08-09T21:52:09.437Z
2024,대학교,사립,대학,충북,기존,0000058,극동대학교,1,3901,366,9.38,553,53,9.58,2026-08-09T21:52:09.437Z
2024,대학교,사립,대학,충북,기존,0000557,꽃동네대학교,1,554,29,5.23,110,12,10.91,2026-08-09T21:52:09.437Z
2024,전문대학,사립,전문대학,충북,기존,0000286,대원대학교,1,2270,184,8.11,679,46,6.77,2026-08-09T21:52:09.437Z
2024,대학교,사립,대학,충북,기존,0000093,서원대학교,1,8629,539,6.25,1821,135,7.41,2026-08-09T21:52:09.437Z
2024,대학교,사립,대학,충북,기존,0000099,세명대학교,1,8775,656,7.48,1449,158,10.9,2026-08-09T21:52:09.437Z
2024,각종학교(대학),사립,대학,충북,기존,0000404,순복음총회신학교,1,132,46,34.85,18,11,61.11,2026-08-09T21:52:09.437Z
2024,대학교,사립,대학,충북,기존,0000113,유원대학교,1,4401,822,18.68,779,155,19.9,2026-08-09T21:52:09.437Z
2024,대학교,사립,대학,충북,기존,0000183,중원대학교,1,4257,513,12.05,638,61,9.56,2026-08-09T21:52:09.437Z
2024,교육대학,국립,대학,충북,기존,0000204,청주교육대학교,1,1189,57,4.79,310,26,8.39,2026-08-09T21:52:09.437Z
2024,대학교,사립,대학,충북,기존,0000132,청주대학교,1,15548,727,4.68,2810,167,5.94,2026-08-09T21:52:09.437Z
2024,대학교,국립,대학,충북,기존,0000021,충북대학교,1,17473,787,4.5,3043,263,8.64,2026-08-09T21:52:09.437Z
2024,전문대학,공립,전문대학,충북,기존,0000544,충북도립대학,1,1048,119,11.35,373,36,9.65,2026-08-09T21:52:09.437Z
2024,전문대학,사립,전문대학,충북,기존,0000367,충북보건과학대학교,1,2917,261,8.95,857,78,9.1,2026-08-09T21:52:09.437Z
2024,전문대학,사립,전문대학,충북,기존,0000377,충청대학교,1,4273,431,10.09,1316,151,11.47,2026-08-09T21:52:09.437Z
2024,대학교,국립,대학,충북,기존,0000022,한국교원대학교,1,2558,77,3.01,581,48,8.26,2026-08-09T21:52:09.437Z
2024,대학교,국립,대학,충북,기존,0000582,한국교통대학교,1,11340,706,6.23,2110,156,7.39,2026-08-09T21:52:09.437Z
2024,기능대학,사립,전문대학,충북,기존,0000485,한국폴리텍 IV 대학,1,1074,96,8.94,376,41,10.9,2026-08-09T21:52:09.437Z
