year,cohort,school_rep_code,school_rep_name,region,estb,school_division,central_ministries,national_scholarship,central_subtotal,local_government,total_support,tuition_revenue,benefit_rate,campus_count,has_alimi,updated_at
2020,university,0000513,가톨릭관동대학교,강원,사립,대학,53967648094,15568887220,38398760874,1539831340,39938592214,58587742.01,68.2,1,Y,2026-08-15T07:08:44.243Z
2020,university,0000041,경동대학교,강원,사립,대학,48891565307,14523928050,34367637257,1648101380,36015738637,58162860.1,61.9,4,Y,2026-08-15T07:08:44.243Z
2020,university,0000086,상지대학교,강원,사립,대학,26799808073,13394099010,13405709063,1197202480,14602911543,55415339.59,26.4,1,Y,2026-08-15T07:08:44.243Z
2020,university,0000147,한라대학교,강원,사립,대학,11790893138,6992881600,4798011538,1006137000,5804148538,22979957.77,25.3,1,Y,2026-08-15T07:08:44.243Z
2020,university,0000148,한림대학교,강원,사립,대학,49539399822,14271283480,35268116342,2375265550,37643381892,62686741.71,60,1,Y,2026-08-15T07:08:44.243Z
2020,university,0000044,가천대학교,경기,사립,대학,69456674955,26288227000,43168447955,933900630,44102348585,168762137.7,26.1,1,Y,2026-08-15T07:08:44.243Z
2020,university,0000034,가톨릭대학교,경기,사립,대학,57913890413,12196827741,45717062672,374981230,46092043902,82770520.83,55.7,3,Y,2026-08-15T07:08:44.243Z
2020,university,0000036,강남대학교,경기,사립,대학,23148048855,10504441400,12643607455,362854830,13006462285,52505535.16,24.8,1,Y,2026-08-15T07:08:44.243Z
2020,university,0000039,경기대학교,경기,사립,대학,46967220620,23146075960,23821144660,498193091,24319337751,119491132,20.4,2,Y,2026-08-15T07:08:44.243Z
2020,university,0000060,단국대학교,경기,사립,대학,92372151349,33391575800,58980575549,3929779820,62910355369,221932276.5,28.3,2,Y,2026-08-15T07:08:44.243Z
2020,university,0000068,대진대학교,경기,사립,대학,27138620196,14985953830,12152666366,2668251655,14820918021,56468028.61,26.2,1,Y,2026-08-15T07:08:44.243Z
2020,university,0000078,루터대학교,경기,사립,대학,7182486010,716451500,6466034510,3915000,6469949510,2500677.2,258.7,1,Y,2026-08-15T07:08:44.243Z
2020,university,0000079,명지대학교,경기,사립,대학,47219265639,22141625500,25077640139,303405170,25381045309,130128966.2,19.5,2,Y,2026-08-15T07:08:44.243Z
2020,university,0000090,서울신학대학교,경기,사립,대학,9582823677,5959881500,3622942177,170954000,3793896177,19630027.29,19.3,1,Y,2026-08-15T07:08:44.243Z
2020,university,0000092,서울장신대학교,경기,사립,대학,1672501326,1314555000,357946326,29972400,387918726,5897008,6.6,1,Y,2026-08-15T07:08:44.243Z
2020,university,0000095,성결대학교,경기,사립,대학,16106162187,9452171497,6653990690,3556141440,10210132130,38666495.45,26.4,1,Y,2026-08-15T07:08:44.243Z
2020,university,0000101,수원가톨릭대학교,경기,사립,대학,769796473,223716800,546079673,0,546079673,982570.751,55.6,1,Y,2026-08-15T07:08:44.243Z
2020,university,0000102,수원대학교,경기,사립,대학,26469716097,14314113310,12155602787,585518500,12741121287,72285549.01,17.6,1,Y,2026-08-15T07:08:44.243Z
2020,university,0000178,신경대학교,경기,사립,대학,1094539462,190529200,904010262,1955440,905965702,3869698.05,23.4,1,Y,2026-08-15T07:08:44.243Z
2020,university,0000509,신한대학교,경기,사립,대학,15628900829,12425973540,3202927289,5546017030,8748944319,57791757.95,15.1,2,Y,2026-08-15T07:08:44.243Z
2020,university,0000558,아신대학교,경기,사립,대학,21972918137,1908751760,20064166377,18417570,20082583947,7304141,274.9,1,Y,2026-08-15T07:08:44.243Z
2020,university,0000108,아주대학교,경기,사립,대학,72139226339,12300401200,59838825139,459145600,60297970739,121505889.5,49.6,1,Y,2026-08-15T07:08:44.243Z
2020,university,0000109,안양대학교,경기,사립,대학,95780938339,8757530050,87023408289,1058737870,88082146159,38285129.34,230.1,2,Y,2026-08-15T07:08:44.243Z
2020,university,0000115,용인대학교,경기,사립,대학,14100095559,10329078100,3771017459,74596380,3845613839,51595853,7.5,1,Y,2026-08-15T07:08:44.243Z
2020,university,0000130,중앙승가대학교,경기,사립,대학,921821514,154067500,767754014,0,767754014,729657.73,105.2,1,Y,2026-08-15T07:08:44.243Z
2020,university,0000139,차의과학대학교,경기,사립,대학,17593740484,3852613360,13741127124,77344680,13818471804,28583865.94,48.3,1,Y,2026-08-15T07:08:44.243Z
2020,university,0000136,칼빈대학교,경기,사립,대학,1066804797,874158600,192646197,2555000,195201197,7057672,2.8,1,Y,2026-08-15T07:08:44.243Z
2020,university,0000138,평택대학교,경기,사립,대학,45870017026,6250475501,39619541525,111130430,39730671955,30298819.27,131.1,1,Y,2026-08-15T07:08:44.243Z
2020,university,0000191,한국산업기술대학교,경기,사립,대학,38522381607,10350515940,28171865667,319530720,28491396387,59815790.03,47.6,1,Y,2026-08-15T07:08:44.243Z
2020,university,0000144,한국항공대학교,경기,사립,대학,16758061682,4969632700,11788428982,443863700,12232292682,37955419.7,32.2,1,Y,2026-08-15T07:08:44.243Z
2020,university,0000151,한세대학교,경기,사립,대학,9212255222,4695596500,4516658722,53893700,4570552422,24857871.97,18.4,1,Y,2026-08-15T07:08:44.243Z
2020,university,0000152,한신대학교,경기,사립,대학,46084855602,9043605340,37041250262,1149291530,38190541792,37527804.61,101.8,1,Y,2026-08-15T07:08:44.243Z
2020,university,0000156,협성대학교,경기,사립,대학,13424866397,8522213630,4902652767,438005700,5340658467,31335490.4,17,1,Y,2026-08-15T07:08:44.243Z
2020,university,0000032,가야대학교,경남,사립,대학,15229190345,4421215760,10807974585,0,10807974585,14881197.78,72.6,2,Y,2026-08-15T07:08:44.243Z
2020,university,0000040,경남대학교,경남,사립,대학,38948097483,20590129365,18357968118,3511707500,21869675618,77583649.5,28.2,1,Y,2026-08-15T07:08:44.243Z
2020,university,0000167,부산장신대학교,경남,사립,대학,2011118208,391854500,1619263708,0,1619263708,2415840.33,67,1,Y,2026-08-15T07:08:44.243Z
2020,university,0000181,영산대학교,경남,사립,대학,0,0,0,0,0,0,,2,N,2026-08-15T07:08:44.243Z
2020,university,0000122,인제대학교,경남,사립,대학,32396645257,16728834500,15667810757,1169400000,16837210757,75343396.8,22.3,2,Y,2026-08-15T07:08:44.243Z
2020,university,0000193,창신대학교,경남,사립,대학,6601304143,2678590720,3922713423,308275000,4230988423,13467324.47,31.4,1,Y,2026-08-15T07:08:44.243Z
2020,university,0000174,한국국제대학교,경남,사립,대학,0,0,0,0,0,0,,1,N,2026-08-15T07:08:44.243Z
2020,university,0000188,경운대학교,경북,사립,대학,21338059261,10377085500,10960973761,1001261000,11962234761,33217838.17,36,1,Y,2026-08-15T07:08:44.243Z
2020,university,0000045,경일대학교,경북,사립,대학,28257930808,12667488710,15590442098,905314000,16495756098,46013829.44,35.8,1,Y,2026-08-15T07:08:44.243Z
2020,university,0000046,경주대학교,경북,사립,대학,1878924456,784505000,1094419456,20000000,1114419456,6976203.03,16,1,Y,2026-08-15T07:08:44.243Z
2020,university,0000185,김천대학교,경북,사립,대학,5991428662,5104486234,886942428,774950000,1661892428,20362791.77,8.2,1,Y,2026-08-15T07:08:44.243Z
2020,university,0000063,대구가톨릭대학교,경북,사립,대학,62673326835,24064316090,38609010745,3059162000,41668172745,92699560.34,44.9,1,Y,2026-08-15T07:08:44.243Z
2020,university,0000061,대구대학교,경북,사립,대학,65940439779,36153265950,29787173829,1075400000,30862573829,124908128.4,24.7,1,Y,2026-08-15T07:08:44.243Z
2020,university,0000062,대구예술대학교,경북,사립,대학,3814355275,2032267670,1782087605,30000000,1812087605,7638563.21,23.7,1,Y,2026-08-15T07:08:44.243Z
2020,university,0000042,대구한의대학교,경북,사립,대학,30372298190,13258153260,17114144930,2187061000,19301205930,49198346.28,39.2,1,Y,2026-08-15T07:08:44.243Z
2020,university,0000065,대신대학교,경북,사립,대학,1594003120,1407175000,186828120,0,186828120,3634566.22,5.1,1,Y,2026-08-15T07:08:44.243Z
2020,university,0000076,동양대학교,경북,사립,대학,11003054169,7633520502,3369533667,158610450,3528144117,26398333.51,13.4,2,Y,2026-08-15T07:08:44.243Z
2020,university,0000111,영남대학교,경북,사립,대학,78224060303,37428839250,40795221053,3392786000,44188007053,170120987.3,26,1,Y,2026-08-15T07:08:44.243Z
2020,university,0000112,영남신학대학교,경북,사립,대학,1878475526,1394629167,483846359,67752000,551598359,4314826.971,12.8,1,Y,2026-08-15T07:08:44.243Z
2020,university,0000119,위덕대학교,경북,사립,대학,9330908982,5778196530,3552712452,1248600000,4801312452,20582160.27,23.3,1,Y,2026-08-15T07:08:44.243Z
2020,university,0000140,포항공과대학교,경북,사립,대학,78995581297,1881090210,77114491087,3243502920,80357994007,23776146.5,338,1,Y,2026-08-15T07:08:44.243Z
2020,university,0000146,한동대학교,경북,사립,대학,23666442451,7676463800,15989978651,982500000,16972478651,31647906.04,53.6,1,Y,2026-08-15T07:08:44.243Z
2020,university,0000052,광신대학교,광주,사립,대학,6198780375,1533808700,4664971675,0,4664971675,5515697.34,84.6,1,Y,2026-08-15T07:08:44.243Z
2020,university,0000176,광주대학교,광주,사립,대학,27678236990,16166085350,11512151640,1767187690,13279339330,44202213.85,30,1,Y,2026-08-15T07:08:44.243Z
2020,university,0000055,광주여자대학교,광주,사립,대학,20354576470,9240617006,11113959464,405156000,11519115464,24667440.93,46.7,1,Y,2026-08-15T07:08:44.243Z
2020,university,0000162,남부대학교,광주,사립,대학,9218192819,6818411360,2399781459,113824000,2513605459,21387951.33,11.8,1,Y,2026-08-15T07:08:44.243Z
2020,university,0000187,송원대학교,광주,사립,대학,8155193056,6228078310,1927114746,493900000,2421014746,18651519.03,13,1,Y,2026-08-15T07:08:44.243Z
2020,university,0000127,조선대학교,광주,사립,대학,75252408770,36525843400,38726565370,3237788000,41964353370,145566169.6,28.8,1,Y,2026-08-15T07:08:44.243Z
2020,university,0000157,호남대학교,광주,사립,대학,26506281099,13430643660,13075637439,3018146200,16093783639,48697699.31,33,1,Y,2026-08-15T07:08:44.243Z
2020,university,0000158,호남신학대학교,광주,사립,대학,2833049218,1384937101,1448112117,0,1448112117,5426029.324,26.7,1,Y,2026-08-15T07:08:44.243Z
2020,university,0000048,계명대학교,대구,사립,대학,133901606363,42837532584,91064073779,2386594810,93450668589,163092513.7,57.3,1,Y,2026-08-15T07:08:44.243Z
2020,university,0000067,대전대학교,대전,사립,대학,40811827440,17025026334,23786801106,9752036940,33538838046,68080580.39,49.3,1,Y,2026-08-15T07:08:44.243Z
2020,university,0000182,대전신학대학교,대전,사립,대학,1516286898,309231000,1207055898,0,1207055898,1025169.167,117.7,1,Y,2026-08-15T07:08:44.243Z
2020,university,0000080,목원대학교,대전,사립,대학,24010824784,15999554380,8011270404,149417000,8160687404,56116572.73,14.5,1,Y,2026-08-15T07:08:44.243Z
2020,university,0000081,배재대학교,대전,사립,대학,31782101685,15278476560,16503625125,6578831230,23082456355,57936664.59,39.8,1,Y,2026-08-15T07:08:44.243Z
2020,university,0000184,우송대학교,대전,사립,대학,53902830777,16411511220,37491319557,128810000,37620129557,72726545.89,51.7,1,Y,2026-08-15T07:08:44.243Z
2020,university,0000120,을지대학교,대전,사립,대학,40988369587,6920327100,34068042487,343095560,34411138047,42352121.33,81.3,3,Y,2026-08-15T07:08:44.243Z
2020,university,0000551,한국침례신학대학교,대전,사립,대학,6546348246,3638740334,2907607912,3000000,2910607912,11679117.84,24.9,1,Y,2026-08-15T07:08:44.243Z
2020,university,0000145,한남대학교,대전,사립,대학,46580804121,20812548718,25768255403,403196590,26171451993,84485082.32,31,1,Y,2026-08-15T07:08:44.243Z
2020,university,0000043,경성대학교,부산,사립,대학,42283207452,23798435168,18484772284,328881200,18813653484,82234747.23,22.9,1,Y,2026-08-15T07:08:44.243Z
2020,university,0000050,고신대학교,부산,사립,대학,21791569523,8851714834,12939854689,840589000,13780443689,29690495.26,46.4,1,Y,2026-08-15T07:08:44.243Z
2020,university,0000180,동명대학교,부산,사립,대학,37059848282,17299335220,19760513062,1336200000,21096713062,52533682.72,40.2,1,Y,2026-08-15T07:08:44.243Z
2020,university,0000073,동서대학교,부산,사립,대학,46675941080,23344241017,23331700063,777720000,24109420063,67662502.76,35.6,1,Y,2026-08-15T07:08:44.243Z
2020,university,0000075,동아대학교,부산,사립,대학,69576194295,35243090580,34333103715,1039416000,35372519715,138086062.4,25.6,1,Y,2026-08-15T07:08:44.243Z
2020,university,0000077,동의대학교,부산,사립,대학,52925586113,31342950330,21582635783,624186940,22206822723,101102346.3,22,1,Y,2026-08-15T07:08:44.243Z
2020,university,0000082,부산가톨릭대학교,부산,사립,대학,53016675812,8430963330,44585712482,1158750000,45744462482,26170761.72,174.8,1,Y,2026-08-15T07:08:44.243Z
2020,university,0000083,부산외국어대학교,부산,사립,대학,26509902562,15056670110,11453232452,345568700,11798801152,49311188.29,23.9,1,Y,2026-08-15T07:08:44.243Z
2020,university,0000106,신라대학교,부산,사립,대학,30913616168,16941877660,13971738508,1072435500,15044174008,56650737.02,26.6,1,Y,2026-08-15T07:08:44.243Z
2020,university,0000035,감리교신학대학교,서울,사립,대학,2881878234,2129029680,752848554,0,752848554,9013573.55,8.4,1,Y,2026-08-15T07:08:44.243Z
2020,university,0000037,건국대학교,서울,사립,대학,108905440424,32070511203,76834929221,3029142710,79864071931,232698112.1,34.3,2,Y,2026-08-15T07:08:44.243Z
2020,university,0000047,경희대학교,서울,사립,대학,123113945067,32801308950,90312636117,2311838700,92624474817,289984318.4,31.9,1,Y,2026-08-15T07:08:44.243Z
2020,university,0000049,고려대학교,서울,사립,대학,222848162817,28427651400,194420511417,5295725170,199716236587,352941598.1,56.6,2,Y,2026-08-15T07:08:44.243Z
2020,university,0000053,광운대학교,서울,사립,대학,26815275968,10592463900,16222812068,2592245250,18815057318,76370613.3,24.6,1,Y,2026-08-15T07:08:44.243Z
2020,university,0000056,국민대학교,서울,사립,대학,64684102244,21913083740,42771018504,1248944090,44019962594,151941941.7,29,1,Y,2026-08-15T07:08:44.243Z
2020,university,0000070,덕성여자대학교,서울,사립,대학,26436260981,8454905186,17981355795,1033188850,19014544645,41306777.17,46,1,Y,2026-08-15T07:08:44.243Z
2020,university,0000071,동국대학교,서울,사립,대학,98693339994,30218324699,68475015295,1571240940,70046256235,214686985.9,32.6,2,Y,2026-08-15T07:08:44.243Z
2020,university,0000072,동덕여자대학교,서울,사립,대학,19612396831,11255148104,8357248727,1157221510,9514470237,52311935.33,18.2,1,Y,2026-08-15T07:08:44.243Z
2020,university,0000084,삼육대학교,서울,사립,대학,22897698569,10491719671,12405978898,1619292360,14025271258,46201973.16,30.4,1,Y,2026-08-15T07:08:44.243Z
2020,university,0000085,상명대학교,서울,사립,대학,41299248377,19648594450,21650653927,7722634180,29373288107,107670378.7,27.3,2,Y,2026-08-15T07:08:44.243Z
2020,university,0000087,서강대학교,서울,사립,대학,45589139891,7473690301,38115449590,294857580,38410307170,102451524,37.5,1,Y,2026-08-15T07:08:44.243Z
2020,university,0000088,서경대학교,서울,사립,대학,26163162836,9501037600,16662125236,551959150,17214084386,49019921.07,35.1,1,Y,2026-08-15T07:08:44.243Z
2020,university,0000069,서울기독대학교,서울,사립,대학,113196900407,904218800,112292681607,0,112292681607,0,,1,Y,2026-08-15T07:08:44.243Z
2020,university,0000091,서울여자대학교,서울,사립,대학,23459793534,11801572900,11658220634,1712446200,13370666834,53089895.47,25.2,1,Y,2026-08-15T07:08:44.243Z
2020,university,0000539,서울한영대학교,서울,사립,대학,2280519224,1561384200,719135024,0,719135024,6045081.03,11.9,1,Y,2026-08-15T07:08:44.243Z
2020,university,0000096,성공회대학교,서울,사립,대학,61321412682,4212929867,57108482815,1192103840,58300586655,17041987.23,342.1,1,Y,2026-08-15T07:08:44.243Z
2020,university,0000097,성균관대학교,서울,사립,대학,165785481501,19267293800,146518187701,2186693280,148704880981,271257112.1,54.8,1,Y,2026-08-15T07:08:44.243Z
2020,university,0000098,성신여자대학교,서울,사립,대학,23737455477,15159219100,8578236377,1103327980,9681564357,75745580.17,12.8,1,Y,2026-08-15T07:08:44.243Z
2020,university,0000100,세종대학교,서울,사립,대학,53458069383,16790930300,36667139083,5111393480,41778532563,120201796.1,34.8,1,Y,2026-08-15T07:08:44.243Z
2020,university,0000103,숙명여자대학교,서울,사립,대학,40723238747,13430410300,27292828447,2606096090,29898924537,103145047.7,29,1,Y,2026-08-15T07:08:44.243Z
2020,university,0000105,숭실대학교,서울,사립,대학,53712120795,18399380167,35312740628,62686220,35375426848,135433853.5,26.1,1,Y,2026-08-15T07:08:44.243Z
2020,university,0000110,연세대학교,서울,사립,대학,230372937740,28208604200,202164333540,4082205230,206246538770,391949729.3,52.6,2,Y,2026-08-15T07:08:44.243Z
2020,university,0000121,이화여자대학교,서울,사립,대학,75312399140,16729289404,58583109736,806818570,59389928306,201722872.4,29.4,1,Y,2026-08-15T07:08:44.243Z
2020,university,0000125,장로회신학대학교,서울,사립,대학,25349936324,1776333800,23573602524,1000000000,24573602524,16144372.56,152.2,1,Y,2026-08-15T07:08:44.243Z
2020,university,0000129,중앙대학교,서울,사립,대학,107768850683,29515449200,78253401483,3041650180,81295051663,261283131.8,31.1,2,Y,2026-08-15T07:08:44.243Z
2020,university,0000133,총신대학교,서울,사립,대학,5220847507,4043303000,1177544507,7485620,1185030127,25697682.35,4.6,1,Y,2026-08-15T07:08:44.243Z
2020,university,0000134,추계예술대학교,서울,사립,대학,24636100712,1962102990,22673997722,0,22673997722,10830626.28,209.4,1,Y,2026-08-15T07:08:44.243Z
2020,university,0000525,케이씨대학교,서울,사립,대학,4890418049,2605750867,2284667182,814000000,3098667182,9976511.314,31.1,1,Y,2026-08-15T07:08:44.243Z
2020,university,0000142,한국성서대학교,서울,사립,대학,6786347898,2438295000,4348052898,0,4348052898,8167634.5,53.2,1,Y,2026-08-15T07:08:44.243Z
2020,university,0000143,한국외국어대학교,서울,사립,대학,46278025184,21498299950,24779725234,1145574310,25925299544,147333499,17.6,1,Y,2026-08-15T07:08:44.243Z
2020,university,0000150,한성대학교,서울,사립,대학,21808361446,10726817610,11081543836,782078460,11863622296,55508499.91,21.4,1,Y,2026-08-15T07:08:44.243Z
2020,university,0000153,한양대학교,서울,사립,대학,196206769772,31983486660,164223283112,1621299870,165844582982,327516820.7,50.6,2,Y,2026-08-15T07:08:44.243Z
2020,university,0000160,홍익대학교,서울,사립,대학,45674953145,25311726800,20363226345,122415070,20485641415,195991497.1,10.5,2,Y,2026-08-15T07:08:44.243Z
2020,university,0000066,대전가톨릭대학교,세종,사립,대학,2517891536,85797500,2432094036,0,2432094036,444970,546.6,1,Y,2026-08-15T07:08:44.243Z
2020,university,0000117,울산대학교,울산,사립,대학,62463128366,16462331835,46000796531,3225258580,49226055111,102326754.5,48.1,1,Y,2026-08-15T07:08:44.243Z
2020,university,0000123,인천가톨릭대학교,인천,사립,대학,9012398703,1159741810,7852656893,9988000,7862644893,6549511.365,120,2,Y,2026-08-15T07:08:44.243Z
2020,university,0000124,인하대학교,인천,사립,대학,77194194353,24392522480,52801671873,5349991080,58151662953,163868470.2,35.5,1,Y,2026-08-15T07:08:44.243Z
2020,university,0000054,광주가톨릭대학교,전남,사립,대학,17772113000,0,17772113000,0,17772113000,0,,1,Y,2026-08-15T07:08:44.243Z
2020,university,0000074,동신대학교,전남,사립,대학,33849104712,14772330970,19076773742,4075499440,23152273182,43864479.51,52.8,1,Y,2026-08-15T07:08:44.243Z
2020,university,0000166,목포가톨릭대학교,전남,사립,대학,5013914984,1361985750,3651929234,199076000,3851005234,3258564.166,118.2,1,Y,2026-08-15T07:08:44.243Z
2020,university,0000064,세한대학교,전남,사립,대학,9090439372,8019649760,1070789612,54186000,1124975612,21975288.44,5.1,1,Y,2026-08-15T07:08:44.243Z
2020,university,0000114,영산선학대학교,전남,사립,대학,58518267,0,58518267,0,58518267,59000,99.2,1,Y,2026-08-15T07:08:44.243Z
2020,university,0000190,초당대학교,전남,사립,대학,10955432562,7041639570,3913792992,618850000,4532642992,19701845.18,23,1,Y,2026-08-15T07:08:44.243Z
2020,university,0000186,한려대학교,전남,사립,대학,8012925273,274346600,7738578673,33450000,7772028673,2734816.18,284.2,1,Y,2026-08-15T07:08:44.243Z
2020,university,0000173,예수대학교,전북,사립,대학,2265000335,1360897400,904102935,0,904102935,3693796.46,24.5,1,Y,2026-08-15T07:08:44.243Z
2020,university,0000164,예원예술대학교,전북,사립,대학,2671412265,2005478160,665934105,1327940,667262045,16191202.67,4.1,2,Y,2026-08-15T07:08:44.243Z
2020,university,0000116,우석대학교,전북,사립,대학,31722650850,13807103939,17915546911,1702302945,19617849856,53833024.95,36.4,1,Y,2026-08-15T07:08:44.243Z
2020,university,0000118,원광대학교,전북,사립,대학,59768914398,27868877635,31900036763,2575023000,34475059763,119006586.4,29,1,Y,2026-08-15T07:08:44.243Z
2020,university,0000126,전주대학교,전북,사립,대학,50978878036,23525606784,27453271252,3856532000,31309803252,80657542.92,38.8,1,Y,2026-08-15T07:08:44.243Z
2020,university,0000155,한일장신대학교,전북,사립,대학,3989560250,2471635500,1517924750,0,1517924750,7525305.9,20.2,1,Y,2026-08-15T07:08:44.243Z
2020,university,0000223,호원대학교,전북,사립,대학,17344028504,12304627770,5039400734,452732950,5492133684,35400654.01,15.5,1,Y,2026-08-15T07:08:44.243Z
2020,university,0000192,제주국제대학교,제주,사립,대학,7565402349,1248774980,6316627369,528000000,6844627369,0,,1,Y,2026-08-15T07:08:44.243Z
2020,university,0000038,건양대학교,충남,사립,대학,29640327976,14076214300,15564113676,6356240660,21920354336,51893413.54,42.2,2,Y,2026-08-15T07:08:44.243Z
2020,university,0000169,금강대학교,충남,사립,대학,3463147628,551286333,2911861295,0,2911861295,2417714.433,120.4,1,Y,2026-08-15T07:08:44.243Z
2020,university,0000059,나사렛대학교,충남,사립,대학,19252198545,10695097470,8557101075,2323954770,10881055845,37338008.71,29.1,1,Y,2026-08-15T07:08:44.243Z
2020,university,0000189,남서울대학교,충남,사립,대학,31425839697,17913315140,13512524557,1515347390,15027871947,73962775.43,20.3,1,Y,2026-08-15T07:08:44.243Z
2020,university,0000131,백석대학교,충남,사립,대학,44997645057,24760370940,20237274117,3687669510,23924943627,107357956.7,22.3,1,Y,2026-08-15T07:08:44.243Z
2020,university,0000094,선문대학교,충남,사립,대학,39018452787,17433079214,21585373573,1118196950,22703570523,68914908.57,32.9,1,Y,2026-08-15T07:08:44.243Z
2020,university,0000104,순천향대학교,충남,사립,대학,68613962076,17255663740,51358298336,11644013390,63002311726,92226560.27,68.3,1,Y,2026-08-15T07:08:44.243Z
2020,university,0000128,중부대학교,충남,사립,대학,44229618706,15153813820,29075804886,1733904435,30809709321,62417531.94,49.4,1,Y,2026-08-15T07:08:44.243Z
2020,university,0000225,청운대학교,충남,사립,대학,19759808319,12347326770,7412481549,1272357000,8684838549,43683333.07,19.9,1,Y,2026-08-15T07:08:44.243Z
2020,university,0000141,한국기술교육대학교,충남,사립,대학,101765587144,5981972553,95783614591,482433280,96266047871,19984540.38,481.7,1,Y,2026-08-15T07:08:44.243Z
2020,university,0000149,한서대학교,충남,사립,대학,26631630033,12963100710,13668529323,933157000,14601686323,55835505.73,26.2,1,Y,2026-08-15T07:08:44.243Z
2020,university,0000159,호서대학교,충남,사립,대학,53297030089,22463244900,30833785189,801708880,31635494069,105798481.2,29.9,1,Y,2026-08-15T07:08:44.243Z
2020,university,0000557,가톨릭꽃동네대학교,충북,사립,대학,3772063976,1124813200,2647250776,0,2647250776,3524693.59,75.1,1,Y,2026-08-15T07:08:44.243Z
2020,university,0000058,극동대학교,충북,사립,대학,10902460548,7679382575,3223077973,735302020,3958379993,26690534.82,14.8,1,Y,2026-08-15T07:08:44.243Z
2020,university,0000093,서원대학교,충북,사립,대학,24112963703,13409572480,10703391223,392260880,11095652103,44583303.27,24.9,1,Y,2026-08-15T07:08:44.243Z
2020,university,0000099,세명대학교,충북,사립,대학,35820629226,16669553440,19151075786,1051270680,20202346466,52045574.18,38.8,1,Y,2026-08-15T07:08:44.243Z
2020,university,0000113,유원대학교,충북,사립,대학,13348894028,7590096906,5758797122,188600000,5947397122,25047224.95,23.7,1,Y,2026-08-15T07:08:44.243Z
2020,university,0000183,중원대학교,충북,사립,대학,14559157901,6266560810,8292597091,493745220,8786342311,28085992.2,31.3,1,Y,2026-08-15T07:08:44.243Z
2020,university,0000132,청주대학교,충북,사립,대학,28826312064,16747329054,12078983010,7987974390,20066957400,88077277.31,22.8,1,Y,2026-08-15T07:08:44.243Z
2020,junior-college,0000347,강릉영동대학교,강원,사립,전문대학,9367565091,6495593808,2871971283,391227940,3263199223,15238041.6,21.4,1,Y,2026-08-15T07:08:44.243Z
2020,junior-college,0000378,강원관광대학교,강원,사립,전문대학,2909481686,2755863933,153617753,300000000,453617753,4883365.652,9.3,1,Y,2026-08-15T07:08:44.243Z
2020,junior-college,0000348,세경대학교,강원,사립,전문대학,3060089979,2669193530,390896449,300000000,690896449,4907246.097,14.1,1,Y,2026-08-15T07:08:44.243Z
2020,junior-college,0000393,송곡대학교,강원,사립,전문대학,2942671680,1482564600,1460107080,343056000,1803163080,3318440.79,54.3,1,Y,2026-08-15T07:08:44.243Z
2020,junior-college,0000390,송호대학교,강원,사립,전문대학,2850991053,2311084670,539906383,380000000,919906383,5288204.564,17.4,1,Y,2026-08-15T07:08:44.243Z
2020,junior-college,0000542,한국골프대학교,강원,사립,전문대학,1355134095,1045000500,310133595,200000000,510133595,3206915,15.9,1,Y,2026-08-15T07:08:44.243Z
2020,junior-college,0000383,한림성심대학교,강원,사립,전문대학,15778538674,7867919850,7910618824,350990890,8261609714,16792764.91,49.2,1,Y,2026-08-15T07:08:44.243Z
2020,junior-college,0000387,경기과학기술대학교,경기,사립,전문대학,17883068149,9103133570,8779934579,878082000,9658016579,28527405.92,33.9,1,Y,2026-08-15T07:08:44.243Z
2020,junior-college,0000255,경민대학교,경기,사립,전문대학,20747308670,11636210230,9111098440,549807450,9660905890,28095777.34,34.4,1,Y,2026-08-15T07:08:44.243Z
2020,junior-college,0000259,경복대학교,경기,사립,전문대학,26548508765,17797962917,8750545848,1126139970,9876685818,39814871.25,24.8,1,Y,2026-08-15T07:08:44.243Z
2020,junior-college,0000264,계원예술대학교,경기,사립,전문대학,7868675992,6088956320,1779719672,229185840,2008905512,21632315.48,9.3,1,Y,2026-08-15T07:08:44.243Z
2020,junior-college,0000379,국제대학교,경기,사립,전문대학,9355160822,8348134660,1007026162,1162082460,2169108622,23349828.5,9.3,1,Y,2026-08-15T07:08:44.243Z
2020,junior-college,0000277,김포대학교,경기,사립,전문대학,9273214056,7472054620,1801159436,631454000,2432613436,19329800.44,12.6,1,Y,2026-08-15T07:08:44.243Z
2020,junior-college,0000278,농협대학교,경기,사립,전문대학,2241662939,464132600,1777530339,0,1777530339,2223629.99,79.9,1,Y,2026-08-15T07:08:44.243Z
2020,junior-college,0000285,대림대학교,경기,사립,전문대학,26452495874,15659511430,10792984444,854883550,11647867994,46935108.94,24.8,1,Y,2026-08-15T07:08:44.243Z
2020,junior-college,0000294,동남보건대학교,경기,사립,전문대학,15499299478,9916921634,5582377844,224906190,5807284034,30398537.02,19.1,1,Y,2026-08-15T07:08:44.243Z
2020,junior-college,0000287,동서울대학교,경기,사립,전문대학,22480528881,12916076200,9564452681,104577050,9669029731,39730554.89,24.3,1,Y,2026-08-15T07:08:44.243Z
2020,junior-college,0000298,동아방송예술대학교,경기,사립,전문대학,13356112331,7440216990,5915895341,10742950,5926638291,22497397.95,26.3,1,Y,2026-08-15T07:08:44.243Z
2020,junior-college,0000302,동원대학교,경기,사립,전문대학,14512457076,7730177930,6782279146,52665490,6834944636,21072863.59,32.4,1,Y,2026-08-15T07:08:44.243Z
2020,junior-college,0000305,두원공과대학교,경기,사립,전문대학,9297365651,8117550197,1179815454,2886706000,4066521454,25521817.76,15.9,1,Y,2026-08-15T07:08:44.243Z
2020,junior-college,0000316,부천대학교,경기,사립,전문대학,33190864651,19861521080,13329343571,1509552950,14838896521,48406532.45,30.7,1,Y,2026-08-15T07:08:44.243Z
2020,junior-college,0000323,서울예술대학교,경기,사립,전문대학,7166416791,6253613600,912803191,25000000,937803191,25481841.53,3.7,1,Y,2026-08-15T07:08:44.243Z
2020,junior-college,0000392,서정대학교,경기,사립,전문대학,17148603430,12941830370,4206773060,425488060,4632261120,34146550.37,13.6,1,Y,2026-08-15T07:08:44.243Z
2020,junior-college,0000330,수원과학대학교,경기,사립,전문대학,12577332934,11585143730,992189204,95070000,1087259204,30060950.62,3.6,1,Y,2026-08-15T07:08:44.243Z
2020,junior-college,0000329,수원여자대학교,경기,사립,전문대학,10237336618,9161463490,1075873128,916426915,1992300043,28205285.13,7.1,1,Y,2026-08-15T07:08:44.243Z
2020,junior-college,0000334,신구대학교,경기,사립,전문대학,22141577259,15332597690,6808979569,58299740,6867279309,43548144.41,15.8,1,Y,2026-08-15T07:08:44.243Z
2020,junior-college,0000339,신안산대학교,경기,사립,전문대학,9876994453,9200709640,676284813,27677900,703962713,23781735,3,1,Y,2026-08-15T07:08:44.243Z
2020,junior-college,0000340,안산대학교,경기,사립,전문대학,17223571677,11223630910,5999940767,12712950,6012653717,26951922.28,22.3,1,Y,2026-08-15T07:08:44.243Z
2020,junior-college,0000343,여주대학교,경기,사립,전문대학,17600828673,11877099162,5723729511,58520000,5782249511,33312414.45,17.4,1,Y,2026-08-15T07:08:44.243Z
2020,junior-college,0000341,연성대학교,경기,사립,전문대학,25093377515,14079554316,11013823199,219404200,11233227399,37278856.75,30.1,1,Y,2026-08-15T07:08:44.243Z
2020,junior-college,0000350,오산대학교,경기,사립,전문대학,16870934311,9304065262,7566869049,856816650,8423685699,31273532.82,26.9,1,Y,2026-08-15T07:08:44.243Z
2020,junior-college,0000559,용인예술과학대학교,경기,사립,전문대학,13008765405,7839199360,5169566045,139896080,5309462125,25018055.38,21.2,1,Y,2026-08-15T07:08:44.243Z
2020,junior-college,0000394,웅지세무대학교,경기,사립,전문대학,415575938,270886800,144689138,0,144689138,6882544.36,2.1,1,Y,2026-08-15T07:08:44.243Z
2020,junior-college,0000355,유한대학교,경기,사립,전문대학,20078262014,11216223635,8862038379,75000000,8937038379,27891501.8,32,1,Y,2026-08-15T07:08:44.243Z
2020,junior-college,0000358,장안대학교,경기,사립,전문대학,13652793557,11686940933,1965852624,255547550,2221400174,32777438.83,6.8,1,Y,2026-08-15T07:08:44.243Z
2020,junior-college,0000374,청강문화산업대학교,경기,사립,전문대학,12635892241,8562383880,4073508361,1026945440,5100453801,25906045.02,19.7,1,Y,2026-08-15T07:08:44.243Z
2020,junior-college,0000391,한국관광대학교,경기,사립,전문대학,8554029854,5012894398,3541135456,12395000,3553530456,11663896.1,30.5,1,Y,2026-08-15T07:08:44.243Z
2020,junior-college,0000251,거제대학교,경남,사립,전문대학,7202045398,2476481800,4725563598,500000000,5225563598,7051627.43,74.1,1,Y,2026-08-15T07:08:44.243Z
2020,junior-college,0000395,김해대학교,경남,사립,전문대학,6037241296,3712307150,2324934146,82661000,2407595146,8381541.864,28.7,1,Y,2026-08-15T07:08:44.243Z
2020,junior-college,0000342,동원과학기술대학교,경남,사립,전문대학,9617934828,5383373620,4234561208,319964000,4554525208,12770485.4,35.7,1,Y,2026-08-15T07:08:44.243Z
2020,junior-college,0000306,마산대학교,경남,사립,전문대학,18366726183,12751004120,5615722063,408380000,6024102063,32281149.85,18.7,1,Y,2026-08-15T07:08:44.243Z
2020,junior-college,0000530,연암공과대학교,경남,사립,전문대학,6671402846,2368953890,4302448956,20000000,4322448956,6320750.285,68.4,1,Y,2026-08-15T07:08:44.243Z
2020,junior-college,0000369,진주보건대학교,경남,사립,전문대학,8325303530,7699485327,625818203,0,625818203,16644609.04,3.8,1,Y,2026-08-15T07:08:44.243Z
2020,junior-college,0000528,창원문성대학교,경남,사립,전문대학,11011846301,6184108000,4827738301,1217480000,6045218301,14222183.5,42.5,1,Y,2026-08-15T07:08:44.243Z
2020,junior-college,0000396,한국승강기대학교,경남,사립,전문대학,3894434456,1458757370,2435677086,635625000,3071302086,4325776.83,71,1,Y,2026-08-15T07:08:44.243Z
2020,junior-college,0000249,가톨릭상지대학교,경북,사립,전문대학,10200907083,4785669634,5415237449,205950000,5621187449,10294550.74,54.6,1,Y,2026-08-15T07:08:44.243Z
2020,junior-college,0000293,경북과학대학교,경북,사립,전문대학,4532411303,3420508980,1111902323,186900000,1298802323,9224031.68,14.1,1,Y,2026-08-15T07:08:44.243Z
2020,junior-college,0000523,경북보건대학교,경북,사립,전문대학,6049286306,2820626100,3228660206,569800000,3798460206,6964537.04,54.5,1,Y,2026-08-15T07:08:44.243Z
2020,junior-college,0000258,경북전문대학교,경북,사립,전문대학,13508209707,7714766230,5793443477,473740050,6267183527,16239752.16,38.6,1,Y,2026-08-15T07:08:44.243Z
2020,junior-college,0000268,구미대학교,경북,사립,전문대학,26667208716,15219005880,11448202836,1085392400,12533595236,29979189.9,41.8,1,Y,2026-08-15T07:08:44.243Z
2020,junior-college,0000279,대경대학교,경북,사립,전문대학,16221685206,9927288309,6294396897,458450000,6752846897,22467825.52,30.1,1,Y,2026-08-15T07:08:44.243Z
2020,junior-college,0000309,문경대학교,경북,사립,전문대학,5036565421,2437346000,2599219421,1349831000,3949050421,5051280.38,78.2,1,Y,2026-08-15T07:08:44.243Z
2020,junior-college,0000262,서라벌대학교,경북,사립,전문대학,0,0,0,0,0,3671001.394,0,1,Y,2026-08-15T07:08:44.243Z
2020,junior-college,0000380,선린대학교,경북,사립,전문대학,9038057958,5545958400,3492099558,313500000,3805599558,13089288.71,29.1,1,Y,2026-08-15T07:08:44.243Z
2020,junior-college,0000547,성운대학교,경북,사립,전문대학,6357169165,3383689375,2973479790,0,2973479790,7656680.238,38.8,1,Y,2026-08-15T07:08:44.243Z
2020,junior-college,0000338,안동과학대학교,경북,사립,전문대학,12587745619,6835908650,5751836969,125000000,5876836969,14996500.93,39.2,1,Y,2026-08-15T07:08:44.243Z
2020,junior-college,0000257,영남외국어대학,경북,사립,전문대학,357079477,51273620,305805857,0,305805857,2789459,11,1,Y,2026-08-15T07:08:44.243Z
2020,junior-college,0000381,포항대학교,경북,사립,전문대학,5269544968,4569612500,699932468,1192500000,1892432468,10738954.7,17.6,1,Y,2026-08-15T07:08:44.243Z
2020,junior-college,0000522,호산대학교,경북,사립,전문대학,9647147159,4926226750,4720920409,874910000,5595830409,10702880.43,52.3,1,Y,2026-08-15T07:08:44.243Z
2020,junior-college,0000267,광주보건대학교,광주,사립,전문대학,15928600408,9441864570,6486735838,118600000,6605335838,18728789.86,35.3,1,Y,2026-08-15T07:08:44.243Z
2020,junior-college,0000273,기독간호대학교,광주,사립,전문대학,3329543950,1216910800,2112633150,0,2112633150,3190981.44,66.2,1,Y,2026-08-15T07:08:44.243Z
2020,junior-college,0000297,동강대학교,광주,사립,전문대학,11983125614,7468906177,4514219437,325800000,4840019437,15506970.82,31.2,1,Y,2026-08-15T07:08:44.243Z
2020,junior-college,0000320,서영대학교,광주,사립,전문대학,21368353738,12974769197,8393584541,1192726800,9586311341,29037532.5,33,1,Y,2026-08-15T07:08:44.243Z
2020,junior-college,0000366,조선간호대학교,광주,사립,전문대학,2987997866,1399392150,1588605716,0,1588605716,3888336.85,40.9,1,Y,2026-08-15T07:08:44.243Z
2020,junior-college,0000365,조선이공대학교,광주,사립,전문대학,13966095243,6866578640,7099516603,55000000,7154516603,18007454,39.7,1,Y,2026-08-15T07:08:44.243Z
2020,junior-college,0000263,계명문화대학교,대구,사립,전문대학,24993055778,14206756900,10786298878,914380000,11700678878,28830680.07,40.6,1,Y,2026-08-15T07:08:44.243Z
2020,junior-college,0000280,대구공업대학교,대구,사립,전문대학,4712497660,3698733040,1013764620,120500000,1134264620,9207963.216,12.3,1,Y,2026-08-15T07:08:44.243Z
2020,junior-college,0000283,대구과학대학교,대구,사립,전문대학,21952084138,11544480381,10407603757,740634000,11148237757,23397112.02,47.6,1,Y,2026-08-15T07:08:44.243Z
2020,junior-college,0000281,대구보건대학교,대구,사립,전문대학,30525941062,17827131023,12698810039,303478000,13002288039,42673860.6,30.5,1,Y,2026-08-15T07:08:44.243Z
2020,junior-college,0000282,수성대학교,대구,사립,전문대학,15841665727,8878060300,6963605427,419982000,7383587427,19423832.11,38,1,Y,2026-08-15T07:08:44.243Z
2020,junior-college,0000346,영남이공대학교,대구,사립,전문대학,25884503599,14663247020,11221256579,307825000,11529081579,35560293.15,32.4,1,Y,2026-08-15T07:08:44.243Z
2020,junior-college,0000349,영진전문대학교,대구,사립,전문대학,33595977403,19169437630,14426539773,1748997800,16175537573,46209247.23,35,1,Y,2026-08-15T07:08:44.243Z
2020,junior-college,0000376,대덕대학교,대전,사립,전문대학,13033832366,8958021560,4075810806,14585000,4090395806,19889826.6,20.6,1,Y,2026-08-15T07:08:44.243Z
2020,junior-college,0000512,대전과학기술대학교,대전,사립,전문대학,19199546456,11324707320,7874839136,371786000,8246625136,25429911.9,32.4,1,Y,2026-08-15T07:08:44.243Z
2020,junior-college,0000288,대전보건대학교,대전,사립,전문대학,19854069016,14136922070,5717146946,489730000,6206876946,31671192.03,19.6,1,Y,2026-08-15T07:08:44.243Z
2020,junior-college,0000289,우송정보대학,대전,사립,전문대학,18383198654,11010040080,7373158574,234237000,7607395574,25331032.04,30,1,Y,2026-08-15T07:08:44.243Z
2020,junior-college,0000253,경남정보대학교,부산,사립,전문대학,27563533391,17807350487,9756182904,241000000,9997182904,39068377.09,25.6,1,Y,2026-08-15T07:08:44.243Z
2020,junior-college,0000284,대동대학교,부산,사립,전문대학,4203646470,3576226400,627420070,80844800,708264870,8868995.3,8,1,Y,2026-08-15T07:08:44.243Z
2020,junior-college,0000303,동의과학대학교,부산,사립,전문대학,22771642004,12559903365,10211738639,121550000,10333288639,30980065.01,33.4,1,Y,2026-08-15T07:08:44.243Z
2020,junior-college,0000304,동주대학교,부산,사립,전문대학,15153930981,7967113067,7186817914,10183000,7197000914,17408801.66,41.3,1,Y,2026-08-15T07:08:44.243Z
2020,junior-college,0000313,부산경상대학교,부산,사립,전문대학,13955188970,6521332725,7433856245,536283000,7970139245,12778181.3,62.4,1,Y,2026-08-15T07:08:44.243Z
2020,junior-college,0000315,부산과학기술대학교,부산,사립,전문대학,19206544510,8573193277,10633351233,214889000,10848240233,20609506.12,52.6,1,Y,2026-08-15T07:08:44.243Z
2020,junior-college,0000314,부산여자대학교,부산,사립,전문대학,12708427904,6896575234,5811852670,0,5811852670,15641979.93,37.2,1,Y,2026-08-15T07:08:44.243Z
2020,junior-college,0000388,부산예술대학교,부산,사립,전문대학,1940115161,1728571308,211543853,0,211543853,3942769.411,5.4,1,Y,2026-08-15T07:08:44.243Z
2020,junior-college,0000300,동양미래대학교,서울,사립,전문대학,23984512721,13267711290,10716801431,1005067200,11721868631,37454844.42,31.3,1,Y,2026-08-15T07:08:44.243Z
2020,junior-college,0000307,명지전문대학,서울,사립,전문대학,21091924151,15739744385,5352179766,503118390,5855298156,43138630.23,13.6,1,Y,2026-08-15T07:08:44.243Z
2020,junior-college,0000310,배화여자대학교,서울,사립,전문대학,8541201309,7033189280,1508012029,554423830,2062435859,16160686.62,12.8,1,Y,2026-08-15T07:08:44.243Z
2020,junior-college,0000317,삼육보건대학교,서울,사립,전문대학,6100045526,2663991767,3436053759,147695280,3583749039,7625867.22,47,1,Y,2026-08-15T07:08:44.243Z
2020,junior-college,0000321,서울여자간호대학교,서울,사립,전문대학,3263238600,1338510140,1924728460,501162950,2425891410,6050616.62,40.1,1,Y,2026-08-15T07:08:44.243Z
2020,junior-college,0000324,서일대학교,서울,사립,전문대학,20746213778,14114303560,6631910218,377737800,7009648018,35510942.68,19.7,1,Y,2026-08-15T07:08:44.243Z
2020,junior-college,0000333,숭의여자대학교,서울,사립,전문대학,8898860361,8033539870,865320491,2325900,867646391,19100508.3,4.5,1,Y,2026-08-15T07:08:44.243Z
2020,junior-college,0000356,인덕대학교,서울,사립,전문대학,18792526916,14814548657,3977978259,2258470630,6236448889,38861330.03,16,1,Y,2026-08-15T07:08:44.243Z
2020,junior-college,0000384,한양여자대학교,서울,사립,전문대학,24488688927,14520091180,9968597747,73217050,10041814797,39607817.15,25.4,1,Y,2026-08-15T07:08:44.243Z
2020,junior-college,0000353,한국영상대학교,세종,사립,전문대학,15747257236,8036228601,7711028635,20000000,7731028635,19451709.42,39.7,1,Y,2026-08-15T07:08:44.243Z
2020,junior-college,0000352,울산과학대학교,울산,사립,전문대학,21463873024,9705676140,11758196884,2315338940,14073535824,34121006.11,41.2,1,Y,2026-08-15T07:08:44.243Z
2020,junior-college,0000375,춘해보건대학교,울산,사립,전문대학,10492119685,6186425050,4305694635,316000000,4621694635,16553929.24,27.9,1,Y,2026-08-15T07:08:44.243Z
2020,junior-college,0000261,경인여자대학교,인천,사립,전문대학,13356375269,12143321770,1213053499,63884490,1276937989,27915559.3,4.6,1,Y,2026-08-15T07:08:44.243Z
2020,junior-college,0000292,인천재능대학교,인천,사립,전문대학,16188712808,8609072810,7579639998,213930810,7793570808,21148060.71,36.9,1,Y,2026-08-15T07:08:44.243Z
2020,junior-college,0000357,인하공업전문대학,인천,사립,전문대학,26972101714,16043193360,10928908354,72935280,11001843634,43765823.53,25.1,1,Y,2026-08-15T07:08:44.243Z
2020,junior-college,0000272,고구려대학교,전남,사립,전문대학,5032879137,4868983200,163895937,0,163895937,7174212.65,2.3,1,Y,2026-08-15T07:08:44.243Z
2020,junior-college,0000266,광양보건대학교,전남,사립,전문대학,86172817,62394600,23778217,46158000,69936217,0,,1,Y,2026-08-15T07:08:44.243Z
2020,junior-college,0000532,동아보건대학교,전남,사립,전문대학,5177190556,4056268500,1120922056,336206840,1457128896,7224308.803,20.2,1,Y,2026-08-15T07:08:44.243Z
2020,junior-college,0000308,목포과학대학교,전남,사립,전문대학,8498013631,6302399197,2195614434,546465000,2742079434,11976817.29,22.9,1,Y,2026-08-15T07:08:44.243Z
2020,junior-college,0000331,순천제일대학교,전남,사립,전문대학,12558320529,5846542647,6711777882,695350000,7407127882,13349838.21,55.5,1,Y,2026-08-15T07:08:44.243Z
2020,junior-college,0000360,전남과학대학교,전남,사립,전문대학,19158087903,11732259480,7425828423,111350000,7537178423,19230416.64,39.2,1,Y,2026-08-15T07:08:44.243Z
2020,junior-college,0000332,청암대학교,전남,사립,전문대학,10650214458,6269551770,4380662688,3103722000,7484384688,14005609.43,53.4,1,Y,2026-08-15T07:08:44.243Z
2020,junior-college,0000546,한영대학교,전남,사립,전문대학,4689665582,2776928950,1912736632,0,1912736632,7339894.81,26.1,1,Y,2026-08-15T07:08:44.243Z
2020,junior-college,0000250,군산간호대학교,전북,사립,전문대학,3219160583,2524016000,695144583,0,695144583,7269616.8,9.6,1,Y,2026-08-15T07:08:44.243Z
2020,junior-college,0000270,군장대학교,전북,사립,전문대학,8248273384,4587261983,3661011401,445874000,4106885401,10526218.43,39,1,Y,2026-08-15T07:08:44.243Z
2020,junior-college,0000311,백제예술대학교,전북,사립,전문대학,3036497214,2527378018,509119196,0,509119196,8477808.681,6,1,Y,2026-08-15T07:08:44.243Z
2020,junior-college,0000354,원광보건대학교,전북,사립,전문대학,21644510746,13079844401,8564666345,799976000,9364642345,27789923.51,33.7,1,Y,2026-08-15T07:08:44.243Z
2020,junior-college,0000362,전북과학대학교,전북,사립,전문대학,10046477143,5278591769,4767885374,461432000,5229317374,8985306.254,58.2,1,Y,2026-08-15T07:08:44.243Z
2020,junior-college,0000274,전주기전대학,전북,사립,전문대학,9227883377,4830186430,4397696947,1154382230,5552079177,9719964.7,57.1,1,Y,2026-08-15T07:08:44.243Z
2020,junior-college,0000361,전주비전대학교,전북,사립,전문대학,17891148837,9309287220,8581861617,218367000,8800228617,21028919.67,41.8,1,Y,2026-08-15T07:08:44.243Z
2020,junior-college,0000363,제주관광대학교,제주,사립,전문대학,9503385278,4879340770,4624044508,400500000,5024544508,9672087.454,51.9,1,Y,2026-08-15T07:08:44.243Z
2020,junior-college,0000382,제주한라대학교,제주,사립,전문대학,19054910899,11366244860,7688666039,0,7688666039,27881216.89,27.6,1,Y,2026-08-15T07:08:44.243Z
2020,junior-college,0000373,백석문화대학교,충남,사립,전문대학,22024574697,13686613640,8337961057,11553640,8349514697,35850978.09,23.3,1,Y,2026-08-15T07:08:44.243Z
2020,junior-college,0000335,신성대학교,충남,사립,전문대학,14708427801,8803332900,5905094901,192092940,6097187841,23737450.98,25.7,1,Y,2026-08-15T07:08:44.243Z
2020,junior-college,0000291,아주자동차대학,충남,사립,전문대학,6262980225,1911306200,4351674025,173000000,4524674025,5554066.15,81.5,1,Y,2026-08-15T07:08:44.243Z
2020,junior-college,0000529,연암대학교,충남,사립,전문대학,9203280418,2159472618,7043807800,0,7043807800,6509065.368,108.2,1,Y,2026-08-15T07:08:44.243Z
2020,junior-college,0000386,혜전대학교,충남,사립,전문대학,11291848907,6632191020,4659657887,931749280,5591407167,15211433.76,36.8,1,Y,2026-08-15T07:08:44.243Z
2020,junior-college,0000271,강동대학교,충북,사립,전문대학,16543778517,8423958551,8119819966,190324280,8310144246,18757157.12,44.3,1,Y,2026-08-15T07:08:44.243Z
2020,junior-college,0000286,대원대학교,충북,사립,전문대학,12523972738,6635306435,5888666303,265800000,6154466303,13302337.71,46.3,1,Y,2026-08-15T07:08:44.243Z
2020,junior-college,0000367,충북보건과학대학교,충북,사립,전문대학,12012049254,6082004110,5930045144,114330000,6044375144,16315587.27,37,1,Y,2026-08-15T07:08:44.243Z
2020,junior-college,0000377,충청대학교,충북,사립,전문대학,16859652867,9084704289,7774948578,155375000,7930323578,22503925.52,35.2,1,Y,2026-08-15T07:08:44.243Z
2021,university,0000513,가톨릭관동대학교,강원,사립,대학,35044772308,14039870790,21004901518,2089434740,23094336258,53558853.22,43.1,1,Y,2026-08-15T07:08:44.243Z
2021,university,0000041,경동대학교,강원,사립,대학,15205232173,14268133077,937099096,2446174860,3383273956,58026991.95,5.8,4,Y,2026-08-15T07:08:44.243Z
2021,university,0000086,상지대학교,강원,사립,대학,19775348171,11585171570,8190176601,2112676675,10302853276,48952361.81,21,1,Y,2026-08-15T07:08:44.243Z
2021,university,0000147,한라대학교,강원,사립,대학,11840623746,6320087820,5520535926,1581339119,7101875045,21032898.18,33.8,1,Y,2026-08-15T07:08:44.243Z
2021,university,0000148,한림대학교,강원,사립,대학,54199072034,14081738460,40117333574,1359782400,41477115974,62115202.4,66.8,1,Y,2026-08-15T07:08:44.243Z
2021,university,0000044,가천대학교,경기,사립,대학,87457666710,26706960720,60750705990,258141000,61008846990,174780398.9,34.9,1,Y,2026-08-15T07:08:44.243Z
2021,university,0000034,가톨릭대학교,경기,사립,대학,83999846907,11464241070,72535605837,590639750,73126245587,83455502.01,87.6,3,Y,2026-08-15T07:08:44.243Z
2021,university,0000036,강남대학교,경기,사립,대학,19853537608,9976908100,9876629508,2179500,9878809008,50948061.8,19.4,1,Y,2026-08-15T07:08:44.243Z
2021,university,0000039,경기대학교,경기,사립,대학,49863175170,23062412380,26800762790,168179450,26968942240,118445561,22.8,2,Y,2026-08-15T07:08:44.243Z
2021,university,0000060,단국대학교,경기,사립,대학,98174462731,34008212220,64166250511,6004500,64172255011,220768583.3,29.1,2,Y,2026-08-15T07:08:44.243Z
2021,university,0000068,대진대학교,경기,사립,대학,23462563894,14951009820,8511554074,15719500,8527273574,56297725.57,15.1,1,Y,2026-08-15T07:08:44.243Z
2021,university,0000078,루터대학교,경기,사립,대학,2538763104,723753670,1815009434,0,1815009434,2249679.57,80.7,1,Y,2026-08-15T07:08:44.243Z
2021,university,0000079,명지대학교,경기,사립,대학,51510984678,21678003830,29832980848,33101250,29866082098,130744991.1,22.8,2,Y,2026-08-15T07:08:44.243Z
2021,university,0000090,서울신학대학교,경기,사립,대학,8142001923,5867090500,2274911423,230490000,2505401423,19058498.88,13.1,1,Y,2026-08-15T07:08:44.243Z
2021,university,0000092,서울장신대학교,경기,사립,대학,1425489752,1103796667,321693085,304500,321997585,5275664.162,6.1,1,Y,2026-08-15T07:08:44.243Z
2021,university,0000095,성결대학교,경기,사립,대학,22886568182,9495802437,13390765745,2193215250,15583980995,37771061.29,41.3,1,Y,2026-08-15T07:08:44.243Z
2021,university,0000101,수원가톨릭대학교,경기,사립,대학,881314800,193043800,688271000,0,688271000,1004211.168,68.5,1,Y,2026-08-15T07:08:44.243Z
2021,university,0000102,수원대학교,경기,사립,대학,20886883295,14232357860,6654525435,17148000,6671673435,69449057.96,9.6,1,Y,2026-08-15T07:08:44.243Z
2021,university,0000178,신경대학교,경기,사립,대학,2507721707,64595000,2443126707,0,2443126707,3322258.04,73.5,1,Y,2026-08-15T07:08:44.243Z
2021,university,0000509,신한대학교,경기,사립,대학,17945172955,12691891180,5253281775,2974014000,8227295775,56970565.6,14.4,2,Y,2026-08-15T07:08:44.243Z
2021,university,0000558,아신대학교,경기,사립,대학,2246015574,1779083750,466931824,0,466931824,6786724,6.9,1,Y,2026-08-15T07:08:44.243Z
2021,university,0000108,아주대학교,경기,사립,대학,96924545288,11988252200,84936293088,592184400,85528477488,121793617.5,70.2,1,Y,2026-08-15T07:08:44.243Z
2021,university,0000109,안양대학교,경기,사립,대학,17411071469,8606871268,8804200201,1496064000,10300264201,36000335.28,28.6,2,Y,2026-08-15T07:08:44.243Z
2021,university,0000115,용인대학교,경기,사립,대학,14794209245,10284368300,4509840945,5487500,4515328445,47741741,9.5,1,Y,2026-08-15T07:08:44.243Z
2021,university,0000130,중앙승가대학교,경기,사립,대학,195655500,133775500,61880000,0,61880000,613317.02,10.1,1,Y,2026-08-15T07:08:44.243Z
2021,university,0000139,차의과학대학교,경기,사립,대학,21325360747,4075367860,17249992887,6590000,17256582887,28092847.11,61.4,1,Y,2026-08-15T07:08:44.243Z
2021,university,0000136,칼빈대학교,경기,사립,대학,981634232,767365000,214269232,0,214269232,6871470,3.1,1,Y,2026-08-15T07:08:44.243Z
2021,university,0000138,평택대학교,경기,사립,대학,11363933167,5992401734,5371531433,1680000,5373211433,28586328.14,18.8,1,Y,2026-08-15T07:08:44.243Z
2021,university,0000191,한국산업기술대학교,경기,사립,대학,43685252762,9995931110,33689321652,373648880,34062970532,59244092.13,57.5,1,Y,2026-08-15T07:08:44.243Z
2021,university,0000144,한국항공대학교,경기,사립,대학,18627383312,4852391400,13774991912,1153410050,14928401962,37919033,39.4,1,Y,2026-08-15T07:08:44.243Z
2021,university,0000151,한세대학교,경기,사립,대학,8568318274,4935598000,3632720274,4838500,3637558774,24384113.5,14.9,1,Y,2026-08-15T07:08:44.243Z
2021,university,0000152,한신대학교,경기,사립,대학,19173641927,9192531220,9981110707,64304000,10045414707,38150696.4,26.3,1,Y,2026-08-15T07:08:44.243Z
2021,university,0000156,협성대학교,경기,사립,대학,13371315144,8878325800,4492989344,0,4492989344,30957556.74,14.5,1,Y,2026-08-15T07:08:44.243Z
2021,university,0000032,가야대학교,경남,사립,대학,5031822491,4533643190,498179301,0,498179301,13875084.22,3.6,2,Y,2026-08-15T07:08:44.243Z
2021,university,0000040,경남대학교,경남,사립,대학,38905759653,19386293940,19519465713,0,19519465713,71705268.16,27.2,1,Y,2026-08-15T07:08:44.243Z
2021,university,0000167,부산장신대학교,경남,사립,대학,872618367,538992330,333626037,2358500,335984537,2322735.89,14.5,1,Y,2026-08-15T07:08:44.243Z
2021,university,0000181,영산대학교,경남,사립,대학,0,0,0,0,0,0,,2,N,2026-08-15T07:08:44.243Z
2021,university,0000122,인제대학교,경남,사립,대학,40043963316,15589385300,24454578016,1650000,24456228016,69990354.8,34.9,2,Y,2026-08-15T07:08:44.243Z
2021,university,0000193,창신대학교,경남,사립,대학,5149118755,3508774480,1640344275,0,1640344275,13130487.07,12.5,1,Y,2026-08-15T07:08:44.243Z
2021,university,0000174,한국국제대학교,경남,사립,대학,0,0,0,0,0,0,,1,N,2026-08-15T07:08:44.243Z
2021,university,0000188,경운대학교,경북,사립,대학,22035097544,10588511168,11446586376,3869500,11450455876,33302929.67,34.4,1,Y,2026-08-15T07:08:44.243Z
2021,university,0000045,경일대학교,경북,사립,대학,31196957595,13085282970,18111674625,8120000,18119794625,47354127.13,38.3,1,Y,2026-08-15T07:08:44.243Z
2021,university,0000046,경주대학교,경북,사립,대학,1942976162,446041000,1496935162,0,1496935162,5384468.2,27.8,1,Y,2026-08-15T07:08:44.243Z
2021,university,0000185,김천대학교,경북,사립,대학,6362310635,4849221207,1513089428,116000,1513205428,19705959.57,7.7,1,Y,2026-08-15T07:08:44.243Z
2021,university,0000063,대구가톨릭대학교,경북,사립,대학,47630505174,22602991480,25027513694,4000000,25031513694,86869071.28,28.8,1,Y,2026-08-15T07:08:44.243Z
2021,university,0000061,대구대학교,경북,사립,대학,75323056901,34738642380,40584414521,6000000,40590414521,118503187.2,34.3,1,Y,2026-08-15T07:08:44.243Z
2021,university,0000062,대구예술대학교,경북,사립,대학,2163501781,1740122500,423379281,1947500,425326781,6144824.91,6.9,1,Y,2026-08-15T07:08:44.243Z
2021,university,0000042,대구한의대학교,경북,사립,대학,32314493471,13395311070,18919182401,5205000,18924387401,47455640.78,39.9,1,Y,2026-08-15T07:08:44.243Z
2021,university,0000065,대신대학교,경북,사립,대학,1740057481,1485079500,254977981,0,254977981,3744076.82,6.8,1,Y,2026-08-15T07:08:44.243Z
2021,university,0000076,동양대학교,경북,사립,대학,9372999314,7508695167,1864304147,10659660,1874963807,25013470.17,7.5,2,Y,2026-08-15T07:08:44.243Z
2021,university,0000111,영남대학교,경북,사립,대학,99891995735,37201549060,62690446675,320500,62690767175,167572540.2,37.4,1,Y,2026-08-15T07:08:44.243Z
2021,university,0000112,영남신학대학교,경북,사립,대학,1558671903,1313113900,245558003,0,245558003,4250848.068,5.8,1,Y,2026-08-15T07:08:44.243Z
2021,university,0000119,위덕대학교,경북,사립,대학,8249703062,5370800524,2878902538,250000,2879152538,19737639.73,14.6,1,Y,2026-08-15T07:08:44.243Z
2021,university,0000140,포항공과대학교,경북,사립,대학,124150495912,1885264500,122265231412,0,122265231412,24810942.56,492.8,1,Y,2026-08-15T07:08:44.243Z
2021,university,0000146,한동대학교,경북,사립,대학,25496678208,7870244375,17626433833,9485000,17635918833,31860695.4,55.4,1,Y,2026-08-15T07:08:44.243Z
2021,university,0000052,광신대학교,광주,사립,대학,1621361133,1490298500,131062633,0,131062633,5570108.5,2.4,1,Y,2026-08-15T07:08:44.243Z
2021,university,0000176,광주대학교,광주,사립,대학,28114817921,15579098170,12535719751,225500,12535945251,42366054.54,29.6,1,Y,2026-08-15T07:08:44.243Z
2021,university,0000055,광주여자대학교,광주,사립,대학,14422518668,9428180294,4994338374,654000,4994992374,24793298.38,20.1,1,Y,2026-08-15T07:08:44.243Z
2021,university,0000162,남부대학교,광주,사립,대학,10096510853,6765915740,3330595113,0,3330595113,21619171.41,15.4,1,Y,2026-08-15T07:08:44.243Z
2021,university,0000187,송원대학교,광주,사립,대학,8385258500,6181158040,2204100460,1312500,2205412960,19044692.66,11.6,1,Y,2026-08-15T07:08:44.243Z
2021,university,0000127,조선대학교,광주,사립,대학,89727915103,35144374250,54583540853,3070000,54586610853,141067057.9,38.7,1,Y,2026-08-15T07:08:44.243Z
2021,university,0000157,호남대학교,광주,사립,대학,27233315123,13588131460,13645183663,446000,13645629663,48920991.56,27.9,1,Y,2026-08-15T07:08:44.243Z
2021,university,0000158,호남신학대학교,광주,사립,대학,1727677792,1383961500,343716292,0,343716292,4951412.78,6.9,1,Y,2026-08-15T07:08:44.243Z
2021,university,0000048,계명대학교,대구,사립,대학,84170410004,42884940940,41285469064,1157500,41286626564,161862040.3,25.5,1,Y,2026-08-15T07:08:44.243Z
2021,university,0000067,대전대학교,대전,사립,대학,40810866677,16385427110,24425439567,1464580,24426904147,65236653.05,37.4,1,Y,2026-08-15T07:08:44.243Z
2021,university,0000182,대전신학대학교,대전,사립,대학,426361338,245295500,181065838,0,181065838,863627,21,1,Y,2026-08-15T07:08:44.243Z
2021,university,0000080,목원대학교,대전,사립,대학,23373363529,15369537940,8003825589,7497500,8011323089,53894593.89,14.9,1,Y,2026-08-15T07:08:44.243Z
2021,university,0000081,배재대학교,대전,사립,대학,29474793520,14264176850,15210616670,5270000,15215886670,54731625.01,27.8,1,Y,2026-08-15T07:08:44.243Z
2021,university,0000184,우송대학교,대전,사립,대학,29324013265,17042364850,12281648415,8124930,12289773345,71804323.38,17.1,1,Y,2026-08-15T07:08:44.243Z
2021,university,0000120,을지대학교,대전,사립,대학,24294878987,7136099634,17158779353,225570000,17384349353,41094866,42.3,3,Y,2026-08-15T07:08:44.243Z
2021,university,0000551,한국침례신학대학교,대전,사립,대학,6310255198,3138941270,3171313928,0,3171313928,10060580.78,31.5,1,Y,2026-08-15T07:08:44.243Z
2021,university,0000145,한남대학교,대전,사립,대학,50671355570,20599729420,30071626150,5150000,30076776150,82363082.1,36.5,1,Y,2026-08-15T07:08:44.243Z
2021,university,0000043,경성대학교,부산,사립,대학,42270368643,24453218974,17817149669,0,17817149669,80315656.62,22.2,1,Y,2026-08-15T07:08:44.243Z
2021,university,0000050,고신대학교,부산,사립,대학,18494386201,8562049388,9932336813,0,9932336813,29207272.28,34,1,Y,2026-08-15T07:08:44.243Z
2021,university,0000180,동명대학교,부산,사립,대학,34639028624,17107155370,17531873254,1500000,17533373254,50316930,34.8,1,Y,2026-08-15T07:08:44.243Z
2021,university,0000073,동서대학교,부산,사립,대학,44631950840,22077309650,22554641190,0,22554641190,62469484.36,36.1,1,Y,2026-08-15T07:08:44.243Z
2021,university,0000075,동아대학교,부산,사립,대학,80206267429,36375892030,43830375399,1500000,43831875399,137264203.3,31.9,1,Y,2026-08-15T07:08:44.243Z
2021,university,0000077,동의대학교,부산,사립,대학,58323467691,31177389940,27146077751,2000000,27148077751,99916982.34,27.2,1,Y,2026-08-15T07:08:44.243Z
2021,university,0000082,부산가톨릭대학교,부산,사립,대학,19752198621,8502806810,11249391811,0,11249391811,25353994.27,44.4,1,Y,2026-08-15T07:08:44.243Z
2021,university,0000083,부산외국어대학교,부산,사립,대학,23700434745,14291828580,9408606165,3230000,9411836165,45344863.76,20.8,1,Y,2026-08-15T07:08:44.243Z
2021,university,0000106,신라대학교,부산,사립,대학,32085537296,16594183870,15491353426,1000000,15492353426,53231199.56,29.1,1,Y,2026-08-15T07:08:44.243Z
2021,university,0000035,감리교신학대학교,서울,사립,대학,2757783045,1990276867,767506178,4930350,772436528,8667113.547,8.9,1,Y,2026-08-15T07:08:44.243Z
2021,university,0000037,건국대학교,서울,사립,대학,121895846583,31426702200,90469144383,14507500,90483651883,231870911.4,39,2,Y,2026-08-15T07:08:44.243Z
2021,university,0000047,경희대학교,서울,사립,대학,153824248582,32667681118,121156567464,21816920,121178384384,298100152.5,40.7,1,Y,2026-08-15T07:08:44.243Z
2021,university,0000049,고려대학교,서울,사립,대학,317362394299,27385609580,289976784719,616118750,290592903469,356169041.5,81.6,2,Y,2026-08-15T07:08:44.243Z
2021,university,0000053,광운대학교,서울,사립,대학,37924571009,10423144300,27501426709,7828750,27509255459,77572513.14,35.5,1,Y,2026-08-15T07:08:44.243Z
2021,university,0000056,국민대학교,서울,사립,대학,82506734298,21843814300,60662919998,31970500,60694890498,153140979.4,39.6,1,Y,2026-08-15T07:08:44.243Z
2021,university,0000070,덕성여자대학교,서울,사립,대학,18421043666,8256908082,10164135584,15340570,10179476154,40929856.73,24.9,1,Y,2026-08-15T07:08:44.243Z
2021,university,0000071,동국대학교,서울,사립,대학,112889193342,30295563787,82593629555,247624080,82841253635,209852665,39.5,2,Y,2026-08-15T07:08:44.243Z
2021,university,0000072,동덕여자대학교,서울,사립,대학,20268166266,11269416410,8998749856,9986500,9008736356,52793245.88,17.1,1,Y,2026-08-15T07:08:44.243Z
2021,university,0000084,삼육대학교,서울,사립,대학,20153607298,9994232900,10159374398,10829000,10170203398,45872033.87,22.2,1,Y,2026-08-15T07:08:44.243Z
2021,university,0000085,상명대학교,서울,사립,대학,54569996947,19713567567,34856429380,26614370,34883043750,105155704.1,33.2,2,Y,2026-08-15T07:08:44.243Z
2021,university,0000087,서강대학교,서울,사립,대학,52796822195,7257643166,45539179029,9007000,45548186029,103109818.9,44.2,1,Y,2026-08-15T07:08:44.243Z
2021,university,0000088,서경대학교,서울,사립,대학,20819884172,9614681083,11205203089,13238500,11218441589,49492884.4,22.7,1,Y,2026-08-15T07:08:44.243Z
2021,university,0000069,서울기독대학교,서울,사립,대학,912935546,809402334,103533212,0,103533212,4002034.8,2.6,1,Y,2026-08-15T07:08:44.243Z
2021,university,0000091,서울여자대학교,서울,사립,대학,20786300806,11573435950,9212864856,1702887120,10915751976,51737189.07,21.1,1,Y,2026-08-15T07:08:44.243Z
2021,university,0000539,서울한영대학교,서울,사립,대학,2168298963,1523722700,644576263,355500,644931763,6042080.294,10.7,1,Y,2026-08-15T07:08:44.243Z
2021,university,0000096,성공회대학교,서울,사립,대학,10516455594,4113307187,6403148407,6577150,6409725557,16923159.57,37.9,1,Y,2026-08-15T07:08:44.243Z
2021,university,0000097,성균관대학교,서울,사립,대학,254630087103,18730727900,235899359203,488370500,236387729703,279340542.1,84.6,1,Y,2026-08-15T07:08:44.243Z
2021,university,0000098,성신여자대학교,서울,사립,대학,28157632142,14939107200,13218524942,19879500,13238404442,78771004.84,16.8,1,Y,2026-08-15T07:08:44.243Z
2021,university,0000100,세종대학교,서울,사립,대학,68889351624,16070638050,52818713574,13558000,52832271574,122744760.7,43,1,Y,2026-08-15T07:08:44.243Z
2021,university,0000103,숙명여자대학교,서울,사립,대학,52418099984,13368398700,39049701284,9192650,39058893934,103149578,37.9,1,Y,2026-08-15T07:08:44.243Z
2021,university,0000105,숭실대학교,서울,사립,대학,69589958718,17779650500,51810308218,19392000,51829700218,134295241.4,38.6,1,Y,2026-08-15T07:08:44.243Z
2021,university,0000110,연세대학교,서울,사립,대학,347410363279,27607772600,319802590679,3074608450,322877199129,399520843.4,80.8,2,Y,2026-08-15T07:08:44.243Z
2021,university,0000121,이화여자대학교,서울,사립,대학,99933019818,16140788280,83792231538,18579800,83810811338,202851727.8,41.3,1,Y,2026-08-15T07:08:44.243Z
2021,university,0000125,장로회신학대학교,서울,사립,대학,2365770914,1742339400,623431514,192000,623623514,15892865.65,3.9,1,Y,2026-08-15T07:08:44.243Z
2021,university,0000129,중앙대학교,서울,사립,대학,153133769204,28874622240,124259146964,245497000,124504643964,261684548.5,47.6,2,Y,2026-08-15T07:08:44.243Z
2021,university,0000133,총신대학교,서울,사립,대학,5385078234,4037961758,1347116476,8111500,1355227976,24864896.47,5.5,1,Y,2026-08-15T07:08:44.243Z
2021,university,0000134,추계예술대학교,서울,사립,대학,2467717556,1901953150,565764406,2896000,568660406,11472039.96,5,1,Y,2026-08-15T07:08:44.243Z
2021,university,0000525,케이씨대학교,서울,사립,대학,4859296138,2510294920,2349001218,344000,2349345218,11516434.7,20.4,1,Y,2026-08-15T07:08:44.243Z
2021,university,0000142,한국성서대학교,서울,사립,대학,4478747918,2349608500,2129139418,2322500,2131461918,7977568,26.7,1,Y,2026-08-15T07:08:44.243Z
2021,university,0000143,한국외국어대학교,서울,사립,대학,52436794093,21230852000,31205942093,15416000,31221358093,146071399.3,21.4,1,Y,2026-08-15T07:08:44.243Z
2021,university,0000150,한성대학교,서울,사립,대학,21843730707,10809957217,11033773490,6428700,11040202190,56035749.77,19.7,1,Y,2026-08-15T07:08:44.243Z
2021,university,0000153,한양대학교,서울,사립,대학,257036826574,31614578104,225422248470,1100702750,226522951220,340529676.5,66.5,2,Y,2026-08-15T07:08:44.243Z
2021,university,0000160,홍익대학교,서울,사립,대학,58834803975,24252236100,34582567875,40140000,34622707875,192050506.8,18,2,Y,2026-08-15T07:08:44.243Z
2021,university,0000066,대전가톨릭대학교,세종,사립,대학,1067962500,55297500,1012665000,0,1012665000,390280,259.5,1,Y,2026-08-15T07:08:44.243Z
2021,university,0000117,울산대학교,울산,사립,대학,79179946199,16460140640,62719805559,2870000,62722675559,99996293.76,62.7,1,Y,2026-08-15T07:08:44.243Z
2021,university,0000123,인천가톨릭대학교,인천,사립,대학,1915706639,1073414497,842292142,1640000,843932142,6407583.733,13.2,2,Y,2026-08-15T07:08:44.243Z
2021,university,0000124,인하대학교,인천,사립,대학,112694458250,23983132100,88711326150,17415000,88728741150,164777789.8,53.8,1,Y,2026-08-15T07:08:44.243Z
2021,university,0000054,광주가톨릭대학교,전남,사립,대학,0,0,0,0,0,0,,1,Y,2026-08-15T07:08:44.243Z
2021,university,0000074,동신대학교,전남,사립,대학,27746232252,14058249400,13687982852,0,13687982852,42189038.26,32.4,1,Y,2026-08-15T07:08:44.243Z
2021,university,0000166,목포가톨릭대학교,전남,사립,대학,3765630673,1417608400,2348022273,0,2348022273,3223930.666,72.8,1,Y,2026-08-15T07:08:44.243Z
2021,university,0000064,세한대학교,전남,사립,대학,9287780139,8098376930,1189403209,5426500,1194829709,21391189.74,5.6,1,Y,2026-08-15T07:08:44.243Z
2021,university,0000114,영산선학대학교,전남,사립,대학,1879370000,0,1879370000,0,1879370000,66000,2847.5,1,Y,2026-08-15T07:08:44.243Z
2021,university,0000190,초당대학교,전남,사립,대학,10963442676,6958532940,4004909736,0,4004909736,19451686.48,20.6,1,Y,2026-08-15T07:08:44.243Z
2021,university,0000186,한려대학교,전남,사립,대학,182402040,129370900,53031140,0,53031140,0,,1,Y,2026-08-15T07:08:44.243Z
2021,university,0000173,예수대학교,전북,사립,대학,1639573447,1398487900,241085547,0,241085547,3648491.28,6.6,1,Y,2026-08-15T07:08:44.243Z
2021,university,0000164,예원예술대학교,전북,사립,대학,2129074459,1994364100,134710359,1480000,136190359,14150006.66,1,2,Y,2026-08-15T07:08:44.243Z
2021,university,0000116,우석대학교,전북,사립,대학,27710039680,13345442538,14364597142,755500,14365352642,52968424.59,27.1,1,Y,2026-08-15T07:08:44.243Z
2021,university,0000118,원광대학교,전북,사립,대학,65789544785,26896092118,38893452667,685500,38894138167,111212140.3,35,1,Y,2026-08-15T07:08:44.243Z
2021,university,0000126,전주대학교,전북,사립,대학,60568536307,23414657568,37153878739,5998950,37159877689,78951610.93,47.1,1,Y,2026-08-15T07:08:44.243Z
2021,university,0000155,한일장신대학교,전북,사립,대학,3396363274,2312949400,1083413874,0,1083413874,6674505.5,16.2,1,Y,2026-08-15T07:08:44.243Z
2021,university,0000223,호원대학교,전북,사립,대학,19212860021,12755752000,6457108021,3784000,6460892021,34332687.14,18.8,1,Y,2026-08-15T07:08:44.243Z
2021,university,0000192,제주국제대학교,제주,사립,대학,1220632904,832335500,388297404,0,388297404,4719708,8.2,1,Y,2026-08-15T07:08:44.243Z
2021,university,0000038,건양대학교,충남,사립,대학,28885932926,13691201127,15194731799,3000000,15197731799,49819864.97,30.5,2,Y,2026-08-15T07:08:44.243Z
2021,university,0000169,금강대학교,충남,사립,대학,1043549372,401906600,641642772,0,641642772,1740630.333,36.9,1,Y,2026-08-15T07:08:44.243Z
2021,university,0000059,나사렛대학교,충남,사립,대학,19164641648,10081513300,9083128348,1845000,9084973348,34996623.33,26,1,Y,2026-08-15T07:08:44.243Z
2021,university,0000189,남서울대학교,충남,사립,대학,25920635594,18086851940,7833783654,1986500,7835770154,74749665.45,10.5,1,Y,2026-08-15T07:08:44.243Z
2021,university,0000131,백석대학교,충남,사립,대학,35489662028,25116184090,10373477938,15364000,10388841938,108626617.7,9.6,1,Y,2026-08-15T07:08:44.243Z
2021,university,0000094,선문대학교,충남,사립,대학,41812331780,17669434964,24142896816,9872700,24152769516,67866602.53,35.6,1,Y,2026-08-15T07:08:44.243Z
2021,university,0000104,순천향대학교,충남,사립,대학,69713847949,17174943310,52538904639,145286500,52684191139,90775077.82,58,1,Y,2026-08-15T07:08:44.243Z
2021,university,0000128,중부대학교,충남,사립,대학,23514891640,15300129260,8214762380,14706600,8229468980,60144789.57,13.7,1,Y,2026-08-15T07:08:44.243Z
2021,university,0000225,청운대학교,충남,사립,대학,22191569758,12601401430,9590168328,2950000,9593118328,40816747.05,23.5,1,Y,2026-08-15T07:08:44.243Z
2021,university,0000141,한국기술교육대학교,충남,사립,대학,144846775387,5679628400,139167146987,0,139167146987,19665324.76,707.7,1,Y,2026-08-15T07:08:44.243Z
2021,university,0000149,한서대학교,충남,사립,대학,27067561994,12429557480,14638004514,3240000,14641244514,53401061.11,27.4,1,Y,2026-08-15T07:08:44.243Z
2021,university,0000159,호서대학교,충남,사립,대학,49193066640,21417528220,27775538420,5620500,27781158920,102453467.2,27.1,1,Y,2026-08-15T07:08:44.243Z
2021,university,0000557,가톨릭꽃동네대학교,충북,사립,대학,2947180036,1050247767,1896932269,0,1896932269,3363339.417,56.4,1,Y,2026-08-15T07:08:44.243Z
2021,university,0000058,극동대학교,충북,사립,대학,8697238927,7033759200,1663479727,30000,1663509727,24016228.74,6.9,1,Y,2026-08-15T07:08:44.243Z
2021,university,0000093,서원대학교,충북,사립,대학,26191631075,13558092480,12633538595,13622500,12647161095,42753194.05,29.6,1,Y,2026-08-15T07:08:44.243Z
2021,university,0000099,세명대학교,충북,사립,대학,27250409440,15841919390,11408490050,17397950,11425888000,48795935.79,23.4,1,Y,2026-08-15T07:08:44.243Z
2021,university,0000113,유원대학교,충북,사립,대학,10782351167,7397509547,3384841620,4819000,3389660620,23076883.07,14.7,1,Y,2026-08-15T07:08:44.243Z
2021,university,0000183,중원대학교,충북,사립,대학,7909023094,5773882790,2135140304,2299500,2137439804,25835486.83,8.3,1,Y,2026-08-15T07:08:44.243Z
2021,university,0000132,청주대학교,충북,사립,대학,33457208696,17470073575,15987135121,8668830,15995803951,86380543.54,18.5,1,Y,2026-08-15T07:08:44.243Z
2021,junior-college,0000347,강릉영동대학교,강원,사립,전문대학,8273434615,5801097320,2472337295,463750200,2936087495,14150543.07,20.7,1,Y,2026-08-15T07:08:44.243Z
2021,junior-college,0000378,강원관광대학교,강원,사립,전문대학,1626422925,1609479400,16943525,577768950,594712475,3040538.187,19.6,1,Y,2026-08-15T07:08:44.243Z
2021,junior-college,0000348,세경대학교,강원,사립,전문대학,3063801619,2618530760,445270859,697260000,1142530859,4684822.109,24.4,1,Y,2026-08-15T07:08:44.243Z
2021,junior-college,0000393,송곡대학교,강원,사립,전문대학,2948017529,1519481900,1428535629,338569500,1767105129,3387677.567,52.2,1,Y,2026-08-15T07:08:44.243Z
2021,junior-college,0000390,송호대학교,강원,사립,전문대학,2632920236,2303263604,329656632,412738050,742394682,5022124.506,14.8,1,Y,2026-08-15T07:08:44.243Z
2021,junior-college,0000542,한국골프대학교,강원,사립,전문대학,1215440502,1052318167,163122335,209740000,372862335,3088507.5,12.1,1,Y,2026-08-15T07:08:44.243Z
2021,junior-college,0000383,한림성심대학교,강원,사립,전문대학,15021543954,6971336550,8050207404,279720000,8329927404,15553192.77,53.6,1,Y,2026-08-15T07:08:44.243Z
2021,junior-college,0000387,경기과학기술대학교,경기,사립,전문대학,18406878544,8705346380,9701532164,259136400,9960668564,26396776.07,37.7,1,Y,2026-08-15T07:08:44.243Z
2021,junior-college,0000255,경민대학교,경기,사립,전문대학,19639468858,10563240660,9076228198,1164125000,10240353198,24412752.74,41.9,1,Y,2026-08-15T07:08:44.243Z
2021,junior-college,0000259,경복대학교,경기,사립,전문대학,26987707080,16814839068,10172868012,1034340500,11207208512,38127463.6,29.4,1,Y,2026-08-15T07:08:44.243Z
2021,junior-college,0000264,계원예술대학교,경기,사립,전문대학,8183964883,5778379510,2405585373,20000000,2425585373,20783700.46,11.7,1,Y,2026-08-15T07:08:44.243Z
2021,junior-college,0000379,국제대학교,경기,사립,전문대학,7925898476,7150594980,775303496,3000000,778303496,19662731.79,4,1,Y,2026-08-15T07:08:44.243Z
2021,junior-college,0000277,김포대학교,경기,사립,전문대학,6928277881,6327809000,600468881,19566200,620035081,15173716.84,4.1,1,Y,2026-08-15T07:08:44.243Z
2021,junior-college,0000278,농협대학교,경기,사립,전문대학,2070495250,462938553,1607556697,0,1607556697,2101306.667,76.5,1,Y,2026-08-15T07:08:44.243Z
2021,junior-college,0000285,대림대학교,경기,사립,전문대학,31589437771,15704539910,15884897861,4215709000,20100606861,46104936.82,43.6,1,Y,2026-08-15T07:08:44.243Z
2021,junior-college,0000294,동남보건대학교,경기,사립,전문대학,15455200343,9362700833,6092499510,2195924000,8288423510,29759868.92,27.9,1,Y,2026-08-15T07:08:44.243Z
2021,junior-college,0000287,동서울대학교,경기,사립,전문대학,22837251108,12213378500,10623872608,50630000,10674502608,37098659.54,28.8,1,Y,2026-08-15T07:08:44.243Z
2021,junior-college,0000298,동아방송예술대학교,경기,사립,전문대학,13401292366,7273622480,6127669886,8253000,6135922886,21792806.46,28.2,1,Y,2026-08-15T07:08:44.243Z
2021,junior-college,0000302,동원대학교,경기,사립,전문대학,14088614447,7019454850,7069159597,1047349140,8116508737,18305921.19,44.3,1,Y,2026-08-15T07:08:44.243Z
2021,junior-college,0000305,두원공과대학교,경기,사립,전문대학,7375050861,6194379650,1180671211,8083500,1188754711,19670022.8,6,1,Y,2026-08-15T07:08:44.243Z
2021,junior-college,0000316,부천대학교,경기,사립,전문대학,31836899948,19151274125,12685625823,4762924000,17448549823,46673293.24,37.4,1,Y,2026-08-15T07:08:44.243Z
2021,junior-college,0000323,서울예술대학교,경기,사립,전문대학,8090574780,6462020300,1628554480,10075000,1638629480,25303971.2,6.5,1,Y,2026-08-15T07:08:44.243Z
2021,junior-college,0000392,서정대학교,경기,사립,전문대학,18033835010,13152710680,4881124330,780170500,5661294830,38138589.34,14.8,1,Y,2026-08-15T07:08:44.243Z
2021,junior-college,0000330,수원과학대학교,경기,사립,전문대학,9991445176,9518236738,473208438,1617000,474825438,24356772.21,1.9,1,Y,2026-08-15T07:08:44.243Z
2021,junior-college,0000329,수원여자대학교,경기,사립,전문대학,8659476534,8185131427,474345107,935500,475280607,26084891.55,1.8,1,Y,2026-08-15T07:08:44.243Z
2021,junior-college,0000334,신구대학교,경기,사립,전문대학,22171649594,15072214550,7099435044,1409077000,8508512044,42180461.54,20.2,1,Y,2026-08-15T07:08:44.243Z
2021,junior-college,0000339,신안산대학교,경기,사립,전문대학,7974815801,7295142234,679673567,1565380000,2245053567,17941057.91,12.5,1,Y,2026-08-15T07:08:44.243Z
2021,junior-college,0000340,안산대학교,경기,사립,전문대학,17095582090,10062705500,7032876590,500000000,7532876590,24980253.8,30.2,1,Y,2026-08-15T07:08:44.243Z
2021,junior-college,0000343,여주대학교,경기,사립,전문대학,16882839300,10035243817,6847595483,319530000,7167125483,28241565.99,25.4,1,Y,2026-08-15T07:08:44.243Z
2021,junior-college,0000341,연성대학교,경기,사립,전문대학,25265597526,13616842231,11648755295,575624000,12224379295,36211014,33.8,1,Y,2026-08-15T07:08:44.243Z
2021,junior-college,0000350,오산대학교,경기,사립,전문대학,15299985749,8365981520,6934004229,545769000,7479773229,27893703.13,26.8,1,Y,2026-08-15T07:08:44.243Z
2021,junior-college,0000559,용인예술과학대학교,경기,사립,전문대학,10989140835,6772463330,4216677505,840000,4217517505,21681201.35,19.5,1,Y,2026-08-15T07:08:44.243Z
2021,junior-college,0000394,웅지세무대학교,경기,사립,전문대학,337529579,107556400,229973179,0,229973179,5469086.4,4.2,1,Y,2026-08-15T07:08:44.243Z
2021,junior-college,0000355,유한대학교,경기,사립,전문대학,20903570781,10733682169,10169888612,75000000,10244888612,26384328.68,38.8,1,Y,2026-08-15T07:08:44.243Z
2021,junior-college,0000358,장안대학교,경기,사립,전문대학,10700975787,9138082500,1562893287,619000,1563512287,25593983.13,6.1,1,Y,2026-08-15T07:08:44.243Z
2021,junior-college,0000374,청강문화산업대학교,경기,사립,전문대학,12954821026,7709566940,5245254086,574272300,5819526386,23834166.38,24.4,1,Y,2026-08-15T07:08:44.243Z
2021,junior-college,0000391,한국관광대학교,경기,사립,전문대학,7183410597,4410591416,2772819181,1000000,2773819181,10241256.68,27.1,1,Y,2026-08-15T07:08:44.243Z
2021,junior-college,0000251,거제대학교,경남,사립,전문대학,6070448871,2406768870,3663680001,1000000,3664680001,6411214,57.2,1,Y,2026-08-15T07:08:44.243Z
2021,junior-college,0000395,김해대학교,경남,사립,전문대학,6278651060,3704006150,2574644910,0,2574644910,8327201.33,30.9,1,Y,2026-08-15T07:08:44.243Z
2021,junior-college,0000342,동원과학기술대학교,경남,사립,전문대학,10827676210,5194902616,5632773594,0,5632773594,12994007.26,43.3,1,Y,2026-08-15T07:08:44.243Z
2021,junior-college,0000306,마산대학교,경남,사립,전문대학,19438014032,13062459880,6375554152,0,6375554152,31705673.39,20.1,1,Y,2026-08-15T07:08:44.243Z
2021,junior-college,0000530,연암공과대학교,경남,사립,전문대학,7206498201,2389464584,4817033617,0,4817033617,6282245.484,76.7,1,Y,2026-08-15T07:08:44.243Z
2021,junior-college,0000369,진주보건대학교,경남,사립,전문대학,7772457078,7162637670,609819408,0,609819408,15764275.15,3.9,1,Y,2026-08-15T07:08:44.243Z
2021,junior-college,0000528,창원문성대학교,경남,사립,전문대학,9595330420,5073389320,4521941100,0,4521941100,11329319,39.9,1,Y,2026-08-15T07:08:44.243Z
2021,junior-college,0000396,한국승강기대학교,경남,사립,전문대학,4258849840,1317356140,2941493700,115334000,3056827700,4062882.53,75.2,1,Y,2026-08-15T07:08:44.243Z
2021,junior-college,0000249,가톨릭상지대학교,경북,사립,전문대학,11388780042,5370938553,6017841489,1000000,6018841489,10434580.18,57.7,1,Y,2026-08-15T07:08:44.243Z
2021,junior-college,0000293,경북과학대학교,경북,사립,전문대학,4108240377,3677998370,430242007,0,430242007,10142478.49,4.2,1,Y,2026-08-15T07:08:44.243Z
2021,junior-college,0000523,경북보건대학교,경북,사립,전문대학,5997744336,2724930380,3272813956,153500,3272967456,6899294.69,47.4,1,Y,2026-08-15T07:08:44.243Z
2021,junior-college,0000258,경북전문대학교,경북,사립,전문대학,14260724708,7429009040,6831715668,5816320,6837531988,15664903.86,43.6,1,Y,2026-08-15T07:08:44.243Z
2021,junior-college,0000268,구미대학교,경북,사립,전문대학,26972598434,15710548990,11262049444,0,11262049444,30216055.06,37.3,1,Y,2026-08-15T07:08:44.243Z
2021,junior-college,0000279,대경대학교,경북,사립,전문대학,16670464730,9927709435,6742755295,2120000,6744875295,22758618.93,29.6,1,Y,2026-08-15T07:08:44.243Z
2021,junior-college,0000309,문경대학교,경북,사립,전문대학,4859307930,2248793767,2610514163,0,2610514163,4856531.047,53.8,1,Y,2026-08-15T07:08:44.243Z
2021,junior-college,0000262,서라벌대학교,경북,사립,전문대학,0,0,0,0,0,3516900.608,0,1,Y,2026-08-15T07:08:44.243Z
2021,junior-college,0000380,선린대학교,경북,사립,전문대학,7294470010,5074276067,2220193943,0,2220193943,12148282.95,18.3,1,Y,2026-08-15T07:08:44.243Z
2021,junior-college,0000547,성운대학교,경북,사립,전문대학,6711773396,4100979300,2610794096,0,2610794096,7206897.3,36.2,1,Y,2026-08-15T07:08:44.243Z
2021,junior-college,0000338,안동과학대학교,경북,사립,전문대학,11650647432,6053465420,5597182012,5900000,5603082012,13551099.9,41.3,1,Y,2026-08-15T07:08:44.243Z
2021,junior-college,0000257,영남외국어대학,경북,사립,전문대학,147413706,27141560,120272146,66910000,187182146,2508940,7.5,1,Y,2026-08-15T07:08:44.243Z
2021,junior-college,0000381,포항대학교,경북,사립,전문대학,4872918398,4015692327,857226071,3364000,860590071,9755487.682,8.8,1,Y,2026-08-15T07:08:44.243Z
2021,junior-college,0000522,호산대학교,경북,사립,전문대학,8401775131,4626140910,3775634221,0,3775634221,10598285.96,35.6,1,Y,2026-08-15T07:08:44.243Z
2021,junior-college,0000267,광주보건대학교,광주,사립,전문대학,16119485643,9439148350,6680337293,0,6680337293,18480198.15,36.1,1,Y,2026-08-15T07:08:44.243Z
2021,junior-college,0000273,기독간호대학교,광주,사립,전문대학,3283840424,1279597500,2004242924,0,2004242924,3148673.15,63.7,1,Y,2026-08-15T07:08:44.243Z
2021,junior-college,0000297,동강대학교,광주,사립,전문대학,12478770434,6327048110,6151722324,743500,6152465824,13312522.41,46.2,1,Y,2026-08-15T07:08:44.243Z
2021,junior-college,0000320,서영대학교,광주,사립,전문대학,21712116658,13263636339,8448480319,9450500,8457930819,27795172.69,30.4,1,Y,2026-08-15T07:08:44.243Z
2021,junior-college,0000366,조선간호대학교,광주,사립,전문대학,2751963790,1229875900,1522087890,0,1522087890,3755315.6,40.5,1,Y,2026-08-15T07:08:44.243Z
2021,junior-college,0000365,조선이공대학교,광주,사립,전문대학,15578432908,6426759017,9151673891,0,9151673891,16134872.29,56.7,1,Y,2026-08-15T07:08:44.243Z
2021,junior-college,0000263,계명문화대학교,대구,사립,전문대학,24809899989,13549729460,11260170529,560000,11260730529,27123381.49,41.5,1,Y,2026-08-15T07:08:44.243Z
2021,junior-college,0000280,대구공업대학교,대구,사립,전문대학,3853256847,3190106110,663150737,2000000,665150737,9763538.81,6.8,1,Y,2026-08-15T07:08:44.243Z
2021,junior-college,0000283,대구과학대학교,대구,사립,전문대학,22432719341,11633638990,10799080351,450000,10799530351,22984445.16,47,1,Y,2026-08-15T07:08:44.243Z
2021,junior-college,0000281,대구보건대학교,대구,사립,전문대학,31504817392,17201103794,14303713598,4000000,14307713598,40907264.07,35,1,Y,2026-08-15T07:08:44.243Z
2021,junior-college,0000282,수성대학교,대구,사립,전문대학,14539775377,8621467090,5918308287,1500000,5919808287,18583381.35,31.9,1,Y,2026-08-15T07:08:44.243Z
2021,junior-college,0000346,영남이공대학교,대구,사립,전문대학,26442973777,12603923790,13839049987,0,13839049987,31605299.82,43.8,1,Y,2026-08-15T07:08:44.243Z
2021,junior-college,0000349,영진전문대학교,대구,사립,전문대학,35022324243,16712245170,18310079073,0,18310079073,41195269.08,44.4,1,Y,2026-08-15T07:08:44.243Z
2021,junior-college,0000376,대덕대학교,대전,사립,전문대학,11048261198,6815553660,4232707538,0,4232707538,15099046.65,28,1,Y,2026-08-15T07:08:44.243Z
2021,junior-college,0000512,대전과학기술대학교,대전,사립,전문대학,18982643626,10078225700,8904417926,1399500,8905817426,23487133.99,37.9,1,Y,2026-08-15T07:08:44.243Z
2021,junior-college,0000288,대전보건대학교,대전,사립,전문대학,18561707281,13036784770,5524922511,368410,5525290921,28775340.17,19.2,1,Y,2026-08-15T07:08:44.243Z
2021,junior-college,0000289,우송정보대학,대전,사립,전문대학,16429681568,9038257060,7391424508,2035000,7393459508,21376294.33,34.6,1,Y,2026-08-15T07:08:44.243Z
2021,junior-college,0000253,경남정보대학교,부산,사립,전문대학,29768051300,16873574355,12894476945,0,12894476945,35186517.24,36.6,1,Y,2026-08-15T07:08:44.243Z
2021,junior-college,0000284,대동대학교,부산,사립,전문대학,3762654340,3500509000,262145340,0,262145340,8606207.65,3,1,Y,2026-08-15T07:08:44.243Z
2021,junior-college,0000303,동의과학대학교,부산,사립,전문대학,23791265500,10511846900,13279418600,0,13279418600,25741654.84,51.6,1,Y,2026-08-15T07:08:44.243Z
2021,junior-college,0000304,동주대학교,부산,사립,전문대학,14538577235,7025396128,7513181107,0,7513181107,15599537.19,48.2,1,Y,2026-08-15T07:08:44.243Z
2021,junior-college,0000313,부산경상대학교,부산,사립,전문대학,13026035675,7005874699,6020160976,0,6020160976,12990645.8,46.3,1,Y,2026-08-15T07:08:44.243Z
2021,junior-college,0000315,부산과학기술대학교,부산,사립,전문대학,18948779027,8070889514,10877889513,1500000,10879389513,18242358.89,59.6,1,Y,2026-08-15T07:08:44.243Z
2021,junior-college,0000314,부산여자대학교,부산,사립,전문대학,12734195423,6877083769,5857111654,96000,5857207654,14201572.67,41.2,1,Y,2026-08-15T07:08:44.243Z
2021,junior-college,0000388,부산예술대학교,부산,사립,전문대학,2031061417,1781002170,250059247,0,250059247,3789033.297,6.6,1,Y,2026-08-15T07:08:44.243Z
2021,junior-college,0000300,동양미래대학교,서울,사립,전문대학,27552860446,13246902860,14305957586,765000,14306722586,37297868.25,38.4,1,Y,2026-08-15T07:08:44.243Z
2021,junior-college,0000307,명지전문대학,서울,사립,전문대학,19438736984,15167939155,4270797829,3249100,4274046929,41030208.64,10.4,1,Y,2026-08-15T07:08:44.243Z
2021,junior-college,0000310,배화여자대학교,서울,사립,전문대학,7624795972,6360334890,1264461082,431000,1264892082,15201461.97,8.3,1,Y,2026-08-15T07:08:44.243Z
2021,junior-college,0000317,삼육보건대학교,서울,사립,전문대학,6465635737,2729138610,3736497127,200690,3736697817,7568477.09,49.4,1,Y,2026-08-15T07:08:44.243Z
2021,junior-college,0000321,서울여자간호대학교,서울,사립,전문대학,3223247675,1294268120,1928979555,1349000,1930328555,5886055.725,32.8,1,Y,2026-08-15T07:08:44.243Z
2021,junior-college,0000324,서일대학교,서울,사립,전문대학,18821683680,12878872275,5942811405,9731900,5952543305,33131512.79,18,1,Y,2026-08-15T07:08:44.243Z
2021,junior-college,0000333,숭의여자대학교,서울,사립,전문대학,8452786335,7794962140,657824195,192000,658016195,18405815.6,3.6,1,Y,2026-08-15T07:08:44.243Z
2021,junior-college,0000356,인덕대학교,서울,사립,전문대학,19307434673,14472666060,4834768613,6398950,4841167563,36917675.45,13.1,1,Y,2026-08-15T07:08:44.243Z
2021,junior-college,0000384,한양여자대학교,서울,사립,전문대학,25704161301,14803801080,10900360221,2172500,10902532721,38941552.6,28,1,Y,2026-08-15T07:08:44.243Z
2021,junior-college,0000353,한국영상대학교,세종,사립,전문대학,17667095704,7507651741,10159443963,0,10159443963,17950886.47,56.6,1,Y,2026-08-15T07:08:44.243Z
2021,junior-college,0000352,울산과학대학교,울산,사립,전문대학,23543151542,9415437000,14127714542,0,14127714542,33145747.52,42.6,1,Y,2026-08-15T07:08:44.243Z
2021,junior-college,0000375,춘해보건대학교,울산,사립,전문대학,12140383342,6323831330,5816552012,0,5816552012,16179898.04,35.9,1,Y,2026-08-15T07:08:44.243Z
2021,junior-college,0000261,경인여자대학교,인천,사립,전문대학,13148335309,11792739130,1355596179,734500,1356330679,26824177.24,5.1,1,Y,2026-08-15T07:08:44.243Z
2021,junior-college,0000292,인천재능대학교,인천,사립,전문대학,18202002799,8519970107,9682032692,409500,9682442192,19419746.25,49.9,1,Y,2026-08-15T07:08:44.243Z
2021,junior-college,0000357,인하공업전문대학,인천,사립,전문대학,26405985209,15443343150,10962642059,4900000,10967542059,42914204.76,25.6,1,Y,2026-08-15T07:08:44.243Z
2021,junior-college,0000272,고구려대학교,전남,사립,전문대학,4497016742,4366676500,130340242,1000000,131340242,6237816.3,2.1,1,Y,2026-08-15T07:08:44.243Z
2021,junior-college,0000266,광양보건대학교,전남,사립,전문대학,31747066,17476000,14271066,0,14271066,0,,1,Y,2026-08-15T07:08:44.243Z
2021,junior-college,0000532,동아보건대학교,전남,사립,전문대학,4425765485,4054320051,371445434,0,371445434,6813872.984,5.5,1,Y,2026-08-15T07:08:44.243Z
2021,junior-college,0000308,목포과학대학교,전남,사립,전문대학,8931630086,6614313634,2317316452,0,2317316452,12231969.41,18.9,1,Y,2026-08-15T07:08:44.243Z
2021,junior-college,0000331,순천제일대학교,전남,사립,전문대학,12837640413,5817498514,7020141899,0,7020141899,13425175.22,52.3,1,Y,2026-08-15T07:08:44.243Z
2021,junior-college,0000360,전남과학대학교,전남,사립,전문대학,19726505414,10798247840,8928257574,0,8928257574,17529518.36,50.9,1,Y,2026-08-15T07:08:44.243Z
2021,junior-college,0000332,청암대학교,전남,사립,전문대학,9693723803,5782090720,3911633083,0,3911633083,12821278.27,30.5,1,Y,2026-08-15T07:08:44.243Z
2021,junior-college,0000546,한영대학교,전남,사립,전문대학,4277099493,2591374500,1685724993,0,1685724993,7266403.8,23.2,1,Y,2026-08-15T07:08:44.243Z
2021,junior-college,0000250,군산간호대학교,전북,사립,전문대학,2651381893,2456989000,194392893,337000,194729893,7306771,2.7,1,Y,2026-08-15T07:08:44.243Z
2021,junior-college,0000270,군장대학교,전북,사립,전문대학,7118075910,4289504800,2828571110,0,2828571110,10403688.93,27.2,1,Y,2026-08-15T07:08:44.243Z
2021,junior-college,0000311,백제예술대학교,전북,사립,전문대학,2974207335,2435711660,538495675,0,538495675,7963098.648,6.8,1,Y,2026-08-15T07:08:44.243Z
2021,junior-college,0000354,원광보건대학교,전북,사립,전문대학,22494022010,12484042853,10009979157,0,10009979157,26893669.59,37.2,1,Y,2026-08-15T07:08:44.243Z
2021,junior-college,0000362,전북과학대학교,전북,사립,전문대학,9868288853,4848133333,5020155520,0,5020155520,9142922.161,54.9,1,Y,2026-08-15T07:08:44.243Z
2021,junior-college,0000274,전주기전대학,전북,사립,전문대학,9176957048,4481395310,4695561738,0,4695561738,9091345.54,51.6,1,Y,2026-08-15T07:08:44.243Z
2021,junior-college,0000361,전주비전대학교,전북,사립,전문대학,17844276087,8861916420,8982359667,0,8982359667,20838976.35,43.1,1,Y,2026-08-15T07:08:44.243Z
2021,junior-college,0000363,제주관광대학교,제주,사립,전문대학,9233799773,4582002957,4651796816,0,4651796816,8422067.918,55.2,1,Y,2026-08-15T07:08:44.243Z
2021,junior-college,0000382,제주한라대학교,제주,사립,전문대학,20989334505,11561284310,9428050195,0,9428050195,25722216.69,36.7,1,Y,2026-08-15T07:08:44.243Z
2021,junior-college,0000373,백석문화대학교,충남,사립,전문대학,18983912898,11929665430,7054247468,2000000,7056247468,30719443.22,23,1,Y,2026-08-15T07:08:44.243Z
2021,junior-college,0000335,신성대학교,충남,사립,전문대학,13507814036,8011941840,5495872196,0,5495872196,20991106.01,26.2,1,Y,2026-08-15T07:08:44.243Z
2021,junior-college,0000291,아주자동차대학,충남,사립,전문대학,5143307483,1664804000,3478503483,226500,3478729983,5063099.9,68.7,1,Y,2026-08-15T07:08:44.243Z
2021,junior-college,0000529,연암대학교,충남,사립,전문대학,10291255740,2107647710,8183608030,3000000,8186608030,6343488.92,129.1,1,Y,2026-08-15T07:08:44.243Z
2021,junior-college,0000386,혜전대학교,충남,사립,전문대학,10517832995,6550295860,3967537135,135000,3967672135,14313402.99,27.7,1,Y,2026-08-15T07:08:44.243Z
2021,junior-college,0000271,강동대학교,충북,사립,전문대학,15690647954,7634646970,8056000984,1731000,8057731984,17312277.28,46.5,1,Y,2026-08-15T07:08:44.243Z
2021,junior-college,0000286,대원대학교,충북,사립,전문대학,10661459247,6471002820,4190456427,18168410,4208624837,12459784.48,33.8,1,Y,2026-08-15T07:08:44.243Z
2021,junior-college,0000367,충북보건과학대학교,충북,사립,전문대학,10946278059,5589066020,5357212039,0,5357212039,15243524.29,35.1,1,Y,2026-08-15T07:08:44.243Z
2021,junior-college,0000377,충청대학교,충북,사립,전문대학,15640132456,7744999422,7895133034,0,7895133034,19936165.74,39.6,1,Y,2026-08-15T07:08:44.243Z
2022,university,0000513,가톨릭관동대학교,강원,사립,대학,32977824773,15941235227,17036589546,2422065412,19458654958,50348376.51,38.6,1,Y,2026-08-15T07:08:44.243Z
2022,university,0000041,경동대학교,강원,사립,대학,21018669400,17155241574,3863427826,3838621536,7702049362,56598764.83,13.6,4,Y,2026-08-15T07:08:44.243Z
2022,university,0000086,상지대학교,강원,사립,대학,20139975956,11201869170,8938106786,3164432029,12102538815,45994771.45,26.3,1,Y,2026-08-15T07:08:44.243Z
2022,university,0000147,한라대학교,강원,사립,대학,12782800481,6469655020,6313145461,1955404017,8268549478,19393196.75,42.6,1,Y,2026-08-15T07:08:44.243Z
2022,university,0000148,한림대학교,강원,사립,대학,69074708810,16032355230,53042353580,2385784814,55428138394,60498024.7,91.6,1,Y,2026-08-15T07:08:44.243Z
2022,university,0000044,가천대학교,경기,사립,대학,100948919197,30139598140,70809321057,1328085422,72137406479,177138412.8,40.7,1,Y,2026-08-15T07:08:44.243Z
2022,university,0000034,가톨릭대학교,경기,사립,대학,95202487364,13473117980,81729369384,1348344863,83077714247,85846754.65,96.8,3,Y,2026-08-15T07:08:44.243Z
2022,university,0000036,강남대학교,경기,사립,대학,22091038118,12119088150,9971949968,506060657,10478010625,49592934.96,21.1,1,Y,2026-08-15T07:08:44.243Z
2022,university,0000039,경기대학교,경기,사립,대학,51718413902,25848279014,25870134888,3108873405,28979008293,115768066,25,2,Y,2026-08-15T07:08:44.243Z
2022,university,0000060,단국대학교,경기,사립,대학,117472292554,40462566857,77009725697,3724627648,80734353345,220425179.9,36.6,2,Y,2026-08-15T07:08:44.243Z
2022,university,0000068,대진대학교,경기,사립,대학,32543065315,17580016150,14963049165,1330359018,16293408183,56937369.33,28.6,1,Y,2026-08-15T07:08:44.243Z
2022,university,0000078,루터대학교,경기,사립,대학,3170661973,801087000,2369574973,318272711,2687847684,2339874.8,114.9,1,Y,2026-08-15T07:08:44.243Z
2022,university,0000079,명지대학교,경기,사립,대학,54135029438,24808771200,29326258238,184183269,29510441507,128164150,23,2,Y,2026-08-15T07:08:44.243Z
2022,university,0000090,서울신학대학교,경기,사립,대학,10853736084,6330491880,4523244204,167179275,4690423479,17803205.3,26.3,1,Y,2026-08-15T07:08:44.243Z
2022,university,0000092,서울장신대학교,경기,사립,대학,1450898951,1151879000,299019951,5218205,304238156,4659508.168,6.5,1,Y,2026-08-15T07:08:44.243Z
2022,university,0000095,성결대학교,경기,사립,대학,27097320730,10871839218,16225481512,5143629554,21369111066,38034396.46,56.2,1,Y,2026-08-15T07:08:44.243Z
2022,university,0000101,수원가톨릭대학교,경기,사립,대학,241593300,235441800,6151500,0,6151500,958873.5,0.6,1,Y,2026-08-15T07:08:44.243Z
2022,university,0000102,수원대학교,경기,사립,대학,23136282687,16345050650,6791232037,2427423947,9218655984,68383084.05,13.5,1,Y,2026-08-15T07:08:44.243Z
2022,university,0000509,신한대학교,경기,사립,대학,22050941568,14954826270,7096115298,3759299187,10855414485,55667074.05,19.5,2,Y,2026-08-15T07:08:44.243Z
2022,university,0000558,아신대학교,경기,사립,대학,1733347249,1406923000,326424249,600300813,926725062,5922123.67,15.6,1,Y,2026-08-15T07:08:44.243Z
2022,university,0000108,아주대학교,경기,사립,대학,113360467408,14381397100,98979070308,1472430728,100451501036,122302447.1,82.1,1,Y,2026-08-15T07:08:44.243Z
2022,university,0000109,안양대학교,경기,사립,대학,19635768593,10394876467,9240892126,1551975096,10792867222,37354389.34,28.9,2,Y,2026-08-15T07:08:44.243Z
2022,university,0000115,용인대학교,경기,사립,대학,15654432802,11624792000,4029640802,855686435,4885327237,46261087,10.6,1,Y,2026-08-15T07:08:44.243Z
2022,university,0000130,중앙승가대학교,경기,사립,대학,183748090,114106680,69641410,0,69641410,534672.68,13,1,Y,2026-08-15T07:08:44.243Z
2022,university,0000139,차의과학대학교,경기,사립,대학,25355468093,4772430060,20583038033,1262535649,21845573682,29105202.57,75.1,1,Y,2026-08-15T07:08:44.243Z
2022,university,0000136,칼빈대학교,경기,사립,대학,931765215,837955000,93810215,852260,94662475,8888224.494,1.1,1,Y,2026-08-15T07:08:44.243Z
2022,university,0000138,평택대학교,경기,사립,대학,9668325615,6661886001,3006439614,90983092,3097422706,26838968.18,11.5,1,Y,2026-08-15T07:08:44.243Z
2022,university,0000562,한국공학대학교,경기,사립,대학,48346156234,11755639270,36590516964,1039324355,37629841319,60223490.69,62.5,1,Y,2026-08-15T07:08:44.243Z
2022,university,0000144,한국항공대학교,경기,사립,대학,22665570612,5876662780,16788907832,354854610,17143762442,37939229.7,45.2,1,Y,2026-08-15T07:08:44.243Z
2022,university,0000151,한세대학교,경기,사립,대학,7913802808,5391283001,2522519807,29348718,2551868525,23244422.17,11,1,Y,2026-08-15T07:08:44.243Z
2022,university,0000152,한신대학교,경기,사립,대학,18522620446,10800063120,7722557326,427684739,8150242065,37793076.2,21.6,1,Y,2026-08-15T07:08:44.243Z
2022,university,0000156,협성대학교,경기,사립,대학,11486078892,9809671460,1676407432,4395970668,6072378100,29690858.92,20.5,1,Y,2026-08-15T07:08:44.243Z
2022,university,0000567,화성의과학대학교,경기,사립,대학,1192050755,20848410,1171202345,0,1171202345,2738418.81,42.8,1,Y,2026-08-15T07:08:44.243Z
2022,university,0000032,가야대학교,경남,사립,대학,4843331497,4353972030,489359467,13707000,503066467,12768541.1,3.9,2,Y,2026-08-15T07:08:44.243Z
2022,university,0000040,경남대학교,경남,사립,대학,42367283556,20346059251,22021224305,2044338946,24065563251,67162254.57,35.8,1,Y,2026-08-15T07:08:44.243Z
2022,university,0000167,부산장신대학교,경남,사립,대학,990158227,540672000,449486227,0,449486227,1947645.387,23.1,1,Y,2026-08-15T07:08:44.243Z
2022,university,0000181,영산대학교,경남,사립,대학,0,0,0,0,0,0,,2,N,2026-08-15T07:08:44.243Z
2022,university,0000122,인제대학교,경남,사립,대학,49787017645,17232746717,32554270928,3237921807,35792192735,66291854.55,54,2,Y,2026-08-15T07:08:44.243Z
2022,university,0000193,창신대학교,경남,사립,대학,7577570407,4365760667,3211809740,186420000,3398229740,12636355.96,26.9,1,Y,2026-08-15T07:08:44.243Z
2022,university,0000174,한국국제대학교,경남,사립,대학,0,0,0,0,0,0,,1,N,2026-08-15T07:08:44.243Z
2022,university,0000188,경운대학교,경북,사립,대학,20569549147,11501930083,9067619064,1659142232,10726761296,32109906.33,33.4,1,Y,2026-08-15T07:08:44.243Z
2022,university,0000045,경일대학교,경북,사립,대학,37563960183,16016619610,21547340573,650853460,22198194033,47787604.06,46.5,1,Y,2026-08-15T07:08:44.243Z
2022,university,0000046,경주대학교,경북,사립,대학,1836099123,343344000,1492755123,20618482,1513373605,5018218,30.2,1,Y,2026-08-15T07:08:44.243Z
2022,university,0000185,김천대학교,경북,사립,대학,6603702330,5261576635,1342125695,417343195,1759468890,18079740.3,9.7,1,Y,2026-08-15T07:08:44.243Z
2022,university,0000063,대구가톨릭대학교,경북,사립,대학,53210037658,25298299070,27911738588,4783299034,32695037622,85240409.06,38.4,1,Y,2026-08-15T07:08:44.243Z
2022,university,0000061,대구대학교,경북,사립,대학,74840994153,39691759420,35149234733,1882542933,37031777666,116029444.2,31.9,1,Y,2026-08-15T07:08:44.243Z
2022,university,0000062,대구예술대학교,경북,사립,대학,1731788966,1470692999,261095967,10500000,271595967,4679283.402,5.8,1,Y,2026-08-15T07:08:44.243Z
2022,university,0000042,대구한의대학교,경북,사립,대학,41701506747,15923426690,25778080057,2549631140,28327711197,46569059.06,60.8,1,Y,2026-08-15T07:08:44.243Z
2022,university,0000065,대신대학교,경북,사립,대학,2003037557,1754812000,248225557,0,248225557,3615064.48,6.9,1,Y,2026-08-15T07:08:44.243Z
2022,university,0000076,동양대학교,경북,사립,대학,12026578547,8958815740,3067762807,1010291860,4078054667,25579216.98,15.9,2,Y,2026-08-15T07:08:44.243Z
2022,university,0000111,영남대학교,경북,사립,대학,109778910018,43512258320,66266651698,8452557603,74719209301,167133635.4,44.7,1,Y,2026-08-15T07:08:44.243Z
2022,university,0000112,영남신학대학교,경북,사립,대학,1573354130,1349571300,223782830,0,223782830,3943737.6,5.7,1,Y,2026-08-15T07:08:44.243Z
2022,university,0000119,위덕대학교,경북,사립,대학,9881465027,6115093442,3766371585,2251433000,6017804585,18257634.68,33,1,Y,2026-08-15T07:08:44.243Z
2022,university,0000140,포항공과대학교,경북,사립,대학,245687388172,1778458500,243908929672,1425170000,245334099672,25228774,972.4,1,Y,2026-08-15T07:08:44.243Z
2022,university,0000146,한동대학교,경북,사립,대학,30102663453,9379632817,20723030636,1016620216,21739650852,31746130.3,68.5,1,Y,2026-08-15T07:08:44.243Z
2022,university,0000052,광신대학교,광주,사립,대학,1744075768,1557951000,186124768,31363075,217487843,5418535.4,4,1,Y,2026-08-15T07:08:44.243Z
2022,university,0000176,광주대학교,광주,사립,대학,35200163828,16879408330,18320755498,1924171545,20244927043,40620626.82,49.8,1,Y,2026-08-15T07:08:44.243Z
2022,university,0000055,광주여자대학교,광주,사립,대학,16171121585,10513225781,5657895804,605333242,6263229046,24181562.15,25.9,1,Y,2026-08-15T07:08:44.243Z
2022,university,0000162,남부대학교,광주,사립,대학,15382357554,7253984220,8128373334,792358872,8920732206,20458427.39,43.6,1,Y,2026-08-15T07:08:44.243Z
2022,university,0000187,송원대학교,광주,사립,대학,16290383233,6874403150,9415980083,213893028,9629873111,18853097.63,51.1,1,Y,2026-08-15T07:08:44.243Z
2022,university,0000127,조선대학교,광주,사립,대학,107928069424,41412663590,66515405834,3122961097,69638366931,138450564.7,50.3,1,Y,2026-08-15T07:08:44.243Z
2022,university,0000157,호남대학교,광주,사립,대학,28844463430,16337050060,12507413370,2448424905,14955838275,49146025.65,30.4,1,Y,2026-08-15T07:08:44.243Z
2022,university,0000158,호남신학대학교,광주,사립,대학,1944110505,1610106801,334003704,68827,334072531,4790150.791,7,1,Y,2026-08-15T07:08:44.243Z
2022,university,0000048,계명대학교,대구,사립,대학,91805024954,47820990564,43984034390,2580369869,46564404259,158954473.3,29.3,1,Y,2026-08-15T07:08:44.243Z
2022,university,0000067,대전대학교,대전,사립,대학,42381219867,18715725269,23665494598,11322002454,34987497052,63858809.82,54.8,1,Y,2026-08-15T07:08:44.243Z
2022,university,0000182,대전신학대학교,대전,사립,대학,299537457,185779000,113758457,0,113758457,796397,14.3,1,Y,2026-08-15T07:08:44.243Z
2022,university,0000080,목원대학교,대전,사립,대학,27621390388,17155835130,10465555258,2348334365,12813889623,51762567.27,24.8,1,Y,2026-08-15T07:08:44.243Z
2022,university,0000081,배재대학교,대전,사립,대학,32937243203,16835587020,16101656183,11050619428,27152275611,54026459.19,50.3,1,Y,2026-08-15T07:08:44.243Z
2022,university,0000184,우송대학교,대전,사립,대학,35779672978,20071957420,15707715558,2524465135,18232180693,75815688.66,24,1,Y,2026-08-15T07:08:44.243Z
2022,university,0000120,을지대학교,대전,사립,대학,24931792184,8473210700,16458581484,739660054,17198241538,38814915.11,44.3,3,Y,2026-08-15T07:08:44.243Z
2022,university,0000551,한국침례신학대학교,대전,사립,대학,6034008350,3134417487,2899590863,517036446,3416627309,9361885.9,36.5,1,Y,2026-08-15T07:08:44.243Z
2022,university,0000145,한남대학교,대전,사립,대학,52510379862,23780998160,28729381702,11628875877,40358257579,81154765.4,49.7,1,Y,2026-08-15T07:08:44.243Z
2022,university,0000043,경성대학교,부산,사립,대학,46971091665,26601139214,20369952451,406799345,20776751796,77895533.42,26.7,1,Y,2026-08-15T07:08:44.243Z
2022,university,0000050,고신대학교,부산,사립,대학,18689190496,8626657972,10062532524,663222644,10725755168,27318168.91,39.3,1,Y,2026-08-15T07:08:44.243Z
2022,university,0000180,동명대학교,부산,사립,대학,37554079050,18831533260,18722545790,969509750,19692055540,46986879.47,41.9,1,Y,2026-08-15T07:08:44.243Z
2022,university,0000073,동서대학교,부산,사립,대학,45150077389,23408925041,21741152348,799124674,22540277022,59955248.91,37.6,1,Y,2026-08-15T07:08:44.243Z
2022,university,0000075,동아대학교,부산,사립,대학,90946613294,42364423607,48582189687,1218906067,49801095754,134861262.1,36.9,1,Y,2026-08-15T07:08:44.243Z
2022,university,0000077,동의대학교,부산,사립,대학,60984080274,35072634650,25911445624,815160659,26726606283,98007477.69,27.3,1,Y,2026-08-15T07:08:44.243Z
2022,university,0000082,부산가톨릭대학교,부산,사립,대학,18174442813,9135754658,9038688155,109217000,9147905155,24788979.04,36.9,1,Y,2026-08-15T07:08:44.243Z
2022,university,0000083,부산외국어대학교,부산,사립,대학,25567101524,13581447430,11985654094,151011996,12136666090,42120761.31,28.8,1,Y,2026-08-15T07:08:44.243Z
2022,university,0000106,신라대학교,부산,사립,대학,36078489128,17405058240,18673430888,2144001183,20817432071,48880731.44,42.6,1,Y,2026-08-15T07:08:44.243Z
2022,university,0000035,감리교신학대학교,서울,사립,대학,2636297737,1836285340,800012397,7643784,807656181,7532798.49,10.7,1,Y,2026-08-15T07:08:44.243Z
2022,university,0000565,강서대학교,서울,사립,대학,3636110234,2678730749,957379485,1185390947,2142770432,10937881.47,19.6,1,Y,2026-08-15T07:08:44.243Z
2022,university,0000037,건국대학교,서울,사립,대학,130480388537,36587824979,93892563558,4471744961,98364308519,227714693.9,43.2,2,Y,2026-08-15T07:08:44.243Z
2022,university,0000047,경희대학교,서울,사립,대학,172130679307,36356346050,135774333257,3559410621,139333743878,299960452.2,46.5,1,Y,2026-08-15T07:08:44.243Z
2022,university,0000049,고려대학교,서울,사립,대학,365178754730,30386843033,334791911697,9635194327,344427106024,359214469.8,95.9,2,Y,2026-08-15T07:08:44.243Z
2022,university,0000053,광운대학교,서울,사립,대학,44041656768,12752911650,31288745118,3517863989,34806609107,77728915.09,44.8,1,Y,2026-08-15T07:08:44.243Z
2022,university,0000056,국민대학교,서울,사립,대학,88533371946,25547007600,62986364346,2459096255,65445460601,152143187.2,43,1,Y,2026-08-15T07:08:44.243Z
2022,university,0000070,덕성여자대학교,서울,사립,대학,21353425462,8943821737,12409603725,679770877,13089374602,38982058.52,33.6,1,Y,2026-08-15T07:08:44.243Z
2022,university,0000071,동국대학교,서울,사립,대학,126917517323,34524602541,92392914782,5574631099,97967545881,208342779.2,47,2,Y,2026-08-15T07:08:44.243Z
2022,university,0000072,동덕여자대학교,서울,사립,대학,20871729654,12420811890,8450917764,1052160393,9503078157,51119533.97,18.6,1,Y,2026-08-15T07:08:44.243Z
2022,university,0000084,삼육대학교,서울,사립,대학,24144718199,11349555334,12795162865,1024403984,13819566849,46614429.62,29.6,1,Y,2026-08-15T07:08:44.243Z
2022,university,0000085,상명대학교,서울,사립,대학,60165664901,23458004900,36707660001,5880220172,42587880173,103138668.5,41.3,2,Y,2026-08-15T07:08:44.243Z
2022,university,0000087,서강대학교,서울,사립,대학,61315185972,8662586701,52652599271,435496546,53088095817,107414143.7,49.4,1,Y,2026-08-15T07:08:44.243Z
2022,university,0000088,서경대학교,서울,사립,대학,24881608271,11287161900,13594446371,1826550746,15420997117,50378277.23,30.6,1,Y,2026-08-15T07:08:44.243Z
2022,university,0000069,서울기독대학교,서울,사립,대학,983223094,900701667,82521427,10078455,92599882,3438484.867,2.7,1,Y,2026-08-15T07:08:44.243Z
2022,university,0000091,서울여자대학교,서울,사립,대학,24909996858,13428993160,11481003698,3286427186,14767430884,51038305.84,28.9,1,Y,2026-08-15T07:08:44.243Z
2022,university,0000539,서울한영대학교,서울,사립,대학,2092949542,1657152700,435796842,1341103,437137945,5997702.007,7.3,1,Y,2026-08-15T07:08:44.243Z
2022,university,0000096,성공회대학교,서울,사립,대학,7957687476,4343366200,3614321276,141698529,3756019805,15880914.05,23.7,1,Y,2026-08-15T07:08:44.243Z
2022,university,0000097,성균관대학교,서울,사립,대학,299393534435,21709010400,277684524035,1445574104,279130098139,281558723.6,99.1,1,Y,2026-08-15T07:08:44.243Z
2022,university,0000098,성신여자대학교,서울,사립,대학,32449724883,16311429334,16138295549,978287934,17116583483,77255388.67,22.2,1,Y,2026-08-15T07:08:44.243Z
2022,university,0000100,세종대학교,서울,사립,대학,80685089785,18124844700,62560245085,2139089261,64699334346,125657072.3,51.5,1,Y,2026-08-15T07:08:44.243Z
2022,university,0000103,숙명여자대학교,서울,사립,대학,56878996344,14920780500,41958215844,709098800,42667314644,102221996.7,41.7,1,Y,2026-08-15T07:08:44.243Z
2022,university,0000105,숭실대학교,서울,사립,대학,73746498755,19991934700,53754564055,291902585,54046466640,136122954.4,39.7,1,Y,2026-08-15T07:08:44.243Z
2022,university,0000110,연세대학교,서울,사립,대학,397522422533,32756130264,364766292269,3392850108,368159142377,404156048.3,91.1,2,Y,2026-08-15T07:08:44.243Z
2022,university,0000121,이화여자대학교,서울,사립,대학,111933062059,18116431360,93816630699,973153065,94789783764,200994722.4,47.2,1,Y,2026-08-15T07:08:44.243Z
2022,university,0000125,장로회신학대학교,서울,사립,대학,2486631378,1882067320,604564058,460768209,1065332267,15692853.55,6.8,1,Y,2026-08-15T07:08:44.243Z
2022,university,0000129,중앙대학교,서울,사립,대학,171370283538,33091643800,138278639738,979923174,139258562912,260802781.4,53.4,2,Y,2026-08-15T07:08:44.243Z
2022,university,0000133,총신대학교,서울,사립,대학,5166259274,3830104900,1336154374,45219266,1381373640,23500320.85,5.9,1,Y,2026-08-15T07:08:44.243Z
2022,university,0000134,추계예술대학교,서울,사립,대학,4073643534,2388353980,1685289554,18807427,1704096981,12356322.92,13.8,1,Y,2026-08-15T07:08:44.243Z
2022,university,0000142,한국성서대학교,서울,사립,대학,4670048937,2380061982,2289986955,434220000,2724206955,7769245,35.1,1,Y,2026-08-15T07:08:44.243Z
2022,university,0000143,한국외국어대학교,서울,사립,대학,55402634546,22604420068,32798214478,771811615,33570026093,140036981.9,24,1,Y,2026-08-15T07:08:44.243Z
2022,university,0000150,한성대학교,서울,사립,대학,24798663595,12741285766,12057377829,562322378,12619700207,56891994.69,22.2,1,Y,2026-08-15T07:08:44.243Z
2022,university,0000153,한양대학교,서울,사립,대학,302764415738,38154330137,264610085601,5936373242,270546458843,349738415.4,77.4,2,Y,2026-08-15T07:08:44.243Z
2022,university,0000160,홍익대학교,서울,사립,대학,65422615171,27275928534,38146686637,641451589,38788138226,192510422.7,20.1,2,Y,2026-08-15T07:08:44.243Z
2022,university,0000066,대전가톨릭대학교,세종,사립,대학,540040000,62265000,477775000,719000,478494000,316130,151.4,1,Y,2026-08-15T07:08:44.243Z
2022,university,0000117,울산대학교,울산,사립,대학,89245259613,20041328806,69203930807,13327659345,82531590152,97512141.62,84.6,1,Y,2026-08-15T07:08:44.243Z
2022,university,0000123,인천가톨릭대학교,인천,사립,대학,4590295860,1230847914,3359447946,2146273,3361594219,6044620.789,55.6,2,Y,2026-08-15T07:08:44.243Z
2022,university,0000124,인하대학교,인천,사립,대학,146628612502,28230612510,118397999992,6844883371,125242883363,166197468.9,75.4,1,Y,2026-08-15T07:08:44.243Z
2022,university,0000054,광주가톨릭대학교,전남,사립,대학,0,0,0,0,0,0,,1,Y,2026-08-15T07:08:44.243Z
2022,university,0000074,동신대학교,전남,사립,대학,33163267117,16351203520,16812063597,10459952964,27272016561,42549046.77,64.1,1,Y,2026-08-15T07:08:44.243Z
2022,university,0000166,목포가톨릭대학교,전남,사립,대학,3397287820,1629403000,1767884820,200000000,1967884820,3205278.34,61.4,1,Y,2026-08-15T07:08:44.243Z
2022,university,0000064,세한대학교,전남,사립,대학,9410993235,8443777450,967215785,107360915,1074576700,21301723.54,5,1,Y,2026-08-15T07:08:44.243Z
2022,university,0000114,영산선학대학교,전남,사립,대학,0,0,0,0,0,74000,0,1,Y,2026-08-15T07:08:44.243Z
2022,university,0000190,초당대학교,전남,사립,대학,14351308595,7406745180,6944563415,342467539,7287030954,18976821.88,38.4,1,Y,2026-08-15T07:08:44.243Z
2022,university,0000173,예수대학교,전북,사립,대학,2745625528,1424469000,1321156528,1405637,1322562165,3706606.49,35.7,1,Y,2026-08-15T07:08:44.243Z
2022,university,0000164,예원예술대학교,전북,사립,대학,2221578684,2055678666,165900018,5624292,171524310,12404803.16,1.4,2,Y,2026-08-15T07:08:44.243Z
2022,university,0000116,우석대학교,전북,사립,대학,32969000213,14753567398,18215432815,864903860,19080336675,51484158.86,37.1,1,Y,2026-08-15T07:08:44.243Z
2022,university,0000118,원광대학교,전북,사립,대학,79524257025,30516566558,49007690467,3033693231,52041383698,106665600.8,48.8,1,Y,2026-08-15T07:08:44.243Z
2022,university,0000126,전주대학교,전북,사립,대학,55606328595,26789685135,28816643460,4007657291,32824300751,76539347.82,42.9,1,Y,2026-08-15T07:08:44.243Z
2022,university,0000155,한일장신대학교,전북,사립,대학,3728574019,2750965332,977608687,7042782,984651469,6702307.667,14.7,1,Y,2026-08-15T07:08:44.243Z
2022,university,0000223,호원대학교,전북,사립,대학,21241840297,14499614250,6742226047,470684351,7212910398,34332417.14,21,1,Y,2026-08-15T07:08:44.243Z
2022,university,0000192,제주국제대학교,제주,사립,대학,648274904,442968000,205306904,30199402,235506306,3649910,6.5,1,Y,2026-08-15T07:08:44.243Z
2022,university,0000038,건양대학교,충남,사립,대학,32625945219,14446998180,18178947039,1069564009,19248511048,48141803.12,40,2,Y,2026-08-15T07:08:44.243Z
2022,university,0000169,금강대학교,충남,사립,대학,784950336,301843000,483107336,12000000,495107336,1338782.5,37,1,Y,2026-08-15T07:08:44.243Z
2022,university,0000059,나사렛대학교,충남,사립,대학,20222693216,11708817950,8513875266,2602186406,11116061672,34513419.97,32.2,1,Y,2026-08-15T07:08:44.243Z
2022,university,0000189,남서울대학교,충남,사립,대학,31499214694,20813103760,10686110934,1389402964,12075513898,73559653.25,16.4,1,Y,2026-08-15T07:08:44.243Z
2022,university,0000131,백석대학교,충남,사립,대학,37792180084,27503024620,10289155464,5122210090,15411365554,108496464.7,14.2,1,Y,2026-08-15T07:08:44.243Z
2022,university,0000094,선문대학교,충남,사립,대학,44068527591,21002925350,23065602241,1151113254,24216715495,67836816.08,35.7,1,Y,2026-08-15T07:08:44.243Z
2022,university,0000104,순천향대학교,충남,사립,대학,84412058220,20746293140,63665765080,4202324069,67868089149,90761395.52,74.8,1,Y,2026-08-15T07:08:44.243Z
2022,university,0000128,중부대학교,충남,사립,대학,32299273754,16579406950,15719866804,723790728,16443657532,59613073.21,27.6,1,Y,2026-08-15T07:08:44.243Z
2022,university,0000225,청운대학교,충남,사립,대학,26091010450,13775923280,12315087170,1258567881,13573655051,40079933.91,33.9,1,Y,2026-08-15T07:08:44.243Z
2022,university,0000141,한국기술교육대학교,충남,사립,대학,154361247686,5858438757,148502808929,308332515,148811141444,20239055.16,735.3,1,Y,2026-08-15T07:08:44.243Z
2022,university,0000149,한서대학교,충남,사립,대학,29822243604,14277730830,15544512774,450440592,15994953366,52721094.08,30.3,1,Y,2026-08-15T07:08:44.243Z
2022,university,0000159,호서대학교,충남,사립,대학,56908958341,25453670250,31455288091,808808506,32264096597,100507191,32.1,1,Y,2026-08-15T07:08:44.243Z
2022,university,0000557,가톨릭꽃동네대학교,충북,사립,대학,3305387954,1042299600,2263088354,0,2263088354,3290704.844,68.8,1,Y,2026-08-15T07:08:44.243Z
2022,university,0000058,극동대학교,충북,사립,대학,8728342337,7289901700,1438440637,244804530,1683245167,22243384.79,7.6,1,Y,2026-08-15T07:08:44.243Z
2022,university,0000093,서원대학교,충북,사립,대학,29019333796,15799077984,13220255812,1134080772,14354336584,42381408.8,33.9,1,Y,2026-08-15T07:08:44.243Z
2022,university,0000099,세명대학교,충북,사립,대학,27884501483,17177962480,10706539003,2164192005,12870731008,47090571.69,27.3,1,Y,2026-08-15T07:08:44.243Z
2022,university,0000113,유원대학교,충북,사립,대학,10720807901,8929355039,1791452862,24034104,1815486966,22926317.38,7.9,1,Y,2026-08-15T07:08:44.243Z
2022,university,0000183,중원대학교,충북,사립,대학,10664753918,6592924137,4071829781,742375954,4814205735,23901166.28,20.1,1,Y,2026-08-15T07:08:44.243Z
2022,university,0000132,청주대학교,충북,사립,대학,35368200545,20989706181,14378494364,1476314225,15854808589,85842951.17,18.5,1,Y,2026-08-15T07:08:44.243Z
2022,junior-college,0000347,강릉영동대학교,강원,사립,전문대학,9176267646,6181863110,2994404536,1021520674,4015925210,13323032.41,30.1,1,Y,2026-08-15T07:08:44.243Z
2022,junior-college,0000378,강원관광대학교,강원,사립,전문대학,845789514,840707500,5082014,364507859,369589873,2209006.25,16.7,1,Y,2026-08-15T07:08:44.243Z
2022,junior-college,0000348,세경대학교,강원,사립,전문대학,5007406712,2724868800,2282537912,574035000,2856572912,4439209.98,64.3,1,Y,2026-08-15T07:08:44.243Z
2022,junior-college,0000393,송곡대학교,강원,사립,전문대학,3229980365,1562906300,1667074065,301620500,1968694565,0,,1,Y,2026-08-15T07:08:44.243Z
2022,junior-college,0000390,송호대학교,강원,사립,전문대학,2439905071,2142960317,296944754,327443044,624387798,4494703.649,13.9,1,Y,2026-08-15T07:08:44.243Z
2022,junior-college,0000542,한국골프대학교,강원,사립,전문대학,1407153470,1288267500,118885970,216470000,335355970,3150177.5,10.6,1,Y,2026-08-15T07:08:44.243Z
2022,junior-college,0000383,한림성심대학교,강원,사립,전문대학,15571566776,7432090640,8139476136,592473986,8731950122,15478343.81,56.4,1,Y,2026-08-15T07:08:44.243Z
2022,junior-college,0000387,경기과학기술대학교,경기,사립,전문대학,21112045707,9875588301,11236457406,153730447,11390187853,27281817.91,41.8,1,Y,2026-08-15T07:08:44.243Z
2022,junior-college,0000255,경민대학교,경기,사립,전문대학,20599999221,11864145490,8735853731,1926309969,10662163700,24176969.74,44.1,1,Y,2026-08-15T07:08:44.243Z
2022,junior-college,0000259,경복대학교,경기,사립,전문대학,26858980387,17332788601,9526191786,79298384,9605490170,37830083.09,25.4,1,Y,2026-08-15T07:08:44.243Z
2022,junior-college,0000264,계원예술대학교,경기,사립,전문대학,12158557029,6718606070,5439950959,50660365,5490611324,20483729.13,26.8,1,Y,2026-08-15T07:08:44.243Z
2022,junior-college,0000379,국제대학교,경기,사립,전문대학,7503112059,6795626160,707485899,44583347,752069246,16912483.4,4.4,1,Y,2026-08-15T07:08:44.243Z
2022,junior-college,0000277,김포대학교,경기,사립,전문대학,6044663046,5426052980,618610066,99849101,718459167,12290388.57,5.8,1,Y,2026-08-15T07:08:44.243Z
2022,junior-college,0000278,농협대학교,경기,사립,전문대학,3064638827,459844000,2604794827,142800000,2747594827,1981745.328,138.6,1,Y,2026-08-15T07:08:44.243Z
2022,junior-college,0000285,대림대학교,경기,사립,전문대학,29700238841,17130047757,12570191084,1006260664,13576451748,44575625.65,30.5,1,Y,2026-08-15T07:08:44.243Z
2022,junior-college,0000294,동남보건대학교,경기,사립,전문대학,15556920672,10415227950,5141692722,2418998819,7560691541,29216302.2,25.9,1,Y,2026-08-15T07:08:44.243Z
2022,junior-college,0000287,동서울대학교,경기,사립,전문대학,24566435478,14203920680,10362514798,79528722,10442043520,37251623.25,28,1,Y,2026-08-15T07:08:44.243Z
2022,junior-college,0000298,동아방송예술대학교,경기,사립,전문대학,13903341017,8320718420,5582622597,27374224,5609996821,22101886.14,25.4,1,Y,2026-08-15T07:08:44.243Z
2022,junior-college,0000302,동원대학교,경기,사립,전문대학,12044644863,7076919950,4967724913,1091100049,6058824962,16184798.21,37.4,1,Y,2026-08-15T07:08:44.243Z
2022,junior-college,0000305,두원공과대학교,경기,사립,전문대학,6696956423,5515981284,1180975139,14897820,1195872959,15846176.23,7.5,1,Y,2026-08-15T07:08:44.243Z
2022,junior-college,0000316,부천대학교,경기,사립,전문대학,30948127259,21588128767,9359998492,5424261442,14784259934,46671826.69,31.7,1,Y,2026-08-15T07:08:44.243Z
2022,junior-college,0000323,서울예술대학교,경기,사립,전문대학,12490430615,7131804000,5358626615,30925563,5389552178,24825614.93,21.7,1,Y,2026-08-15T07:08:44.243Z
2022,junior-college,0000392,서정대학교,경기,사립,전문대학,29319116477,15674366440,13644750037,1987772580,15632522617,40789246.52,38.3,1,Y,2026-08-15T07:08:44.243Z
2022,junior-college,0000330,수원과학대학교,경기,사립,전문대학,9176732397,8657934168,518798229,187820895,706619124,21799790.03,3.2,1,Y,2026-08-15T07:08:44.243Z
2022,junior-college,0000329,수원여자대학교,경기,사립,전문대학,13771538429,8967760517,4803777912,21253149,4825031061,24965114.91,19.3,1,Y,2026-08-15T07:08:44.243Z
2022,junior-college,0000334,신구대학교,경기,사립,전문대학,21734158936,16031115190,5703043746,67861858,5770905604,40655219.48,14.2,1,Y,2026-08-15T07:08:44.243Z
2022,junior-college,0000339,신안산대학교,경기,사립,전문대학,7571271989,7015915380,555356609,21087091,576443700,15878531.13,3.6,1,Y,2026-08-15T07:08:44.243Z
2022,junior-college,0000340,안산대학교,경기,사립,전문대학,17205659901,10829188458,6376471443,536431231,6912902674,24433664.26,28.3,1,Y,2026-08-15T07:08:44.243Z
2022,junior-college,0000343,여주대학교,경기,사립,전문대학,15761819521,10453769907,5308049614,340286428,5648336042,25423746.77,22.2,1,Y,2026-08-15T07:08:44.243Z
2022,junior-college,0000341,연성대학교,경기,사립,전문대학,24432667706,15107407995,9325259711,599385760,9924645471,35954688.33,27.6,1,Y,2026-08-15T07:08:44.243Z
2022,junior-college,0000350,오산대학교,경기,사립,전문대학,19049335092,9815235100,9234099992,67212529,9301312521,24969512.82,37.3,1,Y,2026-08-15T07:08:44.243Z
2022,junior-college,0000559,용인예술과학대학교,경기,사립,전문대학,11995215086,7143038370,4852176716,80424906,4932601622,19111473.48,25.8,1,Y,2026-08-15T07:08:44.243Z
2022,junior-college,0000394,웅지세무대학교,경기,사립,전문대학,253839150,58148200,195690950,34953,195725903,0,,1,Y,2026-08-15T07:08:44.243Z
2022,junior-college,0000355,유한대학교,경기,사립,전문대학,20884999204,12300823337,8584175867,83156165,8667332032,27038663.54,32.1,1,Y,2026-08-15T07:08:44.243Z
2022,junior-college,0000358,장안대학교,경기,사립,전문대학,8759081239,7700084280,1058996959,96646248,1155643207,19742284.77,5.9,1,Y,2026-08-15T07:08:44.243Z
2022,junior-college,0000374,청강문화산업대학교,경기,사립,전문대학,16251314337,9794188520,6457125817,60837375,6517963192,25281478.03,25.8,1,Y,2026-08-15T07:08:44.243Z
2022,junior-college,0000391,한국관광대학교,경기,사립,전문대학,7401015633,4318467791,3082547842,11793034,3094340876,8936043.638,34.6,1,Y,2026-08-15T07:08:44.243Z
2022,junior-college,0000251,거제대학교,경남,사립,전문대학,7709329075,2468204800,5241124275,451500000,5692624275,5988771.39,95.1,1,Y,2026-08-15T07:08:44.243Z
2022,junior-college,0000395,김해대학교,경남,사립,전문대학,9417622422,4150740335,5266882087,3768686,5270650773,8459486.668,62.3,1,Y,2026-08-15T07:08:44.243Z
2022,junior-college,0000342,동원과학기술대학교,경남,사립,전문대학,11157359209,5685665100,5471694109,391224000,5862918109,12621922.07,46.5,1,Y,2026-08-15T07:08:44.243Z
2022,junior-college,0000306,마산대학교,경남,사립,전문대학,21215376044,14896967270,6318408774,227734000,6546142774,30879447.5,21.2,1,Y,2026-08-15T07:08:44.243Z
2022,junior-college,0000530,연암공과대학교,경남,사립,전문대학,10467323390,2875409023,7591914367,1600000,7593514367,6692813.601,113.5,1,Y,2026-08-15T07:08:44.243Z
2022,junior-college,0000369,진주보건대학교,경남,사립,전문대학,11335267047,7495214490,3840052557,31100000,3871152557,14945033.05,25.9,1,Y,2026-08-15T07:08:44.243Z
2022,junior-college,0000528,창원문성대학교,경남,사립,전문대학,6081146339,4245064200,1836082139,1506149000,3342231139,8799353.4,38,1,Y,2026-08-15T07:08:44.243Z
2022,junior-college,0000396,한국승강기대학교,경남,사립,전문대학,5521666755,1464206540,4057460215,2338999500,6396459715,4232043.15,151.1,1,Y,2026-08-15T07:08:44.243Z
2022,junior-college,0000249,가톨릭상지대학교,경북,사립,전문대학,10868315974,4796999001,6071316973,162537000,6233853973,10246469.47,60.8,1,Y,2026-08-15T07:08:44.243Z
2022,junior-college,0000293,경북과학대학교,경북,사립,전문대학,5211372670,4604013100,607359570,565420000,1172779570,9584293.333,12.2,1,Y,2026-08-15T07:08:44.243Z
2022,junior-college,0000523,경북보건대학교,경북,사립,전문대학,7644532144,3175855760,4468676384,1957027,4470633411,6940519.37,64.4,1,Y,2026-08-15T07:08:44.243Z
2022,junior-college,0000258,경북전문대학교,경북,사립,전문대학,17187570227,8001612540,9185957687,1071006868,10256964555,15005573.89,68.4,1,Y,2026-08-15T07:08:44.243Z
2022,junior-college,0000268,구미대학교,경북,사립,전문대학,27398567232,17934817740,9463749492,1686223686,11149973178,30907704.2,36.1,1,Y,2026-08-15T07:08:44.243Z
2022,junior-college,0000279,대경대학교,경북,사립,전문대학,20459621676,11128212582,9331409094,464625650,9796034744,22407581.22,43.7,1,Y,2026-08-15T07:08:44.243Z
2022,junior-college,0000309,문경대학교,경북,사립,전문대학,5396703203,2368645060,3028058143,2041585000,5069643143,4806831.6,105.5,1,Y,2026-08-15T07:08:44.243Z
2022,junior-college,0000262,서라벌대학교,경북,사립,전문대학,0,0,0,0,0,3334747.65,0,1,Y,2026-08-15T07:08:44.243Z
2022,junior-college,0000380,선린대학교,경북,사립,전문대학,9373652987,5607999204,3765653783,332184800,4097838583,11836232.26,34.6,1,Y,2026-08-15T07:08:44.243Z
2022,junior-college,0000547,성운대학교,경북,사립,전문대학,8368719526,4975993480,3392726046,347417200,3740143246,7230404.73,51.7,1,Y,2026-08-15T07:08:44.243Z
2022,junior-college,0000338,안동과학대학교,경북,사립,전문대학,13047067613,5905944830,7141122783,454286359,7595409142,12448700.55,61,1,Y,2026-08-15T07:08:44.243Z
2022,junior-college,0000257,영남외국어대학,경북,사립,전문대학,96130080,5496000,90634080,3000000,93634080,2046131.5,4.6,1,Y,2026-08-15T07:08:44.243Z
2022,junior-college,0000381,포항대학교,경북,사립,전문대학,7545796809,4246108332,3299688477,1069019090,4368707567,9010421.179,48.5,1,Y,2026-08-15T07:08:44.243Z
2022,junior-college,0000522,호산대학교,경북,사립,전문대학,7303216416,4561672680,2741543736,91974880,2833518616,10053740.7,28.2,1,Y,2026-08-15T07:08:44.243Z
2022,junior-college,0000267,광주보건대학교,광주,사립,전문대학,16103588660,9960789690,6142798970,430185135,6572984105,18629463.2,35.3,1,Y,2026-08-15T07:08:44.243Z
2022,junior-college,0000273,기독간호대학교,광주,사립,전문대학,3022436868,1420974500,1601462368,2500000,1603962368,3191946.69,50.3,1,Y,2026-08-15T07:08:44.243Z
2022,junior-college,0000297,동강대학교,광주,사립,전문대학,8870959111,6741007010,2129952101,500872072,2630824173,12682220.85,20.7,1,Y,2026-08-15T07:08:44.243Z
2022,junior-college,0000320,서영대학교,광주,사립,전문대학,20981965361,15431209740,5550755621,1592367725,7143123346,26886583.35,26.6,1,Y,2026-08-15T07:08:44.243Z
2022,junior-college,0000366,조선간호대학교,광주,사립,전문대학,4003138279,1392116500,2611021779,0,2611021779,3759795,69.4,1,Y,2026-08-15T07:08:44.243Z
2022,junior-college,0000365,조선이공대학교,광주,사립,전문대학,15677628997,7505881001,8171747996,82050000,8253797996,15995474.98,51.6,1,Y,2026-08-15T07:08:44.243Z
2022,junior-college,0000263,계명문화대학교,대구,사립,전문대학,26619329436,14029745170,12589584266,347140700,12936724966,25582938.8,50.6,1,Y,2026-08-15T07:08:44.243Z
2022,junior-college,0000280,대구공업대학교,대구,사립,전문대학,3991084628,3390070340,601014288,93252500,694266788,8377818.435,8.3,1,Y,2026-08-15T07:08:44.243Z
2022,junior-college,0000283,대구과학대학교,대구,사립,전문대학,22279020304,13009129985,9269890319,1313748000,10583638319,23276943.74,45.5,1,Y,2026-08-15T07:08:44.243Z
2022,junior-college,0000281,대구보건대학교,대구,사립,전문대학,34105032809,18838585070,15266447739,517132445,15783580184,40137561.24,39.3,1,Y,2026-08-15T07:08:44.243Z
2022,junior-college,0000282,수성대학교,대구,사립,전문대학,11232317337,9954875680,1277441657,445928000,1723369657,18406231.96,9.4,1,Y,2026-08-15T07:08:44.243Z
2022,junior-college,0000346,영남이공대학교,대구,사립,전문대학,26946041732,14612099390,12333942342,879735400,13213677742,33041282.68,40,1,Y,2026-08-15T07:08:44.243Z
2022,junior-college,0000349,영진전문대학교,대구,사립,전문대학,34389998256,17581745290,16808252966,2295820470,19104073436,40367834.39,47.3,1,Y,2026-08-15T07:08:44.243Z
2022,junior-college,0000376,대덕대학교,대전,사립,전문대학,6475779788,5256943770,1218836018,123736760,1342572778,0,,1,Y,2026-08-15T07:08:44.243Z
2022,junior-college,0000512,대전과학기술대학교,대전,사립,전문대학,17761604939,10103921790,7657683149,424484700,8082167849,22419509.13,36,1,Y,2026-08-15T07:08:44.243Z
2022,junior-college,0000288,대전보건대학교,대전,사립,전문대학,20463347708,12886773890,7576573818,2472975193,10049549011,26735465.83,37.6,1,Y,2026-08-15T07:08:44.243Z
2022,junior-college,0000289,우송정보대학,대전,사립,전문대학,17952681499,9163226830,8789454669,2101036012,10890490681,19397369.04,56.1,1,Y,2026-08-15T07:08:44.243Z
2022,junior-college,0000253,경남정보대학교,부산,사립,전문대학,31340460525,18259772066,13080688459,115814504,13196502963,34328391.37,38.4,1,Y,2026-08-15T07:08:44.243Z
2022,junior-college,0000284,대동대학교,부산,사립,전문대학,6164700264,3835203834,2329496430,37963800,2367460230,8604915.334,27.5,1,Y,2026-08-15T07:08:44.243Z
2022,junior-college,0000303,동의과학대학교,부산,사립,전문대학,24277776413,10921805230,13355971183,104038030,13460009213,24260349.8,55.5,1,Y,2026-08-15T07:08:44.243Z
2022,junior-college,0000304,동주대학교,부산,사립,전문대학,12920712865,7048375970,5872336895,92775000,5965111895,13856499,43,1,Y,2026-08-15T07:08:44.243Z
2022,junior-college,0000313,부산경상대학교,부산,사립,전문대학,20599650816,7632387220,12967263596,633807300,13601070896,12774847.7,106.5,1,Y,2026-08-15T07:08:44.243Z
2022,junior-college,0000315,부산과학기술대학교,부산,사립,전문대학,17147574836,9013785586,8133789250,271427130,8405216380,17697278.54,47.5,1,Y,2026-08-15T07:08:44.243Z
2022,junior-college,0000314,부산여자대학교,부산,사립,전문대학,14530022611,6551854501,7978168110,103540071,8081708181,12568537.12,64.3,1,Y,2026-08-15T07:08:44.243Z
2022,junior-college,0000388,부산예술대학교,부산,사립,전문대학,2279862507,2009478200,270384307,2300000,272684307,3411277.29,8,1,Y,2026-08-15T07:08:44.243Z
2022,junior-college,0000300,동양미래대학교,서울,사립,전문대학,28332370628,14906167400,13426203228,1061257760,14487460988,37053749.96,39.1,1,Y,2026-08-15T07:08:44.243Z
2022,junior-college,0000307,명지전문대학,서울,사립,전문대학,28803017298,16384612010,12418405288,26625163,12445030451,40844494.83,30.5,1,Y,2026-08-15T07:08:44.243Z
2022,junior-college,0000310,배화여자대학교,서울,사립,전문대학,11610574835,6626957020,4983617815,320803702,5304421517,15207010.65,34.9,1,Y,2026-08-15T07:08:44.243Z
2022,junior-college,0000317,삼육보건대학교,서울,사립,전문대학,6469357799,2778410800,3690946999,34363255,3725310254,7438443.56,50.1,1,Y,2026-08-15T07:08:44.243Z
2022,junior-college,0000321,서울여자간호대학교,서울,사립,전문대학,3775681335,1434615267,2341066068,14066232,2355132300,5764145.913,40.9,1,Y,2026-08-15T07:08:44.243Z
2022,junior-college,0000324,서일대학교,서울,사립,전문대학,20705184305,14833663210,5871521095,60467708,5931988803,33622675.92,17.6,1,Y,2026-08-15T07:08:44.243Z
2022,junior-college,0000333,숭의여자대학교,서울,사립,전문대학,8713932417,8072354090,641578327,564617,642142944,17462562.62,3.7,1,Y,2026-08-15T07:08:44.243Z
2022,junior-college,0000356,인덕대학교,서울,사립,전문대학,23879266722,15879844894,7999421828,2119386742,10118808570,36508082.62,27.7,1,Y,2026-08-15T07:08:44.243Z
2022,junior-college,0000384,한양여자대학교,서울,사립,전문대학,26445424633,16789156260,9656268373,914975237,10571243610,40166357.99,26.3,1,Y,2026-08-15T07:08:44.243Z
2022,junior-college,0000353,한국영상대학교,세종,사립,전문대학,19411210238,8764387068,10646823170,301450226,10948273396,18357494.04,59.6,1,Y,2026-08-15T07:08:44.243Z
2022,junior-college,0000352,울산과학대학교,울산,사립,전문대학,22743491558,10534503640,12208987918,3350485953,15559473871,31252228.44,49.8,1,Y,2026-08-15T07:08:44.243Z
2022,junior-college,0000375,춘해보건대학교,울산,사립,전문대학,12660401863,6999941250,5660460613,438197440,6098658053,15774560.42,38.7,1,Y,2026-08-15T07:08:44.243Z
2022,junior-college,0000261,경인여자대학교,인천,사립,전문대학,16636541902,11311133260,5325408642,61868754,5387277396,24368556.98,22.1,1,Y,2026-08-15T07:08:44.243Z
2022,junior-college,0000292,인천재능대학교,인천,사립,전문대학,18028747138,9216101460,8812645678,224175084,9036820762,18345148.18,49.3,1,Y,2026-08-15T07:08:44.243Z
2022,junior-college,0000357,인하공업전문대학,인천,사립,전문대학,27725834690,16776346703,10949487987,109298517,11058786504,44323054.77,25,1,Y,2026-08-15T07:08:44.243Z
2022,junior-college,0000272,고구려대학교,전남,사립,전문대학,2252418877,2110345000,142073877,0,142073877,5683897.46,2.5,1,Y,2026-08-15T07:08:44.243Z
2022,junior-college,0000266,광양보건대학교,전남,사립,전문대학,16088734,7400000,8688734,0,8688734,932283.34,0.9,1,Y,2026-08-15T07:08:44.243Z
2022,junior-college,0000532,동아보건대학교,전남,사립,전문대학,5500453180,3902822392,1597630788,216078362,1813709150,6000555.381,30.2,1,Y,2026-08-15T07:08:44.243Z
2022,junior-college,0000308,목포과학대학교,전남,사립,전문대학,15974250751,7693057118,8281193633,281994132,8563187765,12800919.42,66.9,1,Y,2026-08-15T07:08:44.243Z
2022,junior-college,0000331,순천제일대학교,전남,사립,전문대학,13276361970,6922343991,6354017979,798287000,7152304979,13302905.99,53.8,1,Y,2026-08-15T07:08:44.243Z
2022,junior-college,0000360,전남과학대학교,전남,사립,전문대학,20505761480,10870088680,9635672800,311015317,9946688117,16520143.36,60.2,1,Y,2026-08-15T07:08:44.243Z
2022,junior-college,0000332,청암대학교,전남,사립,전문대학,9872461755,5585242630,4287219125,610400000,4897619125,12706362.74,38.5,1,Y,2026-08-15T07:08:44.243Z
2022,junior-college,0000546,한영대학교,전남,사립,전문대학,8320310986,3125996670,5194314316,683500000,5877814316,7517157.35,78.2,1,Y,2026-08-15T07:08:44.243Z
2022,junior-college,0000250,군산간호대학교,전북,사립,전문대학,5094527204,2712077334,2382449870,25011839,2407461709,7263544,33.1,1,Y,2026-08-15T07:08:44.243Z
2022,junior-college,0000270,군장대학교,전북,사립,전문대학,10570377382,4723872708,5846504674,132010461,5978515135,9506394.338,62.9,1,Y,2026-08-15T07:08:44.243Z
2022,junior-college,0000311,백제예술대학교,전북,사립,전문대학,3001707077,2892275900,109431177,10205079,119636256,7399856.024,1.6,1,Y,2026-08-15T07:08:44.243Z
2022,junior-college,0000354,원광보건대학교,전북,사립,전문대학,26588091884,12936683086,13651408798,541336484,14192745282,24410556.85,58.1,1,Y,2026-08-15T07:08:44.243Z
2022,junior-college,0000362,전북과학대학교,전북,사립,전문대학,10036026446,4975645400,5060381046,1357801376,6418182422,8849714.255,72.5,1,Y,2026-08-15T07:08:44.243Z
2022,junior-college,0000274,전주기전대학,전북,사립,전문대학,9200184392,4907559360,4292625032,222174210,4514799242,8766672.05,51.5,1,Y,2026-08-15T07:08:44.243Z
2022,junior-college,0000361,전주비전대학교,전북,사립,전문대학,17163424967,9479243780,7684181187,199448790,7883629977,18992661.51,41.5,1,Y,2026-08-15T07:08:44.243Z
2022,junior-college,0000363,제주관광대학교,제주,사립,전문대학,10041731962,4434159820,5607572142,912978264,6520550406,7112088.923,91.7,1,Y,2026-08-15T07:08:44.243Z
2022,junior-college,0000382,제주한라대학교,제주,사립,전문대학,19036423275,11325709750,7710713525,1811213899,9521927424,23241927.78,41,1,Y,2026-08-15T07:08:44.243Z
2022,junior-college,0000373,백석문화대학교,충남,사립,전문대학,18928884343,11420893620,7507990723,26108680,7534099403,28243050.64,26.7,1,Y,2026-08-15T07:08:44.243Z
2022,junior-college,0000335,신성대학교,충남,사립,전문대학,15436831305,8001749620,7435081685,37377161,7472458846,18742198.11,39.9,1,Y,2026-08-15T07:08:44.243Z
2022,junior-college,0000568,아주자동차대학교,충남,사립,전문대학,5704465872,1413341500,4291124372,233591271,4524715643,4332590,104.4,1,Y,2026-08-15T07:08:44.243Z
2022,junior-college,0000529,연암대학교,충남,사립,전문대학,12944469712,2642798140,10301671572,786170975,11087842547,6572986.03,168.7,1,Y,2026-08-15T07:08:44.243Z
2022,junior-college,0000386,혜전대학교,충남,사립,전문대학,8430776065,6643177930,1787598135,355194474,2142792609,13966081.06,15.3,1,Y,2026-08-15T07:08:44.243Z
2022,junior-college,0000271,강동대학교,충북,사립,전문대학,9430205364,8625704308,804501056,149571996,954073052,17191713.96,5.5,1,Y,2026-08-15T07:08:44.243Z
2022,junior-college,0000286,대원대학교,충북,사립,전문대학,10185450909,5938575770,4246875139,752893864,4999769003,11449023.16,43.7,1,Y,2026-08-15T07:08:44.243Z
2022,junior-college,0000367,충북보건과학대학교,충북,사립,전문대학,12166444989,6059482240,6106962749,96664853,6203627602,14052148.28,44.1,1,Y,2026-08-15T07:08:44.243Z
2022,junior-college,0000377,충청대학교,충북,사립,전문대학,14198282507,8049703739,6148578768,315621188,6464199956,18752478.79,34.5,1,Y,2026-08-15T07:08:44.243Z
2023,university,0000513,가톨릭관동대학교,강원,사립,대학,30992057052,13992430233,16999626819,2549335144,19548961963,44582325.32,43.8,1,Y,2026-08-15T07:08:44.243Z
2023,university,0000041,경동대학교,강원,사립,대학,23756082680,16314300068,7441782612,2996486610,10438269222,60122238.97,17.4,4,Y,2026-08-15T07:08:44.243Z
2023,university,0000086,상지대학교,강원,사립,대학,18287602399,11434541425,6853060974,2423792491,9276853465,46321417.26,20,1,Y,2026-08-15T07:08:44.243Z
2023,university,0000147,한라대학교,강원,사립,대학,15482062291,6336919937,9145142354,785651000,9930793354,19822809.62,50.1,1,Y,2026-08-15T07:08:44.243Z
2023,university,0000148,한림대학교,강원,사립,대학,87084975661,15703796420,71381179241,2870906057,74252085298,59955174.16,123.8,1,Y,2026-08-15T07:08:44.243Z
2023,university,0000044,가천대학교,경기,사립,대학,112684432644,29477563935,83206868709,4834149373,88041018082,188602327.6,46.7,1,Y,2026-08-15T07:08:44.243Z
2023,university,0000034,가톨릭대학교,경기,사립,대학,88293877993,13458826070,74835051923,1660355405,76495407328,89776142.68,85.2,3,Y,2026-08-15T07:08:44.243Z
2023,university,0000036,강남대학교,경기,사립,대학,25251348248,11321066180,13930282068,695983168,14626265236,50169873.4,29.2,1,Y,2026-08-15T07:08:44.243Z
2023,university,0000039,경기대학교,경기,사립,대학,51934892488,24109925420,27824967068,2997353375,30822320443,116511535.5,26.5,2,Y,2026-08-15T07:08:44.243Z
2023,university,0000060,단국대학교,경기,사립,대학,115892420069,37596478518,78295941551,4604163639,82900105190,222137032.3,37.3,2,Y,2026-08-15T07:08:44.243Z
2023,university,0000068,대진대학교,경기,사립,대학,27654181144,16700705360,10953475784,1809744915,12763220699,54285619.69,23.5,1,Y,2026-08-15T07:08:44.243Z
2023,university,0000078,루터대학교,경기,사립,대학,2703280236,831406500,1871873736,364011106,2235884842,2423709.73,92.3,1,Y,2026-08-15T07:08:44.243Z
2023,university,0000079,명지대학교,경기,사립,대학,57920262051,22990127667,34930134384,2204160907,37134295291,128887718.2,28.8,2,Y,2026-08-15T07:08:44.243Z
2023,university,0000090,서울신학대학교,경기,사립,대학,10909842867,5521482320,5388360547,95703584,5484064131,17601668.93,31.2,1,Y,2026-08-15T07:08:44.243Z
2023,university,0000092,서울장신대학교,경기,사립,대학,1036549650,814006000,222543650,1057351,223601001,4157677.24,5.4,1,Y,2026-08-15T07:08:44.243Z
2023,university,0000095,성결대학교,경기,사립,대학,18252067161,10696672709,7555394452,3463547556,11018942008,37830809.04,29.1,1,Y,2026-08-15T07:08:44.243Z
2023,university,0000101,수원가톨릭대학교,경기,사립,대학,222468050,222468050,0,0,0,911250.05,0,1,Y,2026-08-15T07:08:44.243Z
2023,university,0000102,수원대학교,경기,사립,대학,20468045054,14546682690,5921362364,2846825272,8768187636,67322387.4,13,1,Y,2026-08-15T07:08:44.243Z
2023,university,0000509,신한대학교,경기,사립,대학,23177074853,14172775303,9004299550,2218558616,11222858166,55944820.98,20.1,2,Y,2026-08-15T07:08:44.243Z
2023,university,0000558,아신대학교,경기,사립,대학,1404119884,1127230680,276889204,11581635,288470839,5423448.34,5.3,1,Y,2026-08-15T07:08:44.243Z
2023,university,0000108,아주대학교,경기,사립,대학,122871502965,13309457900,109562045065,2460074467,112022119532,126332540.9,88.7,1,Y,2026-08-15T07:08:44.243Z
2023,university,0000109,안양대학교,경기,사립,대학,21747939836,9704049420,12043890416,1602972259,13646862675,37602240.1,36.3,2,Y,2026-08-15T07:08:44.243Z
2023,university,0000115,용인대학교,경기,사립,대학,15383531822,11368065000,4015466822,1423401345,5438868167,46149273,11.8,1,Y,2026-08-15T07:08:44.243Z
2023,university,0000130,중앙승가대학교,경기,사립,대학,79200000,76560000,2640000,0,2640000,556225.69,0.5,1,Y,2026-08-15T07:08:44.243Z
2023,university,0000139,차의과학대학교,경기,사립,대학,28523075593,4725165340,23797910253,18438558,23816348811,28921760.21,82.3,1,Y,2026-08-15T07:08:44.243Z
2023,university,0000136,칼빈대학교,경기,사립,대학,919747414,862257300,57490114,6805225,64295339,13359057.84,0.5,1,Y,2026-08-15T07:08:44.243Z
2023,university,0000138,평택대학교,경기,사립,대학,7574109463,6298717668,1275391795,954109439,2229501234,26001282.18,8.6,1,Y,2026-08-15T07:08:44.243Z
2023,university,0000562,한국공학대학교,경기,사립,대학,56571105392,11252761270,45318344122,957155041,46275499163,60865635.62,76,1,Y,2026-08-15T07:08:44.243Z
2023,university,0000144,한국항공대학교,경기,사립,대학,23807652302,5569206833,18238445469,952584770,19191030239,38195169.2,50.2,1,Y,2026-08-15T07:08:44.243Z
2023,university,0000151,한세대학교,경기,사립,대학,7062568387,4961528334,2101040053,44555695,2145595748,23046639.84,9.3,1,Y,2026-08-15T07:08:44.243Z
2023,university,0000152,한신대학교,경기,사립,대학,19567461386,10317105780,9250355606,743027100,9993382706,38504388.01,26,1,Y,2026-08-15T07:08:44.243Z
2023,university,0000156,협성대학교,경기,사립,대학,11285407793,9196971187,2088436606,9600411313,11688847919,29082962.91,40.2,1,Y,2026-08-15T07:08:44.243Z
2023,university,0000567,화성의과학대학교,경기,사립,대학,195701748,3201000,192500748,1000000,193500748,2760569.24,7,1,Y,2026-08-15T07:08:44.243Z
2023,university,0000032,가야대학교,경남,사립,대학,5558752203,4322754640,1235997563,12588427,1248585990,12007894.72,10.4,2,Y,2026-08-15T07:08:44.243Z
2023,university,0000040,경남대학교,경남,사립,대학,43408219566,19343471266,24064748300,2763796562,26828544862,64813106.01,41.4,1,Y,2026-08-15T07:08:44.243Z
2023,university,0000167,부산장신대학교,경남,사립,대학,609700913,453991840,155709073,2013042,157722115,1937504.37,8.1,1,Y,2026-08-15T07:08:44.243Z
2023,university,0000181,영산대학교,경남,사립,대학,0,0,0,0,0,0,,2,N,2026-08-15T07:08:44.243Z
2023,university,0000122,인제대학교,경남,사립,대학,54049424598,16623849287,37425575311,2822866294,40248441605,63450977.27,63.4,2,Y,2026-08-15T07:08:44.243Z
2023,university,0000193,창신대학교,경남,사립,대학,9770562780,4609852334,5160710446,213890931,5374601377,13079137.89,41.1,1,Y,2026-08-15T07:08:44.243Z
2023,university,0000174,한국국제대학교,경남,사립,대학,0,0,0,0,0,0,,1,N,2026-08-15T07:08:44.243Z
2023,university,0000188,경운대학교,경북,사립,대학,23718632164,12077648167,11640983997,1925559570,13566543567,34261725.17,39.6,1,Y,2026-08-15T07:08:44.243Z
2023,university,0000045,경일대학교,경북,사립,대학,43122919669,15483685463,27639234206,687949251,28327183457,47554682.99,59.6,1,Y,2026-08-15T07:08:44.243Z
2023,university,0000046,경주대학교,경북,사립,대학,2239899950,184580000,2055319950,34242055,2089562005,5359488.52,39,1,Y,2026-08-15T07:08:44.243Z
2023,university,0000185,김천대학교,경북,사립,대학,7178793889,5577490035,1601303854,766691183,2367995037,16730773.71,14.2,1,Y,2026-08-15T07:08:44.243Z
2023,university,0000063,대구가톨릭대학교,경북,사립,대학,58090368257,25042615616,33047752641,6808778718,39856531359,84516040.54,47.2,1,Y,2026-08-15T07:08:44.243Z
2023,university,0000061,대구대학교,경북,사립,대학,86327046865,38418956630,47908090235,2443092968,50351183203,115422609.3,43.6,1,Y,2026-08-15T07:08:44.243Z
2023,university,0000062,대구예술대학교,경북,사립,대학,1297821454,1107090666,190730788,10378500,201109288,3277671.86,6.1,1,Y,2026-08-15T07:08:44.243Z
2023,university,0000042,대구한의대학교,경북,사립,대학,41045274430,16786622150,24258652280,4406695117,28665347397,48290502.51,59.4,1,Y,2026-08-15T07:08:44.243Z
2023,university,0000065,대신대학교,경북,사립,대학,1871579106,1669308100,202271006,96212241,298483247,3523074.22,8.5,1,Y,2026-08-15T07:08:44.243Z
2023,university,0000076,동양대학교,경북,사립,대학,16612057114,9304135161,7307921953,1130187197,8438109150,27614029.14,30.6,2,Y,2026-08-15T07:08:44.243Z
2023,university,0000111,영남대학교,경북,사립,대학,117788681692,43049601814,74739079878,6713717542,81452797420,169931656.2,47.9,1,Y,2026-08-15T07:08:44.243Z
2023,university,0000112,영남신학대학교,경북,사립,대학,1424022462,1192333600,231688862,109923,231798785,3624403.667,6.4,1,Y,2026-08-15T07:08:44.243Z
2023,university,0000119,위덕대학교,경북,사립,대학,10200021698,5742187837,4457833861,2711791200,7169625061,16234536.86,44.2,1,Y,2026-08-15T07:08:44.243Z
2023,university,0000140,포항공과대학교,경북,사립,대학,189694021358,1815601800,187878419558,4136920659,192015340217,26820883.37,715.9,1,Y,2026-08-15T07:08:44.243Z
2023,university,0000146,한동대학교,경북,사립,대학,34568919360,9123571484,25445347876,1410319579,26855667455,31441856.47,85.4,1,Y,2026-08-15T07:08:44.243Z
2023,university,0000052,광신대학교,광주,사립,대학,1698537826,1520865000,177672826,40902560,218575386,5377221.75,4.1,1,Y,2026-08-15T07:08:44.243Z
2023,university,0000176,광주대학교,광주,사립,대학,32692683457,15268241997,17424441460,2124920668,19549362128,37543726.64,52.1,1,Y,2026-08-15T07:08:44.243Z
2023,university,0000055,광주여자대학교,광주,사립,대학,18500449990,9201761994,9298687996,231410572,9530098568,22747680.49,41.9,1,Y,2026-08-15T07:08:44.243Z
2023,university,0000162,남부대학교,광주,사립,대학,14172115172,6679300286,7492814886,1303563499,8796378385,18989062.48,46.3,1,Y,2026-08-15T07:08:44.243Z
2023,university,0000187,송원대학교,광주,사립,대학,12688565298,6148294960,6540270338,4452738267,10993008605,17803698.27,61.7,1,Y,2026-08-15T07:08:44.243Z
2023,university,0000127,조선대학교,광주,사립,대학,114876003469,40714907912,74161095557,4869959445,79031055002,137839890.7,57.3,1,Y,2026-08-15T07:08:44.243Z
2023,university,0000157,호남대학교,광주,사립,대학,34289561740,15572765600,18716796140,3674624798,22391420938,48674776.37,46,1,Y,2026-08-15T07:08:44.243Z
2023,university,0000158,호남신학대학교,광주,사립,대학,1747642222,1429193065,318449157,20111032,338560189,4272719.96,7.9,1,Y,2026-08-15T07:08:44.243Z
2023,university,0000048,계명대학교,대구,사립,대학,98996583188,47251315634,51745267554,3300984744,55046252298,158962355.4,34.6,1,Y,2026-08-15T07:08:44.243Z
2023,university,0000067,대전대학교,대전,사립,대학,43883459201,17998742880,25884716321,10021012289,35905728610,61681834.35,58.2,1,Y,2026-08-15T07:08:44.243Z
2023,university,0000182,대전신학대학교,대전,사립,대학,245267372,122481000,122786372,0,122786372,783874.67,15.7,1,Y,2026-08-15T07:08:44.243Z
2023,university,0000080,목원대학교,대전,사립,대학,31735546143,16098968070,15636578073,884749357,16521327430,51973769.75,31.8,1,Y,2026-08-15T07:08:44.243Z
2023,university,0000081,배재대학교,대전,사립,대학,35918317438,16616464970,19301852468,10364252664,29666105132,53496788.13,55.5,1,Y,2026-08-15T07:08:44.243Z
2023,university,0000184,우송대학교,대전,사립,대학,43587586702,19868719214,23718867488,886180655,24605048143,77163331.23,31.9,1,Y,2026-08-15T07:08:44.243Z
2023,university,0000120,을지대학교,대전,사립,대학,22110768653,8546689217,13564079436,655104653,14219184089,39673746.26,35.8,3,Y,2026-08-15T07:08:44.243Z
2023,university,0000551,한국침례신학대학교,대전,사립,대학,4959748352,2518846567,2440901785,8845477,2449747262,8722069.77,28.1,1,Y,2026-08-15T07:08:44.243Z
2023,university,0000145,한남대학교,대전,사립,대학,61170965470,22967126236,38203839234,2403481738,40607320972,82066090.58,49.5,1,Y,2026-08-15T07:08:44.243Z
2023,university,0000043,경성대학교,부산,사립,대학,51063110585,25496706848,25566403737,467728175,26034131912,80362779.87,32.4,1,Y,2026-08-15T07:08:44.243Z
2023,university,0000050,고신대학교,부산,사립,대학,19627714098,7571171002,12056543096,1231658497,13288201593,24914152.24,53.3,1,Y,2026-08-15T07:08:44.243Z
2023,university,0000180,동명대학교,부산,사립,대학,39523804069,18668381630,20855422439,1536250800,22391673239,47258991.39,47.4,1,Y,2026-08-15T07:08:44.243Z
2023,university,0000073,동서대학교,부산,사립,대학,51531438795,23172841964,28358596831,1927092613,30285689444,59479492.22,50.9,1,Y,2026-08-15T07:08:44.243Z
2023,university,0000075,동아대학교,부산,사립,대학,98534162943,37350185271,61183977672,1998657519,63182635191,139493098.4,45.3,1,Y,2026-08-15T07:08:44.243Z
2023,university,0000077,동의대학교,부산,사립,대학,67920638926,33233382345,34687256581,2142698608,36829955189,95156994.47,38.7,1,Y,2026-08-15T07:08:44.243Z
2023,university,0000082,부산가톨릭대학교,부산,사립,대학,21201772088,8037919141,13163852947,235703795,13399556742,24012433.77,55.8,1,Y,2026-08-15T07:08:44.243Z
2023,university,0000083,부산외국어대학교,부산,사립,대학,24812061525,12975005554,11837055971,881081312,12718137283,42208168.43,30.1,1,Y,2026-08-15T07:08:44.243Z
2023,university,0000106,신라대학교,부산,사립,대학,31553311813,15277185100,16276126713,3238057500,19514184213,46153414.97,42.3,1,Y,2026-08-15T07:08:44.243Z
2023,university,0000035,감리교신학대학교,서울,사립,대학,2324950794,1689043210,635907584,13183949,649091533,7236508.369,9,1,Y,2026-08-15T07:08:44.243Z
2023,university,0000565,강서대학교,서울,사립,대학,3762131489,2674533917,1087597572,403360046,1490957618,10629653.11,14,1,Y,2026-08-15T07:08:44.243Z
2023,university,0000037,건국대학교,서울,사립,대학,144042997139,35387056969,108655940170,4485376200,113141316370,230009484.1,49.2,2,Y,2026-08-15T07:08:44.243Z
2023,university,0000047,경희대학교,서울,사립,대학,167441171414,34570148240,132871023174,4287366882,137158390056,304022097.4,45.1,1,Y,2026-08-15T07:08:44.243Z
2023,university,0000049,고려대학교,서울,사립,대학,408083098364,30400048335,377683050029,15637688343,393320738372,370357889.5,106.2,2,Y,2026-08-15T07:08:44.243Z
2023,university,0000053,광운대학교,서울,사립,대학,49297968052,12174928934,37123039118,2611762919,39734802037,77906965.85,51,1,Y,2026-08-15T07:08:44.243Z
2023,university,0000056,국민대학교,서울,사립,대학,100311879360,23655397210,76656482150,3210614949,79867097099,156170435.7,51.1,1,Y,2026-08-15T07:08:44.243Z
2023,university,0000070,덕성여자대학교,서울,사립,대학,23270424510,8460441500,14809983010,1329538138,16139521148,40439891.68,39.9,1,Y,2026-08-15T07:08:44.243Z
2023,university,0000071,동국대학교,서울,사립,대학,129866846444,33252891353,96613955091,7411594178,104025549269,211828189.3,49.1,2,Y,2026-08-15T07:08:44.243Z
2023,university,0000072,동덕여자대학교,서울,사립,대학,22657456371,11931278407,10726177964,1191616007,11917793971,51619150.16,23.1,1,Y,2026-08-15T07:08:44.243Z
2023,university,0000084,삼육대학교,서울,사립,대학,25748919763,10709042530,15039877233,1382499502,16422376735,48986029.07,33.5,1,Y,2026-08-15T07:08:44.243Z
2023,university,0000085,상명대학교,서울,사립,대학,44804233374,23001181906,21803051468,6541376817,28344428285,102362273.4,27.7,2,Y,2026-08-15T07:08:44.243Z
2023,university,0000087,서강대학교,서울,사립,대학,86902542324,8566254668,78336287656,769446090,79105733746,114268672.7,69.2,1,Y,2026-08-15T07:08:44.243Z
2023,university,0000088,서경대학교,서울,사립,대학,26605851038,11241790234,15364060804,1653730513,17017791317,52451574.59,32.4,1,Y,2026-08-15T07:08:44.243Z
2023,university,0000069,서울기독대학교,서울,사립,대학,637304367,563992000,73312367,2000000,75312367,3226845.333,2.3,1,Y,2026-08-15T07:08:44.243Z
2023,university,0000091,서울여자대학교,서울,사립,대학,25995013034,12657395598,13337617436,3460207301,16797824737,51820066.1,32.4,1,Y,2026-08-15T07:08:44.243Z
2023,university,0000539,서울한영대학교,서울,사립,대학,2058874918,1407780430,651094488,5183620,656278108,6120885.622,10.7,1,Y,2026-08-15T07:08:44.243Z
2023,university,0000096,성공회대학교,서울,사립,대학,6192637429,4352316536,1840320893,228525160,2068846053,16270096.76,12.7,1,Y,2026-08-15T07:08:44.243Z
2023,university,0000097,성균관대학교,서울,사립,대학,356493309183,21702634717,334790674466,3773910772,338564585238,292651796.9,115.7,1,Y,2026-08-15T07:08:44.243Z
2023,university,0000098,성신여자대학교,서울,사립,대학,32615535654,15558401000,17057134654,1246205705,18303340359,80046860.51,22.9,1,Y,2026-08-15T07:08:44.243Z
2023,university,0000100,세종대학교,서울,사립,대학,94450805583,17770820300,76679985283,354006505,77033991788,137405100.4,56.1,1,Y,2026-08-15T07:08:44.243Z
2023,university,0000103,숙명여자대학교,서울,사립,대학,59124797982,14925882600,44198915382,4388381473,48587296855,105055898.4,46.2,1,Y,2026-08-15T07:08:44.243Z
2023,university,0000105,숭실대학교,서울,사립,대학,76146163263,19265851500,56880311763,2284968882,59165280645,141435307.5,41.8,1,Y,2026-08-15T07:08:44.243Z
2023,university,0000110,연세대학교,서울,사립,대학,458292625896,32321175959,425971449937,5564638337,431536088274,419752485.4,102.8,2,Y,2026-08-15T07:08:44.243Z
2023,university,0000121,이화여자대학교,서울,사립,대학,128361603388,18664963310,109696640078,4081446492,113778086570,207938667.4,54.7,1,Y,2026-08-15T07:08:44.243Z
2023,university,0000125,장로회신학대학교,서울,사립,대학,2170277801,1851452110,318825691,4609511,323435202,15841301.43,2,1,Y,2026-08-15T07:08:44.243Z
2023,university,0000129,중앙대학교,서울,사립,대학,181261021592,33053068610,148207952982,2542551246,150750504228,268725756.9,56.1,2,Y,2026-08-15T07:08:44.243Z
2023,university,0000133,총신대학교,서울,사립,대학,4980228475,3720828140,1259400335,78114995,1337515330,22251853.16,6,1,Y,2026-08-15T07:08:44.243Z
2023,university,0000134,추계예술대학교,서울,사립,대학,5181702984,2224947110,2956755874,33528499,2990284373,11969413.18,25,1,Y,2026-08-15T07:08:44.243Z
2023,university,0000142,한국성서대학교,서울,사립,대학,5518097337,2559490000,2958607337,257080000,3215687337,7786420,41.3,1,Y,2026-08-15T07:08:44.243Z
2023,university,0000143,한국외국어대학교,서울,사립,대학,51049238183,22051487417,28997750766,1477649912,30475400678,142384265.5,21.4,1,Y,2026-08-15T07:08:44.243Z
2023,university,0000150,한성대학교,서울,사립,대학,25378902560,12333095462,13045807098,509826617,13555633715,58621527.94,23.1,1,Y,2026-08-15T07:08:44.243Z
2023,university,0000153,한양대학교,서울,사립,대학,331336050353,37888045460,293448004893,7368993345,300816998238,370553738.9,81.2,2,Y,2026-08-15T07:08:44.243Z
2023,university,0000160,홍익대학교,서울,사립,대학,67717541510,26672551726,41044989784,1308305654,42353295438,197491221.4,21.4,2,Y,2026-08-15T07:08:44.243Z
2023,university,0000066,대전가톨릭대학교,세종,사립,대학,63370000,63370000,0,500000,500000,335560,0.1,1,Y,2026-08-15T07:08:44.243Z
2023,university,0000117,울산대학교,울산,사립,대학,97028879925,19112890006,77915989919,12284562036,90200551955,95827810.36,94.1,1,Y,2026-08-15T07:08:44.243Z
2023,university,0000123,인천가톨릭대학교,인천,사립,대학,4042409359,1241265530,2801143829,1610705,2802754534,6062726.796,46.2,2,Y,2026-08-15T07:08:44.243Z
2023,university,0000124,인하대학교,인천,사립,대학,154526692405,27583829950,126942862455,6030989472,132973851927,170922488.3,77.8,1,Y,2026-08-15T07:08:44.243Z
2023,university,0000054,광주가톨릭대학교,전남,사립,대학,0,0,0,0,0,0,,1,Y,2026-08-15T07:08:44.243Z
2023,university,0000074,동신대학교,전남,사립,대학,38332750440,15044188980,23288561460,8061464941,31350026401,42018400.88,74.6,1,Y,2026-08-15T07:08:44.243Z
2023,university,0000166,목포가톨릭대학교,전남,사립,대학,4962811838,1578009150,3384802688,188010026,3572812714,3281371.33,108.9,1,Y,2026-08-15T07:08:44.243Z
2023,university,0000064,세한대학교,전남,사립,대학,11098571565,9133879385,1964692180,497537641,2462229821,23651942.84,10.4,1,Y,2026-08-15T07:08:44.243Z
2023,university,0000114,영산선학대학교,전남,사립,대학,0,0,0,0,0,67000,0,1,Y,2026-08-15T07:08:44.243Z
2023,university,0000190,초당대학교,전남,사립,대학,15432326669,6795606074,8636720595,541276113,9177996708,18221748.3,50.4,1,Y,2026-08-15T07:08:44.243Z
2023,university,0000173,예수대학교,전북,사립,대학,4362969867,1299603000,3063366867,267607976,3330974843,3414171.66,97.6,1,Y,2026-08-15T07:08:44.243Z
2023,university,0000164,예원예술대학교,전북,사립,대학,1936729640,1870533830,66195810,88759307,154955117,11165390.38,1.4,2,Y,2026-08-15T07:08:44.243Z
2023,university,0000116,우석대학교,전북,사립,대학,37342812744,13664282175,23678530569,1884789991,25563320560,49069944.16,52.1,1,Y,2026-08-15T07:08:44.243Z
2023,university,0000118,원광대학교,전북,사립,대학,75498401613,28730441251,46767960362,8194360075,54962320437,104370997.2,52.7,1,Y,2026-08-15T07:08:44.243Z
2023,university,0000126,전주대학교,전북,사립,대학,65666112357,25698561664,39967550693,4993502586,44961053279,71511525.65,62.9,1,Y,2026-08-15T07:08:44.243Z
2023,university,0000155,한일장신대학교,전북,사립,대학,3314033955,2581673334,732360621,6927228,739287849,5998204.834,12.3,1,Y,2026-08-15T07:08:44.243Z
2023,university,0000223,호원대학교,전북,사립,대학,22722820212,13367734220,9355085992,2243951755,11599037747,34247190.18,33.9,1,Y,2026-08-15T07:08:44.243Z
2023,university,0000192,제주국제대학교,제주,사립,대학,365317361,231244000,134073361,41709099,175782460,3112664,5.6,1,Y,2026-08-15T07:08:44.243Z
2023,university,0000038,건양대학교,충남,사립,대학,36229092034,14331728619,21897363415,1748904580,23646267995,48164101.24,49.1,2,Y,2026-08-15T07:08:44.243Z
2023,university,0000169,금강대학교,충남,사립,대학,520509203,271154332,249354871,6000000,255354871,1101988.334,23.2,1,Y,2026-08-15T07:08:44.243Z
2023,university,0000059,나사렛대학교,충남,사립,대학,23920902376,11236047280,12684855096,2864517242,15549372338,34449980.48,45.1,1,Y,2026-08-15T07:08:44.243Z
2023,university,0000189,남서울대학교,충남,사립,대학,34380592028,19586202877,14794389151,1020930907,15815320058,73303654.29,21.6,1,Y,2026-08-15T07:08:44.243Z
2023,university,0000131,백석대학교,충남,사립,대학,43576232558,27206235020,16369997538,6535199397,22905196935,108822942,21,1,Y,2026-08-15T07:08:44.243Z
2023,university,0000094,선문대학교,충남,사립,대학,52724397949,19424836259,33299561690,1181695635,34481257325,66927928.74,51.5,1,Y,2026-08-15T07:08:44.243Z
2023,university,0000104,순천향대학교,충남,사립,대학,89601829392,20162106590,69439722802,7871836625,77311559427,94255081.44,82,1,Y,2026-08-15T07:08:44.243Z
2023,university,0000128,중부대학교,충남,사립,대학,26724840291,16416905430,10307934861,1775474015,12083408876,60115053.39,20.1,1,Y,2026-08-15T07:08:44.243Z
2023,university,0000225,청운대학교,충남,사립,대학,26342068096,13425112220,12916955876,1803782285,14720738161,39668810.38,37.1,1,Y,2026-08-15T07:08:44.243Z
2023,university,0000141,한국기술교육대학교,충남,사립,대학,166479850225,5921717037,160558133188,1186085371,161744218559,19879628.83,813.6,1,Y,2026-08-15T07:08:44.243Z
2023,university,0000149,한서대학교,충남,사립,대학,31184907651,13365818260,17819089391,686494782,18505584173,51771464.72,35.7,1,Y,2026-08-15T07:08:44.243Z
2023,university,0000159,호서대학교,충남,사립,대학,71901078724,24982023366,46919055358,1160587192,48079642550,103189941,46.6,1,Y,2026-08-15T07:08:44.243Z
2023,university,0000557,가톨릭꽃동네대학교,충북,사립,대학,4295157060,992830500,3302326560,17853760,3320180320,3318157.668,100.1,1,Y,2026-08-15T07:08:44.243Z
2023,university,0000058,극동대학교,충북,사립,대학,7843846254,6201362041,1642484213,130098241,1772582454,22301410.19,7.9,1,Y,2026-08-15T07:08:44.243Z
2023,university,0000093,서원대학교,충북,사립,대학,31288123046,16117746958,15170376088,1396472365,16566848453,43499906.48,38.1,1,Y,2026-08-15T07:08:44.243Z
2023,university,0000099,세명대학교,충북,사립,대학,25619274089,15922193120,9697080969,4318555060,14015636029,45067151.51,31.1,1,Y,2026-08-15T07:08:44.243Z
2023,university,0000113,유원대학교,충북,사립,대학,9689249162,8660305272,1028943890,226716911,1255660801,22065422.41,5.7,1,Y,2026-08-15T07:08:44.243Z
2023,university,0000183,중원대학교,충북,사립,대학,14721351234,6594123173,8127228061,609128611,8736356672,23242096.72,37.6,1,Y,2026-08-15T07:08:44.243Z
2023,university,0000132,청주대학교,충북,사립,대학,42785315302,21326042229,21459273073,2326485563,23785758636,88862264.65,26.8,1,Y,2026-08-15T07:08:44.243Z
2023,junior-college,0000347,강릉영동대학교,강원,사립,전문대학,9210387064,5922195834,3288191230,1098169974,4386361204,13847792.71,31.7,1,Y,2026-08-15T07:08:44.243Z
2023,junior-college,0000378,강원관광대학교,강원,사립,전문대학,559968245,548505500,11462745,814344168,825806913,0,,1,Y,2026-08-15T07:08:44.243Z
2023,junior-college,0000348,세경대학교,강원,사립,전문대학,8646926150,2320870090,6326056060,440070000,6766126060,4001107.58,169.1,1,Y,2026-08-15T07:08:44.243Z
2023,junior-college,0000393,송곡대학교,강원,사립,전문대학,5914545955,1477281867,4437264088,248150000,4685414088,4306988.104,108.8,1,Y,2026-08-15T07:08:44.243Z
2023,junior-college,0000390,송호대학교,강원,사립,전문대학,2471333839,2205609510,265724329,617719248,883443577,4549566.115,19.4,1,Y,2026-08-15T07:08:44.243Z
2023,junior-college,0000542,한국골프대학교,강원,사립,전문대학,1481335529,1323883833,157451696,262667000,420118696,3251815,12.9,1,Y,2026-08-15T07:08:44.243Z
2023,junior-college,0000383,한림성심대학교,강원,사립,전문대학,18235611445,6551514680,11684096765,696374815,12380471580,14475915.6,85.5,1,Y,2026-08-15T07:08:44.243Z
2023,junior-college,0000387,경기과학기술대학교,경기,사립,전문대학,28298051238,9475897914,18822153324,224517999,19046671323,26446618.62,72,1,Y,2026-08-15T07:08:44.243Z
2023,junior-college,0000255,경민대학교,경기,사립,전문대학,25253282863,11292112250,13961170613,207546680,14168717293,24658948.32,57.5,1,Y,2026-08-15T07:08:44.243Z
2023,junior-college,0000259,경복대학교,경기,사립,전문대학,29153340189,16985288826,12168051363,815480432,12983531795,38343805.02,33.9,1,Y,2026-08-15T07:08:44.243Z
2023,junior-college,0000264,계원예술대학교,경기,사립,전문대학,14785758375,6484747151,8301011224,59596273,8360607497,20462488.81,40.9,1,Y,2026-08-15T07:08:44.243Z
2023,junior-college,0000379,국제대학교,경기,사립,전문대학,9326882234,6838455557,2488426677,1658398778,4146825455,15695934.11,26.4,1,Y,2026-08-15T07:08:44.243Z
2023,junior-college,0000277,김포대학교,경기,사립,전문대학,2442385075,2312067050,130318025,1371008259,1501326284,9772804.29,15.4,1,Y,2026-08-15T07:08:44.243Z
2023,junior-college,0000278,농협대학교,경기,사립,전문대학,4267519117,385111820,3882407297,66049200,3948456497,1816450.66,217.4,1,Y,2026-08-15T07:08:44.243Z
2023,junior-college,0000285,대림대학교,경기,사립,전문대학,31928030657,16330685880,15597344777,5264882365,20862227142,44615760.97,46.8,1,Y,2026-08-15T07:08:44.243Z
2023,junior-college,0000294,동남보건대학교,경기,사립,전문대학,17931474711,9954959000,7976515711,3162022714,11138538425,29681542.07,37.5,1,Y,2026-08-15T07:08:44.243Z
2023,junior-college,0000287,동서울대학교,경기,사립,전문대학,29484252982,13880181345,15604071637,102767953,15706839590,36873809.14,42.6,1,Y,2026-08-15T07:08:44.243Z
2023,junior-college,0000298,동아방송예술대학교,경기,사립,전문대학,15646879923,8001799430,7645080493,47532817,7692613310,22053852.32,34.9,1,Y,2026-08-15T07:08:44.243Z
2023,junior-college,0000302,동원대학교,경기,사립,전문대학,12136337106,6711581993,5424755113,1045671083,6470426196,15627549.99,41.4,1,Y,2026-08-15T07:08:44.243Z
2023,junior-college,0000305,두원공과대학교,경기,사립,전문대학,8169471492,4890167530,3279303962,24728771,3304032733,14108210.39,23.4,1,Y,2026-08-15T07:08:44.243Z
2023,junior-college,0000316,부천대학교,경기,사립,전문대학,34076829839,20104771108,13972058731,5663201121,19635259852,44216270.12,44.4,1,Y,2026-08-15T07:08:44.243Z
2023,junior-college,0000323,서울예술대학교,경기,사립,전문대학,14557990811,6982055067,7575935744,35858901,7611794645,25528610.99,29.8,1,Y,2026-08-15T07:08:44.243Z
2023,junior-college,0000392,서정대학교,경기,사립,전문대학,31260532796,16213999235,15046533561,2425020000,17471553561,44961683.51,38.9,1,Y,2026-08-15T07:08:44.243Z
2023,junior-college,0000330,수원과학대학교,경기,사립,전문대학,6778142309,6515387518,262754791,49641731,312396522,17860575.71,1.7,1,Y,2026-08-15T07:08:44.243Z
2023,junior-college,0000329,수원여자대학교,경기,사립,전문대학,14400444772,8546762701,5853682071,65157737,5918839808,24304677.56,24.4,1,Y,2026-08-15T07:08:44.243Z
2023,junior-college,0000334,신구대학교,경기,사립,전문대학,23499527523,15171946170,8327581353,1713543446,10041124799,39404084.13,25.5,1,Y,2026-08-15T07:08:44.243Z
2023,junior-college,0000339,신안산대학교,경기,사립,전문대학,6507453450,5961147080,546306370,2091483,548397853,13760718.89,4,1,Y,2026-08-15T07:08:44.243Z
2023,junior-college,0000340,안산대학교,경기,사립,전문대학,20464747166,11415214491,9049532675,563059417,9612592092,25387297.09,37.9,1,Y,2026-08-15T07:08:44.243Z
2023,junior-college,0000343,여주대학교,경기,사립,전문대학,15604531385,9068726953,6535804432,2205823750,8741628182,23481194.33,37.2,1,Y,2026-08-15T07:08:44.243Z
2023,junior-college,0000341,연성대학교,경기,사립,전문대학,26617822502,14181226804,12436595698,789404701,13226000399,35126998.5,37.7,1,Y,2026-08-15T07:08:44.243Z
2023,junior-college,0000350,오산대학교,경기,사립,전문대학,24108728128,9828614840,14280113288,844000023,15124113311,26027441.36,58.1,1,Y,2026-08-15T07:08:44.243Z
2023,junior-college,0000559,용인예술과학대학교,경기,사립,전문대학,10907350291,6694227060,4213123231,23967820,4237091051,17889682.15,23.7,1,Y,2026-08-15T07:08:44.243Z
2023,junior-college,0000394,웅지세무대학교,경기,사립,전문대학,18857545,0,18857545,29918,18887463,3195804.81,0.6,1,Y,2026-08-15T07:08:44.243Z
2023,junior-college,0000355,유한대학교,경기,사립,전문대학,24312929781,11272086122,13040843659,295539865,13336383524,25488868.16,52.3,1,Y,2026-08-15T07:08:44.243Z
2023,junior-college,0000358,장안대학교,경기,사립,전문대학,4177766430,3363381130,814385300,96685929,911071229,14526505.01,6.3,1,Y,2026-08-15T07:08:44.243Z
2023,junior-college,0000374,청강문화산업대학교,경기,사립,전문대학,19295153980,9150843560,10144310420,289206164,10433516584,25735185.61,40.5,1,Y,2026-08-15T07:08:44.243Z
2023,junior-college,0000391,한국관광대학교,경기,사립,전문대학,5875000954,3212104011,2662896943,11810177,2674707120,7228301.475,37,1,Y,2026-08-15T07:08:44.243Z
2023,junior-college,0000251,거제대학교,경남,사립,전문대학,9951266157,2599069480,7352196677,485575862,7837772539,6073951.01,129,1,Y,2026-08-15T07:08:44.243Z
2023,junior-college,0000395,김해대학교,경남,사립,전문대학,12735793250,4138083666,8597709584,6439552,8604149136,8346900.835,103.1,1,Y,2026-08-15T07:08:44.243Z
2023,junior-college,0000342,동원과학기술대학교,경남,사립,전문대학,17718842070,5720150766,11998691304,502105864,12500797168,12144564.3,102.9,1,Y,2026-08-15T07:08:44.243Z
2023,junior-college,0000306,마산대학교,경남,사립,전문대학,24795796866,14468323630,10327473236,565869915,10893343151,29619104.83,36.8,1,Y,2026-08-15T07:08:44.243Z
2023,junior-college,0000530,연암공과대학교,경남,사립,전문대학,11921744580,2685386290,9236358290,2604284,9238962574,6495463.759,142.2,1,Y,2026-08-15T07:08:44.243Z
2023,junior-college,0000369,진주보건대학교,경남,사립,전문대학,12865716642,7496507240,5369209402,15601846,5384811248,14509826.41,37.1,1,Y,2026-08-15T07:08:44.243Z
2023,junior-college,0000528,창원문성대학교,경남,사립,전문대학,3916303023,3093314690,822988333,1253453907,2076442240,7342669.76,28.3,1,Y,2026-08-15T07:08:44.243Z
2023,junior-college,0000396,한국승강기대학교,경남,사립,전문대학,7846185367,1423087364,6423098003,5073861500,11496959503,3675162.614,312.8,1,Y,2026-08-15T07:08:44.243Z
2023,junior-college,0000249,가톨릭상지대학교,경북,사립,전문대학,12795036243,4619481283,8175554960,282113591,8457668551,10169314.43,83.2,1,Y,2026-08-15T07:08:44.243Z
2023,junior-college,0000293,경북과학대학교,경북,사립,전문대학,5928916912,5214218140,714698772,121000250,835699022,10001238.54,8.4,1,Y,2026-08-15T07:08:44.243Z
2023,junior-college,0000523,경북보건대학교,경북,사립,전문대학,10268804685,3249360300,7019444385,706062991,7725507376,7039225.91,109.7,1,Y,2026-08-15T07:08:44.243Z
2023,junior-college,0000258,경북전문대학교,경북,사립,전문대학,18805267427,7927766330,10877501097,1706972889,12584473986,14203910.19,88.6,1,Y,2026-08-15T07:08:44.243Z
2023,junior-college,0000268,구미대학교,경북,사립,전문대학,31520698300,17695050880,13825647420,5729654353,19555301773,30561459.83,64,1,Y,2026-08-15T07:08:44.243Z
2023,junior-college,0000279,대경대학교,경북,사립,전문대학,22474795116,10976590890,11498204226,125016260,11623220486,21780920.26,53.4,1,Y,2026-08-15T07:08:44.243Z
2023,junior-college,0000309,문경대학교,경북,사립,전문대학,9904658813,2228028234,7676630579,1813343000,9489973579,4413044.058,215,1,Y,2026-08-15T07:08:44.243Z
2023,junior-college,0000262,서라벌대학교,경북,사립,전문대학,0,0,0,0,0,3581599.54,0,1,Y,2026-08-15T07:08:44.243Z
2023,junior-college,0000380,선린대학교,경북,사립,전문대학,12023206122,5141572303,6881633819,390034935,7271668754,10915106.51,66.6,1,Y,2026-08-15T07:08:44.243Z
2023,junior-college,0000547,성운대학교,경북,사립,전문대학,11786731049,5232405000,6554326049,253117000,6807443049,7510467.5,90.6,1,Y,2026-08-15T07:08:44.243Z
2023,junior-college,0000338,안동과학대학교,경북,사립,전문대학,14433033305,5503654162,8929379143,636397427,9565776570,12125437.42,78.9,1,Y,2026-08-15T07:08:44.243Z
2023,junior-college,0000257,영남외국어대학,경북,사립,전문대학,962368143,885439500,76928643,2000000,78928643,2253635.5,3.5,1,Y,2026-08-15T07:08:44.243Z
2023,junior-college,0000381,포항대학교,경북,사립,전문대학,11364164907,4451501166,6912663741,1320525629,8233189370,8946960.329,92,1,Y,2026-08-15T07:08:44.243Z
2023,junior-college,0000522,호산대학교,경북,사립,전문대학,11574008779,4782425950,6791582829,85397000,6876979829,11434728.64,60.1,1,Y,2026-08-15T07:08:44.243Z
2023,junior-college,0000267,광주보건대학교,광주,사립,전문대학,20180864100,9259500144,10921363956,594222853,11515586809,17764662.54,64.8,1,Y,2026-08-15T07:08:44.243Z
2023,junior-college,0000273,기독간호대학교,광주,사립,전문대학,5496678789,1430107000,4066571789,0,4066571789,3117859.263,130.4,1,Y,2026-08-15T07:08:44.243Z
2023,junior-college,0000297,동강대학교,광주,사립,전문대학,9577127212,6288545160,3288582052,923756449,4212338501,12341741.88,34.1,1,Y,2026-08-15T07:08:44.243Z
2023,junior-college,0000320,서영대학교,광주,사립,전문대학,23981682326,14781447023,9200235303,1538331105,10738566408,26365278.75,40.7,1,Y,2026-08-15T07:08:44.243Z
2023,junior-college,0000366,조선간호대학교,광주,사립,전문대학,6133631933,1391264250,4742367683,22712000,4765079683,3912879.65,121.8,1,Y,2026-08-15T07:08:44.243Z
2023,junior-college,0000365,조선이공대학교,광주,사립,전문대학,24626374084,7165811500,17460562584,302500000,17763062584,15189197.32,116.9,1,Y,2026-08-15T07:08:44.243Z
2023,junior-college,0000263,계명문화대학교,대구,사립,전문대학,30119787884,13823820936,16295966948,317736124,16613703072,25192458.17,65.9,1,Y,2026-08-15T07:08:44.243Z
2023,junior-college,0000280,대구공업대학교,대구,사립,전문대학,4587887637,3890552990,697334647,2000000,699334647,6847841.24,10.2,1,Y,2026-08-15T07:08:44.243Z
2023,junior-college,0000283,대구과학대학교,대구,사립,전문대학,30147949466,13266412721,16881536745,1483557000,18365093745,24168093.2,76,1,Y,2026-08-15T07:08:44.243Z
2023,junior-college,0000281,대구보건대학교,대구,사립,전문대학,38344117477,18271442367,20072675110,847894572,20920569682,39977992.86,52.3,1,Y,2026-08-15T07:08:44.243Z
2023,junior-college,0000282,수성대학교,대구,사립,전문대학,12545850454,10152214040,2393636414,855731000,3249367414,18613056.96,17.5,1,Y,2026-08-15T07:08:44.243Z
2023,junior-college,0000346,영남이공대학교,대구,사립,전문대학,32862355300,15419580903,17442774397,698136900,18140911297,33538682.91,54.1,1,Y,2026-08-15T07:08:44.243Z
2023,junior-college,0000349,영진전문대학교,대구,사립,전문대학,41157585457,18434725090,22722860367,943905275,23666765642,39945859.81,59.2,1,Y,2026-08-15T07:08:44.243Z
2023,junior-college,0000376,대덕대학교,대전,사립,전문대학,5914412910,4558354930,1356057980,103028953,1459086933,9149173.623,15.9,1,Y,2026-08-15T07:08:44.243Z
2023,junior-college,0000512,대전과학기술대학교,대전,사립,전문대학,19193134440,9189782106,10003352334,331363525,10334715859,22554340.02,45.8,1,Y,2026-08-15T07:08:44.243Z
2023,junior-college,0000288,대전보건대학교,대전,사립,전문대학,22838764934,11263646124,11575118810,1228520431,12803639241,24749041.16,51.7,1,Y,2026-08-15T07:08:44.243Z
2023,junior-college,0000289,우송정보대학,대전,사립,전문대학,18208055639,8698404064,9509651575,231114925,9740766500,18549736.4,52.5,1,Y,2026-08-15T07:08:44.243Z
2023,junior-college,0000253,경남정보대학교,부산,사립,전문대학,36832893041,17190675202,19642217839,668348415,20310566254,31918695.79,63.6,1,Y,2026-08-15T07:08:44.243Z
2023,junior-college,0000284,대동대학교,부산,사립,전문대학,7552448332,3616165517,3936282815,130865334,4067148149,8379528.067,48.5,1,Y,2026-08-15T07:08:44.243Z
2023,junior-college,0000303,동의과학대학교,부산,사립,전문대학,25665823129,10586359930,15079463199,805587900,15885051099,22459331.33,70.7,1,Y,2026-08-15T07:08:44.243Z
2023,junior-college,0000313,부산경상대학교,부산,사립,전문대학,19939991326,6231388189,13708603137,636144000,14344747137,10381278.56,138.2,1,Y,2026-08-15T07:08:44.243Z
2023,junior-college,0000315,부산과학기술대학교,부산,사립,전문대학,24380623812,9721279204,14659344608,443443303,15102787911,18530722.73,81.5,1,Y,2026-08-15T07:08:44.243Z
2023,junior-college,0000569,부산보건대학교,부산,사립,전문대학,16610616448,7026715185,9583901263,167533246,9751434509,13458023.04,72.5,1,Y,2026-08-15T07:08:44.243Z
2023,junior-college,0000314,부산여자대학교,부산,사립,전문대학,12456285582,5695957069,6760328513,164604000,6924932513,10914340.39,63.4,1,Y,2026-08-15T07:08:44.243Z
2023,junior-college,0000388,부산예술대학교,부산,사립,전문대학,2349717374,2107371327,242346047,103065290,345411337,3377087.624,10.2,1,Y,2026-08-15T07:08:44.243Z
2023,junior-college,0000300,동양미래대학교,서울,사립,전문대학,30304437098,14213137551,16091299547,203549985,16294849532,36584576.72,44.5,1,Y,2026-08-15T07:08:44.243Z
2023,junior-college,0000307,명지전문대학,서울,사립,전문대학,31288028966,15791732786,15496296180,35935351,15532231531,40225315.59,38.6,1,Y,2026-08-15T07:08:44.243Z
2023,junior-college,0000310,배화여자대학교,서울,사립,전문대학,15508368408,5907291510,9601076898,327902083,9928978981,15031611.97,66.1,1,Y,2026-08-15T07:08:44.243Z
2023,junior-college,0000317,삼육보건대학교,서울,사립,전문대학,8408883050,2439484121,5969398929,27039000,5996437929,7009952.03,85.5,1,Y,2026-08-15T07:08:44.243Z
2023,junior-college,0000321,서울여자간호대학교,서울,사립,전문대학,4630968161,1369664366,3261303795,73701384,3335005179,5516768.244,60.5,1,Y,2026-08-15T07:08:44.243Z
2023,junior-college,0000324,서일대학교,서울,사립,전문대학,23762544511,14327080223,9435464288,775396392,10210860680,33627822.92,30.4,1,Y,2026-08-15T07:08:44.243Z
2023,junior-college,0000333,숭의여자대학교,서울,사립,전문대학,7988374032,7439572312,548801720,11990496,560792216,17353731.06,3.2,1,Y,2026-08-15T07:08:44.243Z
2023,junior-college,0000356,인덕대학교,서울,사립,전문대학,25401413003,14289984868,11111428135,1913966436,13025394571,36674558.81,35.5,1,Y,2026-08-15T07:08:44.243Z
2023,junior-college,0000384,한양여자대학교,서울,사립,전문대학,30863610031,16237099555,14626510476,969121851,15595632327,40417111.99,38.6,1,Y,2026-08-15T07:08:44.243Z
2023,junior-college,0000353,한국영상대학교,세종,사립,전문대학,20725751407,8262177717,12463573690,264921056,12728494746,17583169.16,72.4,1,Y,2026-08-15T07:08:44.243Z
2023,junior-college,0000352,울산과학대학교,울산,사립,전문대학,33355725042,10425858766,22929866276,3121556004,26051422280,31282664.21,83.3,1,Y,2026-08-15T07:08:44.243Z
2023,junior-college,0000375,춘해보건대학교,울산,사립,전문대학,15467144260,6638207965,8828936295,448613353,9277549648,15062110.88,61.6,1,Y,2026-08-15T07:08:44.243Z
2023,junior-college,0000261,경인여자대학교,인천,사립,전문대학,16161301877,9881367122,6279934755,2610362182,8890296937,23152328.23,38.4,1,Y,2026-08-15T07:08:44.243Z
2023,junior-college,0000292,인천재능대학교,인천,사립,전문대학,19169893774,8026118103,11143775671,331052732,11474828403,16563776.23,69.3,1,Y,2026-08-15T07:08:44.243Z
2023,junior-college,0000357,인하공업전문대학,인천,사립,전문대학,30482507795,15883140151,14599367644,92212741,14691580385,43900050.85,33.5,1,Y,2026-08-15T07:08:44.243Z
2023,junior-college,0000272,고구려대학교,전남,사립,전문대학,242139448,134842500,107296948,1912148000,2019444948,5168944.5,39.1,1,Y,2026-08-15T07:08:44.243Z
2023,junior-college,0000266,광양보건대학교,전남,사립,전문대학,498515,0,498515,0,498515,662680,0.1,1,Y,2026-08-15T07:08:44.243Z
2023,junior-college,0000532,동아보건대학교,전남,사립,전문대학,4980638495,3112959812,1867678683,25134169,1892812852,4966745.159,38.1,1,Y,2026-08-15T07:08:44.243Z
2023,junior-college,0000308,목포과학대학교,전남,사립,전문대학,18574783733,7818955075,10755828658,548860406,11304689064,13050805.44,86.6,1,Y,2026-08-15T07:08:44.243Z
2023,junior-college,0000331,순천제일대학교,전남,사립,전문대학,18005685660,6468708138,11536977522,1278089500,12815067022,12660707.01,101.2,1,Y,2026-08-15T07:08:44.243Z
2023,junior-college,0000360,전남과학대학교,전남,사립,전문대학,25178435128,10317979850,14860455278,452498197,15312953475,15651680.86,97.8,1,Y,2026-08-15T07:08:44.243Z
2023,junior-college,0000332,청암대학교,전남,사립,전문대학,10005931563,5219793870,4786137693,647300000,5433437693,12019669.45,45.2,1,Y,2026-08-15T07:08:44.243Z
2023,junior-college,0000546,한영대학교,전남,사립,전문대학,9390060213,3180168400,6209891813,685000000,6894891813,8038710.02,85.8,1,Y,2026-08-15T07:08:44.243Z
2023,junior-college,0000250,군산간호대학교,전북,사립,전문대학,6761149690,2734032916,4027116774,9087929,4036204703,7188297.5,56.1,1,Y,2026-08-15T07:08:44.243Z
2023,junior-college,0000270,군장대학교,전북,사립,전문대학,13350176401,4322681917,9027494484,1385527534,10413022018,8630936.832,120.6,1,Y,2026-08-15T07:08:44.243Z
2023,junior-college,0000311,백제예술대학교,전북,사립,전문대학,2293946752,2202162133,91784619,7072349,98856968,5993840.084,1.6,1,Y,2026-08-15T07:08:44.243Z
2023,junior-college,0000354,원광보건대학교,전북,사립,전문대학,28159950430,11940019538,16219930892,753525938,16973456830,22983257.02,73.9,1,Y,2026-08-15T07:08:44.243Z
2023,junior-college,0000362,전북과학대학교,전북,사립,전문대학,13137589642,5034120668,8103468974,300170541,8403639515,8431708.282,99.7,1,Y,2026-08-15T07:08:44.243Z
2023,junior-college,0000274,전주기전대학,전북,사립,전문대학,8205392911,4664336590,3541056321,7519311281,11060367602,8961862.781,123.4,1,Y,2026-08-15T07:08:44.243Z
2023,junior-college,0000361,전주비전대학교,전북,사립,전문대학,20704996227,8740913217,11964083010,433045418,12397128428,18103998.19,68.5,1,Y,2026-08-15T07:08:44.243Z
2023,junior-college,0000363,제주관광대학교,제주,사립,전문대학,10930842042,4114139586,6816702456,966084296,7782786752,6598541.822,117.9,1,Y,2026-08-15T07:08:44.243Z
2023,junior-college,0000382,제주한라대학교,제주,사립,전문대학,20428050469,10048408420,10379642049,440754439,10820396488,20636100.89,52.4,1,Y,2026-08-15T07:08:44.243Z
2023,junior-college,0000373,백석문화대학교,충남,사립,전문대학,19529520375,10747334910,8782185465,50889208,8833074673,28219927.82,31.3,1,Y,2026-08-15T07:08:44.243Z
2023,junior-college,0000335,신성대학교,충남,사립,전문대학,16154670569,7061752503,9092918066,186334380,9279252446,17316206.85,53.6,1,Y,2026-08-15T07:08:44.243Z
2023,junior-college,0000568,아주자동차대학교,충남,사립,전문대학,6535791870,1093481705,5442310165,327012297,5769322462,5215290.19,110.6,1,Y,2026-08-15T07:08:44.243Z
2023,junior-college,0000529,연암대학교,충남,사립,전문대학,21485826755,2618297200,18867529555,191819241,19059348796,6880528.65,277,1,Y,2026-08-15T07:08:44.243Z
2023,junior-college,0000386,혜전대학교,충남,사립,전문대학,9659376499,6068335540,3591040959,1008757017,4599797976,15209498.63,30.2,1,Y,2026-08-15T07:08:44.243Z
2023,junior-college,0000271,강동대학교,충북,사립,전문대학,10007889864,8954058089,1053831775,252393763,1306225538,17720770.78,7.4,1,Y,2026-08-15T07:08:44.243Z
2023,junior-college,0000286,대원대학교,충북,사립,전문대학,5922182387,5358383750,563798637,701818813,1265617450,10714718.75,11.8,1,Y,2026-08-15T07:08:44.243Z
2023,junior-college,0000367,충북보건과학대학교,충북,사립,전문대학,14946311949,5486049353,9460262596,107660744,9567923340,12846972.05,74.5,1,Y,2026-08-15T07:08:44.243Z
2023,junior-college,0000377,충청대학교,충북,사립,전문대학,16116896324,7475964050,8640932274,385417500,9026349774,17727903.15,50.9,1,Y,2026-08-15T07:08:44.243Z
2024,university,0000513,가톨릭관동대학교,강원,사립,대학,28522718694,14186014875,14336703819,2555208969,16891912788,39737246.2,42.5,1,Y,2026-08-15T07:08:44.243Z
2024,university,0000041,경동대학교,강원,사립,대학,25215043849,17654070020,7560973829,4086956437,11647930266,62381385.43,18.7,4,Y,2026-08-15T07:08:44.243Z
2024,university,0000086,상지대학교,강원,사립,대학,18998965287,11611071710,7387893577,3771781061,11159674638,45868789.71,24.3,1,Y,2026-08-15T07:08:44.243Z
2024,university,0000147,한라대학교,강원,사립,대학,16018660316,6822050311,9196610005,833359942,10029969947,19358217.2,51.8,1,Y,2026-08-15T07:08:44.243Z
2024,university,0000148,한림대학교,강원,사립,대학,83848848699,16830366404,67018482295,2555183662,69573665957,55148671.39,126.2,1,Y,2026-08-15T07:08:44.243Z
2024,university,0000044,가천대학교,경기,사립,대학,125120973516,34886660189,90234313327,4518120186,94752433513,198884892.1,47.6,1,Y,2026-08-15T07:08:44.243Z
2024,university,0000034,가톨릭대학교,경기,사립,대학,97108695859,15160946314,81947749545,2078464701,84026214246,89773776.21,93.6,3,Y,2026-08-15T07:08:44.243Z
2024,university,0000036,강남대학교,경기,사립,대학,28278276126,12630294149,15647981977,565341903,16213323880,49873888.63,32.5,1,Y,2026-08-15T07:08:44.243Z
2024,university,0000039,경기대학교,경기,사립,대학,58834361116,27773731600,31060629516,2907245872,33967875388,113769486,29.9,2,Y,2026-08-15T07:08:44.243Z
2024,university,0000060,단국대학교,경기,사립,대학,139350485635,41717317811,97633167824,4919238235,102552406059,218149660.8,47,2,Y,2026-08-15T07:08:44.243Z
2024,university,0000068,대진대학교,경기,사립,대학,28513196231,17291055830,11222140401,4792026644,16014167045,58288153.3,27.5,1,Y,2026-08-15T07:08:44.243Z
2024,university,0000078,루터대학교,경기,사립,대학,3292900060,916679000,2376221060,524641074,2900862134,2283308.367,127,1,Y,2026-08-15T07:08:44.243Z
2024,university,0000079,명지대학교,경기,사립,대학,62815030932,25780363660,37034667272,778781197,37813448469,130493844.3,29,2,Y,2026-08-15T07:08:44.243Z
2024,university,0000090,서울신학대학교,경기,사립,대학,12327244596,6185796590,6141448006,56748985,6198196991,17522324.55,35.4,1,Y,2026-08-15T07:08:44.243Z
2024,university,0000092,서울장신대학교,경기,사립,대학,1218013423,872297000,345716423,2747572,348463995,3954301.133,8.8,1,Y,2026-08-15T07:08:44.243Z
2024,university,0000095,성결대학교,경기,사립,대학,20518029620,11617799281,8900230339,3128849798,12029080137,37754593.76,31.9,1,Y,2026-08-15T07:08:44.243Z
2024,university,0000101,수원가톨릭대학교,경기,사립,대학,188375550,188375550,0,4000000,4000000,782015.67,0.5,1,Y,2026-08-15T07:08:44.243Z
2024,university,0000102,수원대학교,경기,사립,대학,25226989105,16702985637,8524003468,3111177061,11635180529,65575642.48,17.7,1,Y,2026-08-15T07:08:44.243Z
2024,university,0000509,신한대학교,경기,사립,대학,25597790054,16067617910,9530172144,1381641079,10911813223,62069565.59,17.6,2,Y,2026-08-15T07:08:44.243Z
2024,university,0000558,아신대학교,경기,사립,대학,1269974945,855682000,414292945,2223465,416516410,4991023,8.3,1,Y,2026-08-15T07:08:44.243Z
2024,university,0000108,아주대학교,경기,사립,대학,143106887750,14983595300,128123292450,2305222232,130428514682,128896091.4,101.2,1,Y,2026-08-15T07:08:44.243Z
2024,university,0000109,안양대학교,경기,사립,대학,22645164813,11273940786,11371224027,9399512670,20770736697,37446477.35,55.5,2,Y,2026-08-15T07:08:44.243Z
2024,university,0000115,용인대학교,경기,사립,대학,17400374103,12373769000,5026605103,1410708269,6437313372,45554818,14.1,1,Y,2026-08-15T07:08:44.243Z
2024,university,0000130,중앙승가대학교,경기,사립,대학,364918159,63700000,301218159,0,301218159,572773.668,52.6,1,Y,2026-08-15T07:08:44.243Z
2024,university,0000139,차의과학대학교,경기,사립,대학,26506976578,5127114310,21379862268,50749082,21430611350,27073877.61,79.2,1,Y,2026-08-15T07:08:44.243Z
2024,university,0000136,칼빈대학교,경기,사립,대학,999408705,901896200,97512505,14180000,111692505,15677359.45,0.7,1,Y,2026-08-15T07:08:44.243Z
2024,university,0000138,평택대학교,경기,사립,대학,10405852117,7180045000,3225807117,609885021,3835692138,25692994.85,14.9,1,Y,2026-08-15T07:08:44.243Z
2024,university,0000562,한국공학대학교,경기,사립,대학,62677548132,13071989070,49605559062,1257035369,50862594431,62392359.89,81.5,1,Y,2026-08-15T07:08:44.243Z
2024,university,0000144,한국항공대학교,경기,사립,대학,28823035690,6795865740,22027169950,1070920194,23098090144,39823777.65,58,1,Y,2026-08-15T07:08:44.243Z
2024,university,0000151,한세대학교,경기,사립,대학,7653191520,5946942500,1706249020,80550692,1786799712,23009853.5,7.8,1,Y,2026-08-15T07:08:44.243Z
2024,university,0000152,한신대학교,경기,사립,대학,21905952671,11218840832,10687111839,869862860,11556974699,37242170.4,31,1,Y,2026-08-15T07:08:44.243Z
2024,university,0000156,협성대학교,경기,사립,대학,10624978297,8756664302,1868313995,5797945990,7666259985,28153720.25,27.2,1,Y,2026-08-15T07:08:44.243Z
2024,university,0000567,화성의과학대학교,경기,사립,대학,123740326,0,123740326,12625000,136365326,3260380.89,4.2,1,Y,2026-08-15T07:08:44.243Z
2024,university,0000032,가야대학교,경남,사립,대학,5126480618,4379315760,747164858,1146078642,1893243500,11433880.02,16.6,2,Y,2026-08-15T07:08:44.243Z
2024,university,0000040,경남대학교,경남,사립,대학,50339991069,19641806013,30698185056,2642512615,33340697671,59575995.48,56,1,Y,2026-08-15T07:08:44.243Z
2024,university,0000167,부산장신대학교,경남,사립,대학,790300781,392198800,398101981,2207216,400309197,1832492.65,21.8,1,Y,2026-08-15T07:08:44.243Z
2024,university,0000122,인제대학교,경남,사립,대학,60521420494,16931396133,43590024361,3545484812,47135509173,54681259.86,86.2,2,Y,2026-08-15T07:08:44.243Z
2024,university,0000193,창신대학교,경남,사립,대학,11281677648,4645611320,6636066328,145430855,6781497183,12515031.93,54.2,1,Y,2026-08-15T07:08:44.243Z
2024,university,0000188,경운대학교,경북,사립,대학,25198976483,13047611000,12151365483,1718723938,13870089421,38597780.8,35.9,1,Y,2026-08-15T07:08:44.243Z
2024,university,0000045,경일대학교,경북,사립,대학,46205020294,17037743120,29167277174,468918917,29636196091,49216137.85,60.2,1,Y,2026-08-15T07:08:44.243Z
2024,university,0000185,김천대학교,경북,사립,대학,7837780696,6170944234,1666836462,1136672939,2803509401,16195332.78,17.3,1,Y,2026-08-15T07:08:44.243Z
2024,university,0000063,대구가톨릭대학교,경북,사립,대학,62765876731,27044880559,35720996172,4649998752,40370994924,86462960.38,46.7,1,Y,2026-08-15T07:08:44.243Z
2024,university,0000061,대구대학교,경북,사립,대학,91867786541,39735290644,52132495897,1622785709,53755281606,114171960,47.1,1,Y,2026-08-15T07:08:44.243Z
2024,university,0000062,대구예술대학교,경북,사립,대학,944684433,828947666,115736767,5988562,121725329,2125796.666,5.7,1,Y,2026-08-15T07:08:44.243Z
2024,university,0000042,대구한의대학교,경북,사립,대학,47998263622,18393772830,29604490792,2312649941,31917140733,49378060.58,64.6,1,Y,2026-08-15T07:08:44.243Z
2024,university,0000065,대신대학교,경북,사립,대학,2212385635,1943644666,268740969,93000000,361740969,4674219.347,7.7,1,Y,2026-08-15T07:08:44.243Z
2024,university,0000076,동양대학교,경북,사립,대학,17952368968,9911721498,8040647470,1339406632,9380054102,28372215.14,33.1,2,Y,2026-08-15T07:08:44.243Z
2024,university,0000586,신경주대학교,경북,사립,대학,3990329181,3299642200,690686981,315718000,1006404981,8460928.34,11.9,1,Y,2026-08-15T07:08:44.243Z
2024,university,0000111,영남대학교,경북,사립,대학,132515713281,47451802308,85063910973,3197849054,88261760027,168882380.8,52.3,1,Y,2026-08-15T07:08:44.243Z
2024,university,0000112,영남신학대학교,경북,사립,대학,1541280611,1337922100,203358511,54063,203412574,3814240.201,5.3,1,Y,2026-08-15T07:08:44.243Z
2024,university,0000119,위덕대학교,경북,사립,대학,11262368993,6008178619,5254190374,2082530479,7336720853,15197636.03,48.3,1,Y,2026-08-15T07:08:44.243Z
2024,university,0000140,포항공과대학교,경북,사립,대학,253664501115,2260167600,251404333515,5661444134,257065777649,28387962.17,905.5,1,Y,2026-08-15T07:08:44.243Z
2024,university,0000146,한동대학교,경북,사립,대학,43026789523,10242806400,32783983123,1386697049,34170680172,31354770.69,109,1,Y,2026-08-15T07:08:44.243Z
2024,university,0000052,광신대학교,광주,사립,대학,1730931218,1576778000,154153218,374100000,528253218,5519421.068,9.6,1,Y,2026-08-15T07:08:44.243Z
2024,university,0000176,광주대학교,광주,사립,대학,31706190665,15901557535,15804633130,124676833,15929309963,35598682.22,44.7,1,Y,2026-08-15T07:08:44.243Z
2024,university,0000055,광주여자대학교,광주,사립,대학,18272587090,9365261025,8907326065,92986345,9000312410,21334241.95,42.2,1,Y,2026-08-15T07:08:44.243Z
2024,university,0000162,남부대학교,광주,사립,대학,15106544600,7036072069,8070472531,191144497,8261617028,17532404.29,47.1,1,Y,2026-08-15T07:08:44.243Z
2024,university,0000187,송원대학교,광주,사립,대학,13497485003,6631201160,6866283843,345011587,7211295430,17490050.79,41.2,1,Y,2026-08-15T07:08:44.243Z
2024,university,0000127,조선대학교,광주,사립,대학,122374780640,42685941215,79688839425,2014019354,81702858779,138246668,59.1,1,Y,2026-08-15T07:08:44.243Z
2024,university,0000157,호남대학교,광주,사립,대학,35051182885,16752208710,18298974175,83002733,18381976908,48518344.29,37.9,1,Y,2026-08-15T07:08:44.243Z
2024,university,0000158,호남신학대학교,광주,사립,대학,1818411300,1452221884,366189416,171484,366360900,4034288.932,9.1,1,Y,2026-08-15T07:08:44.243Z
2024,university,0000048,계명대학교,대구,사립,대학,108765362195,48392422192,60372940003,5856223045,66229163048,163379084.4,40.5,1,Y,2026-08-15T07:08:44.243Z
2024,university,0000067,대전대학교,대전,사립,대학,48847502352,19525500442,29322001910,7859928552,37181930462,58140167.59,64,1,Y,2026-08-15T07:08:44.243Z
2024,university,0000182,대전신학대학교,대전,사립,대학,309555844,178491000,131064844,0,131064844,1022172.013,12.8,1,Y,2026-08-15T07:08:44.243Z
2024,university,0000080,목원대학교,대전,사립,대학,34692831682,18150657240,16542174442,797579016,17339753458,51603742.24,33.6,1,Y,2026-08-15T07:08:44.243Z
2024,university,0000081,배재대학교,대전,사립,대학,38647650127,18009435590,20638214537,1213929068,21852143605,52863930.31,41.3,1,Y,2026-08-15T07:08:44.243Z
2024,university,0000184,우송대학교,대전,사립,대학,45774659877,22018923889,23755735988,994649154,24750385142,78679388.45,31.5,1,Y,2026-08-15T07:08:44.243Z
2024,university,0000120,을지대학교,대전,사립,대학,27405646671,10460901050,16944745621,665896630,17610642251,38634314.79,45.6,3,Y,2026-08-15T07:08:44.243Z
2024,university,0000551,한국침례신학대학교,대전,사립,대학,4911350487,2360756101,2550594386,47185524,2597779910,8055872.815,32.2,1,Y,2026-08-15T07:08:44.243Z
2024,university,0000145,한남대학교,대전,사립,대학,73356995321,25290333314,48066662007,2820424771,50887086778,80962197.32,62.9,1,Y,2026-08-15T07:08:44.243Z
2024,university,0000043,경성대학교,부산,사립,대학,53412979859,26704620098,26708359761,1314622312,28022982073,87169578.14,32.1,1,Y,2026-08-15T07:08:44.243Z
2024,university,0000050,고신대학교,부산,사립,대학,16394914953,7175416470,9219498483,1642055078,10861553561,21362326.64,50.8,1,Y,2026-08-15T07:08:44.243Z
2024,university,0000180,동명대학교,부산,사립,대학,38953460108,19719952150,19233507958,2091743083,21325251041,47465531.43,44.9,1,Y,2026-08-15T07:08:44.243Z
2024,university,0000073,동서대학교,부산,사립,대학,55279326675,23762661525,31516665150,2394841434,33911506584,58021613.27,58.4,1,Y,2026-08-15T07:08:44.243Z
2024,university,0000075,동아대학교,부산,사립,대학,108267408678,40638335327,67629073351,4801189685,72430263036,141919084.4,51,1,Y,2026-08-15T07:08:44.243Z
2024,university,0000077,동의대학교,부산,사립,대학,72018314510,34778863852,37239450658,3230382538,40469833196,99775930.16,40.6,1,Y,2026-08-15T07:08:44.243Z
2024,university,0000082,부산가톨릭대학교,부산,사립,대학,21559345677,8248025086,13311320591,1828651290,15139971881,24288152.01,62.3,1,Y,2026-08-15T07:08:44.243Z
2024,university,0000083,부산외국어대학교,부산,사립,대학,27381591035,14850525333,12531065702,1276569815,13807635517,42416091.22,32.6,1,Y,2026-08-15T07:08:44.243Z
2024,university,0000106,신라대학교,부산,사립,대학,31936091533,16766167110,15169924423,3174503290,18344427713,45202695.77,40.6,1,Y,2026-08-15T07:08:44.243Z
2024,university,0000181,영산대학교,부산,사립,대학,25313860106,13706348900,11607511206,3898159718,15505670924,35157630.79,44.1,2,Y,2026-08-15T07:08:44.243Z
2024,university,0000035,감리교신학대학교,서울,사립,대학,2865355998,1896537100,968818898,14459929,983278827,7387470,13.3,1,Y,2026-08-15T07:08:44.243Z
2024,university,0000565,강서대학교,서울,사립,대학,4011891268,2828466417,1183424851,1043687093,2227111944,12348334.88,18,1,Y,2026-08-15T07:08:44.243Z
2024,university,0000037,건국대학교,서울,사립,대학,145264168645,40301950175,104962218470,5878288965,110840507435,230867218.8,48,2,Y,2026-08-15T07:08:44.243Z
2024,university,0000047,경희대학교,서울,사립,대학,192036834858,39079271100,152957563758,6208525811,159166089569,303069353.5,52.5,1,Y,2026-08-15T07:08:44.243Z
2024,university,0000049,고려대학교,서울,사립,대학,431333463732,36128784817,395204678915,22838355922,418043034837,384122625.6,108.8,2,Y,2026-08-15T07:08:44.243Z
2024,university,0000053,광운대학교,서울,사립,대학,53222351499,13756396420,39465955079,5624497731,45090452810,79799260.16,56.5,1,Y,2026-08-15T07:08:44.243Z
2024,university,0000056,국민대학교,서울,사립,대학,100360062718,27031959709,73328103009,3191475420,76519578429,156606368.8,48.9,1,Y,2026-08-15T07:08:44.243Z
2024,university,0000070,덕성여자대학교,서울,사립,대학,24672324275,9544557255,15127767020,1174474227,16302241247,40101606.76,40.7,1,Y,2026-08-15T07:08:44.243Z
2024,university,0000071,동국대학교,서울,사립,대학,142454178820,36224504271,106229674549,5652932272,111882606821,213109209.1,52.5,2,Y,2026-08-15T07:08:44.243Z
2024,university,0000072,동덕여자대학교,서울,사립,대학,24373954954,13405510244,10968444710,1707981639,12676426349,53042371.39,23.9,1,Y,2026-08-15T07:08:44.243Z
2024,university,0000084,삼육대학교,서울,사립,대학,27145867842,11661889910,15483977932,1142928879,16626906811,46510213.45,35.7,1,Y,2026-08-15T07:08:44.243Z
2024,university,0000085,상명대학교,서울,사립,대학,50724344117,26034375142,24689968975,4300688375,28990657350,100561811.5,28.8,2,Y,2026-08-15T07:08:44.243Z
2024,university,0000087,서강대학교,서울,사립,대학,88948589686,10240855966,78707733720,699556215,79407289935,120613255.3,65.8,1,Y,2026-08-15T07:08:44.243Z
2024,university,0000088,서경대학교,서울,사립,대학,26251937024,12571629369,13680307655,2825091301,16505398956,54850747.07,30.1,1,Y,2026-08-15T07:08:44.243Z
2024,university,0000069,서울기독대학교,서울,사립,대학,1244338206,795783000,448555206,107195,448662401,6185484.117,7.3,1,Y,2026-08-15T07:08:44.243Z
2024,university,0000091,서울여자대학교,서울,사립,대학,27555833491,14031187342,13524646149,3397950405,16922596554,53408318.61,31.7,1,Y,2026-08-15T07:08:44.243Z
2024,university,0000539,서울한영대학교,서울,사립,대학,2001817552,1495086870,506730682,3304882,510035564,6146771.372,8.3,1,Y,2026-08-15T07:08:44.243Z
2024,university,0000096,성공회대학교,서울,사립,대학,8079243926,5059035934,3020207992,153680525,3173888517,16987074.37,18.7,1,Y,2026-08-15T07:08:44.243Z
2024,university,0000097,성균관대학교,서울,사립,대학,361700058710,25082756102,336617302608,5877907842,342495210450,294417996.5,116.3,1,Y,2026-08-15T07:08:44.243Z
2024,university,0000098,성신여자대학교,서울,사립,대학,36010484411,17904806000,18105678411,1363616518,19469294929,81187655.51,24,1,Y,2026-08-15T07:08:44.243Z
2024,university,0000100,세종대학교,서울,사립,대학,97923919393,20024680500,77899238893,3014895834,80914134727,149666761.4,54.1,1,Y,2026-08-15T07:08:44.243Z
2024,university,0000103,숙명여자대학교,서울,사립,대학,63316321174,16709780100,46606541074,21157240021,67763781095,106336116.8,63.7,1,Y,2026-08-15T07:08:44.243Z
2024,university,0000105,숭실대학교,서울,사립,대학,78505090061,21353586300,57151503761,2186858431,59338362192,144041793.3,41.2,1,Y,2026-08-15T07:08:44.243Z
2024,university,0000110,연세대학교,서울,사립,대학,460886588428,37085818950,423800769478,8594931896,432395701374,416768298.5,103.7,2,Y,2026-08-15T07:08:44.243Z
2024,university,0000121,이화여자대학교,서울,사립,대학,137374649658,21536781860,115837867798,4173872112,120011739910,212724749.7,56.4,1,Y,2026-08-15T07:08:44.243Z
2024,university,0000125,장로회신학대학교,서울,사립,대학,2773495145,1942625990,830869155,1161844,832030999,16474320.05,5.1,1,Y,2026-08-15T07:08:44.243Z
2024,university,0000129,중앙대학교,서울,사립,대학,190694405969,36972318910,153722087059,2855645359,156577732418,263901737.1,59.3,2,Y,2026-08-15T07:08:44.243Z
2024,university,0000133,총신대학교,서울,사립,대학,5737093169,4083453134,1653640035,54003273,1707643308,24323937.32,7,1,Y,2026-08-15T07:08:44.243Z
2024,university,0000134,추계예술대학교,서울,사립,대학,4954034967,2267369800,2686665167,9393302,2696058469,11328706.65,23.8,1,Y,2026-08-15T07:08:44.243Z
2024,university,0000142,한국성서대학교,서울,사립,대학,5807081499,2565999371,3241082128,175204127,3416286255,7465730.5,45.8,1,Y,2026-08-15T07:08:44.243Z
2024,university,0000143,한국외국어대학교,서울,사립,대학,62635262862,25200384267,37434878595,2036415259,39471293854,145004906.5,27.2,1,Y,2026-08-15T07:08:44.243Z
2024,university,0000150,한성대학교,서울,사립,대학,31061886461,14421452701,16640433760,3042404244,19682838004,59751615.52,32.9,1,Y,2026-08-15T07:08:44.243Z
2024,university,0000153,한양대학교,서울,사립,대학,363881030992,43390699667,320490331325,10165018991,330655350316,378647909.6,87.3,2,Y,2026-08-15T07:08:44.243Z
2024,university,0000160,홍익대학교,서울,사립,대학,71326450281,31409552184,39916898097,905072559,40821970656,199294532.5,20.5,2,Y,2026-08-15T07:08:44.243Z
2024,university,0000066,대전가톨릭대학교,세종,사립,대학,71680000,71680000,0,0,0,303460,0,1,Y,2026-08-15T07:08:44.243Z
2024,university,0000117,울산대학교,울산,사립,대학,101899102746,20198328238,81700774508,12493878313,94194652821,90987056.91,103.5,1,Y,2026-08-15T07:08:44.243Z
2024,university,0000123,인천가톨릭대학교,인천,사립,대학,4077446128,1415738250,2661707878,1268621,2662976499,6002919.468,44.4,2,Y,2026-08-15T07:08:44.243Z
2024,university,0000124,인하대학교,인천,사립,대학,163558171822,30894235418,132663936404,5155389284,137819325688,173503635.9,79.4,1,Y,2026-08-15T07:08:44.243Z
2024,university,0000054,광주가톨릭대학교,전남,사립,대학,478398000,0,478398000,92840000,571238000,0,,1,Y,2026-08-15T07:08:44.243Z
2024,university,0000074,동신대학교,전남,사립,대학,39218531078,16046196130,23172334948,6448804493,29621139441,42958652.49,69,1,Y,2026-08-15T07:08:44.243Z
2024,university,0000166,목포가톨릭대학교,전남,사립,대학,5447248354,1456535130,3990713224,249822220,4240535444,3161994.32,134.1,1,Y,2026-08-15T07:08:44.243Z
2024,university,0000064,세한대학교,전남,사립,대학,11802916988,10045960434,1756956554,97363344,1854319898,24555610.31,7.6,1,Y,2026-08-15T07:08:44.243Z
2024,university,0000114,영산선학대학교,전남,사립,대학,0,0,0,3881000,3881000,39000,10,1,Y,2026-08-15T07:08:44.243Z
2024,university,0000190,초당대학교,전남,사립,대학,14771454269,6888228035,7883226234,502505430,8385731664,16657692.82,50.3,1,Y,2026-08-15T07:08:44.243Z
2024,university,0000173,예수대학교,전북,사립,대학,4445729770,1298032500,3147697270,2801771,3150499041,3251501,96.9,1,Y,2026-08-15T07:08:44.243Z
2024,university,0000164,예원예술대학교,전북,사립,대학,2232756455,2041757830,190998625,30461429,221460054,10873351.05,2,2,Y,2026-08-15T07:08:44.243Z
2024,university,0000116,우석대학교,전북,사립,대학,38884075192,15908053797,22976021395,1175278154,24151299549,49584136.84,48.7,1,Y,2026-08-15T07:08:44.243Z
2024,university,0000118,원광대학교,전북,사립,대학,82160041627,31075739922,51084301705,11200911060,62285212765,98967227.76,62.9,1,Y,2026-08-15T07:08:44.243Z
2024,university,0000126,전주대학교,전북,사립,대학,67251669629,27077847523,40173822106,4579097140,44752919246,68231208.69,65.6,1,Y,2026-08-15T07:08:44.243Z
2024,university,0000155,한일장신대학교,전북,사립,대학,3146815598,2173967434,972848164,2456185,975304349,5628580.932,17.3,1,Y,2026-08-15T07:08:44.243Z
2024,university,0000223,호원대학교,전북,사립,대학,24828266171,13945731370,10882534801,1125199322,12007734123,33268801.36,36.1,1,Y,2026-08-15T07:08:44.243Z
2024,university,0000192,제주국제대학교,제주,사립,대학,205561027,43930000,161631027,907879,162538906,2935176,5.5,1,Y,2026-08-15T07:08:44.243Z
2024,university,0000038,건양대학교,충남,사립,대학,46642324332,15750607912,30891716420,3088277503,33979993923,45521868.57,74.6,2,Y,2026-08-15T07:08:44.243Z
2024,university,0000169,금강대학교,충남,사립,대학,512095596,171244000,340851596,2000000,342851596,721268,47.5,1,Y,2026-08-15T07:08:44.243Z
2024,university,0000059,나사렛대학교,충남,사립,대학,23637927552,10988833160,12649094392,2179070218,14828164610,35051070.58,42.3,1,Y,2026-08-15T07:08:44.243Z
2024,university,0000189,남서울대학교,충남,사립,대학,35365724730,21192018610,14173706120,1066676156,15240382276,74009957.94,20.6,1,Y,2026-08-15T07:08:44.243Z
2024,university,0000131,백석대학교,충남,사립,대학,46588191246,30923811340,15664379906,6988608341,22652988247,113053739.7,20,1,Y,2026-08-15T07:08:44.243Z
2024,university,0000094,선문대학교,충남,사립,대학,53719716423,19869306380,33850410043,571802252,34422212295,64817764.35,53.1,1,Y,2026-08-15T07:08:44.243Z
2024,university,0000104,순천향대학교,충남,사립,대학,93498391101,22375578950,71122812151,4576670168,75699482319,91880360.22,82.4,1,Y,2026-08-15T07:08:44.243Z
2024,university,0000128,중부대학교,충남,사립,대학,28159558007,17509444110,10650113897,2543291976,13193405873,63684329.36,20.7,1,Y,2026-08-15T07:08:44.243Z
2024,university,0000225,청운대학교,충남,사립,대학,30717687026,14129266810,16588420216,1760111857,18348532073,38510531.27,47.6,1,Y,2026-08-15T07:08:44.243Z
2024,university,0000141,한국기술교육대학교,충남,사립,대학,165513572216,6448626764,159064945452,453607875,159518553327,20343809.13,784.1,1,Y,2026-08-15T07:08:44.243Z
2024,university,0000149,한서대학교,충남,사립,대학,34051099702,14600238834,19450860868,1614842060,21065702928,49233011.96,42.8,1,Y,2026-08-15T07:08:44.243Z
2024,university,0000159,호서대학교,충남,사립,대학,77657595923,28099681534,49557914389,1094913301,50652827690,105231342.6,48.1,1,Y,2026-08-15T07:08:44.243Z
2024,university,0000557,가톨릭꽃동네대학교,충북,사립,대학,3756927715,1081513830,2675413885,0,2675413885,3300786.665,81.1,1,Y,2026-08-15T07:08:44.243Z
2024,university,0000058,극동대학교,충북,사립,대학,8329707778,6935737862,1393969916,102563828,1496533744,23460067.05,6.4,1,Y,2026-08-15T07:08:44.243Z
2024,university,0000093,서원대학교,충북,사립,대학,36777504555,18311289545,18466215010,780159927,19246374937,47919886.4,40.2,1,Y,2026-08-15T07:08:44.243Z
2024,university,0000099,세명대학교,충북,사립,대학,25510496484,16584700790,8925795694,5601390137,14527185831,42016742.21,34.6,1,Y,2026-08-15T07:08:44.243Z
2024,university,0000113,유원대학교,충북,사립,대학,11976882652,10672482110,1304400542,246104321,1550504863,23485965.81,6.6,1,Y,2026-08-15T07:08:44.243Z
2024,university,0000183,중원대학교,충북,사립,대학,14675796286,8704339867,5971456419,455164198,6426620617,22886479.81,28.1,1,Y,2026-08-15T07:08:44.243Z
2024,university,0000132,청주대학교,충북,사립,대학,50293329929,25132761190,25160568739,935533067,26096101806,96235545.41,27.1,1,Y,2026-08-15T07:08:44.243Z
2024,junior-college,0000347,강릉영동대학교,강원,사립,전문대학,9131273008,5774591158,3356681850,921309168,4277991018,17258721.69,24.8,1,Y,2026-08-15T07:08:44.243Z
2024,junior-college,0000348,세경대학교,강원,사립,전문대학,8307510707,2251618634,6055892073,443240000,6499132073,3760810.047,172.8,1,Y,2026-08-15T07:08:44.243Z
2024,junior-college,0000393,송곡대학교,강원,사립,전문대학,6032643587,1628087233,4404556354,321952050,4726508404,4356523.671,108.5,1,Y,2026-08-15T07:08:44.243Z
2024,junior-college,0000390,송호대학교,강원,사립,전문대학,2922621779,2458233658,464388121,346626628,811014749,5192156.321,15.6,1,Y,2026-08-15T07:08:44.243Z
2024,junior-college,0000542,한국골프과학기술대학교,강원,사립,전문대학,1722502061,1627432000,95070061,189240000,284310061,3502618.5,8.1,1,Y,2026-08-15T07:08:44.243Z
2024,junior-college,0000383,한림성심대학교,강원,사립,전문대학,18527644750,6849984098,11677660652,730994369,12408655021,13842666.26,89.6,1,Y,2026-08-15T07:08:44.243Z
2024,junior-college,0000387,경기과학기술대학교,경기,사립,전문대학,28049275487,9670511153,18378764334,222334503,18601098837,25109903.9,74.1,1,Y,2026-08-15T07:08:44.243Z
2024,junior-college,0000255,경민대학교,경기,사립,전문대학,27112249834,12619201470,14493048364,461108975,14954157339,26026651.38,57.5,1,Y,2026-08-15T07:08:44.243Z
2024,junior-college,0000259,경복대학교,경기,사립,전문대학,30928006989,17418493351,13509513638,133371629,13642885267,39524064.43,34.5,1,Y,2026-08-15T07:08:44.243Z
2024,junior-college,0000264,계원예술대학교,경기,사립,전문대학,15972324535,6392979933,9579344602,51829381,9631173983,20312609.14,47.4,1,Y,2026-08-15T07:08:44.243Z
2024,junior-college,0000379,국제대학교,경기,사립,전문대학,9783796701,7180947683,2602849018,2197675850,4800524868,15390749.77,31.2,1,Y,2026-08-15T07:08:44.243Z
2024,junior-college,0000277,김포대학교,경기,사립,전문대학,5360434582,5108619919,251814663,1623825754,1875640417,12069568.32,15.5,1,Y,2026-08-15T07:08:44.243Z
2024,junior-college,0000278,농협대학교,경기,사립,전문대학,3837154625,432390000,3404764625,243127813,3647892438,1861992.664,195.9,1,Y,2026-08-15T07:08:44.243Z
2024,junior-college,0000285,대림대학교,경기,사립,전문대학,36041148887,17066948285,18974200602,6437820686,25412021288,43589252.95,58.3,1,Y,2026-08-15T07:08:44.243Z
2024,junior-college,0000294,동남보건대학교,경기,사립,전문대학,18923369207,10518630466,8404738741,2208136976,10612875717,29354339.01,36.2,1,Y,2026-08-15T07:08:44.243Z
2024,junior-college,0000287,동서울대학교,경기,사립,전문대학,30505139836,15152490327,15352649509,102384183,15455033692,36191376.94,42.7,1,Y,2026-08-15T07:08:44.243Z
2024,junior-college,0000298,동아방송예술대학교,경기,사립,전문대학,17674543250,8570527690,9104015560,63267987,9167283547,21718719.96,42.2,1,Y,2026-08-15T07:08:44.243Z
2024,junior-college,0000302,동원대학교,경기,사립,전문대학,14479653939,8955772918,5523881021,1049043346,6572924367,17477743.24,37.6,1,Y,2026-08-15T07:08:44.243Z
2024,junior-college,0000305,두원공과대학교,경기,사립,전문대학,8499275926,5130026820,3369249106,40357378,3409606484,12999434.11,26.2,1,Y,2026-08-15T07:08:44.243Z
2024,junior-college,0000316,부천대학교,경기,사립,전문대학,39259320036,21610455104,17648864932,6376368262,24025233194,43892796.84,54.7,1,Y,2026-08-15T07:08:44.243Z
2024,junior-college,0000323,서울예술대학교,경기,사립,전문대학,18676848837,7717703268,10959145569,142451652,11101597221,25273306.56,43.9,1,Y,2026-08-15T07:08:44.243Z
2024,junior-college,0000392,서정대학교,경기,사립,전문대학,36030349553,18559818060,17470531493,1512268291,18982799784,51656663.19,36.7,1,Y,2026-08-15T07:08:44.243Z
2024,junior-college,0000330,수원과학대학교,경기,사립,전문대학,6509226738,6213650670,295576068,13954306,309530374,15250048.44,2,1,Y,2026-08-15T07:08:44.243Z
2024,junior-college,0000329,수원여자대학교,경기,사립,전문대학,15060590717,8595244660,6465346057,25518167,6490864224,23696509.7,27.4,1,Y,2026-08-15T07:08:44.243Z
2024,junior-college,0000334,신구대학교,경기,사립,전문대학,24651909740,16164204795,8487704945,72651803,8560356748,39067733.98,21.9,1,Y,2026-08-15T07:08:44.243Z
2024,junior-college,0000339,신안산대학교,경기,사립,전문대학,5840719784,5285932393,554787391,1667328248,2222115639,14840975.79,15,1,Y,2026-08-15T07:08:44.243Z
2024,junior-college,0000340,안산대학교,경기,사립,전문대학,23180563283,12195227055,10985336228,591763935,11577100163,26450234.52,43.8,1,Y,2026-08-15T07:08:44.243Z
2024,junior-college,0000343,여주대학교,경기,사립,전문대학,12136940344,8039752771,4097187573,1087227073,5184414646,20054379.98,25.9,1,Y,2026-08-15T07:08:44.243Z
2024,junior-college,0000341,연성대학교,경기,사립,전문대학,30794435445,16073336483,14721098962,767306650,15488405612,35526883.33,43.6,1,Y,2026-08-15T07:08:44.243Z
2024,junior-college,0000350,오산대학교,경기,사립,전문대학,24619486804,10339268193,14280218611,866014150,15146232761,26522706.3,57.1,1,Y,2026-08-15T07:08:44.243Z
2024,junior-college,0000559,용인예술과학대학교,경기,사립,전문대학,10275200959,6479295060,3795905899,38158927,3834064826,16780610.89,22.8,1,Y,2026-08-15T07:08:44.243Z
2024,junior-college,0000394,웅지세무대학교,경기,사립,전문대학,462133442,448240000,13893442,29960,13923402,2134285.4,0.7,1,Y,2026-08-15T07:08:44.243Z
2024,junior-college,0000355,유한대학교,경기,사립,전문대학,25190777171,11369724069,13821053102,264462451,14085515553,25414611.69,55.4,1,Y,2026-08-15T07:08:44.243Z
2024,junior-college,0000358,장안대학교,경기,사립,전문대학,3843422469,3359713330,483709139,55304421,539013560,11994175.94,4.5,1,Y,2026-08-15T07:08:44.243Z
2024,junior-college,0000374,청강문화산업대학교,경기,사립,전문대학,20412247001,9712245810,10700001191,723336104,11423337295,26647813.65,42.9,1,Y,2026-08-15T07:08:44.243Z
2024,junior-college,0000391,한국관광대학교,경기,사립,전문대학,5777207778,3268926001,2508281777,22611797,2530893574,6742193.783,37.5,1,Y,2026-08-15T07:08:44.243Z
2024,junior-college,0000251,거제대학교,경남,사립,전문대학,12431759339,3221022200,9210737139,456910624,9667647763,6551092.47,147.6,1,Y,2026-08-15T07:08:44.243Z
2024,junior-college,0000395,김해대학교,경남,사립,전문대학,13379302143,4377538668,9001763475,745660154,9747423629,8019463.336,121.5,1,Y,2026-08-15T07:08:44.243Z
2024,junior-college,0000342,동원과학기술대학교,경남,사립,전문대학,18952367279,6233237700,12719129579,1120919262,13840048841,12424084.24,111.4,1,Y,2026-08-15T07:08:44.243Z
2024,junior-college,0000306,마산대학교,경남,사립,전문대학,24304468028,14723424910,9581043118,591270464,10172313582,28885595.39,35.2,1,Y,2026-08-15T07:08:44.243Z
2024,junior-college,0000530,연암공과대학교,경남,사립,전문대학,14135976235,2746866715,11389109520,200637224,11589746744,6162151.616,188.1,1,Y,2026-08-15T07:08:44.243Z
2024,junior-college,0000369,진주보건대학교,경남,사립,전문대학,13279856669,7293933290,5985923379,29575206,6015498585,14583432.12,41.2,1,Y,2026-08-15T07:08:44.243Z
2024,junior-college,0000528,창원문성대학교,경남,사립,전문대학,4482954648,2530265970,1952688678,1218220712,3170909390,5518430.83,57.5,1,Y,2026-08-15T07:08:44.243Z
2024,junior-college,0000396,한국승강기대학교,경남,사립,전문대학,8746539325,1221844250,7524695075,4959642171,12484337246,3289266.29,379.5,1,Y,2026-08-15T07:08:44.243Z
2024,junior-college,0000249,가톨릭상지대학교,경북,사립,전문대학,13916083027,4966245697,8949837330,805456718,9755294048,10166890.88,96,1,Y,2026-08-15T07:08:44.243Z
2024,junior-college,0000293,경북과학대학교,경북,사립,전문대학,7279968537,6478242480,801726057,325920000,1127646057,10844424.9,10.4,1,Y,2026-08-15T07:08:44.243Z
2024,junior-college,0000523,경북보건대학교,경북,사립,전문대학,11530239496,3585419600,7944819896,1311032000,9255851896,7164304.55,129.2,1,Y,2026-08-15T07:08:44.243Z
2024,junior-college,0000258,경북전문대학교,경북,사립,전문대학,18125528123,8658345967,9467182156,2122747000,11589929156,14580118.47,79.5,1,Y,2026-08-15T07:08:44.243Z
2024,junior-college,0000268,구미대학교,경북,사립,전문대학,39042016284,20049962220,18992054064,12985078223,31977132287,32006415.17,99.9,1,Y,2026-08-15T07:08:44.243Z
2024,junior-college,0000279,대경대학교,경북,사립,전문대학,24622131530,11547249313,13074882217,152322758,13227204975,21349743.98,62,1,Y,2026-08-15T07:08:44.243Z
2024,junior-college,0000309,문경대학교,경북,사립,전문대학,8244864398,2112436193,6132428205,3729969000,9862397205,4056216.126,243.1,1,Y,2026-08-15T07:08:44.243Z
2024,junior-college,0000380,선린대학교,경북,사립,전문대학,10846043044,5346118168,5499924876,231500000,5731424876,10628027.05,53.9,1,Y,2026-08-15T07:08:44.243Z
2024,junior-college,0000547,성운대학교,경북,사립,전문대학,12973926147,5689695330,7284230817,85000000,7369230817,7547008.95,97.6,1,Y,2026-08-15T07:08:44.243Z
2024,junior-college,0000338,안동과학대학교,경북,사립,전문대학,13866583618,5816126333,8050457285,152136733,8202594018,11697826.84,70.1,1,Y,2026-08-15T07:08:44.243Z
2024,junior-college,0000257,영남외국어대학,경북,사립,전문대학,859833171,779955500,79877671,0,79877671,2748765,2.9,1,Y,2026-08-15T07:08:44.243Z
2024,junior-college,0000381,포항대학교,경북,사립,전문대학,9842286097,4969207333,4873078764,1105000000,5978078764,9078169.691,65.9,1,Y,2026-08-15T07:08:44.243Z
2024,junior-college,0000522,호산대학교,경북,사립,전문대학,12111885292,5309749140,6802136152,92621120,6894757272,13065995.36,52.8,1,Y,2026-08-15T07:08:44.243Z
2024,junior-college,0000267,광주보건대학교,광주,사립,전문대학,22904602644,9664146649,13240455995,237574420,13478030415,17610139.09,76.5,1,Y,2026-08-15T07:08:44.243Z
2024,junior-college,0000273,기독간호대학교,광주,사립,전문대학,5565711731,1389655333,4176056398,2659000,4178715398,3152665.943,132.5,1,Y,2026-08-15T07:08:44.243Z
2024,junior-college,0000297,동강대학교,광주,사립,전문대학,9298548811,6547523830,2751024981,1765692877,4516717858,12109507.75,37.3,1,Y,2026-08-15T07:08:44.243Z
2024,junior-college,0000320,서영대학교,광주,사립,전문대학,26077696369,15710767814,10366928555,1221297888,11588226443,26253334.07,44.1,1,Y,2026-08-15T07:08:44.243Z
2024,junior-college,0000366,조선간호대학교,광주,사립,전문대학,6792970049,1483467500,5309502549,21831000,5331333549,3864917.525,137.9,1,Y,2026-08-15T07:08:44.243Z
2024,junior-college,0000365,조선이공대학교,광주,사립,전문대학,23874750716,7512838300,16361912416,213959000,16575871416,14315192.12,115.8,1,Y,2026-08-15T07:08:44.243Z
2024,junior-college,0000263,계명문화대학교,대구,사립,전문대학,35298814975,15352971098,19945843877,341283165,20287127042,25434307.87,79.8,1,Y,2026-08-15T07:08:44.243Z
2024,junior-college,0000280,대구공업대학교,대구,사립,전문대학,5184903763,4361130760,823773003,24800000,848573003,6464032.8,13.1,1,Y,2026-08-15T07:08:44.243Z
2024,junior-college,0000283,대구과학대학교,대구,사립,전문대학,31805326682,13880627897,17924698785,766680831,18691379616,24131789.45,77.5,1,Y,2026-08-15T07:08:44.243Z
2024,junior-college,0000281,대구보건대학교,대구,사립,전문대학,41633167298,19414671879,22218495419,666711417,22885206836,39515534.24,57.9,1,Y,2026-08-15T07:08:44.243Z
2024,junior-college,0000282,수성대학교,대구,사립,전문대학,13813420374,11325910820,2487509554,928867000,3416376554,19078277,17.9,1,Y,2026-08-15T07:08:44.243Z
2024,junior-college,0000346,영남이공대학교,대구,사립,전문대학,39868649434,17005158017,22863491417,653466650,23516958067,33585121.94,70,1,Y,2026-08-15T07:08:44.243Z
2024,junior-college,0000349,영진전문대학교,대구,사립,전문대학,45475933676,21010902990,24465030686,467107150,24932137836,40046126.08,62.3,1,Y,2026-08-15T07:08:44.243Z
2024,junior-college,0000376,대덕대학교,대전,사립,전문대학,6115417864,4827384900,1288032964,1156506361,2444539325,8385197.918,29.2,1,Y,2026-08-15T07:08:44.243Z
2024,junior-college,0000512,대전과학기술대학교,대전,사립,전문대학,18650190112,9022062870,9628127242,503662840,10131790082,22780309.58,44.5,1,Y,2026-08-15T07:08:44.243Z
2024,junior-college,0000288,대전보건대학교,대전,사립,전문대학,24273009590,11210924431,13062085159,480383720,13542468879,24801327.2,54.6,1,Y,2026-08-15T07:08:44.243Z
2024,junior-college,0000289,우송정보대학,대전,사립,전문대학,21307941718,9268514431,12039427287,163862987,12203290274,17875931.03,68.3,1,Y,2026-08-15T07:08:44.243Z
2024,junior-college,0000253,경남정보대학교,부산,사립,전문대학,36426571731,17418090158,19008481573,1187383444,20195865017,29624203.13,68.2,1,Y,2026-08-15T07:08:44.243Z
2024,junior-college,0000284,대동대학교,부산,사립,전문대학,8507924599,3956686666,4551237933,184500859,4735738792,8949837.166,52.9,1,Y,2026-08-15T07:08:44.243Z
2024,junior-college,0000303,동의과학대학교,부산,사립,전문대학,23226736485,10259123701,12967612784,968173444,13935786228,22021640.9,63.3,1,Y,2026-08-15T07:08:44.243Z
2024,junior-college,0000313,부산경상대학교,부산,사립,전문대학,18912777875,5585101000,13327676875,1230800000,14558476875,9133365,159.4,1,Y,2026-08-15T07:08:44.243Z
2024,junior-college,0000315,부산과학기술대학교,부산,사립,전문대학,24654524876,11388893113,13265631763,507509989,13773141752,19983055.8,68.9,1,Y,2026-08-15T07:08:44.243Z
2024,junior-college,0000569,부산보건대학교,부산,사립,전문대학,18489996317,7446239683,11043756634,226177636,11269934270,12909476.77,87.3,1,Y,2026-08-15T07:08:44.243Z
2024,junior-college,0000314,부산여자대학교,부산,사립,전문대학,12671180866,5765829735,6905351131,110846500,7016197631,10148713.99,69.1,1,Y,2026-08-15T07:08:44.243Z
2024,junior-college,0000388,부산예술대학교,부산,사립,전문대학,2762632795,2456887071,305745724,3732500,309478224,3428362.167,9,1,Y,2026-08-15T07:08:44.243Z
2024,junior-college,0000300,동양미래대학교,서울,사립,전문대학,31799831625,15828230087,15971601538,216706400,16188307938,36000658.6,45,1,Y,2026-08-15T07:08:44.243Z
2024,junior-college,0000307,명지전문대학,서울,사립,전문대학,34100845164,16709898779,17390946385,23718071,17414664456,39762208.78,43.8,1,Y,2026-08-15T07:08:44.243Z
2024,junior-college,0000310,배화여자대학교,서울,사립,전문대학,16343201488,6232975040,10110226448,320783285,10431009733,15322373.84,68.1,1,Y,2026-08-15T07:08:44.243Z
2024,junior-college,0000317,삼육보건대학교,서울,사립,전문대학,8543719696,2679109236,5864610460,10567099,5875177559,7482479.63,78.5,1,Y,2026-08-15T07:08:44.243Z
2024,junior-college,0000321,서울여자간호대학교,서울,사립,전문대학,5092822427,1632857500,3459964927,2899616,3462864543,5578528.003,62.1,1,Y,2026-08-15T07:08:44.243Z
2024,junior-college,0000324,서일대학교,서울,사립,전문대학,26745741922,14796312126,11949429796,30043893,11979473689,35642165.23,33.6,1,Y,2026-08-15T07:08:44.243Z
2024,junior-college,0000333,숭의여자대학교,서울,사립,전문대학,8358998797,7749152853,609845944,10394313,620240257,17121860.42,3.6,1,Y,2026-08-15T07:08:44.243Z
2024,junior-college,0000356,인덕대학교,서울,사립,전문대학,27688440945,14955250695,12733190250,263946688,12997136938,33965620.2,38.3,1,Y,2026-08-15T07:08:44.243Z
2024,junior-college,0000384,한양여자대학교,서울,사립,전문대학,33095493085,16999768421,16095724664,954896142,17050620806,38463822.74,44.3,1,Y,2026-08-15T07:08:44.243Z
2024,junior-college,0000353,한국영상대학교,세종,사립,전문대학,21982649854,8773607043,13209042811,146594597,13355637408,17747475.67,75.3,1,Y,2026-08-15T07:08:44.243Z
2024,junior-college,0000352,울산과학대학교,울산,사립,전문대학,35507004928,10742604645,24764400283,3627779000,28392179283,31015595.13,91.5,1,Y,2026-08-15T07:08:44.243Z
2024,junior-college,0000375,춘해보건대학교,울산,사립,전문대학,16174612405,7222732665,8951879740,325819710,9277699450,15243356.33,60.9,1,Y,2026-08-15T07:08:44.243Z
2024,junior-college,0000261,경인여자대학교,인천,사립,전문대학,16906397974,9611514219,7294883755,2571439197,9866322952,22136515.27,44.6,1,Y,2026-08-15T07:08:44.243Z
2024,junior-college,0000357,인하공업전문대학,인천,사립,전문대학,37889655743,18486077190,19403578553,354386753,19757965306,45915500.12,43,1,Y,2026-08-15T07:08:44.243Z
2024,junior-college,0000587,재능대학교,인천,사립,전문대학,18054892555,7856781038,10198111517,923124228,11121235745,17139763.67,64.9,1,Y,2026-08-15T07:08:44.243Z
2024,junior-college,0000266,광양보건대학교,전남,사립,전문대학,2765993,0,2765993,16000000,18765993,628270,3,1,Y,2026-08-15T07:08:44.243Z
2024,junior-college,0000585,나주대학교,전남,사립,전문대학,103959826,11472000,92487826,1890381650,1982869476,5746913.801,34.5,1,Y,2026-08-15T07:08:44.243Z
2024,junior-college,0000532,동아보건대학교,전남,사립,전문대학,5047306732,2977359154,2069947578,4500000,2074447578,4390491.67,47.2,1,Y,2026-08-15T07:08:44.243Z
2024,junior-college,0000308,목포과학대학교,전남,사립,전문대학,21649140017,8177450399,13471689618,453890500,13925580118,13349090.57,104.3,1,Y,2026-08-15T07:08:44.243Z
2024,junior-college,0000331,순천제일대학교,전남,사립,전문대학,19815297828,6993191666,12822106162,1011015405,13833121567,13838679.31,100,1,Y,2026-08-15T07:08:44.243Z
2024,junior-college,0000360,전남과학대학교,전남,사립,전문대학,26499390400,10034891300,16464499100,538122392,17002621492,14701631.56,115.7,1,Y,2026-08-15T07:08:44.243Z
2024,junior-college,0000332,청암대학교,전남,사립,전문대학,10934372750,5246221904,5688150846,638854000,6327004846,11749906.58,53.8,1,Y,2026-08-15T07:08:44.243Z
2024,junior-college,0000546,한영대학교,전남,사립,전문대학,9696934696,2954885000,6742049696,669500000,7411549696,7484614.9,99,1,Y,2026-08-15T07:08:44.243Z
2024,junior-college,0000250,군산간호대학교,전북,사립,전문대학,7844840348,2892075583,4952764765,5395527,4958160292,7049539.25,70.3,1,Y,2026-08-15T07:08:44.243Z
2024,junior-college,0000270,군장대학교,전북,사립,전문대학,13791061786,4236497800,9554563986,1417684886,10972248872,9588813.134,114.4,1,Y,2026-08-15T07:08:44.243Z
2024,junior-college,0000311,백제예술대학교,전북,사립,전문대학,2266294430,2155204626,111089804,7727767,118817571,5108401.626,2.3,1,Y,2026-08-15T07:08:44.243Z
2024,junior-college,0000354,원광보건대학교,전북,사립,전문대학,28891153912,11927334019,16963819893,1412272966,18376092859,22348010.6,82.2,1,Y,2026-08-15T07:08:44.243Z
2024,junior-college,0000362,전북과학대학교,전북,사립,전문대학,14235410373,5459703033,8775707340,526526220,9302233560,8568442.527,108.6,1,Y,2026-08-15T07:08:44.243Z
2024,junior-college,0000274,전주기전대학,전북,사립,전문대학,8778336279,5512670410,3265665869,3973132067,7238797936,10063274.5,71.9,1,Y,2026-08-15T07:08:44.243Z
2024,junior-college,0000361,전주비전대학교,전북,사립,전문대학,21899236181,9060973013,12838263168,127047474,12965310642,17890442.67,72.5,1,Y,2026-08-15T07:08:44.243Z
2024,junior-college,0000363,제주관광대학교,제주,사립,전문대학,11593863786,4277700547,7316163239,682632165,7998795404,6959743.687,114.9,1,Y,2026-08-15T07:08:44.243Z
2024,junior-college,0000382,제주한라대학교,제주,사립,전문대학,21359876979,10150021040,11209855939,476044646,11685900585,18824453.63,62.1,1,Y,2026-08-15T07:08:44.243Z
2024,junior-college,0000373,백석문화대학교,충남,사립,전문대학,20750865231,10210466440,10540398791,29810621,10570209412,24642612.5,42.9,1,Y,2026-08-15T07:08:44.243Z
2024,junior-college,0000335,신성대학교,충남,사립,전문대학,15339281090,7136652586,8202628504,213722060,8416350564,17113349.95,49.2,1,Y,2026-08-15T07:08:44.243Z
2024,junior-college,0000568,아주자동차대학교,충남,사립,전문대학,7482911239,901825250,6581085989,251995449,6833081438,5899086.65,115.8,1,Y,2026-08-15T07:08:44.243Z
2024,junior-college,0000529,연암대학교,충남,사립,전문대학,24919415794,2662784560,22256631234,1250196060,23506827294,6741651.89,348.7,1,Y,2026-08-15T07:08:44.243Z
2024,junior-college,0000386,혜전대학교,충남,사립,전문대학,10567331521,6400308670,4167022851,1069279707,5236302558,15644507.22,33.5,1,Y,2026-08-15T07:08:44.243Z
2024,junior-college,0000271,강동대학교,충북,사립,전문대학,12559458575,11047633914,1511824661,59941715,1571766376,19521718.26,8.1,1,Y,2026-08-15T07:08:44.243Z
2024,junior-college,0000286,대원대학교,충북,사립,전문대학,5576131118,5038936151,537194967,2158808954,2696003921,10384036.4,26,1,Y,2026-08-15T07:08:44.243Z
2024,junior-college,0000367,충북보건과학대학교,충북,사립,전문대학,16554867045,5566087325,10988779720,225065467,11213845187,13489365.72,83.1,1,Y,2026-08-15T07:08:44.243Z
2024,junior-college,0000377,충청대학교,충북,사립,전문대학,17227421718,7486866765,9740554953,247024164,9987579117,17470093.81,57.2,1,Y,2026-08-15T07:08:44.243Z
2025,university,0000513,가톨릭관동대학교,강원,사립,대학,33133898199,13821178941,19312719258,15954418018,35267137276,0,,1,Y,2026-08-15T07:08:44.243Z
2025,university,0000041,경동대학교,강원,사립,대학,29572893229,20259477481,9313415748,7971866833,17285282581,0,,4,Y,2026-08-15T07:08:44.243Z
2025,university,0000086,상지대학교,강원,사립,대학,30767647161,12654114201,18113532960,9708607302,27822140262,0,,1,Y,2026-08-15T07:08:44.243Z
2025,university,0000147,한라대학교,강원,사립,대학,19928211251,6628883485,13299327766,10254151572,23553479338,0,,1,Y,2026-08-15T07:08:44.243Z
2025,university,0000148,한림대학교,강원,사립,대학,98427773816,17122660240,81305113576,43463967306,124769080882,0,,1,Y,2026-08-15T07:08:44.243Z
2025,university,0000044,가천대학교,경기,사립,대학,136126204799,34380459840,101745744959,5561477213,107307222172,0,,1,Y,2026-08-15T07:08:44.243Z
2025,university,0000034,가톨릭대학교,경기,사립,대학,113504039971,15307191470,98196848501,5121920325,103318768826,0,,3,Y,2026-08-15T07:08:44.243Z
2025,university,0000036,강남대학교,경기,사립,대학,27489600565,13330704668,14158895897,1990472852,16149368749,0,,1,Y,2026-08-15T07:08:44.243Z
2025,university,0000039,경기대학교,경기,사립,대학,59925965243,27319625633,32606339610,1093079603,33699419213,0,,2,Y,2026-08-15T07:08:44.243Z
2025,university,0000060,단국대학교,경기,사립,대학,153401983182,44040221306,109361761876,20757821699,130119583575,0,,2,Y,2026-08-15T07:08:44.243Z
2025,university,0000068,대진대학교,경기,사립,대학,31404698007,18584308660,12820389347,2169569195,14989958542,0,,1,Y,2026-08-15T07:08:44.243Z
2025,university,0000078,루터대학교,경기,사립,대학,2213448907,848325000,1365123907,375932780,1741056687,0,,1,Y,2026-08-15T07:08:44.243Z
2025,university,0000079,명지대학교,경기,사립,대학,64054617595,25776808200,38277809395,2168830532,40446639927,0,,2,Y,2026-08-15T07:08:44.243Z
2025,university,0000090,서울신학대학교,경기,사립,대학,12344145175,6102202600,6241942575,367906921,6609849496,0,,1,Y,2026-08-15T07:08:44.243Z
2025,university,0000092,서울장신대학교,경기,사립,대학,1583272658,1156576000,426696658,6065583,432762241,0,,1,Y,2026-08-15T07:08:44.243Z
2025,university,0000095,성결대학교,경기,사립,대학,20389957091,12008755871,8381201220,2900971708,11282172928,0,,1,Y,2026-08-15T07:08:44.243Z
2025,university,0000101,수원가톨릭대학교,경기,사립,대학,226519500,226519500,0,6000000,6000000,0,,1,Y,2026-08-15T07:08:44.243Z
2025,university,0000102,수원대학교,경기,사립,대학,27153535148,17653405423,9500129725,915558491,10415688216,0,,1,Y,2026-08-15T07:08:44.243Z
2025,university,0000509,신한대학교,경기,사립,대학,27741236713,16798456103,10942780610,1438250848,12381031458,0,,2,Y,2026-08-15T07:08:44.243Z
2025,university,0000558,아신대학교,경기,사립,대학,1113468600,774575334,338893266,2300914,341194180,0,,1,Y,2026-08-15T07:08:44.243Z
2025,university,0000108,아주대학교,경기,사립,대학,144743825908,15352724050,129391101858,9905695299,139296797157,0,,1,Y,2026-08-15T07:08:44.243Z
2025,university,0000109,안양대학교,경기,사립,대학,22426411155,11281910000,11144501155,1385514412,12530015567,0,,2,Y,2026-08-15T07:08:44.243Z
2025,university,0000115,용인대학교,경기,사립,대학,20457115418,12709875000,7747240418,1530781530,9278021948,0,,1,Y,2026-08-15T07:08:44.243Z
2025,university,0000130,중앙승가대학교,경기,사립,대학,39220000,38310000,910000,2501000000,2501910000,0,,1,Y,2026-08-15T07:08:44.243Z
2025,university,0000139,차의과학대학교,경기,사립,대학,31084321271,4890966440,26193354831,2732159024,28925513855,0,,1,Y,2026-08-15T07:08:44.243Z
2025,university,0000136,칼빈대학교,경기,사립,대학,1205272433,957391300,247881133,193609323,441490456,0,,1,Y,2026-08-15T07:08:44.243Z
2025,university,0000138,평택대학교,경기,사립,대학,13172789077,6887959335,6284829742,1311839228,7596668970,0,,1,Y,2026-08-15T07:08:44.243Z
2025,university,0000562,한국공학대학교,경기,사립,대학,67693223768,14157437230,53535786538,4835000304,58370786842,0,,1,Y,2026-08-15T07:08:44.243Z
2025,university,0000144,한국항공대학교,경기,사립,대학,37569689255,6981763150,30587926105,2916238332,33504164437,0,,1,Y,2026-08-15T07:08:44.243Z
2025,university,0000151,한세대학교,경기,사립,대학,8738196083,5557903000,3180293083,373218704,3553511787,0,,1,Y,2026-08-15T07:08:44.243Z
2025,university,0000152,한신대학교,경기,사립,대학,23626307624,11884914403,11741393221,497617699,12239010920,0,,1,Y,2026-08-15T07:08:44.243Z
2025,university,0000156,협성대학교,경기,사립,대학,13150363943,9373314083,3777049860,589329509,4366379369,0,,1,Y,2026-08-15T07:08:44.243Z
2025,university,0000567,화성의과학대학교,경기,사립,대학,1657342978,1356151180,301191798,398010000,699201798,0,,1,Y,2026-08-15T07:08:44.243Z
2025,university,0000032,가야대학교,경남,사립,대학,7654051147,4428388310,3225662837,1990802312,5216465149,0,,2,Y,2026-08-15T07:08:44.243Z
2025,university,0000040,경남대학교,경남,사립,대학,58984248181,19963663931,39020584250,17784609399,56805193649,0,,1,Y,2026-08-15T07:08:44.243Z
2025,university,0000167,부산장신대학교,경남,사립,대학,1452158925,446226000,1005932925,208400651,1214333576,0,,1,Y,2026-08-15T07:08:44.243Z
2025,university,0000122,인제대학교,경남,사립,대학,70170129903,16414648840,53755481063,26194640913,79950121976,0,,2,Y,2026-08-15T07:08:44.243Z
2025,university,0000193,창신대학교,경남,사립,대학,13595062536,4768760147,8826302389,4406896574,13233198963,0,,1,Y,2026-08-15T07:08:44.243Z
2025,university,0000188,경운대학교,경북,사립,대학,32417643005,13416532333,19001110672,19774033283,38775143955,0,,1,Y,2026-08-15T07:08:44.243Z
2025,university,0000045,경일대학교,경북,사립,대학,46650359531,17485622420,29164737111,13041014648,42205751759,0,,1,Y,2026-08-15T07:08:44.243Z
2025,university,0000185,김천대학교,경북,사립,대학,11830794255,6932503688,4898290567,4444361753,9342652320,0,,1,Y,2026-08-15T07:08:44.243Z
2025,university,0000063,대구가톨릭대학교,경북,사립,대학,75811008905,27303084608,48507924297,19368316774,67876241071,0,,1,Y,2026-08-15T07:08:44.243Z
2025,university,0000061,대구대학교,경북,사립,대학,89511162019,41235234450,48275927569,13137044170,61412971739,0,,1,Y,2026-08-15T07:08:44.243Z
2025,university,0000062,대구예술대학교,경북,사립,대학,574259338,398821000,175438338,0,175438338,0,,1,Y,2026-08-15T07:08:44.243Z
2025,university,0000042,대구한의대학교,경북,사립,대학,47093441545,18457195460,28636246085,23271254645,51907500730,0,,1,Y,2026-08-15T07:08:44.243Z
2025,university,0000065,대신대학교,경북,사립,대학,3477491861,2098749500,1378742361,827106850,2205849211,0,,1,Y,2026-08-15T07:08:44.243Z
2025,university,0000076,동양대학교,경북,사립,대학,19432374097,9825303000,9607071097,5874530266,15481601363,0,,2,Y,2026-08-15T07:08:44.243Z
2025,university,0000586,신경주대학교,경북,사립,대학,2531009528,1952397000,578612528,291454250,870066778,0,,1,Y,2026-08-15T07:08:44.243Z
2025,university,0000111,영남대학교,경북,사립,대학,149200356294,49035708070,100164648224,26958081444,127122729668,0,,1,Y,2026-08-15T07:08:44.243Z
2025,university,0000112,영남신학대학교,경북,사립,대학,2141592809,1415440200,726152609,500000000,1226152609,0,,1,Y,2026-08-15T07:08:44.243Z
2025,university,0000119,위덕대학교,경북,사립,대학,12517022408,6263137364,6253885044,4508016720,10761901764,0,,1,Y,2026-08-15T07:08:44.243Z
2025,university,0000140,포항공과대학교,경북,사립,대학,301211383232,2651975000,298559408232,37057708487,335617116719,0,,1,Y,2026-08-15T07:08:44.243Z
2025,university,0000146,한동대학교,경북,사립,대학,42270880068,10386020290,31884859778,21549399253,53434259031,0,,1,Y,2026-08-15T07:08:44.243Z
2025,university,0000052,광신대학교,광주,사립,대학,1992278690,1499676000,492602690,16242999,508845689,0,,1,Y,2026-08-15T07:08:44.243Z
2025,university,0000176,광주대학교,광주,사립,대학,33379785147,14858106070,18521679077,10675338453,29197017530,0,,1,Y,2026-08-15T07:08:44.243Z
2025,university,0000055,광주여자대학교,광주,사립,대학,20124127695,9106873483,11017254212,4780563262,15797817474,0,,1,Y,2026-08-15T07:08:44.243Z
2025,university,0000162,남부대학교,광주,사립,대학,18511441225,7536919834,10974521391,7106622796,18081144187,0,,1,Y,2026-08-15T07:08:44.243Z
2025,university,0000187,송원대학교,광주,사립,대학,17044300219,7192125522,9852174697,4047541200,13899715897,0,,1,Y,2026-08-15T07:08:44.243Z
2025,university,0000127,조선대학교,광주,사립,대학,147234358921,49667113076,97567245845,18980525808,116547771653,0,,1,Y,2026-08-15T07:08:44.243Z
2025,university,0000157,호남대학교,광주,사립,대학,40605562009,17948047830,22657514179,12487185700,35144699879,0,,1,Y,2026-08-15T07:08:44.243Z
2025,university,0000158,호남신학대학교,광주,사립,대학,2722671844,1385948784,1336723060,391101674,1727824734,0,,1,Y,2026-08-15T07:08:44.243Z
2025,university,0000048,계명대학교,대구,사립,대학,123729955216,52280762900,71449192316,21405289294,92854481610,0,,1,Y,2026-08-15T07:08:44.243Z
2025,university,0000067,대전대학교,대전,사립,대학,53638628895,22501846774,31136782121,8211140086,39347922207,0,,1,Y,2026-08-15T07:08:44.243Z
2025,university,0000182,대전신학대학교,대전,사립,대학,272993563,168928000,104065563,0,104065563,0,,1,Y,2026-08-15T07:08:44.243Z
2025,university,0000080,목원대학교,대전,사립,대학,38049050288,18425600930,19623449358,6218682230,25842131588,0,,1,Y,2026-08-15T07:08:44.243Z
2025,university,0000081,배재대학교,대전,사립,대학,37921083647,18754792290,19166291357,6721680114,25887971471,0,,1,Y,2026-08-15T07:08:44.243Z
2025,university,0000184,우송대학교,대전,사립,대학,46825715418,22047390857,24778324561,6233095755,31011420316,0,,1,Y,2026-08-15T07:08:44.243Z
2025,university,0000120,을지대학교,대전,사립,대학,27606594734,10816810100,16789784634,2754801360,19544585994,0,,3,Y,2026-08-15T07:08:44.243Z
2025,university,0000551,한국침례신학대학교,대전,사립,대학,4567276724,2241716100,2325560624,21710478,2347271102,0,,1,Y,2026-08-15T07:08:44.243Z
2025,university,0000145,한남대학교,대전,사립,대학,71141515688,26549940743,44591574945,9486117124,54077692069,0,,1,Y,2026-08-15T07:08:44.243Z
2025,university,0000043,경성대학교,부산,사립,대학,60219610016,30148491835,30071118181,16167333635,46238451816,0,,1,Y,2026-08-15T07:08:44.243Z
2025,university,0000050,고신대학교,부산,사립,대학,17599868597,6533287501,11066581096,3968519000,15035100096,0,,1,Y,2026-08-15T07:08:44.243Z
2025,university,0000180,동명대학교,부산,사립,대학,36395236769,19265012920,17130223849,7587205900,24717429749,0,,1,Y,2026-08-15T07:08:44.243Z
2025,university,0000073,동서대학교,부산,사립,대학,51657334113,24010648489,27646685624,13929543900,41576229524,0,,1,Y,2026-08-15T07:08:44.243Z
2025,university,0000075,동아대학교,부산,사립,대학,126407373767,43834034963,82573338804,27093554810,109666893614,0,,1,Y,2026-08-15T07:08:44.243Z
2025,university,0000077,동의대학교,부산,사립,대학,76674136905,38315623722,38358513183,11495279000,49853792183,0,,1,Y,2026-08-15T07:08:44.243Z
2025,university,0000082,부산가톨릭대학교,부산,사립,대학,20044380302,8372782660,11671597642,5979578130,17651175772,0,,1,Y,2026-08-15T07:08:44.243Z
2025,university,0000083,부산외국어대학교,부산,사립,대학,32081670362,16816130453,15265539909,3924491500,19190031409,0,,1,Y,2026-08-15T07:08:44.243Z
2025,university,0000106,신라대학교,부산,사립,대학,32980891413,16701326880,16279564533,7131653300,23411217833,0,,1,Y,2026-08-15T07:08:44.243Z
2025,university,0000181,영산대학교,부산,사립,대학,29020800621,15384416110,13636384511,7244875227,20881259738,0,,2,Y,2026-08-15T07:08:44.243Z
2025,university,0000035,감리교신학대학교,서울,사립,대학,2728889179,1909755940,819133239,2149420,821282659,0,,1,Y,2026-08-15T07:08:44.243Z
2025,university,0000565,강서대학교,서울,사립,대학,5211536518,2980947250,2230589268,1077869319,3308458587,0,,1,Y,2026-08-15T07:08:44.243Z
2025,university,0000037,건국대학교,서울,사립,대학,156495466054,41622986829,114872479225,14978268582,129850747807,0,,2,Y,2026-08-15T07:08:44.243Z
2025,university,0000047,경희대학교,서울,사립,대학,212223149033,38516255720,173706893313,9187778154,182894671467,0,,1,Y,2026-08-15T07:08:44.243Z
2025,university,0000049,고려대학교,서울,사립,대학,480895521852,34931783300,445963738552,20347928457,466311667009,0,,2,Y,2026-08-15T07:08:44.243Z
2025,university,0000053,광운대학교,서울,사립,대학,54178594008,13791764150,40386829858,2276482020,42663311878,0,,1,Y,2026-08-15T07:08:44.243Z
2025,university,0000056,국민대학교,서울,사립,대학,101986359951,27090595700,74895764251,3077208180,77972972431,0,,1,Y,2026-08-15T07:08:44.243Z
2025,university,0000070,덕성여자대학교,서울,사립,대학,26312809203,10100647080,16212162123,1743660874,17955822997,0,,1,Y,2026-08-15T07:08:44.243Z
2025,university,0000071,동국대학교,서울,사립,대학,149998109992,37305521101,112692588891,14227167471,126919756362,0,,2,Y,2026-08-15T07:08:44.243Z
2025,university,0000072,동덕여자대학교,서울,사립,대학,23968114673,11529109740,12439004933,756933687,13195938620,0,,1,Y,2026-08-15T07:08:44.243Z
2025,university,0000084,삼육대학교,서울,사립,대학,25766360042,11636794160,14129565882,1521507793,15651073675,0,,1,Y,2026-08-15T07:08:44.243Z
2025,university,0000085,상명대학교,서울,사립,대학,52313180820,27133105834,25180074986,5979356794,31159431780,0,,2,Y,2026-08-15T07:08:44.243Z
2025,university,0000087,서강대학교,서울,사립,대학,95060696743,10358876166,84701820577,2421751005,87123571582,0,,1,Y,2026-08-15T07:08:44.243Z
2025,university,0000088,서경대학교,서울,사립,대학,28251814530,13082759700,15169054830,1455280670,16624335500,0,,1,Y,2026-08-15T07:08:44.243Z
2025,university,0000069,서울기독대학교,서울,사립,대학,1165103118,991668600,173434518,28291936,201726454,0,,1,Y,2026-08-15T07:08:44.243Z
2025,university,0000091,서울여자대학교,서울,사립,대학,29495991305,14985527830,14510463475,3502702229,18013165704,0,,1,Y,2026-08-15T07:08:44.243Z
2025,university,0000539,서울한영대학교,서울,사립,대학,1994263497,1411385100,582878397,21592568,604470965,0,,1,Y,2026-08-15T07:08:44.243Z
2025,university,0000096,성공회대학교,서울,사립,대학,9278050513,5178651967,4099398546,38956015,4138354561,0,,1,Y,2026-08-15T07:08:44.243Z
2025,university,0000097,성균관대학교,서울,사립,대학,406255189478,24990875800,381264313678,14977566469,396241880147,0,,1,Y,2026-08-15T07:08:44.243Z
2025,university,0000098,성신여자대학교,서울,사립,대학,38910230832,17952565100,20957665732,287094521,21244760253,0,,1,Y,2026-08-15T07:08:44.243Z
2025,university,0000100,세종대학교,서울,사립,대학,113579063089,19851433250,93727629839,4041613357,97769243196,0,,1,Y,2026-08-15T07:08:44.243Z
2025,university,0000103,숙명여자대학교,서울,사립,대학,66056366272,16226961700,49829404572,3850922833,53680327405,0,,1,Y,2026-08-15T07:08:44.243Z
2025,university,0000105,숭실대학교,서울,사립,대학,86660658495,22693038068,63967620427,2708738520,66676358947,0,,1,Y,2026-08-15T07:08:44.243Z
2025,university,0000110,연세대학교,서울,사립,대학,541794901638,36293217733,505501683905,20730026278,526231710183,0,,2,Y,2026-08-15T07:08:44.243Z
2025,university,0000121,이화여자대학교,서울,사립,대학,159345254393,20587703600,138757550793,3558029490,142315580283,0,,1,Y,2026-08-15T07:08:44.243Z
2025,university,0000125,장로회신학대학교,서울,사립,대학,3300603730,1955363820,1345239910,1023927,1346263837,0,,1,Y,2026-08-15T07:08:44.243Z
2025,university,0000129,중앙대학교,서울,사립,대학,197174504627,36408087000,160766417627,7596328354,168362745981,0,,2,Y,2026-08-15T07:08:44.243Z
2025,university,0000133,총신대학교,서울,사립,대학,6868152095,4649442620,2218709475,17241504590,19460214065,0,,1,Y,2026-08-15T07:08:44.243Z
2025,university,0000134,추계예술대학교,서울,사립,대학,5046214166,2462801830,2583412336,19411984,2602824320,0,,1,Y,2026-08-15T07:08:44.243Z
2025,university,0000142,한국성서대학교,서울,사립,대학,5099974346,2647176700,2452797646,52411040,2505208686,0,,1,Y,2026-08-15T07:08:44.243Z
2025,university,0000143,한국외국어대학교,서울,사립,대학,63291216215,25983233035,37307983180,2638002560,39945985740,0,,1,Y,2026-08-15T07:08:44.243Z
2025,university,0000150,한성대학교,서울,사립,대학,36167433908,16166652798,20000781110,2747276377,22748057487,0,,1,Y,2026-08-15T07:08:44.243Z
2025,university,0000153,한양대학교,서울,사립,대학,368866616800,41793903683,327072713117,15495206940,342567920057,0,,2,Y,2026-08-15T07:08:44.243Z
2025,university,0000160,홍익대학교,서울,사립,대학,77815409133,30388397100,47427012033,3638289602,51065301635,0,,2,Y,2026-08-15T07:08:44.243Z
2025,university,0000066,대전가톨릭대학교,세종,사립,대학,78703270,76930000,1773270,9550000,11323270,0,,1,Y,2026-08-15T07:08:44.243Z
2025,university,0000117,울산대학교,울산,사립,대학,128734932248,20816555481,107918376767,50031421337,157949798104,0,,1,Y,2026-08-15T07:08:44.243Z
2025,university,0000123,인천가톨릭대학교,인천,사립,대학,4982026584,1706041850,3275984734,1355886281,4631871015,0,,2,Y,2026-08-15T07:08:44.243Z
2025,university,0000124,인하대학교,인천,사립,대학,194126431443,32318677335,161807754108,12127540407,173935294515,0,,1,Y,2026-08-15T07:08:44.243Z
2025,university,0000054,광주가톨릭대학교,전남,사립,대학,3547080,0,3547080,0,3547080,0,,1,Y,2026-08-15T07:08:44.243Z
2025,university,0000074,동신대학교,전남,사립,대학,40388397859,15866807620,24521590239,16750022634,41271612873,0,,1,Y,2026-08-15T07:08:44.243Z
2025,university,0000166,목포가톨릭대학교,전남,사립,대학,5172031283,1593184960,3578846323,1518008000,5096854323,0,,1,Y,2026-08-15T07:08:44.243Z
2025,university,0000064,세한대학교,전남,사립,대학,16170127582,9758934447,6411193135,2806209025,9217402160,0,,1,Y,2026-08-15T07:08:44.243Z
2025,university,0000114,영산선학대학교,전남,사립,대학,0,0,0,0,0,0,,1,Y,2026-08-15T07:08:44.243Z
2025,university,0000190,초당대학교,전남,사립,대학,14404237273,6295670020,8108567253,5095958000,13204525253,0,,1,Y,2026-08-15T07:08:44.243Z
2025,university,0000173,예수대학교,전북,사립,대학,4168222243,1450727500,2717494743,1051000000,3768494743,0,,1,Y,2026-08-15T07:08:44.243Z
2025,university,0000164,예원예술대학교,전북,사립,대학,2855621831,2421874333,433747498,178554261,612301759,0,,2,Y,2026-08-15T07:08:44.243Z
2025,university,0000116,우석대학교,전북,사립,대학,47198748657,16809766902,30388981755,17260334965,47649316720,0,,1,Y,2026-08-15T07:08:44.243Z
2025,university,0000118,원광대학교,전북,사립,대학,96995018454,31931340571,65063677883,42303987594,107367665477,0,,1,Y,2026-08-15T07:08:44.243Z
2025,university,0000126,전주대학교,전북,사립,대학,67810614558,26322724365,41487890193,19046280148,60534170341,0,,1,Y,2026-08-15T07:08:44.243Z
2025,university,0000155,한일장신대학교,전북,사립,대학,2501386637,1731415000,769971637,2026850,771998487,0,,1,Y,2026-08-15T07:08:44.243Z
2025,university,0000223,호원대학교,전북,사립,대학,23582785816,13637555220,9945230596,4562664623,14507895219,0,,1,Y,2026-08-15T07:08:44.243Z
2025,university,0000192,제주국제대학교,제주,사립,대학,94579763,2200000,92379763,0,92379763,0,,1,Y,2026-08-15T07:08:44.243Z
2025,university,0000038,건양대학교,충남,사립,대학,54717910001,15378271332,39339638669,26636244306,65975882975,0,,2,Y,2026-08-15T07:08:44.243Z
2025,university,0000169,금강대학교,충남,사립,대학,414714696,128292000,286422696,51000000,337422696,0,,1,Y,2026-08-15T07:08:44.243Z
2025,university,0000059,나사렛대학교,충남,사립,대학,25320195294,11578591160,13741604134,5662019940,19403624074,0,,1,Y,2026-08-15T07:08:44.243Z
2025,university,0000189,남서울대학교,충남,사립,대학,37926598381,22478990531,15447607850,5820334013,21267941863,0,,1,Y,2026-08-15T07:08:44.243Z
2025,university,0000131,백석대학교,충남,사립,대학,51253699709,32529628870,18724070839,8137246677,26861317516,0,,1,Y,2026-08-15T07:08:44.243Z
2025,university,0000094,선문대학교,충남,사립,대학,55072287652,19934165400,35138122252,10988201061,46126323313,0,,1,Y,2026-08-15T07:08:44.243Z
2025,university,0000104,순천향대학교,충남,사립,대학,116590943771,23152336230,93438607541,16113759644,109552367185,0,,1,Y,2026-08-15T07:08:44.243Z
2025,university,0000128,중부대학교,충남,사립,대학,29573312609,16934099470,12639213139,5686593192,18325806331,0,,1,Y,2026-08-15T07:08:44.243Z
2025,university,0000225,청운대학교,충남,사립,대학,32463472334,13824443450,18639028884,7243170483,25882199367,0,,1,Y,2026-08-15T07:08:44.243Z
2025,university,0000141,한국기술교육대학교,충남,사립,대학,163852508069,7470894620,156381613449,9147289698,165528903147,0,,1,Y,2026-08-15T07:08:44.243Z
2025,university,0000149,한서대학교,충남,사립,대학,40943447512,14629924368,26313523144,14173497326,40487020470,0,,1,Y,2026-08-15T07:08:44.243Z
2025,university,0000159,호서대학교,충남,사립,대학,71926402810,29177127199,42749275611,12234477592,54983753203,0,,1,Y,2026-08-15T07:08:44.243Z
2025,university,0000557,가톨릭꽃동네대학교,충북,사립,대학,3838110347,1358619500,2479490847,633099063,3112589910,0,,1,Y,2026-08-15T07:08:44.243Z
2025,university,0000058,극동대학교,충북,사립,대학,10533942546,7445550145,3088392401,1868639248,4957031649,0,,1,Y,2026-08-15T07:08:44.243Z
2025,university,0000093,서원대학교,충북,사립,대학,36279170223,19394171821,16884998402,6776776527,23661774929,0,,1,Y,2026-08-15T07:08:44.243Z
2025,university,0000099,세명대학교,충북,사립,대학,26007190028,15506598600,10500591428,6885662347,17386253775,0,,1,Y,2026-08-15T07:08:44.243Z
2025,university,0000113,유원대학교,충북,사립,대학,19991129516,14677170001,5313959515,2921638649,8235598164,0,,1,Y,2026-08-15T07:08:44.243Z
2025,university,0000183,중원대학교,충북,사립,대학,19392480199,9695782070,9696698129,6564897579,16261595708,0,,1,Y,2026-08-15T07:08:44.243Z
2025,university,0000132,청주대학교,충북,사립,대학,58027188981,25870334488,32156854493,13187639400,45344493893,0,,1,Y,2026-08-15T07:08:44.243Z
2025,junior-college,0000347,강릉영동대학교,강원,사립,전문대학,10945028889,5289847994,5655180895,6625731026,12280911921,0,,1,Y,2026-08-15T07:08:44.243Z
2025,junior-college,0000348,세경대학교,강원,사립,전문대학,7870061719,2562802834,5307258885,2768420000,8075678885,0,,1,Y,2026-08-15T07:08:44.243Z
2025,junior-college,0000393,송곡대학교,강원,사립,전문대학,12355947638,7220856445,5135091193,2590630040,7725721233,0,,1,Y,2026-08-15T07:08:44.243Z
2025,junior-college,0000390,송호대학교,강원,사립,전문대학,3753926762,2627774860,1126151902,892090000,2018241902,0,,1,Y,2026-08-15T07:08:44.243Z
2025,junior-college,0000542,한국골프과학기술대학교,강원,사립,전문대학,3402501552,1826764499,1575737053,1682216000,3257953053,0,,1,Y,2026-08-15T07:08:44.243Z
2025,junior-college,0000383,한림성심대학교,강원,사립,전문대학,15952798501,6481391838,9471406663,5354979000,14826385663,0,,1,Y,2026-08-15T07:08:44.243Z
2025,junior-college,0000387,경기과학기술대학교,경기,사립,전문대학,28077013533,8968329673,19108683860,1549517016,20658200876,0,,1,Y,2026-08-15T07:08:44.243Z
2025,junior-college,0000255,경민대학교,경기,사립,전문대학,25498828173,15452041190,10046786983,2203919156,12250706139,0,,1,Y,2026-08-15T07:08:44.243Z
2025,junior-college,0000259,경복대학교,경기,사립,전문대학,32910444292,19199973504,13710470788,2091710520,15802181308,0,,1,Y,2026-08-15T07:08:44.243Z
2025,junior-college,0000264,계원예술대학교,경기,사립,전문대학,15056142193,7013602000,8042540193,614655215,8657195408,0,,1,Y,2026-08-15T07:08:44.243Z
2025,junior-college,0000379,국제대학교,경기,사립,전문대학,5689663000,4023733460,1665929540,705896267,2371825807,0,,1,Y,2026-08-15T07:08:44.243Z
2025,junior-college,0000277,김포대학교,경기,사립,전문대학,9149016880,8605841973,543174907,1971986919,2515161826,0,,1,Y,2026-08-15T07:08:44.243Z
2025,junior-college,0000278,농협대학교,경기,사립,전문대학,2521601949,457487000,2064114949,655944000,2720058949,0,,1,Y,2026-08-15T07:08:44.243Z
2025,junior-college,0000285,대림대학교,경기,사립,전문대학,36254392327,16400195530,19854196797,9197521617,29051718414,0,,1,Y,2026-08-15T07:08:44.243Z
2025,junior-college,0000294,동남보건대학교,경기,사립,전문대학,18911916426,11086947347,7824969079,443898271,8268867350,0,,1,Y,2026-08-15T07:08:44.243Z
2025,junior-college,0000287,동서울대학교,경기,사립,전문대학,26440689832,14993983800,11446706032,448088688,11894794720,0,,1,Y,2026-08-15T07:08:44.243Z
2025,junior-college,0000298,동아방송예술대학교,경기,사립,전문대학,16332899604,8961080350,7371819254,1511771180,8883590434,0,,1,Y,2026-08-15T07:08:44.243Z
2025,junior-college,0000302,동원대학교,경기,사립,전문대학,17690098903,12582290034,5107808869,1994431842,7102240711,0,,1,Y,2026-08-15T07:08:44.243Z
2025,junior-college,0000305,두원공과대학교,경기,사립,전문대학,11267811671,5626236617,5641575054,435629351,6077204405,0,,1,Y,2026-08-15T07:08:44.243Z
2025,junior-college,0000316,부천대학교,경기,사립,전문대학,43773199666,23155222109,20617977557,7291981990,27909959547,0,,1,Y,2026-08-15T07:08:44.243Z
2025,junior-college,0000323,서울예술대학교,경기,사립,전문대학,17101193880,7683027200,9418166680,454674187,9872840867,0,,1,Y,2026-08-15T07:08:44.243Z
2025,junior-college,0000392,서정대학교,경기,사립,전문대학,35376748415,22413085570,12963662845,2998247956,15961910801,0,,1,Y,2026-08-15T07:08:44.243Z
2025,junior-college,0000330,수원과학대학교,경기,사립,전문대학,6664087559,6241654667,422432892,273043452,695476344,0,,1,Y,2026-08-15T07:08:44.243Z
2025,junior-college,0000329,수원여자대학교,경기,사립,전문대학,15459082478,9461253558,5997828920,388243607,6386072527,0,,1,Y,2026-08-15T07:08:44.243Z
2025,junior-college,0000334,신구대학교,경기,사립,전문대학,23819930435,14968350530,8851579905,358772837,9210352742,0,,1,Y,2026-08-15T07:08:44.243Z
2025,junior-college,0000339,신안산대학교,경기,사립,전문대학,7560641658,5347519175,2213122483,289975776,2503098259,0,,1,Y,2026-08-15T07:08:44.243Z
2025,junior-college,0000340,안산대학교,경기,사립,전문대학,22220148515,12080486680,10139661835,2110181688,12249843523,0,,1,Y,2026-08-15T07:08:44.243Z
2025,junior-college,0000343,여주대학교,경기,사립,전문대학,8655279773,8031575833,623703940,2277127551,2900831491,0,,1,Y,2026-08-15T07:08:44.243Z
2025,junior-college,0000341,연성대학교,경기,사립,전문대학,31443975182,17532423964,13911551218,2162488944,16074040162,0,,1,Y,2026-08-15T07:08:44.243Z
2025,junior-college,0000350,오산대학교,경기,사립,전문대학,24586400032,11402916080,13183483952,2727460267,15910944219,0,,1,Y,2026-08-15T07:08:44.243Z
2025,junior-college,0000559,용인예술과학대학교,경기,사립,전문대학,11131234675,7220493980,3910740695,657598622,4568339317,0,,1,Y,2026-08-15T07:08:44.243Z
2025,junior-college,0000394,웅지세무대학교,경기,사립,전문대학,274677414,252925000,21752414,15040,21767454,0,,1,Y,2026-08-15T07:08:44.243Z
2025,junior-college,0000355,유한대학교,경기,사립,전문대학,25284120801,13069964102,12214156699,1567734500,13781891199,0,,1,Y,2026-08-15T07:08:44.243Z
2025,junior-college,0000358,장안대학교,경기,사립,전문대학,6922995888,5173239030,1749756858,174910312,1924667170,0,,1,Y,2026-08-15T07:08:44.243Z
2025,junior-college,0000374,청강문화산업대학교,경기,사립,전문대학,19588108323,10330599400,9257508923,1026505048,10284013971,0,,1,Y,2026-08-15T07:08:44.243Z
2025,junior-college,0000391,한국관광대학교,경기,사립,전문대학,5779677914,3611033782,2168644132,156076026,2324720158,0,,1,Y,2026-08-15T07:08:44.243Z
2025,junior-college,0000251,거제대학교,경남,사립,전문대학,14138026116,3093497000,11044529116,6252884051,17297413167,0,,1,Y,2026-08-15T07:08:44.243Z
2025,junior-college,0000395,김해대학교,경남,사립,전문대학,13076873230,4466266002,8610607228,3587195829,12197803057,0,,1,Y,2026-08-15T07:08:44.243Z
2025,junior-college,0000342,동원과학기술대학교,경남,사립,전문대학,20869458592,6651921199,14217537393,7083831822,21301369215,0,,1,Y,2026-08-15T07:08:44.243Z
2025,junior-college,0000306,마산대학교,경남,사립,전문대학,25223732577,14600356810,10623375767,4698537648,15321913415,0,,1,Y,2026-08-15T07:08:44.243Z
2025,junior-college,0000530,연암공과대학교,경남,사립,전문대학,15759820034,3140775000,12619045034,4082604474,16701649508,0,,1,Y,2026-08-15T07:08:44.243Z
2025,junior-college,0000369,진주보건대학교,경남,사립,전문대학,13501940831,7370319310,6131621521,1529686559,7661308080,0,,1,Y,2026-08-15T07:08:44.243Z
2025,junior-college,0000528,창원문성대학교,경남,사립,전문대학,4861076665,2011220000,2849856665,1217920088,4067776753,0,,1,Y,2026-08-15T07:08:44.243Z
2025,junior-college,0000396,한국승강기대학교,경남,사립,전문대학,12839697446,5562914543,7276782903,3512675243,10789458146,0,,1,Y,2026-08-15T07:08:44.243Z
2025,junior-college,0000249,가톨릭상지대학교,경북,사립,전문대학,13582573383,5370745533,8211827850,3911118053,12122945903,0,,1,Y,2026-08-15T07:08:44.243Z
2025,junior-college,0000293,경북과학대학교,경북,사립,전문대학,15066154030,7703393868,7362760162,3522500000,10885260162,0,,1,Y,2026-08-15T07:08:44.243Z
2025,junior-college,0000523,경북보건대학교,경북,사립,전문대학,11416145770,4061983500,7354162270,3374326000,10728488270,0,,1,Y,2026-08-15T07:08:44.243Z
2025,junior-college,0000258,경북전문대학교,경북,사립,전문대학,19342902364,9081158252,10261744112,6139975483,16401719595,0,,1,Y,2026-08-15T07:08:44.243Z
2025,junior-college,0000268,구미대학교,경북,사립,전문대학,41879429391,20954993280,20924436111,18214534040,39138970151,0,,1,Y,2026-08-15T07:08:44.243Z
2025,junior-college,0000279,대경대학교,경북,사립,전문대학,25337938512,13578526144,11759412368,5727750000,17487162368,0,,1,Y,2026-08-15T07:08:44.243Z
2025,junior-college,0000309,문경대학교,경북,사립,전문대학,4254721306,1803377182,2451344124,4602538000,7053882124,0,,1,Y,2026-08-15T07:08:44.243Z
2025,junior-college,0000380,선린대학교,경북,사립,전문대학,11176155247,5690551503,5485603744,1942155000,7427758744,0,,1,Y,2026-08-15T07:08:44.243Z
2025,junior-college,0000547,성운대학교,경북,사립,전문대학,13366757374,5803260167,7563497207,3280000000,10843497207,0,,1,Y,2026-08-15T07:08:44.243Z
2025,junior-college,0000338,안동과학대학교,경북,사립,전문대학,14302472616,6636499132,7665973484,3450875120,11116848604,0,,1,Y,2026-08-15T07:08:44.243Z
2025,junior-college,0000257,영남외국어대학,경북,사립,전문대학,1627316104,1528782000,98534104,3300000,101834104,0,,1,Y,2026-08-15T07:08:44.243Z
2025,junior-college,0000381,포항대학교,경북,사립,전문대학,9982854310,4366899495,5615954815,2930160000,8546114815,0,,1,Y,2026-08-15T07:08:44.243Z
2025,junior-college,0000522,호산대학교,경북,사립,전문대학,16536316312,5400836700,11135479612,2566359000,13701838612,0,,1,Y,2026-08-15T07:08:44.243Z
2025,junior-college,0000267,광주보건대학교,광주,사립,전문대학,24740820434,10359678890,14381141544,4207365200,18588506744,0,,1,Y,2026-08-15T07:08:44.243Z
2025,junior-college,0000273,기독간호대학교,광주,사립,전문대학,4658541177,1515081332,3143459845,261243500,3404703345,0,,1,Y,2026-08-15T07:08:44.243Z
2025,junior-college,0000297,동강대학교,광주,사립,전문대학,12932664701,7076149990,5856514711,4017105724,9873620435,0,,1,Y,2026-08-15T07:08:44.243Z
2025,junior-college,0000320,서영대학교,광주,사립,전문대학,25317343813,15565407224,9751936589,1662519795,11414456384,0,,1,Y,2026-08-15T07:08:44.243Z
2025,junior-college,0000366,조선간호대학교,광주,사립,전문대학,6156940267,1710787709,4446152558,970571712,5416724270,0,,1,Y,2026-08-15T07:08:44.243Z
2025,junior-college,0000365,조선이공대학교,광주,사립,전문대학,24723935925,8448573165,16275362760,7138116000,23413478760,0,,1,Y,2026-08-15T07:08:44.243Z
2025,junior-college,0000263,계명문화대학교,대구,사립,전문대학,32255945412,14826096301,17429849111,4961526200,22391375311,0,,1,Y,2026-08-15T07:08:44.243Z
2025,junior-college,0000280,대구공업대학교,대구,사립,전문대학,7053583023,5113503330,1940079693,689930000,2630009693,0,,1,Y,2026-08-15T07:08:44.243Z
2025,junior-college,0000283,대구과학대학교,대구,사립,전문대학,30130582673,13668133348,16462449325,6649478809,23111928134,0,,1,Y,2026-08-15T07:08:44.243Z
2025,junior-college,0000281,대구보건대학교,대구,사립,전문대학,44019651304,19638819635,24380831669,12002774650,36383606319,0,,1,Y,2026-08-15T07:08:44.243Z
2025,junior-college,0000282,수성대학교,대구,사립,전문대학,20396474825,11674230314,8722244511,3095163000,11817407511,0,,1,Y,2026-08-15T07:08:44.243Z
2025,junior-college,0000346,영남이공대학교,대구,사립,전문대학,43381856551,18529890503,24851966048,4391547770,29243513818,0,,1,Y,2026-08-15T07:08:44.243Z
2025,junior-college,0000349,영진전문대학교,대구,사립,전문대학,44385185883,21467654180,22917531703,4770013000,27687544703,0,,1,Y,2026-08-15T07:08:44.243Z
2025,junior-college,0000376,대덕대학교,대전,사립,전문대학,10159861930,4339365136,5820496794,3657419500,9477916294,0,,1,Y,2026-08-15T07:08:44.243Z
2025,junior-college,0000512,대전과학기술대학교,대전,사립,전문대학,20043162289,8103896935,11939265354,4177824560,16117089914,0,,1,Y,2026-08-15T07:08:44.243Z
2025,junior-college,0000288,대전보건대학교,대전,사립,전문대학,27592211399,11506657506,16085553893,10651387098,26736940991,0,,1,Y,2026-08-15T07:08:44.243Z
2025,junior-college,0000289,우송정보대학,대전,사립,전문대학,21291937522,9541137531,11750799991,3922125775,15672925766,0,,1,Y,2026-08-15T07:08:44.243Z
2025,junior-college,0000253,경남정보대학교,부산,사립,전문대학,37585802508,17918445240,19667357268,7430882540,27098239808,0,,1,Y,2026-08-15T07:08:44.243Z
2025,junior-college,0000284,대동대학교,부산,사립,전문대학,8948681031,4307646167,4641034864,724326500,5365361364,0,,1,Y,2026-08-15T07:08:44.243Z
2025,junior-college,0000303,동의과학대학교,부산,사립,전문대학,26570144821,10357255466,16212889355,4249914850,20462804205,0,,1,Y,2026-08-15T07:08:44.243Z
2025,junior-college,0000313,부산경상대학교,부산,사립,전문대학,15301341972,4763349000,10537992972,4524710000,15062702972,0,,1,Y,2026-08-15T07:08:44.243Z
2025,junior-college,0000315,부산과학기술대학교,부산,사립,전문대학,27726306845,13189958093,14536348752,5542745896,20079094648,0,,1,Y,2026-08-15T07:08:44.243Z
2025,junior-college,0000569,부산보건대학교,부산,사립,전문대학,18309859332,7494558335,10815300997,4940723871,15756024868,0,,1,Y,2026-08-15T07:08:44.243Z
2025,junior-college,0000314,부산여자대학교,부산,사립,전문대학,12424843151,5769194035,6655649116,2688640800,9344289916,0,,1,Y,2026-08-15T07:08:44.243Z
2025,junior-college,0000388,부산예술대학교,부산,사립,전문대학,1543155872,1107540000,435615872,4930000,440545872,0,,1,Y,2026-08-15T07:08:44.243Z
2025,junior-college,0000300,동양미래대학교,서울,사립,전문대학,28228141723,14797132407,13431009316,1967106872,15398116188,0,,1,Y,2026-08-15T07:08:44.243Z
2025,junior-college,0000307,명지전문대학,서울,사립,전문대학,33446340485,15960603104,17485737381,1718053550,19203790931,0,,1,Y,2026-08-15T07:08:44.243Z
2025,junior-college,0000310,배화여자대학교,서울,사립,전문대학,13170451677,6499354920,6671096757,796744872,7467841629,0,,1,Y,2026-08-15T07:08:44.243Z
2025,junior-college,0000317,삼육보건대학교,서울,사립,전문대학,9360019445,2782540820,6577478625,961609352,7539087977,0,,1,Y,2026-08-15T07:08:44.243Z
2025,junior-college,0000321,서울여자간호대학교,서울,사립,전문대학,4929224426,1526416400,3402808026,395900862,3798708888,0,,1,Y,2026-08-15T07:08:44.243Z
2025,junior-college,0000324,서일대학교,서울,사립,전문대학,27977893986,16157631114,11820262872,1023326000,12843588872,0,,1,Y,2026-08-15T07:08:44.243Z
2025,junior-college,0000333,숭의여자대학교,서울,사립,전문대학,10051400450,7797451059,2253949391,589053225,2843002616,0,,1,Y,2026-08-15T07:08:44.243Z
2025,junior-college,0000356,인덕대학교,서울,사립,전문대학,27952116934,15498413938,12453702996,1504610997,13958313993,0,,1,Y,2026-08-15T07:08:44.243Z
2025,junior-college,0000384,한양여자대학교,서울,사립,전문대학,28902210959,16679495865,12222715094,3837764199,16060479293,0,,1,Y,2026-08-15T07:08:44.243Z
2025,junior-college,0000353,한국영상대학교,세종,사립,전문대학,20223359766,9082943953,11140415813,2650781268,13791197081,0,,1,Y,2026-08-15T07:08:44.243Z
2025,junior-college,0000352,울산과학대학교,울산,사립,전문대학,38059673813,11106396587,26953277226,13998517003,40951794229,0,,1,Y,2026-08-15T07:08:44.243Z
2025,junior-college,0000375,춘해보건대학교,울산,사립,전문대학,18604432561,7784157330,10820275231,5551131941,16371407172,0,,1,Y,2026-08-15T07:08:44.243Z
2025,junior-college,0000261,경인여자대학교,인천,사립,전문대학,19708055366,10432049469,9276005897,3651860584,12927866481,0,,1,Y,2026-08-15T07:08:44.243Z
2025,junior-college,0000357,인하공업전문대학,인천,사립,전문대학,37013231030,18624772980,18388458050,2601083299,20989541349,0,,1,Y,2026-08-15T07:08:44.243Z
2025,junior-college,0000587,재능대학교,인천,사립,전문대학,18313246890,7690892060,10622354830,3618057870,14240412700,0,,1,Y,2026-08-15T07:08:44.243Z
2025,junior-college,0000266,광양보건대학교,전남,사립,전문대학,105725374,0,105725374,100000000,205725374,0,,1,Y,2026-08-15T07:08:44.243Z
2025,junior-college,0000585,나주대학교,전남,사립,전문대학,124720917,4800000,119920917,1746294500,1866215417,0,,1,Y,2026-08-15T07:08:44.243Z
2025,junior-college,0000532,동아보건대학교,전남,사립,전문대학,6692433299,2730723200,3961710099,1410560583,5372270682,0,,1,Y,2026-08-15T07:08:44.243Z
2025,junior-college,0000308,목포과학대학교,전남,사립,전문대학,19666028212,8511968985,11154059227,3959182000,15113241227,0,,1,Y,2026-08-15T07:08:44.243Z
2025,junior-college,0000331,순천제일대학교,전남,사립,전문대학,18262313746,7100720831,11161592915,4322620000,15484212915,0,,1,Y,2026-08-15T07:08:44.243Z
2025,junior-college,0000360,전남과학대학교,전남,사립,전문대학,23581134396,9413383300,14167751096,5165911720,19333662816,0,,1,Y,2026-08-15T07:08:44.243Z
2025,junior-college,0000332,청암대학교,전남,사립,전문대학,12556507345,5644634660,6911872685,1883860000,8795732685,0,,1,Y,2026-08-15T07:08:44.243Z
2025,junior-college,0000546,한영대학교,전남,사립,전문대학,10922973358,3630340000,7292633358,3907000000,11199633358,0,,1,Y,2026-08-15T07:08:44.243Z
2025,junior-college,0000250,군산간호대학교,전북,사립,전문대학,8771098934,2992311166,5778787768,1824769224,7603556992,0,,1,Y,2026-08-15T07:08:44.243Z
2025,junior-college,0000270,군장대학교,전북,사립,전문대학,13132155058,4464223933,8667931125,5567145281,14235076406,0,,1,Y,2026-08-15T07:08:44.243Z
2025,junior-college,0000311,백제예술대학교,전북,사립,전문대학,2708382661,2114816333,593566328,4920000,598486328,0,,1,Y,2026-08-15T07:08:44.243Z
2025,junior-college,0000354,원광보건대학교,전북,사립,전문대학,26528220146,12085663305,14442556841,291122996,14733679837,0,,1,Y,2026-08-15T07:08:44.243Z
2025,junior-college,0000362,전북과학대학교,전북,사립,전문대학,14485565131,5807250216,8678314915,4322011201,13000326116,0,,1,Y,2026-08-15T07:08:44.243Z
2025,junior-college,0000274,전주기전대학,전북,사립,전문대학,10790520252,5566250030,5224270222,5554607712,10778877934,0,,1,Y,2026-08-15T07:08:44.243Z
2025,junior-college,0000361,전주비전대학교,전북,사립,전문대학,22664824081,8596292267,14068531814,5692806909,19761338723,0,,1,Y,2026-08-15T07:08:44.243Z
2025,junior-college,0000363,제주관광대학교,제주,사립,전문대학,15005603782,4767972170,10237631612,5770993814,16008625426,0,,1,Y,2026-08-15T07:08:44.243Z
2025,junior-college,0000382,제주한라대학교,제주,사립,전문대학,28204183418,10146880430,18057302988,10353796000,28411098988,0,,1,Y,2026-08-15T07:08:44.243Z
2025,junior-college,0000373,백석문화대학교,충남,사립,전문대학,26040952742,9893213390,16147739352,6550892053,22698631405,0,,1,Y,2026-08-15T07:08:44.243Z
2025,junior-college,0000335,신성대학교,충남,사립,전문대학,17283963040,7132130336,10151832704,4425356228,14577188932,0,,1,Y,2026-08-15T07:08:44.243Z
2025,junior-college,0000568,아주자동차대학교,충남,사립,전문대학,8128549756,865974000,7262575756,3347470000,10610045756,0,,1,Y,2026-08-15T07:08:44.243Z
2025,junior-college,0000529,연암대학교,충남,사립,전문대학,19685417005,2594723260,17090693745,6058225422,23148919167,0,,1,Y,2026-08-15T07:08:44.243Z
2025,junior-college,0000386,혜전대학교,충남,사립,전문대학,13682712180,5966603500,7716108680,4501594479,12217703159,0,,1,Y,2026-08-15T07:08:44.243Z
2025,junior-college,0000271,강동대학교,충북,사립,전문대학,18687563268,12537283815,6150279453,3283517866,9433797319,0,,1,Y,2026-08-15T07:08:44.243Z
2025,junior-college,0000286,대원대학교,충북,사립,전문대학,7024835942,4663541752,2361294190,3204442308,5565736498,0,,1,Y,2026-08-15T07:08:44.243Z
2025,junior-college,0000367,충북보건과학대학교,충북,사립,전문대학,18932761394,6707477020,12225284374,4504000000,16729284374,0,,1,Y,2026-08-15T07:08:44.243Z
2025,junior-college,0000377,충청대학교,충북,사립,전문대학,16680208406,7073720457,9606487949,3789874000,13396361949,0,,1,Y,2026-08-15T07:08:44.243Z
