year,school_code_std,school_name,school_division,school_kind,region,estb,campus_count,ministry_of_education,national_scholarship,ministry_of_science_ict,ministry_of_employment,ministry_of_trade,ministry_of_health,ministry_of_culture,ministry_of_sme,ministry_of_agriculture,other_ministries,local_government,total_support,tuition_revenue,benefit_rate,uploaded_at
2020,0000072,가톨릭관동대학교,대학,대학교,강원,사립,1,27194998001,15568887220,21514778333,1152339000,148750000,704925000,95250000,2242700000,200000000,713907760,1539831340,39938592214,586,68.2,2026-08-07T20:45:18.674Z
2020,0000514,강릉영동대학교,전문대학,전문대학,강원,사립,1,8990576841,6495593808,249699000,0,0,0,67000000,0,0,60289250,391227940,3263199223,152,21.4,2026-08-07T20:45:18.674Z
2020,0000001,강릉원주대학교,대학,대학교,강원,국립,1,95013670773,13999992650,14908740000,0,660000000,0,54800000,456954200,65000000,876983200,1849162840,99885318363,0,0,2026-08-07T20:45:18.674Z
2020,0000548,강원관광대학교,전문대학,전문대학,강원,사립,1,2889733176,2755863933,0,0,0,0,0,0,0,19748510,300000000,453617753,49,9.3,2026-08-07T20:45:18.674Z
2020,0000003,강원대학교,대학,대학교,강원,국립,1,231068606916,30035091770,22845554333,670750000,4343000000,469000000,1108354000,385556780,3099000000,6772148214,8325777800,249052656273,0,0,2026-08-07T20:45:18.674Z
2020,0002639,강원도립대학교,전문대학,전문대학,강원,공립,1,2809747306,769983950,0,0,0,0,48850000,174848584,0,0,12713150000,14976611940,0,0,2026-08-07T20:45:18.674Z
2020,0000060,경동대학교,대학,대학교,강원,사립,1,14784360307,14523928050,33615558000,199905000,0,0,32550000,166235000,10000000,82957000,1648101380,36015738637,582,61.9,2026-08-07T20:45:18.674Z
2020,0000119,상지대학교,대학,대학교,강원,사립,1,15643158873,13394099010,9845035700,20000000,20000000,30000000,154500000,63539000,100000000,923574500,1197202480,14602911543,554,26.4,2026-08-07T20:45:18.674Z
2020,0000515,세경대학교,전문대학,전문대학,강원,사립,1,3046551129,2669193530,0,0,0,0,0,0,0,13538850,300000000,690896449,49,14.1,2026-08-07T20:45:18.674Z
2020,0000567,송곡대학교,전문대학,전문대학,강원,사립,1,2929267180,1482564600,0,0,0,0,0,0,0,13404500,343056000,1803163080,33,54.3,2026-08-07T20:45:18.674Z
2020,0000564,송호대학교,전문대학,전문대학,강원,사립,1,2730179553,2311084670,0,50000000,0,0,56650000,0,0,14161500,380000000,919906383,53,17.4,2026-08-07T20:45:18.674Z
2020,0000262,춘천교육대학교,대학,교육대학,강원,국립,1,21563844378,1137574660,153925000,0,0,0,0,0,0,24167850,305990000,20910352568,0,0,2026-08-07T20:45:18.674Z
2020,0000578,한국골프대학,전문대학,전문대학,강원,사립,1,1101969095,1045000500,200000000,0,0,0,37750000,0,0,15415000,200000000,510133595,32,15.9,2026-08-07T20:45:18.674Z
2020,0000594,한국폴리텍 III 대학,전문대학,기능대학,강원,사립,1,539951691,539385501,0,31871402509,0,0,0,0,0,599250,83180000,31955747949,0,0,2026-08-07T20:45:18.674Z
2020,0000197,한라대학교,대학,대학교,강원,사립,1,10271431638,6992881600,62735000,710750000,120000000,0,111800000,424048000,0,90128500,1006137000,5804148538,230,25.3,2026-08-07T20:45:18.674Z
2020,0000198,한림대학교,대학,대학교,강원,사립,1,38047243869,14271283480,8584063974,100000000,190000000,1171000000,93762500,124899000,0,1228430479,2375265550,37643381892,627,60.1,2026-08-07T20:45:18.674Z
2020,0000553,한림성심대학교,전문대학,전문대학,강원,사립,1,15406821974,7867919850,0,0,0,0,0,353100000,0,18616700,350990890,8261609714,168,49.2,2026-08-07T20:45:18.674Z
2020,0000063,가천대학교,대학,대학교,경기,사립,1,46718073522,26288227000,12214413333,714726000,2438400000,971285000,597150000,3566450000,0,2236177100,933900630,44102348585,1688,26.1,2026-08-07T20:45:18.674Z
2020,0000046,가톨릭대학교,대학,대학교,경기,사립,1,37908634613,12196827741,9107054600,0,1151000000,5108360000,1030847000,80000000,0,3527994200,374981230,46092043902,828,55.7,2026-08-07T20:45:18.674Z
2020,0000051,강남대학교,대학,대학교,경기,사립,1,18337268855,10504441400,3768406000,67584000,139800000,100000,584790000,0,0,250100000,362854830,13006462285,525,24.8,2026-08-07T20:45:18.674Z
2020,0000560,경기과학기술대학교,전문대학,전문대학,경기,사립,1,16520914149,9103133570,0,156594000,836400000,0,0,364590000,0,4570000,878082000,9658016579,285,33.9,2026-08-07T20:45:18.674Z
2020,0000056,경기대학교,대학,대학교,경기,사립,1,38585250990,23146075960,2705934000,300000000,1563964000,0,339925300,1911532000,267925000,1292689330,498193091,24319337751,1195,20.4,2026-08-07T20:45:18.674Z
2020,0000416,경민대학교,전문대학,전문대학,경기,사립,1,20532214580,11636210230,0,0,0,0,0,43832000,129146890,42115200,549807450,9660905890,281,34.4,2026-08-07T20:45:18.674Z
2020,0002641,경복대학교,전문대학,전문대학,경기,사립,1,26047137265,17797962917,0,100000000,0,0,0,243832000,0,157539500,1126139970,9876685818,398,24.8,2026-08-07T20:45:18.674Z
2020,0002643,계약신학대학원대학교,전문대학,전문대학원,경기,사립,1,0,0,50000000,0,0,0,0,0,0,0,0,50000000,2,28.9,2026-08-07T20:45:18.674Z
2020,0000426,계원예술대학교,전문대학,전문대학,경기,사립,1,7438955532,6088956320,0,100000000,0,0,149900000,150000000,0,29820460,229185840,2008905512,216,9.3,2026-08-07T20:45:18.674Z
2020,0002857,구세군사관대학원대학교,전문대학,특수대학원,경기,사립,1,0,0,56679000,0,0,0,0,0,0,0,0,56679000,2,32.8,2026-08-07T20:45:18.674Z
2020,0000549,국제대학교,전문대학,전문대학,경기,사립,1,9183153122,8348134660,40000000,100000000,0,0,0,0,0,32007700,1162082460,2169108622,233,9.3,2026-08-07T20:45:18.674Z
2020,0000655,국제법률경영대학원대학교,전문대학,전문대학원,경기,사립,1,0,0,0,0,0,0,0,0,0,0,0,0,11,0,2026-08-07T20:45:18.674Z
2020,0000319,국제사이버대학교,대학,사이버대학(대학),경기,사립,1,4919042130,4750045500,0,0,0,0,0,0,0,246500000,63730000,479226630,79,6.1,2026-08-07T20:45:18.674Z
2020,0002928,국제암대학원대학교,전문대학,전문대학원,경기,특별법법인,1,72475000,0,995500000,0,0,43500000,0,0,0,0,0,1111475000,0,0,2026-08-07T20:45:18.674Z
2020,0000440,김포대학교,전문대학,전문대학,경기,사립,1,8002618461,7472054620,0,100000000,0,0,0,247105595,0,923490000,631454000,2432613436,193,12.6,2026-08-07T20:45:18.674Z
2020,0000441,농협대학교,전문대학,전문대학,경기,사립,1,2187533439,464132600,0,0,0,0,0,0,48019500,6110000,0,1777530339,22,79.9,2026-08-07T20:45:18.674Z
2020,0002818,능인불교대학원대학교,전문대학,전문대학원,경기,사립,1,29750850,0,0,0,0,0,0,0,0,70000000,0,99750850,5,20,2026-08-07T20:45:18.674Z
2020,0000082,단국대학교,대학,대학교,경기,사립,1,69400885967,33391575800,9845388122,0,3155585000,127000000,369950000,3114118100,2363300000,3995924160,3929779820,62910355369,2219,28.4,2026-08-07T20:45:18.674Z
2020,0000448,대림대학교,전문대학,전문대학,경기,사립,1,26025276834,15659511430,0,276372620,40000000,0,19000000,0,29256000,62590420,854883550,11647867994,469,24.8,2026-08-07T20:45:18.674Z
2020,0000097,대진대학교,대학,대학교,경기,사립,1,23986099196,14985953830,1056549000,285000000,770340000,0,0,364944000,0,675688000,2668251655,14820918021,565,26.3,2026-08-07T20:45:18.674Z
2020,0000641,대한신학대학원대학교,전문대학,전문대학원,경기,사립,1,3960140,0,0,0,0,0,0,0,0,0,0,3960140,12,0.3,2026-08-07T20:45:18.674Z
2020,0000457,동남보건대학교,전문대학,전문대학,경기,사립,1,15278004978,9916921634,196699000,0,0,0,0,0,0,24595500,224906190,5807284034,304,19.1,2026-08-07T20:45:18.674Z
2020,0000450,동서울대학교,전문대학,전문대학,경기,사립,1,20978052081,12916076200,114047000,134410000,1011750000,0,0,219805000,0,22464800,104577050,9669029731,397,24.3,2026-08-07T20:45:18.674Z
2020,0000461,동아방송예술대학교,전문대학,전문대학,경기,사립,1,13342590731,7440216990,0,0,0,0,0,0,0,13521600,10742950,5926638291,225,26.3,2026-08-07T20:45:18.674Z
2020,0000465,동원대학교,전문대학,전문대학,경기,사립,1,14141681076,7730177930,0,181550000,0,0,151175000,0,0,38051000,52665490,6834944636,211,32.4,2026-08-07T20:45:18.674Z
2020,0000469,두원공과대학교,전문대학,전문대학,경기,사립,1,8691813151,8117550197,0,411425000,50000000,0,0,118050000,0,26077500,2886706000,4066521454,255,15.9,2026-08-07T20:45:18.674Z
2020,0000108,루터대학교,대학,대학교,경기,사립,1,2147270010,716451500,5028916000,0,0,0,0,0,0,6300000,3915000,6469949510,25,258.7,2026-08-07T20:45:18.674Z
2020,0000109,명지대학교,대학,대학교,경기,사립,1,37510444339,22141625500,1351802000,892309000,1197000000,0,162036000,342941300,0,5762733000,303405170,25381045309,1301,19.5,2026-08-07T20:45:18.674Z
2020,0000482,부천대학교,전문대학,전문대학,경기,사립,1,31471375501,19861521080,313243000,270000000,0,0,0,660890000,0,475356150,1509552950,14838896521,484,30.7,2026-08-07T20:45:18.674Z
2020,0000125,서울신학대학교,대학,대학교,경기,사립,1,7852372677,5959881500,1704950000,0,0,0,5250000,0,0,20251000,170954000,3793896177,196,19.3,2026-08-07T20:45:18.674Z
2020,0000489,서울예술대학교,전문대학,전문대학,경기,사립,1,6981237291,6253613600,0,0,0,0,167500000,0,0,17679500,25000000,937803191,255,3.7,2026-08-07T20:45:18.674Z
2020,0000127,서울장신대학교,대학,대학교,경기,사립,1,1615911326,1314555000,30000000,0,0,0,17000000,0,0,9590000,29972400,387918726,59,6.6,2026-08-07T20:45:18.674Z
2020,0002668,서울제일대학원대학교,전문대학,전문대학원,경기,사립,1,0,0,0,0,0,0,0,0,0,0,0,0,0,0,2026-08-07T20:45:18.674Z
2020,0000566,서정대학교,전문대학,전문대학,경기,사립,1,16998952530,12941830370,0,0,0,0,0,0,45000000,104650900,425488060,4632261120,341,13.6,2026-08-07T20:45:18.674Z
2020,0000131,성결대학교,대학,대학교,경기,사립,1,15537993687,9452171497,45014000,270000000,0,0,49500000,0,0,203654500,3556141440,10210132130,387,26.4,2026-08-07T20:45:18.674Z
2020,0000661,성서침례대학원대학교,전문대학,전문대학원,경기,사립,1,1517760,0,0,0,0,0,0,0,0,0,0,1517760,2,0.8,2026-08-07T20:45:18.674Z
2020,0000139,수원가톨릭대학교,대학,대학교,경기,사립,1,248022223,223716800,520500000,0,0,0,0,0,0,1274250,0,546079673,10,55.6,2026-08-07T20:45:18.674Z
2020,0000497,수원과학대학교,전문대학,전문대학,경기,사립,1,12019176211,11585143730,233333000,54156000,0,0,0,215000000,27272723,28395000,95070000,1087259204,301,3.6,2026-08-07T20:45:18.674Z
2020,0000140,수원대학교,대학,대학교,경기,사립,1,16316514097,14314113310,7439070000,0,201000000,0,32800000,2111877000,0,368455000,585518500,12741121287,723,17.6,2026-08-07T20:45:18.674Z
2020,0000496,수원여자대학교,전문대학,전문대학,경기,사립,1,9918295318,9161463490,0,0,0,0,0,183679300,0,135362000,916426915,1992300043,282,7.1,2026-08-07T20:45:18.674Z
2020,0000233,신경대학교,대학,대학교,경기,사립,1,450539462,190529200,644000000,0,0,0,0,0,0,0,1955440,905965702,39,23.4,2026-08-07T20:45:18.674Z
2020,0000501,신구대학교,전문대학,전문대학,경기,사립,1,22019846559,15332597690,0,0,0,0,12628200,66360000,0,42742500,58299740,6867279309,435,15.8,2026-08-07T20:45:18.674Z
2020,0000506,신안산대학교,전문대학,전문대학,경기,사립,1,9853376953,9200709640,0,0,0,0,0,0,0,23617500,27677900,703962713,238,3,2026-08-07T20:45:18.674Z
2020,0002712,신한대학교,대학,대학교,경기,사립,1,15068264106,12425973540,0,0,0,49400000,5250000,180000000,2500000,323486723,5546017030,8748944319,578,15.1,2026-08-07T20:45:18.674Z
2020,0000672,실천신학대학원대학교,전문대학,전문대학원,경기,사립,1,20979000,0,0,0,0,0,0,0,0,0,0,20979000,3,6.4,2026-08-07T20:45:18.674Z
2020,0000145,아신대학교,대학,대학교,경기,사립,1,2417451137,1908751760,19535739000,0,0,0,0,0,0,19728000,18417570,20082583947,73,275,2026-08-07T20:45:18.674Z
2020,0000146,아주대학교,대학,대학교,경기,사립,1,39608016959,12300401200,20915737667,556965000,2558128000,3843220000,342993900,187000000,80000000,4047164813,459145600,60297970739,1215,49.6,2026-08-07T20:45:18.674Z
2020,0000507,안산대학교,전문대학,전문대학,경기,사립,1,16982974677,11223630910,176268000,0,0,0,0,39805000,0,24524000,12712950,6012653717,270,22.3,2026-08-07T20:45:18.674Z
2020,0000147,안양대학교,대학,대학교,경기,사립,1,13952472229,8757530050,80789471000,100000000,164808000,0,50000000,0,0,724187110,1058737870,88082146159,383,230.1,2026-08-07T20:45:18.674Z
2020,0000662,에스라성경대학원대학교,전문대학,전문대학원,경기,사립,1,0,0,0,0,0,0,0,0,0,0,0,0,5,0,2026-08-07T20:45:18.674Z
2020,0000510,여주대학교,전문대학,전문대학,경기,사립,1,17220826573,11877099162,0,68213600,0,0,72665000,227805000,0,11318500,58520000,5782249511,333,17.4,2026-08-07T20:45:18.674Z
2020,0002651,연성대학교,전문대학,전문대학,경기,사립,1,24989791915,14079554316,0,0,0,0,0,83028000,0,20557600,219404200,11233227399,373,30.1,2026-08-07T20:45:18.674Z
2020,0002653,오산대학교,전문대학,전문대학,경기,사립,1,16210841311,9304065262,0,415654000,135000000,0,0,59944000,0,49495000,856816650,8423685699,313,26.9,2026-08-07T20:45:18.674Z
2020,0000156,용인대학교,대학,대학교,경기,사립,1,12607106059,10329078100,1063639000,0,0,0,141470000,0,0,287880500,74596380,3845613839,516,7.5,2026-08-07T20:45:18.674Z
2020,0000520,용인예술과학대학교,전문대학,전문대학,경기,사립,1,12361143905,7839199360,338953000,100000000,0,0,0,194312000,0,14356500,139896080,5309462125,250,21.2,2026-08-07T20:45:18.674Z
2020,0000568,웅지세무대학교,전문대학,전문대학,경기,사립,1,401655938,270886800,0,0,0,0,0,0,0,13920000,0,144689138,69,2.1,2026-08-07T20:45:18.674Z
2020,0000646,웨스트민스터신학대학원대학교,전문대학,전문대학원,경기,사립,1,39292201,0,0,0,0,0,0,0,0,0,10000000,49292201,30,1.6,2026-08-07T20:45:18.674Z
2020,0000524,유한대학교,전문대학,전문대학,경기,사립,1,19712921514,11216223635,0,153120000,0,0,0,88883500,100000000,23337000,75000000,8937038379,279,32,2026-08-07T20:45:18.674Z
2020,0000527,장안대학교,전문대학,전문대학,경기,사립,1,13273796307,11686940933,44937000,198736000,0,0,0,47778500,0,87545750,255547550,2221400174,328,6.8,2026-08-07T20:45:18.674Z
2020,0000177,중앙승가대학교,대학,대학교,경기,사립,1,345531514,154067500,445368000,0,0,0,0,0,0,130922000,0,767754014,7,105.2,2026-08-07T20:45:18.674Z
2020,0000654,중앙신학대학원대학교,전문대학,전문대학원,경기,사립,1,8979120,0,30000000,0,0,0,0,0,0,0,0,38979120,9,4.3,2026-08-07T20:45:18.674Z
2020,0000187,차의과학대학교,대학,대학교,경기,사립,1,10442615317,3852613360,5386230667,0,663750000,653000000,84826500,83028000,197500000,82790000,77344680,13818471804,286,48.3,2026-08-07T20:45:18.674Z
2020,0000544,청강문화산업대학교,전문대학,전문대학,경기,사립,1,12213095601,8562383880,0,101426140,0,0,12000000,255000000,30000000,24370500,1026945440,5100453801,259,19.7,2026-08-07T20:45:18.674Z
2020,0000667,청심신학대학원대학교,전문대학,전문대학원,경기,사립,1,9528390,0,0,0,0,0,0,0,0,0,0,9528390,4,2.2,2026-08-07T20:45:18.674Z
2020,0000184,칼빈대학교,대학,대학교,경기,사립,1,1065947297,874158600,0,0,0,0,0,0,0,857500,2555000,195201197,71,2.8,2026-08-07T20:45:18.674Z
2020,0000186,평택대학교,대학,대학교,경기,사립,1,9397879766,6250475501,36332237000,0,20000000,0,0,0,0,119900260,111130430,39730671955,303,131.1,2026-08-07T20:45:18.674Z
2020,0000037,한경대학교,대학,대학교,경기,국립,2,73323972562,16224131200,64493040000,158400000,637000000,0,195300000,353200000,1055948060,5106934881,1307883210,130407547513,0,0,2026-08-07T20:45:18.674Z
2020,0000565,한국관광대학교,전문대학,전문대학,경기,사립,1,8463782854,5012894398,0,0,0,0,80000000,0,0,10247000,12395000,3553530456,117,30.5,2026-08-07T20:45:18.674Z
2020,0000247,한국산업기술대학교,대학,대학교,경기,사립,1,27310022507,10350515940,3855460000,380000000,2011830000,0,40000000,4781499100,100000000,43570000,319530720,28491396387,598,47.6,2026-08-07T20:45:18.674Z
2020,0000683,한국학대학원,전문대학,일반대학원,경기,특별법법인,1,6367770,0,1511658000,0,0,0,0,0,0,0,0,1518025770,0,0,2026-08-07T20:45:18.674Z
2020,0000194,한국항공대학교,대학,대학교,경기,사립,1,11816138900,4969632700,2897651000,100000000,483000000,0,0,127832000,0,1333439782,443863700,12232292682,380,32.2,2026-08-07T20:45:18.674Z
2020,0000201,한세대학교,대학,대학교,경기,사립,1,8843248722,4695596500,138044000,100000000,0,0,0,96900000,0,34062500,53893700,4570552422,249,18.4,2026-08-07T20:45:18.674Z
2020,0000202,한신대학교,대학,대학교,경기,사립,1,15597347952,9043605340,29440946000,893430000,5000000,0,36810000,39805000,0,71516650,1149291530,38190541792,375,101.8,2026-08-07T20:45:18.674Z
2020,0000647,합동신학대학원대학교,전문대학,전문대학원,경기,사립,1,17265033,0,0,0,0,0,0,0,0,0,0,17265033,21,0.8,2026-08-07T20:45:18.674Z
2020,0000207,협성대학교,대학,대학교,경기,사립,1,12248345397,8522213630,336564000,722688000,0,0,0,83028000,0,34241000,438005700,5340658467,313,17,2026-08-07T20:45:18.674Z
2020,0000579,ICT폴리텍대학,전문대학,기능대학,경기,사립,1,206463357,206247500,5786000000,0,0,0,0,0,0,1140000,0,5787355857,0,0,2026-08-07T20:45:18.674Z
2020,0002748,가야대학교,대학,대학교,경남,사립,1,4778002345,4421215760,10126199000,0,0,313433000,0,0,0,11556000,0,10807974585,149,72.6,2026-08-07T20:45:18.674Z
2020,0000412,거제대학교,전문대학,전문대학,경남,사립,1,6975701398,2476481800,20000000,70000000,0,0,0,0,0,136344000,500000000,5225563598,71,74.1,2026-08-07T20:45:18.674Z
2020,0000059,경남대학교,대학,대학교,경남,사립,1,34412641298,20590129365,420071500,1939469990,500000000,200100000,88550000,452589945,124000000,810674750,3511707500,21869675618,776,28.2,2026-08-07T20:45:18.674Z
2020,0000402,경남도립거창대학,전문대학,전문대학,경남,공립,1,3936327897,1214687500,0,0,0,0,0,0,0,90000000,9318795000,12130435397,0,0,2026-08-07T20:45:18.674Z
2020,0000403,경남도립남해대학,전문대학,전문대학,경남,공립,1,5120075062,1245934620,0,0,0,0,65000000,0,0,0,9117459000,13056599442,0,0,2026-08-07T20:45:18.674Z
2020,0000007,경상대학교,대학,대학교,경남,국립,1,259755436384,8709882300,6201305500,800205000,3125000000,190000000,760417000,1088892370,3905143720,8278238850,604808000,275999564524,0,0,2026-08-07T20:45:18.674Z
2020,0000569,김해대학교,전문대학,전문대학,경남,사립,1,5890380496,3712307150,103452000,0,0,0,0,0,0,43408800,82661000,2407595146,84,28.7,2026-08-07T20:45:18.674Z
2020,0000509,동원과학기술대학교,전문대학,전문대학,경남,사립,1,9386504828,5383373620,0,0,0,0,0,216169000,0,15261000,319964000,4554525208,128,35.7,2026-08-07T20:45:18.674Z
2020,0000470,마산대학교,전문대학,전문대학,경남,사립,1,17738908683,12751004120,387512000,0,0,0,151175000,50000000,0,39130500,408380000,6024102063,323,18.7,2026-08-07T20:45:18.674Z
2020,0000222,부산장신대학교,대학,대학교,경남,사립,1,782131208,391854500,1227593000,0,0,0,0,0,0,1394000,0,1619263708,24,67,2026-08-07T20:45:18.674Z
2020,0002652,연암공과대학교,전문대학,전문대학,경남,사립,1,6660044246,2368953890,0,0,0,0,0,0,0,11358600,20000000,4322448956,63,68.4,2026-08-07T20:45:18.674Z
2020,0000164,인제대학교,대학,대학교,경남,사립,1,27837783681,16728834500,1295282666,1278168500,342500000,1075000000,94600000,134999000,0,338311410,1169400000,16837210757,753,22.4,2026-08-07T20:45:18.674Z
2020,0000260,진주교육대학교,대학,교육대학,경남,국립,1,20191221049,1449856900,104775800,0,0,0,0,87000000,0,145467182,38050000,19116657131,0,0,2026-08-07T20:45:18.674Z
2020,0000539,진주보건대학교,전문대학,전문대학,경남,사립,1,8274984430,7699485327,0,0,0,0,0,0,0,50319100,0,625818203,166,3.8,2026-08-07T20:45:18.674Z
2020,0000249,창신대학교,대학,대학교,경남,사립,1,3504964143,2678590720,2859746000,204700000,0,0,0,0,0,31894000,308275000,4230988423,135,31.4,2026-08-07T20:45:18.674Z
2020,0000028,창원대학교,대학,대학교,경남,국립,1,93014488304,12053865320,1702389000,533505000,2692600000,0,57000000,890877275,45000000,329091400,4280082510,91491168169,0,0,2026-08-07T20:45:18.674Z
2020,0000542,창원문성대학교,전문대학,전문대학,경남,사립,1,10333008301,6184108000,0,562700000,0,0,0,94643000,0,21495000,1217480000,6045218301,142,42.5,2026-08-07T20:45:18.674Z
2020,0000570,한국승강기대학교,전문대학,전문대학,경남,사립,1,3770936456,1458757370,0,119885000,0,0,0,0,0,3613000,635625000,3071302086,43,71,2026-08-07T20:45:18.674Z
2020,0000410,가톨릭상지대학교,전문대학,전문대학,경북,사립,1,9859905883,4785669634,0,259590000,0,0,0,30000000,0,51411200,205950000,5621187449,103,54.6,2026-08-07T20:45:18.674Z
2020,0000456,경북과학대학교,전문대학,전문대학,경북,사립,1,3864536303,3420508980,98926000,321000000,0,0,0,44000000,0,203949000,186900000,1298802323,92,14.1,2026-08-07T20:45:18.674Z
2020,0000405,경북도립대학교,전문대학,전문대학,경북,공립,1,3092390045,1061298530,0,0,0,0,0,182639000,0,0,17652496000,19866226515,0,0,2026-08-07T20:45:18.674Z
2020,0000438,경북보건대학교,전문대학,전문대학,경북,사립,1,5885414306,2820626100,0,0,0,0,0,160000000,0,3872000,569800000,3798460206,70,54.5,2026-08-07T20:45:18.674Z
2020,0002642,경북전문대학교,전문대학,전문대학,경북,사립,1,13252086347,7714766230,0,93254000,0,0,38400000,96000000,0,28469360,473740050,6267183527,162,38.6,2026-08-07T20:45:18.674Z
2020,0000668,경안대학원대학교,전문대학,전문대학원,경북,사립,1,1884600,0,70700000,0,0,0,0,0,0,0,0,72584600,3,28.3,2026-08-07T20:45:18.674Z
2020,0000244,경운대학교,대학,대학교,경북,사립,1,19864354261,10377085500,940480000,375000000,0,0,104600000,4000000,0,49625000,1001261000,11962234761,332,36,2026-08-07T20:45:18.674Z
2020,0000064,경일대학교,대학,대학교,경북,사립,1,26977294808,12667488710,165204000,368790000,129920000,0,0,531378000,0,85344000,905314000,16495756098,460,35.9,2026-08-07T20:45:18.674Z
2020,0000065,경주대학교,대학,대학교,경북,사립,2,2770064882,1569010000,26178507000,81000000,0,0,0,0,194110000,28049000,40000000,27722720882,70,16,2026-08-07T20:45:18.674Z
2020,0000430,구미대학교,전문대학,전문대학,경북,사립,1,24616738716,15219005880,0,603705000,0,0,0,59555000,0,1387210000,1085392400,12533595236,300,41.8,2026-08-07T20:45:18.674Z
2020,0000010,금오공과대학교,대학,대학교,경북,국립,1,64951529278,8850737550,1550258400,0,627250000,0,0,1186257900,0,726896200,2540000000,62731454228,0,0,2026-08-07T20:45:18.674Z
2020,0000241,김천대학교,대학,대학교,경북,사립,1,5841596332,5104486234,96030000,0,0,0,0,0,12000000,41802330,774950000,1661892428,204,8.2,2026-08-07T20:45:18.674Z
2020,0000442,대경대학교,전문대학,전문대학,경북,사립,1,15972743856,9927288309,0,162100000,0,0,0,0,29100000,57741350,458450000,6752846897,225,30.1,2026-08-07T20:45:18.674Z
2020,0000088,대구가톨릭대학교,대학,대학교,경북,사립,1,41506358435,24064316090,14013464000,417254000,2679250000,637000000,20250000,354742400,165000000,2880008000,3059162000,41668172745,927,45,2026-08-07T20:45:18.674Z
2020,0000084,대구대학교,대학,대학교,경북,사립,1,58690165149,36153265950,1246979000,708750000,85000000,36800000,170970000,3576136000,709000000,716639630,1075400000,30862573829,1249,24.7,2026-08-07T20:45:18.674Z
2020,0000320,대구사이버대학교,대학,사이버대학(대학),경북,사립,1,4417446705,4360906350,0,0,0,0,0,0,0,100000000,13200000,169740355,95,1.8,2026-08-07T20:45:18.674Z
2020,0000087,대구예술대학교,대학,대학교,경북,사립,1,2388837775,2032267670,1365400000,0,0,0,30000000,0,0,30117500,30000000,1812087605,76,23.7,2026-08-07T20:45:18.674Z
2020,0000061,대구한의대학교,대학,대학교,경북,사립,1,27216911370,13258153260,915676000,412734000,0,80000000,222570000,48062660,0,1476344160,2187061000,19301205930,492,39.2,2026-08-07T20:45:18.674Z
2020,0000093,대신대학교,대학,대학교,경북,사립,1,1541136790,1407175000,0,0,0,0,0,0,0,52866330,0,186828120,36,5.1,2026-08-07T20:45:18.674Z
2020,0000106,동양대학교,대학,대학교,경북,사립,1,8784477669,7633520502,1893928000,0,0,0,96900000,65501000,0,162247500,158610450,3528144117,264,13.4,2026-08-07T20:45:18.674Z
2020,0000475,문경대학교,전문대학,전문대학,경북,사립,1,4781099771,2437346000,0,0,0,0,62600000,0,0,192865650,1349831000,3949050421,51,78.2,2026-08-07T20:45:18.674Z
2020,0000550,선린대학교,전문대학,전문대학,경북,사립,1,9022069288,5545958400,0,0,0,0,0,0,0,15988670,313500000,3805599558,131,29.1,2026-08-07T20:45:18.674Z
2020,0002647,성덕대학교,전문대학,전문대학,경북,사립,1,6070747365,3383689375,0,0,0,0,0,0,194110000,92311800,0,2973479790,77,38.8,2026-08-07T20:45:18.674Z
2020,0002650,안동과학대학교,전문대학,전문대학,경북,사립,1,12394110989,6835908650,0,100000000,0,0,67000000,0,0,26634630,125000000,5876836969,150,39.2,2026-08-07T20:45:18.674Z
2020,0000021,안동대학교,대학,대학교,경북,국립,1,85268420853,10037396740,2284313300,400000000,57000000,0,67200000,86907800,709000000,579044000,3754798560,83169287773,0,0,2026-08-07T20:45:18.674Z
2020,0000151,영남대학교,대학,대학교,경북,사립,1,68407486724,37428839250,2632024733,285354096,2694660000,472200000,181620000,381951600,478000000,2690763150,3392786000,44188007053,1701,26,2026-08-07T20:45:18.674Z
2020,0000153,영남신학대학교,대학,대학교,경북,사립,1,1671285526,1394629167,195000000,0,0,0,0,0,0,12190000,67752000,551598359,43,12.8,2026-08-07T20:45:18.674Z
2020,0000418,영남외국어대학,전문대학,전문대학,경북,사립,1,153397477,51273620,37500000,0,0,0,0,0,0,166182000,0,305805857,28,11,2026-08-07T20:45:18.674Z
2020,0000160,위덕대학교,대학,대학교,경북,사립,1,8741511982,5778196530,50000000,180000000,0,0,103500000,39416000,0,216481000,1248600000,4801312452,206,23.3,2026-08-07T20:45:18.674Z
2020,0000188,포항공과대학교,대학,대학교,경북,사립,1,30357129964,1881090210,40233879333,0,3832368000,435550000,1333300000,554258000,114000000,2135096000,3243502920,80357994007,238,338,2026-08-07T20:45:18.674Z
2020,0002658,포항대학교,전문대학,전문대학,경북,사립,1,5150829789,4569612500,0,0,0,0,0,89814679,0,28900500,1192500000,1892432468,107,17.6,2026-08-07T20:45:18.674Z
2020,0000576,한국복지사이버대학,전문대학,사이버대학(전문대학),경북,사립,1,2582633004,2547252000,0,0,0,0,0,0,0,0,0,35381004,51,0.7,2026-08-07T20:45:18.674Z
2020,0003104,한국폴리텍 특성화대학,전문대학,기능대학,경북,사립,1,1712252763,1681274918,40000000,28332563037,0,0,0,0,0,44800750,142800000,28591141632,0,0,2026-08-07T20:45:18.674Z
2020,0000624,한국폴리텍 VI 대학,전문대학,기능대학,경북,사립,1,1758382082,1744441104,1107192000,39067802749,0,0,0,0,0,1806500,594353000,40785095227,0,0,2026-08-07T20:45:18.674Z
2020,0000196,한동대학교,대학,대학교,경북,사립,1,18016618471,7676463800,4064253000,100000000,50000000,0,523923000,0,80000000,831647980,982500000,16972478651,316,53.6,2026-08-07T20:45:18.674Z
2020,0000415,호산대학교,전문대학,전문대학,경북,사립,1,8928707359,4926226750,581687000,0,0,0,0,0,0,136752800,874910000,5595830409,107,52.3,2026-08-07T20:45:18.674Z
2020,0000073,광신대학교,대학,대학교,광주,사립,1,1764497875,1533808700,4422272000,0,0,0,0,0,0,12010500,0,4664971675,55,84.6,2026-08-07T20:45:18.674Z
2020,0000381,광주과학기술원,대학,대학교,광주,특별법법인,1,3800505469,250038500,116435438000,0,5006048000,397320000,3465000000,43147000,350000000,6644000000,200000000,136091419969,0,0,2026-08-07T20:45:18.674Z
2020,0000252,광주교육대학교,대학,교육대학,광주,국립,1,18805197411,1764425500,142052000,0,0,0,0,0,0,105383000,105910400,17394117311,0,0,2026-08-07T20:45:18.674Z
2020,0000231,광주대학교,대학,대학교,광주,사립,1,23907517690,16166085350,30000000,100000000,163500000,200000000,274735800,2635612000,0,366871500,1767187690,13279339330,442,30,2026-08-07T20:45:18.674Z
2020,0000429,광주보건대학교,전문대학,전문대학,광주,사립,1,15662029208,9441864570,0,80000000,50000000,74285000,0,38257000,0,24029200,118600000,6605335838,187,35.3,2026-08-07T20:45:18.674Z
2020,0000076,광주여자대학교,대학,대학교,광주,사립,1,14423908470,9240617006,5472989000,311500000,0,0,113500000,0,0,32679000,405156000,11519115464,247,46.7,2026-08-07T20:45:18.674Z
2020,0002972,기독간호대학교,전문대학,전문대학,광주,사립,1,3162975950,1216910800,160000000,0,0,0,0,0,0,6568000,0,2112633150,32,66.2,2026-08-07T20:45:18.674Z
2020,0000216,남부대학교,대학,대학교,광주,사립,1,8175661319,6818411360,440918000,90000000,0,87500000,48850000,330072000,0,45191500,113824000,2513605459,214,11.8,2026-08-07T20:45:18.674Z
2020,0000460,동강대학교,전문대학,전문대학,광주,사립,1,11074589931,7468906177,50000000,578000000,0,0,55900000,161491683,0,63144000,325800000,4840019437,155,31.2,2026-08-07T20:45:18.674Z
2020,0002646,서영대학교,전문대학,전문대학,광주,사립,1,21240625488,12974769197,70000000,0,0,0,0,0,0,57728250,1192726800,9586311341,290,33,2026-08-07T20:45:18.674Z
2020,0000243,송원대학교,대학,대학교,광주,사립,1,7846063056,6228078310,0,200000000,0,0,0,0,29980000,79150000,493900000,2421014746,187,13,2026-08-07T20:45:18.674Z
2020,0000023,전남대학교,대학,대학교,광주,국립,1,293682133285,26868161400,27964575667,523670000,3263066000,1219795000,1076074000,1449863800,6758120000,11021163000,23832825430,343923124782,0,0,2026-08-07T20:45:18.674Z
2020,0002974,조선간호대학교,전문대학,전문대학,광주,사립,1,2897430016,1399392150,0,79200000,0,0,0,0,0,11367850,0,1588605716,39,40.9,2026-08-07T20:45:18.674Z
2020,0000172,조선대학교,대학,대학교,광주,사립,1,63265000423,36525843400,4055897467,386415000,4063600000,480000000,160250000,603319000,771000000,1466926880,3237788000,41964353370,1456,28.8,2026-08-07T20:45:18.674Z
2020,0000534,조선이공대학교,전문대학,전문대학,광주,사립,1,13701111393,6866578640,0,0,8000000,0,40500000,177570000,0,38913850,55000000,7154516603,180,39.7,2026-08-07T20:45:18.674Z
2020,0000616,한국폴리텍 V 대학,전문대학,기능대학,광주,사립,1,2067702892,1982831004,0,49957947899,0,0,0,87000000,0,10174000,9000000,50148993787,0,0,2026-08-07T20:45:18.674Z
2020,0000208,호남대학교,대학,대학교,광주,사립,1,25865515099,13430643660,0,270000000,163000000,0,125050000,38257000,0,44459000,3018146200,16093783639,487,33.1,2026-08-07T20:45:18.674Z
2020,0000209,호남신학대학교,대학,대학교,광주,사립,1,1699557918,1384937101,1117780000,0,0,0,0,0,0,15711300,0,1448112117,54,26.7,2026-08-07T20:45:18.674Z
2020,0000005,경북대학교,대학,대학교,대구,국립,1,276974119417,28373752320,27805370666,278800000,6114112000,1202061010,756100000,2782425000,5528597110,10822253836,4674777750,308564864469,0,0,2026-08-07T20:45:18.674Z
2020,0000068,계명대학교,대학,대학교,대구,사립,1,66941441123,42837532584,62344833000,300000000,697015000,820100000,884047000,667315500,0,1246854740,2386594810,93450668589,1631,57.3,2026-08-07T20:45:18.674Z
2020,0000425,계명문화대학교,전문대학,전문대학,대구,사립,1,23898605448,14206756900,0,131563500,0,0,19500000,573816000,0,369570830,914380000,11700678878,288,40.6,2026-08-07T20:45:18.674Z
2020,0000382,대구경북과학기술원,대학,대학교,대구,특별법법인,1,2485260879,0,92833303000,0,888310000,450000000,0,0,0,570000000,667114000,97893987879,0,0,2026-08-07T20:45:18.674Z
2020,0000443,대구공업대학교,전문대학,전문대학,대구,사립,1,4392085530,3698733040,0,0,0,0,0,252555000,0,67857130,120500000,1134264620,92,12.3,2026-08-07T20:45:18.674Z
2020,0000446,대구과학대학교,전문대학,전문대학,대구,사립,1,21625820088,11544480381,0,33120000,0,0,67650000,0,0,225494050,740634000,11148237757,234,47.7,2026-08-07T20:45:18.674Z
2020,0000253,대구교육대학교,대학,교육대학,대구,국립,1,23191213495,1800493000,3724084000,0,0,0,0,0,0,0,568000000,25682804495,0,0,2026-08-07T20:45:18.674Z
2020,0000444,대구보건대학교,전문대학,전문대학,대구,사립,1,27959979432,17827131023,218123000,267600000,1900000000,0,64642800,65501000,0,50094830,303478000,13002288039,427,30.5,2026-08-07T20:45:18.674Z
2020,0002649,수성대학교,전문대학,전문대학,대구,사립,1,15499001647,8878060300,117000000,0,0,0,0,127000000,0,98664080,419982000,7383587427,194,38,2026-08-07T20:45:18.674Z
2020,0000513,영남이공대학교,전문대학,전문대학,대구,사립,1,24657652599,14663247020,66400000,798008000,0,0,0,319973000,0,42470000,307825000,11529081579,356,32.4,2026-08-07T20:45:18.674Z
2020,0000575,영진사이버대학,전문대학,사이버대학(전문대학),대구,사립,1,6035842185,5530436300,0,0,0,0,0,0,0,0,0,505405885,91,5.6,2026-08-07T20:45:18.674Z
2020,0000517,영진전문대학교,전문대학,전문대학,대구,사립,1,31326416979,19169437630,0,1963939624,0,0,0,241233800,0,64387000,1748997800,16175537573,462,35,2026-08-07T20:45:18.674Z
2020,0000643,건신대학원대학교,전문대학,전문대학원,대전,사립,1,7070340,0,0,0,0,0,0,0,0,180000000,20000000,207070340,11,19.7,2026-08-07T20:45:18.674Z
2020,0000335,건양사이버대학교,대학,사이버대학(대학),대전,사립,1,6666851317,5816770000,0,0,0,0,0,0,0,483570000,69268000,1402919317,91,15.5,2026-08-07T20:45:18.674Z
2020,0000664,과학기술연합대학원대학교,전문대학,전문대학원,대전,기타,1,112106415,0,15733907000,0,0,0,0,0,0,0,0,15846013415,0,0,2026-08-07T20:45:18.674Z
2020,0000546,대덕대학교,전문대학,전문대학,대전,사립,1,12466572316,8958021560,0,214450000,0,0,42700000,237000000,0,73110050,14585000,4090395806,199,20.6,2026-08-07T20:45:18.674Z
2020,0000453,대전과학기술대학교,전문대학,전문대학,대전,사립,1,19021952956,11324707320,0,0,0,0,0,143610000,0,33983500,371786000,8246625136,254,32.4,2026-08-07T20:45:18.674Z
2020,0000095,대전대학교,대학,대학교,대전,사립,1,33144021920,17025026334,1165328000,322270020,3866000000,990000000,72700000,578775000,203000000,469732500,9752036940,33538838046,681,49.3,2026-08-07T20:45:18.674Z
2020,0000451,대전보건대학교,전문대학,전문대학,대전,사립,1,19340618716,14136922070,66000000,340685000,0,0,0,40648000,0,66117300,489730000,6206876946,317,19.6,2026-08-07T20:45:18.674Z
2020,0000238,대전신학대학교,대학,대학교,대전,사립,1,524122898,309231000,455706000,0,0,0,0,0,0,536458000,0,1207055898,10,117.7,2026-08-07T20:45:18.674Z
2020,0000112,목원대학교,대학,대학교,대전,사립,1,22779277534,15999554380,31706000,793128000,0,0,173500000,0,68000000,165213250,149417000,8160687404,561,14.5,2026-08-07T20:45:18.674Z
2020,0000113,배재대학교,대학,대학교,대전,사립,1,27327351865,15278476560,2682500000,1149270000,100000000,80000000,52700000,110953000,0,279326820,6578831230,23082456355,579,39.8,2026-08-07T20:45:18.674Z
2020,0000240,우송대학교,대학,대학교,대전,사립,1,26623507447,16411511220,27020349000,175500000,0,0,0,0,0,83474330,128810000,37620129557,727,51.7,2026-08-07T20:45:18.674Z
2020,0000452,우송정보대학,전문대학,전문대학,대전,사립,1,17875074904,11010040080,109410000,0,0,0,0,381800000,0,16913750,234237000,7607395574,253,30,2026-08-07T20:45:18.674Z
2020,0000161,을지대학교,대학,대학교,대전,사립,1,13257983417,6920327100,23494367000,0,100000000,349597070,788994000,37613000,90000000,2869815100,343095560,34411138047,424,81.3,2026-08-07T20:45:18.674Z
2020,0000029,충남대학교,대학,대학교,대전,국립,1,208668293205,22494542130,25793473167,100000000,5338480000,1831995000,1119352000,666900100,7582350000,10045601000,8542870080,247194772422,0,0,2026-08-07T20:45:18.674Z
2020,0000182,침례신학대학교,대학,대학교,대전,사립,1,6492717946,3638740334,0,0,0,0,33000000,0,0,20630300,3000000,2910607912,117,24.9,2026-08-07T20:45:18.674Z
2020,0000374,한국과학기술원,대학,대학교,대전,특별법법인,1,19611224629,2161783500,306055632667,0,10314999000,1248500000,2600000000,7866599000,0,5041439001,1052900000,351629510797,0,0,2026-08-07T20:45:18.674Z
2020,0000603,한국폴리텍 IV 대학,전문대학,기능대학,대전,사립,1,2809292389,2699617386,0,35693005539,70000000,0,0,0,0,11464500,0,35884145042,0,0,2026-08-07T20:45:18.674Z
2020,0000195,한남대학교,대학,대학교,대전,사립,1,39302122321,20812548718,2675266570,922950000,640000000,0,122000000,2384644000,144000000,389821230,403196590,26171451993,845,31,2026-08-07T20:45:18.674Z
2020,0000039,한밭대학교,대학,대학교,대전,국립,1,83530390257,13877861890,1464150240,500350000,4194000000,0,0,3743877760,0,485464920,335189000,80375560287,0,0,2026-08-07T20:45:18.674Z
2020,0002640,경남정보대학교,전문대학,전문대학,부산,사립,1,27113758231,17807350487,0,236350000,0,0,0,122100000,0,91325160,241000000,9997182904,391,25.6,2026-08-07T20:45:18.674Z
2020,0000062,경성대학교,대학,대학교,부산,사립,1,38963721952,23798435168,172843000,1460474000,725000000,100000,66300000,58617000,166000000,670151500,328881200,18813653484,822,22.9,2026-08-07T20:45:18.674Z
2020,0000071,고신대학교,대학,대학교,부산,사립,1,14093586863,8851714834,6069005000,250000000,0,449285000,894555000,0,0,35137660,840589000,13780443689,297,46.4,2026-08-07T20:45:18.674Z
2020,0000447,대동대학교,전문대학,전문대학,부산,사립,1,3948138420,3576226400,147680000,99000000,0,0,0,0,0,8828050,80844800,708264870,89,8,2026-08-07T20:45:18.674Z
2020,0000235,동명대학교,대학,대학교,부산,사립,1,32800587946,17299335220,2966003000,290000000,230000000,0,35250000,222716736,0,515290600,1336200000,21096713062,525,40.2,2026-08-07T20:45:18.674Z
2020,0000459,동부산대학교,전문대학,전문대학,부산,사립,1,163707461,158973500,0,0,0,0,0,0,0,0,0,4733961,0,0,2026-08-07T20:45:18.674Z
2020,0000103,동서대학교,대학,대학교,부산,사립,1,39064244980,23344241017,3272906000,1326845000,16000000,100000000,24800000,2392700000,0,478445100,777720000,24109420063,677,35.6,2026-08-07T20:45:18.674Z
2020,0000105,동아대학교,대학,대학교,부산,사립,1,62037016732,35243090580,1851593467,492704996,1126230000,37000000,239860000,1375975000,480000000,1935814100,1039416000,35372519715,1381,25.6,2026-08-07T20:45:18.674Z
2020,0000466,동의과학대학교,전문대학,전문대학,부산,사립,1,21676618304,12559903365,0,673125000,0,0,0,392000000,0,29898700,121550000,10333288639,310,33.4,2026-08-07T20:45:18.674Z
2020,0000107,동의대학교,대학,대학교,부산,사립,1,49017035533,31342950330,1141011000,909918000,494186000,15000000,128100000,971058000,27000000,222277580,624186940,22206822723,1011,22,2026-08-07T20:45:18.674Z
2020,0000467,동주대학교,전문대학,전문대학,부산,사립,1,15042366781,7967113067,0,0,0,0,0,38478000,0,73086200,10183000,7197000914,174,41.3,2026-08-07T20:45:18.674Z
2020,0000013,부경대학교,대학,대학교,부산,국립,1,217083318753,24234182450,2886041000,560342000,2112000000,100000000,30000000,3030058700,150000000,2733294561,2901254520,207352127084,0,0,2026-08-07T20:45:18.674Z
2020,0000114,부산가톨릭대학교,대학,대학교,부산,사립,1,18459289812,8430963330,34299861000,79100000,0,0,94800000,58617000,0,25008000,1158750000,45744462482,262,174.8,2026-08-07T20:45:18.674Z
2020,0000479,부산경상대학교,전문대학,전문대학,부산,사립,1,10940219220,6521332725,737484000,2133684000,0,0,0,0,0,143801750,536283000,7970139245,128,62.4,2026-08-07T20:45:18.674Z
2020,0000481,부산과학기술대학교,전문대학,전문대학,부산,사립,1,18495566180,8573193277,0,361780000,0,0,0,325720000,0,23478330,214889000,10848240233,206,52.6,2026-08-07T20:45:18.674Z
2020,0000254,부산교육대학교,대학,교육대학,부산,국립,1,27311715789,1484876000,93744000,0,0,0,0,0,0,50000000,473455440,26444039229,0,0,2026-08-07T20:45:18.674Z
2020,0000014,부산대학교,대학,대학교,부산,국립,1,274124476572,25889960507,19868324973,90000000,6934855000,2825540000,103024710,3192552000,1679400000,6432662183,7429083000,296789957931,0,0,2026-08-07T20:45:18.674Z
2020,0000321,부산디지털대학교,대학,사이버대학(대학),부산,사립,1,4544696646,3311618383,0,0,0,0,0,0,0,0,8153600,1241231863,62,20,2026-08-07T20:45:18.674Z
2020,0000480,부산여자대학교,전문대학,전문대학,부산,사립,1,12667751904,6896575234,0,0,0,0,0,0,0,40676000,0,5811852670,156,37.2,2026-08-07T20:45:18.674Z
2020,0000561,부산예술대학교,전문대학,전문대학,부산,사립,1,1934845161,1728571308,0,0,0,0,0,0,0,5270000,0,211543853,39,5.4,2026-08-07T20:45:18.674Z
2020,0000115,부산외국어대학교,대학,대학교,부산,사립,1,24240781252,15056670110,125000000,1650811400,280000000,0,116500000,0,0,96809910,345568700,11798801152,493,23.9,2026-08-07T20:45:18.674Z
2020,0000144,신라대학교,대학,대학교,부산,사립,1,27648623902,16941877660,324512667,1422543000,749500000,0,0,0,64600000,703836599,1072435500,15044174008,567,26.6,2026-08-07T20:45:18.674Z
2020,0003193,영산대학교,대학,대학교,부산,사립,1,21728129173,12089661060,0,1006110000,0,0,74050000,2505325200,28935365,56259800,690890000,14000038478,374,37.4,2026-08-07T20:45:18.674Z
2020,0003163,한국폴리텍 VII 대학,전문대학,기능대학,부산,사립,1,3281101011,3016593420,0,37877144939,0,0,0,150000000,0,14495750,946320000,39252468280,0,0,2026-08-07T20:45:18.674Z
2020,0000033,한국해양대학교,대학,대학교,부산,국립,1,91490419631,8918346890,2058753000,300113000,2227554000,0,0,81701000,0,1005500000,1102008230,89347701971,0,0,2026-08-07T20:45:18.674Z
2020,0000333,화신사이버대학교,대학,사이버대학(대학),부산,사립,1,3074976440,2801358582,0,0,0,0,0,0,0,0,0,273617858,35,7.7,2026-08-07T20:45:18.674Z
2020,0000050,감리교신학대학교,대학,대학교,서울,사립,1,2705211134,2129029680,162425000,0,0,0,0,0,0,14242100,0,752848554,90,8.4,2026-08-07T20:45:18.674Z
2020,0000079,강서대학교,대학,대학교,서울,사립,1,4666918549,2605750867,155021000,0,0,0,0,0,50000000,18478500,814000000,3098667182,100,31.1,2026-08-07T20:45:18.674Z
2020,0000663,개신대학원대학교,전문대학,전문대학원,서울,사립,1,1510859110,0,0,0,0,0,0,0,0,0,0,1510859110,7,231.3,2026-08-07T20:45:18.674Z
2020,0000052,건국대학교,대학,대학교,서울,사립,2,69445939432,32070511203,15988175435,1234315000,5372670000,1954833000,282452447,2583121800,3507570000,8536363310,3029142710,79864071931,2327,24.6,2026-08-07T20:45:18.674Z
2020,0000066,경희대학교,대학,대학교,서울,사립,1,79974974075,32801308950,21850528321,251432240,3031692000,5195315000,938799990,341082000,1550870000,9979251441,2311838700,92624474817,2900,31.9,2026-08-07T20:45:18.674Z
2020,0000318,경희사이버대학교,대학,사이버대학(대학),서울,사립,1,10208103650,9686124416,30000000,0,0,0,0,0,0,1440000,1327940,554747174,292,1.9,2026-08-07T20:45:18.674Z
2020,0000069,고려대학교,대학,대학교,서울,사립,2,112084822466,28427651400,57571335458,314200000,10545790000,17786470000,1293750000,4093220000,1331655000,17826919893,5295725170,199716236587,3529,50.5,2026-08-07T20:45:18.674Z
2020,0000328,고려사이버대학교,대학,사이버대학(대학),서울,사립,1,6666912189,5948365750,0,0,0,0,0,0,0,0,0,718546439,195,3.7,2026-08-07T20:45:18.674Z
2020,0000074,광운대학교,대학,대학교,서울,사립,1,20343709607,10592463900,3923612333,664919528,1297000000,49700000,149300000,150000000,0,237034500,2592245250,18815057318,764,24.6,2026-08-07T20:45:18.674Z
2020,0000078,국민대학교,대학,대학교,서울,사립,1,46073524567,21913083740,8994492667,300000000,1802930000,0,1449051760,332135000,178500000,5553468250,1248944090,44019962594,1519,29,2026-08-07T20:45:18.674Z
2020,0000649,국제신학대학원대학교,전문대학,전문대학원,서울,사립,1,1873199,0,0,0,0,0,0,0,0,0,140000000,141873199,22,6.5,2026-08-07T20:45:18.674Z
2020,0000656,국제영어대학원대학교,전문대학,전문대학원,서울,사립,1,5600000,0,0,0,0,0,0,0,0,0,0,5600000,5,1.1,2026-08-07T20:45:18.674Z
2020,0000099,덕성여자대학교,대학,대학교,서울,사립,1,14591527981,8454905186,10639705000,100000000,20000000,0,0,150000000,0,935028000,1033188850,19014544645,413,46,2026-08-07T20:45:18.674Z
2020,0000100,동국대학교,대학,대학교,서울,사립,2,71530289980,30218324699,11318664134,922950000,2331550000,3356200000,2007343800,383828000,834200000,6008314080,1571240940,70046256235,2147,26.4,2026-08-07T20:45:18.674Z
2020,0000102,동덕여자대학교,대학,대학교,서울,사립,1,18399370331,11255148104,354988000,738175000,0,0,68000000,0,24000000,27863500,1157221510,9514470237,523,18.2,2026-08-07T20:45:18.674Z
2020,0000669,동방문화대학원대학교,전문대학,전문대학원,서울,사립,1,107620620,0,0,0,0,0,0,0,0,96000000,0,203620620,28,7.3,2026-08-07T20:45:18.674Z
2020,0000463,동양미래대학교,전문대학,전문대학,서울,사립,1,23686847721,13267711290,37485000,0,80000000,0,0,150000000,0,30180000,1005067200,11721868631,375,31.3,2026-08-07T20:45:18.674Z
2020,0000330,디지털서울문화예술대학교,대학,사이버대학(대학),서울,사립,1,3944256763,3704172300,0,0,0,0,0,0,0,693000,0,240777463,121,2,2026-08-07T20:45:18.674Z
2020,0000473,명지전문대학,전문대학,전문대학,서울,사립,1,20159072161,15739744385,0,122915000,0,0,0,0,0,809936990,503118390,5855298156,431,13.6,2026-08-07T20:45:18.674Z
2020,0000476,배화여자대학교,전문대학,전문대학,서울,사립,1,7892835309,7033189280,435624000,0,0,0,0,155000000,20000000,37742000,554423830,2062435859,162,12.8,2026-08-07T20:45:18.674Z
2020,0000642,베뢰아국제대학원대학교,전문대학,전문대학원,서울,사립,1,8248830,0,0,0,0,0,0,0,0,0,0,8248830,2,3.7,2026-08-07T20:45:18.674Z
2020,0000670,북한대학원대학교,전문대학,전문대학원,서울,사립,1,557692297,0,0,0,0,0,0,0,0,0,0,557692297,14,39.4,2026-08-07T20:45:18.674Z
2020,0000332,사이버한국외국어대학교,대학,사이버대학(대학),서울,사립,1,6188434200,5828437650,30000000,0,0,0,0,0,0,0,0,389996550,167,2.3,2026-08-07T20:45:18.674Z
2020,0000116,삼육대학교,대학,대학교,서울,사립,1,17673810469,10491719671,3030764000,421032000,0,0,0,183219000,178000000,1410873100,1619292360,14025271258,462,30.4,2026-08-07T20:45:18.674Z
2020,0000483,삼육보건대학교,전문대학,전문대학,서울,사립,1,5952045526,2663991767,0,0,0,0,0,148000000,0,0,147695280,3583749039,76,47,2026-08-07T20:45:18.674Z
2020,0000117,상명대학교,대학,대학교,서울,사립,1,33386293777,19648594450,3659164000,346236000,809110000,0,1359650000,125431000,412400000,1200963600,7722634180,29373288107,1077,27.3,2026-08-07T20:45:18.674Z
2020,0000120,서강대학교,대학,대학교,서울,사립,1,28729851198,7473690301,12965962333,0,1736000000,430000000,748593850,390232010,6000000,582500500,294857580,38410307170,1025,37.5,2026-08-07T20:45:18.674Z
2020,0000121,서경대학교,대학,대학교,서울,사립,1,16002654336,9501037600,7413762000,0,90000000,0,909500000,0,0,1747246500,551959150,17214084386,490,35.1,2026-08-07T20:45:18.674Z
2020,0000036,서울과학기술대학교,대학,대학교,서울,국립,1,100491182679,14686436808,1054257710,400750000,2811336000,0,0,384679100,339350000,4313932000,128559890,95237610571,0,0,2026-08-07T20:45:18.674Z
2020,0000666,서울과학종합대학원대학교,전문대학,전문대학원,서울,사립,1,416388504,0,0,0,0,0,0,0,0,0,0,416388504,95,4.4,2026-08-07T20:45:18.674Z
2020,0000255,서울교육대학교,대학,교육대학,서울,국립,1,21424022199,1304712330,54040000,0,34000000,0,0,0,40000000,150000000,395609510,20792959379,0,0,2026-08-07T20:45:18.674Z
2020,0000098,서울기독대학교,대학,대학교,서울,사립,1,1021728407,904218800,112164973000,0,0,0,0,0,0,10199000,0,112292681607,0,0,2026-08-07T20:45:18.674Z
2020,0000019,서울대학교,대학,대학교,서울,국립대법인,1,608219885277,12465166700,84876445666,0,11914830000,12006677000,1313166000,5834188900,6477963420,43989462524,9257640968,771425093055,0,0,2026-08-07T20:45:18.674Z
2020,0000322,서울디지털대학교,대학,사이버대학(대학),서울,사립,1,8337253335,8028588250,15000000,0,0,0,0,0,0,1890000,0,325555085,218,1.5,2026-08-07T20:45:18.674Z
2020,0000677,서울미디어대학원대학교,전문대학,특수대학원,서울,사립,1,283291755,0,0,0,0,0,100000000,0,0,0,0,383291755,11,35.7,2026-08-07T20:45:18.674Z
2020,0000660,서울벤처대학원대학교,전문대학,전문대학원,서울,사립,1,14456943,0,0,0,0,0,0,0,26400000,0,0,40856943,23,1.8,2026-08-07T20:45:18.674Z
2020,0000658,서울불교대학원대학교,전문대학,전문대학원,서울,사립,1,209000000,0,0,0,0,0,0,0,0,0,0,209000000,17,12.6,2026-08-07T20:45:18.674Z
2020,0000323,서울사이버대학교,대학,사이버대학(대학),서울,사립,1,13297744056,12032493900,132500000,0,0,0,0,0,0,264934997,0,1662685153,360,4.6,2026-08-07T20:45:18.674Z
2020,0000653,서울사회복지대학원대학교,전문대학,특수대학원,서울,사립,1,3785600,0,221533000,0,0,0,0,0,0,0,0,225318600,12,18.2,2026-08-07T20:45:18.674Z
2020,0000650,서울성경신학대학원대학교,전문대학,전문대학원,서울,사립,1,8873663,0,0,0,0,0,0,0,0,0,0,8873663,5,1.9,2026-08-07T20:45:18.674Z
2020,0000040,서울시립대학교,대학,대학교,서울,공립,1,23285786441,7324101290,2165026500,0,1320528000,0,0,92787000,330000000,4409832880,67642612450,91922471981,0,0,2026-08-07T20:45:18.674Z
2020,0002973,서울여자간호대학교,전문대학,전문대학,서울,사립,1,3254839660,1338510140,0,0,0,0,0,0,0,8398940,501162950,2425891410,61,40.1,2026-08-07T20:45:18.674Z
2020,0000126,서울여자대학교,대학,대학교,서울,사립,1,19717583764,11801572900,2539121170,0,72000000,0,32493600,0,351700000,746895000,1712446200,13370666834,531,25.2,2026-08-07T20:45:18.674Z
2020,0000659,서울외국어대학원대학교,전문대학,전문대학원,서울,사립,1,15789844,0,0,0,0,0,0,0,0,0,0,15789844,29,0.5,2026-08-07T20:45:18.674Z
2020,0000490,서일대학교,전문대학,전문대학,서울,사립,1,20239982778,14114303560,150000000,270000000,53077000,0,0,0,0,33154000,377737800,7009648018,355,19.7,2026-08-07T20:45:18.674Z
2020,0000132,성공회대학교,대학,대학교,서울,사립,1,9085756232,4212929867,52138516000,0,0,0,0,0,0,97140450,1192103840,58300586655,170,342.1,2026-08-07T20:45:18.674Z
2020,0000133,성균관대학교,대학,대학교,서울,사립,1,92047582635,19267293800,42556496666,100000000,11887848000,4373035000,1370243000,4343207000,449000000,8658069200,2186693280,148704880981,2713,54.8,2026-08-07T20:45:18.674Z
2020,0000136,성신여자대학교,대학,대학교,서울,사립,1,21654038677,15159219100,660618000,300000000,160000000,300000000,11379300,0,0,651419500,1103327980,9681564357,757,12.8,2026-08-07T20:45:18.674Z
2020,0000138,세종대학교,대학,대학교,서울,사립,1,33636303090,16790930300,10838380293,270000000,2803118000,207250000,828900000,147125000,1518431000,3208562000,5111393480,41778532563,1202,34.8,2026-08-07T20:45:18.674Z
2020,0000325,세종사이버대학교,대학,사이버대학(대학),서울,사립,1,13036385260,12028731926,0,0,0,0,0,0,0,2276500,0,1009929834,263,3.8,2026-08-07T20:45:18.674Z
2020,0000141,숙명여자대학교,대학,대학교,서울,사립,1,31826071607,13430410300,4722300740,326150000,616000000,0,402500000,1990500,485500000,2342725900,2606096090,29898924537,1031,29,2026-08-07T20:45:18.674Z
2020,0000671,순복음대학원대학교,전문대학,전문대학원,서울,사립,1,496943,0,0,0,0,0,0,0,0,5100000,0,5596943,0,0,2026-08-07T20:45:18.674Z
2020,0000143,숭실대학교,대학,대학교,서울,사립,1,38213272774,18399380167,7310466667,340000000,1867334000,0,105000000,3080285854,488000000,2307761500,62686220,35375426848,1354,26.1,2026-08-07T20:45:18.674Z
2020,0000329,숭실사이버대학교,대학,사이버대학(대학),서울,사립,1,7431591872,6924611500,15000000,0,0,0,0,0,0,116000000,0,637980372,182,3.5,2026-08-07T20:45:18.674Z
2020,0000500,숭의여자대학교,전문대학,전문대학,서울,사립,1,8884054511,8033539870,0,0,0,0,0,0,0,14805850,2325900,867646391,191,4.5,2026-08-07T20:45:18.674Z
2020,0000149,연세대학교,대학,대학교,서울,사립,2,127481764120,28208604200,58788949154,350000000,9693161000,14200753000,1525366000,5151533000,2214380000,10967031466,4082205230,206246538770,3919,43.3,2026-08-07T20:45:18.674Z
2020,0000651,예명대학원대학교,전문대학,전문대학원,서울,사립,1,10000000,0,0,0,0,0,0,0,0,0,0,10000000,13,0.8,2026-08-07T20:45:18.674Z
2020,0000678,용문상담심리대학원대학교,전문대학,전문대학원,서울,사립,1,27001170,0,0,0,0,0,0,0,0,0,0,27001170,10,2.6,2026-08-07T20:45:18.674Z
2020,0000163,이화여자대학교,대학,대학교,서울,사립,1,48840483313,16729289404,20395853583,0,345500000,1147930000,621478300,258488000,242550000,3460115944,806818570,59389928306,2017,29.4,2026-08-07T20:45:18.674Z
2020,0000525,인덕대학교,전문대학,전문대학,서울,사립,1,16653078756,14814548657,0,100000000,70000000,0,0,1948180000,0,21268160,2258470630,6236448889,389,16.1,2026-08-07T20:45:18.674Z
2020,0000170,장로회신학대학교,대학,대학교,서울,사립,1,2692200324,1776333800,22649611000,0,0,0,0,0,0,8125000,1000000000,24573602524,161,152.2,2026-08-07T20:45:18.674Z
2020,0000288,정석대학,대학,기술대학,서울,사립,1,14588437,0,0,0,0,0,0,0,0,0,0,14588437,0,0,2026-08-07T20:45:18.674Z
2020,0000175,중앙대학교,대학,대학교,서울,사립,1,71244322209,29515449200,14556680334,0,4876123000,1744350000,784491748,256360000,1253644000,13052879392,3041650180,81295051663,2613,31.1,2026-08-07T20:45:18.674Z
2020,0000180,총신대학교,대학,대학교,서울,사립,1,5189296007,4043303000,0,0,0,0,0,0,0,31551500,7485620,1185030127,257,4.6,2026-08-07T20:45:18.674Z
2020,0000181,추계예술대학교,대학,대학교,서울,사립,1,2179952212,1962102990,22427758000,0,0,0,0,0,0,28390500,0,22673997722,108,209.4,2026-08-07T20:45:18.674Z
2020,0002817,크리스찬치유상담대학원대학교,전문대학,전문대학원,서울,사립,1,30588858,0,150638000,0,0,0,0,0,0,0,0,181226858,13,14,2026-08-07T20:45:18.674Z
2020,0000273,한국방송통신대학교,대학,방송통신대학,서울,국립,1,54991864793,12310118380,0,0,50000000,0,0,0,213000000,283854700,1131450000,44360051113,0,0,2026-08-07T20:45:18.674Z
2020,0000679,한국상담대학원대학교,전문대학,전문대학원,서울,사립,1,31032994,0,168400000,0,0,0,0,0,0,0,0,199432994,12,17.2,2026-08-07T20:45:18.674Z
2020,0000191,한국성서대학교,대학,대학교,서울,사립,1,4556439898,2438295000,2224478000,0,0,0,0,0,0,5430000,0,4348052898,82,53.2,2026-08-07T20:45:18.674Z
2020,0000326,한국열린사이버대학교,대학,사이버대학(대학),서울,사립,1,7184233216,7141065100,1439313000,0,0,0,0,100000000,0,0,0,1582481116,128,12.4,2026-08-07T20:45:18.674Z
2020,0000383,한국예술종합학교,대학,각종학교(대학),서울,특별법국립,1,3911781690,2821624920,0,0,0,0,38703967593,0,0,0,3205414900,42999539263,0,0,2026-08-07T20:45:18.674Z
2020,0000192,한국외국어대학교,대학,대학교,서울,사립,1,41783177486,21498299950,3293053500,300000000,400000000,0,19200000,106324258,100000000,276269940,1145574310,25925299544,1473,17.6,2026-08-07T20:45:18.674Z
2020,0000032,한국체육대학교,대학,대학교,서울,국립,1,40606789837,4260652840,1590183000,0,0,0,880000000,0,0,0,0,38816319997,0,0,2026-08-07T20:45:18.674Z
2020,0000585,한국폴리텍 I 대학,전문대학,기능대학,서울,사립,1,2986281427,2925177662,0,40519244639,0,0,0,87000000,0,3292080,1000400000,41671040484,0,0,2026-08-07T20:45:18.674Z
2020,0000673,한림국제대학원대학교,전문대학,특수대학원,서울,사립,1,158571398,0,0,0,0,0,0,0,0,0,0,158571398,24,6.5,2026-08-07T20:45:18.674Z
2020,0000676,한반도국제대학원대학교,전문대학,특수대학원,서울,사립,1,0,0,0,0,0,0,0,0,0,0,0,0,2,0,2026-08-07T20:45:18.674Z
2020,0000200,한성대학교,대학,대학교,서울,사립,1,19393811302,10726817610,156433000,669887792,220000000,0,6300000,1048706900,0,313222452,782078460,11863622296,555,21.4,2026-08-07T20:45:18.674Z
2020,0000203,한양대학교,대학,대학교,서울,사립,2,108884279663,31983486660,47362735334,0,18387051000,5142316000,2885000108,4196524000,564618000,8784245667,1621299870,165844582982,3275,34.5,2026-08-07T20:45:18.674Z
2020,0000331,한양사이버대학교,대학,사이버대학(대학),서울,사립,1,15723610931,14753655838,50000000,0,0,0,0,0,0,1316500,0,1021271593,456,2.2,2026-08-07T20:45:18.674Z
2020,0000554,한양여자대학교,전문대학,전문대학,서울,사립,1,23950105927,14520091180,0,386562000,0,0,130000000,0,0,22021000,73217050,10041814797,396,25.4,2026-08-07T20:45:18.674Z
2020,0000205,한영신학대학교,대학,대학교,서울,사립,1,2097493524,1561384200,178000000,0,0,0,0,0,0,5025700,0,719135024,60,11.9,2026-08-07T20:45:18.674Z
2020,0000212,홍익대학교,대학,대학교,서울,사립,1,39291526045,25311726800,2520432800,757420000,981640000,0,794000000,36500000,145000000,1148434300,122415070,20485641415,1960,10.5,2026-08-07T20:45:18.674Z
2020,0000648,횃불트리니티신학대학원대학교,전문대학,전문대학원,서울,사립,1,45989109,0,77500000,0,0,0,0,0,0,0,0,123489109,28,4.3,2026-08-07T20:45:18.674Z
2020,0000094,대전가톨릭대학교,대학,대학교,세종,사립,1,217954536,85797500,1929937000,0,0,0,0,0,0,370000000,0,2432094036,4,546.6,2026-08-07T20:45:18.674Z
2020,0000640,한국개발연구원국제정책대학원대학교,전문대학,전문대학원,세종,사립,1,33113977,0,0,0,0,0,0,0,0,1198724667,0,1231838644,0,0,2026-08-07T20:45:18.674Z
2020,0000522,한국영상대학교,전문대학,전문대학,세종,사립,1,15484458036,8036228601,180000000,0,0,0,12000000,32230000,0,38569200,20000000,7731028635,195,39.7,2026-08-07T20:45:18.674Z
2020,0000250,울산과학기술원,대학,대학교,울산,특별법법인,1,11583974351,2098475650,116053703000,0,7193750000,1372000000,0,0,46000000,1101000000,17725433310,152977385011,0,0,2026-08-07T20:45:18.674Z
2020,0000521,울산과학대학교,전문대학,전문대학,울산,사립,1,20501789024,9705676140,0,342850000,30000000,0,180850000,338680000,32000000,37704000,2315338940,14073535824,341,41.3,2026-08-07T20:45:18.674Z
2020,0000158,울산대학교,대학,대학교,울산,사립,1,41398033032,16462331835,11035625834,479000000,3582082000,1683993000,101000000,2931185000,60000000,1192209500,3225258580,49226055111,1023,48.1,2026-08-07T20:45:18.674Z
2020,0000545,춘해보건대학교,전문대학,전문대학,울산,사립,1,10450143185,6186425050,0,0,0,0,0,0,0,41976500,316000000,4621694635,166,27.9,2026-08-07T20:45:18.674Z
2020,0000681,한국전력국제원자력대학원대학교,전문대학,전문대학원,울산,사립,1,0,0,0,0,796000000,0,0,0,0,0,100000000,896000000,42,21.5,2026-08-07T20:45:18.674Z
2020,0000256,경인교육대학교,대학,교육대학,인천,국립,1,34585887313,2753309000,18890000,0,0,0,143140000,0,0,0,1524132200,33518740513,0,0,2026-08-07T20:45:18.674Z
2020,0000422,경인여자대학교,전문대학,전문대학,인천,사립,1,13295780869,12143321770,45000000,0,0,0,0,0,0,15594400,63884490,1276937989,279,4.6,2026-08-07T20:45:18.674Z
2020,0000644,성산효대학원대학교,전문대학,전문대학원,인천,사립,1,9284175,0,0,0,0,0,0,0,0,0,0,9284175,14,0.7,2026-08-07T20:45:18.674Z
2020,0000168,인천가톨릭대학교,대학,대학교,인천,사립,1,1656904703,1159741810,7355494000,0,0,0,0,0,0,0,9988000,7862644893,65,120.1,2026-08-07T20:45:18.674Z
2020,0002660,인천대학교,대학,대학교,인천,국립대법인,1,132642087518,21090729614,19653695667,965230000,890966000,478835000,656700000,3157045600,0,2125741060,66193212240,205672783471,0,0,2026-08-07T20:45:18.674Z
2020,0000455,인천재능대학교,전문대학,전문대학,인천,사립,1,15984480148,8609072810,46650560,117665000,0,0,0,0,0,39917100,213930810,7793570808,211,36.9,2026-08-07T20:45:18.674Z
2020,0002654,인하공업전문대학,전문대학,전문대학,인천,사립,1,26158225714,16043193360,0,250000000,238000000,0,0,87000000,0,238876000,72935280,11001843634,438,25.1,2026-08-07T20:45:18.674Z
2020,0000169,인하대학교,대학,대학교,인천,사립,1,53525521420,24392522480,7831501333,1110624000,6766308000,1781353000,874630000,2433483100,100000000,2770773500,5349991080,58151662953,1639,35.5,2026-08-07T20:45:18.674Z
2020,0000680,주안대학원대학교,전문대학,전문대학원,인천,사립,1,24000000,0,62705000,0,0,0,0,0,0,0,0,86705000,4,20.9,2026-08-07T20:45:18.674Z
2020,0000590,한국폴리텍 II 대학,전문대학,기능대학,인천,사립,1,2244039280,2186551907,0,39530655639,0,0,0,68168000,0,9940000,40000000,39706251012,0,0,2026-08-07T20:45:18.674Z
2020,0000435,고구려대학교,전문대학,전문대학,전남,사립,1,4984805737,4868983200,0,0,0,0,0,0,0,48073400,0,163895937,72,2.3,2026-08-07T20:45:18.674Z
2020,0000428,광양보건대학교,전문대학,전문대학,전남,사립,1,84487817,62394600,0,0,0,0,0,0,0,1685000,46158000,69936217,0,0,2026-08-07T20:45:18.674Z
2020,0000075,광주가톨릭대학교,대학,대학교,전남,사립,1,0,0,17772113000,0,0,0,0,0,0,0,0,17772113000,0,0,2026-08-07T20:45:18.674Z
2020,0000104,동신대학교,대학,대학교,전남,사립,1,23787710545,14772330970,6801538667,910750000,55000000,350000000,48200000,1558396000,130000000,207509500,4075499440,23152273182,439,52.8,2026-08-07T20:45:18.674Z
2020,0000462,동아보건대학교,전문대학,전문대학,전남,사립,1,4260954056,4056268500,683984000,0,0,0,0,0,0,232252500,336206840,1457128896,72,20.2,2026-08-07T20:45:18.674Z
2020,0000221,목포가톨릭대학교,대학,대학교,전남,사립,1,2799613984,1361985750,2190171000,0,0,0,0,0,0,24130000,199076000,3851005234,33,118.2,2026-08-07T20:45:18.674Z
2020,0000474,목포과학대학교,전문대학,전문대학,전남,사립,1,8329477531,6302399197,87375000,0,0,0,62150000,0,0,19011100,546465000,2742079434,120,22.9,2026-08-07T20:45:18.674Z
2020,0000011,목포대학교,대학,대학교,전남,국립,1,90662089362,12795874810,983892000,1126608000,1077000000,0,432725000,637980000,215000000,982043000,7478926230,90800388782,0,0,2026-08-07T20:45:18.674Z
2020,0000012,목포해양대학교,대학,대학교,전남,국립,1,60798397901,3567693160,630943000,0,2763800000,0,0,0,0,441252500,1512100000,62578800241,0,0,2026-08-07T20:45:18.674Z
2020,0000092,세한대학교,대학,대학교,전남,사립,1,8714094212,8019649760,155000000,0,0,0,172400000,0,0,48945160,54186000,1124975612,220,5.1,2026-08-07T20:45:18.674Z
2020,0000020,순천대학교,대학,대학교,전남,국립,1,91538863215,11840568841,8861506000,100000000,376975000,74285000,154800000,2877036000,4159507620,2739910000,5384375000,104426688994,0,0,2026-08-07T20:45:18.674Z
2020,0000498,순천제일대학교,전문대학,전문대학,전남,사립,1,12241957629,5846542647,0,100000000,0,0,0,200620000,0,15742900,695350000,7407127882,133,55.5,2026-08-07T20:45:18.674Z
2020,0000155,영산선학대학교,대학,대학교,전남,사립,1,28518267,0,30000000,0,0,0,0,0,0,0,0,58518267,1,99.2,2026-08-07T20:45:18.674Z
2020,0000529,전남과학대학교,전문대학,전문대학,전남,사립,1,18997742903,11732259480,0,0,0,0,99550000,0,0,60795000,111350000,7537178423,192,39.2,2026-08-07T20:45:18.674Z
2020,0000562,전남도립대학교,전문대학,전문대학,전남,공립,1,5161256188,1455278000,0,304130000,0,0,75000000,0,0,996000,5360022000,9446126188,0,0,2026-08-07T20:45:18.674Z
2020,0002656,청암대학교,전문대학,전문대학,전남,사립,1,10637443608,6269551770,0,0,0,0,0,0,0,12770850,3103722000,7484384688,140,53.4,2026-08-07T20:45:18.674Z
2020,0000246,초당대학교,대학,대학교,전남,사립,1,10862451232,7041639570,69154000,0,0,0,0,0,0,23827330,618850000,4532642992,197,23,2026-08-07T20:45:18.674Z
2020,0000242,한려대학교,대학,대학교,전남,사립,1,295001373,274346600,7663986000,0,0,0,42965000,0,0,10972900,33450000,7772028673,27,284.2,2026-08-07T20:45:18.674Z
2020,0000555,한영대학,전문대학,전문대학,전남,사립,1,4631745532,2776928950,0,0,0,0,0,0,0,57920050,0,1912736632,73,26.1,2026-08-07T20:45:18.674Z
2020,0002971,군산간호대학교,전문대학,전문대학,전북,사립,1,2824516233,2524016000,0,0,0,0,0,0,0,394644350,0,695144583,73,9.6,2026-08-07T20:45:18.674Z
2020,0000009,군산대학교,대학,대학교,전북,국립,1,89385395556,12805489550,794455987,270000000,10126125000,0,69000000,1962347900,109000000,2779420000,2925387000,95615641893,0,0,2026-08-07T20:45:18.674Z
2020,0000432,군장대학교,전문대학,전문대학,전북,사립,1,7960694384,4587261983,0,227325000,0,0,44450000,0,0,15804000,445874000,4106885401,105,39,2026-08-07T20:45:18.674Z
2020,0000477,백제예술대학교,전문대학,전문대학,전북,사립,1,3019702814,2527378018,0,0,0,0,0,0,0,16794400,0,509119196,85,6,2026-08-07T20:45:18.674Z
2020,0000431,서해대학,전문대학,전문대학,전북,사립,1,477693234,425222070,0,0,0,0,0,0,0,19739830,0,72210994,0,0,2026-08-07T20:45:18.674Z
2020,0000228,예수대학교,대학,대학교,전북,사립,1,2065000335,1360897400,0,0,0,200000000,0,0,0,0,0,904102935,37,24.5,2026-08-07T20:45:18.674Z
2020,0000218,예원예술대학교,대학,대학교,전북,사립,1,2500657265,2005478160,166700000,0,0,0,0,0,0,4055000,1327940,667262045,162,4.1,2026-08-07T20:45:18.674Z
2020,0000157,우석대학교,대학,대학교,전북,사립,1,24804181000,13807103939,339300000,665000000,4908930000,0,284850000,0,153000000,567389850,1702302945,19617849856,538,36.4,2026-08-07T20:45:18.674Z
2020,0000159,원광대학교,대학,대학교,전북,사립,1,51319136065,27868877635,4252423833,474250000,365000000,1032500000,236050000,0,275000000,1814554500,2575023000,34475059763,1190,29,2026-08-07T20:45:18.674Z
2020,0000327,원광디지털대학교,대학,사이버대학(대학),전북,사립,1,7096306615,6827052500,0,0,0,0,105000000,0,0,2640000,0,376894115,153,2.5,2026-08-07T20:45:18.674Z
2020,0000523,원광보건대학교,전문대학,전문대학,전북,사립,1,21131748746,13079844401,136907000,292000000,0,0,60000000,0,0,23855000,799976000,9364642345,278,33.7,2026-08-07T20:45:18.674Z
2020,0000645,원불교대학원대학교,전문대학,전문대학원,전북,사립,1,1092600,0,0,0,0,0,0,0,0,0,0,1092600,2,0.6,2026-08-07T20:45:18.674Z
2020,0000531,전북과학대학교,전문대학,전문대학,전북,사립,1,9863617643,5278591769,107432000,0,0,0,0,60451000,0,14976500,461432000,5229317374,90,58.2,2026-08-07T20:45:18.674Z
2020,0000025,전북대학교,대학,대학교,전북,국립,1,244722797129,25803902010,8605026000,257000000,7101600000,1167075000,494956000,4387434963,6493509190,8989369240,5498776920,261913642432,0,0,2026-08-07T20:45:18.674Z
2020,0000258,전주교육대학교,대학,교육대학,전북,국립,1,16363205436,937659000,109704000,0,0,0,150000000,0,0,50000000,125995000,15861245436,0,0,2026-08-07T20:45:18.674Z
2020,0000437,전주기전대학,전문대학,전문대학,전북,사립,1,7886663067,4830186430,127500000,769000000,0,0,0,231130260,194110000,19480050,1154382230,5552079177,97,57.1,2026-08-07T20:45:18.674Z
2020,0000171,전주대학교,대학,대학교,전북,사립,1,44485451536,23525606784,976876000,300000000,232000000,97500000,1367256000,2838711400,423498600,257584500,3856532000,31309803252,807,38.8,2026-08-07T20:45:18.674Z
2020,0000530,전주비전대학교,전문대학,전문대학,전북,사립,1,17217151104,9309287220,0,165810000,0,0,28950000,165768000,0,313469733,218367000,8800228617,210,41.9,2026-08-07T20:45:18.674Z
2020,0003019,한국농수산대학,전문대학,전문대학,전북,특별법국립,1,127737500,115237500,0,0,100000000,0,0,40312000,46513462000,1465000000,408720000,48539994000,0,0,2026-08-07T20:45:18.674Z
2020,0000206,한일장신대학교,대학,대학교,전북,사립,1,3542084250,2471635500,311750000,0,0,0,91850000,0,0,43876000,0,1517924750,75,20.2,2026-08-07T20:45:18.674Z
2020,0000282,호원대학교,대학,산업대학,전북,사립,1,16882090504,12304627770,177500000,0,0,0,130900000,83535000,0,70003000,452732950,5492133684,354,15.5,2026-08-07T20:45:18.674Z
2020,0000532,제주관광대학교,전문대학,전문대학,제주,사립,1,9016469278,4879340770,37500000,178100000,0,0,0,245910000,0,25406000,400500000,5024544508,97,52,2026-08-07T20:45:18.674Z
2020,0000248,제주국제대학교,대학,대학교,제주,사립,1,1591076599,1248774980,5772280000,0,90000000,0,33000000,53210000,0,25835750,528000000,6844627369,0,0,2026-08-07T20:45:18.674Z
2020,0000027,제주대학교,대학,대학교,제주,국립,1,151662645049,13383323440,11866665667,300000000,4613700000,308285000,68450000,53210000,2308061780,7444066636,7538157532,172779918224,0,0,2026-08-07T20:45:18.674Z
2020,0002655,제주한라대학교,전문대학,전문대학,제주,사립,1,18071572749,11366244860,180000000,213850000,0,200000000,0,134670000,194110000,60708150,0,7688666039,279,27.6,2026-08-07T20:45:18.674Z
2020,0000054,건양대학교,대학,대학교,충남,사립,1,22629090343,14076214300,6061570333,215200000,229000000,237500000,0,9837300,0,258130000,6356240660,21920354336,519,42.2,2026-08-07T20:45:18.674Z
2020,0000251,공주교육대학교,대학,교육대학,충남,국립,1,21461980068,1349904000,150656000,0,0,0,0,0,0,10290000,74733000,20347755068,0,0,2026-08-07T20:45:18.674Z
2020,0000008,공주대학교,대학,대학교,충남,국립,1,140254792081,19653126617,1829095000,0,2487500000,100000,55550000,994565000,688500000,2793528000,3676018280,133126521744,0,0,2026-08-07T20:45:18.674Z
2020,0000657,국제뇌교육종합대학원대학교,전문대학,전문대학원,충남,사립,1,126834088,0,0,0,0,0,0,0,0,0,0,126834088,22,5.7,2026-08-07T20:45:18.674Z
2020,0000334,글로벌사이버대학교,대학,사이버대학(대학),충남,사립,1,3397559832,3068772000,0,0,0,0,0,0,0,0,0,328787832,60,5.5,2026-08-07T20:45:18.674Z
2020,0000224,금강대학교,대학,대학교,충남,사립,1,950374528,551286333,2504500000,0,0,0,0,0,0,8273100,0,2911861295,24,120.4,2026-08-07T20:45:18.674Z
2020,0000081,나사렛대학교,대학,대학교,충남,사립,1,17999958545,10695097470,231000000,85500000,88000000,0,116000000,130000000,0,601740000,2323954770,10881055845,373,29.1,2026-08-07T20:45:18.674Z
2020,0000245,남서울대학교,대학,대학교,충남,사립,1,21922432777,17913315140,7921630000,760180000,189621000,28100000,0,247700000,170000000,186175920,1515347390,15027871947,740,20.3,2026-08-07T20:45:18.674Z
2020,0000178,백석대학교,대학,대학교,충남,사립,1,34945783057,24760370940,9091939000,743240000,52000000,0,104000000,0,0,60683000,3687669510,23924943627,1074,22.3,2026-08-07T20:45:18.674Z
2020,0000543,백석문화대학교,전문대학,전문대학,충남,사립,1,21725333707,13686613640,0,152020000,0,0,0,109320000,0,37900990,11553640,8349514697,359,23.3,2026-08-07T20:45:18.674Z
2020,0000129,선문대학교,대학,대학교,충남,사립,1,34895288787,17433079214,2409854000,726150000,532700000,0,62150000,189004000,0,203306000,1118196950,22703570523,689,32.9,2026-08-07T20:45:18.674Z
2020,0000142,순천향대학교,대학,대학교,충남,사립,1,42320305215,17255663740,14683172393,522712000,4546500000,1517611000,442905200,3199739640,228000000,1153016628,11644013390,63002311726,922,68.3,2026-08-07T20:45:18.674Z
2020,0000502,신성대학교,전문대학,전문대학,충남,사립,1,14497586801,8803332900,0,148897000,0,0,0,0,30000000,31944000,192092940,6097187841,237,25.7,2026-08-07T20:45:18.674Z
2020,0000454,아주자동차대학,전문대학,전문대학,충남,사립,1,5411839225,1911306200,851141000,0,0,0,0,0,0,0,173000000,4524674025,56,81.5,2026-08-07T20:45:18.674Z
2020,0000512,연암대학교,전문대학,전문대학,충남,사립,1,7914455748,2159472618,0,0,0,0,0,0,1223852000,64972670,0,7043807800,65,108.2,2026-08-07T20:45:18.674Z
2020,0000173,중부대학교,대학,대학교,충남,사립,1,21909738206,15153813820,21829173000,0,237000000,0,83850000,0,105000000,64857500,1733904435,30809709321,624,49.4,2026-08-07T20:45:18.674Z
2020,0000284,청운대학교,대학,산업대학,충남,사립,1,18997543265,12347326770,97940000,0,0,49800000,164200000,283519554,0,166805500,1272357000,8684838549,437,19.9,2026-08-07T20:45:18.674Z
2020,0002657,충남도립대학교,전문대학,전문대학,충남,공립,1,4009040684,1347863250,0,180000000,0,0,0,0,0,0,1154763000,3995940434,0,0,2026-08-07T20:45:18.674Z
2020,0000189,한국기술교육대학교,대학,대학교,충남,사립,1,20102576873,5981972553,1882264000,76076108124,2968900000,0,0,335171000,0,400567147,482433280,96266047871,200,481.7,2026-08-07T20:45:18.674Z
2020,0003022,한국전통문화대학교,대학,대학교,충남,특별법국립,1,1263044154,619854900,50000000,0,0,0,620000000,0,0,32057123000,50000000,33420312254,0,0,2026-08-07T20:45:18.674Z
2020,0000199,한서대학교,대학,대학교,충남,사립,1,24479095238,12963100710,1111381333,278200000,330000000,0,115250000,88156462,0,229547000,933157000,14601686323,558,26.2,2026-08-07T20:45:18.674Z
2020,0000556,혜전대학교,전문대학,전문대학,충남,사립,1,10506267907,6632191020,526256000,0,0,200000000,43500000,0,0,15825000,931749280,5591407167,152,36.8,2026-08-07T20:45:18.674Z
2020,0000211,호서대학교,대학,대학교,충남,사립,1,36921365149,22463244900,9360453070,270000000,1604800000,0,238850000,385138000,106491930,4409931940,801708880,31635494069,1058,29.9,2026-08-07T20:45:18.674Z
2020,0000433,강동대학교,전문대학,전문대학,충북,사립,1,16254416857,8423958551,0,167210000,0,0,0,84000000,0,38151660,190324280,8310144246,188,44.3,2026-08-07T20:45:18.674Z
2020,0000080,극동대학교,대학,대학교,충북,사립,1,8835857048,7679382575,793908000,0,1153000000,0,0,0,100000000,19695500,735302020,3958379993,267,14.8,2026-08-07T20:45:18.674Z
2020,0000215,꽃동네대학교,대학,대학교,충북,사립,1,2690342976,1124813200,624826000,0,0,0,456895000,0,0,0,0,2647250776,35,75.1,2026-08-07T20:45:18.674Z
2020,0000449,대원대학교,전문대학,전문대학,충북,사립,1,12436821738,6635306435,0,45720000,0,0,0,0,0,41431000,265800000,6154466303,133,46.3,2026-08-07T20:45:18.674Z
2020,0000128,서원대학교,대학,대학교,충북,사립,1,20340528703,13409572480,1543565000,869850000,448000000,0,308000000,568881000,0,34139000,392260880,11095652103,446,24.9,2026-08-07T20:45:18.674Z
2020,0000137,세명대학교,대학,대학교,충북,사립,1,24005239976,16669553440,10764515000,300000000,360000000,0,47600000,60451000,163500000,119323250,1051270680,20202346466,520,38.8,2026-08-07T20:45:18.674Z
2020,0000317,순복음총회신학교,대학,각종학교(대학),충북,사립,1,740740446,510322500,214120000,0,0,0,0,0,0,0,0,444537946,0,0,2026-08-07T20:45:18.674Z
2020,0000154,유원대학교,대학,대학교,충북,사립,1,10826289228,7590096906,2290292000,120000000,0,0,0,66174000,0,46138800,188600000,5947397122,250,23.7,2026-08-07T20:45:18.674Z
2020,0000239,중원대학교,대학,대학교,충북,사립,1,7746238401,6266560810,5770597000,0,270000000,0,78000000,226742000,0,467580500,493745220,8786342311,281,31.3,2026-08-07T20:45:18.674Z
2020,0000261,청주교육대학교,대학,교육대학,충북,국립,1,16682972219,1146135170,129088000,0,0,0,0,0,0,0,351673490,16017598539,0,0,2026-08-07T20:45:18.674Z
2020,0000179,청주대학교,대학,대학교,충북,사립,1,26021946364,16747329054,717021000,0,1556473000,0,170750000,66174000,0,293947700,7987974390,20066957400,881,22.8,2026-08-07T20:45:18.674Z
2020,0000030,충북대학교,대학,대학교,충북,국립,1,187572355411,18463206160,9859759698,1056927110,1549050000,913285000,231000000,3105538000,2263385200,14425218985,10186326480,212699639724,0,0,2026-08-07T20:45:18.674Z
2020,0000406,충북도립대학,전문대학,전문대학,충북,공립,1,3416471591,835935087,35461950,0,93000000,0,0,124312000,0,0,17267337000,20100647454,0,0,2026-08-07T20:45:18.674Z
2020,0000536,충북보건과학대학교,전문대학,전문대학,충북,사립,1,11796691154,6082004110,0,0,0,0,58500000,113646000,0,43212100,114330000,6044375144,163,37.1,2026-08-07T20:45:18.674Z
2020,0000547,충청대학교,전문대학,전문대학,충북,사립,1,16662193967,9084704289,0,0,0,0,0,146360000,0,51098900,155375000,7930323578,225,35.2,2026-08-07T20:45:18.674Z
2020,0000031,한국교원대학교,대학,대학교,충북,국립,1,56155355042,2926456000,3271073000,0,0,0,0,0,60000000,577745850,7801208100,64938925992,0,0,2026-08-07T20:45:18.674Z
2020,0000034,한국교통대학교,대학,대학교,충북,국립,1,93748328004,14618626210,889183333,1032826670,1476813000,0,78500000,802846700,0,1915500328,2296445690,87621817515,0,0,2026-08-07T20:45:18.674Z
2021,0000072,가톨릭관동대학교,대학,대학교,강원,사립,1,25488455028,14039870790,2772965000,1062569820,0,704000000,253500000,3546000000,90000000,1127282460,2089434740,23094336258,536,43.1,2026-08-07T20:45:18.674Z
2021,0000514,강릉영동대학교,전문대학,전문대학,강원,사립,1,8151903115,5801097320,0,0,0,0,73000000,0,0,48531500,463750200,2936087495,142,20.8,2026-08-07T20:45:18.674Z
2021,0000001,강릉원주대학교,대학,대학교,강원,국립,1,101128840380,13346125150,4358971000,305955600,1223171100,43000000,115000000,795272000,201280000,1514134900,3648420400,99987920230,0,0,2026-08-07T20:45:18.674Z
2021,0000548,강원관광대학교,전문대학,전문대학,강원,사립,1,1613612015,1609479400,0,0,0,0,0,0,0,12810910,577768950,594712475,30,19.6,2026-08-07T20:45:18.674Z
2021,0000003,강원대학교,대학,대학교,강원,국립,1,251137093168,28602138620,24126236333,1120000000,2253298500,1224000000,1139428000,2071200000,5198695000,14923513230,9391743000,283983068611,0,0,2026-08-07T20:45:18.674Z
2021,0002639,강원도립대학교,전문대학,전문대학,강원,공립,1,3230840764,748732440,0,0,0,0,44300000,130000000,0,0,13084200000,15740608324,0,0,2026-08-07T20:45:18.674Z
2021,0000060,경동대학교,대학,대학교,강원,사립,1,14611606783,14268133077,296503000,0,0,5000000,17500000,175948800,0,98673590,2446174860,3383273956,580,5.8,2026-08-07T20:45:18.674Z
2021,0000119,상지대학교,대학,대학교,강원,사립,1,15833604671,11585171570,1457547000,79310000,55000000,190000000,220500000,305000000,995280000,639106500,2112676675,10302853276,490,21.1,2026-08-07T20:45:18.674Z
2021,0000515,세경대학교,전문대학,전문대학,강원,사립,1,3046053259,2618530760,0,0,0,0,0,0,0,17748360,697260000,1142530859,47,24.4,2026-08-07T20:45:18.674Z
2021,0000567,송곡대학교,전문대학,전문대학,강원,사립,1,2926832529,1519481900,0,0,0,0,0,0,0,21185000,338569500,1767105129,34,52.2,2026-08-07T20:45:18.674Z
2021,0000564,송호대학교,전문대학,전문대학,강원,사립,1,2583119736,2303263604,0,0,0,0,38500000,0,0,11300500,412738050,742394682,50,14.8,2026-08-07T20:45:18.674Z
2021,0000262,춘천교육대학교,대학,교육대학,강원,국립,1,17952182853,1102473000,386133000,0,204000000,0,0,0,0,21720460,182560000,17644123313,0,0,2026-08-07T20:45:18.674Z
2021,0000578,한국골프대학,전문대학,전문대학,강원,사립,1,1118263372,1052318167,0,0,0,0,75500000,0,0,21677130,209740000,372862335,31,12.1,2026-08-07T20:45:18.674Z
2021,0000594,한국폴리텍 III 대학,전문대학,기능대학,강원,사립,1,528930786,528345000,0,29724784013,0,0,0,0,0,0,15900000,29741269799,0,0,2026-08-07T20:45:18.674Z
2021,0000197,한라대학교,대학,대학교,강원,사립,1,9730181866,6320087820,471814000,791000000,241320000,0,49500000,260753600,0,296054280,1581339119,7101875045,210,33.8,2026-08-07T20:45:18.674Z
2021,0000198,한림대학교,대학,대학교,강원,사립,1,37064301855,14081738460,8968788860,90000000,898850000,3875416500,151725800,369200000,0,2780789019,1359782400,41477115974,621,66.8,2026-08-07T20:45:18.674Z
2021,0000553,한림성심대학교,전문대학,전문대학,강원,사립,1,14811337054,6971336550,0,0,0,0,0,189886400,0,20320500,279720000,8329927404,156,53.6,2026-08-07T20:45:18.674Z
2021,0000063,가천대학교,대학,대학교,경기,사립,1,51340690563,26706960720,19720870000,708000000,3265302250,2619000000,1008842700,3450750000,488000000,4856211197,258141000,61008846990,1748,34.9,2026-08-07T20:45:18.674Z
2021,0000046,가톨릭대학교,대학,대학교,경기,사립,1,37190158457,11464241070,25913107400,300000000,667050000,12397552500,1116965990,0,160000000,6255012560,590639750,73126245587,835,87.6,2026-08-07T20:45:18.674Z
2021,0000051,강남대학교,대학,대학교,경기,사립,1,18767644608,9976908100,209606000,0,136100000,75000000,369100000,30000000,0,266087000,2179500,9878809008,509,19.4,2026-08-07T20:45:18.674Z
2021,0000560,경기과학기술대학교,전문대학,전문대학,경기,사립,1,17287283494,8705346380,80096000,452807450,0,0,0,313351600,30000000,243340000,259136400,9960668564,264,37.7,2026-08-07T20:45:18.674Z
2021,0000056,경기대학교,대학,대학교,경기,사립,1,38525741500,23062412380,4126621400,300000000,2079605000,0,535134600,2060000000,50000000,2186072670,168179450,26968942240,1184,22.8,2026-08-07T20:45:18.674Z
2021,0000416,경민대학교,전문대학,전문대학,경기,사립,1,19396191458,10563240660,0,0,0,0,0,30000000,120000000,93277400,1164125000,10240353198,244,42,2026-08-07T20:45:18.674Z
2021,0002641,경복대학교,전문대학,전문대학,경기,사립,1,26601387580,16814839068,0,90000000,0,0,200979000,40000000,0,55340500,1034340500,11207208512,381,29.4,2026-08-07T20:45:18.674Z
2021,0002643,계약신학대학원대학교,전문대학,전문대학원,경기,사립,1,0,0,0,0,0,0,0,0,0,0,0,0,0,0,2026-08-07T20:45:18.674Z
2021,0000426,계원예술대학교,전문대학,전문대학,경기,사립,1,7753122603,5778379510,0,100000000,45500000,0,189760000,67000000,0,28582280,20000000,2425585373,208,11.7,2026-08-07T20:45:18.674Z
2021,0002857,구세군사관대학원대학교,전문대학,특수대학원,경기,사립,1,0,0,0,0,0,0,0,0,0,0,0,0,2,0,2026-08-07T20:45:18.674Z
2021,0000549,국제대학교,전문대학,전문대학,경기,사립,1,7888888276,7150594980,0,0,0,0,0,0,0,37010200,3000000,778303496,197,4,2026-08-07T20:45:18.674Z
2021,0000655,국제법률경영대학원대학교,전문대학,전문대학원,경기,사립,1,0,0,0,0,0,0,0,0,0,0,0,0,10,0,2026-08-07T20:45:18.674Z
2021,0000319,국제사이버대학교,대학,사이버대학(대학),경기,사립,1,4911015433,4893192000,0,0,115000000,0,0,0,0,78580000,0,211403433,80,2.6,2026-08-07T20:45:18.674Z
2021,0002928,국제암대학원대학교,전문대학,전문대학원,경기,특별법법인,1,232500000,0,2393726000,0,0,419000000,0,0,0,0,0,3045226000,0,0,2026-08-07T20:45:18.674Z
2021,0000440,김포대학교,전문대학,전문대학,경기,사립,1,6639457881,6327809000,0,90000000,0,0,0,173704000,0,25116000,19566200,620035081,152,4.1,2026-08-07T20:45:18.674Z
2021,0000441,농협대학교,전문대학,전문대학,경기,사립,1,1906014590,462938553,30000000,0,0,0,0,0,130000000,4480660,0,1607556697,21,76.5,2026-08-07T20:45:18.674Z
2021,0002818,능인불교대학원대학교,전문대학,전문대학원,경기,사립,1,27323580,0,0,0,0,0,0,0,0,0,0,27323580,4,6.8,2026-08-07T20:45:18.674Z
2021,0000082,단국대학교,대학,대학교,경기,사립,1,71891454721,34008212220,13187303000,0,4007354000,341000000,467500000,2700533600,958300000,4621017410,6004500,64172255011,2208,29.1,2026-08-07T20:45:18.674Z
2021,0000448,대림대학교,전문대학,전문대학,경기,사립,1,30724949761,15704539910,84525000,697584930,0,0,0,0,0,82378080,4215709000,20100606861,461,43.6,2026-08-07T20:45:18.674Z
2021,0000097,대진대학교,대학,대학교,경기,사립,1,21439784794,14951009820,573377000,270000000,200467700,0,30000000,335000000,4176900,609757500,15719500,8527273574,563,15.2,2026-08-07T20:45:18.674Z
2021,0000641,대한신학대학원대학교,전문대학,전문대학원,경기,사립,1,8317160,0,0,0,0,0,0,0,0,0,0,8317160,10,0.8,2026-08-07T20:45:18.674Z
2021,0000457,동남보건대학교,전문대학,전문대학,경기,사립,1,15207664343,9362700833,0,119231000,102000000,0,0,0,0,26305000,2195924000,8288423510,298,27.9,2026-08-07T20:45:18.674Z
2021,0000450,동서울대학교,전문대학,전문대학,경기,사립,1,21406720108,12213378500,84192000,260653000,662672000,0,384550000,0,0,38464000,50630000,10674502608,371,28.8,2026-08-07T20:45:18.674Z
2021,0000461,동아방송예술대학교,전문대학,전문대학,경기,사립,1,13211218366,7273622480,0,0,0,0,146990000,0,0,43084000,8253000,6135922886,218,28.2,2026-08-07T20:45:18.674Z
2021,0000465,동원대학교,전문대학,전문대학,경기,사립,1,13570516447,7019454850,37485000,271220000,0,0,165000000,0,0,44393000,1047349140,8116508737,183,44.3,2026-08-07T20:45:18.674Z
2021,0000469,두원공과대학교,전문대학,전문대학,경기,사립,1,6973418461,6194379650,0,124240000,100000000,0,0,152660000,0,24732400,8083500,1188754711,197,6,2026-08-07T20:45:18.674Z
2021,0000108,루터대학교,대학,대학교,경기,사립,1,2535613104,723753670,0,0,0,0,0,0,0,3150000,0,1815009434,22,80.7,2026-08-07T20:45:18.674Z
2021,0000109,명지대학교,대학,대학교,경기,사립,1,37258925471,21678003830,6590649000,714477927,1495200000,0,197500000,382139200,0,4872093080,33101250,29866082098,1307,22.8,2026-08-07T20:45:18.674Z
2021,0000482,부천대학교,전문대학,전문대학,경기,사립,1,31248716348,19151274125,0,512220000,0,0,0,0,0,75963600,4762924000,17448549823,467,37.4,2026-08-07T20:45:18.674Z
2021,0000125,서울신학대학교,대학,대학교,경기,사립,1,8014329423,5867090500,32602000,0,0,0,77602500,0,0,17468000,230490000,2505401423,191,13.2,2026-08-07T20:45:18.674Z
2021,0000489,서울예술대학교,전문대학,전문대학,경기,사립,1,7268203780,6462020300,0,0,0,0,799900000,0,0,22471000,10075000,1638629480,253,6.5,2026-08-07T20:45:18.674Z
2021,0000127,서울장신대학교,대학,대학교,경기,사립,1,1413560512,1103796667,0,0,0,0,0,0,0,11929240,304500,321997585,53,6.1,2026-08-07T20:45:18.674Z
2021,0002668,서울제일대학원대학교,전문대학,전문대학원,경기,사립,1,0,0,0,0,0,0,0,0,0,0,0,0,0,0,2026-08-07T20:45:18.674Z
2021,0000566,서정대학교,전문대학,전문대학,경기,사립,1,17415447460,13152710680,0,172898000,0,50328000,0,0,0,395161550,780170500,5661294830,381,14.8,2026-08-07T20:45:18.674Z
2021,0000131,성결대학교,대학,대학교,경기,사립,1,15199696682,9495802437,301684000,240000000,0,0,6936883000,0,0,208304500,2193215250,15583980995,378,41.3,2026-08-07T20:45:18.674Z
2021,0000661,성서침례대학원대학교,전문대학,전문대학원,경기,사립,1,2716920,0,0,0,315000000,0,0,0,0,0,0,317716920,3,115.3,2026-08-07T20:45:18.674Z
2021,0000139,수원가톨릭대학교,대학,대학교,경기,사립,1,198766300,193043800,0,0,0,0,680000000,0,0,2548500,0,688271000,10,68.5,2026-08-07T20:45:18.674Z
2021,0000497,수원과학대학교,전문대학,전문대학,경기,사립,1,9900366079,9518236738,37747000,5415600,0,0,0,0,23999997,23916500,1617000,474825438,244,2,2026-08-07T20:45:18.674Z
2021,0000140,수원대학교,대학,대학교,경기,사립,1,16228167295,14232357860,1260863000,0,78070000,0,44000000,2525355000,0,750428000,17148000,6671673435,694,9.6,2026-08-07T20:45:18.674Z
2021,0000496,수원여자대학교,전문대학,전문대학,경기,사립,1,8623715624,8185131427,0,0,0,0,0,0,0,35760910,935500,475280607,261,1.8,2026-08-07T20:45:18.674Z
2021,0000233,신경대학교,대학,대학교,경기,사립,1,318864207,64595000,0,0,2177500000,0,0,0,0,11357500,0,2443126707,33,73.5,2026-08-07T20:45:18.674Z
2021,0000501,신구대학교,전문대학,전문대학,경기,사립,1,21763955094,15072214550,0,0,0,0,18150000,40000000,0,349544500,1409077000,8508512044,422,20.2,2026-08-07T20:45:18.674Z
2021,0000506,신안산대학교,전문대학,전문대학,경기,사립,1,7707617941,7295142234,70586000,183475860,0,0,0,0,0,13136000,1565380000,2245053567,179,12.5,2026-08-07T20:45:18.674Z
2021,0002712,신한대학교,대학,대학교,경기,사립,1,15549847028,12691891180,205713000,992177200,0,0,106000000,136000000,0,955435727,2974014000,8227295775,570,14.4,2026-08-07T20:45:18.674Z
2021,0000672,실천신학대학원대학교,전문대학,전문대학원,경기,사립,1,34524000,0,0,0,0,0,0,0,0,0,0,34524000,4,9.6,2026-08-07T20:45:18.674Z
2021,0000145,아신대학교,대학,대학교,경기,사립,1,2229469404,1779083750,0,0,0,0,0,0,0,16546170,0,466931824,68,6.9,2026-08-07T20:45:18.674Z
2021,0000146,아주대학교,대학,대학교,경기,사립,1,41622673788,11988252200,37575229000,507000000,3314100000,3520774000,326700000,90000000,0,9968068500,592184400,85528477488,1218,70.2,2026-08-07T20:45:18.674Z
2021,0000507,안산대학교,전문대학,전문대학,경기,사립,1,16546502090,10062705500,0,211043000,0,206250000,0,124000000,0,7787000,500000000,7532876590,250,30.2,2026-08-07T20:45:18.674Z
2021,0000147,안양대학교,대학,대학교,경기,사립,1,13695333169,8606871268,437463000,100000000,0,0,64700000,0,0,3113575300,1496064000,10300264201,360,28.6,2026-08-07T20:45:18.674Z
2021,0000662,에스라성경대학원대학교,전문대학,전문대학원,경기,사립,1,0,0,0,0,0,0,0,0,0,0,0,0,5,0,2026-08-07T20:45:18.674Z
2021,0000510,여주대학교,전문대학,전문대학,경기,사립,1,16753748300,10035243817,0,0,0,0,70000000,30000000,0,29091000,319530000,7167125483,282,25.4,2026-08-07T20:45:18.674Z
2021,0002651,연성대학교,전문대학,전문대학,경기,사립,1,24999809226,13616842231,0,142448800,0,0,0,89000000,0,34339500,575624000,12224379295,362,33.8,2026-08-07T20:45:18.674Z
2021,0002653,오산대학교,전문대학,전문대학,경기,사립,1,14809350133,8365981520,37639000,360183016,0,0,0,40000000,0,52813600,545769000,7479773229,279,26.8,2026-08-07T20:45:18.674Z
2021,0000156,용인대학교,대학,대학교,경기,사립,1,12946079915,10284368300,164000000,0,515000000,327500000,186000000,40000000,150000000,465629330,5487500,4515328445,477,9.5,2026-08-07T20:45:18.674Z
2021,0000520,용인예술과학대학교,전문대학,전문대학,경기,사립,1,10888706835,6772463330,0,90000000,0,0,0,0,0,10434000,840000,4217517505,217,19.5,2026-08-07T20:45:18.674Z
2021,0000568,웅지세무대학교,전문대학,전문대학,경기,사립,1,321653109,107556400,0,0,0,0,0,0,0,15876470,0,229973179,55,4.2,2026-08-07T20:45:18.674Z
2021,0000646,웨스트민스터신학대학원대학교,전문대학,전문대학원,경기,사립,1,14635221,0,0,0,315000000,0,0,0,0,0,0,329635221,31,10.5,2026-08-07T20:45:18.674Z
2021,0000524,유한대학교,전문대학,전문대학,경기,사립,1,20349942781,10733682169,35293000,439273000,0,0,0,70000000,0,9062000,75000000,10244888612,264,38.8,2026-08-07T20:45:18.674Z
2021,0000527,장안대학교,전문대학,전문대학,경기,사립,1,10239425187,9138082500,0,376798000,0,0,0,0,0,84752600,619000,1563512287,256,6.1,2026-08-07T20:45:18.674Z
2021,0000177,중앙승가대학교,대학,대학교,경기,사립,1,194775500,133775500,0,0,0,0,0,0,0,880000,0,61880000,6,10.1,2026-08-07T20:45:18.674Z
2021,0000654,중앙신학대학원대학교,전문대학,전문대학원,경기,사립,1,7430774,0,0,0,0,0,0,0,0,0,0,7430774,10,0.8,2026-08-07T20:45:18.674Z
2021,0000187,차의과학대학교,대학,대학교,경기,사립,1,11968161747,4075367860,6857944000,0,271000000,1223000000,177000000,89000000,84500000,654755000,6590000,17256582887,281,61.4,2026-08-07T20:45:18.674Z
2021,0000544,청강문화산업대학교,전문대학,전문대학,경기,사립,1,12425599026,7709566940,0,218633120,0,0,15278900,224800000,23999980,46510000,574272300,5819526386,238,24.4,2026-08-07T20:45:18.674Z
2021,0000667,청심신학대학원대학교,전문대학,전문대학원,경기,사립,1,8049330,0,0,0,0,0,0,0,0,0,0,8049330,5,1.6,2026-08-07T20:45:18.674Z
2021,0000184,칼빈대학교,대학,대학교,경기,사립,1,894304232,767365000,0,0,82000000,0,0,0,0,5330000,0,214269232,69,3.1,2026-08-07T20:45:18.674Z
2021,0000186,평택대학교,대학,대학교,경기,사립,1,10117064167,5992401734,273399000,0,468000000,0,0,0,0,505470000,1680000,5373211433,286,18.8,2026-08-07T20:45:18.674Z
2021,0000037,한경대학교,대학,대학교,경기,국립,2,79980819960,15454662060,1785148440,90000000,430397000,0,36500000,143412400,2188104000,6718531963,651588250,76569839953,0,0,2026-08-07T20:45:18.674Z
2021,0000565,한국관광대학교,전문대학,전문대학,경기,사립,1,7090501097,4410591416,0,0,0,0,80000000,0,0,12909500,1000000,2773819181,102,27.1,2026-08-07T20:45:18.674Z
2021,0000247,한국산업기술대학교,대학,대학교,경기,사립,1,26541353532,9995931110,4067930000,2019438130,6057890000,120000000,0,4861727200,0,16913900,373648880,34062970532,592,57.5,2026-08-07T20:45:18.674Z
2021,0000683,한국학대학원,전문대학,일반대학원,경기,특별법법인,1,1485363280,0,0,0,0,0,0,0,0,0,0,1485363280,0,0,2026-08-07T20:45:18.674Z
2021,0000194,한국항공대학교,대학,대학교,경기,사립,1,11822536812,4852391400,3735115000,90000000,1870150000,170000000,0,97000000,0,842581500,1153410050,14928401962,379,39.4,2026-08-07T20:45:18.674Z
2021,0000201,한세대학교,대학,대학교,경기,사립,1,8339421274,4935598000,42000000,90000000,0,0,4000000,23232000,0,69665000,4838500,3637558774,244,14.9,2026-08-07T20:45:18.674Z
2021,0000202,한신대학교,대학,대학교,경기,사립,1,16319536267,9192531220,293861000,841896000,1204625000,0,38000000,345000000,0,130723660,64304000,10045414707,382,26.3,2026-08-07T20:45:18.674Z
2021,0000647,합동신학대학원대학교,전문대학,전문대학원,경기,사립,1,18446681,0,0,0,0,0,0,0,0,0,0,18446681,20,0.9,2026-08-07T20:45:18.674Z
2021,0000207,협성대학교,대학,대학교,경기,사립,1,12190705044,8878325800,224250000,796137000,0,5000000,20000000,94000000,0,41223100,0,4492989344,310,14.5,2026-08-07T20:45:18.674Z
2021,0000579,ICT폴리텍대학,전문대학,기능대학,경기,사립,1,219873027,219692500,0,175110000,0,0,0,0,0,1140000,0,176430527,0,0,2026-08-07T20:45:18.674Z
2021,0002748,가야대학교,대학,대학교,경남,사립,1,5009838161,4533643190,0,0,100000,0,0,0,0,21884330,0,498179301,139,3.6,2026-08-07T20:45:18.674Z
2021,0000412,거제대학교,전문대학,전문대학,경남,사립,1,5648304871,2406768870,35293000,384272000,0,0,0,0,0,2579000,1000000,3664680001,64,57.2,2026-08-07T20:45:18.674Z
2021,0000059,경남대학교,대학,대학교,경남,사립,1,34292047853,19386293940,1800656800,954915400,381140000,70000000,78000000,496275000,80000000,752724600,0,19519465713,717,27.2,2026-08-07T20:45:18.674Z
2021,0000402,경남도립거창대학,전문대학,전문대학,경남,공립,1,4190146657,1174902370,0,0,0,0,0,30000000,0,0,0,3045244287,0,0,2026-08-07T20:45:18.674Z
2021,0000403,경남도립남해대학,전문대학,전문대학,경남,공립,1,4924332073,1187651200,0,0,0,0,0,0,0,0,0,3736680873,0,0,2026-08-07T20:45:18.674Z
2021,0000007,경상대학교,대학,대학교,경남,국립,1,310191026612,28362810580,25761529000,243183540,3340320000,1156250000,663457000,1046485200,5141927000,7896663243,0,327078031015,0,0,2026-08-07T20:45:18.674Z
2021,0000569,김해대학교,전문대학,전문대학,경남,사립,1,6208183460,3704006150,0,0,0,0,34000000,0,0,36467600,0,2574644910,83,30.9,2026-08-07T20:45:18.674Z
2021,0000509,동원과학기술대학교,전문대학,전문대학,경남,사립,1,9383053310,5194902616,0,1210354300,0,0,0,199091100,0,35177500,0,5632773594,130,43.4,2026-08-07T20:45:18.674Z
2021,0000470,마산대학교,전문대학,전문대학,경남,사립,1,18621666712,13062459880,0,0,0,206250000,165000000,417000000,0,28097320,0,6375554152,317,20.1,2026-08-07T20:45:18.674Z
2021,0000222,부산장신대학교,대학,대학교,경남,사립,1,867048367,538992330,0,0,0,0,0,0,0,5570000,2358500,335984537,23,14.5,2026-08-07T20:45:18.674Z
2021,0002652,연암공과대학교,전문대학,전문대학,경남,사립,1,7201028201,2389464584,0,0,0,0,0,0,0,5470000,0,4817033617,63,76.7,2026-08-07T20:45:18.674Z
2021,0000164,인제대학교,대학,대학교,경남,사립,1,27275562765,15589385300,8394964000,1452969380,453500000,505400000,82500000,107000000,131300000,1640767171,1650000,24456228016,700,34.9,2026-08-07T20:45:18.674Z
2021,0000260,진주교육대학교,대학,교육대학,경남,국립,1,24310641610,1397772000,148162000,0,0,0,0,67000000,0,27963658,0,23155995268,0,0,2026-08-07T20:45:18.674Z
2021,0000539,진주보건대학교,전문대학,전문대학,경남,사립,1,7688329278,7162637670,0,0,0,0,0,0,0,84127800,0,609819408,158,3.9,2026-08-07T20:45:18.674Z
2021,0000249,창신대학교,대학,대학교,경남,사립,1,4406960443,3508774480,248729000,0,450000000,0,0,0,0,43429312,0,1640344275,131,12.5,2026-08-07T20:45:18.674Z
2021,0000028,창원대학교,대학,대학교,경남,국립,1,101982219645,12078809670,7253672200,0,4110502000,0,52500000,2438750000,55000000,1050200450,1500000,104865534625,0,0,2026-08-07T20:45:18.674Z
2021,0000542,창원문성대학교,전문대학,전문대학,경남,사립,1,8898844420,5073389320,0,577848000,0,0,0,95000000,0,23638000,0,4521941100,113,39.9,2026-08-07T20:45:18.674Z
2021,0000570,한국승강기대학교,전문대학,전문대학,경남,사립,1,4135476840,1317356140,0,120000000,0,0,0,0,0,3373000,115334000,3056827700,41,75.2,2026-08-07T20:45:18.674Z
2021,0000410,가톨릭상지대학교,전문대학,전문대학,경북,사립,1,10919474642,5370938553,0,302224000,0,0,0,115000000,0,52081400,1000000,6018841489,104,57.7,2026-08-07T20:45:18.674Z
2021,0000456,경북과학대학교,전문대학,전문대학,경북,사립,1,3951631627,3677998370,0,130000000,0,0,0,0,0,26608750,0,430242007,101,4.2,2026-08-07T20:45:18.674Z
2021,0000405,경북도립대학교,전문대학,전문대학,경북,공립,1,3525620384,1024386120,0,0,0,0,0,87000000,55400000,0,0,2643634264,0,0,2026-08-07T20:45:18.674Z
2021,0000438,경북보건대학교,전문대학,전문대학,경북,사립,1,5919147836,2724930380,0,60000000,0,0,0,0,0,18596500,153500,3272967456,69,47.4,2026-08-07T20:45:18.674Z
2021,0002642,경북전문대학교,전문대학,전문대학,경북,사립,1,14007152348,7429009040,0,126793000,0,0,36500000,67000000,0,23279360,5816320,6837531988,157,43.7,2026-08-07T20:45:18.674Z
2021,0000668,경안대학원대학교,전문대학,전문대학원,경북,사립,1,972000,0,0,0,0,0,0,0,0,0,2940000,3912000,2,1.7,2026-08-07T20:45:18.674Z
2021,0000244,경운대학교,대학,대학교,경북,사립,1,21117682294,10588511168,232537000,200000000,0,0,267500000,30000000,3893250,183485000,3869500,11450455876,333,34.4,2026-08-07T20:45:18.674Z
2021,0000064,경일대학교,대학,대학교,경북,사립,1,28039941975,13085282970,1325161000,548286070,23042750,206250000,281500000,485780800,0,286995000,8120000,18119794625,474,38.3,2026-08-07T20:45:18.674Z
2021,0000065,경주대학교,대학,대학교,경북,사립,2,2426191423,892082000,0,206860000,100000,0,0,0,157140000,24382930,0,1922592353,54,27.8,2026-08-07T20:45:18.674Z
2021,0000430,구미대학교,전문대학,전문대학,경북,사립,1,26000107434,15710548990,0,738603000,0,0,0,30000000,0,203888000,0,11262049444,302,37.3,2026-08-07T20:45:18.674Z
2021,0000010,금오공과대학교,대학,대학교,경북,국립,1,73236965947,8433133220,6974842400,0,945660000,0,0,2478125000,75000000,1295974608,0,76573434735,0,0,2026-08-07T20:45:18.674Z
2021,0000241,김천대학교,대학,대학교,경북,사립,1,6235703635,4849221207,58293000,0,0,0,0,0,11000000,57314000,116000,1513205428,197,7.7,2026-08-07T20:45:18.674Z
2021,0000442,대경대학교,전문대학,전문대학,경북,사립,1,16467049830,9927709435,35293000,90000000,0,0,0,0,35800000,42321900,2120000,6744875295,228,29.6,2026-08-07T20:45:18.674Z
2021,0000088,대구가톨릭대학교,대학,대학교,경북,사립,1,39694636147,22602991480,4283666000,165740000,640412000,100000000,87000000,77000000,215667000,2366384027,4000000,25031513694,869,28.8,2026-08-07T20:45:18.674Z
2021,0000084,대구대학교,대학,대학교,경북,사립,1,61794600973,34738642380,6010919000,1087095000,610200000,0,220270000,3785820400,500460000,1313691528,6000000,40590414521,1185,34.3,2026-08-07T20:45:18.674Z
2021,0000320,대구사이버대학교,대학,사이버대학(대학),경북,사립,1,4600564041,4440736950,0,0,0,0,0,0,0,117226200,0,277053291,100,2.8,2026-08-07T20:45:18.674Z
2021,0000087,대구예술대학교,대학,대학교,경북,사립,1,2089843281,1740122500,0,0,0,0,35000000,0,0,38658500,1947500,425326781,61,6.9,2026-08-07T20:45:18.674Z
2021,0000061,대구한의대학교,대학,대학교,경북,사립,1,27590896141,13395311070,3103757000,401280000,0,120000000,233300000,30000000,130000000,705260330,5205000,18924387401,475,39.9,2026-08-07T20:45:18.674Z
2021,0000093,대신대학교,대학,대학교,경북,사립,1,1703271481,1485079500,0,0,0,0,0,0,0,36786000,0,254977981,37,6.8,2026-08-07T20:45:18.674Z
2021,0000106,동양대학교,대학,대학교,경북,사립,1,8870486814,7508695167,165762000,0,0,0,74500000,77000000,0,185250500,10659660,1874963807,250,7.5,2026-08-07T20:45:18.674Z
2021,0000475,문경대학교,전문대학,전문대학,경북,사립,1,4851371930,2248793767,0,0,0,0,0,0,0,7936000,0,2610514163,49,53.8,2026-08-07T20:45:18.674Z
2021,0000550,선린대학교,전문대학,전문대학,경북,사립,1,7278811010,5074276067,0,0,0,0,0,0,0,15659000,0,2220193943,121,18.3,2026-08-07T20:45:18.674Z
2021,0002647,성덕대학교,전문대학,전문대학,경북,사립,1,6437004596,4100979300,0,0,0,0,0,0,157140000,117628800,0,2610794096,72,36.2,2026-08-07T20:45:18.674Z
2021,0002650,안동과학대학교,전문대학,전문대학,경북,사립,1,11316191432,6053465420,0,262000000,0,0,41600000,0,0,30856000,5900000,5603082012,136,41.4,2026-08-07T20:45:18.674Z
2021,0000021,안동대학교,대학,대학교,경북,국립,1,88026661884,8889967400,1976221900,324000000,583600000,0,57000000,228572000,870120000,1694770400,8590000,84879568784,0,0,2026-08-07T20:45:18.674Z
2021,0000151,영남대학교,대학,대학교,경북,사립,1,72415524645,37201549060,17649890600,442400000,3544399000,611102000,797510000,358958000,1098168660,2974042830,320500,62690767175,1676,37.4,2026-08-07T20:45:18.674Z
2021,0000153,영남신학대학교,대학,대학교,경북,사립,1,1548031903,1313113900,0,0,0,0,0,0,0,10640000,0,245558003,43,5.8,2026-08-07T20:45:18.674Z
2021,0000418,영남외국어대학,전문대학,전문대학,경북,사립,1,115564706,27141560,0,0,0,0,0,0,0,31849000,66910000,187182146,25,7.5,2026-08-07T20:45:18.674Z
2021,0000160,위덕대학교,대학,대학교,경북,사립,1,7890837062,5370800524,0,160000000,0,0,115500000,30000000,4500000,48866000,250000,2879152538,197,14.6,2026-08-07T20:45:18.674Z
2021,0000188,포항공과대학교,대학,대학교,경북,사립,1,34299119412,1885264500,78801104000,0,4080606500,1496100000,1955000000,1157600000,306000000,2054966000,0,122265231412,248,492.8,2026-08-07T20:45:18.674Z
2021,0002658,포항대학교,전문대학,전문대학,경북,사립,1,4759627398,4015692327,0,0,0,0,0,77000000,0,36291000,3364000,860590071,98,8.8,2026-08-07T20:45:18.674Z
2021,0000576,한국복지사이버대학,전문대학,사이버대학(전문대학),경북,사립,1,3147012800,3129251300,0,0,0,0,0,0,0,38762600,0,56524100,63,0.9,2026-08-07T20:45:18.674Z
2021,0003104,한국폴리텍 특성화대학,전문대학,기능대학,경북,사립,1,1114903112,1114089168,0,26593948247,0,0,0,140000000,0,229684160,0,26964446351,0,0,2026-08-07T20:45:18.674Z
2021,0000624,한국폴리텍 VI 대학,전문대학,기능대학,경북,사립,1,1381165380,1378912169,0,41941997868,0,0,0,0,0,2432000,0,41946683079,0,0,2026-08-07T20:45:18.674Z
2021,0000196,한동대학교,대학,대학교,경북,사립,1,21671019708,7870244375,980182000,0,1160200000,233340000,596557000,0,80000000,775379500,9485000,17635918833,319,55.4,2026-08-07T20:45:18.674Z
2021,0000415,호산대학교,전문대학,전문대학,경북,사립,1,8347663131,4626140910,0,0,0,0,0,0,0,54112000,0,3775634221,106,35.6,2026-08-07T20:45:18.674Z
2021,0000073,광신대학교,대학,대학교,광주,사립,1,1611872633,1490298500,0,0,0,0,0,0,0,9488500,0,131062633,56,2.4,2026-08-07T20:45:18.674Z
2021,0000381,광주과학기술원,대학,대학교,광주,특별법법인,1,4296363879,229866500,142955131000,1000000000,2343506414,738000000,4492688000,79000000,0,7249854700,0,162924677493,0,0,2026-08-07T20:45:18.674Z
2021,0000252,광주교육대학교,대학,교육대학,광주,국립,1,27046091010,1576320000,180444000,0,541400000,0,0,0,0,0,0,26191615010,0,0,2026-08-07T20:45:18.674Z
2021,0000231,광주대학교,대학,대학교,광주,사립,1,23945999871,15579098170,648991000,337920000,298700000,5000000,280664600,2452000000,0,145542450,225500,12535945251,424,29.6,2026-08-07T20:45:18.674Z
2021,0000429,광주보건대학교,전문대학,전문대학,광주,사립,1,15909699143,9439148350,0,140000000,50000000,0,0,0,0,19786500,0,6680337293,185,36.2,2026-08-07T20:45:18.674Z
2021,0000076,광주여자대학교,대학,대학교,광주,사립,1,13929441168,9428180294,117414000,130000000,30000000,0,100270000,0,0,115393500,654000,4994992374,248,20.2,2026-08-07T20:45:18.674Z
2021,0002972,기독간호대학교,전문대학,전문대학,광주,사립,1,3277272424,1279597500,0,0,0,0,0,0,0,6568000,0,2004242924,31,63.7,2026-08-07T20:45:18.674Z
2021,0000216,남부대학교,대학,대학교,광주,사립,1,7835900353,6765915740,330381000,250000000,290000000,52424000,32000000,934144000,0,371661500,0,3330595113,216,15.4,2026-08-07T20:45:18.674Z
2021,0000460,동강대학교,전문대학,전문대학,광주,사립,1,10954415714,6327048110,0,1295617720,0,0,43500000,108000000,0,77237000,743500,6152465824,133,46.2,2026-08-07T20:45:18.674Z
2021,0002646,서영대학교,전문대학,전문대학,광주,사립,1,21491234898,13263636339,35293000,97710000,0,0,0,0,0,87878760,9450500,8457930819,278,30.4,2026-08-07T20:45:18.674Z
2021,0000243,송원대학교,대학,대학교,광주,사립,1,7608455000,6181158040,155000000,330366000,0,0,0,0,0,291437500,1312500,2205412960,190,11.6,2026-08-07T20:45:18.674Z
2021,0000023,전남대학교,대학,대학교,광주,국립,1,368100166003,26703782870,43378085000,1155125000,5657657000,3150000000,2020762240,2437340600,7730874000,22300475993,1000000,429227702966,0,0,2026-08-07T20:45:18.674Z
2021,0002974,조선간호대학교,전문대학,전문대학,광주,사립,1,2737035790,1229875900,0,0,0,0,0,0,0,14928000,0,1522087890,38,40.5,2026-08-07T20:45:18.674Z
2021,0000172,조선대학교,대학,대학교,광주,사립,1,64316429693,35144374250,15640080000,467204350,3247650000,907500000,377500000,95000000,371000000,4305551060,3070000,54586610853,1411,38.7,2026-08-07T20:45:18.674Z
2021,0000534,조선이공대학교,전문대학,전문대학,광주,사립,1,15081905708,6426759017,85293000,0,148920000,0,36000000,183570500,0,42743700,0,9151673891,161,56.7,2026-08-07T20:45:18.674Z
2021,0000616,한국폴리텍 V 대학,전문대학,기능대학,광주,사립,1,1813729135,1811920920,0,41496286343,0,0,0,44000000,0,7812000,0,41549906558,0,0,2026-08-07T20:45:18.674Z
2021,0000208,호남대학교,대학,대학교,광주,사립,1,26217070496,13588131460,95591000,370000000,0,5000000,122500000,110000000,100000000,213153627,446000,13645629663,489,27.9,2026-08-07T20:45:18.674Z
2021,0000209,호남신학대학교,대학,대학교,광주,사립,1,1699969392,1383961500,0,0,0,0,0,0,0,27708400,0,343716292,50,6.9,2026-08-07T20:45:18.674Z
2021,0000005,경북대학교,대학,대학교,대구,국립,1,314638163861,26605894170,57893325000,0,7833029000,1664407000,903280800,8987500000,8197035000,12929692010,382000,386440920501,0,0,2026-08-07T20:45:18.674Z
2021,0000068,계명대학교,대학,대학교,대구,사립,1,71909899631,42884940940,7267153000,300000000,802560000,128000000,843231000,325368000,0,2594198373,1157500,41286626564,1619,25.5,2026-08-07T20:45:18.674Z
2021,0000425,계명문화대학교,전문대학,전문대학,대구,사립,1,23794712569,13549729460,0,103627550,0,0,26000000,361990000,162492870,361077000,560000,11260730529,271,41.5,2026-08-07T20:45:18.674Z
2021,0000382,대구경북과학기술원,대학,대학교,대구,특별법법인,1,3421514059,0,115367257000,24606000,3101961000,935000000,400000000,560085000,0,240000000,0,124050423059,0,0,2026-08-07T20:45:18.674Z
2021,0000443,대구공업대학교,전문대학,전문대학,대구,사립,1,3746594747,3190106110,7150000,0,0,0,0,40000000,0,59512100,2000000,665150737,98,6.8,2026-08-07T20:45:18.674Z
2021,0000446,대구과학대학교,전문대학,전문대학,대구,사립,1,22100532341,11633638990,0,26496000,0,0,53000000,0,0,252691000,450000,10799530351,230,47,2026-08-07T20:45:18.674Z
2021,0000253,대구교육대학교,대학,교육대학,대구,국립,1,27017110952,1632106830,240318000,0,100000000,0,0,0,0,0,0,25725322122,0,0,2026-08-07T20:45:18.674Z
2021,0000444,대구보건대학교,전문대학,전문대학,대구,사립,1,28802487192,17201103794,0,216084000,2276000000,0,101657200,40000000,0,68589000,4000000,14307713598,409,35,2026-08-07T20:45:18.674Z
2021,0002649,수성대학교,전문대학,전문대학,대구,사립,1,14134048717,8621467090,0,137356000,0,0,2000000,182600000,0,83770660,1500000,5919808287,186,31.9,2026-08-07T20:45:18.674Z
2021,0000513,영남이공대학교,전문대학,전문대학,대구,사립,1,25111368777,12603923790,65514000,745972000,310000000,0,0,182880000,0,27239000,0,13839049987,316,43.8,2026-08-07T20:45:18.674Z
2021,0000575,영진사이버대학,전문대학,사이버대학(전문대학),대구,사립,1,6125828326,5881440800,0,0,0,0,0,0,0,129350000,0,373737526,96,3.9,2026-08-07T20:45:18.674Z
2021,0000517,영진전문대학교,전문대학,전문대학,대구,사립,1,33176090093,16712245170,0,1648699320,0,0,0,0,0,197534830,0,18310079073,412,44.5,2026-08-07T20:45:18.674Z
2021,0000643,건신대학원대학교,전문대학,전문대학원,대전,사립,1,2176740,0,0,0,0,0,0,0,0,0,0,2176740,11,0.2,2026-08-07T20:45:18.674Z
2021,0000335,건양사이버대학교,대학,사이버대학(대학),대전,사립,1,6344075377,5742370000,0,0,0,0,0,0,0,430788250,0,1032493627,91,11.4,2026-08-07T20:45:18.674Z
2021,0000664,과학기술연합대학원대학교,전문대학,전문대학원,대전,기타,1,49791546,0,16674000000,0,0,0,0,0,0,0,0,16723791546,0,0,2026-08-07T20:45:18.674Z
2021,0000546,대덕대학교,전문대학,전문대학,대전,사립,1,10526395798,6815553660,0,210000000,0,0,24000000,222430000,0,65435400,0,4232707538,151,28,2026-08-07T20:45:18.674Z
2021,0000453,대전과학기술대학교,전문대학,전문대학,대전,사립,1,18763546126,10078225700,37649000,0,0,0,0,144179000,0,37269500,1399500,8905817426,235,37.9,2026-08-07T20:45:18.674Z
2021,0000095,대전대학교,대학,대학교,대전,사립,1,33984790522,16385427110,2333280000,279911968,1026270000,1224000000,50500000,240899200,178000000,1493214987,1464580,24426904147,652,37.4,2026-08-07T20:45:18.674Z
2021,0000451,대전보건대학교,전문대학,전문대학,대전,사립,1,17925827481,13036784770,140000000,415852000,0,0,0,41000000,0,39027800,368410,5525290921,288,19.2,2026-08-07T20:45:18.674Z
2021,0000238,대전신학대학교,대학,대학교,대전,사립,1,426361338,245295500,0,0,0,0,0,0,0,0,0,181065838,9,21,2026-08-07T20:45:18.674Z
2021,0000112,목원대학교,대학,대학교,대전,사립,1,21410519619,15369537940,412455000,788180000,230000000,0,167760000,33300000,68000000,263148910,7497500,8011323089,539,14.9,2026-08-07T20:45:18.674Z
2021,0000113,배재대학교,대학,대학교,대전,사립,1,26175476349,14264176850,1183636000,1053730000,54000000,70000000,395040000,103000000,153800000,286111171,5270000,15215886670,547,27.8,2026-08-07T20:45:18.674Z
2021,0000240,우송대학교,대학,대학교,대전,사립,1,28906616635,17042364850,118526900,156250000,0,0,0,0,27556540,115063190,8124930,12289773345,718,17.1,2026-08-07T20:45:18.674Z
2021,0000452,우송정보대학,전문대학,전문대학,대전,사립,1,15652176718,9038257060,0,594003750,0,0,0,161100000,0,22401100,2035000,7393459508,214,34.6,2026-08-07T20:45:18.674Z
2021,0000161,을지대학교,대학,대학교,대전,사립,1,14009475987,7136099634,2834318000,0,90790000,50000000,711130000,1515000000,0,5084165000,225570000,17384349353,411,42.3,2026-08-07T20:45:18.674Z
2021,0000029,충남대학교,대학,대학교,대전,국립,1,293739255046,20708523280,37999920500,370000000,5144192000,2054274000,704960000,431645200,8794800000,11966931530,7670000,340505124996,0,0,2026-08-07T20:45:18.674Z
2021,0000182,침례신학대학교,대학,대학교,대전,사립,1,6289983298,3138941270,0,0,0,0,0,0,0,20271900,0,3171313928,101,31.5,2026-08-07T20:45:18.674Z
2021,0000374,한국과학기술원,대학,대학교,대전,특별법법인,1,19469573009,1793892500,382386058000,0,13197402000,2284000000,2641000000,9095000000,868000000,8599700000,0,436746840509,0,0,2026-08-07T20:45:18.674Z
2021,0000603,한국폴리텍 IV 대학,전문대학,기능대학,대전,사립,1,2442425078,2391921674,0,42702203817,0,0,0,0,0,12026000,0,42764733221,0,0,2026-08-07T20:45:18.674Z
2021,0000195,한남대학교,대학,대학교,대전,사립,1,39761839850,20599729420,3735966960,759470300,700090000,0,2903131000,2389000000,231191000,190666460,5150000,30076776150,824,36.5,2026-08-07T20:45:18.674Z
2021,0000039,한밭대학교,대학,대학교,대전,국립,1,90317830564,12825396030,4785755950,887300000,5674152000,0,0,5304630400,0,686100650,0,94830373534,0,0,2026-08-07T20:45:18.674Z
2021,0002640,경남정보대학교,전문대학,전문대학,부산,사립,1,29072580310,16873574355,0,398834000,100000000,0,25000000,113248000,0,58388990,0,12894476945,352,36.7,2026-08-07T20:45:18.674Z
2021,0000062,경성대학교,대학,대학교,부산,사립,1,38071928168,24453218974,1277515000,1240179975,252470000,0,147000000,40000000,160000000,1081275500,0,17817149669,803,22.2,2026-08-07T20:45:18.674Z
2021,0000071,고신대학교,대학,대학교,부산,사립,1,14168156201,8562049388,1414194000,250000000,320000000,891000000,1032510000,0,0,418526000,0,9932336813,292,34,2026-08-07T20:45:18.674Z
2021,0000447,대동대학교,전문대학,전문대학,부산,사립,1,3711609640,3500509000,0,0,0,0,25000000,0,0,26044700,0,262145340,86,3.1,2026-08-07T20:45:18.674Z
2021,0000235,동명대학교,대학,대학교,부산,사립,1,32229659224,17107155370,851299000,492376000,318200000,0,23500000,117000000,0,606994400,1500000,17533373254,503,34.9,2026-08-07T20:45:18.674Z
2021,0000103,동서대학교,대학,대학교,부산,사립,1,37606681082,22077309650,1979150000,1385393430,220200000,206250000,477650000,2488000000,0,268626328,0,22554641190,625,36.1,2026-08-07T20:45:18.674Z
2021,0000105,동아대학교,대학,대학교,부산,사립,1,63965860210,36375892030,9101337400,622792704,1804890000,724221000,218200000,1356302400,90000000,2322663715,1500000,43831875399,1373,31.9,2026-08-07T20:45:18.674Z
2021,0000466,동의과학대학교,전문대학,전문대학,부산,사립,1,22967048200,10511846900,0,660044900,0,0,0,114850000,0,49322400,0,13279418600,257,51.6,2026-08-07T20:45:18.674Z
2021,0000107,동의대학교,대학,대학교,부산,사립,1,50268259622,31177389940,5094061000,1030884820,748000000,270000000,144000000,99232000,27000000,642030249,2000000,27148077751,999,27.2,2026-08-07T20:45:18.674Z
2021,0000467,동주대학교,전문대학,전문대학,부산,사립,1,14519282435,7025396128,0,0,0,0,0,0,0,19294800,0,7513181107,156,48.2,2026-08-07T20:45:18.674Z
2021,0000013,부경대학교,대학,대학교,부산,국립,1,182412925198,23470709140,17071279000,513881300,3212662000,254600000,0,2621476800,64850000,10064592900,0,192745558058,0,0,2026-08-07T20:45:18.674Z
2021,0000114,부산가톨릭대학교,대학,대학교,부산,사립,1,18701283031,8502806810,657671390,84630000,0,0,113106200,85000000,64430000,46078000,0,11249391811,254,44.4,2026-08-07T20:45:18.674Z
2021,0000479,부산경상대학교,전문대학,전문대학,부산,사립,1,12449992175,7005874699,0,467386000,0,0,0,0,0,108657500,0,6020160976,130,46.3,2026-08-07T20:45:18.674Z
2021,0000481,부산과학기술대학교,전문대학,전문대학,부산,사립,1,17773382027,8070889514,49979000,725910000,0,0,0,346287000,0,53221000,1500000,10879389513,182,59.6,2026-08-07T20:45:18.674Z
2021,0000254,부산교육대학교,대학,교육대학,부산,국립,1,28084035195,1365973500,87696000,0,0,0,0,0,0,50000000,1000000,26856757695,0,0,2026-08-07T20:45:18.674Z
2021,0000014,부산대학교,대학,대학교,부산,국립,1,319477463279,25314167440,65460392000,1000000000,12846089000,3528502000,393500000,3548944800,864042760,12567886000,0,394372652399,0,0,2026-08-07T20:45:18.674Z
2021,0000321,부산디지털대학교,대학,사이버대학(대학),부산,사립,1,4688340842,3381412199,0,0,0,0,0,0,0,92346000,0,1399274643,63,22.3,2026-08-07T20:45:18.674Z
2021,0000480,부산여자대학교,전문대학,전문대학,부산,사립,1,12715068423,6877083769,0,0,0,0,0,0,0,19127000,96000,5857207654,142,41.2,2026-08-07T20:45:18.674Z
2021,0000561,부산예술대학교,전문대학,전문대학,부산,사립,1,2024798217,1781002170,0,0,0,0,0,0,0,6263200,0,250059247,38,6.6,2026-08-07T20:45:18.674Z
2021,0000115,부산외국어대학교,대학,대학교,부산,사립,1,21806072764,14291828580,308604000,1082308480,0,0,55000000,0,0,448449501,3230000,9411836165,453,20.8,2026-08-07T20:45:18.674Z
2021,0000144,신라대학교,대학,대학교,부산,사립,1,28849394682,16594183870,688914000,645542760,732872500,139500000,25000000,0,252600000,751713354,1000000,15492353426,532,29.1,2026-08-07T20:45:18.674Z
2021,0003193,영산대학교,대학,대학교,부산,사립,1,22164511173,12757272610,328991000,958590830,100000000,0,67500000,2043000000,23866619,130137500,0,13059324512,351,37.2,2026-08-07T20:45:18.674Z
2021,0003163,한국폴리텍 VII 대학,전문대학,기능대학,부산,사립,1,3375210916,3126944168,0,49703903606,0,0,0,134000000,0,16416000,0,50102586354,0,0,2026-08-07T20:45:18.674Z
2021,0000033,한국해양대학교,대학,대학교,부산,국립,1,98956180555,8711434390,3766806000,545621000,1630260000,0,12000000,347000000,0,1882260000,0,98428693165,0,0,2026-08-07T20:45:18.674Z
2021,0000333,화신사이버대학교,대학,사이버대학(대학),부산,사립,1,3398557274,3140873000,0,0,0,0,0,0,0,23068000,0,280752274,39,7.2,2026-08-07T20:45:18.674Z
2021,0000050,감리교신학대학교,대학,대학교,서울,사립,1,2746668345,1990276867,0,0,0,0,0,0,0,11114700,4930350,772436528,87,8.9,2026-08-07T20:45:18.674Z
2021,0000079,강서대학교,대학,대학교,서울,사립,1,4666640638,2510294920,15000000,0,0,0,0,0,170000000,7655500,344000,2349345218,115,20.4,2026-08-07T20:45:18.674Z
2021,0000663,개신대학원대학교,전문대학,전문대학원,서울,사립,1,2793291,0,0,0,0,0,0,0,0,0,0,2793291,8,0.4,2026-08-07T20:45:18.674Z
2021,0000052,건국대학교,대학,대학교,서울,사립,2,68950877673,31426702200,29786074000,902378200,3766528000,1762652000,318745990,2536000000,4512301364,9360289356,14507500,90483651883,2319,29.8,2026-08-07T20:45:18.674Z
2021,0000066,경희대학교,대학,대학교,서울,사립,1,80447739883,32667681118,46836128780,0,5507385000,6981250000,835849760,353530000,1864185000,10998180159,21816920,121178384384,2981,40.7,2026-08-07T20:45:18.674Z
2021,0000318,경희사이버대학교,대학,사이버대학(대학),서울,사립,1,11382413065,10975206250,0,0,0,0,0,0,0,205464500,0,612671315,315,2,2026-08-07T20:45:18.674Z
2021,0000069,고려대학교,대학,대학교,서울,사립,2,129126112839,27385609580,122910353820,379358960,9976623200,20485650000,2006129200,7456000000,2125467090,22896699190,616118750,290592903469,3562,72.5,2026-08-07T20:45:18.674Z
2021,0000328,고려사이버대학교,대학,사이버대학(대학),서울,사립,1,7154480669,6755738383,15000000,0,0,150000000,0,0,0,153502750,0,717245036,209,3.4,2026-08-07T20:45:18.674Z
2021,0000074,광운대학교,대학,대학교,서울,사립,1,23674936969,10423144300,8957948000,528794040,1969520000,0,934000000,107000000,0,1752372000,7828750,27509255459,776,35.5,2026-08-07T20:45:18.674Z
2021,0000078,국민대학교,대학,대학교,서울,사립,1,51799917218,21843814300,17278508000,285000000,3529300000,0,2728650000,0,518500000,6366859080,31970500,60694890498,1531,39.6,2026-08-07T20:45:18.674Z
2021,0000649,국제신학대학원대학교,전문대학,전문대학원,서울,사립,1,7372839,0,0,0,0,0,0,0,0,0,0,7372839,24,0.3,2026-08-07T20:45:18.674Z
2021,0000656,국제영어대학원대학교,전문대학,전문대학원,서울,사립,1,7281810,0,0,0,326000000,0,0,0,0,0,0,333281810,7,45.4,2026-08-07T20:45:18.674Z
2021,0000099,덕성여자대학교,대학,대학교,서울,사립,1,15172739666,8256908082,2899106000,100000000,0,40000000,0,67000000,0,142198000,15340570,10179476154,409,24.9,2026-08-07T20:45:18.674Z
2021,0000100,동국대학교,대학,대학교,서울,사립,2,72944300419,30295563787,23014356600,988759980,2914335000,4011580000,3375463000,436000000,477625421,4726772922,247624080,82841253635,2099,32.1,2026-08-07T20:45:18.674Z
2021,0000102,동덕여자대학교,대학,대학교,서울,사립,1,18744467266,11269416410,791453000,604464000,0,0,0,0,24000000,103782000,9986500,9008736356,528,17.1,2026-08-07T20:45:18.674Z
2021,0000669,동방문화대학원대학교,전문대학,전문대학원,서울,사립,1,43810000,0,0,0,0,0,0,0,0,0,0,43810000,28,1.6,2026-08-07T20:45:18.674Z
2021,0000463,동양미래대학교,전문대학,전문대학,서울,사립,1,26785009446,13246902860,249794000,259362000,100000000,0,0,67000000,0,91695000,765000,14306722586,373,38.4,2026-08-07T20:45:18.674Z
2021,0000330,디지털서울문화예술대학교,대학,사이버대학(대학),서울,사립,1,4436901370,3711111680,0,0,0,0,18500000,0,0,61435580,1368600,807093870,119,6.8,2026-08-07T20:45:18.674Z
2021,0000473,명지전문대학,전문대학,전문대학,서울,사립,1,19106683984,15167939155,72744000,102150000,100000000,0,0,0,0,57159000,3249100,4274046929,410,10.4,2026-08-07T20:45:18.674Z
2021,0000476,배화여자대학교,전문대학,전문대학,서울,사립,1,6932640972,6360334890,87375000,414314000,0,0,0,150000000,23800000,16666000,431000,1264892082,152,8.3,2026-08-07T20:45:18.674Z
2021,0000642,베뢰아국제대학원대학교,전문대학,전문대학원,서울,사립,1,7060250,0,0,0,0,0,0,0,0,0,0,7060250,2,3.3,2026-08-07T20:45:18.674Z
2021,0000670,북한대학원대학교,전문대학,전문대학원,서울,사립,1,288785499,0,0,0,0,0,0,0,0,0,0,288785499,15,19,2026-08-07T20:45:18.674Z
2021,0000332,사이버한국외국어대학교,대학,사이버대학(대학),서울,사립,1,6630770855,6182910834,0,0,0,0,40000000,0,0,152775000,0,640635021,167,3.8,2026-08-07T20:45:18.674Z
2021,0000116,삼육대학교,대학,대학교,서울,사립,1,17099871688,9994232900,1525797000,482872350,0,18000000,52774600,159000000,200000000,615291660,10829000,10170203398,459,22.2,2026-08-07T20:45:18.674Z
2021,0000483,삼육보건대학교,전문대학,전문대학,서울,사립,1,6223995737,2729138610,0,133460000,0,0,26300000,81880000,0,0,200690,3736697817,76,49.4,2026-08-07T20:45:18.674Z
2021,0000117,상명대학교,대학,대학교,서울,사립,1,35861897947,19713567567,3502059000,300000000,811020000,76800000,12433034000,97000000,611800000,876386000,26614370,34883043750,1052,33.2,2026-08-07T20:45:18.674Z
2021,0000120,서강대학교,대학,대학교,서울,사립,1,29402960115,7257643166,17843251000,0,1849500000,530000000,778550580,245000000,6000000,2141560500,9007000,45548186029,1031,44.2,2026-08-07T20:45:18.674Z
2021,0000121,서경대학교,대학,대학교,서울,사립,1,17106165790,9614681083,504973000,0,179000000,0,1495000000,0,51930722,1482814660,13238500,11218441589,495,22.7,2026-08-07T20:45:18.674Z
2021,0000036,서울과학기술대학교,대학,대학교,서울,국립,1,114082553347,13904719210,11440216050,590764992,4393217500,233000000,70000000,345000000,417000000,4979634150,205120100,122851786929,0,0,2026-08-07T20:45:18.674Z
2021,0000666,서울과학종합대학원대학교,전문대학,전문대학원,서울,사립,1,101100638,0,0,0,327000000,0,0,0,0,0,0,428100638,107,4,2026-08-07T20:45:18.674Z
2021,0000255,서울교육대학교,대학,교육대학,서울,국립,1,23163305719,1206697500,91974000,0,0,0,0,0,0,150000000,3088000,22201670219,0,0,2026-08-07T20:45:18.674Z
2021,0000098,서울기독대학교,대학,대학교,서울,사립,1,898872796,809402334,0,0,0,0,0,0,0,14062750,0,103533212,40,2.6,2026-08-07T20:45:18.674Z
2021,0000019,서울대학교,대학,대학교,서울,국립대법인,1,662946906495,11964582400,218727700500,0,13122788000,15365702000,2653319440,3363625000,9169567200,51819569700,3900577000,969105172935,0,0,2026-08-07T20:45:18.674Z
2021,0000322,서울디지털대학교,대학,사이버대학(대학),서울,사립,1,9838070701,9541363475,15000000,0,23000000,0,0,0,0,170221500,0,504928726,244,2.1,2026-08-07T20:45:18.674Z
2021,0000677,서울미디어대학원대학교,전문대학,특수대학원,서울,사립,1,126254287,0,56679000,0,252000000,0,125000000,0,0,0,0,559933287,17,32.6,2026-08-07T20:45:18.674Z
2021,0000660,서울벤처대학원대학교,전문대학,전문대학원,서울,사립,1,0,0,0,0,0,0,0,0,32600000,0,0,32600000,24,1.4,2026-08-07T20:45:18.674Z
2021,0000658,서울불교대학원대학교,전문대학,전문대학원,서울,사립,1,149903408,0,0,0,0,0,0,0,0,10000000,0,159903408,16,10.3,2026-08-07T20:45:18.674Z
2021,0000323,서울사이버대학교,대학,사이버대학(대학),서울,사립,1,17009940821,15490769300,70586000,0,0,0,0,0,0,520172610,0,2109930131,427,4.9,2026-08-07T20:45:18.674Z
2021,0000653,서울사회복지대학원대학교,전문대학,특수대학원,서울,사립,1,15374532,0,0,0,0,0,0,0,0,0,0,15374532,9,1.6,2026-08-07T20:45:18.674Z
2021,0000650,서울성경신학대학원대학교,전문대학,전문대학원,서울,사립,1,3917481,0,0,0,0,0,0,0,0,0,0,3917481,4,0.9,2026-08-07T20:45:18.674Z
2021,0000040,서울시립대학교,대학,대학교,서울,공립,1,27292612671,7126001455,11606920000,58935000,1067452500,0,0,40000000,599500000,6659023500,3350000,40201792216,0,0,2026-08-07T20:45:18.674Z
2021,0002973,서울여자간호대학교,전문대학,전문대학,서울,사립,1,3195251175,1294268120,25250000,0,0,0,0,0,0,2746500,1349000,1930328555,59,32.8,2026-08-07T20:45:18.674Z
2021,0000126,서울여자대학교,대학,대학교,서울,사립,1,18278394806,11573435950,1473740000,100000000,330000000,0,11410000,0,0,592756000,1702887120,10915751976,517,21.1,2026-08-07T20:45:18.674Z
2021,0000659,서울외국어대학원대학교,전문대학,전문대학원,서울,사립,1,35414530,0,0,0,0,0,0,0,0,0,0,35414530,28,1.3,2026-08-07T20:45:18.674Z
2021,0000490,서일대학교,전문대학,전문대학,서울,사립,1,17958228430,12878872275,301916000,420511000,11879000,0,0,0,0,129149250,9731900,5952543305,331,18,2026-08-07T20:45:18.674Z
2021,0000132,성공회대학교,대학,대학교,서울,사립,1,10383072534,4113307187,3823800,0,49100000,0,0,0,0,80459260,6577150,6409725557,169,37.9,2026-08-07T20:45:18.674Z
2021,0000133,성균관대학교,대학,대학교,서울,사립,1,97544676723,18730727900,117176391000,90000000,13898249000,5546288000,1612143290,4068584000,552300000,14141455090,488370500,236387729703,2793,84.6,2026-08-07T20:45:18.674Z
2021,0000136,성신여자대학교,대학,대학교,서울,사립,1,24558676872,14939107200,1968009000,0,827500000,200000000,73230000,0,4124270,526092000,19879500,13238404442,788,16.8,2026-08-07T20:45:18.674Z
2021,0000138,세종대학교,대학,대학교,서울,사립,1,30545291195,16070638050,25252630000,240000000,3161062000,127000000,238000000,0,1567012429,7758356000,13558000,52832271574,1227,43,2026-08-07T20:45:18.674Z
2021,0000325,세종사이버대학교,대학,사이버대학(대학),서울,사립,1,13788805058,13032840420,50000000,0,145000000,0,0,0,0,180030000,720000,1131714638,283,4,2026-08-07T20:45:18.674Z
2021,0000141,숙명여자대학교,대학,대학교,서울,사립,1,34741212584,13368398700,12330044000,300000000,1054080000,84000000,410000000,30000000,673600000,2795163400,9192650,39058893934,1031,37.9,2026-08-07T20:45:18.674Z
2021,0000671,순복음대학원대학교,전문대학,전문대학원,서울,사립,1,9450307,0,0,0,0,0,0,0,0,0,0,9450307,7,1.3,2026-08-07T20:45:18.674Z
2021,0000143,숭실대학교,대학,대학교,서울,사립,1,39364336788,17779650500,17363191000,0,3412633000,170000000,808000000,3594212000,985608430,3891977500,19392000,51829700218,1343,38.6,2026-08-07T20:45:18.674Z
2021,0000329,숭실사이버대학교,대학,사이버대학(대학),서울,사립,1,7913074645,7345432750,0,0,0,0,0,0,0,229764000,0,797405895,193,4.1,2026-08-07T20:45:18.674Z
2021,0000500,숭의여자대학교,전문대학,전문대학,서울,사립,1,8444547975,7794962140,0,0,0,0,0,0,0,8238360,192000,658016195,184,3.6,2026-08-07T20:45:18.674Z
2021,0000149,연세대학교,대학,대학교,서울,사립,2,135959503052,27607772600,136972759840,240000000,10281839000,27661895000,1650402380,5324000000,2787690000,26532274007,3074608450,322877199129,3995,71.6,2026-08-07T20:45:18.674Z
2021,0000651,예명대학원대학교,전문대학,전문대학원,서울,사립,1,11174050,0,0,0,0,0,0,0,0,0,0,11174050,12,1,2026-08-07T20:45:18.674Z
2021,0000678,용문상담심리대학원대학교,전문대학,전문대학원,서울,사립,1,2080080,0,0,0,0,0,0,0,0,0,0,2080080,10,0.2,2026-08-07T20:45:18.674Z
2021,0000163,이화여자대학교,대학,대학교,서울,사립,1,51240288208,16140788280,41089934600,4728000,824600000,1388966500,565474280,82000000,530779000,4206249230,18579800,83810811338,2029,41.3,2026-08-07T20:45:18.674Z
2021,0000525,인덕대학교,전문대학,전문대학,서울,사립,1,16132071673,14472666060,0,320836000,129000000,0,0,2129000000,0,596527000,6398950,4841167563,369,13.1,2026-08-07T20:45:18.674Z
2021,0000170,장로회신학대학교,대학,대학교,서울,사립,1,2357745914,1742339400,0,0,0,0,0,0,0,8025000,192000,623623514,159,3.9,2026-08-07T20:45:18.674Z
2021,0000288,정석대학,대학,기술대학,서울,사립,1,0,0,0,0,100000000,0,0,0,0,0,0,100000000,0,0,2026-08-07T20:45:18.674Z
2021,0000175,중앙대학교,대학,대학교,서울,사립,1,74793128114,28874622240,49212272000,0,7373863750,1516000000,1376405000,138000000,1197200000,17526900340,245497000,124504643964,2617,47.6,2026-08-07T20:45:18.674Z
2021,0000180,총신대학교,대학,대학교,서울,사립,1,5320504516,4037961758,0,0,0,0,0,0,0,64573718,8111500,1355227976,249,5.5,2026-08-07T20:45:18.674Z
2021,0000181,추계예술대학교,대학,대학교,서울,사립,1,2190604056,1901953150,0,0,246000000,0,0,0,0,31113500,2896000,568660406,115,5,2026-08-07T20:45:18.674Z
2021,0002817,크리스찬치유상담대학원대학교,전문대학,전문대학원,서울,사립,1,15005165,0,0,0,0,0,0,0,0,0,0,15005165,13,1.2,2026-08-07T20:45:18.674Z
2021,0000273,한국방송통신대학교,대학,방송통신대학,서울,국립,1,66786563205,14315905734,0,0,0,100000000,0,0,131000000,202152745,32246450,52936056666,0,0,2026-08-07T20:45:18.674Z
2021,0000679,한국상담대학원대학교,전문대학,전문대학원,서울,사립,1,10865869,0,0,0,0,0,0,0,0,0,0,10865869,12,0.9,2026-08-07T20:45:18.674Z
2021,0000191,한국성서대학교,대학,대학교,서울,사립,1,4425861158,2349608500,30000000,0,0,5000000,0,0,0,17886760,2322500,2131461918,80,26.7,2026-08-07T20:45:18.674Z
2021,0000326,한국열린사이버대학교,대학,사이버대학(대학),서울,사립,1,6879947442,6810664800,0,0,86940000,0,0,0,0,84586000,0,240808642,132,1.8,2026-08-07T20:45:18.674Z
2021,0000383,한국예술종합학교,대학,각종학교(대학),서울,특별법국립,1,4277488061,2983976430,0,0,0,0,41186618500,0,0,0,0,42480130131,0,0,2026-08-07T20:45:18.674Z
2021,0000192,한국외국어대학교,대학,대학교,서울,사립,1,45416169153,21230852000,3692142500,300000000,1382250000,0,152000000,116800000,0,1377432440,15416000,31221358093,1461,21.4,2026-08-07T20:45:18.674Z
2021,0000032,한국체육대학교,대학,대학교,서울,국립,1,41357246746,4060880540,161072000,0,0,223100000,1395000000,0,0,0,1000000,39076538206,0,0,2026-08-07T20:45:18.674Z
2021,0000585,한국폴리텍 I 대학,전문대학,기능대학,서울,사립,1,2627275654,2543470666,90000000,44468118394,0,0,0,370000000,0,169811834,0,45181735216,0,0,2026-08-07T20:45:18.674Z
2021,0000673,한림국제대학원대학교,전문대학,특수대학원,서울,사립,1,120274801,0,92945000,0,0,0,0,0,0,0,0,213219801,24,8.9,2026-08-07T20:45:18.674Z
2021,0000676,한반도국제대학원대학교,전문대학,특수대학원,서울,사립,1,525000,0,0,0,0,0,0,0,0,0,0,525000,3,0.2,2026-08-07T20:45:18.674Z
2021,0000200,한성대학교,대학,대학교,서울,사립,1,18657845231,10809957217,837519000,503385526,261120000,0,44950150,1135981200,0,402929600,6428700,11040202190,560,19.7,2026-08-07T20:45:18.674Z
2021,0000203,한양대학교,대학,대학교,서울,사립,2,122420201198,31614578104,79105884000,0,20727705680,7767946000,1785888945,4094000000,829618000,20305582751,1100702750,226522951220,3405,45.8,2026-08-07T20:45:18.674Z
2021,0000331,한양사이버대학교,대학,사이버대학(대학),서울,사립,1,16743177877,15677919250,195293000,0,0,50000000,0,0,0,301720500,0,1612272127,491,3.3,2026-08-07T20:45:18.674Z
2021,0000554,한양여자대학교,전문대학,전문대학,서울,사립,1,24297303201,14803801080,184962000,859217600,0,67550000,210000000,0,65000000,20128500,2172500,10902532721,389,28,2026-08-07T20:45:18.674Z
2021,0000205,한영신학대학교,대학,대학교,서울,사립,1,2061263263,1523722700,15000000,0,80000000,0,0,0,0,12035700,355500,644931763,60,10.7,2026-08-07T20:45:18.674Z
2021,0000212,홍익대학교,대학,대학교,서울,사립,1,41798425375,24252236100,9837773800,678655000,1770226000,150000000,511000000,1530600000,235000000,2323123800,40140000,34622707875,1921,18,2026-08-07T20:45:18.674Z
2021,0000648,횃불트리니티신학대학원대학교,전문대학,전문대학원,서울,사립,1,31883197,0,0,0,0,0,0,0,0,0,0,31883197,29,1.1,2026-08-07T20:45:18.674Z
2021,0000094,대전가톨릭대학교,대학,대학교,세종,사립,1,58462500,55297500,0,0,295500000,0,0,0,0,714000000,0,1012665000,4,259.5,2026-08-07T20:45:18.674Z
2021,0000640,한국개발연구원국제정책대학원대학교,전문대학,전문대학원,세종,사립,1,3803506,0,30000000,0,0,0,0,0,0,1816949211,0,1850752717,0,0,2026-08-07T20:45:18.674Z
2021,0000522,한국영상대학교,전문대학,전문대학,세종,사립,1,17538744904,7507651741,0,54413800,0,0,12000000,26000000,0,35937000,0,10159443963,180,56.6,2026-08-07T20:45:18.674Z
2021,0000250,울산과학기술원,대학,대학교,울산,특별법법인,1,13488943191,1915025530,149351841000,77623100,5344051000,2053304000,0,1034340000,92000000,4672125000,0,174199201761,0,0,2026-08-07T20:45:18.674Z
2021,0000521,울산과학대학교,전문대학,전문대학,울산,사립,1,22011831542,9415437000,87817000,962581800,64000000,0,57500000,100992200,35000000,223429000,0,14127714542,331,42.6,2026-08-07T20:45:18.674Z
2021,0000158,울산대학교,대학,대학교,울산,사립,1,43132395722,16460140640,23766894000,0,4686426000,2895960000,251000000,2189969000,60000000,2197301477,2870000,62722675559,1000,62.7,2026-08-07T20:45:18.674Z
2021,0000545,춘해보건대학교,전문대학,전문대학,울산,사립,1,12071674842,6323831330,0,0,0,0,0,0,0,68708500,0,5816552012,162,36,2026-08-07T20:45:18.674Z
2021,0000681,한국전력국제원자력대학원대학교,전문대학,전문대학원,울산,사립,1,0,0,279812000,0,808000000,0,0,0,0,380000000,0,1467812000,44,33,2026-08-07T20:45:18.674Z
2021,0000256,경인교육대학교,대학,교육대학,인천,국립,1,32507253436,2704398000,98322000,0,30000000,0,117000000,0,0,227314330,157827000,30433318766,0,0,2026-08-07T20:45:18.674Z
2021,0000422,경인여자대학교,전문대학,전문대학,인천,사립,1,12999090309,11792739130,55472000,59122000,0,0,0,0,0,34651000,734500,1356330679,268,5.1,2026-08-07T20:45:18.674Z
2021,0000644,성산효대학원대학교,전문대학,전문대학원,인천,사립,1,17910691,0,0,0,0,0,0,0,0,0,0,17910691,13,1.4,2026-08-07T20:45:18.674Z
2021,0000168,인천가톨릭대학교,대학,대학교,인천,사립,1,1485706639,1073414497,30000000,400000000,0,0,0,0,0,0,1640000,843932142,64,13.2,2026-08-07T20:45:18.674Z
2021,0002660,인천대학교,대학,대학교,인천,국립대법인,1,136306198099,20398316877,13452923000,670280000,1592876500,160000000,1270770000,3126375000,0,3787758254,3905020,139972768996,0,0,2026-08-07T20:45:18.674Z
2021,0000455,인천재능대학교,전문대학,전문대학,인천,사립,1,17413192299,8519970107,130816000,620135000,0,0,0,0,0,37859500,409500,9682442192,194,49.9,2026-08-07T20:45:18.674Z
2021,0002654,인하공업전문대학,전문대학,전문대학,인천,사립,1,25218915209,15443343150,266491000,297642000,257100000,0,0,67000000,0,298837000,4900000,10967542059,429,25.6,2026-08-07T20:45:18.674Z
2021,0000169,인하대학교,대학,대학교,인천,사립,1,55720613350,23983132100,33221537000,299398000,11817600500,740208500,3063048000,2197878400,100000000,5534174500,17415000,88728741150,1648,53.9,2026-08-07T20:45:18.674Z
2021,0000680,주안대학원대학교,전문대학,전문대학원,인천,사립,1,23650000,0,0,0,0,0,0,0,0,0,0,23650000,4,5.8,2026-08-07T20:45:18.674Z
2021,0000590,한국폴리텍 II 대학,전문대학,기능대학,인천,사립,1,2525238412,2517517901,80000000,34139494349,0,0,0,50000000,0,56717000,0,34333931860,0,0,2026-08-07T20:45:18.674Z
2021,0000435,고구려대학교,전문대학,전문대학,전남,사립,1,4462413742,4366676500,0,0,0,0,0,0,0,34603000,1000000,131340242,62,2.1,2026-08-07T20:45:18.674Z
2021,0000428,광양보건대학교,전문대학,전문대학,전남,사립,1,30247066,17476000,0,0,0,0,0,0,0,1500000,0,14271066,0,0,2026-08-07T20:45:18.674Z
2021,0000075,광주가톨릭대학교,대학,대학교,전남,사립,1,0,0,0,0,0,0,0,0,0,0,0,0,0,0,2026-08-07T20:45:18.674Z
2021,0000104,동신대학교,대학,대학교,전남,사립,1,23649136922,14058249400,1875746000,700000000,341450000,220000000,208000000,440000000,0,311899330,0,13687982852,422,32.4,2026-08-07T20:45:18.674Z
2021,0000462,동아보건대학교,전문대학,전문대학,전남,사립,1,4400522985,4054320051,0,0,0,0,0,0,0,25242500,0,371445434,68,5.5,2026-08-07T20:45:18.674Z
2021,0000221,목포가톨릭대학교,대학,대학교,전남,사립,1,2895849673,1417608400,0,0,361000000,0,0,0,0,508781000,0,2348022273,32,72.8,2026-08-07T20:45:18.674Z
2021,0000474,목포과학대학교,전문대학,전문대학,전남,사립,1,8815198386,6614313634,0,0,0,0,61500000,0,0,54931700,0,2317316452,122,18.9,2026-08-07T20:45:18.674Z
2021,0000011,목포대학교,대학,대학교,전남,국립,1,99835023181,12491661470,3823548000,960800000,2992850000,0,394000000,2804000000,957000000,1532097000,0,100807656711,0,0,2026-08-07T20:45:18.674Z
2021,0000012,목포해양대학교,대학,대학교,전남,국립,1,62765883929,3602826670,552699000,0,1582000000,0,0,269000000,0,915232100,1500000,62483488359,0,0,2026-08-07T20:45:18.674Z
2021,0000092,세한대학교,대학,대학교,전남,사립,1,8855349309,8098376930,39482000,0,0,0,325500000,0,0,67448830,5426500,1194829709,214,5.6,2026-08-07T20:45:18.674Z
2021,0000020,순천대학교,대학,대학교,전남,국립,1,98228391821,11497238626,7372996000,193300000,1616017000,0,28000000,3640544000,4649450000,3102582800,0,107334042995,0,0,2026-08-07T20:45:18.674Z
2021,0000498,순천제일대학교,전문대학,전문대학,전남,사립,1,12584517713,5817498514,0,90000000,0,0,0,118303600,0,44819100,0,7020141899,134,52.3,2026-08-07T20:45:18.674Z
2021,0000155,영산선학대학교,대학,대학교,전남,사립,1,0,0,0,0,1879370000,0,0,0,0,0,0,1879370000,1,2847.5,2026-08-07T20:45:18.674Z
2021,0000529,전남과학대학교,전문대학,전문대학,전남,사립,1,19581201414,10798247840,0,0,0,0,102500000,0,0,42804000,0,8928257574,175,50.9,2026-08-07T20:45:18.674Z
2021,0000562,전남도립대학교,전문대학,전문대학,전남,공립,1,5081952861,1342271750,0,365430000,3110000,0,0,0,0,0,0,4108221111,0,0,2026-08-07T20:45:18.674Z
2021,0002656,청암대학교,전문대학,전문대학,전남,사립,1,9456836603,5782090720,0,0,0,206250000,0,0,0,30637200,0,3911633083,128,30.5,2026-08-07T20:45:18.674Z
2021,0000246,초당대학교,대학,대학교,전남,사립,1,10775014676,6958532940,133994000,0,0,0,36500000,0,0,17934000,0,4004909736,195,20.6,2026-08-07T20:45:18.674Z
2021,0000242,한려대학교,대학,대학교,전남,사립,1,130988090,129370900,0,0,0,0,44000000,0,0,7413950,0,53031140,0,0,2026-08-07T20:45:18.674Z
2021,0000555,한영대학,전문대학,전문대학,전남,사립,1,4262573793,2591374500,0,0,0,0,0,0,0,14525700,0,1685724993,73,23.2,2026-08-07T20:45:18.674Z
2021,0002971,군산간호대학교,전문대학,전문대학,전북,사립,1,2612938893,2456989000,35293000,0,0,0,0,0,0,3150000,337000,194729893,73,2.7,2026-08-07T20:45:18.674Z
2021,0000009,군산대학교,대학,대학교,전북,국립,1,98898279800,12184385580,5930606000,460000000,1007352000,0,113000000,2581500000,240000000,3683185746,1000000,100730537966,0,0,2026-08-07T20:45:18.674Z
2021,0000432,군장대학교,전문대학,전문대학,전북,사립,1,6689908010,4289504800,0,306930000,0,0,36500000,0,18590500,66147400,0,2828571110,104,27.2,2026-08-07T20:45:18.674Z
2021,0000477,백제예술대학교,전문대학,전문대학,전북,사립,1,2969726435,2435711660,0,0,0,0,0,0,0,4480900,0,538495675,80,6.8,2026-08-07T20:45:18.674Z
2021,0000228,예수대학교,대학,대학교,전북,사립,1,1613573447,1398487900,26000000,0,0,0,0,0,0,0,0,241085547,36,6.6,2026-08-07T20:45:18.674Z
2021,0000218,예원예술대학교,대학,대학교,전북,사립,1,2122991959,1994364100,0,0,0,0,0,0,0,6082500,1480000,136190359,142,1,2026-08-07T20:45:18.674Z
2021,0000157,우석대학교,대학,대학교,전북,사립,1,25063493030,13345442538,1181664300,295000000,56285000,0,128000000,0,109500000,876097350,755500,14365352642,530,27.1,2026-08-07T20:45:18.674Z
2021,0000159,원광대학교,대학,대학교,전북,사립,1,51232461667,26896092118,10141962000,379790000,518060000,1224000000,200368400,0,205000000,1887902718,685500,38894138167,1112,35,2026-08-07T20:45:18.674Z
2021,0000327,원광디지털대학교,대학,사이버대학(대학),전북,사립,1,7510886067,7252641750,0,0,0,0,0,0,0,188883000,0,447127317,154,2.9,2026-08-07T20:45:18.674Z
2021,0000523,원광보건대학교,전문대학,전문대학,전북,사립,1,22018600628,12484042853,41503000,333350000,0,0,0,0,57251582,43316800,0,10009979157,269,37.2,2026-08-07T20:45:18.674Z
2021,0000645,원불교대학원대학교,전문대학,전문대학원,전북,사립,1,1200240,0,0,0,0,0,0,0,0,0,0,1200240,2,0.7,2026-08-07T20:45:18.674Z
2021,0000531,전북과학대학교,전문대학,전문대학,전북,사립,1,9675643353,4848133333,44796000,0,0,0,0,99000000,0,48849500,0,5020155520,91,54.9,2026-08-07T20:45:18.674Z
2021,0000025,전북대학교,대학,대학교,전북,국립,1,276711754176,25259821330,37452934000,150000000,7367748000,982134000,501239000,5587750000,8278722910,9381336593,3187500,321156984849,0,0,2026-08-07T20:45:18.674Z
2021,0000258,전주교육대학교,대학,교육대학,전북,국립,1,18342732892,865047840,81892000,0,0,0,0,0,0,50000000,0,17609577052,0,0,2026-08-07T20:45:18.674Z
2021,0000437,전주기전대학,전문대학,전문대학,전북,사립,1,7627313848,4481395310,0,1055000000,0,0,29500000,244000000,157140000,64003200,0,4695561738,91,51.7,2026-08-07T20:45:18.674Z
2021,0000171,전주대학교,대학,대학교,전북,사립,1,45939817963,23414657568,2862717000,526928760,4112491000,133500000,1104800000,4320896000,318456234,1248929350,5998950,37159877689,790,47.1,2026-08-07T20:45:18.674Z
2021,0000530,전주비전대학교,전문대학,전문대학,전북,사립,1,17033016568,8861916420,0,249325000,0,0,19000000,186171200,0,356763319,0,8982359667,208,43.1,2026-08-07T20:45:18.674Z
2021,0003019,한국농수산대학,전문대학,전문대학,전북,특별법국립,1,114883458,114862500,237186000,0,100000000,0,0,30000000,34621600000,2360000000,0,37348806958,0,0,2026-08-07T20:45:18.674Z
2021,0000206,한일장신대학교,대학,대학교,전북,사립,1,3258258274,2312949400,0,0,0,0,95000000,0,0,43105000,0,1083413874,67,16.2,2026-08-07T20:45:18.674Z
2021,0000282,호원대학교,대학,산업대학,전북,사립,1,18893978021,12755752000,0,0,0,0,128000000,50000000,0,140882000,3784000,6460892021,343,18.8,2026-08-07T20:45:18.674Z
2021,0000532,제주관광대학교,전문대학,전문대학,제주,사립,1,8746867263,4582002957,0,233118400,0,0,0,220790000,0,33024110,0,4651796816,84,55.2,2026-08-07T20:45:18.674Z
2021,0000248,제주국제대학교,대학,대학교,제주,사립,1,1092846904,832335500,0,0,68000000,0,0,44000000,0,15786000,0,388297404,47,8.2,2026-08-07T20:45:18.674Z
2021,0000027,제주대학교,대학,대학교,제주,국립,1,172856258608,13309222920,10008251000,300000000,3089855000,403000000,48000000,1035600000,3255867000,8796467688,0,186484076376,0,0,2026-08-07T20:45:18.674Z
2021,0002655,제주한라대학교,전문대학,전문대학,제주,사립,1,19479267505,11561284310,260000000,648432800,100000000,0,98300000,107000000,235740000,60594200,0,9428050195,257,36.7,2026-08-07T20:45:18.674Z
2021,0000054,건양대학교,대학,대학교,충남,사립,1,22845897926,13691201127,2345532000,275000000,580200000,580000000,275000000,1323995000,0,660308000,3000000,15197731799,498,30.5,2026-08-07T20:45:18.674Z
2021,0000251,공주교육대학교,대학,교육대학,충남,국립,1,18466971505,1379521160,302323000,0,10000000,0,0,67000000,0,27899756,0,17494673101,0,0,2026-08-07T20:45:18.674Z
2021,0000008,공주대학교,대학,대학교,충남,국립,1,163135820506,18931454540,8819990000,457065000,3661986000,0,140500000,956987600,1755593000,4212958786,6720000,164216166352,0,0,2026-08-07T20:45:18.674Z
2021,0000657,국제뇌교육종합대학원대학교,전문대학,전문대학원,충남,사립,1,129193657,0,210915000,0,0,0,0,0,0,0,0,340108657,22,15.6,2026-08-07T20:45:18.674Z
2021,0000334,글로벌사이버대학교,대학,사이버대학(대학),충남,사립,1,3193995759,2979992500,0,0,651000000,0,0,0,0,69657000,0,934660259,56,16.6,2026-08-07T20:45:18.674Z
2021,0000224,금강대학교,대학,대학교,충남,사립,1,863703372,401906600,0,0,170000000,0,0,0,0,9846000,0,641642772,17,36.9,2026-08-07T20:45:18.674Z
2021,0000081,나사렛대학교,대학,대학교,충남,사립,1,18503586648,10081513300,44350000,0,0,0,506000000,90000000,0,20705000,1845000,9084973348,350,26,2026-08-07T20:45:18.674Z
2021,0000245,남서울대학교,대학,대학교,충남,사립,1,22631201094,18086851940,1560217000,800216000,454000000,0,0,215600000,0,259401500,1986500,7835770154,747,10.5,2026-08-07T20:45:18.674Z
2021,0000178,백석대학교,대학,대학교,충남,사립,1,33811892288,25116184090,388047000,455080740,47100000,0,161450000,335000000,4500000,286592000,15364000,10388841938,1086,9.6,2026-08-07T20:45:18.674Z
2021,0000543,백석문화대학교,전문대학,전문대학,충남,사립,1,18593191568,11929665430,0,133207830,0,0,0,190000000,0,67513500,2000000,7056247468,307,23,2026-08-07T20:45:18.674Z
2021,0000129,선문대학교,대학,대학교,충남,사립,1,36048464780,17669434964,2361758500,1487650000,543100000,0,386500000,603000000,4500000,377358500,9872700,24152769516,679,35.6,2026-08-07T20:45:18.674Z
2021,0000142,순천향대학교,대학,대학교,충남,사립,1,42655011043,17174943310,11978219000,546448000,3352410000,1524500000,5065948000,2953000000,165000000,1473311906,145286500,52684191139,908,58,2026-08-07T20:45:18.674Z
2021,0000502,신성대학교,전문대학,전문대학,충남,사립,1,13168180536,8011941840,0,131671000,100000000,0,0,0,35000000,72962500,0,5495872196,210,26.2,2026-08-07T20:45:18.674Z
2021,0000454,아주자동차대학,전문대학,전문대학,충남,사립,1,4962415583,1664804000,0,176000000,0,0,0,0,0,4891900,226500,3478729983,51,68.7,2026-08-07T20:45:18.674Z
2021,0000512,연암대학교,전문대학,전문대학,충남,사립,1,9184118620,2107647710,0,0,0,0,0,0,1088220000,18917120,3000000,8186608030,63,129.1,2026-08-07T20:45:18.674Z
2021,0000173,중부대학교,대학,대학교,충남,사립,1,21994355140,15300129260,471199000,213110000,12000000,0,78000000,323000000,145000000,278227500,14706600,8229468980,601,13.7,2026-08-07T20:45:18.674Z
2021,0000284,청운대학교,대학,산업대학,충남,사립,1,20658479758,12601401430,290784000,0,0,0,121558000,750800000,201600000,168348000,2950000,9593118328,408,23.5,2026-08-07T20:45:18.674Z
2021,0002657,충남도립대학교,전문대학,전문대학,충남,공립,1,4175772465,1445244580,0,0,0,0,0,0,0,0,0,2730527885,0,0,2026-08-07T20:45:18.674Z
2021,0000189,한국기술교육대학교,대학,대학교,충남,사립,1,20084815977,5679628400,1599380622,119689320820,2503126000,88000000,0,50000000,0,832131968,0,139167146987,197,707.7,2026-08-07T20:45:18.674Z
2021,0003022,한국전통문화대학교,대학,대학교,충남,특별법국립,1,1337688346,558811700,90000000,0,0,0,300000000,0,4498340,32782500000,0,33955874986,0,0,2026-08-07T20:45:18.674Z
2021,0000199,한서대학교,대학,대학교,충남,사립,1,23143353334,12429557480,1587032000,274250000,1353750000,0,0,88000000,0,621176660,3240000,14641244514,534,27.4,2026-08-07T20:45:18.674Z
2021,0000556,혜전대학교,전문대학,전문대학,충남,사립,1,10438329995,6550295860,0,59470000,0,0,0,0,0,20033000,135000,3967672135,143,27.7,2026-08-07T20:45:18.674Z
2021,0000211,호서대학교,대학,대학교,충남,사립,1,36517551640,21417528220,2859802000,240000000,3022834000,40000000,212500000,1875000000,40000000,4385379000,5620500,27781158920,1025,27.1,2026-08-07T20:45:18.674Z
2021,0000433,강동대학교,전문대학,전문대학,충북,사립,1,15474424954,7634646970,0,142718000,0,0,0,44000000,0,29505000,1731000,8057731984,173,46.5,2026-08-07T20:45:18.674Z
2021,0000080,극동대학교,대학,대학교,충북,사립,1,8294979427,7033759200,236627000,0,71400000,0,77500000,0,0,16732500,30000,1663509727,240,6.9,2026-08-07T20:45:18.674Z
2021,0000215,꽃동네대학교,대학,대학교,충북,사립,1,2390109036,1050247767,90000000,0,0,0,467071000,0,0,0,0,1896932269,34,56.4,2026-08-07T20:45:18.674Z
2021,0000449,대원대학교,전문대학,전문대학,충북,사립,1,10524087747,6471002820,0,24627000,0,0,0,30000000,0,82744500,18168410,4208624837,125,33.8,2026-08-07T20:45:18.674Z
2021,0000128,서원대학교,대학,대학교,충북,사립,1,20505637099,13558092480,470266000,802100000,100000000,0,3856348980,30000000,50798030,376480966,13622500,12647161095,428,29.6,2026-08-07T20:45:18.674Z
2021,0000137,세명대학교,대학,대학교,충북,사립,1,24067214440,15841919390,1039794000,0,448000000,0,0,190000000,395000000,1110401000,17397950,11425888000,488,23.4,2026-08-07T20:45:18.674Z
2021,0000317,순복음총회신학교,대학,각종학교(대학),충북,사립,1,618522601,449810000,0,0,225000000,0,0,0,0,3654000,0,397366601,9,42.8,2026-08-07T20:45:18.674Z
2021,0000154,유원대학교,대학,대학교,충북,사립,1,10472832167,7397509547,0,100800000,82500000,0,0,90000000,0,36219000,4819000,3389660620,231,14.7,2026-08-07T20:45:18.674Z
2021,0000239,중원대학교,대학,대학교,충북,사립,1,6748749894,5773882790,296669000,0,80165000,0,100500000,173219200,0,509720000,2299500,2137439804,258,8.3,2026-08-07T20:45:18.674Z
2021,0000261,청주교육대학교,대학,교육대학,충북,국립,1,20808387013,1081780000,85750000,0,30000000,0,25000000,0,0,0,0,19867357013,0,0,2026-08-07T20:45:18.674Z
2021,0000179,청주대학교,대학,대학교,충북,사립,1,27724941758,17470073575,2215113500,250000000,1963470000,79200000,191200000,550000000,4498700,478784738,8668830,15995803951,864,18.5,2026-08-07T20:45:18.674Z
2021,0000030,충북대학교,대학,대학교,충북,국립,1,241853811030,17871127580,25887186000,880000000,3101227000,1512460000,153700000,5863136600,3492693395,12388365571,4290000,277265742016,0,0,2026-08-07T20:45:18.674Z
2021,0000406,충북도립대학,전문대학,전문대학,충북,공립,1,3091068662,717777150,0,0,114000000,0,0,97000000,0,0,0,2584291512,0,0,2026-08-07T20:45:18.674Z
2021,0000536,충북보건과학대학교,전문대학,전문대학,충북,사립,1,10442892259,5589066020,0,389396000,0,0,58000000,30000000,0,25989800,0,5357212039,152,35.1,2026-08-07T20:45:18.674Z
2021,0000547,충청대학교,전문대학,전문대학,충북,사립,1,15462042056,7744999422,0,0,0,0,0,145260200,0,32830200,0,7895133034,199,39.6,2026-08-07T20:45:18.674Z
2021,0000031,한국교원대학교,대학,대학교,충북,국립,1,72020544401,2809113000,1014186000,0,0,0,191000000,0,60000000,744000000,2930000,71223547401,0,0,2026-08-07T20:45:18.674Z
2021,0000034,한국교통대학교,대학,대학교,충북,국립,1,96805021935,14382185510,5008664000,931895000,1586784000,0,65500000,827365000,4500000,4981245330,16040000,95844829755,0,0,2026-08-07T20:45:18.674Z
2022,0000072,가톨릭관동대학교,대학,대학교,강원,사립,1,24379198403,15941235227,3314484000,677130000,1367500000,830000000,266000000,1234200000,198716770,710595600,2422065412,19458654958,503,38.7,2026-08-07T20:45:18.674Z
2022,0000514,강릉영동대학교,전문대학,전문대학,강원,사립,1,9018866346,6181863110,90000000,0,0,0,55000000,0,500000,11901300,1021520674,4015925210,133,30.1,2026-08-07T20:45:18.674Z
2022,0000001,강릉원주대학교,대학,대학교,강원,국립,1,105894037330,14061165780,4327907000,0,1063000000,70000000,121000000,366680000,75151475,2178848900,4564312089,104599771014,274,382.3,2026-08-07T20:45:18.674Z
2022,0000548,강원관광대학교,전문대학,전문대학,강원,사립,1,842975264,840707500,0,0,0,0,0,0,0,2814250,364507859,369589873,22,16.7,2026-08-07T20:45:18.674Z
2022,0000003,강원대학교,대학,대학교,강원,국립,1,285774543809,30854997470,29843944000,450000000,6122126667,1218000000,1129476880,1388000000,4459097465,15915718705,25332408490,340778318546,771,442.2,2026-08-07T20:45:18.674Z
2022,0002639,강원도립대학교,전문대학,전문대학,강원,공립,1,6010696900,794192160,0,0,0,0,27000000,1610000000,2000000,360000000,13533923000,20749427740,10,1981.8,2026-08-07T20:45:18.674Z
2022,0000060,경동대학교,대학,대학교,강원,사립,1,20352864411,17155241574,341966000,0,0,0,15000000,138842500,53126159,116870330,3838621536,7702049362,566,13.6,2026-08-07T20:45:18.674Z
2022,0000119,상지대학교,대학,대학교,강원,사립,1,15303058726,11201869170,2272628000,0,80000000,665000000,133450210,144000000,603028020,938811000,3164432029,12102538815,460,26.3,2026-08-07T20:45:18.674Z
2022,0000515,세경대학교,전문대학,전문대학,강원,사립,1,4732899462,2724868800,0,0,0,0,65000000,200000000,0,9507250,574035000,2856572912,44,64.4,2026-08-07T20:45:18.674Z
2022,0000567,송곡대학교,전문대학,전문대학,강원,사립,1,3199812865,1562906300,0,0,0,0,0,0,0,30167500,301620500,1968694565,0,0,2026-08-07T20:45:18.674Z
2022,0000564,송호대학교,전문대학,전문대학,강원,사립,1,2405526071,2142960317,0,0,0,0,18000000,0,5650000,10729000,327443044,624387798,45,13.9,2026-08-07T20:45:18.674Z
2022,0000262,춘천교육대학교,대학,교육대학,강원,국립,1,18596287869,1234643000,115885000,0,0,0,0,0,0,19390000,295460120,17792379989,50,355,2026-08-07T20:45:18.674Z
2022,0000578,한국골프대학,전문대학,전문대학,강원,사립,1,1345945970,1288267500,0,0,0,0,57000000,0,0,4207500,216470000,335355970,32,10.7,2026-08-07T20:45:18.674Z
2022,0000594,한국폴리텍 III 대학,전문대학,기능대학,강원,사립,1,570510213,569914834,0,29957436048,0,0,0,0,0,1520000,35200000,29994751427,0,0,2026-08-07T20:45:18.674Z
2022,0000197,한라대학교,대학,대학교,강원,사립,1,11210937929,6469655020,462905500,170100000,209400000,0,139900000,292887500,21198000,275471552,1955404017,8268549478,194,42.6,2026-08-07T20:45:18.674Z
2022,0000198,한림대학교,대학,대학교,강원,사립,1,39806188895,16032355230,15189667700,170100000,1196020000,3287900000,760658100,110000000,50967000,8503207115,2385784814,55428138394,605,91.6,2026-08-07T20:45:18.674Z
2022,0000553,한림성심대학교,전문대학,전문대학,강원,사립,1,15342550526,7432090640,0,0,0,0,0,206700000,12000000,10316250,592473986,8731950122,155,56.4,2026-08-07T20:45:18.674Z
2022,0000063,가천대학교,대학,대학교,경기,사립,1,55744251669,30139598140,27908482200,450000000,7807320667,1806195990,822000000,923627941,777586000,4709454730,1328085422,72137406479,1771,40.7,2026-08-07T20:45:18.674Z
2022,0000046,가톨릭대학교,대학,대학교,경기,사립,1,37594472213,13473117980,32556506000,0,3389834000,12226620500,457000000,29802941,337622000,8610629710,1348344863,83077714247,858,96.8,2026-08-07T20:45:18.674Z
2022,0000051,강남대학교,대학,대학교,경기,사립,1,20489152497,12119088150,218135000,296000000,217000000,200000000,249200000,49802941,27804600,343943080,506060657,10478010625,496,21.1,2026-08-07T20:45:18.674Z
2022,0000560,경기과학기술대학교,전문대학,전문대학,경기,사립,1,20216867006,9875588301,99787000,251180000,0,0,0,285502941,40000000,218708760,153730447,11390187853,273,41.8,2026-08-07T20:45:18.674Z
2022,0000056,경기대학교,대학,대학교,경기,사립,1,39261025902,25848279014,6702877000,450000000,2428750000,0,418717500,0,216913000,2240130500,3108873405,28979008293,1158,25,2026-08-07T20:45:18.674Z
2022,0000416,경민대학교,전문대학,전문대학,경기,사립,1,20430056221,11864145490,45390000,0,0,0,0,0,3500000,121053000,1926309969,10662163700,242,44.1,2026-08-07T20:45:18.674Z
2022,0002641,경복대학교,전문대학,전문대학,경기,사립,1,26651708696,17332788601,30300000,80000000,0,0,0,39802941,6000000,51168750,79298384,9605490170,378,25.4,2026-08-07T20:45:18.674Z
2022,0002643,계약신학대학원대학교,전문대학,전문대학원,경기,사립,1,0,0,0,0,0,0,0,0,0,0,0,0,0,0,2026-08-07T20:45:18.674Z
2022,0000426,계원예술대학교,전문대학,전문대학,경기,사립,1,11442772929,6718606070,0,185100000,71000000,0,110000000,297000000,30250000,22434100,50660365,5490611324,205,26.8,2026-08-07T20:45:18.674Z
2022,0002857,구세군사관대학원대학교,전문대학,특수대학원,경기,사립,1,0,0,0,0,0,0,0,0,0,0,0,0,2,0,2026-08-07T20:45:18.674Z
2022,0000549,국제대학교,전문대학,전문대학,경기,사립,1,7471293559,6795626160,0,0,0,0,0,0,1500000,30318500,44583347,752069246,169,4.5,2026-08-07T20:45:18.674Z
2022,0000655,국제법률경영대학원대학교,전문대학,전문대학원,경기,사립,1,0,0,0,0,0,0,0,0,0,0,0,0,9,0,2026-08-07T20:45:18.674Z
2022,0000319,국제사이버대학교,대학,사이버대학(대학),경기,사립,1,5472815774,5431720000,0,0,0,0,0,0,0,76979500,8993440,127068714,82,1.5,2026-08-07T20:45:18.674Z
2022,0002928,국제암대학원대학교,전문대학,전문대학원,경기,특별법법인,1,250000000,0,3070133000,0,381600000,554720000,0,0,0,0,0,4256453000,0,0,2026-08-07T20:45:18.674Z
2022,0000440,김포대학교,전문대학,전문대학,경기,사립,1,5826722046,5426052980,0,170100000,0,0,0,24000000,5000000,18841000,99849101,718459167,123,5.9,2026-08-07T20:45:18.674Z
2022,0000441,농협대학교,전문대학,전문대학,경기,사립,1,2969750827,459844000,50000000,0,0,0,0,0,40000000,4888000,142800000,2747594827,20,138.7,2026-08-07T20:45:18.674Z
2022,0002818,능인불교대학원대학교,전문대학,전문대학원,경기,사립,1,6790950,0,0,0,0,0,0,0,0,0,0,6790950,2,4,2026-08-07T20:45:18.674Z
2022,0000082,단국대학교,대학,대학교,경기,사립,1,78672818990,40462566857,19650171000,450000000,8020590667,320000000,272000000,730442947,865831510,8490437440,3724627648,80734353345,2204,36.6,2026-08-07T20:45:18.674Z
2022,0000448,대림대학교,전문대학,전문대학,경기,사립,1,29347037891,17130047757,145838000,140586150,0,0,0,0,20762000,46014800,1006260664,13576451748,446,30.5,2026-08-07T20:45:18.674Z
2022,0000097,대진대학교,대학,대학교,경기,사립,1,30040632874,17580016150,532964000,580500000,554000000,0,0,344802941,42059000,448106500,1330359018,16293408183,569,28.6,2026-08-07T20:45:18.674Z
2022,0000641,대한신학대학원대학교,전문대학,전문대학원,경기,사립,1,7144581,0,0,0,0,0,0,0,0,0,0,7144581,12,0.6,2026-08-07T20:45:18.674Z
2022,0000457,동남보건대학교,전문대학,전문대학,경기,사립,1,15517185172,10415227950,0,0,0,0,0,0,13317000,26418500,2418998819,7560691541,292,25.9,2026-08-07T20:45:18.674Z
2022,0000450,동서울대학교,전문대학,전문대학,경기,사립,1,23803505537,14203920680,57992000,207900000,0,0,0,39802941,4500000,452735000,79528722,10442043520,373,28,2026-08-07T20:45:18.674Z
2022,0000461,동아방송예술대학교,전문대학,전문대학,경기,사립,1,13688105017,8320718420,0,0,0,0,173200000,0,12500000,29536000,27374224,5609996821,221,25.4,2026-08-07T20:45:18.674Z
2022,0000465,동원대학교,전문대학,전문대학,경기,사립,1,11791541363,7076919950,36640000,0,0,0,160000000,0,0,56463500,1091100049,6058824962,162,37.4,2026-08-07T20:45:18.674Z
2022,0000469,두원공과대학교,전문대학,전문대학,경기,사립,1,6274078323,5515981284,0,0,150000000,0,0,230660000,19500000,22718100,14897820,1195872959,158,7.6,2026-08-07T20:45:18.674Z
2022,0000108,루터대학교,대학,대학교,경기,사립,1,3097511973,801087000,0,0,70000000,0,0,0,0,3150000,318272711,2687847684,23,114.9,2026-08-07T20:45:18.674Z
2022,0000109,명지대학교,대학,대학교,경기,사립,1,38605381328,24808771200,7972283000,450000000,2471000000,0,246000000,417802000,210000000,3762563110,184183269,29510441507,1282,23,2026-08-07T20:45:18.674Z
2022,0000482,부천대학교,전문대학,전문대학,경기,사립,1,30265521259,21588128767,120321000,450000000,0,0,0,0,1500000,110785000,5424261442,14784259934,467,31.7,2026-08-07T20:45:18.674Z
2022,0000125,서울신학대학교,대학,대학교,경기,사립,1,10684605884,6330491880,82602000,0,0,0,77629700,0,0,8898500,167179275,4690423479,178,26.4,2026-08-07T20:45:18.674Z
2022,0000489,서울예술대학교,전문대학,전문대학,경기,사립,1,11882966965,7131804000,0,0,0,0,560898350,0,19000000,27565300,30925563,5389552178,248,21.7,2026-08-07T20:45:18.674Z
2022,0000127,서울장신대학교,대학,대학교,경기,사립,1,1447427951,1151879000,0,0,0,0,0,0,0,3471000,5218205,304238156,47,6.5,2026-08-07T20:45:18.674Z
2022,0002668,서울제일대학원대학교,전문대학,전문대학원,경기,사립,1,0,0,0,0,0,0,0,0,0,0,0,0,0,0,2026-08-07T20:45:18.674Z
2022,0000566,서정대학교,전문대학,전문대학,경기,사립,1,28610516817,15674366440,30240000,0,0,0,0,320000000,4500000,353859660,1987772580,15632522617,408,38.3,2026-08-07T20:45:18.674Z
2022,0000131,성결대학교,대학,대학교,경기,사립,1,16354623630,10871839218,317110000,450000000,0,0,9527162600,0,15500000,432924500,5143629554,21369111066,380,56.2,2026-08-07T20:45:18.674Z
2022,0000661,성서침례대학원대학교,전문대학,전문대학원,경기,사립,1,1810800,0,0,0,0,0,0,0,0,0,0,1810800,3,0.5,2026-08-07T20:45:18.674Z
2022,0000139,수원가톨릭대학교,대학,대학교,경기,사립,1,240319050,235441800,0,0,0,0,0,0,0,1274250,0,6151500,10,0.6,2026-08-07T20:45:18.674Z
2022,0000497,수원과학대학교,전문대학,전문대학,경기,사립,1,9080796397,8657934168,39739000,0,0,0,0,0,28000000,28197000,187820895,706619124,218,3.2,2026-08-07T20:45:18.674Z
2022,0000140,수원대학교,대학,대학교,경기,사립,1,18321523687,16345050650,1350119000,450000000,717500000,0,0,1692780000,27188000,577172000,2427423947,9218655984,684,13.5,2026-08-07T20:45:18.674Z
2022,0000496,수원여자대학교,전문대학,전문대학,경기,사립,1,13658376429,8967760517,0,0,0,0,0,0,0,113162000,21253149,4825031061,250,19.3,2026-08-07T20:45:18.674Z
2022,0000233,신경대학교,대학,대학교,경기,사립,1,127020941,20848410,0,0,0,0,0,0,0,1065029814,0,1171202345,27,42.8,2026-08-07T20:45:18.674Z
2022,0000501,신구대학교,전문대학,전문대학,경기,사립,1,21446690795,16031115190,0,0,0,0,22410200,39802941,7464000,217791000,67861858,5770905604,407,14.2,2026-08-07T20:45:18.674Z
2022,0000506,신안산대학교,전문대학,전문대학,경기,사립,1,7346227689,7015915380,74312000,0,115320000,0,0,0,3500000,31912300,21087091,576443700,159,3.6,2026-08-07T20:45:18.674Z
2022,0002712,신한대학교,대학,대학교,경기,사립,1,20222551834,14954826270,304666500,888752800,0,0,5000000,0,19000000,610970434,3759299187,10855414485,557,19.5,2026-08-07T20:45:18.674Z
2022,0000672,실천신학대학원대학교,전문대학,전문대학원,경기,사립,1,30473626,0,0,0,0,0,0,0,0,0,8638,30482264,5,6.7,2026-08-07T20:45:18.674Z
2022,0000145,아신대학교,대학,대학교,경기,사립,1,1712179249,1406923000,0,0,0,0,0,0,1500000,19668000,600300813,926725062,59,15.7,2026-08-07T20:45:18.674Z
2022,0000146,아주대학교,대학,대학교,경기,사립,1,45402922668,14381397100,46267194000,847000000,7586799999,4668766000,138328800,116802941,51880000,8280773000,1472430728,100451501036,1223,82.1,2026-08-07T20:45:18.674Z
2022,0000507,안산대학교,전문대학,전문대학,경기,사립,1,17031657460,10829188458,0,0,0,0,0,135032941,11070000,27899500,536431231,6912902674,244,28.3,2026-08-07T20:45:18.674Z
2022,0000147,안양대학교,대학,대학교,경기,사립,1,16091708930,10394876467,422602000,200000000,230000000,0,75250000,29802941,21975922,2564428800,1551975096,10792867222,374,28.9,2026-08-07T20:45:18.674Z
2022,0000662,에스라성경대학원대학교,전문대학,전문대학원,경기,사립,1,0,0,0,0,0,0,0,0,0,0,0,0,5,0,2026-08-07T20:45:18.674Z
2022,0000510,여주대학교,전문대학,전문대학,경기,사립,1,15535200180,10453769907,113010000,0,0,0,36000000,29802941,2000000,45806400,340286428,5648336042,254,22.2,2026-08-07T20:45:18.674Z
2022,0002651,연성대학교,전문대학,전문대학,경기,사립,1,24168722165,15107407995,30240000,146400000,0,0,18618600,29802941,23680000,15204000,599385760,9924645471,360,27.6,2026-08-07T20:45:18.674Z
2022,0002653,오산대학교,전문대학,전문대학,경기,사립,1,18489436651,9815235100,39626000,385644000,0,0,0,39802941,5869000,88956500,67212529,9301312521,250,37.3,2026-08-07T20:45:18.674Z
2022,0000156,용인대학교,대학,대학교,경기,사립,1,14280639192,11624792000,179000000,0,80000000,325041950,163000000,0,58085000,568666660,855686435,4885327237,463,10.6,2026-08-07T20:45:18.674Z
2022,0000520,용인예술과학대학교,전문대학,전문대학,경기,사립,1,11712580145,7143038370,0,170100000,0,0,18000000,73802941,6000000,14732000,80424906,4932601622,191,25.8,2026-08-07T20:45:18.674Z
2022,0000568,웅지세무대학교,전문대학,전문대학,경기,사립,1,250359150,58148200,0,0,0,0,0,0,0,3480000,34953,195725903,0,0,2026-08-07T20:45:18.674Z
2022,0000646,웨스트민스터신학대학원대학교,전문대학,전문대학원,경기,사립,1,7260897,0,0,0,0,0,0,0,0,0,0,7260897,32,0.2,2026-08-07T20:45:18.674Z
2022,0000524,유한대학교,전문대학,전문대학,경기,사립,1,20830150204,12300823337,37156000,0,0,0,0,0,1000000,16693000,83156165,8667332032,270,32.1,2026-08-07T20:45:18.674Z
2022,0000527,장안대학교,전문대학,전문대학,경기,사립,1,8435627239,7700084280,0,200000000,0,0,0,0,0,123454000,96646248,1155643207,197,5.9,2026-08-07T20:45:18.674Z
2022,0000177,중앙승가대학교,대학,대학교,경기,사립,1,181108090,114106680,0,0,0,0,0,0,0,2640000,0,69641410,5,13,2026-08-07T20:45:18.674Z
2022,0000654,중앙신학대학원대학교,전문대학,전문대학원,경기,사립,1,5932020,0,0,0,0,0,0,0,0,0,0,5932020,14,0.4,2026-08-07T20:45:18.674Z
2022,0000187,차의과학대학교,대학,대학교,경기,사립,1,12385834652,4772430060,7791209000,0,1482500000,2208000000,280000000,49802941,113670000,1044451500,1262535649,21845573682,291,75.1,2026-08-07T20:45:18.674Z
2022,0000544,청강문화산업대학교,전문대학,전문대학,경기,사립,1,15750584409,9794188520,0,185100000,0,0,28759928,248490000,24000000,14380000,60837375,6517963192,253,25.8,2026-08-07T20:45:18.674Z
2022,0000667,청심신학대학원대학교,전문대학,전문대학원,경기,사립,1,8085600,0,0,0,0,0,0,0,0,0,0,8085600,6,1.4,2026-08-07T20:45:18.674Z
2022,0000184,칼빈대학교,대학,대학교,경기,사립,1,924695215,837955000,0,0,0,0,0,0,0,7070000,852260,94662475,89,1.1,2026-08-07T20:45:18.674Z
2022,0000186,평택대학교,대학,대학교,경기,사립,1,9135977615,6661886001,213947000,0,0,0,0,0,12840000,305561000,90983092,3097422706,268,11.5,2026-08-07T20:45:18.674Z
2022,0000037,한경대학교,대학,대학교,경기,국립,2,83581366599,15386141200,2382522000,170100000,652169000,0,20000000,131584941,1640609666,5659525905,2351649614,81203386525,184,91.4,2026-08-07T20:45:18.674Z
2022,0000565,한국관광대학교,전문대학,전문대학,경기,사립,1,7265684133,4318467791,0,0,0,0,80000000,0,50500000,4831500,11793034,3094340876,89,34.6,2026-08-07T20:45:18.674Z
2022,0000247,한국산업기술대학교,대학,대학교,경기,사립,1,28439809236,11755639270,6272590000,450000000,9985999667,270000000,0,2487384941,2000000,438372390,1039324355,37629841319,602,62.5,2026-08-07T20:45:18.674Z
2022,0000683,한국학대학원,전문대학,일반대학원,경기,특별법법인,1,1486928140,0,0,0,0,0,0,0,0,0,22993,1486951133,0,0,2026-08-07T20:45:18.674Z
2022,0000194,한국항공대학교,대학,대학교,경기,사립,1,11835484231,5876662780,5606735000,80000000,2969107000,200000000,0,103505000,10000000,1860739381,354854610,17143762442,379,45.2,2026-08-07T20:45:18.674Z
2022,0000201,한세대학교,대학,대학교,경기,사립,1,6802388808,5391283001,46611000,80000000,0,0,904588000,0,2500000,77715000,29348718,2551868525,232,11,2026-08-07T20:45:18.674Z
2022,0000202,한신대학교,대학,대학교,경기,사립,1,17169796305,10800063120,353118000,450000000,0,0,80045000,344802941,2500000,122358200,427684739,8150242065,378,21.6,2026-08-07T20:45:18.674Z
2022,0000647,합동신학대학원대학교,전문대학,전문대학원,경기,사립,1,6558703,0,0,0,0,0,0,0,0,0,33189,6591892,19,0.3,2026-08-07T20:45:18.674Z
2022,0000207,협성대학교,대학,대학교,경기,사립,1,10722396892,9809671460,433470000,80000000,0,0,0,0,8500000,241712000,4395970668,6072378100,297,20.5,2026-08-07T20:45:18.674Z
2022,0000579,ICT폴리텍대학,전문대학,기능대학,경기,사립,1,281065479,280892000,30300000,0,0,0,0,0,0,0,0,30473479,0,0,2026-08-07T20:45:18.674Z
2022,0002748,가야대학교,대학,대학교,경남,사립,1,4766889997,4353972030,52411000,0,0,0,0,0,1000000,23030500,13707000,503066467,128,3.9,2026-08-07T20:45:18.674Z
2022,0000412,거제대학교,전문대학,전문대학,경남,사립,1,7485277075,2468204800,67456000,0,150000000,0,0,0,2000000,4596000,451500000,5692624275,60,95.1,2026-08-07T20:45:18.674Z
2022,0000059,경남대학교,대학,대학교,경남,사립,1,37815713496,20346059251,2003216000,438007200,535000000,80000000,122987200,642862500,110000000,619497160,2044338946,24065563251,672,35.8,2026-08-07T20:45:18.674Z
2022,0000402,경남도립거창대학,전문대학,전문대학,경남,공립,1,5912152461,1285937390,0,200000000,0,0,0,0,0,0,1525780000,6351995071,21,300.1,2026-08-07T20:45:18.674Z
2022,0000403,경남도립남해대학,전문대학,전문대학,경남,공립,1,6189349817,1495528920,0,0,0,0,0,0,18286000,0,216473000,4928579897,21,233.3,2026-08-07T20:45:18.674Z
2022,0000007,경상대학교,대학,대학교,경남,국립,1,337422346545,31642516990,33662916000,514000000,7608789000,78143000,676978000,855349000,4923635260,13454748240,6202016817,373756404872,692,539.9,2026-08-07T20:45:18.674Z
2022,0000569,김해대학교,전문대학,전문대학,경남,사립,1,9365173422,4150740335,0,0,0,0,18000000,0,8500000,25949000,3768686,5270650773,85,62.3,2026-08-07T20:45:18.674Z
2022,0000509,동원과학기술대학교,전문대학,전문대학,경남,사립,1,10768309209,5685665100,0,133659000,0,0,55000000,180900000,1500000,17991000,391224000,5862918109,126,46.5,2026-08-07T20:45:18.674Z
2022,0000470,마산대학교,전문대학,전문대학,경남,사립,1,20774400044,14896967270,0,0,0,0,190000000,179500000,25140000,46336000,227734000,6546142774,309,21.2,2026-08-07T20:45:18.674Z
2022,0000222,부산장신대학교,대학,대학교,경남,사립,1,814192227,540672000,0,0,170000000,0,0,0,0,5966000,0,449486227,19,23.1,2026-08-07T20:45:18.674Z
2022,0002652,연암공과대학교,전문대학,전문대학,경남,사립,1,10403105390,2875409023,0,0,60000000,0,0,0,0,4218000,1600000,7593514367,67,113.5,2026-08-07T20:45:18.674Z
2022,0000164,인제대학교,대학,대학교,경남,사립,1,35307949338,17232746717,10009436000,1002699200,1049246667,440000000,390050000,119000000,191546000,1277090440,3237921807,35792192735,663,54,2026-08-07T20:45:18.674Z
2022,0000260,진주교육대학교,대학,교육대학,경남,국립,1,25842132392,1588734300,141442000,0,0,0,0,67000000,3000000,23846210,9201000,24497887302,52,470.7,2026-08-07T20:45:18.674Z
2022,0000539,진주보건대학교,전문대학,전문대학,경남,사립,1,11274761047,7495214490,0,0,0,0,0,0,5500000,55006000,31100000,3871152557,149,25.9,2026-08-07T20:45:18.674Z
2022,0000249,창신대학교,대학,대학교,경남,사립,1,7108169907,4365760667,396163000,0,0,0,0,0,6000000,67237500,186420000,3398229740,126,26.9,2026-08-07T20:45:18.674Z
2022,0000028,창원대학교,대학,대학교,경남,국립,1,95526931136,12869214250,7569847900,0,5354615000,0,88000000,2059325000,59383000,636806460,3125219352,101550913598,282,360.3,2026-08-07T20:45:18.674Z
2022,0000542,창원문성대학교,전문대학,전문대학,경남,사립,1,5695296009,4245064200,0,200000000,70000000,0,0,99000000,1500000,15350330,1506149000,3342231139,88,38,2026-08-07T20:45:18.674Z
2022,0000570,한국승강기대학교,전문대학,전문대학,경남,사립,1,5515793755,1464206540,0,0,0,0,0,0,5873000,0,2338999500,6396459715,42,151.1,2026-08-07T20:45:18.674Z
2022,0000410,가톨릭상지대학교,전문대학,전문대학,경북,사립,1,10461903974,4796999001,17000000,186800000,0,0,0,117000000,33411000,52201000,162537000,6233853973,102,60.8,2026-08-07T20:45:18.674Z
2022,0000456,경북과학대학교,전문대학,전문대학,경북,사립,1,4872539670,4604013100,0,0,0,0,0,0,3500000,335333000,565420000,1172779570,96,12.2,2026-08-07T20:45:18.674Z
2022,0000405,경북도립대학교,전문대학,전문대학,경북,공립,1,3354556772,1379527200,0,0,0,0,0,49780800,186579900,0,13926273000,16137663272,19,854,2026-08-07T20:45:18.674Z
2022,0000438,경북보건대학교,전문대학,전문대학,경북,사립,1,7631500144,3175855760,0,0,0,0,0,0,5000000,8032000,1957027,4470633411,69,64.4,2026-08-07T20:45:18.674Z
2022,0002642,경북전문대학교,전문대학,전문대학,경북,사립,1,17021557347,8001612540,0,0,0,0,55000000,67000000,9500000,34512880,1071006868,10256964555,150,68.4,2026-08-07T20:45:18.674Z
2022,0000668,경안대학원대학교,전문대학,전문대학원,경북,사립,1,738000,0,0,0,0,0,0,0,0,0,0,738000,2,0.4,2026-08-07T20:45:18.674Z
2022,0000244,경운대학교,대학,대학교,경북,사립,1,19202447347,11501930083,684774000,200000000,0,0,268000000,29780800,98500000,86047000,1659142232,10726761296,321,33.4,2026-08-07T20:45:18.674Z
2022,0000064,경일대학교,대학,대학교,경북,사립,1,34514061883,16016619610,1477104000,213481500,392050000,0,96000000,434516800,44325000,392421000,650853460,22198194033,478,46.5,2026-08-07T20:45:18.674Z
2022,0000065,경주대학교,대학,대학교,경북,사립,2,2341578687,686688000,0,0,0,0,0,0,152851000,194146000,41236964,2043124651,50,30.2,2026-08-07T20:45:18.674Z
2022,0000430,구미대학교,전문대학,전문대학,경북,사립,1,26847851232,17934817740,0,328400000,0,0,22000000,0,15000000,185316000,1686223686,11149973178,309,36.1,2026-08-07T20:45:18.674Z
2022,0000010,금오공과대학교,대학,대학교,경북,국립,1,73010318180,9370433830,10680493600,450000000,2050000000,0,0,2144115800,53396200,882780000,2762008623,82662678573,183,452.3,2026-08-07T20:45:18.674Z
2022,0000241,김천대학교,대학,대학교,경북,사립,1,6422453830,5261576635,127636000,0,0,0,0,0,11572000,42040500,417343195,1759468890,181,9.7,2026-08-07T20:45:18.674Z
2022,0000442,대경대학교,전문대학,전문대학,경북,사립,1,20187467976,11128212582,37156000,170100000,0,0,0,0,25000000,39897700,464625650,9796034744,224,43.7,2026-08-07T20:45:18.674Z
2022,0000088,대구가톨릭대학교,대학,대학교,경북,사립,1,42187097288,25298299070,7420866000,0,1234320000,25000000,188974000,39780800,132807000,1981192570,4783299034,32695037622,852,38.4,2026-08-07T20:45:18.674Z
2022,0000084,대구대학교,대학,대학교,경북,사립,1,65311568567,39691759420,4932243000,450000000,614000000,0,195922200,1315476800,715663700,1306119886,1882542933,37031777666,1160,31.9,2026-08-07T20:45:18.674Z
2022,0000320,대구사이버대학교,대학,사이버대학(대학),경북,사립,1,5278757826,5192635000,0,0,0,0,0,0,0,96808000,16619547,199550373,107,1.9,2026-08-07T20:45:18.674Z
2022,0000087,대구예술대학교,대학,대학교,경북,사립,1,1658932966,1470692999,0,0,0,0,56000000,0,0,16856000,10500000,271595967,47,5.8,2026-08-07T20:45:18.674Z
2022,0000061,대구한의대학교,대학,대학교,경북,사립,1,35434420530,15923426690,3320937000,200000000,26666667,277600000,230000000,627680800,315599760,1268601990,2549631140,28327711197,466,60.8,2026-08-07T20:45:18.674Z
2022,0000093,대신대학교,대학,대학교,경북,사립,1,1966854557,1754812000,0,0,0,0,0,0,0,36183000,0,248225557,36,6.9,2026-08-07T20:45:18.674Z
2022,0000106,동양대학교,대학,대학교,경북,사립,1,11586680247,8958815740,126689000,0,0,0,40000000,39780800,4000000,229428500,1010291860,4078054667,256,15.9,2026-08-07T20:45:18.674Z
2022,0000475,문경대학교,전문대학,전문대학,경북,사립,1,5354478403,2368645060,0,0,0,0,0,29780800,3000000,9444000,2041585000,5069643143,48,105.5,2026-08-07T20:45:18.674Z
2022,0000550,선린대학교,전문대학,전문대학,경북,사립,1,9315681987,5607999204,30240000,0,0,0,0,0,5000000,22731000,332184800,4097838583,118,34.6,2026-08-07T20:45:18.674Z
2022,0002647,성덕대학교,전문대학,전문대학,경북,사립,1,8084459276,4975993480,15120000,0,0,0,0,0,155415800,113724450,347417200,3740143246,72,51.7,2026-08-07T20:45:18.674Z
2022,0002650,안동과학대학교,전문대학,전문대학,경북,사립,1,12691905613,5905944830,30240000,185100000,0,0,67000000,0,12000000,60822000,454286359,7595409142,124,61,2026-08-07T20:45:18.674Z
2022,0000021,안동대학교,대학,대학교,경북,국립,1,74652586003,9413036940,4437533700,200000000,792000000,0,150500000,299780800,1038259700,3218297320,5912065600,81287986183,171,475.4,2026-08-07T20:45:18.674Z
2022,0000151,영남대학교,대학,대학교,경북,사립,1,78513985632,43512258320,18617104800,412500000,6236450333,161000000,477700000,337700800,1671201720,3351266733,8452557603,74719209301,1671,44.7,2026-08-07T20:45:18.674Z
2022,0000153,영남신학대학교,대학,대학교,경북,사립,1,1566792130,1349571300,0,0,0,0,0,0,2000000,4562000,0,223782830,39,5.7,2026-08-07T20:45:18.674Z
2022,0000418,영남외국어대학,전문대학,전문대학,경북,사립,1,83524080,5496000,0,0,0,0,0,0,0,12606000,3000000,93634080,20,4.6,2026-08-07T20:45:18.674Z
2022,0000160,위덕대학교,대학,대학교,경북,사립,1,9520082227,6115093442,15325000,185100000,0,0,73000000,29780800,21000000,37177000,2251433000,6017804585,183,33,2026-08-07T20:45:18.674Z
2022,0000188,포항공과대학교,대학,대학교,경북,사립,1,40981983705,1778458500,181335771000,0,13865575667,682600000,1970000000,2656780800,196650000,3998027000,1425170000,245334099672,252,972.4,2026-08-07T20:45:18.674Z
2022,0002658,포항대학교,전문대학,전문대학,경북,사립,1,7476917009,4246108332,0,0,0,0,0,29780800,17228000,21871000,1069019090,4368707567,90,48.5,2026-08-07T20:45:18.674Z
2022,0000576,한국복지사이버대학,전문대학,사이버대학(전문대학),경북,사립,1,3567950750,3536004000,0,0,0,0,0,0,0,47776500,258369,79981619,64,1.3,2026-08-07T20:45:18.674Z
2022,0003104,한국폴리텍 특성화대학,전문대학,기능대학,경북,사립,1,1748730913,1655166086,0,26833762524,0,0,0,0,3000000,290494986,234600930,27455423267,0,0,2026-08-07T20:45:18.674Z
2022,0000624,한국폴리텍 VI 대학,전문대학,기능대학,경북,사립,1,1496681768,1488161001,0,38773673548,0,0,0,60000000,0,4864000,377100000,39224158315,0,0,2026-08-07T20:45:18.674Z
2022,0000196,한동대학교,대학,대학교,경북,사립,1,23902097029,9379632817,2943579750,200000000,1032666000,278416320,791411000,0,41000000,913493354,1016620216,21739650852,317,68.5,2026-08-07T20:45:18.674Z
2022,0000415,호산대학교,전문대학,전문대학,경북,사립,1,7041550416,4561672680,0,200000000,0,0,0,0,3500000,58166000,91974880,2833518616,101,28.2,2026-08-07T20:45:18.674Z
2022,0000073,광신대학교,대학,대학교,광주,사립,1,1689387768,1557951000,0,0,0,0,0,0,0,54688000,31363075,217487843,54,4,2026-08-07T20:45:18.674Z
2022,0000381,광주과학기술원,대학,대학교,광주,특별법법인,1,3966103121,318529000,147625647000,0,5620670333,960450000,3694000000,0,128000000,5843000000,566040098,168085381552,0,0,2026-08-07T20:45:18.674Z
2022,0000252,광주교육대학교,대학,교육대학,광주,국립,1,25084211167,1669379000,162237000,0,0,0,0,0,0,0,735987871,24313057038,60,403.7,2026-08-07T20:45:18.674Z
2022,0000231,광주대학교,대학,대학교,광주,사립,1,33388275521,16879408330,672775000,80000000,245000000,0,268738800,272182007,68000000,205192500,1924171545,20244927043,406,49.8,2026-08-07T20:45:18.674Z
2022,0000429,광주보건대학교,전문대학,전문대학,광주,사립,1,15964138160,9960789690,26260000,0,50000000,0,0,0,27820000,35370500,430185135,6572984105,186,35.3,2026-08-07T20:45:18.674Z
2022,0000076,광주여자대학교,대학,대학교,광주,사립,1,15792229145,10513225781,174865000,80000000,0,0,59734440,0,44500000,19793000,605333242,6263229046,242,25.9,2026-08-07T20:45:18.674Z
2022,0002972,기독간호대학교,전문대학,전문대학,광주,사립,1,3020907368,1420974500,0,0,0,0,0,0,0,1529500,2500000,1603962368,32,50.3,2026-08-07T20:45:18.674Z
2022,0000216,남부대학교,대학,대학교,광주,사립,1,13518305047,7253984220,229786000,0,580000000,0,69000000,601040507,14000000,370226000,792358872,8920732206,205,43.6,2026-08-07T20:45:18.674Z
2022,0000460,동강대학교,전문대학,전문대학,광주,사립,1,8621362599,6741007010,30240000,0,0,0,36000000,106782012,23500000,53074500,500872072,2630824173,127,20.7,2026-08-07T20:45:18.674Z
2022,0002646,서영대학교,전문대학,전문대학,광주,사립,1,20861630521,15431209740,37156000,0,0,0,0,0,500000,82678840,1592367725,7143123346,269,26.6,2026-08-07T20:45:18.674Z
2022,0000243,송원대학교,대학,대학교,광주,사립,1,16062345733,6874403150,97900000,0,0,0,35000000,0,24500000,70637500,213893028,9629873111,189,51.1,2026-08-07T20:45:18.674Z
2022,0000023,전남대학교,대학,대학교,광주,국립,1,367828150143,28918397440,56123521000,700000000,7835066667,2655084760,1035313240,1601368014,8703719675,20268548970,15361114530,453193489559,892,508.2,2026-08-07T20:45:18.674Z
2022,0002974,조선간호대학교,전문대학,전문대학,광주,사립,1,3979157279,1392116500,15150000,0,0,0,0,0,0,8831000,0,2611021779,38,69.5,2026-08-07T20:45:18.674Z
2022,0000172,조선대학교,대학,대학교,광주,사립,1,71922518020,41412663590,18218857600,899452150,4654043667,150000000,142410400,1937825007,176906000,9826056580,3122961097,69638366931,1385,50.3,2026-08-07T20:45:18.674Z
2022,0000534,조선이공대학교,전문대학,전문대학,광주,사립,1,14990349497,7505881001,145206000,0,248300000,0,52000000,193200000,0,48573500,82050000,8253797996,160,51.6,2026-08-07T20:45:18.674Z
2022,0000616,한국폴리텍 V 대학,전문대학,기능대학,광주,사립,1,1863149493,1842937835,39578920,45331241848,0,0,0,44000000,0,2376500,39502790,45476911716,0,0,2026-08-07T20:45:18.674Z
2022,0000208,호남대학교,대학,대학교,광주,사립,1,27706756673,16337050060,231867000,450000000,30000000,0,128000000,52182007,58107000,187550750,2448424905,14955838275,491,30.4,2026-08-07T20:45:18.674Z
2022,0000209,호남신학대학교,대학,대학교,광주,사립,1,1902082335,1610106801,0,0,0,0,0,0,9633400,32394770,68827,334072531,48,7,2026-08-07T20:45:18.674Z
2022,0000005,경북대학교,대학,대학교,대구,국립,1,359146440496,30641199330,75350724000,0,12777483333,2128441000,1098548400,1949780800,8920390360,14396187980,15164252613,460291049652,1071,429.8,2026-08-07T20:45:18.674Z
2022,0000068,계명대학교,대학,대학교,대구,사립,1,75115637164,47820990564,9453499000,450000000,1450000000,609457000,904083000,360140800,203410000,3258797990,2580369869,46564404259,1590,29.3,2026-08-07T20:45:18.674Z
2022,0000425,계명문화대학교,전문대학,전문대학,대구,사립,1,25134841562,14029745170,14392000,471728000,0,0,35000000,229780800,52269074,681318000,347140700,12936724966,256,50.6,2026-08-07T20:45:18.674Z
2022,0000382,대구경북과학기술원,대학,대학교,대구,특별법법인,1,3265677631,0,118941664000,0,2413331001,574000000,0,0,0,1291680000,2027100000,128513452632,0,0,2026-08-07T20:45:18.674Z
2022,0000443,대구공업대학교,전문대학,전문대학,대구,사립,1,3793642828,3390070340,105120000,0,0,0,0,39780800,0,52541000,93252500,694266788,84,8.3,2026-08-07T20:45:18.674Z
2022,0000446,대구과학대학교,전문대학,전문대학,대구,사립,1,21848751884,13009129985,56958000,44160000,0,0,59000000,0,25500000,244650420,1313748000,10583638319,233,45.5,2026-08-07T20:45:18.674Z
2022,0000253,대구교육대학교,대학,교육대학,대구,국립,1,32535334769,1803058000,191819000,0,0,0,0,0,0,0,511263000,31435358769,89,351.5,2026-08-07T20:45:18.674Z
2022,0000444,대구보건대학교,전문대학,전문대학,대구,사립,1,30767745009,18838585070,0,222000000,2645000000,0,54000000,349780800,26000000,40507000,517132445,15783580184,401,39.3,2026-08-07T20:45:18.674Z
2022,0002649,수성대학교,전문대학,전문대학,대구,사립,1,10910479787,9954875680,0,0,0,0,0,206950800,38970000,75916750,445928000,1723369657,184,9.4,2026-08-07T20:45:18.674Z
2022,0000513,영남이공대학교,전문대학,전문대학,대구,사립,1,25512393932,14612099390,118288000,614800000,385000000,0,0,280270800,1000000,34289000,879735400,13213677742,330,40,2026-08-07T20:45:18.674Z
2022,0000575,영진사이버대학,전문대학,사이버대학(전문대학),대구,사립,1,6639418735,6503472000,0,0,0,0,0,0,0,94350000,5798000,236094735,98,2.4,2026-08-07T20:45:18.674Z
2022,0000517,영진전문대학교,전문대학,전문대학,대구,사립,1,32988969941,17581745290,0,1103862500,0,0,80000000,0,16394000,200771815,2295820470,19104073436,404,47.3,2026-08-07T20:45:18.674Z
2022,0000643,건신대학원대학교,전문대학,전문대학원,대전,사립,1,7350000,0,0,0,0,0,0,0,0,0,50233095,57583095,10,5.8,2026-08-07T20:45:18.674Z
2022,0000335,건양사이버대학교,대학,사이버대학(대학),대전,사립,1,6835017869,6092097000,0,0,0,0,0,230000000,0,283573500,49727,1256544096,89,14.2,2026-08-07T20:45:18.674Z
2022,0000664,과학기술연합대학원대학교,전문대학,전문대학원,대전,기타,1,65956673,0,17625050000,0,0,200000000,0,0,0,0,0,17891006673,0,0,2026-08-07T20:45:18.674Z
2022,0000546,대덕대학교,전문대학,전문대학,대전,사립,1,6028414488,5256943770,0,110000000,0,0,22000000,223420000,5000000,86945300,123736760,1342572778,0,0,2026-08-07T20:45:18.674Z
2022,0000453,대전과학기술대학교,전문대학,전문대학,대전,사립,1,17504442939,10103921790,39636000,0,0,0,0,159500000,29000000,29026000,424484700,8082167849,224,36.1,2026-08-07T20:45:18.674Z
2022,0000095,대전대학교,대학,대학교,대전,사립,1,34501614292,18715725269,2270917000,257075000,676593000,1970000000,81000000,408555000,241336000,1974129575,11322002454,34987497052,639,54.8,2026-08-07T20:45:18.674Z
2022,0000451,대전보건대학교,전문대학,전문대학,대전,사립,1,19952483748,12886773890,35120000,366256000,0,0,0,29000000,33500000,46987960,2472975193,10049549011,267,37.6,2026-08-07T20:45:18.674Z
2022,0000238,대전신학대학교,대학,대학교,대전,사립,1,299537457,185779000,0,0,0,0,0,0,0,0,0,113758457,8,14.3,2026-08-07T20:45:18.674Z
2022,0000112,목원대학교,대학,대학교,대전,사립,1,25931193558,17155835130,690380000,200000000,300000000,0,111720000,39000000,88200000,260896830,2348334365,12813889623,518,24.8,2026-08-07T20:45:18.674Z
2022,0000113,배재대학교,대학,대학교,대전,사립,1,27493344593,16835587020,3698500000,530000000,54000000,0,335893280,230000000,231545000,363960330,11050619428,27152275611,540,50.3,2026-08-07T20:45:18.674Z
2022,0000240,우송대학교,대학,대학교,대전,사립,1,32478011798,20071957420,2106202000,0,126000000,0,0,0,165916360,903542820,2524465135,18232180693,758,24.1,2026-08-07T20:45:18.674Z
2022,0000452,우송정보대학,전문대학,전문대학,대전,사립,1,17768280699,9163226830,0,0,0,0,0,168000000,0,16400800,2101036012,10890490681,194,56.1,2026-08-07T20:45:18.674Z
2022,0000161,을지대학교,대학,대학교,대전,사립,1,15643475285,8473210700,3497669000,0,590389999,641500000,713487000,544000000,3000000,3298270900,739660054,17198241538,388,44.3,2026-08-07T20:45:18.674Z
2022,0000029,충남대학교,대학,대학교,대전,국립,1,289277266010,22995091040,51835031000,170100000,10915945333,929348000,703032000,613480000,8826624500,14415161900,12306194404,366997092107,787,466.2,2026-08-07T20:45:18.674Z
2022,0000182,침례신학대학교,대학,대학교,대전,사립,1,5997898350,3134417487,0,0,0,0,0,0,6500000,29610000,517036446,3416627309,94,36.5,2026-08-07T20:45:18.674Z
2022,0000374,한국과학기술원,대학,대학교,대전,특별법법인,1,19113880544,2547459000,425454314000,0,23072871667,2119935500,2050000000,9825000000,0,9921064608,4278230558,493287837877,0,0,2026-08-07T20:45:18.674Z
2022,0000603,한국폴리텍 IV 대학,전문대학,기능대학,대전,사립,1,2542712370,2462349938,0,38005272728,0,0,0,0,2000000,3951990,58999400,38150586550,0,0,2026-08-07T20:45:18.674Z
2022,0000195,한남대학교,대학,대학교,대전,사립,1,40778847692,23780998160,5416304400,533347000,934900000,0,3676125000,369000000,306547110,495308660,11628875877,40358257579,812,49.7,2026-08-07T20:45:18.674Z
2022,0000039,한밭대학교,대학,대학교,대전,국립,1,90305882336,13554240760,7287517920,704992818,4133088333,0,0,2019626500,6000000,843330000,2864734959,94610932106,322,294.2,2026-08-07T20:45:18.674Z
2022,0002640,경남정보대학교,전문대학,전문대학,부산,사립,1,31028844195,18259772066,0,0,150000000,0,33300000,20000000,11588000,96728330,115814504,13196502963,343,38.4,2026-08-07T20:45:18.674Z
2022,0000062,경성대학교,대학,대학교,부산,사립,1,42572780415,26601139214,1359727000,913775840,253850000,45000000,140300000,39000000,8000000,1638658410,406799345,20776751796,779,26.7,2026-08-07T20:45:18.674Z
2022,0000071,고신대학교,대학,대학교,부산,사립,1,14142412496,8626657972,2148318000,200000000,0,618143000,1072648000,0,2000000,505669000,663222644,10725755168,273,39.3,2026-08-07T20:45:18.674Z
2022,0000447,대동대학교,전문대학,전문대학,부산,사립,1,6117453264,3835203834,0,0,0,0,0,0,4000000,43247000,37963800,2367460230,86,27.5,2026-08-07T20:45:18.674Z
2022,0000235,동명대학교,대학,대학교,부산,사립,1,33047281470,18831533260,2499933000,380000000,235000000,0,293949980,106000000,8500000,983414600,969509750,19692055540,470,41.9,2026-08-07T20:45:18.674Z
2022,0000103,동서대학교,대학,대학교,부산,사립,1,39215059389,23408925041,4023423000,735000000,150000000,0,452200000,225192000,49500000,299703000,799124674,22540277022,600,37.6,2026-08-07T20:45:18.674Z
2022,0000105,동아대학교,대학,대학교,부산,사립,1,67836155857,42364423607,11276297000,686080000,3058566667,775500000,262270000,1225565000,284764000,5541414770,1218906067,49801095754,1349,36.9,2026-08-07T20:45:18.674Z
2022,0000466,동의과학대학교,전문대학,전문대학,부산,사립,1,23752549413,10921805230,15150000,120000000,0,0,19000000,286570000,4500000,80007000,104038030,13460009213,243,55.5,2026-08-07T20:45:18.674Z
2022,0000107,동의대학교,대학,대학교,부산,사립,1,52822333080,35072634650,4423162000,711457994,1101690000,495000000,215750000,29000000,26500000,1159187200,815160659,26726606283,980,27.3,2026-08-07T20:45:18.674Z
2022,0000467,동주대학교,전문대학,전문대학,부산,사립,1,12822910115,7048375970,0,0,0,0,0,29000000,7000000,61802750,92775000,5965111895,139,43.1,2026-08-07T20:45:18.674Z
2022,0000013,부경대학교,대학,대학교,부산,국립,1,195680286757,25649059360,22456462500,468300000,6048818333,128800000,0,543442500,99325960,13539737430,1547749441,214863863561,576,372.8,2026-08-07T20:45:18.674Z
2022,0000114,부산가톨릭대학교,대학,대학교,부산,사립,1,16986828713,9135754658,806184000,130086000,0,0,114694100,107000000,9500000,20150000,109217000,9147905155,248,36.9,2026-08-07T20:45:18.674Z
2022,0000479,부산경상대학교,전문대학,전문대학,부산,사립,1,19869260816,7632387220,0,0,360000000,0,0,230000000,12896000,127494000,633807300,13601070896,128,106.5,2026-08-07T20:45:18.674Z
2022,0000481,부산과학기술대학교,전문대학,전문대학,부산,사립,1,16667580436,9013785586,49979000,0,0,0,0,325470000,0,104545400,271427130,8405216380,177,47.5,2026-08-07T20:45:18.674Z
2022,0000254,부산교육대학교,대학,교육대학,부산,국립,1,23658251960,1507070000,63504000,0,0,0,0,0,0,50000000,368955900,22633641860,67,337.6,2026-08-07T20:45:18.674Z
2022,0000014,부산대학교,대학,대학교,부산,국립,1,310273781304,28964388780,82607947000,0,19650440667,2600920000,866000000,2874240000,635548000,11897011060,6011014036,408452513287,1048,389.9,2026-08-07T20:45:18.674Z
2022,0000321,부산디지털대학교,대학,사이버대학(대학),부산,사립,1,4764217539,3496783799,0,0,0,0,0,0,0,147634000,95817,1415163557,62,23,2026-08-07T20:45:18.674Z
2022,0000480,부산여자대학교,전문대학,전문대학,부산,사립,1,14254722611,6551854501,0,200000000,0,0,0,0,12000000,63300000,103540071,8081708181,126,64.3,2026-08-07T20:45:18.674Z
2022,0000561,부산예술대학교,전문대학,전문대학,부산,사립,1,2249306257,2009478200,0,0,0,0,0,0,0,30556250,2300000,272684307,34,8,2026-08-07T20:45:18.674Z
2022,0000115,부산외국어대학교,대학,대학교,부산,사립,1,23872721773,13581447430,250000000,654315000,235000000,0,48000000,0,22000000,485064751,151011996,12136666090,421,28.8,2026-08-07T20:45:18.674Z
2022,0000144,신라대학교,대학,대학교,부산,사립,1,32979180818,17405058240,785252000,581930000,760000000,184111150,33300000,0,273018000,481697160,2144001183,20817432071,489,42.6,2026-08-07T20:45:18.674Z
2022,0003193,영산대학교,대학,대학교,부산,사립,1,20540651942,13999236880,393771000,524400000,89200000,0,104000000,68000000,52999977,126989160,678844006,8579619205,340,25.2,2026-08-07T20:45:18.674Z
2022,0003163,한국폴리텍 VII 대학,전문대학,기능대학,부산,사립,1,3669716300,3412176171,0,43437338748,0,0,0,88000000,0,109120000,1263021767,45155020644,0,0,2026-08-07T20:45:18.674Z
2022,0000033,한국해양대학교,대학,대학교,부산,국립,1,101686897493,9723717520,3641236000,278808000,3269358000,0,26000000,108820000,0,2390021000,2292630213,103970053186,210,494.4,2026-08-07T20:45:18.674Z
2022,0000333,화신사이버대학교,대학,사이버대학(대학),부산,사립,1,3662355675,3155608000,0,0,0,0,0,0,0,63766500,0,570514175,39,14.7,2026-08-07T20:45:18.674Z
2022,0000050,감리교신학대학교,대학,대학교,서울,사립,1,2625265737,1836285340,0,0,0,0,0,0,0,11032000,7643784,807656181,75,10.7,2026-08-07T20:45:18.674Z
2022,0000079,강서대학교,대학,대학교,서울,사립,1,3396286234,2678730749,30000000,0,0,0,0,0,203000000,6824000,1185390947,2142770432,109,19.6,2026-08-07T20:45:18.674Z
2022,0000663,개신대학원대학교,전문대학,전문대학원,서울,사립,1,0,0,0,0,0,0,0,0,0,0,0,0,11,0,2026-08-07T20:45:18.674Z
2022,0000052,건국대학교,대학,대학교,서울,사립,2,69373027857,36587824979,36046281780,794447500,8217791000,192300000,98744000,161400000,4395125830,11201270570,4471744961,98364308519,2277,33.9,2026-08-07T20:45:18.674Z
2022,0000066,경희대학교,대학,대학교,서울,사립,1,81407896123,36356346050,55506529600,0,9832726999,10756800000,616317730,698822000,1336684310,11974902545,3559410621,139333743878,3000,46.5,2026-08-07T20:45:18.674Z
2022,0000318,경희사이버대학교,대학,사이버대학(대학),서울,사립,1,12665120333,12008236665,0,0,0,0,0,0,0,331349500,4630115,992863283,318,3.1,2026-08-07T20:45:18.674Z
2022,0000069,고려대학교,대학,대학교,서울,사립,2,131111917918,30386843033,167678709000,309460000,26635159667,7224294970,3095681210,2292355000,2314015000,24517161965,9635194327,344427106024,3592,85.5,2026-08-07T20:45:18.674Z
2022,0000328,고려사이버대학교,대학,사이버대학(대학),서울,사립,1,8047875392,7107509200,0,0,0,150000000,0,0,0,217022800,4416571,1311805563,212,6.2,2026-08-07T20:45:18.674Z
2022,0000074,광운대학교,대학,대학교,서울,사립,1,25345007593,12752911650,13165841200,75292608,3346241667,64000000,951000000,129155000,29920000,935198700,3517863989,34806609107,777,44.8,2026-08-07T20:45:18.674Z
2022,0000078,국민대학교,대학,대학교,서울,사립,1,54046587779,25547007600,18456835000,412500000,7978946667,0,1102500000,25355000,367500000,6143147500,2459096255,65445460601,1521,43,2026-08-07T20:45:18.674Z
2022,0000649,국제신학대학원대학교,전문대학,전문대학원,서울,사립,1,4486370,0,0,0,0,0,0,0,0,0,0,4486370,25,0.2,2026-08-07T20:45:18.674Z
2022,0000656,국제영어대학원대학교,전문대학,전문대학원,서울,사립,1,7934680,0,0,0,0,0,0,0,0,0,0,7934680,11,0.7,2026-08-07T20:45:18.674Z
2022,0000099,덕성여자대학교,대학,대학교,서울,사립,1,17680522462,8943821737,2484547000,440000000,0,100000000,40000000,90000000,19621000,498735000,679770877,13089374602,390,33.6,2026-08-07T20:45:18.674Z
2022,0000100,동국대학교,대학,대학교,서울,사립,2,74914450047,34524602541,27500784800,450000000,5691310667,4717680000,3633600000,1963957941,604341000,7441392868,5574631099,97967545881,2083,36.9,2026-08-07T20:45:18.674Z
2022,0000102,동덕여자대학교,대학,대학교,서울,사립,1,18997110154,12420811890,885626000,0,95000000,136600000,110000000,0,100656500,546737000,1052160393,9503078157,511,18.6,2026-08-07T20:45:18.674Z
2022,0000669,동방문화대학원대학교,전문대학,전문대학원,서울,사립,1,103406750,0,0,0,0,0,0,0,0,0,0,103406750,26,4,2026-08-07T20:45:18.674Z
2022,0000463,동양미래대학교,전문대학,전문대학,서울,사립,1,27806420968,14906167400,168048000,0,230000000,0,0,90000000,7820000,30081660,1061257760,14487460988,371,39.1,2026-08-07T20:45:18.674Z
2022,0000330,디지털서울문화예술대학교,대학,사이버대학(대학),서울,사립,1,5035080125,4381241550,0,0,0,0,16000000,0,0,45838300,2669814,718346689,120,6,2026-08-07T20:45:18.674Z
2022,0000473,명지전문대학,전문대학,전문대학,서울,사립,1,28445459038,16384612010,106884000,69423760,150000000,0,0,0,3479000,27771500,26625163,12445030451,408,30.5,2026-08-07T20:45:18.674Z
2022,0000476,배화여자대학교,전문대학,전문대학,서울,사립,1,11000912835,6626957020,70620000,0,0,0,37500000,410000000,1500000,90042000,320803702,5304421517,152,34.9,2026-08-07T20:45:18.674Z
2022,0000642,베뢰아국제대학원대학교,전문대학,전문대학원,서울,사립,1,5002550,0,0,0,0,0,0,0,0,0,0,5002550,2,2.4,2026-08-07T20:45:18.674Z
2022,0000670,북한대학원대학교,전문대학,전문대학원,서울,사립,1,227300000,0,0,0,0,0,0,0,0,0,0,227300000,14,15.8,2026-08-07T20:45:18.674Z
2022,0000332,사이버한국외국어대학교,대학,사이버대학(대학),서울,사립,1,6670466149,6412335500,0,0,0,0,29000000,0,0,181417500,1239410,469787559,157,3,2026-08-07T20:45:18.674Z
2022,0000116,삼육대학교,대학,대학교,서울,사립,1,18500795899,11349555334,3227603000,903000000,208000000,215000000,336350000,116155000,72968000,564846300,1024403984,13819566849,466,29.7,2026-08-07T20:45:18.674Z
2022,0000483,삼육보건대학교,전문대학,전문대학,서울,사립,1,6411237799,2778410800,15120000,0,0,0,0,43000000,0,0,34363255,3725310254,74,50.1,2026-08-07T20:45:18.674Z
2022,0000117,상명대학교,대학,대학교,서울,사립,1,35881862661,23458004900,7614174800,450000000,467941000,75709640,14721559000,73000000,108962000,772455800,5880220172,42587880173,1031,41.3,2026-08-07T20:45:18.674Z
2022,0000120,서강대학교,대학,대학교,서울,사립,1,33094671939,8662586701,21004008000,0,4767832333,292500000,276169800,94155000,11934000,1773914900,435496546,53088095817,1074,49.4,2026-08-07T20:45:18.674Z
2022,0000121,서경대학교,대학,대학교,서울,사립,1,18382941877,11287161900,541307000,0,351000000,0,890000000,0,27480984,4688878410,1826550746,15420997117,504,30.6,2026-08-07T20:45:18.674Z
2022,0000036,서울과학기술대학교,대학,대학교,서울,국립,1,120108406796,14885200575,16595234600,450000000,6263548000,187000000,545000000,1914155000,426000000,6058839480,686068674,138349051975,537,257.5,2026-08-07T20:45:18.674Z
2022,0000666,서울과학종합대학원대학교,전문대학,전문대학원,서울,사립,1,62108930,0,0,0,0,0,0,0,0,0,0,62108930,162,0.4,2026-08-07T20:45:18.674Z
2022,0000255,서울교육대학교,대학,교육대학,서울,국립,1,25912687313,1255450000,77155000,0,0,0,0,0,0,135000000,472503771,25341896084,87,291.2,2026-08-07T20:45:18.674Z
2022,0000098,서울기독대학교,대학,대학교,서울,사립,1,971155594,900701667,0,0,0,0,0,0,0,12067500,10078455,92599882,34,2.7,2026-08-07T20:45:18.674Z
2022,0000019,서울대학교,대학,대학교,서울,국립대법인,1,698841266194,14382075400,277910888500,0,30389815926,15650938970,3004798420,39802941,8183204600,60398506564,11160827808,1091197974523,0,0,2026-08-07T20:45:18.674Z
2022,0000322,서울디지털대학교,대학,사이버대학(대학),서울,사립,1,11269001466,10957700450,30000000,0,0,0,0,0,0,93081400,1203572,435585988,250,1.7,2026-08-07T20:45:18.674Z
2022,0000677,서울미디어대학원대학교,전문대학,특수대학원,서울,사립,1,145905271,0,0,0,0,0,408000000,0,0,0,0,553905271,13,41.7,2026-08-07T20:45:18.674Z
2022,0000660,서울벤처대학원대학교,전문대학,전문대학원,서울,사립,1,14700000,0,0,0,0,0,0,0,0,0,8873420,23573420,24,1,2026-08-07T20:45:18.674Z
2022,0000658,서울불교대학원대학교,전문대학,전문대학원,서울,사립,1,123297906,0,0,0,0,0,0,0,0,0,923256,124221162,15,8.1,2026-08-07T20:45:18.674Z
2022,0000323,서울사이버대학교,대학,사이버대학(대학),서울,사립,1,19415796847,17868099520,74312000,0,0,0,80000000,0,0,552552700,524448,2255086475,443,5.1,2026-08-07T20:45:18.674Z
2022,0000653,서울사회복지대학원대학교,전문대학,특수대학원,서울,사립,1,0,0,0,0,0,0,0,0,0,0,0,0,11,0,2026-08-07T20:45:18.674Z
2022,0000650,서울성경신학대학원대학교,전문대학,전문대학원,서울,사립,1,8140907,0,0,0,0,0,0,0,0,0,0,8140907,4,1.9,2026-08-07T20:45:18.674Z
2022,0000040,서울시립대학교,대학,대학교,서울,공립,1,27328354789,7606304460,15294331000,0,1885626000,55250000,0,25355000,156486000,7272598896,90345739279,134757436504,328,410.7,2026-08-07T20:45:18.674Z
2022,0002973,서울여자간호대학교,전문대학,전문대학,서울,사립,1,3741056135,1434615267,30240000,0,0,0,0,0,1000000,3385200,14066232,2355132300,58,40.9,2026-08-07T20:45:18.674Z
2022,0000126,서울여자대학교,대학,대학교,서울,사립,1,20559233558,13428993160,1620820000,200000000,569908000,223143000,352013300,0,660317000,724562000,3286427186,14767430884,510,28.9,2026-08-07T20:45:18.674Z
2022,0000659,서울외국어대학원대학교,전문대학,전문대학원,서울,사립,1,8593790,0,0,0,0,0,0,0,0,0,0,8593790,28,0.3,2026-08-07T20:45:18.674Z
2022,0000490,서일대학교,전문대학,전문대학,서울,사립,1,20084974805,14833663210,351090000,200000000,0,0,50000000,0,8500000,10619500,60467708,5931988803,336,17.6,2026-08-07T20:45:18.674Z
2022,0000132,성공회대학교,대학,대학교,서울,사립,1,7843782276,4343366200,30964000,0,0,0,0,0,10500000,72441200,141698529,3756019805,159,23.7,2026-08-07T20:45:18.674Z
2022,0000133,성균관대학교,대학,대학교,서울,사립,1,104591565280,21709010400,142564987000,80000000,29871086667,3997365000,1576000000,203562941,662114000,15846853547,1445574104,279130098139,2816,99.1,2026-08-07T20:45:18.674Z
2022,0000136,성신여자대학교,대학,대학교,서울,사립,1,25702234483,16311429334,3832505000,450000000,886125000,611900000,119785900,0,34576000,812598500,978287934,17116583483,773,22.2,2026-08-07T20:45:18.674Z
2022,0000138,세종대학교,대학,대학교,서울,사립,1,35386056642,18124844700,26512287000,450000000,7701208333,361900000,404000000,178000000,1450474000,8241163810,2139089261,64699334346,1257,51.5,2026-08-07T20:45:18.674Z
2022,0000325,세종사이버대학교,대학,사이버대학(대학),서울,사립,1,15394829484,14662276833,100000000,0,0,0,0,0,0,106626000,2241941,941420592,289,3.3,2026-08-07T20:45:18.674Z
2022,0000141,숙명여자대학교,대학,대학교,서울,사립,1,35398855844,14920780500,15397374000,450000000,2009700000,170000000,200000000,0,886929000,2366137500,709098800,42667314644,1022,41.7,2026-08-07T20:45:18.674Z
2022,0000671,순복음대학원대학교,전문대학,전문대학원,서울,사립,1,10641369,0,0,0,0,0,0,0,0,0,13506,10654875,0,0,2026-08-07T20:45:18.674Z
2022,0000143,숭실대학교,대학,대학교,서울,사립,1,41572758958,19991934700,23744401000,450000000,4595506667,500000000,190000000,498289000,752469130,1443074000,291902585,54046466640,1361,39.7,2026-08-07T20:45:18.674Z
2022,0000329,숭실사이버대학교,대학,사이버대학(대학),서울,사립,1,8828473374,8428739000,0,0,0,0,0,0,0,324324000,752501,724810875,198,3.7,2026-08-07T20:45:18.674Z
2022,0000500,숭의여자대학교,전문대학,전문대학,서울,사립,1,8677825767,8072354090,3750000,0,0,0,0,0,26500000,5856650,564617,642142944,175,3.7,2026-08-07T20:45:18.674Z
2022,0000149,연세대학교,대학,대학교,서울,사립,2,136318877862,32756130264,167624615422,0,31811482000,31132514450,1164000000,1208155000,1264857000,26997920799,3392850108,368159142377,4042,82.6,2026-08-07T20:45:18.674Z
2022,0000651,예명대학원대학교,전문대학,전문대학원,서울,사립,1,1143000,0,0,0,0,0,0,0,0,0,116147,1259147,15,0.1,2026-08-07T20:45:18.674Z
2022,0000678,용문상담심리대학원대학교,전문대학,전문대학원,서울,사립,1,2181456,0,0,0,0,0,0,0,0,0,0,2181456,11,0.2,2026-08-07T20:45:18.674Z
2022,0000163,이화여자대학교,대학,대학교,서울,사립,1,51107198892,18116431360,48806230000,0,2434238959,2115050000,497300000,94155000,588152220,6290736988,973153065,94789783764,2010,47.2,2026-08-07T20:45:18.674Z
2022,0000525,인덕대학교,전문대학,전문대학,서울,사립,1,23154795222,15879844894,91786000,80000000,35000000,0,0,39155000,3500000,475030500,2119386742,10118808570,365,27.7,2026-08-07T20:45:18.674Z
2022,0000170,장로회신학대학교,대학,대학교,서울,사립,1,2477474878,1882067320,0,0,0,0,0,0,0,9156500,460768209,1065332267,157,6.8,2026-08-07T20:45:18.674Z
2022,0000288,정석대학,대학,기술대학,서울,사립,1,0,0,0,0,0,0,0,0,0,0,0,0,0,0,2026-08-07T20:45:18.674Z
2022,0000175,중앙대학교,대학,대학교,서울,사립,1,75861059267,33091643800,59283893000,0,14124535000,2476200000,1539000000,168957941,997241000,16919397330,979923174,139258562912,2608,53.4,2026-08-07T20:45:18.674Z
2022,0000180,총신대학교,대학,대학교,서울,사립,1,4984947123,3830104900,0,0,0,0,0,0,2000000,179312151,45219266,1381373640,235,5.9,2026-08-07T20:45:18.674Z
2022,0000181,추계예술대학교,대학,대학교,서울,사립,1,4027533034,2388353980,0,0,0,0,8000000,0,6500000,31610500,18807427,1704096981,124,13.8,2026-08-07T20:45:18.674Z
2022,0002817,크리스찬치유상담대학원대학교,전문대학,전문대학원,서울,사립,1,618300,0,0,0,0,0,0,0,0,0,0,618300,12,0.1,2026-08-07T20:45:18.674Z
2022,0000273,한국방송통신대학교,대학,방송통신대학,서울,국립,1,64034647252,13090693823,107214000,0,21600000,200000000,0,0,51339800,317591970,46727359,51688426558,598,86.4,2026-08-07T20:45:18.674Z
2022,0000679,한국상담대학원대학교,전문대학,전문대학원,서울,사립,1,6783921,0,0,0,0,0,0,0,0,0,0,6783921,13,0.5,2026-08-07T20:45:18.674Z
2022,0000191,한국성서대학교,대학,대학교,서울,사립,1,4629698937,2380061982,30240000,0,0,0,0,0,3000000,7110000,434220000,2724206955,78,35.1,2026-08-07T20:45:18.674Z
2022,0000326,한국열린사이버대학교,대학,사이버대학(대학),서울,사립,1,6638358884,6587319700,0,0,86940000,0,0,0,0,128053250,129648,266162082,124,2.2,2026-08-07T20:45:18.674Z
2022,0000383,한국예술종합학교,대학,각종학교(대학),서울,특별법국립,1,4517198920,3127224420,75000000,0,0,0,42483061200,0,0,20000000,3547414236,47515449936,145,328.7,2026-08-07T20:45:18.674Z
2022,0000192,한국외국어대학교,대학,대학교,서울,사립,1,46712164752,22604420068,5897047500,450000000,345633333,0,65057020,29802941,39581500,1863347500,771811615,33570026093,1400,24,2026-08-07T20:45:18.674Z
2022,0000032,한국체육대학교,대학,대학교,서울,국립,1,42809873375,3970517240,214064000,0,0,145383740,1000000000,0,0,0,6704626,40205508501,97,412.6,2026-08-07T20:45:18.674Z
2022,0000585,한국폴리텍 I 대학,전문대학,기능대학,서울,사립,1,2572000219,2473397308,0,41763031948,0,0,0,0,0,11249410,308101266,42180985535,0,0,2026-08-07T20:45:18.674Z
2022,0000673,한림국제대학원대학교,전문대학,특수대학원,서울,사립,1,115119707,0,38307000,0,50000000,0,0,0,0,0,0,203426707,24,8.5,2026-08-07T20:45:18.674Z
2022,0000676,한반도국제대학원대학교,전문대학,특수대학원,서울,사립,1,464880,0,0,0,0,0,0,0,0,0,0,464880,2,0.2,2026-08-07T20:45:18.674Z
2022,0000200,한성대학교,대학,대학교,서울,사립,1,21090218492,12741285766,1729161000,180000000,167900000,0,28500000,1100062300,10269803,492552000,562322378,12619700207,569,22.2,2026-08-07T20:45:18.674Z
2022,0000203,한양대학교,대학,대학교,서울,사립,2,124785393373,38154330137,114068024000,0,40897635593,4000442000,1160897800,1199802941,992606000,15659614031,5936373242,270546458843,3497,55.4,2026-08-07T20:45:18.674Z
2022,0000331,한양사이버대학교,대학,사이버대학(대학),서울,사립,1,18585094725,17511815330,162546000,0,0,0,0,0,0,136620000,4973149,1377418544,500,2.8,2026-08-07T20:45:18.674Z
2022,0000554,한양여자대학교,전문대학,전문대학,서울,사립,1,25708508633,16789156260,184962000,383912000,0,0,150000000,0,9272000,8770000,914975237,10571243610,402,26.3,2026-08-07T20:45:18.674Z
2022,0000205,한영신학대학교,대학,대학교,서울,사립,1,2085090042,1657152700,0,0,0,0,0,0,5500000,2359500,1341103,437137945,60,7.3,2026-08-07T20:45:18.674Z
2022,0000212,홍익대학교,대학,대학교,서울,사립,1,43031414903,27275928534,14119547400,141000000,3537000000,0,1657893800,529516668,273976000,2132266400,641451589,38788138226,1925,20.2,2026-08-07T20:45:18.674Z
2022,0000648,횃불트리니티신학대학원대학교,전문대학,전문대학원,서울,사립,1,23188834,0,0,0,0,0,0,0,0,0,0,23188834,26,0.9,2026-08-07T20:45:18.674Z
2022,0000094,대전가톨릭대학교,대학,대학교,세종,사립,1,65040000,62265000,100000000,375000000,0,0,0,0,0,0,719000,478494000,3,151.4,2026-08-07T20:45:18.674Z
2022,0000640,한국개발연구원국제정책대학원대학교,전문대학,전문대학원,세종,사립,1,2768072,0,30000000,0,0,0,0,0,0,1601594615,50000000,1684362687,0,0,2026-08-07T20:45:18.674Z
2022,0000522,한국영상대학교,전문대학,전문대학,세종,사립,1,19047897272,8764387068,0,65880000,0,0,231088050,27791666,16000000,22553250,301450226,10948273396,184,59.6,2026-08-07T20:45:18.674Z
2022,0000250,울산과학기술원,대학,대학교,울산,특별법법인,1,13037476361,2119393660,162953411000,0,12514758667,968865000,80000000,62500000,1500000,6430804560,15479509572,209409431500,0,0,2026-08-07T20:45:18.674Z
2022,0000521,울산과학대학교,전문대학,전문대학,울산,사립,1,22093257058,10534503640,87278000,290000000,105000000,0,50000000,67000000,1000000,49956500,3350485953,15559473871,313,49.8,2026-08-07T20:45:18.674Z
2022,0000158,울산대학교,대학,대학교,울산,사립,1,52261082747,20041328806,25620653000,450000000,6563947666,2123855000,257000000,280626000,13000000,1675095200,13327659345,82531590152,975,84.6,2026-08-07T20:45:18.674Z
2022,0000545,춘해보건대학교,전문대학,전문대학,울산,사립,1,12414896863,6999941250,0,0,0,200000000,0,0,14000000,31505000,438197440,6098658053,158,38.7,2026-08-07T20:45:18.674Z
2022,0000681,한국전력국제원자력대학원대학교,전문대학,전문대학원,울산,사립,1,0,0,100000000,0,1591160000,0,0,0,0,421000000,142857000,2255017000,55,41.3,2026-08-07T20:45:18.674Z
2022,0000256,경인교육대학교,대학,교육대학,인천,국립,1,34588064510,2929261500,125004000,0,30000000,0,68810000,0,2500000,261393000,1324463600,33470973610,115,290.2,2026-08-07T20:45:18.674Z
2022,0000422,경인여자대학교,전문대학,전문대학,인천,사립,1,16521103902,11311133260,86824000,0,0,0,0,0,1000000,27614000,61868754,5387277396,244,22.1,2026-08-07T20:45:18.674Z
2022,0000644,성산효대학원대학교,전문대학,전문대학원,인천,사립,1,7861080,0,0,0,0,0,0,0,0,0,0,7861080,14,0.6,2026-08-07T20:45:18.674Z
2022,0000168,인천가톨릭대학교,대학,대학교,인천,사립,1,3729897360,1230847914,30000000,0,0,26200000,0,0,0,804198500,2146273,3361594219,60,55.6,2026-08-07T20:45:18.674Z
2022,0002660,인천대학교,대학,대학교,인천,국립대법인,1,145098536133,22098289814,16794483000,772622280,4569435333,78143000,1217000000,576450000,15592000,5467149918,36808115355,189299237205,0,0,2026-08-07T20:45:18.674Z
2022,0000455,인천재능대학교,전문대학,전문대학,인천,사립,1,17723661638,9216101460,268220000,0,0,0,0,0,0,36865500,224175084,9036820762,183,49.3,2026-08-07T20:45:18.674Z
2022,0002654,인하공업전문대학,전문대학,전문대학,인천,사립,1,26713466690,16776346703,173251000,0,341400000,0,0,67000000,8500000,422217000,109298517,11058786504,443,25,2026-08-07T20:45:18.674Z
2022,0000169,인하대학교,대학,대학교,인천,사립,1,64381549175,28230612510,46563499000,795020000,20910654667,418387500,3825504000,250666000,156000000,9327332160,6844883371,125242883363,1662,75.4,2026-08-07T20:45:18.674Z
2022,0000680,주안대학원대학교,전문대학,전문대학원,인천,사립,1,34150000,0,0,0,0,0,0,0,0,0,0,34150000,3,9.8,2026-08-07T20:45:18.674Z
2022,0000590,한국폴리텍 II 대학,전문대학,기능대학,인천,사립,1,2161187984,2112614687,30240000,34911222248,0,0,0,59150000,0,49664250,1454134120,36552983915,0,0,2026-08-07T20:45:18.674Z
2022,0000435,고구려대학교,전문대학,전문대학,전남,사립,1,2218277677,2110345000,0,0,0,0,0,0,0,34141200,0,142073877,57,2.5,2026-08-07T20:45:18.674Z
2022,0000428,광양보건대학교,전문대학,전문대학,전남,사립,1,14588734,7400000,0,0,0,0,0,0,0,1500000,0,8688734,9,0.9,2026-08-07T20:45:18.674Z
2022,0000075,광주가톨릭대학교,대학,대학교,전남,사립,1,0,0,0,0,0,0,0,0,0,0,0,0,0,0,2026-08-07T20:45:18.674Z
2022,0000104,동신대학교,대학,대학교,전남,사립,1,27272887110,16351203520,2622246000,450000000,613500000,885000000,196000000,642182007,81154000,400298000,10459952964,27272016561,425,64.1,2026-08-07T20:45:18.674Z
2022,0000462,동아보건대학교,전문대학,전문대학,전남,사립,1,5470596100,3902822392,0,0,0,0,0,0,3500000,26357080,216078362,1813709150,60,30.2,2026-08-07T20:45:18.674Z
2022,0000221,목포가톨릭대학교,대학,대학교,전남,사립,1,3167209820,1629403000,0,0,0,200000000,0,0,13000000,17078000,200000000,1967884820,32,61.4,2026-08-07T20:45:18.674Z
2022,0000474,목포과학대학교,전문대학,전문대학,전남,사립,1,15856215421,7693057118,0,0,0,0,67000000,0,4000000,47035330,281994132,8563187765,128,66.9,2026-08-07T20:45:18.674Z
2022,0000011,목포대학교,대학,대학교,전남,국립,1,96586079251,13399841170,5246496000,442000000,7789250000,0,461000000,1466182007,627199200,1788121000,5639064984,106645551272,222,480.3,2026-08-07T20:45:18.674Z
2022,0000012,목포해양대학교,대학,대학교,전남,국립,1,68836208548,3960182660,369851000,0,1758000000,0,0,343982007,0,834802150,897806338,69080467383,78,883.6,2026-08-07T20:45:18.674Z
2022,0000092,세한대학교,대학,대학교,전남,사립,1,9154772235,8443777450,41566000,0,0,0,130000000,0,16500000,68155000,107360915,1074576700,213,5,2026-08-07T20:45:18.674Z
2022,0000020,순천대학교,대학,대학교,전남,국립,1,93874484905,12081299310,7281937000,80000000,2419300000,6700000,243860000,965932007,2453546825,3479710000,7574317012,106298488439,264,402.1,2026-08-07T20:45:18.674Z
2022,0000498,순천제일대학교,전문대학,전문대학,전남,사립,1,13063125970,6922343991,0,80000000,0,0,0,94400000,15000000,23836000,798287000,7152304979,133,53.8,2026-08-07T20:45:18.674Z
2022,0000155,영산선학대학교,대학,대학교,전남,사립,1,0,0,0,0,0,0,0,0,0,0,0,0,1,0,2026-08-07T20:45:18.674Z
2022,0000529,전남과학대학교,전문대학,전문대학,전남,사립,1,20368486480,10870088680,0,0,0,0,88000000,0,0,49275000,311015317,9946688117,165,60.2,2026-08-07T20:45:18.674Z
2022,0000562,전남도립대학교,전문대학,전문대학,전남,공립,1,1675548956,1360127000,0,80000000,0,0,0,0,6492000,1992000,6348183000,6752088956,20,335.4,2026-08-07T20:45:18.674Z
2022,0002656,청암대학교,전문대학,전문대학,전남,사립,1,9842176535,5585242630,0,0,0,0,0,0,3500000,26785220,610400000,4897619125,127,38.5,2026-08-07T20:45:18.674Z
2022,0000246,초당대학교,대학,대학교,전남,사립,1,13910160085,7406745180,113935000,0,0,200000000,51839510,0,51244000,24130000,342467539,7287030954,190,38.4,2026-08-07T20:45:18.674Z
2022,0003139,한국에너지공과대학교,대학,대학교,전남,특별법법인,1,330000000,0,5787301000,0,2521380000,0,0,0,0,470000000,10000000000,19108681000,0,0,2026-08-07T20:45:18.674Z
2022,0000555,한영대학,전문대학,전문대학,전남,사립,1,8097552986,3125996670,0,200000000,0,0,0,0,10846000,11912000,683500000,5877814316,75,78.2,2026-08-07T20:45:18.674Z
2022,0002971,군산간호대학교,전문대학,전문대학,전북,사립,1,5035119204,2712077334,49408000,0,0,0,0,0,10000000,0,25011839,2407461709,73,33.1,2026-08-07T20:45:18.674Z
2022,0000009,군산대학교,대학,대학교,전북,국립,1,84977864849,12110963580,6408592000,200000000,3928400000,0,150495080,39000000,123659000,4554432790,989637730,89261117869,227,393.9,2026-08-07T20:45:18.674Z
2022,0000432,군장대학교,전문대학,전문대학,전북,사립,1,10327635752,4723872708,0,170100000,0,0,45000000,0,1000000,26641630,132010461,5978515135,95,62.9,2026-08-07T20:45:18.674Z
2022,0000477,백제예술대학교,전문대학,전문대학,전북,사립,1,2994039077,2892275900,0,0,0,0,0,0,1500000,6168000,10205079,119636256,74,1.6,2026-08-07T20:45:18.674Z
2022,0000228,예수대학교,대학,대학교,전북,사립,1,2741625528,1424469000,0,0,0,0,0,0,4000000,0,1405637,1322562165,37,35.7,2026-08-07T20:45:18.674Z
2022,0000218,예원예술대학교,대학,대학교,전북,사립,1,2207641184,2055678666,0,0,0,0,0,0,3500000,10437500,5624292,171524310,124,1.4,2026-08-07T20:45:18.674Z
2022,0000157,우석대학교,대학,대학교,전북,사립,1,28949677763,14753567398,1716489800,170100000,910000000,365000000,180000000,0,113988000,563744650,864903860,19080336675,515,37.1,2026-08-07T20:45:18.674Z
2022,0000159,원광대학교,대학,대학교,전북,사립,1,57805012609,30516566558,15362010000,450000000,407666666,1720200000,159036000,0,776775500,2843556250,3033693231,52041383698,1067,48.8,2026-08-07T20:45:18.674Z
2022,0000327,원광디지털대학교,대학,사이버대학(대학),전북,사립,1,8475207546,8217732061,0,0,0,0,0,0,0,286353660,306058,544135203,160,3.4,2026-08-07T20:45:18.674Z
2022,0000523,원광보건대학교,전문대학,전문대학,전북,사립,1,26111641824,12936683086,45436000,70400000,0,78143000,0,0,99511400,182959660,541336484,14192745282,244,58.1,2026-08-07T20:45:18.674Z
2022,0000645,원불교대학원대학교,전문대학,전문대학원,전북,사립,1,0,0,0,0,0,0,0,0,0,0,0,0,1,0,2026-08-07T20:45:18.674Z
2022,0000531,전북과학대학교,전문대학,전문대학,전북,사립,1,9936581156,4975645400,0,0,0,0,0,49000000,5000000,45445290,1357801376,6418182422,88,72.5,2026-08-07T20:45:18.674Z
2022,0000025,전북대학교,대학,대학교,전북,국립,1,295520806983,26405455490,40920404000,0,12522400667,829000000,844357000,1829275000,8532972425,13358823400,19444103407,367396687392,813,452,2026-08-07T20:45:18.674Z
2022,0000258,전주교육대학교,대학,교육대학,전북,국립,1,15963018053,1066546000,59832000,0,0,0,0,0,8500000,50000000,162023853,15176827906,43,349.7,2026-08-07T20:45:18.674Z
2022,0000437,전주기전대학,전문대학,전문대학,전북,사립,1,8299242462,4907559360,0,200000000,0,0,54000000,347000000,271490000,28451930,222174210,4514799242,88,51.5,2026-08-07T20:45:18.674Z
2022,0000171,전주대학교,대학,대학교,전북,사립,1,47328347629,26789685135,2567293000,450000000,1420500000,148500000,671830000,1597509000,349400966,1072948000,4007657291,32824300751,765,42.9,2026-08-07T20:45:18.674Z
2022,0000530,전주비전대학교,전문대학,전문대학,전북,사립,1,16647358097,9479243780,0,0,0,0,29000000,146600000,26000000,314466870,199448790,7883629977,190,41.5,2026-08-07T20:45:18.674Z
2022,0003019,한국농수산대학,전문대학,전문대학,전북,특별법국립,1,191287283,171662500,329155000,0,100000000,0,0,111230000,35144586733,2885000000,449087000,39038683516,0,0,2026-08-07T20:45:18.674Z
2022,0000206,한일장신대학교,대학,대학교,전북,사립,1,3568379019,2750965332,0,0,0,0,113000000,0,4000000,43195000,7042782,984651469,67,14.7,2026-08-07T20:45:18.674Z
2022,0000282,호원대학교,대학,산업대학,전북,사립,1,20671150297,14499614250,0,0,0,0,108000000,49000000,30000000,383690000,470684351,7212910398,343,21,2026-08-07T20:45:18.674Z
2022,0000532,제주관광대학교,전문대학,전문대학,제주,사립,1,9506512052,4434159820,0,220000000,0,0,0,295155000,0,20064910,912978264,6520550406,71,91.7,2026-08-07T20:45:18.674Z
2022,0000248,제주국제대학교,대학,대학교,제주,사립,1,611599904,442968000,0,0,0,0,0,30825000,0,5850000,30199402,235506306,36,6.5,2026-08-07T20:45:18.674Z
2022,0000027,제주대학교,대학,대학교,제주,국립,1,166978088166,14700982760,13444652000,450000000,785159667,78143000,60000000,493660000,1518661000,9781803880,8734028790,187623213743,389,482.5,2026-08-07T20:45:18.674Z
2022,0002655,제주한라대학교,전문대학,전문대학,제주,사립,1,18069636595,11325709750,50000000,208392180,150000000,0,118000000,101250000,317153000,21991500,1811213899,9521927424,232,41,2026-08-07T20:45:18.674Z
2022,0000054,건양대학교,대학,대학교,충남,사립,1,27303575469,14446998180,2292947000,217384000,633000000,660000000,0,971745000,37000000,510293750,1069564009,19248511048,481,40,2026-08-07T20:45:18.674Z
2022,0000251,공주교육대학교,대학,교육대학,충남,국립,1,19960668032,1440523990,334355000,0,0,0,0,0,0,19875000,314010000,19188384042,64,301.3,2026-08-07T20:45:18.674Z
2022,0000008,공주대학교,대학,대학교,충남,국립,1,148563333459,20403210530,11344242000,0,4373949000,0,188000000,1110053000,1480880000,4963414000,3965455899,155586116828,460,338.4,2026-08-07T20:45:18.674Z
2022,0000657,국제뇌교육종합대학원대학교,전문대학,전문대학원,충남,사립,1,138690265,0,152735000,0,0,0,0,0,0,0,27782,291453047,23,12.6,2026-08-07T20:45:18.674Z
2022,0000334,글로벌사이버대학교,대학,사이버대학(대학),충남,사립,1,3358426853,3198742000,0,0,0,0,0,0,0,85941500,18583,245644936,55,4.5,2026-08-07T20:45:18.674Z
2022,0000224,금강대학교,대학,대학교,충남,사립,1,761849336,301843000,0,0,0,0,19819000,0,0,3282000,12000000,495107336,13,37,2026-08-07T20:45:18.674Z
2022,0000081,나사렛대학교,대학,대학교,충남,사립,1,19030058966,11708817950,30582000,200000000,0,58500000,555000000,90000000,6000000,252552250,2602186406,11116061672,345,32.2,2026-08-07T20:45:18.674Z
2022,0000245,남서울대학교,대학,대학교,충남,사립,1,28950454054,20813103760,1561024000,145700000,0,0,101100000,171398000,40111640,529427000,1389402964,12075513898,736,16.4,2026-08-07T20:45:18.674Z
2022,0000178,백석대학교,대학,대학교,충남,사립,1,35272553919,27503024620,610454000,1056400000,51500000,200000000,102300000,344000000,27841290,127130875,5122210090,15411365554,1085,14.2,2026-08-07T20:45:18.674Z
2022,0000543,백석문화대학교,전문대학,전문대학,충남,사립,1,18425576763,11420893620,15160000,288000000,0,0,0,106000000,0,94147580,26108680,7534099403,282,26.7,2026-08-07T20:45:18.674Z
2022,0000129,선문대학교,대학,대학교,충남,사립,1,36990117761,21002925350,4594544100,190000000,953300000,120000000,56000000,411000000,78099230,675466500,1151113254,24216715495,678,35.7,2026-08-07T20:45:18.674Z
2022,0000142,순천향대학교,대학,대학교,충남,사립,1,47347678967,20746293140,18688735000,453000000,4820579000,1777643000,6563420000,1079000000,20344000,3661658253,4202324069,67868089149,908,74.8,2026-08-07T20:45:18.674Z
2022,0000502,신성대학교,전문대학,전문대학,충남,사립,1,15039950205,8001749620,75240000,0,150000000,0,51000000,0,45350000,75291100,37377161,7472458846,187,39.9,2026-08-07T20:45:18.674Z
2022,0000454,아주자동차대학,전문대학,전문대학,충남,사립,1,5677952872,1413341500,25200000,0,0,0,0,0,0,1313000,233591271,4524715643,43,104.4,2026-08-07T20:45:18.674Z
2022,0000512,연암대학교,전문대학,전문대학,충남,사립,1,10324271712,2642798140,0,0,0,0,0,0,2576048000,44150000,786170975,11087842547,66,168.7,2026-08-07T20:45:18.674Z
2022,0000173,중부대학교,대학,대학교,충남,사립,1,28865862904,16579406950,500844000,0,70000000,0,60000000,1675000000,42884000,1084682850,723790728,16443657532,596,27.6,2026-08-07T20:45:18.674Z
2022,0000284,청운대학교,대학,산업대학,충남,사립,1,24607131200,13775923280,280073000,144000000,0,200000000,136110000,444000000,29926000,249770250,1258567881,13573655051,401,33.9,2026-08-07T20:45:18.674Z
2022,0002657,충남도립대학교,전문대학,전문대학,충남,공립,1,3800612309,1513768500,0,0,0,0,12079290,160000000,0,0,12663466000,15122389099,23,658.6,2026-08-07T20:45:18.674Z
2022,0000189,한국기술교육대학교,대학,대학교,충남,사립,1,19538433471,5858438757,3217777000,127249000000,3076470000,77000000,0,309000000,11274000,882293215,308332515,148811141444,202,735.3,2026-08-07T20:45:18.674Z
2022,0003022,한국전통문화대학교,대학,대학교,충남,특별법국립,1,1138223930,569496000,137834000,0,0,0,50000000,0,2768920,32443903600,584806706,33788041156,0,0,2026-08-07T20:45:18.674Z
2022,0000199,한서대학교,대학,대학교,충남,사립,1,25170963404,14277730830,1710534000,170100000,1049440000,0,0,540500000,14000000,1166706200,450440592,15994953366,527,30.3,2026-08-07T20:45:18.674Z
2022,0000556,혜전대학교,전문대학,전문대학,충남,사립,1,8401200695,6643177930,15150000,0,0,0,0,0,3500000,10925370,355194474,2142792609,140,15.3,2026-08-07T20:45:18.674Z
2022,0000211,호서대학교,대학,대학교,충남,사립,1,40627808511,25453670250,5936103000,120000000,2747500000,0,54000000,938155000,216500000,6268891830,808808506,32264096597,1005,32.1,2026-08-07T20:45:18.674Z
2022,0000433,강동대학교,전문대학,전문대학,충북,사립,1,9301556944,8625704308,0,0,0,0,34000000,44000000,11200000,39448420,149571996,954073052,172,5.6,2026-08-07T20:45:18.674Z
2022,0000080,극동대학교,대학,대학교,충북,사립,1,8234482337,7289901700,205674000,0,147120000,0,0,0,7500000,133566000,244804530,1683245167,222,7.6,2026-08-07T20:45:18.674Z
2022,0000215,꽃동네대학교,대학,대학교,충북,사립,1,2630425954,1042299600,90000000,0,0,0,441828000,0,0,143134000,0,2263088354,33,68.8,2026-08-07T20:45:18.674Z
2022,0000449,대원대학교,전문대학,전문대학,충북,사립,1,10126182909,5938575770,15150000,0,0,0,0,29000000,4000000,11118000,752893864,4999769003,114,43.7,2026-08-07T20:45:18.674Z
2022,0000128,서원대학교,대학,대학교,충북,사립,1,22591081039,15799077984,576763800,221587337,0,80000000,5306968980,39000000,84676140,119256500,1134080772,14354336584,424,33.9,2026-08-07T20:45:18.674Z
2022,0000137,세명대학교,대학,대학교,충북,사립,1,25297639483,17177962480,944905500,200000000,88000000,30000000,0,39000000,210506000,1074450500,2164192005,12870731008,471,27.3,2026-08-07T20:45:18.674Z
2022,0000317,순복음총회신학교,대학,각종학교(대학),충북,사립,1,574411563,437280000,0,0,0,0,0,0,0,2550000,213775,139895338,0,0,2026-08-07T20:45:18.674Z
2022,0000154,유원대학교,대학,대학교,충북,사립,1,10449220501,8929355039,0,136800000,23250000,0,0,39000000,21500000,51037400,24034104,1815486966,229,7.9,2026-08-07T20:45:18.674Z
2022,0000239,중원대학교,대학,대학교,충북,사립,1,9727052418,6592924137,258609000,0,245000000,0,134400000,233785000,8500000,57407500,742375954,4814205735,239,20.1,2026-08-07T20:45:18.674Z
2022,0000261,청주교육대학교,대학,교육대학,충북,국립,1,17440400053,1055445000,80486000,0,0,0,0,0,0,0,305200000,16770641053,47,355.8,2026-08-07T20:45:18.674Z
2022,0000179,청주대학교,대학,대학교,충북,사립,1,29622009845,20989706181,2401370000,200000000,1829120000,96625450,219750000,319000000,66034000,614291250,1476314225,15854808589,858,18.5,2026-08-07T20:45:18.674Z
2022,0000030,충북대학교,대학,대학교,충북,국립,1,242949478458,19736781330,35301265000,307990910,4203003000,353063000,282750000,1708367500,4020689891,13547829000,6528091314,289465746743,596,486,2026-08-07T20:45:18.674Z
2022,0000406,충북도립대학,전문대학,전문대학,충북,공립,1,3719007540,832802170,15120000,0,0,0,0,96000000,956000,89933985,13598346000,16686561355,14,1203.6,2026-08-07T20:45:18.674Z
2022,0000536,충북보건과학대학교,전문대학,전문대학,충북,사립,1,11892274989,6059482240,0,0,150000000,0,53000000,39000000,7500000,24670000,96664853,6203627602,141,44.2,2026-08-07T20:45:18.674Z
2022,0000547,충청대학교,전문대학,전문대학,충북,사립,1,13922751507,8049703739,0,0,0,0,0,126000000,18000000,131531000,315621188,6464199956,188,34.5,2026-08-07T20:45:18.674Z
2022,0000031,한국교원대학교,대학,대학교,충북,국립,1,61828972642,3045122000,1289663000,0,0,57000000,119800000,0,60000000,571901593,7061855006,67944070241,192,354.5,2026-08-07T20:45:18.674Z
2022,0000034,한국교통대학교,대학,대학교,충북,국립,1,96859592178,14376158850,5195169000,588301010,2580542333,0,440000000,878040000,9237430,3669077000,1128985382,96972785483,295,329.1,2026-08-07T20:45:18.674Z
2023,0000072,가톨릭관동대학교,대학,대학교,강원,사립,1,23802058415,13992430233,3248711000,1393682000,405000000,566800000,253822477,264400000,192776000,864807160,2549335144,19548961963,446,43.9,2026-08-07T20:45:18.674Z
2023,0000514,강릉영동대학교,전문대학,전문대학,강원,사립,1,9029058294,5922195834,74297270,0,0,0,50000000,0,1500000,55531500,1098169974,4386361204,138,31.7,2026-08-07T20:45:18.674Z
2023,0000001,강릉원주대학교,대학,대학교,강원,국립,1,128017553250,13840547020,4835132000,0,1953817500,76000000,124000000,349990000,91108000,1961486300,20614827628,144183367658,272,530.3,2026-08-07T20:45:18.674Z
2023,0000548,강원관광대학교,전문대학,전문대학,강원,사립,1,550264745,548505500,0,0,0,0,0,0,0,9703500,814344168,825806913,0,0,2026-08-07T20:45:18.674Z
2023,0000003,강원대학교,대학,대학교,강원,국립,1,330524189290,30689452540,33488174000,2250804000,5657767667,1576362222,1130879000,7155380000,3565515530,17438735782,39216640800,411314995751,794,518.2,2026-08-07T20:45:18.674Z
2023,0002639,강원도립대학교,전문대학,전문대학,강원,공립,1,8401450515,920385660,0,0,0,0,28000000,465790000,4444000,430000000,14755004000,23164302855,12,1986.9,2026-08-07T20:45:18.674Z
2023,0000060,경동대학교,대학,대학교,강원,사립,1,22864341680,16314300068,200880000,0,65000000,55000000,16000000,217450000,66550000,270861000,2996486610,10438269222,601,17.4,2026-08-07T20:45:18.674Z
2023,0000119,상지대학교,대학,대학교,강원,사립,1,14362407899,11434541425,1827420000,0,160000000,490000000,99000000,140190000,109182000,1099402500,2423792491,9276853465,463,20,2026-08-07T20:45:18.674Z
2023,0000515,세경대학교,전문대학,전문대학,강원,사립,1,8495728320,2320870090,0,0,0,0,40000000,80000000,0,31197830,440070000,6766126060,40,169.1,2026-08-07T20:45:18.674Z
2023,0000567,송곡대학교,전문대학,전문대학,강원,사립,1,5912363455,1477281867,0,0,0,0,0,0,0,2182500,248150000,4685414088,43,108.8,2026-08-07T20:45:18.674Z
2023,0000564,송호대학교,전문대학,전문대학,강원,사립,1,2425978929,2205609510,0,0,0,0,22000000,0,11300000,12054910,617719248,883443577,45,19.4,2026-08-07T20:45:18.674Z
2023,0000262,춘천교육대학교,대학,교육대학,강원,국립,1,24437243566,1084107660,42693000,0,0,0,0,0,0,21909000,337636651,23755374557,48,498.5,2026-08-07T20:45:18.674Z
2023,0000578,한국골프대학,전문대학,전문대학,강원,사립,1,1375803029,1323883833,0,0,0,0,63000000,0,0,42532500,262667000,420118696,33,12.9,2026-08-07T20:45:18.674Z
2023,0000594,한국폴리텍 III 대학,전문대학,기능대학,강원,사립,1,500918952,497844334,0,31266845786,0,0,0,0,0,0,35567000,31305487404,0,0,2026-08-07T20:45:18.674Z
2023,0000197,한라대학교,대학,대학교,강원,사립,1,12664230691,6336919937,1054592000,613350000,150000000,52500000,36000000,549067500,0,362322100,785651000,9930793354,198,50.1,2026-08-07T20:45:18.674Z
2023,0000198,한림대학교,대학,대학교,강원,사립,1,51098186363,15703796420,17458933000,170100000,2279204667,3558501667,82500000,312190000,85583000,12039776964,2870906057,74252085298,600,123.9,2026-08-07T20:45:18.674Z
2023,0000553,한림성심대학교,전문대학,전문대학,강원,사립,1,17980048945,6551514680,0,0,0,0,0,221395000,2500000,31667500,696374815,12380471580,145,85.5,2026-08-07T20:45:18.674Z
2023,0000063,가천대학교,대학,대학교,경기,사립,1,64422222205,29477563935,27372755000,450000000,8736523333,3612474346,1125500000,989450000,534200000,5441307760,4834149373,88041018082,1886,46.7,2026-08-07T20:45:18.674Z
2023,0000046,가톨릭대학교,대학,대학교,경기,사립,1,41021193154,13458826070,13802106000,0,5358410333,19765858346,557000000,27000000,298366000,7463944160,1660355405,76495407328,898,85.2,2026-08-07T20:45:18.674Z
2023,0000051,강남대학교,대학,대학교,경기,사립,1,22439619188,11321066180,557347000,1076700000,228000000,250000000,422100000,22190000,19803920,235588140,695983168,14626265236,502,29.2,2026-08-07T20:45:18.674Z
2023,0000560,경기과학기술대학교,전문대학,전문대학,경기,사립,1,24866276238,9475897914,77904000,410143000,2685000000,0,0,210285000,30000000,18443000,224517999,19046671323,264,72,2026-08-07T20:45:18.674Z
2023,0000056,경기대학교,대학,대학교,경기,사립,1,39051274300,24109925420,7502965000,450000000,2498675000,0,352252500,0,303265788,1776459900,2997353375,30822320443,1165,26.5,2026-08-07T20:45:18.674Z
2023,0000416,경민대학교,전문대학,전문대학,경기,사립,1,25185666063,11292112250,30240000,0,0,0,0,0,0,37376800,207546680,14168717293,247,57.5,2026-08-07T20:45:18.674Z
2023,0002641,경복대학교,전문대학,전문대학,경기,사립,1,28994981189,16985288826,61740000,0,0,0,0,22190000,4000000,70429000,815480432,12983531795,383,33.9,2026-08-07T20:45:18.674Z
2023,0000426,계원예술대학교,전문대학,전문대학,경기,사립,1,14053799495,6484747151,0,170100000,34000000,0,200000000,290000000,12200000,25658880,59596273,8360607497,205,40.9,2026-08-07T20:45:18.674Z
2023,0002857,구세군사관대학원대학교,전문대학,특수대학원,경기,사립,1,0,0,0,0,0,0,0,0,0,0,0,0,1,0,2026-08-07T20:45:18.674Z
2023,0000549,국제대학교,전문대학,전문대학,경기,사립,1,9253472734,6838455557,0,0,0,0,20000000,0,0,53409500,1658398778,4146825455,157,26.4,2026-08-07T20:45:18.674Z
2023,0000655,국제법률경영대학원대학교,전문대학,전문대학원,경기,사립,1,0,0,0,0,0,0,0,0,0,0,0,0,8,0,2026-08-07T20:45:18.674Z
2023,0000319,국제사이버대학교,대학,사이버대학(대학),경기,사립,1,5629504146,5597176000,0,0,0,0,0,0,0,62046000,26562,94400708,85,1.1,2026-08-07T20:45:18.674Z
2023,0002928,국제암대학원대학교,전문대학,전문대학원,경기,특별법법인,1,247500000,0,2412075000,0,372000000,1597500000,0,0,0,96010570,0,4725085570,0,0,2026-08-07T20:45:18.674Z
2023,0000440,김포대학교,전문대학,전문대학,경기,사립,1,2428982485,2312067050,0,0,0,0,0,0,0,13402590,1371008259,1501326284,98,15.4,2026-08-07T20:45:18.674Z
2023,0000441,농협대학교,전문대학,전문대학,경기,사립,1,4239075117,385111820,26000000,0,0,0,0,0,0,2444000,66049200,3948456497,18,217.4,2026-08-07T20:45:18.674Z
2023,0002818,능인불교대학원대학교,전문대학,전문대학원,경기,사립,1,0,0,0,0,0,0,0,0,0,0,0,0,2,0,2026-08-07T20:45:18.674Z
2023,0000082,단국대학교,대학,대학교,경기,사립,1,78859582476,37596478518,17270961000,450000000,9309180333,1011250000,389474590,562148000,621095960,7418727710,4604163639,82900105190,2221,37.3,2026-08-07T20:45:18.674Z
2023,0000448,대림대학교,전문대학,전문대학,경기,사립,1,30994879857,16330685880,132017000,727375000,0,0,0,0,23662000,50096800,5264882365,20862227142,446,46.8,2026-08-07T20:45:18.674Z
2023,0000097,대진대학교,대학,대학교,경기,사립,1,24774098144,16700705360,444139500,690000000,431375000,0,0,327190000,28201000,959177500,1809744915,12763220699,543,23.5,2026-08-07T20:45:18.674Z
2023,0000641,대한신학대학원대학교,전문대학,전문대학원,경기,사립,1,1352900,0,0,0,0,0,0,0,0,0,0,1352900,14,0.1,2026-08-07T20:45:18.674Z
2023,0000457,동남보건대학교,전문대학,전문대학,경기,사립,1,17107259111,9954959000,0,809243000,0,0,0,0,0,14972600,3162022714,11138538425,297,37.5,2026-08-07T20:45:18.674Z
2023,0000450,동서울대학교,전문대학,전문대학,경기,사립,1,27616127982,13880181345,101855000,1248190000,0,300000000,0,22190000,3500000,192390000,102767953,15706839590,369,42.6,2026-08-07T20:45:18.674Z
2023,0000461,동아방송예술대학교,전문대학,전문대학,경기,사립,1,15432326923,8001799430,0,0,0,0,155000000,0,25000000,34553000,47532817,7692613310,221,34.9,2026-08-07T20:45:18.674Z
2023,0000465,동원대학교,전문대학,전문대학,경기,사립,1,11784062106,6711581993,36640000,221830000,0,0,37000000,0,5541000,51264000,1045671083,6470426196,156,41.4,2026-08-07T20:45:18.674Z
2023,0000469,두원공과대학교,전문대학,전문대학,경기,사립,1,7184279242,4890167530,0,186095000,150000000,0,0,620973000,3500000,24624250,24728771,3304032733,141,23.4,2026-08-07T20:45:18.674Z
2023,0000108,루터대학교,대학,대학교,경기,사립,1,2696911236,831406500,0,0,0,0,0,0,0,6369000,364011106,2235884842,24,92.3,2026-08-07T20:45:18.674Z
2023,0000109,명지대학교,대학,대학교,경기,사립,1,44305222491,22990127667,6448381000,1537911000,2021500000,0,303000000,516303000,264936700,2523007860,2204160907,37134295291,1289,28.8,2026-08-07T20:45:18.674Z
2023,0000482,부천대학교,전문대학,전문대학,경기,사립,1,32775431759,20104771108,151149000,1087462000,0,0,0,0,0,62787080,5663201121,19635259852,442,44.4,2026-08-07T20:45:18.674Z
2023,0000125,서울신학대학교,대학,대학교,경기,사립,1,10858567867,5521482320,37260000,0,0,0,4000000,0,0,10015000,95703584,5484064131,176,31.2,2026-08-07T20:45:18.674Z
2023,0000489,서울예술대학교,전문대학,전문대학,경기,사립,1,13341860811,6982055067,0,0,0,0,910000000,270000000,7000000,29130000,35858901,7611794645,255,29.8,2026-08-07T20:45:18.674Z
2023,0000127,서울장신대학교,대학,대학교,경기,사립,1,1028835650,814006000,0,0,0,0,0,0,0,7714000,1057351,223601001,42,5.4,2026-08-07T20:45:18.674Z
2023,0002668,서울제일대학원대학교,전문대학,전문대학원,경기,사립,1,0,0,0,0,0,0,0,0,0,0,0,0,0,0,2026-08-07T20:45:18.674Z
2023,0000566,서정대학교,전문대학,전문대학,경기,사립,1,30556116736,16213999235,0,257011000,0,0,0,279767000,6000000,161638060,2425020000,17471553561,450,38.9,2026-08-07T20:45:18.674Z
2023,0000131,성결대학교,대학,대학교,경기,사립,1,17371325506,10696672709,191636000,450000000,0,0,126464155,0,8000000,104641500,3463547556,11018942008,378,29.1,2026-08-07T20:45:18.674Z
2023,0000661,성서침례대학원대학교,전문대학,전문대학원,경기,사립,1,0,0,0,0,0,0,0,0,0,0,0,0,3,0,2026-08-07T20:45:18.674Z
2023,0000139,수원가톨릭대학교,대학,대학교,경기,사립,1,222468050,222468050,0,0,0,0,0,0,0,0,0,0,9,0,2026-08-07T20:45:18.674Z
2023,0000497,수원과학대학교,전문대학,전문대학,경기,사립,1,6689341809,6515387518,44278000,0,0,0,0,0,28782000,15740500,49641731,312396522,179,1.8,2026-08-07T20:45:18.674Z
2023,0000140,수원대학교,대학,대학교,경기,사립,1,16834088067,14546682690,1175782000,450000000,799050000,28557556,101400000,765334000,14594000,299239431,2846825272,8768187636,673,13,2026-08-07T20:45:18.674Z
2023,0000496,수원여자대학교,전문대학,전문대학,경기,사립,1,14273682442,8546762701,31500000,0,0,0,0,0,0,95262330,65157737,5918839808,243,24.4,2026-08-07T20:45:18.674Z
2023,0000233,신경대학교,대학,대학교,경기,사립,1,42600748,3201000,153101000,0,0,0,0,0,0,0,1000000,193500748,28,7,2026-08-07T20:45:18.674Z
2023,0000501,신구대학교,전문대학,전문대학,경기,사립,1,23109166023,15171946170,0,0,0,0,123692500,22190000,26428000,218051000,1713543446,10041124799,394,25.5,2026-08-07T20:45:18.674Z
2023,0000506,신안산대학교,전문대학,전문대학,경기,사립,1,6174187500,5961147080,82800000,204551000,23306250,0,0,0,0,22608700,2091483,548397853,138,4,2026-08-07T20:45:18.674Z
2023,0002712,신한대학교,대학,대학교,경기,사립,1,21078620550,14172775303,885498000,774097100,0,0,0,0,36000000,402859203,2218558616,11222858166,559,20.1,2026-08-07T20:45:18.674Z
2023,0000672,실천신학대학원대학교,전문대학,전문대학원,경기,사립,1,44425,0,0,0,0,0,0,0,0,0,0,44425,6,0,2026-08-07T20:45:18.674Z
2023,0000145,아신대학교,대학,대학교,경기,사립,1,1391007884,1127230680,0,0,0,0,0,0,0,13112000,11581635,288470839,54,5.3,2026-08-07T20:45:18.674Z
2023,0000146,아주대학교,대학,대학교,경기,사립,1,48908685746,13309457900,46430672510,919939000,8224123333,7368794575,313419600,127190000,85980000,10492698201,2460074467,112022119532,1263,88.7,2026-08-07T20:45:18.674Z
2023,0000507,안산대학교,전문대학,전문대학,경기,사립,1,20153108166,11415214491,15750000,253193000,0,0,0,22190000,0,20506000,563059417,9612592092,254,37.9,2026-08-07T20:45:18.674Z
2023,0000147,안양대학교,대학,대학교,경기,사립,1,16859611010,9704049420,116793000,185100000,190000000,0,139250000,0,18376000,4238809826,1602972259,13646862675,376,36.3,2026-08-07T20:45:18.674Z
2023,0000662,에스라성경대학원대학교,전문대학,전문대학원,경기,사립,1,0,0,0,0,0,0,0,0,0,0,0,0,4,0,2026-08-07T20:45:18.674Z
2023,0000510,여주대학교,전문대학,전문대학,경기,사립,1,15369181885,9068726953,110160000,0,0,0,35000000,22190000,15053000,52946500,2205823750,8741628182,235,37.2,2026-08-07T20:45:18.674Z
2023,0002651,연성대학교,전문대학,전문대학,경기,사립,1,26167424502,14181226804,60480000,316415000,0,0,0,22190000,20480000,30833000,789404701,13226000399,351,37.7,2026-08-07T20:45:18.674Z
2023,0002653,오산대학교,전문대학,전문대학,경기,사립,1,23611920608,9828614840,38633000,224143360,0,0,0,22190000,11738000,200103160,844000023,15124113311,260,58.1,2026-08-07T20:45:18.674Z
2023,0000156,용인대학교,대학,대학교,경기,사립,1,14315336822,11368065000,92250000,0,160000000,180000000,215000000,0,32672000,388273000,1423401345,5438868167,461,11.8,2026-08-07T20:45:18.674Z
2023,0000520,용인예술과학대학교,전문대학,전문대학,경기,사립,1,10789563381,6694227060,0,0,0,0,19000000,74190000,2000000,22596910,23967820,4237091051,179,23.7,2026-08-07T20:45:18.674Z
2023,0000568,웅지세무대학교,전문대학,전문대학,경기,사립,1,6677545,0,0,0,0,0,0,0,0,12180000,29918,18887463,32,0.6,2026-08-07T20:45:18.674Z
2023,0000646,웨스트민스터신학대학원대학교,전문대학,전문대학원,경기,사립,1,7310241,0,0,0,0,0,0,0,0,0,142498,7452739,33,0.2,2026-08-07T20:45:18.674Z
2023,0000524,유한대학교,전문대학,전문대학,경기,사립,1,23683554531,11272086122,85563000,357635000,0,0,0,160000000,0,26177250,295539865,13336383524,255,52.3,2026-08-07T20:45:18.674Z
2023,0000527,장안대학교,전문대학,전문대학,경기,사립,1,3708136430,3363381130,0,367928000,0,0,0,0,0,101702000,96685929,911071229,145,6.3,2026-08-07T20:45:18.674Z
2023,0000177,중앙승가대학교,대학,대학교,경기,사립,1,76560000,76560000,0,0,0,0,0,0,0,2640000,0,2640000,6,0.5,2026-08-07T20:45:18.674Z
2023,0000654,중앙신학대학원대학교,전문대학,전문대학원,경기,사립,1,1599027,0,0,0,0,0,0,0,0,0,37171,1636198,18,0.1,2026-08-07T20:45:18.674Z
2023,0000187,차의과학대학교,대학,대학교,경기,사립,1,14021945926,4725165340,8219654000,0,1635866667,3621462000,376300000,67190000,159080000,421577000,18438558,23816348811,289,82.4,2026-08-07T20:45:18.674Z
2023,0000544,청강문화산업대학교,전문대학,전문대학,경기,사립,1,18638029820,9150843560,0,280100000,0,0,27000000,298830000,31000000,20194160,289206164,10433516584,257,40.5,2026-08-07T20:45:18.674Z
2023,0000667,청심신학대학원대학교,전문대학,전문대학원,경기,사립,1,0,0,0,0,0,0,0,0,0,0,0,0,5,0,2026-08-07T20:45:18.674Z
2023,0000184,칼빈대학교,대학,대학교,경기,사립,1,912577414,862257300,0,0,0,0,0,0,0,7170000,6805225,64295339,134,0.5,2026-08-07T20:45:18.674Z
2023,0000186,평택대학교,대학,대학교,경기,사립,1,7365739713,6298717668,174588000,0,0,0,0,0,0,33781750,954109439,2229501234,260,8.6,2026-08-07T20:45:18.674Z
2023,0000037,한경대학교,대학,대학교,경기,국립,1,111728751424,8999407977,2690500000,170100000,471200000,0,77000000,60000000,1705505060,6976360020,1566898507,116446907034,204,570,2026-08-07T20:45:18.674Z
2023,0000565,한국관광대학교,전문대학,전문대학,경기,사립,1,5787881594,3212104011,0,0,0,0,80000000,0,0,7119360,11810177,2674707120,72,37,2026-08-07T20:45:18.674Z
2023,0000247,한국산업기술대학교,대학,대학교,경기,사립,1,32039886006,11252761270,7996133000,2755613720,10181073666,310000000,90000000,2377267500,16060000,805071500,957155041,46275499163,609,76,2026-08-07T20:45:18.674Z
2023,0000683,한국학대학원,전문대학,일반대학원,경기,특별법법인,1,153140,0,0,0,0,0,0,0,0,0,0,153140,0,0,2026-08-07T20:45:18.674Z
2023,0000194,한국항공대학교,대학,대학교,경기,사립,1,14453221276,5569206833,5094583000,0,2281000000,0,0,130320000,0,1848528026,952584770,19191030239,382,50.2,2026-08-07T20:45:18.674Z
2023,0000201,한세대학교,대학,대학교,경기,사립,1,6085665087,4961528334,61701000,0,0,0,879063800,0,7000000,29138500,44555695,2145595748,230,9.3,2026-08-07T20:45:18.674Z
2023,0000202,한신대학교,대학,대학교,경기,사립,1,16998087386,10317105780,420366000,1532204500,0,0,43352500,487190000,500000,85761000,743027100,9993382706,385,26,2026-08-07T20:45:18.674Z
2023,0000647,합동신학대학원대학교,전문대학,전문대학원,경기,사립,1,1436126,0,0,0,0,0,0,0,0,0,0,1436126,18,0.1,2026-08-07T20:45:18.674Z
2023,0000207,협성대학교,대학,대학교,경기,사립,1,10011648293,9196971187,583458000,418762000,0,0,0,22190000,13568000,235781500,9600411313,11688847919,291,40.2,2026-08-07T20:45:18.674Z
2023,0000579,ICT폴리텍대학,전문대학,기능대학,경기,사립,1,345215606,345050000,0,169384000,0,0,0,0,0,0,0,169549606,0,0,2026-08-07T20:45:18.674Z
2023,0002748,가야대학교,대학,대학교,경남,사립,1,4733214803,4322754640,53250000,668741900,70000000,0,0,0,5000000,28545500,12588427,1248585990,120,10.4,2026-08-07T20:45:18.674Z
2023,0000412,거제대학교,전문대학,전문대학,경남,사립,1,9335574157,2599069480,71640000,378260000,150000000,0,0,0,0,15792000,485575862,7837772539,61,129,2026-08-07T20:45:18.674Z
2023,0000059,경남대학교,대학,대학교,경남,사립,1,37853906766,19343471266,2300346000,649842400,461000000,0,101000000,1241987500,175728000,624408900,2763796562,26828544862,648,41.4,2026-08-07T20:45:18.674Z
2023,0000402,경남도립거창대학,전문대학,전문대학,경남,공립,1,10516491867,1486067790,0,200000000,304000000,0,0,22190000,0,0,12770742125,22327356202,23,960,2026-08-07T20:45:18.674Z
2023,0000403,경남도립남해대학,전문대학,전문대학,경남,공립,1,9214904826,1529627500,0,0,0,0,0,0,9335000,0,10199413292,17894025618,20,897.3,2026-08-07T20:45:18.674Z
2023,0000007,경상대학교,대학,대학교,경남,국립,1,385048829426,30803254173,37710288000,478332000,6294833667,638000000,689431000,7994715500,4826683860,14595440000,27859284204,455332583484,703,648.1,2026-08-07T20:45:18.674Z
2023,0000569,김해대학교,전문대학,전문대학,경남,사립,1,12686846250,4138083666,0,0,0,0,29000000,0,0,19947000,6439552,8604149136,83,103.1,2026-08-07T20:45:18.674Z
2023,0000509,동원과학기술대학교,전문대학,전문대학,경남,사립,1,16390528070,5720150766,31344000,929600000,0,0,248000000,70145000,1500000,47725000,502105864,12500797168,121,102.9,2026-08-07T20:45:18.674Z
2023,0000470,마산대학교,전문대학,전문대학,경남,사립,1,23464777706,14468323630,0,0,0,0,1146000000,125000000,21880000,38139160,565869915,10893343151,296,36.8,2026-08-07T20:45:18.674Z
2023,0000222,부산장신대학교,대학,대학교,경남,사립,1,605458413,453991840,0,0,0,0,0,0,0,4242500,2013042,157722115,19,8.1,2026-08-07T20:45:18.674Z
2023,0002652,연암공과대학교,전문대학,전문대학,경남,사립,1,11916274580,2685386290,0,0,0,0,0,0,0,5470000,2604284,9238962574,65,142.2,2026-08-07T20:45:18.674Z
2023,0000164,인제대학교,대학,대학교,경남,사립,1,39920776717,16623849287,10684292000,810000000,855000001,515500000,147000000,140190000,146189470,830476410,2822866294,40248441605,635,63.4,2026-08-07T20:45:18.674Z
2023,0000260,진주교육대학교,대학,교육대학,경남,국립,1,27270209563,1318423000,43091000,0,0,0,0,60000000,2777000,139551466,13503600,26210709629,50,519.3,2026-08-07T20:45:18.674Z
2023,0000539,진주보건대학교,전문대학,전문대학,경남,사립,1,12804694642,7496507240,0,0,0,0,0,0,14004000,47018000,15601846,5384811248,145,37.1,2026-08-07T20:45:18.674Z
2023,0000249,창신대학교,대학,대학교,경남,사립,1,9339559620,4609852334,357002000,0,0,5000000,0,0,4400000,64601160,213890931,5374601377,131,41.1,2026-08-07T20:45:18.674Z
2023,0000028,창원대학교,대학,대학교,경남,국립,1,120915379112,13311712620,7683462000,0,4704390000,0,50000000,1580140000,77000000,1147348161,3329534807,126175541460,289,436.8,2026-08-07T20:45:18.674Z
2023,0000542,창원문성대학교,전문대학,전문대학,경남,사립,1,3500313183,3093314690,0,320096000,0,0,0,67190000,2500000,26203840,1253453907,2076442240,73,28.3,2026-08-07T20:45:18.674Z
2023,0000570,한국승강기대학교,전문대학,전문대학,경남,사립,1,7429359067,1423087364,0,0,257000000,0,0,121940000,11746000,26140300,5073861500,11496959503,37,312.8,2026-08-07T20:45:18.674Z
2023,0000410,가톨릭상지대학교,전문대학,전문대학,경북,사립,1,12462931743,4619481283,0,174000000,0,0,0,102000000,22108000,33996500,282113591,8457668551,102,83.2,2026-08-07T20:45:18.674Z
2023,0000456,경북과학대학교,전문대학,전문대학,경북,사립,1,5474738412,5214218140,0,0,0,0,0,0,2500000,451678500,121000250,835699022,100,8.4,2026-08-07T20:45:18.674Z
2023,0000405,경북도립대학교,전문대학,전문대학,경북,공립,1,5641782073,1503393223,0,0,0,0,0,67190000,260835600,0,12838344720,17304759170,20,866.8,2026-08-07T20:45:18.674Z
2023,0000438,경북보건대학교,전문대학,전문대학,경북,사립,1,10257549185,3249360300,0,0,0,0,0,0,500000,10755500,706062991,7725507376,70,109.8,2026-08-07T20:45:18.674Z
2023,0002642,경북전문대학교,전문대학,전문대학,경북,사립,1,18473595427,7927766330,0,182520000,0,0,50000000,60000000,6100000,33052000,1706972889,12584473986,142,88.6,2026-08-07T20:45:18.674Z
2023,0000668,경안대학원대학교,전문대학,전문대학원,경북,사립,1,0,0,0,0,0,0,0,0,0,0,0,0,2,0,2026-08-07T20:45:18.674Z
2023,0000244,경운대학교,대학,대학교,경북,사립,1,21913746464,12077648167,1287282000,200000000,0,0,234000000,0,8250400,75353300,1925559570,13566543567,343,39.6,2026-08-07T20:45:18.674Z
2023,0000064,경일대학교,대학,대학교,경북,사립,1,40327856169,15483685463,1255814000,205000000,89850000,0,550000000,337071000,51334000,305994500,687949251,28327183457,476,59.6,2026-08-07T20:45:18.674Z
2023,0000065,경주대학교,대학,대학교,경북,사립,2,2385515411,369160000,0,168080776,0,0,0,0,122317000,19387500,68484110,2394624797,54,39,2026-08-07T20:45:18.674Z
2023,0000430,구미대학교,전문대학,전문대학,경북,사립,1,30936425300,17695050880,0,459004000,0,0,25000000,0,18800000,81469000,5729654353,19555301773,306,64,2026-08-07T20:45:18.674Z
2023,0000010,금오공과대학교,대학,대학교,경북,국립,1,89833375562,8880806240,10690024000,450000000,1649714000,99765000,0,1976140000,4396200,1127592000,4653414678,101603615200,180,563.3,2026-08-07T20:45:18.674Z
2023,0000241,김천대학교,대학,대학교,경북,사립,1,6968104189,5577490035,101880000,0,0,0,45000000,0,10500000,53309700,766691183,2367995037,167,14.2,2026-08-07T20:45:18.674Z
2023,0000442,대경대학교,전문대학,전문대학,경북,사립,1,22326707766,10976590890,41400000,0,0,0,55000000,0,11500000,40187350,125016260,11623220486,218,53.4,2026-08-07T20:45:18.674Z
2023,0000088,대구가톨릭대학교,대학,대학교,경북,사립,1,46573356557,25042615616,6789002000,375000000,887000000,225000000,57400000,67190000,63500000,3052919700,6808778718,39856531359,845,47.2,2026-08-07T20:45:18.674Z
2023,0000084,대구대학교,대학,대학교,경북,사립,1,69261218965,38418956630,3220630000,1500126000,662045000,425000000,233480000,8159105500,1166339000,1699102400,2443092968,50351183203,1154,43.6,2026-08-07T20:45:18.674Z
2023,0000320,대구사이버대학교,대학,사이버대학(대학),경북,사립,1,5311604976,5234249250,0,0,0,0,0,0,0,86595250,6589961,170540937,110,1.6,2026-08-07T20:45:18.674Z
2023,0000087,대구예술대학교,대학,대학교,경북,사립,1,1222002624,1107090666,0,0,0,0,41019000,0,17314000,17485830,10378500,201109288,33,6.1,2026-08-07T20:45:18.674Z
2023,0000061,대구한의대학교,대학,대학교,경북,사립,1,34933953800,16786622150,3226607000,640000000,0,434600000,275942500,522190000,210318950,801662180,4406695117,28665347397,483,59.4,2026-08-07T20:45:18.674Z
2023,0000093,대신대학교,대학,대학교,경북,사립,1,1841556106,1669308100,0,0,0,0,0,0,0,30023000,96212241,298483247,35,8.5,2026-08-07T20:45:18.674Z
2023,0000106,동양대학교,대학,대학교,경북,사립,1,15685082284,9304135161,161429000,0,208283000,0,196000000,22190000,4691000,334381830,1130187197,8438109150,276,30.6,2026-08-07T20:45:18.674Z
2023,0000475,문경대학교,전문대학,전문대학,경북,사립,1,9891603233,2228028234,0,0,0,0,0,0,0,13055580,1813343000,9489973579,44,215,2026-08-07T20:45:18.674Z
2023,0000550,선린대학교,전문대학,전문대학,경북,사립,1,11967707622,5141572303,30240000,0,0,0,0,0,5000000,20258500,390034935,7271668754,109,66.6,2026-08-07T20:45:18.674Z
2023,0002647,성덕대학교,전문대학,전문대학,경북,사립,1,11559651549,5232405000,30240000,0,0,0,0,0,121499000,75340500,253117000,6807443049,75,90.6,2026-08-07T20:45:18.674Z
2023,0002650,안동과학대학교,전문대학,전문대학,경북,사립,1,14149782305,5503654162,30240000,170100000,0,0,59000000,0,1000000,22911000,636397427,9565776570,121,78.9,2026-08-07T20:45:18.674Z
2023,0000021,안동대학교,대학,대학교,경북,국립,1,97963566329,9078949360,5469984000,1200000000,779000000,0,64000000,50590000,875768700,2676300000,7091281544,107091541213,167,640.7,2026-08-07T20:45:18.674Z
2023,0000151,영남대학교,대학,대학교,경북,사립,1,88289695716,43049601814,19051226000,642400000,3952550333,348000000,469625300,295000000,1255261500,3484922843,6713717542,81452797420,1699,47.9,2026-08-07T20:45:18.674Z
2023,0000153,영남신학대학교,대학,대학교,경북,사립,1,1365977129,1192333600,0,0,53333333,0,0,0,0,4712000,109923,231798785,36,6.4,2026-08-07T20:45:18.674Z
2023,0000418,영남외국어대학,전문대학,전문대학,경북,사립,1,946678143,885439500,0,0,0,0,0,0,0,15690000,2000000,78928643,23,3.5,2026-08-07T20:45:18.674Z
2023,0000160,위덕대학교,대학,대학교,경북,사립,1,9826552698,5742187837,30650000,185100000,0,0,80000000,22190000,7800000,47729000,2711791200,7169625061,162,44.2,2026-08-07T20:45:18.674Z
2023,0000188,포항공과대학교,대학,대학교,경북,사립,1,53800016612,1815601800,112171446664,0,15734951666,1167554346,400000000,952190000,321059000,5146803070,4136920659,192015340217,268,715.9,2026-08-07T20:45:18.674Z
2023,0002658,포항대학교,전문대학,전문대학,경북,사립,1,8404340407,4451501166,0,0,2917000000,0,0,22190000,0,20634500,1320525629,8233189370,89,92,2026-08-07T20:45:18.674Z
2023,0000576,한국복지사이버대학,전문대학,사이버대학(전문대학),경북,사립,1,3343015501,3301636000,0,0,0,0,0,0,0,44604000,287370,86270871,60,1.5,2026-08-07T20:45:18.674Z
2023,0003104,한국폴리텍 특성화대학,전문대학,기능대학,경북,사립,1,1359137780,1313353335,0,42696837582,83800000,0,0,0,1082000,0,371967916,43199471943,0,0,2026-08-07T20:45:18.674Z
2023,0000624,한국폴리텍 VI 대학,전문대학,기능대학,경북,사립,1,1481453340,1469015002,89700000,41657495086,0,0,0,63000000,0,1824000,556600000,42381057424,0,0,2026-08-07T20:45:18.674Z
2023,0000196,한동대학교,대학,대학교,경북,사립,1,29852421665,9123571484,1874105000,200000000,1048066000,306660000,450980000,200000000,48694000,587992695,1410319579,26855667455,314,85.4,2026-08-07T20:45:18.674Z
2023,0000415,호산대학교,전문대학,전문대학,경북,사립,1,11326482319,4782425950,0,200000000,0,0,0,0,0,47526460,85397000,6876979829,114,60.1,2026-08-07T20:45:18.674Z
2023,0000073,광신대학교,대학,대학교,광주,사립,1,1627117826,1520865000,0,0,0,0,0,0,3866000,67554000,40902560,218575386,54,4.1,2026-08-07T20:45:18.674Z
2023,0000381,광주과학기술원,대학,대학교,광주,특별법법인,1,3432105510,309000000,158584854736,0,3682758250,809755915,3377000000,40000000,26000000,3714000000,421708000,173779182411,0,0,2026-08-07T20:45:18.674Z
2023,0000252,광주교육대학교,대학,교육대학,광주,국립,1,31809778066,1457722500,54552000,0,0,0,0,0,0,0,759416590,31166024156,62,498.8,2026-08-07T20:45:18.674Z
2023,0000231,광주대학교,대학,대학교,광주,사립,1,31098478457,15268241997,624963000,222910000,150000000,5000000,148160000,182190000,53534000,207448000,2124920668,19549362128,375,52.1,2026-08-07T20:45:18.674Z
2023,0000429,광주보건대학교,전문대학,전문대학,광주,사립,1,19992590770,9259500144,0,0,163570000,0,0,0,5094000,19609330,594222853,11515586809,178,64.8,2026-08-07T20:45:18.674Z
2023,0000076,광주여자대학교,대학,대학교,광주,사립,1,18008720490,9201761994,162242000,200000000,0,0,50000000,0,41493000,37994500,231410572,9530098568,227,41.9,2026-08-07T20:45:18.674Z
2023,0002972,기독간호대학교,전문대학,전문대학,광주,사립,1,5491270039,1430107000,0,0,0,0,0,0,0,5408750,0,4066571789,31,130.4,2026-08-07T20:45:18.674Z
2023,0000216,남부대학교,대학,대학교,광주,사립,1,12626603872,6679300286,228116000,0,564000000,0,43000000,508416000,20740000,181239300,1303563499,8796378385,190,46.3,2026-08-07T20:45:18.674Z
2023,0000460,동강대학교,전문대학,전문대학,광주,사립,1,8950111212,6288545160,30240000,286015000,0,0,44000000,206940000,10402000,49419000,923756449,4212338501,123,34.1,2026-08-07T20:45:18.674Z
2023,0002646,서영대학교,전문대학,전문대학,광주,사립,1,23747105786,14781447023,41400000,107969000,0,0,0,0,0,85207540,1538331105,10738566408,264,40.7,2026-08-07T20:45:18.674Z
2023,0000243,송원대학교,대학,대학교,광주,사립,1,12392100298,6148294960,112990000,0,0,0,66000000,0,23000000,94475000,4452738267,10993008605,178,61.8,2026-08-07T20:45:18.674Z
2023,0000023,전남대학교,대학,대학교,광주,국립,1,413315813797,29158314780,65914489000,1739995600,8216380667,1687032955,1199443000,1212685000,6992184080,20368705000,32591869751,524080284070,905,579.1,2026-08-07T20:45:18.674Z
2023,0002974,조선간호대학교,전문대학,전문대학,광주,사립,1,6036879633,1391264250,67500000,0,0,0,0,0,20000000,9252300,22712000,4765079683,39,121.8,2026-08-07T20:45:18.674Z
2023,0000172,조선대학교,대학,대학교,광주,사립,1,79823706849,40714907912,21128843000,814464990,5156260000,1399750000,365000000,1742311000,151398000,4294269630,4869959445,79031055002,1378,57.3,2026-08-07T20:45:18.674Z
2023,0000534,조선이공대학교,전문대학,전문대학,광주,사립,1,23928539084,7165811500,63400000,0,292000000,0,80000000,220060000,0,42375000,302500000,17763062584,152,117,2026-08-07T20:45:18.674Z
2023,0000616,한국폴리텍 V 대학,전문대학,기능대학,광주,사립,1,1796974013,1789059922,0,49720545975,0,0,0,60000000,0,1216000,136650000,49926326066,0,0,2026-08-07T20:45:18.674Z
2023,0000208,호남대학교,대학,대학교,광주,사립,1,32835914240,15572765600,218239000,450000000,96000000,100000000,466600000,22190000,22000000,78618500,3674624798,22391420938,487,46,2026-08-07T20:45:18.674Z
2023,0000209,호남신학대학교,대학,대학교,광주,사립,1,1706982722,1429193065,0,0,0,0,0,0,12810600,27848900,20111032,338560189,43,7.9,2026-08-07T20:45:18.674Z
2023,0000005,경북대학교,대학,대학교,대구,국립,1,428131069405,30778718420,85189279000,1280085200,14346496667,2144939279,452250000,1526950000,8187778470,21250468678,26683963143,558414561422,1096,509.4,2026-08-07T20:45:18.674Z
2023,0000068,계명대학교,대학,대학교,대구,사립,1,82395828944,47251315634,9941296000,450000000,1841866667,1045095000,932841000,407190000,189928000,1792537577,3300984744,55046252298,1590,34.6,2026-08-07T20:45:18.674Z
2023,0000425,계명문화대학교,전문대학,전문대학,대구,사립,1,28597956444,13823820936,28728000,391994000,34000000,0,40000000,250990000,9596440,766523000,317736124,16613703072,252,66,2026-08-07T20:45:18.674Z
2023,0000382,대구경북과학기술원,대학,대학교,대구,특별법법인,1,3352723717,1750000,123401871000,0,1209740001,580321670,0,167600000,76890120,571000000,2244800000,131603196508,0,0,2026-08-07T20:45:18.674Z
2023,0000443,대구공업대학교,전문대학,전문대학,대구,사립,1,4411770637,3890552990,90000000,0,0,0,0,22190000,0,63927000,2000000,699334647,68,10.2,2026-08-07T20:45:18.674Z
2023,0000446,대구과학대학교,전문대학,전문대학,대구,사립,1,29777792616,13266412721,76856000,0,0,0,27000000,0,17600000,248700850,1483557000,18365093745,242,76,2026-08-07T20:45:18.674Z
2023,0000253,대구교육대학교,대학,교육대학,대구,국립,1,37927549577,1681936660,48918000,0,0,0,0,0,0,0,524851000,36819381917,88,416.4,2026-08-07T20:45:18.674Z
2023,0000444,대구보건대학교,전문대학,전문대학,대구,사립,1,36995082727,18271442367,0,229200000,290000000,0,23000000,713257000,18959000,74618750,847894572,20920569682,400,52.3,2026-08-07T20:45:18.674Z
2023,0002649,수성대학교,전문대학,전문대학,대구,사립,1,12141971454,10152214040,0,262630000,0,0,0,22190000,26585000,92474000,855731000,3249367414,186,17.5,2026-08-07T20:45:18.674Z
2023,0000513,영남이공대학교,전문대학,전문대학,대구,사립,1,31133268550,15419580903,80708000,520500000,380000000,0,0,696292000,3000000,48586750,698136900,18140911297,335,54.1,2026-08-07T20:45:18.674Z
2023,0000575,영진사이버대학,전문대학,사이버대학(전문대학),대구,사립,1,6610810893,6458996400,0,0,0,0,0,0,0,83289000,8114482,243217975,94,2.6,2026-08-07T20:45:18.674Z
2023,0000517,영진전문대학교,전문대학,전문대학,대구,사립,1,39225486957,18434725090,0,1406259000,0,0,80000000,320000000,6000000,119839500,943905275,23666765642,399,59.3,2026-08-07T20:45:18.674Z
2023,0000643,건신대학원대학교,전문대학,전문대학원,대전,사립,1,325789,0,0,0,0,0,0,0,0,0,9622,335411,11,0,2026-08-07T20:45:18.674Z
2023,0000335,건양사이버대학교,대학,사이버대학(대학),대전,사립,1,7228745667,6475944520,0,0,0,0,0,160000000,0,86905500,72254818,1071961465,97,11,2026-08-07T20:45:18.674Z
2023,0000664,과학기술연합대학원대학교,전문대학,전문대학원,대전,기타,1,27201429,0,18998400000,0,0,0,0,0,0,0,0,19025601429,0,0,2026-08-07T20:45:18.674Z
2023,0000546,대덕대학교,전문대학,전문대학,대전,사립,1,5331335410,4558354930,0,266369000,0,0,32000000,259020000,4500000,21188500,103028953,1459086933,91,16,2026-08-07T20:45:18.674Z
2023,0000453,대전과학기술대학교,전문대학,전문대학,대전,사립,1,19010238940,9189782106,0,0,0,0,40000000,84705000,25598000,32592500,331363525,10334715859,226,45.8,2026-08-07T20:45:18.674Z
2023,0000095,대전대학교,대학,대학교,대전,사립,1,38142274048,17998742880,1902527000,260000000,526000000,1507500000,72000000,464325000,65516000,943317153,10021012289,35905728610,617,58.2,2026-08-07T20:45:18.674Z
2023,0000451,대전보건대학교,전문대학,전문대학,대전,사립,1,22438107484,11263646124,30240000,299335000,0,0,0,22190000,13327000,35565450,1228520431,12803639241,247,51.7,2026-08-07T20:45:18.674Z
2023,0000238,대전신학대학교,대학,대학교,대전,사립,1,234280872,122481000,0,0,0,0,0,0,9500000,1486500,0,122786372,8,15.7,2026-08-07T20:45:18.674Z
2023,0000112,목원대학교,대학,대학교,대전,사립,1,29176138143,16098968070,969489000,600000000,484000000,0,173000000,22190000,20000000,290729000,884749357,16521327430,520,31.8,2026-08-07T20:45:18.674Z
2023,0000113,배재대학교,대학,대학교,대전,사립,1,29471071838,16616464970,4711040000,970800000,40000000,0,277515600,22190000,52214000,373486000,10364252664,29666105132,535,55.5,2026-08-07T20:45:18.674Z
2023,0000240,우송대학교,대학,대학교,대전,사립,1,38516032362,19868719214,2074677000,0,222000000,0,0,0,137630150,2637247190,886180655,24605048143,772,31.9,2026-08-07T20:45:18.674Z
2023,0000452,우송정보대학,전문대학,전문대학,대전,사립,1,17437599239,8698404064,0,653107000,0,0,0,91100000,2000000,24249400,231114925,9740766500,185,52.5,2026-08-07T20:45:18.674Z
2023,0000161,을지대학교,대학,대학교,대전,사립,1,14332337120,8546689217,2380926000,0,649933333,1123000000,594009000,60000000,25500000,2945063200,655104653,14219184089,397,35.8,2026-08-07T20:45:18.674Z
2023,0000029,충남대학교,대학,대학교,대전,국립,1,322102819994,22504310170,58049653000,0,9123652000,3338132399,1258858004,696264000,7941384000,17560111234,10563252696,408129817157,815,500.6,2026-08-07T20:45:18.674Z
2023,0000182,침례신학대학교,대학,대학교,대전,사립,1,4931401752,2518846567,0,0,0,0,0,0,7093200,21253400,8845477,2449747262,87,28.1,2026-08-07T20:45:18.674Z
2023,0000374,한국과학기술원,대학,대학교,대전,특별법법인,1,19896887424,2444682000,430109285592,0,20358842583,4934988747,1745000000,6725990000,0,11845926550,3877007477,497049246373,0,0,2026-08-07T20:45:18.674Z
2023,0000603,한국폴리텍 IV 대학,전문대학,기능대학,대전,사립,1,2318047720,2284632002,38812000,60717076615,0,0,0,0,4164000,1216000,1125970000,61920654333,0,0,2026-08-07T20:45:18.674Z
2023,0000195,한남대학교,대학,대학교,대전,사립,1,46580353490,22967126236,4593187000,1370994000,654600000,0,154200000,6993190000,93272000,731168980,2403481738,40607320972,821,49.5,2026-08-07T20:45:18.674Z
2023,0000039,한밭대학교,대학,대학교,대전,국립,1,110316935225,13445388330,11755005000,1020300000,2520463000,70000000,0,1229718000,6658800,523272400,2431910498,116428874593,322,361.8,2026-08-07T20:45:18.674Z
2023,0002640,경남정보대학교,전문대학,전문대학,부산,사립,1,35695235351,17190675202,0,277794000,150000000,0,35000000,590000000,24502000,60361690,668348415,20310566254,319,63.6,2026-08-07T20:45:18.674Z
2023,0000062,경성대학교,대학,대학교,부산,사립,1,46299445538,25496706848,1183191000,1284769047,0,0,211000000,22190000,7000000,2055515000,467728175,26034131912,804,32.4,2026-08-07T20:45:18.674Z
2023,0000071,고신대학교,대학,대학교,부산,사립,1,15600157098,7571171002,2098384000,200000000,0,74000000,1094182000,0,1500000,559491000,1231658497,13288201593,249,53.3,2026-08-07T20:45:18.674Z
2023,0000447,대동대학교,전문대학,전문대학,부산,사립,1,7492084332,3616165517,0,0,0,0,35000000,0,2500000,22864000,130865334,4067148149,84,48.5,2026-08-07T20:45:18.674Z
2023,0000235,동명대학교,대학,대학교,부산,사립,1,34522505569,18668381630,2501404000,485100000,991406000,0,121000000,501190000,1500000,399698500,1536250800,22391673239,473,47.4,2026-08-07T20:45:18.674Z
2023,0000103,동서대학교,대학,대학교,부산,사립,1,44735884453,23172841964,3686337000,1457408000,350000000,0,501600000,302619000,26500000,471090342,1927092613,30285689444,595,50.9,2026-08-07T20:45:18.674Z
2023,0000105,동아대학교,대학,대학교,부산,사립,1,72149389098,37350185271,12270851000,768800000,5265533333,190500000,253329232,1411701000,206405000,6017654280,1998657519,63182635191,1395,45.3,2026-08-07T20:45:18.674Z
2023,0000466,동의과학대학교,전문대학,전문대학,부산,사립,1,24254312129,10586359930,30240000,545967000,0,0,47000000,717402000,2000000,68902000,805587900,15885051099,225,70.7,2026-08-07T20:45:18.674Z
2023,0000107,동의대학교,대학,대학교,부산,사립,1,58333006516,33233382345,4940870000,1241951000,1050450000,762800000,206300000,67190000,13699000,1304372410,2142698608,36829955189,952,38.7,2026-08-07T20:45:18.674Z
2023,0000467,동주대학교,전문대학,전문대학,부산,사립,1,16571729698,7026715185,0,0,0,0,0,0,6000000,32886750,167533246,9751434509,135,72.5,2026-08-07T20:45:18.674Z
2023,0000013,부경대학교,대학,대학교,부산,국립,1,223591617417,25281638410,23456787000,500000000,3749555000,0,6781864,549060000,18350000,18469181207,2513852120,247573546198,584,424.2,2026-08-07T20:45:18.674Z
2023,0000114,부산가톨릭대학교,대학,대학교,부산,사립,1,19881705088,8037919141,683084000,88000000,85000000,400000000,0,22190000,4470000,37323000,235703795,13399556742,240,55.8,2026-08-07T20:45:18.674Z
2023,0000479,부산경상대학교,전문대학,전문대학,부산,사립,1,19328838826,6231388189,0,342143000,0,0,0,230000000,0,39009500,636144000,14344747137,104,138.2,2026-08-07T20:45:18.674Z
2023,0000481,부산과학기술대학교,전문대학,전문대학,부산,사립,1,23586556552,9721279204,0,301435000,0,0,0,398800000,0,93832260,443443303,15102787911,185,81.5,2026-08-07T20:45:18.674Z
2023,0000254,부산교육대학교,대학,교육대학,부산,국립,1,34588308241,1301116000,0,0,0,0,0,0,0,50000000,421950350,33759142591,64,526.9,2026-08-07T20:45:18.674Z
2023,0000014,부산대학교,대학,대학교,부산,국립,1,409018591657,28707651320,98855657245,1000874880,15797962333,2630140000,635500000,7927286000,640310000,15684240530,13972227725,537455139050,1074,500.5,2026-08-07T20:45:18.674Z
2023,0000321,부산디지털대학교,대학,사이버대학(대학),부산,사립,1,5004893625,3582520433,0,0,0,0,0,0,0,100826500,324464308,1847664000,60,30.7,2026-08-07T20:45:18.674Z
2023,0000480,부산여자대학교,전문대학,전문대학,부산,사립,1,12209017582,5695957069,0,200000000,0,0,0,0,15808000,31460000,164604000,6924932513,109,63.5,2026-08-07T20:45:18.674Z
2023,0000561,부산예술대학교,전문대학,전문대학,부산,사립,1,2310749374,2107371327,0,0,0,0,0,0,0,38968000,103065290,345411337,34,10.2,2026-08-07T20:45:18.674Z
2023,0000115,부산외국어대학교,대학,대학교,부산,사립,1,22905212115,12975005554,250000000,1021470000,235000000,0,50000000,0,13099000,337280410,881081312,12718137283,422,30.1,2026-08-07T20:45:18.674Z
2023,0000144,신라대학교,대학,대학교,부산,사립,1,28225164813,15277185100,442297000,948928000,437550000,314360000,53800000,0,670745000,460467000,3238057500,19514184213,462,42.3,2026-08-07T20:45:18.674Z
2023,0003193,영산대학교,대학,대학교,부산,사립,1,24374658923,13730399870,374487000,1018540000,0,0,108500000,22190000,44000000,168544500,660774831,13041295384,340,38.4,2026-08-07T20:45:18.674Z
2023,0003163,한국폴리텍 VII 대학,전문대학,기능대학,부산,사립,1,3450854917,3305098670,0,54944354076,0,0,0,112000000,0,206485330,858819782,56267415435,0,0,2026-08-07T20:45:18.674Z
2023,0000033,한국해양대학교,대학,대학교,부산,국립,1,119805257577,9410941131,5319704000,568080000,2942482000,0,30000000,302918000,80742200,4682513050,989901799,125310657495,215,584,2026-08-07T20:45:18.674Z
2023,0000333,화신사이버대학교,대학,사이버대학(대학),부산,사립,1,4195771463,3501534500,0,0,0,0,0,0,0,37485000,231750000,963471963,43,22.6,2026-08-07T20:45:18.674Z
2023,0000050,감리교신학대학교,대학,대학교,서울,사립,1,2309090794,1689043210,0,0,0,0,0,0,3000000,12860000,13183949,649091533,72,9,2026-08-07T20:45:18.674Z
2023,0000079,강서대학교,대학,대학교,서울,사립,1,3334398489,2674533917,250750000,0,0,0,21000000,0,150000000,5983000,403360046,1490957618,106,14,2026-08-07T20:45:18.674Z
2023,0000663,개신대학원대학교,전문대학,전문대학원,서울,사립,1,7695000,0,0,0,0,0,0,0,0,0,147897,7842897,12,0.6,2026-08-07T20:45:18.674Z
2023,0000052,건국대학교,대학,대학교,서울,사립,2,79347892377,35387056969,34076188000,1173800000,6534166667,2541987471,171401159,82190000,4381608880,15733762585,4485376200,113141316370,2300,37.2,2026-08-07T20:45:18.674Z
2023,0000066,경희대학교,대학,대학교,서울,사립,1,77576303685,34570148240,51242171000,0,10943125667,13917637471,1455072800,516559000,629633980,11160667811,4287366882,137158390056,3040,45.1,2026-08-07T20:45:18.674Z
2023,0000318,경희사이버대학교,대학,사이버대학(대학),서울,사립,1,13541763377,12629408500,1800000000,0,0,0,0,0,0,226639250,3518866,2942512993,325,9.1,2026-08-07T20:45:18.674Z
2023,0000069,고려대학교,대학,대학교,서울,사립,2,154794944402,30400048335,172933809268,430000000,25040236000,14298473967,3533250000,968780000,2040103000,34043501727,15637688343,393320738372,3704,92.3,2026-08-07T20:45:18.674Z
2023,0000328,고려사이버대학교,대학,사이버대학(대학),서울,사립,1,8139220538,7167810400,0,0,0,70000000,0,0,0,530197513,2800426,1574408077,214,7.4,2026-08-07T20:45:18.674Z
2023,0000074,광운대학교,대학,대학교,서울,사립,1,29300927812,12174928934,12238381000,697894940,3584400000,140000000,1177000000,155407000,29000000,1974957300,2611762919,39734802037,779,51,2026-08-07T20:45:18.674Z
2023,0000078,국민대학교,대학,대학교,서울,사립,1,63563511143,23655397210,21633409000,412500000,5214866667,500000000,1791000000,0,149197000,7047395550,3210614949,79867097099,1562,51.1,2026-08-07T20:45:18.674Z
2023,0000649,국제신학대학원대학교,전문대학,전문대학원,서울,사립,1,1541571,0,0,0,0,0,0,0,0,0,0,1541571,29,0.1,2026-08-07T20:45:18.674Z
2023,0000656,국제영어대학원대학교,전문대학,전문대학원,서울,사립,1,0,0,0,0,0,0,0,0,0,0,0,0,15,0,2026-08-07T20:45:18.674Z
2023,0000099,덕성여자대학교,대학,대학교,서울,사립,1,18495738430,8460441500,2464642000,473100000,208100000,200000000,60000000,60000000,105746000,1203098080,1329538138,16139521148,404,39.9,2026-08-07T20:45:18.674Z
2023,0000100,동국대학교,대학,대학교,서울,사립,2,76048234190,33252891353,29680142000,875250000,5373167000,3978840000,5038052400,1159380000,688725000,7025055854,7411594178,104025549269,2118,36.9,2026-08-07T20:45:18.674Z
2023,0000102,동덕여자대학교,대학,대학교,서울,사립,1,19383889371,11931278407,768759000,657575000,127605000,280000000,60000000,0,108569000,1271059000,1191616007,11917793971,516,23.1,2026-08-07T20:45:18.674Z
2023,0000669,동방문화대학원대학교,전문대학,전문대학원,서울,사립,1,0,0,0,0,0,0,0,0,0,0,272465,272465,27,0,2026-08-07T20:45:18.674Z
2023,0000463,동양미래대학교,전문대학,전문대학,서울,사립,1,29564508098,14213137551,164828000,342946000,150000000,0,0,0,3320000,78835000,203549985,16294849532,366,44.5,2026-08-07T20:45:18.674Z
2023,0000330,디지털서울문화예술대학교,대학,사이버대학(대학),서울,사립,1,4887744874,4258002000,0,0,0,0,17000000,0,0,45529000,13351647,705623521,119,5.9,2026-08-07T20:45:18.674Z
2023,0000473,명지전문대학,전문대학,전문대학,서울,사립,1,30885430636,15791732786,152830000,0,150000000,20000000,0,0,0,79768330,35935351,15532231531,402,38.6,2026-08-07T20:45:18.674Z
2023,0000476,배화여자대학교,전문대학,전문대학,서울,사립,1,14331367408,5907291510,47610000,410004000,0,0,0,492667000,0,226720000,327902083,9928978981,150,66.1,2026-08-07T20:45:18.674Z
2023,0000642,베뢰아국제대학원대학교,전문대학,전문대학원,서울,사립,1,7858,0,0,0,0,0,0,0,0,0,0,7858,2,0,2026-08-07T20:45:18.674Z
2023,0000670,북한대학원대학교,전문대학,전문대학원,서울,사립,1,200000000,0,0,0,0,0,0,0,0,0,127860,200127860,13,15.2,2026-08-07T20:45:18.674Z
2023,0000332,사이버한국외국어대학교,대학,사이버대학(대학),서울,사립,1,6484038589,6263471333,0,0,0,0,29000000,0,0,118789830,3794558,372151644,157,2.4,2026-08-07T20:45:18.674Z
2023,0000116,삼육대학교,대학,대학교,서울,사립,1,20743686933,10709042530,3240028000,855000000,0,51250000,294000000,82190000,47555000,435209830,1382499502,16422376735,490,33.5,2026-08-07T20:45:18.674Z
2023,0000483,삼육보건대학교,전문대학,전문대학,서울,사립,1,8087507050,2439484121,30240000,261136000,0,0,0,0,0,30000000,27039000,5996437929,70,85.5,2026-08-07T20:45:18.674Z
2023,0000117,상명대학교,대학,대학교,서울,사립,1,36004312774,23001181906,5182958000,450000000,386520000,64000000,784500000,82190000,63152000,1786600600,6541376817,28344428285,1024,27.7,2026-08-07T20:45:18.674Z
2023,0000120,서강대학교,대학,대학교,서울,사립,1,35143999231,8566254668,44271198000,0,4214333333,735000000,1202000000,67190000,21541000,1247280760,769446090,79105733746,1143,69.2,2026-08-07T20:45:18.674Z
2023,0000121,서경대학교,대학,대학교,서울,사립,1,19610538378,11241790234,1146061000,192000000,110500000,0,1293000000,0,38036810,4215714850,1653730513,17017791317,525,32.4,2026-08-07T20:45:18.674Z
2023,0000036,서울과학기술대학교,대학,대학교,서울,국립,1,134301836473,14379242370,22527544000,450000000,5125648000,237500000,337000000,922190000,850626340,4199330490,780159941,155352592874,546,284.6,2026-08-07T20:45:18.674Z
2023,0000666,서울과학종합대학원대학교,전문대학,전문대학원,서울,사립,1,6479736,0,0,0,0,0,0,0,0,0,0,6479736,163,0,2026-08-07T20:45:18.674Z
2023,0000255,서울교육대학교,대학,교육대학,서울,국립,1,29128848447,1191562660,48120000,0,0,0,0,0,0,135000000,688844000,28809249787,82,351.1,2026-08-07T20:45:18.674Z
2023,0000098,서울기독대학교,대학,대학교,서울,사립,1,624951367,563992000,0,0,0,0,0,0,0,12353000,2000000,75312367,32,2.3,2026-08-07T20:45:18.674Z
2023,0000019,서울대학교,대학,대학교,서울,국립대법인,1,754082613386,14255496300,433660936000,0,29219798493,23202202812,4495145168,0,6124889250,61524154730,8927901088,1306982144627,0,0,2026-08-07T20:45:18.674Z
2023,0000322,서울디지털대학교,대학,사이버대학(대학),서울,사립,1,11653043178,11002076700,0,0,0,0,0,0,0,249994500,3448165,904409143,243,3.7,2026-08-07T20:45:18.674Z
2023,0000677,서울미디어대학원대학교,전문대학,특수대학원,서울,사립,1,402315,0,0,0,102120000,0,98000000,0,0,0,0,200522315,17,11.9,2026-08-07T20:45:18.674Z
2023,0000660,서울벤처대학원대학교,전문대학,전문대학원,서울,사립,1,0,0,0,0,0,0,0,0,25650000,0,0,25650000,25,1,2026-08-07T20:45:18.674Z
2023,0000658,서울불교대학원대학교,전문대학,전문대학원,서울,사립,1,5365000,0,0,0,0,0,0,0,0,0,854234,6219234,17,0.4,2026-08-07T20:45:18.674Z
2023,0000323,서울사이버대학교,대학,사이버대학(대학),서울,사립,1,19331013830,17997485300,82800000,0,0,0,176000000,0,0,333354200,7247221,1932929951,446,4.3,2026-08-07T20:45:18.674Z
2023,0000653,서울사회복지대학원대학교,전문대학,특수대학원,서울,사립,1,187350,0,0,0,0,0,0,0,0,0,0,187350,0,0,2026-08-07T20:45:18.674Z
2023,0000650,서울성경신학대학원대학교,전문대학,전문대학원,서울,사립,1,0,0,0,0,0,0,0,0,0,0,0,0,4,0,2026-08-07T20:45:18.674Z
2023,0000040,서울시립대학교,대학,대학교,서울,공립,1,31189352310,7573260820,18921948000,450000000,1704906000,153500000,12000000,22190000,18099500,10796996210,66345709836,122041441036,338,360.7,2026-08-07T20:45:18.674Z
2023,0002973,서울여자간호대학교,전문대학,전문대학,서울,사립,1,4557341661,1369664366,54810000,0,0,0,0,0,0,18816500,73701384,3335005179,55,60.5,2026-08-07T20:45:18.674Z
2023,0000126,서울여자대학교,대학,대학교,서울,사립,1,21601037934,12657395598,1262311000,200000000,645000000,390000000,384092500,0,446480000,1066091600,3460207301,16797824737,518,32.4,2026-08-07T20:45:18.674Z
2023,0000659,서울외국어대학원대학교,전문대학,전문대학원,서울,사립,1,14959826,0,0,0,0,0,0,0,0,0,0,14959826,30,0.5,2026-08-07T20:45:18.674Z
2023,0000490,서일대학교,전문대학,전문대학,서울,사립,1,22752819511,14327080223,364317000,550050000,0,0,0,0,0,95358000,775396392,10210860680,336,30.4,2026-08-07T20:45:18.674Z
2023,0000132,성공회대학교,대학,대학교,서울,사립,1,6024530029,4352316536,31276000,0,0,0,0,0,13047600,123783800,228525160,2068846053,163,12.7,2026-08-07T20:45:18.674Z
2023,0000133,성균관대학교,대학,대학교,서울,사립,1,123183014124,21702634717,173687372294,815241667,29443290167,6837028025,516000000,7577810000,458762000,13974790906,3773910772,338564585238,2927,115.7,2026-08-07T20:45:18.674Z
2023,0000136,성신여자대학교,대학,대학교,서울,사립,1,24416180105,15558401000,4907106000,450000000,819175000,1380000000,290362037,0,34116000,318596512,1246205705,18303340359,800,22.9,2026-08-07T20:45:18.674Z
2023,0000138,세종대학교,대학,대학교,서울,사립,1,40716362656,17770820300,34358556000,450000000,7698572667,532600000,848400000,0,631084000,9215230260,354006505,77033991788,1374,56.1,2026-08-07T20:45:18.674Z
2023,0000325,세종사이버대학교,대학,사이버대학(대학),서울,사립,1,15983977684,15467140500,50000000,0,0,0,0,0,0,277686000,3396676,847919860,294,2.9,2026-08-07T20:45:18.674Z
2023,0000141,숙명여자대학교,대학,대학교,서울,사립,1,37081030667,14925882600,16163751000,450000000,1654460000,383713815,423000000,0,225244000,2743598500,4388381473,48587296855,1051,46.3,2026-08-07T20:45:18.674Z
2023,0000671,순복음대학원대학교,전문대학,전문대학원,서울,사립,1,1288697,0,0,0,0,0,0,0,0,0,175381,1464078,7,0.2,2026-08-07T20:45:18.674Z
2023,0000143,숭실대학교,대학,대학교,서울,사립,1,43888679164,19265851500,24754274000,450000000,3597190000,90000000,245000000,703615000,223884414,2193520685,2284968882,59165280645,1414,41.8,2026-08-07T20:45:18.674Z
2023,0000329,숭실사이버대학교,대학,사이버대학(대학),서울,사립,1,9053259505,8659440181,0,0,0,0,0,0,0,169573000,1443364,564835688,204,2.8,2026-08-07T20:45:18.674Z
2023,0000500,숭의여자대학교,전문대학,전문대학,서울,사립,1,7956791832,7439572312,7500000,0,0,0,0,0,0,24082200,11990496,560792216,174,3.2,2026-08-07T20:45:18.674Z
2023,0000149,연세대학교,대학,대학교,서울,사립,2,151608311227,32321175959,189031037910,0,33250944942,44983116120,913500000,852139000,1463429000,36190147697,5564638337,431536088274,4198,91.2,2026-08-07T20:45:18.674Z
2023,0000651,예명대학원대학교,전문대학,전문대학원,서울,사립,1,0,0,0,0,0,0,0,0,0,0,0,0,18,0,2026-08-07T20:45:18.674Z
2023,0000678,용문상담심리대학원대학교,전문대학,전문대학원,서울,사립,1,5065955,0,0,0,0,0,0,0,0,0,0,5065955,12,0.4,2026-08-07T20:45:18.674Z
2023,0000163,이화여자대학교,대학,대학교,서울,사립,1,50719747412,18664963310,61740018472,0,2567736343,3575158164,932600000,67190000,681478920,8077674077,4081446492,113778086570,2079,54.7,2026-08-07T20:45:18.674Z
2023,0000525,인덕대학교,전문대학,전문대학,서울,사립,1,23326930003,14289984868,91786000,1440505000,164000000,0,0,227190000,5454000,145548000,1913966436,13025394571,367,35.5,2026-08-07T20:45:18.674Z
2023,0000170,장로회신학대학교,대학,대학교,서울,사립,1,2090467801,1851452110,0,0,75000000,0,0,0,0,4810000,4609511,323435202,158,2,2026-08-07T20:45:18.674Z
2023,0000288,정석대학,대학,기술대학,서울,사립,1,0,0,0,0,0,0,0,0,0,0,0,0,0,0,2026-08-07T20:45:18.674Z
2023,0000175,중앙대학교,대학,대학교,서울,사립,1,82911361993,33053068610,62458796100,0,12985121667,4764675110,3117571972,91139750,1312346000,13620009000,2542551246,150750504228,2687,56.1,2026-08-07T20:45:18.674Z
2023,0000180,총신대학교,대학,대학교,서울,사립,1,4598839975,3720828140,0,0,0,0,190000000,0,3000000,188388500,78114995,1337515330,223,6,2026-08-07T20:45:18.674Z
2023,0000181,추계예술대학교,대학,대학교,서울,사립,1,4659918984,2224947110,0,0,0,0,200000000,0,298000000,23784000,33528499,2990284373,120,25,2026-08-07T20:45:18.674Z
2023,0002817,크리스찬치유상담대학원대학교,전문대학,전문대학원,서울,사립,1,4294799,0,0,0,0,0,0,0,0,0,0,4294799,11,0.4,2026-08-07T20:45:18.674Z
2023,0003183,태재대학교,대학,사이버대학(대학),서울,사립,1,22100000,22100000,0,0,0,0,0,0,0,0,1657000,1657000,3,0.5,2026-08-07T20:45:18.674Z
2023,0000273,한국방송통신대학교,대학,방송통신대학,서울,국립,1,72009614283,11547488382,174792000,0,0,100000000,0,0,14266200,416631910,48282953,61216098964,587,104.2,2026-08-07T20:45:18.674Z
2023,0000679,한국상담대학원대학교,전문대학,전문대학원,서울,사립,1,2559836,0,0,0,0,0,0,0,0,0,139017,2698853,12,0.2,2026-08-07T20:45:18.674Z
2023,0000191,한국성서대학교,대학,대학교,서울,사립,1,5321307057,2559490000,30240000,0,0,5000000,0,0,3000000,158550280,257080000,3215687337,78,41.3,2026-08-07T20:45:18.674Z
2023,0000326,한국열린사이버대학교,대학,사이버대학(대학),서울,사립,1,7137545289,7050921100,60000000,0,0,0,0,0,0,84036000,3547755,234207944,128,1.8,2026-08-07T20:45:18.674Z
2023,0000383,한국예술종합학교,대학,각종학교(대학),서울,특별법국립,1,4163156899,3047633700,84000000,0,0,0,52785000000,0,0,0,3392585794,57377108993,148,387,2026-08-07T20:45:18.674Z
2023,0000192,한국외국어대학교,대학,대학교,서울,사립,1,43417374120,22051487417,5208050000,450000000,23333333,0,135200000,22190000,13860500,1779230230,1477649912,30475400678,1424,21.4,2026-08-07T20:45:18.674Z
2023,0000032,한국체육대학교,대학,대학교,서울,국립,1,52026854413,3957971360,246618000,0,0,195000000,4901400000,0,0,0,38993453,53450894506,98,545,2026-08-07T20:45:18.674Z
2023,0000585,한국폴리텍 I 대학,전문대학,기능대학,서울,사립,1,2238005771,2179117992,91500000,40074787186,0,0,0,0,0,12119750,311856322,40549151037,0,0,2026-08-07T20:45:18.674Z
2023,0000673,한림국제대학원대학교,전문대학,특수대학원,서울,사립,1,3050283,0,42682000,0,140000000,0,0,0,0,0,0,185732283,25,7.4,2026-08-07T20:45:18.674Z
2023,0000676,한반도국제대학원대학교,전문대학,특수대학원,서울,사립,1,0,0,0,0,0,0,0,0,0,0,0,0,2,0,2026-08-07T20:45:18.674Z
2023,0000200,한성대학교,대학,대학교,서울,사립,1,21633893030,12333095462,1114606000,610500000,204250000,0,55440000,1271348700,0,488864830,509826617,13555633715,586,23.1,2026-08-07T20:45:18.674Z
2023,0000203,한양대학교,대학,대학교,서울,사립,2,132402949420,37888045460,130120321000,1000000000,33820639831,6332159517,2182333678,7997190000,706016000,16774440907,7368993345,300816998238,3706,58.6,2026-08-07T20:45:18.674Z
2023,0000331,한양사이버대학교,대학,사이버대학(대학),서울,사립,1,18600342798,17428785000,101880000,0,0,0,0,0,0,378852750,2282488,1654573036,495,3.3,2026-08-07T20:45:18.674Z
2023,0000554,한양여자대학교,전문대학,전문대학,서울,사립,1,29806893201,16237099555,64962000,930134000,0,0,0,0,35522000,26098830,969121851,15595632327,404,38.6,2026-08-07T20:45:18.674Z
2023,0000205,한영신학대학교,대학,대학교,서울,사립,1,1849716418,1407780430,0,200000000,0,0,0,0,0,9158500,5183620,656278108,61,10.7,2026-08-07T20:45:18.674Z
2023,0000212,홍익대학교,대학,대학교,서울,사립,1,44905176480,26672551726,13178348000,622999000,3952000000,126250000,1393153500,829000000,11848000,2698766530,1308305654,42353295438,1975,21.5,2026-08-07T20:45:18.674Z
2023,0000648,횃불트리니티신학대학원대학교,전문대학,전문대학원,서울,사립,1,31557498,0,0,0,0,0,0,0,0,0,188636,31746134,25,1.3,2026-08-07T20:45:18.674Z
2023,0000094,대전가톨릭대학교,대학,대학교,세종,사립,1,63370000,63370000,0,0,0,0,0,0,0,0,500000,500000,3,0.2,2026-08-07T20:45:18.674Z
2023,0000640,한국개발연구원국제정책대학원대학교,전문대학,전문대학원,세종,사립,1,6613417,0,0,0,0,0,0,0,0,685921181,68075000,760609598,0,0,2026-08-07T20:45:18.674Z
2023,0000522,한국영상대학교,전문대학,전문대학,세종,사립,1,20551939407,8262177717,0,0,0,0,152650000,0,1500000,19662000,264921056,12728494746,176,72.4,2026-08-07T20:45:18.674Z
2023,0000250,울산과학기술원,대학,대학교,울산,특별법법인,1,12671156242,2075574990,166628711496,0,14620573667,1689554346,265000000,0,5500000,5491450000,19780884909,219077255670,0,0,2026-08-07T20:45:18.674Z
2023,0000521,울산과학대학교,전문대학,전문대학,울산,사립,1,31741328042,10425858766,276907000,944200000,0,0,40000000,320000000,500000,32790000,3121556004,26051422280,313,83.3,2026-08-07T20:45:18.674Z
2023,0000158,울산대학교,대학,대학교,울산,사립,1,58759276618,19112890006,22499026000,450000000,5579784667,5086210670,447500000,22190000,25338000,4159553970,12284562036,90200551955,958,94.1,2026-08-07T20:45:18.674Z
2023,0000545,춘해보건대학교,전문대학,전문대학,울산,사립,1,15368157260,6638207965,0,0,0,0,0,0,30500000,68487000,448613353,9277549648,151,61.6,2026-08-07T20:45:18.674Z
2023,0000681,한국전력국제원자력대학원대학교,전문대학,전문대학원,울산,사립,1,0,0,400000000,0,1813643000,0,0,0,0,243000000,142857000,2599500000,50,52,2026-08-07T20:45:18.674Z
2023,0000256,경인교육대학교,대학,교육대학,인천,국립,1,41366463104,2273313080,36289000,0,0,0,69000000,0,7226000,0,2158794843,41364459867,118,349.4,2026-08-07T20:45:18.674Z
2023,0000422,경인여자대학교,전문대학,전문대학,인천,사립,1,15895756377,9881367122,85523000,154206000,0,0,0,0,3208000,22608500,2610362182,8890296937,232,38.4,2026-08-07T20:45:18.674Z
2023,0000644,성산효대학원대학교,전문대학,전문대학원,인천,사립,1,4273376,0,0,0,0,0,0,0,0,0,286979,4560355,15,0.3,2026-08-07T20:45:18.674Z
2023,0000168,인천가톨릭대학교,대학,대학교,인천,사립,1,3952009359,1241265530,0,0,0,90400000,0,0,0,0,1610705,2802754534,61,46.2,2026-08-07T20:45:18.674Z
2023,0002660,인천대학교,대학,대학교,인천,국립대법인,1,159470449546,21200045890,17727326000,1251609000,3658249030,291282000,882984150,606640000,14592000,8154816424,2565120336,173423022596,0,0,2026-08-07T20:45:18.674Z
2023,0000455,인천재능대학교,전문대학,전문대학,인천,사립,1,18368265774,8026118103,214300000,502260000,0,0,0,0,0,85068000,331052732,11474828403,166,69.3,2026-08-07T20:45:18.674Z
2023,0002654,인하공업전문대학,전문대학,전문대학,인천,사립,1,28528314795,15883140151,137557000,990652000,332000000,0,0,60000000,6320000,427664000,92212741,14691580385,439,33.5,2026-08-07T20:45:18.674Z
2023,0000169,인하대학교,대학,대학교,인천,사립,1,69773273798,27583829950,51164341000,1236950000,16871318333,875000000,1049278678,304327000,171106000,13081097596,6030989472,132973851927,1709,77.8,2026-08-07T20:45:18.674Z
2023,0000680,주안대학원대학교,전문대학,전문대학원,인천,사립,1,10000000,0,0,0,0,0,0,0,0,0,0,10000000,3,2.9,2026-08-07T20:45:18.674Z
2023,0000590,한국폴리텍 II 대학,전문대학,기능대학,인천,사립,1,1797475252,1766480992,0,42541358286,0,0,0,58590000,0,95480000,462747347,43189169893,0,0,2026-08-07T20:45:18.674Z
2023,0000435,고구려대학교,전문대학,전문대학,전남,사립,1,220090948,134842500,0,0,0,0,0,0,0,22048500,1912148000,2019444948,52,39.1,2026-08-07T20:45:18.674Z
2023,0000428,광양보건대학교,전문대학,전문대학,전남,사립,1,498515,0,0,0,0,0,0,0,0,0,0,498515,7,0.1,2026-08-07T20:45:18.674Z
2023,0000075,광주가톨릭대학교,대학,대학교,전남,사립,1,0,0,0,0,0,0,0,0,0,0,0,0,0,0,2026-08-07T20:45:18.674Z
2023,0000104,동신대학교,대학,대학교,전남,사립,1,31603465440,15044188980,2436719000,870000000,628500000,1471250000,211000000,722190000,36154000,353472000,8061464941,31350026401,420,74.6,2026-08-07T20:45:18.674Z
2023,0000462,동아보건대학교,전문대학,전문대학,전남,사립,1,4959149385,3112959812,0,0,0,0,0,0,2500000,18989110,25134169,1892812852,50,38.1,2026-08-07T20:45:18.674Z
2023,0000221,목포가톨릭대학교,대학,대학교,전남,사립,1,4930733838,1578009150,0,0,0,0,0,0,15000000,17078000,188010026,3572812714,33,108.9,2026-08-07T20:45:18.674Z
2023,0000474,목포과학대학교,전문대학,전문대학,전남,사립,1,18445204483,7818955075,0,0,0,0,60000000,0,0,69579250,548860406,11304689064,131,86.6,2026-08-07T20:45:18.674Z
2023,0000011,목포대학교,대학,대학교,전남,국립,1,113651213437,12726660680,4577895000,837900000,5414043000,0,504500000,1112190000,314306000,2576531500,4206655812,120468574069,211,572.2,2026-08-07T20:45:18.674Z
2023,0000012,목포해양대학교,대학,대학교,전남,국립,1,72780392615,3659680530,655307000,0,1496000000,0,10000000,100000000,4460000,1528065500,1081874832,73996419417,77,958.4,2026-08-07T20:45:18.674Z
2023,0000092,세한대학교,대학,대학교,전남,사립,1,9860067365,9133879385,0,994056200,0,0,112000000,0,18500000,113948000,497537641,2462229821,237,10.4,2026-08-07T20:45:18.674Z
2023,0000020,순천대학교,대학,대학교,전남,국립,1,113284685131,11447946767,8975229000,1250000000,2168900000,0,24000000,1042460000,1987855530,3676149932,7763671063,128725003889,261,493.3,2026-08-07T20:45:18.674Z
2023,0000498,순천제일대학교,전문대학,전문대학,전남,사립,1,17729569160,6468708138,0,200000000,0,0,0,0,39500000,36616500,1278089500,12815067022,127,101.2,2026-08-07T20:45:18.674Z
2023,0000155,영산선학대학교,대학,대학교,전남,사립,1,0,0,0,0,0,0,0,0,0,0,0,0,1,0,2026-08-07T20:45:18.674Z
2023,0000529,전남과학대학교,전문대학,전문대학,전남,사립,1,24759444288,10317979850,0,0,0,0,348000000,0,6500000,64490840,452498197,15312953475,157,97.8,2026-08-07T20:45:18.674Z
2023,0000562,전남도립대학교,전문대학,전문대학,전남,공립,1,2563026316,1303801000,0,195167000,35000000,0,0,0,3996000,0,6448925000,7942313316,18,438.6,2026-08-07T20:45:18.674Z
2023,0002656,청암대학교,전문대학,전문대학,전남,사립,1,9981160063,5219793870,0,0,0,0,0,0,0,24771500,647300000,5433437693,120,45.2,2026-08-07T20:45:18.674Z
2023,0000246,초당대학교,대학,대학교,전남,사립,1,15277301669,6795606074,71240000,0,0,0,38000000,0,26800000,18985000,541276113,9177996708,182,50.4,2026-08-07T20:45:18.674Z
2023,0003139,한국에너지공과대학교,대학,대학교,전남,특별법법인,1,289400000,236900000,7532247000,0,2791300000,0,0,0,0,520000000,10001000000,20897047000,0,0,2026-08-07T20:45:18.674Z
2023,0000555,한영대학,전문대학,전문대학,전남,사립,1,8350076713,3180168400,0,0,0,0,0,0,0,1039983500,685000000,6894891813,80,85.8,2026-08-07T20:45:18.674Z
2023,0002971,군산간호대학교,전문대학,전문대학,전북,사립,1,6651457690,2734032916,100242000,0,0,0,0,0,9450000,0,9087929,4036204703,72,56.2,2026-08-07T20:45:18.674Z
2023,0000009,군산대학교,대학,대학교,전북,국립,1,114999287402,11908255570,6988353000,200000000,4413000000,0,100500000,0,135937000,7713318990,8232794563,130874935385,232,564.7,2026-08-07T20:45:18.674Z
2023,0000432,군장대학교,전문대학,전문대학,전북,사립,1,13033550651,4322681917,0,196000000,0,0,35000000,0,7100000,78525750,1385527534,10413022018,86,120.7,2026-08-07T20:45:18.674Z
2023,0000477,백제예술대학교,전문대학,전문대학,전북,사립,1,2275074752,2202162133,0,0,0,0,0,0,1000000,17872000,7072349,98856968,60,1.7,2026-08-07T20:45:18.674Z
2023,0000228,예수대학교,대학,대학교,전북,사립,1,4361969867,1299603000,0,0,0,0,0,0,1000000,0,267607976,3330974843,34,97.6,2026-08-07T20:45:18.674Z
2023,0000218,예원예술대학교,대학,대학교,전북,사립,1,1925819640,1870533830,0,0,0,0,0,0,2500000,8410000,88759307,154955117,112,1.4,2026-08-07T20:45:18.674Z
2023,0000157,우석대학교,대학,대학교,전북,사립,1,33172690504,13664282175,1767180000,170100000,635000000,1015000000,125500000,22190000,204162190,230990050,1884789991,25563320560,491,52.1,2026-08-07T20:45:18.674Z
2023,0000159,원광대학교,대학,대학교,전북,사립,1,54267687946,28730441251,13974496000,450000000,792666667,2331748000,161000000,0,940617000,2580186000,8194360075,54962320437,1044,52.7,2026-08-07T20:45:18.674Z
2023,0000327,원광디지털대학교,대학,사이버대학(대학),전북,사립,1,8353439886,8106530500,0,0,0,0,35000000,0,0,170628500,1750862,454288748,161,2.8,2026-08-07T20:45:18.674Z
2023,0000523,원광보건대학교,전문대학,전문대학,전북,사립,1,27670255198,11940019538,49680000,100000000,0,0,0,0,92708232,247307000,753525938,16973456830,230,73.9,2026-08-07T20:45:18.674Z
2023,0000645,원불교대학원대학교,전문대학,전문대학원,전북,사립,1,0,0,0,0,0,0,0,0,0,0,0,0,1,0,2026-08-07T20:45:18.674Z
2023,0000531,전북과학대학교,전문대학,전문대학,전북,사립,1,13053357732,5034120668,0,0,0,0,0,22190000,10134000,51907910,300170541,8403639515,84,99.7,2026-08-07T20:45:18.674Z
2023,0000025,전북대학교,대학,대학교,전북,국립,1,361598501042,27178132508,44565403000,0,9142923333,2070822044,1481922000,7761240000,7769184385,16238904697,20350180684,443800948677,828,535.9,2026-08-07T20:45:18.674Z
2023,0000258,전주교육대학교,대학,교육대학,전북,국립,1,25234170111,1033098500,0,0,0,0,0,0,0,50000000,504853339,24755924950,44,568.7,2026-08-07T20:45:18.674Z
2023,0000437,전주기전대학,전문대학,전문대학,전북,사립,1,7348365161,4664336590,0,185100000,0,0,52000000,233000000,219305500,167622250,7519311281,11060367602,90,123.4,2026-08-07T20:45:18.674Z
2023,0000171,전주대학교,대학,대학교,전북,사립,1,57522339857,25698561664,1313962000,450000000,2980500000,162000000,400500000,1039874000,510430000,1286506500,4993502586,44961053279,715,62.9,2026-08-07T20:45:18.674Z
2023,0000530,전주비전대학교,전문대학,전문대학,전북,사립,1,19954925227,8740913217,0,272372000,0,0,22000000,203405000,26560000,225734000,433045418,12397128428,181,68.5,2026-08-07T20:45:18.674Z
2023,0003019,한국농수산대학,전문대학,전문대학,전북,특별법국립,1,188611821,156750000,96962000,0,0,0,0,70690000,36619996037,3640000000,461304000,40920813858,0,0,2026-08-07T20:45:18.674Z
2023,0000206,한일장신대학교,대학,대학교,전북,사립,1,3192583955,2581673334,0,0,0,0,106000000,0,2000000,13450000,6927228,739287849,60,12.3,2026-08-07T20:45:18.674Z
2023,0000282,호원대학교,대학,산업대학,전북,사립,1,22155204212,13367734220,0,0,0,0,345830000,22190000,15000000,184596000,2243951755,11599037747,342,33.9,2026-08-07T20:45:18.674Z
2023,0000532,제주관광대학교,전문대학,전문대학,제주,사립,1,10516857542,4114139586,0,125664000,0,0,0,271030000,0,17290500,966084296,7782786752,66,118,2026-08-07T20:45:18.674Z
2023,0000248,제주국제대학교,대학,대학교,제주,사립,1,334847361,231244000,0,0,0,0,0,23000000,0,7470000,41709099,175782460,31,5.7,2026-08-07T20:45:18.674Z
2023,0000027,제주대학교,대학,대학교,제주,국립,1,215720216362,14399958033,16122940000,450000000,3759000000,355000000,136500000,395100000,1127522000,10739829900,19951013298,254357163527,393,646.9,2026-08-07T20:45:18.674Z
2023,0002655,제주한라대학교,전문대학,전문대학,제주,사립,1,19340615969,10048408420,0,582200000,150000000,0,114000000,23000000,168465000,49769500,440754439,10820396488,206,52.4,2026-08-07T20:45:18.674Z
2023,0000054,건양대학교,대학,대학교,충남,사립,1,30389409923,14331728619,2534151000,210000000,2038000000,488055556,0,272925000,34484000,262066555,1748904580,23646267995,482,49.1,2026-08-07T20:45:18.674Z
2023,0000251,공주교육대학교,대학,교육대학,충남,국립,1,26000966317,1436396000,179050000,0,0,0,0,0,4212000,19080000,542904400,25309816717,64,395.6,2026-08-07T20:45:18.674Z
2023,0000008,공주대학교,대학,대학교,충남,국립,1,171017724678,19751583970,12167989000,378427000,6118625500,0,98000000,1034040500,959377000,6226324130,5489129807,183738053645,458,400.8,2026-08-07T20:45:18.674Z
2023,0000657,국제뇌교육종합대학원대학교,전문대학,전문대학원,충남,사립,1,23334765,0,174742000,0,0,0,0,0,0,0,383628,198460393,22,9.1,2026-08-07T20:45:18.674Z
2023,0000334,글로벌사이버대학교,대학,사이버대학(대학),충남,사립,1,3281121397,3163414500,0,0,0,0,0,0,0,45948000,35286,163690183,54,3.1,2026-08-07T20:45:18.674Z
2023,0000224,금강대학교,대학,대학교,충남,사립,1,518868203,271154332,0,0,0,0,0,0,0,1641000,6000000,255354871,11,23.2,2026-08-07T20:45:18.674Z
2023,0000081,나사렛대학교,대학,대학교,충남,사립,1,22397757046,11236047280,76747000,200000000,0,425000000,570000000,80000000,17580000,153818330,2864517242,15549372338,344,45.1,2026-08-07T20:45:18.674Z
2023,0000245,남서울대학교,대학,대학교,충남,사립,1,31979897528,19586202877,791613000,956787000,0,0,100000000,257290000,27102000,267902500,1020930907,15815320058,733,21.6,2026-08-07T20:45:18.674Z
2023,0000178,백석대학교,대학,대학교,충남,사립,1,40860582662,27206235020,370696000,1548368000,175000000,64759320,105500000,327190000,18425576,105711000,6535199397,22905196935,1088,21.1,2026-08-07T20:45:18.674Z
2023,0000543,백석문화대학교,전문대학,전문대학,충남,사립,1,19056401875,10747334910,30320000,240000000,0,0,22000000,127190000,500000,53108500,50889208,8833074673,282,31.3,2026-08-07T20:45:18.674Z
2023,0000129,선문대학교,대학,대학교,충남,사립,1,45546771809,19424836259,4980575000,120000000,707000000,145900000,37000000,492190000,43549140,651412000,1181695635,34481257325,669,51.5,2026-08-07T20:45:18.674Z
2023,0000142,순천향대학교,대학,대학교,충남,사립,1,52296083359,20162106590,21643945000,885000000,6482964333,3769132000,1188245000,475190000,14941000,2846328700,7871836625,77311559427,943,82,2026-08-07T20:45:18.674Z
2023,0000502,신성대학교,전문대학,전문대학,충남,사립,1,15673594469,7061752503,30240000,163229000,150000000,0,60000000,0,7340000,70267100,186334380,9279252446,173,53.6,2026-08-07T20:45:18.674Z
2023,0000454,아주자동차대학,전문대학,전문대학,충남,사립,1,6498978870,1093481705,30240000,0,0,0,0,0,0,6573000,327012297,5769322462,52,110.6,2026-08-07T20:45:18.674Z
2023,0000512,연암대학교,전문대학,전문대학,충남,사립,1,18647624585,2618297200,0,0,0,0,0,0,2793723010,44479160,191819241,19059348796,69,277,2026-08-07T20:45:18.674Z
2023,0000173,중부대학교,대학,대학교,충남,사립,1,23891258791,16416905430,507719000,222186000,0,0,142000000,580760000,47301000,1333615500,1775474015,12083408876,601,20.1,2026-08-07T20:45:18.674Z
2023,0000284,청운대학교,대학,산업대학,충남,사립,1,25355724056,13425112220,88320000,168000000,0,200000000,190000000,255000000,1500000,83524040,1803782285,14720738161,397,37.1,2026-08-07T20:45:18.674Z
2023,0002657,충남도립대학교,전문대학,전문대학,충남,공립,1,5633765527,1558754410,28000000,0,0,0,0,110000000,0,19186210,16636170500,20868367827,23,910,2026-08-07T20:45:18.674Z
2023,0000189,한국기술교육대학교,대학,대학교,충남,사립,1,28551435995,5921717037,3134193000,131842495000,2288600000,0,0,62190000,17269000,583667230,1186085371,161744218559,199,813.6,2026-08-07T20:45:18.674Z
2023,0003022,한국전통문화대학교,대학,대학교,충남,특별법국립,1,877855800,543832200,173779000,0,0,0,200000000,0,0,30809494960,1584299192,33101596752,0,0,2026-08-07T20:45:18.674Z
2023,0000199,한서대학교,대학,대학교,충남,사립,1,27694841821,13365818260,638328000,0,1080500000,0,8000000,972090000,0,791147830,686494782,18505584173,518,35.7,2026-08-07T20:45:18.674Z
2023,0000556,혜전대학교,전문대학,전문대학,충남,사립,1,9564404499,6068335540,30240000,45095000,0,0,0,0,0,19637000,1008757017,4599797976,152,30.2,2026-08-07T20:45:18.674Z
2023,0000211,호서대학교,대학,대학교,충남,사립,1,49655541514,24982023366,6093252000,144000000,1938350000,0,38000000,7725380000,180480000,6126075210,1160587192,48079642550,1032,46.6,2026-08-07T20:45:18.674Z
2023,0000433,강동대학교,전문대학,전문대학,충북,사립,1,9559828864,8954058089,0,180111000,0,0,133000000,60000000,15300000,59650000,252393763,1306225538,177,7.4,2026-08-07T20:45:18.674Z
2023,0000080,극동대학교,대학,대학교,충북,사립,1,7125240054,6201362041,121220000,200000000,152000000,0,0,0,8248000,237138200,130098241,1772582454,223,8,2026-08-07T20:45:18.674Z
2023,0000215,꽃동네대학교,대학,대학교,충북,사립,1,3427203060,992830500,0,0,0,450000000,414056000,0,0,3898000,17853760,3320180320,33,100.1,2026-08-07T20:45:18.674Z
2023,0000449,대원대학교,전문대학,전문대학,충북,사립,1,5800999637,5358383750,30240000,0,0,0,0,56190000,5500000,29252750,701818813,1265617450,107,11.8,2026-08-07T20:45:18.674Z
2023,0000128,서원대학교,대학,대학교,충북,사립,1,28761325746,16117746958,492747000,590200000,0,45000000,1056000000,22190000,82803300,237857000,1396472365,16566848453,435,38.1,2026-08-07T20:45:18.674Z
2023,0000137,세명대학교,대학,대학교,충북,사립,1,23714287659,15922193120,755865000,200000000,223744000,35000000,0,22190000,285603930,382583500,4318555060,14015636029,451,31.1,2026-08-07T20:45:18.674Z
2023,0000317,순복음총회신학교,대학,각종학교(대학),충북,사립,1,478604259,422970000,0,0,0,0,0,0,0,0,226102,55860361,6,9,2026-08-07T20:45:18.674Z
2023,0000154,유원대학교,대학,대학교,충북,사립,1,9338301868,8660305272,0,108000000,0,0,109000000,63000000,13880000,57067294,226716911,1255660801,221,5.7,2026-08-07T20:45:18.674Z
2023,0000239,중원대학교,대학,대학교,충북,사립,1,13284684204,6594123173,265308000,0,278800000,100000000,182363700,562133000,9000000,39062330,609128611,8736356672,232,37.6,2026-08-07T20:45:18.674Z
2023,0000261,청주교육대학교,대학,교육대학,충북,국립,1,21658948157,969490000,82750000,0,0,0,0,0,0,0,275214000,21047422157,46,452.9,2026-08-07T20:45:18.674Z
2023,0000179,청주대학교,대학,대학교,충북,사립,1,36233452612,21326042229,2147655000,1058860240,1736824000,99000000,383250000,463190000,51854000,611229450,2326485563,23785758636,889,26.8,2026-08-07T20:45:18.674Z
2023,0000030,충북대학교,대학,대학교,충북,국립,1,280084774251,19024082780,40964698000,356000000,4171377000,1576500000,379750000,1341220000,3996231260,15228135800,12039450613,341114054144,610,559.5,2026-08-07T20:45:18.674Z
2023,0000406,충북도립대학,전문대학,전문대학,충북,공립,1,8172025909,1001128494,30240000,0,0,0,0,60000000,0,74840442,11732021552,19067999409,13,1460.9,2026-08-07T20:45:18.674Z
2023,0000536,충북보건과학대학교,전문대학,전문대학,충북,사립,1,14269107199,5486049353,0,403202000,150000000,0,66000000,40190000,0,17812750,107660744,9567923340,128,74.5,2026-08-07T20:45:18.674Z
2023,0000547,충청대학교,전문대학,전문대학,충북,사립,1,15878589824,7475964050,15750000,0,0,0,0,176035000,9500000,37021500,385417500,9026349774,177,50.9,2026-08-07T20:45:18.674Z
2023,0000031,한국교원대학교,대학,대학교,충북,국립,1,74743449758,3004165000,1303482000,0,0,0,114600000,0,62800000,225256018,7527760457,80973183233,194,418,2026-08-07T20:45:18.674Z
2023,0000034,한국교통대학교,대학,대학교,충북,국립,1,114280283165,14016336650,5916570000,1147456000,1316645000,0,12000000,821688500,2000000,3718535000,2069645539,115268486554,291,395.7,2026-08-07T20:45:18.674Z
2024,0000072,가톨릭관동대학교,대학,대학교,강원,사립,1,23422186027,14186014875,2350655000,818000000,215000000,794587667,196548000,72300000,126900000,526542000,2555208969,16891912788,397,42.5,2026-08-07T20:45:18.674Z
2024,0000514,강릉영동대학교,전문대학,전문대학,강원,사립,1,8966815508,5774591158,81000000,0,0,0,50000000,0,0,33457500,921309168,4277991018,173,24.8,2026-08-07T20:45:18.674Z
2024,0000001,강릉원주대학교,대학,대학교,강원,국립,1,134925505117,14106874360,4589197000,0,1982332000,0,567773000,438610000,99624000,2616625000,3414035011,134526826768,264,508.8,2026-08-07T20:45:18.674Z
2024,0000003,강원대학교,대학,대학교,강원,국립,1,357510175599,31925440974,30918017674,919900000,5264265000,1377347884,440496000,7236370000,2284796474,14678093041,28788496904,417492517602,798,523.2,2026-08-07T20:45:18.674Z
2024,0002639,강원도립대학교,전문대학,전문대학,강원,공립,1,10179072340,1001271160,0,0,0,0,28000000,465870000,0,20000000,17027543920,26719215100,12,2159,2026-08-07T20:45:18.674Z
2024,0000060,경동대학교,대학,대학교,강원,사립,1,24790926349,17654070020,120960000,0,0,0,0,153245000,15900000,134012500,4086956437,11647930266,624,18.7,2026-08-07T20:45:18.674Z
2024,0000119,상지대학교,대학,대학교,강원,사립,1,15027699154,11611071710,1072501000,671591894,73000000,546920000,240857109,80370000,647262630,638763500,3771781061,11159674638,459,24.3,2026-08-07T20:45:18.674Z
2024,0000515,세경대학교,전문대학,전문대학,강원,사립,1,8212326707,2251618634,0,0,0,0,0,80000000,0,15184000,443240000,6499132073,38,172.8,2026-08-07T20:45:18.674Z
2024,0000567,송곡대학교,전문대학,전문대학,강원,사립,1,6030543587,1628087233,0,0,0,0,0,0,0,2100000,321952050,4726508404,44,108.5,2026-08-07T20:45:18.674Z
2024,0000564,송호대학교,전문대학,전문대학,강원,사립,1,2870571899,2458233658,0,0,0,0,23000000,0,5750000,23299880,346626628,811014749,52,15.6,2026-08-07T20:45:18.674Z
2024,0000262,춘천교육대학교,대학,교육대학,강원,국립,1,24757900986,1247922000,96839000,0,0,250000000,0,0,0,10409000,251394592,24118621578,46,526.4,2026-08-07T20:45:18.674Z
2024,0000578,한국골프대학,전문대학,전문대학,강원,사립,1,1669582061,1627432000,0,0,0,0,39000000,0,0,13920000,189240000,284310061,35,8.1,2026-08-07T20:45:18.674Z
2024,0000594,한국폴리텍 III 대학,전문대학,기능대학,강원,사립,1,500049006,497971750,10000000,36177695488,0,0,0,0,0,0,9420000,36199192744,0,0,2026-08-07T20:45:18.674Z
2024,0000197,한라대학교,대학,대학교,강원,사립,1,13151175006,6822050311,1414885000,551614610,120000000,90000000,16000000,305060000,0,369925700,833359942,10029969947,194,51.8,2026-08-07T20:45:18.674Z
2024,0000198,한림대학교,대학,대학교,강원,사립,1,57720925214,16830366404,13919377000,399957333,980500000,1764739767,158340000,70370000,60000000,8774639385,2555183662,69573665957,551,126.2,2026-08-07T20:45:18.674Z
2024,0000553,한림성심대학교,전문대학,전문대학,강원,사립,1,18297788500,6849984098,0,0,0,0,0,199095000,0,30761250,730994369,12408655021,138,89.6,2026-08-07T20:45:18.674Z
2024,0000063,가천대학교,대학,대학교,경기,사립,1,80451568062,34886660189,24562813800,1335758618,11005801333,2413007333,1000000000,483300000,115937000,3752787370,4518120186,94752433513,1989,47.6,2026-08-07T20:45:18.674Z
2024,0000046,가톨릭대학교,대학,대학교,경기,사립,1,39905714900,15160946314,32208535207,0,5082247000,11192610120,573000000,0,57906000,8088682632,2078464701,84026214246,898,93.6,2026-08-07T20:45:18.674Z
2024,0000051,강남대학교,대학,대학교,경기,사립,1,24990006716,12630294149,490801000,1224835000,40000000,80000000,1234200000,0,0,218433410,565341903,16213323880,499,32.5,2026-08-07T20:45:18.674Z
2024,0000560,경기과학기술대학교,전문대학,전문대학,경기,사립,1,24396853337,9670511153,24742000,338900000,3133720000,0,0,125840000,0,29220150,222334503,18601098837,251,74.1,2026-08-07T20:45:18.674Z
2024,0000056,경기대학교,대학,대학교,경기,사립,1,47300127616,27773731600,6418618000,1339500000,2364851000,0,293634000,32000000,90444000,995186500,2907245872,33967875388,1138,29.9,2026-08-07T20:45:18.674Z
2024,0000416,경민대학교,전문대학,전문대학,경기,사립,1,27044871834,12619201470,24192000,0,0,0,0,0,0,43186000,461108975,14954157339,260,57.5,2026-08-07T20:45:18.674Z
2024,0002641,경복대학교,전문대학,전문대학,경기,사립,1,30620125159,17418493351,37296000,200000000,0,0,0,20370000,0,50215830,133371629,13642885267,395,34.5,2026-08-07T20:45:18.674Z
2024,0000426,계원예술대학교,전문대학,전문대학,경기,사립,1,15408892535,6392979933,0,480000000,0,0,0,52000000,6498000,24934000,51829381,9631173983,203,47.4,2026-08-07T20:45:18.674Z
2024,0002857,구세군사관대학원대학교,전문대학,특수대학원,경기,사립,1,0,0,0,0,0,0,0,0,0,0,0,0,1,0,2026-08-07T20:45:18.674Z
2024,0000549,국제대학교,전문대학,전문대학,경기,사립,1,9695093201,7180947683,0,0,0,0,25000000,0,0,63703500,2197675850,4800524868,154,31.2,2026-08-07T20:45:18.674Z
2024,0000655,국제법률경영대학원대학교,전문대학,전문대학원,경기,사립,1,0,0,0,0,0,0,0,0,0,0,0,0,3,0,2026-08-07T20:45:18.674Z
2024,0000319,국제사이버대학교,대학,사이버대학(대학),경기,사립,1,6163432325,6126840000,0,0,0,0,0,0,0,129034500,115636,165742461,90,1.8,2026-08-07T20:45:18.674Z
2024,0002928,국제암대학원대학교,전문대학,전문대학원,경기,특별법법인,1,199200000,0,1630868000,0,371600000,756592500,0,0,0,0,0,2958260500,0,0,2026-08-07T20:45:18.674Z
2024,0000440,김포대학교,전문대학,전문대학,경기,사립,1,5334589582,5108619919,0,0,0,0,0,0,0,25845000,1623825754,1875640417,121,15.5,2026-08-07T20:45:18.674Z
2024,0000441,농협대학교,전문대학,전문대학,경기,사립,1,3746710723,432390000,16000207,0,0,0,0,0,35999799,38443896,243127813,3647892438,19,195.9,2026-08-07T20:45:18.674Z
2024,0002818,능인불교대학원대학교,전문대학,전문대학원,경기,사립,1,59675000,0,0,0,0,0,0,0,0,0,0,59675000,4,16.9,2026-08-07T20:45:18.674Z
2024,0000082,단국대학교,대학,대학교,경기,사립,1,96368683443,41717317811,23895022833,1628957693,8246109666,1782000000,362525000,1075321000,325128000,5666738000,4919238235,102552406059,2181,47,2026-08-07T20:45:18.674Z
2024,0000448,대림대학교,전문대학,전문대학,경기,사립,1,35198316247,17066948285,71292000,670675000,0,0,0,0,11930000,88935640,6437820686,25412021288,436,58.3,2026-08-07T20:45:18.674Z
2024,0000097,대진대학교,대학,대학교,경기,사립,1,25943771276,17291055830,188728000,1157394705,606700000,0,0,145370000,12714000,458518250,4792026644,16014167045,583,27.5,2026-08-07T20:45:18.674Z
2024,0000641,대한신학대학원대학교,전문대학,전문대학원,경기,사립,1,0,0,0,0,0,0,0,0,0,16755000,0,16755000,16,1.1,2026-08-07T20:45:18.674Z
2024,0000457,동남보건대학교,전문대학,전문대학,경기,사립,1,18802575457,10518630466,0,115670000,0,0,0,0,0,5123750,2208136976,10612875717,294,36.2,2026-08-07T20:45:18.674Z
2024,0000450,동서울대학교,전문대학,전문대학,경기,사립,1,28414061933,15152490327,55575000,1536869903,0,403940000,0,47000000,0,47693000,102384183,15455033692,362,42.7,2026-08-07T20:45:18.674Z
2024,0000461,동아방송예술대학교,전문대학,전문대학,경기,사립,1,17643674250,8570527690,0,0,0,0,0,0,0,30869000,63267987,9167283547,217,42.2,2026-08-07T20:45:18.674Z
2024,0000465,동원대학교,전문대학,전문대학,경기,사립,1,13837231939,8955772918,29312000,336930000,0,0,178548000,0,11082000,86550000,1049043346,6572924367,175,37.6,2026-08-07T20:45:18.674Z
2024,0000469,두원공과대학교,전문대학,전문대학,경기,사립,1,7439398006,5130026820,0,159940000,120000000,0,0,731744000,0,48193920,40357378,3409606484,130,26.2,2026-08-07T20:45:18.674Z
2024,0000108,루터대학교,대학,대학교,경기,사립,1,2848381060,916679000,0,0,0,435000000,0,0,0,9519000,524641074,2900862134,23,127.1,2026-08-07T20:45:18.674Z
2024,0000109,명지대학교,대학,대학교,경기,사립,1,50446761852,25780363660,6023319000,1695901000,2120700000,0,95000000,440307000,11754000,1981288080,778781197,37813448469,1305,29,2026-08-07T20:45:18.674Z
2024,0000482,부천대학교,전문대학,전문대학,경기,사립,1,37051224786,21610455104,129870000,1476148000,0,0,0,359701000,0,242376250,6376368262,24025233194,439,54.7,2026-08-07T20:45:18.674Z
2024,0000125,서울신학대학교,대학,대학교,경기,사립,1,12304322596,6185796590,0,0,0,0,5000000,0,0,17922000,56748985,6198196991,175,35.4,2026-08-07T20:45:18.674Z
2024,0000489,서울예술대학교,전문대학,전문대학,경기,사립,1,17921756837,7717703268,0,0,0,0,741000000,0,0,14092000,142451652,11101597221,253,43.9,2026-08-07T20:45:18.674Z
2024,0000127,서울장신대학교,대학,대학교,경기,사립,1,1214542423,872297000,0,0,0,0,0,0,0,3471000,2747572,348463995,40,8.8,2026-08-07T20:45:18.674Z
2024,0002668,서울제일대학원대학교,전문대학,전문대학원,경기,사립,1,0,0,0,0,0,0,0,0,0,0,0,0,0,0,2026-08-07T20:45:18.674Z
2024,0000566,서정대학교,전문대학,전문대학,경기,사립,1,35041495753,18559818060,54000000,321120000,0,0,0,429662000,5805000,178266800,1512268291,18982799784,517,36.8,2026-08-07T20:45:18.674Z
2024,0000131,성결대학교,대학,대학교,경기,사립,1,19414368115,11617799281,122070000,419987505,0,0,467477000,0,0,94127000,3128849798,12029080137,378,31.9,2026-08-07T20:45:18.674Z
2024,0000661,성서침례대학원대학교,전문대학,전문대학원,경기,사립,1,3628350,0,0,0,0,0,0,0,0,0,0,3628350,3,1.2,2026-08-07T20:45:18.674Z
2024,0000139,수원가톨릭대학교,대학,대학교,경기,사립,1,188375550,188375550,0,0,0,0,0,0,0,0,4000000,4000000,8,0.5,2026-08-07T20:45:18.674Z
2024,0000497,수원과학대학교,전문대학,전문대학,경기,사립,1,6489507238,6213650670,0,0,0,0,0,0,0,19719500,13954306,309530374,153,2,2026-08-07T20:45:18.674Z
2024,0000140,수원대학교,대학,대학교,경기,사립,1,19450270555,16702985637,941443550,1164000000,479878000,1014000000,905518000,907504000,11188000,353187000,3111177061,11635180529,656,17.7,2026-08-07T20:45:18.674Z
2024,0000496,수원여자대학교,전문대학,전문대학,경기,사립,1,14893708217,8595244660,25200000,0,0,0,0,0,0,141682500,25518167,6490864224,237,27.4,2026-08-07T20:45:18.674Z
2024,0000233,신경대학교,대학,대학교,경기,사립,1,122032826,0,0,0,0,0,0,0,0,1707500,12625000,136365326,33,4.2,2026-08-07T20:45:18.674Z
2024,0000501,신구대학교,전문대학,전문대학,경기,사립,1,24601386740,16164204795,0,0,0,0,23544000,0,5964000,21015000,72651803,8560356748,391,21.9,2026-08-07T20:45:18.674Z
2024,0000506,신안산대학교,전문대학,전문대학,경기,사립,1,5552006284,5285932393,0,238512000,0,0,0,19500000,0,30701500,1667328248,2222115639,148,15,2026-08-07T20:45:18.674Z
2024,0002712,신한대학교,대학,대학교,경기,사립,1,24142723054,16067617910,1172303000,0,40000000,0,0,0,28800000,213964000,1381641079,10911813223,621,17.6,2026-08-07T20:45:18.674Z
2024,0000672,실천신학대학원대학교,전문대학,전문대학원,경기,사립,1,10872529,0,0,0,0,0,0,0,0,0,0,10872529,6,1.9,2026-08-07T20:45:18.674Z
2024,0000145,아신대학교,대학,대학교,경기,사립,1,1261349945,855682000,0,0,0,0,0,0,0,8625000,2223465,416516410,50,8.4,2026-08-07T20:45:18.674Z
2024,0000146,아주대학교,대학,대학교,경기,사립,1,64448121324,14983595300,43198675353,1474000000,9896486000,15590967333,316018000,170370000,11748000,8000501740,2305222232,130428514682,1289,101.2,2026-08-07T20:45:18.674Z
2024,0000507,안산대학교,전문대학,전문대학,경기,사립,1,22464841258,12195227055,25200000,486499365,0,0,160000000,20370000,0,23652660,591763935,11577100163,265,43.8,2026-08-07T20:45:18.674Z
2024,0000147,안양대학교,대학,대학교,경기,사립,1,19160450813,11273940786,431249000,200000000,180000000,0,133100000,0,0,2540365000,9399512670,20770736697,374,55.5,2026-08-07T20:45:18.674Z
2024,0000662,에스라성경대학원대학교,전문대학,전문대학원,경기,사립,1,0,0,0,0,0,0,0,0,0,0,0,0,5,0,2026-08-07T20:45:18.674Z
2024,0000510,여주대학교,전문대학,전문대학,경기,사립,1,11997091844,8039752771,112320000,0,0,0,0,0,0,27528500,1087227073,5184414646,201,25.9,2026-08-07T20:45:18.674Z
2024,0002651,연성대학교,전문대학,전문대학,경기,사립,1,30091128945,16073336483,48384000,620872000,0,0,0,0,0,34050500,767306650,15488405612,355,43.6,2026-08-07T20:45:18.674Z
2024,0002653,오산대학교,전문대학,전문대학,경기,사립,1,24153641804,10339268193,0,200000000,0,0,0,0,0,265845000,866014150,15146232761,265,57.1,2026-08-07T20:45:18.674Z
2024,0000156,용인대학교,대학,대학교,경기,사립,1,16109088853,12373769000,106449000,0,80000000,0,695000000,0,0,409836250,1410708269,6437313372,456,14.1,2026-08-07T20:45:18.674Z
2024,0000520,용인예술과학대학교,전문대학,전문대학,경기,사립,1,10190369459,6479295060,0,0,0,0,14000000,60000000,0,10831500,38158927,3834064826,168,22.9,2026-08-07T20:45:18.674Z
2024,0000568,웅지세무대학교,전문대학,전문대학,경기,사립,1,451693442,448240000,0,0,0,0,0,0,0,10440000,29960,13923402,21,0.7,2026-08-07T20:45:18.674Z
2024,0000646,웨스트민스터신학대학원대학교,전문대학,전문대학원,경기,사립,1,19084621,0,0,0,0,0,0,0,0,0,116422,19201043,32,0.6,2026-08-07T20:45:18.674Z
2024,0000524,유한대학교,전문대학,전문대학,경기,사립,1,24294983434,11369724069,0,658272897,0,0,0,212000000,0,25520840,264462451,14085515553,254,55.4,2026-08-07T20:45:18.674Z
2024,0000527,장안대학교,전문대학,전문대학,경기,사립,1,3811460469,3359713330,0,0,0,0,0,0,0,31962000,55304421,539013560,120,4.5,2026-08-07T20:45:18.674Z
2024,0000177,중앙승가대학교,대학,대학교,경기,사립,1,364008159,63700000,0,0,0,0,0,0,0,910000,0,301218159,6,52.6,2026-08-07T20:45:18.674Z
2024,0000654,중앙신학대학원대학교,전문대학,전문대학원,경기,사립,1,110413,0,0,0,0,0,0,0,0,0,0,110413,22,0,2026-08-07T20:45:18.674Z
2024,0000187,차의과학대학교,대학,대학교,경기,사립,1,13992811912,5127114310,8481737000,0,846781333,2053173333,150000000,41370000,0,941103000,50749082,21430611350,271,79.2,2026-08-07T20:45:18.674Z
2024,0000544,청강문화산업대학교,전문대학,전문대학,경기,사립,1,20156983001,9712245810,0,123180000,0,0,31000000,60000000,0,41084000,723336104,11423337295,266,42.9,2026-08-07T20:45:18.674Z
2024,0000667,청심신학대학원대학교,전문대학,전문대학원,경기,사립,1,11165310,0,0,0,0,0,0,0,0,0,0,11165310,4,2.6,2026-08-07T20:45:18.674Z
2024,0000184,칼빈대학교,대학,대학교,경기,사립,1,975343705,901896200,0,0,0,0,0,0,0,24065000,14180000,111692505,157,0.7,2026-08-07T20:45:18.674Z
2024,0000186,평택대학교,대학,대학교,경기,사립,1,10360461117,7180045000,24623000,0,0,0,0,0,0,20768000,609885021,3835692138,257,14.9,2026-08-07T20:45:18.674Z
2024,0000037,한경대학교,대학,대학교,경기,국립,1,102578112770,9637311945,1832376384,643485030,715136000,0,15000000,144620000,969047019,3593499938,1916591492,102770556688,202,509.4,2026-08-07T20:45:18.674Z
2024,0000565,한국관광대학교,전문대학,전문대학,경기,사립,1,5726963098,3268926001,0,0,0,0,40000000,0,0,10244680,22611797,2530893574,67,37.5,2026-08-07T20:45:18.674Z
2024,0000247,한국산업기술대학교,대학,대학교,경기,사립,1,38717340682,13071989070,5051000000,2941429700,13303127000,150000000,10000000,1585080000,14120000,905450750,1257035369,50862594431,624,81.5,2026-08-07T20:45:18.674Z
2024,0000683,한국학대학원,전문대학,일반대학원,경기,특별법법인,1,9439744,0,0,0,0,0,0,0,0,0,0,9439744,0,0,2026-08-07T20:45:18.674Z
2024,0000194,한국항공대학교,대학,대학교,경기,사립,1,18267029600,6795865740,4185582000,561030590,4575400000,0,10000000,109665000,0,1114328500,1070920194,23098090144,398,58,2026-08-07T20:45:18.674Z
2024,0000201,한세대학교,대학,대학교,경기,사립,1,7364041280,5946942500,49361000,198286740,0,0,0,0,0,41502500,80550692,1786799712,230,7.8,2026-08-07T20:45:18.674Z
2024,0000202,한신대학교,대학,대학교,경기,사립,1,19726952372,11218840832,643387000,1359220799,0,20000000,57728000,20370000,0,78294500,869862860,11556974699,372,31,2026-08-07T20:45:18.674Z
2024,0000647,합동신학대학원대학교,전문대학,전문대학원,경기,사립,1,33462053,0,0,0,0,0,0,0,0,0,81765,33543818,17,1.9,2026-08-07T20:45:18.674Z
2024,0000207,협성대학교,대학,대학교,경기,사립,1,9755423797,8756664302,409104000,327876000,0,0,0,20370000,20352000,91852500,5797945990,7666259985,282,27.2,2026-08-07T20:45:18.674Z
2024,0000579,ICT폴리텍대학,전문대학,기능대학,경기,사립,1,378692515,378125000,6023000000,181120000,0,0,0,0,0,0,3022341,6207709856,0,0,2026-08-07T20:45:18.674Z
2024,0002748,가야대학교,대학,대학교,경남,사립,1,4878720118,4379315760,22439000,200000000,0,0,0,0,0,25321500,1146078642,1893243500,114,16.6,2026-08-07T20:45:18.674Z
2024,0000412,거제대학교,전문대학,전문대학,경남,사립,1,11917497839,3221022200,24192000,357000000,120000000,0,0,0,0,13069500,456910624,9667647763,66,147.6,2026-08-07T20:45:18.674Z
2024,0000059,경남대학교,대학,대학교,경남,사립,1,43971410769,19641806013,3831995400,971988000,601900000,0,83000000,715242000,0,164454900,2642512615,33340697671,596,56,2026-08-07T20:45:18.674Z
2024,0000402,경남도립거창대학,전문대학,전문대학,경남,공립,1,13173693881,1504740000,0,199869530,0,0,0,0,0,0,10890722221,22759545632,24,941.2,2026-08-07T20:45:18.674Z
2024,0000403,경남도립남해대학,전문대학,전문대학,경남,공립,1,10204605532,1428394160,0,0,0,0,0,0,15780000,0,9467099728,18259091100,20,907.8,2026-08-07T20:45:18.674Z
2024,0000007,경상대학교,대학,대학교,경남,국립,1,393436283819,31732495264,35506373000,515841350,7669684333,236760000,733172000,7998188000,2469178250,9676523000,23437168735,449946677223,688,653.7,2026-08-07T20:45:18.674Z
2024,0000569,김해대학교,전문대학,전문대학,경남,사립,1,13347554143,4377538668,0,0,0,0,14000000,0,0,17748000,745660154,9747423629,80,121.6,2026-08-07T20:45:18.674Z
2024,0000509,동원과학기술대학교,전문대학,전문대학,경남,사립,1,18058665279,6233237700,0,770000000,0,0,38000000,17940000,0,67762000,1120919262,13840048841,124,111.4,2026-08-07T20:45:18.674Z
2024,0000470,마산대학교,전문대학,전문대학,경남,사립,1,23974587028,14723424910,0,0,0,0,174548000,125000000,0,30333000,591270464,10172313582,289,35.2,2026-08-07T20:45:18.674Z
2024,0000222,부산장신대학교,대학,대학교,경남,사립,1,779071281,392198800,0,0,0,0,0,0,0,11229500,2207216,400309197,18,21.9,2026-08-07T20:45:18.674Z
2024,0002652,연암공과대학교,전문대학,전문대학,경남,사립,1,14130275235,2746866715,0,0,0,0,0,0,0,5701000,200637224,11589746744,62,188.1,2026-08-07T20:45:18.674Z
2024,0000164,인제대학교,대학,대학교,경남,사립,1,46754385031,16931396133,9981690000,1355674719,1036527334,222262000,105000000,312500000,0,753381410,3545484812,47135509173,547,86.2,2026-08-07T20:45:18.674Z
2024,0000260,진주교육대학교,대학,교육대학,경남,국립,1,29525267881,1488428660,69489000,0,0,0,0,0,0,27993800,113891321,28248213342,50,570.3,2026-08-07T20:45:18.674Z
2024,0000539,진주보건대학교,전문대학,전문대학,경남,사립,1,13221300669,7293933290,0,0,0,0,0,0,0,58556000,29575206,6015498585,146,41.3,2026-08-07T20:45:18.674Z
2024,0000249,창신대학교,대학,대학교,경남,사립,1,10547115868,4645611320,196096000,0,0,390000000,0,45985780,0,102480000,145430855,6781497183,125,54.2,2026-08-07T20:45:18.674Z
2024,0000028,창원대학교,대학,대학교,경남,국립,1,123869020181,14078658350,8180172100,193656800,4934609000,0,57000000,2067895000,0,1446641000,3060257972,129730593703,291,446.5,2026-08-07T20:45:18.674Z
2024,0000542,창원문성대학교,전문대학,전문대학,경남,사립,1,3798862648,2530265970,0,648490000,0,0,0,20370000,0,15232000,1218220712,3170909390,55,57.5,2026-08-07T20:45:18.674Z
2024,0000570,한국승강기대학교,전문대학,전문대학,경남,사립,1,8544551025,1221844250,0,0,0,0,0,151775000,0,50213300,4959642171,12484337246,33,379.6,2026-08-07T20:45:18.674Z
2024,0000410,가톨릭상지대학교,전문대학,전문대학,경북,사립,1,13699033027,4966245697,0,187200000,0,0,0,0,4812000,25038000,805456718,9755294048,102,96,2026-08-07T20:45:18.674Z
2024,0000456,경북과학대학교,전문대학,전문대학,경북,사립,1,6811024437,6478242480,0,0,0,0,0,0,0,468944100,325920000,1127646057,108,10.4,2026-08-07T20:45:18.674Z
2024,0000438,경북보건대학교,전문대학,전문대학,경북,사립,1,11518659496,3585419600,0,0,0,0,0,0,0,11580000,1311032000,9255851896,72,129.2,2026-08-07T20:45:18.674Z
2024,0002642,경북전문대학교,전문대학,전문대학,경북,사립,1,17740804323,8658345967,0,234797000,0,0,44000000,60000000,0,45926800,2122747000,11589929156,146,79.5,2026-08-07T20:45:18.674Z
2024,0000668,경안대학원대학교,전문대학,전문대학원,경북,사립,1,0,0,0,0,0,0,0,0,0,0,0,0,3,0,2026-08-07T20:45:18.674Z
2024,0000244,경운대학교,대학,대학교,경북,사립,1,23331936461,13047611000,1202659000,199688522,233000000,0,86000000,47000000,0,98692500,1718723938,13870089421,386,35.9,2026-08-07T20:45:18.674Z
2024,0000064,경일대학교,대학,대학교,경북,사립,1,43786301794,17037743120,838425000,575000000,190000000,135000000,97000000,261270000,0,322023500,468918917,29636196091,492,60.2,2026-08-07T20:45:18.674Z
2024,0000065,경주대학교,대학,대학교,경북,사립,1,3773017681,3299642200,0,0,0,100000000,0,0,90067000,27244500,315718000,1006404981,85,11.9,2026-08-07T20:45:18.674Z
2024,0000430,구미대학교,전문대학,전문대학,경북,사립,1,37866151218,20049962220,0,1058093066,0,0,0,0,0,117772000,12985078223,31977132287,320,99.9,2026-08-07T20:45:18.674Z
2024,0000010,금오공과대학교,대학,대학교,경북,국립,1,94614540674,9291726520,10849851607,419197670,4260284000,99765000,0,566240000,36000000,853999896,3978167502,106386319829,185,575.8,2026-08-07T20:45:18.674Z
2024,0000241,김천대학교,대학,대학교,경북,사립,1,7701356996,6170944234,24192000,0,0,27680000,43000000,0,0,41551700,1136672939,2803509401,162,17.3,2026-08-07T20:45:18.674Z
2024,0000442,대경대학교,전문대학,전문대학,경북,사립,1,24448431720,11547249313,0,0,0,0,57000000,0,69857400,46842410,152322758,13227204975,213,62,2026-08-07T20:45:18.674Z
2024,0000088,대구가톨릭대학교,대학,대학교,경북,사립,1,51217766672,27044880559,6179673000,1489000000,1346510000,807500000,4000000,161370000,25401000,1534656059,4649998752,40370994924,865,46.7,2026-08-07T20:45:18.674Z
2024,0000084,대구대학교,대학,대학교,경북,사립,1,76566874631,39735290644,2512771000,2380948000,605000000,125000000,158980000,7762488000,406440000,1349284910,1622785709,53755281606,1142,47.1,2026-08-07T20:45:18.674Z
2024,0000320,대구사이버대학교,대학,사이버대학(대학),경북,사립,1,5786926558,5381893400,0,0,0,0,0,0,0,117332500,10629687,532995345,108,4.9,2026-08-07T20:45:18.674Z
2024,0000087,대구예술대학교,대학,대학교,경북,사립,1,943634433,828947666,0,0,0,0,0,0,0,1050000,5988562,121725329,21,5.7,2026-08-07T20:45:18.674Z
2024,0000061,대구한의대학교,대학,대학교,경북,사립,1,42996088660,18393772830,2636594000,973258272,0,368400000,177009700,566000000,6138000,274774990,2312649941,31917140733,494,64.6,2026-08-07T20:45:18.674Z
2024,0000093,대신대학교,대학,대학교,경북,사립,1,2192267635,1943644666,0,0,0,0,0,0,0,20118000,93000000,361740969,47,7.7,2026-08-07T20:45:18.674Z
2024,0000106,동양대학교,대학,대학교,경북,사립,1,16924080741,9911721498,204500000,178714727,303841000,0,271000000,0,0,70232500,1339406632,9380054102,284,33.1,2026-08-07T20:45:18.674Z
2024,0000475,문경대학교,전문대학,전문대학,경북,사립,1,8235247478,2112436193,0,0,0,0,0,0,0,9616920,3729969000,9862397205,41,243.1,2026-08-07T20:45:18.674Z
2024,0000550,선린대학교,전문대학,전문대학,경북,사립,1,10768086044,5346118168,24192000,0,0,0,0,0,0,53765000,231500000,5731424876,106,53.9,2026-08-07T20:45:18.674Z
2024,0002647,성덕대학교,전문대학,전문대학,경북,사립,1,12789384647,5689695330,24192000,0,0,0,0,0,99067000,61282500,85000000,7369230817,75,97.6,2026-08-07T20:45:18.674Z
2024,0002650,안동과학대학교,전문대학,전문대학,경북,사립,1,13286244618,5816126333,493694000,0,0,0,48000000,0,5248000,33397000,152136733,8202594018,117,70.1,2026-08-07T20:45:18.674Z
2024,0000021,안동대학교,대학,대학교,경북,국립,1,115945573862,10641544750,4345800200,613887290,1042000000,0,44000000,66340000,594129200,1601200000,17519651571,131131037373,163,804.2,2026-08-07T20:45:18.674Z
2024,0000151,영남대학교,대학,대학교,경북,사립,1,103820997364,47451802308,19003464000,1340000000,4817994667,373850000,270415600,210858000,315141000,2362992650,3197849054,88261760027,1689,52.3,2026-08-07T20:45:18.674Z
2024,0000153,영남신학대학교,대학,대학교,경북,사립,1,1533153111,1337922100,0,0,0,0,0,0,0,8127500,54063,203412574,38,5.3,2026-08-07T20:45:18.674Z
2024,0000418,영남외국어대학,전문대학,전문대학,경북,사립,1,849183171,779955500,0,0,0,0,0,0,0,10650000,0,79877671,27,2.9,2026-08-07T20:45:18.674Z
2024,0000160,위덕대학교,대학,대학교,경북,사립,1,10761854493,6008178619,24520000,286336000,0,0,86000000,20370000,5826000,77462500,2082530479,7336720853,152,48.3,2026-08-07T20:45:18.674Z
2024,0000188,포항공과대학교,대학,대학교,경북,사립,1,54552557893,2260167600,167955461890,0,24263885667,1783766865,80000000,400000000,223788800,4405040000,5661444134,257065777649,284,905.6,2026-08-07T20:45:18.674Z
2024,0002658,포항대학교,전문대학,전문대학,경북,사립,1,9102871197,4969207333,85000000,185611150,0,390000000,0,20370000,0,58433750,1105000000,5978078764,91,65.9,2026-08-07T20:45:18.674Z
2024,0000576,한국복지사이버대학,전문대학,사이버대학(전문대학),경북,사립,1,3538511164,3502690000,0,0,0,0,0,0,0,65910000,279966,102011130,61,1.7,2026-08-07T20:45:18.674Z
2024,0003104,한국폴리텍 특성화대학,전문대학,기능대학,경북,사립,1,1330310227,1250426669,24192000,43471974984,1352800000,0,0,0,0,1082000,87216000,45017148542,0,0,2026-08-07T20:45:18.674Z
2024,0000624,한국폴리텍 VI 대학,전문대학,기능대학,경북,사립,1,1592273878,1587241340,80730000,50582763388,30000000,0,0,0,0,4053330,533800179,51236379435,0,0,2026-08-07T20:45:18.674Z
2024,0000196,한동대학교,대학,대학교,경북,사립,1,38628516523,10242806400,2914019000,200000000,581992000,110000000,456094000,76651000,0,59517000,1386697049,34170680172,314,109,2026-08-07T20:45:18.674Z
2024,0000415,호산대학교,전문대학,전문대학,경북,사립,1,11830910220,5309749140,0,199983772,0,0,0,0,0,80991300,92621120,6894757272,131,52.8,2026-08-07T20:45:18.674Z
2024,0000073,광신대학교,대학,대학교,광주,사립,1,1686258218,1576778000,0,0,0,0,0,0,0,44673000,374100000,528253218,55,9.6,2026-08-07T20:45:18.674Z
2024,0000381,광주과학기술원,대학,대학교,광주,특별법법인,1,3603000476,351208000,153391263850,0,3320107667,1094381333,3257458000,44000000,0,1575000000,158530000,166092533326,0,0,2026-08-07T20:45:18.674Z
2024,0000252,광주교육대학교,대학,교육대학,광주,국립,1,35381583550,1618868250,66560500,0,0,0,0,0,0,0,1279442122,35108717922,62,569.7,2026-08-07T20:45:18.674Z
2024,0000231,광주대학교,대학,대학교,광주,사립,1,30209817745,15901557535,419875000,438025920,120000000,0,70000000,370200000,5250000,73022000,124676833,15929309963,356,44.8,2026-08-07T20:45:18.674Z
2024,0000429,광주보건대학교,전문대학,전문대학,광주,사립,1,22776877144,9664146649,0,0,36000000,60000000,0,0,0,31725500,237574420,13478030415,176,76.5,2026-08-07T20:45:18.674Z
2024,0000076,광주여자대학교,대학,대학교,광주,사립,1,17895105840,9365261025,66185000,200000000,0,0,40000000,0,11422000,59874250,92986345,9000312410,213,42.2,2026-08-07T20:45:18.674Z
2024,0002972,기독간호대학교,전문대학,전문대학,광주,사립,1,5557643981,1389655333,0,0,0,0,0,0,0,8067750,2659000,4178715398,32,132.6,2026-08-07T20:45:18.674Z
2024,0000216,남부대학교,대학,대학교,광주,사립,1,14033101400,7036072069,45805000,0,530000000,0,30000000,449454000,0,18184200,191144497,8261617028,175,47.1,2026-08-07T20:45:18.674Z
2024,0000460,동강대학교,전문대학,전문대학,광주,사립,1,8824920811,6547523830,24192000,225600000,0,0,27000000,156905000,0,39931000,1765692877,4516717858,121,37.3,2026-08-07T20:45:18.674Z
2024,0002646,서영대학교,전문대학,전문대학,광주,사립,1,25928567789,15710767814,0,43755000,0,0,0,0,0,105373580,1221297888,11588226443,263,44.1,2026-08-07T20:45:18.674Z
2024,0000243,송원대학교,대학,대학교,광주,사립,1,13179903503,6631201160,98667000,82952000,0,0,46000000,0,0,89962500,345011587,7211295430,175,41.2,2026-08-07T20:45:18.674Z
2024,0000023,전남대학교,대학,대학교,광주,국립,1,414708375463,30761489210,62678248969,2438374960,8623673667,1168951000,990400000,626353000,6215674314,14105892991,18127087732,498921542886,916,544.6,2026-08-07T20:45:18.674Z
2024,0002974,조선간호대학교,전문대학,전문대학,광주,사립,1,6725087549,1483467500,63936000,0,0,0,0,0,0,3946500,21831000,5331333549,39,137.9,2026-08-07T20:45:18.674Z
2024,0000172,조선대학교,대학,대학교,광주,사립,1,92221633759,42685941215,16336772083,1331217765,5801137000,1804083333,282291000,1343002000,6527000,3248116700,2014019354,81702858779,1382,59.1,2026-08-07T20:45:18.674Z
2024,0000534,조선이공대학교,전문대학,전문대학,광주,사립,1,23143942526,7512838300,0,324366820,120000000,0,41000000,185640000,0,59801370,213959000,16575871416,143,115.8,2026-08-07T20:45:18.674Z
2024,0000616,한국폴리텍 V 대학,전문대학,기능대학,광주,사립,1,1682041907,1678018418,0,50425016688,0,0,0,0,0,5416500,379096000,50813552677,0,0,2026-08-07T20:45:18.674Z
2024,0000208,호남대학교,대학,대학교,광주,사립,1,33390676082,16752208710,154705000,828727263,221908000,0,356000000,20370000,0,78796540,83002733,18381976908,485,37.9,2026-08-07T20:45:18.674Z
2024,0000209,호남신학대학교,대학,대학교,광주,사립,1,1789710700,1452221884,0,0,0,0,0,0,0,28700600,171484,366360900,40,9.1,2026-08-07T20:45:18.674Z
2024,0000005,경북대학교,대학,대학교,대구,국립,1,466702976181,33536267270,87341504550,764548000,23191759200,2311408333,304400000,801170000,4173621182,16313701309,41527020988,609895842473,1101,554.2,2026-08-07T20:45:18.674Z
2024,0000068,계명대학교,대학,대학교,대구,사립,1,91721065199,48392422192,9647340000,1659142230,2094666666,1074209000,788263000,241250000,19239000,1520187100,5856223045,66229163048,1634,40.5,2026-08-07T20:45:18.674Z
2024,0000425,계명문화대학교,전문대학,전문대학,대구,사립,1,34108488975,15352971098,32983000,700000000,0,0,24000000,345770000,11236000,76337000,341283165,20287127042,254,79.8,2026-08-07T20:45:18.674Z
2024,0000382,대구경북과학기술원,대학,대학교,대구,특별법법인,1,3456836520,16269000,143188667000,0,2474000000,1278022667,0,235167000,180400000,893000000,2161000000,153850824187,0,0,2026-08-07T20:45:18.674Z
2024,0000443,대구공업대학교,전문대학,전문대학,대구,사립,1,5001754263,4361130760,90000000,0,0,0,0,20000000,0,73149500,24800000,848573003,65,13.1,2026-08-07T20:45:18.674Z
2024,0000446,대구과학대학교,전문대학,전문대학,대구,사립,1,31293081732,13880627897,24192000,0,0,390000000,40000000,0,0,58052950,766680831,18691379616,241,77.5,2026-08-07T20:45:18.674Z
2024,0000253,대구교육대학교,대학,교육대학,대구,국립,1,29436524905,2008849000,70528000,0,0,0,0,0,0,0,884813000,28383016905,87,327.1,2026-08-07T20:45:18.674Z
2024,0000444,대구보건대학교,전문대학,전문대학,대구,사립,1,40649247798,19414671879,29605000,0,175000000,0,0,677504000,0,101810500,666711417,22885206836,395,57.9,2026-08-07T20:45:18.674Z
2024,0002649,수성대학교,전문대학,전문대학,대구,사립,1,13455686624,11325910820,0,231270000,0,0,0,30370000,0,96093750,928867000,3416376554,191,17.9,2026-08-07T20:45:18.674Z
2024,0000513,영남이공대학교,전문대학,전문대학,대구,사립,1,37453672959,17005158017,39744000,1351831475,300000000,0,0,634654000,0,88747000,653466650,23516958067,336,70,2026-08-07T20:45:18.674Z
2024,0000575,영진사이버대학,전문대학,사이버대학(전문대학),대구,사립,1,6797291023,6332797400,0,0,0,0,0,0,0,52139000,149800574,666433197,88,7.6,2026-08-07T20:45:18.674Z
2024,0000517,영진전문대학교,전문대학,전문대학,대구,사립,1,44342817616,21010902990,0,687627810,0,0,80000000,261372000,0,104116250,467107150,24932137836,400,62.3,2026-08-07T20:45:18.674Z
2024,0000643,건신대학원대학교,전문대학,전문대학원,대전,사립,1,6310977,0,0,0,0,0,0,0,0,0,0,6310977,11,0.6,2026-08-07T20:45:18.674Z
2024,0000335,건양사이버대학교,대학,사이버대학(대학),대전,사립,1,8511450525,7487715000,0,0,0,0,0,216000000,0,114226500,51686238,1405648263,110,12.8,2026-08-07T20:45:18.674Z
2024,0000664,과학기술연합대학원대학교,전문대학,전문대학원,대전,기타,1,121454977,0,18579120000,0,0,0,0,0,0,0,24501,18700599478,0,0,2026-08-07T20:45:18.674Z
2024,0000546,대덕대학교,전문대학,전문대학,대전,사립,1,5467337114,4827384900,0,216000000,0,0,32000000,378462000,0,21618750,1156506361,2444539325,84,29.2,2026-08-07T20:45:18.674Z
2024,0000453,대전과학기술대학교,전문대학,전문대학,대전,사립,1,18509733612,9022062870,0,0,0,0,24000000,95770000,0,20686500,503662840,10131790082,228,44.5,2026-08-07T20:45:18.674Z
2024,0000095,대전대학교,대학,대학교,대전,사립,1,43594125352,19525500442,2031919000,260000000,694080000,1625400000,55000000,335053500,12984000,238940500,7859928552,37181930462,581,64,2026-08-07T20:45:18.674Z
2024,0000451,대전보건대학교,전문대학,전문대학,대전,사립,1,23922409865,11210924431,24192000,266943200,0,0,0,26000000,0,33464525,480383720,13542468879,248,54.6,2026-08-07T20:45:18.674Z
2024,0000238,대전신학대학교,대학,대학교,대전,사립,1,303532844,178491000,0,0,0,0,0,0,0,6023000,0,131064844,10,12.8,2026-08-07T20:45:18.674Z
2024,0000112,목원대학교,대학,대학교,대전,사립,1,32382972699,18150657240,233080000,1178927407,486240000,0,150000000,88000000,0,173611576,797579016,17339753458,516,33.6,2026-08-07T20:45:18.674Z
2024,0000113,배재대학교,대학,대학교,대전,사립,1,31438358672,18009435590,4439285000,1992781355,22388000,0,128485100,55370000,445635000,125347000,1213929068,21852143605,529,41.3,2026-08-07T20:45:18.674Z
2024,0000240,우송대학교,대학,대학교,대전,사립,1,44182544617,22018923889,1181056480,0,97350000,0,0,0,22217260,291491520,994649154,24750385142,787,31.5,2026-08-07T20:45:18.674Z
2024,0000452,우송정보대학,전문대학,전문대학,대전,사립,1,20694945518,9268514431,0,582200000,0,0,0,0,0,30796200,163862987,12203290274,179,68.3,2026-08-07T20:45:18.674Z
2024,0000161,을지대학교,대학,대학교,대전,사립,1,19611492388,10460901050,2482952600,0,1360197166,560951000,601756000,272000000,0,2516297517,665896630,17610642251,386,45.6,2026-08-07T20:45:18.674Z
2024,0000029,충남대학교,대학,대학교,대전,국립,1,350513127978,24550937910,51954361899,376137850,12575451333,2635093775,781300000,419145000,5936184879,12604400274,20038050757,433282315835,814,532.2,2026-08-07T20:45:18.674Z
2024,0000182,침례신학대학교,대학,대학교,대전,사립,1,4832614387,2360756101,49500000,0,0,0,0,0,0,29236100,47185524,2597779910,81,32.3,2026-08-07T20:45:18.674Z
2024,0000374,한국과학기술원,대학,대학교,대전,특별법법인,1,21544763750,3118742000,444005499742,335000000,21279127334,5829892000,1913700000,2576100500,486239630,8504406000,5141675834,508497662790,0,0,2026-08-07T20:45:18.674Z
2024,0000603,한국폴리텍 IV 대학,전문대학,기능대학,대전,사립,1,2083531770,2040180674,41400000,55439863388,0,0,0,0,0,4596000,356505900,55885716384,0,0,2026-08-07T20:45:18.674Z
2024,0000195,한남대학교,대학,대학교,대전,사립,1,59421239608,25290333314,3011682120,1452546673,1472011000,0,281978000,7478370000,6274350,232893570,2820424771,50887086778,810,62.9,2026-08-07T20:45:18.674Z
2024,0000039,한밭대학교,대학,대학교,대전,국립,1,117957249511,14015430850,10302636450,1326509330,3336202000,40000000,0,962956000,87190120,575180000,5615170008,126187662569,319,395.2,2026-08-07T20:45:18.674Z
2024,0002640,경남정보대학교,전문대학,전문대학,부산,사립,1,35672224576,17418090158,0,260932000,120000000,0,35000000,280492000,0,57923155,1187383444,20195865017,296,68.2,2026-08-07T20:45:18.674Z
2024,0000062,경성대학교,대학,대학교,부산,사립,1,49011891892,26704620098,864683000,1662772467,0,0,62500000,20370000,0,1790762500,1314622312,28022982073,872,32.2,2026-08-07T20:45:18.674Z
2024,0000071,고신대학교,대학,대학교,부산,사립,1,13611262476,7175416470,1058197000,185397977,70000000,100000000,896474000,22350000,0,451233500,1642055078,10861553561,214,50.8,2026-08-07T20:45:18.674Z
2024,0000447,대동대학교,전문대학,전문대학,부산,사립,1,8477902099,3956686666,0,0,0,0,0,0,0,30022500,184500859,4735738792,89,52.9,2026-08-07T20:45:18.674Z
2024,0000235,동명대학교,대학,대학교,부산,사립,1,37276509205,19719952150,195956000,649829003,304994000,0,135400000,272370000,0,118401900,2091743083,21325251041,475,44.9,2026-08-07T20:45:18.674Z
2024,0000103,동서대학교,대학,대학교,부산,사립,1,49380948349,23762661525,3073610000,1258712826,412760000,0,413000000,287561000,10084000,442650500,2394841434,33911506584,580,58.5,2026-08-07T20:45:18.674Z
2024,0000105,동아대학교,대학,대학교,부산,사립,1,86096295387,40638335327,10454292900,1291427528,3744203333,615450000,236443000,916675000,97880000,4814741530,4801189685,72430263036,1419,51,2026-08-07T20:45:18.674Z
2024,0000466,동의과학대학교,전문대학,전문대학,부산,사립,1,21858675995,10259123701,24192000,420497000,0,0,40000000,778264000,0,105107490,968173444,13935786228,220,63.3,2026-08-07T20:45:18.674Z
2024,0000107,동의대학교,대학,대학교,부산,사립,1,62954449434,34778863852,4297036000,1706433626,1181000000,451460000,271000000,353365200,0,803570250,3230382538,40469833196,998,40.6,2026-08-07T20:45:18.674Z
2024,0000467,동주대학교,전문대학,전문대학,부산,사립,1,18436998567,7446239683,0,0,0,0,0,0,11090000,41907750,226177636,11269934270,129,87.3,2026-08-07T20:45:18.674Z
2024,0000013,부경대학교,대학,대학교,부산,국립,1,228105743577,27071081180,21489967846,1237667900,6068247333,0,0,290915000,0,16260241500,3010076739,249391778715,581,429.4,2026-08-07T20:45:18.674Z
2024,0000114,부산가톨릭대학교,대학,대학교,부산,사립,1,20576752677,8248025086,387417000,82412000,120000000,0,0,20370000,0,372394000,1828651290,15139971881,243,62.3,2026-08-07T20:45:18.674Z
2024,0000479,부산경상대학교,전문대학,전문대학,부산,사립,1,18433345375,5585101000,0,325759000,0,0,0,0,0,153673500,1230800000,14558476875,91,159.4,2026-08-07T20:45:18.674Z
2024,0000481,부산과학기술대학교,전문대학,전문대학,부산,사립,1,23925472916,11388893113,0,331392000,0,0,0,255190000,0,142469960,507509989,13773141752,200,68.9,2026-08-07T20:45:18.674Z
2024,0000254,부산교육대학교,대학,교육대학,부산,국립,1,36775576662,1398714000,47160000,0,369000000,0,0,0,0,40000000,1726885600,37559908262,63,596.2,2026-08-07T20:45:18.674Z
2024,0000014,부산대학교,대학,대학교,부산,국립,1,437425182006,30792529160,92327360708,999615105,25238147666,985500000,52000000,8179399000,508651364,14979750781,23171022611,573074100081,1069,536,2026-08-07T20:45:18.674Z
2024,0000321,부산디지털대학교,대학,사이버대학(대학),부산,사립,1,5075650297,3917275433,0,0,0,0,0,0,0,108254500,17469695,1284099059,62,20.7,2026-08-07T20:45:18.674Z
2024,0000480,부산여자대학교,전문대학,전문대학,부산,사립,1,12429548166,5765829735,0,199908700,0,0,0,0,0,41724000,110846500,7016197631,101,69.1,2026-08-07T20:45:18.674Z
2024,0000561,부산예술대학교,전문대학,전문대학,부산,사립,1,2731671045,2456887071,0,0,0,0,0,0,0,30961750,3732500,309478224,34,9,2026-08-07T20:45:18.674Z
2024,0000115,부산외국어대학교,대학,대학교,부산,사립,1,26408478480,14850525333,250000000,199653555,0,307000000,137300000,0,5363000,73796000,1276569815,13807635517,424,32.6,2026-08-07T20:45:18.674Z
2024,0000144,신라대학교,대학,대학교,부산,사립,1,29993781837,16766167110,421810000,524859696,539620000,125000000,18500000,54000000,28917000,229603000,3174503290,18344427713,452,40.6,2026-08-07T20:45:18.674Z
2024,0003193,영산대학교,대학,대학교,부산,사립,1,24450457606,13706348900,89214000,420000000,70000000,0,99000000,0,0,185188500,3898159718,15505670924,352,44.1,2026-08-07T20:45:18.674Z
2024,0003163,한국폴리텍 VII 대학,전문대학,기능대학,부산,사립,1,3556130345,3366928004,0,60300454688,0,0,0,52000000,0,6890670,880121000,61428668699,0,0,2026-08-07T20:45:18.674Z
2024,0000033,한국해양대학교,대학,대학교,부산,국립,1,129841697918,10041401020,4947645000,250000000,4190104000,0,10000000,573978000,668567970,3245522000,4555688638,138241802506,220,629.6,2026-08-07T20:45:18.674Z
2024,0000333,화신사이버대학교,대학,사이버대학(대학),부산,사립,1,5231397271,3900809000,0,0,0,0,0,0,0,65989500,0,1396577771,47,29.8,2026-08-07T20:45:18.674Z
2024,0000050,감리교신학대학교,대학,대학교,서울,사립,1,2860405998,1896537100,0,0,0,0,0,0,0,4950000,14459929,983278827,74,13.3,2026-08-07T20:45:18.674Z
2024,0000079,강서대학교,대학,대학교,서울,사립,1,3743903768,2828466417,243505000,0,0,0,16000000,0,0,8482500,1043687093,2227111944,123,18,2026-08-07T20:45:18.674Z
2024,0000663,개신대학원대학교,전문대학,전문대학원,서울,사립,1,12402945,0,0,0,0,0,0,0,0,0,0,12402945,16,0.8,2026-08-07T20:45:18.674Z
2024,0000052,건국대학교,대학,대학교,서울,사립,2,90450025082,40301950175,30957389060,659981782,9735810667,943960122,112813000,150370000,1223718006,11030100926,5878288965,110840507435,2309,34.4,2026-08-07T20:45:18.674Z
2024,0000066,경희대학교,대학,대학교,서울,사립,1,92685583981,39079271100,61969675324,0,12720853667,10587360667,3099950000,685095000,437179000,9851137219,6208525811,159166089569,3031,52.5,2026-08-07T20:45:18.674Z
2024,0000318,경희사이버대학교,대학,사이버대학(대학),서울,사립,1,13292574543,12562600500,0,0,0,428500000,0,0,0,241007000,42201910,1441682953,317,4.6,2026-08-07T20:45:18.674Z
2024,0000069,고려대학교,대학,대학교,서울,사립,2,171699796351,36128784817,186133370662,374342930,25039603335,18149150363,2469919025,727740000,802201799,25937339267,22838355922,418043034837,3841,95.5,2026-08-07T20:45:18.674Z
2024,0000328,고려사이버대학교,대학,사이버대학(대학),서울,사립,1,8677341968,7524961300,0,0,0,90000000,0,0,0,123053850,28567576,1394002094,224,6.2,2026-08-07T20:45:18.674Z
2024,0000074,광운대학교,대학,대학교,서울,사립,1,34992163766,13756396420,10061976400,503500000,4323181333,116000000,970000000,312571000,0,1942959000,5624497731,45090452810,798,56.5,2026-08-07T20:45:18.674Z
2024,0000078,국민대학교,대학,대학교,서울,사립,1,69144679162,27031959709,16919421554,420000000,7336004667,0,286525000,0,88053862,6165378473,3191475420,76519578429,1566,48.9,2026-08-07T20:45:18.674Z
2024,0000649,국제신학대학원대학교,전문대학,전문대학원,서울,사립,1,3627634,0,0,0,0,0,0,0,0,0,0,3627634,35,0.1,2026-08-07T20:45:18.674Z
2024,0000656,국제영어대학원대학교,전문대학,전문대학원,서울,사립,1,0,0,0,0,0,0,0,0,0,0,0,0,20,0,2026-08-07T20:45:18.674Z
2024,0000099,덕성여자대학교,대학,대학교,서울,사립,1,21183099195,9544557255,1344869000,644600000,512000000,200000000,0,65000000,5519000,717237080,1174474227,16302241247,401,40.7,2026-08-07T20:45:18.674Z
2024,0000100,동국대학교,대학,대학교,서울,사립,2,87581899912,36224504271,32314406463,1207000000,6288241667,3935505123,4300281500,820740000,101341818,5904762337,5652932272,111882606821,2131,41.2,2026-08-07T20:45:18.674Z
2024,0000102,동덕여자대학교,대학,대학교,서울,사립,1,21617008954,13405510244,1239177000,370000000,231000000,153300000,0,0,0,763469000,1707981639,12676426349,530,23.9,2026-08-07T20:45:18.674Z
2024,0000669,동방문화대학원대학교,전문대학,전문대학원,서울,사립,1,115915000,0,0,0,0,0,0,0,0,16755000,2388000,135058000,27,5,2026-08-07T20:45:18.674Z
2024,0000463,동양미래대학교,전문대학,전문대학,서울,사립,1,31180763625,15828230087,156223000,303285000,120000000,0,0,0,0,39560000,216706400,16188307938,360,45,2026-08-07T20:45:18.674Z
2024,0000330,디지털서울문화예술대학교,대학,사이버대학(대학),서울,사립,1,4775380344,4295708900,0,0,0,0,16000000,0,0,63180830,61353,558913627,112,5,2026-08-07T20:45:18.674Z
2024,0000473,명지전문대학,전문대학,전문대학,서울,사립,1,33819075004,16709898779,63936000,0,120000000,30000000,0,0,7979000,59855160,23718071,17414664456,398,43.8,2026-08-07T20:45:18.674Z
2024,0000476,배화여자대학교,전문대학,전문대학,서울,사립,1,15273655828,6232975040,37260000,305147000,0,0,0,531342000,0,195796660,320783285,10431009733,153,68.1,2026-08-07T20:45:18.674Z
2024,0000642,베뢰아국제대학원대학교,전문대학,전문대학원,서울,사립,1,110317,0,0,0,0,0,0,0,0,0,0,110317,0,0,2026-08-07T20:45:18.674Z
2024,0000670,북한대학원대학교,전문대학,전문대학원,서울,사립,1,0,0,0,0,0,0,0,0,0,0,42021,42021,16,0,2026-08-07T20:45:18.674Z
2024,0000332,사이버한국외국어대학교,대학,사이버대학(대학),서울,사립,1,7229284043,7007706167,0,0,0,0,18000000,0,0,142557160,5294054,387429090,169,2.3,2026-08-07T20:45:18.674Z
2024,0000116,삼육대학교,대학,대학교,서울,사립,1,23064757342,11661889910,2385607000,1163600000,0,49940000,266291000,80370000,19323000,115979500,1142928879,16626906811,465,35.8,2026-08-07T20:45:18.674Z
2024,0000483,삼육보건대학교,전문대학,전문대학,서울,사립,1,8288756696,2679109236,24192000,189016000,0,0,0,0,0,41755000,10567099,5875177559,75,78.5,2026-08-07T20:45:18.674Z
2024,0000117,상명대학교,대학,대학교,서울,사립,1,41698322485,26034375142,5699691000,419654132,496840000,34000000,609354000,40000000,120000000,1606482500,4300688375,28990657350,1006,28.8,2026-08-07T20:45:18.674Z
2024,0000120,서강대학교,대학,대학교,서울,사립,1,49656202686,10240855966,31443528000,0,5809576000,205000000,1200733000,170370000,19543000,443637000,699556215,79407289935,1206,65.8,2026-08-07T20:45:18.674Z
2024,0000121,서경대학교,대학,대학교,서울,사립,1,22243479540,12571629369,359466000,199630484,175000000,0,901000000,0,6680000,2366681000,2825091301,16505398956,549,30.1,2026-08-07T20:45:18.674Z
2024,0000036,서울과학기술대학교,대학,대학교,서울,국립,1,147018893051,15334014985,21752013250,1397401230,7991822333,130000000,50000000,525370000,18290620,4247919000,523789080,168321483579,548,307.4,2026-08-07T20:45:18.674Z
2024,0000666,서울과학종합대학원대학교,전문대학,전문대학원,서울,사립,1,11182976,0,0,0,0,0,0,0,0,0,0,11182976,171,0.1,2026-08-07T20:45:18.674Z
2024,0000255,서울교육대학교,대학,교육대학,서울,국립,1,33686782740,1244982650,23160000,0,0,0,18500000,0,0,10500000,781749500,33275709590,76,437.4,2026-08-07T20:45:18.674Z
2024,0000098,서울기독대학교,대학,대학교,서울,사립,1,944296206,795783000,0,0,0,295000000,0,0,0,5042000,107195,448662401,62,7.3,2026-08-07T20:45:18.674Z
2024,0000019,서울대학교,대학,대학교,서울,국립대법인,1,810473106546,16291140150,310914878644,0,30917298521,27078416060,3362597800,95000000,4198736862,41193385369,13694257321,1225636536973,0,0,2026-08-07T20:45:18.674Z
2024,0000322,서울디지털대학교,대학,사이버대학(대학),서울,사립,1,12410093790,11387130100,0,0,0,0,0,0,0,197130000,4609806,1224703496,253,4.8,2026-08-07T20:45:18.674Z
2024,0000677,서울미디어대학원대학교,전문대학,특수대학원,서울,사립,1,36078740,0,0,0,65230000,0,0,0,0,0,0,101308740,25,4,2026-08-07T20:45:18.674Z
2024,0000660,서울벤처대학원대학교,전문대학,전문대학원,서울,사립,1,0,0,0,0,0,0,0,0,42840000,0,0,42840000,23,1.8,2026-08-07T20:45:18.674Z
2024,0000658,서울불교대학원대학교,전문대학,전문대학원,서울,사립,1,70261560,0,0,0,0,0,0,0,0,0,369276,70630836,19,3.8,2026-08-07T20:45:18.674Z
2024,0000323,서울사이버대학교,대학,사이버대학(대학),서울,사립,1,19500381670,18269085300,0,0,0,0,0,0,0,456725250,51353050,1739374670,439,4,2026-08-07T20:45:18.674Z
2024,0000653,서울사회복지대학원대학교,전문대학,특수대학원,서울,사립,1,1413270,0,0,0,0,0,0,0,0,16755000,180410,18348680,0,0,2026-08-07T20:45:18.674Z
2024,0000650,서울성경신학대학원대학교,전문대학,전문대학원,서울,사립,1,5370120,0,0,0,0,0,0,0,0,0,0,5370120,4,1.5,2026-08-07T20:45:18.674Z
2024,0000040,서울시립대학교,대학,대학교,서울,공립,1,37276739877,8252274370,15045135977,419445478,2334490000,203500000,12525000,20370000,49092136,7302738511,65915218187,120326980796,355,338.9,2026-08-07T20:45:18.674Z
2024,0002973,서울여자간호대학교,전문대학,전문대학,서울,사립,1,5070646427,1632857500,22176000,0,0,0,0,0,0,0,2899616,3462864543,56,62.1,2026-08-07T20:45:18.674Z
2024,0000126,서울여자대학교,대학,대학교,서울,사립,1,24070425491,14031187342,1159041000,185100000,465000000,395238000,185340000,0,104592000,991097000,3397950405,16922596554,534,31.7,2026-08-07T20:45:18.674Z
2024,0000659,서울외국어대학원대학교,전문대학,전문대학원,서울,사립,1,20913966,0,30000000,0,0,0,0,0,0,0,0,50913966,26,1.9,2026-08-07T20:45:18.674Z
2024,0000490,서일대학교,전문대학,전문대학,서울,사립,1,25039865442,14796312126,212311000,1329586480,50000000,0,0,26000000,0,87979000,30043893,11979473689,356,33.6,2026-08-07T20:45:18.674Z
2024,0000132,성공회대학교,대학,대학교,서울,사립,1,8013521326,5059035934,33430600,0,0,0,0,0,0,32292000,153680525,3173888517,170,18.7,2026-08-07T20:45:18.674Z
2024,0000133,성균관대학교,대학,대학교,서울,사립,1,132023641949,25082756102,161258209712,863826575,40569195666,6896651841,2218500000,7583318000,189114000,10097600967,5877907842,342495210450,2944,116.3,2026-08-07T20:45:18.674Z
2024,0000136,성신여자대학교,대학,대학교,서울,사립,1,28764434809,17904806000,4161016000,462000000,779200000,859951000,83124000,0,5808000,894950602,1363616518,19469294929,812,24,2026-08-07T20:45:18.674Z
2024,0000138,세종대학교,대학,대학교,서울,사립,1,48845887712,20024680500,27894338745,1334371484,10383589333,301000000,1727000000,0,446759182,6990972937,3014895834,80914134727,1497,54.1,2026-08-07T20:45:18.674Z
2024,0000325,세종사이버대학교,대학,사이버대학(대학),서울,사립,1,16678794687,16208083333,35000000,0,0,0,0,0,0,231377750,11608994,748698098,306,2.5,2026-08-07T20:45:18.674Z
2024,0000141,숙명여자대학교,대학,대학교,서울,사립,1,41904517328,16709780100,16414208346,1164000000,2233700000,411650000,0,50830000,0,1137415500,21157240021,67763781095,1063,63.7,2026-08-07T20:45:18.674Z
2024,0000671,순복음대학원대학교,전문대학,전문대학원,서울,사립,1,10497994,0,0,0,0,0,0,0,0,0,75956,10573950,7,1.5,2026-08-07T20:45:18.674Z
2024,0000143,숭실대학교,대학,대학교,서울,사립,1,49348157643,21353586300,19648855822,404146371,5234900000,160000000,1532500000,836782000,144800636,1194947589,2186858431,59338362192,1440,41.2,2026-08-07T20:45:18.674Z
2024,0000329,숭실사이버대학교,대학,사이버대학(대학),서울,사립,1,9373487733,9093659997,0,0,0,490000000,0,0,0,174432240,8089704,952349680,208,4.6,2026-08-07T20:45:18.674Z
2024,0000500,숭의여자대학교,전문대학,전문대학,서울,사립,1,8303453497,7749152853,5000000,0,0,0,0,0,0,50545300,10394313,620240257,171,3.6,2026-08-07T20:45:18.674Z
2024,0000149,연세대학교,대학,대학교,서울,사립,2,164184980320,37085818950,185907627692,0,40314111666,40071508228,2084100000,704370000,479935000,27139955522,8594931896,432395701374,4168,92.2,2026-08-07T20:45:18.674Z
2024,0000651,예명대학원대학교,전문대학,전문대학원,서울,사립,1,0,0,0,0,0,0,0,0,0,0,0,0,20,0,2026-08-07T20:45:18.674Z
2024,0000678,용문상담심리대학원대학교,전문대학,전문대학원,서울,사립,1,7814837,0,0,0,0,0,0,0,0,0,0,7814837,11,0.7,2026-08-07T20:45:18.674Z
2024,0000163,이화여자대학교,대학,대학교,서울,사립,1,61592389300,21536781860,59976293825,0,2529937000,4470888333,657025000,61370000,357691200,7729055000,4173872112,120011739910,2127,56.4,2026-08-07T20:45:18.674Z
2024,0000525,인덕대학교,전문대학,전문대학,서울,사립,1,25877619276,14955250695,82608000,1453137669,70000000,0,0,0,0,205076000,263946688,12997136938,340,38.3,2026-08-07T20:45:18.674Z
2024,0000170,장로회신학대학교,대학,대학교,서울,사립,1,2759757645,1942625990,0,0,0,0,0,0,0,13737500,1161844,832030999,165,5.1,2026-08-07T20:45:18.674Z
2024,0000288,정석대학,대학,기술대학,서울,사립,1,0,0,0,0,0,0,0,0,0,0,0,0,0,0,2026-08-07T20:45:18.674Z
2024,0000175,중앙대학교,대학,대학교,서울,사립,1,96071436327,36972318910,63869425000,0,15828233000,3246337667,2559108475,80370000,427013000,8612482500,2855645359,156577732418,2639,59.3,2026-08-07T20:45:18.674Z
2024,0000180,총신대학교,대학,대학교,서울,사립,1,5195618669,4083453134,0,0,0,0,180000000,0,0,361474500,54003273,1707643308,243,7,2026-08-07T20:45:18.674Z
2024,0000181,추계예술대학교,대학,대학교,서울,사립,1,4938045467,2267369800,0,0,0,0,0,0,0,15989500,9393302,2696058469,113,23.8,2026-08-07T20:45:18.674Z
2024,0002817,크리스찬치유상담대학원대학교,전문대학,전문대학원,서울,사립,1,3243771,0,0,0,0,0,0,0,0,0,0,3243771,10,0.3,2026-08-07T20:45:18.674Z
2024,0003183,태재대학교,대학,사이버대학(대학),서울,사립,1,70674740,70600000,0,0,0,0,0,0,0,0,1511050000,1511124740,6,267.1,2026-08-07T20:45:18.674Z
2024,0000273,한국방송통신대학교,대학,방송통신대학,서울,국립,1,84220125346,12022903043,65748207,0,0,0,0,0,35999799,45000000,31324874,72375295183,604,119.9,2026-08-07T20:45:18.674Z
2024,0000679,한국상담대학원대학교,전문대학,전문대학원,서울,사립,1,6901413,0,0,0,0,0,0,0,0,0,0,6901413,14,0.5,2026-08-07T20:45:18.674Z
2024,0000191,한국성서대학교,대학,대학교,서울,사립,1,5749759499,2565999371,31692000,0,0,0,0,0,0,25630000,175204127,3416286255,75,45.8,2026-08-07T20:45:18.674Z
2024,0000326,한국열린사이버대학교,대학,사이버대학(대학),서울,사립,1,7841796690,7662658260,0,0,0,0,0,0,0,119030620,56764901,354933951,136,2.6,2026-08-07T20:45:18.674Z
2024,0000383,한국예술종합학교,대학,각종학교(대학),서울,특별법국립,1,4935668674,3456402090,0,0,0,0,51880000000,0,0,0,3723781031,57083047615,148,384.7,2026-08-07T20:45:18.674Z
2024,0000192,한국외국어대학교,대학,대학교,서울,사립,1,54344979182,25200384267,4801352000,414911180,250150000,0,100000000,20370000,5927500,2697573000,2036415259,39471293854,1450,27.2,2026-08-07T20:45:18.674Z
2024,0000032,한국체육대학교,대학,대학교,서울,국립,1,54280173843,4307399960,95900000,0,0,0,904000000,0,0,0,38389014,51011062897,100,510.2,2026-08-07T20:45:18.674Z
2024,0000585,한국폴리텍 I 대학,전문대학,기능대학,서울,사립,1,2143313734,1962884639,9998040,55118008988,0,0,0,0,0,4251000,672606611,55985293734,0,0,2026-08-07T20:45:18.674Z
2024,0000673,한림국제대학원대학교,전문대학,특수대학원,서울,사립,1,103820596,0,0,0,364000000,0,0,0,0,0,171170,467991766,28,16.7,2026-08-07T20:45:18.674Z
2024,0000676,한반도국제대학원대학교,전문대학,특수대학원,서울,사립,1,0,0,0,0,0,0,0,0,0,0,0,0,2,0,2026-08-07T20:45:18.674Z
2024,0000200,한성대학교,대학,대학교,서울,사립,1,26478171543,14421452701,1557114000,1050770368,199840000,0,585000000,843534800,0,347455750,3042404244,19682838004,598,32.9,2026-08-07T20:45:18.674Z
2024,0000203,한양대학교,대학,대학교,서울,사립,2,153213693235,43390699667,129887329200,500000000,49564937000,5362519667,3532506300,7660352000,360313000,13799380590,10165018991,330655350316,3786,63.3,2026-08-07T20:45:18.674Z
2024,0000331,한양사이버대학교,대학,사이버대학(대학),서울,사립,1,18554330544,17847371000,48384000,0,553300000,0,0,0,0,268538330,4334431,1581516305,501,3.2,2026-08-07T20:45:18.674Z
2024,0000554,한양여자대학교,전문대학,전문대학,서울,사립,1,32190819085,16999768421,0,854860000,0,0,0,0,0,49814000,954896142,17050620806,385,44.3,2026-08-07T20:45:18.674Z
2024,0000205,한영신학대학교,대학,대학교,서울,사립,1,1989016052,1495086870,0,0,0,0,0,0,0,12801500,3304882,510035564,61,8.3,2026-08-07T20:45:18.674Z
2024,0000212,홍익대학교,대학,대학교,서울,사립,1,53818571591,31409552184,9687900200,0,3340200000,81250000,2110890300,508370000,58000000,1721268190,905072559,40821970656,1993,20.5,2026-08-07T20:45:18.674Z
2024,0000648,횃불트리니티신학대학원대학교,전문대학,전문대학원,서울,사립,1,21229801,0,0,0,0,0,0,0,0,0,391114,21620915,26,0.8,2026-08-07T20:45:18.674Z
2024,0000094,대전가톨릭대학교,대학,대학교,세종,사립,1,71680000,71680000,0,0,0,0,0,0,0,0,0,0,3,0,2026-08-07T20:45:18.674Z
2024,0000640,한국개발연구원국제정책대학원대학교,전문대학,전문대학원,세종,사립,1,18024456,0,0,0,0,0,0,0,0,40909090,22400000,81333546,0,0,2026-08-07T20:45:18.674Z
2024,0000522,한국영상대학교,전문대학,전문대학,세종,사립,1,21862970854,8773607043,0,0,0,0,77000000,20370000,0,22309000,146594597,13355637408,177,75.3,2026-08-07T20:45:18.674Z
2024,0000250,울산과학기술원,대학,대학교,울산,특별법법인,1,14205088232,2045206650,179560119346,0,12295533333,993372333,148000000,10000000,0,3626607500,9263196313,218056710407,0,0,2026-08-07T20:45:18.674Z
2024,0000521,울산과학대학교,전문대학,전문대학,울산,사립,1,33571281428,10742604645,251686000,893440000,63000000,390000000,38000000,260312000,0,39285500,3627779000,28392179283,310,91.5,2026-08-07T20:45:18.674Z
2024,0000158,울산대학교,대학,대학교,울산,사립,1,66180127115,20198328238,23375940000,414362131,6403444333,1458056167,227548000,70000000,0,3769625000,12493878313,94194652821,910,103.5,2026-08-07T20:45:18.674Z
2024,0000545,춘해보건대학교,전문대학,전문대학,울산,사립,1,16136192905,7222732665,0,0,0,0,0,0,5597000,32822500,325819710,9277699450,152,60.9,2026-08-07T20:45:18.674Z
2024,0000681,한국전력국제원자력대학원대학교,전문대학,전문대학원,울산,사립,1,0,0,300000000,0,2583479000,0,0,0,0,187200000,99100000,3169779000,52,61.1,2026-08-07T20:45:18.674Z
2024,0000256,경인교육대학교,대학,교육대학,인천,국립,1,42269574945,2532889660,90285000,0,0,0,157000000,0,8298000,0,2465408805,42457677090,121,349.8,2026-08-07T20:45:18.674Z
2024,0000422,경인여자대학교,전문대학,전문대학,인천,사립,1,16704571724,9611514219,0,172620000,0,0,0,0,0,29206250,2571439197,9866322952,221,44.6,2026-08-07T20:45:18.674Z
2024,0000644,성산효대학원대학교,전문대학,전문대학원,인천,사립,1,4532404,0,0,0,0,0,0,0,0,16755000,0,21287404,15,1.4,2026-08-07T20:45:18.674Z
2024,0000168,인천가톨릭대학교,대학,대학교,인천,사립,1,3644046128,1415738250,400000000,0,0,33400000,0,0,0,0,1268621,2662976499,60,44.4,2026-08-07T20:45:18.674Z
2024,0002660,인천대학교,대학,대학교,인천,국립대법인,1,168071293460,22193150542,16296279000,1059393402,4775006000,240000000,139500000,176000000,0,4478675000,24192650953,197235647273,0,0,2026-08-07T20:45:18.674Z
2024,0000455,인천재능대학교,전문대학,전문대학,인천,사립,1,17620321555,7856781038,183915000,200000000,0,0,0,0,0,50656000,923124228,11121235745,171,64.9,2026-08-07T20:45:18.674Z
2024,0002654,인하공업전문대학,전문대학,전문대학,인천,사립,1,36025201743,18486077190,81357000,500000000,1241061000,0,0,0,0,42036000,354386753,19757965306,459,43,2026-08-07T20:45:18.674Z
2024,0000169,인하대학교,대학,대학교,인천,사립,1,84692833247,30894235418,46311188250,963246599,17453510333,1075976303,1149754000,380334000,0,11531329090,5155389284,137819325688,1735,79.4,2026-08-07T20:45:18.674Z
2024,0000680,주안대학원대학교,전문대학,전문대학원,인천,사립,1,0,0,0,0,0,0,0,0,0,0,425746,425746,4,0.1,2026-08-07T20:45:18.674Z
2024,0000590,한국폴리텍 II 대학,전문대학,기능대학,인천,사립,1,1617774911,1581611666,0,42726232388,0,0,0,20370000,0,3117500,292614243,43078497376,0,0,2026-08-07T20:45:18.674Z
2024,0000435,고구려대학교,전문대학,전문대학,전남,사립,1,94160826,11472000,0,0,0,0,0,0,0,9799000,1890381650,1982869476,57,34.5,2026-08-07T20:45:18.674Z
2024,0000428,광양보건대학교,전문대학,전문대학,전남,사립,1,2765993,0,0,0,0,0,0,0,0,0,16000000,18765993,6,3,2026-08-07T20:45:18.674Z
2024,0000075,광주가톨릭대학교,대학,대학교,전남,사립,1,0,0,0,478398000,0,0,0,0,0,0,92840000,571238000,0,0,2026-08-07T20:45:18.674Z
2024,0000104,동신대학교,대학,대학교,전남,사립,1,31798684078,16046196130,2662848000,827428000,717033000,1447941000,930109000,570370000,0,264118000,6448804493,29621139441,430,69,2026-08-07T20:45:18.674Z
2024,0000462,동아보건대학교,전문대학,전문대학,전남,사립,1,5035656732,2977359154,0,0,0,0,0,0,0,11650000,4500000,2074447578,44,47.3,2026-08-07T20:45:18.674Z
2024,0000221,목포가톨릭대학교,대학,대학교,전남,사립,1,5330170354,1456535130,0,0,0,100000000,0,0,0,17078000,249822220,4240535444,32,134.1,2026-08-07T20:45:18.674Z
2024,0000474,목포과학대학교,전문대학,전문대학,전남,사립,1,21526537017,8177450399,0,0,0,0,49000000,0,0,73603000,453890500,13925580118,133,104.3,2026-08-07T20:45:18.674Z
2024,0000011,목포대학교,대학,대학교,전남,국립,1,125309499956,12391679850,3951679494,1866497858,3031410000,60000000,228548000,1130370000,259530156,2599410908,3456148630,129501415152,204,635.2,2026-08-07T20:45:18.674Z
2024,0000012,목포해양대학교,대학,대학교,전남,국립,1,74975397473,4075049820,735997000,0,812100000,0,0,0,0,1158550000,854872126,74461866779,78,958.8,2026-08-07T20:45:18.674Z
2024,0000092,세한대학교,대학,대학교,전남,사립,1,11019523488,10045960434,0,416885000,0,0,76000000,0,0,290508500,97363344,1854319898,246,7.6,2026-08-07T20:45:18.674Z
2024,0000020,순천대학교,대학,대학교,전남,국립,1,122582787093,11611258180,8662658957,929234410,2081795000,0,27000000,235747500,1055305029,2658099417,4904697904,131526067130,252,521.9,2026-08-07T20:45:18.674Z
2024,0000498,순천제일대학교,전문대학,전문대학,전남,사립,1,19569678828,6993191666,0,200000000,0,0,0,0,0,45619000,1011015405,13833121567,138,100,2026-08-07T20:45:18.674Z
2024,0000155,영산선학대학교,대학,대학교,전남,사립,1,0,0,0,0,0,0,0,0,0,0,3881000,3881000,0,10,2026-08-07T20:45:18.674Z
2024,0000529,전남과학대학교,전문대학,전문대학,전남,사립,1,26121633740,10034891300,0,0,0,0,310000000,0,0,67756660,538122392,17002621492,147,115.7,2026-08-07T20:45:18.674Z
2024,0000562,전남도립대학교,전문대학,전문대학,전남,공립,1,2608448341,1305163500,0,196000000,0,0,0,0,45448000,0,7026052000,8570784841,17,504.5,2026-08-07T20:45:18.674Z
2024,0002656,청암대학교,전문대학,전문대학,전남,사립,1,10897576000,5246221904,0,0,0,0,0,0,0,36796750,638854000,6327004846,117,53.9,2026-08-07T20:45:18.674Z
2024,0000246,초당대학교,대학,대학교,전남,사립,1,14531320269,6888228035,135942000,0,0,0,92000000,0,0,12192000,502505430,8385731664,167,50.3,2026-08-07T20:45:18.674Z
2024,0003139,한국에너지공과대학교,대학,대학교,전남,특별법법인,1,691413429,290100000,4851280000,0,4174809000,0,0,0,0,20000000,10000000000,19447402429,0,0,2026-08-07T20:45:18.674Z
2024,0000555,한영대학,전문대학,전문대학,전남,사립,1,9204554696,2954885000,0,480000000,0,0,0,0,0,12380000,669500000,7411549696,75,99,2026-08-07T20:45:18.674Z
2024,0002971,군산간호대학교,전문대학,전문대학,전북,사립,1,7795448348,2892075583,49392000,0,0,0,0,0,0,0,5395527,4958160292,70,70.3,2026-08-07T20:45:18.674Z
2024,0000009,군산대학교,대학,대학교,전북,국립,1,124442280640,12213655040,7109097000,181821150,3894490000,0,80500000,42250000,137615000,5312480000,6349076920,135335955670,242,560.4,2026-08-07T20:45:18.674Z
2024,0000432,군장대학교,전문대학,전문대학,전북,사립,1,13575699786,4236497800,0,160000000,0,0,0,0,0,55362000,1417684886,10972248872,96,114.4,2026-08-07T20:45:18.674Z
2024,0000477,백제예술대학교,전문대학,전문대학,전북,사립,1,2248863680,2155204626,0,0,0,0,0,0,0,17430750,7727767,118817571,51,2.3,2026-08-07T20:45:18.674Z
2024,0000228,예수대학교,대학,대학교,전북,사립,1,4335729770,1298032500,0,0,0,110000000,0,0,0,0,2801771,3150499041,33,96.9,2026-08-07T20:45:18.674Z
2024,0000218,예원예술대학교,대학,대학교,전북,사립,1,2225331455,2041757830,0,0,0,0,0,0,0,7425000,30461429,221460054,109,2,2026-08-07T20:45:18.674Z
2024,0000157,우석대학교,대학,대학교,전북,사립,1,33723228702,15908053797,1904288000,954605090,558400000,1306110000,114500000,0,109003500,213939900,1175278154,24151299549,496,48.7,2026-08-07T20:45:18.674Z
2024,0000159,원광대학교,대학,대학교,전북,사립,1,65542530249,31075739922,10535259680,1690492198,250000000,1683031000,115000000,80000000,316633500,1947095000,11200911060,62285212765,990,62.9,2026-08-07T20:45:18.674Z
2024,0000327,원광디지털대학교,대학,사이버대학(대학),전북,사립,1,8308311967,8069656000,0,0,0,0,0,0,0,190175250,1086329,429917546,160,2.7,2026-08-07T20:45:18.674Z
2024,0000523,원광보건대학교,전문대학,전문대학,전북,사립,1,28838148912,11927334019,0,0,0,0,0,0,0,53005000,1412272966,18376092859,223,82.2,2026-08-07T20:45:18.674Z
2024,0000645,원불교대학원대학교,전문대학,전문대학원,전북,사립,1,0,0,0,0,0,0,0,0,0,0,0,0,2,0,2026-08-07T20:45:18.674Z
2024,0000531,전북과학대학교,전문대학,전문대학,전북,사립,1,14112618613,5459703033,0,0,0,0,0,90370000,0,32421760,526526220,9302233560,86,108.6,2026-08-07T20:45:18.674Z
2024,0000025,전북대학교,대학,대학교,전북,국립,1,394311273291,28560879017,40958795258,0,10798382666,1997958434,542618000,8914170000,4955867220,9006032157,13521789519,456446007528,808,564.9,2026-08-07T20:45:18.674Z
2024,0000258,전주교육대학교,대학,교육대학,전북,국립,1,28663882746,993032000,426683000,0,0,0,0,0,0,40000000,1190737959,29328271705,39,745.2,2026-08-07T20:45:18.674Z
2024,0000437,전주기전대학,전문대학,전문대학,전북,사립,1,8206388355,5512670410,0,194565924,0,0,39000000,60000000,229037000,49345000,3973132067,7238797936,101,71.9,2026-08-07T20:45:18.674Z
2024,0000171,전주대학교,대학,대학교,전북,사립,1,60086085629,27077847523,1343882000,1203550000,1666970000,0,223374000,730784500,462646000,1534377500,4579097140,44752919246,682,65.6,2026-08-07T20:45:18.674Z
2024,0000530,전주비전대학교,전문대학,전문대학,전북,사립,1,21413540681,9060973013,0,245480000,0,0,32000000,152060000,0,56155500,127047474,12965310642,179,72.5,2026-08-07T20:45:18.674Z
2024,0003019,한국농수산대학,전문대학,전문대학,전북,특별법국립,1,275756581,162543800,56674181,0,0,0,0,20370000,37552650000,2410499909,10012680,40163419551,0,0,2026-08-07T20:45:18.674Z
2024,0000206,한일장신대학교,대학,대학교,전북,사립,1,3055085598,2173967434,0,0,0,0,71000000,0,0,20730000,2456185,975304349,56,17.3,2026-08-07T20:45:18.674Z
2024,0000282,호원대학교,대학,산업대학,전북,사립,1,24342607341,13945731370,0,0,0,0,316500000,20370000,0,148788830,1125199322,12007734123,333,36.1,2026-08-07T20:45:18.674Z
2024,0000532,제주관광대학교,전문대학,전문대학,제주,사립,1,10982405476,4277700547,14999480,134000000,0,0,0,431862000,0,30596830,682632165,7998795404,70,114.9,2026-08-07T20:45:18.674Z
2024,0000248,제주국제대학교,대학,대학교,제주,사립,1,176479027,43930000,0,0,0,0,0,20370000,0,8712000,907879,162538906,29,5.5,2026-08-07T20:45:18.674Z
2024,0000027,제주대학교,대학,대학교,제주,국립,1,226525478059,14690093640,13800432198,419604860,1719930000,213000000,105000000,96260000,1616867759,8772363746,21168229767,259747072749,378,687.9,2026-08-07T20:45:18.674Z
2024,0002655,제주한라대학교,전문대학,전문대학,제주,사립,1,20461633479,10150021040,0,558400000,120000000,0,16000000,20370000,139831000,43642500,476044646,11685900585,188,62.1,2026-08-07T20:45:18.674Z
2024,0000054,건양대학교,대학,대학교,충남,사립,1,40395155672,15750607912,3521959000,214000000,1343440000,705000000,0,225995000,0,236774660,3088277503,33979993923,455,74.7,2026-08-07T20:45:18.674Z
2024,0000251,공주교육대학교,대학,교육대학,충남,국립,1,24827869388,1490360000,164778000,0,1300700000,0,0,0,0,150000000,652416802,25605404190,64,398.5,2026-08-07T20:45:18.674Z
2024,0000008,공주대학교,대학,대학교,충남,국립,1,185026299397,21059055693,11850204389,82184000,7885969000,0,148000000,887454500,869320000,3760213806,6506028307,195956617706,463,423,2026-08-07T20:45:18.674Z
2024,0000657,국제뇌교육종합대학원대학교,전문대학,전문대학원,충남,사립,1,32743108,0,157268000,0,0,0,0,0,0,0,0,190011108,22,8.5,2026-08-07T20:45:18.674Z
2024,0000334,글로벌사이버대학교,대학,사이버대학(대학),충남,사립,1,3698653946,3509488500,0,0,0,0,0,0,0,82500000,63538,271728984,62,4.4,2026-08-07T20:45:18.674Z
2024,0000224,금강대학교,대학,대학교,충남,사립,1,437095596,171244000,0,0,0,75000000,0,0,0,0,2000000,342851596,7,47.5,2026-08-07T20:45:18.674Z
2024,0000081,나사렛대학교,대학,대학교,충남,사립,1,22724325457,10988833160,49448000,169636595,0,203000000,460025000,0,5975000,25517500,2179070218,14828164610,351,42.3,2026-08-07T20:45:18.674Z
2024,0000245,남서울대학교,대학,대학교,충남,사립,1,33160204280,21192018610,400722000,972994950,0,390000000,40000000,212000000,0,189803500,1066676156,15240382276,740,20.6,2026-08-07T20:45:18.674Z
2024,0000178,백석대학교,대학,대학교,충남,사립,1,45145909546,30923811340,321256000,813707700,0,0,117525000,56923000,0,132870000,6988608341,22652988247,1131,20,2026-08-07T20:45:18.674Z
2024,0000543,백석문화대학교,전문대학,전문대학,충남,사립,1,20535507314,10210466440,24256000,0,0,0,21000000,112370000,0,57731917,29810621,10570209412,246,42.9,2026-08-07T20:45:18.674Z
2024,0000129,선문대학교,대학,대학교,충남,사립,1,49293772923,19869306380,2730273000,0,1117500000,251010000,40000000,92860000,13234000,181066500,571802252,34422212295,648,53.1,2026-08-07T20:45:18.674Z
2024,0000142,순천향대학교,대학,대학교,충남,사립,1,58783424411,22375578950,21393113500,1647770773,7178279667,1582648750,326583000,73000000,0,2513571000,4576670168,75699482319,919,82.4,2026-08-07T20:45:18.674Z
2024,0000502,신성대학교,전문대학,전문대학,충남,사립,1,14918863790,7136652586,24192000,187050000,120000000,0,60000000,0,0,29175300,213722060,8416350564,171,49.2,2026-08-07T20:45:18.674Z
2024,0000454,아주자동차대학,전문대학,전문대학,충남,사립,1,7452159239,901825250,24192000,0,0,0,0,0,0,6560000,251995449,6833081438,59,115.8,2026-08-07T20:45:18.674Z
2024,0000512,연암대학교,전문대학,전문대학,충남,사립,1,22275154324,2662784560,0,0,0,0,0,0,2613901750,30359720,1250196060,23506827294,67,348.7,2026-08-07T20:45:18.674Z
2024,0000173,중부대학교,대학,대학교,충남,사립,1,25717174507,17509444110,537174000,207468000,0,0,64000000,516000000,0,1117741500,2543291976,13193405873,637,20.7,2026-08-07T20:45:18.674Z
2024,0000284,청운대학교,대학,산업대학,충남,사립,1,28897152771,14129266810,360611000,352427255,0,745500000,53000000,216000000,0,92996000,1760111857,18348532073,385,47.7,2026-08-07T20:45:18.674Z
2024,0002657,충남도립대학교,전문대학,전문대학,충남,공립,1,6248558161,1696251920,22254834,0,0,0,0,0,50072727,50072583,18353579660,23028286045,23,1001.9,2026-08-07T20:45:18.674Z
2024,0000189,한국기술교육대학교,대학,대학교,충남,사립,1,29078784716,6448626764,2703178000,129140627000,4473745000,0,0,77370000,0,39867500,453607875,159518553327,203,784.1,2026-08-07T20:45:18.674Z
2024,0003022,한국전통문화대학교,대학,대학교,충남,특별법국립,1,1272196967,550806800,73024000,0,0,0,234000000,0,0,31234000000,966122677,33228536844,0,0,2026-08-07T20:45:18.674Z
2024,0000199,한서대학교,대학,대학교,충남,사립,1,31633113202,14600238834,682701000,0,985900000,0,27000000,540449000,0,181936500,1614842060,21065702928,492,42.8,2026-08-07T20:45:18.674Z
2024,0000556,혜전대학교,전문대학,전문대학,충남,사립,1,10525876021,6400308670,24192000,0,0,0,0,0,5503000,11760500,1069279707,5236302558,156,33.5,2026-08-07T20:45:18.674Z
2024,0000211,호서대학교,대학,대학교,충남,사립,1,57332581423,28099681534,4427657000,0,3092120000,0,23000000,8653870000,0,4128367500,1094913301,50652827690,1052,48.1,2026-08-07T20:45:18.674Z
2024,0000433,강동대학교,전문대학,전문대학,충북,사립,1,12267918575,11047633914,0,159990000,0,0,36000000,0,0,95550000,59941715,1571766376,195,8.1,2026-08-07T20:45:18.674Z
2024,0000080,극동대학교,대학,대학교,충북,사립,1,7680102978,6935737862,155698800,0,131040000,0,0,40000000,0,322866000,102563828,1496533744,235,6.4,2026-08-07T20:45:18.674Z
2024,0000215,꽃동네대학교,대학,대학교,충북,사립,1,3310100715,1081513830,0,0,0,0,442929000,0,0,3898000,0,2675413885,33,81.1,2026-08-07T20:45:18.674Z
2024,0000449,대원대학교,전문대학,전문대학,충북,사립,1,5505773618,5038936151,24192000,0,0,0,0,0,0,46165500,2158808954,2696003921,104,26,2026-08-07T20:45:18.674Z
2024,0000128,서원대학교,대학,대학교,충북,사립,1,31225699325,18311289545,160048600,832039260,0,3792057000,181515000,505370000,0,80775370,780159927,19246374937,479,40.2,2026-08-07T20:45:18.674Z
2024,0000137,세명대학교,대학,대학교,충북,사립,1,23561659044,16584700790,441201500,690894440,514090000,40000000,4000000,0,13866000,244785500,5601390137,14527185831,420,34.6,2026-08-07T20:45:18.674Z
2024,0000317,순복음총회신학교,대학,각종학교(대학),충북,사립,1,534157566,451010000,0,0,0,0,0,0,0,5200000,110821,88458387,7,12.7,2026-08-07T20:45:18.674Z
2024,0000154,유원대학교,대학,대학교,충북,사립,1,11724919252,10672482110,30000000,0,0,37500000,98000000,0,0,86463400,246104321,1550504863,235,6.6,2026-08-07T20:45:18.674Z
2024,0000239,중원대학교,대학,대학교,충북,사립,1,13617622786,8704339867,186916000,0,248800000,27000000,120931500,428618000,0,45908000,455164198,6426620617,229,28.1,2026-08-07T20:45:18.674Z
2024,0000261,청주교육대학교,대학,교육대학,충북,국립,1,22327421668,979232000,125685000,0,0,0,0,0,0,0,346214000,21820088668,47,467.8,2026-08-07T20:45:18.674Z
2024,0000179,청주대학교,대학,대학교,충북,사립,1,45418624449,25132761190,1090970000,421431980,2557139000,390000000,142400000,33370000,0,239394500,935533067,26096101806,962,27.1,2026-08-07T20:45:18.674Z
2024,0000030,충북대학교,대학,대학교,충북,국립,1,302866381580,19876770430,34255603602,260000000,4533453333,1122942000,300900000,956694000,2924261199,12462084357,7925547901,347731097542,606,573.5,2026-08-07T20:45:18.674Z
2024,0000406,충북도립대학,전문대학,전문대학,충북,공립,1,8381346383,914187990,24192000,0,0,0,0,0,3456000,0,10890918351,18385724744,12,1487.3,2026-08-07T20:45:18.674Z
2024,0000536,충북보건과학대학교,전문대학,전문대학,충북,사립,1,16061141045,5566087325,0,287000000,120000000,0,33000000,20370000,5618000,27738000,225065467,11213845187,135,83.1,2026-08-07T20:45:18.674Z
2024,0000547,충청대학교,전문대학,전문대학,충북,사립,1,16640716718,7486866765,25200000,0,0,390000000,0,146830000,0,24675000,247024164,9987579117,175,57.2,2026-08-07T20:45:18.674Z
2024,0000031,한국교원대학교,대학,대학교,충북,국립,1,78131161938,3232630500,1552574000,0,0,0,115000000,0,0,0,10222275050,86788380488,198,438.8,2026-08-07T20:45:18.674Z
2024,0000034,한국교통대학교,대학,대학교,충북,국립,1,129693497554,14894299020,6927316380,395319300,2354480000,20000000,15000000,1331402500,0,2364450000,2416992267,130624158981,289,451.7,2026-08-07T20:45:18.674Z
2025,0000072,가톨릭관동대학교,대학,대학교,강원,사립,1,28499035199,13821178941,1332549000,1791388000,187500000,387900000,158548000,349500000,54900000,372578000,15954418018,35267137276,418,84.4,2026-08-07T20:45:18.674Z
2025,0000514,강릉영동대학교,전문대학,전문대학,강원,사립,1,10908166389,5289847994,0,0,0,0,0,0,0,36862500,6625731026,12280911921,181,67.9,2026-08-07T20:45:18.674Z
2025,0000003,강원대학교,대학,대학교,강원,국립,1,381149927714,37088185114,38585637535,1375400000,3900432600,2080520000,904173000,1891000000,2558278443,17925931149,89491579225,502774694552,0,0,2026-08-07T20:45:18.674Z
2025,0002639,강원도립대학교,전문대학,전문대학,강원,공립,1,8776334032,925159987,0,0,0,0,0,26000000,0,0,18715654000,26592828045,0,0,2026-08-07T20:45:18.674Z
2025,0000060,경동대학교,대학,대학교,강원,사립,1,29291296729,20259477481,0,0,0,30000000,0,154735000,6785000,90076500,7971866833,17285282581,675,25.6,2026-08-07T20:45:18.674Z
2025,0000001,국립강릉원주대학교,대학,대학교,강원,국립,1,121503482412,15660038730,5118134000,0,2317256000,110000000,0,319870000,419020000,2533000000,13550813300,130211536982,0,0,2026-08-07T20:45:18.674Z
2025,0000119,상지대학교,대학,대학교,강원,사립,1,21914472511,12654114201,619409000,650000000,0,439000000,40000000,5268000000,779271320,1057494330,9708607302,27822140262,476,58.4,2026-08-07T20:45:18.674Z
2025,0000515,세경대학교,전문대학,전문대학,강원,사립,1,7859283719,2562802834,0,0,0,0,0,0,0,10778000,2768420000,8075678885,39,208.7,2026-08-07T20:45:18.674Z
2025,0000567,송곡대학교,전문대학,전문대학,강원,사립,1,12281572638,7220856445,0,0,0,0,0,0,0,74375000,2590630040,7725721233,120,64.3,2026-08-07T20:45:18.674Z
2025,0000564,송호대학교,전문대학,전문대학,강원,사립,1,3725071822,2627774860,0,0,0,0,0,0,0,28854940,892090000,2018241902,55,36.8,2026-08-07T20:45:18.674Z
2025,0000262,춘천교육대학교,대학,교육대학,강원,국립,1,30155355979,1409458000,107565500,0,0,0,0,0,0,160000000,2489428500,31502891979,0,0,2026-08-07T20:45:18.674Z
2025,0000578,한국골프과학기술대학교,전문대학,전문대학,강원,사립,1,3387131552,1826764499,0,0,0,0,0,0,0,15370000,1682216000,3257953053,34,95.1,2026-08-07T20:45:18.674Z
2025,0000594,한국폴리텍 III 대학 강릉캠퍼스,전문대학,기능대학,강원,사립,1,1262663752,532373334,0,24605962343,0,0,0,0,0,0,53954040,25390206801,0,0,2026-08-07T20:45:18.674Z
2025,0000197,한라대학교,대학,대학교,강원,사립,1,17352168121,6628883485,1308543000,618000000,110000000,121000000,5000000,253520000,0,159980130,10254151572,23553479338,199,118.3,2026-08-07T20:45:18.674Z
2025,0000198,한림대학교,대학,대학교,강원,사립,1,64654776859,17122660240,17283954000,492400000,973514987,7003950740,539679000,0,154876000,7324622230,43463967306,124769080882,617,202.2,2026-08-07T20:45:18.674Z
2025,0000553,한림성심대학교,전문대학,전문대학,강원,사립,1,15732903501,6481391838,0,0,0,0,0,202465000,0,17430000,5354979000,14826385663,145,102.2,2026-08-07T20:45:18.674Z
2025,0000063,가천대학교,대학,대학교,경기,사립,1,82935626068,34380459840,30780879600,1516000000,10946450331,2464440000,864500000,432675000,157000000,6028633800,5561477213,107307222172,2148,50,2026-08-07T20:45:18.674Z
2025,0000046,가톨릭대학교,대학,대학교,경기,사립,1,44146959975,15307191470,38675668000,84000000,4282917336,18822347500,557000000,75000000,16170000,6843977160,5121920325,103318768826,1006,102.7,2026-08-07T20:45:18.674Z
2025,0000051,강남대학교,대학,대학교,경기,사립,1,23871023905,13330704668,708319000,1672360000,132000000,80000000,689600000,0,0,336297660,1990472852,16149368749,533,30.3,2026-08-07T20:45:18.674Z
2025,0000560,경기과학기술대학교,전문대학,전문대학,경기,사립,1,22838589733,8968329673,0,1120700000,3692540000,0,0,383555000,0,41628800,1549517016,20658200876,251,82.2,2026-08-07T20:45:18.674Z
2025,0000056,경기대학교,대학,대학교,경기,사립,1,45674370243,27319625633,8820734000,1474000000,2510639000,0,221390000,79375000,50000000,1095457000,1093079603,33699419213,1165,28.9,2026-08-07T20:45:18.674Z
2025,0000416,경민대학교,전문대학,전문대학,경기,사립,1,25305758173,15452041190,0,112000000,0,0,0,0,0,81070000,2203919156,12250706139,341,36,2026-08-07T20:45:18.674Z
2025,0002641,경복대학교,전문대학,전문대학,경기,사립,1,32514402292,19199973504,31500000,312000000,0,0,0,0,0,52542000,2091710520,15802181308,427,37,2026-08-07T20:45:18.674Z
2025,0000426,계원예술대학교,전문대학,전문대학,경기,사립,1,14106162193,7013602000,0,578000000,190000000,0,150000000,0,0,31980000,614655215,8657195408,209,41.4,2026-08-07T20:45:18.674Z
2025,0002857,구세군사관대학원대학교,전문대학,특수대학원,경기,사립,1,0,0,0,0,0,0,0,0,0,0,0,0,1,0,2026-08-07T20:45:18.674Z
2025,0002928,국립암센터국제암대학원대학교,전문대학,전문대학원,경기,특별법법인,1,106000000,0,1913511000,0,0,279930000,0,0,0,0,0,2299441000,0,0,2026-08-07T20:45:18.674Z
2025,0000549,국제대학교,전문대학,전문대학,경기,사립,1,5636957000,4023733460,0,0,0,0,0,0,0,52706000,705896267,2371825807,151,15.7,2026-08-07T20:45:18.674Z
2025,0000655,국제법률경영대학원대학교,전문대학,전문대학원,경기,사립,1,0,0,0,0,0,0,0,0,0,0,0,0,1,0,2026-08-07T20:45:18.674Z
2025,0000319,국제사이버대학교,대학,사이버대학(대학),경기,사립,1,6367406141,6340232670,0,0,0,0,0,0,0,86500000,96593,113770064,92,1.2,2026-08-07T20:45:18.674Z
2025,0000440,김포대학교,전문대학,전문대학,경기,사립,1,9059209380,8605841973,0,0,0,0,0,0,0,89807500,1971986919,2515161826,173,14.5,2026-08-07T20:45:18.674Z
2025,0000441,농협대학교,전문대학,전문대학,경기,사립,1,2515349949,457487000,0,0,0,0,0,0,0,6252000,655944000,2720058949,18,148.4,2026-08-07T20:45:18.674Z
2025,0002818,능인대학원대학교,전문대학,전문대학원,경기,사립,1,20075000,0,0,0,0,0,0,0,0,0,0,20075000,3,5.8,2026-08-07T20:45:18.674Z
2025,0000082,단국대학교,대학,대학교,경기,사립,1,102378847182,44040221306,26875610037,1745600000,7105071333,3117434000,2457000000,982072000,605614000,8134734630,20757821699,130119583575,2301,56.6,2026-08-07T20:45:18.674Z
2025,0000448,대림대학교,전문대학,전문대학,경기,사립,1,34816286827,16400195530,165926000,1205342000,0,0,0,0,0,66837500,9197521617,29051718414,452,64.2,2026-08-07T20:45:18.674Z
2025,0000097,대진대학교,대학,대학교,경기,사립,1,28169942507,18584308660,183154000,1228000000,433600000,0,45000000,31500000,183866000,1129635500,2169569195,14989958542,619,24.2,2026-08-07T20:45:18.674Z
2025,0000641,대한신학대학원대학교,전문대학,전문대학원,경기,사립,1,0,0,0,0,0,0,0,0,0,400000,0,400000,16,0,2026-08-07T20:45:18.674Z
2025,0000457,동남보건대학교,전문대학,전문대학,경기,사립,1,18595523326,11086947347,0,295006000,0,0,0,0,0,21387100,443898271,8268867350,298,27.7,2026-08-07T20:45:18.674Z
2025,0000450,동서울대학교,전문대학,전문대학,경기,사립,1,24011708832,14993983800,61750000,1887078000,0,310446000,0,18000000,0,151707000,448088688,11894794720,378,31.5,2026-08-07T20:45:18.674Z
2025,0000461,동아방송예술대학교,전문대학,전문대학,경기,사립,1,16301080604,8961080350,0,0,0,0,0,0,0,31819000,1511771180,8883590434,229,38.8,2026-08-07T20:45:18.674Z
2025,0000465,동원대학교,전문대학,전문대학,경기,사립,1,17111947903,12582290034,36900000,324630000,0,0,142548000,0,0,74073000,1994431842,7102240711,247,28.7,2026-08-07T20:45:18.674Z
2025,0000469,두원공과대학교,전문대학,전문대학,경기,사립,1,9746179341,5626236617,0,159540000,110000000,400000000,0,818740000,0,33352330,435629351,6077204405,137,44.5,2026-08-07T20:45:18.674Z
2025,0000108,루터대학교,대학,대학교,경기,사립,1,2205573907,848325000,0,0,0,0,0,0,0,7875000,375932780,1741056687,20,86.7,2026-08-07T20:45:18.674Z
2025,0000109,명지대학교,대학,대학교,경기,사립,1,49421248964,25776808200,6298884211,1866200000,3627240000,200000000,100000000,495830000,0,2045214420,2168830532,40446639927,1398,28.9,2026-08-07T20:45:18.674Z
2025,0000482,부천대학교,전문대학,전문대학,경기,사립,1,40489925456,23155222109,697993000,1931940000,0,0,0,320344000,0,332997210,7291981990,27909959547,433,64.5,2026-08-07T20:45:18.674Z
2025,0000125,서울신학대학교,대학,대학교,경기,사립,1,12288457954,6102202600,9002000,0,0,0,0,0,7001000,39684221,367906921,6609849496,184,36,2026-08-07T20:45:18.674Z
2025,0000489,서울예술대학교,전문대학,전문대학,경기,사립,1,16150363880,7683027200,0,0,0,0,658000000,280000000,0,12830000,454674187,9872840867,257,38.5,2026-08-07T20:45:18.674Z
2025,0000127,서울장신대학교,대학,대학교,경기,사립,1,1514173658,1156576000,0,0,0,0,65500000,0,0,3599000,6065583,432762241,53,8.1,2026-08-07T20:45:18.674Z
2025,0000566,서정대학교,전문대학,전문대학,경기,사립,1,34624121475,22413085570,0,61400000,0,0,0,479770000,0,211456940,2998247956,15961910801,570,28,2026-08-07T20:45:18.674Z
2025,0000667,선학유피대학원대학교,전문대학,전문대학원,경기,사립,1,9155264,0,0,0,0,0,0,0,0,0,0,9155264,4,2.4,2026-08-07T20:45:18.674Z
2025,0000131,성결대학교,대학,대학교,경기,사립,1,19562636091,12008755871,114585000,514800000,0,0,12000000,0,0,185936000,2900971708,11282172928,402,28,2026-08-07T20:45:18.674Z
2025,0000661,성서침례대학원대학교,전문대학,전문대학원,경기,사립,1,5385690,0,761000000,0,0,0,0,0,0,0,0,766385690,3,277.3,2026-08-07T20:45:18.674Z
2025,0000139,수원가톨릭대학교,대학,대학교,경기,사립,1,226519500,226519500,0,0,0,0,0,0,0,0,6000000,6000000,7,0.8,2026-08-07T20:45:18.674Z
2025,0000497,수원과학대학교,전문대학,전문대학,경기,사립,1,6644697559,6241654667,0,0,0,0,0,0,0,19390000,273043452,695476344,158,4.4,2026-08-07T20:45:18.674Z
2025,0000140,수원대학교,대학,대학교,경기,사립,1,22997288648,17653405423,1069917000,1275600000,65000000,0,923932000,336454000,7036000,478307500,915558491,10415688216,698,14.9,2026-08-07T20:45:18.674Z
2025,0000496,수원여자대학교,전문대학,전문대학,경기,사립,1,15281089478,9461253558,31500000,0,0,0,0,0,0,146493000,388243607,6386072527,247,25.9,2026-08-07T20:45:18.674Z
2025,0000501,신구대학교,전문대학,전문대학,경기,사립,1,22950343335,14968350530,647000000,0,0,0,17418600,0,0,205168500,358772837,9210352742,397,23.2,2026-08-07T20:45:18.674Z
2025,0000506,신안산대학교,전문대학,전문대학,경기,사립,1,7020613068,5347519175,0,183035000,0,0,0,314875000,0,42118590,289975776,2503098259,196,12.8,2026-08-07T20:45:18.674Z
2025,0002712,신한대학교,대학,대학교,경기,사립,1,25422384213,16798456103,1102710000,0,117700000,0,0,0,29000000,1069442500,1438250848,12381031458,705,17.6,2026-08-07T20:45:18.674Z
2025,0000672,실천신학대학원대학교,전문대학,전문대학원,경기,사립,1,48861094,0,689350000,0,0,0,0,0,0,0,0,738211094,5,135.3,2026-08-07T20:45:18.674Z
2025,0000145,아신대학교,대학,대학교,경기,사립,1,1110018600,774575334,0,0,0,0,0,0,0,3450000,2300914,341194180,49,7,2026-08-07T20:45:18.674Z
2025,0000146,아주대학교,대학,대학교,경기,사립,1,62380512389,15352724050,51928158000,1484037470,8167460000,14664454000,232657000,60000000,28624000,5797923049,9905695299,139296797157,1406,99.1,2026-08-07T20:45:18.674Z
2025,0000507,안산대학교,전문대학,전문대학,경기,사립,1,21231991855,12080486680,328750000,569140000,0,0,0,60000000,5800000,24466660,2110181688,12249843523,282,43.4,2026-08-07T20:45:18.674Z
2025,0000147,안양대학교,대학,대학교,경기,사립,1,19571817655,11281910000,406412000,720000000,80000000,0,72550000,0,0,1575631500,1385514412,12530015567,400,31.3,2026-08-07T20:45:18.674Z
2025,0000662,에스라성경대학원대학교,전문대학,전문대학원,경기,사립,1,0,0,0,0,0,0,0,0,0,0,205100,205100,5,0,2026-08-07T20:45:18.674Z
2025,0000510,여주대학교,전문대학,전문대학,경기,사립,1,8641179773,8031575833,0,0,0,0,0,0,0,14100000,2277127551,2900831491,192,15.1,2026-08-07T20:45:18.674Z
2025,0002651,연성대학교,전문대학,전문대학,경기,사립,1,30396032182,17532423964,0,998632000,0,0,0,0,5920000,43391000,2162488944,16074040162,389,41.3,2026-08-07T20:45:18.674Z
2025,0002653,오산대학교,전문대학,전문대학,경기,사립,1,24029228032,11402916080,110000000,284000000,0,0,0,0,3469000,159703000,2727460267,15910944219,266,59.7,2026-08-07T20:45:18.674Z
2025,0000654,온석대학원대학교,전문대학,전문대학원,경기,사립,1,0,0,0,0,0,0,0,0,0,0,0,0,21,0,2026-08-07T20:45:18.674Z
2025,0000156,용인대학교,대학,대학교,경기,사립,1,19813837508,12709875000,141881000,0,0,0,16000000,0,6525000,478871910,1530781530,9278021948,487,19,2026-08-07T20:45:18.674Z
2025,0000520,용인예술과학대학교,전문대학,전문대학,경기,사립,1,11010644675,7220493980,0,98000000,0,0,12000000,0,0,10590000,657598622,4568339317,180,25.3,2026-08-07T20:45:18.674Z
2025,0000568,웅지세무대학교,전문대학,전문대학,경기,사립,1,271197414,252925000,0,0,0,0,0,0,0,3480000,15040,21767454,0,0,2026-08-07T20:45:18.674Z
2025,0000646,웨스트민스터신학대학원대학교,전문대학,전문대학원,경기,사립,1,23175004,0,0,0,0,0,0,0,0,0,110708,23285712,32,0.7,2026-08-07T20:45:18.674Z
2025,0000524,유한대학교,전문대학,전문대학,경기,사립,1,23555475051,13069964102,0,1715187000,0,0,0,0,0,13458750,1567734500,13781891199,291,47.3,2026-08-07T20:45:18.674Z
2025,0000527,장안대학교,전문대학,전문대학,경기,사립,1,6771837888,5173239030,0,84000000,0,0,0,10000000,0,57158000,174910312,1924667170,185,10.4,2026-08-07T20:45:18.674Z
2025,0002668,제네바신학대학원대학교,전문대학,전문대학원,경기,사립,1,0,0,0,0,0,0,0,0,0,0,0,0,0,0,2026-08-07T20:45:18.674Z
2025,0000177,중앙승가대학교,대학,대학교,경기,사립,1,38310000,38310000,0,0,0,0,0,0,0,910000,2501000000,2501910000,5,500.4,2026-08-07T20:45:18.674Z
2025,0000187,차의과학대학교,대학,대학교,경기,사립,1,15278912771,4890966440,9586480000,0,751811000,4978300000,150000000,55000000,0,283817500,2732159024,28925513855,302,95.9,2026-08-07T20:45:18.674Z
2025,0000544,청강문화산업대학교,전문대학,전문대학,경기,사립,1,19324225853,10330599400,0,152277970,0,0,54962500,0,0,56642000,1026505048,10284013971,283,36.3,2026-08-07T20:45:18.674Z
2025,0000184,칼빈대학교,대학,대학교,경기,사립,1,1199296433,957391300,0,0,0,0,0,0,0,5976000,193609323,441490456,135,3.3,2026-08-07T20:45:18.674Z
2025,0000186,평택대학교,대학,대학교,경기,사립,1,12918413077,6887959335,23938000,67200000,0,0,0,147052500,0,16185500,1311839228,7596668970,274,27.8,2026-08-07T20:45:18.674Z
2025,0000037,한경국립대학교,대학,대학교,경기,국립,1,107419078755,11022914778,1853240332,706000000,572000000,30000000,247500000,97180000,1486846880,5528708826,1266559248,108184199263,0,0,2026-08-07T20:45:18.674Z
2025,0000247,한국공학대학교,대학,대학교,경기,사립,1,38592209054,14157437230,7271175000,3289809381,17072731333,215000000,45000000,1142164000,0,65135000,4835000304,58370786842,673,86.7,2026-08-07T20:45:18.674Z
2025,0000565,한국관광대학교,전문대학,전문대학,경기,사립,1,5759751914,3611033782,0,0,0,0,0,0,0,19926000,156076026,2324720158,78,29.9,2026-08-07T20:45:18.674Z
2025,0000683,한국학대학원,전문대학,일반대학원,경기,특별법법인,1,2690618554,0,0,0,0,0,0,0,0,0,0,2690618554,0,0,2026-08-07T20:45:18.674Z
2025,0000194,한국항공대학교,대학,대학교,경기,사립,1,23431506255,6981763150,4201531000,650000000,5005053000,0,10000000,41965000,0,4229634000,2916238332,33504164437,440,76.1,2026-08-07T20:45:18.674Z
2025,0000201,한세대학교,대학,대학교,경기,사립,1,8400293083,5557903000,18544000,277000000,0,0,5000000,0,0,37359000,373218704,3553511787,244,14.6,2026-08-07T20:45:18.674Z
2025,0000202,한신대학교,대학,대학교,경기,사립,1,20423851124,11884914403,1227111000,1852364000,25000000,0,42278400,0,0,55703100,497617699,12239010920,383,32,2026-08-07T20:45:18.674Z
2025,0000647,합동신학대학원대학교,전문대학,전문대학원,경기,사립,1,45589293,0,0,0,0,0,0,0,0,0,265820,45855113,17,2.7,2026-08-07T20:45:18.674Z
2025,0000207,협성대학교,대학,대학교,경기,사립,1,11914274943,9373314083,438937000,416118000,0,0,0,0,0,381034000,589329509,4366379369,293,14.9,2026-08-07T20:45:18.674Z
2025,0000233,화성의과학대학교,대학,대학교,경기,사립,1,1532800638,1356151180,119957000,0,0,0,0,0,0,4585340,398010000,699201798,40,17.5,2026-08-07T20:45:18.674Z
2025,0000579,ICT폴리텍대학,전문대학,기능대학,경기,사립,1,389081652,387458320,6023000000,173660000,0,0,0,0,0,1250000,0,6199533332,0,0,2026-08-07T20:45:18.674Z
2025,0002748,가야대학교(김해),대학,대학교,경남,사립,1,7244083237,4428388310,0,200000000,0,188600000,0,0,0,21367910,1990802312,5216465149,115,45.4,2026-08-07T20:45:18.674Z
2025,0000412,거제대학교,전문대학,전문대학,경남,사립,1,13538202116,3093497000,0,480000000,110000000,0,0,0,0,9824000,6252884051,17297413167,67,257.8,2026-08-07T20:45:18.674Z
2025,0000059,경남대학교,대학,대학교,경남,사립,1,50715527324,19963663931,5185352000,1907054357,230000000,0,0,652339000,0,293975500,17784609399,56805193649,605,93.9,2026-08-07T20:45:18.674Z
2025,0000402,경남도립거창대학,전문대학,전문대학,경남,공립,1,7748842309,1487943290,0,241100000,0,0,0,40000000,0,0,13285018450,19827017469,0,0,2026-08-07T20:45:18.674Z
2025,0000403,경남도립남해대학,전문대학,전문대학,경남,공립,1,7655335686,1548297000,0,0,0,0,0,0,11835000,0,13376979501,19495853187,0,0,2026-08-07T20:45:18.674Z
2025,0000007,경상국립대학교,대학,대학교,경남,국립,1,367013338411,38176780973,42959543185,1589292800,5224750000,440000000,677870000,4206395000,3720305850,14704483665,63509766784,465868964722,0,0,2026-08-07T20:45:18.674Z
2025,0000028,국립창원대학교,대학,대학교,경남,국립,1,151807889310,16850781360,10511041630,1364000000,2993280000,0,0,1837750000,4520500,2753632150,27100191842,181521524072,0,0,2026-08-07T20:45:18.674Z
2025,0000569,김해대학교,전문대학,전문대학,경남,사립,1,13065082730,4466266002,0,0,0,0,0,0,0,11790500,3587195829,12197803057,83,146.9,2026-08-07T20:45:18.674Z
2025,0000509,동원과학기술대학교,전문대학,전문대학,경남,사립,1,19695837092,6651921199,0,955400000,0,0,0,160000000,0,58221500,7083831822,21301369215,133,160.7,2026-08-07T20:45:18.674Z
2025,0000470,마산대학교,전문대학,전문대학,경남,사립,1,25009849577,14600356810,0,0,0,0,142548000,47500000,0,23835000,4698537648,15321913415,299,51.3,2026-08-07T20:45:18.674Z
2025,0000222,부산장신대학교,대학,대학교,경남,사립,1,1440417425,446226000,0,0,0,0,0,0,0,11741500,208400651,1214333576,17,72.3,2026-08-07T20:45:18.674Z
2025,0002652,연암공과대학교,전문대학,전문대학,경남,사립,1,14989016534,3140775000,761000000,0,0,0,0,0,0,9803500,4082604474,16701649508,57,294.7,2026-08-07T20:45:18.674Z
2025,0000164,인제대학교,대학,대학교,경남,사립,1,56432063830,16414648840,9149923000,1581945240,1068733333,781500000,86000000,256000000,63961000,750003500,26194640913,79950121976,607,131.7,2026-08-07T20:45:18.674Z
2025,0000260,진주교육대학교,대학,교육대학,경남,국립,1,31026540105,1528451480,222773000,0,0,0,2700000,0,0,27000000,1281837301,31032398926,0,0,2026-08-07T20:45:18.674Z
2025,0000539,진주보건대학교,전문대학,전문대학,경남,사립,1,12689496331,7370319310,768000000,0,0,0,0,0,0,44444500,1529686559,7661308080,143,53.6,2026-08-07T20:45:18.674Z
2025,0000249,창신대학교,대학,대학교,경남,사립,1,13427465816,4768760147,0,0,0,0,0,83214220,0,84382500,4406896574,13233198963,132,100.1,2026-08-07T20:45:18.674Z
2025,0000542,창원문성대학교,전문대학,전문대학,경남,사립,1,4162796665,2011220000,0,627930000,0,0,0,60000000,0,10350000,1217920088,4067776753,43,95.1,2026-08-07T20:45:18.674Z
2025,0000570,한국승강기대학교,전문대학,전문대학,경남,사립,1,12602900046,5562914543,0,0,0,0,0,157430000,0,79367400,3512675243,10789458146,101,106.9,2026-08-07T20:45:18.674Z
2025,0000410,가톨릭상지대학교,전문대학,전문대학,경북,사립,1,13354065308,5370745533,0,200469575,0,0,0,0,0,28038500,3911118053,12122945903,97,124.7,2026-08-07T20:45:18.674Z
2025,0000456,경북과학대학교,전문대학,전문대학,경북,사립,1,14523894630,7703393868,0,0,0,0,0,15000000,0,527259400,3522500000,10885260162,120,90.5,2026-08-07T20:45:18.674Z
2025,0000438,경북보건대학교,전문대학,전문대학,경북,사립,1,11199341770,4061983500,0,0,0,200000000,0,0,0,16804000,3374326000,10728488270,71,151.2,2026-08-07T20:45:18.674Z
2025,0002642,경북전문대학교,전문대학,전문대학,경북,사립,1,19054536864,9081158252,0,184213000,0,0,0,0,0,104152500,6139975483,16401719595,153,107.3,2026-08-07T20:45:18.674Z
2025,0000668,경안대학원대학교,전문대학,전문대학원,경북,사립,1,0,0,88000000,0,0,0,0,0,0,0,0,88000000,2,36.1,2026-08-07T20:45:18.674Z
2025,0000244,경운대학교,대학,대학교,경북,사립,1,30697646845,13416532333,1161257000,249500000,0,0,142548000,8500000,0,158191160,19774033283,38775143955,456,85,2026-08-07T20:45:18.674Z
2025,0000064,경일대학교,대학,대학교,경북,사립,1,44138904281,17485622420,1145009000,674976250,0,180000000,65000000,223914000,0,222556000,13041014648,42205751759,520,81.1,2026-08-07T20:45:18.674Z
2025,0000430,구미대학교,전문대학,전문대학,경북,사립,1,40494986391,20954993280,0,1242550000,0,0,0,0,0,141893000,18214534040,39138970151,377,103.8,2026-08-07T20:45:18.674Z
2025,0000021,국립경국대학교,대학,대학교,경북,국립,1,135546269808,9861215567,3006981600,585100000,1053568000,0,0,60000000,865429000,2241430000,57671400098,191168962939,0,0,2026-08-07T20:45:18.674Z
2025,0000010,국립금오공과대학교,대학,대학교,경북,국립,1,101112223415,10126866230,14579450000,484000000,3943999000,353652000,0,293750000,0,357800000,25505923400,136503931585,0,0,2026-08-07T20:45:18.674Z
2025,0000241,김천대학교,대학,대학교,경북,사립,1,11790749855,6932503688,0,0,0,0,0,0,0,40044400,4444361753,9342652320,173,54.1,2026-08-07T20:45:18.674Z
2025,0000442,대경대학교,전문대학,전문대학,경북,사립,1,25179287512,13578526144,0,89600000,0,0,0,0,0,69051000,5727750000,17487162368,228,76.6,2026-08-07T20:45:18.674Z
2025,0000088,대구가톨릭대학교,대학,대학교,경북,사립,1,67008349065,27303084608,4196581000,1620000000,964600000,592500000,84000000,163950000,32465000,1148563840,19368316774,67876241071,975,69.6,2026-08-07T20:45:18.674Z
2025,0000084,대구대학교,대학,대학교,경북,사립,1,78804266861,41235234450,2919506000,2735491000,486000000,260000000,64128400,2020196000,513194000,1708379758,13137044170,61412971739,1230,49.9,2026-08-07T20:45:18.674Z
2025,0000320,대구사이버대학교,대학,사이버대학(대학),경북,사립,1,5024448616,4629230000,0,0,0,0,0,0,0,69487500,15902000,480608116,88,5.5,2026-08-07T20:45:18.674Z
2025,0000087,대구예술대학교,대학,대학교,경북,사립,1,491109338,398821000,0,0,0,0,80000000,0,0,3150000,0,175438338,22,7.8,2026-08-07T20:45:18.674Z
2025,0000061,대구한의대학교,대학,대학교,경북,사립,1,44162073345,18457195460,1074102000,1064100000,0,314000000,179049200,78200000,49218000,172699000,23271254645,51907500730,554,93.8,2026-08-07T20:45:18.674Z
2025,0000093,대신대학교,대학,대학교,경북,사립,1,3452048861,2098749500,0,0,0,0,0,0,0,25443000,827106850,2205849211,143,15.4,2026-08-07T20:45:18.674Z
2025,0000106,동양대학교,대학,대학교,경북,사립,1,18355408097,9825303000,221372000,200000000,557876000,0,37500000,0,0,60218000,5874530266,15481601363,303,51.1,2026-08-07T20:45:18.674Z
2025,0000475,문경대학교,전문대학,전문대학,경북,사립,1,4249958056,1803377182,0,0,0,0,0,0,0,4763250,4602538000,7053882124,37,191.5,2026-08-07T20:45:18.674Z
2025,0000550,선린대학교,전문대학,전문대학,경북,사립,1,11138617087,5690551503,0,0,0,0,0,0,0,37538160,1942155000,7427758744,117,63.5,2026-08-07T20:45:18.674Z
2025,0002647,성운대학교,전문대학,전문대학,경북,사립,1,13278065374,5803260167,0,0,0,0,0,0,17334000,71358000,3280000000,10843497207,79,137.4,2026-08-07T20:45:18.674Z
2025,0000065,신경주대학교,대학,대학교,경북,사립,1,2344164968,1952397000,0,158818560,0,0,0,0,0,28026000,291454250,870066778,113,7.7,2026-08-07T20:45:18.674Z
2025,0002650,안동과학대학교,전문대학,전문대학,경북,사립,1,14005019116,6636499132,239784000,0,0,0,0,0,15744000,41925500,3450875120,11116848604,116,96,2026-08-07T20:45:18.674Z
2025,0000151,영남대학교,대학,대학교,경북,사립,1,114550152986,49035708070,25086474846,1718882343,3881037667,448000000,207477000,192712000,1120601000,1995018452,26958081444,127122729668,1814,70.1,2026-08-07T20:45:18.674Z
2025,0000153,영남신학대학교,대학,대학교,경북,사립,1,2130293899,1415440200,0,0,0,0,0,0,0,11298910,500000000,1226152609,40,30.4,2026-08-07T20:45:18.674Z
2025,0000418,영남외국어대학,전문대학,전문대학,경북,사립,1,1606016104,1528782000,0,0,0,0,0,0,0,21300000,3300000,101834104,24,4.2,2026-08-07T20:45:18.674Z
2025,0000160,위덕대학교,대학,대학교,경북,사립,1,12072177408,6263137364,0,261600000,0,0,0,0,0,183245000,4508016720,10761901764,144,74.9,2026-08-07T20:45:18.674Z
2025,0000188,포항공과대학교,대학,대학교,경북,사립,1,69311120613,2651975000,205318658552,0,18096285667,2947500000,20000000,85000000,836439400,4596379000,37057708487,335617116719,280,1197.8,2026-08-07T20:45:18.674Z
2025,0002658,포항대학교,전문대학,전문대학,경북,사립,1,9652129230,4366899495,85000000,200000000,0,0,0,0,0,45725080,2930160000,8546114815,85,100.5,2026-08-07T20:45:18.674Z
2025,0000576,한국복지사이버대학교,전문대학,사이버대학(전문대학),경북,사립,1,3311895489,3297107000,0,0,0,0,0,0,0,49965000,76058,64829547,0,0,2026-08-07T20:45:18.674Z
2025,0003104,한국폴리텍 특성화대학 로봇캠퍼스,전문대학,기능대학,경북,사립,1,1278852513,1171105168,0,26933080531,30000000,0,0,0,0,1082000,387591837,27459501713,0,0,2026-08-07T20:45:18.674Z
2025,0000624,한국폴리텍 VI 대학 구미캠퍼스,전문대학,기능대학,경북,사립,1,1639298699,1560522334,89700000,78363420100,0,0,0,0,0,3648000,1012494500,79548038965,0,0,2026-08-07T20:45:18.674Z
2025,0000196,한동대학교,대학,대학교,경북,사립,1,37955986784,10386020290,3076981789,246700000,160000000,210000000,484664000,84450000,0,52097495,21549399253,53434259031,320,166.9,2026-08-07T20:45:18.674Z
2025,0000415,호산대학교,전문대학,전문대학,경북,사립,1,16221595312,5400836700,0,255100000,0,0,0,0,0,59621000,2566359000,13701838612,136,101.1,2026-08-07T20:45:18.674Z
2025,0000073,광신대학교,대학,대학교,광주,사립,1,1948021690,1499676000,0,0,0,0,0,0,0,44257000,16242999,508845689,56,9.1,2026-08-07T20:45:18.674Z
2025,0000381,광주과학기술원,대학,대학교,광주,특별법법인,1,6913936639,489875000,172212333755,400000000,4135638333,1846784610,1595000000,76675000,0,929000000,3125743173,190745236510,0,0,2026-08-07T20:45:18.674Z
2025,0000252,광주교육대학교,대학,교육대학,광주,국립,1,29850180535,1893301000,47237500,0,0,0,0,37625000,0,0,4223154254,32264896289,0,0,2026-08-07T20:45:18.674Z
2025,0000231,광주대학교,대학,대학교,광주,사립,1,32188694147,14858106070,312181000,491094000,110000000,0,0,189550000,12280000,75986000,10675338453,29197017530,362,80.6,2026-08-07T20:45:18.674Z
2025,0000429,광주보건대학교,전문대학,전문대학,광주,사립,1,24128218934,10359678890,581000000,0,0,0,0,0,0,31601500,4207365200,18588506744,189,98.5,2026-08-07T20:45:18.674Z
2025,0000076,광주여자대학교,대학,대학교,광주,사립,1,19821251695,9106873483,0,256000000,0,0,0,0,0,46876000,4780563262,15797817474,223,71,2026-08-07T20:45:18.674Z
2025,0002972,기독간호대학교,전문대학,전문대학,광주,사립,1,4653223177,1515081332,0,0,0,0,0,0,0,5318000,261243500,3404703345,32,106.4,2026-08-07T20:45:18.674Z
2025,0000216,남부대학교,대학,대학교,광주,사립,1,17400529185,7536919834,0,0,498000000,0,0,581497500,0,31414540,7106622796,18081144187,168,107.5,2026-08-07T20:45:18.674Z
2025,0000460,동강대학교,전문대학,전문대학,광주,사립,1,12517038201,7076149990,0,222392000,0,0,9400000,129550000,0,54284500,4017105724,9873620435,121,81.8,2026-08-07T20:45:18.674Z
2025,0002646,서영대학교,전문대학,전문대학,광주,사립,1,25220112073,15565407224,0,0,0,0,0,0,0,97231740,1662519795,11414456384,295,38.6,2026-08-07T20:45:18.674Z
2025,0000243,송원대학교,대학,대학교,광주,사립,1,16771342219,7192125522,82750000,0,0,0,12000000,0,0,178208000,4047541200,13899715897,174,80.1,2026-08-07T20:45:18.674Z
2025,0000023,전남대학교,대학,대학교,광주,국립,1,423408314454,38262001300,70278567728,2387897640,8955216000,1387000000,421670000,2187668000,7336257537,19126974580,36113951850,533341516489,0,0,2026-08-07T20:45:18.674Z
2025,0002974,조선간호대학교,전문대학,전문대학,광주,사립,1,6103313767,1710787709,49680000,0,0,0,0,0,0,3946500,970571712,5416724270,39,139.1,2026-08-07T20:45:18.674Z
2025,0000172,조선대학교,대학,대학교,광주,사립,1,112187535106,49667113076,21181319004,1535600000,3994326000,874634000,212316000,833500000,19070000,6396058811,18980525808,116547771653,1397,83.4,2026-08-07T20:45:18.674Z
2025,0000534,조선이공대학교,전문대학,전문대학,광주,사립,1,23760522425,8448573165,110000000,480000000,132500000,0,0,207020000,0,33893500,7138116000,23413478760,150,156.3,2026-08-07T20:45:18.674Z
2025,0000616,한국폴리텍 V 대학 광주캠퍼스,전문대학,기능대학,광주,사립,1,3662721891,1793520668,57550000,57293382003,0,0,0,0,0,2984500,2016951811,61240069537,0,0,2026-08-07T20:45:18.674Z
2025,0000208,호남대학교,대학,대학교,광주,사립,1,39289448509,17948047830,55000000,962000000,120000000,0,17500000,85000000,0,76613500,12487185700,35144699879,468,75.1,2026-08-07T20:45:18.674Z
2025,0000209,호남신학대학교,대학,대학교,광주,사립,1,2696545244,1385948784,0,0,0,0,0,0,0,26126600,391101674,1727824734,42,41.3,2026-08-07T20:45:18.674Z
2025,0000005,경북대학교,대학,대학교,대구,국립,1,445109284081,40711649810,90494288029,915948395,18634686333,3591400000,258300000,7422450000,6058373220,16636484000,57827354174,606236918422,0,0,2026-08-07T20:45:18.674Z
2025,0000068,계명대학교,대학,대학교,대구,사립,1,104480299312,52280762900,10626627737,1880000000,1621566667,2538200000,844093000,469000000,11500000,1258668500,21405289294,92854481610,1721,54,2026-08-07T20:45:18.674Z
2025,0000425,계명문화대학교,전문대학,전문대학,대구,사립,1,30230641912,14826096301,0,1228000000,0,200000000,60000000,415870000,20552000,100881500,4961526200,22391375311,264,84.7,2026-08-07T20:45:18.674Z
2025,0000382,대구경북과학기술원,대학,대학교,대구,특별법법인,1,4467423465,40128000,158063995000,0,3241116667,1844000000,14000000,284567000,0,340000000,3198484590,171413458722,0,0,2026-08-07T20:45:18.674Z
2025,0000443,대구공업대학교,전문대학,전문대학,대구,사립,1,6946978953,5113503330,0,0,0,0,0,40350000,0,66254070,689930000,2630009693,70,37.6,2026-08-07T20:45:18.674Z
2025,0000446,대구과학대학교,전문대학,전문대학,대구,사립,1,29832975173,13668133348,57550000,0,0,0,0,0,0,240057500,6649478809,23111928134,260,88.9,2026-08-07T20:45:18.674Z
2025,0000253,대구교육대학교,대학,교육대학,대구,국립,1,34997316303,2148916000,62336000,0,0,0,0,0,0,0,2407009000,35317745303,0,0,2026-08-07T20:45:18.674Z
2025,0000444,대구보건대학교,전문대학,전문대학,대구,사립,1,43168232304,19638819635,18000000,0,95000000,0,0,658540000,0,79879000,12002774650,36383606319,420,86.7,2026-08-07T20:45:18.674Z
2025,0002649,수성대학교,전문대학,전문대학,대구,사립,1,20019337325,11674230314,0,246292000,0,0,0,38150000,0,92695500,3095163000,11817407511,199,59.4,2026-08-07T20:45:18.674Z
2025,0000513,영남이공대학교,전문대학,전문대학,대구,사립,1,40875577051,18529890503,57550000,1438700000,256000000,0,0,600740000,0,153289500,4391547770,29243513818,365,80.2,2026-08-07T20:45:18.674Z
2025,0000575,영진사이버대학교,전문대학,사이버대학(전문대학),대구,사립,1,7185818183,6779157666,0,0,0,0,0,0,0,57588160,8046481,472295158,88,5.3,2026-08-07T20:45:18.674Z
2025,0000517,영진전문대학교,전문대학,전문대학,대구,사립,1,41993680973,21467654180,761000000,1080820000,0,0,40000000,334970000,11690000,163024910,4770013000,27687544703,442,62.6,2026-08-07T20:45:18.674Z
2025,0000643,건신대학원대학교,전문대학,전문대학원,대전,사립,1,12324909,0,761000000,0,0,0,0,0,0,0,0,773324909,11,73.4,2026-08-07T20:45:18.674Z
2025,0000335,건양사이버대학교,대학,사이버대학(대학),대전,사립,1,9636256705,8406333216,0,0,0,0,2900000,0,0,108770000,425949289,1767542778,120,14.7,2026-08-07T20:45:18.674Z
2025,0000664,과학기술연합대학원대학교,전문대학,전문대학원,대전,기타,1,62269134,0,19265200000,0,0,0,0,0,0,0,0,19327469134,0,0,2026-08-07T20:45:18.674Z
2025,0000039,국립한밭대학교,대학,대학교,대전,국립,1,115456220188,16154558350,13805234970,1914847750,2383500000,32250000,0,1035584500,205294680,1096577780,9835107600,129610059118,0,0,2026-08-07T20:45:18.674Z
2025,0000546,대덕대학교,전문대학,전문대학,대전,사립,1,9778192960,4339365136,0,204679470,0,0,0,160050000,0,16939500,3657419500,9477916294,89,106.6,2026-08-07T20:45:18.674Z
2025,0000453,대전과학기술대학교,전문대학,전문대학,대전,사립,1,19380784039,8103896935,0,0,0,400000000,0,245330000,0,17048250,4177824560,16117089914,247,65.3,2026-08-07T20:45:18.674Z
2025,0000095,대전대학교,대학,대학교,대전,사립,1,46529962264,22501846774,3227682000,311299131,865320000,1347000000,0,488387000,25328000,843650500,8211140086,39347922207,572,68.7,2026-08-07T20:45:18.674Z
2025,0000451,대전보건대학교,전문대학,전문대학,대전,사립,1,27432669120,11506657506,0,133586029,0,0,0,6500000,0,19456250,10651387098,26736940991,253,105.7,2026-08-07T20:45:18.674Z
2025,0000238,대전신학대학교,대학,대학교,대전,사립,1,267104563,168928000,0,0,0,0,0,0,0,5889000,0,104065563,11,9.9,2026-08-07T20:45:18.674Z
2025,0000112,목원대학교,대학,대학교,대전,사립,1,34826539878,18425600930,1020631000,1437600000,250000000,0,147300000,286500000,0,80479410,6218682230,25842131588,551,46.9,2026-08-07T20:45:18.674Z
2025,0000113,배재대학교,대학,대학교,대전,사립,1,33128406147,18754792290,2255210000,2069600000,0,0,0,50000000,38174000,379693500,6721680114,25887971471,553,46.8,2026-08-07T20:45:18.674Z
2025,0000240,우송대학교,대학,대학교,대전,사립,1,43705257758,22047390857,2616841000,0,0,15000000,0,150000000,30607000,308009660,6233095755,31011420316,811,38.2,2026-08-07T20:45:18.674Z
2025,0000452,우송정보대학,전문대학,전문대학,대전,사립,1,20759178422,9541137531,0,500320000,0,0,0,0,0,32439100,3922125775,15672925766,179,87.4,2026-08-07T20:45:18.674Z
2025,0000161,을지대학교,대학,대학교,대전,사립,1,21604769934,10816810100,2727632000,0,844200000,641000000,611863000,25000000,0,1152129800,2754801360,19544585994,434,45.1,2026-08-07T20:45:18.674Z
2025,0000029,충남대학교,대학,대학교,대전,국립,1,345915656935,31032542680,65093567909,523200000,12093180533,1236500000,785723000,909105000,7091117960,16262547251,26067779538,444945835446,0,0,2026-08-07T20:45:18.674Z
2025,0000374,한국과학기술원,대학,대학교,대전,특별법법인,1,23492343053,3656398000,558440707291,343806000,27188590333,9818602000,2630000000,1173250000,0,30351615411,4406071084,654188587172,0,0,2026-08-07T20:45:18.674Z
2025,0000182,한국침례신학대학교,대학,대학교,대전,사립,1,4544095324,2241716100,0,0,0,0,0,0,0,23181400,21710478,2347271102,76,30.9,2026-08-07T20:45:18.674Z
2025,0000603,한국폴리텍 IV 대학 대전캠퍼스,전문대학,기능대학,대전,사립,1,3756034434,2336390002,96278000,45861103362,0,0,0,0,0,2500660,34340000,47413866454,0,0,2026-08-07T20:45:18.674Z
2025,0000195,한남대학교,대학,대학교,대전,사립,1,62465864268,26549940743,2675760740,2013120000,1356000000,114000000,28300000,2008200000,17681760,462588920,9486117124,54077692069,846,64,2026-08-07T20:45:18.674Z
2025,0002640,경남정보대학교,전문대학,전문대학,부산,사립,1,36791376858,17918445240,0,254100000,110000000,0,0,328970000,18723500,82632150,7430882540,27098239808,334,81,2026-08-07T20:45:18.674Z
2025,0000062,경성대학교,대학,대학교,부산,사립,1,56124527516,30148491835,750219000,1823976000,0,25700000,24500000,256950000,0,1213737500,16167333635,46238451816,931,49.7,2026-08-07T20:45:18.674Z
2025,0000071,고신대학교,대학,대학교,부산,사립,1,13841557697,6533287501,1097453000,185100000,993040000,0,1005446000,0,0,477271900,3968519000,15035100096,229,65.8,2026-08-07T20:45:18.674Z
2025,0000013,국립부경대학교,대학,대학교,부산,국립,1,224596323509,31896594740,33393776000,1394993500,4103696333,30000000,0,222455000,0,26146565000,13065614450,271056829052,0,0,2026-08-07T20:45:18.674Z
2025,0000033,국립한국해양대학교,대학,대학교,부산,국립,1,136923277986,12188871660,6236680000,703202800,2670622000,0,0,1152059000,115638970,5085674000,14681137795,155379420891,0,0,2026-08-07T20:45:18.674Z
2025,0000447,대동대학교,전문대학,전문대학,부산,사립,1,8927801031,4307646167,0,0,0,0,0,0,0,20880000,724326500,5365361364,94,57,2026-08-07T20:45:18.674Z
2025,0000235,동명대학교,대학,대학교,부산,사립,1,34503755269,19265012920,223314000,748000000,230000000,0,111400000,478600000,0,100167500,7587205900,24717429749,514,48.1,2026-08-07T20:45:18.674Z
2025,0000103,동서대학교,대학,대학교,부산,사립,1,48049129813,24010648489,607283000,1640578000,210000000,0,180000000,267857000,0,702486300,13929543900,41576229524,605,68.7,2026-08-07T20:45:18.674Z
2025,0000105,동아대학교,대학,대학교,부산,사립,1,103161861047,43834034963,11808678000,1535600000,3328595000,1220600000,59617000,926557000,367841800,3998023920,27093554810,109666893614,1483,74,2026-08-07T20:45:18.674Z
2025,0000466,동의과학대학교,전문대학,전문대학,부산,사립,1,25120804821,10357255466,0,588932000,0,0,0,768440000,0,91968000,4249914850,20462804205,257,79.6,2026-08-07T20:45:18.674Z
2025,0000107,동의대학교,대학,대학교,부산,사립,1,67900161905,38315623722,4345925000,1908400000,692629000,490000000,5000000,799500000,0,532521000,11495279000,49853792183,1070,46.6,2026-08-07T20:45:18.674Z
2025,0000114,부산가톨릭대학교,대학,대학교,부산,사립,1,19729929552,8372782660,187942000,0,0,0,0,0,100000000,26508750,5979578130,17651175772,259,68.3,2026-08-07T20:45:18.674Z
2025,0000479,부산경상대학교,전문대학,전문대학,부산,사립,1,15006903972,4763349000,0,193144000,71296000,0,0,0,0,29998000,4524710000,15062702972,79,189.8,2026-08-07T20:45:18.674Z
2025,0000481,부산과학기술대학교,전문대학,전문대학,부산,사립,1,26975510845,13189958093,0,359860000,0,0,0,201155000,0,189781000,5542745896,20079094648,246,81.6,2026-08-07T20:45:18.674Z
2025,0000254,부산교육대학교,대학,교육대학,부산,국립,1,39571694442,1662323000,53056000,0,0,0,0,0,0,30000000,10500031100,48492458542,0,0,2026-08-07T20:45:18.674Z
2025,0000014,부산대학교,대학,대학교,부산,국립,1,447792700258,36601527390,104800224301,910147900,19034783000,2707000000,75000000,2209965000,985527500,17119500883,60954983442,619988304894,0,0,2026-08-07T20:45:18.674Z
2025,0000321,부산디지털대학교,대학,사이버대학(대학),부산,사립,1,6423292717,4869082759,0,0,0,0,0,15000000,0,84599000,12049000,1665857958,76,22,2026-08-07T20:45:18.674Z
2025,0000467,부산보건대학교,전문대학,전문대학,부산,사립,1,18173674332,7494558335,82750000,0,0,0,0,25000000,10160000,18275000,4940723871,15756024868,135,116.3,2026-08-07T20:45:18.674Z
2025,0000480,부산여자대학교,전문대학,전문대학,부산,사립,1,12350663651,5769194035,0,0,0,0,0,0,0,74179500,2688640800,9344289916,109,85.9,2026-08-07T20:45:18.674Z
2025,0000561,부산예술대학교,전문대학,전문대학,부산,사립,1,1524894122,1107540000,0,0,0,0,0,0,0,18261750,4930000,440545872,26,16.7,2026-08-07T20:45:18.674Z
2025,0000115,부산외국어대학교,대학,대학교,부산,사립,1,31306244862,16816130453,7762000,241100000,0,0,209000000,250000000,0,67563500,3924491500,19190031409,448,42.8,2026-08-07T20:45:18.674Z
2025,0000144,신라대학교,대학,대학교,부산,사립,1,31174686913,16701326880,496378000,570184000,207040000,262000000,16500000,74375000,34910000,144817500,7131653300,23411217833,495,47.3,2026-08-07T20:45:18.674Z
2025,0003193,영산대학교(해운대),대학,대학교,부산,사립,1,27705447621,15384416110,0,826600000,0,200000000,24000000,0,24000000,240753000,7244875227,20881259738,406,51.4,2026-08-07T20:45:18.674Z
2025,0003163,한국폴리텍 VII 대학 동부산캠퍼스,전문대학,기능대학,부산,사립,1,3700830996,3576948328,0,57499563964,0,0,0,40000000,0,7296000,838871810,58509614442,0,0,2026-08-07T20:45:18.674Z
2025,0000333,화신사이버대학교,대학,사이버대학(대학),부산,사립,1,6366062817,4506617600,0,0,0,0,0,0,0,52465500,1150000,1913060717,55,35,2026-08-07T20:45:18.674Z
2025,0000050,감리교신학대학교,대학,대학교,서울,사립,1,2728889179,1909755940,0,0,0,0,0,0,0,0,2149420,821282659,78,10.6,2026-08-07T20:45:18.674Z
2025,0000079,강서대학교,대학,대학교,서울,사립,1,4907802358,2980947250,282180000,0,0,0,0,0,0,21554160,1077869319,3308458587,135,24.6,2026-08-07T20:45:18.674Z
2025,0000663,개신대학원대학교,전문대학,전문대학원,서울,사립,1,5133699,0,0,0,0,0,0,0,0,0,0,5133699,15,0.3,2026-08-07T20:45:18.674Z
2025,0000052,건국대학교,대학,대학교,서울,사립,2,97433665542,41622986829,36667701565,893100000,6563530000,720000000,205915200,433180000,3250639490,10327734257,14978268582,129850747807,669,52.1,2026-08-07T20:45:18.674Z
2025,0000066,경희대학교,대학,대학교,서울,사립,1,97704274047,38516255720,75293694165,0,9579898000,10055201000,3564980000,1105554000,1204334050,13715213771,9187778154,182894671467,3218,56.8,2026-08-07T20:45:18.674Z
2025,0000318,경희사이버대학교,대학,사이버대학(대학),서울,사립,1,14167919331,13474892832,0,0,0,0,0,0,0,237683250,2716053,933425802,325,2.9,2026-08-07T20:45:18.674Z
2025,0000069,고려대학교,대학,대학교,서울,사립,2,177708903403,34931783300,224061170560,489125522,24075915806,22957705000,3102352500,345750000,2024808000,26129791061,20347928457,466311667009,704,86.4,2026-08-07T20:45:18.674Z
2025,0000328,고려사이버대학교,대학,사이버대학(대학),서울,사립,1,9010064886,8299542534,0,0,0,80000000,0,0,0,248925300,4167953,1043615605,241,4.3,2026-08-07T20:45:18.674Z
2025,0000074,광운대학교,대학,대학교,서울,사립,1,33955007845,13791764150,12437718000,231000000,4464410333,0,870080000,384301000,0,1836076830,2276482020,42663311878,856,49.8,2026-08-07T20:45:18.674Z
2025,0000078,국민대학교,대학,대학교,서울,사립,1,67046570714,27090595700,22383767577,540000000,6931208000,100000000,428100000,70200000,183469000,4303044660,3077208180,77972972431,1639,47.6,2026-08-07T20:45:18.674Z
2025,0000656,국제언어대학원대학교,전문대학,전문대학원,서울,사립,1,5352176,0,0,0,0,0,0,0,0,0,67464,5419640,28,0.2,2026-08-07T20:45:18.674Z
2025,0000099,덕성여자대학교,대학,대학교,서울,사립,1,20910336703,10100647080,2548852000,650000000,790673000,100000000,0,0,333650000,979297500,1743660874,17955822997,431,41.7,2026-08-07T20:45:18.674Z
2025,0000100,동국대학교,대학,대학교,서울,사립,2,95725339514,37305521101,33329593000,1294600000,5335794675,3197190000,4130915920,275000000,135000000,6574676883,14227167471,126919756362,606,42.6,2026-08-07T20:45:18.674Z
2025,0000102,동덕여자대학교,대학,대학교,서울,사립,1,20227552673,11529109740,1276925000,683750000,390300000,90000000,109000000,0,67858000,1122729000,756933687,13195938620,522,25.3,2026-08-07T20:45:18.674Z
2025,0000669,동방문화대학원대학교,전문대학,전문대학원,서울,사립,1,219762638,0,0,0,0,0,0,0,0,0,3059792,222822430,28,8.1,2026-08-07T20:45:18.674Z
2025,0000463,동양미래대학교,전문대학,전문대학,서울,사립,1,27744668723,14797132407,0,331989000,110000000,0,0,0,0,41484000,1967106872,15398116188,373,41.3,2026-08-07T20:45:18.674Z
2025,0000330,디지털서울문화예술대학교,대학,사이버대학(대학),서울,사립,1,5466459572,4934037500,0,0,0,0,0,0,0,159084500,4747389,696253961,117,5.9,2026-08-07T20:45:18.674Z
2025,0000473,명지전문대학,전문대학,전문대학,서울,사립,1,33203486485,15960603104,72180000,0,110000000,25000000,0,0,0,35674000,1718053550,19203790931,417,46.1,2026-08-07T20:45:18.674Z
2025,0000476,배화여자대학교,전문대학,전문대학,서울,사립,1,12358621677,6499354920,0,293400000,0,0,0,367170000,64000000,87260000,796744872,7467841629,160,46.7,2026-08-07T20:45:18.674Z
2025,0000642,베뢰아국제대학원대학교,전문대학,전문대학원,서울,사립,1,277546,0,0,0,0,0,0,0,0,0,0,277546,0,0,2026-08-07T20:45:18.674Z
2025,0000670,북한대학원대학교,전문대학,전문대학원,서울,사립,1,240028016,0,0,0,0,0,0,0,0,0,0,240028016,18,13.7,2026-08-07T20:45:18.674Z
2025,0000332,사이버한국외국어대학교,대학,사이버대학(대학),서울,사립,1,7929174828,7775029534,0,0,0,0,0,0,0,142426400,68149,296639843,186,1.6,2026-08-07T20:45:18.674Z
2025,0000116,삼육대학교,대학,대학교,서울,사립,1,21282946042,11636794160,2546225000,1267200000,57750000,63940000,165816000,0,106630000,275853000,1521507793,15651073675,488,32.1,2026-08-07T20:45:18.674Z
2025,0000483,삼육보건대학교,전문대학,전문대학,서울,사립,1,8549290445,2782540820,354000000,408379000,0,0,0,0,0,48350000,961609352,7539087977,83,90.9,2026-08-07T20:45:18.674Z
2025,0000117,상명대학교,대학,대학교,서울,사립,1,46001785820,27133105834,3485662000,492400000,379666000,189586000,830370000,75000000,20163000,838548000,5979356794,31159431780,1048,29.7,2026-08-07T20:45:18.674Z
2025,0000120,서강대학교,대학,대학교,서울,사립,1,50070309410,10358876166,38090668000,0,4560134333,250000000,1200000000,125000000,6281000,758304000,2421751005,87123571582,1309,66.6,2026-08-07T20:45:18.674Z
2025,0000121,서경대학교,대학,대학교,서울,사립,1,22499365860,13082759700,923573000,200000000,0,0,1136448170,12500000,0,3479927500,1455280670,16624335500,604,27.5,2026-08-07T20:45:18.674Z
2025,0000036,서울과학기술대학교,대학,대학교,서울,국립,1,145120826061,17876741780,23891971580,1270091590,7045889000,68500000,100000000,297500000,154000000,4764806000,2759034770,167595877221,0,0,2026-08-07T20:45:18.674Z
2025,0000666,서울과학종합대학원대학교,전문대학,전문대학원,서울,사립,1,5461549,0,0,0,0,0,0,0,0,0,130625,5592174,198,0,2026-08-07T20:45:18.674Z
2025,0000255,서울교육대학교,대학,교육대학,서울,국립,1,32301801329,1152287660,24420000,0,0,0,0,0,0,0,211565000,31385498669,0,0,2026-08-07T20:45:18.674Z
2025,0000098,서울기독대학교,대학,대학교,서울,사립,1,1159715118,991668600,0,0,0,0,0,0,0,5388000,28291936,201726454,91,2.2,2026-08-07T20:45:18.674Z
2025,0000019,서울대학교,대학,대학교,서울,국립대법인,1,844004968343,18291009834,365918973803,0,38221335000,35192025000,4701000000,600027000,6810475380,59317152711,11848297446,1348323244849,0,0,2026-08-07T20:45:18.674Z
2025,0000322,서울디지털대학교,대학,사이버대학(대학),서울,사립,1,12669438075,12271189799,0,0,0,0,0,0,0,195426750,1074976,594750002,264,2.2,2026-08-07T20:45:18.674Z
2025,0000677,서울미디어대학원대학교,전문대학,특수대학원,서울,사립,1,6485940,0,0,0,60000000,0,0,0,0,0,0,66485940,29,2.3,2026-08-07T20:45:18.674Z
2025,0000660,서울벤처대학원대학교,전문대학,전문대학원,서울,사립,1,78981,0,0,0,0,0,0,0,0,0,1000000,1078981,26,0,2026-08-07T20:45:18.674Z
2025,0000658,서울불교대학원대학교,전문대학,전문대학원,서울,사립,1,36684806,0,0,0,0,0,0,0,0,0,271024,36955830,18,2,2026-08-07T20:45:18.674Z
2025,0000323,서울사이버대학교,대학,사이버대학(대학),서울,사립,1,21324688115,19956348374,0,0,0,0,90000000,0,0,371696250,47088118,1877124109,451,4.2,2026-08-07T20:45:18.674Z
2025,0000653,서울사회복지대학원대학교,전문대학,특수대학원,서울,사립,1,1371960,0,0,0,0,0,0,0,0,1325000,957845,3654805,16,0.2,2026-08-07T20:45:18.674Z
2025,0000678,서울상담심리대학원대학교,전문대학,전문대학원,서울,사립,1,50934965,0,0,0,0,0,0,0,0,0,146944,51081909,12,4.3,2026-08-07T20:45:18.674Z
2025,0000650,서울성경신학대학원대학교,전문대학,전문대학원,서울,사립,1,21020,0,192500000,0,0,0,0,0,0,0,0,192521020,3,57.6,2026-08-07T20:45:18.674Z
2025,0000040,서울시립대학교,대학,대학교,서울,공립,1,37564312652,7398171600,21090313000,523200000,2260012000,62500000,12000000,50000000,87590000,5568490000,68459620983,128279867035,0,0,2026-08-07T20:45:18.674Z
2025,0002973,서울여자간호대학교,전문대학,전문대학,서울,사립,1,4830234426,1526416400,82750000,0,0,0,16240000,0,0,0,395900862,3798708888,58,65.3,2026-08-07T20:45:18.674Z
2025,0000126,서울여자대학교,대학,대학교,서울,사립,1,25035325305,14985527830,1907892000,170100000,165000000,300000000,35444000,10000000,386080500,1486149500,3502702229,18013165704,616,29.2,2026-08-07T20:45:18.674Z
2025,0000659,서울외국어대학원대학교,전문대학,전문대학원,서울,사립,1,28229830,0,40000000,0,0,0,0,0,0,0,321540,68551370,43,1.6,2026-08-07T20:45:18.674Z
2025,0000205,서울한영대학교,대학,대학교,서울,사립,1,1983425497,1411385100,0,0,0,0,0,0,0,10838000,21592568,604470965,75,8,2026-08-07T20:45:18.674Z
2025,0000490,서일대학교,전문대학,전문대학,서울,사립,1,26473648486,16157631114,146250000,1323400000,0,0,0,6500000,6170000,21925500,1023326000,12843588872,382,33.6,2026-08-07T20:45:18.674Z
2025,0000132,성공회대학교,대학,대학교,서울,사립,1,9183510113,5178651967,51609200,0,0,0,0,0,0,42931200,38956015,4138354561,188,22.1,2026-08-07T20:45:18.674Z
2025,0000133,성균관대학교,대학,대학교,서울,사립,1,135137008341,24990875800,199140908580,648300000,40989984733,10625296500,1740390780,2068932000,456937500,15447431044,14977566469,396241880147,3165,125.2,2026-08-07T20:45:18.674Z
2025,0000136,성신여자대학교,대학,대학교,서울,사립,1,29805146912,17952565100,6033918000,615600000,934935000,240000000,93517000,45000000,295537000,846576920,287094521,21244760253,862,24.6,2026-08-07T20:45:18.674Z
2025,0000138,세종대학교,대학,대학교,서울,사립,1,52430346438,19851433250,39822454944,1460000000,6192265000,348400000,2098000000,191750000,1149396000,9886450707,4041613357,97769243196,1685,58,2026-08-07T20:45:18.674Z
2025,0000325,세종사이버대학교,대학,사이버대학(대학),서울,사립,1,19687394236,19172512665,0,0,0,0,0,0,0,262589250,23439551,800910372,346,2.3,2026-08-07T20:45:18.674Z
2025,0000649,수도국제대학원대학교,전문대학,전문대학원,서울,사립,1,7788154,0,0,0,0,0,0,0,0,0,130626,7918780,38,0.2,2026-08-07T20:45:18.674Z
2025,0000141,숙명여자대학교,대학,대학교,서울,사립,1,41110587122,16226961700,19323593000,1270000000,2085245000,565400000,0,89570000,18000000,1593971150,3850922833,53680327405,1113,48.2,2026-08-07T20:45:18.674Z
2025,0000671,순복음대학원대학교,전문대학,전문대학원,서울,사립,1,5608000,0,0,0,0,0,0,0,0,0,379408,5987408,6,1,2026-08-07T20:45:18.674Z
2025,0000143,숭실대학교,대학,대학교,서울,사립,1,54384056656,22693038068,23376952839,538600000,4044790000,85000000,1050000000,819609000,14258000,2347392000,2708738520,66676358947,1523,43.8,2026-08-07T20:45:18.674Z
2025,0000329,숭실사이버대학교,대학,사이버대학(대학),서울,사립,1,9830557504,9602108660,0,0,0,0,0,0,0,173744300,2412347,404605491,214,1.9,2026-08-07T20:45:18.674Z
2025,0000500,숭의여자대학교,전문대학,전문대학,서울,사립,1,10011637790,7797451059,0,0,0,0,0,0,0,39762660,589053225,2843002616,181,15.7,2026-08-07T20:45:18.674Z
2025,0000149,연세대학교,대학,대학교,서울,사립,2,186872760918,36293217733,228482420550,0,44176785000,52976451000,2130779200,458000000,699209000,25998495970,20730026278,526231710183,3828,16.7,2026-08-07T20:45:18.674Z
2025,0000651,예명대학원대학교,전문대학,전문대학원,서울,사립,1,0,0,0,0,0,0,0,0,0,0,0,0,20,0,2026-08-07T20:45:18.674Z
2025,0000163,이화여자대학교,대학,대학교,서울,사립,1,68513517226,20587703600,73567904300,0,1917666667,5273728000,863600000,105000000,865606700,8238231500,3558029490,142315580283,2316,61.4,2026-08-07T20:45:18.674Z
2025,0000525,인덕대학교,전문대학,전문대학,서울,사립,1,26182162934,15498413938,153480000,1578700000,0,0,0,0,0,37774000,1504610997,13958313993,369,37.8,2026-08-07T20:45:18.674Z
2025,0000170,장로회신학대학교,대학,대학교,서울,사립,1,3294867230,1955363820,0,0,0,0,0,0,0,5736500,1023927,1346263837,168,8,2026-08-07T20:45:18.674Z
2025,0000288,정석대학,대학,기술대학,서울,사립,1,0,0,0,0,0,0,0,0,0,0,0,0,0,0,2026-08-07T20:45:18.674Z
2025,0000175,중앙대학교,대학,대학교,서울,사립,1,92937890253,36408087000,73534759338,0,10418033667,4071090000,2364550000,77000000,1521619000,12249562369,7596328354,168362745981,2796,60.2,2026-08-07T20:45:18.674Z
2025,0000180,총신대학교,대학,대학교,서울,사립,1,6678313606,4649442620,0,0,0,10000000,0,0,0,179838489,17241504590,19460214065,241,80.8,2026-08-07T20:45:18.674Z
2025,0000181,추계예술대학교,대학,대학교,서울,사립,1,4800322166,2462801830,0,0,0,0,220000000,0,0,25892000,19411984,2602824320,129,20.1,2026-08-07T20:45:18.674Z
2025,0002817,치유상담대학원대학교,전문대학,전문대학원,서울,사립,1,2073741,0,0,0,0,0,0,0,0,0,0,2073741,11,0.2,2026-08-07T20:45:18.674Z
2025,0003183,태재대학교,대학,사이버대학(대학),서울,사립,1,206847713,188825000,0,0,0,0,0,0,0,0,0,18022713,0,0,2026-08-07T20:45:18.674Z
2025,0000273,한국방송통신대학교,대학,방송통신대학,서울,국립,1,82981084880,14175062793,111034746,0,0,0,0,0,175000000,161942875,31284198,69285283906,0,0,2026-08-07T20:45:18.674Z
2025,0000679,한국상담대학원대학교,전문대학,전문대학원,서울,사립,1,7448379,0,0,0,0,0,0,0,0,0,0,7448379,15,0.5,2026-08-07T20:45:18.674Z
2025,0000191,한국성서대학교,대학,대학교,서울,사립,1,5079254846,2647176700,11862000,0,0,0,0,0,0,8857500,52411040,2505208686,76,33.1,2026-08-07T20:45:18.674Z
2025,0000326,한국열린사이버대학교,대학,사이버대학(대학),서울,사립,1,8430056931,8201231900,0,0,0,0,0,0,0,121412000,107967,350344998,140,2.5,2026-08-07T20:45:18.674Z
2025,0000383,한국예술종합학교,대학,각종학교(대학),서울,특별법국립,1,5443193730,3770810370,77000000,0,0,0,44096000000,0,0,0,5352541,45850735901,0,0,2026-08-07T20:45:18.674Z
2025,0000192,한국외국어대학교,대학,대학교,서울,사립,1,55244458636,25983233035,2902022079,1460000000,362100000,30000000,348000000,15000000,6099000,2923536500,2638002560,39945985740,1548,25.8,2026-08-07T20:45:18.674Z
2025,0000032,한국체육대학교,대학,대학교,서울,국립,1,61660884800,4453215960,0,0,0,0,0,0,0,0,38789321,57246458161,0,0,2026-08-07T20:45:18.674Z
2025,0000585,한국폴리텍 I 대학 서울강서캠퍼스,전문대학,기능대학,서울,사립,1,2270153169,2086045157,0,54206759472,0,0,0,20000000,0,4957000,365155000,54780979484,0,0,2026-08-07T20:45:18.674Z
2025,0000673,한림국제대학원대학교,전문대학,특수대학원,서울,사립,1,91248897,0,0,0,300000000,0,0,0,0,0,2498751,393747648,26,14.9,2026-08-07T20:45:18.674Z
2025,0000676,한반도국제대학원대학교,전문대학,특수대학원,서울,사립,1,0,0,0,0,0,0,0,0,0,0,5458640,5458640,1,4.4,2026-08-07T20:45:18.674Z
2025,0000200,한성대학교,대학,대학교,서울,사립,1,30981763748,16166652798,2525339000,1286800000,120000000,0,2800000,707996500,0,542734660,2747276377,22748057487,622,36.5,2026-08-07T20:45:18.674Z
2025,0000203,한양대학교,대학,대학교,서울,사립,2,148424535489,41793903683,156410643502,400000000,35274395001,6417890000,2993482500,2034214000,566419000,16345037308,15495206940,342567920057,1328,71.5,2026-08-07T20:45:18.674Z
2025,0000331,한양사이버대학교,대학,사이버대학(대학),서울,사립,1,19254180797,18634757800,265628000,0,0,0,0,0,0,120987750,9232721,1015271468,529,1.9,2026-08-07T20:45:18.674Z
2025,0000554,한양여자대학교,전문대학,전문대학,서울,사립,1,27961599959,16679495865,0,901400000,0,0,0,0,0,39211000,3837764199,16060479293,392,40.9,2026-08-07T20:45:18.674Z
2025,0000212,홍익대학교,대학,대학교,서울,사립,1,55383409833,30388397100,14211063600,419431000,3880404000,170000000,2236362000,463370000,80000000,971368700,3638289602,51065301635,2111,24.2,2026-08-07T20:45:18.674Z
2025,0000648,횃불트리니티신학대학원대학교,전문대학,전문대학원,서울,사립,1,14155769,0,0,0,0,0,0,0,0,0,80933,14236702,29,0.5,2026-08-07T20:45:18.674Z
2025,0000094,대전가톨릭대학교,대학,대학교,세종,사립,1,78703270,76930000,0,0,0,0,0,0,0,0,9550000,11323270,5,2.2,2026-08-07T20:45:18.674Z
2025,0000640,한국개발연구원국제정책대학원대학교,전문대학,전문대학원,세종,사립,1,33696578,0,20000000,0,0,0,0,0,0,40909090,87000000,181605668,0,0,2026-08-07T20:45:18.674Z
2025,0000522,한국영상대학교,전문대학,전문대학,세종,사립,1,20038745266,9082943953,0,0,0,0,154000000,5500000,0,25114500,2650781268,13791197081,187,73.9,2026-08-07T20:45:18.674Z
2025,0000250,울산과학기술원,대학,대학교,울산,특별법법인,1,13875722160,2509715330,211674805600,0,10538367333,1098692000,0,123000000,0,6369580000,10905709365,252076161128,0,0,2026-08-07T20:45:18.674Z
2025,0000521,울산과학대학교,전문대학,전문대학,울산,사립,1,35798781476,11106396587,123255000,1656053837,60000000,0,0,315570000,0,106013500,13998517003,40951794229,329,124.5,2026-08-07T20:45:18.674Z
2025,0000158,울산대학교,대학,대학교,울산,사립,1,87378742175,20816555481,27450271000,512000000,6019682333,3499600000,165848000,76250000,0,3632538740,50031421337,157949798104,954,165.5,2026-08-07T20:45:18.674Z
2025,0000545,춘해보건대학교,전문대학,전문대학,울산,사립,1,18575372061,7784157330,0,0,0,0,0,0,0,29060500,5551131941,16371407172,166,98.7,2026-08-07T20:45:18.674Z
2025,0000681,한국전력국제원자력대학원대학교,전문대학,전문대학원,울산,사립,1,0,0,0,0,0,0,0,0,0,268000000,125000000,393000000,60,6.6,2026-08-07T20:45:18.674Z
2025,0000256,경인교육대학교,대학,교육대학,인천,국립,1,43873634978,2670383000,90522000,0,0,30000000,157000000,0,12603000,0,4590086740,46083463718,0,0,2026-08-07T20:45:18.674Z
2025,0000422,경인여자대학교,전문대학,전문대학,인천,사립,1,18983745006,10432049469,0,286630000,0,400000000,0,0,0,37680360,3651860584,12927866481,237,54.5,2026-08-07T20:45:18.674Z
2025,0000644,성산효대학원대학교,전문대학,전문대학원,인천,사립,1,5002486,0,0,0,0,0,0,0,0,0,4243884,9246370,15,0.6,2026-08-07T20:45:18.674Z
2025,0000168,인천가톨릭대학교,대학,대학교,인천,사립,1,4765026584,1706041850,0,0,0,200000000,17000000,0,0,0,1355886281,4631871015,64,72.4,2026-08-07T20:45:18.674Z
2025,0002660,인천대학교,대학,대학교,인천,국립대법인,1,179125364388,24800219306,18372804789,1429369770,4703079000,240000000,36500000,163750000,304546000,5791925000,28797386989,214164506630,0,0,2026-08-07T20:45:18.674Z
2025,0002654,인하공업전문대학,전문대학,전문대학,인천,사립,1,34928103030,18624772980,133755000,1345355000,398750000,0,0,20000000,0,187268000,2601083299,20989541349,478,43.9,2026-08-07T20:45:18.674Z
2025,0000169,인하대학교,대학,대학교,인천,사립,1,102095598944,32318677335,55200420000,1408273749,13865491000,839640000,7477914750,689183000,397000000,12152910000,12127540407,173935294515,1922,90.5,2026-08-07T20:45:18.674Z
2025,0000455,재능대학교,전문대학,전문대학,인천,사립,1,16664971390,7690892060,124750000,1279000000,0,0,0,200000000,0,44525500,3618057870,14240412700,173,82.3,2026-08-07T20:45:18.674Z
2025,0000680,주안대학원대학교,전문대학,전문대학원,인천,사립,1,7500000,0,526000000,0,0,0,0,0,0,0,284943,533784943,5,117.3,2026-08-07T20:45:18.674Z
2025,0000590,한국폴리텍 II 대학 남인천캠퍼스,전문대학,기능대학,인천,사립,1,2052363032,1762717832,0,40340509370,5781000000,0,0,113750000,0,3741000,364940000,46893585570,0,0,2026-08-07T20:45:18.674Z
2025,0000428,광양보건대학교,전문대학,전문대학,전남,사립,1,105725374,0,0,0,0,0,0,0,0,0,100000000,205725374,6,34,2026-08-07T20:45:18.674Z
2025,0000075,광주가톨릭대학교,대학,대학교,전남,사립,1,3547080,0,0,0,0,0,0,0,0,0,0,3547080,0,0,2026-08-07T20:45:18.674Z
2025,0000011,국립목포대학교,대학,대학교,전남,국립,1,128996318833,15408836030,4014286402,1506883110,1977565000,0,170848000,686000000,152670000,3668594567,29762681517,155527011399,0,0,2026-08-07T20:45:18.674Z
2025,0000012,국립목포해양대학교,대학,대학교,전남,국립,1,73271223071,4952822990,570631000,400000000,1041060000,0,33000000,0,0,3047687000,6472901471,79883679552,0,0,2026-08-07T20:45:18.674Z
2025,0000020,국립순천대학교,대학,대학교,전남,국립,1,137334153462,13097797887,8391495969,878166921,1177705000,280000000,83000000,416324500,1011912670,3664165531,45763636040,185902762206,0,0,2026-08-07T20:45:18.674Z
2025,0000435,나주대학교,전문대학,전문대학,전남,사립,1,116920917,4800000,0,0,0,0,0,0,0,7800000,1746294500,1866215417,75,25,2026-08-07T20:45:18.674Z
2025,0000104,동신대학교,대학,대학교,전남,사립,1,33891002359,15866807620,2773925000,818400000,204000000,1520059000,936963000,40000000,0,204048500,16750022634,41271612873,484,85.3,2026-08-07T20:45:18.674Z
2025,0000462,동아보건대학교,전문대학,전문대학,전남,사립,1,6676333299,2730723200,0,0,0,0,0,0,0,16100000,1410560583,5372270682,37,147.1,2026-08-07T20:45:18.674Z
2025,0000221,목포가톨릭대학교,대학,대학교,전남,사립,1,5153250283,1593184960,0,0,0,0,0,0,0,18781000,1518008000,5096854323,31,167,2026-08-07T20:45:18.674Z
2025,0000474,목포과학대학교,전문대학,전문대학,전남,사립,1,19404643212,8511968985,0,199338000,0,0,0,0,0,62047000,3959182000,15113241227,142,106.1,2026-08-07T20:45:18.674Z
2025,0000092,세한대학교,대학,대학교,전남,사립,1,15120049852,9758934447,0,399940000,0,400000000,0,0,6481000,243656730,2806209025,9217402160,232,39.7,2026-08-07T20:45:18.674Z
2025,0000498,순천제일대학교,전문대학,전문대학,전남,사립,1,17966410496,7100720831,0,270000000,0,0,0,0,0,25903250,4322620000,15484212915,146,105.8,2026-08-07T20:45:18.674Z
2025,0000155,영산선학대학교,대학,대학교,전남,사립,1,0,0,0,0,0,0,0,0,0,0,0,0,0,0,2026-08-07T20:45:18.674Z
2025,0000529,전남과학대학교,전문대학,전문대학,전남,사립,1,23411582736,9413383300,110000000,0,0,0,2500000,0,0,57051660,5165911720,19333662816,148,130.7,2026-08-07T20:45:18.674Z
2025,0000562,전남도립대학교,전문대학,전문대학,전남,공립,1,2164015896,0,0,193860000,0,0,0,10000000,41952000,0,6288274000,8698101896,0,0,2026-08-07T20:45:18.674Z
2025,0002656,청암대학교,전문대학,전문대학,전남,사립,1,12516984845,5644634660,0,0,0,0,0,0,0,39522500,1883860000,8795732685,127,69.4,2026-08-07T20:45:18.674Z
2025,0000246,초당대학교,대학,대학교,전남,사립,1,14142955273,6295670020,92082000,61600000,0,0,80000000,0,0,27600000,5095958000,13204525253,152,86.8,2026-08-07T20:45:18.674Z
2025,0003139,한국에너지공과대학교,대학,대학교,전남,특별법법인,1,1780044778,605850000,4679116000,0,5396255000,0,0,0,0,353000000,10321000000,21923565778,0,0,2026-08-07T20:45:18.674Z
2025,0000555,한영대학교,전문대학,전문대학,전남,사립,1,10393153358,3630340000,0,521100000,0,0,0,0,0,8720000,3907000000,11199633358,79,142,2026-08-07T20:45:18.674Z
2025,0000009,국립군산대학교,대학,대학교,전북,국립,1,121109474004,14006260760,8333741000,1380894780,1356511000,0,36500000,183000000,413722567,4388130000,13180533082,136376245673,0,0,2026-08-07T20:45:18.674Z
2025,0002971,군산간호대학교,전문대학,전문대학,전북,사립,1,7976916684,2992311166,792500000,0,0,0,0,0,0,1682250,1824769224,7603556992,68,111.6,2026-08-07T20:45:18.674Z
2025,0000432,군장대학교,전문대학,전문대학,전북,사립,1,12933280558,4464223933,0,162944000,0,0,0,0,0,35930500,5567145281,14235076406,122,116.8,2026-08-07T20:45:18.674Z
2025,0000477,백제예술대학교,전문대학,전문대학,전북,사립,1,2700132661,2114816333,0,0,0,0,0,0,0,8250000,4920000,598486328,48,12.4,2026-08-07T20:45:18.674Z
2025,0000228,예수대학교,대학,대학교,전북,사립,1,4164585743,1450727500,0,0,0,0,0,0,0,3636500,1051000000,3768494743,35,106.7,2026-08-07T20:45:18.674Z
2025,0000218,예원예술대학교,대학,대학교,전북,사립,1,2838991831,2421874333,0,0,0,0,0,0,0,16630000,178554261,612301759,123,5,2026-08-07T20:45:18.674Z
2025,0000157,우석대학교,대학,대학교,전북,사립,1,41136554238,16809766902,2228947800,1042000000,383000000,900000000,21500000,18000000,45382500,1423364119,17260334965,47649316720,572,83.3,2026-08-07T20:45:18.674Z
2025,0000159,원광대학교,대학,대학교,전북,사립,1,80824843454,31931340571,9145019000,1796000000,642000000,1520759000,13391000,57500000,621477500,2374028500,42303987594,107367665477,1075,99.9,2026-08-07T20:45:18.674Z
2025,0000327,원광디지털대학교,대학,사이버대학(대학),전북,사립,1,8196947436,7589861846,0,0,0,0,0,0,0,148110250,1205484,756401324,146,5.2,2026-08-07T20:45:18.674Z
2025,0000523,원광보건대학교,전문대학,전문대학,전북,사립,1,26471753146,12085663305,0,0,0,0,0,0,5808000,50659000,291122996,14733679837,241,61.1,2026-08-07T20:45:18.674Z
2025,0000645,원불교대학원대학교,전문대학,전문대학원,전북,사립,1,0,0,0,0,0,0,0,0,0,0,0,0,1,0,2026-08-07T20:45:18.674Z
2025,0000531,전북과학대학교,전문대학,전문대학,전북,사립,1,14081974151,5807250216,304400000,0,0,0,0,70000000,0,29190980,4322011201,13000326116,83,156.5,2026-08-07T20:45:18.674Z
2025,0000025,전북대학교,대학,대학교,전북,국립,1,391113193147,33801871889,45075991467,0,8765912653,1093000000,625888000,3398500000,5545376880,13290134084,67550427237,502656551579,0,0,2026-08-07T20:45:18.674Z
2025,0000258,전주교육대학교,대학,교육대학,전북,국립,1,28522181752,1081323000,32814000,0,0,0,0,0,0,30000000,1290069254,28793742006,0,0,2026-08-07T20:45:18.674Z
2025,0000437,전주기전대학,전문대학,전문대학,전북,사립,1,10341720252,5566250030,0,256000000,0,0,0,0,133400000,59400000,5554607712,10778877934,112,96.5,2026-08-07T20:45:18.674Z
2025,0000171,전주대학교,대학,대학교,전북,사립,1,60448839098,26322724365,982725902,1312000000,2284000000,47500000,217565000,981087500,860240300,676656758,19046280148,60534170341,690,87.7,2026-08-07T20:45:18.674Z
2025,0000530,전주비전대학교,전문대학,전문대학,전북,사립,1,22070200631,8596292267,0,267140000,0,0,0,123410000,0,204073450,5692806909,19761338723,183,108.2,2026-08-07T20:45:18.674Z
2025,0003019,한국농수산대학교,전문대학,전문대학,전북,특별법국립,1,588041012,188330720,71156873,0,0,0,0,0,37481900000,2990000000,480425000,41423192165,0,0,2026-08-07T20:45:18.674Z
2025,0000206,한일장신대학교,대학,대학교,전북,사립,1,2481916637,1731415000,0,0,0,0,0,0,0,19470000,2026850,771998487,0,0,2026-08-07T20:45:18.674Z
2025,0000282,호원대학교,대학,산업대학,전북,사립,1,23429314456,13637555220,0,0,0,0,0,60000000,0,93471360,4562664623,14507895219,348,41.7,2026-08-07T20:45:18.674Z
2025,0000532,제주관광대학교,전문대학,전문대학,제주,사립,1,14395707639,4767972170,0,139698893,0,0,0,429370000,0,40827250,5770993814,16008625426,78,205.1,2026-08-07T20:45:18.674Z
2025,0000248,제주국제대학교,대학,대학교,제주,사립,1,46355763,2200000,0,0,0,0,42500000,0,0,5724000,0,92379763,22,4.2,2026-08-07T20:45:18.674Z
2025,0000027,제주대학교,대학,대학교,제주,국립,1,237271604535,17730666720,13809436669,512000000,2147100000,446000000,76800000,143000000,1697364000,10072044964,36790104927,285234788375,0,0,2026-08-07T20:45:18.674Z
2025,0002655,제주한라대학교,전문대학,전문대학,제주,사립,1,26764211890,10146880430,0,1222545028,110000000,0,0,0,65880000,41546500,10353796000,28411098988,188,150.9,2026-08-07T20:45:18.674Z
2025,0000054,건양대학교,대학,대학교,충남,사립,1,48275803931,15378271332,4164441000,202666570,1503560000,22500000,0,315345000,0,233593500,26636244306,65975882975,494,133.7,2026-08-07T20:45:18.674Z
2025,0000251,공주교육대학교,대학,교육대학,충남,국립,1,26248404536,1493525000,166500000,0,0,0,0,0,0,240800000,8037806710,33199986246,0,0,2026-08-07T20:45:18.674Z
2025,0000008,국립공주대학교,대학,대학교,충남,국립,1,200127393887,25921145839,13579817955,316208000,10559400000,0,200000000,799688000,1507840000,7122412207,22323503571,230615117781,0,0,2026-08-07T20:45:18.674Z
2025,0000657,국제뇌교육종합대학원대학교,전문대학,전문대학원,충남,사립,1,13679307,0,174742000,0,0,0,0,0,0,0,0,188421307,24,7.8,2026-08-07T20:45:18.674Z
2025,0000334,글로벌사이버대학교,대학,사이버대학(대학),충남,사립,1,4468488709,3631396000,0,0,0,0,0,0,0,58908000,215013506,1111014215,66,16.8,2026-08-07T20:45:18.674Z
2025,0000224,금강대학교,대학,대학교,충남,사립,1,414714696,128292000,0,0,0,0,0,0,0,0,51000000,337422696,4,76,2026-08-07T20:45:18.674Z
2025,0000081,나사렛대학교,대학,대학교,충남,사립,1,24182057294,11578591160,86809000,292900000,0,275000000,398100000,25000000,6165000,54164000,5662019940,19403624074,353,54.9,2026-08-07T20:45:18.674Z
2025,0000245,남서울대학교,대학,대학교,충남,사립,1,35358647381,22478990531,586018000,1678320000,0,0,60000000,0,20910000,222703000,5820334013,21267941863,790,26.9,2026-08-07T20:45:18.674Z
2025,0000178,백석대학교,대학,대학교,충남,사립,1,50024680209,32529628870,132827000,946000000,0,0,12000000,18077000,0,120115500,8137246677,26861317516,1208,22.2,2026-08-07T20:45:18.674Z
2025,0000543,백석문화대학교,전문대학,전문대학,충남,사립,1,25993933742,9893213390,0,0,0,0,0,33000000,0,14019000,6550892053,22698631405,243,93.2,2026-08-07T20:45:18.674Z
2025,0000129,선문대학교,대학,대학교,충남,사립,1,49109023652,19934165400,4102671000,0,1046867000,90000000,0,352635000,6517000,364574000,10988201061,46126323313,693,66.6,2026-08-07T20:45:18.674Z
2025,0000142,순천향대학교,대학,대학교,충남,사립,1,72722109584,23152336230,22614806000,1957400000,7702966667,2958500000,6358526520,213003000,63102000,2000530000,16113759644,109552367185,960,114.2,2026-08-07T20:45:18.674Z
2025,0000502,신성대학교,전문대학,전문대학,충남,사립,1,16501432540,7132130336,50000000,192800000,110000000,400000000,0,0,0,29730500,4425356228,14577188932,175,83.4,2026-08-07T20:45:18.674Z
2025,0000454,아주자동차대학교,전문대학,전문대학,충남,사립,1,8100889756,865974000,0,0,0,0,0,22500000,0,5160000,3347470000,10610045756,58,183.7,2026-08-07T20:45:18.674Z
2025,0000512,연암대학교,전문대학,전문대학,충남,사립,1,16475967735,2594723260,0,0,0,0,0,0,3188239550,21209720,6058225422,23148919167,67,344.1,2026-08-07T20:45:18.674Z
2025,0000173,중부대학교,대학,대학교,충남,사립,1,27706546109,16934099470,591838000,220614000,0,0,14000000,12750000,0,1027564500,5686593192,18325806331,665,27.6,2026-08-07T20:45:18.674Z
2025,0000284,청운대학교,대학,산업대학,충남,사립,1,31035339174,13824443450,377028000,492400000,0,40000000,150000000,280000000,0,88705160,7243170483,25882199367,396,65.4,2026-08-07T20:45:18.674Z
2025,0002657,충남도립대학교,전문대학,전문대학,충남,공립,1,11457057990,1738616750,8011489,0,0,0,0,0,7585000,66204883,24168242020,33968484632,0,0,2026-08-07T20:45:18.674Z
2025,0000189,한국기술교육대학교,대학,대학교,충남,사립,1,31577929629,7470894620,4261727000,123287870440,4573400000,0,0,110500000,4887000,36194000,9147289698,165528903147,202,818.9,2026-08-07T20:45:18.674Z
2025,0003022,한국전통문화대학교,대학,대학교,충남,특별법국립,1,1369101259,638958500,22500000,0,0,0,284000000,0,0,35828996000,1966078000,38831716759,0,0,2026-08-07T20:45:18.674Z
2025,0000199,한서대학교,대학,대학교,충남,사립,1,38091693012,14629924368,767463000,0,1118500000,0,8000000,230000000,0,727791500,14173497326,40487020470,511,79.2,2026-08-07T20:45:18.674Z
2025,0000556,혜전대학교,전문대학,전문대학,충남,사립,1,13649068480,5966603500,0,0,0,0,0,0,11474000,22169700,4501594479,12217703159,173,70.5,2026-08-07T20:45:18.674Z
2025,0000211,호서대학교,대학,대학교,충남,사립,1,56368998810,29177127199,5465592000,0,2636580000,0,0,2778500000,0,4676732000,12234477592,54983753203,1121,49,2026-08-07T20:45:18.674Z
2025,0000215,가톨릭꽃동네대학교,대학,대학교,충북,사립,1,3353248847,1358619500,0,0,0,0,471695000,0,0,13166500,633099063,3112589910,34,90.3,2026-08-07T20:45:18.674Z
2025,0000433,강동대학교,전문대학,전문대학,충북,사립,1,18424672768,12537283815,0,160000000,0,0,0,0,0,102890500,3283517866,9433797319,207,45.6,2026-08-07T20:45:18.674Z
2025,0000034,국립한국교통대학교,대학,대학교,충북,국립,1,121420513251,16848445236,6227066000,1417040700,1340186000,200000000,0,1355150000,0,1485439110,35278749859,151875699684,0,0,2026-08-07T20:45:18.674Z
2025,0000080,극동대학교,대학,대학교,충북,사립,1,9958128446,7445550145,276079800,0,0,0,127500000,43000000,0,129234300,1868639248,4957031649,258,19.2,2026-08-07T20:45:18.674Z
2025,0000449,대원대학교,전문대학,전문대학,충북,사립,1,6987957442,4663541752,0,0,0,0,0,0,0,36878500,3204442308,5565736498,131,42.4,2026-08-07T20:45:18.674Z
2025,0000128,서원대학교,대학,대학교,충북,사립,1,34530351223,19394171821,301907000,1090400000,0,0,0,285000000,0,71512000,6776776527,23661774929,543,43.5,2026-08-07T20:45:18.674Z
2025,0000137,세명대학교,대학,대학교,충북,사립,1,23589766008,15506598600,532810000,1038300000,115000000,105500000,8000000,25000000,179957520,412856500,6885662347,17386253775,423,41.1,2026-08-07T20:45:18.674Z
2025,0000317,순복음총회신학교,대학,각종학교(대학),충북,사립,1,563535290,511358300,0,0,0,0,0,0,0,9100000,111990,61388980,8,7.7,2026-08-07T20:45:18.674Z
2025,0000154,유원대학교,대학,대학교,충북,사립,1,19754289516,14677170001,0,0,0,0,128000000,0,6440000,102400000,2921638649,8235598164,271,30.4,2026-08-07T20:45:18.674Z
2025,0000239,중원대학교,대학,대학교,충북,사립,1,18491308399,9695782070,192857000,0,100000000,0,52804300,506636000,0,48874500,6564897579,16261595708,246,66.1,2026-08-07T20:45:18.674Z
2025,0000261,청주교육대학교,대학,교육대학,충북,국립,1,21595112961,1263475000,124150000,0,0,0,0,0,0,0,2494492930,22950280891,0,0,2026-08-07T20:45:18.674Z
2025,0000179,청주대학교,대학,대학교,충북,사립,1,51993857221,25870334488,1840024000,1592400000,1716000000,0,181300000,85000000,0,618607760,13187639400,45344493893,1131,40.1,2026-08-07T20:45:18.674Z
2025,0000030,충북대학교,대학,대학교,충북,국립,1,327443865363,24163845700,37381141296,0,4408083333,421500000,155550000,2154850500,3520152920,12470803013,50576803449,414368904174,0,0,2026-08-07T20:45:18.674Z
2025,0000406,충북도립대학교,전문대학,전문대학,충북,공립,1,5140046990,832028000,0,0,0,0,0,0,0,0,14296804000,18604822990,0,0,2026-08-07T20:45:18.674Z
2025,0000536,충북보건과학대학교,전문대학,전문대학,충북,사립,1,18045227144,6707477020,0,615575000,110000000,0,0,100000000,5752000,56207250,4504000000,16729284374,193,86.8,2026-08-07T20:45:18.674Z
2025,0000547,충청대학교,전문대학,전문대학,충북,사립,1,16376473406,7073720457,31500000,84000000,0,0,0,161365000,0,26870000,3789874000,13396361949,190,70.5,2026-08-07T20:45:18.674Z
2025,0000031,한국교원대학교,대학,대학교,충북,국립,1,84110155422,3387741320,1350487000,0,0,0,115000000,0,0,170000000,9295716128,91653617230,0,0,2026-08-07T20:45:18.674Z
