year,school_kind,estb,school_division,region,status,school_code_std,school_name,enrolled_students,enrolled_dropouts,enrolled_dropout_rate,freshman_students,freshman_dropouts,freshman_dropout_rate,uploaded_at
2022,대학교,사립,대학,경남,기존,0002748,가야대학교(김해),2355,218,9.26,383,36,9.4,2026-08-07T10:05:19.852Z
2022,대학교,사립,대학,경기,기존,0000063,가천대학교,26126,945,3.62,4675,330,7.06,2026-08-07T10:05:19.852Z
2022,대학교,사립,대학,강원,기존,0000072,가톨릭관동대학교,10959,850,7.76,1563,157,10.04,2026-08-07T10:05:19.852Z
2022,대학교,사립,대학,충북,기존,0000215,가톨릭꽃동네대학교,545,24,4.4,108,7,6.48,2026-08-07T10:05:19.852Z
2022,대학교,사립,대학,경기,기존,0000046,가톨릭대학교,9386,350,3.73,1770,128,7.23,2026-08-07T10:05:19.852Z
2022,대학교,사립,대학,서울,기존,0000048,가톨릭대학교_제2캠퍼스,968,15,1.55,184,7,3.8,2026-08-07T10:05:19.852Z
2022,대학교,사립,대학,서울,기존,0000049,가톨릭대학교_제3캠퍼스,306,6,1.96,49,1,2.04,2026-08-07T10:05:19.852Z
2022,대학교,사립,대학,서울,기존,0000050,감리교신학대학교,925,61,6.59,94,7,7.45,2026-08-07T10:05:19.852Z
2022,대학교,사립,대학,경기,기존,0000051,강남대학교,8713,476,5.46,1589,142,8.94,2026-08-07T10:05:19.852Z
2022,대학교,국립,대학,강원,기존,0000001,국립강릉원주대학교,7420,458,6.17,1304,95,7.29,2026-08-07T10:05:19.852Z
2022,대학교,국립,대학,강원,기존,0000002,국립강릉원주대학교_제2캠퍼스,2837,128,4.51,503,24,4.77,2026-08-07T10:05:19.852Z
2022,대학교,사립,대학,서울,기존,0000079,강서대학교,1913,137,7.16,338,60,17.75,2026-08-07T10:05:19.852Z
2022,대학교,국립,대학,강원,기존,0000004,강원대학교_제2캠퍼스,9406,708,7.53,1509,164,10.87,2026-08-07T10:05:19.852Z
2022,대학교,국립,대학,강원,기존,0000003,강원대학교,19568,601,3.07,3310,223,6.74,2026-08-07T10:05:19.852Z
2022,대학교,사립,대학,서울,기존,0000052,건국대학교,22485,679,3.02,3477,317,9.12,2026-08-07T10:05:19.852Z
2022,대학교,사립,대학,충북,기존,0000053,건국대학교(글로컬)_분교,10228,419,4.1,1668,112,6.71,2026-08-07T10:05:19.852Z
2022,대학교,사립,대학,대전,기존,0000055,건양대학교_제2캠퍼스,4125,169,4.1,874,72,8.24,2026-08-07T10:05:19.852Z
2022,대학교,사립,대학,충남,기존,0000054,건양대학교,3991,267,6.69,777,65,8.37,2026-08-07T10:05:19.852Z
2022,사이버대학(대학),사립,대학,대전,기존,0000335,건양사이버대학교,3700,286,7.73,996,104,10.44,2026-08-07T10:05:19.852Z
2022,대학교,사립,대학,경기,기존,0000056,경기대학교,16071,652,4.06,2799,190,6.79,2026-08-07T10:05:19.852Z
2022,대학교,사립,대학,서울,기존,0000058,경기대학교_제2캠퍼스,2617,130,4.97,382,19,4.97,2026-08-07T10:05:19.852Z
2022,대학교,국립,대학,경남,폐교,0000035,경남과학기술대학교,5444,286,5.25,0,0,0,2026-08-07T10:05:19.852Z
2022,대학교,사립,대학,경남,기존,0000059,경남대학교,14486,935,6.45,1920,114,5.94,2026-08-07T10:05:19.852Z
2022,대학교,사립,대학,경기,기존,0002744,경동대학교_제4캠퍼스,3743,228,6.09,662,43,6.5,2026-08-07T10:05:19.852Z
2022,대학교,사립,대학,강원,기존,0002574,경동대학교_제3캠퍼스,4570,198,4.33,1041,71,6.82,2026-08-07T10:05:19.852Z
2022,대학교,사립,대학,강원,기존,0000060,경동대학교,810,148,18.27,52,6,11.54,2026-08-07T10:05:19.852Z
2022,대학교,국립,대학,대구,기존,0000005,경북대학교,28693,1167,4.07,5006,461,9.21,2026-08-07T10:05:19.852Z
2022,대학교,국립,대학,경남,기존,0000007,경상국립대학교,19312,925,4.79,4512,306,6.78,2026-08-07T10:05:19.852Z
2022,대학교,사립,대학,부산,기존,0000062,경성대학교,16076,899,5.59,2963,175,5.91,2026-08-07T10:05:19.852Z
2022,대학교,사립,대학,경북,기존,0000244,경운대학교,5772,624,10.81,1131,169,14.94,2026-08-07T10:05:19.852Z
2022,교육대학,국립,대학,인천,기존,0000256,경인교육대학교,1313,63,4.8,652,52,7.98,2026-08-07T10:05:19.852Z
2022,교육대학,국립,대학,경기,기존,0000257,경인교육대학교_제2캠퍼스,1306,8,0.61,0,0,0,2026-08-07T10:05:19.852Z
2022,대학교,사립,대학,경북,기존,0000064,경일대학교,9311,778,8.36,1645,198,12.04,2026-08-07T10:05:19.852Z
2022,대학교,사립,대학,경북,기존,0000065,신경주대학교,957,252,26.33,214,108,50.47,2026-08-07T10:05:19.852Z
2022,대학교,사립,대학,서울,기존,0000066,경희대학교,33980,1151,3.39,5798,537,9.26,2026-08-07T10:05:19.852Z
2022,사이버대학(대학),사립,대학,서울,기존,0000318,경희사이버대학교,12031,2195,18.24,2833,599,21.14,2026-08-07T10:05:19.852Z
2022,대학교,사립,대학,대구,기존,0000068,계명대학교,29306,1513,5.16,4898,284,5.8,2026-08-07T10:05:19.852Z
2022,대학교,사립,대학,서울,기존,0000069,고려대학교,26766,897,3.35,4547,414,9.1,2026-08-07T10:05:19.852Z
2022,대학교,사립,대학,세종,기존,0000070,고려대학교(세종)_분교,9090,495,5.45,1600,160,10,2026-08-07T10:05:19.852Z
2022,사이버대학(대학),사립,대학,서울,기존,0000328,고려사이버대학교,11906,1703,14.3,2323,366,15.76,2026-08-07T10:05:19.852Z
2022,대학교,사립,대학,부산,기존,0000071,고신대학교,4283,412,9.62,823,128,15.55,2026-08-07T10:05:19.852Z
2022,교육대학,국립,대학,충남,기존,0000251,공주교육대학교,1434,43,3,380,20,5.26,2026-08-07T10:05:19.852Z
2022,대학교,국립,대학,충남,기존,0000008,국립공주대학교,16161,758,4.69,3237,220,6.8,2026-08-07T10:05:19.852Z
2022,대학교,사립,대학,광주,기존,0000073,광신대학교,534,54,10.11,122,26,21.31,2026-08-07T10:05:19.852Z
2022,대학교,사립,대학,서울,기존,0000074,광운대학교,11633,464,3.99,1957,166,8.48,2026-08-07T10:05:19.852Z
2022,대학교,사립,대학,전남,기존,0000075,광주가톨릭대학교,114,10,8.77,12,0,0,2026-08-07T10:05:19.852Z
2022,대학교,특별법법인,대학,광주,기존,0000381,광주과학기술원,1009,48,4.76,218,17,7.8,2026-08-07T10:05:19.852Z
2022,교육대학,국립,대학,광주,기존,0000252,광주교육대학교,1337,36,2.69,347,30,8.65,2026-08-07T10:05:19.852Z
2022,대학교,사립,대학,광주,기존,0000231,광주대학교,8209,963,11.73,1560,386,24.74,2026-08-07T10:05:19.852Z
2022,대학교,사립,대학,광주,기존,0000076,광주여자대학교,3982,301,7.56,908,145,15.97,2026-08-07T10:05:19.852Z
2022,대학교,사립,대학,서울,기존,0000078,국민대학교,20917,658,3.15,3463,264,7.62,2026-08-07T10:05:19.852Z
2022,사이버대학(대학),사립,대학,경기,기존,0000319,국제사이버대학교,3882,646,16.64,984,205,20.83,2026-08-07T10:05:19.852Z
2022,대학교,국립,대학,전북,기존,0000009,국립군산대학교,9055,650,7.18,1522,123,8.08,2026-08-07T10:05:19.852Z
2022,대학교,사립,대학,충북,기존,0000080,극동대학교,4397,338,7.69,582,47,8.08,2026-08-07T10:05:19.852Z
2022,사이버대학(대학),사립,대학,충남,기존,0000334,글로벌사이버대학교,2550,471,18.47,735,142,19.32,2026-08-07T10:05:19.852Z
2022,대학교,사립,대학,충남,기존,0000224,금강대학교,339,54,15.93,33,15,45.45,2026-08-07T10:05:19.852Z
2022,대학교,국립,대학,경북,기존,0000010,국립금오공과대학교,7716,385,4.99,1313,74,5.64,2026-08-07T10:05:19.852Z
2022,대학교,사립,대학,경북,기존,0000241,김천대학교,3325,458,13.77,645,178,27.6,2026-08-07T10:05:19.852Z
2022,대학교,사립,대학,충남,기존,0000081,나사렛대학교,6491,429,6.61,1306,87,6.66,2026-08-07T10:05:19.852Z
2022,대학교,사립,대학,광주,기존,0000216,남부대학교,3609,304,8.42,636,79,12.42,2026-08-07T10:05:19.852Z
2022,대학교,사립,대학,충남,기존,0000245,남서울대학교,12456,731,5.87,2335,165,7.07,2026-08-07T10:05:19.852Z
2022,대학교,사립,대학,경기,기존,0000082,단국대학교,15758,498,3.16,2618,184,7.03,2026-08-07T10:05:19.852Z
2022,대학교,사립,대학,충남,기존,0002726,단국대학교_제2캠퍼스,13913,621,4.46,2521,220,8.73,2026-08-07T10:05:19.852Z
2022,대학교,사립,대학,경북,기존,0000088,대구가톨릭대학교,15333,988,6.44,2760,188,6.81,2026-08-07T10:05:19.852Z
2022,대학교,특별법법인,대학,대구,기존,0000382,대구경북과학기술원,1052,29,2.76,222,17,7.66,2026-08-07T10:05:19.852Z
2022,교육대학,국립,대학,대구,기존,0000253,대구교육대학교,1606,42,2.62,420,26,6.19,2026-08-07T10:05:19.852Z
2022,대학교,사립,대학,경북,기존,0000084,대구대학교,22207,1480,6.66,3819,237,6.21,2026-08-07T10:05:19.852Z
2022,사이버대학(대학),사립,대학,경북,기존,0000320,대구사이버대학교,5717,1064,18.61,1808,293,16.21,2026-08-07T10:05:19.852Z
2022,대학교,사립,대학,경북,기존,0000087,대구예술대학교,1004,155,15.44,77,9,11.69,2026-08-07T10:05:19.852Z
2022,대학교,사립,대학,경북,기존,0000061,대구한의대학교,8113,673,8.3,1612,228,14.14,2026-08-07T10:05:19.852Z
2022,대학교,사립,대학,경북,기존,0000093,대신대학교,605,50,8.26,117,7,5.98,2026-08-07T10:05:19.852Z
2022,대학교,사립,대학,세종,기존,0000094,대전가톨릭대학교,50,3,6,12,1,8.33,2026-08-07T10:05:19.852Z
2022,대학교,사립,대학,대전,기존,0000095,대전대학교,11959,727,6.08,2042,158,7.74,2026-08-07T10:05:19.852Z
2022,대학교,사립,대학,대전,기존,0000238,대전신학대학교,71,10,14.08,8,0,0,2026-08-07T10:05:19.852Z
2022,대학교,사립,대학,경기,기존,0000097,대진대학교,10209,509,4.99,1900,168,8.84,2026-08-07T10:05:19.852Z
2022,대학교,사립,대학,서울,기존,0000099,덕성여자대학교,6610,272,4.11,1210,140,11.57,2026-08-07T10:05:19.852Z
2022,대학교,사립,대학,서울,기존,0000100,동국대학교,18489,540,2.92,3225,290,8.99,2026-08-07T10:05:19.852Z
2022,대학교,사립,대학,경북,기존,0000101,동국대학교(WISE)_분교,10164,597,5.87,1836,171,9.31,2026-08-07T10:05:19.852Z
2022,대학교,사립,대학,서울,기존,0000102,동덕여자대학교,8054,318,3.95,1747,201,11.51,2026-08-07T10:05:19.852Z
2022,대학교,사립,대학,부산,기존,0000235,동명대학교,10619,1230,11.58,1518,195,12.85,2026-08-07T10:05:19.852Z
2022,대학교,사립,대학,부산,기존,0000103,동서대학교,12871,821,6.38,2090,133,6.36,2026-08-07T10:05:19.852Z
2022,대학교,사립,대학,전남,기존,0000104,동신대학교,7718,875,11.34,1529,356,23.28,2026-08-07T10:05:19.852Z
2022,대학교,사립,대학,부산,기존,0000105,동아대학교,24717,1010,4.09,4388,206,4.69,2026-08-07T10:05:19.852Z
2022,대학교,사립,대학,경북,기존,0000106,동양대학교,5159,469,9.09,994,119,11.97,2026-08-07T10:05:19.852Z
2022,대학교,사립,대학,부산,기존,0000107,동의대학교,20322,1235,6.08,3826,259,6.77,2026-08-07T10:05:19.852Z
2022,사이버대학(대학),사립,대학,서울,기존,0000330,디지털서울문화예술대학교,3874,595,15.36,755,126,16.69,2026-08-07T10:05:19.852Z
2022,대학교,사립,대학,경기,기존,0000108,루터대학교,393,48,12.21,88,14,15.91,2026-08-07T10:05:19.852Z
2022,대학교,사립,대학,경기,기존,0000109,명지대학교,8863,420,4.74,1482,114,7.69,2026-08-07T10:05:19.852Z
2022,대학교,사립,대학,서울,기존,0000111,명지대학교_제2캠퍼스,10563,470,4.45,1619,150,9.26,2026-08-07T10:05:19.852Z
2022,대학교,사립,대학,대전,기존,0000112,목원대학교,9764,671,6.87,1885,155,8.22,2026-08-07T10:05:19.852Z
2022,대학교,사립,대학,전남,기존,0000221,목포가톨릭대학교,566,14,2.47,126,6,4.76,2026-08-07T10:05:19.852Z
2022,대학교,국립,대학,전남,기존,0000011,국립목포대학교,8804,604,6.86,1557,137,8.8,2026-08-07T10:05:19.852Z
2022,대학교,국립,대학,전남,기존,0000012,국립목포해양대학교,3112,200,6.43,713,64,8.98,2026-08-07T10:05:19.852Z
2022,대학교,사립,대학,대전,기존,0000113,배재대학교,10218,875,8.56,1989,185,9.3,2026-08-07T10:05:19.852Z
2022,대학교,사립,대학,충남,기존,0000178,백석대학교,15612,814,5.21,3160,210,6.65,2026-08-07T10:05:19.852Z
2022,대학교,국립,대학,부산,기존,0000013,국립부경대학교,21014,943,4.49,3619,309,8.54,2026-08-07T10:05:19.852Z
2022,대학교,사립,대학,부산,기존,0000114,부산가톨릭대학교,4352,225,5.17,764,32,4.19,2026-08-07T10:05:19.852Z
2022,교육대학,국립,대학,부산,기존,0000254,부산교육대학교,1520,39,2.57,382,29,7.59,2026-08-07T10:05:19.852Z
2022,대학교,국립,대학,부산,기존,0000014,부산대학교,26611,1060,3.98,4613,342,7.41,2026-08-07T10:05:19.852Z
2022,사이버대학(대학),사립,대학,부산,기존,0000321,부산디지털대학교,2833,407,14.37,695,108,15.54,2026-08-07T10:05:19.852Z
2022,대학교,사립,대학,부산,기존,0000115,부산외국어대학교,10261,609,5.94,1455,108,7.42,2026-08-07T10:05:19.852Z
2022,대학교,사립,대학,경남,기존,0000222,부산장신대학교,180,26,14.44,32,3,9.38,2026-08-07T10:05:19.852Z
2022,사이버대학(대학),사립,대학,서울,기존,0000332,사이버한국외국어대학교,8071,1475,18.28,1854,295,15.91,2026-08-07T10:05:19.852Z
2022,대학교,사립,대학,서울,기존,0000116,삼육대학교,7062,255,3.61,1224,79,6.45,2026-08-07T10:05:19.852Z
2022,대학교,사립,대학,충남,기존,0002959,상명대학교_제2캠퍼스,7763,315,4.06,1445,97,6.71,2026-08-07T10:05:19.852Z
2022,대학교,사립,대학,서울,기존,0000117,상명대학교,8728,358,4.1,1567,142,9.06,2026-08-07T10:05:19.852Z
2022,대학교,사립,대학,강원,기존,0000119,상지대학교,9482,819,8.64,1540,189,12.27,2026-08-07T10:05:19.852Z
2022,대학교,사립,대학,서울,기존,0000120,서강대학교,11679,432,3.7,1826,230,12.6,2026-08-07T10:05:19.852Z
2022,대학교,사립,대학,서울,기존,0000121,서경대학교,8623,408,4.73,1618,134,8.28,2026-08-07T10:05:19.852Z
2022,대학교,국립,대학,서울,기존,0000036,서울과학기술대학교,13738,533,3.88,2415,179,7.41,2026-08-07T10:05:19.852Z
2022,교육대학,국립,대학,서울,기존,0000255,서울교육대학교,1538,83,5.4,393,52,13.23,2026-08-07T10:05:19.852Z
2022,대학교,사립,대학,서울,기존,0000098,서울기독대학교,497,40,8.05,68,11,16.18,2026-08-07T10:05:19.852Z
2022,대학교,국립대법인,대학,서울,기존,0000019,서울대학교,21286,412,1.94,3484,194,5.57,2026-08-07T10:05:19.852Z
2022,사이버대학(대학),사립,대학,서울,기존,0000322,서울디지털대학교,12666,1687,13.32,2736,324,11.84,2026-08-07T10:05:19.852Z
2022,사이버대학(대학),사립,대학,서울,기존,0000323,서울사이버대학교,18608,3013,16.19,4934,895,18.14,2026-08-07T10:05:19.852Z
2022,대학교,공립,대학,서울,기존,0000040,서울시립대학교,12035,346,2.87,1861,150,8.06,2026-08-07T10:05:19.852Z
2022,대학교,사립,대학,경기,기존,0000125,서울신학대학교,2573,153,5.95,479,42,8.77,2026-08-07T10:05:19.852Z
2022,대학교,사립,대학,서울,기존,0000126,서울여자대학교,8639,349,4.04,1759,202,11.48,2026-08-07T10:05:19.852Z
2022,대학교,사립,대학,경기,기존,0000127,서울장신대학교,453,36,7.95,68,5,7.35,2026-08-07T10:05:19.852Z
2022,대학교,사립,대학,서울,기존,0000205,서울한영대학교,885,105,11.86,178,29,16.29,2026-08-07T10:05:19.852Z
2022,대학교,사립,대학,충북,기존,0000128,서원대학교,8630,489,5.67,1745,133,7.62,2026-08-07T10:05:19.852Z
2022,대학교,사립,대학,충남,기존,0000129,선문대학교,12554,893,7.11,2236,245,10.96,2026-08-07T10:05:19.852Z
2022,대학교,사립,대학,경기,기존,0000131,성결대학교,7056,379,5.37,1297,109,8.4,2026-08-07T10:05:19.852Z
2022,대학교,사립,대학,서울,기존,0000132,성공회대학교,2813,150,5.33,529,39,7.37,2026-08-07T10:05:19.852Z
2022,대학교,사립,대학,서울,기존,0000133,성균관대학교,25049,798,3.19,4149,404,9.74,2026-08-07T10:05:19.852Z
2022,대학교,사립,대학,서울,기존,0000136,성신여자대학교,10754,401,3.73,2436,249,10.22,2026-08-07T10:05:19.852Z
2022,대학교,사립,대학,충북,기존,0000137,세명대학교,9553,719,7.53,1566,175,11.17,2026-08-07T10:05:19.852Z
2022,대학교,사립,대학,서울,기존,0000138,세종대학교,15920,732,4.6,2879,339,11.77,2026-08-07T10:05:19.852Z
2022,사이버대학(대학),사립,대학,서울,기존,0000325,세종사이버대학교,11501,1162,10.1,3051,450,14.75,2026-08-07T10:05:19.852Z
2022,대학교,사립,대학,전남,기존,0000092,세한대학교,4399,300,6.82,836,79,9.45,2026-08-07T10:05:19.852Z
2022,대학교,사립,대학,광주,기존,0000243,송원대학교,3713,610,16.43,733,186,25.38,2026-08-07T10:05:19.852Z
2022,대학교,사립,대학,경기,기존,0000139,수원가톨릭대학교,171,9,5.26,24,0,0,2026-08-07T10:05:19.852Z
2022,대학교,사립,대학,경기,기존,0000140,수원대학교,11964,702,5.87,2249,216,9.6,2026-08-07T10:05:19.852Z
2022,대학교,사립,대학,서울,기존,0000141,숙명여자대학교,11994,397,3.31,2452,212,8.65,2026-08-07T10:05:19.852Z
2022,각종학교(대학),사립,대학,충북,기존,0000317,순복음총회신학교,150,50,33.33,37,11,29.73,2026-08-07T10:05:19.852Z
2022,대학교,국립,대학,전남,기존,0000020,국립순천대학교,8899,600,6.74,1632,111,6.8,2026-08-07T10:05:19.852Z
2022,대학교,사립,대학,충남,기존,0000142,순천향대학교,14011,761,5.43,2673,228,8.53,2026-08-07T10:05:19.852Z
2022,대학교,사립,대학,서울,기존,0000143,숭실대학교,19486,625,3.21,3206,263,8.2,2026-08-07T10:05:19.852Z
2022,사이버대학(대학),사립,대학,서울,기존,0000329,숭실사이버대학교,8196,878,10.71,2299,255,11.09,2026-08-07T10:05:19.852Z
2022,대학교,사립,대학,부산,기존,0000144,신라대학교,9607,935,9.73,1422,95,6.68,2026-08-07T10:05:19.852Z
2022,대학교,사립,대학,경기,기존,0002800,신한대학교_제2캠퍼스,6476,329,5.08,1165,88,7.55,2026-08-07T10:05:19.852Z
2022,대학교,사립,대학,경기,기존,0002712,신한대학교,1819,96,5.28,331,13,3.93,2026-08-07T10:05:19.852Z
2022,대학교,사립,대학,경기,기존,0000145,아신대학교,573,63,10.99,50,7,14,2026-08-07T10:05:19.852Z
2022,대학교,사립,대학,경기,기존,0000146,아주대학교,13541,464,3.43,2176,171,7.86,2026-08-07T10:05:19.852Z
2022,대학교,국립,대학,경북,기존,0000021,국립경국대학교,7414,488,6.58,1188,88,7.41,2026-08-07T10:05:19.852Z
2022,대학교,사립,대학,경기,기존,0000147,안양대학교,6073,298,4.91,1083,74,6.83,2026-08-07T10:05:19.852Z
2022,대학교,사립,대학,인천,기존,0000148,안양대학교_제2캠퍼스,447,39,8.72,137,19,13.87,2026-08-07T10:05:19.852Z
2022,대학교,사립,대학,서울,기존,0000149,연세대학교,27270,822,3.01,4094,393,9.6,2026-08-07T10:05:19.852Z
2022,대학교,사립,대학,강원,기존,0000150,연세대학교(미래)_분교,9490,385,4.06,1462,103,7.05,2026-08-07T10:05:19.852Z
2022,대학교,사립,대학,경북,기존,0000151,영남대학교,28429,1283,4.51,4859,282,5.8,2026-08-07T10:05:19.852Z
2022,대학교,사립,대학,경북,기존,0000153,영남신학대학교,501,40,7.98,100,12,12,2026-08-07T10:05:19.852Z
2022,대학교,사립,대학,경남,기존,0003193,영산대학교,2896,285,9.84,469,75,15.99,2026-08-07T10:05:19.852Z
2022,대학교,사립,대학,부산,기존,0003194,영산대학교_제2캠퍼스,4415,461,10.44,785,95,12.1,2026-08-07T10:05:19.852Z
2022,대학교,사립,대학,전남,기존,0000155,영산선학대학교,53,2,3.77,8,2,25,2026-08-07T10:05:19.852Z
2022,대학교,사립,대학,전북,기존,0000228,예수대학교,593,12,2.02,121,2,1.65,2026-08-07T10:05:19.852Z
2022,대학교,사립,대학,경기,기존,0000219,예원예술대학교_제2캠퍼스,488,58,11.89,91,7,7.69,2026-08-07T10:05:19.852Z
2022,대학교,사립,대학,전북,기존,0000218,예원예술대학교,1331,146,10.97,202,23,11.39,2026-08-07T10:05:19.852Z
2022,대학교,사립,대학,경기,기존,0000156,용인대학교,7755,462,5.96,1340,96,7.16,2026-08-07T10:05:19.852Z
2022,대학교,사립,대학,전북,기존,0000157,우석대학교,8999,793,8.81,1475,168,11.39,2026-08-07T10:05:19.852Z
2022,대학교,사립,대학,대전,기존,0000240,우송대학교,12422,582,4.69,2218,102,4.6,2026-08-07T10:05:19.852Z
2022,대학교,특별법법인,대학,울산,기존,0000250,울산과학기술원,2411,93,3.86,447,49,10.96,2026-08-07T10:05:19.852Z
2022,대학교,사립,대학,울산,기존,0000158,울산대학교,16938,836,4.94,2896,156,5.39,2026-08-07T10:05:19.852Z
2022,대학교,사립,대학,전북,기존,0000159,원광대학교,18956,1265,6.67,2990,202,6.76,2026-08-07T10:05:19.852Z
2022,사이버대학(대학),사립,대학,전북,기존,0000327,원광디지털대학교,6980,1050,15.04,1509,211,13.98,2026-08-07T10:05:19.852Z
2022,대학교,사립,대학,경북,기존,0000160,위덕대학교,3317,437,13.17,693,133,19.19,2026-08-07T10:05:19.852Z
2022,대학교,사립,대학,충북,기존,0000154,유원대학교,4773,636,13.32,905,136,15.03,2026-08-07T10:05:19.852Z
2022,대학교,사립,대학,경기,기존,0000162,을지대학교_제2캠퍼스,4479,172,3.84,873,51,5.84,2026-08-07T10:05:19.852Z
2022,대학교,사립,대학,대전,기존,0000161,을지대학교,302,1,0.33,49,0,0,2026-08-07T10:05:19.852Z
2022,대학교,사립,대학,경기,기존,0002911,을지대학교_제3캠퍼스,680,17,2.5,201,10,4.98,2026-08-07T10:05:19.852Z
2022,대학교,사립,대학,서울,기존,0000163,이화여자대학교,18994,476,2.51,3487,220,6.31,2026-08-07T10:05:19.852Z
2022,대학교,사립,대학,경남,기존,0000164,인제대학교,10615,700,6.59,1540,108,7.01,2026-08-07T10:05:19.852Z
2022,대학교,사립,대학,인천,기존,0000168,인천가톨릭대학교,75,7,9.33,12,2,16.67,2026-08-07T10:05:19.852Z
2022,대학교,사립,대학,인천,기존,0000167,인천가톨릭대학교_제2캠퍼스,755,39,5.17,162,21,12.96,2026-08-07T10:05:19.852Z
2022,대학교,국립대법인,대학,인천,기존,0002660,인천대학교,15839,595,3.76,2696,204,7.57,2026-08-07T10:05:19.852Z
2022,대학교,사립,대학,인천,기존,0000169,인하대학교,24968,790,3.16,4041,276,6.83,2026-08-07T10:05:19.852Z
2022,대학교,사립,대학,서울,기존,0000170,장로회신학대학교,816,35,4.29,155,8,5.16,2026-08-07T10:05:19.852Z
2022,대학교,국립,대학,광주,기존,0000023,전남대학교,21481,846,3.94,3676,299,8.13,2026-08-07T10:05:19.852Z
2022,대학교,국립,대학,전남,기존,0000024,전남대학교_제2캠퍼스,4165,322,7.73,907,95,10.47,2026-08-07T10:05:19.852Z
2022,대학교,국립,대학,전북,기존,0000025,전북대학교,24015,997,4.15,4225,290,6.86,2026-08-07T10:05:19.852Z
2022,교육대학,국립,대학,전북,기존,0000258,전주교육대학교,1169,43,3.68,303,31,10.23,2026-08-07T10:05:19.852Z
2022,대학교,사립,대학,전북,기존,0000171,전주대학교,15247,1044,6.85,2677,193,7.21,2026-08-07T10:05:19.852Z
2022,기술대학,사립,대학,서울,기존,0000288,정석대학,46,2,4.35,17,0,0,2026-08-07T10:05:19.852Z
2022,대학교,사립,대학,제주,기존,0000248,제주국제대학교,796,174,21.86,61,20,32.79,2026-08-07T10:05:19.852Z
2022,대학교,국립,대학,제주,기존,0000027,제주대학교,13492,732,5.43,2345,154,6.57,2026-08-07T10:05:19.852Z
2022,대학교,사립,대학,광주,기존,0000172,조선대학교,25907,1308,5.05,4652,262,5.63,2026-08-07T10:05:19.852Z
2022,대학교,사립,대학,충남,기존,0000173,중부대학교,11247,954,8.48,1816,157,8.65,2026-08-07T10:05:19.852Z
2022,대학교,사립,대학,서울,기존,0000175,중앙대학교,25243,874,3.46,4066,425,10.45,2026-08-07T10:05:19.852Z
2022,대학교,사립,대학,경기,기존,0000174,중앙대학교_제2캠퍼스,6998,302,4.32,1299,91,7.01,2026-08-07T10:05:19.852Z
2022,대학교,사립,대학,경기,기존,0000177,중앙승가대학교,108,16,14.81,19,6,31.58,2026-08-07T10:05:19.852Z
2022,대학교,사립,대학,충북,기존,0000239,중원대학교,4819,663,13.76,770,135,17.53,2026-08-07T10:05:19.852Z
2022,교육대학,국립,대학,경남,기존,0000260,진주교육대학교,1332,25,1.88,338,19,5.62,2026-08-07T10:05:19.852Z
2022,대학교,사립,대학,경기,기존,0000187,차의과학대학교,2658,155,5.83,539,68,12.62,2026-08-07T10:05:19.852Z
2022,대학교,사립,대학,경남,기존,0000249,창신대학교,2170,216,9.95,343,26,7.58,2026-08-07T10:05:19.852Z
2022,대학교,국립,대학,경남,기존,0000028,국립창원대학교,10637,564,5.3,1867,126,6.75,2026-08-07T10:05:19.852Z
2022,산업대학,사립,대학,충남,기존,0000284,청운대학교,7614,678,8.9,1288,142,11.02,2026-08-07T10:05:19.852Z
2022,교육대학,국립,대학,충북,기존,0000261,청주교육대학교,1206,44,3.65,309,30,9.71,2026-08-07T10:05:19.852Z
2022,대학교,사립,대학,충북,기존,0000179,청주대학교,15767,767,4.86,2784,178,6.39,2026-08-07T10:05:19.852Z
2022,대학교,사립,대학,전남,기존,0000246,초당대학교,3931,667,16.97,824,232,28.16,2026-08-07T10:05:19.852Z
2022,대학교,사립,대학,서울,기존,0000180,총신대학교,1824,63,3.45,333,16,4.8,2026-08-07T10:05:19.852Z
2022,대학교,사립,대학,서울,기존,0000181,추계예술대학교,1401,77,5.5,272,27,9.93,2026-08-07T10:05:19.852Z
2022,교육대학,국립,대학,강원,기존,0000262,춘천교육대학교,1330,52,3.91,337,33,9.79,2026-08-07T10:05:19.852Z
2022,대학교,국립,대학,대전,기존,0000029,충남대학교,22413,937,4.18,3859,353,9.15,2026-08-07T10:05:19.852Z
2022,대학교,국립,대학,충북,기존,0000030,충북대학교,17687,721,4.08,3038,227,7.47,2026-08-07T10:05:19.852Z
2022,대학교,사립,대학,경기,기존,0000184,칼빈대학교,563,64,11.37,98,7,7.14,2026-08-07T10:05:19.852Z
2022,대학교,사립,대학,경기,기존,0000186,평택대학교,4456,396,8.89,813,94,11.56,2026-08-07T10:05:19.852Z
2022,대학교,사립,대학,경북,기존,0000188,포항공과대학교,1675,36,2.15,329,18,5.47,2026-08-07T10:05:19.852Z
2022,대학교,국립,대학,경기,기존,0000037,한경국립대학교,6971,439,6.3,1207,105,8.7,2026-08-07T10:05:19.852Z
2022,대학교,사립,대학,경기,기존,0000247,한국공학대학교,9826,502,5.11,1834,166,9.05,2026-08-07T10:05:19.852Z
2022,대학교,특별법법인,대학,대전,기존,0000374,한국과학기술원,4775,125,2.62,782,34,4.35,2026-08-07T10:05:19.852Z
2022,대학교,국립,대학,충북,기존,0000031,한국교원대학교,2596,66,2.54,590,37,6.27,2026-08-07T10:05:19.852Z
2022,대학교,국립,대학,충북,기존,0000034,국립한국교통대학교,11608,726,6.25,2118,190,8.97,2026-08-07T10:05:19.852Z
2022,대학교,사립,대학,충남,기존,0000189,한국기술교육대학교,5923,268,4.52,983,88,8.95,2026-08-07T10:05:19.852Z
2022,방송통신대학,국립,대학,서울,기존,0000273,한국방송통신대학교,136789,28396,20.76,9073,917,10.11,2026-08-07T10:05:19.852Z
2022,대학교,사립,대학,서울,기존,0000191,한국성서대학교,1209,69,5.71,240,20,8.33,2026-08-07T10:05:19.852Z
2022,대학교,특별법법인,대학,전남,기존,0003139,한국에너지공과대학교,107,7,6.54,107,7,6.54,2026-08-07T10:05:19.852Z
2022,사이버대학(대학),사립,대학,서울,기존,0000326,한국열린사이버대학교,6283,1120,17.83,1720,339,19.71,2026-08-07T10:05:19.852Z
2022,각종학교(대학),특별법국립,대학,서울,기존,0000383,한국예술종합학교,3276,66,2.01,559,8,1.43,2026-08-07T10:05:19.852Z
2022,대학교,사립,대학,서울,기존,0000192,한국외국어대학교,22720,912,4.01,3821,413,10.81,2026-08-07T10:05:19.852Z
2022,대학교,특별법국립,대학,충남,기존,0003022,한국전통문화대학교,744,1,0.13,145,0,0,2026-08-07T10:05:19.852Z
2022,대학교,국립,대학,서울,기존,0000032,한국체육대학교,3031,69,2.28,572,16,2.8,2026-08-07T10:05:19.852Z
2022,대학교,사립,대학,대전,기존,0000182,한국침례신학대학교,1208,75,6.21,186,7,3.76,2026-08-07T10:05:19.852Z
2022,대학교,사립,대학,경기,기존,0000194,한국항공대학교,5917,231,3.9,993,78,7.85,2026-08-07T10:05:19.852Z
2022,대학교,국립,대학,부산,기존,0000033,국립한국해양대학교,8078,347,4.3,1494,100,6.69,2026-08-07T10:05:19.852Z
2022,대학교,사립,대학,대전,기존,0000195,한남대학교,15444,866,5.61,2928,208,7.1,2026-08-07T10:05:19.852Z
2022,대학교,사립,대학,경북,기존,0000196,한동대학교,5333,157,2.94,813,14,1.72,2026-08-07T10:05:19.852Z
2022,대학교,사립,대학,강원,기존,0000197,한라대학교,4479,347,7.75,577,59,10.23,2026-08-07T10:05:19.852Z
2022,대학교,사립,대학,강원,기존,0000198,한림대학교,10365,448,4.32,1873,111,5.93,2026-08-07T10:05:19.852Z
2022,대학교,국립,대학,대전,기존,0000039,국립한밭대학교,11259,641,5.69,2079,135,6.49,2026-08-07T10:05:19.852Z
2022,대학교,사립,대학,충남,기존,0000199,한서대학교,8857,559,6.31,1589,154,9.69,2026-08-07T10:05:19.852Z
2022,대학교,사립,대학,서울,기존,0000200,한성대학교,9484,393,4.14,1646,145,8.81,2026-08-07T10:05:19.852Z
2022,대학교,사립,대학,경기,기존,0000201,한세대학교,3304,188,5.69,611,53,8.67,2026-08-07T10:05:19.852Z
2022,대학교,사립,대학,경기,기존,0000202,한신대학교,7588,483,6.37,1240,84,6.77,2026-08-07T10:05:19.852Z
2022,대학교,사립,대학,서울,기존,0000203,한양대학교,22284,802,3.6,3680,380,10.33,2026-08-07T10:05:19.852Z
2022,대학교,사립,대학,경기,기존,0000204,한양대학교(ERICA)_분교,13964,361,2.59,2397,130,5.42,2026-08-07T10:05:19.852Z
2022,사이버대학(대학),사립,대학,서울,기존,0000331,한양사이버대학교,18279,2632,14.4,4511,702,15.56,2026-08-07T10:05:19.852Z
2022,대학교,사립,대학,전북,기존,0000206,한일장신대학교,1035,117,11.3,222,27,12.16,2026-08-07T10:05:19.852Z
2022,대학교,사립,대학,경기,기존,0000207,협성대학교,5383,346,6.43,1070,94,8.79,2026-08-07T10:05:19.852Z
2022,대학교,사립,대학,광주,기존,0000208,호남대학교,8926,671,7.52,1549,133,8.59,2026-08-07T10:05:19.852Z
2022,대학교,사립,대학,광주,기존,0000209,호남신학대학교,814,40,4.91,119,12,10.08,2026-08-07T10:05:19.852Z
2022,대학교,사립,대학,충남,기존,0000211,호서대학교,16155,923,5.71,3087,304,9.85,2026-08-07T10:05:19.852Z
2022,산업대학,사립,대학,전북,기존,0000282,호원대학교,6644,745,11.21,1376,211,15.33,2026-08-07T10:05:19.852Z
2022,대학교,사립,대학,세종,기존,0002949,홍익대학교_제2캠퍼스,7961,441,5.54,1383,180,13.02,2026-08-07T10:05:19.852Z
2022,대학교,사립,대학,서울,기존,0000212,홍익대학교,17235,628,3.64,2876,281,9.77,2026-08-07T10:05:19.852Z
2022,대학교,사립,대학,경기,기존,0000233,화성의과학대학교,586,53,9.04,71,10,14.08,2026-08-07T10:05:19.852Z
2022,사이버대학(대학),사립,대학,부산,기존,0000333,화신사이버대학교,1694,240,14.17,544,103,18.93,2026-08-07T10:05:19.852Z
2022,기능대학,사립,전문대학,경기,기존,0000579,ICT폴리텍대학,463,69,14.9,154,26,16.9,2026-08-07T10:05:19.852Z
2022,전문대학,사립,전문대학,경북,기존,0000410,가톨릭상지대학교,2206,210,9.5,752,65,8.6,2026-08-07T10:05:19.852Z
2022,전문대학,사립,전문대학,충북,기존,0000433,강동대학교,4018,380,9.5,1380,141,10.2,2026-08-07T10:05:19.852Z
2022,전문대학,사립,전문대학,강원,기존,0000514,강릉영동대학교,4271,300,7,1156,136,11.8,2026-08-07T10:05:19.852Z
2022,전문대학,공립,전문대학,강원,기존,0002639,강원도립대학교,901,100,11.1,314,29,9.2,2026-08-07T10:05:19.852Z
2022,전문대학,사립,전문대학,경남,기존,0000412,거제대학교,1293,100,7.7,448,41,9.2,2026-08-07T10:05:19.852Z
2022,전문대학,사립,전문대학,경기,기존,0000560,경기과학기술대학교,6671,560,8.4,1938,169,8.7,2026-08-07T10:05:19.852Z
2022,전문대학,공립,전문대학,경남,기존,0000402,경남도립거창대학,1137,93,8.2,396,23,5.8,2026-08-07T10:05:19.852Z
2022,전문대학,공립,전문대학,경남,기존,0000403,경남도립남해대학,1059,112,10.6,389,33,8.5,2026-08-07T10:05:19.852Z
2022,전문대학,사립,전문대학,부산,기존,0002640,경남정보대학교,8741,685,7.8,2309,179,7.8,2026-08-07T10:05:19.852Z
2022,전문대학,사립,전문대학,경기,기존,0000416,경민대학교,6464,484,7.5,1931,157,8.1,2026-08-07T10:05:19.852Z
2022,전문대학,사립,전문대학,경기,기존,0002641,경복대학교,7941,645,8.1,2427,194,8,2026-08-07T10:05:19.852Z
2022,전문대학,사립,전문대학,경북,기존,0000456,경북과학대학교,2085,164,7.9,865,91,10.5,2026-08-07T10:05:19.852Z
2022,전문대학,공립,전문대학,경북,폐교,0000405,경북도립대학교,903,108,12,215,28,13,2026-08-07T10:05:19.852Z
2022,전문대학,사립,전문대학,경북,기존,0000438,경북보건대학교,1480,85,5.7,416,38,9.1,2026-08-07T10:05:19.852Z
2022,전문대학,사립,전문대학,경북,기존,0002642,경북전문대학교,3128,182,5.8,1187,66,5.6,2026-08-07T10:05:19.852Z
2022,전문대학,사립,전문대학,인천,기존,0000422,경인여자대학교,3876,399,10.3,1520,206,13.6,2026-08-07T10:05:19.852Z
2022,전문대학,사립,전문대학,대구,기존,0000425,계명문화대학교,5964,516,8.7,2109,159,7.5,2026-08-07T10:05:19.852Z
2022,전문대학,사립,전문대학,경기,기존,0000426,계원예술대학교,3715,293,7.9,1244,114,9.2,2026-08-07T10:05:19.852Z
2022,전문대학,사립,전문대학,전남,기존,0000428,광양보건대학교,131,19,14.5,66,12,18.2,2026-08-07T10:05:19.852Z
2022,전문대학,사립,전문대학,광주,기존,0000429,광주보건대학교,4491,291,6.5,1445,90,6.2,2026-08-07T10:05:19.852Z
2022,전문대학,사립,전문대학,경북,기존,0000430,구미대학교,6779,550,8.1,2597,209,8,2026-08-07T10:05:19.852Z
2022,전문대학,사립,전문대학,경기,기존,0000549,국제대학교,3219,477,14.8,1053,138,13.1,2026-08-07T10:05:19.852Z
2022,전문대학,사립,전문대학,전북,기존,0002971,군산간호대학교,1272,43,3.4,306,22,7.2,2026-08-07T10:05:19.852Z
2022,전문대학,사립,전문대학,전북,기존,0000432,군장대학교,1750,127,7.3,736,70,9.5,2026-08-07T10:05:19.852Z
2022,전문대학,사립,전문대학,광주,기존,0002972,기독간호대학교,673,21,3.1,178,10,5.6,2026-08-07T10:05:19.852Z
2022,전문대학,사립,전문대학,경기,기존,0000440,김포대학교,2266,334,14.7,783,94,12,2026-08-07T10:05:19.852Z
2022,전문대학,사립,전문대학,경남,기존,0000569,김해대학교,1632,116,7.1,508,44,8.7,2026-08-07T10:05:19.852Z
2022,전문대학,사립,전문대학,전남,기존,0000435,나주대학교,1429,161,11.3,756,103,13.6,2026-08-07T10:05:19.852Z
2022,전문대학,사립,전문대학,경기,기존,0000441,농협대학교,495,21,4.2,134,9,6.7,2026-08-07T10:05:19.852Z
2022,전문대학,사립,전문대학,경북,기존,0000442,대경대학교,4169,507,12.2,1661,228,13.7,2026-08-07T10:05:19.852Z
2022,전문대학,사립,전문대학,대구,기존,0000443,대구공업대학교,1322,210,15.9,654,102,15.6,2026-08-07T10:05:19.852Z
2022,전문대학,사립,전문대학,대구,기존,0000446,대구과학대학교,4840,483,10,1848,198,10.7,2026-08-07T10:05:19.852Z
2022,전문대학,사립,전문대학,대구,기존,0000444,대구보건대학교,8276,656,7.9,2687,229,8.5,2026-08-07T10:05:19.852Z
2022,전문대학,사립,전문대학,대전,기존,0000546,대덕대학교,2328,430,18.5,879,169,19.2,2026-08-07T10:05:19.852Z
2022,전문대학,사립,전문대학,부산,기존,0000447,대동대학교,1690,94,5.6,479,46,9.6,2026-08-07T10:05:19.852Z
2022,전문대학,사립,전문대학,경기,기존,0000448,대림대학교,10087,744,7.4,3011,258,8.6,2026-08-07T10:05:19.852Z
2022,전문대학,사립,전문대학,충북,기존,0000449,대원대학교,1944,174,9,523,47,9,2026-08-07T10:05:19.852Z
2022,전문대학,사립,전문대학,대전,기존,0000453,대전과학기술대학교,4380,368,8.4,1463,118,8.1,2026-08-07T10:05:19.852Z
2022,전문대학,사립,전문대학,대전,기존,0000451,대전보건대학교,5522,400,7.2,1673,116,6.9,2026-08-07T10:05:19.852Z
2022,전문대학,사립,전문대학,광주,기존,0000460,동강대학교,2791,451,16.2,1083,260,24,2026-08-07T10:05:19.852Z
2022,전문대학,사립,전문대학,경기,기존,0000457,동남보건대학교,5699,438,7.7,1805,222,12.3,2026-08-07T10:05:19.852Z
2022,전문대학,사립,전문대학,경기,기존,0000450,동서울대학교,8051,885,11,2768,325,11.7,2026-08-07T10:05:19.852Z
2022,전문대학,사립,전문대학,경기,기존,0000461,동아방송예술대학교,4159,223,5.4,1157,67,5.8,2026-08-07T10:05:19.852Z
2022,전문대학,사립,전문대학,전남,기존,0000462,동아보건대학교,1014,103,10.2,351,35,10,2026-08-07T10:05:19.852Z
2022,전문대학,사립,전문대학,서울,기존,0000463,동양미래대학교,9568,748,7.8,2873,304,10.6,2026-08-07T10:05:19.852Z
2022,전문대학,사립,전문대학,경남,기존,0000509,동원과학기술대학교,2801,240,8.6,986,111,11.3,2026-08-07T10:05:19.852Z
2022,전문대학,사립,전문대학,경기,기존,0000465,동원대학교,3621,401,11.1,1472,129,8.8,2026-08-07T10:05:19.852Z
2022,전문대학,사립,전문대학,부산,기존,0000466,동의과학대학교,5008,612,12.2,1666,189,11.3,2026-08-07T10:05:19.852Z
2022,전문대학,사립,전문대학,경기,기존,0000469,두원공과대학교,2991,416,13.9,828,100,12.1,2026-08-07T10:05:19.852Z
2022,전문대학,사립,전문대학,경남,기존,0000470,마산대학교,6273,491,7.8,1952,175,9,2026-08-07T10:05:19.852Z
2022,전문대학,사립,전문대학,서울,기존,0000473,명지전문대학,9350,795,8.5,3291,393,11.9,2026-08-07T10:05:19.852Z
2022,전문대학,사립,전문대학,전남,기존,0000474,목포과학대학교,3133,131,4.2,944,62,6.6,2026-08-07T10:05:19.852Z
2022,전문대학,사립,전문대학,경북,기존,0000475,문경대학교,912,89,9.8,214,24,11.2,2026-08-07T10:05:19.852Z
2022,전문대학,사립,전문대학,서울,기존,0000476,배화여자대학교,3086,329,10.7,1383,197,14.2,2026-08-07T10:05:19.852Z
2022,전문대학,사립,전문대학,충남,기존,0000543,백석문화대학교,5077,559,11,1397,127,9.1,2026-08-07T10:05:19.852Z
2022,전문대학,사립,전문대학,전북,기존,0000477,백제예술대학교,1016,182,17.9,390,65,16.7,2026-08-07T10:05:19.852Z
2022,전문대학,사립,전문대학,부산,기존,0000479,부산경상대학교,2364,496,21,915,188,20.5,2026-08-07T10:05:19.852Z
2022,전문대학,사립,전문대학,부산,기존,0000481,부산과학기술대학교,4738,331,7,1696,156,9.2,2026-08-07T10:05:19.852Z
2022,전문대학,사립,전문대학,부산,기존,0000467,부산보건대학교,2980,245,8.2,887,76,8.6,2026-08-07T10:05:19.852Z
2022,전문대학,사립,전문대학,부산,기존,0000480,부산여자대학교,1857,146,7.9,646,69,10.7,2026-08-07T10:05:19.852Z
2022,전문대학,사립,전문대학,부산,기존,0000561,부산예술대학교,741,130,17.5,360,62,17.2,2026-08-07T10:05:19.852Z
2022,전문대학,사립,전문대학,경기,기존,0000482,부천대학교,9685,593,6.1,3252,242,7.4,2026-08-07T10:05:19.852Z
2022,전문대학,사립,전문대학,서울,기존,0000483,삼육보건대학교,1598,121,7.6,552,69,12.5,2026-08-07T10:05:19.852Z
2022,전문대학,사립,전문대학,강원,폐교,0000485,상지영서대학교,271,94,34.7,0,0,0,2026-08-07T10:05:19.852Z
2022,전문대학,사립,전문대학,경북,폐교,0002645,서라벌대학교,464,41,8.8,0,0,0,2026-08-07T10:05:19.852Z
2022,전문대학,사립,전문대학,광주,기존,0002646,서영대학교,6881,535,7.8,2180,206,9.4,2026-08-07T10:05:19.852Z
2022,전문대학,사립,전문대학,서울,기존,0002973,서울여자간호대학교,960,41,4.3,227,30,13.2,2026-08-07T10:05:19.852Z
2022,전문대학,사립,전문대학,경기,기존,0000489,서울예술대학교,4122,144,3.5,1162,23,2,2026-08-07T10:05:19.852Z
2022,전문대학,사립,전문대학,서울,기존,0000490,서일대학교,8562,760,8.9,2707,333,12.3,2026-08-07T10:05:19.852Z
2022,전문대학,사립,전문대학,경기,기존,0000566,서정대학교,10849,580,5.3,3553,237,6.7,2026-08-07T10:05:19.852Z
2022,전문대학,사립,전문대학,경북,기존,0000550,선린대학교,2399,182,7.6,753,54,7.2,2026-08-07T10:05:19.852Z
2022,전문대학,사립,전문대학,부산,폐교,0000493,성심외국어대학,1239,1,0.1,0,0,0,2026-08-07T10:05:19.852Z
2022,전문대학,사립,전문대학,경북,기존,0002647,성운대학교,1612,157,9.7,775,102,13.2,2026-08-07T10:05:19.852Z
2022,전문대학,사립,전문대학,강원,기존,0000515,세경대학교,921,137,14.9,369,44,11.9,2026-08-07T10:05:19.852Z
2022,전문대학,사립,전문대학,강원,기존,0000567,송곡대학교,959,138,14.4,253,64,25.3,2026-08-07T10:05:19.852Z
2022,전문대학,사립,전문대학,강원,기존,0000564,송호대학교,987,113,11.4,413,44,10.7,2026-08-07T10:05:19.852Z
2022,전문대학,사립,전문대학,대구,기존,0002649,수성대학교,4209,335,8,1523,148,9.7,2026-08-07T10:05:19.852Z
2022,전문대학,사립,전문대학,경기,기존,0000497,수원과학대학교,4121,473,11.5,1116,165,14.8,2026-08-07T10:05:19.852Z
2022,전문대학,사립,전문대학,경기,기존,0000496,수원여자대학교,4024,301,7.5,1516,138,9.1,2026-08-07T10:05:19.852Z
2022,전문대학,사립,전문대학,전남,기존,0000498,순천제일대학교,3165,345,10.9,1340,165,12.3,2026-08-07T10:05:19.852Z
2022,전문대학,사립,전문대학,서울,기존,0000500,숭의여자대학교,3312,373,11.3,1506,243,16.1,2026-08-07T10:05:19.852Z
2022,전문대학,사립,전문대학,경기,기존,0000501,신구대학교,8027,739,9.2,2823,298,10.6,2026-08-07T10:05:19.852Z
2022,전문대학,사립,전문대학,충남,기존,0000502,신성대학교,3359,315,9.4,1196,101,8.4,2026-08-07T10:05:19.852Z
2022,전문대학,사립,전문대학,경기,기존,0000506,신안산대학교,2786,390,14,1018,124,12.2,2026-08-07T10:05:19.852Z
2022,전문대학,사립,전문대학,충남,기존,0000454,아주자동차대학교,1942,169,8.7,307,23,7.5,2026-08-07T10:05:19.852Z
2022,전문대학,사립,전문대학,경북,기존,0002650,안동과학대학교,2487,164,6.6,782,45,5.8,2026-08-07T10:05:19.852Z
2022,전문대학,사립,전문대학,경기,기존,0000507,안산대학교,5637,453,8,1992,201,10.1,2026-08-07T10:05:19.852Z
2022,전문대학,사립,전문대학,경기,기존,0000510,여주대학교,4093,366,8.9,1109,65,5.9,2026-08-07T10:05:19.852Z
2022,전문대학,사립,전문대학,경기,기존,0002651,연성대학교,8437,559,6.6,2718,206,7.6,2026-08-07T10:05:19.852Z
2022,전문대학,사립,전문대학,경남,기존,0002652,연암공과대학교,2084,186,8.9,509,34,6.7,2026-08-07T10:05:19.852Z
2022,전문대학,사립,전문대학,충남,기존,0000512,연암대학교,1552,109,7,593,37,6.2,2026-08-07T10:05:19.852Z
2022,전문대학,사립,전문대학,경북,기존,0000418,영남외국어대학,541,46,8.5,267,34,12.7,2026-08-07T10:05:19.852Z
2022,전문대학,사립,전문대학,대구,기존,0000513,영남이공대학교,7982,767,9.6,2730,245,9,2026-08-07T10:05:19.852Z
2022,사이버대학(전문대학),사립,전문대학,대구,기존,0000575,영진사이버대학교,3819,239,6.3,1430,54,3.8,2026-08-07T10:05:19.852Z
2022,전문대학,사립,전문대학,대구,기존,0000517,영진전문대학교,9595,1062,11.1,3427,372,10.9,2026-08-07T10:05:19.852Z
2022,전문대학,사립,전문대학,경기,기존,0002653,오산대학교,6119,635,10.4,2159,218,10.1,2026-08-07T10:05:19.852Z
2022,전문대학,사립,전문대학,경기,기존,0000520,용인예술과학대학교,3456,382,11.1,1069,112,10.5,2026-08-07T10:05:19.852Z
2022,전문대학,사립,전문대학,대전,기존,0000452,우송정보대학,4127,513,12.4,1392,167,12,2026-08-07T10:05:19.852Z
2022,전문대학,사립,전문대학,울산,기존,0000521,울산과학대학교,7268,453,6.2,1959,132,6.7,2026-08-07T10:05:19.852Z
2022,전문대학,사립,전문대학,경기,기존,0000568,웅지세무대학교,669,133,19.9,82,15,18.3,2026-08-07T10:05:19.852Z
2022,전문대학,사립,전문대학,전북,기존,0000523,원광보건대학교,5323,426,8,1470,104,7.1,2026-08-07T10:05:19.852Z
2022,전문대학,사립,전문대학,경기,기존,0000524,유한대학교,6896,508,7.4,1960,143,7.3,2026-08-07T10:05:19.852Z
2022,전문대학,사립,전문대학,서울,기존,0000525,인덕대학교,8163,762,9.3,2600,250,9.6,2026-08-07T10:05:19.852Z
2022,전문대학,사립,전문대학,인천,기존,0002654,인하공업전문대학,10815,713,6.6,3473,297,8.6,2026-08-07T10:05:19.852Z
2022,전문대학,사립,전문대학,경기,기존,0000527,장안대학교,2790,431,15.4,813,76,9.3,2026-08-07T10:05:19.852Z
2022,전문대학,사립,전문대학,인천,기존,0000455,재능대학교,4480,478,10.7,1353,186,13.7,2026-08-07T10:05:19.852Z
2022,전문대학,사립,전문대학,전남,기존,0000529,전남과학대학교,3374,311,9.2,1400,178,12.7,2026-08-07T10:05:19.852Z
2022,전문대학,공립,전문대학,전남,기존,0000562,전남도립대학교,1067,135,12.7,453,48,10.6,2026-08-07T10:05:19.852Z
2022,전문대학,사립,전문대학,전북,기존,0000531,전북과학대학교,1727,111,6.4,707,52,7.4,2026-08-07T10:05:19.852Z
2022,전문대학,사립,전문대학,전북,기존,0000437,전주기전대학,1872,285,15.2,900,138,15.3,2026-08-07T10:05:19.852Z
2022,전문대학,사립,전문대학,전북,기존,0000530,전주비전대학교,3965,258,6.5,1238,77,6.2,2026-08-07T10:05:19.852Z
2022,전문대학,사립,전문대학,제주,기존,0000532,제주관광대학교,1953,431,22.1,789,216,27.4,2026-08-07T10:05:19.852Z
2022,전문대학,사립,전문대학,제주,기존,0002655,제주한라대학교,7701,939,12.2,1484,187,12.6,2026-08-07T10:05:19.852Z
2022,전문대학,사립,전문대학,광주,기존,0002974,조선간호대학교,820,22,2.7,193,10,5.2,2026-08-07T10:05:19.852Z
2022,전문대학,사립,전문대학,광주,기존,0000534,조선이공대학교,4379,425,9.7,1431,130,9.1,2026-08-07T10:05:19.852Z
2022,전문대학,사립,전문대학,경남,기존,0000539,진주보건대학교,2723,134,4.9,724,52,7.2,2026-08-07T10:05:19.852Z
2022,전문대학,사립,전문대학,경남,기존,0000542,창원문성대학교,1182,140,11.8,248,25,10.1,2026-08-07T10:05:19.852Z
2022,전문대학,사립,전문대학,경기,기존,0000544,청강문화산업대학교,5100,181,3.5,1427,33,2.3,2026-08-07T10:05:19.852Z
2022,전문대학,사립,전문대학,전남,기존,0002656,청암대학교,2759,189,6.9,825,112,13.6,2026-08-07T10:05:19.852Z
2022,전문대학,사립,전문대학,울산,기존,0000545,춘해보건대학교,2983,155,5.2,913,50,5.5,2026-08-07T10:05:19.852Z
2022,전문대학,공립,전문대학,충남,기존,0002657,충남도립대학교,1443,145,10,443,58,13.1,2026-08-07T10:05:19.852Z
2022,전문대학,공립,전문대학,충북,기존,0000406,충북도립대학교,954,139,14.6,357,53,14.8,2026-08-07T10:05:19.852Z
2022,전문대학,사립,전문대학,충북,기존,0000536,충북보건과학대학교,2785,326,11.7,1053,116,11,2026-08-07T10:05:19.852Z
2022,전문대학,사립,전문대학,충북,기존,0000547,충청대학교,4088,495,12.1,1246,217,17.4,2026-08-07T10:05:19.852Z
2022,전문대학,사립,전문대학,경북,기존,0002658,포항대학교,1904,221,11.6,658,93,14.1,2026-08-07T10:05:19.852Z
2022,전문대학,사립,전문대학,강원,기존,0000578,한국골프과학기술대학교,641,33,5.1,190,6,3.2,2026-08-07T10:05:19.852Z
2022,전문대학,사립,전문대학,경기,기존,0000565,한국관광대학교,1754,154,8.8,557,42,7.5,2026-08-07T10:05:19.852Z
2022,전문대학,특별법국립,전문대학,전북,기존,0003019,한국농수산대학교,1898,107,5.6,596,36,6,2026-08-07T10:05:19.852Z
2022,전문대학,국립,전문대학,경기,폐교,0002659,한국복지대학교,405,32,7.9,75,0,0,2026-08-07T10:05:19.852Z
2022,사이버대학(전문대학),사립,전문대학,경북,기존,0000576,한국복지사이버대학교,2739,477,17.4,1213,178,14.7,2026-08-07T10:05:19.852Z
2022,전문대학,사립,전문대학,경남,기존,0000570,한국승강기대학교,1041,52,5,273,27,9.9,2026-08-07T10:05:19.852Z
2022,전문대학,사립,전문대학,세종,기존,0000522,한국영상대학교,4090,302,7.4,1243,97,7.8,2026-08-07T10:05:19.852Z
2022,기능대학,사립,전문대학,서울,기존,0000585,한국폴리텍 I 대학 서울강서캠퍼스,613,103,16.8,224,54,24.1,2026-08-07T10:05:19.852Z
2022,기능대학,사립,전문대학,서울,기존,0000584,한국폴리텍 I 대학 서울정수캠퍼스,1559,235,15.1,595,109,18.3,2026-08-07T10:05:19.852Z
2022,기능대학,사립,전문대학,경기,기존,0000586,한국폴리텍 I 대학 성남캠퍼스,821,136,16.6,308,54,17.5,2026-08-07T10:05:19.852Z
2022,기능대학,사립,전문대학,제주,기존,0002912,한국폴리텍 I 대학 제주캠퍼스,74,10,13.5,27,3,11.1,2026-08-07T10:05:19.852Z
2022,기능대학,사립,전문대학,인천,기존,0000590,한국폴리텍 II 대학 남인천캠퍼스,97,6,6.2,26,3,11.5,2026-08-07T10:05:19.852Z
2022,기능대학,사립,전문대학,인천,기존,0000589,한국폴리텍 II 대학 인천캠퍼스,1931,302,15.6,644,125,19.4,2026-08-07T10:05:19.852Z
2022,기능대학,사립,전문대학,경기,기존,0003105,한국폴리텍 II 대학 화성캠퍼스,35,8,22.9,18,6,33.3,2026-08-07T10:05:19.852Z
2022,기능대학,사립,전문대학,강원,기존,0000594,한국폴리텍 III 대학 강릉캠퍼스,140,10,7.1,56,4,7.1,2026-08-07T10:05:19.852Z
2022,기능대학,사립,전문대학,강원,기존,0002854,한국폴리텍 III 대학 원주캠퍼스,137,21,15.3,34,4,11.8,2026-08-07T10:05:19.852Z
2022,기능대학,사립,전문대학,강원,기존,0000593,한국폴리텍 III 대학 춘천캠퍼스,305,31,10.2,102,12,11.8,2026-08-07T10:05:19.852Z
2022,기능대학,사립,전문대학,대전,기존,0000603,한국폴리텍 IV 대학 대전캠퍼스,955,119,12.5,313,47,15,2026-08-07T10:05:19.852Z
2022,기능대학,사립,전문대학,충남,기존,0000606,한국폴리텍 IV 대학 아산캠퍼스,565,64,11.3,142,31,21.8,2026-08-07T10:05:19.852Z
2022,기능대학,사립,전문대학,충북,기존,0000604,한국폴리텍 IV 대학 청주캠퍼스,1010,76,7.5,356,26,7.3,2026-08-07T10:05:19.852Z
2022,기능대학,사립,전문대학,충남,기존,0000607,한국폴리텍 IV 대학 충남캠퍼스,266,18,6.8,109,9,8.3,2026-08-07T10:05:19.852Z
2022,기능대학,사립,전문대학,광주,기존,0000616,한국폴리텍 V 대학 광주캠퍼스,1227,95,7.7,398,35,8.8,2026-08-07T10:05:19.852Z
2022,기능대학,사립,전문대학,전남,기존,0002975,한국폴리텍 V 대학 순천캠퍼스,3,0,0,0,0,0,2026-08-07T10:05:19.852Z
2022,기능대학,사립,전문대학,전북,기존,0000620,한국폴리텍 V 대학 익산캠퍼스,118,13,11,56,5,8.9,2026-08-07T10:05:19.852Z
2022,기능대학,사립,전문대학,전남,기존,0000619,한국폴리텍 V 대학 전남캠퍼스,222,46,20.7,74,11,14.9,2026-08-07T10:05:19.852Z
2022,기능대학,사립,전문대학,전북,기존,0000617,한국폴리텍 V 대학 전북캠퍼스,462,67,14.5,178,24,13.5,2026-08-07T10:05:19.852Z
2022,기능대학,사립,전문대학,경북,기존,0000624,한국폴리텍 VI 대학 구미캠퍼스,660,84,12.7,260,29,11.2,2026-08-07T10:05:19.852Z
2022,기능대학,사립,전문대학,대구,기존,0000623,한국폴리텍 VI 대학 대구캠퍼스,609,85,14,255,32,12.5,2026-08-07T10:05:19.852Z
2022,기능대학,사립,전문대학,대구,기존,0000636,한국폴리텍 VI 대학 영남융합기술캠퍼스,202,28,13.9,87,18,20.7,2026-08-07T10:05:19.852Z
2022,기능대학,사립,전문대학,경북,기존,0002674,한국폴리텍 VI 대학 영주캠퍼스,63,7,11.1,28,2,7.1,2026-08-07T10:05:19.852Z
2022,기능대학,사립,전문대학,부산,기존,0003163,한국폴리텍 VII 대학 동부산캠퍼스,14,5,35.7,4,4,100,2026-08-07T10:05:19.852Z
2022,기능대학,사립,전문대학,부산,기존,0000632,한국폴리텍 VII 대학 부산캠퍼스,929,117,12.6,352,43,12.2,2026-08-07T10:05:19.852Z
2022,기능대학,사립,전문대학,울산,기존,0000633,한국폴리텍 VII 대학 울산캠퍼스,817,90,11,342,36,10.5,2026-08-07T10:05:19.852Z
2022,기능대학,사립,전문대학,경남,기존,0003157,한국폴리텍 VII 대학 진주캠퍼스,3,0,0,0,0,0,2026-08-07T10:05:19.852Z
2022,기능대학,사립,전문대학,경남,기존,0000631,한국폴리텍 VII 대학 창원캠퍼스,2053,151,7.4,746,51,6.8,2026-08-07T10:05:19.852Z
2022,기능대학,사립,전문대학,경북,기존,0003104,한국폴리텍 특성화대학 로봇캠퍼스,195,28,14.4,94,14,14.9,2026-08-07T10:05:19.852Z
2022,기능대학,사립,전문대학,충남,기존,0000635,한국폴리텍 특성화대학 바이오캠퍼스,407,34,8.4,178,20,11.2,2026-08-07T10:05:19.852Z
2022,기능대학,사립,전문대학,경기,기존,0000637,한국폴리텍 특성화대학 반도체융합캠퍼스,567,56,9.9,178,20,11.2,2026-08-07T10:05:19.852Z
2022,기능대학,사립,전문대학,경남,기존,0000638,한국폴리텍 특성화대학 항공캠퍼스,420,52,12.4,123,17,13.8,2026-08-07T10:05:19.852Z
2022,전문대학,사립,전문대학,강원,기존,0000553,한림성심대학교,3422,286,8.4,958,53,5.5,2026-08-07T10:05:19.852Z
2022,전문대학,사립,전문대학,서울,기존,0000554,한양여자대학교,7538,637,8.5,3008,381,12.7,2026-08-07T10:05:19.852Z
2022,전문대학,사립,전문대학,전남,기존,0000555,한영대학교,1811,141,7.8,591,35,5.9,2026-08-07T10:05:19.852Z
2022,전문대학,사립,전문대학,충남,기존,0000556,혜전대학교,3300,251,7.6,1069,60,5.6,2026-08-07T10:05:19.852Z
2022,전문대학,사립,전문대학,경북,기존,0000415,호산대학교,2624,256,9.8,913,100,11,2026-08-07T10:05:19.852Z
2022,기능대학,사립,전문대학,경기,기존,0000579,ICT폴리텍대학,473,57,12.1,159,18,11.3,2026-08-07T10:05:19.852Z
2022,전문대학,사립,전문대학,경북,기존,0000410,가톨릭상지대학교,2282,183,8,731,52,7.1,2026-08-07T10:05:19.852Z
2022,전문대학,사립,전문대학,충북,기존,0000433,강동대학교,3809,410,10.8,1318,96,7.3,2026-08-07T10:05:19.852Z
2022,전문대학,사립,전문대학,강원,기존,0000514,강릉영동대학교,3953,173,4.4,871,93,10.7,2026-08-07T10:05:19.852Z
2022,전문대학,공립,전문대학,강원,기존,0002639,강원도립대학교,909,107,11.8,295,27,9.2,2026-08-07T10:05:19.852Z
2022,전문대학,사립,전문대학,경남,기존,0000412,거제대학교,1256,94,7.5,389,31,8,2026-08-07T10:05:19.852Z
2022,전문대학,사립,전문대학,경기,기존,0000560,경기과학기술대학교,6989,591,8.5,2035,171,8.4,2026-08-07T10:05:19.852Z
2022,전문대학,공립,전문대학,경남,기존,0000402,경남도립거창대학,1117,78,7,384,14,3.6,2026-08-07T10:05:19.852Z
2022,전문대학,공립,전문대학,경남,기존,0000403,경남도립남해대학,1071,96,9,371,33,8.9,2026-08-07T10:05:19.852Z
2022,전문대학,사립,전문대학,부산,기존,0002640,경남정보대학교,9457,749,7.9,2512,242,9.6,2026-08-07T10:05:19.852Z
2022,전문대학,사립,전문대학,경기,기존,0000416,경민대학교,6353,322,5.1,1916,93,4.9,2026-08-07T10:05:19.852Z
2022,전문대학,사립,전문대학,경기,기존,0002641,경복대학교,7793,477,6.1,2449,127,5.2,2026-08-07T10:05:19.852Z
2022,전문대학,사립,전문대학,경북,기존,0000456,경북과학대학교,1925,193,10,855,110,12.9,2026-08-07T10:05:19.852Z
2022,전문대학,공립,전문대학,경북,폐교,0000405,경북도립대학교,1091,118,10.8,367,40,10.9,2026-08-07T10:05:19.852Z
2022,전문대학,사립,전문대학,경북,기존,0000438,경북보건대학교,1458,69,4.7,407,39,9.6,2026-08-07T10:05:19.852Z
2022,전문대학,사립,전문대학,경북,기존,0002642,경북전문대학교,3172,251,7.9,1047,66,6.3,2026-08-07T10:05:19.852Z
2022,전문대학,사립,전문대학,인천,기존,0000422,경인여자대학교,4187,303,7.2,1625,152,9.4,2026-08-07T10:05:19.852Z
2022,전문대학,사립,전문대학,대구,기존,0000425,계명문화대학교,6321,814,12.9,2205,235,10.7,2026-08-07T10:05:19.852Z
2022,전문대학,사립,전문대학,경기,기존,0000426,계원예술대학교,3838,319,8.3,1244,109,8.8,2026-08-07T10:05:19.852Z
2022,전문대학,사립,전문대학,전남,기존,0000428,광양보건대학교,141,24,17,28,3,10.7,2026-08-07T10:05:19.852Z
2022,전문대학,사립,전문대학,광주,기존,0000429,광주보건대학교,4564,316,6.9,1335,85,6.4,2026-08-07T10:05:19.852Z
2022,전문대학,사립,전문대학,경북,기존,0000430,구미대학교,6701,595,8.9,2412,233,9.7,2026-08-07T10:05:19.852Z
2022,전문대학,사립,전문대학,경기,기존,0000549,국제대학교,3584,447,12.5,1016,67,6.6,2026-08-07T10:05:19.852Z
2022,전문대학,사립,전문대학,전북,기존,0002971,군산간호대학교,1288,42,3.3,310,20,6.5,2026-08-07T10:05:19.852Z
2022,전문대학,사립,전문대학,전북,기존,0000432,군장대학교,1749,191,10.9,657,71,10.8,2026-08-07T10:05:19.852Z
2022,전문대학,사립,전문대학,광주,기존,0002972,기독간호대학교,651,12,1.8,152,6,3.9,2026-08-07T10:05:19.852Z
2022,전문대학,사립,전문대학,경기,기존,0000440,김포대학교,2393,337,14.1,702,97,13.8,2026-08-07T10:05:19.852Z
2022,전문대학,사립,전문대학,경남,기존,0000569,김해대학교,1675,122,7.3,488,50,10.2,2026-08-07T10:05:19.852Z
2022,전문대학,사립,전문대학,전남,기존,0000435,나주대학교,1485,422,28.4,629,158,25.1,2026-08-07T10:05:19.852Z
2022,전문대학,사립,전문대학,경기,기존,0000441,농협대학교,471,16,3.4,165,7,4.2,2026-08-07T10:05:19.852Z
2022,전문대학,사립,전문대학,경북,기존,0000442,대경대학교,4475,578,12.9,1685,239,14.2,2026-08-07T10:05:19.852Z
2022,전문대학,사립,전문대학,대구,기존,0000443,대구공업대학교,1503,237,15.8,620,96,15.5,2026-08-07T10:05:19.852Z
2022,전문대학,사립,전문대학,대구,기존,0000446,대구과학대학교,4976,481,9.7,1897,232,12.2,2026-08-07T10:05:19.852Z
2022,전문대학,사립,전문대학,대구,기존,0000444,대구보건대학교,8390,593,7.1,2735,211,7.7,2026-08-07T10:05:19.852Z
2022,전문대학,사립,전문대학,대전,기존,0000546,대덕대학교,2581,480,18.6,922,162,17.6,2026-08-07T10:05:19.852Z
2022,전문대학,사립,전문대학,부산,기존,0000447,대동대학교,1655,104,6.3,466,32,6.9,2026-08-07T10:05:19.852Z
2022,전문대학,사립,전문대학,경기,기존,0000448,대림대학교,10418,769,7.4,3095,232,7.5,2026-08-07T10:05:19.852Z
2022,전문대학,사립,전문대학,충북,기존,0000449,대원대학교,2270,184,8.1,679,46,6.8,2026-08-07T10:05:19.852Z
2022,전문대학,사립,전문대학,대전,기존,0000453,대전과학기술대학교,4572,478,10.5,1537,212,13.8,2026-08-07T10:05:19.852Z
2022,전문대학,사립,전문대학,대전,기존,0000451,대전보건대학교,5890,389,6.6,1722,111,6.4,2026-08-07T10:05:19.852Z
2022,전문대학,사립,전문대학,광주,기존,0000460,동강대학교,2837,374,13.2,1054,169,16,2026-08-07T10:05:19.852Z
2022,전문대학,사립,전문대학,경기,기존,0000457,동남보건대학교,5697,342,6,1798,160,8.9,2026-08-07T10:05:19.852Z
2022,전문대학,사립,전문대학,경기,기존,0000450,동서울대학교,8112,778,9.6,2756,296,10.7,2026-08-07T10:05:19.852Z
2022,전문대학,사립,전문대학,경기,기존,0000461,동아방송예술대학교,4203,225,5.4,1191,74,6.2,2026-08-07T10:05:19.852Z
2022,전문대학,사립,전문대학,전남,기존,0000462,동아보건대학교,1144,111,9.7,349,40,11.5,2026-08-07T10:05:19.852Z
2022,전문대학,사립,전문대학,서울,기존,0000463,동양미래대학교,9697,689,7.1,2873,282,9.8,2026-08-07T10:05:19.852Z
2022,전문대학,사립,전문대학,경남,기존,0000509,동원과학기술대학교,2894,216,7.5,895,84,9.4,2026-08-07T10:05:19.852Z
2022,전문대학,사립,전문대학,경기,기존,0000465,동원대학교,3586,522,14.6,1247,204,16.4,2026-08-07T10:05:19.852Z
2022,전문대학,사립,전문대학,부산,기존,0000466,동의과학대학교,5641,921,16.3,1698,159,9.4,2026-08-07T10:05:19.852Z
2022,전문대학,사립,전문대학,경기,기존,0000469,두원공과대학교,3525,417,11.8,721,60,8.3,2026-08-07T10:05:19.852Z
2022,전문대학,사립,전문대학,경남,기존,0000470,마산대학교,6502,471,7.2,1986,159,8,2026-08-07T10:05:19.852Z
2022,전문대학,사립,전문대학,서울,기존,0000473,명지전문대학,9379,796,8.5,3314,344,10.4,2026-08-07T10:05:19.852Z
2022,전문대학,사립,전문대학,전남,기존,0000474,목포과학대학교,3067,87,2.8,938,52,5.5,2026-08-07T10:05:19.852Z
2022,전문대학,사립,전문대학,경북,기존,0000475,문경대학교,995,71,7.1,243,24,9.9,2026-08-07T10:05:19.852Z
2022,전문대학,사립,전문대학,서울,기존,0000476,배화여자대학교,3139,334,10.6,1398,209,14.9,2026-08-07T10:05:19.852Z
2022,전문대학,사립,전문대학,충남,기존,0000543,백석문화대학교,5775,634,11,1737,181,10.4,2026-08-07T10:05:19.852Z
2022,전문대학,사립,전문대학,전북,기존,0000477,백제예술대학교,1213,191,15.7,428,63,14.7,2026-08-07T10:05:19.852Z
2022,전문대학,사립,전문대학,부산,기존,0000479,부산경상대학교,2832,536,18.9,1016,262,25.8,2026-08-07T10:05:19.852Z
2022,전문대학,사립,전문대학,부산,기존,0000481,부산과학기술대학교,4559,509,11.2,1468,149,10.1,2026-08-07T10:05:19.852Z
2022,전문대학,사립,전문대학,부산,기존,0000467,부산보건대학교,3119,271,8.7,896,61,6.8,2026-08-07T10:05:19.852Z
2022,전문대학,사립,전문대학,부산,기존,0000480,부산여자대학교,2032,187,9.2,701,76,10.8,2026-08-07T10:05:19.852Z
2022,전문대학,사립,전문대학,부산,기존,0000561,부산예술대학교,727,168,23.1,383,83,21.7,2026-08-07T10:05:19.852Z
2022,전문대학,사립,전문대학,경기,기존,0000482,부천대학교,9806,636,6.5,3284,242,7.4,2026-08-07T10:05:19.852Z
2022,전문대학,사립,전문대학,서울,기존,0000483,삼육보건대학교,1542,120,7.8,503,58,11.5,2026-08-07T10:05:19.852Z
2022,전문대학,사립,전문대학,강원,폐교,0000485,상지영서대학교,298,16,5.4,0,0,0,2026-08-07T10:05:19.852Z
2022,전문대학,사립,전문대학,경북,폐교,0002645,서라벌대학교,680,58,8.5,253,30,11.9,2026-08-07T10:05:19.852Z
2022,전문대학,사립,전문대학,광주,기존,0002646,서영대학교,6953,484,7,2188,164,7.5,2026-08-07T10:05:19.852Z
2022,전문대학,사립,전문대학,서울,기존,0002973,서울여자간호대학교,937,33,3.5,229,16,7,2026-08-07T10:05:19.852Z
2022,전문대학,사립,전문대학,경기,기존,0000489,서울예술대학교,4152,128,3.1,1130,13,1.2,2026-08-07T10:05:19.852Z
2022,전문대학,사립,전문대학,서울,기존,0000490,서일대학교,8536,763,8.9,2709,294,10.9,2026-08-07T10:05:19.852Z
2022,전문대학,사립,전문대학,경기,기존,0000566,서정대학교,9718,562,5.8,3057,193,6.3,2026-08-07T10:05:19.852Z
2022,전문대학,사립,전문대학,경북,기존,0000550,선린대학교,2483,187,7.5,717,68,9.5,2026-08-07T10:05:19.852Z
2022,전문대학,사립,전문대학,부산,폐교,0000493,성심외국어대학,1239,0,0,0,0,0,2026-08-07T10:05:19.852Z
2022,전문대학,사립,전문대학,경북,기존,0002647,성운대학교,1607,188,11.7,755,100,13.2,2026-08-07T10:05:19.852Z
2022,전문대학,사립,전문대학,강원,기존,0000515,세경대학교,1067,193,18.1,410,59,14.4,2026-08-07T10:05:19.852Z
2022,전문대학,사립,전문대학,강원,기존,0000567,송곡대학교,950,152,16,297,49,16.5,2026-08-07T10:05:19.852Z
2022,전문대학,사립,전문대학,강원,기존,0000564,송호대학교,951,93,9.8,341,36,10.6,2026-08-07T10:05:19.852Z
2022,전문대학,사립,전문대학,대구,기존,0002649,수성대학교,4200,372,8.9,1485,134,9,2026-08-07T10:05:19.852Z
2022,전문대학,사립,전문대학,경기,기존,0000497,수원과학대학교,4915,642,13.1,1163,165,14.2,2026-08-07T10:05:19.852Z
2022,전문대학,사립,전문대학,경기,기존,0000496,수원여자대학교,4131,340,8.2,1604,169,10.5,2026-08-07T10:05:19.852Z
2022,전문대학,사립,전문대학,전남,기존,0000498,순천제일대학교,3173,374,11.8,1153,136,11.8,2026-08-07T10:05:19.852Z
2022,전문대학,사립,전문대학,서울,기존,0000500,숭의여자대학교,3360,337,10,1583,214,13.5,2026-08-07T10:05:19.852Z
2022,전문대학,사립,전문대학,경기,기존,0000501,신구대학교,8097,728,9,2886,289,10,2026-08-07T10:05:19.852Z
2022,전문대학,사립,전문대학,충남,기존,0000502,신성대학교,3546,366,10.3,1100,102,9.3,2026-08-07T10:05:19.852Z
2022,전문대학,사립,전문대학,경기,기존,0000506,신안산대학교,3367,550,16.3,954,145,15.2,2026-08-07T10:05:19.852Z
2022,전문대학,사립,전문대학,충남,기존,0000454,아주자동차대학교,1541,226,14.7,398,153,38.4,2026-08-07T10:05:19.852Z
2022,전문대학,사립,전문대학,경북,기존,0002650,안동과학대학교,2573,172,6.7,835,65,7.8,2026-08-07T10:05:19.852Z
2022,전문대학,사립,전문대학,경기,기존,0000507,안산대학교,5450,397,7.3,1892,172,9.1,2026-08-07T10:05:19.852Z
2022,전문대학,사립,전문대학,경기,기존,0000510,여주대학교,5051,454,9,1287,93,7.2,2026-08-07T10:05:19.852Z
2022,전문대학,사립,전문대학,경기,기존,0002651,연성대학교,8299,529,6.4,2684,217,8.1,2026-08-07T10:05:19.852Z
2022,전문대학,사립,전문대학,경남,기존,0002652,연암공과대학교,2255,161,7.1,489,22,4.5,2026-08-07T10:05:19.852Z
2022,전문대학,사립,전문대학,충남,기존,0000512,연암대학교,1588,86,5.4,592,19,3.2,2026-08-07T10:05:19.852Z
2022,전문대학,사립,전문대학,경북,기존,0000418,영남외국어대학,445,48,10.8,218,35,16.1,2026-08-07T10:05:19.852Z
2022,전문대학,사립,전문대학,대구,기존,0000513,영남이공대학교,8108,748,9.2,2686,239,8.9,2026-08-07T10:05:19.852Z
2022,사이버대학(전문대학),사립,전문대학,대구,기존,0000575,영진사이버대학교,4192,268,6.4,1589,81,5.1,2026-08-07T10:05:19.852Z
2022,전문대학,사립,전문대학,대구,기존,0000517,영진전문대학교,10094,1178,11.7,3284,446,13.6,2026-08-07T10:05:19.852Z
2022,전문대학,사립,전문대학,경기,기존,0002653,오산대학교,6031,546,9.1,2045,169,8.3,2026-08-07T10:05:19.852Z
2022,전문대학,사립,전문대학,경기,기존,0000520,용인예술과학대학교,3809,451,11.8,1094,116,10.6,2026-08-07T10:05:19.852Z
2022,전문대학,사립,전문대학,대전,기존,0000452,우송정보대학,4619,598,12.9,1536,204,13.3,2026-08-07T10:05:19.852Z
2022,전문대학,사립,전문대학,울산,기존,0000521,울산과학대학교,7520,499,6.6,1933,138,7.1,2026-08-07T10:05:19.852Z
2022,전문대학,사립,전문대학,경기,기존,0000568,웅지세무대학교,932,129,13.8,151,19,12.6,2026-08-07T10:05:19.852Z
2022,전문대학,사립,전문대학,전북,기존,0000523,원광보건대학교,5584,419,7.5,1514,128,8.5,2026-08-07T10:05:19.852Z
2022,전문대학,사립,전문대학,경기,기존,0000524,유한대학교,7237,576,8,2014,162,8,2026-08-07T10:05:19.852Z
2022,전문대학,사립,전문대학,서울,기존,0000525,인덕대학교,8375,803,9.6,2613,242,9.3,2026-08-07T10:05:19.852Z
2022,전문대학,사립,전문대학,인천,기존,0002654,인하공업전문대학,10603,692,6.5,3300,308,9.3,2026-08-07T10:05:19.852Z
2022,전문대학,사립,전문대학,경기,기존,0000527,장안대학교,3654,506,13.8,859,122,14.2,2026-08-07T10:05:19.852Z
2022,전문대학,사립,전문대학,인천,기존,0000455,재능대학교,4650,480,10.3,1353,141,10.4,2026-08-07T10:05:19.852Z
2022,전문대학,사립,전문대학,전남,기존,0000529,전남과학대학교,3612,402,11.1,1436,210,14.6,2026-08-07T10:05:19.852Z
2022,전문대학,공립,전문대학,전남,기존,0000562,전남도립대학교,1255,182,14.5,457,51,11.2,2026-08-07T10:05:19.852Z
2022,전문대학,사립,전문대학,전북,기존,0000531,전북과학대학교,1726,102,5.9,675,56,8.3,2026-08-07T10:05:19.852Z
2022,전문대학,사립,전문대학,전북,기존,0000437,전주기전대학,1819,309,17,767,131,17.1,2026-08-07T10:05:19.852Z
2022,전문대학,사립,전문대학,전북,기존,0000530,전주비전대학교,4195,342,8.2,1283,83,6.5,2026-08-07T10:05:19.852Z
2022,전문대학,사립,전문대학,제주,기존,0000532,제주관광대학교,2089,443,21.2,664,158,23.8,2026-08-07T10:05:19.852Z
2022,전문대학,사립,전문대학,제주,기존,0002655,제주한라대학교,8588,1020,11.9,1570,151,9.6,2026-08-07T10:05:19.852Z
2022,전문대학,사립,전문대학,광주,기존,0002974,조선간호대학교,824,14,1.7,193,7,3.6,2026-08-07T10:05:19.852Z
2022,전문대학,사립,전문대학,광주,기존,0000534,조선이공대학교,4725,491,10.4,1479,129,8.7,2026-08-07T10:05:19.852Z
2022,전문대학,사립,전문대학,경남,기존,0000539,진주보건대학교,2841,142,5,807,38,4.7,2026-08-07T10:05:19.852Z
2022,전문대학,사립,전문대학,경남,기존,0000542,창원문성대학교,1877,379,20.2,371,54,14.6,2026-08-07T10:05:19.852Z
2022,전문대학,사립,전문대학,경기,기존,0000544,청강문화산업대학교,5116,200,3.9,1414,33,2.3,2026-08-07T10:05:19.852Z
2022,전문대학,사립,전문대학,전남,기존,0002656,청암대학교,2898,210,7.2,817,116,14.2,2026-08-07T10:05:19.852Z
2022,전문대학,사립,전문대학,울산,기존,0000545,춘해보건대학교,2958,137,4.6,864,62,7.2,2026-08-07T10:05:19.852Z
2022,전문대학,공립,전문대학,충남,기존,0002657,충남도립대학교,1507,150,10,474,51,10.8,2026-08-07T10:05:19.852Z
2022,전문대학,공립,전문대학,충북,기존,0000406,충북도립대학교,1048,119,11.4,373,36,9.7,2026-08-07T10:05:19.852Z
2022,전문대학,사립,전문대학,충북,기존,0000536,충북보건과학대학교,2917,261,8.9,857,78,9.1,2026-08-07T10:05:19.852Z
2022,전문대학,사립,전문대학,충북,기존,0000547,충청대학교,4273,431,10.1,1316,151,11.5,2026-08-07T10:05:19.852Z
2022,전문대학,사립,전문대학,경북,기존,0002658,포항대학교,1948,208,10.7,652,71,10.9,2026-08-07T10:05:19.852Z
2022,전문대학,사립,전문대학,강원,기존,0000578,한국골프과학기술대학교,625,55,8.8,182,13,7.1,2026-08-07T10:05:19.852Z
2022,전문대학,사립,전문대학,경기,기존,0000565,한국관광대학교,1946,176,9,549,34,6.2,2026-08-07T10:05:19.852Z
2022,전문대학,특별법국립,전문대학,전북,기존,0003019,한국농수산대학교,2031,105,5.2,684,41,6,2026-08-07T10:05:19.852Z
2022,전문대학,국립,전문대학,경기,폐교,0002659,한국복지대학교,614,55,9,71,0,0,2026-08-07T10:05:19.852Z
2022,사이버대학(전문대학),사립,전문대학,경북,기존,0000576,한국복지사이버대학교,2628,469,17.8,1118,125,11.2,2026-08-07T10:05:19.852Z
2022,전문대학,사립,전문대학,경남,기존,0000570,한국승강기대학교,1158,143,12.3,252,29,11.5,2026-08-07T10:05:19.852Z
2022,전문대학,사립,전문대학,세종,기존,0000522,한국영상대학교,4073,292,7.2,1258,100,7.9,2026-08-07T10:05:19.852Z
2022,기능대학,사립,전문대학,서울,기존,0000585,한국폴리텍 I 대학 서울강서캠퍼스,666,96,14.4,252,52,20.6,2026-08-07T10:05:19.852Z
2022,기능대학,사립,전문대학,서울,기존,0000584,한국폴리텍 I 대학 서울정수캠퍼스,1675,213,12.7,621,89,14.3,2026-08-07T10:05:19.852Z
2022,기능대학,사립,전문대학,경기,기존,0000586,한국폴리텍 I 대학 성남캠퍼스,935,133,14.2,295,46,15.6,2026-08-07T10:05:19.852Z
2022,기능대학,사립,전문대학,제주,기존,0002912,한국폴리텍 I 대학 제주캠퍼스,71,6,8.5,30,2,6.7,2026-08-07T10:05:19.852Z
2022,기능대학,사립,전문대학,인천,기존,0000590,한국폴리텍 II 대학 남인천캠퍼스,118,17,14.4,28,12,42.9,2026-08-07T10:05:19.852Z
2022,기능대학,사립,전문대학,인천,기존,0000589,한국폴리텍 II 대학 인천캠퍼스,2287,317,13.9,677,115,17,2026-08-07T10:05:19.852Z
2022,기능대학,사립,전문대학,경기,기존,0003105,한국폴리텍 II 대학 화성캠퍼스,36,6,16.7,23,5,21.7,2026-08-07T10:05:19.852Z
2022,기능대학,사립,전문대학,강원,기존,0000594,한국폴리텍 III 대학 강릉캠퍼스,173,30,17.3,55,8,14.5,2026-08-07T10:05:19.852Z
2022,기능대학,사립,전문대학,강원,기존,0002854,한국폴리텍 III 대학 원주캠퍼스,153,20,13.1,60,8,13.3,2026-08-07T10:05:19.852Z
2022,기능대학,사립,전문대학,강원,기존,0000593,한국폴리텍 III 대학 춘천캠퍼스,324,32,9.9,106,16,15.1,2026-08-07T10:05:19.852Z
2022,기능대학,사립,전문대학,대전,기존,0000603,한국폴리텍 IV 대학 대전캠퍼스,1088,115,10.6,335,39,11.6,2026-08-07T10:05:19.852Z
2022,기능대학,사립,전문대학,충남,기존,0000606,한국폴리텍 IV 대학 아산캠퍼스,660,83,12.6,227,35,15.4,2026-08-07T10:05:19.852Z
2022,기능대학,사립,전문대학,충북,기존,0000604,한국폴리텍 IV 대학 청주캠퍼스,1074,96,8.9,376,41,10.9,2026-08-07T10:05:19.852Z
2022,기능대학,사립,전문대학,충남,기존,0000607,한국폴리텍 IV 대학 충남캠퍼스,253,24,9.5,87,11,12.6,2026-08-07T10:05:19.852Z
2022,기능대학,사립,전문대학,광주,기존,0000616,한국폴리텍 V 대학 광주캠퍼스,1318,117,8.9,386,33,8.5,2026-08-07T10:05:19.852Z
2022,기능대학,사립,전문대학,전남,기존,0002975,한국폴리텍 V 대학 순천캠퍼스,8,4,50,6,3,50,2026-08-07T10:05:19.852Z
2022,기능대학,사립,전문대학,전북,기존,0000620,한국폴리텍 V 대학 익산캠퍼스,142,28,19.7,54,14,25.9,2026-08-07T10:05:19.852Z
2022,기능대학,사립,전문대학,전남,기존,0000619,한국폴리텍 V 대학 전남캠퍼스,236,35,14.8,71,12,16.9,2026-08-07T10:05:19.852Z
2022,기능대학,사립,전문대학,전북,기존,0000617,한국폴리텍 V 대학 전북캠퍼스,550,83,15.1,202,39,19.3,2026-08-07T10:05:19.852Z
2022,기능대학,사립,전문대학,경북,기존,0000624,한국폴리텍 VI 대학 구미캠퍼스,651,66,10.1,249,30,12,2026-08-07T10:05:19.852Z
2022,기능대학,사립,전문대학,대구,기존,0000623,한국폴리텍 VI 대학 대구캠퍼스,653,76,11.6,259,35,13.5,2026-08-07T10:05:19.852Z
2022,기능대학,사립,전문대학,대구,기존,0000636,한국폴리텍 VI 대학 영남융합기술캠퍼스,195,29,14.9,85,12,14.1,2026-08-07T10:05:19.852Z
2022,기능대학,사립,전문대학,경북,기존,0002674,한국폴리텍 VI 대학 영주캠퍼스,57,11,19.3,27,3,11.1,2026-08-07T10:05:19.852Z
2022,기능대학,사립,전문대학,부산,기존,0003163,한국폴리텍 VII 대학 동부산캠퍼스,17,5,29.4,15,5,33.3,2026-08-07T10:05:19.852Z
2022,기능대학,사립,전문대학,부산,기존,0000632,한국폴리텍 VII 대학 부산캠퍼스,1033,154,14.9,336,41,12.2,2026-08-07T10:05:19.852Z
2022,기능대학,사립,전문대학,울산,기존,0000633,한국폴리텍 VII 대학 울산캠퍼스,893,120,13.4,359,41,11.4,2026-08-07T10:05:19.852Z
2022,기능대학,사립,전문대학,경남,기존,0003157,한국폴리텍 VII 대학 진주캠퍼스,9,2,22.2,5,2,40,2026-08-07T10:05:19.852Z
2022,기능대학,사립,전문대학,경남,기존,0000631,한국폴리텍 VII 대학 창원캠퍼스,2129,188,8.8,727,71,9.8,2026-08-07T10:05:19.852Z
2022,기능대학,사립,전문대학,경북,기존,0003104,한국폴리텍 특성화대학 로봇캠퍼스,152,18,11.8,83,10,12,2026-08-07T10:05:19.852Z
2022,기능대학,사립,전문대학,충남,기존,0000635,한국폴리텍 특성화대학 바이오캠퍼스,447,19,4.3,159,8,5,2026-08-07T10:05:19.852Z
2022,기능대학,사립,전문대학,경기,기존,0000637,한국폴리텍 특성화대학 반도체융합캠퍼스,719,102,14.2,221,29,13.1,2026-08-07T10:05:19.852Z
2022,기능대학,사립,전문대학,경남,기존,0000638,한국폴리텍 특성화대학 항공캠퍼스,522,77,14.8,118,15,12.7,2026-08-07T10:05:19.852Z
2022,전문대학,사립,전문대학,강원,기존,0000553,한림성심대학교,3709,347,9.4,1002,69,6.9,2026-08-07T10:05:19.852Z
2022,전문대학,사립,전문대학,서울,기존,0000554,한양여자대학교,7780,598,7.7,3089,349,11.3,2026-08-07T10:05:19.852Z
2022,전문대학,사립,전문대학,전남,기존,0000555,한영대학교,1888,99,5.2,657,35,5.3,2026-08-07T10:05:19.852Z
2022,전문대학,사립,전문대학,충남,기존,0000556,혜전대학교,3287,245,7.5,965,62,6.4,2026-08-07T10:05:19.852Z
2022,전문대학,사립,전문대학,경북,기존,0000415,호산대학교,2159,163,7.5,834,90,10.8,2026-08-07T10:05:19.852Z
2022,기능대학,사립,전문대학,경기,기존,0000579,ICT폴리텍대학,483,57,11.8,142,20,14.08,2026-08-07T10:05:19.852Z
2022,전문대학,사립,전문대학,경북,기존,0000410,가톨릭상지대학교,2376,223,9.39,754,89,11.8,2026-08-07T10:05:19.852Z
2022,전문대학,사립,전문대학,충북,기존,0000433,강동대학교,4055,441,10.88,1268,118,9.31,2026-08-07T10:05:19.852Z
2022,전문대학,사립,전문대학,강원,기존,0000514,강릉영동대학교,4092,199,4.86,866,127,14.67,2026-08-07T10:05:19.852Z
2022,전문대학,사립,전문대학,강원,폐교,0000548,강원관광대학교,504,43,8.53,104,11,10.58,2026-08-07T10:05:19.852Z
2022,전문대학,공립,전문대학,강원,기존,0002639,강원도립대학교,919,139,15.13,296,23,7.77,2026-08-07T10:05:19.852Z
2022,전문대학,사립,전문대학,경남,기존,0000412,거제대학교,1279,92,7.19,306,18,5.88,2026-08-07T10:05:19.852Z
2022,전문대학,사립,전문대학,경기,기존,0000560,경기과학기술대학교,7362,615,8.35,2068,180,8.7,2026-08-07T10:05:19.852Z
2022,전문대학,공립,전문대학,경남,기존,0000402,경남도립거창대학,1147,89,7.76,376,29,7.71,2026-08-07T10:05:19.852Z
2022,전문대학,공립,전문대학,경남,기존,0000403,경남도립남해대학,1236,169,13.67,378,46,12.17,2026-08-07T10:05:19.852Z
2022,전문대학,사립,전문대학,부산,기존,0002640,경남정보대학교,10129,952,9.4,2745,208,7.58,2026-08-07T10:05:19.852Z
2022,전문대학,사립,전문대학,경기,기존,0000416,경민대학교,6366,334,5.25,1821,113,6.21,2026-08-07T10:05:19.852Z
2022,전문대학,사립,전문대학,경기,기존,0002641,경복대학교,7813,393,5.03,2354,119,5.06,2026-08-07T10:05:19.852Z
2022,전문대학,사립,전문대학,경북,기존,0000456,경북과학대학교,1985,283,14.26,814,181,22.24,2026-08-07T10:05:19.852Z
2022,전문대학,공립,전문대학,경북,폐교,0000405,경북도립대학교,1134,122,10.76,391,33,8.44,2026-08-07T10:05:19.852Z
2022,전문대학,사립,전문대학,경북,기존,0000438,경북보건대학교,1457,80,5.49,425,35,8.24,2026-08-07T10:05:19.852Z
2022,전문대학,사립,전문대학,경북,기존,0002642,경북전문대학교,3345,170,5.08,1124,55,4.89,2026-08-07T10:05:19.852Z
2022,전문대학,사립,전문대학,인천,기존,0000422,경인여자대학교,4548,309,6.79,1722,153,8.89,2026-08-07T10:05:19.852Z
2022,전문대학,사립,전문대학,대구,기존,0000425,계명문화대학교,6392,515,8.06,2073,143,6.9,2026-08-07T10:05:19.852Z
2022,전문대학,사립,전문대학,경기,기존,0000426,계원예술대학교,3915,251,6.41,1233,81,6.57,2026-08-07T10:05:19.852Z
2022,전문대학,사립,전문대학,전남,기존,0000435,나주대학교,1562,133,8.51,635,82,12.91,2026-08-07T10:05:19.852Z
2022,전문대학,사립,전문대학,전남,기존,0000428,광양보건대학교,210,30,14.29,33,2,6.06,2026-08-07T10:05:19.852Z
2022,전문대학,사립,전문대학,광주,기존,0000429,광주보건대학교,4672,252,5.39,1432,75,5.24,2026-08-07T10:05:19.852Z
2022,전문대학,사립,전문대학,경북,기존,0000430,구미대학교,6792,532,7.83,2455,203,8.27,2026-08-07T10:05:19.852Z
2022,전문대학,사립,전문대학,경기,기존,0000549,국제대학교,4569,825,18.06,1401,476,33.98,2026-08-07T10:05:19.852Z
2022,전문대학,사립,전문대학,전북,기존,0002971,군산간호대학교,1274,26,2.04,310,11,3.55,2026-08-07T10:05:19.852Z
2022,전문대학,사립,전문대학,전북,기존,0000432,군장대학교,2058,254,12.34,718,103,14.35,2026-08-07T10:05:19.852Z
2022,전문대학,사립,전문대학,광주,기존,0002972,기독간호대학교,659,10,1.52,166,3,1.81,2026-08-07T10:05:19.852Z
2022,전문대학,사립,전문대학,경기,기존,0000440,김포대학교,3210,428,13.33,744,92,12.37,2026-08-07T10:05:19.852Z
2022,전문대학,사립,전문대학,경남,기존,0000569,김해대학교,1704,151,8.86,528,59,11.17,2026-08-07T10:05:19.852Z
2022,전문대학,사립,전문대학,경기,기존,0000441,농협대학교,489,13,2.66,153,4,2.61,2026-08-07T10:05:19.852Z
2022,전문대학,사립,전문대학,경북,기존,0000442,대경대학교,4822,719,14.91,1756,225,12.81,2026-08-07T10:05:19.852Z
2022,전문대학,사립,전문대학,대구,기존,0000443,대구공업대학교,1932,304,15.73,527,51,9.68,2026-08-07T10:05:19.852Z
2022,전문대학,사립,전문대학,대구,기존,0000446,대구과학대학교,4887,358,7.33,1753,130,7.42,2026-08-07T10:05:19.852Z
2022,전문대학,사립,전문대학,대구,기존,0000444,대구보건대학교,8467,503,5.94,2686,176,6.55,2026-08-07T10:05:19.852Z
2022,전문대학,사립,전문대학,대전,기존,0000546,대덕대학교,3460,541,15.64,884,166,18.78,2026-08-07T10:05:19.852Z
2022,전문대학,사립,전문대학,부산,기존,0000447,대동대학교,1747,95,5.44,473,27,5.71,2026-08-07T10:05:19.852Z
2022,전문대학,사립,전문대학,경기,기존,0000448,대림대학교,10357,562,5.43,3204,186,5.81,2026-08-07T10:05:19.852Z
2022,전문대학,사립,전문대학,충북,기존,0000449,대원대학교,2539,188,7.4,782,53,6.78,2026-08-07T10:05:19.852Z
2022,전문대학,사립,전문대학,대전,기존,0000453,대전과학기술대학교,4766,561,11.77,1521,242,15.91,2026-08-07T10:05:19.852Z
2022,전문대학,사립,전문대학,대전,기존,0000451,대전보건대학교,6432,445,6.92,1867,100,5.36,2026-08-07T10:05:19.852Z
2022,전문대학,사립,전문대학,광주,기존,0000460,동강대학교,3132,444,14.18,1160,237,20.43,2026-08-07T10:05:19.852Z
2022,전문대학,사립,전문대학,경기,기존,0000457,동남보건대학교,5602,306,5.46,1801,143,7.94,2026-08-07T10:05:19.852Z
2022,전문대학,사립,전문대학,경기,기존,0000450,동서울대학교,8226,660,8.02,2701,214,7.92,2026-08-07T10:05:19.852Z
2022,전문대학,사립,전문대학,경기,기존,0000461,동아방송예술대학교,4216,240,5.69,1245,77,6.18,2026-08-07T10:05:19.852Z
2022,전문대학,사립,전문대학,전남,기존,0000462,동아보건대학교,1407,224,15.92,459,64,13.94,2026-08-07T10:05:19.852Z
2022,전문대학,사립,전문대학,서울,기존,0000463,동양미래대학교,9973,742,7.44,2891,291,10.07,2026-08-07T10:05:19.852Z
2022,전문대학,사립,전문대학,경남,기존,0000509,동원과학기술대학교,3100,264,8.52,989,111,11.22,2026-08-07T10:05:19.852Z
2022,전문대학,사립,전문대학,경기,기존,0000465,동원대학교,4069,564,13.86,1224,127,10.38,2026-08-07T10:05:19.852Z
2022,전문대학,사립,전문대학,부산,기존,0000466,동의과학대학교,6636,931,14.03,1807,176,9.74,2026-08-07T10:05:19.852Z
2022,전문대학,사립,전문대학,경기,기존,0000469,두원공과대학교,4530,523,11.55,739,67,9.07,2026-08-07T10:05:19.852Z
2022,전문대학,사립,전문대학,경남,기존,0000470,마산대학교,6791,503,7.41,2145,171,7.97,2026-08-07T10:05:19.852Z
2022,전문대학,사립,전문대학,서울,기존,0000473,명지전문대학,9522,828,8.7,3247,385,11.86,2026-08-07T10:05:19.852Z
2022,전문대학,사립,전문대학,전남,기존,0000474,목포과학대학교,3034,73,2.41,964,43,4.46,2026-08-07T10:05:19.852Z
2022,전문대학,사립,전문대학,경북,기존,0000475,문경대학교,1051,80,7.61,296,22,7.43,2026-08-07T10:05:19.852Z
2022,전문대학,사립,전문대학,서울,기존,0000476,배화여자대학교,3248,280,8.62,1377,175,12.71,2026-08-07T10:05:19.852Z
2022,전문대학,사립,전문대학,충남,기존,0000543,백석문화대학교,6220,682,10.96,1698,169,9.95,2026-08-07T10:05:19.852Z
2022,전문대학,사립,전문대학,전북,기존,0000477,백제예술대학교,1464,186,12.7,512,80,15.63,2026-08-07T10:05:19.852Z
2022,전문대학,사립,전문대학,부산,기존,0000479,부산경상대학교,3223,523,16.23,1195,252,21.09,2026-08-07T10:05:19.852Z
2022,전문대학,사립,전문대학,부산,기존,0000481,부산과학기술대학교,5160,687,13.31,1374,141,10.26,2026-08-07T10:05:19.852Z
2022,전문대학,사립,전문대학,부산,기존,0000467,부산보건대학교,3337,289,8.66,942,60,6.37,2026-08-07T10:05:19.852Z
2022,전문대학,사립,전문대학,부산,기존,0000480,부산여자대학교,2328,179,7.69,761,68,8.94,2026-08-07T10:05:19.852Z
2022,전문대학,사립,전문대학,부산,기존,0000561,부산예술대학교,815,143,17.55,322,53,16.46,2026-08-07T10:05:19.852Z
2022,전문대학,사립,전문대학,경기,기존,0000482,부천대학교,10125,590,5.83,3419,209,6.11,2026-08-07T10:05:19.852Z
2022,전문대학,사립,전문대학,서울,기존,0000483,삼육보건대학교,1587,79,4.98,516,33,6.4,2026-08-07T10:05:19.852Z
2022,전문대학,사립,전문대학,강원,폐교,0000485,상지영서대학교,392,58,14.8,0,0,0,2026-08-07T10:05:19.852Z
2022,전문대학,사립,전문대학,경북,폐교,0002645,서라벌대학교,679,61,8.98,211,28,13.27,2026-08-07T10:05:19.852Z
2022,전문대학,사립,전문대학,광주,기존,0002646,서영대학교,7150,436,6.1,2207,156,7.07,2026-08-07T10:05:19.852Z
2022,전문대학,사립,전문대학,서울,기존,0002973,서울여자간호대학교,984,40,4.07,254,19,7.48,2026-08-07T10:05:19.852Z
2022,전문대학,사립,전문대학,경기,기존,0000489,서울예술대학교,4169,122,2.93,1155,28,2.42,2026-08-07T10:05:19.852Z
2022,전문대학,사립,전문대학,서울,기존,0000490,서일대학교,8483,712,8.39,2664,266,9.98,2026-08-07T10:05:19.852Z
2022,전문대학,사립,전문대학,경기,기존,0000566,서정대학교,9146,840,9.18,2675,173,6.47,2026-08-07T10:05:19.852Z
2022,전문대학,사립,전문대학,경북,기존,0000550,선린대학교,2696,206,7.64,776,80,10.31,2026-08-07T10:05:19.852Z
2022,전문대학,사립,전문대학,부산,폐교,0000493,성심외국어대학,1239,0,0,0,0,0,2026-08-07T10:05:19.852Z
2022,전문대학,사립,전문대학,경북,기존,0002647,성운대학교,1573,174,11.06,811,110,13.56,2026-08-07T10:05:19.852Z
2022,전문대학,사립,전문대학,강원,기존,0000515,세경대학교,1109,71,6.4,408,30,7.35,2026-08-07T10:05:19.852Z
2022,전문대학,사립,전문대학,강원,기존,0000567,송곡대학교,840,148,17.62,287,64,22.3,2026-08-07T10:05:19.852Z
2022,전문대학,사립,전문대학,강원,기존,0000564,송호대학교,951,187,19.66,308,42,13.64,2026-08-07T10:05:19.852Z
2022,전문대학,사립,전문대학,대구,기존,0002649,수성대학교,4302,386,8.97,1413,139,9.84,2026-08-07T10:05:19.852Z
2022,전문대학,사립,전문대학,경기,기존,0000497,수원과학대학교,6310,768,12.17,1626,265,16.3,2026-08-07T10:05:19.852Z
2022,전문대학,사립,전문대학,경기,기존,0000496,수원여자대학교,4184,249,5.95,1525,117,7.67,2026-08-07T10:05:19.852Z
2022,전문대학,사립,전문대학,전남,기존,0000498,순천제일대학교,3464,415,11.98,1166,148,12.69,2026-08-07T10:05:19.852Z
2022,전문대학,사립,전문대학,서울,기존,0000500,숭의여자대학교,3533,343,9.71,1593,234,14.69,2026-08-07T10:05:19.852Z
2022,전문대학,사립,전문대학,경기,기존,0000501,신구대학교,8328,600,7.2,2825,257,9.1,2026-08-07T10:05:19.852Z
2022,전문대학,사립,전문대학,충남,기존,0000502,신성대학교,4174,408,9.77,1114,101,9.07,2026-08-07T10:05:19.852Z
2022,전문대학,사립,전문대학,경기,기존,0000506,신안산대학교,4305,547,12.71,1161,161,13.87,2026-08-07T10:05:19.852Z
2022,전문대학,사립,전문대학,충남,기존,0000454,아주자동차대학교,1382,49,3.55,427,0,0,2026-08-07T10:05:19.852Z
2022,전문대학,사립,전문대학,경북,기존,0002650,안동과학대학교,2808,275,9.79,786,27,3.44,2026-08-07T10:05:19.852Z
2022,전문대학,사립,전문대학,경기,기존,0000507,안산대학교,5344,320,5.99,1781,123,6.91,2026-08-07T10:05:19.852Z
2022,전문대학,사립,전문대학,경기,기존,0000510,여주대학교,5893,563,9.55,1519,149,9.81,2026-08-07T10:05:19.852Z
2022,전문대학,사립,전문대학,경기,기존,0002651,연성대학교,8275,395,4.77,2695,152,5.64,2026-08-07T10:05:19.852Z
2022,전문대학,사립,전문대학,경남,기존,0002652,연암공과대학교,2424,181,7.47,543,18,3.31,2026-08-07T10:05:19.852Z
2022,전문대학,사립,전문대학,충남,기존,0000512,연암대학교,1577,95,6.02,586,31,5.29,2026-08-07T10:05:19.852Z
2022,전문대학,사립,전문대학,경북,기존,0000418,영남외국어대학,395,28,7.09,138,18,13.04,2026-08-07T10:05:19.852Z
2022,전문대학,사립,전문대학,대구,기존,0000513,영남이공대학교,8201,712,8.68,2724,223,8.19,2026-08-07T10:05:19.852Z
2022,사이버대학(전문대학),사립,전문대학,대구,기존,0000575,영진사이버대학교,4343,232,5.34,1841,57,3.1,2026-08-07T10:05:19.852Z
2022,전문대학,사립,전문대학,대구,기존,0000517,영진전문대학교,10948,1236,11.29,3315,392,11.83,2026-08-07T10:05:19.852Z
2022,전문대학,사립,전문대학,경기,기존,0002653,오산대학교,6218,532,8.56,1861,144,7.74,2026-08-07T10:05:19.852Z
2022,전문대학,사립,전문대학,경기,기존,0000520,용인예술과학대학교,4405,506,11.49,1174,117,9.97,2026-08-07T10:05:19.852Z
2022,전문대학,사립,전문대학,대전,기존,0000452,우송정보대학,5192,665,12.81,1485,157,10.57,2026-08-07T10:05:19.852Z
2022,전문대학,사립,전문대학,울산,기존,0000521,울산과학대학교,7736,540,6.98,1909,127,6.65,2026-08-07T10:05:19.852Z
2022,전문대학,사립,전문대학,경기,기존,0000568,웅지세무대학교,1189,144,12.11,127,22,17.32,2026-08-07T10:05:19.852Z
2022,전문대학,사립,전문대학,전북,기존,0000523,원광보건대학교,5999,449,7.48,1543,98,6.35,2026-08-07T10:05:19.852Z
2022,전문대학,사립,전문대학,경기,기존,0000524,유한대학교,7570,454,6,2184,131,6,2026-08-07T10:05:19.852Z
2022,전문대학,사립,전문대학,서울,기존,0000525,인덕대학교,8631,715,8.28,2634,225,8.54,2026-08-07T10:05:19.852Z
2022,전문대학,사립,전문대학,인천,기존,0000455,재능대학교,5203,413,7.94,1478,153,10.35,2026-08-07T10:05:19.852Z
2022,전문대학,사립,전문대학,인천,기존,0002654,인하공업전문대학,10829,671,6.2,3260,286,8.77,2026-08-07T10:05:19.852Z
2022,전문대학,사립,전문대학,경기,기존,0000527,장안대학교,5040,704,13.97,1259,156,12.39,2026-08-07T10:05:19.852Z
2022,전문대학,사립,전문대학,전남,기존,0000529,전남과학대학교,3777,314,8.31,1527,145,9.5,2026-08-07T10:05:19.852Z
2022,전문대학,공립,전문대학,전남,기존,0000562,전남도립대학교,1518,244,16.07,597,102,17.09,2026-08-07T10:05:19.852Z
2022,전문대학,사립,전문대학,전북,기존,0000531,전북과학대학교,1829,130,7.11,691,60,8.68,2026-08-07T10:05:19.852Z
2022,전문대학,사립,전문대학,전북,기존,0000437,전주기전대학,1927,368,19.1,838,213,25.42,2026-08-07T10:05:19.852Z
2022,전문대학,사립,전문대학,전북,기존,0000530,전주비전대학교,4701,438,9.32,1398,94,6.72,2026-08-07T10:05:19.852Z
2022,전문대학,사립,전문대학,제주,기존,0000532,제주관광대학교,2354,366,15.55,696,157,22.56,2026-08-07T10:05:19.852Z
2022,전문대학,사립,전문대학,제주,기존,0002655,제주한라대학교,9165,494,5.39,1724,184,10.67,2026-08-07T10:05:19.852Z
2022,전문대학,사립,전문대학,광주,기존,0002974,조선간호대학교,815,20,2.45,193,8,4.15,2026-08-07T10:05:19.852Z
2022,전문대학,사립,전문대학,광주,기존,0000534,조선이공대학교,5176,514,9.93,1507,131,8.69,2026-08-07T10:05:19.852Z
2022,전문대학,사립,전문대학,경남,기존,0000539,진주보건대학교,2944,161,5.47,853,51,5.98,2026-08-07T10:05:19.852Z
2022,전문대학,사립,전문대학,경남,기존,0000542,창원문성대학교,2418,889,36.77,440,41,9.32,2026-08-07T10:05:19.852Z
2022,전문대학,사립,전문대학,경기,기존,0000544,청강문화산업대학교,5101,211,4.14,1426,58,4.07,2026-08-07T10:05:19.852Z
2022,전문대학,사립,전문대학,전남,기존,0002656,청암대학교,3105,212,6.83,911,104,11.42,2026-08-07T10:05:19.852Z
2022,전문대학,사립,전문대학,울산,기존,0000545,춘해보건대학교,3044,144,4.73,903,66,7.31,2026-08-07T10:05:19.852Z
2022,전문대학,공립,전문대학,충남,기존,0002657,충남도립대학교,1480,133,8.99,485,57,11.75,2026-08-07T10:05:19.852Z
2022,전문대학,공립,전문대학,충북,기존,0000406,충북도립대학교,1141,113,9.9,375,56,14.93,2026-08-07T10:05:19.852Z
2022,전문대학,사립,전문대학,충북,기존,0000536,충북보건과학대학교,3264,293,8.98,948,91,9.6,2026-08-07T10:05:19.852Z
2022,전문대학,사립,전문대학,충북,기존,0000547,충청대학교,4700,409,8.7,1302,121,9.29,2026-08-07T10:05:19.852Z
2022,전문대학,사립,전문대학,경북,기존,0002658,포항대학교,2020,183,9.06,643,64,9.95,2026-08-07T10:05:19.852Z
2022,전문대학,사립,전문대학,강원,기존,0000578,한국골프과학기술대학교,747,172,23.03,190,14,7.37,2026-08-07T10:05:19.852Z
2022,전문대학,사립,전문대학,경기,기존,0000565,한국관광대학교,2306,135,5.85,647,44,6.8,2026-08-07T10:05:19.852Z
2022,전문대학,특별법국립,전문대학,전북,기존,0003019,한국농수산대학교,1823,76,4.17,684,33,4.82,2026-08-07T10:05:19.852Z
2022,전문대학,국립,전문대학,경기,폐교,0002659,한국복지대학교,838,75,8.95,275,23,8.36,2026-08-07T10:05:19.852Z
2022,사이버대학(전문대학),사립,전문대학,경북,기존,0000576,한국복지사이버대학교,2821,283,10.03,1317,130,9.87,2026-08-07T10:05:19.852Z
2022,전문대학,사립,전문대학,경남,기존,0000570,한국승강기대학교,1278,119,9.31,317,44,13.88,2026-08-07T10:05:19.852Z
2022,전문대학,사립,전문대학,세종,기존,0000522,한국영상대학교,4152,228,5.49,1300,63,4.85,2026-08-07T10:05:19.852Z
2022,기능대학,사립,전문대학,서울,기존,0000585,한국폴리텍 I 대학 서울강서캠퍼스,716,110,15.36,272,49,18.01,2026-08-07T10:05:19.852Z
2022,기능대학,사립,전문대학,서울,기존,0000584,한국폴리텍 I 대학 서울정수캠퍼스,1889,225,11.91,630,89,14.13,2026-08-07T10:05:19.852Z
2022,기능대학,사립,전문대학,경기,기존,0000586,한국폴리텍 I 대학 성남캠퍼스,1139,145,12.73,320,56,17.5,2026-08-07T10:05:19.852Z
2022,기능대학,사립,전문대학,제주,기존,0002912,한국폴리텍 I 대학 제주캠퍼스,64,9,14.06,27,3,11.11,2026-08-07T10:05:19.852Z
2022,기능대학,사립,전문대학,인천,기존,0000590,한국폴리텍 II 대학 남인천캠퍼스,90,9,10,50,7,14,2026-08-07T10:05:19.852Z
2022,기능대학,사립,전문대학,인천,기존,0000589,한국폴리텍 II 대학 인천캠퍼스,2750,341,12.4,798,123,15.41,2026-08-07T10:05:19.852Z
2022,기능대학,사립,전문대학,경기,기존,0003105,한국폴리텍 II 대학 화성캠퍼스,23,5,21.74,18,5,27.78,2026-08-07T10:05:19.852Z
2022,기능대학,사립,전문대학,강원,기존,0000594,한국폴리텍 III 대학 강릉캠퍼스,191,17,8.9,63,7,11.11,2026-08-07T10:05:19.852Z
2022,기능대학,사립,전문대학,강원,기존,0002854,한국폴리텍 III 대학 원주캠퍼스,144,17,11.81,65,12,18.46,2026-08-07T10:05:19.852Z
2022,기능대학,사립,전문대학,강원,기존,0000593,한국폴리텍 III 대학 춘천캠퍼스,357,27,7.56,120,13,10.83,2026-08-07T10:05:19.852Z
2022,기능대학,사립,전문대학,대전,기존,0000603,한국폴리텍 IV 대학 대전캠퍼스,1169,126,10.78,335,46,13.73,2026-08-07T10:05:19.852Z
2022,기능대학,사립,전문대학,충남,기존,0000606,한국폴리텍 IV 대학 아산캠퍼스,721,77,10.68,232,31,13.36,2026-08-07T10:05:19.852Z
2022,기능대학,사립,전문대학,충북,기존,0000604,한국폴리텍 IV 대학 청주캠퍼스,1111,90,8.1,365,31,8.49,2026-08-07T10:05:19.852Z
2022,기능대학,사립,전문대학,충남,기존,0000607,한국폴리텍 IV 대학 충남캠퍼스,273,18,6.59,82,11,13.41,2026-08-07T10:05:19.852Z
2022,기능대학,사립,전문대학,광주,기존,0000616,한국폴리텍 V 대학 광주캠퍼스,1310,83,6.34,433,48,11.09,2026-08-07T10:05:19.852Z
2022,기능대학,사립,전문대학,전남,기존,0002975,한국폴리텍 V 대학 순천캠퍼스,14,2,14.29,0,0,0,2026-08-07T10:05:19.852Z
2022,기능대학,사립,전문대학,전북,기존,0000620,한국폴리텍 V 대학 익산캠퍼스,172,22,12.79,70,15,21.43,2026-08-07T10:05:19.852Z
2022,기능대학,사립,전문대학,전남,기존,0000619,한국폴리텍 V 대학 전남캠퍼스,280,32,11.43,79,9,11.39,2026-08-07T10:05:19.852Z
2022,기능대학,사립,전문대학,전북,기존,0000617,한국폴리텍 V 대학 전북캠퍼스,619,102,16.48,194,28,14.43,2026-08-07T10:05:19.852Z
2022,기능대학,사립,전문대학,경북,기존,0000624,한국폴리텍 VI 대학 구미캠퍼스,720,96,13.33,231,33,14.29,2026-08-07T10:05:19.852Z
2022,기능대학,사립,전문대학,대구,기존,0000623,한국폴리텍 VI 대학 대구캠퍼스,735,91,12.38,242,34,14.05,2026-08-07T10:05:19.852Z
2022,기능대학,사립,전문대학,대구,기존,0000636,한국폴리텍 VI 대학 영남융합기술캠퍼스,213,55,25.82,106,36,33.96,2026-08-07T10:05:19.852Z
2022,기능대학,사립,전문대학,경북,기존,0002674,한국폴리텍 VI 대학 영주캠퍼스,63,5,7.94,17,1,5.88,2026-08-07T10:05:19.852Z
2022,기능대학,사립,전문대학,부산,기존,0003163,한국폴리텍 VII 대학 동부산캠퍼스,5,1,20,5,1,20,2026-08-07T10:05:19.852Z
2022,기능대학,사립,전문대학,부산,기존,0000632,한국폴리텍 VII 대학 부산캠퍼스,1205,132,10.95,361,50,13.85,2026-08-07T10:05:19.852Z
2022,기능대학,사립,전문대학,울산,기존,0000633,한국폴리텍 VII 대학 울산캠퍼스,934,97,10.39,355,39,10.99,2026-08-07T10:05:19.852Z
2022,기능대학,사립,전문대학,경남,기존,0003157,한국폴리텍 VII 대학 진주캠퍼스,8,4,50,8,4,50,2026-08-07T10:05:19.852Z
2022,기능대학,사립,전문대학,경남,기존,0000631,한국폴리텍 VII 대학 창원캠퍼스,2183,176,8.06,741,67,9.04,2026-08-07T10:05:19.852Z
2022,기능대학,사립,전문대학,경북,기존,0003104,한국폴리텍 특성화대학 로봇캠퍼스,149,16,10.74,61,14,22.95,2026-08-07T10:05:19.852Z
2022,기능대학,사립,전문대학,충남,기존,0000635,한국폴리텍 특성화대학 바이오캠퍼스,533,33,6.19,180,14,7.78,2026-08-07T10:05:19.852Z
2022,기능대학,사립,전문대학,경기,기존,0000637,한국폴리텍 특성화대학 반도체융합캠퍼스,882,100,11.34,234,41,17.52,2026-08-07T10:05:19.852Z
2022,기능대학,사립,전문대학,경남,기존,0000638,한국폴리텍 특성화대학 항공캠퍼스,733,102,13.92,129,19,14.73,2026-08-07T10:05:19.852Z
2022,전문대학,사립,전문대학,강원,기존,0000553,한림성심대학교,3957,235,5.94,1095,55,5.02,2026-08-07T10:05:19.852Z
2022,전문대학,사립,전문대학,서울,기존,0000554,한양여자대학교,7748,505,6.52,3015,278,9.22,2026-08-07T10:05:19.852Z
2022,전문대학,사립,전문대학,전남,기존,0000555,한영대학교,1815,109,6.01,637,16,2.51,2026-08-07T10:05:19.852Z
2022,전문대학,사립,전문대학,충남,기존,0000556,혜전대학교,3154,179,5.68,880,51,5.8,2026-08-07T10:05:19.852Z
2022,전문대학,사립,전문대학,경북,기존,0000415,호산대학교,2093,189,9.03,667,69,10.34,2026-08-07T10:05:19.852Z
2021,대학교,사립,대학,경남,기존,0002748,가야대학교(김해),2693,232,8.6,449,59,13.1,2026-08-07T10:05:19.852Z
2021,대학교,사립,대학,경기,기존,0000063,가천대학교,25871,941,3.6,4442,289,6.5,2026-08-07T10:05:19.852Z
2021,대학교,사립,대학,강원,기존,0000072,가톨릭관동대학교,11694,690,5.9,1627,100,6.1,2026-08-07T10:05:19.852Z
2021,대학교,사립,대학,충북,기존,0000215,가톨릭꽃동네대학교,567,13,2.3,108,5,4.6,2026-08-07T10:05:19.852Z
2021,대학교,사립,대학,경기,기존,0000046,가톨릭대학교,9465,329,3.5,1688,131,7.8,2026-08-07T10:05:19.852Z
2021,대학교,사립,대학,서울,기존,0000048,가톨릭대학교_제2캠퍼스,964,9,0.9,179,1,0.6,2026-08-07T10:05:19.852Z
2021,대학교,사립,대학,서울,기존,0000049,가톨릭대학교_제3캠퍼스,306,10,3.3,52,3,5.8,2026-08-07T10:05:19.852Z
2021,대학교,사립,대학,서울,기존,0000050,감리교신학대학교,1048,60,5.7,150,5,3.3,2026-08-07T10:05:19.852Z
2021,대학교,사립,대학,경기,기존,0000051,강남대학교,8807,451,5.1,1590,148,9.3,2026-08-07T10:05:19.852Z
2021,대학교,국립,대학,강원,기존,0000001,국립강릉원주대학교,7687,433,5.6,1311,93,7.1,2026-08-07T10:05:19.852Z
2021,대학교,국립,대학,강원,기존,0000002,국립강릉원주대학교_제2캠퍼스,2861,118,4.1,515,23,4.5,2026-08-07T10:05:19.852Z
2021,대학교,사립,대학,서울,기존,0000079,강서대학교,2022,231,11.4,485,102,21,2026-08-07T10:05:19.852Z
2021,대학교,국립,대학,강원,기존,0000004,강원대학교_제2캠퍼스,9612,511,5.3,1581,109,6.9,2026-08-07T10:05:19.852Z
2021,대학교,국립,대학,강원,기존,0000003,강원대학교,20383,1244,6.1,3192,244,7.6,2026-08-07T10:05:19.852Z
2021,대학교,사립,대학,서울,기존,0000052,건국대학교,22978,692,3,3507,324,9.2,2026-08-07T10:05:19.852Z
2021,대학교,사립,대학,충북,기존,0000053,건국대학교(글로컬)_분교,10453,410,3.9,1648,104,6.3,2026-08-07T10:05:19.852Z
2021,대학교,사립,대학,대전,기존,0000055,건양대학교_제2캠퍼스,4154,165,4,842,45,5.3,2026-08-07T10:05:19.852Z
2021,대학교,사립,대학,충남,기존,0000054,건양대학교,4305,230,5.3,745,52,7,2026-08-07T10:05:19.852Z
2021,사이버대학(대학),사립,대학,대전,기존,0000335,건양사이버대학교,3674,263,7.2,1040,94,9,2026-08-07T10:05:19.852Z
2021,대학교,사립,대학,경기,기존,0000056,경기대학교,16391,615,3.8,2874,202,7,2026-08-07T10:05:19.852Z
2021,대학교,사립,대학,서울,기존,0000058,경기대학교_제2캠퍼스,2654,101,3.8,451,24,5.3,2026-08-07T10:05:19.852Z
2021,대학교,국립,대학,경남,폐교,0000035,경남과학기술대학교,6856,324,4.7,1187,56,4.7,2026-08-07T10:05:19.852Z
2021,대학교,사립,대학,경남,기존,0000059,경남대학교,15855,1011,6.4,2066,112,5.4,2026-08-07T10:05:19.852Z
2021,대학교,사립,대학,경기,기존,0002744,경동대학교_제4캠퍼스,3775,188,5,649,40,6.2,2026-08-07T10:05:19.852Z
2021,대학교,사립,대학,강원,기존,0002574,경동대학교_제3캠퍼스,4606,128,2.8,981,39,4,2026-08-07T10:05:19.852Z
2021,대학교,사립,대학,강원,기존,0000060,경동대학교,1155,206,17.8,107,32,29.9,2026-08-07T10:05:19.852Z
2021,대학교,국립,대학,대구,기존,0000005,경북대학교,29575,1221,4.1,4953,465,9.4,2026-08-07T10:05:19.852Z
2021,대학교,국립,대학,경남,기존,0000007,경상국립대학교,18611,856,4.6,3266,232,7.1,2026-08-07T10:05:19.852Z
2021,대학교,사립,대학,부산,기존,0000062,경성대학교,16576,989,6,3007,223,7.4,2026-08-07T10:05:19.852Z
2021,대학교,사립,대학,경북,기존,0000244,경운대학교,6095,603,9.9,1208,144,11.9,2026-08-07T10:05:19.852Z
2021,교육대학,국립,대학,인천,기존,0000256,경인교육대학교,1322,31,2.3,657,18,2.7,2026-08-07T10:05:19.852Z
2021,교육대학,국립,대학,경기,기존,0000257,경인교육대학교_제2캠퍼스,1361,5,0.4,0,0,0,2026-08-07T10:05:19.852Z
2021,대학교,사립,대학,경북,기존,0000064,경일대학교,9470,736,7.8,1740,160,9.2,2026-08-07T10:05:19.852Z
2021,대학교,사립,대학,경북,기존,0000065,신경주대학교,1101,204,18.5,108,28,25.9,2026-08-07T10:05:19.852Z
2021,대학교,사립,대학,서울,기존,0000066,경희대학교,34542,1087,3.1,5838,419,7.2,2026-08-07T10:05:19.852Z
2021,사이버대학(대학),사립,대학,서울,기존,0000318,경희사이버대학교,11693,2543,21.7,3275,768,23.5,2026-08-07T10:05:19.852Z
2021,대학교,사립,대학,대구,기존,0000068,계명대학교,29997,1469,4.9,4935,215,4.4,2026-08-07T10:05:19.852Z
2021,대학교,사립,대학,서울,기존,0000069,고려대학교,27274,866,3.2,4551,391,8.6,2026-08-07T10:05:19.852Z
2021,대학교,사립,대학,세종,기존,0000070,고려대학교(세종)_분교,9216,443,4.8,1531,154,10.1,2026-08-07T10:05:19.852Z
2021,사이버대학(대학),사립,대학,서울,기존,0000328,고려사이버대학교,11716,1569,13.4,2489,358,14.4,2026-08-07T10:05:19.852Z
2021,대학교,사립,대학,부산,기존,0000071,고신대학교,4554,421,9.2,886,159,17.9,2026-08-07T10:05:19.852Z
2021,교육대학,국립,대학,충남,기존,0000251,공주교육대학교,1493,73,4.9,381,48,12.6,2026-08-07T10:05:19.852Z
2021,대학교,국립,대학,충남,기존,0000008,국립공주대학교,16478,795,4.8,3177,234,7.4,2026-08-07T10:05:19.852Z
2021,대학교,사립,대학,광주,기존,0000073,광신대학교,560,67,12,123,25,20.3,2026-08-07T10:05:19.852Z
2021,대학교,사립,대학,서울,기존,0000074,광운대학교,11785,506,4.3,2026,191,9.4,2026-08-07T10:05:19.852Z
2021,대학교,사립,대학,전남,기존,0000075,광주가톨릭대학교,128,8,6.3,22,1,4.5,2026-08-07T10:05:19.852Z
2021,대학교,특별법법인,대학,광주,기존,0000381,광주과학기술원,996,61,6.1,211,24,11.4,2026-08-07T10:05:19.852Z
2021,교육대학,국립,대학,광주,기존,0000252,광주교육대학교,1359,31,2.3,337,18,5.3,2026-08-07T10:05:19.852Z
2021,대학교,사립,대학,광주,기존,0000231,광주대학교,8674,806,9.3,1558,250,16,2026-08-07T10:05:19.852Z
2021,대학교,사립,대학,광주,기존,0000076,광주여자대학교,3991,213,5.3,929,63,6.8,2026-08-07T10:05:19.852Z
2021,대학교,사립,대학,서울,기존,0000078,국민대학교,21679,705,3.3,3348,279,8.3,2026-08-07T10:05:19.852Z
2021,사이버대학(대학),사립,대학,경기,기존,0000319,국제사이버대학교,3719,624,16.8,980,171,17.4,2026-08-07T10:05:19.852Z
2021,대학교,국립,대학,전북,기존,0000009,국립군산대학교,9632,731,7.6,1611,130,8.1,2026-08-07T10:05:19.852Z
2021,대학교,사립,대학,충북,기존,0000080,극동대학교,4843,323,6.7,621,21,3.4,2026-08-07T10:05:19.852Z
2021,사이버대학(대학),사립,대학,충남,기존,0000334,글로벌사이버대학교,2553,411,16.1,720,148,20.6,2026-08-07T10:05:19.852Z
2021,대학교,사립,대학,충남,기존,0000224,금강대학교,443,54,12.2,29,9,31,2026-08-07T10:05:19.852Z
2021,대학교,국립,대학,경북,기존,0000010,국립금오공과대학교,7995,401,5,1308,99,7.6,2026-08-07T10:05:19.852Z
2021,대학교,사립,대학,경북,기존,0000241,김천대학교,3585,366,10.2,705,139,19.7,2026-08-07T10:05:19.852Z
2021,대학교,사립,대학,충남,기존,0000081,나사렛대학교,6587,376,5.7,1242,56,4.5,2026-08-07T10:05:19.852Z
2021,대학교,사립,대학,광주,기존,0000216,남부대학교,3750,312,8.3,707,97,13.7,2026-08-07T10:05:19.852Z
2021,대학교,사립,대학,충남,기존,0000245,남서울대학교,12556,676,5.4,2367,118,5,2026-08-07T10:05:19.852Z
2021,대학교,사립,대학,경기,기존,0000082,단국대학교,16004,523,3.3,2591,198,7.6,2026-08-07T10:05:19.852Z
2021,대학교,사립,대학,충남,기존,0002726,단국대학교_제2캠퍼스,14140,553,3.9,2506,184,7.3,2026-08-07T10:05:19.852Z
2021,대학교,사립,대학,경북,기존,0000088,대구가톨릭대학교,16095,943,5.9,2537,140,5.5,2026-08-07T10:05:19.852Z
2021,대학교,특별법법인,대학,대구,기존,0000382,대구경북과학기술원,994,32,3.2,199,13,6.5,2026-08-07T10:05:19.852Z
2021,교육대학,국립,대학,대구,기존,0000253,대구교육대학교,1622,45,2.8,417,36,8.6,2026-08-07T10:05:19.852Z
2021,대학교,사립,대학,경북,기존,0000084,대구대학교,23167,1360,5.9,3631,186,5.1,2026-08-07T10:05:19.852Z
2021,사이버대학(대학),사립,대학,경북,기존,0000320,대구사이버대학교,5273,975,18.5,1654,255,15.4,2026-08-07T10:05:19.852Z
2021,대학교,사립,대학,경북,기존,0000087,대구예술대학교,1261,163,12.9,123,9,7.3,2026-08-07T10:05:19.852Z
2021,대학교,사립,대학,경북,기존,0000061,대구한의대학교,8514,749,8.8,1644,361,22,2026-08-07T10:05:19.852Z
2021,대학교,사립,대학,경북,기존,0000093,대신대학교,579,27,4.7,116,12,10.3,2026-08-07T10:05:19.852Z
2021,대학교,사립,대학,세종,기존,0000094,대전가톨릭대학교,48,1,2.1,8,0,0,2026-08-07T10:05:19.852Z
2021,대학교,사립,대학,대전,기존,0000095,대전대학교,12241,675,5.5,1966,104,5.3,2026-08-07T10:05:19.852Z
2021,대학교,사립,대학,대전,기존,0000238,대전신학대학교,89,7,7.9,12,0,0,2026-08-07T10:05:19.852Z
2021,대학교,사립,대학,경기,기존,0000097,대진대학교,10225,520,5.1,1927,156,8.1,2026-08-07T10:05:19.852Z
2021,대학교,사립,대학,서울,기존,0000099,덕성여자대학교,6815,204,3,1118,92,8.2,2026-08-07T10:05:19.852Z
2021,대학교,사립,대학,서울,기존,0000100,동국대학교,18822,508,2.7,3126,262,8.4,2026-08-07T10:05:19.852Z
2021,대학교,사립,대학,경북,기존,0000101,동국대학교(WISE)_분교,10401,593,5.7,1726,141,8.2,2026-08-07T10:05:19.852Z
2021,대학교,사립,대학,서울,기존,0000102,동덕여자대학교,8098,257,3.2,1693,148,8.7,2026-08-07T10:05:19.852Z
2021,대학교,사립,대학,부산,기존,0000235,동명대학교,11447,1026,9,1779,321,18,2026-08-07T10:05:19.852Z
2021,대학교,사립,대학,부산,기존,0000103,동서대학교,13676,799,5.8,2039,74,3.6,2026-08-07T10:05:19.852Z
2021,대학교,사립,대학,전남,기존,0000104,동신대학교,8098,820,10.1,1489,325,21.8,2026-08-07T10:05:19.852Z
2021,대학교,사립,대학,부산,기존,0000105,동아대학교,25148,1015,4,4352,199,4.6,2026-08-07T10:05:19.852Z
2021,대학교,사립,대학,경북,기존,0000106,동양대학교,5227,398,7.6,822,64,7.8,2026-08-07T10:05:19.852Z
2021,대학교,사립,대학,부산,기존,0000107,동의대학교,20777,1236,5.9,3689,176,4.8,2026-08-07T10:05:19.852Z
2021,사이버대학(대학),사립,대학,서울,기존,0000330,디지털서울문화예술대학교,4072,691,17,701,111,15.8,2026-08-07T10:05:19.852Z
2021,대학교,사립,대학,경기,기존,0000108,루터대학교,409,42,10.3,88,16,18.2,2026-08-07T10:05:19.852Z
2021,대학교,사립,대학,경기,기존,0000109,명지대학교,8902,372,4.2,1473,98,6.7,2026-08-07T10:05:19.852Z
2021,대학교,사립,대학,서울,기존,0000111,명지대학교_제2캠퍼스,10702,396,3.7,1759,104,5.9,2026-08-07T10:05:19.852Z
2021,대학교,사립,대학,대전,기존,0000112,목원대학교,9956,577,5.8,1704,107,6.3,2026-08-07T10:05:19.852Z
2021,대학교,사립,대학,전남,기존,0000221,목포가톨릭대학교,570,17,3,124,3,2.4,2026-08-07T10:05:19.852Z
2021,대학교,국립,대학,전남,기존,0000011,국립목포대학교,9288,952,10.2,1538,107,7,2026-08-07T10:05:19.852Z
2021,대학교,국립,대학,전남,기존,0000012,국립목포해양대학교,3094,150,4.8,696,45,6.5,2026-08-07T10:05:19.852Z
2021,대학교,사립,대학,대전,기존,0000113,배재대학교,10466,798,7.6,1912,179,9.4,2026-08-07T10:05:19.852Z
2021,대학교,사립,대학,충남,기존,0000178,백석대학교,15678,777,5,3211,174,5.4,2026-08-07T10:05:19.852Z
2021,대학교,국립,대학,부산,기존,0000013,국립부경대학교,21498,900,4.2,3699,287,7.8,2026-08-07T10:05:19.852Z
2021,대학교,사립,대학,부산,기존,0000114,부산가톨릭대학교,4583,241,5.3,818,45,5.5,2026-08-07T10:05:19.852Z
2021,교육대학,국립,대학,부산,기존,0000254,부산교육대학교,1543,29,1.9,383,18,4.7,2026-08-07T10:05:19.852Z
2021,대학교,국립,대학,부산,기존,0000014,부산대학교,27487,1099,4,4581,410,9,2026-08-07T10:05:19.852Z
2021,사이버대학(대학),사립,대학,부산,기존,0000321,부산디지털대학교,2853,349,12.2,729,95,13,2026-08-07T10:05:19.852Z
2021,대학교,사립,대학,부산,기존,0000115,부산외국어대학교,10934,704,6.4,1586,90,5.7,2026-08-07T10:05:19.852Z
2021,대학교,사립,대학,경남,기존,0000222,부산장신대학교,233,21,9,32,4,12.5,2026-08-07T10:05:19.852Z
2021,사이버대학(대학),사립,대학,서울,기존,0000332,사이버한국외국어대학교,8327,1422,17.1,2031,268,13.2,2026-08-07T10:05:19.852Z
2021,대학교,사립,대학,서울,기존,0000116,삼육대학교,7154,298,4.2,1207,72,6,2026-08-07T10:05:19.852Z
2021,대학교,사립,대학,충남,기존,0002959,상명대학교_제2캠퍼스,7824,314,4,1452,82,5.6,2026-08-07T10:05:19.852Z
2021,대학교,사립,대학,서울,기존,0000117,상명대학교,9127,594,6.5,1602,147,9.2,2026-08-07T10:05:19.852Z
2021,대학교,사립,대학,강원,기존,0000119,상지대학교,9686,633,6.5,1653,143,8.7,2026-08-07T10:05:19.852Z
2021,대학교,사립,대학,서울,기존,0000120,서강대학교,11949,435,3.6,1804,217,12,2026-08-07T10:05:19.852Z
2021,대학교,사립,대학,서울,기존,0000121,서경대학교,8659,418,4.8,1589,122,7.7,2026-08-07T10:05:19.852Z
2021,대학교,국립,대학,서울,기존,0000036,서울과학기술대학교,14088,548,3.9,2385,214,9,2026-08-07T10:05:19.852Z
2021,교육대학,국립,대학,서울,기존,0000255,서울교육대학교,1593,53,3.3,395,37,9.4,2026-08-07T10:05:19.852Z
2021,대학교,사립,대학,서울,기존,0000098,서울기독대학교,555,63,11.4,86,11,12.8,2026-08-07T10:05:19.852Z
2021,대학교,국립대법인,대학,서울,기존,0000019,서울대학교,21333,405,1.9,3404,148,4.3,2026-08-07T10:05:19.852Z
2021,사이버대학(대학),사립,대학,서울,기존,0000322,서울디지털대학교,12422,2180,17.5,2943,479,16.3,2026-08-07T10:05:19.852Z
2021,사이버대학(대학),사립,대학,서울,기존,0000323,서울사이버대학교,17043,2887,16.9,5033,950,18.9,2026-08-07T10:05:19.852Z
2021,대학교,공립,대학,서울,기존,0000040,서울시립대학교,12331,388,3.1,1867,180,9.6,2026-08-07T10:05:19.852Z
2021,대학교,사립,대학,경기,기존,0000125,서울신학대학교,2714,151,5.6,484,28,5.8,2026-08-07T10:05:19.852Z
2021,대학교,사립,대학,서울,기존,0000126,서울여자대학교,8637,312,3.6,1749,159,9.1,2026-08-07T10:05:19.852Z
2021,대학교,사립,대학,경기,기존,0000127,서울장신대학교,517,30,5.8,65,1,1.5,2026-08-07T10:05:19.852Z
2021,대학교,사립,대학,서울,기존,0000205,서울한영대학교,893,61,6.8,176,9,5.1,2026-08-07T10:05:19.852Z
2021,대학교,사립,대학,충북,기존,0000128,서원대학교,8733,516,5.9,1663,109,6.6,2026-08-07T10:05:19.852Z
2021,대학교,사립,대학,충남,기존,0000129,선문대학교,12775,724,5.7,2369,194,8.2,2026-08-07T10:05:19.852Z
2021,대학교,사립,대학,경기,기존,0000131,성결대학교,7216,354,4.9,1295,98,7.6,2026-08-07T10:05:19.852Z
2021,대학교,사립,대학,서울,기존,0000132,성공회대학교,2865,136,4.7,533,38,7.1,2026-08-07T10:05:19.852Z
2021,대학교,사립,대학,서울,기존,0000133,성균관대학교,25439,853,3.4,3970,409,10.3,2026-08-07T10:05:19.852Z
2021,대학교,사립,대학,서울,기존,0000136,성신여자대학교,10918,397,3.6,2434,258,10.6,2026-08-07T10:05:19.852Z
2021,대학교,사립,대학,충북,기존,0000137,세명대학교,10077,626,6.2,1533,106,6.9,2026-08-07T10:05:19.852Z
2021,대학교,사립,대학,서울,기존,0000138,세종대학교,15955,856,5.4,2816,375,13.3,2026-08-07T10:05:19.852Z
2021,사이버대학(대학),사립,대학,서울,기존,0000325,세종사이버대학교,11103,1465,13.2,2654,387,14.6,2026-08-07T10:05:19.852Z
2021,대학교,사립,대학,전남,기존,0000092,세한대학교,4653,585,12.6,858,118,13.8,2026-08-07T10:05:19.852Z
2021,대학교,사립,대학,광주,기존,0000243,송원대학교,3791,514,13.6,785,170,21.7,2026-08-07T10:05:19.852Z
2021,대학교,사립,대학,경기,기존,0000139,수원가톨릭대학교,181,9,5,38,5,13.2,2026-08-07T10:05:19.852Z
2021,대학교,사립,대학,경기,기존,0000140,수원대학교,12168,638,5.2,2248,185,8.2,2026-08-07T10:05:19.852Z
2021,대학교,사립,대학,서울,기존,0000141,숙명여자대학교,12065,361,3,2408,193,8,2026-08-07T10:05:19.852Z
2021,각종학교(대학),사립,대학,충북,기존,0000317,순복음총회신학교,199,72,36.2,23,8,34.8,2026-08-07T10:05:19.852Z
2021,대학교,국립,대학,전남,기존,0000020,국립순천대학교,9186,535,5.8,1582,73,4.6,2026-08-07T10:05:19.852Z
2021,대학교,사립,대학,충남,기존,0000142,순천향대학교,14075,647,4.6,2636,186,7.1,2026-08-07T10:05:19.852Z
2021,대학교,사립,대학,서울,기존,0000143,숭실대학교,19290,553,2.9,3204,215,6.7,2026-08-07T10:05:19.852Z
2021,사이버대학(대학),사립,대학,서울,기존,0000329,숭실사이버대학교,7810,879,11.3,1778,189,10.6,2026-08-07T10:05:19.852Z
2021,대학교,사립,대학,부산,기존,0000144,신라대학교,11015,1039,9.4,1871,299,16,2026-08-07T10:05:19.852Z
2021,대학교,사립,대학,경기,기존,0002800,신한대학교_제2캠퍼스,6560,255,3.9,1212,52,4.3,2026-08-07T10:05:19.852Z
2021,대학교,사립,대학,경기,기존,0002712,신한대학교,1864,90,4.8,358,22,6.1,2026-08-07T10:05:19.852Z
2021,대학교,사립,대학,경기,기존,0000145,아신대학교,725,72,9.9,99,14,14.1,2026-08-07T10:05:19.852Z
2021,대학교,사립,대학,경기,기존,0000146,아주대학교,13780,481,3.5,2196,184,8.4,2026-08-07T10:05:19.852Z
2021,대학교,국립,대학,경북,기존,0000021,국립경국대학교,7925,457,5.8,1119,83,7.4,2026-08-07T10:05:19.852Z
2021,대학교,사립,대학,경기,기존,0000147,안양대학교,6152,352,5.7,1064,93,8.7,2026-08-07T10:05:19.852Z
2021,대학교,사립,대학,인천,기존,0000148,안양대학교_제2캠퍼스,416,27,6.5,72,2,2.8,2026-08-07T10:05:19.852Z
2021,대학교,사립,대학,서울,기존,0000149,연세대학교,27265,700,2.6,4436,278,6.3,2026-08-07T10:05:19.852Z
2021,대학교,사립,대학,강원,기존,0000150,연세대학교(미래)_분교,9741,292,3,1462,90,6.2,2026-08-07T10:05:19.852Z
2021,대학교,사립,대학,경북,기존,0000151,영남대학교,29034,1167,4,4847,233,4.8,2026-08-07T10:05:19.852Z
2021,대학교,사립,대학,경북,기존,0000153,영남신학대학교,557,59,10.6,115,26,22.6,2026-08-07T10:05:19.852Z
2021,대학교,사립,대학,경남,기존,0003193,영산대학교,3296,365,11.1,479,111,23.2,2026-08-07T10:05:19.852Z
2021,대학교,사립,대학,부산,기존,0003194,영산대학교_제2캠퍼스,4619,462,10,734,80,10.9,2026-08-07T10:05:19.852Z
2021,대학교,사립,대학,전남,기존,0000155,영산선학대학교,52,4,7.7,7,0,0,2026-08-07T10:05:19.852Z
2021,대학교,사립,대학,전북,기존,0000228,예수대학교,593,13,2.2,129,7,5.4,2026-08-07T10:05:19.852Z
2021,대학교,사립,대학,경기,기존,0000219,예원예술대학교_제2캠퍼스,511,45,8.8,116,18,15.5,2026-08-07T10:05:19.852Z
2021,대학교,사립,대학,전북,기존,0000218,예원예술대학교,1373,178,13,212,35,16.5,2026-08-07T10:05:19.852Z
2021,대학교,사립,대학,경기,기존,0000156,용인대학교,7985,483,6,1338,90,6.7,2026-08-07T10:05:19.852Z
2021,대학교,사립,대학,전북,기존,0000157,우석대학교,9445,749,7.9,1537,129,8.4,2026-08-07T10:05:19.852Z
2021,대학교,사립,대학,대전,기존,0000240,우송대학교,12490,629,5,2174,105,4.8,2026-08-07T10:05:19.852Z
2021,대학교,특별법법인,대학,울산,기존,0000250,울산과학기술원,2586,66,2.6,379,15,4,2026-08-07T10:05:19.852Z
2021,대학교,사립,대학,울산,기존,0000158,울산대학교,17338,799,4.6,2857,158,5.5,2026-08-07T10:05:19.852Z
2021,대학교,사립,대학,전북,기존,0000159,원광대학교,20622,1309,6.3,2962,185,6.2,2026-08-07T10:05:19.852Z
2021,사이버대학(대학),사립,대학,전북,기존,0000327,원광디지털대학교,6732,1186,17.6,1430,176,12.3,2026-08-07T10:05:19.852Z
2021,대학교,사립,대학,경북,기존,0000160,위덕대학교,3551,429,12.1,760,122,16.1,2026-08-07T10:05:19.852Z
2021,대학교,사립,대학,충북,기존,0000154,유원대학교,4881,465,9.5,732,43,5.9,2026-08-07T10:05:19.852Z
2021,대학교,사립,대학,대전,기존,0000161,을지대학교,300,4,1.3,48,3,6.3,2026-08-07T10:05:19.852Z
2021,대학교,사립,대학,경기,기존,0000162,을지대학교_제2캠퍼스,4731,156,3.3,890,47,5.3,2026-08-07T10:05:19.852Z
2021,대학교,사립,대학,경기,기존,0002911,을지대학교_제3캠퍼스,587,12,2,186,8,4.3,2026-08-07T10:05:19.852Z
2021,대학교,사립,대학,서울,기존,0000163,이화여자대학교,19359,485,2.5,3372,223,6.6,2026-08-07T10:05:19.852Z
2021,대학교,사립,대학,경남,기존,0000164,인제대학교,11610,715,6.2,1720,112,6.5,2026-08-07T10:05:19.852Z
2021,대학교,사립,대학,인천,기존,0000167,인천가톨릭대학교_제2캠퍼스,748,30,4,160,14,8.8,2026-08-07T10:05:19.852Z
2021,대학교,사립,대학,인천,기존,0000168,인천가톨릭대학교,93,9,9.7,16,3,18.8,2026-08-07T10:05:19.852Z
2021,대학교,국립대법인,대학,인천,기존,0002660,인천대학교,16066,590,3.7,2701,191,7.1,2026-08-07T10:05:19.852Z
2021,대학교,사립,대학,인천,기존,0000169,인하대학교,25481,863,3.4,4143,344,8.3,2026-08-07T10:05:19.852Z
2021,대학교,사립,대학,서울,기존,0000170,장로회신학대학교,858,32,3.7,152,12,7.9,2026-08-07T10:05:19.852Z
2021,대학교,국립,대학,광주,기존,0000023,전남대학교,21779,777,3.6,3613,230,6.4,2026-08-07T10:05:19.852Z
2021,대학교,국립,대학,전남,기존,0000024,전남대학교_제2캠퍼스,4110,301,7.3,799,64,8,2026-08-07T10:05:19.852Z
2021,대학교,국립,대학,전북,기존,0000025,전북대학교,24664,1083,4.4,4227,370,8.8,2026-08-07T10:05:19.852Z
2021,교육대학,국립,대학,전북,기존,0000258,전주교육대학교,1200,27,2.3,303,16,5.3,2026-08-07T10:05:19.852Z
2021,대학교,사립,대학,전북,기존,0000171,전주대학교,15618,891,5.7,2647,128,4.8,2026-08-07T10:05:19.852Z
2021,기술대학,사립,대학,서울,기존,0000288,정석대학,62,0,0,27,0,0,2026-08-07T10:05:19.852Z
2021,대학교,사립,대학,제주,기존,0000248,제주국제대학교,1154,218,18.9,112,34,30.4,2026-08-07T10:05:19.852Z
2021,대학교,국립,대학,제주,기존,0000027,제주대학교,13799,704,5.1,2286,147,6.4,2026-08-07T10:05:19.852Z
2021,대학교,사립,대학,광주,기존,0000172,조선대학교,26553,1348,5.1,4557,269,5.9,2026-08-07T10:05:19.852Z
2021,대학교,사립,대학,충남,기존,0000173,중부대학교,11857,988,8.3,1873,116,6.2,2026-08-07T10:05:19.852Z
2021,대학교,사립,대학,서울,기존,0000175,중앙대학교,25714,824,3.2,4023,350,8.7,2026-08-07T10:05:19.852Z
2021,대학교,사립,대학,경기,기존,0000174,중앙대학교_제2캠퍼스,6951,313,4.5,1314,104,7.9,2026-08-07T10:05:19.852Z
2021,대학교,사립,대학,경기,기존,0000177,중앙승가대학교,128,13,10.2,29,7,24.1,2026-08-07T10:05:19.852Z
2021,대학교,사립,대학,충북,기존,0000239,중원대학교,5216,699,13.4,899,113,12.6,2026-08-07T10:05:19.852Z
2021,교육대학,국립,대학,경남,기존,0000260,진주교육대학교,1356,22,1.6,338,12,3.6,2026-08-07T10:05:19.852Z
2021,대학교,사립,대학,경기,기존,0000187,차의과학대학교,2703,131,4.8,498,38,7.6,2026-08-07T10:05:19.852Z
2021,대학교,사립,대학,경남,기존,0000249,창신대학교,2370,202,8.5,487,38,7.8,2026-08-07T10:05:19.852Z
2021,대학교,국립,대학,경남,기존,0000028,국립창원대학교,10942,541,4.9,1865,123,6.6,2026-08-07T10:05:19.852Z
2021,산업대학,사립,대학,충남,기존,0000284,청운대학교,7839,535,6.8,1162,102,8.8,2026-08-07T10:05:19.852Z
2021,교육대학,국립,대학,충북,기존,0000261,청주교육대학교,1216,24,2,312,12,3.8,2026-08-07T10:05:19.852Z
2021,대학교,사립,대학,충북,기존,0000179,청주대학교,15930,681,4.3,2760,122,4.4,2026-08-07T10:05:19.852Z
2021,대학교,사립,대학,전남,기존,0000246,초당대학교,4083,543,13.3,784,162,20.7,2026-08-07T10:05:19.852Z
2021,대학교,사립,대학,서울,기존,0000180,총신대학교,1972,84,4.3,325,20,6.2,2026-08-07T10:05:19.852Z
2021,대학교,사립,대학,서울,기존,0000181,추계예술대학교,1427,71,5,263,23,8.7,2026-08-07T10:05:19.852Z
2021,교육대학,국립,대학,강원,기존,0000262,춘천교육대학교,1344,30,2.2,341,17,5,2026-08-07T10:05:19.852Z
2021,대학교,국립,대학,대전,기존,0000029,충남대학교,22869,897,3.9,3839,373,9.7,2026-08-07T10:05:19.852Z
2021,대학교,국립,대학,충북,기존,0000030,충북대학교,17986,679,3.8,3026,222,7.3,2026-08-07T10:05:19.852Z
2021,대학교,사립,대학,경기,기존,0000184,칼빈대학교,668,72,10.8,86,11,12.8,2026-08-07T10:05:19.852Z
2021,대학교,사립,대학,경기,기존,0000186,평택대학교,4615,299,6.5,855,48,5.6,2026-08-07T10:05:19.852Z
2021,대학교,사립,대학,경북,기존,0000188,포항공과대학교,1695,35,2.1,327,22,6.7,2026-08-07T10:05:19.852Z
2021,대학교,국립,대학,경기,기존,0000037,한경국립대학교,7104,433,6.1,1193,105,8.8,2026-08-07T10:05:19.852Z
2021,대학교,사립,대학,경기,기존,0000247,한국공학대학교,9726,444,4.6,1671,109,6.5,2026-08-07T10:05:19.852Z
2021,대학교,특별법법인,대학,대전,기존,0000374,한국과학기술원,4616,100,2.2,718,30,4.2,2026-08-07T10:05:19.852Z
2021,대학교,국립,대학,충북,기존,0000031,한국교원대학교,2649,61,2.3,585,38,6.5,2026-08-07T10:05:19.852Z
2021,대학교,국립,대학,충북,기존,0000034,국립한국교통대학교,11793,613,5.2,2116,149,7,2026-08-07T10:05:19.852Z
2021,대학교,사립,,경남,기존,,한국국제대학교,1736,356,20.5,147,39,26.5,2026-08-07T10:05:19.852Z
2021,대학교,사립,대학,충남,기존,0000189,한국기술교육대학교,6012,239,4,986,68,6.9,2026-08-07T10:05:19.852Z
2021,방송통신대학,국립,대학,서울,기존,0000273,한국방송통신대학교,142719,30122,21.1,12670,1450,11.4,2026-08-07T10:05:19.852Z
2021,대학교,사립,대학,서울,기존,0000191,한국성서대학교,1233,57,4.6,239,15,6.3,2026-08-07T10:05:19.852Z
2021,사이버대학(대학),사립,대학,서울,기존,0000326,한국열린사이버대학교,6578,1030,15.7,1912,333,17.4,2026-08-07T10:05:19.852Z
2021,각종학교(대학),특별법국립,대학,서울,기존,0000383,한국예술종합학교,3239,62,1.9,562,5,0.9,2026-08-07T10:05:19.852Z
2021,대학교,사립,대학,서울,기존,0000192,한국외국어대학교,23145,834,3.6,3820,316,8.3,2026-08-07T10:05:19.852Z
2021,대학교,특별법국립,대학,충남,기존,0003022,한국전통문화대학교,767,22,2.9,146,5,3.4,2026-08-07T10:05:19.852Z
2021,대학교,국립,대학,서울,기존,0000032,한국체육대학교,3095,69,2.2,565,7,1.2,2026-08-07T10:05:19.852Z
2021,대학교,사립,대학,대전,기존,0000182,한국침례신학대학교,1367,78,5.7,193,7,3.6,2026-08-07T10:05:19.852Z
2021,대학교,사립,대학,경기,기존,0000194,한국항공대학교,5729,191,3.3,996,62,6.2,2026-08-07T10:05:19.852Z
2021,대학교,국립,대학,부산,기존,0000033,국립한국해양대학교,8271,368,4.4,1498,122,8.1,2026-08-07T10:05:19.852Z
2021,대학교,사립,대학,대전,기존,0000195,한남대학교,15153,949,6.3,2861,158,5.5,2026-08-07T10:05:19.852Z
2021,대학교,사립,대학,경북,기존,0000196,한동대학교,5388,149,2.8,812,21,2.6,2026-08-07T10:05:19.852Z
2021,대학교,사립,대학,강원,기존,0000197,한라대학교,4913,291,5.9,684,39,5.7,2026-08-07T10:05:19.852Z
2021,대학교,사립,대학,전남,폐교,0000242,한려대학교,424,25,5.9,60,3,5,2026-08-07T10:05:19.852Z
2021,대학교,사립,대학,강원,기존,0000198,한림대학교,10635,483,4.5,1874,119,6.4,2026-08-07T10:05:19.852Z
2021,대학교,국립,대학,대전,기존,0000039,국립한밭대학교,11647,740,6.4,2104,139,6.6,2026-08-07T10:05:19.852Z
2021,대학교,사립,대학,충남,기존,0000199,한서대학교,9190,606,6.6,1628,168,10.3,2026-08-07T10:05:19.852Z
2021,대학교,사립,대학,서울,기존,0000200,한성대학교,9469,310,3.3,1646,100,6.1,2026-08-07T10:05:19.852Z
2021,대학교,사립,대학,경기,기존,0000201,한세대학교,3318,189,5.7,606,56,9.2,2026-08-07T10:05:19.852Z
2021,대학교,사립,대학,경기,기존,0000202,한신대학교,7651,399,5.2,1286,80,6.2,2026-08-07T10:05:19.852Z
2021,대학교,사립,대학,서울,기존,0000203,한양대학교,22556,776,3.4,3603,354,9.8,2026-08-07T10:05:19.852Z
2021,대학교,사립,대학,경기,기존,0000204,한양대학교(ERICA)_분교,13657,344,2.5,2301,125,5.4,2026-08-07T10:05:19.852Z
2021,사이버대학(대학),사립,대학,서울,기존,0000331,한양사이버대학교,17885,2677,15,4405,620,14.1,2026-08-07T10:05:19.852Z
2021,대학교,사립,대학,전북,기존,0000206,한일장신대학교,1068,107,10,197,18,9.1,2026-08-07T10:05:19.852Z
2021,대학교,사립,대학,경기,기존,0000207,협성대학교,5474,320,5.8,1026,81,7.9,2026-08-07T10:05:19.852Z
2021,대학교,사립,대학,광주,기존,0000208,호남대학교,9088,608,6.7,1520,91,6,2026-08-07T10:05:19.852Z
2021,대학교,사립,대학,광주,기존,0000209,호남신학대학교,791,60,7.6,131,26,19.8,2026-08-07T10:05:19.852Z
2021,대학교,사립,대학,충남,기존,0000211,호서대학교,16469,820,5,3041,211,6.9,2026-08-07T10:05:19.852Z
2021,산업대학,사립,대학,전북,기존,0000282,호원대학교,6700,723,10.8,1217,144,11.8,2026-08-07T10:05:19.852Z
2021,대학교,사립,대학,서울,기존,0000212,홍익대학교,17620,718,4.1,2810,344,12.2,2026-08-07T10:05:19.852Z
2021,대학교,사립,대학,세종,기존,0002949,홍익대학교_제2캠퍼스,8240,458,5.6,1377,165,12,2026-08-07T10:05:19.852Z
2021,대학교,사립,대학,경기,기존,0000233,화성의과학대학교,841,211,25.1,75,4,5.3,2026-08-07T10:05:19.852Z
2021,사이버대학(대학),사립,대학,부산,기존,0000333,화신사이버대학교,1702,300,17.6,505,97,19.2,2026-08-07T10:05:19.852Z
2021,기능대학,사립,전문대학,경기,기존,0000579,ICT폴리텍대학,515,48,9.3,134,13,9.7,2026-08-07T10:05:19.852Z
2021,전문대학,사립,전문대학,경북,기존,0000410,가톨릭상지대학교,2452,200,8.2,793,72,9.1,2026-08-07T10:05:19.852Z
2021,전문대학,사립,전문대학,충북,기존,0000433,강동대학교,4526,536,11.8,1207,132,10.9,2026-08-07T10:05:19.852Z
2021,전문대학,사립,전문대학,강원,기존,0000514,강릉영동대학교,4258,146,3.4,831,47,5.7,2026-08-07T10:05:19.852Z
2021,전문대학,사립,전문대학,강원,폐교,0000548,강원관광대학교,718,534,74.4,124,8,6.5,2026-08-07T10:05:19.852Z
2021,전문대학,공립,전문대학,강원,기존,0002639,강원도립대학교,950,110,11.6,314,25,8,2026-08-07T10:05:19.852Z
2021,전문대학,사립,전문대학,경남,기존,0000412,거제대학교,1397,90,6.4,326,14,4.3,2026-08-07T10:05:19.852Z
2021,전문대학,사립,전문대학,경기,기존,0000560,경기과학기술대학교,7575,369,4.9,1863,145,7.8,2026-08-07T10:05:19.852Z
2021,전문대학,공립,전문대학,경남,기존,0000402,경남도립거창대학,1153,77,6.7,390,24,6.2,2026-08-07T10:05:19.852Z
2021,전문대학,공립,전문대학,경남,기존,0000403,경남도립남해대학,1291,164,12.7,380,38,10,2026-08-07T10:05:19.852Z
2021,전문대학,사립,전문대학,부산,기존,0002640,경남정보대학교,10760,711,6.6,2654,144,5.4,2026-08-07T10:05:19.852Z
2021,전문대학,사립,전문대학,경기,기존,0000416,경민대학교,6473,302,4.7,1722,125,7.3,2026-08-07T10:05:19.852Z
2021,전문대학,사립,전문대학,경기,기존,0002641,경복대학교,7942,349,4.4,2332,148,6.3,2026-08-07T10:05:19.852Z
2021,전문대학,사립,전문대학,경북,기존,0000456,경북과학대학교,2004,215,10.7,811,129,15.9,2026-08-07T10:05:19.852Z
2021,전문대학,공립,전문대학,경북,폐교,0000405,경북도립대학교,1161,132,11.4,365,45,12.3,2026-08-07T10:05:19.852Z
2021,전문대학,사립,전문대학,경북,기존,0000438,경북보건대학교,1460,71,4.9,381,16,4.2,2026-08-07T10:05:19.852Z
2021,전문대학,사립,전문대학,경북,기존,0002642,경북전문대학교,3474,152,4.4,1098,37,3.4,2026-08-07T10:05:19.852Z
2021,전문대학,사립,전문대학,인천,기존,0000422,경인여자대학교,4943,249,5,1888,106,5.6,2026-08-07T10:05:19.852Z
2021,전문대학,사립,전문대학,대구,기존,0000425,계명문화대학교,6825,543,8,2176,127,5.8,2026-08-07T10:05:19.852Z
2021,전문대학,사립,전문대학,경기,기존,0000426,계원예술대학교,4046,237,5.9,1250,89,7.1,2026-08-07T10:05:19.852Z
2021,전문대학,사립,전문대학,전남,기존,0000435,나주대학교,1776,251,14.1,776,147,18.9,2026-08-07T10:05:19.852Z
2021,전문대학,사립,전문대학,전남,기존,0000428,광양보건대학교,454,71,15.6,60,6,10,2026-08-07T10:05:19.852Z
2021,전문대학,사립,전문대학,광주,기존,0000429,광주보건대학교,4751,275,5.8,1435,76,5.3,2026-08-07T10:05:19.852Z
2021,전문대학,사립,전문대학,경북,기존,0000430,구미대학교,6885,578,8.4,2488,223,9,2026-08-07T10:05:19.852Z
2021,전문대학,사립,전문대학,경기,기존,0000549,국제대학교,5243,727,13.9,1313,301,22.9,2026-08-07T10:05:19.852Z
2021,전문대학,사립,전문대학,전북,기존,0002971,군산간호대학교,1274,28,2.2,310,13,4.2,2026-08-07T10:05:19.852Z
2021,전문대학,사립,전문대학,전북,기존,0000432,군장대학교,2227,162,7.3,822,93,11.3,2026-08-07T10:05:19.852Z
2021,전문대학,사립,전문대학,광주,기존,0002972,기독간호대학교,648,11,1.7,162,6,3.7,2026-08-07T10:05:19.852Z
2021,전문대학,사립,전문대학,경기,기존,0000440,김포대학교,4107,436,10.6,1004,98,9.8,2026-08-07T10:05:19.852Z
2021,전문대학,사립,전문대학,경남,기존,0000569,김해대학교,1705,112,6.6,495,37,7.5,2026-08-07T10:05:19.852Z
2021,전문대학,사립,전문대학,경기,기존,0000441,농협대학교,515,16,3.1,157,7,4.5,2026-08-07T10:05:19.852Z
2021,전문대학,사립,전문대학,경북,기존,0000442,대경대학교,5142,570,11.1,1917,228,11.9,2026-08-07T10:05:19.852Z
2021,전문대학,사립,전문대학,대구,기존,0000443,대구공업대학교,2552,586,23,815,110,13.5,2026-08-07T10:05:19.852Z
2021,전문대학,사립,전문대학,대구,기존,0000446,대구과학대학교,4896,310,6.3,1610,99,6.1,2026-08-07T10:05:19.852Z
2021,전문대학,사립,전문대학,대구,기존,0000444,대구보건대학교,8594,492,5.7,2596,148,5.7,2026-08-07T10:05:19.852Z
2021,전문대학,사립,전문대학,대전,기존,0000546,대덕대학교,4472,699,15.6,1217,121,9.9,2026-08-07T10:05:19.852Z
2021,전문대학,사립,전문대학,부산,기존,0000447,대동대학교,1790,93,5.2,479,25,5.2,2026-08-07T10:05:19.852Z
2021,전문대학,사립,전문대학,경기,기존,0000448,대림대학교,10583,549,5.2,3173,148,4.7,2026-08-07T10:05:19.852Z
2021,전문대학,사립,전문대학,충북,기존,0000449,대원대학교,2861,210,7.3,861,60,7,2026-08-07T10:05:19.852Z
2021,전문대학,사립,전문대학,대전,기존,0000453,대전과학기술대학교,5169,491,9.5,1573,184,11.7,2026-08-07T10:05:19.852Z
2021,전문대학,사립,전문대학,대전,기존,0000451,대전보건대학교,6943,406,5.8,1925,78,4.1,2026-08-07T10:05:19.852Z
2021,전문대학,사립,전문대학,광주,기존,0000460,동강대학교,3378,420,12.4,1090,216,19.8,2026-08-07T10:05:19.852Z
2021,전문대학,사립,전문대학,경기,기존,0000457,동남보건대학교,5616,232,4.1,1726,96,5.6,2026-08-07T10:05:19.852Z
2021,전문대학,사립,전문대학,경기,기존,0000450,동서울대학교,8293,611,7.4,2616,167,6.4,2026-08-07T10:05:19.852Z
2021,전문대학,사립,전문대학,경기,기존,0000461,동아방송예술대학교,4207,221,5.3,1201,76,6.3,2026-08-07T10:05:19.852Z
2021,전문대학,사립,전문대학,전남,기존,0000462,동아보건대학교,1659,205,12.4,552,92,16.7,2026-08-07T10:05:19.852Z
2021,전문대학,사립,전문대학,서울,기존,0000463,동양미래대학교,10156,654,6.4,2837,212,7.5,2026-08-07T10:05:19.852Z
2021,전문대학,사립,전문대학,경남,기존,0000509,동원과학기술대학교,3191,237,7.4,996,84,8.4,2026-08-07T10:05:19.852Z
2021,전문대학,사립,전문대학,경기,기존,0000465,동원대학교,4764,493,10.3,1370,133,9.7,2026-08-07T10:05:19.852Z
2021,전문대학,사립,전문대학,부산,기존,0000466,동의과학대학교,7521,743,9.9,1756,156,8.9,2026-08-07T10:05:19.852Z
2021,전문대학,사립,전문대학,부산,기존,0000467,부산보건대학교,3787,348,9.2,965,80,8.3,2026-08-07T10:05:19.852Z
2021,전문대학,사립,전문대학,경기,기존,0000469,두원공과대학교,5928,549,9.3,955,83,8.7,2026-08-07T10:05:19.852Z
2021,전문대학,사립,전문대학,경남,기존,0000470,마산대학교,6972,471,6.8,2061,117,5.7,2026-08-07T10:05:19.852Z
2021,전문대학,사립,전문대학,서울,기존,0000473,명지전문대학,9524,683,7.2,3280,290,8.8,2026-08-07T10:05:19.852Z
2021,전문대학,사립,전문대학,전남,기존,0000474,목포과학대학교,3225,446,13.8,966,107,11.1,2026-08-07T10:05:19.852Z
2021,전문대학,사립,전문대학,경북,기존,0000475,문경대학교,1069,61,5.7,294,14,4.8,2026-08-07T10:05:19.852Z
2021,전문대학,사립,전문대학,서울,기존,0000476,배화여자대학교,3227,190,5.9,1364,91,6.7,2026-08-07T10:05:19.852Z
2021,전문대학,사립,전문대학,충남,기존,0000543,백석문화대학교,6998,617,8.8,1738,160,9.2,2026-08-07T10:05:19.852Z
2021,전문대학,사립,전문대학,전북,기존,0000477,백제예술대학교,1575,170,10.8,565,47,8.3,2026-08-07T10:05:19.852Z
2021,전문대학,사립,전문대학,부산,기존,0000479,부산경상대학교,3764,936,24.9,1292,278,21.5,2026-08-07T10:05:19.852Z
2021,전문대학,사립,전문대학,부산,기존,0000481,부산과학기술대학교,5779,700,12.1,1300,123,9.5,2026-08-07T10:05:19.852Z
2021,전문대학,사립,전문대학,부산,기존,0000480,부산여자대학교,2576,128,5,836,56,6.7,2026-08-07T10:05:19.852Z
2021,전문대학,사립,전문대학,부산,기존,0000561,부산예술대학교,876,145,16.6,389,61,15.7,2026-08-07T10:05:19.852Z
2021,전문대학,사립,전문대학,경기,기존,0000482,부천대학교,10281,617,6,3529,194,5.5,2026-08-07T10:05:19.852Z
2021,전문대학,사립,전문대학,서울,기존,0000483,삼육보건대학교,1560,66,4.2,553,29,5.2,2026-08-07T10:05:19.852Z
2021,전문대학,사립,전문대학,강원,폐교,0000485,상지영서대학교,737,191,25.9,0,0,0,2026-08-07T10:05:19.852Z
2021,전문대학,사립,전문대학,경북,폐교,0002645,서라벌대학교,709,37,5.2,208,16,7.7,2026-08-07T10:05:19.852Z
2021,전문대학,사립,전문대학,광주,기존,0002646,서영대학교,7564,517,6.8,2231,173,7.8,2026-08-07T10:05:19.852Z
2021,전문대학,사립,전문대학,서울,기존,0002973,서울여자간호대학교,997,28,2.8,261,18,6.9,2026-08-07T10:05:19.852Z
2021,전문대학,사립,전문대학,경기,기존,0000489,서울예술대학교,4243,137,3.2,1137,23,2,2026-08-07T10:05:19.852Z
2021,전문대학,사립,전문대학,서울,기존,0000490,서일대학교,8477,661,7.8,2506,192,7.7,2026-08-07T10:05:19.852Z
2021,전문대학,사립,전문대학,경기,기존,0000566,서정대학교,9024,2504,27.7,2725,279,10.2,2026-08-07T10:05:19.852Z
2021,전문대학,사립,전문대학,경북,기존,0000550,선린대학교,2836,227,8,779,51,6.5,2026-08-07T10:05:19.852Z
2021,전문대학,사립,전문대학,부산,폐교,0000493,성심외국어대학,1239,0,0,0,0,0,2026-08-07T10:05:19.852Z
2021,전문대학,사립,전문대학,경북,기존,0002647,성운대학교,1523,143,9.4,712,82,11.5,2026-08-07T10:05:19.852Z
2021,전문대학,사립,전문대학,강원,기존,0000515,세경대학교,1212,132,10.9,470,46,9.8,2026-08-07T10:05:19.852Z
2021,전문대학,사립,전문대학,강원,기존,0000567,송곡대학교,768,68,8.9,233,28,12,2026-08-07T10:05:19.852Z
2021,전문대학,사립,전문대학,강원,기존,0000564,송호대학교,1325,214,16.2,360,72,20,2026-08-07T10:05:19.852Z
2021,전문대학,사립,전문대학,대구,기존,0002649,수성대학교,4595,509,11.1,1386,132,9.5,2026-08-07T10:05:19.852Z
2021,전문대학,사립,전문대학,경기,기존,0000497,수원과학대학교,7335,580,7.9,1686,135,8,2026-08-07T10:05:19.852Z
2021,전문대학,사립,전문대학,경기,기존,0000496,수원여자대학교,4400,257,5.8,1513,107,7.1,2026-08-07T10:05:19.852Z
2021,전문대학,사립,전문대학,전남,기존,0000498,순천제일대학교,3734,456,12.2,1212,104,8.6,2026-08-07T10:05:19.852Z
2021,전문대학,사립,전문대학,서울,기존,0000500,숭의여자대학교,3587,205,5.7,1575,122,7.7,2026-08-07T10:05:19.852Z
2021,전문대학,사립,전문대학,경기,기존,0000501,신구대학교,8579,496,5.8,2872,185,6.4,2026-08-07T10:05:19.852Z
2021,전문대학,사립,전문대학,충남,기존,0000502,신성대학교,4835,441,9.1,1282,104,8.1,2026-08-07T10:05:19.852Z
2021,전문대학,사립,전문대학,경기,기존,0000506,신안산대학교,5226,433,8.3,1156,97,8.4,2026-08-07T10:05:19.852Z
2021,전문대학,사립,전문대학,경기,폐교,0000503,신흥대학교,0,2,0,0,0,0,2026-08-07T10:05:19.852Z
2021,전문대학,사립,전문대학,충남,기존,0000454,아주자동차대학교,2117,108,5.1,371,44,11.9,2026-08-07T10:05:19.852Z
2021,전문대학,사립,전문대학,경북,기존,0002650,안동과학대학교,3193,254,8,804,35,4.4,2026-08-07T10:05:19.852Z
2021,전문대학,사립,전문대학,경기,기존,0000507,안산대학교,5477,304,5.6,1496,94,6.3,2026-08-07T10:05:19.852Z
2021,전문대학,사립,전문대학,경기,기존,0000510,여주대학교,6716,552,8.2,1713,131,7.6,2026-08-07T10:05:19.852Z
2021,전문대학,사립,전문대학,경기,기존,0002651,연성대학교,8196,360,4.4,2631,153,5.8,2026-08-07T10:05:19.852Z
2021,전문대학,사립,전문대학,경남,기존,0002652,연암공과대학교,2482,176,7.1,558,26,4.7,2026-08-07T10:05:19.852Z
2021,전문대학,사립,전문대학,충남,기존,0000512,연암대학교,1516,68,4.5,575,19,3.3,2026-08-07T10:05:19.852Z
2021,전문대학,사립,전문대학,경북,기존,0000418,영남외국어대학,481,32,6.7,167,19,11.4,2026-08-07T10:05:19.852Z
2021,전문대학,사립,전문대학,대구,기존,0000513,영남이공대학교,8260,585,7.1,2171,130,6,2026-08-07T10:05:19.852Z
2021,사이버대학(전문대학),사립,전문대학,대구,기존,0000575,영진사이버대학교,4202,290,6.9,1726,87,5,2026-08-07T10:05:19.852Z
2021,전문대학,사립,전문대학,대구,기존,0000517,영진전문대학교,11971,1238,10.3,3148,426,13.5,2026-08-07T10:05:19.852Z
2021,전문대학,사립,전문대학,경기,기존,0002653,오산대학교,7096,780,11,2099,272,13,2026-08-07T10:05:19.852Z
2021,전문대학,사립,전문대학,경기,기존,0000520,용인예술과학대학교,5234,465,8.9,1261,117,9.3,2026-08-07T10:05:19.852Z
2021,전문대학,사립,전문대학,대전,기존,0000452,우송정보대학,6128,600,9.8,1551,113,7.3,2026-08-07T10:05:19.852Z
2021,전문대학,사립,전문대학,울산,기존,0000521,울산과학대학교,8129,460,5.7,2010,107,5.3,2026-08-07T10:05:19.852Z
2021,전문대학,사립,전문대학,경기,기존,0000568,웅지세무대학교,1547,164,10.6,156,17,10.9,2026-08-07T10:05:19.852Z
2021,전문대학,사립,전문대학,전북,기존,0000523,원광보건대학교,6497,431,6.6,1795,101,5.6,2026-08-07T10:05:19.852Z
2021,전문대학,사립,전문대학,경기,기존,0000524,유한대학교,7642,390,5.1,2198,109,5,2026-08-07T10:05:19.852Z
2021,전문대학,사립,전문대학,서울,기존,0000525,인덕대학교,8800,560,6.4,2591,148,5.7,2026-08-07T10:05:19.852Z
2021,전문대학,사립,전문대학,인천,기존,0000455,재능대학교,5687,497,8.7,1752,195,11.1,2026-08-07T10:05:19.852Z
2021,전문대학,사립,전문대학,인천,기존,0002654,인하공업전문대학,11087,657,5.9,3246,198,6.1,2026-08-07T10:05:19.852Z
2021,전문대학,사립,전문대학,경기,기존,0000527,장안대학교,6535,677,10.4,1630,123,7.5,2026-08-07T10:05:19.852Z
2021,전문대학,사립,전문대학,전남,기존,0000529,전남과학대학교,4035,393,9.7,1531,171,11.2,2026-08-07T10:05:19.852Z
2021,전문대학,공립,전문대학,전남,기존,0000562,전남도립대학교,1688,275,16.3,595,99,16.6,2026-08-07T10:05:19.852Z
2021,전문대학,사립,전문대학,전북,기존,0000531,전북과학대학교,1868,109,5.8,730,55,7.5,2026-08-07T10:05:19.852Z
2021,전문대학,사립,전문대학,전북,기존,0000437,전주기전대학,1900,234,12.3,687,96,14,2026-08-07T10:05:19.852Z
2021,전문대학,사립,전문대학,전북,기존,0000530,전주비전대학교,5052,332,6.6,1534,83,5.4,2026-08-07T10:05:19.852Z
2021,전문대학,사립,전문대학,제주,기존,0000532,제주관광대학교,2738,421,15.4,756,139,18.4,2026-08-07T10:05:19.852Z
2021,전문대학,사립,전문대학,제주,기존,0002655,제주한라대학교,9653,574,5.9,1811,166,9.2,2026-08-07T10:05:19.852Z
2021,전문대학,사립,전문대학,광주,기존,0002974,조선간호대학교,817,14,1.7,193,4,2.1,2026-08-07T10:05:19.852Z
2021,전문대학,사립,전문대학,광주,기존,0000534,조선이공대학교,5596,560,10,1507,122,8.1,2026-08-07T10:05:19.852Z
2021,전문대학,사립,전문대학,경남,기존,0000539,진주보건대학교,3106,126,4.1,843,39,4.6,2026-08-07T10:05:19.852Z
2021,전문대학,사립,전문대학,경남,기존,0000542,창원문성대학교,3716,207,5.6,736,42,5.7,2026-08-07T10:05:19.852Z
2021,전문대학,사립,전문대학,경기,기존,0000544,청강문화산업대학교,5019,188,3.7,1423,29,2,2026-08-07T10:05:19.852Z
2021,전문대학,사립,전문대학,전남,기존,0002656,청암대학교,3252,199,6.1,908,111,12.2,2026-08-07T10:05:19.852Z
2021,전문대학,사립,전문대학,울산,기존,0000545,춘해보건대학교,3092,113,3.7,893,47,5.3,2026-08-07T10:05:19.852Z
2021,전문대학,공립,전문대학,충남,기존,0002657,충남도립대학교,1507,98,6.5,477,38,8,2026-08-07T10:05:19.852Z
2021,전문대학,공립,전문대학,충북,기존,0000406,충북도립대학교,1173,102,8.7,395,39,9.9,2026-08-07T10:05:19.852Z
2021,전문대학,사립,전문대학,충북,기존,0000536,충북보건과학대학교,3646,291,8,1020,72,7.1,2026-08-07T10:05:19.852Z
2021,전문대학,사립,전문대학,충북,기존,0000547,충청대학교,5175,418,8.1,1388,103,7.4,2026-08-07T10:05:19.852Z
2021,전문대학,사립,전문대학,경북,기존,0002658,포항대학교,2167,203,9.4,633,54,8.5,2026-08-07T10:05:19.852Z
2021,전문대학,사립,전문대학,강원,기존,0000578,한국골프과학기술대학교,777,134,17.2,187,22,11.8,2026-08-07T10:05:19.852Z
2021,전문대학,사립,전문대학,경기,기존,0000565,한국관광대학교,2560,116,4.5,845,40,4.7,2026-08-07T10:05:19.852Z
2021,전문대학,특별법국립,전문대학,전북,기존,0003019,한국농수산대학교,1934,60,3.1,684,25,3.7,2026-08-07T10:05:19.852Z
2021,전문대학,국립,전문대학,경기,폐교,0002659,한국복지대학교,869,72,8.3,318,19,6,2026-08-07T10:05:19.852Z
2021,사이버대학(전문대학),사립,전문대학,경북,기존,0000576,한국복지사이버대학교,2770,400,14.4,1313,149,11.3,2026-08-07T10:05:19.852Z
2021,전문대학,사립,전문대학,경남,기존,0000570,한국승강기대학교,1339,98,7.3,278,8,2.9,2026-08-07T10:05:19.852Z
2021,전문대학,사립,전문대학,세종,기존,0000522,한국영상대학교,4273,287,6.7,1209,71,5.9,2026-08-07T10:05:19.852Z
2021,기능대학,사립,전문대학,서울,기존,0000585,한국폴리텍 I 대학 서울강서캠퍼스,688,46,6.7,257,20,7.8,2026-08-07T10:05:19.852Z
2021,기능대학,사립,전문대학,서울,기존,0000584,한국폴리텍 I 대학 서울정수캠퍼스,2097,204,9.7,721,89,12.3,2026-08-07T10:05:19.852Z
2021,기능대학,사립,전문대학,경기,기존,0000586,한국폴리텍 I 대학 성남캠퍼스,1314,115,8.8,319,41,12.9,2026-08-07T10:05:19.852Z
2021,기능대학,사립,전문대학,제주,기존,0002912,한국폴리텍 I 대학 제주캠퍼스,61,19,31.1,30,5,16.7,2026-08-07T10:05:19.852Z
2021,기능대학,사립,전문대학,인천,기존,0000590,한국폴리텍 II 대학 남인천캠퍼스,55,2,3.6,30,1,3.3,2026-08-07T10:05:19.852Z
2021,기능대학,사립,전문대학,인천,기존,0000589,한국폴리텍 II 대학 인천캠퍼스,3029,305,10.1,1004,117,11.7,2026-08-07T10:05:19.852Z
2021,기능대학,사립,전문대학,경기,기존,0003105,한국폴리텍 II 대학 화성캠퍼스,9,4,44.4,9,4,44.4,2026-08-07T10:05:19.852Z
2021,기능대학,사립,전문대학,강원,기존,0000594,한국폴리텍 III 대학 강릉캠퍼스,207,16,7.7,70,4,5.7,2026-08-07T10:05:19.852Z
2021,기능대학,사립,전문대학,강원,기존,0002854,한국폴리텍 III 대학 원주캠퍼스,124,10,8.1,55,6,10.9,2026-08-07T10:05:19.852Z
2021,기능대학,사립,전문대학,강원,기존,0000593,한국폴리텍 III 대학 춘천캠퍼스,408,32,7.8,135,10,7.4,2026-08-07T10:05:19.852Z
2021,기능대학,사립,전문대학,대전,기존,0000603,한국폴리텍 IV 대학 대전캠퍼스,1280,126,9.8,372,43,11.6,2026-08-07T10:05:19.852Z
2021,기능대학,사립,전문대학,충남,기존,0000606,한국폴리텍 IV 대학 아산캠퍼스,801,71,8.9,247,27,10.9,2026-08-07T10:05:19.852Z
2021,기능대학,사립,전문대학,충북,기존,0000604,한국폴리텍 IV 대학 청주캠퍼스,1177,91,7.7,383,39,10.2,2026-08-07T10:05:19.852Z
2021,기능대학,사립,전문대학,충남,기존,0000607,한국폴리텍 IV 대학 충남캠퍼스,330,16,4.8,66,5,7.6,2026-08-07T10:05:19.852Z
2021,기능대학,사립,전문대학,광주,기존,0000616,한국폴리텍 V 대학 광주캠퍼스,1324,83,6.3,398,37,9.3,2026-08-07T10:05:19.852Z
2021,기능대학,사립,전문대학,전남,기존,0002975,한국폴리텍 V 대학 순천캠퍼스,21,2,9.5,14,2,14.3,2026-08-07T10:05:19.852Z
2021,기능대학,사립,전문대학,전북,기존,0000620,한국폴리텍 V 대학 익산캠퍼스,175,19,10.9,67,8,11.9,2026-08-07T10:05:19.852Z
2021,기능대학,사립,전문대학,전남,기존,0000619,한국폴리텍 V 대학 전남캠퍼스,365,57,15.6,104,16,15.4,2026-08-07T10:05:19.852Z
2021,기능대학,사립,전문대학,전북,기존,0000617,한국폴리텍 V 대학 전북캠퍼스,693,79,11.4,208,25,12,2026-08-07T10:05:19.852Z
2021,기능대학,사립,전문대학,경북,기존,0000624,한국폴리텍 VI 대학 구미캠퍼스,796,119,14.9,257,28,10.9,2026-08-07T10:05:19.852Z
2021,기능대학,사립,전문대학,대구,기존,0000623,한국폴리텍 VI 대학 대구캠퍼스,849,106,12.5,244,29,11.9,2026-08-07T10:05:19.852Z
2021,기능대학,사립,전문대학,대구,기존,0000636,한국폴리텍 VI 대학 영남융합기술캠퍼스,214,48,22.4,116,32,27.6,2026-08-07T10:05:19.852Z
2021,기능대학,사립,전문대학,경북,기존,0002674,한국폴리텍 VI 대학 영주캠퍼스,70,6,8.6,21,3,14.3,2026-08-07T10:05:19.852Z
2021,기능대학,사립,전문대학,부산,기존,0000632,한국폴리텍 VII 대학 부산캠퍼스,1393,143,10.3,410,55,13.4,2026-08-07T10:05:19.852Z
2021,기능대학,사립,전문대학,울산,기존,0000633,한국폴리텍 VII 대학 울산캠퍼스,1054,133,12.6,346,61,17.6,2026-08-07T10:05:19.852Z
2021,기능대학,사립,전문대학,경남,기존,0000631,한국폴리텍 VII 대학 창원캠퍼스,2265,156,6.9,734,53,7.2,2026-08-07T10:05:19.852Z
2021,기능대학,사립,전문대학,경북,기존,0003104,한국폴리텍 특성화대학 로봇캠퍼스,99,11,11.1,103,11,10.7,2026-08-07T10:05:19.852Z
2021,기능대학,사립,전문대학,충남,기존,0000635,한국폴리텍 특성화대학 바이오캠퍼스,584,39,6.7,211,21,10,2026-08-07T10:05:19.852Z
2021,기능대학,사립,전문대학,경기,기존,0000637,한국폴리텍 특성화대학 반도체융합캠퍼스,990,105,10.6,306,36,11.8,2026-08-07T10:05:19.852Z
2021,기능대학,사립,전문대학,경남,기존,0000638,한국폴리텍 특성화대학 항공캠퍼스,923,65,7,194,19,9.8,2026-08-07T10:05:19.852Z
2021,전문대학,사립,전문대학,강원,기존,0000553,한림성심대학교,4267,324,7.6,1139,64,5.6,2026-08-07T10:05:19.852Z
2021,전문대학,사립,전문대학,서울,기존,0000554,한양여자대학교,7661,458,6,3021,255,8.4,2026-08-07T10:05:19.852Z
2021,전문대학,사립,전문대학,전남,기존,0000555,한영대학교,1794,117,6.5,667,52,7.8,2026-08-07T10:05:19.852Z
2021,전문대학,사립,전문대학,충남,기존,0000556,혜전대학교,3373,226,6.7,951,62,6.5,2026-08-07T10:05:19.852Z
2021,전문대학,사립,전문대학,경북,기존,0000415,호산대학교,2170,184,8.5,781,92,11.8,2026-08-07T10:05:19.852Z
2020,대학교,사립,대학,경남,기존,0002748,가야대학교(김해),2919,225,7.7,496,30,6,2026-08-07T10:05:19.852Z
2020,대학교,사립,대학,경기,기존,0000063,가천대학교,25467,943,3.7,4186,290,6.9,2026-08-07T10:05:19.852Z
2020,대학교,사립,대학,강원,기존,0000072,가톨릭관동대학교,12473,960,7.7,2236,142,6.4,2026-08-07T10:05:19.852Z
2020,대학교,사립,대학,충북,기존,0000215,가톨릭꽃동네대학교,584,13,2.2,112,4,3.6,2026-08-07T10:05:19.852Z
2020,대학교,사립,대학,경기,기존,0000046,가톨릭대학교,9611,355,3.7,1599,141,8.8,2026-08-07T10:05:19.852Z
2020,대학교,사립,대학,서울,기존,0000048,가톨릭대학교_제2캠퍼스,960,6,0.6,180,4,2.2,2026-08-07T10:05:19.852Z
2020,대학교,사립,대학,서울,기존,0000049,가톨릭대학교_제3캠퍼스,307,8,2.6,53,1,1.9,2026-08-07T10:05:19.852Z
2020,대학교,사립,대학,서울,기존,0000050,감리교신학대학교,1106,42,3.8,198,4,2,2026-08-07T10:05:19.852Z
2020,대학교,사립,대학,경기,기존,0000051,강남대학교,8973,588,6.6,1616,149,9.2,2026-08-07T10:05:19.852Z
2020,대학교,국립,대학,강원,기존,0000001,국립강릉원주대학교,7989,475,5.9,1444,95,6.6,2026-08-07T10:05:19.852Z
2020,대학교,국립,대학,강원,기존,0000002,국립강릉원주대학교_제2캠퍼스,2873,105,3.7,510,18,3.5,2026-08-07T10:05:19.852Z
2020,대학교,국립,대학,강원,기존,0000004,강원대학교_제2캠퍼스,9924,596,6,1614,82,5.1,2026-08-07T10:05:19.852Z
2020,대학교,국립,대학,강원,기존,0000003,강원대학교,20830,695,3.3,3171,231,7.3,2026-08-07T10:05:19.852Z
2020,대학교,사립,대학,서울,기존,0000052,건국대학교,23124,653,2.8,3553,316,8.9,2026-08-07T10:05:19.852Z
2020,대학교,사립,대학,충북,기존,0000053,건국대학교(글로컬)_분교,10538,396,3.8,1654,98,5.9,2026-08-07T10:05:19.852Z
2020,대학교,사립,대학,충남,기존,0000054,건양대학교,4632,205,4.4,894,48,5.4,2026-08-07T10:05:19.852Z
2020,대학교,사립,대학,대전,기존,0000055,건양대학교_제2캠퍼스,4194,134,3.2,842,35,4.2,2026-08-07T10:05:19.852Z
2020,사이버대학(대학),사립,대학,대전,기존,0000335,건양사이버대학교,3637,260,7.1,939,77,8.2,2026-08-07T10:05:19.852Z
2020,대학교,사립,대학,경기,기존,0000056,경기대학교,16512,622,3.8,2896,230,7.9,2026-08-07T10:05:19.852Z
2020,대학교,사립,대학,서울,기존,0000058,경기대학교_제2캠퍼스,2631,95,3.6,502,27,5.4,2026-08-07T10:05:19.852Z
2020,대학교,국립,대학,경남,폐교,0000035,경남과학기술대학교,6937,411,5.9,1188,62,5.2,2026-08-07T10:05:19.852Z
2020,대학교,사립,대학,경남,기존,0000059,경남대학교,16506,909,5.5,2889,123,4.3,2026-08-07T10:05:19.852Z
2020,대학교,사립,대학,강원,기존,0002574,경동대학교_제3캠퍼스,4620,124,2.7,1035,36,3.5,2026-08-07T10:05:19.852Z
2020,대학교,사립,대학,강원,기존,0000060,경동대학교,1938,193,10,196,14,7.1,2026-08-07T10:05:19.852Z
2020,대학교,사립,대학,경기,기존,0002744,경동대학교_제4캠퍼스,3286,169,5.1,760,37,4.9,2026-08-07T10:05:19.852Z
2020,대학교,국립,대학,대구,기존,0000005,경북대학교,30423,1081,3.6,5078,405,8,2026-08-07T10:05:19.852Z
2020,대학교,국립,대학,경남,기존,0000007,경상국립대학교,19254,786,4.1,3253,197,6.1,2026-08-07T10:05:19.852Z
2020,대학교,사립,대학,부산,기존,0000062,경성대학교,16831,846,5,3062,171,5.6,2026-08-07T10:05:19.852Z
2020,대학교,사립,대학,경북,기존,0000244,경운대학교,6107,497,8.1,1227,46,3.7,2026-08-07T10:05:19.852Z
2020,교육대학,국립,대학,인천,기존,0000256,경인교육대학교,1313,19,1.4,656,11,1.7,2026-08-07T10:05:19.852Z
2020,교육대학,국립,대학,경기,기존,0000257,경인교육대학교_제2캠퍼스,1420,3,0.2,0,0,0,2026-08-07T10:05:19.852Z
2020,대학교,사립,대학,경북,기존,0000064,경일대학교,9489,691,7.3,1772,86,4.9,2026-08-07T10:05:19.852Z
2020,대학교,사립,대학,경북,기존,0000065,신경주대학교,1577,321,20.4,185,37,20,2026-08-07T10:05:19.852Z
2020,대학교,사립,대학,서울,기존,0000066,경희대학교,34710,1133,3.3,5739,483,8.4,2026-08-07T10:05:19.852Z
2020,사이버대학(대학),사립,대학,서울,기존,0000318,경희사이버대학교,10782,2357,21.9,2840,662,23.3,2026-08-07T10:05:19.852Z
2020,대학교,사립,대학,대구,기존,0000068,계명대학교,30292,1408,4.6,4948,208,4.2,2026-08-07T10:05:19.852Z
2020,대학교,사립,대학,서울,기존,0000069,고려대학교,27783,746,2.7,4405,272,6.2,2026-08-07T10:05:19.852Z
2020,대학교,사립,대학,세종,기존,0000070,고려대학교(세종)_분교,9319,437,4.7,1439,135,9.4,2026-08-07T10:05:19.852Z
2020,사이버대학(대학),사립,대학,서울,기존,0000328,고려사이버대학교,10751,1527,14.2,2034,311,15.3,2026-08-07T10:05:19.852Z
2020,대학교,사립,대학,부산,기존,0000071,고신대학교,4784,314,6.6,928,44,4.7,2026-08-07T10:05:19.852Z
2020,교육대학,국립,대학,충남,기존,0000251,공주교육대학교,1490,38,2.6,380,26,6.8,2026-08-07T10:05:19.852Z
2020,대학교,국립,대학,충남,기존,0000008,국립공주대학교,16925,794,4.7,3153,244,7.7,2026-08-07T10:05:19.852Z
2020,대학교,사립,대학,광주,기존,0000073,광신대학교,600,66,11,130,23,17.7,2026-08-07T10:05:19.852Z
2020,대학교,사립,대학,서울,기존,0000074,광운대학교,11671,461,3.9,2024,194,9.6,2026-08-07T10:05:19.852Z
2020,대학교,사립,대학,전남,기존,0000075,광주가톨릭대학교,129,5,3.9,24,0,0,2026-08-07T10:05:19.852Z
2020,대학교,특별법법인,대학,광주,기존,0000381,광주과학기술원,965,26,2.7,196,10,5.1,2026-08-07T10:05:19.852Z
2020,교육대학,국립,대학,광주,기존,0000252,광주교육대학교,1389,32,2.3,350,22,6.3,2026-08-07T10:05:19.852Z
2020,대학교,사립,대학,광주,기존,0000231,광주대학교,9032,707,7.8,1721,79,4.6,2026-08-07T10:05:19.852Z
2020,대학교,사립,대학,광주,기존,0000076,광주여자대학교,3977,191,4.8,990,49,4.9,2026-08-07T10:05:19.852Z
2020,대학교,사립,대학,서울,기존,0000078,국민대학교,22077,715,3.2,3393,246,7.3,2026-08-07T10:05:19.852Z
2020,사이버대학(대학),사립,대학,경기,기존,0000319,국제사이버대학교,3590,658,18.3,1035,211,20.4,2026-08-07T10:05:19.852Z
2020,대학교,국립,대학,전북,기존,0000009,국립군산대학교,9945,626,6.3,1881,109,5.8,2026-08-07T10:05:19.852Z
2020,대학교,사립,대학,충북,기존,0000080,극동대학교,5212,258,5,983,53,5.4,2026-08-07T10:05:19.852Z
2020,사이버대학(대학),사립,대학,충남,기존,0000334,글로벌사이버대학교,2739,507,18.5,941,213,22.6,2026-08-07T10:05:19.852Z
2020,대학교,사립,대학,충남,기존,0000224,금강대학교,589,74,12.6,90,29,32.2,2026-08-07T10:05:19.852Z
2020,대학교,국립,대학,경북,기존,0000010,국립금오공과대학교,8240,304,3.7,1310,66,5,2026-08-07T10:05:19.852Z
2020,대학교,사립,대학,경북,기존,0000241,김천대학교,3834,388,10.1,731,134,18.3,2026-08-07T10:05:19.852Z
2020,대학교,사립,대학,충남,기존,0000081,나사렛대학교,6830,403,5.9,1353,60,4.4,2026-08-07T10:05:19.852Z
2020,대학교,사립,대학,광주,기존,0000216,남부대학교,3763,261,6.9,768,69,9,2026-08-07T10:05:19.852Z
2020,대학교,사립,대학,충남,기존,0000245,남서울대학교,12784,721,5.6,2328,103,4.4,2026-08-07T10:05:19.852Z
2020,대학교,사립,대학,충남,기존,0002726,단국대학교_제2캠퍼스,14633,638,4.4,2519,190,7.5,2026-08-07T10:05:19.852Z
2020,대학교,사립,대학,경기,기존,0000082,단국대학교,16349,527,3.2,2585,187,7.2,2026-08-07T10:05:19.852Z
2020,대학교,사립,대학,경북,기존,0000088,대구가톨릭대학교,16871,925,5.5,3039,175,5.8,2026-08-07T10:05:19.852Z
2020,대학교,특별법법인,대학,대구,기존,0000382,대구경북과학기술원,952,33,3.5,231,21,9.1,2026-08-07T10:05:19.852Z
2020,교육대학,국립,대학,대구,기존,0000253,대구교육대학교,1658,40,2.4,413,30,7.3,2026-08-07T10:05:19.852Z
2020,대학교,사립,대학,경북,기존,0000084,대구대학교,24342,1409,5.8,4482,226,5,2026-08-07T10:05:19.852Z
2020,사이버대학(대학),사립,대학,경북,기존,0000320,대구사이버대학교,5052,929,18.4,1474,226,15.3,2026-08-07T10:05:19.852Z
2020,대학교,사립,대학,경북,기존,0000087,대구예술대학교,1530,179,11.7,236,22,9.3,2026-08-07T10:05:19.852Z
2020,대학교,사립,대학,경북,기존,0000061,대구한의대학교,8730,572,6.6,1707,181,10.6,2026-08-07T10:05:19.852Z
2020,대학교,사립,대학,경북,기존,0000093,대신대학교,658,120,18.2,116,12,10.3,2026-08-07T10:05:19.852Z
2020,대학교,사립,대학,세종,기존,0000094,대전가톨릭대학교,58,6,10.3,14,2,14.3,2026-08-07T10:05:19.852Z
2020,대학교,사립,대학,대전,기존,0000095,대전대학교,12680,766,6,2209,136,6.2,2026-08-07T10:05:19.852Z
2020,대학교,사립,대학,대전,기존,0000238,대전신학대학교,102,8,7.8,16,1,6.3,2026-08-07T10:05:19.852Z
2020,대학교,사립,대학,경기,기존,0000097,대진대학교,10306,561,5.4,1920,180,9.4,2026-08-07T10:05:19.852Z
2020,대학교,사립,대학,서울,기존,0000099,덕성여자대학교,6964,221,3.2,1107,74,6.7,2026-08-07T10:05:19.852Z
2020,대학교,사립,대학,서울,기존,0000100,동국대학교,19067,534,2.8,3191,272,8.5,2026-08-07T10:05:19.852Z
2020,대학교,사립,대학,경북,기존,0000101,동국대학교(WISE)_분교,10753,631,5.9,1938,114,5.9,2026-08-07T10:05:19.852Z
2020,대학교,사립,대학,서울,기존,0000102,동덕여자대학교,8050,285,3.5,1663,148,8.9,2026-08-07T10:05:19.852Z
2020,대학교,사립,대학,부산,기존,0000235,동명대학교,11746,730,6.2,2027,100,4.9,2026-08-07T10:05:19.852Z
2020,대학교,사립,대학,부산,기존,0000103,동서대학교,14429,865,6,2542,108,4.2,2026-08-07T10:05:19.852Z
2020,대학교,사립,대학,전남,기존,0000104,동신대학교,8371,533,6.4,1547,97,6.3,2026-08-07T10:05:19.852Z
2020,대학교,사립,대학,부산,기존,0000105,동아대학교,25670,1062,4.1,4370,217,5,2026-08-07T10:05:19.852Z
2020,대학교,사립,대학,경북,기존,0000106,동양대학교,5692,455,8,1057,63,6,2026-08-07T10:05:19.852Z
2020,대학교,사립,대학,부산,기존,0000107,동의대학교,21057,1073,5.1,3865,152,3.9,2026-08-07T10:05:19.852Z
2020,사이버대학(대학),사립,대학,서울,기존,0000330,디지털서울문화예술대학교,4382,813,18.6,889,134,15.1,2026-08-07T10:05:19.852Z
2020,대학교,사립,대학,경기,기존,0000108,루터대학교,417,19,4.6,87,4,4.6,2026-08-07T10:05:19.852Z
2020,대학교,사립,대학,경기,기존,0000109,명지대학교,9056,379,4.2,1472,94,6.4,2026-08-07T10:05:19.852Z
2020,대학교,사립,대학,서울,기존,0000111,명지대학교_제2캠퍼스,10547,402,3.8,1707,136,8,2026-08-07T10:05:19.852Z
2020,대학교,사립,대학,대전,기존,0000112,목원대학교,10340,626,6.1,1973,87,4.4,2026-08-07T10:05:19.852Z
2020,대학교,사립,대학,전남,기존,0000221,목포가톨릭대학교,567,15,2.6,126,1,0.8,2026-08-07T10:05:19.852Z
2020,대학교,국립,대학,전남,기존,0000011,국립목포대학교,9961,584,5.9,1784,110,6.2,2026-08-07T10:05:19.852Z
2020,대학교,국립,대학,전남,기존,0000012,국립목포해양대학교,3088,164,5.3,738,36,4.9,2026-08-07T10:05:19.852Z
2020,대학교,사립,대학,대전,기존,0000113,배재대학교,10938,651,6,2197,134,6.1,2026-08-07T10:05:19.852Z
2020,대학교,사립,대학,충남,기존,0000178,백석대학교,15823,692,4.4,2966,128,4.3,2026-08-07T10:05:19.852Z
2020,대학교,국립,대학,부산,기존,0000013,국립부경대학교,22365,881,3.9,3680,303,8.2,2026-08-07T10:05:19.852Z
2020,대학교,사립,대학,부산,기존,0000114,부산가톨릭대학교,4815,223,4.6,937,33,3.5,2026-08-07T10:05:19.852Z
2020,교육대학,국립,대학,부산,기존,0000254,부산교육대학교,1568,23,1.5,386,19,4.9,2026-08-07T10:05:19.852Z
2020,대학교,국립,대학,부산,기존,0000014,부산대학교,28124,942,3.3,4516,355,7.9,2026-08-07T10:05:19.852Z
2020,사이버대학(대학),사립,대학,부산,기존,0000321,부산디지털대학교,2824,392,13.9,808,99,12.3,2026-08-07T10:05:19.852Z
2020,대학교,사립,대학,부산,기존,0000115,부산외국어대학교,11687,753,6.4,1954,119,6.1,2026-08-07T10:05:19.852Z
2020,대학교,사립,대학,경남,기존,0000222,부산장신대학교,277,22,7.9,49,3,6.1,2026-08-07T10:05:19.852Z
2020,사이버대학(대학),사립,대학,서울,기존,0000332,사이버한국외국어대학교,7968,1373,17.2,1928,262,13.6,2026-08-07T10:05:19.852Z
2020,대학교,사립,대학,서울,기존,0000116,삼육대학교,7266,263,3.6,1275,74,5.8,2026-08-07T10:05:19.852Z
2020,대학교,사립,대학,충남,기존,0002959,상명대학교_제2캠퍼스,7925,326,4.1,1403,80,5.7,2026-08-07T10:05:19.852Z
2020,대학교,사립,대학,서울,기존,0000117,상명대학교,9126,347,3.8,1554,119,7.7,2026-08-07T10:05:19.852Z
2020,대학교,사립,대학,강원,기존,0000119,상지대학교,9694,602,6.2,2304,152,6.6,2026-08-07T10:05:19.852Z
2020,대학교,사립,대학,서울,기존,0000120,서강대학교,12090,380,3.1,1866,220,11.8,2026-08-07T10:05:19.852Z
2020,대학교,사립,대학,서울,기존,0000121,서경대학교,8582,453,5.3,1532,133,8.7,2026-08-07T10:05:19.852Z
2020,대학교,국립,대학,서울,기존,0000036,서울과학기술대학교,14498,459,3.2,2373,157,6.6,2026-08-07T10:05:19.852Z
2020,교육대학,국립,대학,서울,기존,0000255,서울교육대학교,1606,28,1.7,394,14,3.6,2026-08-07T10:05:19.852Z
2020,대학교,사립,대학,서울,기존,0000098,서울기독대학교,616,66,10.7,128,12,9.4,2026-08-07T10:05:19.852Z
2020,대학교,국립대법인,대학,서울,기존,0000019,서울대학교,21404,317,1.5,3378,120,3.6,2026-08-07T10:05:19.852Z
2020,사이버대학(대학),사립,대학,서울,기존,0000322,서울디지털대학교,11485,1989,17.3,1899,306,16.1,2026-08-07T10:05:19.852Z
2020,사이버대학(대학),사립,대학,서울,기존,0000323,서울사이버대학교,13418,2428,18.1,3908,723,18.5,2026-08-07T10:05:19.852Z
2020,대학교,공립,대학,서울,기존,0000040,서울시립대학교,12492,355,2.8,1822,173,9.5,2026-08-07T10:05:19.852Z
2020,대학교,사립,대학,경기,기존,0000125,서울신학대학교,2770,136,4.9,534,31,5.8,2026-08-07T10:05:19.852Z
2020,대학교,사립,대학,서울,기존,0000126,서울여자대학교,8686,408,4.7,1711,213,12.4,2026-08-07T10:05:19.852Z
2020,대학교,사립,대학,경기,기존,0000127,서울장신대학교,599,36,6,119,10,8.4,2026-08-07T10:05:19.852Z
2020,대학교,사립,대학,서울,기존,0000205,서울한영대학교,919,79,8.6,202,23,11.4,2026-08-07T10:05:19.852Z
2020,대학교,사립,대학,충북,기존,0000128,서원대학교,8946,454,5.1,1751,92,5.3,2026-08-07T10:05:19.852Z
2020,대학교,사립,대학,충남,기존,0000129,선문대학교,12812,751,5.9,2409,152,6.3,2026-08-07T10:05:19.852Z
2020,대학교,사립,대학,경기,기존,0000131,성결대학교,7199,340,4.7,1303,90,6.9,2026-08-07T10:05:19.852Z
2020,대학교,사립,대학,서울,기존,0000132,성공회대학교,2914,157,5.4,529,43,8.1,2026-08-07T10:05:19.852Z
2020,대학교,사립,대학,서울,기존,0000133,성균관대학교,25911,917,3.5,4087,384,9.4,2026-08-07T10:05:19.852Z
2020,대학교,사립,대학,서울,기존,0000136,성신여자대학교,10739,335,3.1,2226,183,8.2,2026-08-07T10:05:19.852Z
2020,대학교,사립,대학,충북,기존,0000137,세명대학교,10744,619,5.8,1994,119,6,2026-08-07T10:05:19.852Z
2020,대학교,사립,대학,서울,기존,0000138,세종대학교,16227,766,4.7,2771,337,12.2,2026-08-07T10:05:19.852Z
2020,사이버대학(대학),사립,대학,서울,기존,0000325,세종사이버대학교,9674,1372,14.2,2794,306,11,2026-08-07T10:05:19.852Z
2020,대학교,사립,대학,전남,기존,0000092,세한대학교,4616,555,12,947,92,9.7,2026-08-07T10:05:19.852Z
2020,대학교,사립,대학,광주,기존,0000243,송원대학교,3923,500,12.7,793,143,18,2026-08-07T10:05:19.852Z
2020,대학교,사립,대학,경기,기존,0000139,수원가톨릭대학교,174,6,3.4,35,2,5.7,2026-08-07T10:05:19.852Z
2020,대학교,사립,대학,경기,기존,0000140,수원대학교,12484,765,6.1,2327,219,9.4,2026-08-07T10:05:19.852Z
2020,대학교,사립,대학,서울,기존,0000141,숙명여자대학교,12094,298,2.5,2407,157,6.5,2026-08-07T10:05:19.852Z
2020,각종학교(대학),사립,대학,충북,기존,0000317,순복음총회신학교,209,23,11,15,3,20,2026-08-07T10:05:19.852Z
2020,대학교,국립,대학,전남,기존,0000020,국립순천대학교,9545,557,5.8,1748,100,5.7,2026-08-07T10:05:19.852Z
2020,대학교,사립,대학,충남,기존,0000142,순천향대학교,14233,582,4.1,2560,174,6.8,2026-08-07T10:05:19.852Z
2020,대학교,사립,대학,서울,기존,0000143,숭실대학교,19396,574,3,3172,279,8.8,2026-08-07T10:05:19.852Z
2020,사이버대학(대학),사립,대학,서울,기존,0000329,숭실사이버대학교,7198,927,12.9,1636,193,11.8,2026-08-07T10:05:19.852Z
2020,대학교,사립,대학,경기,기존,0000233,화성의과학대학교,1026,151,14.7,163,15,9.2,2026-08-07T10:05:19.852Z
2020,대학교,사립,대학,부산,기존,0000144,신라대학교,11652,757,6.5,2069,114,5.5,2026-08-07T10:05:19.852Z
2020,대학교,사립,대학,경기,기존,0002712,신한대학교,1868,62,3.3,359,14,3.9,2026-08-07T10:05:19.852Z
2020,대학교,사립,대학,경기,기존,0002800,신한대학교_제2캠퍼스,6503,284,4.4,1218,45,3.7,2026-08-07T10:05:19.852Z
2020,대학교,사립,대학,경기,기존,0000145,아신대학교,846,105,12.4,155,24,15.5,2026-08-07T10:05:19.852Z
2020,대학교,사립,대학,경기,기존,0000146,아주대학교,13740,440,3.2,2179,162,7.4,2026-08-07T10:05:19.852Z
2020,대학교,국립,대학,경북,기존,0000021,국립경국대학교,8608,462,5.4,1537,98,6.4,2026-08-07T10:05:19.852Z
2020,대학교,사립,대학,경기,기존,0000147,안양대학교,6165,308,5,1071,97,9.1,2026-08-07T10:05:19.852Z
2020,대학교,사립,대학,인천,기존,0000148,안양대학교_제2캠퍼스,487,40,8.2,123,11,8.9,2026-08-07T10:05:19.852Z
2020,대학교,사립,대학,서울,기존,0000149,연세대학교,26516,561,2.1,4042,219,5.4,2026-08-07T10:05:19.852Z
2020,대학교,사립,대학,강원,기존,0000150,연세대학교(미래)_분교,10030,340,3.4,1640,131,8,2026-08-07T10:05:19.852Z
2020,대학교,사립,대학,경북,기존,0000151,영남대학교,29593,1193,4,4931,278,5.6,2026-08-07T10:05:19.852Z
2020,대학교,사립,대학,경북,기존,0000153,영남신학대학교,575,56,9.7,118,9,7.6,2026-08-07T10:05:19.852Z
2020,대학교,사립,대학,경남,기존,0003193,영산대학교,3725,425,11.4,685,155,22.6,2026-08-07T10:05:19.852Z
2020,대학교,사립,대학,부산,기존,0003194,영산대학교_제2캠퍼스,4892,453,9.3,938,91,9.7,2026-08-07T10:05:19.852Z
2020,대학교,사립,대학,전남,기존,0000155,영산선학대학교,47,2,4.3,6,0,0,2026-08-07T10:05:19.852Z
2020,대학교,사립,대학,전북,기존,0000228,예수대학교,615,12,2,131,8,6.1,2026-08-07T10:05:19.852Z
2020,대학교,사립,대학,경기,기존,0000219,예원예술대학교_제2캠퍼스,519,62,11.9,113,11,9.7,2026-08-07T10:05:19.852Z
2020,대학교,사립,대학,전북,기존,0000218,예원예술대학교,1347,142,10.5,365,35,9.6,2026-08-07T10:05:19.852Z
2020,대학교,사립,대학,경기,기존,0000156,용인대학교,8610,643,7.5,1654,174,10.5,2026-08-07T10:05:19.852Z
2020,대학교,사립,대학,전북,기존,0000157,우석대학교,9709,658,6.8,1877,99,5.3,2026-08-07T10:05:19.852Z
2020,대학교,사립,대학,대전,기존,0000240,우송대학교,12769,570,4.5,2174,90,4.1,2026-08-07T10:05:19.852Z
2020,대학교,특별법법인,대학,울산,기존,0000250,울산과학기술원,2832,73,2.6,378,24,6.3,2026-08-07T10:05:19.852Z
2020,대학교,사립,대학,울산,기존,0000158,울산대학교,17677,785,4.4,2916,141,4.8,2026-08-07T10:05:19.852Z
2020,대학교,사립,대학,전북,기존,0000159,원광대학교,21569,1273,5.9,3697,208,5.6,2026-08-07T10:05:19.852Z
2020,사이버대학(대학),사립,대학,전북,기존,0000327,원광디지털대학교,6762,859,12.7,1398,170,12.2,2026-08-07T10:05:19.852Z
2020,대학교,사립,대학,경북,기존,0000160,위덕대학교,3813,508,13.3,783,172,22,2026-08-07T10:05:19.852Z
2020,대학교,사립,대학,충북,기존,0000154,유원대학교,5173,475,9.2,879,71,8.1,2026-08-07T10:05:19.852Z
2020,대학교,사립,대학,대전,기존,0000161,을지대학교,813,17,2.1,162,12,7.4,2026-08-07T10:05:19.852Z
2020,대학교,사립,대학,경기,기존,0000162,을지대학교_제2캠퍼스,4925,158,3.2,934,57,6.1,2026-08-07T10:05:19.852Z
2020,대학교,사립,대학,서울,기존,0000163,이화여자대학교,19179,411,2.1,3367,174,5.2,2026-08-07T10:05:19.852Z
2020,대학교,사립,대학,경남,기존,0000164,인제대학교,12370,638,5.2,2272,111,4.9,2026-08-07T10:05:19.852Z
2020,대학교,사립,대학,인천,기존,0000168,인천가톨릭대학교,90,4,4.4,15,0,0,2026-08-07T10:05:19.852Z
2020,대학교,사립,대학,인천,기존,0000167,인천가톨릭대학교_제2캠퍼스,739,31,4.2,161,19,11.8,2026-08-07T10:05:19.852Z
2020,대학교,국립대법인,대학,인천,기존,0002660,인천대학교,16504,679,4.1,2740,226,8.2,2026-08-07T10:05:19.852Z
2020,대학교,사립,대학,인천,기존,0000169,인하대학교,25615,714,2.8,4005,265,6.6,2026-08-07T10:05:19.852Z
2020,대학교,사립,대학,서울,기존,0000170,장로회신학대학교,893,26,2.9,157,7,4.5,2026-08-07T10:05:19.852Z
2020,대학교,국립,대학,광주,기존,0000023,전남대학교,22366,825,3.7,3466,234,6.8,2026-08-07T10:05:19.852Z
2020,대학교,국립,대학,전남,기존,0000024,전남대학교_제2캠퍼스,4136,241,5.8,829,54,6.5,2026-08-07T10:05:19.852Z
2020,대학교,국립,대학,전북,기존,0000025,전북대학교,25129,962,3.8,4169,287,6.9,2026-08-07T10:05:19.852Z
2020,교육대학,국립,대학,전북,기존,0000258,전주교육대학교,1214,12,1,297,7,2.4,2026-08-07T10:05:19.852Z
2020,대학교,사립,대학,전북,기존,0000171,전주대학교,15758,826,5.2,2806,112,4,2026-08-07T10:05:19.852Z
2020,기술대학,사립,대학,서울,기존,0000288,정석대학,60,0,0,31,0,0,2026-08-07T10:05:19.852Z
2020,대학교,사립,대학,제주,기존,0000248,제주국제대학교,1486,230,15.5,166,18,10.8,2026-08-07T10:05:19.852Z
2020,대학교,국립,대학,제주,기존,0000027,제주대학교,14227,748,5.3,2296,121,5.3,2026-08-07T10:05:19.852Z
2020,대학교,사립,대학,광주,기존,0000172,조선대학교,27463,1341,4.9,4744,240,5.1,2026-08-07T10:05:19.852Z
2020,대학교,사립,대학,충남,기존,0000173,중부대학교,12156,789,6.5,2141,106,5,2026-08-07T10:05:19.852Z
2020,대학교,사립,대학,경기,기존,0000174,중앙대학교_제2캠퍼스,6946,274,3.9,1277,62,4.9,2026-08-07T10:05:19.852Z
2020,대학교,사립,대학,서울,기존,0000175,중앙대학교,25673,744,2.9,3940,404,10.3,2026-08-07T10:05:19.852Z
2020,대학교,사립,대학,경기,기존,0000177,중앙승가대학교,147,12,8.2,39,7,17.9,2026-08-07T10:05:19.852Z
2020,대학교,사립,대학,충북,기존,0000239,중원대학교,5591,708,12.7,1043,70,6.7,2026-08-07T10:05:19.852Z
2020,교육대학,국립,대학,경남,기존,0000260,진주교육대학교,1371,24,1.8,337,12,3.6,2026-08-07T10:05:19.852Z
2020,대학교,사립,대학,경기,기존,0000187,차의과학대학교,2761,94,3.4,498,26,5.2,2026-08-07T10:05:19.852Z
2020,대학교,사립,대학,경남,기존,0000249,창신대학교,2398,132,5.5,523,37,7.1,2026-08-07T10:05:19.852Z
2020,대학교,국립,대학,경남,기존,0000028,국립창원대학교,11219,562,5,1940,110,5.7,2026-08-07T10:05:19.852Z
2020,산업대학,사립,대학,충남,기존,0000284,청운대학교,8350,651,7.8,1439,128,8.9,2026-08-07T10:05:19.852Z
2020,교육대학,국립,대학,충북,기존,0000261,청주교육대학교,1234,28,2.3,306,11,3.6,2026-08-07T10:05:19.852Z
2020,대학교,사립,대학,충북,기존,0000179,청주대학교,16141,675,4.2,2849,127,4.5,2026-08-07T10:05:19.852Z
2020,대학교,사립,대학,전남,기존,0000246,초당대학교,4141,428,10.3,793,68,8.6,2026-08-07T10:05:19.852Z
2020,대학교,사립,대학,서울,기존,0000180,총신대학교,2081,95,4.6,363,17,4.7,2026-08-07T10:05:19.852Z
2020,대학교,사립,대학,서울,기존,0000181,추계예술대학교,1445,84,5.8,277,27,9.7,2026-08-07T10:05:19.852Z
2020,교육대학,국립,대학,강원,기존,0000262,춘천교육대학교,1365,25,1.8,342,17,5,2026-08-07T10:05:19.852Z
2020,대학교,국립,대학,대전,기존,0000029,충남대학교,23165,785,3.4,3707,255,6.9,2026-08-07T10:05:19.852Z
2020,대학교,국립,대학,충북,기존,0000030,충북대학교,18490,676,3.7,3035,277,9.1,2026-08-07T10:05:19.852Z
2020,대학교,사립,대학,경기,기존,0000184,칼빈대학교,701,86,12.3,115,9,7.8,2026-08-07T10:05:19.852Z
2020,대학교,사립,대학,서울,기존,0000079,강서대학교,1736,132,7.6,303,26,8.6,2026-08-07T10:05:19.852Z
2020,대학교,사립,대학,경기,기존,0000186,평택대학교,4820,379,7.9,959,72,7.5,2026-08-07T10:05:19.852Z
2020,대학교,사립,대학,경북,기존,0000188,포항공과대학교,1702,17,1,330,5,1.5,2026-08-07T10:05:19.852Z
2020,대학교,국립,대학,경기,기존,0000037,한경국립대학교,7423,468,6.3,1224,90,7.4,2026-08-07T10:05:19.852Z
2020,대학교,특별법법인,대학,대전,기존,0000374,한국과학기술원,4575,145,3.2,722,33,4.6,2026-08-07T10:05:19.852Z
2020,대학교,국립,대학,충북,기존,0000031,한국교원대학교,2692,57,2.1,590,36,6.1,2026-08-07T10:05:19.852Z
2020,대학교,국립,대학,충북,기존,0000034,국립한국교통대학교,12019,626,5.2,2114,134,6.3,2026-08-07T10:05:19.852Z
2020,대학교,사립,,경남,기존,,한국국제대학교,2497,466,18.7,179,33,18.4,2026-08-07T10:05:19.852Z
2020,대학교,사립,대학,충남,기존,0000189,한국기술교육대학교,6178,221,3.6,987,71,7.2,2026-08-07T10:05:19.852Z
2020,방송통신대학,국립,대학,서울,기존,0000273,한국방송통신대학교,144239,33340,23.1,13161,1114,8.5,2026-08-07T10:05:19.852Z
2020,대학교,사립,대학,경기,기존,0000247,한국공학대학교,9661,468,4.8,1701,117,6.9,2026-08-07T10:05:19.852Z
2020,대학교,사립,대학,서울,기존,0000191,한국성서대학교,1242,53,4.3,236,14,5.9,2026-08-07T10:05:19.852Z
2020,사이버대학(대학),사립,대학,서울,기존,0000326,한국열린사이버대학교,6253,847,13.5,1791,257,14.3,2026-08-07T10:05:19.852Z
2020,각종학교(대학),특별법국립,대학,서울,기존,0000383,한국예술종합학교,3222,62,1.9,549,4,0.7,2026-08-07T10:05:19.852Z
2020,대학교,사립,대학,서울,기존,0000192,한국외국어대학교,23596,910,3.9,3809,389,10.2,2026-08-07T10:05:19.852Z
2020,대학교,특별법국립,대학,충남,기존,0003022,한국전통문화대학교,760,19,2.5,146,6,4.1,2026-08-07T10:05:19.852Z
2020,대학교,국립,대학,서울,기존,0000032,한국체육대학교,3191,71,2.2,585,15,2.6,2026-08-07T10:05:19.852Z
2020,대학교,사립,대학,대전,기존,0000182,한국침례신학대학교,1574,111,7.1,291,20,6.9,2026-08-07T10:05:19.852Z
2020,대학교,사립,대학,경기,기존,0000194,한국항공대학교,5796,216,3.7,928,79,8.5,2026-08-07T10:05:19.852Z
2020,대학교,국립,대학,부산,기존,0000033,국립한국해양대학교,8331,325,3.9,1571,77,4.9,2026-08-07T10:05:19.852Z
2020,대학교,사립,대학,대전,기존,0000195,한남대학교,15438,752,4.9,2849,142,5,2026-08-07T10:05:19.852Z
2020,대학교,사립,대학,경북,기존,0000196,한동대학교,5411,136,2.5,821,19,2.3,2026-08-07T10:05:19.852Z
2020,대학교,사립,대학,강원,기존,0000197,한라대학교,5291,295,5.6,938,36,3.8,2026-08-07T10:05:19.852Z
2020,대학교,사립,대학,전남,기존,0000242,한려대학교,454,42,9.3,79,10,12.7,2026-08-07T10:05:19.852Z
2020,대학교,사립,대학,강원,기존,0000198,한림대학교,10798,482,4.5,1825,102,5.6,2026-08-07T10:05:19.852Z
2020,대학교,국립,대학,대전,기존,0000039,국립한밭대학교,12204,729,6,2070,145,7,2026-08-07T10:05:19.852Z
2020,대학교,사립,대학,충남,기존,0000199,한서대학교,9277,492,5.3,1713,101,5.9,2026-08-07T10:05:19.852Z
2020,대학교,사립,대학,서울,기존,0000200,한성대학교,9462,381,4,1625,135,8.3,2026-08-07T10:05:19.852Z
2020,대학교,사립,대학,경기,기존,0000201,한세대학교,3370,177,5.3,616,51,8.3,2026-08-07T10:05:19.852Z
2020,대학교,사립,대학,경기,기존,0000202,한신대학교,7435,315,4.2,1274,72,5.7,2026-08-07T10:05:19.852Z
2020,대학교,사립,대학,서울,기존,0000203,한양대학교,22785,671,2.9,3547,315,8.9,2026-08-07T10:05:19.852Z
2020,대학교,사립,대학,경기,기존,0000204,한양대학교(ERICA)_분교,13428,366,2.7,2273,155,6.8,2026-08-07T10:05:19.852Z
2020,사이버대학(대학),사립,대학,서울,기존,0000331,한양사이버대학교,16174,2362,14.6,3816,543,14.2,2026-08-07T10:05:19.852Z
2020,대학교,사립,대학,전북,기존,0000206,한일장신대학교,1142,136,11.9,256,35,13.7,2026-08-07T10:05:19.852Z
2020,대학교,사립,대학,경기,기존,0000207,협성대학교,5624,347,6.2,1062,67,6.3,2026-08-07T10:05:19.852Z
2020,대학교,사립,대학,광주,기존,0000208,호남대학교,9444,594,6.3,1703,66,3.9,2026-08-07T10:05:19.852Z
2020,대학교,사립,대학,광주,기존,0000209,호남신학대학교,805,52,6.5,139,14,10.1,2026-08-07T10:05:19.852Z
2020,대학교,사립,대학,충남,기존,0000211,호서대학교,16785,788,4.7,3156,203,6.4,2026-08-07T10:05:19.852Z
2020,산업대학,사립,대학,전북,기존,0000282,호원대학교,7034,846,12,1385,285,20.6,2026-08-07T10:05:19.852Z
2020,대학교,사립,대학,세종,기존,0002949,홍익대학교_제2캠퍼스,8475,410,4.8,1410,128,9.1,2026-08-07T10:05:19.852Z
2020,대학교,사립,대학,서울,기존,0000212,홍익대학교,17560,611,3.5,2876,269,9.4,2026-08-07T10:05:19.852Z
2020,사이버대학(대학),사립,대학,부산,기존,0000333,화신사이버대학교,1532,279,18.2,555,100,18,2026-08-07T10:05:19.852Z
2020,기능대학,사립,전문대학,경기,기존,0000579,ICT폴리텍대학,600,85,14.2,169,21,12.4,2026-08-07T10:05:19.852Z
2020,전문대학,사립,전문대학,경북,기존,0000410,가톨릭상지대학교,2476,195,7.9,768,66,8.6,2026-08-07T10:05:19.852Z
2020,전문대학,사립,전문대학,충북,기존,0000433,강동대학교,5221,576,11,1505,225,15,2026-08-07T10:05:19.852Z
2020,전문대학,사립,전문대학,강원,기존,0000514,강릉영동대학교,4509,179,4,950,73,7.7,2026-08-07T10:05:19.852Z
2020,전문대학,사립,전문대학,강원,폐교,0000548,강원관광대학교,1688,195,11.6,429,102,23.8,2026-08-07T10:05:19.852Z
2020,전문대학,공립,전문대학,강원,기존,0002639,강원도립대학교,1029,144,14,315,19,6,2026-08-07T10:05:19.852Z
2020,전문대학,사립,전문대학,경남,기존,0000412,거제대학교,1613,129,8,394,24,6.1,2026-08-07T10:05:19.852Z
2020,전문대학,사립,전문대학,경기,기존,0000560,경기과학기술대학교,7870,319,4.1,2351,130,5.5,2026-08-07T10:05:19.852Z
2020,전문대학,공립,전문대학,경남,기존,0000402,경남도립거창대학,1204,110,9.1,406,26,6.4,2026-08-07T10:05:19.852Z
2020,전문대학,공립,전문대학,경남,기존,0000403,경남도립남해대학,1355,112,8.3,398,20,5,2026-08-07T10:05:19.852Z
2020,전문대학,사립,전문대학,부산,기존,0002640,경남정보대학교,11632,633,5.4,3050,158,5.2,2026-08-07T10:05:19.852Z
2020,전문대학,사립,전문대학,경기,기존,0000416,경민대학교,7013,648,9.2,2064,101,4.9,2026-08-07T10:05:19.852Z
2020,전문대학,사립,전문대학,경기,기존,0002641,경복대학교,8100,326,4,2573,88,3.4,2026-08-07T10:05:19.852Z
2020,전문대학,사립,전문대학,경북,기존,0000456,경북과학대학교,1890,263,13.9,821,164,20,2026-08-07T10:05:19.852Z
2020,전문대학,공립,전문대학,경북,폐교,0000405,경북도립대학교,1239,125,10.1,398,46,11.6,2026-08-07T10:05:19.852Z
2020,전문대학,사립,전문대학,경북,기존,0000438,경북보건대학교,1477,56,3.8,375,13,3.5,2026-08-07T10:05:19.852Z
2020,전문대학,사립,전문대학,경북,기존,0002642,경북전문대학교,3736,247,6.6,1229,46,3.7,2026-08-07T10:05:19.852Z
2020,전문대학,사립,전문대학,인천,기존,0000422,경인여자대학교,5095,258,5.1,2138,127,5.9,2026-08-07T10:05:19.852Z
2020,전문대학,사립,전문대학,대구,기존,0000425,계명문화대학교,7334,498,6.8,2303,108,4.7,2026-08-07T10:05:19.852Z
2020,전문대학,사립,전문대학,경기,기존,0000426,계원예술대학교,4221,239,5.7,1318,69,5.2,2026-08-07T10:05:19.852Z
2020,전문대학,사립,전문대학,전남,기존,0000435,나주대학교,2135,354,16.6,914,239,26.1,2026-08-07T10:05:19.852Z
2020,전문대학,사립,전문대학,전남,기존,0000428,광양보건대학교,823,77,9.4,96,11,11.5,2026-08-07T10:05:19.852Z
2020,전문대학,사립,전문대학,광주,기존,0000429,광주보건대학교,4830,268,5.5,1488,68,4.6,2026-08-07T10:05:19.852Z
2020,전문대학,사립,전문대학,경북,기존,0000430,구미대학교,6874,542,7.9,2421,146,6,2026-08-07T10:05:19.852Z
2020,전문대학,사립,전문대학,경기,기존,0000549,국제대학교,6034,544,9,1781,177,9.9,2026-08-07T10:05:19.852Z
2020,전문대학,사립,전문대학,전북,기존,0002971,군산간호대학교,1278,30,2.3,304,18,5.9,2026-08-07T10:05:19.852Z
2020,전문대학,사립,전문대학,전북,기존,0000432,군장대학교,2236,339,15.2,872,78,8.9,2026-08-07T10:05:19.852Z
2020,전문대학,사립,전문대학,광주,기존,0002972,기독간호대학교,662,15,2.3,172,7,4.1,2026-08-07T10:05:19.852Z
2020,전문대학,사립,전문대학,경기,기존,0000440,김포대학교,5034,494,9.8,1548,125,8.1,2026-08-07T10:05:19.852Z
2020,전문대학,사립,전문대학,경남,기존,0000569,김해대학교,1800,132,7.3,549,31,5.6,2026-08-07T10:05:19.852Z
2020,전문대학,사립,전문대학,경기,기존,0000441,농협대학교,541,12,2.2,179,2,1.1,2026-08-07T10:05:19.852Z
2020,전문대학,사립,전문대학,경북,기존,0000442,대경대학교,5412,694,12.8,1828,269,14.7,2026-08-07T10:05:19.852Z
2020,전문대학,사립,전문대학,대구,기존,0000443,대구공업대학교,2845,330,11.6,847,116,13.7,2026-08-07T10:05:19.852Z
2020,전문대학,사립,전문대학,대구,기존,0000446,대구과학대학교,5080,329,6.5,1656,95,5.7,2026-08-07T10:05:19.852Z
2020,전문대학,사립,전문대학,대구,기존,0000444,대구보건대학교,8901,440,4.9,2727,142,5.2,2026-08-07T10:05:19.852Z
2020,전문대학,사립,전문대학,대전,기존,0000546,대덕대학교,5744,600,10.4,1742,159,9.1,2026-08-07T10:05:19.852Z
2020,전문대학,사립,전문대학,부산,기존,0000447,대동대학교,1824,78,4.3,560,23,4.1,2026-08-07T10:05:19.852Z
2020,전문대학,사립,전문대학,경기,기존,0000448,대림대학교,10459,607,5.8,3223,114,3.5,2026-08-07T10:05:19.852Z
2020,전문대학,사립,전문대학,충북,기존,0000449,대원대학교,3140,231,7.4,992,55,5.5,2026-08-07T10:05:19.852Z
2020,전문대학,사립,전문대학,대전,기존,0000453,대전과학기술대학교,5661,587,10.4,1874,182,9.7,2026-08-07T10:05:19.852Z
2020,전문대학,사립,전문대학,대전,기존,0000451,대전보건대학교,7440,458,6.2,2331,118,5.1,2026-08-07T10:05:19.852Z
2020,전문대학,사립,전문대학,광주,기존,0000460,동강대학교,4015,512,12.8,1338,216,16.1,2026-08-07T10:05:19.852Z
2020,전문대학,사립,전문대학,경기,기존,0000457,동남보건대학교,5740,293,5.1,1793,132,7.4,2026-08-07T10:05:19.852Z
2020,전문대학,사립,전문대학,경기,기존,0000450,동서울대학교,8811,495,5.6,2707,134,5,2026-08-07T10:05:19.852Z
2020,전문대학,사립,전문대학,경기,기존,0000461,동아방송예술대학교,4281,231,5.4,1200,61,5.1,2026-08-07T10:05:19.852Z
2020,전문대학,사립,전문대학,전남,기존,0000462,동아보건대학교,1950,266,13.6,629,79,12.6,2026-08-07T10:05:19.852Z
2020,전문대학,사립,전문대학,서울,기존,0000463,동양미래대학교,10322,735,7.1,2833,221,7.8,2026-08-07T10:05:19.852Z
2020,전문대학,사립,전문대학,경남,기존,0000509,동원과학기술대학교,3237,185,5.7,997,49,4.9,2026-08-07T10:05:19.852Z
2020,전문대학,사립,전문대학,경기,기존,0000465,동원대학교,5459,519,9.5,1755,167,9.5,2026-08-07T10:05:19.852Z
2020,전문대학,사립,전문대학,부산,기존,0000466,동의과학대학교,8911,897,10.1,2366,207,8.7,2026-08-07T10:05:19.852Z
2020,전문대학,사립,전문대학,부산,기존,0000467,부산보건대학교,4318,518,12,1255,89,7.1,2026-08-07T10:05:19.852Z
2020,전문대학,사립,전문대학,경기,기존,0000469,두원공과대학교,7381,575,7.8,1718,145,8.4,2026-08-07T10:05:19.852Z
2020,전문대학,사립,전문대학,경남,기존,0000470,마산대학교,7262,502,6.9,2152,115,5.3,2026-08-07T10:05:19.852Z
2020,전문대학,사립,전문대학,서울,기존,0000473,명지전문대학,9753,761,7.8,3424,362,10.6,2026-08-07T10:05:19.852Z
2020,전문대학,사립,전문대학,전남,기존,0000474,목포과학대학교,3774,814,21.6,928,143,15.4,2026-08-07T10:05:19.852Z
2020,전문대학,사립,전문대학,경북,기존,0000475,문경대학교,1112,54,4.9,314,19,6.1,2026-08-07T10:05:19.852Z
2020,전문대학,사립,전문대학,서울,기존,0000476,배화여자대학교,3277,234,7.1,1476,115,7.8,2026-08-07T10:05:19.852Z
2020,전문대학,사립,전문대학,충남,기존,0000543,백석문화대학교,7896,666,8.4,2478,188,7.6,2026-08-07T10:05:19.852Z
2020,전문대학,사립,전문대학,전북,기존,0000477,백제예술대학교,1718,184,10.7,607,70,11.5,2026-08-07T10:05:19.852Z
2020,전문대학,사립,전문대학,부산,기존,0000479,부산경상대학교,3962,628,15.9,1146,181,15.8,2026-08-07T10:05:19.852Z
2020,전문대학,사립,전문대학,부산,기존,0000481,부산과학기술대학교,6469,593,9.2,1355,127,9.4,2026-08-07T10:05:19.852Z
2020,전문대학,사립,전문대학,부산,기존,0000480,부산여자대학교,2827,211,7.5,970,85,8.8,2026-08-07T10:05:19.852Z
2020,전문대학,사립,전문대학,부산,기존,0000561,부산예술대학교,939,162,17.3,345,39,11.3,2026-08-07T10:05:19.852Z
2020,전문대학,사립,전문대학,경기,기존,0000482,부천대학교,10445,565,5.4,3617,189,5.2,2026-08-07T10:05:19.852Z
2020,전문대학,사립,전문대학,서울,기존,0000483,삼육보건대학교,1517,65,4.3,528,30,5.7,2026-08-07T10:05:19.852Z
2020,전문대학,사립,전문대학,강원,폐교,0000485,상지영서대학교,2004,404,20.2,0,0,0,2026-08-07T10:05:19.852Z
2020,전문대학,사립,전문대학,경북,폐교,0002645,서라벌대학교,753,50,6.6,205,20,9.8,2026-08-07T10:05:19.852Z
2020,전문대학,사립,전문대학,광주,기존,0002646,서영대학교,7935,457,5.8,2408,138,5.7,2026-08-07T10:05:19.852Z
2020,전문대학,사립,전문대학,서울,기존,0002973,서울여자간호대학교,1002,21,2.1,259,12,4.6,2026-08-07T10:05:19.852Z
2020,전문대학,사립,전문대학,경기,기존,0000489,서울예술대학교,4281,170,4,1158,29,2.5,2026-08-07T10:05:19.852Z
2020,전문대학,사립,전문대학,서울,기존,0000490,서일대학교,8866,683,7.7,2629,228,8.7,2026-08-07T10:05:19.852Z
2020,전문대학,사립,전문대학,경기,기존,0000566,서정대학교,9808,371,3.8,2679,175,6.5,2026-08-07T10:05:19.852Z
2020,전문대학,사립,전문대학,경북,기존,0000550,선린대학교,3108,234,7.5,882,62,7,2026-08-07T10:05:19.852Z
2020,전문대학,사립,전문대학,부산,폐교,0000493,성심외국어대학,1241,2,0.2,0,0,0,2026-08-07T10:05:19.852Z
2020,전문대학,사립,전문대학,경북,기존,0002647,성운대학교,1628,109,6.7,747,77,10.3,2026-08-07T10:05:19.852Z
2020,전문대학,사립,전문대학,강원,기존,0000515,세경대학교,1301,133,10.2,524,51,9.7,2026-08-07T10:05:19.852Z
2020,전문대학,사립,전문대학,강원,기존,0000567,송곡대학교,783,74,9.5,230,19,8.3,2026-08-07T10:05:19.852Z
2020,전문대학,사립,전문대학,강원,기존,0000564,송호대학교,1358,120,8.8,406,40,9.9,2026-08-07T10:05:19.852Z
2020,전문대학,사립,전문대학,대구,기존,0002649,수성대학교,4961,496,10,1430,146,10.2,2026-08-07T10:05:19.852Z
2020,전문대학,사립,전문대학,경기,기존,0000497,수원과학대학교,8649,662,7.7,2595,189,7.3,2026-08-07T10:05:19.852Z
2020,전문대학,사립,전문대학,경기,기존,0000496,수원여자대학교,4666,231,5,1829,130,7.1,2026-08-07T10:05:19.852Z
2020,전문대학,사립,전문대학,전남,기존,0000498,순천제일대학교,3958,492,12.4,1267,124,9.8,2026-08-07T10:05:19.852Z
2020,전문대학,사립,전문대학,서울,기존,0000500,숭의여자대학교,3673,214,5.8,1727,128,7.4,2026-08-07T10:05:19.852Z
2020,전문대학,사립,전문대학,경기,기존,0000501,신구대학교,8818,584,6.6,2973,191,6.4,2026-08-07T10:05:19.852Z
2020,전문대학,사립,전문대학,충남,기존,0000502,신성대학교,5417,399,7.4,1537,107,7,2026-08-07T10:05:19.852Z
2020,전문대학,사립,전문대학,경기,기존,0000506,신안산대학교,6359,448,7,2008,136,6.8,2026-08-07T10:05:19.852Z
2020,전문대학,사립,전문대학,경기,폐교,0000503,신흥대학교,2,2,100,0,0,0,2026-08-07T10:05:19.852Z
2020,전문대학,사립,전문대학,충남,기존,0000454,아주자동차대학교,2321,90,3.9,398,28,7,2026-08-07T10:05:19.852Z
2020,전문대학,사립,전문대학,경북,기존,0002650,안동과학대학교,3628,288,7.9,992,39,3.9,2026-08-07T10:05:19.852Z
2020,전문대학,사립,전문대학,경기,기존,0000507,안산대학교,5768,258,4.5,1862,103,5.5,2026-08-07T10:05:19.852Z
2020,전문대학,사립,전문대학,경기,기존,0000510,여주대학교,7814,697,8.9,2247,189,8.4,2026-08-07T10:05:19.852Z
2020,전문대학,사립,전문대학,경기,기존,0002651,연성대학교,8450,605,7.2,2746,164,6,2026-08-07T10:05:19.852Z
2020,전문대학,사립,전문대학,경남,기존,0002652,연암공과대학교,2571,184,7.2,546,5,0.9,2026-08-07T10:05:19.852Z
2020,전문대학,사립,전문대학,충남,기존,0000512,연암대학교,1530,92,6,575,21,3.7,2026-08-07T10:05:19.852Z
2020,전문대학,사립,전문대학,경북,기존,0000418,영남외국어대학,534,53,9.9,230,36,15.7,2026-08-07T10:05:19.852Z
2020,전문대학,사립,전문대학,대구,기존,0000513,영남이공대학교,9139,632,6.9,2646,153,5.8,2026-08-07T10:05:19.852Z
2020,사이버대학(전문대학),사립,전문대학,대구,기존,0000575,영진사이버대학교,3927,271,6.9,1785,63,3.5,2026-08-07T10:05:19.852Z
2020,전문대학,사립,전문대학,대구,기존,0000517,영진전문대학교,13224,1062,8,3749,287,7.7,2026-08-07T10:05:19.852Z
2020,전문대학,사립,전문대학,경기,기존,0002653,오산대학교,7803,714,9.2,2539,232,9.1,2026-08-07T10:05:19.852Z
2020,전문대학,사립,전문대학,경기,기존,0000520,용인예술과학대학교,6037,588,9.7,1775,165,9.3,2026-08-07T10:05:19.852Z
2020,전문대학,사립,전문대학,대전,기존,0000452,우송정보대학,6890,611,8.9,2155,144,6.7,2026-08-07T10:05:19.852Z
2020,전문대학,사립,전문대학,울산,기존,0000521,울산과학대학교,8399,478,5.7,2237,96,4.3,2026-08-07T10:05:19.852Z
2020,전문대학,사립,전문대학,경기,기존,0000568,웅지세무대학교,1979,183,9.2,272,22,8.1,2026-08-07T10:05:19.852Z
2020,전문대학,사립,전문대학,전북,기존,0000523,원광보건대학교,6754,492,7.3,1911,113,5.9,2026-08-07T10:05:19.852Z
2020,전문대학,사립,전문대학,경기,기존,0000524,유한대학교,7880,474,6,2293,135,5.9,2026-08-07T10:05:19.852Z
2020,전문대학,사립,전문대학,서울,기존,0000525,인덕대학교,9133,650,7.1,2834,181,6.4,2026-08-07T10:05:19.852Z
2020,전문대학,사립,전문대학,인천,기존,0000455,재능대학교,5993,542,9,1950,191,9.8,2026-08-07T10:05:19.852Z
2020,전문대학,사립,전문대학,인천,기존,0002654,인하공업전문대학,11324,709,6.3,3330,264,7.9,2026-08-07T10:05:19.852Z
2020,전문대학,사립,전문대학,경기,기존,0000527,장안대학교,7980,700,8.8,2597,227,8.7,2026-08-07T10:05:19.852Z
2020,전문대학,사립,전문대학,전남,기존,0000529,전남과학대학교,4357,360,8.3,1734,189,10.9,2026-08-07T10:05:19.852Z
2020,전문대학,공립,전문대학,전남,기존,0000562,전남도립대학교,1884,234,12.4,681,88,12.9,2026-08-07T10:05:19.852Z
2020,전문대학,사립,전문대학,전북,기존,0000531,전북과학대학교,1862,134,7.2,744,55,7.4,2026-08-07T10:05:19.852Z
2020,전문대학,사립,전문대학,전북,기존,0000437,전주기전대학,2039,235,11.5,749,85,11.3,2026-08-07T10:05:19.852Z
2020,전문대학,사립,전문대학,전북,기존,0000530,전주비전대학교,5145,307,6,1576,78,4.9,2026-08-07T10:05:19.852Z
2020,전문대학,사립,전문대학,제주,기존,0000532,제주관광대학교,2917,353,12.1,846,75,8.9,2026-08-07T10:05:19.852Z
2020,전문대학,사립,전문대학,제주,기존,0002655,제주한라대학교,10019,612,6.1,2189,176,8,2026-08-07T10:05:19.852Z
2020,전문대학,사립,전문대학,광주,기존,0002974,조선간호대학교,836,12,1.4,193,6,3.1,2026-08-07T10:05:19.852Z
2020,전문대학,사립,전문대학,광주,기존,0000534,조선이공대학교,6220,705,11.3,1698,116,6.8,2026-08-07T10:05:19.852Z
2020,전문대학,사립,전문대학,경남,기존,0000539,진주보건대학교,3283,129,3.9,993,41,4.1,2026-08-07T10:05:19.852Z
2020,전문대학,사립,전문대학,경남,기존,0000542,창원문성대학교,4312,674,15.6,989,65,6.6,2026-08-07T10:05:19.852Z
2020,전문대학,사립,전문대학,경기,기존,0000544,청강문화산업대학교,5123,211,4.1,1474,50,3.4,2026-08-07T10:05:19.852Z
2020,전문대학,사립,전문대학,전남,기존,0002656,청암대학교,3468,240,6.9,1113,152,13.7,2026-08-07T10:05:19.852Z
2020,전문대학,사립,전문대학,울산,기존,0000545,춘해보건대학교,3171,129,4.1,921,46,5,2026-08-07T10:05:19.852Z
2020,전문대학,공립,전문대학,충남,기존,0002657,충남도립대학교,1503,102,6.8,509,41,8.1,2026-08-07T10:05:19.852Z
2020,전문대학,공립,전문대학,충북,기존,0000406,충북도립대학교,1267,125,9.9,422,62,14.7,2026-08-07T10:05:19.852Z
2020,전문대학,사립,전문대학,충북,기존,0000536,충북보건과학대학교,3935,284,7.2,1165,73,6.3,2026-08-07T10:05:19.852Z
2020,전문대학,사립,전문대학,충북,기존,0000547,충청대학교,5690,428,7.5,1645,115,7,2026-08-07T10:05:19.852Z
2020,전문대학,사립,전문대학,경북,기존,0002658,포항대학교,2437,197,8.1,762,57,7.5,2026-08-07T10:05:19.852Z
2020,전문대학,사립,전문대학,강원,기존,0000578,한국골프과학기술대학교,776,29,3.7,196,6,3.1,2026-08-07T10:05:19.852Z
2020,전문대학,사립,전문대학,경기,기존,0000565,한국관광대학교,2694,146,5.4,1039,61,5.9,2026-08-07T10:05:19.852Z
2020,전문대학,특별법국립,전문대학,전북,기존,0003019,한국농수산대학교,1884,45,2.4,660,22,3.3,2026-08-07T10:05:19.852Z
2020,전문대학,국립,전문대학,경기,폐교,0002659,한국복지대학교,840,59,7,291,12,4.1,2026-08-07T10:05:19.852Z
2020,사이버대학(전문대학),사립,전문대학,경북,기존,0000576,한국복지사이버대학교,2159,330,15.3,1153,95,8.2,2026-08-07T10:05:19.852Z
2020,전문대학,사립,전문대학,경남,기존,0000570,한국승강기대학교,1470,83,5.6,336,18,5.4,2026-08-07T10:05:19.852Z
2020,전문대학,사립,전문대학,세종,기존,0000522,한국영상대학교,4706,340,7.2,1433,80,5.6,2026-08-07T10:05:19.852Z
2020,기능대학,사립,전문대학,서울,기존,0000585,한국폴리텍 I 대학 서울강서캠퍼스,738,93,12.6,294,29,9.9,2026-08-07T10:05:19.852Z
2020,기능대학,사립,전문대학,서울,기존,0000584,한국폴리텍 I 대학 서울정수캠퍼스,2229,180,8.1,733,80,10.9,2026-08-07T10:05:19.852Z
2020,기능대학,사립,전문대학,경기,기존,0000586,한국폴리텍 I 대학 성남캠퍼스,1545,177,11.5,440,48,10.9,2026-08-07T10:05:19.852Z
2020,기능대학,사립,전문대학,제주,기존,0002912,한국폴리텍 I 대학 제주캠퍼스,70,13,18.6,28,4,14.3,2026-08-07T10:05:19.852Z
2020,기능대학,사립,전문대학,인천,기존,0000590,한국폴리텍 II 대학 남인천캠퍼스,30,3,10,30,3,10,2026-08-07T10:05:19.852Z
2020,기능대학,사립,전문대학,인천,기존,0000589,한국폴리텍 II 대학 인천캠퍼스,3264,337,10.3,1044,130,12.5,2026-08-07T10:05:19.852Z
2020,기능대학,사립,전문대학,강원,기존,0000594,한국폴리텍 III 대학 강릉캠퍼스,201,10,5,70,6,8.6,2026-08-07T10:05:19.852Z
2020,기능대학,사립,전문대학,강원,기존,0002854,한국폴리텍 III 대학 원주캠퍼스,96,7,7.3,57,5,8.8,2026-08-07T10:05:19.852Z
2020,기능대학,사립,전문대학,강원,기존,0000593,한국폴리텍 III 대학 춘천캠퍼스,445,35,7.9,144,9,6.3,2026-08-07T10:05:19.852Z
2020,기능대학,사립,전문대학,대전,기존,0000603,한국폴리텍 IV 대학 대전캠퍼스,1480,146,9.9,453,34,7.5,2026-08-07T10:05:19.852Z
2020,기능대학,사립,전문대학,충남,기존,0000606,한국폴리텍 IV 대학 아산캠퍼스,852,57,6.7,264,14,5.3,2026-08-07T10:05:19.852Z
2020,기능대학,사립,전문대학,충북,기존,0000604,한국폴리텍 IV 대학 청주캠퍼스,1209,79,6.5,364,29,8,2026-08-07T10:05:19.852Z
2020,기능대학,사립,전문대학,충남,기존,0000607,한국폴리텍 IV 대학 충남캠퍼스,400,21,5.3,110,9,8.2,2026-08-07T10:05:19.852Z
2020,기능대학,사립,전문대학,광주,기존,0000616,한국폴리텍 V 대학 광주캠퍼스,1393,101,7.3,412,34,8.3,2026-08-07T10:05:19.852Z
2020,기능대학,사립,전문대학,전남,기존,0002975,한국폴리텍 V 대학 순천캠퍼스,18,0,0,7,0,0,2026-08-07T10:05:19.852Z
2020,기능대학,사립,전문대학,전북,기존,0000620,한국폴리텍 V 대학 익산캠퍼스,194,23,11.9,77,13,16.9,2026-08-07T10:05:19.852Z
2020,기능대학,사립,전문대학,전남,기존,0000619,한국폴리텍 V 대학 전남캠퍼스,453,77,17,1,11,1100,2026-08-07T10:05:19.852Z
2020,기능대학,사립,전문대학,전북,기존,0000617,한국폴리텍 V 대학 전북캠퍼스,798,86,10.8,258,35,13.6,2026-08-07T10:05:19.852Z
2020,기능대학,사립,전문대학,경북,기존,0000624,한국폴리텍 VI 대학 구미캠퍼스,873,88,10.1,267,18,6.7,2026-08-07T10:05:19.852Z
2020,기능대학,사립,전문대학,대구,기존,0000623,한국폴리텍 VI 대학 대구캠퍼스,1100,153,13.9,331,49,14.8,2026-08-07T10:05:19.852Z
2020,기능대학,사립,전문대학,대구,기존,0000636,한국폴리텍 VI 대학 영남융합기술캠퍼스,280,68,24.3,120,26,21.7,2026-08-07T10:05:19.852Z
2020,기능대학,사립,전문대학,경북,기존,0002674,한국폴리텍 VI 대학 영주캠퍼스,94,17,18.1,28,10,35.7,2026-08-07T10:05:19.852Z
2020,기능대학,사립,전문대학,부산,기존,0000632,한국폴리텍 VII 대학 부산캠퍼스,1485,129,8.7,437,38,8.7,2026-08-07T10:05:19.852Z
2020,기능대학,사립,전문대학,울산,기존,0000633,한국폴리텍 VII 대학 울산캠퍼스,1149,112,9.7,377,41,10.9,2026-08-07T10:05:19.852Z
2020,기능대학,사립,전문대학,경남,기존,0000631,한국폴리텍 VII 대학 창원캠퍼스,2363,136,5.8,782,41,5.2,2026-08-07T10:05:19.852Z
2020,기능대학,사립,전문대학,충남,기존,0000635,한국폴리텍 특성화대학 바이오캠퍼스,578,22,3.8,212,10,4.7,2026-08-07T10:05:19.852Z
2020,기능대학,사립,전문대학,경기,기존,0000637,한국폴리텍 특성화대학 반도체융합캠퍼스,1087,93,8.6,359,36,10,2026-08-07T10:05:19.852Z
2020,기능대학,사립,전문대학,경남,기존,0000638,한국폴리텍 특성화대학 항공캠퍼스,1027,60,5.8,248,20,8.1,2026-08-07T10:05:19.852Z
2020,전문대학,사립,전문대학,강원,기존,0000553,한림성심대학교,4782,528,11,1317,51,3.9,2026-08-07T10:05:19.852Z
2020,전문대학,사립,전문대학,서울,기존,0000554,한양여자대학교,7421,452,6.1,3052,267,8.7,2026-08-07T10:05:19.852Z
2020,전문대학,사립,전문대학,전남,기존,0000555,한영대학교,1761,95,5.4,702,26,3.7,2026-08-07T10:05:19.852Z
2020,전문대학,사립,전문대학,충남,기존,0000556,혜전대학교,3698,222,6,1068,69,6.5,2026-08-07T10:05:19.852Z
2020,전문대학,사립,전문대학,경북,기존,0000415,호산대학교,2235,226,10.1,817,92,11.3,2026-08-07T10:05:19.852Z
2019,대학교,사립,대학,경남,기존,0002748,가야대학교(김해),3124,199,6.4,,,,2026-08-07T10:05:19.852Z
2019,대학교,사립,대학,경기,기존,0000063,가천대학교,25780,932,3.6,,,,2026-08-07T10:05:19.852Z
2019,대학교,사립,대학,강원,기존,0000072,가톨릭관동대학교,12897,979,7.6,,,,2026-08-07T10:05:19.852Z
2019,대학교,사립,대학,서울,기존,0000049,가톨릭대학교_제3캠퍼스,268,11,4.1,,,,2026-08-07T10:05:19.852Z
2019,대학교,사립,대학,서울,기존,0000048,가톨릭대학교_제2캠퍼스,836,5,0.6,,,,2026-08-07T10:05:19.852Z
2019,대학교,사립,대학,경기,기존,0000046,가톨릭대학교,9644,306,3.2,,,,2026-08-07T10:05:19.852Z
2019,대학교,사립,대학,서울,기존,0000050,감리교신학대학교,1133,45,4,,,,2026-08-07T10:05:19.852Z
2019,대학교,사립,대학,경기,기존,0000051,강남대학교,9172,528,5.8,,,,2026-08-07T10:05:19.852Z
2019,대학교,국립,대학,강원,기존,0000002,국립강릉원주대학교_제2캠퍼스,2909,124,4.3,,,,2026-08-07T10:05:19.852Z
2019,대학교,국립,대학,강원,기존,0000001,국립강릉원주대학교,8107,494,6.1,,,,2026-08-07T10:05:19.852Z
2019,대학교,국립,대학,강원,기존,0000003,강원대학교,21094,681,3.2,,,,2026-08-07T10:05:19.852Z
2019,대학교,국립,대학,강원,기존,0000004,강원대학교_제2캠퍼스,10476,887,8.5,,,,2026-08-07T10:05:19.852Z
2019,대학교,사립,대학,서울,기존,0000052,건국대학교,23103,630,2.7,,,,2026-08-07T10:05:19.852Z
2019,대학교,사립,대학,충북,기존,0000053,건국대학교(글로컬)_분교,10675,412,3.9,,,,2026-08-07T10:05:19.852Z
2019,대학교,사립,대학,대전,기존,0000055,건양대학교_제2캠퍼스,4282,143,3.3,,,,2026-08-07T10:05:19.852Z
2019,대학교,사립,대학,충남,기존,0000054,건양대학교,4856,218,4.5,,,,2026-08-07T10:05:19.852Z
2019,사이버대학(대학),사립,대학,대전,기존,0000335,건양사이버대학교,3724,270,7.3,,,,2026-08-07T10:05:19.852Z
2019,대학교,사립,대학,서울,기존,0000058,경기대학교_제2캠퍼스,2642,79,3,,,,2026-08-07T10:05:19.852Z
2019,대학교,사립,대학,경기,기존,0000056,경기대학교,16629,626,3.8,,,,2026-08-07T10:05:19.852Z
2019,대학교,국립,대학,경남,폐교,0000035,경남과학기술대학교,6946,457,6.6,,,,2026-08-07T10:05:19.852Z
2019,대학교,사립,대학,경남,기존,0000059,경남대학교,16923,975,5.8,,,,2026-08-07T10:05:19.852Z
2019,대학교,사립,대학,경기,기존,0002744,경동대학교_제4캠퍼스,2628,152,5.8,,,,2026-08-07T10:05:19.852Z
2019,대학교,사립,대학,강원,기존,0000060,경동대학교,2907,324,11.1,,,,2026-08-07T10:05:19.852Z
2019,대학교,사립,대학,강원,기존,0002574,경동대학교_제3캠퍼스,4443,116,2.6,,,,2026-08-07T10:05:19.852Z
2019,대학교,국립,대학,대구,기존,0000005,경북대학교,30719,1107,3.6,,,,2026-08-07T10:05:19.852Z
2019,대학교,국립,대학,경남,기존,0000007,경상국립대학교,19674,768,3.9,,,,2026-08-07T10:05:19.852Z
2019,대학교,사립,대학,부산,기존,0000062,경성대학교,16969,1026,6,,,,2026-08-07T10:05:19.852Z
2019,대학교,사립,대학,경북,기존,0000244,경운대학교,6296,566,9,,,,2026-08-07T10:05:19.852Z
2019,교육대학,국립,대학,인천,기존,0000256,경인교육대학교,1330,17,1.3,,,,2026-08-07T10:05:19.852Z
2019,교육대학,국립,대학,경기,기존,0000257,경인교육대학교_제2캠퍼스,1381,5,0.4,,,,2026-08-07T10:05:19.852Z
2019,대학교,사립,대학,경북,기존,0000064,경일대학교,9557,718,7.5,,,,2026-08-07T10:05:19.852Z
2019,대학교,사립,대학,경북,기존,0000065,신경주대학교,1751,323,18.4,,,,2026-08-07T10:05:19.852Z
2019,대학교,사립,대학,서울,기존,0000066,경희대학교,34753,971,2.8,,,,2026-08-07T10:05:19.852Z
2019,사이버대학(대학),사립,대학,서울,기존,0000318,경희사이버대학교,10606,2507,23.6,,,,2026-08-07T10:05:19.852Z
2019,대학교,사립,대학,대구,기존,0000068,계명대학교,30583,1511,4.9,,,,2026-08-07T10:05:19.852Z
2019,대학교,사립,대학,서울,기존,0000069,고려대학교,28045,632,2.3,,,,2026-08-07T10:05:19.852Z
2019,대학교,사립,대학,세종,기존,0000070,고려대학교(세종)_분교,9415,385,4.1,,,,2026-08-07T10:05:19.852Z
2019,사이버대학(대학),사립,대학,서울,기존,0000328,고려사이버대학교,10281,1613,15.7,,,,2026-08-07T10:05:19.852Z
2019,대학교,사립,대학,부산,기존,0000071,고신대학교,4826,313,6.5,,,,2026-08-07T10:05:19.852Z
2019,교육대학,국립,대학,충남,기존,0000251,공주교육대학교,1517,42,2.8,,,,2026-08-07T10:05:19.852Z
2019,대학교,국립,대학,충남,기존,0000008,국립공주대학교,17295,713,4.1,,,,2026-08-07T10:05:19.852Z
2019,대학교,사립,대학,광주,기존,0000073,광신대학교,602,60,10,,,,2026-08-07T10:05:19.852Z
2019,대학교,사립,대학,서울,기존,0000074,광운대학교,11574,425,3.7,,,,2026-08-07T10:05:19.852Z
2019,대학교,사립,대학,전남,기존,0000075,광주가톨릭대학교,125,12,9.6,,,,2026-08-07T10:05:19.852Z
2019,대학교,특별법법인,대학,광주,기존,0000381,광주과학기술원,946,29,3.1,,,,2026-08-07T10:05:19.852Z
2019,교육대학,국립,대학,광주,기존,0000252,광주교육대학교,1401,32,2.3,,,,2026-08-07T10:05:19.852Z
2019,대학교,사립,대학,광주,기존,0000231,광주대학교,9388,829,8.8,,,,2026-08-07T10:05:19.852Z
2019,대학교,사립,대학,광주,기존,0000076,광주여자대학교,3846,196,5.1,,,,2026-08-07T10:05:19.852Z
2019,대학교,사립,대학,서울,기존,0000078,국민대학교,21875,590,2.7,,,,2026-08-07T10:05:19.852Z
2019,사이버대학(대학),사립,대학,경기,기존,0000319,국제사이버대학교,3551,652,18.4,,,,2026-08-07T10:05:19.852Z
2019,대학교,국립,대학,전북,기존,0000009,국립군산대학교,10010,610,6.1,,,,2026-08-07T10:05:19.852Z
2019,대학교,사립,대학,충북,기존,0000080,극동대학교,5136,265,5.2,,,,2026-08-07T10:05:19.852Z
2019,사이버대학(대학),사립,대학,충남,기존,0000334,글로벌사이버대학교,2601,396,15.2,,,,2026-08-07T10:05:19.852Z
2019,대학교,사립,대학,충남,기존,0000224,금강대학교,649,66,10.2,,,,2026-08-07T10:05:19.852Z
2019,대학교,국립,대학,경북,기존,0000010,국립금오공과대학교,8505,371,4.4,,,,2026-08-07T10:05:19.852Z
2019,대학교,사립,대학,경북,기존,0000241,김천대학교,4157,392,9.4,,,,2026-08-07T10:05:19.852Z
2019,대학교,사립,대학,충북,기존,0000215,가톨릭꽃동네대학교,587,21,3.6,,,,2026-08-07T10:05:19.852Z
2019,대학교,사립,대학,충남,기존,0000081,나사렛대학교,7006,405,5.8,,,,2026-08-07T10:05:19.852Z
2019,대학교,사립,대학,광주,기존,0000216,남부대학교,3757,296,7.9,,,,2026-08-07T10:05:19.852Z
2019,대학교,사립,대학,충남,기존,0000245,남서울대학교,13626,1315,9.7,,,,2026-08-07T10:05:19.852Z
2019,대학교,사립,대학,충남,기존,0002726,단국대학교_제2캠퍼스,14867,556,3.7,,,,2026-08-07T10:05:19.852Z
2019,대학교,사립,대학,경기,기존,0000082,단국대학교,16480,553,3.4,,,,2026-08-07T10:05:19.852Z
2019,대학교,사립,대학,경북,기존,0000088,대구가톨릭대학교,17115,833,4.9,,,,2026-08-07T10:05:19.852Z
2019,대학교,특별법법인,대학,대구,기존,0000382,대구경북과학기술원,898,22,2.4,,,,2026-08-07T10:05:19.852Z
2019,교육대학,국립,대학,대구,기존,0000253,대구교육대학교,1671,31,1.9,,,,2026-08-07T10:05:19.852Z
2019,대학교,사립,대학,경북,기존,0000084,대구대학교,24608,1358,5.5,,,,2026-08-07T10:05:19.852Z
2019,사이버대학(대학),사립,대학,경북,기존,0000320,대구사이버대학교,4727,1004,21.2,,,,2026-08-07T10:05:19.852Z
2019,대학교,사립,대학,경북,기존,0000087,대구예술대학교,1670,200,12,,,,2026-08-07T10:05:19.852Z
2019,대학교,사립,대학,경북,기존,0000061,대구한의대학교,8605,506,5.9,,,,2026-08-07T10:05:19.852Z
2019,대학교,사립,대학,경북,기존,0000093,대신대학교,646,39,6,,,,2026-08-07T10:05:19.852Z
2019,대학교,사립,대학,세종,기존,0000094,대전가톨릭대학교,64,8,12.5,,,,2026-08-07T10:05:19.852Z
2019,대학교,사립,대학,대전,기존,0000095,대전대학교,12908,622,4.8,,,,2026-08-07T10:05:19.852Z
2019,대학교,사립,대학,대전,기존,0000238,대전신학대학교,116,6,5.2,,,,2026-08-07T10:05:19.852Z
2019,대학교,사립,대학,경기,기존,0000097,대진대학교,10266,616,6,,,,2026-08-07T10:05:19.852Z
2019,대학교,사립,대학,서울,기존,0000099,덕성여자대학교,6944,267,3.8,,,,2026-08-07T10:05:19.852Z
2019,대학교,사립,대학,서울,기존,0000100,동국대학교,19069,571,3,,,,2026-08-07T10:05:19.852Z
2019,대학교,사립,대학,경북,기존,0000101,동국대학교(WISE)_분교,10826,597,5.5,,,,2026-08-07T10:05:19.852Z
2019,대학교,사립,대학,서울,기존,0000102,동덕여자대학교,8000,341,4.3,,,,2026-08-07T10:05:19.852Z
2019,대학교,사립,대학,부산,기존,0000235,동명대학교,11869,868,7.3,,,,2026-08-07T10:05:19.852Z
2019,대학교,사립,대학,부산,기존,0000103,동서대학교,14733,905,6.1,,,,2026-08-07T10:05:19.852Z
2019,대학교,사립,대학,전남,기존,0000104,동신대학교,8559,649,7.6,,,,2026-08-07T10:05:19.852Z
2019,대학교,사립,대학,부산,기존,0000105,동아대학교,26185,1086,4.1,,,,2026-08-07T10:05:19.852Z
2019,대학교,사립,대학,경북,기존,0000106,동양대학교,5751,481,8.4,,,,2026-08-07T10:05:19.852Z
2019,대학교,사립,대학,부산,기존,0000107,동의대학교,21406,1040,4.9,,,,2026-08-07T10:05:19.852Z
2019,사이버대학(대학),사립,대학,서울,기존,0000330,디지털서울문화예술대학교,4541,770,17,,,,2026-08-07T10:05:19.852Z
2019,대학교,사립,대학,경기,기존,0000108,루터대학교,422,44,10.4,,,,2026-08-07T10:05:19.852Z
2019,대학교,사립,대학,경기,기존,0000109,명지대학교,9303,375,4,,,,2026-08-07T10:05:19.852Z
2019,대학교,사립,대학,서울,기존,0000111,명지대학교_제2캠퍼스,10305,325,3.2,,,,2026-08-07T10:05:19.852Z
2019,대학교,사립,대학,대전,기존,0000112,목원대학교,10675,659,6.2,,,,2026-08-07T10:05:19.852Z
2019,대학교,사립,대학,전남,기존,0000221,목포가톨릭대학교,571,17,3,,,,2026-08-07T10:05:19.852Z
2019,대학교,국립,대학,전남,기존,0000011,국립목포대학교,10124,629,6.2,,,,2026-08-07T10:05:19.852Z
2019,대학교,국립,대학,전남,기존,0000012,국립목포해양대학교,3140,226,7.2,,,,2026-08-07T10:05:19.852Z
2019,대학교,사립,대학,대전,기존,0000113,배재대학교,11089,718,6.5,,,,2026-08-07T10:05:19.852Z
2019,대학교,사립,대학,충남,기존,0000178,백석대학교,15976,771,4.8,,,,2026-08-07T10:05:19.852Z
2019,대학교,국립,대학,부산,기존,0000013,국립부경대학교,22893,876,3.8,,,,2026-08-07T10:05:19.852Z
2019,대학교,사립,대학,부산,기존,0000114,부산가톨릭대학교,4874,213,4.4,,,,2026-08-07T10:05:19.852Z
2019,교육대학,국립,대학,부산,기존,0000254,부산교육대학교,1571,17,1.1,,,,2026-08-07T10:05:19.852Z
2019,대학교,국립,대학,부산,기존,0000014,부산대학교,28683,949,3.3,,,,2026-08-07T10:05:19.852Z
2019,사이버대학(대학),사립,대학,부산,기존,0000321,부산디지털대학교,2757,370,13.4,,,,2026-08-07T10:05:19.852Z
2019,대학교,사립,대학,부산,기존,0000115,부산외국어대학교,11870,741,6.2,,,,2026-08-07T10:05:19.852Z
2019,대학교,사립,대학,경남,기존,0000222,부산장신대학교,285,23,8.1,,,,2026-08-07T10:05:19.852Z
2019,사이버대학(대학),사립,대학,서울,기존,0000332,사이버한국외국어대학교,7572,1592,21,,,,2026-08-07T10:05:19.852Z
2019,대학교,사립,대학,서울,기존,0000116,삼육대학교,7244,314,4.3,,,,2026-08-07T10:05:19.852Z
2019,대학교,사립,대학,충남,기존,0002959,상명대학교_제2캠퍼스,8072,351,4.3,,,,2026-08-07T10:05:19.852Z
2019,대학교,사립,대학,서울,기존,0000117,상명대학교,9157,345,3.8,,,,2026-08-07T10:05:19.852Z
2019,대학교,사립,대학,강원,기존,0000119,상지대학교,9301,875,9.4,,,,2026-08-07T10:05:19.852Z
2019,대학교,사립,대학,서울,기존,0000120,서강대학교,11828,363,3.1,,,,2026-08-07T10:05:19.852Z
2019,대학교,사립,대학,서울,기존,0000121,서경대학교,8714,467,5.4,,,,2026-08-07T10:05:19.852Z
2019,대학교,국립,대학,서울,기존,0000036,서울과학기술대학교,14485,459,3.2,,,,2026-08-07T10:05:19.852Z
2019,교육대학,국립,대학,서울,기존,0000255,서울교육대학교,1609,20,1.2,,,,2026-08-07T10:05:19.852Z
2019,대학교,사립,대학,서울,기존,0000098,서울기독대학교,726,148,20.4,,,,2026-08-07T10:05:19.852Z
2019,대학교,국립대법인,대학,서울,기존,0000019,서울대학교,21279,273,1.3,,,,2026-08-07T10:05:19.852Z
2019,사이버대학(대학),사립,대학,서울,기존,0000322,서울디지털대학교,11868,1380,11.6,,,,2026-08-07T10:05:19.852Z
2019,사이버대학(대학),사립,대학,서울,기존,0000323,서울사이버대학교,11712,2166,18.5,,,,2026-08-07T10:05:19.852Z
2019,대학교,공립,대학,서울,기존,0000040,서울시립대학교,12621,320,2.5,,,,2026-08-07T10:05:19.852Z
2019,대학교,사립,대학,경기,기존,0000125,서울신학대학교,2821,145,5.1,,,,2026-08-07T10:05:19.852Z
2019,대학교,사립,대학,서울,기존,0000126,서울여자대학교,8568,314,3.7,,,,2026-08-07T10:05:19.852Z
2019,대학교,사립,대학,경기,기존,0000127,서울장신대학교,635,33,5.2,,,,2026-08-07T10:05:19.852Z
2019,대학교,사립,대학,서울,기존,0000205,서울한영대학교,929,99,10.7,,,,2026-08-07T10:05:19.852Z
2019,대학교,사립,대학,충북,기존,0000128,서원대학교,9042,435,4.8,,,,2026-08-07T10:05:19.852Z
2019,대학교,사립,대학,충남,기존,0000129,선문대학교,12817,722,5.6,,,,2026-08-07T10:05:19.852Z
2019,대학교,사립,대학,경기,기존,0000131,성결대학교,7292,382,5.2,,,,2026-08-07T10:05:19.852Z
2019,대학교,사립,대학,서울,기존,0000132,성공회대학교,2966,149,5,,,,2026-08-07T10:05:19.852Z
2019,대학교,사립,대학,서울,기존,0000133,성균관대학교,26225,594,2.3,,,,2026-08-07T10:05:19.852Z
2019,대학교,사립,대학,서울,기존,0000136,성신여자대학교,10675,351,3.3,,,,2026-08-07T10:05:19.852Z
2019,대학교,사립,대학,충북,기존,0000137,세명대학교,10864,621,5.7,,,,2026-08-07T10:05:19.852Z
2019,대학교,사립,대학,서울,기존,0000138,세종대학교,16207,896,5.5,,,,2026-08-07T10:05:19.852Z
2019,사이버대학(대학),사립,대학,서울,기존,0000325,세종사이버대학교,8630,1399,16.2,,,,2026-08-07T10:05:19.852Z
2019,대학교,사립,대학,전남,기존,0000092,세한대학교,5333,659,12.4,,,,2026-08-07T10:05:19.852Z
2019,대학교,사립,대학,광주,기존,0000243,송원대학교,3706,362,9.8,,,,2026-08-07T10:05:19.852Z
2019,대학교,사립,대학,경기,기존,0000139,수원가톨릭대학교,183,7,3.8,,,,2026-08-07T10:05:19.852Z
2019,대학교,사립,대학,경기,기존,0000140,수원대학교,12916,840,6.5,,,,2026-08-07T10:05:19.852Z
2019,대학교,사립,대학,서울,기존,0000141,숙명여자대학교,12141,344,2.8,,,,2026-08-07T10:05:19.852Z
2019,각종학교(대학),사립,대학,충북,기존,0000317,순복음총회신학교,220,45,20.5,,,,2026-08-07T10:05:19.852Z
2019,대학교,국립,대학,전남,기존,0000020,국립순천대학교,9805,597,6.1,,,,2026-08-07T10:05:19.852Z
2019,대학교,사립,대학,충남,기존,0000142,순천향대학교,14151,698,4.9,,,,2026-08-07T10:05:19.852Z
2019,대학교,사립,대학,서울,기존,0000143,숭실대학교,19255,528,2.7,,,,2026-08-07T10:05:19.852Z
2019,사이버대학(대학),사립,대학,서울,기존,0000329,숭실사이버대학교,6889,927,13.5,,,,2026-08-07T10:05:19.852Z
2019,대학교,사립,대학,경기,기존,0000233,화성의과학대학교,1146,160,14,,,,2026-08-07T10:05:19.852Z
2019,대학교,사립,대학,부산,기존,0000144,신라대학교,11990,860,7.2,,,,2026-08-07T10:05:19.852Z
2019,대학교,사립,대학,경기,기존,0002712,신한대학교,1854,75,4,,,,2026-08-07T10:05:19.852Z
2019,대학교,사립,대학,경기,기존,0002800,신한대학교_제2캠퍼스,6643,364,5.5,,,,2026-08-07T10:05:19.852Z
2019,대학교,사립,대학,경기,기존,0000145,아신대학교,947,76,8,,,,2026-08-07T10:05:19.852Z
2019,대학교,사립,대학,경기,기존,0000146,아주대학교,13803,340,2.5,,,,2026-08-07T10:05:19.852Z
2019,대학교,국립,대학,경북,기존,0000021,국립경국대학교,8692,433,5,,,,2026-08-07T10:05:19.852Z
2019,대학교,사립,대학,경기,기존,0000147,안양대학교,6215,347,5.6,,,,2026-08-07T10:05:19.852Z
2019,대학교,사립,대학,인천,기존,0000148,안양대학교_제2캠퍼스,509,24,4.7,,,,2026-08-07T10:05:19.852Z
2019,대학교,사립,대학,서울,기존,0000149,연세대학교,26173,511,2,,,,2026-08-07T10:05:19.852Z
2019,대학교,사립,대학,강원,기존,0000150,연세대학교(미래)_분교,10145,356,3.5,,,,2026-08-07T10:05:19.852Z
2019,대학교,사립,대학,경북,기존,0000151,영남대학교,30052,1132,3.8,,,,2026-08-07T10:05:19.852Z
2019,대학교,사립,대학,경북,기존,0000153,영남신학대학교,550,40,7.3,,,,2026-08-07T10:05:19.852Z
2019,대학교,사립,대학,경남,기존,0003193,영산대학교,3914,329,8.4,,,,2026-08-07T10:05:19.852Z
2019,대학교,사립,대학,부산,기존,0003194,영산대학교_제2캠퍼스,4823,418,8.7,,,,2026-08-07T10:05:19.852Z
2019,대학교,사립,대학,전남,기존,0000155,영산선학대학교,49,4,8.2,,,,2026-08-07T10:05:19.852Z
2019,대학교,사립,대학,전북,기존,0000228,예수대학교,645,9,1.4,,,,2026-08-07T10:05:19.852Z
2019,대학교,사립,대학,경기,기존,0000219,예원예술대학교_제2캠퍼스,521,47,9,,,,2026-08-07T10:05:19.852Z
2019,대학교,사립,대학,전북,기존,0000218,예원예술대학교,1021,113,11.1,,,,2026-08-07T10:05:19.852Z
2019,대학교,사립,대학,경기,기존,0000156,용인대학교,8611,528,6.1,,,,2026-08-07T10:05:19.852Z
2019,대학교,사립,대학,전북,기존,0000157,우석대학교,9743,788,8.1,,,,2026-08-07T10:05:19.852Z
2019,대학교,사립,대학,대전,기존,0000240,우송대학교,12782,623,4.9,,,,2026-08-07T10:05:19.852Z
2019,대학교,특별법법인,대학,울산,기존,0000250,울산과학기술원,3090,52,1.7,,,,2026-08-07T10:05:19.852Z
2019,대학교,사립,대학,울산,기존,0000158,울산대학교,17842,895,5,,,,2026-08-07T10:05:19.852Z
2019,대학교,사립,대학,전북,기존,0000159,원광대학교,21789,1448,6.6,,,,2026-08-07T10:05:19.852Z
2019,사이버대학(대학),사립,대학,전북,기존,0000327,원광디지털대학교,6524,820,12.6,,,,2026-08-07T10:05:19.852Z
2019,대학교,사립,대학,경북,기존,0000160,위덕대학교,3928,408,10.4,,,,2026-08-07T10:05:19.852Z
2019,대학교,사립,대학,충북,기존,0000154,유원대학교,5378,548,10.2,,,,2026-08-07T10:05:19.852Z
2019,대학교,사립,대학,대전,기존,0000161,을지대학교,812,11,1.4,,,,2026-08-07T10:05:19.852Z
2019,대학교,사립,대학,경기,기존,0000162,을지대학교_제2캠퍼스,5012,194,3.9,,,,2026-08-07T10:05:19.852Z
2019,대학교,사립,대학,서울,기존,0000163,이화여자대학교,18984,445,2.3,,,,2026-08-07T10:05:19.852Z
2019,대학교,사립,대학,부산,기존,0000166,인제대학교_제2캠퍼스,913,7,0.8,,,,2026-08-07T10:05:19.852Z
2019,대학교,사립,대학,경남,기존,0000164,인제대학교,11742,634,5.4,,,,2026-08-07T10:05:19.852Z
2019,대학교,사립,대학,인천,기존,0000167,인천가톨릭대학교_제2캠퍼스,746,35,4.7,,,,2026-08-07T10:05:19.852Z
2019,대학교,사립,대학,인천,기존,0000168,인천가톨릭대학교,91,5,5.5,,,,2026-08-07T10:05:19.852Z
2019,대학교,국립대법인,대학,인천,기존,0002660,인천대학교,16703,671,4,,,,2026-08-07T10:05:19.852Z
2019,대학교,사립,대학,인천,기존,0000169,인하대학교,25729,595,2.3,,,,2026-08-07T10:05:19.852Z
2019,대학교,사립,대학,서울,기존,0000170,장로회신학대학교,876,22,2.5,,,,2026-08-07T10:05:19.852Z
2019,대학교,국립,대학,광주,기존,0000023,전남대학교,22648,751,3.3,,,,2026-08-07T10:05:19.852Z
2019,대학교,국립,대학,전남,기존,0000024,전남대학교_제2캠퍼스,4401,254,5.8,,,,2026-08-07T10:05:19.852Z
2019,대학교,국립,대학,전북,기존,0000025,전북대학교,25305,989,3.9,,,,2026-08-07T10:05:19.852Z
2019,교육대학,국립,대학,전북,기존,0000258,전주교육대학교,1211,17,1.4,,,,2026-08-07T10:05:19.852Z
2019,대학교,사립,대학,전북,기존,0000171,전주대학교,15875,871,5.5,,,,2026-08-07T10:05:19.852Z
2019,기술대학,사립,대학,서울,기존,0000288,정석대학,76,4,5.3,,,,2026-08-07T10:05:19.852Z
2019,대학교,사립,대학,제주,기존,0000248,제주국제대학교,1852,307,16.6,,,,2026-08-07T10:05:19.852Z
2019,대학교,국립,대학,제주,기존,0000027,제주대학교,14642,743,5.1,,,,2026-08-07T10:05:19.852Z
2019,대학교,사립,대학,광주,기존,0000172,조선대학교,27589,1348,4.9,,,,2026-08-07T10:05:19.852Z
2019,대학교,사립,대학,충남,기존,0000173,중부대학교,12086,765,6.3,,,,2026-08-07T10:05:19.852Z
2019,대학교,사립,대학,경기,기존,0000174,중앙대학교_제2캠퍼스,7013,273,3.9,,,,2026-08-07T10:05:19.852Z
2019,대학교,사립,대학,서울,기존,0000175,중앙대학교,25379,622,2.5,,,,2026-08-07T10:05:19.852Z
2019,대학교,사립,대학,경기,기존,0000177,중앙승가대학교,149,8,5.4,,,,2026-08-07T10:05:19.852Z
2019,대학교,사립,대학,충북,기존,0000239,중원대학교,5636,681,12.1,,,,2026-08-07T10:05:19.852Z
2019,교육대학,국립,대학,경남,기존,0000260,진주교육대학교,1376,9,0.7,,,,2026-08-07T10:05:19.852Z
2019,대학교,사립,대학,경기,기존,0000187,차의과학대학교,2810,144,5.1,,,,2026-08-07T10:05:19.852Z
2019,대학교,사립,대학,경남,기존,0000249,창신대학교,2396,159,6.6,,,,2026-08-07T10:05:19.852Z
2019,대학교,국립,대학,경남,기존,0000028,국립창원대학교,11497,526,4.6,,,,2026-08-07T10:05:19.852Z
2019,산업대학,사립,대학,충남,기존,0000284,청운대학교,8627,643,7.5,,,,2026-08-07T10:05:19.852Z
2019,교육대학,국립,대학,충북,기존,0000261,청주교육대학교,1242,16,1.3,,,,2026-08-07T10:05:19.852Z
2019,대학교,사립,대학,충북,기존,0000179,청주대학교,16055,746,4.6,,,,2026-08-07T10:05:19.852Z
2019,대학교,사립,대학,전남,기존,0000246,초당대학교,4156,325,7.8,,,,2026-08-07T10:05:19.852Z
2019,대학교,사립,대학,서울,기존,0000180,총신대학교,2172,94,4.3,,,,2026-08-07T10:05:19.852Z
2019,대학교,사립,대학,서울,기존,0000181,추계예술대학교,1491,84,5.6,,,,2026-08-07T10:05:19.852Z
2019,교육대학,국립,대학,강원,기존,0000262,춘천교육대학교,1388,27,1.9,,,,2026-08-07T10:05:19.852Z
2019,대학교,국립,대학,대전,기존,0000029,충남대학교,23614,717,3,,,,2026-08-07T10:05:19.852Z
2019,대학교,국립,대학,충북,기존,0000030,충북대학교,18887,603,3.2,,,,2026-08-07T10:05:19.852Z
2019,대학교,사립,대학,경기,기존,0000184,칼빈대학교,670,48,7.2,,,,2026-08-07T10:05:19.852Z
2019,대학교,사립,대학,서울,기존,0000079,강서대학교,1775,150,8.5,,,,2026-08-07T10:05:19.852Z
2019,대학교,사립,대학,경기,기존,0000186,평택대학교,4810,339,7,,,,2026-08-07T10:05:19.852Z
2019,대학교,사립,대학,경북,기존,0000188,포항공과대학교,1697,21,1.2,,,,2026-08-07T10:05:19.852Z
2019,대학교,국립,대학,경기,기존,0000037,한경국립대학교,7610,454,6,,,,2026-08-07T10:05:19.852Z
2019,대학교,특별법법인,대학,대전,기존,0000374,한국과학기술원,4542,76,1.7,,,,2026-08-07T10:05:19.852Z
2019,대학교,국립,대학,충북,기존,0000031,한국교원대학교,2731,43,1.6,,,,2026-08-07T10:05:19.852Z
2019,대학교,국립,대학,충북,기존,0000034,국립한국교통대학교,12130,624,5.1,,,,2026-08-07T10:05:19.852Z
2019,대학교,사립,,경남,기존,,한국국제대학교,3441,529,15.4,,,,2026-08-07T10:05:19.852Z
2019,대학교,사립,대학,충남,기존,0000189,한국기술교육대학교,6325,257,4.1,,,,2026-08-07T10:05:19.852Z
2019,방송통신대학,국립,대학,서울,기존,0000273,한국방송통신대학교,158033,35840,22.7,,,,2026-08-07T10:05:19.852Z
2019,대학교,사립,대학,경기,기존,0000247,한국공학대학교,9839,555,5.6,,,,2026-08-07T10:05:19.852Z
2019,대학교,사립,대학,서울,기존,0000191,한국성서대학교,1287,72,5.6,,,,2026-08-07T10:05:19.852Z
2019,사이버대학(대학),사립,대학,서울,기존,0000326,한국열린사이버대학교,5775,870,15.1,,,,2026-08-07T10:05:19.852Z
2019,각종학교(대학),특별법국립,대학,서울,기존,0000383,한국예술종합학교,3235,73,2.3,,,,2026-08-07T10:05:19.852Z
2019,대학교,사립,대학,서울,기존,0000192,한국외국어대학교,23840,834,3.5,,,,2026-08-07T10:05:19.852Z
2019,대학교,특별법국립,대학,충남,기존,0003022,한국전통문화대학교,737,17,2.3,,,,2026-08-07T10:05:19.852Z
2019,대학교,국립,대학,서울,기존,0000032,한국체육대학교,3234,74,2.3,,,,2026-08-07T10:05:19.852Z
2019,대학교,사립,대학,대전,기존,0000182,한국침례신학대학교,1686,76,4.5,,,,2026-08-07T10:05:19.852Z
2019,대학교,사립,대학,경기,기존,0000194,한국항공대학교,5824,173,3,,,,2026-08-07T10:05:19.852Z
2019,대학교,국립,대학,부산,기존,0000033,국립한국해양대학교,8493,383,4.5,,,,2026-08-07T10:05:19.852Z
2019,대학교,사립,대학,대전,기존,0000195,한남대학교,16822,891,5.3,,,,2026-08-07T10:05:19.852Z
2019,대학교,사립,대학,경북,기존,0000196,한동대학교,5447,125,2.3,,,,2026-08-07T10:05:19.852Z
2019,대학교,사립,대학,강원,기존,0000197,한라대학교,5352,344,6.4,,,,2026-08-07T10:05:19.852Z
2019,대학교,사립,대학,전남,기존,0000242,한려대학교,517,64,12.4,,,,2026-08-07T10:05:19.852Z
2019,대학교,사립,대학,강원,기존,0000198,한림대학교,11025,446,4,,,,2026-08-07T10:05:19.852Z
2019,대학교,국립,대학,대전,기존,0000039,국립한밭대학교,12373,760,6.1,,,,2026-08-07T10:05:19.852Z
2019,대학교,사립,대학,경기,폐교,0000230,한북대학교,4,11,275,,,,2026-08-07T10:05:19.852Z
2019,대학교,사립,대학,충남,기존,0000199,한서대학교,9270,477,5.1,,,,2026-08-07T10:05:19.852Z
2019,대학교,사립,대학,서울,기존,0000200,한성대학교,9406,447,4.8,,,,2026-08-07T10:05:19.852Z
2019,대학교,사립,대학,경기,기존,0000201,한세대학교,3503,203,5.8,,,,2026-08-07T10:05:19.852Z
2019,대학교,사립,대학,경기,기존,0000202,한신대학교,7359,357,4.9,,,,2026-08-07T10:05:19.852Z
2019,대학교,사립,대학,서울,기존,0000203,한양대학교,22684,582,2.6,,,,2026-08-07T10:05:19.852Z
2019,대학교,사립,대학,경기,기존,0000204,한양대학교(ERICA)_분교,13128,295,2.2,,,,2026-08-07T10:05:19.852Z
2019,사이버대학(대학),사립,대학,서울,기존,0000331,한양사이버대학교,16400,3580,21.8,,,,2026-08-07T10:05:19.852Z
2019,대학교,사립,대학,전북,기존,0000206,한일장신대학교,1194,98,8.2,,,,2026-08-07T10:05:19.852Z
2019,대학교,사립,대학,경기,기존,0000207,협성대학교,5789,406,7,,,,2026-08-07T10:05:19.852Z
2019,대학교,사립,대학,광주,기존,0000208,호남대학교,9364,557,5.9,,,,2026-08-07T10:05:19.852Z
2019,대학교,사립,대학,광주,기존,0000209,호남신학대학교,807,49,6.1,,,,2026-08-07T10:05:19.852Z
2019,대학교,사립,대학,충남,기존,0000211,호서대학교,16477,756,4.6,,,,2026-08-07T10:05:19.852Z
2019,산업대학,사립,대학,전북,기존,0000282,호원대학교,7129,763,10.7,,,,2026-08-07T10:05:19.852Z
2019,대학교,사립,대학,세종,기존,0002949,홍익대학교_제2캠퍼스,8466,404,4.8,,,,2026-08-07T10:05:19.852Z
2019,대학교,사립,대학,서울,기존,0000212,홍익대학교,16876,600,3.6,,,,2026-08-07T10:05:19.852Z
2019,사이버대학(대학),사립,대학,부산,기존,0000333,화신사이버대학교,1314,302,23,,,,2026-08-07T10:05:19.852Z
2019,기능대학,사립,전문대학,경기,기존,0000579,ICT폴리텍대학,613,59,9.6,,,,2026-08-07T10:05:19.852Z
2019,전문대학,사립,전문대학,경북,기존,0000410,가톨릭상지대학교,2447,178,7.3,,,,2026-08-07T10:05:19.852Z
2019,전문대학,사립,전문대학,충북,기존,0000433,강동대학교,5587,564,10.1,,,,2026-08-07T10:05:19.852Z
2019,전문대학,사립,전문대학,강원,기존,0000514,강릉영동대학교,4704,200,4.3,,,,2026-08-07T10:05:19.852Z
2019,전문대학,사립,전문대학,강원,폐교,0000548,강원관광대학교,1828,130,7.1,,,,2026-08-07T10:05:19.852Z
2019,전문대학,공립,전문대학,강원,기존,0002639,강원도립대학교,1039,110,10.6,,,,2026-08-07T10:05:19.852Z
2019,전문대학,사립,전문대학,경남,기존,0000412,거제대학교,1720,164,9.5,,,,2026-08-07T10:05:19.852Z
2019,전문대학,사립,전문대학,경기,기존,0000560,경기과학기술대학교,7320,333,4.5,,,,2026-08-07T10:05:19.852Z
2019,전문대학,공립,전문대학,경남,기존,0000402,경남도립거창대학,1336,147,11,,,,2026-08-07T10:05:19.852Z
2019,전문대학,공립,전문대학,경남,기존,0000403,경남도립남해대학,1404,119,8.5,,,,2026-08-07T10:05:19.852Z
2019,전문대학,사립,전문대학,부산,기존,0002640,경남정보대학교,11859,698,5.9,,,,2026-08-07T10:05:19.852Z
2019,전문대학,사립,전문대학,경기,기존,0000416,경민대학교,7290,546,7.5,,,,2026-08-07T10:05:19.852Z
2019,전문대학,사립,전문대학,경기,기존,0002641,경복대학교,8263,357,4.3,,,,2026-08-07T10:05:19.852Z
2019,전문대학,사립,전문대학,경북,기존,0000456,경북과학대학교,1720,193,11.2,,,,2026-08-07T10:05:19.852Z
2019,전문대학,공립,전문대학,경북,폐교,0000405,경북도립대학교,1224,117,9.6,,,,2026-08-07T10:05:19.852Z
2019,전문대학,사립,전문대학,경북,기존,0000438,경북보건대학교,1510,58,3.8,,,,2026-08-07T10:05:19.852Z
2019,전문대학,사립,전문대학,경북,기존,0002642,경북전문대학교,3799,245,6.4,,,,2026-08-07T10:05:19.852Z
2019,전문대학,사립,전문대학,인천,기존,0000422,경인여자대학교,5032,307,6.1,,,,2026-08-07T10:05:19.852Z
2019,전문대학,사립,전문대학,대구,기존,0000425,계명문화대학교,7705,636,8.3,,,,2026-08-07T10:05:19.852Z
2019,전문대학,사립,전문대학,경기,기존,0000426,계원예술대학교,4238,347,8.2,,,,2026-08-07T10:05:19.852Z
2019,전문대학,사립,전문대학,전남,기존,0000435,나주대학교,2306,358,15.5,,,,2026-08-07T10:05:19.852Z
2019,전문대학,사립,전문대학,전남,기존,0000428,광양보건대학교,1185,111,9.4,,,,2026-08-07T10:05:19.852Z
2019,전문대학,사립,전문대학,광주,기존,0000429,광주보건대학교,4875,160,3.3,,,,2026-08-07T10:05:19.852Z
2019,전문대학,사립,전문대학,경북,기존,0000430,구미대학교,7201,603,8.4,,,,2026-08-07T10:05:19.852Z
2019,전문대학,사립,전문대학,경기,기존,0000549,국제대학교,6221,541,8.7,,,,2026-08-07T10:05:19.852Z
2019,전문대학,사립,전문대학,전북,기존,0002971,군산간호대학교,1265,21,1.7,,,,2026-08-07T10:05:19.852Z
2019,전문대학,사립,전문대학,전북,기존,0000432,군장대학교,2500,189,7.6,,,,2026-08-07T10:05:19.852Z
2019,전문대학,사립,전문대학,광주,기존,0002972,기독간호대학교,680,13,1.9,,,,2026-08-07T10:05:19.852Z
2019,전문대학,사립,전문대학,경기,기존,0000440,김포대학교,5276,518,9.8,,,,2026-08-07T10:05:19.852Z
2019,전문대학,사립,전문대학,경남,기존,0000569,김해대학교,1800,141,7.8,,,,2026-08-07T10:05:19.852Z
2019,전문대학,사립,전문대학,경기,기존,0000441,농협대학교,511,7,1.4,,,,2026-08-07T10:05:19.852Z
2019,전문대학,사립,전문대학,경북,기존,0000442,대경대학교,5634,707,12.5,,,,2026-08-07T10:05:19.852Z
2019,전문대학,사립,전문대학,대구,기존,0000443,대구공업대학교,2964,286,9.6,,,,2026-08-07T10:05:19.852Z
2019,전문대학,사립,전문대학,대구,기존,0000446,대구과학대학교,5143,405,7.9,,,,2026-08-07T10:05:19.852Z
2019,전문대학,사립,전문대학,대구,기존,0000444,대구보건대학교,8913,449,5,,,,2026-08-07T10:05:19.852Z
2019,전문대학,사립,전문대학,대전,기존,0000546,대덕대학교,6227,546,8.8,,,,2026-08-07T10:05:19.852Z
2019,전문대학,사립,전문대학,부산,기존,0000447,대동대학교,1818,114,6.3,,,,2026-08-07T10:05:19.852Z
2019,전문대학,사립,전문대학,경기,기존,0000448,대림대학교,10317,921,8.9,,,,2026-08-07T10:05:19.852Z
2019,전문대학,사립,전문대학,충북,기존,0000449,대원대학교,3264,239,7.3,,,,2026-08-07T10:05:19.852Z
2019,전문대학,사립,전문대학,대전,기존,0000453,대전과학기술대학교,5829,481,8.3,,,,2026-08-07T10:05:19.852Z
2019,전문대학,사립,전문대학,대전,기존,0000451,대전보건대학교,7716,596,7.7,,,,2026-08-07T10:05:19.852Z
2019,전문대학,사립,전문대학,광주,기존,0000460,동강대학교,4099,452,11,,,,2026-08-07T10:05:19.852Z
2019,전문대학,사립,전문대학,경기,기존,0000457,동남보건대학교,5678,261,4.6,,,,2026-08-07T10:05:19.852Z
2019,전문대학,사립,전문대학,부산,폐교,0000459,동부산대학교,1916,396,20.7,,,,2026-08-07T10:05:19.852Z
2019,전문대학,사립,전문대학,경기,기존,0000450,동서울대학교,8909,628,7,,,,2026-08-07T10:05:19.852Z
2019,전문대학,사립,전문대학,경기,기존,0000461,동아방송예술대학교,4232,251,5.9,,,,2026-08-07T10:05:19.852Z
2019,전문대학,사립,전문대학,전남,기존,0000462,동아보건대학교,1990,191,9.6,,,,2026-08-07T10:05:19.852Z
2019,전문대학,사립,전문대학,서울,기존,0000463,동양미래대학교,10594,735,6.9,,,,2026-08-07T10:05:19.852Z
2019,전문대학,사립,전문대학,경남,기존,0000509,동원과학기술대학교,3280,236,7.2,,,,2026-08-07T10:05:19.852Z
2019,전문대학,사립,전문대학,경기,기존,0000465,동원대학교,5615,534,9.5,,,,2026-08-07T10:05:19.852Z
2019,전문대학,사립,전문대학,부산,기존,0000466,동의과학대학교,9582,1034,10.8,,,,2026-08-07T10:05:19.852Z
2019,전문대학,사립,전문대학,부산,기존,0000467,부산보건대학교,4426,368,8.3,,,,2026-08-07T10:05:19.852Z
2019,전문대학,사립,전문대학,경기,기존,0000469,두원공과대학교,8213,742,9,,,,2026-08-07T10:05:19.852Z
2019,전문대학,사립,전문대학,경남,기존,0000470,마산대학교,7499,575,7.7,,,,2026-08-07T10:05:19.852Z
2019,전문대학,사립,전문대학,서울,기존,0000473,명지전문대학,9999,899,9,,,,2026-08-07T10:05:19.852Z
2019,전문대학,사립,전문대학,전남,기존,0000474,목포과학대학교,3994,457,11.4,,,,2026-08-07T10:05:19.852Z
2019,전문대학,사립,전문대학,경북,기존,0000475,문경대학교,1109,54,4.9,,,,2026-08-07T10:05:19.852Z
2019,전문대학,사립,전문대학,서울,기존,0000476,배화여자대학교,3268,280,8.6,,,,2026-08-07T10:05:19.852Z
2019,전문대학,사립,전문대학,충남,기존,0000543,백석문화대학교,8116,756,9.3,,,,2026-08-07T10:05:19.852Z
2019,전문대학,사립,전문대학,전북,기존,0000477,백제예술대학교,1866,239,12.8,,,,2026-08-07T10:05:19.852Z
2019,전문대학,사립,전문대학,부산,기존,0000479,부산경상대학교,4193,224,5.3,,,,2026-08-07T10:05:19.852Z
2019,전문대학,사립,전문대학,부산,기존,0000481,부산과학기술대학교,7659,1062,13.9,,,,2026-08-07T10:05:19.852Z
2019,전문대학,사립,전문대학,부산,기존,0000480,부산여자대학교,2987,232,7.8,,,,2026-08-07T10:05:19.852Z
2019,전문대학,사립,전문대학,부산,기존,0000561,부산예술대학교,1035,191,18.5,,,,2026-08-07T10:05:19.852Z
2019,전문대학,사립,전문대학,경기,기존,0000482,부천대학교,10641,631,5.9,,,,2026-08-07T10:05:19.852Z
2019,전문대학,사립,전문대학,서울,기존,0000483,삼육보건대학교,1551,79,5.1,,,,2026-08-07T10:05:19.852Z
2019,전문대학,사립,전문대학,강원,폐교,0000485,상지영서대학교,5853,2934,50.1,,,,2026-08-07T10:05:19.852Z
2019,전문대학,사립,전문대학,경북,폐교,0002645,서라벌대학교,859,55,6.4,,,,2026-08-07T10:05:19.852Z
2019,전문대학,사립,전문대학,광주,기존,0002646,서영대학교,8091,548,6.8,,,,2026-08-07T10:05:19.852Z
2019,전문대학,사립,전문대학,서울,기존,0002973,서울여자간호대학교,995,16,1.6,,,,2026-08-07T10:05:19.852Z
2019,전문대학,사립,전문대학,경기,기존,0000489,서울예술대학교,4335,185,4.3,,,,2026-08-07T10:05:19.852Z
2019,전문대학,사립,전문대학,서울,기존,0000490,서일대학교,9079,654,7.2,,,,2026-08-07T10:05:19.852Z
2019,전문대학,사립,전문대학,경기,기존,0000566,서정대학교,9174,340,3.7,,,,2026-08-07T10:05:19.852Z
2019,전문대학,사립,전문대학,전북,폐교,0000431,서해대학,799,173,21.7,,,,2026-08-07T10:05:19.852Z
2019,전문대학,사립,전문대학,경북,기존,0000550,선린대학교,3242,209,6.4,,,,2026-08-07T10:05:19.852Z
2019,전문대학,사립,전문대학,부산,폐교,0000493,성심외국어대학,1242,1,0.1,,,,2026-08-07T10:05:19.852Z
2019,전문대학,사립,전문대학,경북,기존,0002647,성운대학교,1669,210,12.6,,,,2026-08-07T10:05:19.852Z
2019,전문대학,사립,전문대학,강원,기존,0000515,세경대학교,1330,94,7.1,,,,2026-08-07T10:05:19.852Z
2019,전문대학,사립,전문대학,강원,기존,0000567,송곡대학교,782,54,6.9,,,,2026-08-07T10:05:19.852Z
2019,전문대학,사립,전문대학,강원,기존,0000564,송호대학교,1457,152,10.4,,,,2026-08-07T10:05:19.852Z
2019,전문대학,사립,전문대학,대구,기존,0002649,수성대학교,4988,358,7.2,,,,2026-08-07T10:05:19.852Z
2019,전문대학,사립,전문대학,경기,기존,0000497,수원과학대학교,9006,774,8.6,,,,2026-08-07T10:05:19.852Z
2019,전문대학,사립,전문대학,경기,기존,0000496,수원여자대학교,4611,294,6.4,,,,2026-08-07T10:05:19.852Z
2019,전문대학,사립,전문대학,전남,기존,0000498,순천제일대학교,4267,454,10.6,,,,2026-08-07T10:05:19.852Z
2019,전문대학,사립,전문대학,서울,기존,0000500,숭의여자대학교,3661,332,9.1,,,,2026-08-07T10:05:19.852Z
2019,전문대학,사립,전문대학,경기,기존,0000501,신구대학교,8759,601,6.9,,,,2026-08-07T10:05:19.852Z
2019,전문대학,사립,전문대학,충남,기존,0000502,신성대학교,5799,425,7.3,,,,2026-08-07T10:05:19.852Z
2019,전문대학,사립,전문대학,경기,기존,0000506,신안산대학교,6440,474,7.4,,,,2026-08-07T10:05:19.852Z
2019,전문대학,사립,전문대학,경기,폐교,0000503,신흥대학교,13,18,138.5,,,,2026-08-07T10:05:19.852Z
2019,전문대학,사립,전문대학,충남,기존,0000454,아주자동차대학교,2506,125,5,,,,2026-08-07T10:05:19.852Z
2019,전문대학,사립,전문대학,경북,기존,0002650,안동과학대학교,3697,147,4,,,,2026-08-07T10:05:19.852Z
2019,전문대학,사립,전문대학,경기,기존,0000507,안산대학교,5730,352,6.1,,,,2026-08-07T10:05:19.852Z
2019,전문대학,사립,전문대학,경기,기존,0000510,여주대학교,8159,791,9.7,,,,2026-08-07T10:05:19.852Z
2019,전문대학,사립,전문대학,경기,기존,0002651,연성대학교,8543,740,8.7,,,,2026-08-07T10:05:19.852Z
2019,전문대학,사립,전문대학,경남,기존,0002652,연암공과대학교,2624,159,6.1,,,,2026-08-07T10:05:19.852Z
2019,전문대학,사립,전문대학,충남,기존,0000512,연암대학교,1516,97,6.4,,,,2026-08-07T10:05:19.852Z
2019,전문대학,사립,전문대학,경북,기존,0000418,영남외국어대학,593,84,14.2,,,,2026-08-07T10:05:19.852Z
2019,전문대학,사립,전문대학,대구,기존,0000513,영남이공대학교,9154,606,6.6,,,,2026-08-07T10:05:19.852Z
2019,사이버대학(전문대학),사립,전문대학,대구,기존,0000575,영진사이버대학교,3635,248,6.8,,,,2026-08-07T10:05:19.852Z
2019,전문대학,사립,전문대학,대구,기존,0000517,영진전문대학교,13387,931,7,,,,2026-08-07T10:05:19.852Z
2019,전문대학,사립,전문대학,경기,기존,0002653,오산대학교,7843,708,9,,,,2026-08-07T10:05:19.852Z
2019,전문대학,사립,전문대학,경기,기존,0000520,용인예술과학대학교,6213,568,9.1,,,,2026-08-07T10:05:19.852Z
2019,전문대학,사립,전문대학,대전,기존,0000452,우송정보대학,7268,713,9.8,,,,2026-08-07T10:05:19.852Z
2019,전문대학,사립,전문대학,울산,기존,0000521,울산과학대학교,8139,449,5.5,,,,2026-08-07T10:05:19.852Z
2019,전문대학,사립,전문대학,경기,기존,0000568,웅지세무대학교,2262,213,9.4,,,,2026-08-07T10:05:19.852Z
2019,전문대학,사립,전문대학,전북,기존,0000523,원광보건대학교,6836,449,6.6,,,,2026-08-07T10:05:19.852Z
2019,전문대학,사립,전문대학,경기,기존,0000524,유한대학교,8113,458,5.6,,,,2026-08-07T10:05:19.852Z
2019,전문대학,사립,전문대학,서울,기존,0000525,인덕대학교,9187,616,6.7,,,,2026-08-07T10:05:19.852Z
2019,전문대학,사립,전문대학,인천,기존,0000455,재능대학교,6236,552,8.9,,,,2026-08-07T10:05:19.852Z
2019,전문대학,사립,전문대학,인천,기존,0002654,인하공업전문대학,11603,734,6.3,,,,2026-08-07T10:05:19.852Z
2019,전문대학,사립,전문대학,경기,기존,0000527,장안대학교,8140,782,9.6,,,,2026-08-07T10:05:19.852Z
2019,전문대학,사립,전문대학,전남,기존,0000529,전남과학대학교,4612,466,10.1,,,,2026-08-07T10:05:19.852Z
2019,전문대학,공립,전문대학,전남,기존,0000562,전남도립대학교,1907,256,13.4,,,,2026-08-07T10:05:19.852Z
2019,전문대학,사립,전문대학,전북,기존,0000531,전북과학대학교,1789,115,6.4,,,,2026-08-07T10:05:19.852Z
2019,전문대학,사립,전문대학,전북,기존,0000437,전주기전대학,2090,226,10.8,,,,2026-08-07T10:05:19.852Z
2019,전문대학,사립,전문대학,전북,기존,0000530,전주비전대학교,5359,354,6.6,,,,2026-08-07T10:05:19.852Z
2019,전문대학,사립,전문대학,제주,기존,0000532,제주관광대학교,3197,339,10.6,,,,2026-08-07T10:05:19.852Z
2019,전문대학,사립,전문대학,제주,기존,0002655,제주한라대학교,9943,804,8.1,,,,2026-08-07T10:05:19.852Z
2019,전문대학,사립,전문대학,광주,기존,0002974,조선간호대학교,829,12,1.4,,,,2026-08-07T10:05:19.852Z
2019,전문대학,사립,전문대학,광주,기존,0000534,조선이공대학교,6477,536,8.3,,,,2026-08-07T10:05:19.852Z
2019,전문대학,사립,전문대학,경남,기존,0000539,진주보건대학교,3203,116,3.6,,,,2026-08-07T10:05:19.852Z
2019,전문대학,사립,전문대학,경남,기존,0000542,창원문성대학교,6168,1069,17.3,,,,2026-08-07T10:05:19.852Z
2019,전문대학,사립,전문대학,경기,기존,0000544,청강문화산업대학교,5013,266,5.3,,,,2026-08-07T10:05:19.852Z
2019,전문대학,사립,전문대학,전남,기존,0002656,청암대학교,3423,213,6.2,,,,2026-08-07T10:05:19.852Z
2019,전문대학,사립,전문대학,울산,기존,0000545,춘해보건대학교,3176,91,2.9,,,,2026-08-07T10:05:19.852Z
2019,전문대학,공립,전문대학,충남,기존,0002657,충남도립대학교,1598,107,6.7,,,,2026-08-07T10:05:19.852Z
2019,전문대학,공립,전문대학,충북,기존,0000406,충북도립대학교,1395,130,9.3,,,,2026-08-07T10:05:19.852Z
2019,전문대학,사립,전문대학,충북,기존,0000536,충북보건과학대학교,3986,301,7.6,,,,2026-08-07T10:05:19.852Z
2019,전문대학,사립,전문대학,충북,기존,0000547,충청대학교,6175,583,9.4,,,,2026-08-07T10:05:19.852Z
2019,전문대학,사립,전문대학,경북,기존,0002658,포항대학교,2518,226,9,,,,2026-08-07T10:05:19.852Z
2019,전문대학,사립,전문대학,강원,기존,0000578,한국골프과학기술대학교,739,29,3.9,,,,2026-08-07T10:05:19.852Z
2019,전문대학,사립,전문대학,경기,기존,0000565,한국관광대학교,2629,156,5.9,,,,2026-08-07T10:05:19.852Z
2019,전문대학,특별법국립,전문대학,전북,기존,0003019,한국농수산대학교,1801,41,2.3,,,,2026-08-07T10:05:19.852Z
2019,전문대학,국립,전문대학,경기,폐교,0002659,한국복지대학교,874,72,8.2,,,,2026-08-07T10:05:19.852Z
2019,사이버대학(전문대학),사립,전문대학,경북,기존,0000576,한국복지사이버대학교,2057,324,15.8,,,,2026-08-07T10:05:19.852Z
2019,전문대학,사립,전문대학,경남,기존,0000570,한국승강기대학교,1493,55,3.7,,,,2026-08-07T10:05:19.852Z
2019,전문대학,사립,전문대학,세종,기존,0000522,한국영상대학교,4789,380,7.9,,,,2026-08-07T10:05:19.852Z
2019,기능대학,사립,전문대학,서울,기존,0000585,한국폴리텍 I 대학 서울강서캠퍼스,741,96,13,,,,2026-08-07T10:05:19.852Z
2019,기능대학,사립,전문대학,서울,기존,0000584,한국폴리텍 I 대학 서울정수캠퍼스,2222,203,9.1,,,,2026-08-07T10:05:19.852Z
2019,기능대학,사립,전문대학,경기,기존,0000586,한국폴리텍 I 대학 성남캠퍼스,1623,150,9.2,,,,2026-08-07T10:05:19.852Z
2019,기능대학,사립,전문대학,제주,기존,0002912,한국폴리텍 I 대학 제주캠퍼스,65,5,7.7,,,,2026-08-07T10:05:19.852Z
2019,기능대학,사립,전문대학,인천,기존,0000589,한국폴리텍 II 대학 인천캠퍼스,3290,299,9.1,,,,2026-08-07T10:05:19.852Z
2019,기능대학,사립,전문대학,강원,기존,0000594,한국폴리텍 III 대학 강릉캠퍼스,183,7,3.8,,,,2026-08-07T10:05:19.852Z
2019,기능대학,사립,전문대학,강원,기존,0002854,한국폴리텍 III 대학 원주캠퍼스,60,4,6.7,,,,2026-08-07T10:05:19.852Z
2019,기능대학,사립,전문대학,강원,기존,0000593,한국폴리텍 III 대학 춘천캠퍼스,511,50,9.8,,,,2026-08-07T10:05:19.852Z
2019,기능대학,사립,전문대학,대전,기존,0000603,한국폴리텍 IV 대학 대전캠퍼스,1579,159,10.1,,,,2026-08-07T10:05:19.852Z
2019,기능대학,사립,전문대학,충남,기존,0000606,한국폴리텍 IV 대학 아산캠퍼스,890,72,8.1,,,,2026-08-07T10:05:19.852Z
2019,기능대학,사립,전문대학,충북,기존,0000604,한국폴리텍 IV 대학 청주캠퍼스,1258,72,5.7,,,,2026-08-07T10:05:19.852Z
2019,기능대학,사립,전문대학,충남,기존,0000607,한국폴리텍 IV 대학 충남캠퍼스,412,14,3.4,,,,2026-08-07T10:05:19.852Z
2019,기능대학,사립,전문대학,광주,기존,0000616,한국폴리텍 V 대학 광주캠퍼스,1369,89,6.5,,,,2026-08-07T10:05:19.852Z
2019,기능대학,사립,전문대학,전북,기존,0000617,한국폴리텍 V 대학 전북캠퍼스,889,99,11.1,,,,2026-08-07T10:05:19.852Z
2019,기능대학,사립,전문대학,전남,기존,0000619,한국폴리텍 V 대학 전남캠퍼스,500,74,14.8,,,,2026-08-07T10:05:19.852Z
2019,기능대학,사립,전문대학,전남,기존,0002975,한국폴리텍 V 대학 순천캠퍼스,8,1,12.5,,,,2026-08-07T10:05:19.852Z
2019,기능대학,사립,전문대학,전북,기존,0000620,한국폴리텍 V 대학 익산캠퍼스,153,22,14.4,,,,2026-08-07T10:05:19.852Z
2019,기능대학,사립,전문대학,경북,기존,0000624,한국폴리텍 VI 대학 구미캠퍼스,900,92,10.2,,,,2026-08-07T10:05:19.852Z
2019,기능대학,사립,전문대학,대구,기존,0000623,한국폴리텍 VI 대학 대구캠퍼스,1324,140,10.6,,,,2026-08-07T10:05:19.852Z
2019,기능대학,사립,전문대학,대구,기존,0000636,한국폴리텍 VI 대학 영남융합기술캠퍼스,270,47,17.4,,,,2026-08-07T10:05:19.852Z
2019,기능대학,사립,전문대학,경북,기존,0002674,한국폴리텍 VI 대학 영주캠퍼스,92,9,9.8,,,,2026-08-07T10:05:19.852Z
2019,기능대학,사립,전문대학,부산,기존,0000632,한국폴리텍 VII 대학 부산캠퍼스,1573,174,11.1,,,,2026-08-07T10:05:19.852Z
2019,기능대학,사립,전문대학,울산,기존,0000633,한국폴리텍 VII 대학 울산캠퍼스,1255,113,9,,,,2026-08-07T10:05:19.852Z
2019,기능대학,사립,전문대학,경남,기존,0000631,한국폴리텍 VII 대학 창원캠퍼스,2346,156,6.6,,,,2026-08-07T10:05:19.852Z
2019,기능대학,사립,전문대학,충남,기존,0000635,한국폴리텍 특성화대학 바이오캠퍼스,590,28,4.7,,,,2026-08-07T10:05:19.852Z
2019,기능대학,사립,전문대학,경기,기존,0000637,한국폴리텍 특성화대학 반도체융합캠퍼스,1085,101,9.3,,,,2026-08-07T10:05:19.852Z
2019,기능대학,사립,전문대학,경남,기존,0000638,한국폴리텍 특성화대학 항공캠퍼스,1027,68,6.6,,,,2026-08-07T10:05:19.852Z
2019,전문대학,사립,전문대학,강원,기존,0000553,한림성심대학교,4906,332,6.8,,,,2026-08-07T10:05:19.852Z
2019,전문대학,사립,전문대학,서울,기존,0000554,한양여자대학교,7284,511,7,,,,2026-08-07T10:05:19.852Z
2019,전문대학,사립,전문대학,전남,기존,0000555,한영대학교,1724,133,7.7,,,,2026-08-07T10:05:19.852Z
2019,전문대학,사립,전문대학,충남,기존,0000556,혜전대학교,3909,281,7.2,,,,2026-08-07T10:05:19.852Z
2019,전문대학,사립,전문대학,경북,기존,0000415,호산대학교,2368,253,10.7,,,,2026-08-07T10:05:19.852Z
2023,대학교,사립,,경남,기존,0002748,가야대학교(김해),2355,218,9.26,383,36,9.4,2026-07-31T20:23:33.967Z
2023,대학교,사립,,경기,기존,0000063,가천대학교,26126,945,3.62,4675,330,7.06,2026-07-31T20:23:33.967Z
2023,대학교,사립,,강원,기존,0000072,가톨릭관동대학교,10959,850,7.76,1563,157,10.04,2026-07-31T20:23:33.967Z
2023,대학교,사립,,충북,기존,0000215,가톨릭꽃동네대학교,545,24,4.4,108,7,6.48,2026-07-31T20:23:33.967Z
2023,대학교,사립,,경기,기존,0000046,가톨릭대학교,9386,350,3.73,1770,128,7.23,2026-07-31T20:23:33.967Z
2023,대학교,사립,,서울,기존,0000048,가톨릭대학교_제2캠퍼스,968,15,1.55,184,7,3.8,2026-07-31T20:23:33.967Z
2023,대학교,사립,,서울,기존,0000049,가톨릭대학교_제3캠퍼스,306,6,1.96,49,1,2.04,2026-07-31T20:23:33.967Z
2023,대학교,사립,,서울,기존,0000050,감리교신학대학교,925,61,6.59,94,7,7.45,2026-07-31T20:23:33.967Z
2023,대학교,사립,,경기,기존,0000051,강남대학교,8713,476,5.46,1589,142,8.94,2026-07-31T20:23:33.967Z
2023,대학교,국립,,강원,기존,0000001,국립강릉원주대학교,7420,458,6.17,1304,95,7.29,2026-07-31T20:23:33.967Z
2023,대학교,국립,,강원,기존,0000002,국립강릉원주대학교_제2캠퍼스,2837,128,4.51,503,24,4.77,2026-07-31T20:23:33.967Z
2023,대학교,사립,,서울,기존,0000079,강서대학교,1913,137,7.16,338,60,17.75,2026-07-31T20:23:33.967Z
2023,대학교,국립,,강원,기존,0000004,강원대학교_제2캠퍼스,9406,708,7.53,1509,164,10.87,2026-07-31T20:23:33.967Z
2023,대학교,국립,,강원,기존,0000003,강원대학교,19568,601,3.07,3310,223,6.74,2026-07-31T20:23:33.967Z
2023,대학교,사립,,서울,기존,0000052,건국대학교,22485,679,3.02,3477,317,9.12,2026-07-31T20:23:33.967Z
2023,대학교,사립,,충북,기존,0000053,건국대학교(글로컬)_분교,10228,419,4.1,1668,112,6.71,2026-07-31T20:23:33.967Z
2023,대학교,사립,,대전,기존,0000055,건양대학교_제2캠퍼스,4125,169,4.1,874,72,8.24,2026-07-31T20:23:33.967Z
2023,대학교,사립,,충남,기존,0000054,건양대학교,3991,267,6.69,777,65,8.37,2026-07-31T20:23:33.967Z
2023,사이버대학(대학),사립,,대전,기존,0000335,건양사이버대학교,3700,286,7.73,996,104,10.44,2026-07-31T20:23:33.967Z
2023,대학교,사립,,경기,기존,0000056,경기대학교,16071,652,4.06,2799,190,6.79,2026-07-31T20:23:33.967Z
2023,대학교,사립,,서울,기존,0000058,경기대학교_제2캠퍼스,2617,130,4.97,382,19,4.97,2026-07-31T20:23:33.967Z
2023,대학교,국립,,경남,폐교,0000035,경남과학기술대학교,5444,286,5.25,0,0,0,2026-07-31T20:23:33.967Z
2023,대학교,사립,,경남,기존,0000059,경남대학교,14486,935,6.45,1920,114,5.94,2026-07-31T20:23:33.967Z
2023,대학교,사립,,경기,기존,0002744,경동대학교_제4캠퍼스,3743,228,6.09,662,43,6.5,2026-07-31T20:23:33.967Z
2023,대학교,사립,,강원,기존,0002574,경동대학교_제3캠퍼스,4570,198,4.33,1041,71,6.82,2026-07-31T20:23:33.967Z
2023,대학교,사립,,강원,기존,0000060,경동대학교,810,148,18.27,52,6,11.54,2026-07-31T20:23:33.967Z
2023,대학교,국립,,대구,기존,0000005,경북대학교,28693,1167,4.07,5006,461,9.21,2026-07-31T20:23:33.967Z
2023,대학교,국립,,경남,기존,0000007,경상국립대학교,19312,925,4.79,4512,306,6.78,2026-07-31T20:23:33.967Z
2023,대학교,사립,,부산,기존,0000062,경성대학교,16076,899,5.59,2963,175,5.91,2026-07-31T20:23:33.967Z
2023,대학교,사립,,경북,기존,0000244,경운대학교,5772,624,10.81,1131,169,14.94,2026-07-31T20:23:33.967Z
2023,교육대학,국립,,인천,기존,0000256,경인교육대학교,1313,63,4.8,652,52,7.98,2026-07-31T20:23:33.967Z
2023,교육대학,국립,,경기,기존,0000257,경인교육대학교_제2캠퍼스,1306,8,0.61,0,0,0,2026-07-31T20:23:33.967Z
2023,대학교,사립,,경북,기존,0000064,경일대학교,9311,778,8.36,1645,198,12.04,2026-07-31T20:23:33.967Z
2023,대학교,사립,,경북,기존,0000065,신경주대학교,957,252,26.33,214,108,50.47,2026-07-31T20:23:33.967Z
2023,대학교,사립,,서울,기존,0000066,경희대학교,33980,1151,3.39,5798,537,9.26,2026-07-31T20:23:33.967Z
2023,사이버대학(대학),사립,,서울,기존,0000318,경희사이버대학교,12031,2195,18.24,2833,599,21.14,2026-07-31T20:23:33.967Z
2023,대학교,사립,,대구,기존,0000068,계명대학교,29306,1513,5.16,4898,284,5.8,2026-07-31T20:23:33.967Z
2023,대학교,사립,,서울,기존,0000069,고려대학교,26766,897,3.35,4547,414,9.1,2026-07-31T20:23:33.967Z
2023,대학교,사립,,세종,기존,0000070,고려대학교(세종)_분교,9090,495,5.45,1600,160,10,2026-07-31T20:23:33.967Z
2023,사이버대학(대학),사립,,서울,기존,0000328,고려사이버대학교,11906,1703,14.3,2323,366,15.76,2026-07-31T20:23:33.967Z
2023,대학교,사립,,부산,기존,0000071,고신대학교,4283,412,9.62,823,128,15.55,2026-07-31T20:23:33.967Z
2023,교육대학,국립,,충남,기존,0000251,공주교육대학교,1434,43,3,380,20,5.26,2026-07-31T20:23:33.967Z
2023,대학교,국립,,충남,기존,0000008,국립공주대학교,16161,758,4.69,3237,220,6.8,2026-07-31T20:23:33.967Z
2023,대학교,사립,,광주,기존,0000073,광신대학교,534,54,10.11,122,26,21.31,2026-07-31T20:23:33.967Z
2023,대학교,사립,,서울,기존,0000074,광운대학교,11633,464,3.99,1957,166,8.48,2026-07-31T20:23:33.967Z
2023,대학교,사립,,전남,기존,0000075,광주가톨릭대학교,114,10,8.77,12,0,0,2026-07-31T20:23:33.967Z
2023,대학교,특별법법인,,광주,기존,0000381,광주과학기술원,1009,48,4.76,218,17,7.8,2026-07-31T20:23:33.967Z
2023,교육대학,국립,,광주,기존,0000252,광주교육대학교,1337,36,2.69,347,30,8.65,2026-07-31T20:23:33.967Z
2023,대학교,사립,,광주,기존,0000231,광주대학교,8209,963,11.73,1560,386,24.74,2026-07-31T20:23:33.967Z
2023,대학교,사립,,광주,기존,0000076,광주여자대학교,3982,301,7.56,908,145,15.97,2026-07-31T20:23:33.967Z
2023,대학교,사립,,서울,기존,0000078,국민대학교,20917,658,3.15,3463,264,7.62,2026-07-31T20:23:33.967Z
2023,사이버대학(대학),사립,,경기,기존,0000319,국제사이버대학교,3882,646,16.64,984,205,20.83,2026-07-31T20:23:33.967Z
2023,대학교,국립,,전북,기존,0000009,국립군산대학교,9055,650,7.18,1522,123,8.08,2026-07-31T20:23:33.967Z
2023,대학교,사립,,충북,기존,0000080,극동대학교,4397,338,7.69,582,47,8.08,2026-07-31T20:23:33.967Z
2023,사이버대학(대학),사립,,충남,기존,0000334,글로벌사이버대학교,2550,471,18.47,735,142,19.32,2026-07-31T20:23:33.967Z
2023,대학교,사립,,충남,기존,0000224,금강대학교,339,54,15.93,33,15,45.45,2026-07-31T20:23:33.967Z
2023,대학교,국립,,경북,기존,0000010,국립금오공과대학교,7716,385,4.99,1313,74,5.64,2026-07-31T20:23:33.967Z
2023,대학교,사립,,경북,기존,0000241,김천대학교,3325,458,13.77,645,178,27.6,2026-07-31T20:23:33.967Z
2023,대학교,사립,,충남,기존,0000081,나사렛대학교,6491,429,6.61,1306,87,6.66,2026-07-31T20:23:33.967Z
2023,대학교,사립,,광주,기존,0000216,남부대학교,3609,304,8.42,636,79,12.42,2026-07-31T20:23:33.967Z
2023,대학교,사립,,충남,기존,0000245,남서울대학교,12456,731,5.87,2335,165,7.07,2026-07-31T20:23:33.967Z
2023,대학교,사립,,경기,기존,0000082,단국대학교,15758,498,3.16,2618,184,7.03,2026-07-31T20:23:33.967Z
2023,대학교,사립,,충남,기존,0002726,단국대학교_제2캠퍼스,13913,621,4.46,2521,220,8.73,2026-07-31T20:23:33.967Z
2023,대학교,사립,,경북,기존,0000088,대구가톨릭대학교,15333,988,6.44,2760,188,6.81,2026-07-31T20:23:33.967Z
2023,대학교,특별법법인,,대구,기존,0000382,대구경북과학기술원,1052,29,2.76,222,17,7.66,2026-07-31T20:23:33.967Z
2023,교육대학,국립,,대구,기존,0000253,대구교육대학교,1606,42,2.62,420,26,6.19,2026-07-31T20:23:33.967Z
2023,대학교,사립,,경북,기존,0000084,대구대학교,22207,1480,6.66,3819,237,6.21,2026-07-31T20:23:33.967Z
2023,사이버대학(대학),사립,,경북,기존,0000320,대구사이버대학교,5717,1064,18.61,1808,293,16.21,2026-07-31T20:23:33.967Z
2023,대학교,사립,,경북,기존,0000087,대구예술대학교,1004,155,15.44,77,9,11.69,2026-07-31T20:23:33.967Z
2023,대학교,사립,,경북,기존,0000061,대구한의대학교,8113,673,8.3,1612,228,14.14,2026-07-31T20:23:33.967Z
2023,대학교,사립,,경북,기존,0000093,대신대학교,605,50,8.26,117,7,5.98,2026-07-31T20:23:33.967Z
2023,대학교,사립,,세종,기존,0000094,대전가톨릭대학교,50,3,6,12,1,8.33,2026-07-31T20:23:33.967Z
2023,대학교,사립,,대전,기존,0000095,대전대학교,11959,727,6.08,2042,158,7.74,2026-07-31T20:23:33.967Z
2023,대학교,사립,,대전,기존,0000238,대전신학대학교,71,10,14.08,8,0,0,2026-07-31T20:23:33.967Z
2023,대학교,사립,,경기,기존,0000097,대진대학교,10209,509,4.99,1900,168,8.84,2026-07-31T20:23:33.967Z
2023,대학교,사립,,서울,기존,0000099,덕성여자대학교,6610,272,4.11,1210,140,11.57,2026-07-31T20:23:33.967Z
2023,대학교,사립,,서울,기존,0000100,동국대학교,18489,540,2.92,3225,290,8.99,2026-07-31T20:23:33.967Z
2023,대학교,사립,,경북,기존,0000101,동국대학교(WISE)_분교,10164,597,5.87,1836,171,9.31,2026-07-31T20:23:33.967Z
2023,대학교,사립,,서울,기존,0000102,동덕여자대학교,8054,318,3.95,1747,201,11.51,2026-07-31T20:23:33.967Z
2023,대학교,사립,,부산,기존,0000235,동명대학교,10619,1230,11.58,1518,195,12.85,2026-07-31T20:23:33.967Z
2023,대학교,사립,,부산,기존,0000103,동서대학교,12871,821,6.38,2090,133,6.36,2026-07-31T20:23:33.967Z
2023,대학교,사립,,전남,기존,0000104,동신대학교,7718,875,11.34,1529,356,23.28,2026-07-31T20:23:33.967Z
2023,대학교,사립,,부산,기존,0000105,동아대학교,24717,1010,4.09,4388,206,4.69,2026-07-31T20:23:33.967Z
2023,대학교,사립,,경북,기존,0000106,동양대학교,5159,469,9.09,994,119,11.97,2026-07-31T20:23:33.967Z
2023,대학교,사립,,부산,기존,0000107,동의대학교,20322,1235,6.08,3826,259,6.77,2026-07-31T20:23:33.967Z
2023,사이버대학(대학),사립,,서울,기존,0000330,디지털서울문화예술대학교,3874,595,15.36,755,126,16.69,2026-07-31T20:23:33.967Z
2023,대학교,사립,,경기,기존,0000108,루터대학교,393,48,12.21,88,14,15.91,2026-07-31T20:23:33.967Z
2023,대학교,사립,,경기,기존,0000109,명지대학교,8863,420,4.74,1482,114,7.69,2026-07-31T20:23:33.967Z
2023,대학교,사립,,서울,기존,0000111,명지대학교_제2캠퍼스,10563,470,4.45,1619,150,9.26,2026-07-31T20:23:33.967Z
2023,대학교,사립,,대전,기존,0000112,목원대학교,9764,671,6.87,1885,155,8.22,2026-07-31T20:23:33.967Z
2023,대학교,사립,,전남,기존,0000221,목포가톨릭대학교,566,14,2.47,126,6,4.76,2026-07-31T20:23:33.967Z
2023,대학교,국립,,전남,기존,0000011,국립목포대학교,8804,604,6.86,1557,137,8.8,2026-07-31T20:23:33.967Z
2023,대학교,국립,,전남,기존,0000012,국립목포해양대학교,3112,200,6.43,713,64,8.98,2026-07-31T20:23:33.967Z
2023,대학교,사립,,대전,기존,0000113,배재대학교,10218,875,8.56,1989,185,9.3,2026-07-31T20:23:33.967Z
2023,대학교,사립,,충남,기존,0000178,백석대학교,15612,814,5.21,3160,210,6.65,2026-07-31T20:23:33.967Z
2023,대학교,국립,,부산,기존,0000013,국립부경대학교,21014,943,4.49,3619,309,8.54,2026-07-31T20:23:33.967Z
2023,대학교,사립,,부산,기존,0000114,부산가톨릭대학교,4352,225,5.17,764,32,4.19,2026-07-31T20:23:33.967Z
2023,교육대학,국립,,부산,기존,0000254,부산교육대학교,1520,39,2.57,382,29,7.59,2026-07-31T20:23:33.967Z
2023,대학교,국립,,부산,기존,0000014,부산대학교,26611,1060,3.98,4613,342,7.41,2026-07-31T20:23:33.967Z
2023,사이버대학(대학),사립,,부산,기존,0000321,부산디지털대학교,2833,407,14.37,695,108,15.54,2026-07-31T20:23:33.967Z
2023,대학교,사립,,부산,기존,0000115,부산외국어대학교,10261,609,5.94,1455,108,7.42,2026-07-31T20:23:33.967Z
2023,대학교,사립,,경남,기존,0000222,부산장신대학교,180,26,14.44,32,3,9.38,2026-07-31T20:23:33.967Z
2023,사이버대학(대학),사립,,서울,기존,0000332,사이버한국외국어대학교,8071,1475,18.28,1854,295,15.91,2026-07-31T20:23:33.967Z
2023,대학교,사립,,서울,기존,0000116,삼육대학교,7062,255,3.61,1224,79,6.45,2026-07-31T20:23:33.967Z
2023,대학교,사립,,충남,기존,0002959,상명대학교_제2캠퍼스,7763,315,4.06,1445,97,6.71,2026-07-31T20:23:33.967Z
2023,대학교,사립,,서울,기존,0000117,상명대학교,8728,358,4.1,1567,142,9.06,2026-07-31T20:23:33.967Z
2023,대학교,사립,,강원,기존,0000119,상지대학교,9482,819,8.64,1540,189,12.27,2026-07-31T20:23:33.967Z
2023,대학교,사립,,서울,기존,0000120,서강대학교,11679,432,3.7,1826,230,12.6,2026-07-31T20:23:33.967Z
2023,대학교,사립,,서울,기존,0000121,서경대학교,8623,408,4.73,1618,134,8.28,2026-07-31T20:23:33.967Z
2023,대학교,국립,,서울,기존,0000036,서울과학기술대학교,13738,533,3.88,2415,179,7.41,2026-07-31T20:23:33.967Z
2023,교육대학,국립,,서울,기존,0000255,서울교육대학교,1538,83,5.4,393,52,13.23,2026-07-31T20:23:33.967Z
2023,대학교,사립,,서울,기존,0000098,서울기독대학교,497,40,8.05,68,11,16.18,2026-07-31T20:23:33.967Z
2023,대학교,국립대법인,,서울,기존,0000019,서울대학교,21286,412,1.94,3484,194,5.57,2026-07-31T20:23:33.967Z
2023,사이버대학(대학),사립,,서울,기존,0000322,서울디지털대학교,12666,1687,13.32,2736,324,11.84,2026-07-31T20:23:33.967Z
2023,사이버대학(대학),사립,,서울,기존,0000323,서울사이버대학교,18608,3013,16.19,4934,895,18.14,2026-07-31T20:23:33.967Z
2023,대학교,공립,,서울,기존,0000040,서울시립대학교,12035,346,2.87,1861,150,8.06,2026-07-31T20:23:33.967Z
2023,대학교,사립,,경기,기존,0000125,서울신학대학교,2573,153,5.95,479,42,8.77,2026-07-31T20:23:33.967Z
2023,대학교,사립,,서울,기존,0000126,서울여자대학교,8639,349,4.04,1759,202,11.48,2026-07-31T20:23:33.967Z
2023,대학교,사립,,경기,기존,0000127,서울장신대학교,453,36,7.95,68,5,7.35,2026-07-31T20:23:33.967Z
2023,대학교,사립,,서울,기존,0000205,서울한영대학교,885,105,11.86,178,29,16.29,2026-07-31T20:23:33.967Z
2023,대학교,사립,,충북,기존,0000128,서원대학교,8630,489,5.67,1745,133,7.62,2026-07-31T20:23:33.967Z
2023,대학교,사립,,충남,기존,0000129,선문대학교,12554,893,7.11,2236,245,10.96,2026-07-31T20:23:33.967Z
2023,대학교,사립,,경기,기존,0000131,성결대학교,7056,379,5.37,1297,109,8.4,2026-07-31T20:23:33.967Z
2023,대학교,사립,,서울,기존,0000132,성공회대학교,2813,150,5.33,529,39,7.37,2026-07-31T20:23:33.967Z
2023,대학교,사립,,서울,기존,0000133,성균관대학교,25049,798,3.19,4149,404,9.74,2026-07-31T20:23:33.967Z
2023,대학교,사립,,서울,기존,0000136,성신여자대학교,10754,401,3.73,2436,249,10.22,2026-07-31T20:23:33.967Z
2023,대학교,사립,,충북,기존,0000137,세명대학교,9553,719,7.53,1566,175,11.17,2026-07-31T20:23:33.967Z
2023,대학교,사립,,서울,기존,0000138,세종대학교,15920,732,4.6,2879,339,11.77,2026-07-31T20:23:33.967Z
2023,사이버대학(대학),사립,,서울,기존,0000325,세종사이버대학교,11501,1162,10.1,3051,450,14.75,2026-07-31T20:23:33.967Z
2023,대학교,사립,,전남,기존,0000092,세한대학교,4399,300,6.82,836,79,9.45,2026-07-31T20:23:33.967Z
2023,대학교,사립,,광주,기존,0000243,송원대학교,3713,610,16.43,733,186,25.38,2026-07-31T20:23:33.967Z
2023,대학교,사립,,경기,기존,0000139,수원가톨릭대학교,171,9,5.26,24,0,0,2026-07-31T20:23:33.967Z
2023,대학교,사립,,경기,기존,0000140,수원대학교,11964,702,5.87,2249,216,9.6,2026-07-31T20:23:33.967Z
2023,대학교,사립,,서울,기존,0000141,숙명여자대학교,11994,397,3.31,2452,212,8.65,2026-07-31T20:23:33.967Z
2023,각종학교(대학),사립,,충북,기존,0000317,순복음총회신학교,150,50,33.33,37,11,29.73,2026-07-31T20:23:33.967Z
2023,대학교,국립,,전남,기존,0000020,국립순천대학교,8899,600,6.74,1632,111,6.8,2026-07-31T20:23:33.967Z
2023,대학교,사립,,충남,기존,0000142,순천향대학교,14011,761,5.43,2673,228,8.53,2026-07-31T20:23:33.967Z
2023,대학교,사립,,서울,기존,0000143,숭실대학교,19486,625,3.21,3206,263,8.2,2026-07-31T20:23:33.967Z
2023,사이버대학(대학),사립,,서울,기존,0000329,숭실사이버대학교,8196,878,10.71,2299,255,11.09,2026-07-31T20:23:33.967Z
2023,대학교,사립,,부산,기존,0000144,신라대학교,9607,935,9.73,1422,95,6.68,2026-07-31T20:23:33.967Z
2023,대학교,사립,,경기,기존,0002800,신한대학교_제2캠퍼스,6476,329,5.08,1165,88,7.55,2026-07-31T20:23:33.967Z
2023,대학교,사립,,경기,기존,0002712,신한대학교,1819,96,5.28,331,13,3.93,2026-07-31T20:23:33.967Z
2023,대학교,사립,,경기,기존,0000145,아신대학교,573,63,10.99,50,7,14,2026-07-31T20:23:33.967Z
2023,대학교,사립,,경기,기존,0000146,아주대학교,13541,464,3.43,2176,171,7.86,2026-07-31T20:23:33.967Z
2023,대학교,국립,,경북,기존,0000021,국립경국대학교,7414,488,6.58,1188,88,7.41,2026-07-31T20:23:33.967Z
2023,대학교,사립,,경기,기존,0000147,안양대학교,6073,298,4.91,1083,74,6.83,2026-07-31T20:23:33.967Z
2023,대학교,사립,,인천,기존,0000148,안양대학교_제2캠퍼스,447,39,8.72,137,19,13.87,2026-07-31T20:23:33.967Z
2023,대학교,사립,,서울,기존,0000149,연세대학교,27270,822,3.01,4094,393,9.6,2026-07-31T20:23:33.967Z
2023,대학교,사립,,강원,기존,0000150,연세대학교(미래)_분교,9490,385,4.06,1462,103,7.05,2026-07-31T20:23:33.967Z
2023,대학교,사립,,경북,기존,0000151,영남대학교,28429,1283,4.51,4859,282,5.8,2026-07-31T20:23:33.967Z
2023,대학교,사립,,경북,기존,0000153,영남신학대학교,501,40,7.98,100,12,12,2026-07-31T20:23:33.967Z
2023,대학교,사립,,경남,기존,0003193,영산대학교,2896,285,9.84,469,75,15.99,2026-07-31T20:23:33.967Z
2023,대학교,사립,,부산,기존,0003194,영산대학교_제2캠퍼스,4415,461,10.44,785,95,12.1,2026-07-31T20:23:33.967Z
2023,대학교,사립,,전남,기존,0000155,영산선학대학교,53,2,3.77,8,2,25,2026-07-31T20:23:33.967Z
2023,대학교,사립,,전북,기존,0000228,예수대학교,593,12,2.02,121,2,1.65,2026-07-31T20:23:33.967Z
2023,대학교,사립,,경기,기존,0000219,예원예술대학교_제2캠퍼스,488,58,11.89,91,7,7.69,2026-07-31T20:23:33.967Z
2023,대학교,사립,,전북,기존,0000218,예원예술대학교,1331,146,10.97,202,23,11.39,2026-07-31T20:23:33.967Z
2023,대학교,사립,,경기,기존,0000156,용인대학교,7755,462,5.96,1340,96,7.16,2026-07-31T20:23:33.967Z
2023,대학교,사립,,전북,기존,0000157,우석대학교,8999,793,8.81,1475,168,11.39,2026-07-31T20:23:33.967Z
2023,대학교,사립,,대전,기존,0000240,우송대학교,12422,582,4.69,2218,102,4.6,2026-07-31T20:23:33.967Z
2023,대학교,특별법법인,,울산,기존,0000250,울산과학기술원,2411,93,3.86,447,49,10.96,2026-07-31T20:23:33.967Z
2023,대학교,사립,,울산,기존,0000158,울산대학교,16938,836,4.94,2896,156,5.39,2026-07-31T20:23:33.967Z
2023,대학교,사립,,전북,기존,0000159,원광대학교,18956,1265,6.67,2990,202,6.76,2026-07-31T20:23:33.967Z
2023,사이버대학(대학),사립,,전북,기존,0000327,원광디지털대학교,6980,1050,15.04,1509,211,13.98,2026-07-31T20:23:33.967Z
2023,대학교,사립,,경북,기존,0000160,위덕대학교,3317,437,13.17,693,133,19.19,2026-07-31T20:23:33.967Z
2023,대학교,사립,,충북,기존,0000154,유원대학교,4773,636,13.32,905,136,15.03,2026-07-31T20:23:33.967Z
2023,대학교,사립,,경기,기존,0000162,을지대학교_제2캠퍼스,4479,172,3.84,873,51,5.84,2026-07-31T20:23:33.967Z
2023,대학교,사립,,대전,기존,0000161,을지대학교,302,1,0.33,49,0,0,2026-07-31T20:23:33.967Z
2023,대학교,사립,,경기,기존,0002911,을지대학교_제3캠퍼스,680,17,2.5,201,10,4.98,2026-07-31T20:23:33.967Z
2023,대학교,사립,,서울,기존,0000163,이화여자대학교,18994,476,2.51,3487,220,6.31,2026-07-31T20:23:33.967Z
2023,대학교,사립,,경남,기존,0000164,인제대학교,10615,700,6.59,1540,108,7.01,2026-07-31T20:23:33.967Z
2023,대학교,사립,,인천,기존,0000168,인천가톨릭대학교,75,7,9.33,12,2,16.67,2026-07-31T20:23:33.967Z
2023,대학교,사립,,인천,기존,0000167,인천가톨릭대학교_제2캠퍼스,755,39,5.17,162,21,12.96,2026-07-31T20:23:33.967Z
2023,대학교,국립대법인,,인천,기존,0002660,인천대학교,15839,595,3.76,2696,204,7.57,2026-07-31T20:23:33.967Z
2023,대학교,사립,,인천,기존,0000169,인하대학교,24968,790,3.16,4041,276,6.83,2026-07-31T20:23:33.967Z
2023,대학교,사립,,서울,기존,0000170,장로회신학대학교,816,35,4.29,155,8,5.16,2026-07-31T20:23:33.967Z
2023,대학교,국립,,광주,기존,0000023,전남대학교,21481,846,3.94,3676,299,8.13,2026-07-31T20:23:33.967Z
2023,대학교,국립,,전남,기존,0000024,전남대학교_제2캠퍼스,4165,322,7.73,907,95,10.47,2026-07-31T20:23:33.967Z
2023,대학교,국립,,전북,기존,0000025,전북대학교,24015,997,4.15,4225,290,6.86,2026-07-31T20:23:33.967Z
2023,교육대학,국립,,전북,기존,0000258,전주교육대학교,1169,43,3.68,303,31,10.23,2026-07-31T20:23:33.967Z
2023,대학교,사립,,전북,기존,0000171,전주대학교,15247,1044,6.85,2677,193,7.21,2026-07-31T20:23:33.967Z
2023,기술대학,사립,,서울,기존,0000288,정석대학,46,2,4.35,17,0,0,2026-07-31T20:23:33.967Z
2023,대학교,사립,,제주,기존,0000248,제주국제대학교,796,174,21.86,61,20,32.79,2026-07-31T20:23:33.967Z
2023,대학교,국립,,제주,기존,0000027,제주대학교,13492,732,5.43,2345,154,6.57,2026-07-31T20:23:33.967Z
2023,대학교,사립,,광주,기존,0000172,조선대학교,25907,1308,5.05,4652,262,5.63,2026-07-31T20:23:33.967Z
2023,대학교,사립,,충남,기존,0000173,중부대학교,11247,954,8.48,1816,157,8.65,2026-07-31T20:23:33.967Z
2023,대학교,사립,,서울,기존,0000175,중앙대학교,25243,874,3.46,4066,425,10.45,2026-07-31T20:23:33.967Z
2023,대학교,사립,,경기,기존,0000174,중앙대학교_제2캠퍼스,6998,302,4.32,1299,91,7.01,2026-07-31T20:23:33.967Z
2023,대학교,사립,,경기,기존,0000177,중앙승가대학교,108,16,14.81,19,6,31.58,2026-07-31T20:23:33.967Z
2023,대학교,사립,,충북,기존,0000239,중원대학교,4819,663,13.76,770,135,17.53,2026-07-31T20:23:33.967Z
2023,교육대학,국립,,경남,기존,0000260,진주교육대학교,1332,25,1.88,338,19,5.62,2026-07-31T20:23:33.967Z
2023,대학교,사립,,경기,기존,0000187,차의과학대학교,2658,155,5.83,539,68,12.62,2026-07-31T20:23:33.967Z
2023,대학교,사립,,경남,기존,0000249,창신대학교,2170,216,9.95,343,26,7.58,2026-07-31T20:23:33.967Z
2023,대학교,국립,,경남,기존,0000028,국립창원대학교,10637,564,5.3,1867,126,6.75,2026-07-31T20:23:33.967Z
2023,산업대학,사립,,충남,기존,0000284,청운대학교,7614,678,8.9,1288,142,11.02,2026-07-31T20:23:33.967Z
2023,교육대학,국립,,충북,기존,0000261,청주교육대학교,1206,44,3.65,309,30,9.71,2026-07-31T20:23:33.967Z
2023,대학교,사립,,충북,기존,0000179,청주대학교,15767,767,4.86,2784,178,6.39,2026-07-31T20:23:33.967Z
2023,대학교,사립,,전남,기존,0000246,초당대학교,3931,667,16.97,824,232,28.16,2026-07-31T20:23:33.967Z
2023,대학교,사립,,서울,기존,0000180,총신대학교,1824,63,3.45,333,16,4.8,2026-07-31T20:23:33.967Z
2023,대학교,사립,,서울,기존,0000181,추계예술대학교,1401,77,5.5,272,27,9.93,2026-07-31T20:23:33.967Z
2023,교육대학,국립,,강원,기존,0000262,춘천교육대학교,1330,52,3.91,337,33,9.79,2026-07-31T20:23:33.967Z
2023,대학교,국립,,대전,기존,0000029,충남대학교,22413,937,4.18,3859,353,9.15,2026-07-31T20:23:33.967Z
2023,대학교,국립,,충북,기존,0000030,충북대학교,17687,721,4.08,3038,227,7.47,2026-07-31T20:23:33.967Z
2023,대학교,사립,,경기,기존,0000184,칼빈대학교,563,64,11.37,98,7,7.14,2026-07-31T20:23:33.967Z
2023,대학교,사립,,경기,기존,0000186,평택대학교,4456,396,8.89,813,94,11.56,2026-07-31T20:23:33.967Z
2023,대학교,사립,,경북,기존,0000188,포항공과대학교,1675,36,2.15,329,18,5.47,2026-07-31T20:23:33.967Z
2023,대학교,국립,,경기,기존,0000037,한경국립대학교,6971,439,6.3,1207,105,8.7,2026-07-31T20:23:33.967Z
2023,대학교,사립,,경기,기존,0000247,한국공학대학교,9826,502,5.11,1834,166,9.05,2026-07-31T20:23:33.967Z
2023,대학교,특별법법인,,대전,기존,0000374,한국과학기술원,4775,125,2.62,782,34,4.35,2026-07-31T20:23:33.967Z
2023,대학교,국립,,충북,기존,0000031,한국교원대학교,2596,66,2.54,590,37,6.27,2026-07-31T20:23:33.967Z
2023,대학교,국립,,충북,기존,0000034,국립한국교통대학교,11608,726,6.25,2118,190,8.97,2026-07-31T20:23:33.967Z
2023,대학교,사립,,충남,기존,0000189,한국기술교육대학교,5923,268,4.52,983,88,8.95,2026-07-31T20:23:33.967Z
2023,방송통신대학,국립,,서울,기존,0000273,한국방송통신대학교,136789,28396,20.76,9073,917,10.11,2026-07-31T20:23:33.967Z
2023,대학교,사립,,서울,기존,0000191,한국성서대학교,1209,69,5.71,240,20,8.33,2026-07-31T20:23:33.967Z
2023,대학교,특별법법인,,전남,기존,0003139,한국에너지공과대학교,107,7,6.54,107,7,6.54,2026-07-31T20:23:33.967Z
2023,사이버대학(대학),사립,,서울,기존,0000326,한국열린사이버대학교,6283,1120,17.83,1720,339,19.71,2026-07-31T20:23:33.967Z
2023,각종학교(대학),특별법국립,,서울,기존,0000383,한국예술종합학교,3276,66,2.01,559,8,1.43,2026-07-31T20:23:33.967Z
2023,대학교,사립,,서울,기존,0000192,한국외국어대학교,22720,912,4.01,3821,413,10.81,2026-07-31T20:23:33.967Z
2023,대학교,특별법국립,,충남,기존,0003022,한국전통문화대학교,744,1,0.13,145,0,0,2026-07-31T20:23:33.967Z
2023,대학교,국립,,서울,기존,0000032,한국체육대학교,3031,69,2.28,572,16,2.8,2026-07-31T20:23:33.967Z
2023,대학교,사립,,대전,기존,0000182,한국침례신학대학교,1208,75,6.21,186,7,3.76,2026-07-31T20:23:33.967Z
2023,대학교,사립,,경기,기존,0000194,한국항공대학교,5917,231,3.9,993,78,7.85,2026-07-31T20:23:33.967Z
2023,대학교,국립,,부산,기존,0000033,국립한국해양대학교,8078,347,4.3,1494,100,6.69,2026-07-31T20:23:33.967Z
2023,대학교,사립,,대전,기존,0000195,한남대학교,15444,866,5.61,2928,208,7.1,2026-07-31T20:23:33.967Z
2023,대학교,사립,,경북,기존,0000196,한동대학교,5333,157,2.94,813,14,1.72,2026-07-31T20:23:33.967Z
2023,대학교,사립,,강원,기존,0000197,한라대학교,4479,347,7.75,577,59,10.23,2026-07-31T20:23:33.967Z
2023,대학교,사립,,강원,기존,0000198,한림대학교,10365,448,4.32,1873,111,5.93,2026-07-31T20:23:33.967Z
2023,대학교,국립,,대전,기존,0000039,국립한밭대학교,11259,641,5.69,2079,135,6.49,2026-07-31T20:23:33.967Z
2023,대학교,사립,,충남,기존,0000199,한서대학교,8857,559,6.31,1589,154,9.69,2026-07-31T20:23:33.967Z
2023,대학교,사립,,서울,기존,0000200,한성대학교,9484,393,4.14,1646,145,8.81,2026-07-31T20:23:33.967Z
2023,대학교,사립,,경기,기존,0000201,한세대학교,3304,188,5.69,611,53,8.67,2026-07-31T20:23:33.967Z
2023,대학교,사립,,경기,기존,0000202,한신대학교,7588,483,6.37,1240,84,6.77,2026-07-31T20:23:33.967Z
2023,대학교,사립,,서울,기존,0000203,한양대학교,22284,802,3.6,3680,380,10.33,2026-07-31T20:23:33.967Z
2023,대학교,사립,,경기,기존,0000204,한양대학교(ERICA)_분교,13964,361,2.59,2397,130,5.42,2026-07-31T20:23:33.967Z
2023,사이버대학(대학),사립,,서울,기존,0000331,한양사이버대학교,18279,2632,14.4,4511,702,15.56,2026-07-31T20:23:33.967Z
2023,대학교,사립,,전북,기존,0000206,한일장신대학교,1035,117,11.3,222,27,12.16,2026-07-31T20:23:33.967Z
2023,대학교,사립,,경기,기존,0000207,협성대학교,5383,346,6.43,1070,94,8.79,2026-07-31T20:23:33.967Z
2023,대학교,사립,,광주,기존,0000208,호남대학교,8926,671,7.52,1549,133,8.59,2026-07-31T20:23:33.967Z
2023,대학교,사립,,광주,기존,0000209,호남신학대학교,814,40,4.91,119,12,10.08,2026-07-31T20:23:33.967Z
2023,대학교,사립,,충남,기존,0000211,호서대학교,16155,923,5.71,3087,304,9.85,2026-07-31T20:23:33.967Z
2023,산업대학,사립,,전북,기존,0000282,호원대학교,6644,745,11.21,1376,211,15.33,2026-07-31T20:23:33.967Z
2023,대학교,사립,,세종,기존,0002949,홍익대학교_제2캠퍼스,7961,441,5.54,1383,180,13.02,2026-07-31T20:23:33.967Z
2023,대학교,사립,,서울,기존,0000212,홍익대학교,17235,628,3.64,2876,281,9.77,2026-07-31T20:23:33.967Z
2023,대학교,사립,,경기,기존,0000233,화성의과학대학교,586,53,9.04,71,10,14.08,2026-07-31T20:23:33.967Z
2023,사이버대학(대학),사립,,부산,기존,0000333,화신사이버대학교,1694,240,14.17,544,103,18.93,2026-07-31T20:23:33.967Z
2023,기능대학,사립,,경기,기존,0000579,ICT폴리텍대학,483,57,11.8,142,20,14.08,2026-07-31T20:23:33.967Z
2023,전문대학,사립,,경북,기존,0000410,가톨릭상지대학교,2376,223,9.39,754,89,11.8,2026-07-31T20:23:33.967Z
2023,전문대학,사립,,충북,기존,0000433,강동대학교,4055,441,10.88,1268,118,9.31,2026-07-31T20:23:33.967Z
2023,전문대학,사립,,강원,기존,0000514,강릉영동대학교,4092,199,4.86,866,127,14.67,2026-07-31T20:23:33.967Z
2023,전문대학,사립,,강원,폐교,0000548,강원관광대학교,504,43,8.53,104,11,10.58,2026-07-31T20:23:33.967Z
2023,전문대학,공립,,강원,기존,0002639,강원도립대학교,919,139,15.13,296,23,7.77,2026-07-31T20:23:33.967Z
2023,전문대학,사립,,경남,기존,0000412,거제대학교,1279,92,7.19,306,18,5.88,2026-07-31T20:23:33.967Z
2023,전문대학,사립,,경기,기존,0000560,경기과학기술대학교,7362,615,8.35,2068,180,8.7,2026-07-31T20:23:33.967Z
2023,전문대학,공립,,경남,기존,0000402,경남도립거창대학,1147,89,7.76,376,29,7.71,2026-07-31T20:23:33.967Z
2023,전문대학,공립,,경남,기존,0000403,경남도립남해대학,1236,169,13.67,378,46,12.17,2026-07-31T20:23:33.967Z
2023,전문대학,사립,,부산,기존,0002640,경남정보대학교,10129,952,9.4,2745,208,7.58,2026-07-31T20:23:33.967Z
2023,전문대학,사립,,경기,기존,0000416,경민대학교,6366,334,5.25,1821,113,6.21,2026-07-31T20:23:33.967Z
2023,전문대학,사립,,경기,기존,0002641,경복대학교,7813,393,5.03,2354,119,5.06,2026-07-31T20:23:33.967Z
2023,전문대학,사립,,경북,기존,0000456,경북과학대학교,1985,283,14.26,814,181,22.24,2026-07-31T20:23:33.967Z
2023,전문대학,공립,,경북,폐교,0000405,경북도립대학교,1134,122,10.76,391,33,8.44,2026-07-31T20:23:33.967Z
2023,전문대학,사립,,경북,기존,0000438,경북보건대학교,1457,80,5.49,425,35,8.24,2026-07-31T20:23:33.967Z
2023,전문대학,사립,,경북,기존,0002642,경북전문대학교,3345,170,5.08,1124,55,4.89,2026-07-31T20:23:33.967Z
2023,전문대학,사립,,인천,기존,0000422,경인여자대학교,4548,309,6.79,1722,153,8.89,2026-07-31T20:23:33.967Z
2023,전문대학,사립,,대구,기존,0000425,계명문화대학교,6392,515,8.06,2073,143,6.9,2026-07-31T20:23:33.967Z
2023,전문대학,사립,,경기,기존,0000426,계원예술대학교,3915,251,6.41,1233,81,6.57,2026-07-31T20:23:33.967Z
2023,전문대학,사립,,전남,기존,0000435,나주대학교,1562,133,8.51,635,82,12.91,2026-07-31T20:23:33.967Z
2023,전문대학,사립,,전남,기존,0000428,광양보건대학교,210,30,14.29,33,2,6.06,2026-07-31T20:23:33.967Z
2023,전문대학,사립,,광주,기존,0000429,광주보건대학교,4672,252,5.39,1432,75,5.24,2026-07-31T20:23:33.967Z
2023,전문대학,사립,,경북,기존,0000430,구미대학교,6792,532,7.83,2455,203,8.27,2026-07-31T20:23:33.967Z
2023,전문대학,사립,,경기,기존,0000549,국제대학교,4569,825,18.06,1401,476,33.98,2026-07-31T20:23:33.967Z
2023,전문대학,사립,,전북,기존,0002971,군산간호대학교,1274,26,2.04,310,11,3.55,2026-07-31T20:23:33.967Z
2023,전문대학,사립,,전북,기존,0000432,군장대학교,2058,254,12.34,718,103,14.35,2026-07-31T20:23:33.967Z
2023,전문대학,사립,,광주,기존,0002972,기독간호대학교,659,10,1.52,166,3,1.81,2026-07-31T20:23:33.967Z
2023,전문대학,사립,,경기,기존,0000440,김포대학교,3210,428,13.33,744,92,12.37,2026-07-31T20:23:33.967Z
2023,전문대학,사립,,경남,기존,0000569,김해대학교,1704,151,8.86,528,59,11.17,2026-07-31T20:23:33.967Z
2023,전문대학,사립,,경기,기존,0000441,농협대학교,489,13,2.66,153,4,2.61,2026-07-31T20:23:33.967Z
2023,전문대학,사립,,경북,기존,0000442,대경대학교,4822,719,14.91,1756,225,12.81,2026-07-31T20:23:33.967Z
2023,전문대학,사립,,대구,기존,0000443,대구공업대학교,1932,304,15.73,527,51,9.68,2026-07-31T20:23:33.967Z
2023,전문대학,사립,,대구,기존,0000446,대구과학대학교,4887,358,7.33,1753,130,7.42,2026-07-31T20:23:33.967Z
2023,전문대학,사립,,대구,기존,0000444,대구보건대학교,8467,503,5.94,2686,176,6.55,2026-07-31T20:23:33.967Z
2023,전문대학,사립,,대전,기존,0000546,대덕대학교,3460,541,15.64,884,166,18.78,2026-07-31T20:23:33.967Z
2023,전문대학,사립,,부산,기존,0000447,대동대학교,1747,95,5.44,473,27,5.71,2026-07-31T20:23:33.967Z
2023,전문대학,사립,,경기,기존,0000448,대림대학교,10357,562,5.43,3204,186,5.81,2026-07-31T20:23:33.967Z
2023,전문대학,사립,,충북,기존,0000449,대원대학교,2539,188,7.4,782,53,6.78,2026-07-31T20:23:33.967Z
2023,전문대학,사립,,대전,기존,0000453,대전과학기술대학교,4766,561,11.77,1521,242,15.91,2026-07-31T20:23:33.967Z
2023,전문대학,사립,,대전,기존,0000451,대전보건대학교,6432,445,6.92,1867,100,5.36,2026-07-31T20:23:33.967Z
2023,전문대학,사립,,광주,기존,0000460,동강대학교,3132,444,14.18,1160,237,20.43,2026-07-31T20:23:33.967Z
2023,전문대학,사립,,경기,기존,0000457,동남보건대학교,5602,306,5.46,1801,143,7.94,2026-07-31T20:23:33.967Z
2023,전문대학,사립,,경기,기존,0000450,동서울대학교,8226,660,8.02,2701,214,7.92,2026-07-31T20:23:33.967Z
2023,전문대학,사립,,경기,기존,0000461,동아방송예술대학교,4216,240,5.69,1245,77,6.18,2026-07-31T20:23:33.967Z
2023,전문대학,사립,,전남,기존,0000462,동아보건대학교,1407,224,15.92,459,64,13.94,2026-07-31T20:23:33.967Z
2023,전문대학,사립,,서울,기존,0000463,동양미래대학교,9973,742,7.44,2891,291,10.07,2026-07-31T20:23:33.967Z
2023,전문대학,사립,,경남,기존,0000509,동원과학기술대학교,3100,264,8.52,989,111,11.22,2026-07-31T20:23:33.967Z
2023,전문대학,사립,,경기,기존,0000465,동원대학교,4069,564,13.86,1224,127,10.38,2026-07-31T20:23:33.967Z
2023,전문대학,사립,,부산,기존,0000466,동의과학대학교,6636,931,14.03,1807,176,9.74,2026-07-31T20:23:33.967Z
2023,전문대학,사립,,경기,기존,0000469,두원공과대학교,4530,523,11.55,739,67,9.07,2026-07-31T20:23:33.967Z
2023,전문대학,사립,,경남,기존,0000470,마산대학교,6791,503,7.41,2145,171,7.97,2026-07-31T20:23:33.967Z
2023,전문대학,사립,,서울,기존,0000473,명지전문대학,9522,828,8.7,3247,385,11.86,2026-07-31T20:23:33.967Z
2023,전문대학,사립,,전남,기존,0000474,목포과학대학교,3034,73,2.41,964,43,4.46,2026-07-31T20:23:33.967Z
2023,전문대학,사립,,경북,기존,0000475,문경대학교,1051,80,7.61,296,22,7.43,2026-07-31T20:23:33.967Z
2023,전문대학,사립,,서울,기존,0000476,배화여자대학교,3248,280,8.62,1377,175,12.71,2026-07-31T20:23:33.967Z
2023,전문대학,사립,,충남,기존,0000543,백석문화대학교,6220,682,10.96,1698,169,9.95,2026-07-31T20:23:33.967Z
2023,전문대학,사립,,전북,기존,0000477,백제예술대학교,1464,186,12.7,512,80,15.63,2026-07-31T20:23:33.967Z
2023,전문대학,사립,,부산,기존,0000479,부산경상대학교,3223,523,16.23,1195,252,21.09,2026-07-31T20:23:33.967Z
2023,전문대학,사립,,부산,기존,0000481,부산과학기술대학교,5160,687,13.31,1374,141,10.26,2026-07-31T20:23:33.967Z
2023,전문대학,사립,,부산,기존,0000467,부산보건대학교,3337,289,8.66,942,60,6.37,2026-07-31T20:23:33.967Z
2023,전문대학,사립,,부산,기존,0000480,부산여자대학교,2328,179,7.69,761,68,8.94,2026-07-31T20:23:33.967Z
2023,전문대학,사립,,부산,기존,0000561,부산예술대학교,815,143,17.55,322,53,16.46,2026-07-31T20:23:33.967Z
2023,전문대학,사립,,경기,기존,0000482,부천대학교,10125,590,5.83,3419,209,6.11,2026-07-31T20:23:33.967Z
2023,전문대학,사립,,서울,기존,0000483,삼육보건대학교,1587,79,4.98,516,33,6.4,2026-07-31T20:23:33.967Z
2023,전문대학,사립,,강원,폐교,0000485,상지영서대학교,392,58,14.8,0,0,0,2026-07-31T20:23:33.967Z
2023,전문대학,사립,,경북,폐교,0002645,서라벌대학교,679,61,8.98,211,28,13.27,2026-07-31T20:23:33.967Z
2023,전문대학,사립,,광주,기존,0002646,서영대학교,7150,436,6.1,2207,156,7.07,2026-07-31T20:23:33.967Z
2023,전문대학,사립,,서울,기존,0002973,서울여자간호대학교,984,40,4.07,254,19,7.48,2026-07-31T20:23:33.967Z
2023,전문대학,사립,,경기,기존,0000489,서울예술대학교,4169,122,2.93,1155,28,2.42,2026-07-31T20:23:33.967Z
2023,전문대학,사립,,서울,기존,0000490,서일대학교,8483,712,8.39,2664,266,9.98,2026-07-31T20:23:33.967Z
2023,전문대학,사립,,경기,기존,0000566,서정대학교,9146,840,9.18,2675,173,6.47,2026-07-31T20:23:33.967Z
2023,전문대학,사립,,경북,기존,0000550,선린대학교,2696,206,7.64,776,80,10.31,2026-07-31T20:23:33.967Z
2023,전문대학,사립,,부산,폐교,0000493,성심외국어대학,1239,0,0,0,0,0,2026-07-31T20:23:33.967Z
2023,전문대학,사립,,경북,기존,0002647,성운대학교,1573,174,11.06,811,110,13.56,2026-07-31T20:23:33.967Z
2023,전문대학,사립,,강원,기존,0000515,세경대학교,1109,71,6.4,408,30,7.35,2026-07-31T20:23:33.967Z
2023,전문대학,사립,,강원,기존,0000567,송곡대학교,840,148,17.62,287,64,22.3,2026-07-31T20:23:33.967Z
2023,전문대학,사립,,강원,기존,0000564,송호대학교,951,187,19.66,308,42,13.64,2026-07-31T20:23:33.967Z
2023,전문대학,사립,,대구,기존,0002649,수성대학교,4302,386,8.97,1413,139,9.84,2026-07-31T20:23:33.967Z
2023,전문대학,사립,,경기,기존,0000497,수원과학대학교,6310,768,12.17,1626,265,16.3,2026-07-31T20:23:33.967Z
2023,전문대학,사립,,경기,기존,0000496,수원여자대학교,4184,249,5.95,1525,117,7.67,2026-07-31T20:23:33.967Z
2023,전문대학,사립,,전남,기존,0000498,순천제일대학교,3464,415,11.98,1166,148,12.69,2026-07-31T20:23:33.967Z
2023,전문대학,사립,,서울,기존,0000500,숭의여자대학교,3533,343,9.71,1593,234,14.69,2026-07-31T20:23:33.967Z
2023,전문대학,사립,,경기,기존,0000501,신구대학교,8328,600,7.2,2825,257,9.1,2026-07-31T20:23:33.967Z
2023,전문대학,사립,,충남,기존,0000502,신성대학교,4174,408,9.77,1114,101,9.07,2026-07-31T20:23:33.967Z
2023,전문대학,사립,,경기,기존,0000506,신안산대학교,4305,547,12.71,1161,161,13.87,2026-07-31T20:23:33.967Z
2023,전문대학,사립,,충남,기존,0000454,아주자동차대학교,1382,49,3.55,427,0,0,2026-07-31T20:23:33.967Z
2023,전문대학,사립,,경북,기존,0002650,안동과학대학교,2808,275,9.79,786,27,3.44,2026-07-31T20:23:33.967Z
2023,전문대학,사립,,경기,기존,0000507,안산대학교,5344,320,5.99,1781,123,6.91,2026-07-31T20:23:33.967Z
2023,전문대학,사립,,경기,기존,0000510,여주대학교,5893,563,9.55,1519,149,9.81,2026-07-31T20:23:33.967Z
2023,전문대학,사립,,경기,기존,0002651,연성대학교,8275,395,4.77,2695,152,5.64,2026-07-31T20:23:33.967Z
2023,전문대학,사립,,경남,기존,0002652,연암공과대학교,2424,181,7.47,543,18,3.31,2026-07-31T20:23:33.967Z
2023,전문대학,사립,,충남,기존,0000512,연암대학교,1577,95,6.02,586,31,5.29,2026-07-31T20:23:33.967Z
2023,전문대학,사립,,경북,기존,0000418,영남외국어대학,395,28,7.09,138,18,13.04,2026-07-31T20:23:33.967Z
2023,전문대학,사립,,대구,기존,0000513,영남이공대학교,8201,712,8.68,2724,223,8.19,2026-07-31T20:23:33.967Z
2023,사이버대학(전문대학),사립,,대구,기존,0000575,영진사이버대학교,4343,232,5.34,1841,57,3.1,2026-07-31T20:23:33.967Z
2023,전문대학,사립,,대구,기존,0000517,영진전문대학교,10948,1236,11.29,3315,392,11.83,2026-07-31T20:23:33.967Z
2023,전문대학,사립,,경기,기존,0002653,오산대학교,6218,532,8.56,1861,144,7.74,2026-07-31T20:23:33.967Z
2023,전문대학,사립,,경기,기존,0000520,용인예술과학대학교,4405,506,11.49,1174,117,9.97,2026-07-31T20:23:33.967Z
2023,전문대학,사립,,대전,기존,0000452,우송정보대학,5192,665,12.81,1485,157,10.57,2026-07-31T20:23:33.967Z
2023,전문대학,사립,,울산,기존,0000521,울산과학대학교,7736,540,6.98,1909,127,6.65,2026-07-31T20:23:33.967Z
2023,전문대학,사립,,경기,기존,0000568,웅지세무대학교,1189,144,12.11,127,22,17.32,2026-07-31T20:23:33.967Z
2023,전문대학,사립,,전북,기존,0000523,원광보건대학교,5999,449,7.48,1543,98,6.35,2026-07-31T20:23:33.967Z
2023,전문대학,사립,,경기,기존,0000524,유한대학교,7570,454,6,2184,131,6,2026-07-31T20:23:33.967Z
2023,전문대학,사립,,서울,기존,0000525,인덕대학교,8631,715,8.28,2634,225,8.54,2026-07-31T20:23:33.967Z
2023,전문대학,사립,,인천,기존,0000455,재능대학교,5203,413,7.94,1478,153,10.35,2026-07-31T20:23:33.967Z
2023,전문대학,사립,,인천,기존,0002654,인하공업전문대학,10829,671,6.2,3260,286,8.77,2026-07-31T20:23:33.967Z
2023,전문대학,사립,,경기,기존,0000527,장안대학교,5040,704,13.97,1259,156,12.39,2026-07-31T20:23:33.967Z
2023,전문대학,사립,,전남,기존,0000529,전남과학대학교,3777,314,8.31,1527,145,9.5,2026-07-31T20:23:33.967Z
2023,전문대학,공립,,전남,기존,0000562,전남도립대학교,1518,244,16.07,597,102,17.09,2026-07-31T20:23:33.967Z
2023,전문대학,사립,,전북,기존,0000531,전북과학대학교,1829,130,7.11,691,60,8.68,2026-07-31T20:23:33.967Z
2023,전문대학,사립,,전북,기존,0000437,전주기전대학,1927,368,19.1,838,213,25.42,2026-07-31T20:23:33.967Z
2023,전문대학,사립,,전북,기존,0000530,전주비전대학교,4701,438,9.32,1398,94,6.72,2026-07-31T20:23:33.967Z
2023,전문대학,사립,,제주,기존,0000532,제주관광대학교,2354,366,15.55,696,157,22.56,2026-07-31T20:23:33.967Z
2023,전문대학,사립,,제주,기존,0002655,제주한라대학교,9165,494,5.39,1724,184,10.67,2026-07-31T20:23:33.967Z
2023,전문대학,사립,,광주,기존,0002974,조선간호대학교,815,20,2.45,193,8,4.15,2026-07-31T20:23:33.967Z
2023,전문대학,사립,,광주,기존,0000534,조선이공대학교,5176,514,9.93,1507,131,8.69,2026-07-31T20:23:33.967Z
2023,전문대학,사립,,경남,기존,0000539,진주보건대학교,2944,161,5.47,853,51,5.98,2026-07-31T20:23:33.967Z
2023,전문대학,사립,,경남,기존,0000542,창원문성대학교,2418,889,36.77,440,41,9.32,2026-07-31T20:23:33.967Z
2023,전문대학,사립,,경기,기존,0000544,청강문화산업대학교,5101,211,4.14,1426,58,4.07,2026-07-31T20:23:33.967Z
2023,전문대학,사립,,전남,기존,0002656,청암대학교,3105,212,6.83,911,104,11.42,2026-07-31T20:23:33.967Z
2023,전문대학,사립,,울산,기존,0000545,춘해보건대학교,3044,144,4.73,903,66,7.31,2026-07-31T20:23:33.967Z
2023,전문대학,공립,,충남,기존,0002657,충남도립대학교,1480,133,8.99,485,57,11.75,2026-07-31T20:23:33.967Z
2023,전문대학,공립,,충북,기존,0000406,충북도립대학교,1141,113,9.9,375,56,14.93,2026-07-31T20:23:33.967Z
2023,전문대학,사립,,충북,기존,0000536,충북보건과학대학교,3264,293,8.98,948,91,9.6,2026-07-31T20:23:33.967Z
2023,전문대학,사립,,충북,기존,0000547,충청대학교,4700,409,8.7,1302,121,9.29,2026-07-31T20:23:33.967Z
2023,전문대학,사립,,경북,기존,0002658,포항대학교,2020,183,9.06,643,64,9.95,2026-07-31T20:23:33.967Z
2023,전문대학,사립,,강원,기존,0000578,한국골프과학기술대학교,747,172,23.03,190,14,7.37,2026-07-31T20:23:33.967Z
2023,전문대학,사립,,경기,기존,0000565,한국관광대학교,2306,135,5.85,647,44,6.8,2026-07-31T20:23:33.967Z
2023,전문대학,특별법국립,,전북,기존,0003019,한국농수산대학교,1823,76,4.17,684,33,4.82,2026-07-31T20:23:33.967Z
2023,전문대학,국립,,경기,폐교,0002659,한국복지대학교,838,75,8.95,275,23,8.36,2026-07-31T20:23:33.967Z
2023,사이버대학(전문대학),사립,,경북,기존,0000576,한국복지사이버대학교,2821,283,10.03,1317,130,9.87,2026-07-31T20:23:33.967Z
2023,전문대학,사립,,경남,기존,0000570,한국승강기대학교,1278,119,9.31,317,44,13.88,2026-07-31T20:23:33.967Z
2023,전문대학,사립,,세종,기존,0000522,한국영상대학교,4152,228,5.49,1300,63,4.85,2026-07-31T20:23:33.967Z
2023,기능대학,사립,,서울,기존,0000585,한국폴리텍 I 대학 서울강서캠퍼스,716,110,15.36,272,49,18.01,2026-07-31T20:23:33.967Z
2023,기능대학,사립,,서울,기존,0000584,한국폴리텍 I 대학 서울정수캠퍼스,1889,225,11.91,630,89,14.13,2026-07-31T20:23:33.967Z
2023,기능대학,사립,,경기,기존,0000586,한국폴리텍 I 대학 성남캠퍼스,1139,145,12.73,320,56,17.5,2026-07-31T20:23:33.967Z
2023,기능대학,사립,,제주,기존,0002912,한국폴리텍 I 대학 제주캠퍼스,64,9,14.06,27,3,11.11,2026-07-31T20:23:33.967Z
2023,기능대학,사립,,인천,기존,0000590,한국폴리텍 II 대학 남인천캠퍼스,90,9,10,50,7,14,2026-07-31T20:23:33.967Z
2023,기능대학,사립,,인천,기존,0000589,한국폴리텍 II 대학 인천캠퍼스,2750,341,12.4,798,123,15.41,2026-07-31T20:23:33.967Z
2023,기능대학,사립,,경기,기존,0003105,한국폴리텍 II 대학 화성캠퍼스,23,5,21.74,18,5,27.78,2026-07-31T20:23:33.967Z
2023,기능대학,사립,,강원,기존,0000594,한국폴리텍 III 대학 강릉캠퍼스,191,17,8.9,63,7,11.11,2026-07-31T20:23:33.967Z
2023,기능대학,사립,,강원,기존,0002854,한국폴리텍 III 대학 원주캠퍼스,144,17,11.81,65,12,18.46,2026-07-31T20:23:33.967Z
2023,기능대학,사립,,강원,기존,0000593,한국폴리텍 III 대학 춘천캠퍼스,357,27,7.56,120,13,10.83,2026-07-31T20:23:33.967Z
2023,기능대학,사립,,대전,기존,0000603,한국폴리텍 IV 대학 대전캠퍼스,1169,126,10.78,335,46,13.73,2026-07-31T20:23:33.967Z
2023,기능대학,사립,,충남,기존,0000606,한국폴리텍 IV 대학 아산캠퍼스,721,77,10.68,232,31,13.36,2026-07-31T20:23:33.967Z
2023,기능대학,사립,,충북,기존,0000604,한국폴리텍 IV 대학 청주캠퍼스,1111,90,8.1,365,31,8.49,2026-07-31T20:23:33.967Z
2023,기능대학,사립,,충남,기존,0000607,한국폴리텍 IV 대학 충남캠퍼스,273,18,6.59,82,11,13.41,2026-07-31T20:23:33.967Z
2023,기능대학,사립,,광주,기존,0000616,한국폴리텍 V 대학 광주캠퍼스,1310,83,6.34,433,48,11.09,2026-07-31T20:23:33.967Z
2023,기능대학,사립,,전남,기존,0002975,한국폴리텍 V 대학 순천캠퍼스,14,2,14.29,0,0,0,2026-07-31T20:23:33.967Z
2023,기능대학,사립,,전북,기존,0000620,한국폴리텍 V 대학 익산캠퍼스,172,22,12.79,70,15,21.43,2026-07-31T20:23:33.967Z
2023,기능대학,사립,,전남,기존,0000619,한국폴리텍 V 대학 전남캠퍼스,280,32,11.43,79,9,11.39,2026-07-31T20:23:33.967Z
2023,기능대학,사립,,전북,기존,0000617,한국폴리텍 V 대학 전북캠퍼스,619,102,16.48,194,28,14.43,2026-07-31T20:23:33.967Z
2023,기능대학,사립,,경북,기존,0000624,한국폴리텍 VI 대학 구미캠퍼스,720,96,13.33,231,33,14.29,2026-07-31T20:23:33.967Z
2023,기능대학,사립,,대구,기존,0000623,한국폴리텍 VI 대학 대구캠퍼스,735,91,12.38,242,34,14.05,2026-07-31T20:23:33.967Z
2023,기능대학,사립,,대구,기존,0000636,한국폴리텍 VI 대학 영남융합기술캠퍼스,213,55,25.82,106,36,33.96,2026-07-31T20:23:33.967Z
2023,기능대학,사립,,경북,기존,0002674,한국폴리텍 VI 대학 영주캠퍼스,63,5,7.94,17,1,5.88,2026-07-31T20:23:33.967Z
2023,기능대학,사립,,부산,기존,0003163,한국폴리텍 VII 대학 동부산캠퍼스,5,1,20,5,1,20,2026-07-31T20:23:33.967Z
2023,기능대학,사립,,부산,기존,0000632,한국폴리텍 VII 대학 부산캠퍼스,1205,132,10.95,361,50,13.85,2026-07-31T20:23:33.967Z
2023,기능대학,사립,,울산,기존,0000633,한국폴리텍 VII 대학 울산캠퍼스,934,97,10.39,355,39,10.99,2026-07-31T20:23:33.967Z
2023,기능대학,사립,,경남,기존,0003157,한국폴리텍 VII 대학 진주캠퍼스,8,4,50,8,4,50,2026-07-31T20:23:33.967Z
2023,기능대학,사립,,경남,기존,0000631,한국폴리텍 VII 대학 창원캠퍼스,2183,176,8.06,741,67,9.04,2026-07-31T20:23:33.967Z
2023,기능대학,사립,,경북,기존,0003104,한국폴리텍 특성화대학 로봇캠퍼스,149,16,10.74,61,14,22.95,2026-07-31T20:23:33.967Z
2023,기능대학,사립,,충남,기존,0000635,한국폴리텍 특성화대학 바이오캠퍼스,533,33,6.19,180,14,7.78,2026-07-31T20:23:33.967Z
2023,기능대학,사립,,경기,기존,0000637,한국폴리텍 특성화대학 반도체융합캠퍼스,882,100,11.34,234,41,17.52,2026-07-31T20:23:33.967Z
2023,기능대학,사립,,경남,기존,0000638,한국폴리텍 특성화대학 항공캠퍼스,733,102,13.92,129,19,14.73,2026-07-31T20:23:33.967Z
2023,전문대학,사립,,강원,기존,0000553,한림성심대학교,3957,235,5.94,1095,55,5.02,2026-07-31T20:23:33.967Z
2023,전문대학,사립,,서울,기존,0000554,한양여자대학교,7748,505,6.52,3015,278,9.22,2026-07-31T20:23:33.967Z
2023,전문대학,사립,,전남,기존,0000555,한영대학교,1815,109,6.01,637,16,2.51,2026-07-31T20:23:33.967Z
2023,전문대학,사립,,충남,기존,0000556,혜전대학교,3154,179,5.68,880,51,5.8,2026-07-31T20:23:33.967Z
2023,전문대학,사립,,경북,기존,0000415,호산대학교,2093,189,9.03,667,69,10.34,2026-07-31T20:23:33.967Z
2024,대학교,사립,,경남,기존,0002748,가야대학교(김해),2153,207,9.6,407,58,14.3,2026-07-31T20:23:33.967Z
2024,대학교,사립,,경기,기존,0000063,가천대학교,27102,966,3.6,4856,380,7.8,2026-07-31T20:23:33.967Z
2024,대학교,사립,,강원,기존,0000072,가톨릭관동대학교,9398,861,9.2,1078,74,6.9,2026-07-31T20:23:33.967Z
2024,대학교,사립,,충북,기존,0000215,가톨릭꽃동네대학교,554,29,5.2,110,12,10.9,2026-07-31T20:23:33.967Z
2024,대학교,사립,,경기,기존,0000046,가톨릭대학교,9546,362,3.8,1842,160,8.7,2026-07-31T20:23:33.967Z
2024,대학교,사립,,서울,기존,0000048,가톨릭대학교_제2캠퍼스,966,13,1.3,182,3,1.6,2026-07-31T20:23:33.967Z
2024,대학교,사립,,서울,기존,0000049,가톨릭대학교_제3캠퍼스,312,16,5.1,51,5,9.8,2026-07-31T20:23:33.967Z
2024,대학교,사립,,서울,기존,0000050,감리교신학대학교,849,69,8.1,120,7,5.8,2026-07-31T20:23:33.967Z
2024,대학교,사립,,경기,기존,0000051,강남대학교,8716,497,5.7,1591,180,11.3,2026-07-31T20:23:33.967Z
2024,대학교,사립,,서울,기존,0000079,강서대학교,2035,120,5.9,395,36,9.1,2026-07-31T20:23:33.967Z
2024,대학교,국립,,강원,기존,0000003,강원대학교,19923,624,3.1,3387,257,7.6,2026-07-31T20:23:33.967Z
2024,대학교,국립,,강원,기존,0000004,강원대학교_제2캠퍼스,8937,483,5.4,1455,145,10,2026-07-31T20:23:33.967Z
2024,대학교,사립,,서울,기존,0000052,건국대학교,22435,648,2.9,3476,332,9.6,2026-07-31T20:23:33.967Z
2024,대학교,사립,,충북,기존,0000053,건국대학교(글로컬)_분교,10128,391,3.9,1663,105,6.3,2026-07-31T20:23:33.967Z
2024,대학교,사립,,충남,기존,0000054,건양대학교,3791,280,7.4,744,102,13.7,2026-07-31T20:23:33.967Z
2024,대학교,사립,,대전,기존,0000055,건양대학교_제2캠퍼스,4161,206,5,922,91,9.9,2026-07-31T20:23:33.967Z
2024,사이버대학(대학),사립,,대전,기존,0000335,건양사이버대학교,3862,336,8.7,1150,105,9.1,2026-07-31T20:23:33.967Z
2024,대학교,사립,,경기,기존,0000056,경기대학교,16414,624,3.8,2831,253,8.9,2026-07-31T20:23:33.967Z
2024,대학교,사립,,서울,기존,0000058,경기대학교_제2캠퍼스,2616,104,4,386,30,7.8,2026-07-31T20:23:33.967Z
2024,대학교,국립,,경남,폐교,0000035,경남과학기술대학교,4138,230,5.6,0,0,0,2026-07-31T20:23:33.967Z
2024,대학교,사립,,경남,기존,0000059,경남대학교,13132,950,7.2,1875,144,7.7,2026-07-31T20:23:33.967Z
2024,대학교,사립,,강원,기존,0000060,경동대학교,866,88,10.2,193,2,1,2026-07-31T20:23:33.967Z
2024,대학교,사립,,강원,기존,0002574,경동대학교_제3캠퍼스,4543,221,4.9,984,67,6.8,2026-07-31T20:23:33.967Z
2024,대학교,사립,,경기,기존,0002744,경동대학교_제4캠퍼스,3668,279,7.6,642,60,9.3,2026-07-31T20:23:33.967Z
2024,대학교,국립,,대구,기존,0000005,경북대학교,28665,1093,3.8,5079,465,9.2,2026-07-31T20:23:33.967Z
2024,대학교,국립,,경남,기존,0000007,경상국립대학교,20262,1077,5.3,4553,390,8.6,2026-07-31T20:23:33.967Z
2024,대학교,사립,,부산,기존,0000062,경성대학교,16061,976,6.1,3130,211,6.7,2026-07-31T20:23:33.967Z
2024,대학교,사립,,경북,기존,0000244,경운대학교,5719,646,11.3,1212,132,10.9,2026-07-31T20:23:33.967Z
2024,교육대학,국립,,경기,기존,0000257,경인교육대학교_제2캠퍼스,1293,16,1.2,0,0,0,2026-07-31T20:23:33.967Z
2024,교육대학,국립,,인천,기존,0000256,경인교육대학교,1283,86,6.7,644,60,9.3,2026-07-31T20:23:33.967Z
2024,대학교,사립,,경북,기존,0000064,경일대학교,8774,636,7.2,1554,142,9.1,2026-07-31T20:23:33.967Z
2024,대학교,사립,,서울,기존,0000066,경희대학교,33431,1099,3.3,5759,532,9.2,2026-07-31T20:23:33.967Z
2024,사이버대학(대학),사립,,서울,기존,0000318,경희사이버대학교,12277,2306,18.8,2826,547,19.4,2026-07-31T20:23:33.967Z
2024,대학교,사립,,대구,기존,0000068,계명대학교,28949,1429,4.9,4976,309,6.2,2026-07-31T20:23:33.967Z
2024,대학교,사립,,서울,기존,0000069,고려대학교,26684,860,3.2,4589,474,10.3,2026-07-31T20:23:33.967Z
2024,대학교,사립,,세종,기존,0000070,고려대학교(세종)_분교,9047,486,5.4,1592,151,9.5,2026-07-31T20:23:33.967Z
2024,사이버대학(대학),사립,,서울,기존,0000328,고려사이버대학교,11596,1680,14.5,2180,328,15,2026-07-31T20:23:33.967Z
2024,대학교,사립,,부산,기존,0000071,고신대학교,3945,395,10,745,154,20.7,2026-07-31T20:23:33.967Z
2024,교육대학,국립,,충남,기존,0000251,공주교육대학교,1419,57,4,376,27,7.2,2026-07-31T20:23:33.967Z
2024,대학교,사립,,광주,기존,0000073,광신대학교,521,62,11.9,122,26,21.3,2026-07-31T20:23:33.967Z
2024,대학교,사립,,서울,기존,0000074,광운대학교,11406,562,4.9,1929,212,11,2026-07-31T20:23:33.967Z
2024,대학교,사립,,전남,기존,0000075,광주가톨릭대학교,103,4,3.9,13,0,0,2026-07-31T20:23:33.967Z
2024,대학교,특별법법인,,광주,기존,0000381,광주과학기술원,1050,39,3.7,214,16,7.5,2026-07-31T20:23:33.967Z
2024,교육대학,국립,,광주,기존,0000252,광주교육대학교,1335,47,3.5,352,25,7.1,2026-07-31T20:23:33.967Z
2024,대학교,사립,,광주,기존,0000231,광주대학교,7359,745,10.1,1236,186,15,2026-07-31T20:23:33.967Z
2024,대학교,사립,,광주,기존,0000076,광주여자대학교,3777,378,10,902,214,23.7,2026-07-31T20:23:33.967Z
2024,대학교,국립,,강원,기존,0000001,국립강릉원주대학교,7101,440,6.2,1271,101,7.9,2026-07-31T20:23:33.967Z
2024,대학교,국립,,강원,기존,0000002,국립강릉원주대학교_제2캠퍼스,2844,147,5.2,509,38,7.5,2026-07-31T20:23:33.967Z
2024,대학교,국립,,충남,기존,0000008,국립공주대학교,15994,779,4.9,3232,263,8.1,2026-07-31T20:23:33.967Z
2024,대학교,국립,,전북,기존,0000009,국립군산대학교,8737,802,9.2,1674,204,12.2,2026-07-31T20:23:33.967Z
2024,대학교,국립,,경북,기존,0000010,국립금오공과대학교,7507,375,5,1303,83,6.4,2026-07-31T20:23:33.967Z
2024,대학교,국립,,전남,기존,0000011,국립목포대학교,8309,615,7.4,1384,122,8.8,2026-07-31T20:23:33.967Z
2024,대학교,국립,,전남,기존,0000012,국립목포해양대학교,3016,247,8.2,671,81,12.1,2026-07-31T20:23:33.967Z
2024,대학교,국립,,부산,기존,0000013,국립부경대학교,20806,876,4.2,3610,277,7.7,2026-07-31T20:23:33.967Z
2024,대학교,국립,,전남,기존,0000020,국립순천대학교,8786,612,7,1684,145,8.6,2026-07-31T20:23:33.967Z
2024,대학교,국립,,경북,기존,0000021,국립경국대학교,6914,483,7,1237,101,8.2,2026-07-31T20:23:33.967Z
2024,대학교,국립,,경남,기존,0000028,국립창원대학교,10423,589,5.7,1873,155,8.3,2026-07-31T20:23:33.967Z
2024,대학교,국립,,충북,기존,0000034,국립한국교통대학교,11340,706,6.2,2110,156,7.4,2026-07-31T20:23:33.967Z
2024,대학교,국립,,부산,기존,0000033,국립한국해양대학교,7984,351,4.4,1490,119,8,2026-07-31T20:23:33.967Z
2024,대학교,국립,,대전,기존,0000039,국립한밭대학교,11216,673,6,2124,168,7.9,2026-07-31T20:23:33.967Z
2024,대학교,사립,,서울,기존,0000078,국민대학교,20692,718,3.5,3469,326,9.4,2026-07-31T20:23:33.967Z
2024,사이버대학(대학),사립,,경기,기존,0000319,국제사이버대학교,4026,615,15.3,1086,203,18.7,2026-07-31T20:23:33.967Z
2024,대학교,사립,,충북,기존,0000080,극동대학교,3901,366,9.4,553,53,9.6,2026-07-31T20:23:33.967Z
2024,사이버대학(대학),사립,,충남,기존,0000334,글로벌사이버대학교,2486,397,16,676,101,14.9,2026-07-31T20:23:33.967Z
2024,대학교,사립,,충남,기존,0000224,금강대학교,287,72,25.1,57,33,57.9,2026-07-31T20:23:33.967Z
2024,대학교,사립,,경북,기존,0000241,김천대학교,2947,375,12.7,576,96,16.7,2026-07-31T20:23:33.967Z
2024,대학교,사립,,충남,기존,0000081,나사렛대학교,6317,646,10.2,1292,135,10.4,2026-07-31T20:23:33.967Z
2024,대학교,사립,,광주,기존,0000216,남부대학교,3340,304,9.1,628,120,19.1,2026-07-31T20:23:33.967Z
2024,대학교,사립,,충남,기존,0000245,남서울대학교,12128,666,5.5,2366,189,8,2026-07-31T20:23:33.967Z
2024,대학교,사립,,경기,기존,0000082,단국대학교,15524,543,3.5,2592,249,9.6,2026-07-31T20:23:33.967Z
2024,대학교,사립,,충남,기존,0002726,단국대학교_제2캠퍼스,13755,667,4.8,2515,255,10.1,2026-07-31T20:23:33.967Z
2024,대학교,사립,,경북,기존,0000088,대구가톨릭대학교,14679,971,6.6,2591,215,8.3,2026-07-31T20:23:33.967Z
2024,대학교,특별법법인,,대구,기존,0000382,대구경북과학기술원,1073,41,3.8,213,17,8,2026-07-31T20:23:33.967Z
2024,교육대학,국립,,대구,기존,0000253,대구교육대학교,1602,55,3.4,411,33,8,2026-07-31T20:23:33.967Z
2024,대학교,사립,,경북,기존,0000084,대구대학교,21395,1562,7.3,3983,354,8.9,2026-07-31T20:23:33.967Z
2024,사이버대학(대학),사립,,경북,기존,0000320,대구사이버대학교,5719,1149,20.1,1514,256,16.9,2026-07-31T20:23:33.967Z
2024,대학교,사립,,경북,기존,0000087,대구예술대학교,697,151,21.7,67,23,34.3,2026-07-31T20:23:33.967Z
2024,대학교,사립,,경북,기존,0000061,대구한의대학교,7964,806,10.1,1694,253,14.9,2026-07-31T20:23:33.967Z
2024,대학교,사립,,경북,기존,0000093,대신대학교,600,31,5.2,116,15,12.9,2026-07-31T20:23:33.967Z
2024,대학교,사립,,세종,기존,0000094,대전가톨릭대학교,51,4,7.8,9,0,0,2026-07-31T20:23:33.967Z
2024,대학교,사립,,대전,기존,0000095,대전대학교,11469,751,6.5,1974,170,8.6,2026-07-31T20:23:33.967Z
2024,대학교,사립,,대전,기존,0000238,대전신학대학교,54,5,9.3,6,0,0,2026-07-31T20:23:33.967Z
2024,대학교,사립,,경기,기존,0000097,대진대학교,9980,619,6.2,1848,221,12,2026-07-31T20:23:33.967Z
2024,대학교,사립,,서울,기존,0000099,덕성여자대학교,6507,314,4.8,1209,181,15,2026-07-31T20:23:33.967Z
2024,대학교,사립,,서울,기존,0000100,동국대학교,18230,599,3.3,3236,282,8.7,2026-07-31T20:23:33.967Z
2024,대학교,사립,,경북,기존,0000101,동국대학교(WISE)_분교,9838,688,7,1833,155,8.5,2026-07-31T20:23:33.967Z
2024,대학교,사립,,서울,기존,0000102,동덕여자대학교,8085,417,5.2,1749,274,15.7,2026-07-31T20:23:33.967Z
2024,대학교,사립,,부산,기존,0000235,동명대학교,9801,1000,10.2,1521,129,8.5,2026-07-31T20:23:33.967Z
2024,대학교,사립,,부산,기존,0000103,동서대학교,12122,846,7,2084,137,6.6,2026-07-31T20:23:33.967Z
2024,대학교,사립,,전남,기존,0000104,동신대학교,7125,781,11,1390,307,22.1,2026-07-31T20:23:33.967Z
2024,대학교,사립,,부산,기존,0000105,동아대학교,24504,1062,4.3,4401,245,5.6,2026-07-31T20:23:33.967Z
2024,대학교,사립,,경북,기존,0000106,동양대학교,5210,559,10.7,1057,150,14.2,2026-07-31T20:23:33.967Z
2024,대학교,사립,,부산,기존,0000107,동의대학교,19880,1371,6.9,3786,298,7.9,2026-07-31T20:23:33.967Z
2024,사이버대학(대학),사립,,서울,기존,0000330,디지털서울문화예술대학교,3822,619,16.2,809,159,19.7,2026-07-31T20:23:33.967Z
2024,대학교,사립,,경기,기존,0000108,루터대학교,396,47,11.9,86,10,11.6,2026-07-31T20:23:33.967Z
2024,대학교,사립,,서울,기존,0000111,명지대학교_제2캠퍼스,10265,429,4.2,1614,133,8.2,2026-07-31T20:23:33.967Z
2024,대학교,사립,,경기,기존,0000109,명지대학교,8565,327,3.8,1335,91,6.8,2026-07-31T20:23:33.967Z
2024,대학교,사립,,대전,기존,0000112,목원대학교,9602,692,7.2,1888,165,8.7,2026-07-31T20:23:33.967Z
2024,대학교,사립,,전남,기존,0000221,목포가톨릭대학교,567,16,2.8,121,2,1.7,2026-07-31T20:23:33.967Z
2024,대학교,사립,,대전,기존,0000113,배재대학교,9769,783,8,1911,164,8.6,2026-07-31T20:23:33.967Z
2024,대학교,사립,,충남,기존,0000178,백석대학교,15436,909,5.9,3084,239,7.7,2026-07-31T20:23:33.967Z
2024,대학교,사립,,부산,기존,0000114,부산가톨릭대학교,4122,193,4.7,741,42,5.7,2026-07-31T20:23:33.967Z
2024,교육대학,국립,,부산,기존,0000254,부산교육대학교,1499,67,4.5,387,31,8,2026-07-31T20:23:33.967Z
2024,대학교,국립,,부산,기존,0000014,부산대학교,26400,958,3.6,4660,327,7,2026-07-31T20:23:33.967Z
2024,사이버대학(대학),사립,,부산,기존,0000321,부산디지털대학교,2721,371,13.6,645,76,11.8,2026-07-31T20:23:33.967Z
2024,대학교,사립,,부산,기존,0000115,부산외국어대학교,10014,746,7.4,1682,135,8,2026-07-31T20:23:33.967Z
2024,대학교,사립,,경남,기존,0000222,부산장신대학교,158,17,10.8,32,7,21.9,2026-07-31T20:23:33.967Z
2024,사이버대학(대학),사립,,서울,기존,0000332,사이버한국외국어대학교,8040,1756,21.8,1870,333,17.8,2026-07-31T20:23:33.967Z
2024,대학교,사립,,서울,기존,0000116,삼육대학교,7060,287,4.1,1218,99,8.1,2026-07-31T20:23:33.967Z
2024,대학교,사립,,서울,기존,0000117,상명대학교,8528,366,4.3,1561,162,10.4,2026-07-31T20:23:33.967Z
2024,대학교,사립,,충남,기존,0002959,상명대학교_제2캠퍼스,7584,334,4.4,1442,93,6.4,2026-07-31T20:23:33.967Z
2024,대학교,사립,,강원,기존,0000119,상지대학교,9180,869,9.5,1629,220,13.5,2026-07-31T20:23:33.967Z
2024,대학교,사립,,서울,기존,0000120,서강대학교,11553,401,3.5,1882,217,11.5,2026-07-31T20:23:33.967Z
2024,대학교,사립,,서울,기존,0000121,서경대학교,8773,460,5.2,1720,153,8.9,2026-07-31T20:23:33.967Z
2024,대학교,국립,,서울,기존,0000036,서울과학기술대학교,13641,514,3.8,2421,232,9.6,2026-07-31T20:23:33.967Z
2024,교육대학,국립,,서울,기존,0000255,서울교육대학교,1497,96,6.4,392,61,15.6,2026-07-31T20:23:33.967Z
2024,대학교,사립,,서울,기존,0000098,서울기독대학교,493,56,11.4,119,29,24.4,2026-07-31T20:23:33.967Z
2024,대학교,국립대법인,,서울,기존,0000019,서울대학교,21432,436,2,3480,225,6.5,2026-07-31T20:23:33.967Z
2024,사이버대학(대학),사립,,서울,기존,0000322,서울디지털대학교,12403,2495,20.1,2458,482,19.6,2026-07-31T20:23:33.967Z
2024,사이버대학(대학),사립,,서울,기존,0000323,서울사이버대학교,18629,2856,15.3,4812,788,16.4,2026-07-31T20:23:33.967Z
2024,대학교,공립,,서울,기존,0000040,서울시립대학교,11900,342,2.9,1863,162,8.7,2026-07-31T20:23:33.967Z
2024,대학교,사립,,경기,기존,0000125,서울신학대학교,2456,142,5.8,487,52,10.7,2026-07-31T20:23:33.967Z
2024,대학교,사립,,서울,기존,0000126,서울여자대학교,8726,406,4.7,1814,233,12.8,2026-07-31T20:23:33.967Z
2024,대학교,사립,,경기,기존,0000127,서울장신대학교,379,54,14.2,75,15,20,2026-07-31T20:23:33.967Z
2024,대학교,사립,,서울,기존,0000205,서울한영대학교,839,102,12.2,195,38,19.5,2026-07-31T20:23:33.967Z
2024,대학교,사립,,충북,기존,0000128,서원대학교,8629,539,6.2,1821,135,7.4,2026-07-31T20:23:33.967Z
2024,대학교,사립,,충남,기존,0000129,선문대학교,12066,939,7.8,2221,271,12.2,2026-07-31T20:23:33.967Z
2024,대학교,사립,,경기,기존,0000131,성결대학교,7024,386,5.5,1300,116,8.9,2026-07-31T20:23:33.967Z
2024,대학교,사립,,서울,기존,0000132,성공회대학교,2862,154,5.4,529,55,10.4,2026-07-31T20:23:33.967Z
2024,대학교,사립,,서울,기존,0000133,성균관대학교,25362,765,3,4189,445,10.6,2026-07-31T20:23:33.967Z
2024,대학교,사립,,서울,기존,0000136,성신여자대학교,10993,471,4.3,2411,324,13.4,2026-07-31T20:23:33.967Z
2024,대학교,사립,,충북,기존,0000137,세명대학교,8775,656,7.5,1449,158,10.9,2026-07-31T20:23:33.967Z
2024,대학교,사립,,서울,기존,0000138,세종대학교,16235,731,4.5,2856,331,11.6,2026-07-31T20:23:33.967Z
2024,사이버대학(대학),사립,,서울,기존,0000325,세종사이버대학교,11555,1525,13.2,2940,383,13,2026-07-31T20:23:33.967Z
2024,대학교,사립,,전남,기존,0000092,세한대학교,4414,603,13.7,959,293,30.6,2026-07-31T20:23:33.967Z
2024,대학교,사립,,광주,기존,0000243,송원대학교,3403,518,15.2,717,209,29.1,2026-07-31T20:23:33.967Z
2024,대학교,사립,,경기,기존,0000139,수원가톨릭대학교,169,6,3.6,30,0,0,2026-07-31T20:23:33.967Z
2024,대학교,사립,,경기,기존,0000140,수원대학교,11860,725,6.1,2251,223,9.9,2026-07-31T20:23:33.967Z
2024,대학교,사립,,서울,기존,0000141,숙명여자대학교,12231,449,3.7,2508,289,11.5,2026-07-31T20:23:33.967Z
2024,각종학교(대학),사립,,충북,기존,0000317,순복음총회신학교,132,46,34.8,18,11,61.1,2026-07-31T20:23:33.967Z
2024,대학교,사립,,충남,기존,0000142,순천향대학교,13889,781,5.6,2675,233,8.7,2026-07-31T20:23:33.967Z
2024,대학교,사립,,서울,기존,0000143,숭실대학교,19473,634,3.3,3200,284,8.9,2026-07-31T20:23:33.967Z
2024,사이버대학(대학),사립,,서울,기존,0000329,숭실사이버대학교,8278,935,11.3,2333,245,10.5,2026-07-31T20:23:33.967Z
2024,대학교,사립,,경북,기존,0000065,신경주대학교,972,300,30.9,415,200,48.2,2026-07-31T20:23:33.967Z
2024,대학교,사립,,부산,기존,0000144,신라대학교,8862,688,7.8,1541,141,9.1,2026-07-31T20:23:33.967Z
2024,대학교,사립,,경기,기존,0002800,신한대학교_제2캠퍼스,6403,377,5.9,1376,101,7.3,2026-07-31T20:23:33.967Z
2024,대학교,사립,,경기,기존,0002712,신한대학교,1558,64,4.1,137,3,2.2,2026-07-31T20:23:33.967Z
2024,대학교,사립,,경기,기존,0000145,아신대학교,453,66,14.6,65,10,15.4,2026-07-31T20:23:33.967Z
2024,대학교,사립,,경기,기존,0000146,아주대학교,13395,412,3.1,2255,173,7.7,2026-07-31T20:23:33.967Z
2024,대학교,사립,,경기,기존,0000147,안양대학교,6055,358,5.9,1071,107,10,2026-07-31T20:23:33.967Z
2024,대학교,사립,,인천,기존,0000148,안양대학교_제2캠퍼스,459,52,11.3,137,21,15.3,2026-07-31T20:23:33.967Z
2024,대학교,사립,,서울,기존,0000149,연세대학교,27409,830,3,4200,412,9.8,2026-07-31T20:23:33.967Z
2024,대학교,사립,,강원,기존,0000150,연세대학교(미래)_분교,9179,398,4.3,1479,121,8.2,2026-07-31T20:23:33.967Z
2024,대학교,사립,,경북,기존,0000151,영남대학교,28090,1280,4.6,4916,298,6.1,2026-07-31T20:23:33.967Z
2024,대학교,사립,,경북,기존,0000153,영남신학대학교,484,50,10.3,114,30,26.3,2026-07-31T20:23:33.967Z
2024,대학교,사립,,경남,기존,0003194,영산대학교(양산)_제2캠퍼스,2612,285,10.9,459,74,16.1,2026-07-31T20:23:33.967Z
2024,대학교,사립,,부산,기존,0003193,영산대학교(해운대),4377,546,12.5,861,169,19.6,2026-07-31T20:23:33.967Z
2024,대학교,사립,,전남,기존,0000155,영산선학대학교,46,2,4.3,2,0,0,2026-07-31T20:23:33.967Z
2024,대학교,사립,,전북,기존,0000228,예수대학교,567,10,1.8,121,3,2.5,2026-07-31T20:23:33.967Z
2024,대학교,사립,,경기,기존,0000219,예원예술대학교_제2캠퍼스,449,43,9.6,88,10,11.4,2026-07-31T20:23:33.967Z
2024,대학교,사립,,전북,기존,0000218,예원예술대학교,1099,159,14.5,117,13,11.1,2026-07-31T20:23:33.967Z
2024,대학교,사립,,경기,기존,0000156,용인대학교,7536,433,5.7,1272,86,6.8,2026-07-31T20:23:33.967Z
2024,대학교,사립,,전북,기존,0000157,우석대학교,8394,805,9.6,1391,150,10.8,2026-07-31T20:23:33.967Z
2024,대학교,사립,,대전,기존,0000240,우송대학교,12760,660,5.2,2301,113,4.9,2026-07-31T20:23:33.967Z
2024,대학교,특별법법인,,울산,기존,0000250,울산과학기술원,2342,78,3.3,444,42,9.5,2026-07-31T20:23:33.967Z
2024,대학교,사립,,울산,기존,0000158,울산대학교,16498,854,5.2,2877,187,6.5,2026-07-31T20:23:33.967Z
2024,대학교,사립,,전북,기존,0000159,원광대학교,18063,1205,6.7,3046,243,8,2026-07-31T20:23:33.967Z
2024,사이버대학(대학),사립,,전북,기존,0000327,원광디지털대학교,7142,975,13.7,1444,202,14,2026-07-31T20:23:33.967Z
2024,대학교,사립,,경북,기존,0000160,위덕대학교,2951,458,15.5,582,144,24.7,2026-07-31T20:23:33.967Z
2024,대학교,사립,,충북,기존,0000154,유원대학교,4401,822,18.7,779,155,19.9,2026-07-31T20:23:33.967Z
2024,대학교,사립,,경기,기존,0000162,을지대학교_제2캠퍼스,4740,199,4.2,878,84,9.6,2026-07-31T20:23:33.967Z
2024,대학교,사립,,대전,기존,0000161,을지대학교,306,0,0,49,0,0,2026-07-31T20:23:33.967Z
2024,대학교,사립,,경기,기존,0002911,을지대학교_제3캠퍼스,786,23,2.9,202,11,5.4,2026-07-31T20:23:33.967Z
2024,대학교,사립,,서울,기존,0000163,이화여자대학교,19165,469,2.4,3546,290,8.2,2026-07-31T20:23:33.967Z
2024,대학교,사립,,경남,기존,0000164,인제대학교,9832,704,7.2,1609,127,7.9,2026-07-31T20:23:33.967Z
2024,대학교,사립,,인천,기존,0000167,인천가톨릭대학교_제2캠퍼스,740,60,8.1,163,28,17.2,2026-07-31T20:23:33.967Z
2024,대학교,사립,,인천,기존,0000168,인천가톨릭대학교,65,2,3.1,9,0,0,2026-07-31T20:23:33.967Z
2024,대학교,국립대법인,,인천,기존,0002660,인천대학교,15656,667,4.3,2695,258,9.6,2026-07-31T20:23:33.967Z
2024,대학교,사립,,인천,기존,0000169,인하대학교,24981,734,2.9,4066,313,7.7,2026-07-31T20:23:33.967Z
2024,대학교,사립,,서울,기존,0000170,장로회신학대학교,791,47,5.9,152,16,10.5,2026-07-31T20:23:33.967Z
2024,대학교,국립,,광주,기존,0000023,전남대학교,21186,800,3.8,3635,300,8.3,2026-07-31T20:23:33.967Z
2024,대학교,국립,,전남,기존,0000024,전남대학교_제2캠퍼스,4195,314,7.5,909,101,11.1,2026-07-31T20:23:33.967Z
2024,대학교,국립,,전북,기존,0000025,전북대학교,23708,1023,4.3,4226,329,7.8,2026-07-31T20:23:33.967Z
2024,교육대학,국립,,전북,기존,0000258,전주교육대학교,1152,57,4.9,299,31,10.4,2026-07-31T20:23:33.967Z
2024,대학교,사립,,전북,기존,0000171,전주대학교,14540,1007,6.9,2524,192,7.6,2026-07-31T20:23:33.967Z
2024,기술대학,사립,,서울,기존,0000288,정석대학,29,4,13.8,11,1,9.1,2026-07-31T20:23:33.967Z
2024,대학교,사립,,제주,기존,0000248,제주국제대학교,533,149,28,49,19,38.8,2026-07-31T20:23:33.967Z
2024,대학교,국립,,제주,기존,0000027,제주대학교,13307,694,5.2,2321,199,8.6,2026-07-31T20:23:33.967Z
2024,대학교,사립,,광주,기존,0000172,조선대학교,25619,1029,4,4625,329,7.1,2026-07-31T20:23:33.967Z
2024,대학교,사립,,충남,기존,0000173,중부대학교,10768,768,7.1,1851,152,8.2,2026-07-31T20:23:33.967Z
2024,대학교,사립,,경기,기존,0000174,중앙대학교_제2캠퍼스,6998,324,4.6,1260,102,8.1,2026-07-31T20:23:33.967Z
2024,대학교,사립,,서울,기존,0000175,중앙대학교,25219,1052,4.2,4147,531,12.8,2026-07-31T20:23:33.967Z
2024,대학교,사립,,경기,기존,0000177,중앙승가대학교,78,6,7.7,16,2,12.5,2026-07-31T20:23:33.967Z
2024,대학교,사립,,충북,기존,0000239,중원대학교,4257,513,12.1,638,61,9.6,2026-07-31T20:23:33.967Z
2024,교육대학,국립,,경남,기존,0000260,진주교육대학교,1287,35,2.7,302,21,7,2026-07-31T20:23:33.967Z
2024,대학교,사립,,경기,기존,0000187,차의과학대학교,2698,143,5.3,539,74,13.7,2026-07-31T20:23:33.967Z
2024,대학교,사립,,경남,기존,0000249,창신대학교,2061,215,10.4,362,30,8.3,2026-07-31T20:23:33.967Z
2024,산업대학,사립,,충남,기존,0000284,청운대학교,7292,583,8,1329,162,12.2,2026-07-31T20:23:33.967Z
2024,교육대학,국립,,충북,기존,0000261,청주교육대학교,1189,57,4.8,310,26,8.4,2026-07-31T20:23:33.967Z
2024,대학교,사립,,충북,기존,0000179,청주대학교,15548,727,4.7,2810,167,5.9,2026-07-31T20:23:33.967Z
2024,대학교,사립,,전남,기존,0000246,초당대학교,3492,586,16.8,722,197,27.3,2026-07-31T20:23:33.967Z
2024,대학교,사립,,서울,기존,0000180,총신대학교,1733,69,4,334,16,4.8,2026-07-31T20:23:33.967Z
2024,대학교,사립,,서울,기존,0000181,추계예술대학교,1394,83,6,265,39,14.7,2026-07-31T20:23:33.967Z
2024,교육대학,국립,,강원,기존,0000262,춘천교육대학교,1302,48,3.7,339,26,7.7,2026-07-31T20:23:33.967Z
2024,대학교,국립,,대전,기존,0000029,충남대학교,22384,898,4,3851,331,8.6,2026-07-31T20:23:33.967Z
2024,대학교,국립,,충북,기존,0000030,충북대학교,17473,787,4.5,3043,263,8.6,2026-07-31T20:23:33.967Z
2024,대학교,사립,,경기,기존,0000184,칼빈대학교,731,84,11.5,194,22,11.3,2026-07-31T20:23:33.967Z
2024,사이버대학(대학),사립,,서울,신설,0003183,태재대학교,0,5,0,0,0,0,2026-07-31T20:23:33.967Z
2024,대학교,사립,,경기,기존,0000186,평택대학교,4214,249,5.9,859,71,8.3,2026-07-31T20:23:33.967Z
2024,대학교,사립,,경북,기존,0000188,포항공과대학교,1747,43,2.5,365,22,6,2026-07-31T20:23:33.967Z
2024,대학교,국립,,경기,기존,0000037,한경국립대학교,7028,417,5.9,1394,118,8.5,2026-07-31T20:23:33.967Z
2024,대학교,사립,,경기,기존,0000247,한국공학대학교,9957,646,6.5,1782,187,10.5,2026-07-31T20:23:33.967Z
2024,대학교,특별법법인,,대전,기존,0000374,한국과학기술원,4912,130,2.6,840,47,5.6,2026-07-31T20:23:33.967Z
2024,대학교,국립,,충북,기존,0000031,한국교원대학교,2558,77,3,581,48,8.3,2026-07-31T20:23:33.967Z
2024,대학교,사립,,충남,기존,0000189,한국기술교육대학교,5819,242,4.2,983,72,7.3,2026-07-31T20:23:33.967Z
2024,방송통신대학,국립,,서울,기존,0000273,한국방송통신대학교,125667,27610,22,9066,963,10.6,2026-07-31T20:23:33.967Z
2024,대학교,사립,,서울,기존,0000191,한국성서대학교,1195,96,8,241,28,11.6,2026-07-31T20:23:33.967Z
2024,대학교,특별법법인,,전남,기존,0003139,한국에너지공과대학교,209,6,2.9,109,1,0.9,2026-07-31T20:23:33.967Z
2024,사이버대학(대학),사립,,서울,기존,0000326,한국열린사이버대학교,6281,1033,16.4,1990,333,16.7,2026-07-31T20:23:33.967Z
2024,각종학교(대학),특별법국립,,서울,기존,0000383,한국예술종합학교,3301,66,2,564,8,1.4,2026-07-31T20:23:33.967Z
2024,대학교,사립,,서울,기존,0000192,한국외국어대학교,22631,1030,4.6,3875,470,12.1,2026-07-31T20:23:33.967Z
2024,대학교,특별법국립,,충남,기존,0003022,한국전통문화대학교,728,26,3.6,147,8,5.4,2026-07-31T20:23:33.967Z
2024,대학교,국립,,서울,기존,0000032,한국체육대학교,2992,49,1.6,570,10,1.8,2026-07-31T20:23:33.967Z
2024,대학교,사립,,대전,기존,0000182,한국침례신학대학교,1030,57,5.5,128,4,3.1,2026-07-31T20:23:33.967Z
2024,대학교,사립,,경기,기존,0000194,한국항공대학교,5899,246,4.2,934,96,10.3,2026-07-31T20:23:33.967Z
2024,대학교,사립,,대전,기존,0000195,한남대학교,15273,835,5.5,2923,219,7.5,2026-07-31T20:23:33.967Z
2024,대학교,사립,,경북,기존,0000196,한동대학교,5339,155,2.9,825,27,3.3,2026-07-31T20:23:33.967Z
2024,대학교,사립,,강원,기존,0000197,한라대학교,4172,383,9.2,777,109,14,2026-07-31T20:23:33.967Z
2024,대학교,사립,,강원,기존,0000198,한림대학교,10314,470,4.6,1875,127,6.8,2026-07-31T20:23:33.967Z
2024,대학교,사립,,충남,기존,0000199,한서대학교,8555,625,7.3,1552,208,13.4,2026-07-31T20:23:33.967Z
2024,대학교,사립,,서울,기존,0000200,한성대학교,9415,409,4.3,1653,172,10.4,2026-07-31T20:23:33.967Z
2024,대학교,사립,,경기,기존,0000201,한세대학교,3300,230,7,602,71,11.8,2026-07-31T20:23:33.967Z
2024,대학교,사립,,경기,기존,0000202,한신대학교,7530,449,6,1277,116,9.1,2026-07-31T20:23:33.967Z
2024,대학교,사립,,서울,기존,0000203,한양대학교,22334,839,3.8,3749,423,11.3,2026-07-31T20:23:33.967Z
2024,대학교,사립,,경기,기존,0000204,한양대학교(ERICA)_분교,14347,432,3,2415,168,7,2026-07-31T20:23:33.967Z
2024,사이버대학(대학),사립,,서울,기존,0000331,한양사이버대학교,17987,2675,14.9,4216,600,14.2,2026-07-31T20:23:33.967Z
2024,대학교,사립,,전북,기존,0000206,한일장신대학교,961,92,9.6,211,40,19,2026-07-31T20:23:33.967Z
2024,대학교,사립,,경기,기존,0000207,협성대학교,5258,322,6.1,1065,107,10,2026-07-31T20:23:33.967Z
2024,대학교,사립,,광주,기존,0000208,호남대학교,8401,598,7.1,1352,109,8.1,2026-07-31T20:23:33.967Z
2024,대학교,사립,,광주,기존,0000209,호남신학대학교,780,42,5.4,104,20,19.2,2026-07-31T20:23:33.967Z
2024,대학교,사립,,충남,기존,0000211,호서대학교,16124,1016,6.3,3150,322,10.2,2026-07-31T20:23:33.967Z
2024,산업대학,사립,,전북,기존,0000282,호원대학교,6436,731,11.4,1406,186,13.2,2026-07-31T20:23:33.967Z
2024,대학교,사립,,서울,기존,0000212,홍익대학교,17018,642,3.8,2866,306,10.7,2026-07-31T20:23:33.967Z
2024,대학교,사립,,세종,기존,0002949,홍익대학교_제2캠퍼스,7851,392,5,1386,142,10.2,2026-07-31T20:23:33.967Z
2024,대학교,사립,,경기,기존,0000233,화성의과학대학교,574,95,16.6,155,25,16.1,2026-07-31T20:23:33.967Z
2024,사이버대학(대학),사립,,부산,기존,0000333,화신사이버대학교,1836,262,14.3,708,143,20.2,2026-07-31T20:23:33.967Z
2024,기능대학,사립,,경기,기존,0000579,ICT폴리텍대학,473,57,12.1,159,18,11.3,2026-07-31T20:23:33.967Z
2024,전문대학,사립,,경북,기존,0000410,가톨릭상지대학교,2282,183,8,731,52,7.1,2026-07-31T20:23:33.967Z
2024,전문대학,사립,,충북,기존,0000433,강동대학교,3809,410,10.8,1318,96,7.3,2026-07-31T20:23:33.967Z
2024,전문대학,사립,,강원,기존,0000514,강릉영동대학교,3953,173,4.4,871,93,10.7,2026-07-31T20:23:33.967Z
2024,전문대학,공립,,강원,기존,0002639,강원도립대학교,909,107,11.8,295,27,9.2,2026-07-31T20:23:33.967Z
2024,전문대학,사립,,경남,기존,0000412,거제대학교,1256,94,7.5,389,31,8,2026-07-31T20:23:33.967Z
2024,전문대학,사립,,경기,기존,0000560,경기과학기술대학교,6989,591,8.5,2035,171,8.4,2026-07-31T20:23:33.967Z
2024,전문대학,공립,,경남,기존,0000402,경남도립거창대학,1117,78,7,384,14,3.6,2026-07-31T20:23:33.967Z
2024,전문대학,공립,,경남,기존,0000403,경남도립남해대학,1071,96,9,371,33,8.9,2026-07-31T20:23:33.967Z
2024,전문대학,사립,,부산,기존,0002640,경남정보대학교,9457,749,7.9,2512,242,9.6,2026-07-31T20:23:33.967Z
2024,전문대학,사립,,경기,기존,0000416,경민대학교,6353,322,5.1,1916,93,4.9,2026-07-31T20:23:33.967Z
2024,전문대학,사립,,경기,기존,0002641,경복대학교,7793,477,6.1,2449,127,5.2,2026-07-31T20:23:33.967Z
2024,전문대학,사립,,경북,기존,0000456,경북과학대학교,1925,193,10,855,110,12.9,2026-07-31T20:23:33.967Z
2024,전문대학,공립,,경북,폐교,0000405,경북도립대학교,1091,118,10.8,367,40,10.9,2026-07-31T20:23:33.967Z
2024,전문대학,사립,,경북,기존,0000438,경북보건대학교,1458,69,4.7,407,39,9.6,2026-07-31T20:23:33.967Z
2024,전문대학,사립,,경북,기존,0002642,경북전문대학교,3172,251,7.9,1047,66,6.3,2026-07-31T20:23:33.967Z
2024,전문대학,사립,,인천,기존,0000422,경인여자대학교,4187,303,7.2,1625,152,9.4,2026-07-31T20:23:33.967Z
2024,전문대학,사립,,대구,기존,0000425,계명문화대학교,6321,814,12.9,2205,235,10.7,2026-07-31T20:23:33.967Z
2024,전문대학,사립,,경기,기존,0000426,계원예술대학교,3838,319,8.3,1244,109,8.8,2026-07-31T20:23:33.967Z
2024,전문대학,사립,,전남,기존,0000428,광양보건대학교,141,24,17,28,3,10.7,2026-07-31T20:23:33.967Z
2024,전문대학,사립,,광주,기존,0000429,광주보건대학교,4564,316,6.9,1335,85,6.4,2026-07-31T20:23:33.967Z
2024,전문대학,사립,,경북,기존,0000430,구미대학교,6701,595,8.9,2412,233,9.7,2026-07-31T20:23:33.967Z
2024,전문대학,사립,,경기,기존,0000549,국제대학교,3584,447,12.5,1016,67,6.6,2026-07-31T20:23:33.967Z
2024,전문대학,사립,,전북,기존,0002971,군산간호대학교,1288,42,3.3,310,20,6.5,2026-07-31T20:23:33.967Z
2024,전문대학,사립,,전북,기존,0000432,군장대학교,1749,191,10.9,657,71,10.8,2026-07-31T20:23:33.967Z
2024,전문대학,사립,,광주,기존,0002972,기독간호대학교,651,12,1.8,152,6,3.9,2026-07-31T20:23:33.967Z
2024,전문대학,사립,,경기,기존,0000440,김포대학교,2393,337,14.1,702,97,13.8,2026-07-31T20:23:33.967Z
2024,전문대학,사립,,경남,기존,0000569,김해대학교,1675,122,7.3,488,50,10.2,2026-07-31T20:23:33.967Z
2024,전문대학,사립,,전남,기존,0000435,나주대학교,1485,422,28.4,629,158,25.1,2026-07-31T20:23:33.967Z
2024,전문대학,사립,,경기,기존,0000441,농협대학교,471,16,3.4,165,7,4.2,2026-07-31T20:23:33.967Z
2024,전문대학,사립,,경북,기존,0000442,대경대학교,4475,578,12.9,1685,239,14.2,2026-07-31T20:23:33.967Z
2024,전문대학,사립,,대구,기존,0000443,대구공업대학교,1503,237,15.8,620,96,15.5,2026-07-31T20:23:33.967Z
2024,전문대학,사립,,대구,기존,0000446,대구과학대학교,4976,481,9.7,1897,232,12.2,2026-07-31T20:23:33.967Z
2024,전문대학,사립,,대구,기존,0000444,대구보건대학교,8390,593,7.1,2735,211,7.7,2026-07-31T20:23:33.967Z
2024,전문대학,사립,,대전,기존,0000546,대덕대학교,2581,480,18.6,922,162,17.6,2026-07-31T20:23:33.967Z
2024,전문대학,사립,,부산,기존,0000447,대동대학교,1655,104,6.3,466,32,6.9,2026-07-31T20:23:33.967Z
2024,전문대학,사립,,경기,기존,0000448,대림대학교,10418,769,7.4,3095,232,7.5,2026-07-31T20:23:33.967Z
2024,전문대학,사립,,충북,기존,0000449,대원대학교,2270,184,8.1,679,46,6.8,2026-07-31T20:23:33.967Z
2024,전문대학,사립,,대전,기존,0000453,대전과학기술대학교,4572,478,10.5,1537,212,13.8,2026-07-31T20:23:33.967Z
2024,전문대학,사립,,대전,기존,0000451,대전보건대학교,5890,389,6.6,1722,111,6.4,2026-07-31T20:23:33.967Z
2024,전문대학,사립,,광주,기존,0000460,동강대학교,2837,374,13.2,1054,169,16,2026-07-31T20:23:33.967Z
2024,전문대학,사립,,경기,기존,0000457,동남보건대학교,5697,342,6,1798,160,8.9,2026-07-31T20:23:33.967Z
2024,전문대학,사립,,경기,기존,0000450,동서울대학교,8112,778,9.6,2756,296,10.7,2026-07-31T20:23:33.967Z
2024,전문대학,사립,,경기,기존,0000461,동아방송예술대학교,4203,225,5.4,1191,74,6.2,2026-07-31T20:23:33.967Z
2024,전문대학,사립,,전남,기존,0000462,동아보건대학교,1144,111,9.7,349,40,11.5,2026-07-31T20:23:33.967Z
2024,전문대학,사립,,서울,기존,0000463,동양미래대학교,9697,689,7.1,2873,282,9.8,2026-07-31T20:23:33.967Z
2024,전문대학,사립,,경남,기존,0000509,동원과학기술대학교,2894,216,7.5,895,84,9.4,2026-07-31T20:23:33.967Z
2024,전문대학,사립,,경기,기존,0000465,동원대학교,3586,522,14.6,1247,204,16.4,2026-07-31T20:23:33.967Z
2024,전문대학,사립,,부산,기존,0000466,동의과학대학교,5641,921,16.3,1698,159,9.4,2026-07-31T20:23:33.967Z
2024,전문대학,사립,,경기,기존,0000469,두원공과대학교,3525,417,11.8,721,60,8.3,2026-07-31T20:23:33.967Z
2024,전문대학,사립,,경남,기존,0000470,마산대학교,6502,471,7.2,1986,159,8,2026-07-31T20:23:33.967Z
2024,전문대학,사립,,서울,기존,0000473,명지전문대학,9379,796,8.5,3314,344,10.4,2026-07-31T20:23:33.967Z
2024,전문대학,사립,,전남,기존,0000474,목포과학대학교,3067,87,2.8,938,52,5.5,2026-07-31T20:23:33.967Z
2024,전문대학,사립,,경북,기존,0000475,문경대학교,995,71,7.1,243,24,9.9,2026-07-31T20:23:33.967Z
2024,전문대학,사립,,서울,기존,0000476,배화여자대학교,3139,334,10.6,1398,209,14.9,2026-07-31T20:23:33.967Z
2024,전문대학,사립,,충남,기존,0000543,백석문화대학교,5775,634,11,1737,181,10.4,2026-07-31T20:23:33.967Z
2024,전문대학,사립,,전북,기존,0000477,백제예술대학교,1213,191,15.7,428,63,14.7,2026-07-31T20:23:33.967Z
2024,전문대학,사립,,부산,기존,0000479,부산경상대학교,2832,536,18.9,1016,262,25.8,2026-07-31T20:23:33.967Z
2024,전문대학,사립,,부산,기존,0000481,부산과학기술대학교,4559,509,11.2,1468,149,10.1,2026-07-31T20:23:33.967Z
2024,전문대학,사립,,부산,기존,0000467,부산보건대학교,3119,271,8.7,896,61,6.8,2026-07-31T20:23:33.967Z
2024,전문대학,사립,,부산,기존,0000480,부산여자대학교,2032,187,9.2,701,76,10.8,2026-07-31T20:23:33.967Z
2024,전문대학,사립,,부산,기존,0000561,부산예술대학교,727,168,23.1,383,83,21.7,2026-07-31T20:23:33.967Z
2024,전문대학,사립,,경기,기존,0000482,부천대학교,9806,636,6.5,3284,242,7.4,2026-07-31T20:23:33.967Z
2024,전문대학,사립,,서울,기존,0000483,삼육보건대학교,1542,120,7.8,503,58,11.5,2026-07-31T20:23:33.967Z
2024,전문대학,사립,,강원,폐교,0000485,상지영서대학교,298,16,5.4,0,0,0,2026-07-31T20:23:33.967Z
2024,전문대학,사립,,경북,폐교,0002645,서라벌대학교,680,58,8.5,253,30,11.9,2026-07-31T20:23:33.967Z
2024,전문대학,사립,,광주,기존,0002646,서영대학교,6953,484,7,2188,164,7.5,2026-07-31T20:23:33.967Z
2024,전문대학,사립,,서울,기존,0002973,서울여자간호대학교,937,33,3.5,229,16,7,2026-07-31T20:23:33.967Z
2024,전문대학,사립,,경기,기존,0000489,서울예술대학교,4152,128,3.1,1130,13,1.2,2026-07-31T20:23:33.967Z
2024,전문대학,사립,,서울,기존,0000490,서일대학교,8536,763,8.9,2709,294,10.9,2026-07-31T20:23:33.967Z
2024,전문대학,사립,,경기,기존,0000566,서정대학교,9718,562,5.8,3057,193,6.3,2026-07-31T20:23:33.967Z
2024,전문대학,사립,,경북,기존,0000550,선린대학교,2483,187,7.5,717,68,9.5,2026-07-31T20:23:33.967Z
2024,전문대학,사립,,부산,폐교,0000493,성심외국어대학,1239,0,0,0,0,0,2026-07-31T20:23:33.967Z
2024,전문대학,사립,,경북,기존,0002647,성운대학교,1607,188,11.7,755,100,13.2,2026-07-31T20:23:33.967Z
2024,전문대학,사립,,강원,기존,0000515,세경대학교,1067,193,18.1,410,59,14.4,2026-07-31T20:23:33.967Z
2024,전문대학,사립,,강원,기존,0000567,송곡대학교,950,152,16,297,49,16.5,2026-07-31T20:23:33.967Z
2024,전문대학,사립,,강원,기존,0000564,송호대학교,951,93,9.8,341,36,10.6,2026-07-31T20:23:33.967Z
2024,전문대학,사립,,대구,기존,0002649,수성대학교,4200,372,8.9,1485,134,9,2026-07-31T20:23:33.967Z
2024,전문대학,사립,,경기,기존,0000497,수원과학대학교,4915,642,13.1,1163,165,14.2,2026-07-31T20:23:33.967Z
2024,전문대학,사립,,경기,기존,0000496,수원여자대학교,4131,340,8.2,1604,169,10.5,2026-07-31T20:23:33.967Z
2024,전문대학,사립,,전남,기존,0000498,순천제일대학교,3173,374,11.8,1153,136,11.8,2026-07-31T20:23:33.967Z
2024,전문대학,사립,,서울,기존,0000500,숭의여자대학교,3360,337,10,1583,214,13.5,2026-07-31T20:23:33.967Z
2024,전문대학,사립,,경기,기존,0000501,신구대학교,8097,728,9,2886,289,10,2026-07-31T20:23:33.967Z
2024,전문대학,사립,,충남,기존,0000502,신성대학교,3546,366,10.3,1100,102,9.3,2026-07-31T20:23:33.967Z
2024,전문대학,사립,,경기,기존,0000506,신안산대학교,3367,550,16.3,954,145,15.2,2026-07-31T20:23:33.967Z
2024,전문대학,사립,,충남,기존,0000454,아주자동차대학교,1541,226,14.7,398,153,38.4,2026-07-31T20:23:33.967Z
2024,전문대학,사립,,경북,기존,0002650,안동과학대학교,2573,172,6.7,835,65,7.8,2026-07-31T20:23:33.967Z
2024,전문대학,사립,,경기,기존,0000507,안산대학교,5450,397,7.3,1892,172,9.1,2026-07-31T20:23:33.967Z
2024,전문대학,사립,,경기,기존,0000510,여주대학교,5051,454,9,1287,93,7.2,2026-07-31T20:23:33.967Z
2024,전문대학,사립,,경기,기존,0002651,연성대학교,8299,529,6.4,2684,217,8.1,2026-07-31T20:23:33.967Z
2024,전문대학,사립,,경남,기존,0002652,연암공과대학교,2255,161,7.1,489,22,4.5,2026-07-31T20:23:33.967Z
2024,전문대학,사립,,충남,기존,0000512,연암대학교,1588,86,5.4,592,19,3.2,2026-07-31T20:23:33.967Z
2024,전문대학,사립,,경북,기존,0000418,영남외국어대학,445,48,10.8,218,35,16.1,2026-07-31T20:23:33.967Z
2024,전문대학,사립,,대구,기존,0000513,영남이공대학교,8108,748,9.2,2686,239,8.9,2026-07-31T20:23:33.967Z
2024,사이버대학(전문대학),사립,,대구,기존,0000575,영진사이버대학교,4192,268,6.4,1589,81,5.1,2026-07-31T20:23:33.967Z
2024,전문대학,사립,,대구,기존,0000517,영진전문대학교,10094,1178,11.7,3284,446,13.6,2026-07-31T20:23:33.967Z
2024,전문대학,사립,,경기,기존,0002653,오산대학교,6031,546,9.1,2045,169,8.3,2026-07-31T20:23:33.967Z
2024,전문대학,사립,,경기,기존,0000520,용인예술과학대학교,3809,451,11.8,1094,116,10.6,2026-07-31T20:23:33.967Z
2024,전문대학,사립,,대전,기존,0000452,우송정보대학,4619,598,12.9,1536,204,13.3,2026-07-31T20:23:33.967Z
2024,전문대학,사립,,울산,기존,0000521,울산과학대학교,7520,499,6.6,1933,138,7.1,2026-07-31T20:23:33.967Z
2024,전문대학,사립,,경기,기존,0000568,웅지세무대학교,932,129,13.8,151,19,12.6,2026-07-31T20:23:33.967Z
2024,전문대학,사립,,전북,기존,0000523,원광보건대학교,5584,419,7.5,1514,128,8.5,2026-07-31T20:23:33.967Z
2024,전문대학,사립,,경기,기존,0000524,유한대학교,7237,576,8,2014,162,8,2026-07-31T20:23:33.967Z
2024,전문대학,사립,,서울,기존,0000525,인덕대학교,8375,803,9.6,2613,242,9.3,2026-07-31T20:23:33.967Z
2024,전문대학,사립,,인천,기존,0002654,인하공업전문대학,10603,692,6.5,3300,308,9.3,2026-07-31T20:23:33.967Z
2024,전문대학,사립,,경기,기존,0000527,장안대학교,3654,506,13.8,859,122,14.2,2026-07-31T20:23:33.967Z
2024,전문대학,사립,,인천,기존,0000455,재능대학교,4650,480,10.3,1353,141,10.4,2026-07-31T20:23:33.967Z
2024,전문대학,사립,,전남,기존,0000529,전남과학대학교,3612,402,11.1,1436,210,14.6,2026-07-31T20:23:33.967Z
2024,전문대학,공립,,전남,기존,0000562,전남도립대학교,1255,182,14.5,457,51,11.2,2026-07-31T20:23:33.967Z
2024,전문대학,사립,,전북,기존,0000531,전북과학대학교,1726,102,5.9,675,56,8.3,2026-07-31T20:23:33.967Z
2024,전문대학,사립,,전북,기존,0000437,전주기전대학,1819,309,17,767,131,17.1,2026-07-31T20:23:33.967Z
2024,전문대학,사립,,전북,기존,0000530,전주비전대학교,4195,342,8.2,1283,83,6.5,2026-07-31T20:23:33.967Z
2024,전문대학,사립,,제주,기존,0000532,제주관광대학교,2089,443,21.2,664,158,23.8,2026-07-31T20:23:33.967Z
2024,전문대학,사립,,제주,기존,0002655,제주한라대학교,8588,1020,11.9,1570,151,9.6,2026-07-31T20:23:33.967Z
2024,전문대학,사립,,광주,기존,0002974,조선간호대학교,824,14,1.7,193,7,3.6,2026-07-31T20:23:33.967Z
2024,전문대학,사립,,광주,기존,0000534,조선이공대학교,4725,491,10.4,1479,129,8.7,2026-07-31T20:23:33.967Z
2024,전문대학,사립,,경남,기존,0000539,진주보건대학교,2841,142,5,807,38,4.7,2026-07-31T20:23:33.967Z
2024,전문대학,사립,,경남,기존,0000542,창원문성대학교,1877,379,20.2,371,54,14.6,2026-07-31T20:23:33.967Z
2024,전문대학,사립,,경기,기존,0000544,청강문화산업대학교,5116,200,3.9,1414,33,2.3,2026-07-31T20:23:33.967Z
2024,전문대학,사립,,전남,기존,0002656,청암대학교,2898,210,7.2,817,116,14.2,2026-07-31T20:23:33.967Z
2024,전문대학,사립,,울산,기존,0000545,춘해보건대학교,2958,137,4.6,864,62,7.2,2026-07-31T20:23:33.967Z
2024,전문대학,공립,,충남,기존,0002657,충남도립대학교,1507,150,10,474,51,10.8,2026-07-31T20:23:33.967Z
2024,전문대학,공립,,충북,기존,0000406,충북도립대학교,1048,119,11.4,373,36,9.7,2026-07-31T20:23:33.967Z
2024,전문대학,사립,,충북,기존,0000536,충북보건과학대학교,2917,261,8.9,857,78,9.1,2026-07-31T20:23:33.967Z
2024,전문대학,사립,,충북,기존,0000547,충청대학교,4273,431,10.1,1316,151,11.5,2026-07-31T20:23:33.967Z
2024,전문대학,사립,,경북,기존,0002658,포항대학교,1948,208,10.7,652,71,10.9,2026-07-31T20:23:33.967Z
2024,전문대학,사립,,강원,기존,0000578,한국골프과학기술대학교,625,55,8.8,182,13,7.1,2026-07-31T20:23:33.967Z
2024,전문대학,사립,,경기,기존,0000565,한국관광대학교,1946,176,9,549,34,6.2,2026-07-31T20:23:33.967Z
2024,전문대학,특별법국립,,전북,기존,0003019,한국농수산대학교,2031,105,5.2,684,41,6,2026-07-31T20:23:33.967Z
2024,전문대학,국립,,경기,폐교,0002659,한국복지대학교,614,55,9,71,0,0,2026-07-31T20:23:33.967Z
2024,사이버대학(전문대학),사립,,경북,기존,0000576,한국복지사이버대학교,2628,469,17.8,1118,125,11.2,2026-07-31T20:23:33.967Z
2024,전문대학,사립,,경남,기존,0000570,한국승강기대학교,1158,143,12.3,252,29,11.5,2026-07-31T20:23:33.967Z
2024,전문대학,사립,,세종,기존,0000522,한국영상대학교,4073,292,7.2,1258,100,7.9,2026-07-31T20:23:33.967Z
2024,기능대학,사립,,서울,기존,0000585,한국폴리텍 I 대학 서울강서캠퍼스,666,96,14.4,252,52,20.6,2026-07-31T20:23:33.967Z
2024,기능대학,사립,,서울,기존,0000584,한국폴리텍 I 대학 서울정수캠퍼스,1675,213,12.7,621,89,14.3,2026-07-31T20:23:33.967Z
2024,기능대학,사립,,경기,기존,0000586,한국폴리텍 I 대학 성남캠퍼스,935,133,14.2,295,46,15.6,2026-07-31T20:23:33.967Z
2024,기능대학,사립,,제주,기존,0002912,한국폴리텍 I 대학 제주캠퍼스,71,6,8.5,30,2,6.7,2026-07-31T20:23:33.967Z
2024,기능대학,사립,,인천,기존,0000590,한국폴리텍 II 대학 남인천캠퍼스,118,17,14.4,28,12,42.9,2026-07-31T20:23:33.967Z
2024,기능대학,사립,,인천,기존,0000589,한국폴리텍 II 대학 인천캠퍼스,2287,317,13.9,677,115,17,2026-07-31T20:23:33.967Z
2024,기능대학,사립,,경기,기존,0003105,한국폴리텍 II 대학 화성캠퍼스,36,6,16.7,23,5,21.7,2026-07-31T20:23:33.967Z
2024,기능대학,사립,,강원,기존,0000594,한국폴리텍 III 대학 강릉캠퍼스,173,30,17.3,55,8,14.5,2026-07-31T20:23:33.967Z
2024,기능대학,사립,,강원,기존,0002854,한국폴리텍 III 대학 원주캠퍼스,153,20,13.1,60,8,13.3,2026-07-31T20:23:33.967Z
2024,기능대학,사립,,강원,기존,0000593,한국폴리텍 III 대학 춘천캠퍼스,324,32,9.9,106,16,15.1,2026-07-31T20:23:33.967Z
2024,기능대학,사립,,대전,기존,0000603,한국폴리텍 IV 대학 대전캠퍼스,1088,115,10.6,335,39,11.6,2026-07-31T20:23:33.967Z
2024,기능대학,사립,,충남,기존,0000606,한국폴리텍 IV 대학 아산캠퍼스,660,83,12.6,227,35,15.4,2026-07-31T20:23:33.967Z
2024,기능대학,사립,,충북,기존,0000604,한국폴리텍 IV 대학 청주캠퍼스,1074,96,8.9,376,41,10.9,2026-07-31T20:23:33.967Z
2024,기능대학,사립,,충남,기존,0000607,한국폴리텍 IV 대학 충남캠퍼스,253,24,9.5,87,11,12.6,2026-07-31T20:23:33.967Z
2024,기능대학,사립,,광주,기존,0000616,한국폴리텍 V 대학 광주캠퍼스,1318,117,8.9,386,33,8.5,2026-07-31T20:23:33.967Z
2024,기능대학,사립,,전남,기존,0002975,한국폴리텍 V 대학 순천캠퍼스,8,4,50,6,3,50,2026-07-31T20:23:33.967Z
2024,기능대학,사립,,전북,기존,0000620,한국폴리텍 V 대학 익산캠퍼스,142,28,19.7,54,14,25.9,2026-07-31T20:23:33.967Z
2024,기능대학,사립,,전남,기존,0000619,한국폴리텍 V 대학 전남캠퍼스,236,35,14.8,71,12,16.9,2026-07-31T20:23:33.967Z
2024,기능대학,사립,,전북,기존,0000617,한국폴리텍 V 대학 전북캠퍼스,550,83,15.1,202,39,19.3,2026-07-31T20:23:33.967Z
2024,기능대학,사립,,경북,기존,0000624,한국폴리텍 VI 대학 구미캠퍼스,651,66,10.1,249,30,12,2026-07-31T20:23:33.967Z
2024,기능대학,사립,,대구,기존,0000623,한국폴리텍 VI 대학 대구캠퍼스,653,76,11.6,259,35,13.5,2026-07-31T20:23:33.967Z
2024,기능대학,사립,,대구,기존,0000636,한국폴리텍 VI 대학 영남융합기술캠퍼스,195,29,14.9,85,12,14.1,2026-07-31T20:23:33.967Z
2024,기능대학,사립,,경북,기존,0002674,한국폴리텍 VI 대학 영주캠퍼스,57,11,19.3,27,3,11.1,2026-07-31T20:23:33.967Z
2024,기능대학,사립,,부산,기존,0003163,한국폴리텍 VII 대학 동부산캠퍼스,17,5,29.4,15,5,33.3,2026-07-31T20:23:33.967Z
2024,기능대학,사립,,부산,기존,0000632,한국폴리텍 VII 대학 부산캠퍼스,1033,154,14.9,336,41,12.2,2026-07-31T20:23:33.967Z
2024,기능대학,사립,,울산,기존,0000633,한국폴리텍 VII 대학 울산캠퍼스,893,120,13.4,359,41,11.4,2026-07-31T20:23:33.967Z
2024,기능대학,사립,,경남,기존,0003157,한국폴리텍 VII 대학 진주캠퍼스,9,2,22.2,5,2,40,2026-07-31T20:23:33.967Z
2024,기능대학,사립,,경남,기존,0000631,한국폴리텍 VII 대학 창원캠퍼스,2129,188,8.8,727,71,9.8,2026-07-31T20:23:33.967Z
2024,기능대학,사립,,경북,기존,0003104,한국폴리텍 특성화대학 로봇캠퍼스,152,18,11.8,83,10,12,2026-07-31T20:23:33.967Z
2024,기능대학,사립,,충남,기존,0000635,한국폴리텍 특성화대학 바이오캠퍼스,447,19,4.3,159,8,5,2026-07-31T20:23:33.967Z
2024,기능대학,사립,,경기,기존,0000637,한국폴리텍 특성화대학 반도체융합캠퍼스,719,102,14.2,221,29,13.1,2026-07-31T20:23:33.967Z
2024,기능대학,사립,,경남,기존,0000638,한국폴리텍 특성화대학 항공캠퍼스,522,77,14.8,118,15,12.7,2026-07-31T20:23:33.967Z
2024,전문대학,사립,,강원,기존,0000553,한림성심대학교,3709,347,9.4,1002,69,6.9,2026-07-31T20:23:33.967Z
2024,전문대학,사립,,서울,기존,0000554,한양여자대학교,7780,598,7.7,3089,349,11.3,2026-07-31T20:23:33.967Z
2024,전문대학,사립,,전남,기존,0000555,한영대학교,1888,99,5.2,657,35,5.3,2026-07-31T20:23:33.967Z
2024,전문대학,사립,,충남,기존,0000556,혜전대학교,3287,245,7.5,965,62,6.4,2026-07-31T20:23:33.967Z
2024,전문대학,사립,,경북,기존,0000415,호산대학교,2159,163,7.5,834,90,10.8,2026-07-31T20:23:33.967Z
