year_text,school_code_std,school_kind,estb,region,status,school_name,cells_json,uploaded_at
2025,0002748,대학,사립,경남,,가야대학교(김해),"[""2025"",""0002748"",""가야대학교(김해)"",""사립"",""경남"",""대학"",""7,244,083,237"",""4,428,388,310"",""-"",""200,000,000"",""-"",""188,600,000"",""-"",""-"",""-"",""21,367,910"",""1,990,802,312"",""5,216,465,149"",""11,500,844,090"",""45.4""]",2026-08-28T22:20:04.397Z
2025,0000063,대학,사립,경기,,가천대학교,"[""2025"",""0000063"",""가천대학교"",""사립"",""경기"",""대학"",""82,935,626,068"",""34,380,459,840"",""30,780,879,600"",""1,516,000,000"",""10,946,450,331"",""2,464,440,000"",""864,500,000"",""432,675,000"",""157,000,000"",""6,028,633,800"",""5,561,477,213"",""107,307,222,172"",""214,760,216,200"",""50.0""]",2026-08-28T22:20:04.397Z
2025,0000072,대학,사립,강원,,가톨릭관동대학교,"[""2025"",""0000072"",""가톨릭관동대학교"",""사립"",""강원"",""대학"",""28,499,035,199"",""13,821,178,941"",""1,332,549,000"",""1,791,388,000"",""187,500,000"",""387,900,000"",""158,548,000"",""349,500,000"",""54,900,000"",""372,578,000"",""15,954,418,018"",""35,267,137,276"",""41,777,652,995"",""84.4""]",2026-08-28T22:20:04.397Z
2025,0000215,대학,사립,충북,,가톨릭꽃동네대학교,"[""2025"",""0000215"",""가톨릭꽃동네대학교"",""사립"",""충북"",""대학"",""3,353,248,847"",""1,358,619,500"",""-"",""-"",""-"",""-"",""471,695,000"",""-"",""-"",""13,166,500"",""633,099,063"",""3,112,589,910"",""3,445,783,204"",""90.3""]",2026-08-28T22:20:04.397Z
2025,0000046,대학,사립,경기,,가톨릭대학교,"[""2025"",""0000046"",""가톨릭대학교"",""사립"",""경기"",""대학"",""44,146,959,975"",""15,307,191,470"",""38,675,668,000"",""84,000,000"",""4,282,917,336"",""18,822,347,500"",""557,000,000"",""75,000,000"",""16,170,000"",""6,843,977,160"",""5,121,920,325"",""103,318,768,826"",""100,623,327,077"",""102.7""]",2026-08-28T22:20:04.397Z
2025,0000050,대학,사립,서울,,감리교신학대학교,"[""2025"",""0000050"",""감리교신학대학교"",""사립"",""서울"",""대학"",""2,728,889,179"",""1,909,755,940"",""-"",""-"",""-"",""-"",""-"",""-"",""-"",""-"",""2,149,420"",""821,282,659"",""7,751,799,340"",""10.6""]",2026-08-28T22:20:04.397Z
2025,0000051,대학,사립,경기,,강남대학교,"[""2025"",""0000051"",""강남대학교"",""사립"",""경기"",""대학"",""23,871,023,905"",""13,330,704,668"",""708,319,000"",""1,672,360,000"",""132,000,000"",""80,000,000"",""689,600,000"",""-"",""-"",""336,297,660"",""1,990,472,852"",""16,149,368,749"",""53,282,248,004"",""30.3""]",2026-08-28T22:20:04.397Z
2025,0000001,대학,국립,강원,,국립강릉원주대학교,"[""2025"",""0000001"",""국립강릉원주대학교"",""국립"",""강원"",""대학"",""121,503,482,412"",""15,660,038,730"",""5,118,134,000"",""-"",""2,317,256,000"",""110,000,000"",""-"",""319,870,000"",""419,020,000"",""2,533,000,000"",""13,550,813,300"",""130,211,536,982"","""",""""]",2026-08-28T22:20:04.397Z
2025,0000003,대학,국립,강원,,강원대학교,"[""2025"",""0000003"",""강원대학교"",""국립"",""강원"",""대학"",""381,149,927,714"",""37,088,185,114"",""38,585,637,535"",""1,375,400,000"",""3,900,432,600"",""2,080,520,000"",""904,173,000"",""1,891,000,000"",""2,558,278,443"",""17,925,931,149"",""89,491,579,225"",""502,774,694,552"","""",""""]",2026-08-28T22:20:04.397Z
2025,0000052,대학,사립,서울,,건국대학교,"[""2025"",""0000052"",""건국대학교"",""사립"",""서울"",""대학"",""59,773,272,649"",""24,118,587,700"",""32,712,813,565"",""615,600,000"",""6,459,780,000"",""490,000,000"",""185,915,200"",""168,750,000"",""3,155,947,490"",""9,829,105,177"",""5,733,988,652"",""95,006,585,033"",""186,054,605,455"",""51.1""]",2026-08-28T22:20:04.397Z
2025,0000053,대학,사립,충북,,건국대학교(글로컬),"[""2025"",""0000053"",""건국대학교(글로컬)"",""사립"",""충북"",""대학"",""37,660,392,893"",""17,504,399,129"",""3,954,888,000"",""277,500,000"",""103,750,000"",""230,000,000"",""20,000,000"",""264,430,000"",""94,692,000"",""498,629,080"",""9,244,279,930"",""34,844,162,774"",""66,932,601,922"",""52.1""]",2026-08-28T22:20:04.397Z
2025,0000054,대학,사립,충남,,건양대학교,"[""2025"",""0000054"",""건양대학교"",""사립"",""충남"",""대학"",""48,275,803,931"",""15,378,271,332"",""4,164,441,000"",""202,666,570"",""1,503,560,000"",""22,500,000"",""-"",""315,345,000"",""-"",""233,593,500"",""26,636,244,306"",""65,975,882,975"",""49,351,210,840"",""133.7""]",2026-08-28T22:20:04.397Z
2025,0000056,대학,사립,경기,,경기대학교,"[""2025"",""0000056"",""경기대학교"",""사립"",""경기"",""대학"",""45,674,370,243"",""27,319,625,633"",""8,820,734,000"",""1,474,000,000"",""2,510,639,000"",""-"",""221,390,000"",""79,375,000"",""50,000,000"",""1,095,457,000"",""1,093,079,603"",""33,699,419,213"",""116,470,079,000"",""28.9""]",2026-08-28T22:20:04.397Z
2025,0000059,대학,사립,경남,,경남대학교,"[""2025"",""0000059"",""경남대학교"",""사립"",""경남"",""대학"",""50,715,527,324"",""19,963,663,931"",""5,185,352,000"",""1,907,054,357"",""230,000,000"",""-"",""-"",""652,339,000"",""-"",""293,975,500"",""17,784,609,399"",""56,805,193,649"",""60,504,437,498"",""93.9""]",2026-08-28T22:20:04.397Z
2025,0000060,대학,사립,강원,,경동대학교,"[""2025"",""0000060"",""경동대학교"",""사립"",""강원"",""대학"",""29,291,296,729"",""20,259,477,481"",""-"",""-"",""-"",""30,000,000"",""-"",""154,735,000"",""6,785,000"",""90,076,500"",""7,971,866,833"",""17,285,282,581"",""67,497,037,701"",""25.6""]",2026-08-28T22:20:04.397Z
2025,0000005,대학,국립,대구,,경북대학교,"[""2025"",""0000005"",""경북대학교"",""국립"",""대구"",""대학"",""445,109,284,081"",""40,711,649,810"",""90,494,288,029"",""915,948,395"",""18,634,686,333"",""3,591,400,000"",""258,300,000"",""7,422,450,000"",""6,058,373,220"",""16,636,484,000"",""57,827,354,174"",""606,236,918,422"","""",""""]",2026-08-28T22:20:04.397Z
2025,0000007,대학,국립,경남,,경상국립대학교,"[""2025"",""0000007"",""경상국립대학교"",""국립"",""경남"",""대학"",""367,013,338,411"",""38,176,780,973"",""42,959,543,185"",""1,589,292,800"",""5,224,750,000"",""440,000,000"",""677,870,000"",""4,206,395,000"",""3,720,305,850"",""14,704,483,665"",""63,509,766,784"",""465,868,964,722"","""",""""]",2026-08-28T22:20:04.397Z
2025,0000062,대학,사립,부산,,경성대학교,"[""2025"",""0000062"",""경성대학교"",""사립"",""부산"",""대학"",""56,124,527,516"",""30,148,491,835"",""750,219,000"",""1,823,976,000"",""-"",""25,700,000"",""24,500,000"",""256,950,000"",""-"",""1,213,737,500"",""16,167,333,635"",""46,238,451,816"",""93,075,234,511"",""49.7""]",2026-08-28T22:20:04.397Z
2025,0000244,대학,사립,경북,,경운대학교,"[""2025"",""0000244"",""경운대학교"",""사립"",""경북"",""대학"",""30,697,646,845"",""13,416,532,333"",""1,161,257,000"",""249,500,000"",""-"",""-"",""142,548,000"",""8,500,000"",""-"",""158,191,160"",""19,774,033,283"",""38,775,143,955"",""45,611,597,990"",""85.0""]",2026-08-28T22:20:04.397Z
2025,0000064,대학,사립,경북,,경일대학교,"[""2025"",""0000064"",""경일대학교"",""사립"",""경북"",""대학"",""44,138,904,281"",""17,485,622,420"",""1,145,009,000"",""674,976,250"",""-"",""180,000,000"",""65,000,000"",""223,914,000"",""-"",""222,556,000"",""13,041,014,648"",""42,205,751,759"",""52,013,353,840"",""81.1""]",2026-08-28T22:20:04.397Z
2025,0000065,대학,사립,경북,,신경주대학교,"[""2025"",""0000065"",""신경주대학교"",""사립"",""경북"",""대학"",""2,344,164,968"",""1,952,397,000"",""-"",""158,818,560"",""-"",""-"",""-"",""-"",""-"",""28,026,000"",""291,454,250"",""870,066,778"",""11,255,319,360"",""7.7""]",2026-08-28T22:20:04.397Z
2025,0000066,대학,사립,서울,,경희대학교,"[""2025"",""0000066"",""경희대학교"",""사립"",""서울"",""대학"",""97,704,274,047"",""38,516,255,720"",""75,293,694,165"",""-"",""9,579,898,000"",""10,055,201,000"",""3,564,980,000"",""1,105,554,000"",""1,204,334,050"",""13,715,213,771"",""9,187,778,154"",""182,894,671,467"",""321,812,240,629"",""56.8""]",2026-08-28T22:20:04.397Z
2025,0000068,대학,사립,대구,,계명대학교,"[""2025"",""0000068"",""계명대학교"",""사립"",""대구"",""대학"",""104,480,299,312"",""52,280,762,900"",""10,626,627,737"",""1,880,000,000"",""1,621,566,667"",""2,538,200,000"",""844,093,000"",""469,000,000"",""11,500,000"",""1,258,668,500"",""21,405,289,294"",""92,854,481,610"",""172,051,517,665"",""54.0""]",2026-08-28T22:20:04.397Z
2025,0000069,대학,사립,서울,,고려대학교,"[""2025"",""0000069"",""고려대학교"",""사립"",""서울"",""대학"",""133,126,944,623"",""23,780,664,800"",""214,852,872,327"",""-"",""17,049,097,361"",""22,762,705,000"",""3,080,052,500"",""275,750,000"",""1,385,916,000"",""22,896,988,040"",""13,824,801,488"",""405,474,462,539"",""354,317,979,055"",""114.4""]",2026-08-28T22:20:04.397Z
2025,0000070,대학,사립,세종,,고려대학교(세종),"[""2025"",""0000070"",""고려대학교(세종)"",""사립"",""세종"",""대학"",""44,581,958,780"",""11,151,118,500"",""9,208,298,233"",""489,125,522"",""7,026,818,445"",""195,000,000"",""22,300,000"",""70,000,000"",""638,892,000"",""3,232,803,021"",""6,523,126,969"",""60,837,204,470"",""70,442,548,830"",""86.4""]",2026-08-28T22:20:04.397Z
2025,0000071,대학,사립,부산,,고신대학교,"[""2025"",""0000071"",""고신대학교"",""사립"",""부산"",""대학"",""13,841,557,697"",""6,533,287,501"",""1,097,453,000"",""185,100,000"",""993,040,000"",""-"",""1,005,446,000"",""-"",""-"",""477,271,900"",""3,968,519,000"",""15,035,100,096"",""22,867,013,673"",""65.8""]",2026-08-28T22:20:04.397Z
2025,0000008,대학,국립,충남,,국립공주대학교,"[""2025"",""0000008"",""국립공주대학교"",""국립"",""충남"",""대학"",""200,127,393,887"",""25,921,145,839"",""13,579,817,955"",""316,208,000"",""10,559,400,000"",""-"",""200,000,000"",""799,688,000"",""1,507,840,000"",""7,122,412,207"",""22,323,503,571"",""230,615,117,781"","""",""""]",2026-08-28T22:20:04.397Z
2025,0000073,대학,사립,광주,,광신대학교,"[""2025"",""0000073"",""광신대학교"",""사립"",""광주"",""대학"",""1,948,021,690"",""1,499,676,000"",""-"",""-"",""-"",""-"",""-"",""-"",""-"",""44,257,000"",""16,242,999"",""508,845,689"",""5,614,839,270"",""9.1""]",2026-08-28T22:20:04.397Z
2025,0000074,대학,사립,서울,,광운대학교,"[""2025"",""0000074"",""광운대학교"",""사립"",""서울"",""대학"",""33,955,007,845"",""13,791,764,150"",""12,437,718,000"",""231,000,000"",""4,464,410,333"",""-"",""870,080,000"",""384,301,000"",""-"",""1,836,076,830"",""2,276,482,020"",""42,663,311,878"",""85,587,227,634"",""49.8""]",2026-08-28T22:20:04.397Z
2025,0000075,대학,사립,전남,,광주가톨릭대학교,"[""2025"",""0000075"",""광주가톨릭대학교"",""사립"",""전남"",""대학"",""3,547,080"","""",""-"",""-"",""-"",""-"",""-"",""-"",""-"",""-"",""-"",""3,547,080"",""-"",""""]",2026-08-28T22:20:04.397Z
2025,0000381,대학,특별법법인,광주,,광주과학기술원,"[""2025"",""0000381"",""광주과학기술원"",""특별법법인"",""광주"",""대학"",""6,913,936,639"",""489,875,000"",""172,212,333,755"",""400,000,000"",""4,135,638,333"",""1,846,784,610"",""1,595,000,000"",""76,675,000"",""-"",""929,000,000"",""3,125,743,173"",""190,745,236,510"","""",""""]",2026-08-28T22:20:04.397Z
2025,0000231,대학,사립,광주,,광주대학교,"[""2025"",""0000231"",""광주대학교"",""사립"",""광주"",""대학"",""32,188,694,147"",""14,858,106,070"",""312,181,000"",""491,094,000"",""110,000,000"",""-"",""-"",""189,550,000"",""12,280,000"",""75,986,000"",""10,675,338,453"",""29,197,017,530"",""36,230,996,576"",""80.6""]",2026-08-28T22:20:04.397Z
2025,0000076,대학,사립,광주,,광주여자대학교,"[""2025"",""0000076"",""광주여자대학교"",""사립"",""광주"",""대학"",""19,821,251,695"",""9,106,873,483"",""-"",""256,000,000"",""-"",""-"",""-"",""-"",""-"",""46,876,000"",""4,780,563,262"",""15,797,817,474"",""22,253,995,813"",""71.0""]",2026-08-28T22:20:04.397Z
2025,0000078,대학,사립,서울,,국민대학교,"[""2025"",""0000078"",""국민대학교"",""사립"",""서울"",""대학"",""67,046,570,714"",""27,090,595,700"",""22,383,767,577"",""540,000,000"",""6,931,208,000"",""100,000,000"",""428,100,000"",""70,200,000"",""183,469,000"",""4,303,044,660"",""3,077,208,180"",""77,972,972,431"",""163,853,682,950"",""47.6""]",2026-08-28T22:20:04.397Z
2025,0000009,대학,국립,전북,,국립군산대학교,"[""2025"",""0000009"",""국립군산대학교"",""국립"",""전북"",""대학"",""121,109,474,004"",""14,006,260,760"",""8,333,741,000"",""1,380,894,780"",""1,356,511,000"",""-"",""36,500,000"",""183,000,000"",""413,722,567"",""4,388,130,000"",""13,180,533,082"",""136,376,245,673"","""",""""]",2026-08-28T22:20:04.397Z
2025,0000080,대학,사립,충북,,극동대학교,"[""2025"",""0000080"",""극동대학교"",""사립"",""충북"",""대학"",""9,958,128,446"",""7,445,550,145"",""276,079,800"",""-"",""-"",""-"",""127,500,000"",""43,000,000"",""-"",""129,234,300"",""1,868,639,248"",""4,957,031,649"",""25,751,129,139"",""19.2""]",2026-08-28T22:20:04.397Z
2025,0000224,대학,사립,충남,,금강대학교,"[""2025"",""0000224"",""금강대학교"",""사립"",""충남"",""대학"",""414,714,696"",""128,292,000"",""-"",""-"",""-"",""-"",""-"",""-"",""-"",""-"",""51,000,000"",""337,422,696"",""443,870,820"",""76.0""]",2026-08-28T22:20:04.397Z
2025,0000010,대학,국립,경북,,국립금오공과대학교,"[""2025"",""0000010"",""국립금오공과대학교"",""국립"",""경북"",""대학"",""101,112,223,415"",""10,126,866,230"",""14,579,450,000"",""484,000,000"",""3,943,999,000"",""353,652,000"",""-"",""293,750,000"",""-"",""357,800,000"",""25,505,923,400"",""136,503,931,585"","""",""""]",2026-08-28T22:20:04.397Z
2025,0000241,대학,사립,경북,,김천대학교,"[""2025"",""0000241"",""김천대학교"",""사립"",""경북"",""대학"",""11,790,749,855"",""6,932,503,688"",""-"",""-"",""-"",""-"",""-"",""-"",""-"",""40,044,400"",""4,444,361,753"",""9,342,652,320"",""17,270,117,711"",""54.1""]",2026-08-28T22:20:04.397Z
2025,0000081,대학,사립,충남,,나사렛대학교,"[""2025"",""0000081"",""나사렛대학교"",""사립"",""충남"",""대학"",""24,182,057,294"",""11,578,591,160"",""86,809,000"",""292,900,000"",""-"",""275,000,000"",""398,100,000"",""25,000,000"",""6,165,000"",""54,164,000"",""5,662,019,940"",""19,403,624,074"",""35,313,552,375"",""54.9""]",2026-08-28T22:20:04.397Z
2025,0000216,대학,사립,광주,,남부대학교,"[""2025"",""0000216"",""남부대학교"",""사립"",""광주"",""대학"",""17,400,529,185"",""7,536,919,834"",""-"",""-"",""498,000,000"",""-"",""-"",""581,497,500"",""-"",""31,414,540"",""7,106,622,796"",""18,081,144,187"",""16,818,875,714"",""107.5""]",2026-08-28T22:20:04.397Z
2025,0000245,대학,사립,충남,,남서울대학교,"[""2025"",""0000245"",""남서울대학교"",""사립"",""충남"",""대학"",""35,358,647,381"",""22,478,990,531"",""586,018,000"",""1,678,320,000"",""-"",""-"",""60,000,000"",""-"",""20,910,000"",""222,703,000"",""5,820,334,013"",""21,267,941,863"",""79,028,512,910"",""26.9""]",2026-08-28T22:20:04.397Z
2025,0000082,대학,사립,경기,,단국대학교,"[""2025"",""0000082"",""단국대학교"",""사립"",""경기"",""대학"",""102,378,847,182"",""44,040,221,306"",""26,875,610,037"",""1,745,600,000"",""7,105,071,333"",""3,117,434,000"",""2,457,000,000"",""982,072,000"",""605,614,000"",""8,134,734,630"",""20,757,821,699"",""130,119,583,575"",""230,084,674,340"",""56.6""]",2026-08-28T22:20:04.397Z
2025,0000088,대학,사립,경북,,대구가톨릭대학교,"[""2025"",""0000088"",""대구가톨릭대학교"",""사립"",""경북"",""대학"",""67,008,349,065"",""27,303,084,608"",""4,196,581,000"",""1,620,000,000"",""964,600,000"",""592,500,000"",""84,000,000"",""163,950,000"",""32,465,000"",""1,148,563,840"",""19,368,316,774"",""67,876,241,071"",""97,459,829,817"",""69.6""]",2026-08-28T22:20:04.397Z
2025,0000382,대학,특별법법인,대구,,대구경북과학기술원,"[""2025"",""0000382"",""대구경북과학기술원"",""특별법법인"",""대구"",""대학"",""4,467,423,465"",""40,128,000"",""158,063,995,000"",""-"",""3,241,116,667"",""1,844,000,000"",""14,000,000"",""284,567,000"",""-"",""340,000,000"",""3,198,484,590"",""171,413,458,722"","""",""""]",2026-08-28T22:20:04.397Z
2025,0000084,대학,사립,경북,,대구대학교,"[""2025"",""0000084"",""대구대학교"",""사립"",""경북"",""대학"",""78,804,266,861"",""41,235,234,450"",""2,919,506,000"",""2,735,491,000"",""486,000,000"",""260,000,000"",""64,128,400"",""2,020,196,000"",""513,194,000"",""1,708,379,758"",""13,137,044,170"",""61,412,971,739"",""123,012,854,127"",""49.9""]",2026-08-28T22:20:04.397Z
2025,0000087,대학,사립,경북,,대구예술대학교,"[""2025"",""0000087"",""대구예술대학교"",""사립"",""경북"",""대학"",""491,109,338"",""398,821,000"",""-"",""-"",""-"",""-"",""80,000,000"",""-"",""-"",""3,150,000"",""-"",""175,438,338"",""2,241,663,000"",""7.8""]",2026-08-28T22:20:04.397Z
2025,0000061,대학,사립,경북,,대구한의대학교,"[""2025"",""0000061"",""대구한의대학교"",""사립"",""경북"",""대학"",""44,162,073,345"",""18,457,195,460"",""1,074,102,000"",""1,064,100,000"",""-"",""314,000,000"",""179,049,200"",""78,200,000"",""49,218,000"",""172,699,000"",""23,271,254,645"",""51,907,500,730"",""55,362,521,712"",""93.8""]",2026-08-28T22:20:04.397Z
2025,0000093,대학,사립,경북,,대신대학교,"[""2025"",""0000093"",""대신대학교"",""사립"",""경북"",""대학"",""3,452,048,861"",""2,098,749,500"",""-"",""-"",""-"",""-"",""-"",""-"",""-"",""25,443,000"",""827,106,850"",""2,205,849,211"",""14,341,879,500"",""15.4""]",2026-08-28T22:20:04.397Z
2025,0000094,대학,사립,세종,,대전가톨릭대학교,"[""2025"",""0000094"",""대전가톨릭대학교"",""사립"",""세종"",""대학"",""78,703,270"",""76,930,000"",""-"",""-"",""-"",""-"",""-"",""-"",""-"",""-"",""9,550,000"",""11,323,270"",""516,162,570"",""2.2""]",2026-08-28T22:20:04.397Z
2025,0000095,대학,사립,대전,,대전대학교,"[""2025"",""0000095"",""대전대학교"",""사립"",""대전"",""대학"",""46,529,962,264"",""22,501,846,774"",""3,227,682,000"",""311,299,131"",""865,320,000"",""1,347,000,000"",""-"",""488,387,000"",""25,328,000"",""843,650,500"",""8,211,140,086"",""39,347,922,207"",""57,242,663,737"",""68.7""]",2026-08-28T22:20:04.397Z
2025,0000238,대학,사립,대전,,대전신학대학교,"[""2025"",""0000238"",""대전신학대학교"",""사립"",""대전"",""대학"",""267,104,563"",""168,928,000"",""-"",""-"",""-"",""-"",""-"",""-"",""-"",""5,889,000"",""-"",""104,065,563"",""1,052,524,330"",""9.9""]",2026-08-28T22:20:04.397Z
2025,0000097,대학,사립,경기,,대진대학교,"[""2025"",""0000097"",""대진대학교"",""사립"",""경기"",""대학"",""28,169,942,507"",""18,584,308,660"",""183,154,000"",""1,228,000,000"",""433,600,000"",""-"",""45,000,000"",""31,500,000"",""183,866,000"",""1,129,635,500"",""2,169,569,195"",""14,989,958,542"",""61,902,506,540"",""24.2""]",2026-08-28T22:20:04.397Z
2025,0000099,대학,사립,서울,,덕성여자대학교,"[""2025"",""0000099"",""덕성여자대학교"",""사립"",""서울"",""대학"",""20,910,336,703"",""10,100,647,080"",""2,548,852,000"",""650,000,000"",""790,673,000"",""100,000,000"",""-"",""-"",""333,650,000"",""979,297,500"",""1,743,660,874"",""17,955,822,997"",""43,082,541,950"",""41.7""]",2026-08-28T22:20:04.397Z
2025,0000100,대학,사립,서울,,동국대학교,"[""2025"",""0000100"",""동국대학교"",""사립"",""서울"",""대학"",""67,962,286,994"",""22,364,047,834"",""31,252,159,000"",""346,600,000"",""5,227,994,675"",""2,009,590,000"",""4,130,915,920"",""250,000,000"",""45,000,000"",""5,324,566,483"",""6,935,315,271"",""101,120,380,509"",""172,574,392,450"",""58.6""]",2026-08-28T22:20:04.397Z
2025,0000101,대학,사립,경북,,동국대학교(WISE),"[""2025"",""0000101"",""동국대학교(WISE)"",""사립"",""경북"",""대학"",""27,763,052,520"",""14,941,473,267"",""2,077,434,000"",""948,000,000"",""107,800,000"",""1,187,600,000"",""-"",""25,000,000"",""90,000,000"",""1,250,110,400"",""7,291,852,200"",""25,799,375,853"",""60,576,596,501"",""42.6""]",2026-08-28T22:20:04.397Z
2025,0000102,대학,사립,서울,,동덕여자대학교,"[""2025"",""0000102"",""동덕여자대학교"",""사립"",""서울"",""대학"",""20,227,552,673"",""11,529,109,740"",""1,276,925,000"",""683,750,000"",""390,300,000"",""90,000,000"",""109,000,000"",""-"",""67,858,000"",""1,122,729,000"",""756,933,687"",""13,195,938,620"",""52,248,625,936"",""25.3""]",2026-08-28T22:20:04.397Z
2025,0000235,대학,사립,부산,,동명대학교,"[""2025"",""0000235"",""동명대학교"",""사립"",""부산"",""대학"",""34,503,755,269"",""19,265,012,920"",""223,314,000"",""748,000,000"",""230,000,000"",""-"",""111,400,000"",""478,600,000"",""-"",""100,167,500"",""7,587,205,900"",""24,717,429,749"",""51,422,984,754"",""48.1""]",2026-08-28T22:20:04.397Z
2025,0000103,대학,사립,부산,,동서대학교,"[""2025"",""0000103"",""동서대학교"",""사립"",""부산"",""대학"",""48,049,129,813"",""24,010,648,489"",""607,283,000"",""1,640,578,000"",""210,000,000"",""-"",""180,000,000"",""267,857,000"",""-"",""702,486,300"",""13,929,543,900"",""41,576,229,524"",""60,538,714,319"",""68.7""]",2026-08-28T22:20:04.397Z
2025,0000104,대학,사립,전남,,동신대학교,"[""2025"",""0000104"",""동신대학교"",""사립"",""전남"",""대학"",""33,891,002,359"",""15,866,807,620"",""2,773,925,000"",""818,400,000"",""204,000,000"",""1,520,059,000"",""936,963,000"",""40,000,000"",""-"",""204,048,500"",""16,750,022,634"",""41,271,612,873"",""48,399,012,220"",""85.3""]",2026-08-28T22:20:04.397Z
2025,0000105,대학,사립,부산,,동아대학교,"[""2025"",""0000105"",""동아대학교"",""사립"",""부산"",""대학"",""103,161,861,047"",""43,834,034,963"",""11,808,678,000"",""1,535,600,000"",""3,328,595,000"",""1,220,600,000"",""59,617,000"",""926,557,000"",""367,841,800"",""3,998,023,920"",""27,093,554,810"",""109,666,893,614"",""148,271,267,665"",""74.0""]",2026-08-28T22:20:04.397Z
2025,0000106,대학,사립,경북,,동양대학교,"[""2025"",""0000106"",""동양대학교"",""사립"",""경북"",""대학"",""18,355,408,097"",""9,825,303,000"",""221,372,000"",""200,000,000"",""557,876,000"",""-"",""37,500,000"",""-"",""-"",""60,218,000"",""5,874,530,266"",""15,481,601,363"",""30,320,347,489"",""51.1""]",2026-08-28T22:20:04.397Z
2025,0000107,대학,사립,부산,,동의대학교,"[""2025"",""0000107"",""동의대학교"",""사립"",""부산"",""대학"",""67,900,161,905"",""38,315,623,722"",""4,345,925,000"",""1,908,400,000"",""692,629,000"",""490,000,000"",""5,000,000"",""799,500,000"",""-"",""532,521,000"",""11,495,279,000"",""49,853,792,183"",""107,027,110,789"",""46.6""]",2026-08-28T22:20:04.397Z
2025,0000108,대학,사립,경기,,루터대학교,"[""2025"",""0000108"",""루터대학교"",""사립"",""경기"",""대학"",""2,205,573,907"",""848,325,000"",""-"",""-"",""-"",""-"",""-"",""-"",""-"",""7,875,000"",""375,932,780"",""1,741,056,687"",""2,008,913,100"",""86.7""]",2026-08-28T22:20:04.397Z
2025,0000109,대학,사립,경기,,명지대학교,"[""2025"",""0000109"",""명지대학교"",""사립"",""경기"",""대학"",""49,421,248,964"",""25,776,808,200"",""6,298,884,211"",""1,866,200,000"",""3,627,240,000"",""200,000,000"",""100,000,000"",""495,830,000"",""-"",""2,045,214,420"",""2,168,830,532"",""40,446,639,927"",""139,760,340,286"",""28.9""]",2026-08-28T22:20:04.397Z
2025,0000112,대학,사립,대전,,목원대학교,"[""2025"",""0000112"",""목원대학교"",""사립"",""대전"",""대학"",""34,826,539,878"",""18,425,600,930"",""1,020,631,000"",""1,437,600,000"",""250,000,000"",""-"",""147,300,000"",""286,500,000"",""-"",""80,479,410"",""6,218,682,230"",""25,842,131,588"",""55,068,124,930"",""46.9""]",2026-08-28T22:20:04.397Z
2025,0000221,대학,사립,전남,,목포가톨릭대학교,"[""2025"",""0000221"",""목포가톨릭대학교"",""사립"",""전남"",""대학"",""5,153,250,283"",""1,593,184,960"",""-"",""-"",""-"",""-"",""-"",""-"",""-"",""18,781,000"",""1,518,008,000"",""5,096,854,323"",""3,052,887,620"",""167.0""]",2026-08-28T22:20:04.397Z
2025,0000011,대학,국립,전남,,국립목포대학교,"[""2025"",""0000011"",""국립목포대학교"",""국립"",""전남"",""대학"",""128,996,318,833"",""15,408,836,030"",""4,014,286,402"",""1,506,883,110"",""1,977,565,000"",""-"",""170,848,000"",""686,000,000"",""152,670,000"",""3,668,594,567"",""29,762,681,517"",""155,527,011,399"","""",""""]",2026-08-28T22:20:04.397Z
2025,0000012,대학,국립,전남,,국립목포해양대학교,"[""2025"",""0000012"",""국립목포해양대학교"",""국립"",""전남"",""대학"",""73,271,223,071"",""4,952,822,990"",""570,631,000"",""400,000,000"",""1,041,060,000"",""-"",""33,000,000"",""-"",""-"",""3,047,687,000"",""6,472,901,471"",""79,883,679,552"","""",""""]",2026-08-28T22:20:04.397Z
2025,0000113,대학,사립,대전,,배재대학교,"[""2025"",""0000113"",""배재대학교"",""사립"",""대전"",""대학"",""33,128,406,147"",""18,754,792,290"",""2,255,210,000"",""2,069,600,000"",""-"",""-"",""-"",""50,000,000"",""38,174,000"",""379,693,500"",""6,721,680,114"",""25,887,971,471"",""55,327,625,170"",""46.8""]",2026-08-28T22:20:04.397Z
2025,0000178,대학,사립,충남,,백석대학교,"[""2025"",""0000178"",""백석대학교"",""사립"",""충남"",""대학"",""50,024,680,209"",""32,529,628,870"",""132,827,000"",""946,000,000"",""-"",""-"",""12,000,000"",""18,077,000"",""-"",""120,115,500"",""8,137,246,677"",""26,861,317,516"",""120,848,092,800"",""22.2""]",2026-08-28T22:20:04.397Z
2025,0000013,대학,국립,부산,,국립부경대학교,"[""2025"",""0000013"",""국립부경대학교"",""국립"",""부산"",""대학"",""224,596,323,509"",""31,896,594,740"",""33,393,776,000"",""1,394,993,500"",""4,103,696,333"",""30,000,000"",""-"",""222,455,000"",""-"",""26,146,565,000"",""13,065,614,450"",""271,056,829,052"","""",""""]",2026-08-28T22:20:04.397Z
2025,0000114,대학,사립,부산,,부산가톨릭대학교,"[""2025"",""0000114"",""부산가톨릭대학교"",""사립"",""부산"",""대학"",""19,729,929,552"",""8,372,782,660"",""187,942,000"",""-"",""-"",""-"",""-"",""-"",""100,000,000"",""26,508,750"",""5,979,578,130"",""17,651,175,772"",""25,850,195,491"",""68.3""]",2026-08-28T22:20:04.397Z
2025,0000014,대학,국립,부산,,부산대학교,"[""2025"",""0000014"",""부산대학교"",""국립"",""부산"",""대학"",""447,792,700,258"",""36,601,527,390"",""104,800,224,301"",""910,147,900"",""19,034,783,000"",""2,707,000,000"",""75,000,000"",""2,209,965,000"",""985,527,500"",""17,119,500,883"",""60,954,983,442"",""619,988,304,894"","""",""""]",2026-08-28T22:20:04.397Z
2025,0000115,대학,사립,부산,,부산외국어대학교,"[""2025"",""0000115"",""부산외국어대학교"",""사립"",""부산"",""대학"",""31,306,244,862"",""16,816,130,453"",""7,762,000"",""241,100,000"",""-"",""-"",""209,000,000"",""250,000,000"",""-"",""67,563,500"",""3,924,491,500"",""19,190,031,409"",""44,818,289,858"",""42.8""]",2026-08-28T22:20:04.397Z
2025,0000222,대학,사립,경남,,부산장신대학교,"[""2025"",""0000222"",""부산장신대학교"",""사립"",""경남"",""대학"",""1,440,417,425"",""446,226,000"",""-"",""-"",""-"",""-"",""-"",""-"",""-"",""11,741,500"",""208,400,651"",""1,214,333,576"",""1,679,431,600"",""72.3""]",2026-08-28T22:20:04.397Z
2025,0000116,대학,사립,서울,,삼육대학교,"[""2025"",""0000116"",""삼육대학교"",""사립"",""서울"",""대학"",""21,282,946,042"",""11,636,794,160"",""2,546,225,000"",""1,267,200,000"",""57,750,000"",""63,940,000"",""165,816,000"",""-"",""106,630,000"",""275,853,000"",""1,521,507,793"",""15,651,073,675"",""48,791,308,350"",""32.1""]",2026-08-28T22:20:04.397Z
2025,0000117,대학,사립,서울,,상명대학교,"[""2025"",""0000117"",""상명대학교"",""사립"",""서울"",""대학"",""46,001,785,820"",""27,133,105,834"",""3,485,662,000"",""492,400,000"",""379,666,000"",""189,586,000"",""830,370,000"",""75,000,000"",""20,163,000"",""838,548,000"",""5,979,356,794"",""31,159,431,780"",""104,845,348,102"",""29.7""]",2026-08-28T22:20:04.397Z
2025,0000119,대학,사립,강원,,상지대학교,"[""2025"",""0000119"",""상지대학교"",""사립"",""강원"",""대학"",""21,914,472,511"",""12,654,114,201"",""619,409,000"",""650,000,000"",""-"",""439,000,000"",""40,000,000"",""5,268,000,000"",""779,271,320"",""1,057,494,330"",""9,708,607,302"",""27,822,140,262"",""47,647,933,678"",""58.4""]",2026-08-28T22:20:04.397Z
2025,0000120,대학,사립,서울,,서강대학교,"[""2025"",""0000120"",""서강대학교"",""사립"",""서울"",""대학"",""50,070,309,410"",""10,358,876,166"",""38,090,668,000"",""-"",""4,560,134,333"",""250,000,000"",""1,200,000,000"",""125,000,000"",""6,281,000"",""758,304,000"",""2,421,751,005"",""87,123,571,582"",""130,885,343,266"",""66.6""]",2026-08-28T22:20:04.397Z
2025,0000121,대학,사립,서울,,서경대학교,"[""2025"",""0000121"",""서경대학교"",""사립"",""서울"",""대학"",""22,499,365,860"",""13,082,759,700"",""923,573,000"",""200,000,000"",""-"",""-"",""1,136,448,170"",""12,500,000"",""-"",""3,479,927,500"",""1,455,280,670"",""16,624,335,500"",""60,397,242,157"",""27.5""]",2026-08-28T22:20:04.397Z
2025,0000036,대학,국립,서울,,서울과학기술대학교,"[""2025"",""0000036"",""서울과학기술대학교"",""국립"",""서울"",""대학"",""145,120,826,061"",""17,876,741,780"",""23,891,971,580"",""1,270,091,590"",""7,045,889,000"",""68,500,000"",""100,000,000"",""297,500,000"",""154,000,000"",""4,764,806,000"",""2,759,034,770"",""167,595,877,221"","""",""""]",2026-08-28T22:20:04.397Z
2025,0000098,대학,사립,서울,,서울기독대학교,"[""2025"",""0000098"",""서울기독대학교"",""사립"",""서울"",""대학"",""1,159,715,118"",""991,668,600"",""-"",""-"",""-"",""-"",""-"",""-"",""-"",""5,388,000"",""28,291,936"",""201,726,454"",""9,062,442,653"",""2.2""]",2026-08-28T22:20:04.397Z
2025,0000019,대학,국립대법인,서울,,서울대학교,"[""2025"",""0000019"",""서울대학교"",""국립대법인"",""서울"",""대학"",""844,004,968,343"",""18,291,009,834"",""365,918,973,803"",""-"",""38,221,335,000"",""35,192,025,000"",""4,701,000,000"",""600,027,000"",""6,810,475,380"",""59,317,152,711"",""11,848,297,446"",""1,348,323,244,849"","""",""""]",2026-08-28T22:20:04.397Z
2025,0000040,대학,공립,서울,,서울시립대학교,"[""2025"",""0000040"",""서울시립대학교"",""공립"",""서울"",""대학"",""37,564,312,652"",""7,398,171,600"",""21,090,313,000"",""523,200,000"",""2,260,012,000"",""62,500,000"",""12,000,000"",""50,000,000"",""87,590,000"",""5,568,490,000"",""68,459,620,983"",""128,279,867,035"","""",""""]",2026-08-28T22:20:04.397Z
2025,0000125,대학,사립,경기,,서울신학대학교,"[""2025"",""0000125"",""서울신학대학교"",""사립"",""경기"",""대학"",""12,288,457,954"",""6,102,202,600"",""9,002,000"",""-"",""-"",""-"",""-"",""-"",""7,001,000"",""39,684,221"",""367,906,921"",""6,609,849,496"",""18,385,610,060"",""36.0""]",2026-08-28T22:20:04.397Z
2025,0000126,대학,사립,서울,,서울여자대학교,"[""2025"",""0000126"",""서울여자대학교"",""사립"",""서울"",""대학"",""25,035,325,305"",""14,985,527,830"",""1,907,892,000"",""170,100,000"",""165,000,000"",""300,000,000"",""35,444,000"",""10,000,000"",""386,080,500"",""1,486,149,500"",""3,502,702,229"",""18,013,165,704"",""61,626,819,950"",""29.2""]",2026-08-28T22:20:04.397Z
2025,0000127,대학,사립,경기,,서울장신대학교,"[""2025"",""0000127"",""서울장신대학교"",""사립"",""경기"",""대학"",""1,514,173,658"",""1,156,576,000"",""-"",""-"",""-"",""-"",""65,500,000"",""-"",""-"",""3,599,000"",""6,065,583"",""432,762,241"",""5,338,368,000"",""8.1""]",2026-08-28T22:20:04.397Z
2025,0000205,대학,사립,서울,,서울한영대학교,"[""2025"",""0000205"",""서울한영대학교"",""사립"",""서울"",""대학"",""1,983,425,497"",""1,411,385,100"",""-"",""-"",""-"",""-"",""-"",""-"",""-"",""10,838,000"",""21,592,568"",""604,470,965"",""7,544,404,360"",""8.0""]",2026-08-28T22:20:04.397Z
2025,0000128,대학,사립,충북,,서원대학교,"[""2025"",""0000128"",""서원대학교"",""사립"",""충북"",""대학"",""34,530,351,223"",""19,394,171,821"",""301,907,000"",""1,090,400,000"",""-"",""-"",""-"",""285,000,000"",""-"",""71,512,000"",""6,776,776,527"",""23,661,774,929"",""54,333,191,279"",""43.5""]",2026-08-28T22:20:04.397Z
2025,0000129,대학,사립,충남,,선문대학교,"[""2025"",""0000129"",""선문대학교"",""사립"",""충남"",""대학"",""49,109,023,652"",""19,934,165,400"",""4,102,671,000"",""-"",""1,046,867,000"",""90,000,000"",""-"",""352,635,000"",""6,517,000"",""364,574,000"",""10,988,201,061"",""46,126,323,313"",""69,261,601,620"",""66.6""]",2026-08-28T22:20:04.397Z
2025,0000131,대학,사립,경기,,성결대학교,"[""2025"",""0000131"",""성결대학교"",""사립"",""경기"",""대학"",""19,562,636,091"",""12,008,755,871"",""114,585,000"",""514,800,000"",""-"",""-"",""12,000,000"",""-"",""-"",""185,936,000"",""2,900,971,708"",""11,282,172,928"",""40,239,749,275"",""28.0""]",2026-08-28T22:20:04.397Z
2025,0000132,대학,사립,서울,,성공회대학교,"[""2025"",""0000132"",""성공회대학교"",""사립"",""서울"",""대학"",""9,183,510,113"",""5,178,651,967"",""51,609,200"",""-"",""-"",""-"",""-"",""-"",""-"",""42,931,200"",""38,956,015"",""4,138,354,561"",""18,765,003,081"",""22.1""]",2026-08-28T22:20:04.397Z
2025,0000133,대학,사립,서울,,성균관대학교,"[""2025"",""0000133"",""성균관대학교"",""사립"",""서울"",""대학"",""135,137,008,341"",""24,990,875,800"",""199,140,908,580"",""648,300,000"",""40,989,984,733"",""10,625,296,500"",""1,740,390,780"",""2,068,932,000"",""456,937,500"",""15,447,431,044"",""14,977,566,469"",""396,241,880,147"",""316,525,693,600"",""125.2""]",2026-08-28T22:20:04.397Z
2025,0000136,대학,사립,서울,,성신여자대학교,"[""2025"",""0000136"",""성신여자대학교"",""사립"",""서울"",""대학"",""29,805,146,912"",""17,952,565,100"",""6,033,918,000"",""615,600,000"",""934,935,000"",""240,000,000"",""93,517,000"",""45,000,000"",""295,537,000"",""846,576,920"",""287,094,521"",""21,244,760,253"",""86,192,333,348"",""24.6""]",2026-08-28T22:20:04.397Z
2025,0000137,대학,사립,충북,,세명대학교,"[""2025"",""0000137"",""세명대학교"",""사립"",""충북"",""대학"",""23,589,766,008"",""15,506,598,600"",""532,810,000"",""1,038,300,000"",""115,000,000"",""105,500,000"",""8,000,000"",""25,000,000"",""179,957,520"",""412,856,500"",""6,885,662,347"",""17,386,253,775"",""42,310,632,270"",""41.1""]",2026-08-28T22:20:04.397Z
2025,0000138,대학,사립,서울,,세종대학교,"[""2025"",""0000138"",""세종대학교"",""사립"",""서울"",""대학"",""52,430,346,438"",""19,851,433,250"",""39,822,454,944"",""1,460,000,000"",""6,192,265,000"",""348,400,000"",""2,098,000,000"",""191,750,000"",""1,149,396,000"",""9,886,450,707"",""4,041,613,357"",""97,769,243,196"",""168,538,948,628"",""58.0""]",2026-08-28T22:20:04.397Z
2025,0000092,대학,사립,전남,,세한대학교,"[""2025"",""0000092"",""세한대학교"",""사립"",""전남"",""대학"",""15,120,049,852"",""9,758,934,447"",""-"",""399,940,000"",""-"",""400,000,000"",""-"",""-"",""6,481,000"",""243,656,730"",""2,806,209,025"",""9,217,402,160"",""23,240,997,903"",""39.7""]",2026-08-28T22:20:04.397Z
2025,0000243,대학,사립,광주,,송원대학교,"[""2025"",""0000243"",""송원대학교"",""사립"",""광주"",""대학"",""16,771,342,219"",""7,192,125,522"",""82,750,000"",""-"",""-"",""-"",""12,000,000"",""-"",""-"",""178,208,000"",""4,047,541,200"",""13,899,715,897"",""17,350,444,975"",""80.1""]",2026-08-28T22:20:04.397Z
2025,0000139,대학,사립,경기,,수원가톨릭대학교,"[""2025"",""0000139"",""수원가톨릭대학교"",""사립"",""경기"",""대학"",""226,519,500"",""226,519,500"",""-"",""-"",""-"",""-"",""-"",""-"",""-"",""-"",""6,000,000"",""6,000,000"",""744,894,430"",""0.8""]",2026-08-28T22:20:04.397Z
2025,0000140,대학,사립,경기,,수원대학교,"[""2025"",""0000140"",""수원대학교"",""사립"",""경기"",""대학"",""22,997,288,648"",""17,653,405,423"",""1,069,917,000"",""1,275,600,000"",""65,000,000"",""-"",""923,932,000"",""336,454,000"",""7,036,000"",""478,307,500"",""915,558,491"",""10,415,688,216"",""69,752,674,923"",""14.9""]",2026-08-28T22:20:04.397Z
2025,0000141,대학,사립,서울,,숙명여자대학교,"[""2025"",""0000141"",""숙명여자대학교"",""사립"",""서울"",""대학"",""41,110,587,122"",""16,226,961,700"",""19,323,593,000"",""1,270,000,000"",""2,085,245,000"",""565,400,000"",""-"",""89,570,000"",""18,000,000"",""1,593,971,150"",""3,850,922,833"",""53,680,327,405"",""111,261,729,435"",""48.2""]",2026-08-28T22:20:04.397Z
2025,0000020,대학,국립,전남,,국립순천대학교,"[""2025"",""0000020"",""국립순천대학교"",""국립"",""전남"",""대학"",""137,334,153,462"",""13,097,797,887"",""8,391,495,969"",""878,166,921"",""1,177,705,000"",""280,000,000"",""83,000,000"",""416,324,500"",""1,011,912,670"",""3,664,165,531"",""45,763,636,040"",""185,902,762,206"","""",""""]",2026-08-28T22:20:04.397Z
2025,0000142,대학,사립,충남,,순천향대학교,"[""2025"",""0000142"",""순천향대학교"",""사립"",""충남"",""대학"",""72,722,109,584"",""23,152,336,230"",""22,614,806,000"",""1,957,400,000"",""7,702,966,667"",""2,958,500,000"",""6,358,526,520"",""213,003,000"",""63,102,000"",""2,000,530,000"",""16,113,759,644"",""109,552,367,185"",""95,953,782,820"",""114.2""]",2026-08-28T22:20:04.397Z
2025,0000143,대학,사립,서울,,숭실대학교,"[""2025"",""0000143"",""숭실대학교"",""사립"",""서울"",""대학"",""54,384,056,656"",""22,693,038,068"",""23,376,952,839"",""538,600,000"",""4,044,790,000"",""85,000,000"",""1,050,000,000"",""819,609,000"",""14,258,000"",""2,347,392,000"",""2,708,738,520"",""66,676,358,947"",""152,333,808,300"",""43.8""]",2026-08-28T22:20:04.397Z
2025,0000233,대학,사립,경기,,화성의과학대학교,"[""2025"",""0000233"",""화성의과학대학교"",""사립"",""경기"",""대학"",""1,532,800,638"",""1,356,151,180"",""119,957,000"",""-"",""-"",""-"",""-"",""-"",""-"",""4,585,340"",""398,010,000"",""699,201,798"",""3,995,023,715"",""17.5""]",2026-08-28T22:20:04.397Z
2025,0000144,대학,사립,부산,,신라대학교,"[""2025"",""0000144"",""신라대학교"",""사립"",""부산"",""대학"",""31,174,686,913"",""16,701,326,880"",""496,378,000"",""570,184,000"",""207,040,000"",""262,000,000"",""16,500,000"",""74,375,000"",""34,910,000"",""144,817,500"",""7,131,653,300"",""23,411,217,833"",""49,538,388,580"",""47.3""]",2026-08-28T22:20:04.397Z
2025,0002712,대학,사립,경기,,신한대학교,"[""2025"",""0002712"",""신한대학교"",""사립"",""경기"",""대학"",""25,422,384,213"",""16,798,456,103"",""1,102,710,000"",""-"",""117,700,000"",""-"",""-"",""-"",""29,000,000"",""1,069,442,500"",""1,438,250,848"",""12,381,031,458"",""70,488,595,701"",""17.6""]",2026-08-28T22:20:04.397Z
2025,0000145,대학,사립,경기,,아신대학교,"[""2025"",""0000145"",""아신대학교"",""사립"",""경기"",""대학"",""1,110,018,600"",""774,575,334"",""-"",""-"",""-"",""-"",""-"",""-"",""-"",""3,450,000"",""2,300,914"",""341,194,180"",""4,868,257,000"",""7.0""]",2026-08-28T22:20:04.397Z
2025,0000146,대학,사립,경기,,아주대학교,"[""2025"",""0000146"",""아주대학교"",""사립"",""경기"",""대학"",""62,380,512,389"",""15,352,724,050"",""51,928,158,000"",""1,484,037,470"",""8,167,460,000"",""14,664,454,000"",""232,657,000"",""60,000,000"",""28,624,000"",""5,797,923,049"",""9,905,695,299"",""139,296,797,157"",""140,558,584,250"",""99.1""]",2026-08-28T22:20:04.397Z
2025,0000021,대학,국립,경북,,국립경국대학교,"[""2025"",""0000021"",""국립경국대학교"",""국립"",""경북"",""대학"",""135,546,269,808"",""9,861,215,567"",""3,006,981,600"",""585,100,000"",""1,053,568,000"",""-"",""-"",""60,000,000"",""865,429,000"",""2,241,430,000"",""57,671,400,098"",""191,168,962,939"","""",""""]",2026-08-28T22:20:04.397Z
2025,0000147,대학,사립,경기,,안양대학교,"[""2025"",""0000147"",""안양대학교"",""사립"",""경기"",""대학"",""19,571,817,655"",""11,281,910,000"",""406,412,000"",""720,000,000"",""80,000,000"",""-"",""72,550,000"",""-"",""-"",""1,575,631,500"",""1,385,514,412"",""12,530,015,567"",""39,977,414,533"",""31.3""]",2026-08-28T22:20:04.397Z
2025,0000149,대학,사립,서울,,연세대학교,"[""2025"",""0000149"",""연세대학교"",""사립"",""서울"",""대학"",""141,647,653,987"",""23,972,959,133"",""221,335,757,550"",""-"",""41,340,666,000"",""50,214,226,000"",""2,130,779,200"",""408,000,000"",""623,686,000"",""23,958,883,720"",""4,723,556,712"",""462,410,250,036"",""74,834,322,991"",""617.9""]",2026-08-28T22:20:04.397Z
2025,0000150,대학,사립,강원,,연세대학교(미래),"[""2025"",""0000150"",""연세대학교(미래)"",""사립"",""강원"",""대학"",""45,225,106,931"",""12,320,258,600"",""7,146,663,000"",""-"",""2,836,119,000"",""2,762,225,000"",""-"",""50,000,000"",""75,523,000"",""2,039,612,250"",""16,006,469,566"",""63,821,460,147"",""382,812,248,435"",""16.7""]",2026-08-28T22:20:04.397Z
2025,0000151,대학,사립,경북,,영남대학교,"[""2025"",""0000151"",""영남대학교"",""사립"",""경북"",""대학"",""114,550,152,986"",""49,035,708,070"",""25,086,474,846"",""1,718,882,343"",""3,881,037,667"",""448,000,000"",""207,477,000"",""192,712,000"",""1,120,601,000"",""1,995,018,452"",""26,958,081,444"",""127,122,729,668"",""181,386,889,900"",""70.1""]",2026-08-28T22:20:04.397Z
2025,0000153,대학,사립,경북,,영남신학대학교,"[""2025"",""0000153"",""영남신학대학교"",""사립"",""경북"",""대학"",""2,130,293,899"",""1,415,440,200"",""-"",""-"",""-"",""-"",""-"",""-"",""-"",""11,298,910"",""500,000,000"",""1,226,152,609"",""4,031,899,700"",""30.4""]",2026-08-28T22:20:04.397Z
2025,0003193,대학,사립,부산,,영산대학교,"[""2025"",""0003193"",""영산대학교"",""사립"",""부산"",""대학"",""27,705,447,621"",""15,384,416,110"",""-"",""826,600,000"",""-"",""200,000,000"",""24,000,000"",""-"",""24,000,000"",""240,753,000"",""7,244,875,227"",""20,881,259,738"",""40,590,978,790"",""51.4""]",2026-08-28T22:20:04.397Z
2025,0000228,대학,사립,전북,,예수대학교,"[""2025"",""0000228"",""예수대학교"",""사립"",""전북"",""대학"",""4,164,585,743"",""1,450,727,500"",""-"",""-"",""-"",""-"",""-"",""-"",""-"",""3,636,500"",""1,051,000,000"",""3,768,494,743"",""3,532,346,073"",""106.7""]",2026-08-28T22:20:04.397Z
2025,0000218,대학,사립,전북,,예원예술대학교,"[""2025"",""0000218"",""예원예술대학교"",""사립"",""전북"",""대학"",""2,838,991,831"",""2,421,874,333"",""-"",""-"",""-"",""-"",""-"",""-"",""-"",""16,630,000"",""178,554,261"",""612,301,759"",""12,318,284,775"",""5.0""]",2026-08-28T22:20:04.397Z
2025,0000156,대학,사립,경기,,용인대학교,"[""2025"",""0000156"",""용인대학교"",""사립"",""경기"",""대학"",""19,813,837,508"",""12,709,875,000"",""141,881,000"",""-"",""-"",""-"",""16,000,000"",""-"",""6,525,000"",""478,871,910"",""1,530,781,530"",""9,278,021,948"",""48,724,079,000"",""19.0""]",2026-08-28T22:20:04.397Z
2025,0000157,대학,사립,전북,,우석대학교,"[""2025"",""0000157"",""우석대학교"",""사립"",""전북"",""대학"",""41,136,554,238"",""16,809,766,902"",""2,228,947,800"",""1,042,000,000"",""383,000,000"",""900,000,000"",""21,500,000"",""18,000,000"",""45,382,500"",""1,423,364,119"",""17,260,334,965"",""47,649,316,720"",""57,178,346,897"",""83.3""]",2026-08-28T22:20:04.397Z
2025,0000240,대학,사립,대전,,우송대학교,"[""2025"",""0000240"",""우송대학교"",""사립"",""대전"",""대학"",""43,705,257,758"",""22,047,390,857"",""2,616,841,000"",""-"",""-"",""15,000,000"",""-"",""150,000,000"",""30,607,000"",""308,009,660"",""6,233,095,755"",""31,011,420,316"",""81,112,926,919"",""38.2""]",2026-08-28T22:20:04.397Z
2025,0000250,대학,특별법법인,울산,,울산과학기술원,"[""2025"",""0000250"",""울산과학기술원"",""특별법법인"",""울산"",""대학"",""13,875,722,160"",""2,509,715,330"",""211,674,805,600"",""-"",""10,538,367,333"",""1,098,692,000"",""-"",""123,000,000"",""-"",""6,369,580,000"",""10,905,709,365"",""252,076,161,128"","""",""""]",2026-08-28T22:20:04.397Z
2025,0000158,대학,사립,울산,,울산대학교,"[""2025"",""0000158"",""울산대학교"",""사립"",""울산"",""대학"",""87,378,742,175"",""20,816,555,481"",""27,450,271,000"",""512,000,000"",""6,019,682,333"",""3,499,600,000"",""165,848,000"",""76,250,000"",""-"",""3,632,538,740"",""50,031,421,337"",""157,949,798,104"",""95,412,342,924"",""165.5""]",2026-08-28T22:20:04.397Z
2025,0000159,대학,사립,전북,,원광대학교,"[""2025"",""0000159"",""원광대학교"",""사립"",""전북"",""대학"",""80,824,843,454"",""31,931,340,571"",""9,145,019,000"",""1,796,000,000"",""642,000,000"",""1,520,759,000"",""13,391,000"",""57,500,000"",""621,477,500"",""2,374,028,500"",""42,303,987,594"",""107,367,665,477"",""107,518,792,470"",""99.9""]",2026-08-28T22:20:04.397Z
2025,0000160,대학,사립,경북,,위덕대학교,"[""2025"",""0000160"",""위덕대학교"",""사립"",""경북"",""대학"",""12,072,177,408"",""6,263,137,364"",""-"",""261,600,000"",""-"",""-"",""-"",""-"",""-"",""183,245,000"",""4,508,016,720"",""10,761,901,764"",""14,375,516,853"",""74.9""]",2026-08-28T22:20:04.397Z
2025,0000154,대학,사립,충북,,유원대학교,"[""2025"",""0000154"",""유원대학교"",""사립"",""충북"",""대학"",""19,754,289,516"",""14,677,170,001"",""-"",""-"",""-"",""-"",""128,000,000"",""-"",""6,440,000"",""102,400,000"",""2,921,638,649"",""8,235,598,164"",""27,076,172,210"",""30.4""]",2026-08-28T22:20:04.397Z
2025,0000161,대학,사립,대전,,을지대학교,"[""2025"",""0000161"",""을지대학교"",""사립"",""대전"",""대학"",""21,604,769,934"",""10,816,810,100"",""2,727,632,000"",""-"",""844,200,000"",""641,000,000"",""611,863,000"",""25,000,000"",""-"",""1,152,129,800"",""2,754,801,360"",""19,544,585,994"",""43,361,525,109"",""45.1""]",2026-08-28T22:20:04.397Z
2025,0000163,대학,사립,서울,,이화여자대학교,"[""2025"",""0000163"",""이화여자대학교"",""사립"",""서울"",""대학"",""68,513,517,226"",""20,587,703,600"",""73,567,904,300"",""-"",""1,917,666,667"",""5,273,728,000"",""863,600,000"",""105,000,000"",""865,606,700"",""8,238,231,500"",""3,558,029,490"",""142,315,580,283"",""231,604,044,000"",""61.4""]",2026-08-28T22:20:04.397Z
2025,0000164,대학,사립,경남,,인제대학교,"[""2025"",""0000164"",""인제대학교"",""사립"",""경남"",""대학"",""56,432,063,830"",""16,414,648,840"",""9,149,923,000"",""1,581,945,240"",""1,068,733,333"",""781,500,000"",""86,000,000"",""256,000,000"",""63,961,000"",""750,003,500"",""26,194,640,913"",""79,950,121,976"",""60,693,588,130"",""131.7""]",2026-08-28T22:20:04.397Z
2025,0000168,대학,사립,인천,,인천가톨릭대학교,"[""2025"",""0000168"",""인천가톨릭대학교"",""사립"",""인천"",""대학"",""4,765,026,584"",""1,706,041,850"",""-"",""-"",""-"",""200,000,000"",""17,000,000"",""-"",""-"",""-"",""1,355,886,281"",""4,631,871,015"",""6,399,097,806"",""72.4""]",2026-08-28T22:20:04.397Z
2025,0002660,대학,국립대법인,인천,,인천대학교,"[""2025"",""0002660"",""인천대학교"",""국립대법인"",""인천"",""대학"",""179,125,364,388"",""24,800,219,306"",""18,372,804,789"",""1,429,369,770"",""4,703,079,000"",""240,000,000"",""36,500,000"",""163,750,000"",""304,546,000"",""5,791,925,000"",""28,797,386,989"",""214,164,506,630"","""",""""]",2026-08-28T22:20:04.397Z
2025,0000169,대학,사립,인천,,인하대학교,"[""2025"",""0000169"",""인하대학교"",""사립"",""인천"",""대학"",""102,095,598,944"",""32,318,677,335"",""55,200,420,000"",""1,408,273,749"",""13,865,491,000"",""839,640,000"",""7,477,914,750"",""689,183,000"",""397,000,000"",""12,152,910,000"",""12,127,540,407"",""173,935,294,515"",""192,161,787,533"",""90.5""]",2026-08-28T22:20:04.397Z
2025,0000170,대학,사립,서울,,장로회신학대학교,"[""2025"",""0000170"",""장로회신학대학교"",""사립"",""서울"",""대학"",""3,294,867,230"",""1,955,363,820"",""-"",""-"",""-"",""-"",""-"",""-"",""-"",""5,736,500"",""1,023,927"",""1,346,263,837"",""16,837,790,160"",""8.0""]",2026-08-28T22:20:04.397Z
2025,0000023,대학,국립,광주,,전남대학교,"[""2025"",""0000023"",""전남대학교"",""국립"",""광주"",""대학"",""423,408,314,454"",""38,262,001,300"",""70,278,567,728"",""2,387,897,640"",""8,955,216,000"",""1,387,000,000"",""421,670,000"",""2,187,668,000"",""7,336,257,537"",""19,126,974,580"",""36,113,951,850"",""533,341,516,489"","""",""""]",2026-08-28T22:20:04.397Z
2025,0000025,대학,국립,전북,,전북대학교,"[""2025"",""0000025"",""전북대학교"",""국립"",""전북"",""대학"",""391,113,193,147"",""33,801,871,889"",""45,075,991,467"",""-"",""8,765,912,653"",""1,093,000,000"",""625,888,000"",""3,398,500,000"",""5,545,376,880"",""13,290,134,084"",""67,550,427,237"",""502,656,551,579"","""",""""]",2026-08-28T22:20:04.397Z
2025,0000171,대학,사립,전북,,전주대학교,"[""2025"",""0000171"",""전주대학교"",""사립"",""전북"",""대학"",""60,448,839,098"",""26,322,724,365"",""982,725,902"",""1,312,000,000"",""2,284,000,000"",""47,500,000"",""217,565,000"",""981,087,500"",""860,240,300"",""676,656,758"",""19,046,280,148"",""60,534,170,341"",""69,040,119,089"",""87.7""]",2026-08-28T22:20:04.397Z
2025,0000248,대학,사립,제주,,제주국제대학교,"[""2025"",""0000248"",""제주국제대학교"",""사립"",""제주"",""대학"",""46,355,763"",""2,200,000"",""-"",""-"",""-"",""-"",""42,500,000"",""-"",""-"",""5,724,000"",""-"",""92,379,763"",""2,217,990,000"",""4.2""]",2026-08-28T22:20:04.397Z
2025,0000027,대학,국립,제주,,제주대학교,"[""2025"",""0000027"",""제주대학교"",""국립"",""제주"",""대학"",""237,271,604,535"",""17,730,666,720"",""13,809,436,669"",""512,000,000"",""2,147,100,000"",""446,000,000"",""76,800,000"",""143,000,000"",""1,697,364,000"",""10,072,044,964"",""36,790,104,927"",""285,234,788,375"","""",""""]",2026-08-28T22:20:04.397Z
2025,0000172,대학,사립,광주,,조선대학교,"[""2025"",""0000172"",""조선대학교"",""사립"",""광주"",""대학"",""112,187,535,106"",""49,667,113,076"",""21,181,319,004"",""1,535,600,000"",""3,994,326,000"",""874,634,000"",""212,316,000"",""833,500,000"",""19,070,000"",""6,396,058,811"",""18,980,525,808"",""116,547,771,653"",""139,707,834,793"",""83.4""]",2026-08-28T22:20:04.397Z
2025,0000173,대학,사립,충남,,중부대학교,"[""2025"",""0000173"",""중부대학교"",""사립"",""충남"",""대학"",""27,706,546,109"",""16,934,099,470"",""591,838,000"",""220,614,000"",""-"",""-"",""14,000,000"",""12,750,000"",""-"",""1,027,564,500"",""5,686,593,192"",""18,325,806,331"",""66,504,363,590"",""27.6""]",2026-08-28T22:20:04.397Z
2025,0000175,대학,사립,서울,,중앙대학교,"[""2025"",""0000175"",""중앙대학교"",""사립"",""서울"",""대학"",""92,937,890,253"",""36,408,087,000"",""73,534,759,338"",""-"",""10,418,033,667"",""4,071,090,000"",""2,364,550,000"",""77,000,000"",""1,521,619,000"",""12,249,562,369"",""7,596,328,354"",""168,362,745,981"",""279,615,742,600"",""60.2""]",2026-08-28T22:20:04.397Z
2025,0000177,대학,사립,경기,,중앙승가대학교,"[""2025"",""0000177"",""중앙승가대학교"",""사립"",""경기"",""대학"",""38,310,000"",""38,310,000"",""-"",""-"",""-"",""-"",""-"",""-"",""-"",""910,000"",""2,501,000,000"",""2,501,910,000"",""499,946,667"",""500.4""]",2026-08-28T22:20:04.397Z
2025,0000239,대학,사립,충북,,중원대학교,"[""2025"",""0000239"",""중원대학교"",""사립"",""충북"",""대학"",""18,491,308,399"",""9,695,782,070"",""192,857,000"",""-"",""100,000,000"",""-"",""52,804,300"",""506,636,000"",""-"",""48,874,500"",""6,564,897,579"",""16,261,595,708"",""24,615,284,252"",""66.1""]",2026-08-28T22:20:04.397Z
2025,0000187,대학,사립,경기,,차의과학대학교,"[""2025"",""0000187"",""차의과학대학교"",""사립"",""경기"",""대학"",""15,278,912,771"",""4,890,966,440"",""9,586,480,000"",""-"",""751,811,000"",""4,978,300,000"",""150,000,000"",""55,000,000"",""-"",""283,817,500"",""2,732,159,024"",""28,925,513,855"",""30,156,365,690"",""95.9""]",2026-08-28T22:20:04.397Z
2025,0000249,대학,사립,경남,,창신대학교,"[""2025"",""0000249"",""창신대학교"",""사립"",""경남"",""대학"",""13,427,465,816"",""4,768,760,147"",""-"",""-"",""-"",""-"",""-"",""83,214,220"",""-"",""84,382,500"",""4,406,896,574"",""13,233,198,963"",""13,224,055,284"",""100.1""]",2026-08-28T22:20:04.397Z
2025,0000028,대학,국립,경남,,국립창원대학교,"[""2025"",""0000028"",""국립창원대학교"",""국립"",""경남"",""대학"",""151,807,889,310"",""16,850,781,360"",""10,511,041,630"",""1,364,000,000"",""2,993,280,000"",""-"",""-"",""1,837,750,000"",""4,520,500"",""2,753,632,150"",""27,100,191,842"",""181,521,524,072"","""",""""]",2026-08-28T22:20:04.397Z
2025,0000179,대학,사립,충북,,청주대학교,"[""2025"",""0000179"",""청주대학교"",""사립"",""충북"",""대학"",""51,993,857,221"",""25,870,334,488"",""1,840,024,000"",""1,592,400,000"",""1,716,000,000"",""-"",""181,300,000"",""85,000,000"",""-"",""618,607,760"",""13,187,639,400"",""45,344,493,893"",""113,144,963,394"",""40.1""]",2026-08-28T22:20:04.397Z
2025,0000246,대학,사립,전남,,초당대학교,"[""2025"",""0000246"",""초당대학교"",""사립"",""전남"",""대학"",""14,142,955,273"",""6,295,670,020"",""92,082,000"",""61,600,000"",""-"",""-"",""80,000,000"",""-"",""-"",""27,600,000"",""5,095,958,000"",""13,204,525,253"",""15,217,084,250"",""86.8""]",2026-08-28T22:20:04.397Z
2025,0000180,대학,사립,서울,,총신대학교,"[""2025"",""0000180"",""총신대학교"",""사립"",""서울"",""대학"",""6,678,313,606"",""4,649,442,620"",""-"",""-"",""-"",""10,000,000"",""-"",""-"",""-"",""179,838,489"",""17,241,504,590"",""19,460,214,065"",""24,098,267,944"",""80.8""]",2026-08-28T22:20:04.397Z
2025,0000181,대학,사립,서울,,추계예술대학교,"[""2025"",""0000181"",""추계예술대학교"",""사립"",""서울"",""대학"",""4,800,322,166"",""2,462,801,830"",""-"",""-"",""-"",""-"",""220,000,000"",""-"",""-"",""25,892,000"",""19,411,984"",""2,602,824,320"",""12,949,241,223"",""20.1""]",2026-08-28T22:20:04.397Z
2025,0000029,대학,국립,대전,,충남대학교,"[""2025"",""0000029"",""충남대학교"",""국립"",""대전"",""대학"",""345,915,656,935"",""31,032,542,680"",""65,093,567,909"",""523,200,000"",""12,093,180,533"",""1,236,500,000"",""785,723,000"",""909,105,000"",""7,091,117,960"",""16,262,547,251"",""26,067,779,538"",""444,945,835,446"","""",""""]",2026-08-28T22:20:04.397Z
2025,0000030,대학,국립,충북,,충북대학교,"[""2025"",""0000030"",""충북대학교"",""국립"",""충북"",""대학"",""327,443,865,363"",""24,163,845,700"",""37,381,141,296"",""-"",""4,408,083,333"",""421,500,000"",""155,550,000"",""2,154,850,500"",""3,520,152,920"",""12,470,803,013"",""50,576,803,449"",""414,368,904,174"","""",""""]",2026-08-28T22:20:04.397Z
2025,0000184,대학,사립,경기,,칼빈대학교,"[""2025"",""0000184"",""칼빈대학교"",""사립"",""경기"",""대학"",""1,199,296,433"",""957,391,300"",""-"",""-"",""-"",""-"",""-"",""-"",""-"",""5,976,000"",""193,609,323"",""441,490,456"",""13,542,992,200"",""3.3""]",2026-08-28T22:20:04.397Z
2025,0000079,대학,사립,서울,,강서대학교,"[""2025"",""0000079"",""강서대학교"",""사립"",""서울"",""대학"",""4,907,802,358"",""2,980,947,250"",""282,180,000"",""-"",""-"",""-"",""-"",""-"",""-"",""21,554,160"",""1,077,869,319"",""3,308,458,587"",""13,469,121,832"",""24.6""]",2026-08-28T22:20:04.397Z
2025,0000186,대학,사립,경기,,평택대학교,"[""2025"",""0000186"",""평택대학교"",""사립"",""경기"",""대학"",""12,918,413,077"",""6,887,959,335"",""23,938,000"",""67,200,000"",""-"",""-"",""-"",""147,052,500"",""-"",""16,185,500"",""1,311,839,228"",""7,596,668,970"",""27,350,481,446"",""27.8""]",2026-08-28T22:20:04.397Z
2025,0000188,대학,사립,경북,,포항공과대학교,"[""2025"",""0000188"",""포항공과대학교"",""사립"",""경북"",""대학"",""69,311,120,613"",""2,651,975,000"",""205,318,658,552"",""-"",""18,096,285,667"",""2,947,500,000"",""20,000,000"",""85,000,000"",""836,439,400"",""4,596,379,000"",""37,057,708,487"",""335,617,116,719"",""28,018,771,000"",""1,197.8""]",2026-08-28T22:20:04.397Z
2025,0000037,대학,국립,경기,,한경국립대학교,"[""2025"",""0000037"",""한경국립대학교"",""국립"",""경기"",""대학"",""107,419,078,755"",""11,022,914,778"",""1,853,240,332"",""706,000,000"",""572,000,000"",""30,000,000"",""247,500,000"",""97,180,000"",""1,486,846,880"",""5,528,708,826"",""1,266,559,248"",""108,184,199,263"","""",""""]",2026-08-28T22:20:04.397Z
2025,0000247,대학,사립,경기,,한국공학대학교,"[""2025"",""0000247"",""한국공학대학교"",""사립"",""경기"",""대학"",""38,592,209,054"",""14,157,437,230"",""7,271,175,000"",""3,289,809,381"",""17,072,731,333"",""215,000,000"",""45,000,000"",""1,142,164,000"",""-"",""65,135,000"",""4,835,000,304"",""58,370,786,842"",""67,328,340,360"",""86.7""]",2026-08-28T22:20:04.397Z
2025,0000374,대학,특별법법인,대전,,한국과학기술원,"[""2025"",""0000374"",""한국과학기술원"",""특별법법인"",""대전"",""대학"",""23,492,343,053"",""3,656,398,000"",""558,440,707,291"",""343,806,000"",""27,188,590,333"",""9,818,602,000"",""2,630,000,000"",""1,173,250,000"",""-"",""30,351,615,411"",""4,406,071,084"",""654,188,587,172"","""",""""]",2026-08-28T22:20:04.397Z
2025,0000031,대학,국립,충북,,한국교원대학교,"[""2025"",""0000031"",""한국교원대학교"",""국립"",""충북"",""대학"",""84,110,155,422"",""3,387,741,320"",""1,350,487,000"",""-"",""-"",""-"",""115,000,000"",""-"",""-"",""170,000,000"",""9,295,716,128"",""91,653,617,230"","""",""""]",2026-08-28T22:20:04.397Z
2025,0000034,대학,국립,충북,,국립한국교통대학교,"[""2025"",""0000034"",""국립한국교통대학교"",""국립"",""충북"",""대학"",""121,420,513,251"",""16,848,445,236"",""6,227,066,000"",""1,417,040,700"",""1,340,186,000"",""200,000,000"",""-"",""1,355,150,000"",""-"",""1,485,439,110"",""35,278,749,859"",""151,875,699,684"","""",""""]",2026-08-28T22:20:04.397Z
2025,0000189,대학,사립,충남,,한국기술교육대학교,"[""2025"",""0000189"",""한국기술교육대학교"",""사립"",""충남"",""대학"",""31,577,929,629"",""7,470,894,620"",""4,261,727,000"",""123,287,870,440"",""4,573,400,000"",""-"",""-"",""110,500,000"",""4,887,000"",""36,194,000"",""9,147,289,698"",""165,528,903,147"",""20,214,328,805"",""818.9""]",2026-08-28T22:20:04.397Z
2025,0000191,대학,사립,서울,,한국성서대학교,"[""2025"",""0000191"",""한국성서대학교"",""사립"",""서울"",""대학"",""5,079,254,846"",""2,647,176,700"",""11,862,000"",""-"",""-"",""-"",""-"",""-"",""-"",""8,857,500"",""52,411,040"",""2,505,208,686"",""7,560,413,100"",""33.1""]",2026-08-28T22:20:04.397Z
2025,0003139,대학,특별법법인,전남,,한국에너지공과대학교,"[""2025"",""0003139"",""한국에너지공과대학교"",""특별법법인"",""전남"",""대학"",""1,780,044,778"",""605,850,000"",""4,679,116,000"",""-"",""5,396,255,000"",""-"",""-"",""-"",""-"",""353,000,000"",""10,321,000,000"",""21,923,565,778"","""",""""]",2026-08-28T22:20:04.397Z
2025,0000192,대학,사립,서울,,한국외국어대학교,"[""2025"",""0000192"",""한국외국어대학교"",""사립"",""서울"",""대학"",""55,244,458,636"",""25,983,233,035"",""2,902,022,079"",""1,460,000,000"",""362,100,000"",""30,000,000"",""348,000,000"",""15,000,000"",""6,099,000"",""2,923,536,500"",""2,638,002,560"",""39,945,985,740"",""154,773,102,000"",""25.8""]",2026-08-28T22:20:04.397Z
2025,0003022,대학,특별법국립,충남,,한국전통문화대학교,"[""2025"",""0003022"",""한국전통문화대학교"",""특별법국립"",""충남"",""대학"",""1,369,101,259"",""638,958,500"",""22,500,000"",""-"",""-"",""-"",""284,000,000"",""-"",""-"",""35,828,996,000"",""1,966,078,000"",""38,831,716,759"","""",""""]",2026-08-28T22:20:04.397Z
2025,0000032,대학,국립,서울,,한국체육대학교,"[""2025"",""0000032"",""한국체육대학교"",""국립"",""서울"",""대학"",""61,660,884,800"",""4,453,215,960"",""-"",""-"",""-"",""-"",""-"",""-"",""-"",""-"",""38,789,321"",""57,246,458,161"","""",""""]",2026-08-28T22:20:04.397Z
2025,0000182,대학,사립,대전,,한국침례신학대학교,"[""2025"",""0000182"",""한국침례신학대학교"",""사립"",""대전"",""대학"",""4,544,095,324"",""2,241,716,100"",""-"",""-"",""-"",""-"",""-"",""-"",""-"",""23,181,400"",""21,710,478"",""2,347,271,102"",""7,585,683,280"",""30.9""]",2026-08-28T22:20:04.397Z
2025,0000194,대학,사립,경기,,한국항공대학교,"[""2025"",""0000194"",""한국항공대학교"",""사립"",""경기"",""대학"",""23,431,506,255"",""6,981,763,150"",""4,201,531,000"",""650,000,000"",""5,005,053,000"",""-"",""10,000,000"",""41,965,000"",""-"",""4,229,634,000"",""2,916,238,332"",""33,504,164,437"",""44,033,386,025"",""76.1""]",2026-08-28T22:20:04.397Z
2025,0000033,대학,국립,부산,,국립한국해양대학교,"[""2025"",""0000033"",""국립한국해양대학교"",""국립"",""부산"",""대학"",""136,923,277,986"",""12,188,871,660"",""6,236,680,000"",""703,202,800"",""2,670,622,000"",""-"",""-"",""1,152,059,000"",""115,638,970"",""5,085,674,000"",""14,681,137,795"",""155,379,420,891"","""",""""]",2026-08-28T22:20:04.397Z
2025,0000195,대학,사립,대전,,한남대학교,"[""2025"",""0000195"",""한남대학교"",""사립"",""대전"",""대학"",""62,465,864,268"",""26,549,940,743"",""2,675,760,740"",""2,013,120,000"",""1,356,000,000"",""114,000,000"",""28,300,000"",""2,008,200,000"",""17,681,760"",""462,588,920"",""9,486,117,124"",""54,077,692,069"",""84,556,581,138"",""64.0""]",2026-08-28T22:20:04.397Z
2025,0000196,대학,사립,경북,,한동대학교,"[""2025"",""0000196"",""한동대학교"",""사립"",""경북"",""대학"",""37,955,986,784"",""10,386,020,290"",""3,076,981,789"",""246,700,000"",""160,000,000"",""210,000,000"",""484,664,000"",""84,450,000"",""-"",""52,097,495"",""21,549,399,253"",""53,434,259,031"",""32,012,593,828"",""166.9""]",2026-08-28T22:20:04.397Z
2025,0000197,대학,사립,강원,,한라대학교,"[""2025"",""0000197"",""한라대학교"",""사립"",""강원"",""대학"",""17,352,168,121"",""6,628,883,485"",""1,308,543,000"",""618,000,000"",""110,000,000"",""121,000,000"",""5,000,000"",""253,520,000"",""-"",""159,980,130"",""10,254,151,572"",""23,553,479,338"",""19,909,360,210"",""118.3""]",2026-08-28T22:20:04.397Z
2025,0000198,대학,사립,강원,,한림대학교,"[""2025"",""0000198"",""한림대학교"",""사립"",""강원"",""대학"",""64,654,776,859"",""17,122,660,240"",""17,283,954,000"",""492,400,000"",""973,514,987"",""7,003,950,740"",""539,679,000"",""-"",""154,876,000"",""7,324,622,230"",""43,463,967,306"",""124,769,080,882"",""61,713,119,650"",""202.2""]",2026-08-28T22:20:04.397Z
2025,0000039,대학,국립,대전,,국립한밭대학교,"[""2025"",""0000039"",""국립한밭대학교"",""국립"",""대전"",""대학"",""115,456,220,188"",""16,154,558,350"",""13,805,234,970"",""1,914,847,750"",""2,383,500,000"",""32,250,000"",""-"",""1,035,584,500"",""205,294,680"",""1,096,577,780"",""9,835,107,600"",""129,610,059,118"","""",""""]",2026-08-28T22:20:04.397Z
2025,0000199,대학,사립,충남,,한서대학교,"[""2025"",""0000199"",""한서대학교"",""사립"",""충남"",""대학"",""38,091,693,012"",""14,629,924,368"",""767,463,000"",""-"",""1,118,500,000"",""-"",""8,000,000"",""230,000,000"",""-"",""727,791,500"",""14,173,497,326"",""40,487,020,470"",""51,116,529,706"",""79.2""]",2026-08-28T22:20:04.397Z
2025,0000200,대학,사립,서울,,한성대학교,"[""2025"",""0000200"",""한성대학교"",""사립"",""서울"",""대학"",""30,981,763,748"",""16,166,652,798"",""2,525,339,000"",""1,286,800,000"",""120,000,000"",""-"",""2,800,000"",""707,996,500"",""-"",""542,734,660"",""2,747,276,377"",""22,748,057,487"",""62,243,419,038"",""36.5""]",2026-08-28T22:20:04.397Z
2025,0000201,대학,사립,경기,,한세대학교,"[""2025"",""0000201"",""한세대학교"",""사립"",""경기"",""대학"",""8,400,293,083"",""5,557,903,000"",""18,544,000"",""277,000,000"",""-"",""-"",""5,000,000"",""-"",""-"",""37,359,000"",""373,218,704"",""3,553,511,787"",""24,366,190,500"",""14.6""]",2026-08-28T22:20:04.397Z
2025,0000202,대학,사립,경기,,한신대학교,"[""2025"",""0000202"",""한신대학교"",""사립"",""경기"",""대학"",""20,423,851,124"",""11,884,914,403"",""1,227,111,000"",""1,852,364,000"",""25,000,000"",""-"",""42,278,400"",""-"",""-"",""55,703,100"",""497,617,699"",""12,239,010,920"",""38,305,087,647"",""32.0""]",2026-08-28T22:20:04.397Z
2025,0000203,대학,사립,서울,,한양대학교,"[""2025"",""0000203"",""한양대학교"",""사립"",""서울"",""대학"",""78,276,468,892"",""22,093,681,350"",""132,647,690,832"",""-"",""25,068,083,334"",""5,902,840,000"",""2,037,194,500"",""1,828,214,000"",""566,419,000"",""13,533,733,308"",""9,779,907,940"",""247,546,870,456"",""271,480,463,182"",""91.2""]",2026-08-28T22:20:04.397Z
2025,0000204,대학,사립,경기,,한양대학교(ERICA),"[""2025"",""0000204"",""한양대학교(ERICA)"",""사립"",""경기"",""대학"",""70,148,066,597"",""19,700,222,333"",""23,762,952,670"",""400,000,000"",""10,206,311,667"",""515,050,000"",""956,288,000"",""206,000,000"",""-"",""2,811,304,000"",""5,715,299,000"",""95,021,049,601"",""132,825,172,310"",""71.5""]",2026-08-28T22:20:04.397Z
2025,0000206,대학,사립,전북,,한일장신대학교,"[""2025"",""0000206"",""한일장신대학교"",""사립"",""전북"",""대학"",""2,481,916,637"",""1,731,415,000"",""-"",""-"",""-"",""-"",""-"",""-"",""-"",""19,470,000"",""2,026,850"",""771,998,487"","""",""""]",2026-08-28T22:20:04.397Z
2025,0000207,대학,사립,경기,,협성대학교,"[""2025"",""0000207"",""협성대학교"",""사립"",""경기"",""대학"",""11,914,274,943"",""9,373,314,083"",""438,937,000"",""416,118,000"",""-"",""-"",""-"",""-"",""-"",""381,034,000"",""589,329,509"",""4,366,379,369"",""29,260,905,009"",""14.9""]",2026-08-28T22:20:04.397Z
2025,0000208,대학,사립,광주,,호남대학교,"[""2025"",""0000208"",""호남대학교"",""사립"",""광주"",""대학"",""39,289,448,509"",""17,948,047,830"",""55,000,000"",""962,000,000"",""120,000,000"",""-"",""17,500,000"",""85,000,000"",""-"",""76,613,500"",""12,487,185,700"",""35,144,699,879"",""46,774,750,190"",""75.1""]",2026-08-28T22:20:04.397Z
2025,0000209,대학,사립,광주,,호남신학대학교,"[""2025"",""0000209"",""호남신학대학교"",""사립"",""광주"",""대학"",""2,696,545,244"",""1,385,948,784"",""-"",""-"",""-"",""-"",""-"",""-"",""-"",""26,126,600"",""391,101,674"",""1,727,824,734"",""4,180,014,708"",""41.3""]",2026-08-28T22:20:04.397Z
2025,0000211,대학,사립,충남,,호서대학교,"[""2025"",""0000211"",""호서대학교"",""사립"",""충남"",""대학"",""56,368,998,810"",""29,177,127,199"",""5,465,592,000"",""-"",""2,636,580,000"",""-"",""-"",""2,778,500,000"",""-"",""4,676,732,000"",""12,234,477,592"",""54,983,753,203"",""112,102,387,776"",""49.0""]",2026-08-28T22:20:04.397Z
2025,0000212,대학,사립,서울,,홍익대학교,"[""2025"",""0000212"",""홍익대학교"",""사립"",""서울"",""대학"",""55,383,409,833"",""30,388,397,100"",""14,211,063,600"",""419,431,000"",""3,880,404,000"",""170,000,000"",""2,236,362,000"",""463,370,000"",""80,000,000"",""971,368,700"",""3,638,289,602"",""51,065,301,635"",""211,122,165,717"",""24.2""]",2026-08-28T22:20:04.397Z
2025,0000256,대학,국립,인천,,경인교육대학교,"[""2025"",""0000256"",""경인교육대학교"",""국립"",""인천"",""대학"",""43,873,634,978"",""2,670,383,000"",""90,522,000"",""-"",""-"",""30,000,000"",""157,000,000"",""-"",""12,603,000"",""-"",""4,590,086,740"",""46,083,463,718"","""",""""]",2026-08-28T22:20:04.397Z
2025,0000251,대학,국립,충남,,공주교육대학교,"[""2025"",""0000251"",""공주교육대학교"",""국립"",""충남"",""대학"",""26,248,404,536"",""1,493,525,000"",""166,500,000"",""-"",""-"",""-"",""-"",""-"",""-"",""240,800,000"",""8,037,806,710"",""33,199,986,246"","""",""""]",2026-08-28T22:20:04.397Z
2025,0000252,대학,국립,광주,,광주교육대학교,"[""2025"",""0000252"",""광주교육대학교"",""국립"",""광주"",""대학"",""29,850,180,535"",""1,893,301,000"",""47,237,500"",""-"",""-"",""-"",""-"",""37,625,000"",""-"",""-"",""4,223,154,254"",""32,264,896,289"","""",""""]",2026-08-28T22:20:04.397Z
2025,0000253,대학,국립,대구,,대구교육대학교,"[""2025"",""0000253"",""대구교육대학교"",""국립"",""대구"",""대학"",""34,997,316,303"",""2,148,916,000"",""62,336,000"",""-"",""-"",""-"",""-"",""-"",""-"",""-"",""2,407,009,000"",""35,317,745,303"","""",""""]",2026-08-28T22:20:04.397Z
2025,0000254,대학,국립,부산,,부산교육대학교,"[""2025"",""0000254"",""부산교육대학교"",""국립"",""부산"",""대학"",""39,571,694,442"",""1,662,323,000"",""53,056,000"",""-"",""-"",""-"",""-"",""-"",""-"",""30,000,000"",""10,500,031,100"",""48,492,458,542"","""",""""]",2026-08-28T22:20:04.397Z
2025,0000255,대학,국립,서울,,서울교육대학교,"[""2025"",""0000255"",""서울교육대학교"",""국립"",""서울"",""대학"",""32,301,801,329"",""1,152,287,660"",""24,420,000"",""-"",""-"",""-"",""-"",""-"",""-"",""-"",""211,565,000"",""31,385,498,669"","""",""""]",2026-08-28T22:20:04.397Z
2025,0000258,대학,국립,전북,,전주교육대학교,"[""2025"",""0000258"",""전주교육대학교"",""국립"",""전북"",""대학"",""28,522,181,752"",""1,081,323,000"",""32,814,000"",""-"",""-"",""-"",""-"",""-"",""-"",""30,000,000"",""1,290,069,254"",""28,793,742,006"","""",""""]",2026-08-28T22:20:04.397Z
2025,0000260,대학,국립,경남,,진주교육대학교,"[""2025"",""0000260"",""진주교육대학교"",""국립"",""경남"",""대학"",""31,026,540,105"",""1,528,451,480"",""222,773,000"",""-"",""-"",""-"",""2,700,000"",""-"",""-"",""27,000,000"",""1,281,837,301"",""31,032,398,926"","""",""""]",2026-08-28T22:20:04.397Z
2025,0000261,대학,국립,충북,,청주교육대학교,"[""2025"",""0000261"",""청주교육대학교"",""국립"",""충북"",""대학"",""21,595,112,961"",""1,263,475,000"",""124,150,000"",""-"",""-"",""-"",""-"",""-"",""-"",""-"",""2,494,492,930"",""22,950,280,891"","""",""""]",2026-08-28T22:20:04.397Z
2025,0000262,대학,국립,강원,,춘천교육대학교,"[""2025"",""0000262"",""춘천교육대학교"",""국립"",""강원"",""대학"",""30,155,355,979"",""1,409,458,000"",""107,565,500"",""-"",""-"",""-"",""-"",""-"",""-"",""160,000,000"",""2,489,428,500"",""31,502,891,979"","""",""""]",2026-08-28T22:20:04.397Z
2025,0000284,대학,사립,충남,,청운대학교,"[""2025"",""0000284"",""청운대학교"",""사립"",""충남"",""대학"",""31,035,339,174"",""13,824,443,450"",""377,028,000"",""492,400,000"",""-"",""40,000,000"",""150,000,000"",""280,000,000"",""-"",""88,705,160"",""7,243,170,483"",""25,882,199,367"",""39,580,687,850"",""65.4""]",2026-08-28T22:20:04.397Z
2025,0000282,대학,사립,전북,,호원대학교,"[""2025"",""0000282"",""호원대학교"",""사립"",""전북"",""대학"",""23,429,314,456"",""13,637,555,220"",""-"",""-"",""-"",""-"",""-"",""60,000,000"",""-"",""93,471,360"",""4,562,664,623"",""14,507,895,219"",""34,784,039,770"",""41.7""]",2026-08-28T22:20:04.397Z
2025,0000317,대학,사립,충북,,순복음총회신학교,"[""2025"",""0000317"",""순복음총회신학교"",""사립"",""충북"",""대학"",""563,535,290"",""511,358,300"",""-"",""-"",""-"",""-"",""-"",""-"",""-"",""9,100,000"",""111,990"",""61,388,980"",""793,128,300"",""7.7""]",2026-08-28T22:20:04.397Z
2025,0000383,대학,특별법국립,서울,,한국예술종합학교,"[""2025"",""0000383"",""한국예술종합학교"",""특별법국립"",""서울"",""대학"",""5,443,193,730"",""3,770,810,370"",""77,000,000"",""-"",""-"",""-"",""44,096,000,000"",""-"",""-"",""-"",""5,352,541"",""45,850,735,901"","""",""""]",2026-08-28T22:20:04.397Z
2025,0000273,대학,국립,서울,,한국방송통신대학교,"[""2025"",""0000273"",""한국방송통신대학교"",""국립"",""서울"",""대학"",""82,981,084,880"",""14,175,062,793"",""111,034,746"",""-"",""-"",""-"",""-"",""-"",""175,000,000"",""161,942,875"",""31,284,198"",""69,285,283,906"","""",""""]",2026-08-28T22:20:04.397Z
2025,0000335,대학,사립,대전,,건양사이버대학교,"[""2025"",""0000335"",""건양사이버대학교"",""사립"",""대전"",""대학"",""9,636,256,705"",""8,406,333,216"",""-"",""-"",""-"",""-"",""2,900,000"",""-"",""-"",""108,770,000"",""425,949,289"",""1,767,542,778"",""11,990,550,750"",""14.7""]",2026-08-28T22:20:04.397Z
2025,0000318,대학,사립,서울,,경희사이버대학교,"[""2025"",""0000318"",""경희사이버대학교"",""사립"",""서울"",""대학"",""14,167,919,331"",""13,474,892,832"",""-"",""-"",""-"",""-"",""-"",""-"",""-"",""237,683,250"",""2,716,053"",""933,425,802"",""32,535,498,502"",""2.9""]",2026-08-28T22:20:04.397Z
2025,0000328,대학,사립,서울,,고려사이버대학교,"[""2025"",""0000328"",""고려사이버대학교"",""사립"",""서울"",""대학"",""9,010,064,886"",""8,299,542,534"",""-"",""-"",""-"",""80,000,000"",""-"",""-"",""-"",""248,925,300"",""4,167,953"",""1,043,615,605"",""24,086,928,000"",""4.3""]",2026-08-28T22:20:04.397Z
2025,0000319,대학,사립,경기,,국제사이버대학교,"[""2025"",""0000319"",""국제사이버대학교"",""사립"",""경기"",""대학"",""6,367,406,141"",""6,340,232,670"",""-"",""-"",""-"",""-"",""-"",""-"",""-"",""86,500,000"",""96,593"",""113,770,064"",""9,244,539,672"",""1.2""]",2026-08-28T22:20:04.397Z
2025,0000334,대학,사립,충남,,글로벌사이버대학교,"[""2025"",""0000334"",""글로벌사이버대학교"",""사립"",""충남"",""대학"",""4,468,488,709"",""3,631,396,000"",""-"",""-"",""-"",""-"",""-"",""-"",""-"",""58,908,000"",""215,013,506"",""1,111,014,215"",""6,599,977,334"",""16.8""]",2026-08-28T22:20:04.397Z
2025,0000320,대학,사립,경북,,대구사이버대학교,"[""2025"",""0000320"",""대구사이버대학교"",""사립"",""경북"",""대학"",""5,024,448,616"",""4,629,230,000"",""-"",""-"",""-"",""-"",""-"",""-"",""-"",""69,487,500"",""15,902,000"",""480,608,116"",""8,798,148,265"",""5.5""]",2026-08-28T22:20:04.397Z
2025,0000330,대학,사립,서울,,디지털서울문화예술대학교,"[""2025"",""0000330"",""디지털서울문화예술대학교"",""사립"",""서울"",""대학"",""5,466,459,572"",""4,934,037,500"",""-"",""-"",""-"",""-"",""-"",""-"",""-"",""159,084,500"",""4,747,389"",""696,253,961"",""11,714,831,335"",""5.9""]",2026-08-28T22:20:04.397Z
2025,0000321,대학,사립,부산,,부산디지털대학교,"[""2025"",""0000321"",""부산디지털대학교"",""사립"",""부산"",""대학"",""6,423,292,717"",""4,869,082,759"",""-"",""-"",""-"",""-"",""-"",""15,000,000"",""-"",""84,599,000"",""12,049,000"",""1,665,857,958"",""7,585,187,973"",""22.0""]",2026-08-28T22:20:04.397Z
2025,0000332,대학,사립,서울,,사이버한국외국어대학교,"[""2025"",""0000332"",""사이버한국외국어대학교"",""사립"",""서울"",""대학"",""7,929,174,828"",""7,775,029,534"",""-"",""-"",""-"",""-"",""-"",""-"",""-"",""142,426,400"",""68,149"",""296,639,843"",""18,606,104,201"",""1.6""]",2026-08-28T22:20:04.397Z
2025,0000322,대학,사립,서울,,서울디지털대학교,"[""2025"",""0000322"",""서울디지털대학교"",""사립"",""서울"",""대학"",""12,669,438,075"",""12,271,189,799"",""-"",""-"",""-"",""-"",""-"",""-"",""-"",""195,426,750"",""1,074,976"",""594,750,002"",""26,447,009,150"",""2.2""]",2026-08-28T22:20:04.397Z
2025,0000323,대학,사립,서울,,서울사이버대학교,"[""2025"",""0000323"",""서울사이버대학교"",""사립"",""서울"",""대학"",""21,324,688,115"",""19,956,348,374"",""-"",""-"",""-"",""-"",""90,000,000"",""-"",""-"",""371,696,250"",""47,088,118"",""1,877,124,109"",""45,080,495,676"",""4.2""]",2026-08-28T22:20:04.397Z
2025,0000325,대학,사립,서울,,세종사이버대학교,"[""2025"",""0000325"",""세종사이버대학교"",""사립"",""서울"",""대학"",""19,687,394,236"",""19,172,512,665"",""-"",""-"",""-"",""-"",""-"",""-"",""-"",""262,589,250"",""23,439,551"",""800,910,372"",""34,564,370,533"",""2.3""]",2026-08-28T22:20:04.397Z
2025,0000329,대학,사립,서울,,숭실사이버대학교,"[""2025"",""0000329"",""숭실사이버대학교"",""사립"",""서울"",""대학"",""9,830,557,504"",""9,602,108,660"",""-"",""-"",""-"",""-"",""-"",""-"",""-"",""173,744,300"",""2,412,347"",""404,605,491"",""21,366,963,957"",""1.9""]",2026-08-28T22:20:04.397Z
2025,0000327,대학,사립,전북,,원광디지털대학교,"[""2025"",""0000327"",""원광디지털대학교"",""사립"",""전북"",""대학"",""8,196,947,436"",""7,589,861,846"",""-"",""-"",""-"",""-"",""-"",""-"",""-"",""148,110,250"",""1,205,484"",""756,401,324"",""14,587,712,246"",""5.2""]",2026-08-28T22:20:04.397Z
2025,0000326,대학,사립,서울,,한국열린사이버대학교,"[""2025"",""0000326"",""한국열린사이버대학교"",""사립"",""서울"",""대학"",""8,430,056,931"",""8,201,231,900"",""-"",""-"",""-"",""-"",""-"",""-"",""-"",""121,412,000"",""107,967"",""350,344,998"",""13,984,408,070"",""2.5""]",2026-08-28T22:20:04.397Z
2025,0000331,대학,사립,서울,,한양사이버대학교,"[""2025"",""0000331"",""한양사이버대학교"",""사립"",""서울"",""대학"",""19,254,180,797"",""18,634,757,800"",""265,628,000"",""-"",""-"",""-"",""-"",""-"",""-"",""120,987,750"",""9,232,721"",""1,015,271,468"",""52,939,373,520"",""1.9""]",2026-08-28T22:20:04.397Z
2025,0000333,대학,사립,부산,,화신사이버대학교,"[""2025"",""0000333"",""화신사이버대학교"",""사립"",""부산"",""대학"",""6,366,062,817"",""4,506,617,600"",""-"",""-"",""-"",""-"",""-"",""-"",""-"",""52,465,500"",""1,150,000"",""1,913,060,717"",""5,469,058,000"",""35.0""]",2026-08-28T22:20:04.397Z
2025,0000579,전문대학,사립,경기,,ICT폴리텍대학,"[""2025"",""0000579"",""ICT폴리텍대학"",""사립"",""경기"",""전문대학"",""389,081,652"",""387,458,320"",""6,023,000,000"",""173,660,000"",""-"",""-"",""-"",""-"",""-"",""1,250,000"",""-"",""6,199,533,332"","""",""""]",2026-08-28T22:20:04.397Z
2025,0000585,전문대학,사립,서울,,한국폴리텍 I 대학,"[""2025"",""0000585"",""한국폴리텍 I 대학"",""사립"",""서울"",""전문대학"",""2,270,153,169"",""2,086,045,157"",""-"",""54,206,759,472"",""-"",""-"",""-"",""20,000,000"",""-"",""4,957,000"",""365,155,000"",""54,780,979,484"","""",""""]",2026-08-28T22:20:04.397Z
2025,0000590,전문대학,사립,경기,,한국폴리텍 II 대학,"[""2025"",""0000590"",""한국폴리텍 II 대학"",""사립"",""경기"",""전문대학"",""2,052,363,032"",""1,762,717,832"",""-"",""40,340,509,370"",""5,781,000,000"",""-"",""-"",""113,750,000"",""-"",""3,741,000"",""364,940,000"",""46,893,585,570"","""",""""]",2026-08-28T22:20:04.397Z
2025,0000594,전문대학,사립,강원,,한국폴리텍 III 대학,"[""2025"",""0000594"",""한국폴리텍 III 대학"",""사립"",""강원"",""전문대학"",""1,262,663,752"",""532,373,334"",""-"",""24,605,962,343"",""-"",""-"",""-"",""-"",""-"",""-"",""53,954,040"",""25,390,206,801"","""",""""]",2026-08-28T22:20:04.397Z
2025,0000603,전문대학,사립,대전,,한국폴리텍 IV 대학,"[""2025"",""0000603"",""한국폴리텍 IV 대학"",""사립"",""대전"",""전문대학"",""3,756,034,434"",""2,336,390,002"",""96,278,000"",""45,861,103,362"",""-"",""-"",""-"",""-"",""-"",""2,500,660"",""34,340,000"",""47,413,866,454"","""",""""]",2026-08-28T22:20:04.397Z
2025,0000616,전문대학,사립,광주,,한국폴리텍 V 대학,"[""2025"",""0000616"",""한국폴리텍 V 대학"",""사립"",""광주"",""전문대학"",""3,662,721,891"",""1,793,520,668"",""57,550,000"",""57,293,382,003"",""-"",""-"",""-"",""-"",""-"",""2,984,500"",""2,016,951,811"",""61,240,069,537"","""",""""]",2026-08-28T22:20:04.397Z
2025,0000624,전문대학,사립,경북,,한국폴리텍 VI 대학,"[""2025"",""0000624"",""한국폴리텍 VI 대학"",""사립"",""경북"",""전문대학"",""1,639,298,699"",""1,560,522,334"",""89,700,000"",""78,363,420,100"",""-"",""-"",""-"",""-"",""-"",""3,648,000"",""1,012,494,500"",""79,548,038,965"","""",""""]",2026-08-28T22:20:04.397Z
2025,0003163,전문대학,사립,부산,,한국폴리텍 VII 대학,"[""2025"",""0003163"",""한국폴리텍 VII 대학"",""사립"",""부산"",""전문대학"",""3,700,830,996"",""3,576,948,328"",""-"",""57,499,563,964"",""-"",""-"",""-"",""40,000,000"",""-"",""7,296,000"",""838,871,810"",""58,509,614,442"","""",""""]",2026-08-28T22:20:04.397Z
2025,0003104,전문대학,사립,충남,,한국폴리텍 특성화대학,"[""2025"",""0003104"",""한국폴리텍 특성화대학"",""사립"",""충남"",""전문대학"",""1,278,852,513"",""1,171,105,168"",""-"",""26,933,080,531"",""30,000,000"",""-"",""-"",""-"",""-"",""1,082,000"",""387,591,837"",""27,459,501,713"","""",""""]",2026-08-28T22:20:04.397Z
2025,0000433,전문대학,사립,충북,,강동대학교,"[""2025"",""0000433"",""강동대학교"",""사립"",""충북"",""전문대학"",""18,424,672,768"",""12,537,283,815"",""-"",""160,000,000"",""-"",""-"",""-"",""-"",""-"",""102,890,500"",""3,283,517,866"",""9,433,797,319"",""20,704,508,382"",""45.6""]",2026-08-28T22:20:04.397Z
2025,0000560,전문대학,사립,경기,,경기과학기술대학교,"[""2025"",""0000560"",""경기과학기술대학교"",""사립"",""경기"",""전문대학"",""22,838,589,733"",""8,968,329,673"",""-"",""1,120,700,000"",""3,692,540,000"",""-"",""-"",""383,555,000"",""-"",""41,628,800"",""1,549,517,016"",""20,658,200,876"",""25,119,874,010"",""82.2""]",2026-08-28T22:20:04.397Z
2025,0000402,전문대학,공립,경남,,경남도립거창대학,"[""2025"",""0000402"",""경남도립거창대학"",""공립"",""경남"",""전문대학"",""7,748,842,309"",""1,487,943,290"",""-"",""241,100,000"",""-"",""-"",""-"",""40,000,000"",""-"",""-"",""13,285,018,450"",""19,827,017,469"","""",""""]",2026-08-28T22:20:04.397Z
2025,0000403,전문대학,공립,경남,,경남도립남해대학,"[""2025"",""0000403"",""경남도립남해대학"",""공립"",""경남"",""전문대학"",""7,655,335,686"",""1,548,297,000"",""-"",""-"",""-"",""-"",""-"",""-"",""11,835,000"",""-"",""13,376,979,501"",""19,495,853,187"","""",""""]",2026-08-28T22:20:04.397Z
2025,0000456,전문대학,사립,경북,,경북과학대학교,"[""2025"",""0000456"",""경북과학대학교"",""사립"",""경북"",""전문대학"",""14,523,894,630"",""7,703,393,868"",""-"",""-"",""-"",""-"",""-"",""15,000,000"",""-"",""527,259,400"",""3,522,500,000"",""10,885,260,162"",""12,023,241,678"",""90.5""]",2026-08-28T22:20:04.397Z
2025,0000438,전문대학,사립,경북,,경북보건대학교,"[""2025"",""0000438"",""경북보건대학교"",""사립"",""경북"",""전문대학"",""11,199,341,770"",""4,061,983,500"",""-"",""-"",""-"",""200,000,000"",""-"",""-"",""-"",""16,804,000"",""3,374,326,000"",""10,728,488,270"",""7,094,751,900"",""151.2""]",2026-08-28T22:20:04.397Z
2025,0000425,전문대학,사립,대구,,계명문화대학교,"[""2025"",""0000425"",""계명문화대학교"",""사립"",""대구"",""전문대학"",""30,230,641,912"",""14,826,096,301"",""-"",""1,228,000,000"",""-"",""200,000,000"",""60,000,000"",""415,870,000"",""20,552,000"",""100,881,500"",""4,961,526,200"",""22,391,375,311"",""26,427,862,104"",""84.7""]",2026-08-28T22:20:04.397Z
2025,0000426,전문대학,사립,경기,,계원예술대학교,"[""2025"",""0000426"",""계원예술대학교"",""사립"",""경기"",""전문대학"",""14,106,162,193"",""7,013,602,000"",""-"",""578,000,000"",""190,000,000"",""-"",""150,000,000"",""-"",""-"",""31,980,000"",""614,655,215"",""8,657,195,408"",""20,924,302,313"",""41.4""]",2026-08-28T22:20:04.397Z
2025,0000430,전문대학,사립,경북,,구미대학교,"[""2025"",""0000430"",""구미대학교"",""사립"",""경북"",""전문대학"",""40,494,986,391"",""20,954,993,280"",""-"",""1,242,550,000"",""-"",""-"",""-"",""-"",""-"",""141,893,000"",""18,214,534,040"",""39,138,970,151"",""37,702,806,430"",""103.8""]",2026-08-28T22:20:04.397Z
2025,0000549,전문대학,사립,경기,,국제대학교,"[""2025"",""0000549"",""국제대학교"",""사립"",""경기"",""전문대학"",""5,636,957,000"",""4,023,733,460"",""-"",""-"",""-"",""-"",""-"",""-"",""-"",""52,706,000"",""705,896,267"",""2,371,825,807"",""15,149,856,493"",""15.7""]",2026-08-28T22:20:04.397Z
2025,0000442,전문대학,사립,경북,,대경대학교,"[""2025"",""0000442"",""대경대학교"",""사립"",""경북"",""전문대학"",""25,179,287,512"",""13,578,526,144"",""-"",""89,600,000"",""-"",""-"",""-"",""-"",""-"",""69,051,000"",""5,727,750,000"",""17,487,162,368"",""22,840,101,746"",""76.6""]",2026-08-28T22:20:04.397Z
2025,0000443,전문대학,사립,대구,,대구공업대학교,"[""2025"",""0000443"",""대구공업대학교"",""사립"",""대구"",""전문대학"",""6,946,978,953"",""5,113,503,330"",""-"",""-"",""-"",""-"",""-"",""40,350,000"",""-"",""66,254,070"",""689,930,000"",""2,630,009,693"",""6,997,911,810"",""37.6""]",2026-08-28T22:20:04.397Z
2025,0000446,전문대학,사립,대구,,대구과학대학교,"[""2025"",""0000446"",""대구과학대학교"",""사립"",""대구"",""전문대학"",""29,832,975,173"",""13,668,133,348"",""57,550,000"",""-"",""-"",""-"",""-"",""-"",""-"",""240,057,500"",""6,649,478,809"",""23,111,928,134"",""26,008,296,923"",""88.9""]",2026-08-28T22:20:04.397Z
2025,0000546,전문대학,사립,대전,,대덕대학교,"[""2025"",""0000546"",""대덕대학교"",""사립"",""대전"",""전문대학"",""9,778,192,960"",""4,339,365,136"",""-"",""204,679,470"",""-"",""-"",""-"",""160,050,000"",""-"",""16,939,500"",""3,657,419,500"",""9,477,916,294"",""8,887,682,642"",""106.6""]",2026-08-28T22:20:04.397Z
2025,0000447,전문대학,사립,부산,,대동대학교,"[""2025"",""0000447"",""대동대학교"",""사립"",""부산"",""전문대학"",""8,927,801,031"",""4,307,646,167"",""-"",""-"",""-"",""-"",""-"",""-"",""-"",""20,880,000"",""724,326,500"",""5,365,361,364"",""9,415,936,250"",""57.0""]",2026-08-28T22:20:04.397Z
2025,0000449,전문대학,사립,충북,,대원대학교,"[""2025"",""0000449"",""대원대학교"",""사립"",""충북"",""전문대학"",""6,987,957,442"",""4,663,541,752"",""-"",""-"",""-"",""-"",""-"",""-"",""-"",""36,878,500"",""3,204,442,308"",""5,565,736,498"",""13,120,029,592"",""42.4""]",2026-08-28T22:20:04.397Z
2025,0000453,전문대학,사립,대전,,대전과학기술대학교,"[""2025"",""0000453"",""대전과학기술대학교"",""사립"",""대전"",""전문대학"",""19,380,784,039"",""8,103,896,935"",""-"",""-"",""-"",""400,000,000"",""-"",""245,330,000"",""-"",""17,048,250"",""4,177,824,560"",""16,117,089,914"",""24,692,344,690"",""65.3""]",2026-08-28T22:20:04.397Z
2025,0000451,전문대학,사립,대전,,대전보건대학교,"[""2025"",""0000451"",""대전보건대학교"",""사립"",""대전"",""전문대학"",""27,432,669,120"",""11,506,657,506"",""-"",""133,586,029"",""-"",""-"",""-"",""6,500,000"",""-"",""19,456,250"",""10,651,387,098"",""26,736,940,991"",""25,287,378,971"",""105.7""]",2026-08-28T22:20:04.397Z
2025,0000460,전문대학,사립,광주,,동강대학교,"[""2025"",""0000460"",""동강대학교"",""사립"",""광주"",""전문대학"",""12,517,038,201"",""7,076,149,990"",""-"",""222,392,000"",""-"",""-"",""9,400,000"",""129,550,000"",""-"",""54,284,500"",""4,017,105,724"",""9,873,620,435"",""12,076,101,470"",""81.8""]",2026-08-28T22:20:04.397Z
2025,0000450,전문대학,사립,경기,,동서울대학교,"[""2025"",""0000450"",""동서울대학교"",""사립"",""경기"",""전문대학"",""24,011,708,832"",""14,993,983,800"",""61,750,000"",""1,887,078,000"",""-"",""310,446,000"",""-"",""18,000,000"",""-"",""151,707,000"",""448,088,688"",""11,894,794,720"",""37,761,365,390"",""31.5""]",2026-08-28T22:20:04.397Z
2025,0000509,전문대학,사립,경남,,동원과학기술대학교,"[""2025"",""0000509"",""동원과학기술대학교"",""사립"",""경남"",""전문대학"",""19,695,837,092"",""6,651,921,199"",""-"",""955,400,000"",""-"",""-"",""-"",""160,000,000"",""-"",""58,221,500"",""7,083,831,822"",""21,301,369,215"",""13,254,147,999"",""160.7""]",2026-08-28T22:20:04.397Z
2025,0000466,전문대학,사립,부산,,동의과학대학교,"[""2025"",""0000466"",""동의과학대학교"",""사립"",""부산"",""전문대학"",""25,120,804,821"",""10,357,255,466"",""-"",""588,932,000"",""-"",""-"",""-"",""768,440,000"",""-"",""91,968,000"",""4,249,914,850"",""20,462,804,205"",""25,699,655,920"",""79.6""]",2026-08-28T22:20:04.397Z
2025,0000469,전문대학,사립,경기,,두원공과대학교,"[""2025"",""0000469"",""두원공과대학교"",""사립"",""경기"",""전문대학"",""9,746,179,341"",""5,626,236,617"",""-"",""159,540,000"",""110,000,000"",""400,000,000"",""-"",""818,740,000"",""-"",""33,352,330"",""435,629,351"",""6,077,204,405"",""13,670,253,552"",""44.5""]",2026-08-28T22:20:04.397Z
2025,0000475,전문대학,사립,경북,,문경대학교,"[""2025"",""0000475"",""문경대학교"",""사립"",""경북"",""전문대학"",""4,249,958,056"",""1,803,377,182"",""-"",""-"",""-"",""-"",""-"",""-"",""-"",""4,763,250"",""4,602,538,000"",""7,053,882,124"",""3,682,787,369"",""191.5""]",2026-08-28T22:20:04.397Z
2025,0000543,전문대학,사립,충남,,백석문화대학교,"[""2025"",""0000543"",""백석문화대학교"",""사립"",""충남"",""전문대학"",""25,993,933,742"",""9,893,213,390"",""-"",""-"",""-"",""-"",""-"",""33,000,000"",""-"",""14,019,000"",""6,550,892,053"",""22,698,631,405"",""24,341,717,690"",""93.2""]",2026-08-28T22:20:04.397Z
2025,0000477,전문대학,사립,전북,,백제예술대학교,"[""2025"",""0000477"",""백제예술대학교"",""사립"",""전북"",""전문대학"",""2,700,132,661"",""2,114,816,333"",""-"",""-"",""-"",""-"",""-"",""-"",""-"",""8,250,000"",""4,920,000"",""598,486,328"",""4,825,952,003"",""12.4""]",2026-08-28T22:20:04.397Z
2025,0000479,전문대학,사립,부산,,부산경상대학교,"[""2025"",""0000479"",""부산경상대학교"",""사립"",""부산"",""전문대학"",""15,006,903,972"",""4,763,349,000"",""-"",""193,144,000"",""71,296,000"",""-"",""-"",""-"",""-"",""29,998,000"",""4,524,710,000"",""15,062,702,972"",""7,935,357,000"",""189.8""]",2026-08-28T22:20:04.397Z
2025,0000481,전문대학,사립,부산,,부산과학기술대학교,"[""2025"",""0000481"",""부산과학기술대학교"",""사립"",""부산"",""전문대학"",""26,975,510,845"",""13,189,958,093"",""-"",""359,860,000"",""-"",""-"",""-"",""201,155,000"",""-"",""189,781,000"",""5,542,745,896"",""20,079,094,648"",""24,599,356,303"",""81.6""]",2026-08-28T22:20:04.397Z
2025,0000480,전문대학,사립,부산,,부산여자대학교,"[""2025"",""0000480"",""부산여자대학교"",""사립"",""부산"",""전문대학"",""12,350,663,651"",""5,769,194,035"",""-"",""-"",""-"",""-"",""-"",""-"",""-"",""74,179,500"",""2,688,640,800"",""9,344,289,916"",""10,874,378,172"",""85.9""]",2026-08-28T22:20:04.397Z
2025,0000561,전문대학,사립,부산,,부산예술대학교,"[""2025"",""0000561"",""부산예술대학교"",""사립"",""부산"",""전문대학"",""1,524,894,122"",""1,107,540,000"",""-"",""-"",""-"",""-"",""-"",""-"",""-"",""18,261,750"",""4,930,000"",""440,545,872"",""2,644,165,620"",""16.7""]",2026-08-28T22:20:04.397Z
2025,0000482,전문대학,사립,경기,,부천대학교,"[""2025"",""0000482"",""부천대학교"",""사립"",""경기"",""전문대학"",""40,489,925,456"",""23,155,222,109"",""697,993,000"",""1,931,940,000"",""-"",""-"",""-"",""320,344,000"",""-"",""332,997,210"",""7,291,981,990"",""27,909,959,547"",""43,299,391,066"",""64.5""]",2026-08-28T22:20:04.397Z
2025,0000490,전문대학,사립,서울,,서일대학교,"[""2025"",""0000490"",""서일대학교"",""사립"",""서울"",""전문대학"",""26,473,648,486"",""16,157,631,114"",""146,250,000"",""1,323,400,000"",""-"",""-"",""-"",""6,500,000"",""6,170,000"",""21,925,500"",""1,023,326,000"",""12,843,588,872"",""38,177,228,025"",""33.6""]",2026-08-28T22:20:04.397Z
2025,0000515,전문대학,사립,강원,,세경대학교,"[""2025"",""0000515"",""세경대학교"",""사립"",""강원"",""전문대학"",""7,859,283,719"",""2,562,802,834"",""-"",""-"",""-"",""-"",""-"",""-"",""-"",""10,778,000"",""2,768,420,000"",""8,075,678,885"",""3,869,724,668"",""208.7""]",2026-08-28T22:20:04.397Z
2025,0000567,전문대학,사립,강원,,송곡대학교,"[""2025"",""0000567"",""송곡대학교"",""사립"",""강원"",""전문대학"",""12,281,572,638"",""7,220,856,445"",""-"",""-"",""-"",""-"",""-"",""-"",""-"",""74,375,000"",""2,590,630,040"",""7,725,721,233"",""12,006,968,776"",""64.3""]",2026-08-28T22:20:04.397Z
2025,0000564,전문대학,사립,강원,,송호대학교,"[""2025"",""0000564"",""송호대학교"",""사립"",""강원"",""전문대학"",""3,725,071,822"",""2,627,774,860"",""-"",""-"",""-"",""-"",""-"",""-"",""-"",""28,854,940"",""892,090,000"",""2,018,241,902"",""5,480,708,280"",""36.8""]",2026-08-28T22:20:04.397Z
2025,0000496,전문대학,사립,경기,,수원여자대학교,"[""2025"",""0000496"",""수원여자대학교"",""사립"",""경기"",""전문대학"",""15,281,089,478"",""9,461,253,558"",""31,500,000"",""-"",""-"",""-"",""-"",""-"",""-"",""146,493,000"",""388,243,607"",""6,386,072,527"",""24,658,246,923"",""25.9""]",2026-08-28T22:20:04.397Z
2025,0000498,전문대학,사립,전남,,순천제일대학교,"[""2025"",""0000498"",""순천제일대학교"",""사립"",""전남"",""전문대학"",""17,966,410,496"",""7,100,720,831"",""-"",""270,000,000"",""-"",""-"",""-"",""-"",""-"",""25,903,250"",""4,322,620,000"",""15,484,212,915"",""14,638,327,498"",""105.8""]",2026-08-28T22:20:04.397Z
2025,0000500,전문대학,사립,서울,,숭의여자대학교,"[""2025"",""0000500"",""숭의여자대학교"",""사립"",""서울"",""전문대학"",""10,011,637,790"",""7,797,451,059"",""-"",""-"",""-"",""-"",""-"",""-"",""-"",""39,762,660"",""589,053,225"",""2,843,002,616"",""18,074,312,552"",""15.7""]",2026-08-28T22:20:04.397Z
2025,0000501,전문대학,사립,경기,,신구대학교,"[""2025"",""0000501"",""신구대학교"",""사립"",""경기"",""전문대학"",""22,950,343,335"",""14,968,350,530"",""647,000,000"",""-"",""-"",""-"",""17,418,600"",""-"",""-"",""205,168,500"",""358,772,837"",""9,210,352,742"",""39,742,628,910"",""23.2""]",2026-08-28T22:20:04.397Z
2025,0000506,전문대학,사립,경기,,신안산대학교,"[""2025"",""0000506"",""신안산대학교"",""사립"",""경기"",""전문대학"",""7,020,613,068"",""5,347,519,175"",""-"",""183,035,000"",""-"",""-"",""-"",""314,875,000"",""-"",""42,118,590"",""289,975,776"",""2,503,098,259"",""19,566,518,750"",""12.8""]",2026-08-28T22:20:04.397Z
2025,0000454,전문대학,사립,충남,,아주자동차대학교,"[""2025"",""0000454"",""아주자동차대학교"",""사립"",""충남"",""전문대학"",""8,100,889,756"",""865,974,000"",""-"",""-"",""-"",""-"",""-"",""22,500,000"",""-"",""5,160,000"",""3,347,470,000"",""10,610,045,756"",""5,775,670,000"",""183.7""]",2026-08-28T22:20:04.397Z
2025,0000510,전문대학,사립,경기,,여주대학교,"[""2025"",""0000510"",""여주대학교"",""사립"",""경기"",""전문대학"",""8,641,179,773"",""8,031,575,833"",""-"",""-"",""-"",""-"",""-"",""-"",""-"",""14,100,000"",""2,277,127,551"",""2,900,831,491"",""19,222,923,332"",""15.1""]",2026-08-28T22:20:04.397Z
2025,0000512,전문대학,사립,충남,,연암대학교,"[""2025"",""0000512"",""연암대학교"",""사립"",""충남"",""전문대학"",""16,475,967,735"",""2,594,723,260"",""-"",""-"",""-"",""-"",""-"",""-"",""3,188,239,550"",""21,209,720"",""6,058,225,422"",""23,148,919,167"",""6,728,138,750"",""344.1""]",2026-08-28T22:20:04.397Z
2025,0000418,전문대학,사립,경북,,영남외국어대학,"[""2025"",""0000418"",""영남외국어대학"",""사립"",""경북"",""전문대학"",""1,606,016,104"",""1,528,782,000"",""-"",""-"",""-"",""-"",""-"",""-"",""-"",""21,300,000"",""3,300,000"",""101,834,104"",""2,412,924,000"",""4.2""]",2026-08-28T22:20:04.397Z
2025,0000513,전문대학,사립,대구,,영남이공대학교,"[""2025"",""0000513"",""영남이공대학교"",""사립"",""대구"",""전문대학"",""40,875,577,051"",""18,529,890,503"",""57,550,000"",""1,438,700,000"",""256,000,000"",""-"",""-"",""600,740,000"",""-"",""153,289,500"",""4,391,547,770"",""29,243,513,818"",""36,482,363,022"",""80.2""]",2026-08-28T22:20:04.397Z
2025,0000517,전문대학,사립,대구,,영진전문대학교,"[""2025"",""0000517"",""영진전문대학교"",""사립"",""대구"",""전문대학"",""41,993,680,973"",""21,467,654,180"",""761,000,000"",""1,080,820,000"",""-"",""-"",""40,000,000"",""334,970,000"",""11,690,000"",""163,024,910"",""4,770,013,000"",""27,687,544,703"",""44,248,472,910"",""62.6""]",2026-08-28T22:20:04.397Z
2025,0000524,전문대학,사립,경기,,유한대학교,"[""2025"",""0000524"",""유한대학교"",""사립"",""경기"",""전문대학"",""23,555,475,051"",""13,069,964,102"",""-"",""1,715,187,000"",""-"",""-"",""-"",""-"",""-"",""13,458,750"",""1,567,734,500"",""13,781,891,199"",""29,128,290,752"",""47.3""]",2026-08-28T22:20:04.397Z
2025,0000525,전문대학,사립,서울,,인덕대학교,"[""2025"",""0000525"",""인덕대학교"",""사립"",""서울"",""전문대학"",""26,182,162,934"",""15,498,413,938"",""153,480,000"",""1,578,700,000"",""-"",""-"",""-"",""-"",""-"",""37,774,000"",""1,504,610,997"",""13,958,313,993"",""36,910,427,781"",""37.8""]",2026-08-28T22:20:04.397Z
2025,0000455,전문대학,사립,인천,,재능대학교,"[""2025"",""0000455"",""재능대학교"",""사립"",""인천"",""전문대학"",""16,664,971,390"",""7,690,892,060"",""124,750,000"",""1,279,000,000"",""-"",""-"",""-"",""200,000,000"",""-"",""44,525,500"",""3,618,057,870"",""14,240,412,700"",""17,294,755,817"",""82.3""]",2026-08-28T22:20:04.397Z
2025,0000527,전문대학,사립,경기,,장안대학교,"[""2025"",""0000527"",""장안대학교"",""사립"",""경기"",""전문대학"",""6,771,837,888"",""5,173,239,030"",""-"",""84,000,000"",""-"",""-"",""-"",""10,000,000"",""-"",""57,158,000"",""174,910,312"",""1,924,667,170"",""18,500,002,520"",""10.4""]",2026-08-28T22:20:04.397Z
2025,0000529,전문대학,사립,전남,,전남과학대학교,"[""2025"",""0000529"",""전남과학대학교"",""사립"",""전남"",""전문대학"",""23,411,582,736"",""9,413,383,300"",""110,000,000"",""-"",""-"",""-"",""2,500,000"",""-"",""-"",""57,051,660"",""5,165,911,720"",""19,333,662,816"",""14,787,896,590"",""130.7""]",2026-08-28T22:20:04.397Z
2025,0000562,전문대학,공립,전남,,전남도립대학교,"[""2025"",""0000562"",""전남도립대학교"",""공립"",""전남"",""전문대학"",""2,164,015,896"","""",""-"",""193,860,000"",""-"",""-"",""-"",""10,000,000"",""41,952,000"",""-"",""6,288,274,000"",""8,698,101,896"","""",""""]",2026-08-28T22:20:04.397Z
2025,0000531,전문대학,사립,전북,,전북과학대학교,"[""2025"",""0000531"",""전북과학대학교"",""사립"",""전북"",""전문대학"",""14,081,974,151"",""5,807,250,216"",""304,400,000"",""-"",""-"",""-"",""-"",""70,000,000"",""-"",""29,190,980"",""4,322,011,201"",""13,000,326,116"",""8,309,179,447"",""156.5""]",2026-08-28T22:20:04.397Z
2025,0000530,전문대학,사립,전북,,전주비전대학교,"[""2025"",""0000530"",""전주비전대학교"",""사립"",""전북"",""전문대학"",""22,070,200,631"",""8,596,292,267"",""-"",""267,140,000"",""-"",""-"",""-"",""123,410,000"",""-"",""204,073,450"",""5,692,806,909"",""19,761,338,723"",""18,269,035,498"",""108.2""]",2026-08-28T22:20:04.397Z
2025,0000532,전문대학,사립,제주,,제주관광대학교,"[""2025"",""0000532"",""제주관광대학교"",""사립"",""제주"",""전문대학"",""14,395,707,639"",""4,767,972,170"",""-"",""139,698,893"",""-"",""-"",""-"",""429,370,000"",""-"",""40,827,250"",""5,770,993,814"",""16,008,625,426"",""7,806,503,856"",""205.1""]",2026-08-28T22:20:04.397Z
2025,0000534,전문대학,사립,광주,,조선이공대학교,"[""2025"",""0000534"",""조선이공대학교"",""사립"",""광주"",""전문대학"",""23,760,522,425"",""8,448,573,165"",""110,000,000"",""480,000,000"",""132,500,000"",""-"",""-"",""207,020,000"",""-"",""33,893,500"",""7,138,116,000"",""23,413,478,760"",""14,978,342,746"",""156.3""]",2026-08-28T22:20:04.397Z
2025,0000406,전문대학,공립,충북,,충북도립대학교,"[""2025"",""0000406"",""충북도립대학교"",""공립"",""충북"",""전문대학"",""5,140,046,990"",""832,028,000"",""-"",""-"",""-"",""-"",""-"",""-"",""-"",""-"",""14,296,804,000"",""18,604,822,990"","""",""""]",2026-08-28T22:20:04.397Z
2025,0000536,전문대학,사립,충북,,충북보건과학대학교,"[""2025"",""0000536"",""충북보건과학대학교"",""사립"",""충북"",""전문대학"",""18,045,227,144"",""6,707,477,020"",""-"",""615,575,000"",""110,000,000"",""-"",""-"",""100,000,000"",""5,752,000"",""56,207,250"",""4,504,000,000"",""16,729,284,374"",""19,270,795,877"",""86.8""]",2026-08-28T22:20:04.397Z
2025,0000547,전문대학,사립,충북,,충청대학교,"[""2025"",""0000547"",""충청대학교"",""사립"",""충북"",""전문대학"",""16,376,473,406"",""7,073,720,457"",""31,500,000"",""84,000,000"",""-"",""-"",""-"",""161,365,000"",""-"",""26,870,000"",""3,789,874,000"",""13,396,361,949"",""19,001,433,591"",""70.5""]",2026-08-28T22:20:04.397Z
2025,0000565,전문대학,사립,경기,,한국관광대학교,"[""2025"",""0000565"",""한국관광대학교"",""사립"",""경기"",""전문대학"",""5,759,751,914"",""3,611,033,782"",""-"",""-"",""-"",""-"",""-"",""-"",""-"",""19,926,000"",""156,076,026"",""2,324,720,158"",""7,777,512,772"",""29.9""]",2026-08-28T22:20:04.397Z
2025,0000570,전문대학,사립,경남,,한국승강기대학교,"[""2025"",""0000570"",""한국승강기대학교"",""사립"",""경남"",""전문대학"",""12,602,900,046"",""5,562,914,543"",""-"",""-"",""-"",""-"",""-"",""157,430,000"",""-"",""79,367,400"",""3,512,675,243"",""10,789,458,146"",""10,096,843,120"",""106.9""]",2026-08-28T22:20:04.397Z
2025,0000522,전문대학,사립,세종,,한국영상대학교,"[""2025"",""0000522"",""한국영상대학교"",""사립"",""세종"",""전문대학"",""20,038,745,266"",""9,082,943,953"",""-"",""-"",""-"",""-"",""154,000,000"",""5,500,000"",""-"",""25,114,500"",""2,650,781,268"",""13,791,197,081"",""18,671,619,881"",""73.9""]",2026-08-28T22:20:04.397Z
2025,0000554,전문대학,사립,서울,,한양여자대학교,"[""2025"",""0000554"",""한양여자대학교"",""사립"",""서울"",""전문대학"",""27,961,599,959"",""16,679,495,865"",""-"",""901,400,000"",""-"",""-"",""-"",""-"",""-"",""39,211,000"",""3,837,764,199"",""16,060,479,293"",""39,245,682,280"",""40.9""]",2026-08-28T22:20:04.397Z
2025,0000555,전문대학,사립,전남,,한영대학교,"[""2025"",""0000555"",""한영대학교"",""사립"",""전남"",""전문대학"",""10,393,153,358"",""3,630,340,000"",""-"",""521,100,000"",""-"",""-"",""-"",""-"",""-"",""8,720,000"",""3,907,000,000"",""11,199,633,358"",""7,888,999,960"",""142.0""]",2026-08-28T22:20:04.397Z
2025,0000415,전문대학,사립,경북,,호산대학교,"[""2025"",""0000415"",""호산대학교"",""사립"",""경북"",""전문대학"",""16,221,595,312"",""5,400,836,700"",""-"",""255,100,000"",""-"",""-"",""-"",""-"",""-"",""59,621,000"",""2,566,359,000"",""13,701,838,612"",""13,557,276,050"",""101.1""]",2026-08-28T22:20:04.397Z
2025,0000410,전문대학,사립,경북,,가톨릭상지대학교,"[""2025"",""0000410"",""가톨릭상지대학교"",""사립"",""경북"",""전문대학"",""13,354,065,308"",""5,370,745,533"",""-"",""200,469,575"",""-"",""-"",""-"",""-"",""-"",""28,038,500"",""3,911,118,053"",""12,122,945,903"",""9,724,745,050"",""124.7""]",2026-08-28T22:20:04.397Z
2025,0000514,전문대학,사립,강원,,강릉영동대학교,"[""2025"",""0000514"",""강릉영동대학교"",""사립"",""강원"",""전문대학"",""10,908,166,389"",""5,289,847,994"",""-"",""-"",""-"",""-"",""-"",""-"",""-"",""36,862,500"",""6,625,731,026"",""12,280,911,921"",""18,080,775,747"",""67.9""]",2026-08-28T22:20:04.397Z
2025,0002639,전문대학,공립,강원,,강원도립대학교,"[""2025"",""0002639"",""강원도립대학교"",""공립"",""강원"",""전문대학"",""8,776,334,032"",""925,159,987"",""-"",""-"",""-"",""-"",""-"",""26,000,000"",""-"",""-"",""18,715,654,000"",""26,592,828,045"","""",""""]",2026-08-28T22:20:04.397Z
2025,0000412,전문대학,사립,경남,,거제대학교,"[""2025"",""0000412"",""거제대학교"",""사립"",""경남"",""전문대학"",""13,538,202,116"",""3,093,497,000"",""-"",""480,000,000"",""110,000,000"",""-"",""-"",""-"",""-"",""9,824,000"",""6,252,884,051"",""17,297,413,167"",""6,709,225,000"",""257.8""]",2026-08-28T22:20:04.397Z
2025,0002640,전문대학,사립,부산,,경남정보대학교,"[""2025"",""0002640"",""경남정보대학교"",""사립"",""부산"",""전문대학"",""36,791,376,858"",""17,918,445,240"",""-"",""254,100,000"",""110,000,000"",""-"",""-"",""328,970,000"",""18,723,500"",""82,632,150"",""7,430,882,540"",""27,098,239,808"",""33,447,634,498"",""81.0""]",2026-08-28T22:20:04.397Z
2025,0000416,전문대학,사립,경기,,경민대학교,"[""2025"",""0000416"",""경민대학교"",""사립"",""경기"",""전문대학"",""25,305,758,173"",""15,452,041,190"",""-"",""112,000,000"",""-"",""-"",""-"",""-"",""-"",""81,070,000"",""2,203,919,156"",""12,250,706,139"",""34,050,467,970"",""36.0""]",2026-08-28T22:20:04.397Z
2025,0002641,전문대학,사립,경기,,경복대학교,"[""2025"",""0002641"",""경복대학교"",""사립"",""경기"",""전문대학"",""32,514,402,292"",""19,199,973,504"",""31,500,000"",""312,000,000"",""-"",""-"",""-"",""-"",""-"",""52,542,000"",""2,091,710,520"",""15,802,181,308"",""42,723,727,060"",""37.0""]",2026-08-28T22:20:04.397Z
2025,0002642,전문대학,사립,경북,,경북전문대학교,"[""2025"",""0002642"",""경북전문대학교"",""사립"",""경북"",""전문대학"",""19,054,536,864"",""9,081,158,252"",""-"",""184,213,000"",""-"",""-"",""-"",""-"",""-"",""104,152,500"",""6,139,975,483"",""16,401,719,595"",""15,288,396,334"",""107.3""]",2026-08-28T22:20:04.397Z
2025,0000422,전문대학,사립,인천,,경인여자대학교,"[""2025"",""0000422"",""경인여자대학교"",""사립"",""인천"",""전문대학"",""18,983,745,006"",""10,432,049,469"",""-"",""286,630,000"",""-"",""400,000,000"",""-"",""-"",""-"",""37,680,360"",""3,651,860,584"",""12,927,866,481"",""23,721,143,911"",""54.5""]",2026-08-28T22:20:04.397Z
2025,0000435,전문대학,사립,전남,,나주대학교,"[""2025"",""0000435"",""나주대학교"",""사립"",""전남"",""전문대학"",""116,920,917"",""4,800,000"",""-"",""-"",""-"",""-"",""-"",""-"",""-"",""7,800,000"",""1,746,294,500"",""1,866,215,417"",""7,455,425,250"",""25.0""]",2026-08-28T22:20:04.397Z
2025,0000428,전문대학,사립,전남,,광양보건대학교,"[""2025"",""0000428"",""광양보건대학교"",""사립"",""전남"",""전문대학"",""105,725,374"","""",""-"",""-"",""-"",""-"",""-"",""-"",""-"",""-"",""100,000,000"",""205,725,374"",""605,588,000"",""34.0""]",2026-08-28T22:20:04.397Z
2025,0000429,전문대학,사립,광주,,광주보건대학교,"[""2025"",""0000429"",""광주보건대학교"",""사립"",""광주"",""전문대학"",""24,128,218,934"",""10,359,678,890"",""581,000,000"",""-"",""-"",""-"",""-"",""-"",""-"",""31,601,500"",""4,207,365,200"",""18,588,506,744"",""18,867,772,442"",""98.5""]",2026-08-28T22:20:04.397Z
2025,0000432,전문대학,사립,전북,,군장대학교,"[""2025"",""0000432"",""군장대학교"",""사립"",""전북"",""전문대학"",""12,933,280,558"",""4,464,223,933"",""-"",""162,944,000"",""-"",""-"",""-"",""-"",""-"",""35,930,500"",""5,567,145,281"",""14,235,076,406"",""12,183,239,164"",""116.8""]",2026-08-28T22:20:04.397Z
2025,0000440,전문대학,사립,경기,,김포대학교,"[""2025"",""0000440"",""김포대학교"",""사립"",""경기"",""전문대학"",""9,059,209,380"",""8,605,841,973"",""-"",""-"",""-"",""-"",""-"",""-"",""-"",""89,807,500"",""1,971,986,919"",""2,515,161,826"",""17,339,607,489"",""14.5""]",2026-08-28T22:20:04.397Z
2025,0000569,전문대학,사립,경남,,김해대학교,"[""2025"",""0000569"",""김해대학교"",""사립"",""경남"",""전문대학"",""13,065,082,730"",""4,466,266,002"",""-"",""-"",""-"",""-"",""-"",""-"",""-"",""11,790,500"",""3,587,195,829"",""12,197,803,057"",""8,302,021,000"",""146.9""]",2026-08-28T22:20:04.397Z
2025,0000441,전문대학,사립,경기,,농협대학교,"[""2025"",""0000441"",""농협대학교"",""사립"",""경기"",""전문대학"",""2,515,349,949"",""457,487,000"",""-"",""-"",""-"",""-"",""-"",""-"",""-"",""6,252,000"",""655,944,000"",""2,720,058,949"",""1,832,500,666"",""148.4""]",2026-08-28T22:20:04.397Z
2025,0000444,전문대학,사립,대구,,대구보건대학교,"[""2025"",""0000444"",""대구보건대학교"",""사립"",""대구"",""전문대학"",""43,168,232,304"",""19,638,819,635"",""18,000,000"",""-"",""95,000,000"",""-"",""-"",""658,540,000"",""-"",""79,879,000"",""12,002,774,650"",""36,383,606,319"",""41,982,227,776"",""86.7""]",2026-08-28T22:20:04.397Z
2025,0000448,전문대학,사립,경기,,대림대학교,"[""2025"",""0000448"",""대림대학교"",""사립"",""경기"",""전문대학"",""34,816,286,827"",""16,400,195,530"",""165,926,000"",""1,205,342,000"",""-"",""-"",""-"",""-"",""-"",""66,837,500"",""9,197,521,617"",""29,051,718,414"",""45,222,011,958"",""64.2""]",2026-08-28T22:20:04.397Z
2025,0000457,전문대학,사립,경기,,동남보건대학교,"[""2025"",""0000457"",""동남보건대학교"",""사립"",""경기"",""전문대학"",""18,595,523,326"",""11,086,947,347"",""-"",""295,006,000"",""-"",""-"",""-"",""-"",""-"",""21,387,100"",""443,898,271"",""8,268,867,350"",""29,846,539,506"",""27.7""]",2026-08-28T22:20:04.397Z
2025,0000461,전문대학,사립,경기,,동아방송예술대학교,"[""2025"",""0000461"",""동아방송예술대학교"",""사립"",""경기"",""전문대학"",""16,301,080,604"",""8,961,080,350"",""-"",""-"",""-"",""-"",""-"",""-"",""-"",""31,819,000"",""1,511,771,180"",""8,883,590,434"",""22,888,587,850"",""38.8""]",2026-08-28T22:20:04.397Z
2025,0000462,전문대학,사립,전남,,동아보건대학교,"[""2025"",""0000462"",""동아보건대학교"",""사립"",""전남"",""전문대학"",""6,676,333,299"",""2,730,723,200"",""-"",""-"",""-"",""-"",""-"",""-"",""-"",""16,100,000"",""1,410,560,583"",""5,372,270,682"",""3,651,796,068"",""147.1""]",2026-08-28T22:20:04.397Z
2025,0000463,전문대학,사립,서울,,동양미래대학교,"[""2025"",""0000463"",""동양미래대학교"",""사립"",""서울"",""전문대학"",""27,744,668,723"",""14,797,132,407"",""-"",""331,989,000"",""110,000,000"",""-"",""-"",""-"",""-"",""41,484,000"",""1,967,106,872"",""15,398,116,188"",""37,250,291,275"",""41.3""]",2026-08-28T22:20:04.397Z
2025,0000465,전문대학,사립,경기,,동원대학교,"[""2025"",""0000465"",""동원대학교"",""사립"",""경기"",""전문대학"",""17,111,947,903"",""12,582,290,034"",""36,900,000"",""324,630,000"",""-"",""-"",""142,548,000"",""-"",""-"",""74,073,000"",""1,994,431,842"",""7,102,240,711"",""24,726,330,574"",""28.7""]",2026-08-28T22:20:04.397Z
2025,0000467,전문대학,사립,부산,,부산보건대학교,"[""2025"",""0000467"",""부산보건대학교"",""사립"",""부산"",""전문대학"",""18,173,674,332"",""7,494,558,335"",""82,750,000"",""-"",""-"",""-"",""-"",""25,000,000"",""10,160,000"",""18,275,000"",""4,940,723,871"",""15,756,024,868"",""13,542,756,005"",""116.3""]",2026-08-28T22:20:04.397Z
2025,0000470,전문대학,사립,경남,,마산대학교,"[""2025"",""0000470"",""마산대학교"",""사립"",""경남"",""전문대학"",""25,009,849,577"",""14,600,356,810"",""-"",""-"",""-"",""-"",""142,548,000"",""47,500,000"",""-"",""23,835,000"",""4,698,537,648"",""15,321,913,415"",""29,890,011,580"",""51.3""]",2026-08-28T22:20:04.397Z
2025,0000473,전문대학,사립,서울,,명지전문대학,"[""2025"",""0000473"",""명지전문대학"",""사립"",""서울"",""전문대학"",""33,203,486,485"",""15,960,603,104"",""72,180,000"",""-"",""110,000,000"",""25,000,000"",""-"",""-"",""-"",""35,674,000"",""1,718,053,550"",""19,203,790,931"",""41,668,386,557"",""46.1""]",2026-08-28T22:20:04.397Z
2025,0000474,전문대학,사립,전남,,목포과학대학교,"[""2025"",""0000474"",""목포과학대학교"",""사립"",""전남"",""전문대학"",""19,404,643,212"",""8,511,968,985"",""-"",""199,338,000"",""-"",""-"",""-"",""-"",""-"",""62,047,000"",""3,959,182,000"",""15,113,241,227"",""14,242,764,697"",""106.1""]",2026-08-28T22:20:04.397Z
2025,0000476,전문대학,사립,서울,,배화여자대학교,"[""2025"",""0000476"",""배화여자대학교"",""사립"",""서울"",""전문대학"",""12,358,621,677"",""6,499,354,920"",""-"",""293,400,000"",""-"",""-"",""-"",""367,170,000"",""64,000,000"",""87,260,000"",""796,744,872"",""7,467,841,629"",""15,978,704,060"",""46.7""]",2026-08-28T22:20:04.397Z
2025,0000483,전문대학,사립,서울,,삼육보건대학교,"[""2025"",""0000483"",""삼육보건대학교"",""사립"",""서울"",""전문대학"",""8,549,290,445"",""2,782,540,820"",""354,000,000"",""408,379,000"",""-"",""-"",""-"",""-"",""-"",""48,350,000"",""961,609,352"",""7,539,087,977"",""8,292,868,980"",""90.9""]",2026-08-28T22:20:04.397Z
2025,0002646,전문대학,사립,광주,,서영대학교,"[""2025"",""0002646"",""서영대학교"",""사립"",""광주"",""전문대학"",""25,220,112,073"",""15,565,407,224"",""-"",""-"",""-"",""-"",""-"",""-"",""-"",""97,231,740"",""1,662,519,795"",""11,414,456,384"",""29,547,456,053"",""38.6""]",2026-08-28T22:20:04.397Z
2025,0000489,전문대학,사립,경기,,서울예술대학교,"[""2025"",""0000489"",""서울예술대학교"",""사립"",""경기"",""전문대학"",""16,150,363,880"",""7,683,027,200"",""-"",""-"",""-"",""-"",""658,000,000"",""280,000,000"",""-"",""12,830,000"",""454,674,187"",""9,872,840,867"",""25,660,579,598"",""38.5""]",2026-08-28T22:20:04.397Z
2025,0000566,전문대학,사립,경기,,서정대학교,"[""2025"",""0000566"",""서정대학교"",""사립"",""경기"",""전문대학"",""34,624,121,475"",""22,413,085,570"",""-"",""61,400,000"",""-"",""-"",""-"",""479,770,000"",""-"",""211,456,940"",""2,998,247,956"",""15,961,910,801"",""56,953,467,280"",""28.0""]",2026-08-28T22:20:04.397Z
2025,0000550,전문대학,사립,경북,,선린대학교,"[""2025"",""0000550"",""선린대학교"",""사립"",""경북"",""전문대학"",""11,138,617,087"",""5,690,551,503"",""-"",""-"",""-"",""-"",""-"",""-"",""-"",""37,538,160"",""1,942,155,000"",""7,427,758,744"",""11,696,084,176"",""63.5""]",2026-08-28T22:20:04.397Z
2025,0002647,전문대학,사립,경북,,성운대학교,"[""2025"",""0002647"",""성운대학교"",""사립"",""경북"",""전문대학"",""13,278,065,374"",""5,803,260,167"",""-"",""-"",""-"",""-"",""-"",""-"",""17,334,000"",""71,358,000"",""3,280,000,000"",""10,843,497,207"",""7,891,739,320"",""137.4""]",2026-08-28T22:20:04.397Z
2025,0002649,전문대학,사립,대구,,수성대학교,"[""2025"",""0002649"",""수성대학교"",""사립"",""대구"",""전문대학"",""20,019,337,325"",""11,674,230,314"",""-"",""246,292,000"",""-"",""-"",""-"",""38,150,000"",""-"",""92,695,500"",""3,095,163,000"",""11,817,407,511"",""19,889,344,641"",""59.4""]",2026-08-28T22:20:04.397Z
2025,0000497,전문대학,사립,경기,,수원과학대학교,"[""2025"",""0000497"",""수원과학대학교"",""사립"",""경기"",""전문대학"",""6,644,697,559"",""6,241,654,667"",""-"",""-"",""-"",""-"",""-"",""-"",""-"",""19,390,000"",""273,043,452"",""695,476,344"",""15,826,124,464"",""4.4""]",2026-08-28T22:20:04.397Z
2025,0000502,전문대학,사립,충남,,신성대학교,"[""2025"",""0000502"",""신성대학교"",""사립"",""충남"",""전문대학"",""16,501,432,540"",""7,132,130,336"",""50,000,000"",""192,800,000"",""110,000,000"",""400,000,000"",""-"",""-"",""-"",""29,730,500"",""4,425,356,228"",""14,577,188,932"",""17,483,373,519"",""83.4""]",2026-08-28T22:20:04.397Z
2025,0002650,전문대학,사립,경북,,안동과학대학교,"[""2025"",""0002650"",""안동과학대학교"",""사립"",""경북"",""전문대학"",""14,005,019,116"",""6,636,499,132"",""239,784,000"",""-"",""-"",""-"",""-"",""-"",""15,744,000"",""41,925,500"",""3,450,875,120"",""11,116,848,604"",""11,582,460,758"",""96.0""]",2026-08-28T22:20:04.397Z
2025,0000507,전문대학,사립,경기,,안산대학교,"[""2025"",""0000507"",""안산대학교"",""사립"",""경기"",""전문대학"",""21,231,991,855"",""12,080,486,680"",""328,750,000"",""569,140,000"",""-"",""-"",""-"",""60,000,000"",""5,800,000"",""24,466,660"",""2,110,181,688"",""12,249,843,523"",""28,234,123,864"",""43.4""]",2026-08-28T22:20:04.397Z
2025,0002651,전문대학,사립,경기,,연성대학교,"[""2025"",""0002651"",""연성대학교"",""사립"",""경기"",""전문대학"",""30,396,032,182"",""17,532,423,964"",""-"",""998,632,000"",""-"",""-"",""-"",""-"",""5,920,000"",""43,391,000"",""2,162,488,944"",""16,074,040,162"",""38,914,305,730"",""41.3""]",2026-08-28T22:20:04.397Z
2025,0002652,전문대학,사립,경남,,연암공과대학교,"[""2025"",""0002652"",""연암공과대학교"",""사립"",""경남"",""전문대학"",""14,989,016,534"",""3,140,775,000"",""761,000,000"",""-"",""-"",""-"",""-"",""-"",""-"",""9,803,500"",""4,082,604,474"",""16,701,649,508"",""5,667,924,628"",""294.7""]",2026-08-28T22:20:04.397Z
2025,0002653,전문대학,사립,경기,,오산대학교,"[""2025"",""0002653"",""오산대학교"",""사립"",""경기"",""전문대학"",""24,029,228,032"",""11,402,916,080"",""110,000,000"",""284,000,000"",""-"",""-"",""-"",""-"",""3,469,000"",""159,703,000"",""2,727,460,267"",""15,910,944,219"",""26,636,714,930"",""59.7""]",2026-08-28T22:20:04.397Z
2025,0000520,전문대학,사립,경기,,용인예술과학대학교,"[""2025"",""0000520"",""용인예술과학대학교"",""사립"",""경기"",""전문대학"",""11,010,644,675"",""7,220,493,980"",""-"",""98,000,000"",""-"",""-"",""12,000,000"",""-"",""-"",""10,590,000"",""657,598,622"",""4,568,339,317"",""18,023,187,520"",""25.3""]",2026-08-28T22:20:04.397Z
2025,0000452,전문대학,사립,대전,,우송정보대학,"[""2025"",""0000452"",""우송정보대학"",""사립"",""대전"",""전문대학"",""20,759,178,422"",""9,541,137,531"",""-"",""500,320,000"",""-"",""-"",""-"",""-"",""-"",""32,439,100"",""3,922,125,775"",""15,672,925,766"",""17,923,065,041"",""87.4""]",2026-08-28T22:20:04.397Z
2025,0000521,전문대학,사립,울산,,울산과학대학교,"[""2025"",""0000521"",""울산과학대학교"",""사립"",""울산"",""전문대학"",""35,798,781,476"",""11,106,396,587"",""123,255,000"",""1,656,053,837"",""60,000,000"",""-"",""-"",""315,570,000"",""-"",""106,013,500"",""13,998,517,003"",""40,951,794,229"",""32,889,378,147"",""124.5""]",2026-08-28T22:20:04.397Z
2025,0000568,전문대학,사립,경기,,웅지세무대학교,"[""2025"",""0000568"",""웅지세무대학교"",""사립"",""경기"",""전문대학"",""271,197,414"",""252,925,000"",""-"",""-"",""-"",""-"",""-"",""-"",""-"",""3,480,000"",""15,040"",""21,767,454"","""",""""]",2026-08-28T22:20:04.397Z
2025,0000523,전문대학,사립,전북,,원광보건대학교,"[""2025"",""0000523"",""원광보건대학교"",""사립"",""전북"",""전문대학"",""26,471,753,146"",""12,085,663,305"",""-"",""-"",""-"",""-"",""-"",""-"",""5,808,000"",""50,659,000"",""291,122,996"",""14,733,679,837"",""24,123,155,155"",""61.1""]",2026-08-28T22:20:04.397Z
2025,0002654,전문대학,사립,인천,,인하공업전문대학,"[""2025"",""0002654"",""인하공업전문대학"",""사립"",""인천"",""전문대학"",""34,928,103,030"",""18,624,772,980"",""133,755,000"",""1,345,355,000"",""398,750,000"",""-"",""-"",""20,000,000"",""-"",""187,268,000"",""2,601,083,299"",""20,989,541,349"",""47,790,351,320"",""43.9""]",2026-08-28T22:20:04.397Z
2025,0000437,전문대학,사립,전북,,전주기전대학,"[""2025"",""0000437"",""전주기전대학"",""사립"",""전북"",""전문대학"",""10,341,720,252"",""5,566,250,030"",""-"",""256,000,000"",""-"",""-"",""-"",""-"",""133,400,000"",""59,400,000"",""5,554,607,712"",""10,778,877,934"",""11,171,670,000"",""96.5""]",2026-08-28T22:20:04.397Z
2025,0002655,전문대학,사립,제주,,제주한라대학교,"[""2025"",""0002655"",""제주한라대학교"",""사립"",""제주"",""전문대학"",""26,764,211,890"",""10,146,880,430"",""-"",""1,222,545,028"",""110,000,000"",""-"",""-"",""-"",""65,880,000"",""41,546,500"",""10,353,796,000"",""28,411,098,988"",""18,821,571,265"",""150.9""]",2026-08-28T22:20:04.397Z
2025,0000539,전문대학,사립,경남,,진주보건대학교,"[""2025"",""0000539"",""진주보건대학교"",""사립"",""경남"",""전문대학"",""12,689,496,331"",""7,370,319,310"",""768,000,000"",""-"",""-"",""-"",""-"",""-"",""-"",""44,444,500"",""1,529,686,559"",""7,661,308,080"",""14,297,716,710"",""53.6""]",2026-08-28T22:20:04.397Z
2025,0000542,전문대학,사립,경남,,창원문성대학교,"[""2025"",""0000542"",""창원문성대학교"",""사립"",""경남"",""전문대학"",""4,162,796,665"",""2,011,220,000"",""-"",""627,930,000"",""-"",""-"",""-"",""60,000,000"",""-"",""10,350,000"",""1,217,920,088"",""4,067,776,753"",""4,277,316,890"",""95.1""]",2026-08-28T22:20:04.397Z
2025,0000544,전문대학,사립,경기,,청강문화산업대학교,"[""2025"",""0000544"",""청강문화산업대학교"",""사립"",""경기"",""전문대학"",""19,324,225,853"",""10,330,599,400"",""-"",""152,277,970"",""-"",""-"",""54,962,500"",""-"",""-"",""56,642,000"",""1,026,505,048"",""10,284,013,971"",""28,302,948,420"",""36.3""]",2026-08-28T22:20:04.397Z
2025,0002656,전문대학,사립,전남,,청암대학교,"[""2025"",""0002656"",""청암대학교"",""사립"",""전남"",""전문대학"",""12,516,984,845"",""5,644,634,660"",""-"",""-"",""-"",""-"",""-"",""-"",""-"",""39,522,500"",""1,883,860,000"",""8,795,732,685"",""12,677,930,743"",""69.4""]",2026-08-28T22:20:04.397Z
2025,0000545,전문대학,사립,울산,,춘해보건대학교,"[""2025"",""0000545"",""춘해보건대학교"",""사립"",""울산"",""전문대학"",""18,575,372,061"",""7,784,157,330"",""-"",""-"",""-"",""-"",""-"",""-"",""-"",""29,060,500"",""5,551,131,941"",""16,371,407,172"",""16,588,490,263"",""98.7""]",2026-08-28T22:20:04.397Z
2025,0002657,전문대학,공립,충남,,충남도립대학교,"[""2025"",""0002657"",""충남도립대학교"",""공립"",""충남"",""전문대학"",""11,457,057,990"",""1,738,616,750"",""8,011,489"",""-"",""-"",""-"",""-"",""-"",""7,585,000"",""66,204,883"",""24,168,242,020"",""33,968,484,632"","""",""""]",2026-08-28T22:20:04.397Z
2025,0002658,전문대학,사립,경북,,포항대학교,"[""2025"",""0002658"",""포항대학교"",""사립"",""경북"",""전문대학"",""9,652,129,230"",""4,366,899,495"",""85,000,000"",""200,000,000"",""-"",""-"",""-"",""-"",""-"",""45,725,080"",""2,930,160,000"",""8,546,114,815"",""8,505,558,101"",""100.5""]",2026-08-28T22:20:04.397Z
2025,0000578,전문대학,사립,강원,,한국골프과학기술대학교,"[""2025"",""0000578"",""한국골프과학기술대학교"",""사립"",""강원"",""전문대학"",""3,387,131,552"",""1,826,764,499"",""-"",""-"",""-"",""-"",""-"",""-"",""-"",""15,370,000"",""1,682,216,000"",""3,257,953,053"",""3,426,145,380"",""95.1""]",2026-08-28T22:20:04.397Z
2025,0003019,전문대학,특별법국립,전북,,한국농수산대학교,"[""2025"",""0003019"",""한국농수산대학교"",""특별법국립"",""전북"",""전문대학"",""588,041,012"",""188,330,720"",""71,156,873"",""-"",""-"",""-"",""-"",""-"",""37,481,900,000"",""2,990,000,000"",""480,425,000"",""41,423,192,165"","""",""""]",2026-08-28T22:20:04.397Z
2025,0000553,전문대학,사립,강원,,한림성심대학교,"[""2025"",""0000553"",""한림성심대학교"",""사립"",""강원"",""전문대학"",""15,732,903,501"",""6,481,391,838"",""-"",""-"",""-"",""-"",""-"",""202,465,000"",""-"",""17,430,000"",""5,354,979,000"",""14,826,385,663"",""14,502,621,940"",""102.2""]",2026-08-28T22:20:04.397Z
2025,0000556,전문대학,사립,충남,,혜전대학교,"[""2025"",""0000556"",""혜전대학교"",""사립"",""충남"",""전문대학"",""13,649,068,480"",""5,966,603,500"",""-"",""-"",""-"",""-"",""-"",""-"",""11,474,000"",""22,169,700"",""4,501,594,479"",""12,217,703,159"",""17,328,949,710"",""70.5""]",2026-08-28T22:20:04.397Z
2025,0002971,전문대학,사립,전북,,군산간호대학교,"[""2025"",""0002971"",""군산간호대학교"",""사립"",""전북"",""전문대학"",""7,976,916,684"",""2,992,311,166"",""792,500,000"",""-"",""-"",""-"",""-"",""-"",""-"",""1,682,250"",""1,824,769,224"",""7,603,556,992"",""6,815,935,000"",""111.6""]",2026-08-28T22:20:04.397Z
2025,0002972,전문대학,사립,광주,,기독간호대학교,"[""2025"",""0002972"",""기독간호대학교"",""사립"",""광주"",""전문대학"",""4,653,223,177"",""1,515,081,332"",""-"",""-"",""-"",""-"",""-"",""-"",""-"",""5,318,000"",""261,243,500"",""3,404,703,345"",""3,200,138,452"",""106.4""]",2026-08-28T22:20:04.397Z
2025,0002973,전문대학,사립,서울,,서울여자간호대학교,"[""2025"",""0002973"",""서울여자간호대학교"",""사립"",""서울"",""전문대학"",""4,830,234,426"",""1,526,416,400"",""82,750,000"",""-"",""-"",""-"",""16,240,000"",""-"",""-"",""-"",""395,900,862"",""3,798,708,888"",""5,814,924,793"",""65.3""]",2026-08-28T22:20:04.397Z
2025,0002974,전문대학,사립,광주,,조선간호대학교,"[""2025"",""0002974"",""조선간호대학교"",""사립"",""광주"",""전문대학"",""6,103,313,767"",""1,710,787,709"",""49,680,000"",""-"",""-"",""-"",""-"",""-"",""-"",""3,946,500"",""970,571,712"",""5,416,724,270"",""3,894,131,901"",""139.1""]",2026-08-28T22:20:04.397Z
2025,0000575,전문대학,사립,대구,,영진사이버대학교,"[""2025"",""0000575"",""영진사이버대학교"",""사립"",""대구"",""전문대학"",""7,185,818,183"",""6,779,157,666"",""-"",""-"",""-"",""-"",""-"",""-"",""-"",""57,588,160"",""8,046,481"",""472,295,158"",""8,846,776,486"",""5.3""]",2026-08-28T22:20:04.397Z
2025,0000576,전문대학,사립,경북,,한국복지사이버대학교,"[""2025"",""0000576"",""한국복지사이버대학교"",""사립"",""경북"",""전문대학"",""3,311,895,489"",""3,297,107,000"",""-"",""-"",""-"",""-"",""-"",""-"",""-"",""49,965,000"",""76,058"",""64,829,547"","""",""""]",2026-08-28T22:20:04.397Z
2025,0000683,대학원대학,특별법법인,경기,,한국학대학원,"[""2025"",""0000683"",""한국학대학원"",""특별법법인"",""경기"",""대학원대학"",""2,690,618,554"","""",""-"",""-"",""-"",""-"",""-"",""-"",""-"",""-"",""-"",""2,690,618,554"","""",""""]",2026-08-28T22:20:04.397Z
2025,0000663,대학원대학,사립,서울,,개신대학원대학교,"[""2025"",""0000663"",""개신대학원대학교"",""사립"",""서울"",""대학원대학"",""5,133,699"","""",""-"",""-"",""-"",""-"",""-"",""-"",""-"",""-"",""-"",""5,133,699"",""1,529,472,833"",""0.3""]",2026-08-28T22:20:04.397Z
2025,0000643,대학원대학,사립,대전,,건신대학원대학교,"[""2025"",""0000643"",""건신대학원대학교"",""사립"",""대전"",""대학원대학"",""12,324,909"","""",""761,000,000"",""-"",""-"",""-"",""-"",""-"",""-"",""-"",""-"",""773,324,909"",""1,053,264,670"",""73.4""]",2026-08-28T22:20:04.397Z
2025,0000668,대학원대학,사립,경북,,경안대학원대학교,"[""2025"",""0000668"",""경안대학원대학교"",""사립"",""경북"",""대학원대학"",""-"","""",""88,000,000"",""-"",""-"",""-"",""-"",""-"",""-"",""-"",""-"",""88,000,000"",""243,835,070"",""36.1""]",2026-08-28T22:20:04.397Z
2025,0000664,대학원대학,기타,대전,,과학기술연합대학원대학교,"[""2025"",""0000664"",""과학기술연합대학원대학교"",""기타"",""대전"",""대학원대학"",""62,269,134"","""",""19,265,200,000"",""-"",""-"",""-"",""-"",""-"",""-"",""-"",""-"",""19,327,469,134"","""",""""]",2026-08-28T22:20:04.397Z
2025,0002928,대학원대학,특별법법인,경기,,국립암센터국제암대학원대학교,"[""2025"",""0002928"",""국립암센터국제암대학원대학교"",""특별법법인"",""경기"",""대학원대학"",""106,000,000"","""",""1,913,511,000"",""-"",""-"",""279,930,000"",""-"",""-"",""-"",""-"",""-"",""2,299,441,000"","""",""""]",2026-08-28T22:20:04.397Z
2025,0000657,대학원대학,사립,충남,,국제뇌교육종합대학원대학교,"[""2025"",""0000657"",""국제뇌교육종합대학원대학교"",""사립"",""충남"",""대학원대학"",""13,679,307"","""",""174,742,000"",""-"",""-"",""-"",""-"",""-"",""-"",""-"",""-"",""188,421,307"",""2,400,443,001"",""7.8""]",2026-08-28T22:20:04.397Z
2025,0000649,대학원대학,사립,서울,,수도국제대학원대학교,"[""2025"",""0000649"",""수도국제대학원대학교"",""사립"",""서울"",""대학원대학"",""7,788,154"","""",""-"",""-"",""-"",""-"",""-"",""-"",""-"",""-"",""130,626"",""7,918,780"",""3,829,090,000"",""0.2""]",2026-08-28T22:20:04.397Z
2025,0000656,대학원대학,사립,서울,,국제언어대학원대학교,"[""2025"",""0000656"",""국제언어대학원대학교"",""사립"",""서울"",""대학원대학"",""5,352,176"","""",""-"",""-"",""-"",""-"",""-"",""-"",""-"",""-"",""67,464"",""5,419,640"",""2,790,057,000"",""0.2""]",2026-08-28T22:20:04.397Z
2025,0002818,대학원대학,사립,경기,,능인대학원대학교,"[""2025"",""0002818"",""능인대학원대학교"",""사립"",""경기"",""대학원대학"",""20,075,000"","""",""-"",""-"",""-"",""-"",""-"",""-"",""-"",""-"",""-"",""20,075,000"",""347,200,000"",""5.8""]",2026-08-28T22:20:04.397Z
2025,0000641,대학원대학,사립,경기,,대한신학대학원대학교,"[""2025"",""0000641"",""대한신학대학원대학교"",""사립"",""경기"",""대학원대학"",""-"","""",""-"",""-"",""-"",""-"",""-"",""-"",""-"",""400,000"",""-"",""400,000"",""1,580,688,428"",""0.0""]",2026-08-28T22:20:04.397Z
2025,0000669,대학원대학,사립,서울,,동방문화대학원대학교,"[""2025"",""0000669"",""동방문화대학원대학교"",""사립"",""서울"",""대학원대학"",""219,762,638"","""",""-"",""-"",""-"",""-"",""-"",""-"",""-"",""-"",""3,059,792"",""222,822,430"",""2,765,827,195"",""8.1""]",2026-08-28T22:20:04.397Z
2025,0000642,대학원대학,사립,서울,,베뢰아국제대학원대학교,"[""2025"",""0000642"",""베뢰아국제대학원대학교"",""사립"",""서울"",""대학원대학"",""277,546"","""",""-"",""-"",""-"",""-"",""-"",""-"",""-"",""-"",""-"",""277,546"","""",""""]",2026-08-28T22:20:04.397Z
2025,0000670,대학원대학,사립,서울,,북한대학원대학교,"[""2025"",""0000670"",""북한대학원대학교"",""사립"",""서울"",""대학원대학"",""240,028,016"","""",""-"",""-"",""-"",""-"",""-"",""-"",""-"",""-"",""-"",""240,028,016"",""1,756,656,670"",""13.7""]",2026-08-28T22:20:04.397Z
2025,0000666,대학원대학,사립,서울,,서울과학종합대학원대학교,"[""2025"",""0000666"",""서울과학종합대학원대학교"",""사립"",""서울"",""대학원대학"",""5,461,549"","""",""-"",""-"",""-"",""-"",""-"",""-"",""-"",""-"",""130,625"",""5,592,174"",""19,751,491,600"",""0.0""]",2026-08-28T22:20:04.397Z
2025,0000660,대학원대학,사립,서울,,서울벤처대학원대학교,"[""2025"",""0000660"",""서울벤처대학원대학교"",""사립"",""서울"",""대학원대학"",""78,981"","""",""-"",""-"",""-"",""-"",""-"",""-"",""-"",""-"",""1,000,000"",""1,078,981"",""2,617,490,000"",""0.0""]",2026-08-28T22:20:04.397Z
2025,0000658,대학원대학,사립,서울,,서울불교대학원대학교,"[""2025"",""0000658"",""서울불교대학원대학교"",""사립"",""서울"",""대학원대학"",""36,684,806"","""",""-"",""-"",""-"",""-"",""-"",""-"",""-"",""-"",""271,024"",""36,955,830"",""1,824,101,900"",""2.0""]",2026-08-28T22:20:04.397Z
2025,0000678,대학원대학,사립,서울,,서울상담심리대학원대학교,"[""2025"",""0000678"",""서울상담심리대학원대학교"",""사립"",""서울"",""대학원대학"",""50,934,965"","""",""-"",""-"",""-"",""-"",""-"",""-"",""-"",""-"",""146,944"",""51,081,909"",""1,184,426,660"",""4.3""]",2026-08-28T22:20:04.397Z
2025,0000650,대학원대학,사립,서울,,서울성경신학대학원대학교,"[""2025"",""0000650"",""서울성경신학대학원대학교"",""사립"",""서울"",""대학원대학"",""21,020"","""",""192,500,000"",""-"",""-"",""-"",""-"",""-"",""-"",""-"",""-"",""192,521,020"",""334,083,320"",""57.6""]",2026-08-28T22:20:04.397Z
2025,0000659,대학원대학,사립,서울,,서울외국어대학원대학교,"[""2025"",""0000659"",""서울외국어대학원대학교"",""사립"",""서울"",""대학원대학"",""28,229,830"","""",""40,000,000"",""-"",""-"",""-"",""-"",""-"",""-"",""-"",""321,540"",""68,551,370"",""4,265,415,032"",""1.6""]",2026-08-28T22:20:04.397Z
2025,0000667,대학원대학,사립,경기,,선학유피대학원대학교,"[""2025"",""0000667"",""선학유피대학원대학교"",""사립"",""경기"",""대학원대학"",""9,155,264"","""",""-"",""-"",""-"",""-"",""-"",""-"",""-"",""-"",""-"",""9,155,264"",""386,105,000"",""2.4""]",2026-08-28T22:20:04.397Z
2025,0000644,대학원대학,사립,인천,,성산효대학원대학교,"[""2025"",""0000644"",""성산효대학원대학교"",""사립"",""인천"",""대학원대학"",""5,002,486"","""",""-"",""-"",""-"",""-"",""-"",""-"",""-"",""-"",""4,243,884"",""9,246,370"",""1,547,371,480"",""0.6""]",2026-08-28T22:20:04.397Z
2025,0000661,대학원대학,사립,경기,,성서침례대학원대학교,"[""2025"",""0000661"",""성서침례대학원대학교"",""사립"",""경기"",""대학원대학"",""5,385,690"","""",""761,000,000"",""-"",""-"",""-"",""-"",""-"",""-"",""-"",""-"",""766,385,690"",""276,343,330"",""277.3""]",2026-08-28T22:20:04.397Z
2025,0000671,대학원대학,사립,서울,,순복음대학원대학교,"[""2025"",""0000671"",""순복음대학원대학교"",""사립"",""서울"",""대학원대학"",""5,608,000"","""",""-"",""-"",""-"",""-"",""-"",""-"",""-"",""-"",""379,408"",""5,987,408"",""603,146,000"",""1.0""]",2026-08-28T22:20:04.397Z
2025,0000672,대학원대학,사립,경기,,실천신학대학원대학교,"[""2025"",""0000672"",""실천신학대학원대학교"",""사립"",""경기"",""대학원대학"",""48,861,094"","""",""689,350,000"",""-"",""-"",""-"",""-"",""-"",""-"",""-"",""-"",""738,211,094"",""545,693,900"",""135.3""]",2026-08-28T22:20:04.397Z
2025,0000646,대학원대학,사립,경기,,웨스트민스터신학대학원대학교,"[""2025"",""0000646"",""웨스트민스터신학대학원대학교"",""사립"",""경기"",""대학원대학"",""23,175,004"","""",""-"",""-"",""-"",""-"",""-"",""-"",""-"",""-"",""110,708"",""23,285,712"",""3,158,414,867"",""0.7""]",2026-08-28T22:20:04.397Z
2025,0000680,대학원대학,사립,인천,,주안대학원대학교,"[""2025"",""0000680"",""주안대학원대학교"",""사립"",""인천"",""대학원대학"",""7,500,000"","""",""526,000,000"",""-"",""-"",""-"",""-"",""-"",""-"",""-"",""284,943"",""533,784,943"",""455,251,250"",""117.3""]",2026-08-28T22:20:04.397Z
2025,0002817,대학원대학,사립,서울,,치유상담대학원대학교,"[""2025"",""0002817"",""치유상담대학원대학교"",""사립"",""서울"",""대학원대학"",""2,073,741"","""",""-"",""-"",""-"",""-"",""-"",""-"",""-"",""-"",""-"",""2,073,741"",""1,062,276,327"",""0.2""]",2026-08-28T22:20:04.397Z
2025,0000640,대학원대학,사립,세종,,한국개발연구원국제정책대학원대학교,"[""2025"",""0000640"",""한국개발연구원국제정책대학원대학교"",""사립"",""세종"",""대학원대학"",""33,696,578"","""",""20,000,000"",""-"",""-"",""-"",""-"",""-"",""-"",""40,909,090"",""87,000,000"",""181,605,668"","""",""""]",2026-08-28T22:20:04.397Z
2025,0000679,대학원대학,사립,서울,,한국상담대학원대학교,"[""2025"",""0000679"",""한국상담대학원대학교"",""사립"",""서울"",""대학원대학"",""7,448,379"","""",""-"",""-"",""-"",""-"",""-"",""-"",""-"",""-"",""-"",""7,448,379"",""1,511,672,350"",""0.5""]",2026-08-28T22:20:04.397Z
2025,0000681,대학원대학,사립,울산,,한국전력국제원자력대학원대학교,"[""2025"",""0000681"",""한국전력국제원자력대학원대학교"",""사립"",""울산"",""대학원대학"",""-"","""",""-"",""-"",""-"",""-"",""-"",""-"",""-"",""268,000,000"",""125,000,000"",""393,000,000"",""5,980,625,000"",""6.6""]",2026-08-28T22:20:04.397Z
2025,0000647,대학원대학,사립,경기,,합동신학대학원대학교,"[""2025"",""0000647"",""합동신학대학원대학교"",""사립"",""경기"",""대학원대학"",""45,589,293"","""",""-"",""-"",""-"",""-"",""-"",""-"",""-"",""-"",""265,820"",""45,855,113"",""1,714,498,170"",""2.7""]",2026-08-28T22:20:04.397Z
2025,0000648,대학원대학,사립,서울,,횃불트리니티신학대학원대학교,"[""2025"",""0000648"",""횃불트리니티신학대학원대학교"",""사립"",""서울"",""대학원대학"",""14,155,769"","""",""-"",""-"",""-"",""-"",""-"",""-"",""-"",""-"",""80,933"",""14,236,702"",""2,850,870,830"",""0.5""]",2026-08-28T22:20:04.397Z
2025,0000677,대학원대학,사립,서울,,서울미디어대학원대학교,"[""2025"",""0000677"",""서울미디어대학원대학교"",""사립"",""서울"",""대학원대학"",""6,485,940"","""",""-"",""-"",""60,000,000"",""-"",""-"",""-"",""-"",""-"",""-"",""66,485,940"",""2,869,950,164"",""2.3""]",2026-08-28T22:20:04.397Z
2025,0000653,대학원대학,사립,서울,,서울사회복지대학원대학교,"[""2025"",""0000653"",""서울사회복지대학원대학교"",""사립"",""서울"",""대학원대학"",""1,371,960"","""",""-"",""-"",""-"",""-"",""-"",""-"",""-"",""1,325,000"",""957,845"",""3,654,805"",""1,580,215,300"",""0.2""]",2026-08-28T22:20:04.397Z
2025,0000673,대학원대학,사립,서울,,한림국제대학원대학교,"[""2025"",""0000673"",""한림국제대학원대학교"",""사립"",""서울"",""대학원대학"",""91,248,897"","""",""-"",""-"",""300,000,000"",""-"",""-"",""-"",""-"",""-"",""2,498,751"",""393,747,648"",""2,649,806,300"",""14.9""]",2026-08-28T22:20:04.397Z
2025,0003183,대학,사립,서울,,태재대학교,"[""2025"",""0003183"",""태재대학교"",""사립"",""서울"",""대학"",""206,847,713"",""188,825,000"",""-"",""-"",""-"",""-"",""-"",""-"",""-"",""-"",""-"",""18,022,713"","""",""""]",2026-08-28T22:20:04.397Z
2025,0000155,대학,사립,전남,,영산선학대학교,"[""2025"",""0000155"",""영산선학대학교"",""사립"",""전남"",""대학"","""","""","""","""","""","""","""","""","""","""",""-"",""-"",""46,000,000"",""-""]",2026-08-28T22:20:04.397Z
2025,0000288,대학,사립,서울,,정석대학,"[""2025"",""0000288"",""정석대학"",""사립"",""서울"",""대학"","""","""","""","""","""","""","""","""","""","""",""-"",""-"","""",""""]",2026-08-28T22:20:04.397Z
2025,0000655,대학원대학,사립,경기,,국제법률경영대학원대학교,"[""2025"",""0000655"",""국제법률경영대학원대학교"",""사립"",""경기"",""대학원대학"","""","""","""","""","""","""","""","""","""","""",""-"",""-"",""78,200,000"",""-""]",2026-08-28T22:20:04.397Z
2025,0000662,대학원대학,사립,경기,,에스라성경대학원대학교,"[""2025"",""0000662"",""에스라성경대학원대학교"",""사립"",""경기"",""대학원대학"","""","""","""","""","""","""","""","""","""","""",""205,100"",""205,100"",""484,668,999"",""0.0""]",2026-08-28T22:20:04.397Z
2025,0000651,대학원대학,사립,서울,,예명대학원대학교,"[""2025"",""0000651"",""예명대학원대학교"",""사립"",""서울"",""대학원대학"","""","""","""","""","""","""","""","""","""","""",""-"",""-"",""2,044,598,010"",""-""]",2026-08-28T22:20:04.397Z
2025,0000654,대학원대학,사립,경기,,온석대학원대학교,"[""2025"",""0000654"",""온석대학원대학교"",""사립"",""경기"",""대학원대학"","""","""","""","""","""","""","""","""","""","""",""-"",""-"",""2,088,778,060"",""-""]",2026-08-28T22:20:04.397Z
2025,0000645,대학원대학,사립,전북,,원불교대학원대학교,"[""2025"",""0000645"",""원불교대학원대학교"",""사립"",""전북"",""대학원대학"","""","""","""","""","""","""","""","""","""","""",""-"",""-"",""120,000,000"",""-""]",2026-08-28T22:20:04.397Z
2025,0002668,대학원대학,사립,경기,,제네바신학대학원대학교,"[""2025"",""0002668"",""제네바신학대학원대학교"",""사립"",""경기"",""대학원대학"","""","""","""","""","""","""","""","""","""","""",""-"",""-"",""17,500,000"",""-""]",2026-08-28T22:20:04.397Z
2025,0002857,대학원대학,사립,경기,,구세군사관대학원대학교,"[""2025"",""0002857"",""구세군사관대학원대학교"",""사립"",""경기"",""대학원대학"","""","""","""","""","""","""","""","""","""","""",""-"",""-"",""92,800,000"",""-""]",2026-08-28T22:20:04.397Z
2025,0000676,대학원대학,사립,서울,,한반도국제대학원대학교,"[""2025"",""0000676"",""한반도국제대학원대학교"",""사립"",""서울"",""대학원대학"","""","""","""","""","""","""","""","""","""","""",""5,458,640"",""5,458,640"",""125,400,000"",""4.4""]",2026-08-28T22:20:04.397Z
2024,0002748,대학,사립,경남,,가야대학교(김해),"[""2024"",""0002748"",""가야대학교(김해)"",""사립"",""경남"",""대학"",""4,878,720,118"",""4,379,315,760"",""22,439,000"",""200,000,000"",""-"",""-"",""-"",""-"",""-"",""25,321,500"",""1,146,078,642"",""1,893,243,500"",""11,433,880,020"",""16.56""]",2026-08-28T22:20:04.397Z
2024,0000063,대학,사립,경기,,가천대학교,"[""2024"",""0000063"",""가천대학교"",""사립"",""경기"",""대학"",""80,451,568,062"",""34,886,660,189"",""24,562,813,800"",""1,335,758,618"",""11,005,801,333"",""2,413,007,333"",""1,000,000,000"",""483,300,000"",""115,937,000"",""3,752,787,370"",""4,518,120,186"",""94,752,433,513"",""198,884,892,050"",""47.64""]",2026-08-28T22:20:04.397Z
2024,0000072,대학,사립,강원,,가톨릭관동대학교,"[""2024"",""0000072"",""가톨릭관동대학교"",""사립"",""강원"",""대학"",""23,422,186,027"",""14,186,014,875"",""2,350,655,000"",""818,000,000"",""215,000,000"",""794,587,667"",""196,548,000"",""72,300,000"",""126,900,000"",""526,542,000"",""2,555,208,969"",""16,891,912,788"",""39,737,246,204"",""42.51""]",2026-08-28T22:20:04.397Z
2024,0000215,대학,사립,충북,,가톨릭꽃동네대학교,"[""2024"",""0000215"",""가톨릭꽃동네대학교"",""사립"",""충북"",""대학"",""3,310,100,715"",""1,081,513,830"",""-"",""-"",""-"",""-"",""442,929,000"",""-"",""-"",""3,898,000"",""-"",""2,675,413,885"",""3,300,786,665"",""81.05""]",2026-08-28T22:20:04.397Z
2024,0000046,대학,사립,경기,,가톨릭대학교,"[""2024"",""0000046"",""가톨릭대학교"",""사립"",""경기"",""대학"",""39,905,714,900"",""15,160,946,314"",""32,208,535,207"",""-"",""5,082,247,000"",""11,192,610,120"",""573,000,000"",""-"",""57,906,000"",""8,088,682,632"",""2,078,464,701"",""84,026,214,246"",""89,773,776,206"",""93.60""]",2026-08-28T22:20:04.397Z
2024,0000050,대학,사립,서울,,감리교신학대학교,"[""2024"",""0000050"",""감리교신학대학교"",""사립"",""서울"",""대학"",""2,860,405,998"",""1,896,537,100"",""-"",""-"",""-"",""-"",""-"",""-"",""-"",""4,950,000"",""14,459,929"",""983,278,827"",""7,387,470,000"",""13.31""]",2026-08-28T22:20:04.397Z
2024,0000051,대학,사립,경기,,강남대학교,"[""2024"",""0000051"",""강남대학교"",""사립"",""경기"",""대학"",""24,990,006,716"",""12,630,294,149"",""490,801,000"",""1,224,835,000"",""40,000,000"",""80,000,000"",""1,234,200,000"",""-"",""-"",""218,433,410"",""565,341,903"",""16,213,323,880"",""49,873,888,627"",""32.51""]",2026-08-28T22:20:04.397Z
2024,0000079,대학,사립,서울,,강서대학교,"[""2024"",""0000079"",""강서대학교"",""사립"",""서울"",""대학"",""3,743,903,768"",""2,828,466,417"",""243,505,000"",""-"",""-"",""-"",""16,000,000"",""-"",""-"",""8,482,500"",""1,043,687,093"",""2,227,111,944"",""12,348,334,883"",""18.04""]",2026-08-28T22:20:04.397Z
2024,0000003,대학,국립,강원,,강원대학교,"[""2024"",""0000003"",""강원대학교"",""국립"",""강원"",""대학"",""357,510,175,599"",""31,925,440,974"",""30,918,017,674"",""919,900,000"",""5,264,265,000"",""1,377,347,884"",""440,496,000"",""7,236,370,000"",""2,284,796,474"",""14,678,093,041"",""28,788,496,904"",""417,492,517,602"",""79,796,843,893"",""523.19""]",2026-08-28T22:20:04.397Z
2024,0000052,대학,사립,서울,,건국대학교,"[""2024"",""0000052"",""건국대학교"",""사립"",""서울"",""대학"",""45,033,975,702"",""16,911,601,405"",""25,226,696,060"",""464,993,550"",""9,573,104,000"",""523,730,122"",""95,813,000"",""96,000,000"",""1,200,302,006"",""10,420,392,696"",""3,789,244,135"",""79,512,649,866"",""230,867,218,809"",""34.44""]",2026-08-28T22:20:04.397Z
2024,0000053,대학,사립,충북,,건국대학교(글로컬),"[""2024"",""0000053"",""건국대학교(글로컬)"",""사립"",""충북"",""대학"",""45,416,049,380"",""23,390,348,770"",""5,730,693,000"",""194,988,232"",""162,706,667"",""420,230,000"",""17,000,000"",""54,370,000"",""23,416,000"",""609,708,230"",""2,089,044,830"",""31,327,857,569"",""-"",""""]",2026-08-28T22:20:04.397Z
2024,0000054,대학,사립,충남,,건양대학교,"[""2024"",""0000054"",""건양대학교"",""사립"",""충남"",""대학"",""40,395,155,672"",""15,750,607,912"",""3,521,959,000"",""214,000,000"",""1,343,440,000"",""705,000,000"",""-"",""225,995,000"",""-"",""236,774,660"",""3,088,277,503"",""33,979,993,923"",""45,521,868,566"",""74.65""]",2026-08-28T22:20:04.397Z
2024,0000335,대학,사립,대전,,건양사이버대학교,"[""2024"",""0000335"",""건양사이버대학교"",""사립"",""대전"",""대학"",""8,511,450,525"",""7,487,715,000"",""-"",""-"",""-"",""-"",""-"",""216,000,000"",""-"",""114,226,500"",""51,686,238"",""1,405,648,263"",""11,008,375,200"",""12.77""]",2026-08-28T22:20:04.397Z
2024,0000056,대학,사립,경기,,경기대학교,"[""2024"",""0000056"",""경기대학교"",""사립"",""경기"",""대학"",""47,300,127,616"",""27,773,731,600"",""6,418,618,000"",""1,339,500,000"",""2,364,851,000"",""-"",""293,634,000"",""32,000,000"",""90,444,000"",""995,186,500"",""2,907,245,872"",""33,967,875,388"",""113,769,486,000"",""29.86""]",2026-08-28T22:20:04.397Z
2024,0000059,대학,사립,경남,,경남대학교,"[""2024"",""0000059"",""경남대학교"",""사립"",""경남"",""대학"",""43,971,410,769"",""19,641,806,013"",""3,831,995,400"",""971,988,000"",""601,900,000"",""-"",""83,000,000"",""715,242,000"",""-"",""164,454,900"",""2,642,512,615"",""33,340,697,671"",""59,575,995,484"",""55.96""]",2026-08-28T22:20:04.397Z
2024,0000060,대학,사립,강원,,경동대학교,"[""2024"",""0000060"",""경동대학교"",""사립"",""강원"",""대학"",""24,790,926,349"",""17,654,070,020"",""120,960,000"",""-"",""-"",""-"",""-"",""153,245,000"",""15,900,000"",""134,012,500"",""4,086,956,437"",""11,647,930,266"",""62,381,385,426"",""18.67""]",2026-08-28T22:20:04.397Z
2024,0000005,대학,국립,대구,,경북대학교,"[""2024"",""0000005"",""경북대학교"",""국립"",""대구"",""대학"",""466,702,976,181"",""33,536,267,270"",""87,341,504,550"",""764,548,000"",""23,191,759,200"",""2,311,408,333"",""304,400,000"",""801,170,000"",""4,173,621,182"",""16,313,701,309"",""41,527,020,988"",""609,895,842,473"",""110,054,662,510"",""554.18""]",2026-08-28T22:20:04.397Z
2024,0000007,대학,국립,경남,,경상국립대학교,"[""2024"",""0000007"",""경상국립대학교"",""국립"",""경남"",""대학"",""393,436,283,819"",""31,732,495,264"",""35,506,373,000"",""515,841,350"",""7,669,684,333"",""236,760,000"",""733,172,000"",""7,998,188,000"",""2,469,178,250"",""9,676,523,000"",""23,437,168,735"",""449,946,677,223"",""68,835,303,815"",""653.66""]",2026-08-28T22:20:04.397Z
2024,0000062,대학,사립,부산,,경성대학교,"[""2024"",""0000062"",""경성대학교"",""사립"",""부산"",""대학"",""49,011,891,892"",""26,704,620,098"",""864,683,000"",""1,662,772,467"",""-"",""-"",""62,500,000"",""20,370,000"",""-"",""1,790,762,500"",""1,314,622,312"",""28,022,982,073"",""87,169,578,135"",""32.15""]",2026-08-28T22:20:04.397Z
2024,0000244,대학,사립,경북,,경운대학교,"[""2024"",""0000244"",""경운대학교"",""사립"",""경북"",""대학"",""23,331,936,461"",""13,047,611,000"",""1,202,659,000"",""199,688,522"",""233,000,000"",""-"",""86,000,000"",""47,000,000"",""-"",""98,692,500"",""1,718,723,938"",""13,870,089,421"",""38,597,780,801"",""35.93""]",2026-08-28T22:20:04.397Z
2024,0000256,대학,국립,인천,,경인교육대학교,"[""2024"",""0000256"",""경인교육대학교"",""국립"",""인천"",""대학"",""42,269,574,945"",""2,532,889,660"",""90,285,000"",""-"",""-"",""-"",""157,000,000"",""-"",""8,298,000"",""-"",""2,465,408,805"",""42,457,677,090"",""12,138,914,330"",""349.77""]",2026-08-28T22:20:04.397Z
2024,0000064,대학,사립,경북,,경일대학교,"[""2024"",""0000064"",""경일대학교"",""사립"",""경북"",""대학"",""43,786,301,794"",""17,037,743,120"",""838,425,000"",""575,000,000"",""190,000,000"",""135,000,000"",""97,000,000"",""261,270,000"",""-"",""322,023,500"",""468,918,917"",""29,636,196,091"",""49,216,137,850"",""60.22""]",2026-08-28T22:20:04.397Z
2024,0000066,대학,사립,서울,,경희대학교,"[""2024"",""0000066"",""경희대학교"",""사립"",""서울"",""대학"",""92,685,583,981"",""39,079,271,100"",""61,969,675,324"",""-"",""12,720,853,667"",""10,587,360,667"",""3,099,950,000"",""685,095,000"",""437,179,000"",""9,851,137,219"",""6,208,525,811"",""159,166,089,569"",""303,069,353,517"",""52.52""]",2026-08-28T22:20:04.397Z
2024,0000318,대학,사립,서울,,경희사이버대학교,"[""2024"",""0000318"",""경희사이버대학교"",""사립"",""서울"",""대학"",""13,292,574,543"",""12,562,600,500"",""-"",""-"",""-"",""428,500,000"",""-"",""-"",""-"",""241,007,000"",""42,201,910"",""1,441,682,953"",""31,695,212,836"",""4.55""]",2026-08-28T22:20:04.397Z
2024,0000068,대학,사립,대구,,계명대학교,"[""2024"",""0000068"",""계명대학교"",""사립"",""대구"",""대학"",""91,721,065,199"",""48,392,422,192"",""9,647,340,000"",""1,659,142,230"",""2,094,666,666"",""1,074,209,000"",""788,263,000"",""241,250,000"",""19,239,000"",""1,520,187,100"",""5,856,223,045"",""66,229,163,048"",""163,379,084,374"",""40.54""]",2026-08-28T22:20:04.397Z
2024,0000069,대학,사립,서울,,고려대학교,"[""2024"",""0000069"",""고려대학교"",""사립"",""서울"",""대학"",""128,019,792,441"",""25,305,682,060"",""174,912,819,662"",""-"",""22,132,776,335"",""17,462,913,631"",""2,315,519,025"",""602,370,000"",""413,801,799"",""23,526,574,661"",""22,628,748,641"",""366,709,634,135"",""384,122,625,602"",""95.47""]",2026-08-28T22:20:04.397Z
2024,0000070,대학,사립,세종,,고려대학교(세종),"[""2024"",""0000070"",""고려대학교(세종)"",""사립"",""세종"",""대학"",""43,680,003,910"",""10,823,102,757"",""11,220,551,000"",""374,342,930"",""2,906,827,000"",""686,236,732"",""154,400,000"",""125,370,000"",""388,400,000"",""2,410,764,606"",""209,607,281"",""51,333,400,702"",""-"",""""]",2026-08-28T22:20:04.397Z
2024,0000328,대학,사립,서울,,고려사이버대학교,"[""2024"",""0000328"",""고려사이버대학교"",""사립"",""서울"",""대학"",""8,677,341,968"",""7,524,961,300"",""-"",""-"",""-"",""90,000,000"",""-"",""-"",""-"",""123,053,850"",""28,567,576"",""1,394,002,094"",""22,402,585,100"",""6.22""]",2026-08-28T22:20:04.397Z
2024,0000071,대학,사립,부산,,고신대학교,"[""2024"",""0000071"",""고신대학교"",""사립"",""부산"",""대학"",""13,611,262,476"",""7,175,416,470"",""1,058,197,000"",""185,397,977"",""70,000,000"",""100,000,000"",""896,474,000"",""22,350,000"",""-"",""451,233,500"",""1,642,055,078"",""10,861,553,561"",""21,362,326,642"",""50.84""]",2026-08-28T22:20:04.397Z
2024,0000251,대학,국립,충남,,공주교육대학교,"[""2024"",""0000251"",""공주교육대학교"",""국립"",""충남"",""대학"",""24,827,869,388"",""1,490,360,000"",""164,778,000"",""-"",""1,300,700,000"",""-"",""-"",""-"",""-"",""150,000,000"",""652,416,802"",""25,605,404,190"",""6,425,908,000"",""398.47""]",2026-08-28T22:20:04.397Z
2024,0000073,대학,사립,광주,,광신대학교,"[""2024"",""0000073"",""광신대학교"",""사립"",""광주"",""대학"",""1,686,258,218"",""1,576,778,000"",""-"",""-"",""-"",""-"",""-"",""-"",""-"",""44,673,000"",""374,100,000"",""528,253,218"",""5,519,421,068"",""9.57""]",2026-08-28T22:20:04.397Z
2024,0000074,대학,사립,서울,,광운대학교,"[""2024"",""0000074"",""광운대학교"",""사립"",""서울"",""대학"",""34,992,163,766"",""13,756,396,420"",""10,061,976,400"",""503,500,000"",""4,323,181,333"",""116,000,000"",""970,000,000"",""312,571,000"",""-"",""1,942,959,000"",""5,624,497,731"",""45,090,452,810"",""79,799,260,160"",""56.50""]",2026-08-28T22:20:04.397Z
2024,0000075,대학,사립,전남,,광주가톨릭대학교,"[""2024"",""0000075"",""광주가톨릭대학교"",""사립"",""전남"",""대학"",""-"","""",""-"",""478,398,000"",""-"",""-"",""-"",""-"",""-"",""-"",""92,840,000"",""571,238,000"",""-"",""""]",2026-08-28T22:20:04.397Z
2024,0000381,대학,특별법법인,광주,,광주과학기술원,"[""2024"",""0000381"",""광주과학기술원"",""특별법법인"",""광주"",""대학"",""3,603,000,476"",""351,208,000"",""153,391,263,850"",""-"",""3,320,107,667"",""1,094,381,333"",""3,257,458,000"",""44,000,000"",""-"",""1,575,000,000"",""158,530,000"",""166,092,533,326"",""-"",""""]",2026-08-28T22:20:04.397Z
2024,0000252,대학,국립,광주,,광주교육대학교,"[""2024"",""0000252"",""광주교육대학교"",""국립"",""광주"",""대학"",""35,381,583,550"",""1,618,868,250"",""66,560,500"",""-"",""-"",""-"",""-"",""-"",""-"",""-"",""1,279,442,122"",""35,108,717,922"",""6,162,518,440"",""569.71""]",2026-08-28T22:20:04.397Z
2024,0000231,대학,사립,광주,,광주대학교,"[""2024"",""0000231"",""광주대학교"",""사립"",""광주"",""대학"",""30,209,817,745"",""15,901,557,535"",""419,875,000"",""438,025,920"",""120,000,000"",""-"",""70,000,000"",""370,200,000"",""5,250,000"",""73,022,000"",""124,676,833"",""15,929,309,963"",""35,598,682,223"",""44.75""]",2026-08-28T22:20:04.397Z
2024,0000076,대학,사립,광주,,광주여자대학교,"[""2024"",""0000076"",""광주여자대학교"",""사립"",""광주"",""대학"",""17,895,105,840"",""9,365,261,025"",""66,185,000"",""200,000,000"",""-"",""-"",""40,000,000"",""-"",""11,422,000"",""59,874,250"",""92,986,345"",""9,000,312,410"",""21,334,241,946"",""42.19""]",2026-08-28T22:20:04.397Z
2024,0000001,대학,국립,강원,,국립강릉원주대학교,"[""2024"",""0000001"",""국립강릉원주대학교"",""국립"",""강원"",""대학"",""134,925,505,117"",""14,106,874,360"",""4,589,197,000"",""-"",""1,982,332,000"",""-"",""567,773,000"",""438,610,000"",""99,624,000"",""2,616,625,000"",""3,414,035,011"",""134,526,826,768"",""26,440,851,110"",""508.78""]",2026-08-28T22:20:04.397Z
2024,0000021,대학,국립,경북,,국립경국대학교,"[""2024"",""0000021"",""국립경국대학교"",""국립"",""경북"",""대학"",""115,945,573,862"",""10,641,544,750"",""4,345,800,200"",""613,887,290"",""1,042,000,000"",""-"",""44,000,000"",""66,340,000"",""594,129,200"",""1,601,200,000"",""17,519,651,571"",""131,131,037,373"",""16,304,869,850"",""804.24""]",2026-08-28T22:20:04.397Z
2024,0000008,대학,국립,충남,,국립공주대학교,"[""2024"",""0000008"",""국립공주대학교"",""국립"",""충남"",""대학"",""185,026,299,397"",""21,059,055,693"",""11,850,204,389"",""82,184,000"",""7,885,969,000"",""-"",""148,000,000"",""887,454,500"",""869,320,000"",""3,760,213,806"",""6,506,028,307"",""195,956,617,706"",""46,324,193,030"",""423.01""]",2026-08-28T22:20:04.397Z
2024,0000009,대학,국립,전북,,국립군산대학교,"[""2024"",""0000009"",""국립군산대학교"",""국립"",""전북"",""대학"",""124,442,280,640"",""12,213,655,040"",""7,109,097,000"",""181,821,150"",""3,894,490,000"",""-"",""80,500,000"",""42,250,000"",""137,615,000"",""5,312,480,000"",""6,349,076,920"",""135,335,955,670"",""24,151,865,260"",""560.35""]",2026-08-28T22:20:04.397Z
2024,0000010,대학,국립,경북,,국립금오공과대학교,"[""2024"",""0000010"",""국립금오공과대학교"",""국립"",""경북"",""대학"",""94,614,540,674"",""9,291,726,520"",""10,849,851,607"",""419,197,670"",""4,260,284,000"",""99,765,000"",""-"",""566,240,000"",""36,000,000"",""853,999,896"",""3,978,167,502"",""106,386,319,829"",""18,476,148,050"",""575.80""]",2026-08-28T22:20:04.397Z
2024,0000011,대학,국립,전남,,국립목포대학교,"[""2024"",""0000011"",""국립목포대학교"",""국립"",""전남"",""대학"",""125,309,499,956"",""12,391,679,850"",""3,951,679,494"",""1,866,497,858"",""3,031,410,000"",""60,000,000"",""228,548,000"",""1,130,370,000"",""259,530,156"",""2,599,410,908"",""3,456,148,630"",""129,501,415,152"",""20,386,142,709"",""635.24""]",2026-08-28T22:20:04.397Z
2024,0000012,대학,국립,전남,,국립목포해양대학교,"[""2024"",""0000012"",""국립목포해양대학교"",""국립"",""전남"",""대학"",""74,975,397,473"",""4,075,049,820"",""735,997,000"",""-"",""812,100,000"",""-"",""-"",""-"",""-"",""1,158,550,000"",""854,872,126"",""74,461,866,779"",""7,766,343,660"",""958.78""]",2026-08-28T22:20:04.397Z
2024,0000013,대학,국립,부산,,국립부경대학교,"[""2024"",""0000013"",""국립부경대학교"",""국립"",""부산"",""대학"",""228,105,743,577"",""27,071,081,180"",""21,489,967,846"",""1,237,667,900"",""6,068,247,333"",""-"",""-"",""290,915,000"",""-"",""16,260,241,500"",""3,010,076,739"",""249,391,778,715"",""58,082,826,490"",""429.37""]",2026-08-28T22:20:04.397Z
2024,0000020,대학,국립,전남,,국립순천대학교,"[""2024"",""0000020"",""국립순천대학교"",""국립"",""전남"",""대학"",""122,582,787,093"",""11,611,258,180"",""8,662,658,957"",""929,234,410"",""2,081,795,000"",""-"",""27,000,000"",""235,747,500"",""1,055,305,029"",""2,658,099,417"",""4,904,697,904"",""131,526,067,130"",""25,199,743,130"",""521.93""]",2026-08-28T22:20:04.397Z
2024,0000028,대학,국립,경남,,국립창원대학교,"[""2024"",""0000028"",""국립창원대학교"",""국립"",""경남"",""대학"",""123,869,020,181"",""14,078,658,350"",""8,180,172,100"",""193,656,800"",""4,934,609,000"",""-"",""57,000,000"",""2,067,895,000"",""-"",""1,446,641,000"",""3,060,257,972"",""129,730,593,703"",""29,054,270,910"",""446.51""]",2026-08-28T22:20:04.397Z
2024,0000034,대학,국립,충북,,국립한국교통대학교,"[""2024"",""0000034"",""국립한국교통대학교"",""국립"",""충북"",""대학"",""129,693,497,554"",""14,894,299,020"",""6,927,316,380"",""395,319,300"",""2,354,480,000"",""20,000,000"",""15,000,000"",""1,331,402,500"",""-"",""2,364,450,000"",""2,416,992,267"",""130,624,158,981"",""28,920,249,826"",""451.67""]",2026-08-28T22:20:04.397Z
2024,0000033,대학,국립,부산,,국립한국해양대학교,"[""2024"",""0000033"",""국립한국해양대학교"",""국립"",""부산"",""대학"",""129,841,697,918"",""10,041,401,020"",""4,947,645,000"",""250,000,000"",""4,190,104,000"",""-"",""10,000,000"",""573,978,000"",""668,567,970"",""3,245,522,000"",""4,555,688,638"",""138,241,802,506"",""21,956,082,900"",""629.63""]",2026-08-28T22:20:04.397Z
2024,0000039,대학,국립,대전,,국립한밭대학교,"[""2024"",""0000039"",""국립한밭대학교"",""국립"",""대전"",""대학"",""117,957,249,511"",""14,015,430,850"",""10,302,636,450"",""1,326,509,330"",""3,336,202,000"",""40,000,000"",""-"",""962,956,000"",""87,190,120"",""575,180,000"",""5,615,170,008"",""126,187,662,569"",""31,930,994,600"",""395.19""]",2026-08-28T22:20:04.397Z
2024,0000078,대학,사립,서울,,국민대학교,"[""2024"",""0000078"",""국민대학교"",""사립"",""서울"",""대학"",""69,144,679,162"",""27,031,959,709"",""16,919,421,554"",""420,000,000"",""7,336,004,667"",""-"",""286,525,000"",""-"",""88,053,862"",""6,165,378,473"",""3,191,475,420"",""76,519,578,429"",""156,606,368,750"",""48.86""]",2026-08-28T22:20:04.397Z
2024,0000319,대학,사립,경기,,국제사이버대학교,"[""2024"",""0000319"",""국제사이버대학교"",""사립"",""경기"",""대학"",""6,163,432,325"",""6,126,840,000"",""-"",""-"",""-"",""-"",""-"",""-"",""-"",""129,034,500"",""115,636"",""165,742,461"",""9,015,517,000"",""1.84""]",2026-08-28T22:20:04.397Z
2024,0000080,대학,사립,충북,,극동대학교,"[""2024"",""0000080"",""극동대학교"",""사립"",""충북"",""대학"",""7,680,102,978"",""6,935,737,862"",""155,698,800"",""-"",""131,040,000"",""-"",""-"",""40,000,000"",""-"",""322,866,000"",""102,563,828"",""1,496,533,744"",""23,460,067,049"",""6.38""]",2026-08-28T22:20:04.397Z
2024,0000334,대학,사립,충남,,글로벌사이버대학교,"[""2024"",""0000334"",""글로벌사이버대학교"",""사립"",""충남"",""대학"",""3,698,653,946"",""3,509,488,500"",""-"",""-"",""-"",""-"",""-"",""-"",""-"",""82,500,000"",""63,538"",""271,728,984"",""6,248,373,000"",""4.35""]",2026-08-28T22:20:04.397Z
2024,0000224,대학,사립,충남,,금강대학교,"[""2024"",""0000224"",""금강대학교"",""사립"",""충남"",""대학"",""437,095,596"",""171,244,000"",""-"",""-"",""-"",""75,000,000"",""-"",""-"",""-"",""-"",""2,000,000"",""342,851,596"",""721,268,000"",""47.53""]",2026-08-28T22:20:04.397Z
2024,0000241,대학,사립,경북,,김천대학교,"[""2024"",""0000241"",""김천대학교"",""사립"",""경북"",""대학"",""7,701,356,996"",""6,170,944,234"",""24,192,000"",""-"",""-"",""27,680,000"",""43,000,000"",""-"",""-"",""41,551,700"",""1,136,672,939"",""2,803,509,401"",""16,195,332,777"",""17.31""]",2026-08-28T22:20:04.397Z
2024,0000081,대학,사립,충남,,나사렛대학교,"[""2024"",""0000081"",""나사렛대학교"",""사립"",""충남"",""대학"",""22,724,325,457"",""10,988,833,160"",""49,448,000"",""169,636,595"",""-"",""203,000,000"",""460,025,000"",""-"",""5,975,000"",""25,517,500"",""2,179,070,218"",""14,828,164,610"",""35,051,070,580"",""42.30""]",2026-08-28T22:20:04.397Z
2024,0000216,대학,사립,광주,,남부대학교,"[""2024"",""0000216"",""남부대학교"",""사립"",""광주"",""대학"",""14,033,101,400"",""7,036,072,069"",""45,805,000"",""-"",""530,000,000"",""-"",""30,000,000"",""449,454,000"",""-"",""18,184,200"",""191,144,497"",""8,261,617,028"",""17,532,404,286"",""47.12""]",2026-08-28T22:20:04.397Z
2024,0000245,대학,사립,충남,,남서울대학교,"[""2024"",""0000245"",""남서울대학교"",""사립"",""충남"",""대학"",""33,160,204,280"",""21,192,018,610"",""400,722,000"",""972,994,950"",""-"",""390,000,000"",""40,000,000"",""212,000,000"",""-"",""189,803,500"",""1,066,676,156"",""15,240,382,276"",""74,009,957,939"",""20.59""]",2026-08-28T22:20:04.397Z
2024,0000082,대학,사립,경기,,단국대학교,"[""2024"",""0000082"",""단국대학교"",""사립"",""경기"",""대학"",""96,368,683,443"",""41,717,317,811"",""23,895,022,833"",""1,628,957,693"",""8,246,109,666"",""1,782,000,000"",""362,525,000"",""1,075,321,000"",""325,128,000"",""5,666,738,000"",""4,919,238,235"",""102,552,406,059"",""218,149,660,756"",""47.01""]",2026-08-28T22:20:04.397Z
2024,0000088,대학,사립,경북,,대구가톨릭대학교,"[""2024"",""0000088"",""대구가톨릭대학교"",""사립"",""경북"",""대학"",""51,217,766,672"",""27,044,880,559"",""6,179,673,000"",""1,489,000,000"",""1,346,510,000"",""807,500,000"",""4,000,000"",""161,370,000"",""25,401,000"",""1,534,656,059"",""4,649,998,752"",""40,370,994,924"",""86,462,960,384"",""46.69""]",2026-08-28T22:20:04.397Z
2024,0000382,대학,특별법법인,대구,,대구경북과학기술원,"[""2024"",""0000382"",""대구경북과학기술원"",""특별법법인"",""대구"",""대학"",""3,456,836,520"",""16,269,000"",""143,188,667,000"",""-"",""2,474,000,000"",""1,278,022,667"",""-"",""235,167,000"",""180,400,000"",""893,000,000"",""2,161,000,000"",""153,850,824,187"",""-"",""""]",2026-08-28T22:20:04.397Z
2024,0000253,대학,국립,대구,,대구교육대학교,"[""2024"",""0000253"",""대구교육대학교"",""국립"",""대구"",""대학"",""29,436,524,905"",""2,008,849,000"",""70,528,000"",""-"",""-"",""-"",""-"",""-"",""-"",""-"",""884,813,000"",""28,383,016,905"",""8,677,367,560"",""327.09""]",2026-08-28T22:20:04.397Z
2024,0000084,대학,사립,경북,,대구대학교,"[""2024"",""0000084"",""대구대학교"",""사립"",""경북"",""대학"",""76,566,874,631"",""39,735,290,644"",""2,512,771,000"",""2,380,948,000"",""605,000,000"",""125,000,000"",""158,980,000"",""7,762,488,000"",""406,440,000"",""1,349,284,910"",""1,622,785,709"",""53,755,281,606"",""114,171,959,968"",""47.08""]",2026-08-28T22:20:04.397Z
2024,0000320,대학,사립,경북,,대구사이버대학교,"[""2024"",""0000320"",""대구사이버대학교"",""사립"",""경북"",""대학"",""5,786,926,558"",""5,381,893,400"",""-"",""-"",""-"",""-"",""-"",""-"",""-"",""117,332,500"",""10,629,687"",""532,995,345"",""10,799,578,397"",""4.94""]",2026-08-28T22:20:04.397Z
2024,0000087,대학,사립,경북,,대구예술대학교,"[""2024"",""0000087"",""대구예술대학교"",""사립"",""경북"",""대학"",""943,634,433"",""828,947,666"",""-"",""-"",""-"",""-"",""-"",""-"",""-"",""1,050,000"",""5,988,562"",""121,725,329"",""2,125,796,666"",""5.73""]",2026-08-28T22:20:04.397Z
2024,0000061,대학,사립,경북,,대구한의대학교,"[""2024"",""0000061"",""대구한의대학교"",""사립"",""경북"",""대학"",""42,996,088,660"",""18,393,772,830"",""2,636,594,000"",""973,258,272"",""-"",""368,400,000"",""177,009,700"",""566,000,000"",""6,138,000"",""274,774,990"",""2,312,649,941"",""31,917,140,733"",""49,378,060,580"",""64.64""]",2026-08-28T22:20:04.397Z
2024,0000093,대학,사립,경북,,대신대학교,"[""2024"",""0000093"",""대신대학교"",""사립"",""경북"",""대학"",""2,192,267,635"",""1,943,644,666"",""-"",""-"",""-"",""-"",""-"",""-"",""-"",""20,118,000"",""93,000,000"",""361,740,969"",""4,674,219,347"",""7.74""]",2026-08-28T22:20:04.397Z
2024,0000094,대학,사립,세종,,대전가톨릭대학교,"[""2024"",""0000094"",""대전가톨릭대학교"",""사립"",""세종"",""대학"",""71,680,000"",""71,680,000"",""-"",""-"",""-"",""-"",""-"",""-"",""-"",""-"",""-"",""-"",""303,460,000"",""-""]",2026-08-28T22:20:04.397Z
2024,0000095,대학,사립,대전,,대전대학교,"[""2024"",""0000095"",""대전대학교"",""사립"",""대전"",""대학"",""43,594,125,352"",""19,525,500,442"",""2,031,919,000"",""260,000,000"",""694,080,000"",""1,625,400,000"",""55,000,000"",""335,053,500"",""12,984,000"",""238,940,500"",""7,859,928,552"",""37,181,930,462"",""58,140,167,593"",""63.95""]",2026-08-28T22:20:04.397Z
2024,0000238,대학,사립,대전,,대전신학대학교,"[""2024"",""0000238"",""대전신학대학교"",""사립"",""대전"",""대학"",""303,532,844"",""178,491,000"",""-"",""-"",""-"",""-"",""-"",""-"",""-"",""6,023,000"",""-"",""131,064,844"",""1,022,172,013"",""12.82""]",2026-08-28T22:20:04.397Z
2024,0000097,대학,사립,경기,,대진대학교,"[""2024"",""0000097"",""대진대학교"",""사립"",""경기"",""대학"",""25,943,771,276"",""17,291,055,830"",""188,728,000"",""1,157,394,705"",""606,700,000"",""-"",""-"",""145,370,000"",""12,714,000"",""458,518,250"",""4,792,026,644"",""16,014,167,045"",""58,288,153,300"",""27.47""]",2026-08-28T22:20:04.397Z
2024,0000099,대학,사립,서울,,덕성여자대학교,"[""2024"",""0000099"",""덕성여자대학교"",""사립"",""서울"",""대학"",""21,183,099,195"",""9,544,557,255"",""1,344,869,000"",""644,600,000"",""512,000,000"",""200,000,000"",""-"",""65,000,000"",""5,519,000"",""717,237,080"",""1,174,474,227"",""16,302,241,247"",""40,101,606,760"",""40.65""]",2026-08-28T22:20:04.397Z
2024,0000100,대학,사립,서울,,동국대학교,"[""2024"",""0000100"",""동국대학교"",""사립"",""서울"",""대학"",""58,374,279,970"",""21,440,996,800"",""29,142,284,463"",""337,000,000"",""5,947,537,667"",""2,256,345,123"",""4,288,281,500"",""820,740,000"",""31,341,818"",""5,557,928,237"",""2,445,511,472"",""87,760,253,450"",""213,109,209,102"",""41.18""]",2026-08-28T22:20:04.397Z
2024,0000101,대학,사립,경북,,동국대학교(WISE),"[""2024"",""0000101"",""동국대학교(WISE)"",""사립"",""경북"",""대학"",""29,207,619,942"",""14,783,507,471"",""3,172,122,000"",""870,000,000"",""340,704,000"",""1,679,160,000"",""12,000,000"",""-"",""70,000,000"",""346,834,100"",""3,207,420,800"",""24,122,353,371"",""-"",""""]",2026-08-28T22:20:04.397Z
2024,0000102,대학,사립,서울,,동덕여자대학교,"[""2024"",""0000102"",""동덕여자대학교"",""사립"",""서울"",""대학"",""21,617,008,954"",""13,405,510,244"",""1,239,177,000"",""370,000,000"",""231,000,000"",""153,300,000"",""-"",""-"",""-"",""763,469,000"",""1,707,981,639"",""12,676,426,349"",""53,042,371,390"",""23.90""]",2026-08-28T22:20:04.397Z
2024,0000235,대학,사립,부산,,동명대학교,"[""2024"",""0000235"",""동명대학교"",""사립"",""부산"",""대학"",""37,276,509,205"",""19,719,952,150"",""195,956,000"",""649,829,003"",""304,994,000"",""-"",""135,400,000"",""272,370,000"",""-"",""118,401,900"",""2,091,743,083"",""21,325,251,041"",""47,465,531,430"",""44.93""]",2026-08-28T22:20:04.397Z
2024,0000103,대학,사립,부산,,동서대학교,"[""2024"",""0000103"",""동서대학교"",""사립"",""부산"",""대학"",""49,380,948,349"",""23,762,661,525"",""3,073,610,000"",""1,258,712,826"",""412,760,000"",""-"",""413,000,000"",""287,561,000"",""10,084,000"",""442,650,500"",""2,394,841,434"",""33,911,506,584"",""58,021,613,273"",""58.45""]",2026-08-28T22:20:04.397Z
2024,0000104,대학,사립,전남,,동신대학교,"[""2024"",""0000104"",""동신대학교"",""사립"",""전남"",""대학"",""31,798,684,078"",""16,046,196,130"",""2,662,848,000"",""827,428,000"",""717,033,000"",""1,447,941,000"",""930,109,000"",""570,370,000"",""-"",""264,118,000"",""6,448,804,493"",""29,621,139,441"",""42,958,652,490"",""68.95""]",2026-08-28T22:20:04.397Z
2024,0000105,대학,사립,부산,,동아대학교,"[""2024"",""0000105"",""동아대학교"",""사립"",""부산"",""대학"",""86,096,295,387"",""40,638,335,327"",""10,454,292,900"",""1,291,427,528"",""3,744,203,333"",""615,450,000"",""236,443,000"",""916,675,000"",""97,880,000"",""4,814,741,530"",""4,801,189,685"",""72,430,263,036"",""141,919,084,384"",""51.04""]",2026-08-28T22:20:04.397Z
2024,0000106,대학,사립,경북,,동양대학교,"[""2024"",""0000106"",""동양대학교"",""사립"",""경북"",""대학"",""16,924,080,741"",""9,911,721,498"",""204,500,000"",""178,714,727"",""303,841,000"",""-"",""271,000,000"",""-"",""-"",""70,232,500"",""1,339,406,632"",""9,380,054,102"",""28,372,215,145"",""33.06""]",2026-08-28T22:20:04.397Z
2024,0000107,대학,사립,부산,,동의대학교,"[""2024"",""0000107"",""동의대학교"",""사립"",""부산"",""대학"",""62,954,449,434"",""34,778,863,852"",""4,297,036,000"",""1,706,433,626"",""1,181,000,000"",""451,460,000"",""271,000,000"",""353,365,200"",""-"",""803,570,250"",""3,230,382,538"",""40,469,833,196"",""99,775,930,158"",""40.56""]",2026-08-28T22:20:04.397Z
2024,0000330,대학,사립,서울,,디지털서울문화예술대학교,"[""2024"",""0000330"",""디지털서울문화예술대학교"",""사립"",""서울"",""대학"",""4,775,380,344"",""4,295,708,900"",""-"",""-"",""-"",""-"",""16,000,000"",""-"",""-"",""63,180,830"",""61,353"",""558,913,627"",""11,199,976,932"",""4.99""]",2026-08-28T22:20:04.397Z
2024,0000108,대학,사립,경기,,루터대학교,"[""2024"",""0000108"",""루터대학교"",""사립"",""경기"",""대학"",""2,848,381,060"",""916,679,000"",""-"",""-"",""-"",""435,000,000"",""-"",""-"",""-"",""9,519,000"",""524,641,074"",""2,900,862,134"",""2,283,308,367"",""127.05""]",2026-08-28T22:20:04.397Z
2024,0000109,대학,사립,경기,,명지대학교,"[""2024"",""0000109"",""명지대학교"",""사립"",""경기"",""대학"",""50,446,761,852"",""25,780,363,660"",""6,023,319,000"",""1,695,901,000"",""2,120,700,000"",""-"",""95,000,000"",""440,307,000"",""11,754,000"",""1,981,288,080"",""778,781,197"",""37,813,448,469"",""130,493,844,300"",""28.98""]",2026-08-28T22:20:04.397Z
2024,0000112,대학,사립,대전,,목원대학교,"[""2024"",""0000112"",""목원대학교"",""사립"",""대전"",""대학"",""32,382,972,699"",""18,150,657,240"",""233,080,000"",""1,178,927,407"",""486,240,000"",""-"",""150,000,000"",""88,000,000"",""-"",""173,611,576"",""797,579,016"",""17,339,753,458"",""51,603,742,240"",""33.60""]",2026-08-28T22:20:04.397Z
2024,0000221,대학,사립,전남,,목포가톨릭대학교,"[""2024"",""0000221"",""목포가톨릭대학교"",""사립"",""전남"",""대학"",""5,330,170,354"",""1,456,535,130"",""-"",""-"",""-"",""100,000,000"",""-"",""-"",""-"",""17,078,000"",""249,822,220"",""4,240,535,444"",""3,161,994,320"",""134.11""]",2026-08-28T22:20:04.397Z
2024,0000113,대학,사립,대전,,배재대학교,"[""2024"",""0000113"",""배재대학교"",""사립"",""대전"",""대학"",""31,438,358,672"",""18,009,435,590"",""4,439,285,000"",""1,992,781,355"",""22,388,000"",""-"",""128,485,100"",""55,370,000"",""445,635,000"",""125,347,000"",""1,213,929,068"",""21,852,143,605"",""52,863,930,310"",""41.34""]",2026-08-28T22:20:04.397Z
2024,0000178,대학,사립,충남,,백석대학교,"[""2024"",""0000178"",""백석대학교"",""사립"",""충남"",""대학"",""45,145,909,546"",""30,923,811,340"",""321,256,000"",""813,707,700"",""-"",""-"",""117,525,000"",""56,923,000"",""-"",""132,870,000"",""6,988,608,341"",""22,652,988,247"",""113,053,739,720"",""20.04""]",2026-08-28T22:20:04.397Z
2024,0000114,대학,사립,부산,,부산가톨릭대학교,"[""2024"",""0000114"",""부산가톨릭대학교"",""사립"",""부산"",""대학"",""20,576,752,677"",""8,248,025,086"",""387,417,000"",""82,412,000"",""120,000,000"",""-"",""-"",""20,370,000"",""-"",""372,394,000"",""1,828,651,290"",""15,139,971,881"",""24,288,152,010"",""62.33""]",2026-08-28T22:20:04.397Z
2024,0000254,대학,국립,부산,,부산교육대학교,"[""2024"",""0000254"",""부산교육대학교"",""국립"",""부산"",""대학"",""36,775,576,662"",""1,398,714,000"",""47,160,000"",""-"",""369,000,000"",""-"",""-"",""-"",""-"",""40,000,000"",""1,726,885,600"",""37,559,908,262"",""6,299,492,350"",""596.24""]",2026-08-28T22:20:04.397Z
2024,0000014,대학,국립,부산,,부산대학교,"[""2024"",""0000014"",""부산대학교"",""국립"",""부산"",""대학"",""437,425,182,006"",""30,792,529,160"",""92,327,360,708"",""999,615,105"",""25,238,147,666"",""985,500,000"",""52,000,000"",""8,179,399,000"",""508,651,364"",""14,979,750,781"",""23,171,022,611"",""573,074,100,081"",""106,927,361,230"",""535.95""]",2026-08-28T22:20:04.397Z
2024,0000321,대학,사립,부산,,부산디지털대학교,"[""2024"",""0000321"",""부산디지털대학교"",""사립"",""부산"",""대학"",""5,075,650,297"",""3,917,275,433"",""-"",""-"",""-"",""-"",""-"",""-"",""-"",""108,254,500"",""17,469,695"",""1,284,099,059"",""6,199,354,498"",""20.71""]",2026-08-28T22:20:04.397Z
2024,0000115,대학,사립,부산,,부산외국어대학교,"[""2024"",""0000115"",""부산외국어대학교"",""사립"",""부산"",""대학"",""26,408,478,480"",""14,850,525,333"",""250,000,000"",""199,653,555"",""-"",""307,000,000"",""137,300,000"",""-"",""5,363,000"",""73,796,000"",""1,276,569,815"",""13,807,635,517"",""42,416,091,223"",""32.55""]",2026-08-28T22:20:04.397Z
2024,0000222,대학,사립,경남,,부산장신대학교,"[""2024"",""0000222"",""부산장신대학교"",""사립"",""경남"",""대학"",""779,071,281"",""392,198,800"",""-"",""-"",""-"",""-"",""-"",""-"",""-"",""11,229,500"",""2,207,216"",""400,309,197"",""1,832,492,650"",""21.85""]",2026-08-28T22:20:04.397Z
2024,0000332,대학,사립,서울,,사이버한국외국어대학교,"[""2024"",""0000332"",""사이버한국외국어대학교"",""사립"",""서울"",""대학"",""7,229,284,043"",""7,007,706,167"",""-"",""-"",""-"",""-"",""18,000,000"",""-"",""-"",""142,557,160"",""5,294,054"",""387,429,090"",""16,917,219,001"",""2.29""]",2026-08-28T22:20:04.397Z
2024,0000116,대학,사립,서울,,삼육대학교,"[""2024"",""0000116"",""삼육대학교"",""사립"",""서울"",""대학"",""23,064,757,342"",""11,661,889,910"",""2,385,607,000"",""1,163,600,000"",""-"",""49,940,000"",""266,291,000"",""80,370,000"",""19,323,000"",""115,979,500"",""1,142,928,879"",""16,626,906,811"",""46,510,213,450"",""35.75""]",2026-08-28T22:20:04.397Z
2024,0000117,대학,사립,서울,,상명대학교,"[""2024"",""0000117"",""상명대학교"",""사립"",""서울"",""대학"",""41,698,322,485"",""26,034,375,142"",""5,699,691,000"",""419,654,132"",""496,840,000"",""34,000,000"",""609,354,000"",""40,000,000"",""120,000,000"",""1,606,482,500"",""4,300,688,375"",""28,990,657,350"",""100,561,811,467"",""28.83""]",2026-08-28T22:20:04.397Z
2024,0000119,대학,사립,강원,,상지대학교,"[""2024"",""0000119"",""상지대학교"",""사립"",""강원"",""대학"",""15,027,699,154"",""11,611,071,710"",""1,072,501,000"",""671,591,894"",""73,000,000"",""546,920,000"",""240,857,109"",""80,370,000"",""647,262,630"",""638,763,500"",""3,771,781,061"",""11,159,674,638"",""45,868,789,708"",""24.33""]",2026-08-28T22:20:04.397Z
2024,0000120,대학,사립,서울,,서강대학교,"[""2024"",""0000120"",""서강대학교"",""사립"",""서울"",""대학"",""49,656,202,686"",""10,240,855,966"",""31,443,528,000"",""-"",""5,809,576,000"",""205,000,000"",""1,200,733,000"",""170,370,000"",""19,543,000"",""443,637,000"",""699,556,215"",""79,407,289,935"",""120,613,255,335"",""65.84""]",2026-08-28T22:20:04.397Z
2024,0000121,대학,사립,서울,,서경대학교,"[""2024"",""0000121"",""서경대학교"",""사립"",""서울"",""대학"",""22,243,479,540"",""12,571,629,369"",""359,466,000"",""199,630,484"",""175,000,000"",""-"",""901,000,000"",""-"",""6,680,000"",""2,366,681,000"",""2,825,091,301"",""16,505,398,956"",""54,850,747,070"",""30.09""]",2026-08-28T22:20:04.397Z
2024,0000036,대학,국립,서울,,서울과학기술대학교,"[""2024"",""0000036"",""서울과학기술대학교"",""국립"",""서울"",""대학"",""147,018,893,051"",""15,334,014,985"",""21,752,013,250"",""1,397,401,230"",""7,991,822,333"",""130,000,000"",""50,000,000"",""525,370,000"",""18,290,620"",""4,247,919,000"",""523,789,080"",""168,321,483,579"",""54,761,047,728"",""307.37""]",2026-08-28T22:20:04.397Z
2024,0000255,대학,국립,서울,,서울교육대학교,"[""2024"",""0000255"",""서울교육대학교"",""국립"",""서울"",""대학"",""33,686,782,740"",""1,244,982,650"",""23,160,000"",""-"",""-"",""-"",""18,500,000"",""-"",""-"",""10,500,000"",""781,749,500"",""33,275,709,590"",""7,607,318,950"",""437.42""]",2026-08-28T22:20:04.397Z
2024,0000098,대학,사립,서울,,서울기독대학교,"[""2024"",""0000098"",""서울기독대학교"",""사립"",""서울"",""대학"",""944,296,206"",""795,783,000"",""-"",""-"",""-"",""295,000,000"",""-"",""-"",""-"",""5,042,000"",""107,195"",""448,662,401"",""6,185,484,117"",""7.25""]",2026-08-28T22:20:04.397Z
2024,0000019,대학,국립대법인,서울,,서울대학교,"[""2024"",""0000019"",""서울대학교"",""국립대법인"",""서울"",""대학"",""810,473,106,546"",""16,291,140,150"",""310,914,878,644"",""-"",""30,917,298,521"",""27,078,416,060"",""3,362,597,800"",""95,000,000"",""4,198,736,862"",""41,193,385,369"",""13,694,257,321"",""1,225,636,536,973"",""-"",""""]",2026-08-28T22:20:04.397Z
2024,0000322,대학,사립,서울,,서울디지털대학교,"[""2024"",""0000322"",""서울디지털대학교"",""사립"",""서울"",""대학"",""12,410,093,790"",""11,387,130,100"",""-"",""-"",""-"",""-"",""-"",""-"",""-"",""197,130,000"",""4,609,806"",""1,224,703,496"",""25,295,663,600"",""4.84""]",2026-08-28T22:20:04.397Z
2024,0000323,대학,사립,서울,,서울사이버대학교,"[""2024"",""0000323"",""서울사이버대학교"",""사립"",""서울"",""대학"",""19,500,381,670"",""18,269,085,300"",""-"",""-"",""-"",""-"",""-"",""-"",""-"",""456,725,250"",""51,353,050"",""1,739,374,670"",""43,933,533,000"",""3.96""]",2026-08-28T22:20:04.397Z
2024,0000040,대학,공립,서울,,서울시립대학교,"[""2024"",""0000040"",""서울시립대학교"",""공립"",""서울"",""대학"",""37,276,739,877"",""8,252,274,370"",""15,045,135,977"",""419,445,478"",""2,334,490,000"",""203,500,000"",""12,525,000"",""20,370,000"",""49,092,136"",""7,302,738,511"",""65,915,218,187"",""120,326,980,796"",""35,509,985,730"",""338.85""]",2026-08-28T22:20:04.397Z
2024,0000125,대학,사립,경기,,서울신학대학교,"[""2024"",""0000125"",""서울신학대학교"",""사립"",""경기"",""대학"",""12,304,322,596"",""6,185,796,590"",""-"",""-"",""-"",""-"",""5,000,000"",""-"",""-"",""17,922,000"",""56,748,985"",""6,198,196,991"",""17,522,324,550"",""35.37""]",2026-08-28T22:20:04.397Z
2024,0000126,대학,사립,서울,,서울여자대학교,"[""2024"",""0000126"",""서울여자대학교"",""사립"",""서울"",""대학"",""24,070,425,491"",""14,031,187,342"",""1,159,041,000"",""185,100,000"",""465,000,000"",""395,238,000"",""185,340,000"",""-"",""104,592,000"",""991,097,000"",""3,397,950,405"",""16,922,596,554"",""53,408,318,610"",""31.69""]",2026-08-28T22:20:04.397Z
2024,0000127,대학,사립,경기,,서울장신대학교,"[""2024"",""0000127"",""서울장신대학교"",""사립"",""경기"",""대학"",""1,214,542,423"",""872,297,000"",""-"",""-"",""-"",""-"",""-"",""-"",""-"",""3,471,000"",""2,747,572"",""348,463,995"",""3,954,301,133"",""8.81""]",2026-08-28T22:20:04.397Z
2024,0000205,대학,사립,서울,,서울한영대학교,"[""2024"",""0000205"",""서울한영대학교"",""사립"",""서울"",""대학"",""1,989,016,052"",""1,495,086,870"",""-"",""-"",""-"",""-"",""-"",""-"",""-"",""12,801,500"",""3,304,882"",""510,035,564"",""6,146,771,372"",""8.30""]",2026-08-28T22:20:04.397Z
2024,0000128,대학,사립,충북,,서원대학교,"[""2024"",""0000128"",""서원대학교"",""사립"",""충북"",""대학"",""31,225,699,325"",""18,311,289,545"",""160,048,600"",""832,039,260"",""-"",""3,792,057,000"",""181,515,000"",""505,370,000"",""-"",""80,775,370"",""780,159,927"",""19,246,374,937"",""47,919,886,404"",""40.16""]",2026-08-28T22:20:04.397Z
2024,0000129,대학,사립,충남,,선문대학교,"[""2024"",""0000129"",""선문대학교"",""사립"",""충남"",""대학"",""49,293,772,923"",""19,869,306,380"",""2,730,273,000"",""-"",""1,117,500,000"",""251,010,000"",""40,000,000"",""92,860,000"",""13,234,000"",""181,066,500"",""571,802,252"",""34,422,212,295"",""64,817,764,350"",""53.11""]",2026-08-28T22:20:04.397Z
2024,0000131,대학,사립,경기,,성결대학교,"[""2024"",""0000131"",""성결대학교"",""사립"",""경기"",""대학"",""19,414,368,115"",""11,617,799,281"",""122,070,000"",""419,987,505"",""-"",""-"",""467,477,000"",""-"",""-"",""94,127,000"",""3,128,849,798"",""12,029,080,137"",""37,754,593,759"",""31.86""]",2026-08-28T22:20:04.397Z
2024,0000132,대학,사립,서울,,성공회대학교,"[""2024"",""0000132"",""성공회대학교"",""사립"",""서울"",""대학"",""8,013,521,326"",""5,059,035,934"",""33,430,600"",""-"",""-"",""-"",""-"",""-"",""-"",""32,292,000"",""153,680,525"",""3,173,888,517"",""16,987,074,370"",""18.68""]",2026-08-28T22:20:04.397Z
2024,0000133,대학,사립,서울,,성균관대학교,"[""2024"",""0000133"",""성균관대학교"",""사립"",""서울"",""대학"",""132,023,641,949"",""25,082,756,102"",""161,258,209,712"",""863,826,575"",""40,569,195,666"",""6,896,651,841"",""2,218,500,000"",""7,583,318,000"",""189,114,000"",""10,097,600,967"",""5,877,907,842"",""342,495,210,450"",""294,417,996,500"",""116.33""]",2026-08-28T22:20:04.397Z
2024,0000136,대학,사립,서울,,성신여자대학교,"[""2024"",""0000136"",""성신여자대학교"",""사립"",""서울"",""대학"",""28,764,434,809"",""17,904,806,000"",""4,161,016,000"",""462,000,000"",""779,200,000"",""859,951,000"",""83,124,000"",""-"",""5,808,000"",""894,950,602"",""1,363,616,518"",""19,469,294,929"",""81,187,655,514"",""23.98""]",2026-08-28T22:20:04.397Z
2024,0000137,대학,사립,충북,,세명대학교,"[""2024"",""0000137"",""세명대학교"",""사립"",""충북"",""대학"",""23,561,659,044"",""16,584,700,790"",""441,201,500"",""690,894,440"",""514,090,000"",""40,000,000"",""4,000,000"",""-"",""13,866,000"",""244,785,500"",""5,601,390,137"",""14,527,185,831"",""42,016,742,210"",""34.57""]",2026-08-28T22:20:04.397Z
2024,0000138,대학,사립,서울,,세종대학교,"[""2024"",""0000138"",""세종대학교"",""사립"",""서울"",""대학"",""48,845,887,712"",""20,024,680,500"",""27,894,338,745"",""1,334,371,484"",""10,383,589,333"",""301,000,000"",""1,727,000,000"",""-"",""446,759,182"",""6,990,972,937"",""3,014,895,834"",""80,914,134,727"",""149,666,761,437"",""54.06""]",2026-08-28T22:20:04.397Z
2024,0000325,대학,사립,서울,,세종사이버대학교,"[""2024"",""0000325"",""세종사이버대학교"",""사립"",""서울"",""대학"",""16,678,794,687"",""16,208,083,333"",""35,000,000"",""-"",""-"",""-"",""-"",""-"",""-"",""231,377,750"",""11,608,994"",""748,698,098"",""30,588,185,057"",""2.45""]",2026-08-28T22:20:04.397Z
2024,0000092,대학,사립,전남,,세한대학교,"[""2024"",""0000092"",""세한대학교"",""사립"",""전남"",""대학"",""11,019,523,488"",""10,045,960,434"",""-"",""416,885,000"",""-"",""-"",""76,000,000"",""-"",""-"",""290,508,500"",""97,363,344"",""1,854,319,898"",""24,555,610,307"",""7.55""]",2026-08-28T22:20:04.397Z
2024,0000243,대학,사립,광주,,송원대학교,"[""2024"",""0000243"",""송원대학교"",""사립"",""광주"",""대학"",""13,179,903,503"",""6,631,201,160"",""98,667,000"",""82,952,000"",""-"",""-"",""46,000,000"",""-"",""-"",""89,962,500"",""345,011,587"",""7,211,295,430"",""17,490,050,786"",""41.23""]",2026-08-28T22:20:04.397Z
2024,0000139,대학,사립,경기,,수원가톨릭대학교,"[""2024"",""0000139"",""수원가톨릭대학교"",""사립"",""경기"",""대학"",""188,375,550"",""188,375,550"",""-"",""-"",""-"",""-"",""-"",""-"",""-"",""-"",""4,000,000"",""4,000,000"",""782,015,670"",""0.51""]",2026-08-28T22:20:04.397Z
2024,0000140,대학,사립,경기,,수원대학교,"[""2024"",""0000140"",""수원대학교"",""사립"",""경기"",""대학"",""19,450,270,555"",""16,702,985,637"",""941,443,550"",""1,164,000,000"",""479,878,000"",""1,014,000,000"",""905,518,000"",""907,504,000"",""11,188,000"",""353,187,000"",""3,111,177,061"",""11,635,180,529"",""65,575,642,477"",""17.74""]",2026-08-28T22:20:04.397Z
2024,0000141,대학,사립,서울,,숙명여자대학교,"[""2024"",""0000141"",""숙명여자대학교"",""사립"",""서울"",""대학"",""41,904,517,328"",""16,709,780,100"",""16,414,208,346"",""1,164,000,000"",""2,233,700,000"",""411,650,000"",""-"",""50,830,000"",""-"",""1,137,415,500"",""21,157,240,021"",""67,763,781,095"",""106,336,116,767"",""63.73""]",2026-08-28T22:20:04.397Z
2024,0000317,대학,사립,충북,,순복음총회신학교,"[""2024"",""0000317"",""순복음총회신학교"",""사립"",""충북"",""대학"",""534,157,566"",""451,010,000"",""-"",""-"",""-"",""-"",""-"",""-"",""-"",""5,200,000"",""110,821"",""88,458,387"",""695,314,300"",""12.72""]",2026-08-28T22:20:04.397Z
2024,0000142,대학,사립,충남,,순천향대학교,"[""2024"",""0000142"",""순천향대학교"",""사립"",""충남"",""대학"",""58,783,424,411"",""22,375,578,950"",""21,393,113,500"",""1,647,770,773"",""7,178,279,667"",""1,582,648,750"",""326,583,000"",""73,000,000"",""-"",""2,513,571,000"",""4,576,670,168"",""75,699,482,319"",""91,880,360,220"",""82.39""]",2026-08-28T22:20:04.397Z
2024,0000143,대학,사립,서울,,숭실대학교,"[""2024"",""0000143"",""숭실대학교"",""사립"",""서울"",""대학"",""49,348,157,643"",""21,353,586,300"",""19,648,855,822"",""404,146,371"",""5,234,900,000"",""160,000,000"",""1,532,500,000"",""836,782,000"",""144,800,636"",""1,194,947,589"",""2,186,858,431"",""59,338,362,192"",""144,041,793,250"",""41.20""]",2026-08-28T22:20:04.397Z
2024,0000329,대학,사립,서울,,숭실사이버대학교,"[""2024"",""0000329"",""숭실사이버대학교"",""사립"",""서울"",""대학"",""9,373,487,733"",""9,093,659,997"",""-"",""-"",""-"",""490,000,000"",""-"",""-"",""-"",""174,432,240"",""8,089,704"",""952,349,680"",""20,817,224,073"",""4.57""]",2026-08-28T22:20:04.397Z
2024,0000065,대학,사립,경북,,신경주대학교,"[""2024"",""0000065"",""신경주대학교"",""사립"",""경북"",""대학"",""3,773,017,681"",""3,299,642,200"",""-"",""-"",""-"",""100,000,000"",""-"",""-"",""90,067,000"",""27,244,500"",""315,718,000"",""1,006,404,981"",""8,460,928,340"",""11.89""]",2026-08-28T22:20:04.397Z
2024,0000144,대학,사립,부산,,신라대학교,"[""2024"",""0000144"",""신라대학교"",""사립"",""부산"",""대학"",""29,993,781,837"",""16,766,167,110"",""421,810,000"",""524,859,696"",""539,620,000"",""125,000,000"",""18,500,000"",""54,000,000"",""28,917,000"",""229,603,000"",""3,174,503,290"",""18,344,427,713"",""45,202,695,770"",""40.58""]",2026-08-28T22:20:04.397Z
2024,0002712,대학,사립,경기,,신한대학교,"[""2024"",""0002712"",""신한대학교"",""사립"",""경기"",""대학"",""24,142,723,054"",""16,067,617,910"",""1,172,303,000"",""-"",""40,000,000"",""-"",""-"",""-"",""28,800,000"",""213,964,000"",""1,381,641,079"",""10,911,813,223"",""62,069,565,592"",""17.58""]",2026-08-28T22:20:04.397Z
2024,0000145,대학,사립,경기,,아신대학교,"[""2024"",""0000145"",""아신대학교"",""사립"",""경기"",""대학"",""1,261,349,945"",""855,682,000"",""-"",""-"",""-"",""-"",""-"",""-"",""-"",""8,625,000"",""2,223,465"",""416,516,410"",""4,991,023,000"",""8.35""]",2026-08-28T22:20:04.397Z
2024,0000146,대학,사립,경기,,아주대학교,"[""2024"",""0000146"",""아주대학교"",""사립"",""경기"",""대학"",""64,448,121,324"",""14,983,595,300"",""43,198,675,353"",""1,474,000,000"",""9,896,486,000"",""15,590,967,333"",""316,018,000"",""170,370,000"",""11,748,000"",""8,000,501,740"",""2,305,222,232"",""130,428,514,682"",""128,896,091,430"",""101.19""]",2026-08-28T22:20:04.397Z
2024,0000147,대학,사립,경기,,안양대학교,"[""2024"",""0000147"",""안양대학교"",""사립"",""경기"",""대학"",""19,160,450,813"",""11,273,940,786"",""431,249,000"",""200,000,000"",""180,000,000"",""-"",""133,100,000"",""-"",""-"",""2,540,365,000"",""9,399,512,670"",""20,770,736,697"",""37,446,477,350"",""55.47""]",2026-08-28T22:20:04.397Z
2024,0000149,대학,사립,서울,,연세대학교,"[""2024"",""0000149"",""연세대학교"",""사립"",""서울"",""대학"",""126,273,916,958"",""25,115,886,500"",""177,245,406,692"",""-"",""37,938,233,000"",""39,026,508,228"",""1,924,100,000"",""624,000,000"",""473,898,000"",""24,789,251,022"",""1,196,832,334"",""384,376,259,734"",""416,768,298,526"",""92.23""]",2026-08-28T22:20:04.397Z
2024,0000150,대학,사립,강원,,연세대학교(미래),"[""2024"",""0000150"",""연세대학교(미래)"",""사립"",""강원"",""대학"",""37,911,063,362"",""11,969,932,450"",""8,662,221,000"",""-"",""2,375,878,666"",""1,045,000,000"",""160,000,000"",""80,370,000"",""6,037,000"",""2,350,704,500"",""7,398,099,562"",""48,019,441,640"",""-"",""""]",2026-08-28T22:20:04.397Z
2024,0000151,대학,사립,경북,,영남대학교,"[""2024"",""0000151"",""영남대학교"",""사립"",""경북"",""대학"",""103,820,997,364"",""47,451,802,308"",""19,003,464,000"",""1,340,000,000"",""4,817,994,667"",""373,850,000"",""270,415,600"",""210,858,000"",""315,141,000"",""2,362,992,650"",""3,197,849,054"",""88,261,760,027"",""168,882,380,754"",""52.26""]",2026-08-28T22:20:04.397Z
2024,0000153,대학,사립,경북,,영남신학대학교,"[""2024"",""0000153"",""영남신학대학교"",""사립"",""경북"",""대학"",""1,533,153,111"",""1,337,922,100"",""-"",""-"",""-"",""-"",""-"",""-"",""-"",""8,127,500"",""54,063"",""203,412,574"",""3,814,240,201"",""5.33""]",2026-08-28T22:20:04.397Z
2024,0003193,대학,사립,부산,,영산대학교,"[""2024"",""0003193"",""영산대학교"",""사립"",""부산"",""대학"",""24,450,457,606"",""13,706,348,900"",""89,214,000"",""420,000,000"",""70,000,000"",""-"",""99,000,000"",""-"",""-"",""185,188,500"",""3,898,159,718"",""15,505,670,924"",""35,157,630,790"",""44.10""]",2026-08-28T22:20:04.397Z
2024,0000228,대학,사립,전북,,예수대학교,"[""2024"",""0000228"",""예수대학교"",""사립"",""전북"",""대학"",""4,335,729,770"",""1,298,032,500"",""-"",""-"",""-"",""110,000,000"",""-"",""-"",""-"",""-"",""2,801,771"",""3,150,499,041"",""3,251,501,000"",""96.89""]",2026-08-28T22:20:04.397Z
2024,0000218,대학,사립,전북,,예원예술대학교,"[""2024"",""0000218"",""예원예술대학교"",""사립"",""전북"",""대학"",""2,225,331,455"",""2,041,757,830"",""-"",""-"",""-"",""-"",""-"",""-"",""-"",""7,425,000"",""30,461,429"",""221,460,054"",""10,873,351,054"",""2.04""]",2026-08-28T22:20:04.397Z
2024,0000156,대학,사립,경기,,용인대학교,"[""2024"",""0000156"",""용인대학교"",""사립"",""경기"",""대학"",""16,109,088,853"",""12,373,769,000"",""106,449,000"",""-"",""80,000,000"",""-"",""695,000,000"",""-"",""-"",""409,836,250"",""1,410,708,269"",""6,437,313,372"",""45,554,818,000"",""14.13""]",2026-08-28T22:20:04.397Z
2024,0000157,대학,사립,전북,,우석대학교,"[""2024"",""0000157"",""우석대학교"",""사립"",""전북"",""대학"",""33,723,228,702"",""15,908,053,797"",""1,904,288,000"",""954,605,090"",""558,400,000"",""1,306,110,000"",""114,500,000"",""-"",""109,003,500"",""213,939,900"",""1,175,278,154"",""24,151,299,549"",""49,584,136,837"",""48.71""]",2026-08-28T22:20:04.397Z
2024,0000240,대학,사립,대전,,우송대학교,"[""2024"",""0000240"",""우송대학교"",""사립"",""대전"",""대학"",""44,182,544,617"",""22,018,923,889"",""1,181,056,480"",""-"",""97,350,000"",""-"",""-"",""-"",""22,217,260"",""291,491,520"",""994,649,154"",""24,750,385,142"",""78,679,388,452"",""31.46""]",2026-08-28T22:20:04.397Z
2024,0000250,대학,특별법법인,울산,,울산과학기술원,"[""2024"",""0000250"",""울산과학기술원"",""특별법법인"",""울산"",""대학"",""14,205,088,232"",""2,045,206,650"",""179,560,119,346"",""-"",""12,295,533,333"",""993,372,333"",""148,000,000"",""10,000,000"",""-"",""3,626,607,500"",""9,263,196,313"",""218,056,710,407"",""-"",""""]",2026-08-28T22:20:04.397Z
2024,0000158,대학,사립,울산,,울산대학교,"[""2024"",""0000158"",""울산대학교"",""사립"",""울산"",""대학"",""66,180,127,115"",""20,198,328,238"",""23,375,940,000"",""414,362,131"",""6,403,444,333"",""1,458,056,167"",""227,548,000"",""70,000,000"",""-"",""3,769,625,000"",""12,493,878,313"",""94,194,652,821"",""90,987,056,911"",""103.53""]",2026-08-28T22:20:04.397Z
2024,0000159,대학,사립,전북,,원광대학교,"[""2024"",""0000159"",""원광대학교"",""사립"",""전북"",""대학"",""65,542,530,249"",""31,075,739,922"",""10,535,259,680"",""1,690,492,198"",""250,000,000"",""1,683,031,000"",""115,000,000"",""80,000,000"",""316,633,500"",""1,947,095,000"",""11,200,911,060"",""62,285,212,765"",""98,967,227,761"",""62.94""]",2026-08-28T22:20:04.397Z
2024,0000327,대학,사립,전북,,원광디지털대학교,"[""2024"",""0000327"",""원광디지털대학교"",""사립"",""전북"",""대학"",""8,308,311,967"",""8,069,656,000"",""-"",""-"",""-"",""-"",""-"",""-"",""-"",""190,175,250"",""1,086,329"",""429,917,546"",""15,998,116,500"",""2.69""]",2026-08-28T22:20:04.397Z
2024,0000160,대학,사립,경북,,위덕대학교,"[""2024"",""0000160"",""위덕대학교"",""사립"",""경북"",""대학"",""10,761,854,493"",""6,008,178,619"",""24,520,000"",""286,336,000"",""-"",""-"",""86,000,000"",""20,370,000"",""5,826,000"",""77,462,500"",""2,082,530,479"",""7,336,720,853"",""15,197,636,031"",""48.28""]",2026-08-28T22:20:04.397Z
2024,0000154,대학,사립,충북,,유원대학교,"[""2024"",""0000154"",""유원대학교"",""사립"",""충북"",""대학"",""11,724,919,252"",""10,672,482,110"",""30,000,000"",""-"",""-"",""37,500,000"",""98,000,000"",""-"",""-"",""86,463,400"",""246,104,321"",""1,550,504,863"",""23,485,965,810"",""6.60""]",2026-08-28T22:20:04.397Z
2024,0000161,대학,사립,대전,,을지대학교,"[""2024"",""0000161"",""을지대학교"",""사립"",""대전"",""대학"",""19,611,492,388"",""10,460,901,050"",""2,482,952,600"",""-"",""1,360,197,166"",""560,951,000"",""601,756,000"",""272,000,000"",""-"",""2,516,297,517"",""665,896,630"",""17,610,642,251"",""38,634,314,794"",""45.58""]",2026-08-28T22:20:04.397Z
2024,0000163,대학,사립,서울,,이화여자대학교,"[""2024"",""0000163"",""이화여자대학교"",""사립"",""서울"",""대학"",""61,592,389,300"",""21,536,781,860"",""59,976,293,825"",""-"",""2,529,937,000"",""4,470,888,333"",""657,025,000"",""61,370,000"",""357,691,200"",""7,729,055,000"",""4,173,872,112"",""120,011,739,910"",""212,724,749,700"",""56.42""]",2026-08-28T22:20:04.397Z
2024,0000164,대학,사립,경남,,인제대학교,"[""2024"",""0000164"",""인제대학교"",""사립"",""경남"",""대학"",""46,754,385,031"",""16,931,396,133"",""9,981,690,000"",""1,355,674,719"",""1,036,527,334"",""222,262,000"",""105,000,000"",""312,500,000"",""-"",""753,381,410"",""3,545,484,812"",""47,135,509,173"",""54,681,259,863"",""86.20""]",2026-08-28T22:20:04.397Z
2024,0000168,대학,사립,인천,,인천가톨릭대학교,"[""2024"",""0000168"",""인천가톨릭대학교"",""사립"",""인천"",""대학"",""3,644,046,128"",""1,415,738,250"",""400,000,000"",""-"",""-"",""33,400,000"",""-"",""-"",""-"",""-"",""1,268,621"",""2,662,976,499"",""6,002,919,468"",""44.36""]",2026-08-28T22:20:04.397Z
2024,0002660,대학,국립대법인,인천,,인천대학교,"[""2024"",""0002660"",""인천대학교"",""국립대법인"",""인천"",""대학"",""168,071,293,460"",""22,193,150,542"",""16,296,279,000"",""1,059,393,402"",""4,775,006,000"",""240,000,000"",""139,500,000"",""176,000,000"",""-"",""4,478,675,000"",""24,192,650,953"",""197,235,647,273"",""-"",""""]",2026-08-28T22:20:04.397Z
2024,0000169,대학,사립,인천,,인하대학교,"[""2024"",""0000169"",""인하대학교"",""사립"",""인천"",""대학"",""84,692,833,247"",""30,894,235,418"",""46,311,188,250"",""963,246,599"",""17,453,510,333"",""1,075,976,303"",""1,149,754,000"",""380,334,000"",""-"",""11,531,329,090"",""5,155,389,284"",""137,819,325,688"",""173,503,635,922"",""79.43""]",2026-08-28T22:20:04.397Z
2024,0000170,대학,사립,서울,,장로회신학대학교,"[""2024"",""0000170"",""장로회신학대학교"",""사립"",""서울"",""대학"",""2,759,757,645"",""1,942,625,990"",""-"",""-"",""-"",""-"",""-"",""-"",""-"",""13,737,500"",""1,161,844"",""832,030,999"",""16,474,320,050"",""5.05""]",2026-08-28T22:20:04.397Z
2024,0000023,대학,국립,광주,,전남대학교,"[""2024"",""0000023"",""전남대학교"",""국립"",""광주"",""대학"",""414,708,375,463"",""30,761,489,210"",""62,678,248,969"",""2,438,374,960"",""8,623,673,667"",""1,168,951,000"",""990,400,000"",""626,353,000"",""6,215,674,314"",""14,105,892,991"",""18,127,087,732"",""498,921,542,886"",""91,617,350,930"",""544.57""]",2026-08-28T22:20:04.397Z
2024,0000025,대학,국립,전북,,전북대학교,"[""2024"",""0000025"",""전북대학교"",""국립"",""전북"",""대학"",""394,311,273,291"",""28,560,879,017"",""40,958,795,258"",""-"",""10,798,382,666"",""1,997,958,434"",""542,618,000"",""8,914,170,000"",""4,955,867,220"",""9,006,032,157"",""13,521,789,519"",""456,446,007,528"",""80,800,116,310"",""564.91""]",2026-08-28T22:20:04.397Z
2024,0000258,대학,국립,전북,,전주교육대학교,"[""2024"",""0000258"",""전주교육대학교"",""국립"",""전북"",""대학"",""28,663,882,746"",""993,032,000"",""426,683,000"",""-"",""-"",""-"",""-"",""-"",""-"",""40,000,000"",""1,190,737,959"",""29,328,271,705"",""3,935,818,690"",""745.16""]",2026-08-28T22:20:04.397Z
2024,0000171,대학,사립,전북,,전주대학교,"[""2024"",""0000171"",""전주대학교"",""사립"",""전북"",""대학"",""60,086,085,629"",""27,077,847,523"",""1,343,882,000"",""1,203,550,000"",""1,666,970,000"",""-"",""223,374,000"",""730,784,500"",""462,646,000"",""1,534,377,500"",""4,579,097,140"",""44,752,919,246"",""68,231,208,690"",""65.59""]",2026-08-28T22:20:04.397Z
2024,0000248,대학,사립,제주,,제주국제대학교,"[""2024"",""0000248"",""제주국제대학교"",""사립"",""제주"",""대학"",""176,479,027"",""43,930,000"",""-"",""-"",""-"",""-"",""-"",""20,370,000"",""-"",""8,712,000"",""907,879"",""162,538,906"",""2,935,176,000"",""5.54""]",2026-08-28T22:20:04.397Z
2024,0000027,대학,국립,제주,,제주대학교,"[""2024"",""0000027"",""제주대학교"",""국립"",""제주"",""대학"",""226,525,478,059"",""14,690,093,640"",""13,800,432,198"",""419,604,860"",""1,719,930,000"",""213,000,000"",""105,000,000"",""96,260,000"",""1,616,867,759"",""8,772,363,746"",""21,168,229,767"",""259,747,072,749"",""37,762,067,640"",""687.85""]",2026-08-28T22:20:04.397Z
2024,0000172,대학,사립,광주,,조선대학교,"[""2024"",""0000172"",""조선대학교"",""사립"",""광주"",""대학"",""92,221,633,759"",""42,685,941,215"",""16,336,772,083"",""1,331,217,765"",""5,801,137,000"",""1,804,083,333"",""282,291,000"",""1,343,002,000"",""6,527,000"",""3,248,116,700"",""2,014,019,354"",""81,702,858,779"",""138,246,667,956"",""59.10""]",2026-08-28T22:20:04.397Z
2024,0000173,대학,사립,충남,,중부대학교,"[""2024"",""0000173"",""중부대학교"",""사립"",""충남"",""대학"",""25,717,174,507"",""17,509,444,110"",""537,174,000"",""207,468,000"",""-"",""-"",""64,000,000"",""516,000,000"",""-"",""1,117,741,500"",""2,543,291,976"",""13,193,405,873"",""63,684,329,360"",""20.72""]",2026-08-28T22:20:04.397Z
2024,0000175,대학,사립,서울,,중앙대학교,"[""2024"",""0000175"",""중앙대학교"",""사립"",""서울"",""대학"",""96,071,436,327"",""36,972,318,910"",""63,869,425,000"",""-"",""15,828,233,000"",""3,246,337,667"",""2,559,108,475"",""80,370,000"",""427,013,000"",""8,612,482,500"",""2,855,645,359"",""156,577,732,418"",""263,901,737,100"",""59.33""]",2026-08-28T22:20:04.397Z
2024,0000177,대학,사립,경기,,중앙승가대학교,"[""2024"",""0000177"",""중앙승가대학교"",""사립"",""경기"",""대학"",""364,008,159"",""63,700,000"",""-"",""-"",""-"",""-"",""-"",""-"",""-"",""910,000"",""-"",""301,218,159"",""572,773,668"",""52.59""]",2026-08-28T22:20:04.397Z
2024,0000239,대학,사립,충북,,중원대학교,"[""2024"",""0000239"",""중원대학교"",""사립"",""충북"",""대학"",""13,617,622,786"",""8,704,339,867"",""186,916,000"",""-"",""248,800,000"",""27,000,000"",""120,931,500"",""428,618,000"",""-"",""45,908,000"",""455,164,198"",""6,426,620,617"",""22,886,479,813"",""28.08""]",2026-08-28T22:20:04.397Z
2024,0000260,대학,국립,경남,,진주교육대학교,"[""2024"",""0000260"",""진주교육대학교"",""국립"",""경남"",""대학"",""29,525,267,881"",""1,488,428,660"",""69,489,000"",""-"",""-"",""-"",""-"",""-"",""-"",""27,993,800"",""113,891,321"",""28,248,213,342"",""4,953,263,700"",""570.29""]",2026-08-28T22:20:04.397Z
2024,0000187,대학,사립,경기,,차의과학대학교,"[""2024"",""0000187"",""차의과학대학교"",""사립"",""경기"",""대학"",""13,992,811,912"",""5,127,114,310"",""8,481,737,000"",""-"",""846,781,333"",""2,053,173,333"",""150,000,000"",""41,370,000"",""-"",""941,103,000"",""50,749,082"",""21,430,611,350"",""27,073,877,610"",""79.16""]",2026-08-28T22:20:04.397Z
2024,0000249,대학,사립,경남,,창신대학교,"[""2024"",""0000249"",""창신대학교"",""사립"",""경남"",""대학"",""10,547,115,868"",""4,645,611,320"",""196,096,000"",""-"",""-"",""390,000,000"",""-"",""45,985,780"",""-"",""102,480,000"",""145,430,855"",""6,781,497,183"",""12,515,031,930"",""54.19""]",2026-08-28T22:20:04.397Z
2024,0000284,대학,사립,충남,,청운대학교,"[""2024"",""0000284"",""청운대학교"",""사립"",""충남"",""대학"",""28,897,152,771"",""14,129,266,810"",""360,611,000"",""352,427,255"",""-"",""745,500,000"",""53,000,000"",""216,000,000"",""-"",""92,996,000"",""1,760,111,857"",""18,348,532,073"",""38,510,531,270"",""47.65""]",2026-08-28T22:20:04.397Z
2024,0000261,대학,국립,충북,,청주교육대학교,"[""2024"",""0000261"",""청주교육대학교"",""국립"",""충북"",""대학"",""22,327,421,668"",""979,232,000"",""125,685,000"",""-"",""-"",""-"",""-"",""-"",""-"",""-"",""346,214,000"",""21,820,088,668"",""4,664,400,520"",""467.80""]",2026-08-28T22:20:04.397Z
2024,0000179,대학,사립,충북,,청주대학교,"[""2024"",""0000179"",""청주대학교"",""사립"",""충북"",""대학"",""45,418,624,449"",""25,132,761,190"",""1,090,970,000"",""421,431,980"",""2,557,139,000"",""390,000,000"",""142,400,000"",""33,370,000"",""-"",""239,394,500"",""935,533,067"",""26,096,101,806"",""96,235,545,410"",""27.12""]",2026-08-28T22:20:04.397Z
2024,0000246,대학,사립,전남,,초당대학교,"[""2024"",""0000246"",""초당대학교"",""사립"",""전남"",""대학"",""14,531,320,269"",""6,888,228,035"",""135,942,000"",""-"",""-"",""-"",""92,000,000"",""-"",""-"",""12,192,000"",""502,505,430"",""8,385,731,664"",""16,657,692,825"",""50.34""]",2026-08-28T22:20:04.397Z
2024,0000180,대학,사립,서울,,총신대학교,"[""2024"",""0000180"",""총신대학교"",""사립"",""서울"",""대학"",""5,195,618,669"",""4,083,453,134"",""-"",""-"",""-"",""-"",""180,000,000"",""-"",""-"",""361,474,500"",""54,003,273"",""1,707,643,308"",""24,323,937,316"",""7.02""]",2026-08-28T22:20:04.397Z
2024,0000181,대학,사립,서울,,추계예술대학교,"[""2024"",""0000181"",""추계예술대학교"",""사립"",""서울"",""대학"",""4,938,045,467"",""2,267,369,800"",""-"",""-"",""-"",""-"",""-"",""-"",""-"",""15,989,500"",""9,393,302"",""2,696,058,469"",""11,328,706,650"",""23.80""]",2026-08-28T22:20:04.397Z
2024,0000262,대학,국립,강원,,춘천교육대학교,"[""2024"",""0000262"",""춘천교육대학교"",""국립"",""강원"",""대학"",""24,757,900,986"",""1,247,922,000"",""96,839,000"",""-"",""-"",""250,000,000"",""-"",""-"",""-"",""10,409,000"",""251,394,592"",""24,118,621,578"",""4,581,416,200"",""526.44""]",2026-08-28T22:20:04.397Z
2024,0000029,대학,국립,대전,,충남대학교,"[""2024"",""0000029"",""충남대학교"",""국립"",""대전"",""대학"",""350,513,127,978"",""24,550,937,910"",""51,954,361,899"",""376,137,850"",""12,575,451,333"",""2,635,093,775"",""781,300,000"",""419,145,000"",""5,936,184,879"",""12,604,400,274"",""20,038,050,757"",""433,282,315,835"",""81,421,001,410"",""532.15""]",2026-08-28T22:20:04.397Z
2024,0000030,대학,국립,충북,,충북대학교,"[""2024"",""0000030"",""충북대학교"",""국립"",""충북"",""대학"",""302,866,381,580"",""19,876,770,430"",""34,255,603,602"",""260,000,000"",""4,533,453,333"",""1,122,942,000"",""300,900,000"",""956,694,000"",""2,924,261,199"",""12,462,084,357"",""7,925,547,901"",""347,731,097,542"",""60,634,001,800"",""573.49""]",2026-08-28T22:20:04.397Z
2024,0000184,대학,사립,경기,,칼빈대학교,"[""2024"",""0000184"",""칼빈대학교"",""사립"",""경기"",""대학"",""975,343,705"",""901,896,200"",""-"",""-"",""-"",""-"",""-"",""-"",""-"",""24,065,000"",""14,180,000"",""111,692,505"",""15,677,359,450"",""0.71""]",2026-08-28T22:20:04.397Z
2024,0003183,대학,사립,서울,,태재대학교,"[""2024"",""0003183"",""태재대학교"",""사립"",""서울"",""대학"",""70,674,740"",""70,600,000"",""-"",""-"",""-"",""-"",""-"",""-"",""-"",""-"",""1,511,050,000"",""1,511,124,740"",""565,707,300"",""267.12""]",2026-08-28T22:20:04.397Z
2024,0000186,대학,사립,경기,,평택대학교,"[""2024"",""0000186"",""평택대학교"",""사립"",""경기"",""대학"",""10,360,461,117"",""7,180,045,000"",""24,623,000"",""-"",""-"",""-"",""-"",""-"",""-"",""20,768,000"",""609,885,021"",""3,835,692,138"",""25,692,994,852"",""14.93""]",2026-08-28T22:20:04.397Z
2024,0000188,대학,사립,경북,,포항공과대학교,"[""2024"",""0000188"",""포항공과대학교"",""사립"",""경북"",""대학"",""54,552,557,893"",""2,260,167,600"",""167,955,461,890"",""-"",""24,263,885,667"",""1,783,766,865"",""80,000,000"",""400,000,000"",""223,788,800"",""4,405,040,000"",""5,661,444,134"",""257,065,777,649"",""28,387,962,168"",""905.55""]",2026-08-28T22:20:04.397Z
2024,0000037,대학,국립,경기,,한경국립대학교,"[""2024"",""0000037"",""한경국립대학교"",""국립"",""경기"",""대학"",""102,578,112,770"",""9,637,311,945"",""1,832,376,384"",""643,485,030"",""715,136,000"",""-"",""15,000,000"",""144,620,000"",""969,047,019"",""3,593,499,938"",""1,916,591,492"",""102,770,556,688"",""20,175,223,595"",""509.39""]",2026-08-28T22:20:04.397Z
2024,0000247,대학,사립,경기,,한국공학대학교,"[""2024"",""0000247"",""한국공학대학교"",""사립"",""경기"",""대학"",""38,717,340,682"",""13,071,989,070"",""5,051,000,000"",""2,941,429,700"",""13,303,127,000"",""150,000,000"",""10,000,000"",""1,585,080,000"",""14,120,000"",""905,450,750"",""1,257,035,369"",""50,862,594,431"",""62,392,359,890"",""81.52""]",2026-08-28T22:20:04.397Z
2024,0000374,대학,특별법법인,대전,,한국과학기술원,"[""2024"",""0000374"",""한국과학기술원"",""특별법법인"",""대전"",""대학"",""21,544,763,750"",""3,118,742,000"",""444,005,499,742"",""335,000,000"",""21,279,127,334"",""5,829,892,000"",""1,913,700,000"",""2,576,100,500"",""486,239,630"",""8,504,406,000"",""5,141,675,834"",""508,497,662,790"",""-"",""""]",2026-08-28T22:20:04.397Z
2024,0000031,대학,국립,충북,,한국교원대학교,"[""2024"",""0000031"",""한국교원대학교"",""국립"",""충북"",""대학"",""78,131,161,938"",""3,232,630,500"",""1,552,574,000"",""-"",""-"",""-"",""115,000,000"",""-"",""-"",""-"",""10,222,275,050"",""86,788,380,488"",""19,780,838,170"",""438.75""]",2026-08-28T22:20:04.397Z
2024,0000189,대학,사립,충남,,한국기술교육대학교,"[""2024"",""0000189"",""한국기술교육대학교"",""사립"",""충남"",""대학"",""29,078,784,716"",""6,448,626,764"",""2,703,178,000"",""129,140,627,000"",""4,473,745,000"",""-"",""-"",""77,370,000"",""-"",""39,867,500"",""453,607,875"",""159,518,553,327"",""20,343,809,132"",""784.11""]",2026-08-28T22:20:04.397Z
2024,0000273,대학,국립,서울,,한국방송통신대학교,"[""2024"",""0000273"",""한국방송통신대학교"",""국립"",""서울"",""대학"",""84,220,125,346"",""12,022,903,043"",""65,748,207"",""-"",""-"",""-"",""-"",""-"",""35,999,799"",""45,000,000"",""31,324,874"",""72,375,295,183"",""60,353,036,305"",""119.92""]",2026-08-28T22:20:04.397Z
2024,0000191,대학,사립,서울,,한국성서대학교,"[""2024"",""0000191"",""한국성서대학교"",""사립"",""서울"",""대학"",""5,749,759,499"",""2,565,999,371"",""31,692,000"",""-"",""-"",""-"",""-"",""-"",""-"",""25,630,000"",""175,204,127"",""3,416,286,255"",""7,465,730,500"",""45.76""]",2026-08-28T22:20:04.397Z
2024,0003139,대학,특별법법인,전남,,한국에너지공과대학교,"[""2024"",""0003139"",""한국에너지공과대학교"",""특별법법인"",""전남"",""대학"",""691,413,429"",""290,100,000"",""4,851,280,000"",""-"",""4,174,809,000"",""-"",""-"",""-"",""-"",""20,000,000"",""10,000,000,000"",""19,447,402,429"",""-"",""""]",2026-08-28T22:20:04.397Z
2024,0000326,대학,사립,서울,,한국열린사이버대학교,"[""2024"",""0000326"",""한국열린사이버대학교"",""사립"",""서울"",""대학"",""7,841,796,690"",""7,662,658,260"",""-"",""-"",""-"",""-"",""-"",""-"",""-"",""119,030,620"",""56,764,901"",""354,933,951"",""13,619,736,640"",""2.61""]",2026-08-28T22:20:04.397Z
2024,0000383,대학,특별법국립,서울,,한국예술종합학교,"[""2024"",""0000383"",""한국예술종합학교"",""특별법국립"",""서울"",""대학"",""4,935,668,674"",""3,456,402,090"",""-"",""-"",""-"",""-"",""51,880,000,000"",""-"",""-"",""-"",""3,723,781,031"",""57,083,047,615"",""14,836,801,590"",""384.74""]",2026-08-28T22:20:04.397Z
2024,0000192,대학,사립,서울,,한국외국어대학교,"[""2024"",""0000192"",""한국외국어대학교"",""사립"",""서울"",""대학"",""54,344,979,182"",""25,200,384,267"",""4,801,352,000"",""414,911,180"",""250,150,000"",""-"",""100,000,000"",""20,370,000"",""5,927,500"",""2,697,573,000"",""2,036,415,259"",""39,471,293,854"",""145,004,906,500"",""27.22""]",2026-08-28T22:20:04.397Z
2024,0003022,대학,특별법국립,충남,,한국전통문화대학교,"[""2024"",""0003022"",""한국전통문화대학교"",""특별법국립"",""충남"",""대학"",""1,272,196,967"",""550,806,800"",""73,024,000"",""-"",""-"",""-"",""234,000,000"",""-"",""-"",""31,234,000,000"",""966,122,677"",""33,228,536,844"",""-"",""""]",2026-08-28T22:20:04.397Z
2024,0000032,대학,국립,서울,,한국체육대학교,"[""2024"",""0000032"",""한국체육대학교"",""국립"",""서울"",""대학"",""54,280,173,843"",""4,307,399,960"",""95,900,000"",""-"",""-"",""-"",""904,000,000"",""-"",""-"",""-"",""38,389,014"",""51,011,062,897"",""9,998,738,280"",""510.17""]",2026-08-28T22:20:04.397Z
2024,0000182,대학,사립,대전,,한국침례신학대학교,"[""2024"",""0000182"",""한국침례신학대학교"",""사립"",""대전"",""대학"",""4,832,614,387"",""2,360,756,101"",""49,500,000"",""-"",""-"",""-"",""-"",""-"",""-"",""29,236,100"",""47,185,524"",""2,597,779,910"",""8,055,872,815"",""32.25""]",2026-08-28T22:20:04.397Z
2024,0000194,대학,사립,경기,,한국항공대학교,"[""2024"",""0000194"",""한국항공대학교"",""사립"",""경기"",""대학"",""18,267,029,600"",""6,795,865,740"",""4,185,582,000"",""561,030,590"",""4,575,400,000"",""-"",""10,000,000"",""109,665,000"",""-"",""1,114,328,500"",""1,070,920,194"",""23,098,090,144"",""39,823,777,650"",""58.00""]",2026-08-28T22:20:04.397Z
2024,0000195,대학,사립,대전,,한남대학교,"[""2024"",""0000195"",""한남대학교"",""사립"",""대전"",""대학"",""59,421,239,608"",""25,290,333,314"",""3,011,682,120"",""1,452,546,673"",""1,472,011,000"",""-"",""281,978,000"",""7,478,370,000"",""6,274,350"",""232,893,570"",""2,820,424,771"",""50,887,086,778"",""80,962,197,321"",""62.85""]",2026-08-28T22:20:04.397Z
2024,0000196,대학,사립,경북,,한동대학교,"[""2024"",""0000196"",""한동대학교"",""사립"",""경북"",""대학"",""38,628,516,523"",""10,242,806,400"",""2,914,019,000"",""200,000,000"",""581,992,000"",""110,000,000"",""456,094,000"",""76,651,000"",""-"",""59,517,000"",""1,386,697,049"",""34,170,680,172"",""31,354,770,687"",""108.98""]",2026-08-28T22:20:04.397Z
2024,0000197,대학,사립,강원,,한라대학교,"[""2024"",""0000197"",""한라대학교"",""사립"",""강원"",""대학"",""13,151,175,006"",""6,822,050,311"",""1,414,885,000"",""551,614,610"",""120,000,000"",""90,000,000"",""16,000,000"",""305,060,000"",""-"",""369,925,700"",""833,359,942"",""10,029,969,947"",""19,358,217,198"",""51.81""]",2026-08-28T22:20:04.397Z
2024,0000198,대학,사립,강원,,한림대학교,"[""2024"",""0000198"",""한림대학교"",""사립"",""강원"",""대학"",""57,720,925,214"",""16,830,366,404"",""13,919,377,000"",""399,957,333"",""980,500,000"",""1,764,739,767"",""158,340,000"",""70,370,000"",""60,000,000"",""8,774,639,385"",""2,555,183,662"",""69,573,665,957"",""55,148,671,390"",""126.16""]",2026-08-28T22:20:04.397Z
2024,0000199,대학,사립,충남,,한서대학교,"[""2024"",""0000199"",""한서대학교"",""사립"",""충남"",""대학"",""31,633,113,202"",""14,600,238,834"",""682,701,000"",""-"",""985,900,000"",""-"",""27,000,000"",""540,449,000"",""-"",""181,936,500"",""1,614,842,060"",""21,065,702,928"",""49,233,011,962"",""42.79""]",2026-08-28T22:20:04.397Z
2024,0000200,대학,사립,서울,,한성대학교,"[""2024"",""0000200"",""한성대학교"",""사립"",""서울"",""대학"",""26,478,171,543"",""14,421,452,701"",""1,557,114,000"",""1,050,770,368"",""199,840,000"",""-"",""585,000,000"",""843,534,800"",""-"",""347,455,750"",""3,042,404,244"",""19,682,838,004"",""59,751,615,520"",""32.94""]",2026-08-28T22:20:04.397Z
2024,0000201,대학,사립,경기,,한세대학교,"[""2024"",""0000201"",""한세대학교"",""사립"",""경기"",""대학"",""7,364,041,280"",""5,946,942,500"",""49,361,000"",""198,286,740"",""-"",""-"",""-"",""-"",""-"",""41,502,500"",""80,550,692"",""1,786,799,712"",""23,009,853,500"",""7.77""]",2026-08-28T22:20:04.397Z
2024,0000202,대학,사립,경기,,한신대학교,"[""2024"",""0000202"",""한신대학교"",""사립"",""경기"",""대학"",""19,726,952,372"",""11,218,840,832"",""643,387,000"",""1,359,220,799"",""-"",""20,000,000"",""57,728,000"",""20,370,000"",""-"",""78,294,500"",""869,862,860"",""11,556,974,699"",""37,242,170,399"",""31.03""]",2026-08-28T22:20:04.397Z
2024,0000203,대학,사립,서울,,한양대학교,"[""2024"",""0000203"",""한양대학교"",""사립"",""서울"",""대학"",""84,047,447,700"",""24,206,768,433"",""108,966,729,200"",""500,000,000"",""37,176,859,667"",""4,704,239,000"",""2,222,208,300"",""7,463,000,000"",""353,172,000"",""11,219,536,000"",""7,150,601,861"",""239,597,025,295"",""378,647,909,587"",""63.28""]",2026-08-28T22:20:04.397Z
2024,0000204,대학,사립,경기,,한양대학교(ERICA),"[""2024"",""0000204"",""한양대학교(ERICA)"",""사립"",""경기"",""대학"",""69,166,245,535"",""19,183,931,234"",""20,920,600,000"",""-"",""12,388,077,333"",""658,280,667"",""1,310,298,000"",""197,352,000"",""7,141,000"",""2,579,844,590"",""3,014,417,130"",""91,058,325,021"",""-"",""""]",2026-08-28T22:20:04.397Z
2024,0000331,대학,사립,서울,,한양사이버대학교,"[""2024"",""0000331"",""한양사이버대학교"",""사립"",""서울"",""대학"",""18,554,330,544"",""17,847,371,000"",""48,384,000"",""-"",""553,300,000"",""-"",""-"",""-"",""-"",""268,538,330"",""4,334,431"",""1,581,516,305"",""50,053,923,900"",""3.16""]",2026-08-28T22:20:04.397Z
2024,0000206,대학,사립,전북,,한일장신대학교,"[""2024"",""0000206"",""한일장신대학교"",""사립"",""전북"",""대학"",""3,055,085,598"",""2,173,967,434"",""-"",""-"",""-"",""-"",""71,000,000"",""-"",""-"",""20,730,000"",""2,456,185"",""975,304,349"",""5,628,580,932"",""17.33""]",2026-08-28T22:20:04.397Z
2024,0000207,대학,사립,경기,,협성대학교,"[""2024"",""0000207"",""협성대학교"",""사립"",""경기"",""대학"",""9,755,423,797"",""8,756,664,302"",""409,104,000"",""327,876,000"",""-"",""-"",""-"",""20,370,000"",""20,352,000"",""91,852,500"",""5,797,945,990"",""7,666,259,985"",""28,153,720,250"",""27.23""]",2026-08-28T22:20:04.397Z
2024,0000208,대학,사립,광주,,호남대학교,"[""2024"",""0000208"",""호남대학교"",""사립"",""광주"",""대학"",""33,390,676,082"",""16,752,208,710"",""154,705,000"",""828,727,263"",""221,908,000"",""-"",""356,000,000"",""20,370,000"",""-"",""78,796,540"",""83,002,733"",""18,381,976,908"",""48,518,344,290"",""37.89""]",2026-08-28T22:20:04.397Z
2024,0000209,대학,사립,광주,,호남신학대학교,"[""2024"",""0000209"",""호남신학대학교"",""사립"",""광주"",""대학"",""1,789,710,700"",""1,452,221,884"",""-"",""-"",""-"",""-"",""-"",""-"",""-"",""28,700,600"",""171,484"",""366,360,900"",""4,034,288,932"",""9.08""]",2026-08-28T22:20:04.397Z
2024,0000211,대학,사립,충남,,호서대학교,"[""2024"",""0000211"",""호서대학교"",""사립"",""충남"",""대학"",""57,332,581,423"",""28,099,681,534"",""4,427,657,000"",""-"",""3,092,120,000"",""-"",""23,000,000"",""8,653,870,000"",""-"",""4,128,367,500"",""1,094,913,301"",""50,652,827,690"",""105,231,342,634"",""48.13""]",2026-08-28T22:20:04.397Z
2024,0000282,대학,사립,전북,,호원대학교,"[""2024"",""0000282"",""호원대학교"",""사립"",""전북"",""대학"",""24,342,607,341"",""13,945,731,370"",""-"",""-"",""-"",""-"",""316,500,000"",""20,370,000"",""-"",""148,788,830"",""1,125,199,322"",""12,007,734,123"",""33,268,801,360"",""36.09""]",2026-08-28T22:20:04.397Z
2024,0000212,대학,사립,서울,,홍익대학교,"[""2024"",""0000212"",""홍익대학교"",""사립"",""서울"",""대학"",""53,818,571,591"",""31,409,552,184"",""9,687,900,200"",""-"",""3,340,200,000"",""81,250,000"",""2,110,890,300"",""508,370,000"",""58,000,000"",""1,721,268,190"",""905,072,559"",""40,821,970,656"",""199,294,532,519"",""20.48""]",2026-08-28T22:20:04.397Z
2024,0000233,대학,사립,경기,,화성의과학대학교,"[""2024"",""0000233"",""화성의과학대학교"",""사립"",""경기"",""대학"",""122,032,826"","""",""-"",""-"",""-"",""-"",""-"",""-"",""-"",""1,707,500"",""12,625,000"",""136,365,326"",""3,260,380,890"",""4.18""]",2026-08-28T22:20:04.397Z
2024,0000333,대학,사립,부산,,화신사이버대학교,"[""2024"",""0000333"",""화신사이버대학교"",""사립"",""부산"",""대학"",""5,231,397,271"",""3,900,809,000"",""-"",""-"",""-"",""-"",""-"",""-"",""-"",""65,989,500"",""-"",""1,396,577,771"",""4,694,222,000"",""29.75""]",2026-08-28T22:20:04.397Z
2024,0000579,전문대학,사립,경기,,ICT폴리텍대학,"[""2024"",""0000579"",""ICT폴리텍대학"",""사립"",""경기"",""전문대학"",""378,692,515"",""378,125,000"",""6,023,000,000"",""181,120,000"",""-"",""-"",""-"",""-"",""-"",""-"",""3,022,341"",""6,207,709,856"",""-"",""""]",2026-08-28T22:20:04.397Z
2024,0000410,전문대학,사립,경북,,가톨릭상지대학교,"[""2024"",""0000410"",""가톨릭상지대학교"",""사립"",""경북"",""전문대학"",""13,699,033,027"",""4,966,245,697"",""-"",""187,200,000"",""-"",""-"",""-"",""-"",""4,812,000"",""25,038,000"",""805,456,718"",""9,755,294,048"",""10,166,890,882"",""95.95""]",2026-08-28T22:20:04.397Z
2024,0000433,전문대학,사립,충북,,강동대학교,"[""2024"",""0000433"",""강동대학교"",""사립"",""충북"",""전문대학"",""12,267,918,575"",""11,047,633,914"",""-"",""159,990,000"",""-"",""-"",""36,000,000"",""-"",""-"",""95,550,000"",""59,941,715"",""1,571,766,376"",""19,521,718,260"",""8.05""]",2026-08-28T22:20:04.397Z
2024,0000514,전문대학,사립,강원,,강릉영동대학교,"[""2024"",""0000514"",""강릉영동대학교"",""사립"",""강원"",""전문대학"",""8,966,815,508"",""5,774,591,158"",""81,000,000"",""-"",""-"",""-"",""50,000,000"",""-"",""-"",""33,457,500"",""921,309,168"",""4,277,991,018"",""17,258,721,688"",""24.79""]",2026-08-28T22:20:04.397Z
2024,0002639,전문대학,공립,강원,,강원도립대학교,"[""2024"",""0002639"",""강원도립대학교"",""공립"",""강원"",""전문대학"",""10,179,072,340"",""1,001,271,160"",""-"",""-"",""-"",""-"",""28,000,000"",""465,870,000"",""-"",""20,000,000"",""17,027,543,920"",""26,719,215,100"",""1,237,557,510"",""2,159.03""]",2026-08-28T22:20:04.397Z
2024,0000412,전문대학,사립,경남,,거제대학교,"[""2024"",""0000412"",""거제대학교"",""사립"",""경남"",""전문대학"",""11,917,497,839"",""3,221,022,200"",""24,192,000"",""357,000,000"",""120,000,000"",""-"",""-"",""-"",""-"",""13,069,500"",""456,910,624"",""9,667,647,763"",""6,551,092,470"",""147.57""]",2026-08-28T22:20:04.397Z
2024,0000560,전문대학,사립,경기,,경기과학기술대학교,"[""2024"",""0000560"",""경기과학기술대학교"",""사립"",""경기"",""전문대학"",""24,396,853,337"",""9,670,511,153"",""24,742,000"",""338,900,000"",""3,133,720,000"",""-"",""-"",""125,840,000"",""-"",""29,220,150"",""222,334,503"",""18,601,098,837"",""25,109,903,902"",""74.08""]",2026-08-28T22:20:04.397Z
2024,0000402,전문대학,공립,경남,,경남도립거창대학,"[""2024"",""0000402"",""경남도립거창대학"",""공립"",""경남"",""전문대학"",""13,173,693,881"",""1,504,740,000"",""-"",""199,869,530"",""-"",""-"",""-"",""-"",""-"",""-"",""10,890,722,221"",""22,759,545,632"",""2,418,072,818"",""941.23""]",2026-08-28T22:20:04.397Z
2024,0000403,전문대학,공립,경남,,경남도립남해대학,"[""2024"",""0000403"",""경남도립남해대학"",""공립"",""경남"",""전문대학"",""10,204,605,532"",""1,428,394,160"",""-"",""-"",""-"",""-"",""-"",""-"",""15,780,000"",""-"",""9,467,099,728"",""18,259,091,100"",""2,011,395,490"",""907.78""]",2026-08-28T22:20:04.397Z
2024,0002640,전문대학,사립,부산,,경남정보대학교,"[""2024"",""0002640"",""경남정보대학교"",""사립"",""부산"",""전문대학"",""35,672,224,576"",""17,418,090,158"",""-"",""260,932,000"",""120,000,000"",""-"",""35,000,000"",""280,492,000"",""-"",""57,923,155"",""1,187,383,444"",""20,195,865,017"",""29,624,203,131"",""68.17""]",2026-08-28T22:20:04.397Z
2024,0000416,전문대학,사립,경기,,경민대학교,"[""2024"",""0000416"",""경민대학교"",""사립"",""경기"",""전문대학"",""27,044,871,834"",""12,619,201,470"",""24,192,000"",""-"",""-"",""-"",""-"",""-"",""-"",""43,186,000"",""461,108,975"",""14,954,157,339"",""26,026,651,380"",""57.46""]",2026-08-28T22:20:04.397Z
2024,0002641,전문대학,사립,경기,,경복대학교,"[""2024"",""0002641"",""경복대학교"",""사립"",""경기"",""전문대학"",""30,620,125,159"",""17,418,493,351"",""37,296,000"",""200,000,000"",""-"",""-"",""-"",""20,370,000"",""-"",""50,215,830"",""133,371,629"",""13,642,885,267"",""39,524,064,430"",""34.52""]",2026-08-28T22:20:04.397Z
2024,0000456,전문대학,사립,경북,,경북과학대학교,"[""2024"",""0000456"",""경북과학대학교"",""사립"",""경북"",""전문대학"",""6,811,024,437"",""6,478,242,480"",""-"",""-"",""-"",""-"",""-"",""-"",""-"",""468,944,100"",""325,920,000"",""1,127,646,057"",""10,844,424,900"",""10.40""]",2026-08-28T22:20:04.397Z
2024,0000438,전문대학,사립,경북,,경북보건대학교,"[""2024"",""0000438"",""경북보건대학교"",""사립"",""경북"",""전문대학"",""11,518,659,496"",""3,585,419,600"",""-"",""-"",""-"",""-"",""-"",""-"",""-"",""11,580,000"",""1,311,032,000"",""9,255,851,896"",""7,164,304,550"",""129.19""]",2026-08-28T22:20:04.397Z
2024,0002642,전문대학,사립,경북,,경북전문대학교,"[""2024"",""0002642"",""경북전문대학교"",""사립"",""경북"",""전문대학"",""17,740,804,323"",""8,658,345,967"",""-"",""234,797,000"",""-"",""-"",""44,000,000"",""60,000,000"",""-"",""45,926,800"",""2,122,747,000"",""11,589,929,156"",""14,580,118,467"",""79.49""]",2026-08-28T22:20:04.397Z
2024,0000422,전문대학,사립,인천,,경인여자대학교,"[""2024"",""0000422"",""경인여자대학교"",""사립"",""인천"",""전문대학"",""16,704,571,724"",""9,611,514,219"",""-"",""172,620,000"",""-"",""-"",""-"",""-"",""-"",""29,206,250"",""2,571,439,197"",""9,866,322,952"",""22,136,515,267"",""44.57""]",2026-08-28T22:20:04.397Z
2024,0000425,전문대학,사립,대구,,계명문화대학교,"[""2024"",""0000425"",""계명문화대학교"",""사립"",""대구"",""전문대학"",""34,108,488,975"",""15,352,971,098"",""32,983,000"",""700,000,000"",""-"",""-"",""24,000,000"",""345,770,000"",""11,236,000"",""76,337,000"",""341,283,165"",""20,287,127,042"",""25,434,307,871"",""79.76""]",2026-08-28T22:20:04.397Z
2024,0000426,전문대학,사립,경기,,계원예술대학교,"[""2024"",""0000426"",""계원예술대학교"",""사립"",""경기"",""전문대학"",""15,408,892,535"",""6,392,979,933"",""-"",""480,000,000"",""-"",""-"",""-"",""52,000,000"",""6,498,000"",""24,934,000"",""51,829,381"",""9,631,173,983"",""20,312,609,139"",""47.41""]",2026-08-28T22:20:04.397Z
2024,0000428,전문대학,사립,전남,,광양보건대학교,"[""2024"",""0000428"",""광양보건대학교"",""사립"",""전남"",""전문대학"",""2,765,993"","""",""-"",""-"",""-"",""-"",""-"",""-"",""-"",""-"",""16,000,000"",""18,765,993"",""628,270,000"",""2.99""]",2026-08-28T22:20:04.397Z
2024,0000429,전문대학,사립,광주,,광주보건대학교,"[""2024"",""0000429"",""광주보건대학교"",""사립"",""광주"",""전문대학"",""22,776,877,144"",""9,664,146,649"",""-"",""-"",""36,000,000"",""60,000,000"",""-"",""-"",""-"",""31,725,500"",""237,574,420"",""13,478,030,415"",""17,610,139,086"",""76.54""]",2026-08-28T22:20:04.397Z
2024,0000430,전문대학,사립,경북,,구미대학교,"[""2024"",""0000430"",""구미대학교"",""사립"",""경북"",""전문대학"",""37,866,151,218"",""20,049,962,220"",""-"",""1,058,093,066"",""-"",""-"",""-"",""-"",""-"",""117,772,000"",""12,985,078,223"",""31,977,132,287"",""32,006,415,170"",""99.91""]",2026-08-28T22:20:04.397Z
2024,0000549,전문대학,사립,경기,,국제대학교,"[""2024"",""0000549"",""국제대학교"",""사립"",""경기"",""전문대학"",""9,695,093,201"",""7,180,947,683"",""-"",""-"",""-"",""-"",""25,000,000"",""-"",""-"",""63,703,500"",""2,197,675,850"",""4,800,524,868"",""15,390,749,767"",""31.19""]",2026-08-28T22:20:04.397Z
2024,0002971,전문대학,사립,전북,,군산간호대학교,"[""2024"",""0002971"",""군산간호대학교"",""사립"",""전북"",""전문대학"",""7,795,448,348"",""2,892,075,583"",""49,392,000"",""-"",""-"",""-"",""-"",""-"",""-"",""-"",""5,395,527"",""4,958,160,292"",""7,049,539,250"",""70.33""]",2026-08-28T22:20:04.397Z
2024,0000432,전문대학,사립,전북,,군장대학교,"[""2024"",""0000432"",""군장대학교"",""사립"",""전북"",""전문대학"",""13,575,699,786"",""4,236,497,800"",""-"",""160,000,000"",""-"",""-"",""-"",""-"",""-"",""55,362,000"",""1,417,684,886"",""10,972,248,872"",""9,588,813,134"",""114.43""]",2026-08-28T22:20:04.397Z
2024,0002972,전문대학,사립,광주,,기독간호대학교,"[""2024"",""0002972"",""기독간호대학교"",""사립"",""광주"",""전문대학"",""5,557,643,981"",""1,389,655,333"",""-"",""-"",""-"",""-"",""-"",""-"",""-"",""8,067,750"",""2,659,000"",""4,178,715,398"",""3,152,665,943"",""132.55""]",2026-08-28T22:20:04.397Z
2024,0000440,전문대학,사립,경기,,김포대학교,"[""2024"",""0000440"",""김포대학교"",""사립"",""경기"",""전문대학"",""5,334,589,582"",""5,108,619,919"",""-"",""-"",""-"",""-"",""-"",""-"",""-"",""25,845,000"",""1,623,825,754"",""1,875,640,417"",""12,069,568,320"",""15.54""]",2026-08-28T22:20:04.397Z
2024,0000569,전문대학,사립,경남,,김해대학교,"[""2024"",""0000569"",""김해대학교"",""사립"",""경남"",""전문대학"",""13,347,554,143"",""4,377,538,668"",""-"",""-"",""-"",""-"",""14,000,000"",""-"",""-"",""17,748,000"",""745,660,154"",""9,747,423,629"",""8,019,463,336"",""121.55""]",2026-08-28T22:20:04.397Z
2024,0000435,전문대학,사립,전남,,나주대학교,"[""2024"",""0000435"",""나주대학교"",""사립"",""전남"",""전문대학"",""94,160,826"",""11,472,000"",""-"",""-"",""-"",""-"",""-"",""-"",""-"",""9,799,000"",""1,890,381,650"",""1,982,869,476"",""5,746,913,801"",""34.50""]",2026-08-28T22:20:04.397Z
2024,0000441,전문대학,사립,경기,,농협대학교,"[""2024"",""0000441"",""농협대학교"",""사립"",""경기"",""전문대학"",""3,746,710,723"",""432,390,000"",""16,000,207"",""-"",""-"",""-"",""-"",""-"",""35,999,799"",""38,443,896"",""243,127,813"",""3,647,892,438"",""1,861,992,664"",""195.91""]",2026-08-28T22:20:04.397Z
2024,0000442,전문대학,사립,경북,,대경대학교,"[""2024"",""0000442"",""대경대학교"",""사립"",""경북"",""전문대학"",""24,448,431,720"",""11,547,249,313"",""-"",""-"",""-"",""-"",""57,000,000"",""-"",""69,857,400"",""46,842,410"",""152,322,758"",""13,227,204,975"",""21,349,743,980"",""61.95""]",2026-08-28T22:20:04.397Z
2024,0000443,전문대학,사립,대구,,대구공업대학교,"[""2024"",""0000443"",""대구공업대학교"",""사립"",""대구"",""전문대학"",""5,001,754,263"",""4,361,130,760"",""90,000,000"",""-"",""-"",""-"",""-"",""20,000,000"",""-"",""73,149,500"",""24,800,000"",""848,573,003"",""6,464,032,800"",""13.13""]",2026-08-28T22:20:04.397Z
2024,0000446,전문대학,사립,대구,,대구과학대학교,"[""2024"",""0000446"",""대구과학대학교"",""사립"",""대구"",""전문대학"",""31,293,081,732"",""13,880,627,897"",""24,192,000"",""-"",""-"",""390,000,000"",""40,000,000"",""-"",""-"",""58,052,950"",""766,680,831"",""18,691,379,616"",""24,131,789,451"",""77.46""]",2026-08-28T22:20:04.397Z
2024,0000444,전문대학,사립,대구,,대구보건대학교,"[""2024"",""0000444"",""대구보건대학교"",""사립"",""대구"",""전문대학"",""40,649,247,798"",""19,414,671,879"",""29,605,000"",""-"",""175,000,000"",""-"",""-"",""677,504,000"",""-"",""101,810,500"",""666,711,417"",""22,885,206,836"",""39,515,534,244"",""57.91""]",2026-08-28T22:20:04.397Z
2024,0000546,전문대학,사립,대전,,대덕대학교,"[""2024"",""0000546"",""대덕대학교"",""사립"",""대전"",""전문대학"",""5,467,337,114"",""4,827,384,900"",""-"",""216,000,000"",""-"",""-"",""32,000,000"",""378,462,000"",""-"",""21,618,750"",""1,156,506,361"",""2,444,539,325"",""8,385,197,918"",""29.15""]",2026-08-28T22:20:04.397Z
2024,0000447,전문대학,사립,부산,,대동대학교,"[""2024"",""0000447"",""대동대학교"",""사립"",""부산"",""전문대학"",""8,477,902,099"",""3,956,686,666"",""-"",""-"",""-"",""-"",""-"",""-"",""-"",""30,022,500"",""184,500,859"",""4,735,738,792"",""8,949,837,166"",""52.91""]",2026-08-28T22:20:04.397Z
2024,0000448,전문대학,사립,경기,,대림대학교,"[""2024"",""0000448"",""대림대학교"",""사립"",""경기"",""전문대학"",""35,198,316,247"",""17,066,948,285"",""71,292,000"",""670,675,000"",""-"",""-"",""-"",""-"",""11,930,000"",""88,935,640"",""6,437,820,686"",""25,412,021,288"",""43,589,252,950"",""58.30""]",2026-08-28T22:20:04.397Z
2024,0000449,전문대학,사립,충북,,대원대학교,"[""2024"",""0000449"",""대원대학교"",""사립"",""충북"",""전문대학"",""5,505,773,618"",""5,038,936,151"",""24,192,000"",""-"",""-"",""-"",""-"",""-"",""-"",""46,165,500"",""2,158,808,954"",""2,696,003,921"",""10,384,036,402"",""25.96""]",2026-08-28T22:20:04.397Z
2024,0000453,전문대학,사립,대전,,대전과학기술대학교,"[""2024"",""0000453"",""대전과학기술대학교"",""사립"",""대전"",""전문대학"",""18,509,733,612"",""9,022,062,870"",""-"",""-"",""-"",""-"",""24,000,000"",""95,770,000"",""-"",""20,686,500"",""503,662,840"",""10,131,790,082"",""22,780,309,578"",""44.48""]",2026-08-28T22:20:04.397Z
2024,0000451,전문대학,사립,대전,,대전보건대학교,"[""2024"",""0000451"",""대전보건대학교"",""사립"",""대전"",""전문대학"",""23,922,409,865"",""11,210,924,431"",""24,192,000"",""266,943,200"",""-"",""-"",""-"",""26,000,000"",""-"",""33,464,525"",""480,383,720"",""13,542,468,879"",""24,801,327,197"",""54.60""]",2026-08-28T22:20:04.397Z
2024,0000460,전문대학,사립,광주,,동강대학교,"[""2024"",""0000460"",""동강대학교"",""사립"",""광주"",""전문대학"",""8,824,920,811"",""6,547,523,830"",""24,192,000"",""225,600,000"",""-"",""-"",""27,000,000"",""156,905,000"",""-"",""39,931,000"",""1,765,692,877"",""4,516,717,858"",""12,109,507,750"",""37.30""]",2026-08-28T22:20:04.397Z
2024,0000457,전문대학,사립,경기,,동남보건대학교,"[""2024"",""0000457"",""동남보건대학교"",""사립"",""경기"",""전문대학"",""18,802,575,457"",""10,518,630,466"",""-"",""115,670,000"",""-"",""-"",""-"",""-"",""-"",""5,123,750"",""2,208,136,976"",""10,612,875,717"",""29,354,339,006"",""36.15""]",2026-08-28T22:20:04.397Z
2024,0000450,전문대학,사립,경기,,동서울대학교,"[""2024"",""0000450"",""동서울대학교"",""사립"",""경기"",""전문대학"",""28,414,061,933"",""15,152,490,327"",""55,575,000"",""1,536,869,903"",""-"",""403,940,000"",""-"",""47,000,000"",""-"",""47,693,000"",""102,384,183"",""15,455,033,692"",""36,191,376,944"",""42.70""]",2026-08-28T22:20:04.397Z
2024,0000461,전문대학,사립,경기,,동아방송예술대학교,"[""2024"",""0000461"",""동아방송예술대학교"",""사립"",""경기"",""전문대학"",""17,643,674,250"",""8,570,527,690"",""-"",""-"",""-"",""-"",""-"",""-"",""-"",""30,869,000"",""63,267,987"",""9,167,283,547"",""21,718,719,960"",""42.21""]",2026-08-28T22:20:04.397Z
2024,0000462,전문대학,사립,전남,,동아보건대학교,"[""2024"",""0000462"",""동아보건대학교"",""사립"",""전남"",""전문대학"",""5,035,656,732"",""2,977,359,154"",""-"",""-"",""-"",""-"",""-"",""-"",""-"",""11,650,000"",""4,500,000"",""2,074,447,578"",""4,390,491,670"",""47.25""]",2026-08-28T22:20:04.397Z
2024,0000463,전문대학,사립,서울,,동양미래대학교,"[""2024"",""0000463"",""동양미래대학교"",""사립"",""서울"",""전문대학"",""31,180,763,625"",""15,828,230,087"",""156,223,000"",""303,285,000"",""120,000,000"",""-"",""-"",""-"",""-"",""39,560,000"",""216,706,400"",""16,188,307,938"",""36,000,658,600"",""44.97""]",2026-08-28T22:20:04.397Z
2024,0000509,전문대학,사립,경남,,동원과학기술대학교,"[""2024"",""0000509"",""동원과학기술대학교"",""사립"",""경남"",""전문대학"",""18,058,665,279"",""6,233,237,700"",""-"",""770,000,000"",""-"",""-"",""38,000,000"",""17,940,000"",""-"",""67,762,000"",""1,120,919,262"",""13,840,048,841"",""12,424,084,243"",""111.40""]",2026-08-28T22:20:04.397Z
2024,0000465,전문대학,사립,경기,,동원대학교,"[""2024"",""0000465"",""동원대학교"",""사립"",""경기"",""전문대학"",""13,837,231,939"",""8,955,772,918"",""29,312,000"",""336,930,000"",""-"",""-"",""178,548,000"",""-"",""11,082,000"",""86,550,000"",""1,049,043,346"",""6,572,924,367"",""17,477,743,242"",""37.61""]",2026-08-28T22:20:04.397Z
2024,0000466,전문대학,사립,부산,,동의과학대학교,"[""2024"",""0000466"",""동의과학대학교"",""사립"",""부산"",""전문대학"",""21,858,675,995"",""10,259,123,701"",""24,192,000"",""420,497,000"",""-"",""-"",""40,000,000"",""778,264,000"",""-"",""105,107,490"",""968,173,444"",""13,935,786,228"",""22,021,640,903"",""63.28""]",2026-08-28T22:20:04.397Z
2024,0000469,전문대학,사립,경기,,두원공과대학교,"[""2024"",""0000469"",""두원공과대학교"",""사립"",""경기"",""전문대학"",""7,439,398,006"",""5,130,026,820"",""-"",""159,940,000"",""120,000,000"",""-"",""-"",""731,744,000"",""-"",""48,193,920"",""40,357,378"",""3,409,606,484"",""12,999,434,109"",""26.23""]",2026-08-28T22:20:04.397Z
2024,0000470,전문대학,사립,경남,,마산대학교,"[""2024"",""0000470"",""마산대학교"",""사립"",""경남"",""전문대학"",""23,974,587,028"",""14,723,424,910"",""-"",""-"",""-"",""-"",""174,548,000"",""125,000,000"",""-"",""30,333,000"",""591,270,464"",""10,172,313,582"",""28,885,595,390"",""35.22""]",2026-08-28T22:20:04.397Z
2024,0000473,전문대학,사립,서울,,명지전문대학,"[""2024"",""0000473"",""명지전문대학"",""사립"",""서울"",""전문대학"",""33,819,075,004"",""16,709,898,779"",""63,936,000"",""-"",""120,000,000"",""30,000,000"",""-"",""-"",""7,979,000"",""59,855,160"",""23,718,071"",""17,414,664,456"",""39,762,208,776"",""43.80""]",2026-08-28T22:20:04.397Z
2024,0000474,전문대학,사립,전남,,목포과학대학교,"[""2024"",""0000474"",""목포과학대학교"",""사립"",""전남"",""전문대학"",""21,526,537,017"",""8,177,450,399"",""-"",""-"",""-"",""-"",""49,000,000"",""-"",""-"",""73,603,000"",""453,890,500"",""13,925,580,118"",""13,349,090,570"",""104.32""]",2026-08-28T22:20:04.397Z
2024,0000475,전문대학,사립,경북,,문경대학교,"[""2024"",""0000475"",""문경대학교"",""사립"",""경북"",""전문대학"",""8,235,247,478"",""2,112,436,193"",""-"",""-"",""-"",""-"",""-"",""-"",""-"",""9,616,920"",""3,729,969,000"",""9,862,397,205"",""4,056,216,126"",""243.14""]",2026-08-28T22:20:04.397Z
2024,0000476,전문대학,사립,서울,,배화여자대학교,"[""2024"",""0000476"",""배화여자대학교"",""사립"",""서울"",""전문대학"",""15,273,655,828"",""6,232,975,040"",""37,260,000"",""305,147,000"",""-"",""-"",""-"",""531,342,000"",""-"",""195,796,660"",""320,783,285"",""10,431,009,733"",""15,322,373,840"",""68.08""]",2026-08-28T22:20:04.397Z
2024,0000543,전문대학,사립,충남,,백석문화대학교,"[""2024"",""0000543"",""백석문화대학교"",""사립"",""충남"",""전문대학"",""20,535,507,314"",""10,210,466,440"",""24,256,000"",""-"",""-"",""-"",""21,000,000"",""112,370,000"",""-"",""57,731,917"",""29,810,621"",""10,570,209,412"",""24,642,612,497"",""42.89""]",2026-08-28T22:20:04.397Z
2024,0000477,전문대학,사립,전북,,백제예술대학교,"[""2024"",""0000477"",""백제예술대학교"",""사립"",""전북"",""전문대학"",""2,248,863,680"",""2,155,204,626"",""-"",""-"",""-"",""-"",""-"",""-"",""-"",""17,430,750"",""7,727,767"",""118,817,571"",""5,108,401,626"",""2.33""]",2026-08-28T22:20:04.397Z
2024,0000479,전문대학,사립,부산,,부산경상대학교,"[""2024"",""0000479"",""부산경상대학교"",""사립"",""부산"",""전문대학"",""18,433,345,375"",""5,585,101,000"",""-"",""325,759,000"",""-"",""-"",""-"",""-"",""-"",""153,673,500"",""1,230,800,000"",""14,558,476,875"",""9,133,365,000"",""159.40""]",2026-08-28T22:20:04.397Z
2024,0000481,전문대학,사립,부산,,부산과학기술대학교,"[""2024"",""0000481"",""부산과학기술대학교"",""사립"",""부산"",""전문대학"",""23,925,472,916"",""11,388,893,113"",""-"",""331,392,000"",""-"",""-"",""-"",""255,190,000"",""-"",""142,469,960"",""507,509,989"",""13,773,141,752"",""19,983,055,799"",""68.92""]",2026-08-28T22:20:04.397Z
2024,0000467,전문대학,사립,부산,,부산보건대학교,"[""2024"",""0000467"",""부산보건대학교"",""사립"",""부산"",""전문대학"",""18,436,998,567"",""7,446,239,683"",""-"",""-"",""-"",""-"",""-"",""-"",""11,090,000"",""41,907,750"",""226,177,636"",""11,269,934,270"",""12,909,476,769"",""87.30""]",2026-08-28T22:20:04.397Z
2024,0000480,전문대학,사립,부산,,부산여자대학교,"[""2024"",""0000480"",""부산여자대학교"",""사립"",""부산"",""전문대학"",""12,429,548,166"",""5,765,829,735"",""-"",""199,908,700"",""-"",""-"",""-"",""-"",""-"",""41,724,000"",""110,846,500"",""7,016,197,631"",""10,148,713,995"",""69.13""]",2026-08-28T22:20:04.397Z
2024,0000561,전문대학,사립,부산,,부산예술대학교,"[""2024"",""0000561"",""부산예술대학교"",""사립"",""부산"",""전문대학"",""2,731,671,045"",""2,456,887,071"",""-"",""-"",""-"",""-"",""-"",""-"",""-"",""30,961,750"",""3,732,500"",""309,478,224"",""3,428,362,167"",""9.03""]",2026-08-28T22:20:04.397Z
2024,0000482,전문대학,사립,경기,,부천대학교,"[""2024"",""0000482"",""부천대학교"",""사립"",""경기"",""전문대학"",""37,051,224,786"",""21,610,455,104"",""129,870,000"",""1,476,148,000"",""-"",""-"",""-"",""359,701,000"",""-"",""242,376,250"",""6,376,368,262"",""24,025,233,194"",""43,892,796,841"",""54.74""]",2026-08-28T22:20:04.397Z
2024,0000483,전문대학,사립,서울,,삼육보건대학교,"[""2024"",""0000483"",""삼육보건대학교"",""사립"",""서울"",""전문대학"",""8,288,756,696"",""2,679,109,236"",""24,192,000"",""189,016,000"",""-"",""-"",""-"",""-"",""-"",""41,755,000"",""10,567,099"",""5,875,177,559"",""7,482,479,630"",""78.52""]",2026-08-28T22:20:04.397Z
2024,0002646,전문대학,사립,광주,,서영대학교,"[""2024"",""0002646"",""서영대학교"",""사립"",""광주"",""전문대학"",""25,928,567,789"",""15,710,767,814"",""-"",""43,755,000"",""-"",""-"",""-"",""-"",""-"",""105,373,580"",""1,221,297,888"",""11,588,226,443"",""26,253,334,072"",""44.14""]",2026-08-28T22:20:04.397Z
2024,0002973,전문대학,사립,서울,,서울여자간호대학교,"[""2024"",""0002973"",""서울여자간호대학교"",""사립"",""서울"",""전문대학"",""5,070,646,427"",""1,632,857,500"",""22,176,000"",""-"",""-"",""-"",""-"",""-"",""-"",""-"",""2,899,616"",""3,462,864,543"",""5,578,528,003"",""62.07""]",2026-08-28T22:20:04.397Z
2024,0000489,전문대학,사립,경기,,서울예술대학교,"[""2024"",""0000489"",""서울예술대학교"",""사립"",""경기"",""전문대학"",""17,921,756,837"",""7,717,703,268"",""-"",""-"",""-"",""-"",""741,000,000"",""-"",""-"",""14,092,000"",""142,451,652"",""11,101,597,221"",""25,273,306,563"",""43.93""]",2026-08-28T22:20:04.397Z
2024,0000490,전문대학,사립,서울,,서일대학교,"[""2024"",""0000490"",""서일대학교"",""사립"",""서울"",""전문대학"",""25,039,865,442"",""14,796,312,126"",""212,311,000"",""1,329,586,480"",""50,000,000"",""-"",""-"",""26,000,000"",""-"",""87,979,000"",""30,043,893"",""11,979,473,689"",""35,642,165,235"",""33.61""]",2026-08-28T22:20:04.397Z
2024,0000566,전문대학,사립,경기,,서정대학교,"[""2024"",""0000566"",""서정대학교"",""사립"",""경기"",""전문대학"",""35,041,495,753"",""18,559,818,060"",""54,000,000"",""321,120,000"",""-"",""-"",""-"",""429,662,000"",""5,805,000"",""178,266,800"",""1,512,268,291"",""18,982,799,784"",""51,656,663,190"",""36.75""]",2026-08-28T22:20:04.397Z
2024,0000550,전문대학,사립,경북,,선린대학교,"[""2024"",""0000550"",""선린대학교"",""사립"",""경북"",""전문대학"",""10,768,086,044"",""5,346,118,168"",""24,192,000"",""-"",""-"",""-"",""-"",""-"",""-"",""53,765,000"",""231,500,000"",""5,731,424,876"",""10,628,027,050"",""53.93""]",2026-08-28T22:20:04.397Z
2024,0002647,전문대학,사립,경북,,성운대학교,"[""2024"",""0002647"",""성운대학교"",""사립"",""경북"",""전문대학"",""12,789,384,647"",""5,689,695,330"",""24,192,000"",""-"",""-"",""-"",""-"",""-"",""99,067,000"",""61,282,500"",""85,000,000"",""7,369,230,817"",""7,547,008,950"",""97.64""]",2026-08-28T22:20:04.397Z
2024,0000515,전문대학,사립,강원,,세경대학교,"[""2024"",""0000515"",""세경대학교"",""사립"",""강원"",""전문대학"",""8,212,326,707"",""2,251,618,634"",""-"",""-"",""-"",""-"",""-"",""80,000,000"",""-"",""15,184,000"",""443,240,000"",""6,499,132,073"",""3,760,810,047"",""172.81""]",2026-08-28T22:20:04.397Z
2024,0000567,전문대학,사립,강원,,송곡대학교,"[""2024"",""0000567"",""송곡대학교"",""사립"",""강원"",""전문대학"",""6,030,543,587"",""1,628,087,233"",""-"",""-"",""-"",""-"",""-"",""-"",""-"",""2,100,000"",""321,952,050"",""4,726,508,404"",""4,356,523,671"",""108.49""]",2026-08-28T22:20:04.397Z
2024,0000564,전문대학,사립,강원,,송호대학교,"[""2024"",""0000564"",""송호대학교"",""사립"",""강원"",""전문대학"",""2,870,571,899"",""2,458,233,658"",""-"",""-"",""-"",""-"",""23,000,000"",""-"",""5,750,000"",""23,299,880"",""346,626,628"",""811,014,749"",""5,192,156,321"",""15.62""]",2026-08-28T22:20:04.397Z
2024,0002649,전문대학,사립,대구,,수성대학교,"[""2024"",""0002649"",""수성대학교"",""사립"",""대구"",""전문대학"",""13,455,686,624"",""11,325,910,820"",""-"",""231,270,000"",""-"",""-"",""-"",""30,370,000"",""-"",""96,093,750"",""928,867,000"",""3,416,376,554"",""19,078,277,000"",""17.91""]",2026-08-28T22:20:04.397Z
2024,0000497,전문대학,사립,경기,,수원과학대학교,"[""2024"",""0000497"",""수원과학대학교"",""사립"",""경기"",""전문대학"",""6,489,507,238"",""6,213,650,670"",""-"",""-"",""-"",""-"",""-"",""-"",""-"",""19,719,500"",""13,954,306"",""309,530,374"",""15,250,048,438"",""2.03""]",2026-08-28T22:20:04.397Z
2024,0000496,전문대학,사립,경기,,수원여자대학교,"[""2024"",""0000496"",""수원여자대학교"",""사립"",""경기"",""전문대학"",""14,893,708,217"",""8,595,244,660"",""25,200,000"",""-"",""-"",""-"",""-"",""-"",""-"",""141,682,500"",""25,518,167"",""6,490,864,224"",""23,696,509,705"",""27.39""]",2026-08-28T22:20:04.397Z
2024,0000498,전문대학,사립,전남,,순천제일대학교,"[""2024"",""0000498"",""순천제일대학교"",""사립"",""전남"",""전문대학"",""19,569,678,828"",""6,993,191,666"",""-"",""200,000,000"",""-"",""-"",""-"",""-"",""-"",""45,619,000"",""1,011,015,405"",""13,833,121,567"",""13,838,679,309"",""99.96""]",2026-08-28T22:20:04.397Z
2024,0000500,전문대학,사립,서울,,숭의여자대학교,"[""2024"",""0000500"",""숭의여자대학교"",""사립"",""서울"",""전문대학"",""8,303,453,497"",""7,749,152,853"",""5,000,000"",""-"",""-"",""-"",""-"",""-"",""-"",""50,545,300"",""10,394,313"",""620,240,257"",""17,121,860,421"",""3.62""]",2026-08-28T22:20:04.397Z
2024,0000501,전문대학,사립,경기,,신구대학교,"[""2024"",""0000501"",""신구대학교"",""사립"",""경기"",""전문대학"",""24,601,386,740"",""16,164,204,795"",""-"",""-"",""-"",""-"",""23,544,000"",""-"",""5,964,000"",""21,015,000"",""72,651,803"",""8,560,356,748"",""39,067,733,980"",""21.91""]",2026-08-28T22:20:04.397Z
2024,0000502,전문대학,사립,충남,,신성대학교,"[""2024"",""0000502"",""신성대학교"",""사립"",""충남"",""전문대학"",""14,918,863,790"",""7,136,652,586"",""24,192,000"",""187,050,000"",""120,000,000"",""-"",""60,000,000"",""-"",""-"",""29,175,300"",""213,722,060"",""8,416,350,564"",""17,113,349,950"",""49.18""]",2026-08-28T22:20:04.397Z
2024,0000506,전문대학,사립,경기,,신안산대학교,"[""2024"",""0000506"",""신안산대학교"",""사립"",""경기"",""전문대학"",""5,552,006,284"",""5,285,932,393"",""-"",""238,512,000"",""-"",""-"",""-"",""19,500,000"",""-"",""30,701,500"",""1,667,328,248"",""2,222,115,639"",""14,840,975,790"",""14.97""]",2026-08-28T22:20:04.397Z
2024,0000454,전문대학,사립,충남,,아주자동차대학교,"[""2024"",""0000454"",""아주자동차대학교"",""사립"",""충남"",""전문대학"",""7,452,159,239"",""901,825,250"",""24,192,000"",""-"",""-"",""-"",""-"",""-"",""-"",""6,560,000"",""251,995,449"",""6,833,081,438"",""5,899,086,650"",""115.83""]",2026-08-28T22:20:04.397Z
2024,0002650,전문대학,사립,경북,,안동과학대학교,"[""2024"",""0002650"",""안동과학대학교"",""사립"",""경북"",""전문대학"",""13,286,244,618"",""5,816,126,333"",""493,694,000"",""-"",""-"",""-"",""48,000,000"",""-"",""5,248,000"",""33,397,000"",""152,136,733"",""8,202,594,018"",""11,697,826,844"",""70.12""]",2026-08-28T22:20:04.397Z
2024,0000507,전문대학,사립,경기,,안산대학교,"[""2024"",""0000507"",""안산대학교"",""사립"",""경기"",""전문대학"",""22,464,841,258"",""12,195,227,055"",""25,200,000"",""486,499,365"",""-"",""-"",""160,000,000"",""20,370,000"",""-"",""23,652,660"",""591,763,935"",""11,577,100,163"",""26,450,234,519"",""43.77""]",2026-08-28T22:20:04.397Z
2024,0000510,전문대학,사립,경기,,여주대학교,"[""2024"",""0000510"",""여주대학교"",""사립"",""경기"",""전문대학"",""11,997,091,844"",""8,039,752,771"",""112,320,000"",""-"",""-"",""-"",""-"",""-"",""-"",""27,528,500"",""1,087,227,073"",""5,184,414,646"",""20,054,379,979"",""25.85""]",2026-08-28T22:20:04.397Z
2024,0002651,전문대학,사립,경기,,연성대학교,"[""2024"",""0002651"",""연성대학교"",""사립"",""경기"",""전문대학"",""30,091,128,945"",""16,073,336,483"",""48,384,000"",""620,872,000"",""-"",""-"",""-"",""-"",""-"",""34,050,500"",""767,306,650"",""15,488,405,612"",""35,526,883,329"",""43.60""]",2026-08-28T22:20:04.397Z
2024,0002652,전문대학,사립,경남,,연암공과대학교,"[""2024"",""0002652"",""연암공과대학교"",""사립"",""경남"",""전문대학"",""14,130,275,235"",""2,746,866,715"",""-"",""-"",""-"",""-"",""-"",""-"",""-"",""5,701,000"",""200,637,224"",""11,589,746,744"",""6,162,151,616"",""188.08""]",2026-08-28T22:20:04.397Z
2024,0000512,전문대학,사립,충남,,연암대학교,"[""2024"",""0000512"",""연암대학교"",""사립"",""충남"",""전문대학"",""22,275,154,324"",""2,662,784,560"",""-"",""-"",""-"",""-"",""-"",""-"",""2,613,901,750"",""30,359,720"",""1,250,196,060"",""23,506,827,294"",""6,741,651,890"",""348.68""]",2026-08-28T22:20:04.397Z
2024,0000418,전문대학,사립,경북,,영남외국어대학,"[""2024"",""0000418"",""영남외국어대학"",""사립"",""경북"",""전문대학"",""849,183,171"",""779,955,500"",""-"",""-"",""-"",""-"",""-"",""-"",""-"",""10,650,000"",""-"",""79,877,671"",""2,748,765,000"",""2.91""]",2026-08-28T22:20:04.397Z
2024,0000513,전문대학,사립,대구,,영남이공대학교,"[""2024"",""0000513"",""영남이공대학교"",""사립"",""대구"",""전문대학"",""37,453,672,959"",""17,005,158,017"",""39,744,000"",""1,351,831,475"",""300,000,000"",""-"",""-"",""634,654,000"",""-"",""88,747,000"",""653,466,650"",""23,516,958,067"",""33,585,121,935"",""70.02""]",2026-08-28T22:20:04.397Z
2024,0000575,전문대학,사립,대구,,영진사이버대학교,"[""2024"",""0000575"",""영진사이버대학교"",""사립"",""대구"",""전문대학"",""6,797,291,023"",""6,332,797,400"",""-"",""-"",""-"",""-"",""-"",""-"",""-"",""52,139,000"",""149,800,574"",""666,433,197"",""8,798,827,800"",""7.57""]",2026-08-28T22:20:04.397Z
2024,0000517,전문대학,사립,대구,,영진전문대학교,"[""2024"",""0000517"",""영진전문대학교"",""사립"",""대구"",""전문대학"",""44,342,817,616"",""21,010,902,990"",""-"",""687,627,810"",""-"",""-"",""80,000,000"",""261,372,000"",""-"",""104,116,250"",""467,107,150"",""24,932,137,836"",""40,046,126,080"",""62.26""]",2026-08-28T22:20:04.397Z
2024,0002653,전문대학,사립,경기,,오산대학교,"[""2024"",""0002653"",""오산대학교"",""사립"",""경기"",""전문대학"",""24,153,641,804"",""10,339,268,193"",""-"",""200,000,000"",""-"",""-"",""-"",""-"",""-"",""265,845,000"",""866,014,150"",""15,146,232,761"",""26,522,706,300"",""57.11""]",2026-08-28T22:20:04.397Z
2024,0000520,전문대학,사립,경기,,용인예술과학대학교,"[""2024"",""0000520"",""용인예술과학대학교"",""사립"",""경기"",""전문대학"",""10,190,369,459"",""6,479,295,060"",""-"",""-"",""-"",""-"",""14,000,000"",""60,000,000"",""-"",""10,831,500"",""38,158,927"",""3,834,064,826"",""16,780,610,890"",""22.85""]",2026-08-28T22:20:04.397Z
2024,0000452,전문대학,사립,대전,,우송정보대학,"[""2024"",""0000452"",""우송정보대학"",""사립"",""대전"",""전문대학"",""20,694,945,518"",""9,268,514,431"",""-"",""582,200,000"",""-"",""-"",""-"",""-"",""-"",""30,796,200"",""163,862,987"",""12,203,290,274"",""17,875,931,031"",""68.27""]",2026-08-28T22:20:04.397Z
2024,0000521,전문대학,사립,울산,,울산과학대학교,"[""2024"",""0000521"",""울산과학대학교"",""사립"",""울산"",""전문대학"",""33,571,281,428"",""10,742,604,645"",""251,686,000"",""893,440,000"",""63,000,000"",""390,000,000"",""38,000,000"",""260,312,000"",""-"",""39,285,500"",""3,627,779,000"",""28,392,179,283"",""31,015,595,128"",""91.54""]",2026-08-28T22:20:04.397Z
2024,0000568,전문대학,사립,경기,,웅지세무대학교,"[""2024"",""0000568"",""웅지세무대학교"",""사립"",""경기"",""전문대학"",""451,693,442"",""448,240,000"",""-"",""-"",""-"",""-"",""-"",""-"",""-"",""10,440,000"",""29,960"",""13,923,402"",""2,134,285,400"",""0.65""]",2026-08-28T22:20:04.397Z
2024,0000523,전문대학,사립,전북,,원광보건대학교,"[""2024"",""0000523"",""원광보건대학교"",""사립"",""전북"",""전문대학"",""28,838,148,912"",""11,927,334,019"",""-"",""-"",""-"",""-"",""-"",""-"",""-"",""53,005,000"",""1,412,272,966"",""18,376,092,859"",""22,348,010,598"",""82.23""]",2026-08-28T22:20:04.397Z
2024,0000524,전문대학,사립,경기,,유한대학교,"[""2024"",""0000524"",""유한대학교"",""사립"",""경기"",""전문대학"",""24,294,983,434"",""11,369,724,069"",""-"",""658,272,897"",""-"",""-"",""-"",""212,000,000"",""-"",""25,520,840"",""264,462,451"",""14,085,515,553"",""25,414,611,694"",""55.42""]",2026-08-28T22:20:04.397Z
2024,0000525,전문대학,사립,서울,,인덕대학교,"[""2024"",""0000525"",""인덕대학교"",""사립"",""서울"",""전문대학"",""25,877,619,276"",""14,955,250,695"",""82,608,000"",""1,453,137,669"",""70,000,000"",""-"",""-"",""-"",""-"",""205,076,000"",""263,946,688"",""12,997,136,938"",""33,965,620,200"",""38.27""]",2026-08-28T22:20:04.397Z
2024,0002654,전문대학,사립,인천,,인하공업전문대학,"[""2024"",""0002654"",""인하공업전문대학"",""사립"",""인천"",""전문대학"",""36,025,201,743"",""18,486,077,190"",""81,357,000"",""500,000,000"",""1,241,061,000"",""-"",""-"",""-"",""-"",""42,036,000"",""354,386,753"",""19,757,965,306"",""45,915,500,115"",""43.03""]",2026-08-28T22:20:04.397Z
2024,0000527,전문대학,사립,경기,,장안대학교,"[""2024"",""0000527"",""장안대학교"",""사립"",""경기"",""전문대학"",""3,811,460,469"",""3,359,713,330"",""-"",""-"",""-"",""-"",""-"",""-"",""-"",""31,962,000"",""55,304,421"",""539,013,560"",""11,994,175,935"",""4.49""]",2026-08-28T22:20:04.397Z
2024,0000455,전문대학,사립,인천,,재능대학교,"[""2024"",""0000455"",""재능대학교"",""사립"",""인천"",""전문대학"",""17,620,321,555"",""7,856,781,038"",""183,915,000"",""200,000,000"",""-"",""-"",""-"",""-"",""-"",""50,656,000"",""923,124,228"",""11,121,235,745"",""17,139,763,672"",""64.89""]",2026-08-28T22:20:04.397Z
2024,0000529,전문대학,사립,전남,,전남과학대학교,"[""2024"",""0000529"",""전남과학대학교"",""사립"",""전남"",""전문대학"",""26,121,633,740"",""10,034,891,300"",""-"",""-"",""-"",""-"",""310,000,000"",""-"",""-"",""67,756,660"",""538,122,392"",""17,002,621,492"",""14,701,631,560"",""115.65""]",2026-08-28T22:20:04.397Z
2024,0000562,전문대학,공립,전남,,전남도립대학교,"[""2024"",""0000562"",""전남도립대학교"",""공립"",""전남"",""전문대학"",""2,608,448,341"",""1,305,163,500"",""-"",""196,000,000"",""-"",""-"",""-"",""-"",""45,448,000"",""-"",""7,026,052,000"",""8,570,784,841"",""1,698,793,040"",""504.52""]",2026-08-28T22:20:04.397Z
2024,0000531,전문대학,사립,전북,,전북과학대학교,"[""2024"",""0000531"",""전북과학대학교"",""사립"",""전북"",""전문대학"",""14,112,618,613"",""5,459,703,033"",""-"",""-"",""-"",""-"",""-"",""90,370,000"",""-"",""32,421,760"",""526,526,220"",""9,302,233,560"",""8,568,442,527"",""108.56""]",2026-08-28T22:20:04.397Z
2024,0000437,전문대학,사립,전북,,전주기전대학,"[""2024"",""0000437"",""전주기전대학"",""사립"",""전북"",""전문대학"",""8,206,388,355"",""5,512,670,410"",""-"",""194,565,924"",""-"",""-"",""39,000,000"",""60,000,000"",""229,037,000"",""49,345,000"",""3,973,132,067"",""7,238,797,936"",""10,063,274,500"",""71.93""]",2026-08-28T22:20:04.397Z
2024,0000530,전문대학,사립,전북,,전주비전대학교,"[""2024"",""0000530"",""전주비전대학교"",""사립"",""전북"",""전문대학"",""21,413,540,681"",""9,060,973,013"",""-"",""245,480,000"",""-"",""-"",""32,000,000"",""152,060,000"",""-"",""56,155,500"",""127,047,474"",""12,965,310,642"",""17,890,442,669"",""72.47""]",2026-08-28T22:20:04.397Z
2024,0000532,전문대학,사립,제주,,제주관광대학교,"[""2024"",""0000532"",""제주관광대학교"",""사립"",""제주"",""전문대학"",""10,982,405,476"",""4,277,700,547"",""14,999,480"",""134,000,000"",""-"",""-"",""-"",""431,862,000"",""-"",""30,596,830"",""682,632,165"",""7,998,795,404"",""6,959,743,687"",""114.93""]",2026-08-28T22:20:04.397Z
2024,0002655,전문대학,사립,제주,,제주한라대학교,"[""2024"",""0002655"",""제주한라대학교"",""사립"",""제주"",""전문대학"",""20,461,633,479"",""10,150,021,040"",""-"",""558,400,000"",""120,000,000"",""-"",""16,000,000"",""20,370,000"",""139,831,000"",""43,642,500"",""476,044,646"",""11,685,900,585"",""18,824,453,630"",""62.08""]",2026-08-28T22:20:04.397Z
2024,0002974,전문대학,사립,광주,,조선간호대학교,"[""2024"",""0002974"",""조선간호대학교"",""사립"",""광주"",""전문대학"",""6,725,087,549"",""1,483,467,500"",""63,936,000"",""-"",""-"",""-"",""-"",""-"",""-"",""3,946,500"",""21,831,000"",""5,331,333,549"",""3,864,917,525"",""137.94""]",2026-08-28T22:20:04.397Z
2024,0000534,전문대학,사립,광주,,조선이공대학교,"[""2024"",""0000534"",""조선이공대학교"",""사립"",""광주"",""전문대학"",""23,143,942,526"",""7,512,838,300"",""-"",""324,366,820"",""120,000,000"",""-"",""41,000,000"",""185,640,000"",""-"",""59,801,370"",""213,959,000"",""16,575,871,416"",""14,315,192,123"",""115.79""]",2026-08-28T22:20:04.397Z
2024,0000539,전문대학,사립,경남,,진주보건대학교,"[""2024"",""0000539"",""진주보건대학교"",""사립"",""경남"",""전문대학"",""13,221,300,669"",""7,293,933,290"",""-"",""-"",""-"",""-"",""-"",""-"",""-"",""58,556,000"",""29,575,206"",""6,015,498,585"",""14,583,432,120"",""41.25""]",2026-08-28T22:20:04.397Z
2024,0000542,전문대학,사립,경남,,창원문성대학교,"[""2024"",""0000542"",""창원문성대학교"",""사립"",""경남"",""전문대학"",""3,798,862,648"",""2,530,265,970"",""-"",""648,490,000"",""-"",""-"",""-"",""20,370,000"",""-"",""15,232,000"",""1,218,220,712"",""3,170,909,390"",""5,518,430,830"",""57.46""]",2026-08-28T22:20:04.397Z
2024,0000544,전문대학,사립,경기,,청강문화산업대학교,"[""2024"",""0000544"",""청강문화산업대학교"",""사립"",""경기"",""전문대학"",""20,156,983,001"",""9,712,245,810"",""-"",""123,180,000"",""-"",""-"",""31,000,000"",""60,000,000"",""-"",""41,084,000"",""723,336,104"",""11,423,337,295"",""26,647,813,650"",""42.87""]",2026-08-28T22:20:04.397Z
2024,0002656,전문대학,사립,전남,,청암대학교,"[""2024"",""0002656"",""청암대학교"",""사립"",""전남"",""전문대학"",""10,897,576,000"",""5,246,221,904"",""-"",""-"",""-"",""-"",""-"",""-"",""-"",""36,796,750"",""638,854,000"",""6,327,004,846"",""11,749,906,584"",""53.85""]",2026-08-28T22:20:04.397Z
2024,0000545,전문대학,사립,울산,,춘해보건대학교,"[""2024"",""0000545"",""춘해보건대학교"",""사립"",""울산"",""전문대학"",""16,136,192,905"",""7,222,732,665"",""-"",""-"",""-"",""-"",""-"",""-"",""5,597,000"",""32,822,500"",""325,819,710"",""9,277,699,450"",""15,243,356,329"",""60.86""]",2026-08-28T22:20:04.397Z
2024,0002657,전문대학,공립,충남,,충남도립대학교,"[""2024"",""0002657"",""충남도립대학교"",""공립"",""충남"",""전문대학"",""6,248,558,161"",""1,696,251,920"",""22,254,834"",""-"",""-"",""-"",""-"",""-"",""50,072,727"",""50,072,583"",""18,353,579,660"",""23,028,286,045"",""2,298,513,966"",""1,001.88""]",2026-08-28T22:20:04.397Z
2024,0000406,전문대학,공립,충북,,충북도립대학교,"[""2024"",""0000406"",""충북도립대학교"",""공립"",""충북"",""전문대학"",""8,381,346,383"",""914,187,990"",""24,192,000"",""-"",""-"",""-"",""-"",""-"",""3,456,000"",""-"",""10,890,918,351"",""18,385,724,744"",""1,236,200,980"",""1,487.28""]",2026-08-28T22:20:04.397Z
2024,0000536,전문대학,사립,충북,,충북보건과학대학교,"[""2024"",""0000536"",""충북보건과학대학교"",""사립"",""충북"",""전문대학"",""16,061,141,045"",""5,566,087,325"",""-"",""287,000,000"",""120,000,000"",""-"",""33,000,000"",""20,370,000"",""5,618,000"",""27,738,000"",""225,065,467"",""11,213,845,187"",""13,489,365,717"",""83.13""]",2026-08-28T22:20:04.397Z
2024,0000547,전문대학,사립,충북,,충청대학교,"[""2024"",""0000547"",""충청대학교"",""사립"",""충북"",""전문대학"",""16,640,716,718"",""7,486,866,765"",""25,200,000"",""-"",""-"",""390,000,000"",""-"",""146,830,000"",""-"",""24,675,000"",""247,024,164"",""9,987,579,117"",""17,470,093,806"",""57.17""]",2026-08-28T22:20:04.397Z
2024,0002658,전문대학,사립,경북,,포항대학교,"[""2024"",""0002658"",""포항대학교"",""사립"",""경북"",""전문대학"",""9,102,871,197"",""4,969,207,333"",""85,000,000"",""185,611,150"",""-"",""390,000,000"",""-"",""20,370,000"",""-"",""58,433,750"",""1,105,000,000"",""5,978,078,764"",""9,078,169,691"",""65.85""]",2026-08-28T22:20:04.397Z
2024,0000578,전문대학,사립,강원,,한국골프과학기술대학교,"[""2024"",""0000578"",""한국골프과학기술대학교"",""사립"",""강원"",""전문대학"",""1,669,582,061"",""1,627,432,000"",""-"",""-"",""-"",""-"",""39,000,000"",""-"",""-"",""13,920,000"",""189,240,000"",""284,310,061"",""3,502,618,500"",""8.12""]",2026-08-28T22:20:04.397Z
2024,0000565,전문대학,사립,경기,,한국관광대학교,"[""2024"",""0000565"",""한국관광대학교"",""사립"",""경기"",""전문대학"",""5,726,963,098"",""3,268,926,001"",""-"",""-"",""-"",""-"",""40,000,000"",""-"",""-"",""10,244,680"",""22,611,797"",""2,530,893,574"",""6,742,193,783"",""37.54""]",2026-08-28T22:20:04.397Z
2024,0003019,전문대학,특별법국립,전북,,한국농수산대학교,"[""2024"",""0003019"",""한국농수산대학교"",""특별법국립"",""전북"",""전문대학"",""275,756,581"",""162,543,800"",""56,674,181"",""-"",""-"",""-"",""-"",""20,370,000"",""37,552,650,000"",""2,410,499,909"",""10,012,680"",""40,163,419,551"",""-"",""""]",2026-08-28T22:20:04.397Z
2024,0000576,전문대학,사립,경북,,한국복지사이버대학교,"[""2024"",""0000576"",""한국복지사이버대학교"",""사립"",""경북"",""전문대학"",""3,538,511,164"",""3,502,690,000"",""-"",""-"",""-"",""-"",""-"",""-"",""-"",""65,910,000"",""279,966"",""102,011,130"",""6,079,671,000"",""1.68""]",2026-08-28T22:20:04.397Z
2024,0000570,전문대학,사립,경남,,한국승강기대학교,"[""2024"",""0000570"",""한국승강기대학교"",""사립"",""경남"",""전문대학"",""8,544,551,025"",""1,221,844,250"",""-"",""-"",""-"",""-"",""-"",""151,775,000"",""-"",""50,213,300"",""4,959,642,171"",""12,484,337,246"",""3,289,266,290"",""379.55""]",2026-08-28T22:20:04.397Z
2024,0000522,전문대학,사립,세종,,한국영상대학교,"[""2024"",""0000522"",""한국영상대학교"",""사립"",""세종"",""전문대학"",""21,862,970,854"",""8,773,607,043"",""-"",""-"",""-"",""-"",""77,000,000"",""20,370,000"",""-"",""22,309,000"",""146,594,597"",""13,355,637,408"",""17,747,475,671"",""75.25""]",2026-08-28T22:20:04.397Z
2024,0000585,전문대학,사립,서울,,한국폴리텍 I 대학,"[""2024"",""0000585"",""한국폴리텍 I 대학"",""사립"",""서울"",""전문대학"",""2,143,313,734"",""1,962,884,639"",""9,998,040"",""55,118,008,988"",""-"",""-"",""-"",""-"",""-"",""4,251,000"",""672,606,611"",""55,985,293,734"",""-"",""""]",2026-08-28T22:20:04.397Z
2024,0000590,전문대학,사립,경기,,한국폴리텍 II 대학,"[""2024"",""0000590"",""한국폴리텍 II 대학"",""사립"",""경기"",""전문대학"",""1,617,774,911"",""1,581,611,666"",""-"",""42,726,232,388"",""-"",""-"",""-"",""20,370,000"",""-"",""3,117,500"",""292,614,243"",""43,078,497,376"",""-"",""""]",2026-08-28T22:20:04.397Z
2024,0000594,전문대학,사립,강원,,한국폴리텍 III 대학,"[""2024"",""0000594"",""한국폴리텍 III 대학"",""사립"",""강원"",""전문대학"",""500,049,006"",""497,971,750"",""10,000,000"",""36,177,695,488"",""-"",""-"",""-"",""-"",""-"",""-"",""9,420,000"",""36,199,192,744"",""-"",""""]",2026-08-28T22:20:04.397Z
2024,0000603,전문대학,사립,대전,,한국폴리텍 IV 대학,"[""2024"",""0000603"",""한국폴리텍 IV 대학"",""사립"",""대전"",""전문대학"",""2,083,531,770"",""2,040,180,674"",""41,400,000"",""55,439,863,388"",""-"",""-"",""-"",""-"",""-"",""4,596,000"",""356,505,900"",""55,885,716,384"",""-"",""""]",2026-08-28T22:20:04.397Z
2024,0000616,전문대학,사립,광주,,한국폴리텍 V 대학,"[""2024"",""0000616"",""한국폴리텍 V 대학"",""사립"",""광주"",""전문대학"",""1,682,041,907"",""1,678,018,418"",""-"",""50,425,016,688"",""-"",""-"",""-"",""-"",""-"",""5,416,500"",""379,096,000"",""50,813,552,677"",""-"",""""]",2026-08-28T22:20:04.397Z
2024,0000624,전문대학,사립,경북,,한국폴리텍 VI 대학,"[""2024"",""0000624"",""한국폴리텍 VI 대학"",""사립"",""경북"",""전문대학"",""1,592,273,878"",""1,587,241,340"",""80,730,000"",""50,582,763,388"",""30,000,000"",""-"",""-"",""-"",""-"",""4,053,330"",""533,800,179"",""51,236,379,435"",""-"",""""]",2026-08-28T22:20:04.397Z
2024,0003163,전문대학,사립,부산,,한국폴리텍 VII 대학,"[""2024"",""0003163"",""한국폴리텍 VII 대학"",""사립"",""부산"",""전문대학"",""3,556,130,345"",""3,366,928,004"",""-"",""60,300,454,688"",""-"",""-"",""-"",""52,000,000"",""-"",""6,890,670"",""880,121,000"",""61,428,668,699"",""-"",""""]",2026-08-28T22:20:04.397Z
2024,0003104,전문대학,사립,충남,,한국폴리텍 특성화대학,"[""2024"",""0003104"",""한국폴리텍 특성화대학"",""사립"",""충남"",""전문대학"",""1,330,310,227"",""1,250,426,669"",""24,192,000"",""43,471,974,984"",""1,352,800,000"",""-"",""-"",""-"",""-"",""1,082,000"",""87,216,000"",""45,017,148,542"",""-"",""""]",2026-08-28T22:20:04.397Z
2024,0000553,전문대학,사립,강원,,한림성심대학교,"[""2024"",""0000553"",""한림성심대학교"",""사립"",""강원"",""전문대학"",""18,297,788,500"",""6,849,984,098"",""-"",""-"",""-"",""-"",""-"",""199,095,000"",""-"",""30,761,250"",""730,994,369"",""12,408,655,021"",""13,842,666,260"",""89.64""]",2026-08-28T22:20:04.397Z
2024,0000554,전문대학,사립,서울,,한양여자대학교,"[""2024"",""0000554"",""한양여자대학교"",""사립"",""서울"",""전문대학"",""32,190,819,085"",""16,999,768,421"",""-"",""854,860,000"",""-"",""-"",""-"",""-"",""-"",""49,814,000"",""954,896,142"",""17,050,620,806"",""38,463,822,744"",""44.33""]",2026-08-28T22:20:04.397Z
2024,0000555,전문대학,사립,전남,,한영대학교,"[""2024"",""0000555"",""한영대학교"",""사립"",""전남"",""전문대학"",""9,204,554,696"",""2,954,885,000"",""-"",""480,000,000"",""-"",""-"",""-"",""-"",""-"",""12,380,000"",""669,500,000"",""7,411,549,696"",""7,484,614,900"",""99.02""]",2026-08-28T22:20:04.397Z
2024,0000556,전문대학,사립,충남,,혜전대학교,"[""2024"",""0000556"",""혜전대학교"",""사립"",""충남"",""전문대학"",""10,525,876,021"",""6,400,308,670"",""24,192,000"",""-"",""-"",""-"",""-"",""-"",""5,503,000"",""11,760,500"",""1,069,279,707"",""5,236,302,558"",""15,644,507,216"",""33.47""]",2026-08-28T22:20:04.397Z
2024,0000415,전문대학,사립,경북,,호산대학교,"[""2024"",""0000415"",""호산대학교"",""사립"",""경북"",""전문대학"",""11,830,910,220"",""5,309,749,140"",""-"",""199,983,772"",""-"",""-"",""-"",""-"",""-"",""80,991,300"",""92,621,120"",""6,894,757,272"",""13,065,995,360"",""52.77""]",2026-08-28T22:20:04.397Z
2024,0000663,대학원대학,사립,서울,,개신대학원대학교,"[""2024"",""0000663"",""개신대학원대학교"",""사립"",""서울"",""대학원대학"",""12,402,945"","""",""-"",""-"",""-"",""-"",""-"",""-"",""-"",""-"",""-"",""12,402,945"",""1,571,519,813"",""0.79""]",2026-08-28T22:20:04.397Z
2024,0000643,대학원대학,사립,대전,,건신대학원대학교,"[""2024"",""0000643"",""건신대학원대학교"",""사립"",""대전"",""대학원대학"",""6,310,977"","""",""-"",""-"",""-"",""-"",""-"",""-"",""-"",""-"",""-"",""6,310,977"",""1,063,046,193"",""0.59""]",2026-08-28T22:20:04.397Z
2024,0000664,대학원대학,기타,대전,,과학기술연합대학원대학교,"[""2024"",""0000664"",""과학기술연합대학원대학교"",""기타"",""대전"",""대학원대학"",""121,454,977"","""",""18,579,120,000"",""-"",""-"",""-"",""-"",""-"",""-"",""-"",""24,501"",""18,700,599,478"",""-"",""""]",2026-08-28T22:20:04.397Z
2024,0002928,대학원대학,특별법법인,경기,,국립암센터국제암대학원대학교,"[""2024"",""0002928"",""국립암센터국제암대학원대학교"",""특별법법인"",""경기"",""대학원대학"",""199,200,000"","""",""1,630,868,000"",""-"",""371,600,000"",""756,592,500"",""-"",""-"",""-"",""-"",""-"",""2,958,260,500"",""-"",""""]",2026-08-28T22:20:04.397Z
2024,0000657,대학원대학,사립,충남,,국제뇌교육종합대학원대학교,"[""2024"",""0000657"",""국제뇌교육종합대학원대학교"",""사립"",""충남"",""대학원대학"",""32,743,108"","""",""157,268,000"",""-"",""-"",""-"",""-"",""-"",""-"",""-"",""-"",""190,011,108"",""2,237,629,000"",""8.49""]",2026-08-28T22:20:04.397Z
2024,0002818,대학원대학,사립,경기,,능인대학원대학교,"[""2024"",""0002818"",""능인대학원대학교"",""사립"",""경기"",""대학원대학"",""59,675,000"","""",""-"",""-"",""-"",""-"",""-"",""-"",""-"",""-"",""-"",""59,675,000"",""352,620,000"",""16.92""]",2026-08-28T22:20:04.397Z
2024,0000641,대학원대학,사립,경기,,대한신학대학원대학교,"[""2024"",""0000641"",""대한신학대학원대학교"",""사립"",""경기"",""대학원대학"",""-"","""",""-"",""-"",""-"",""-"",""-"",""-"",""-"",""16,755,000"",""-"",""16,755,000"",""1,599,073,380"",""1.05""]",2026-08-28T22:20:04.397Z
2024,0000669,대학원대학,사립,서울,,동방문화대학원대학교,"[""2024"",""0000669"",""동방문화대학원대학교"",""사립"",""서울"",""대학원대학"",""115,915,000"","""",""-"",""-"",""-"",""-"",""-"",""-"",""-"",""16,755,000"",""2,388,000"",""135,058,000"",""2,695,690,699"",""5.01""]",2026-08-28T22:20:04.397Z
2024,0000642,대학원대학,사립,서울,,베뢰아국제대학원대학교,"[""2024"",""0000642"",""베뢰아국제대학원대학교"",""사립"",""서울"",""대학원대학"",""110,317"","""",""-"",""-"",""-"",""-"",""-"",""-"",""-"",""-"",""-"",""110,317"",""-"",""""]",2026-08-28T22:20:04.397Z
2024,0000666,대학원대학,사립,서울,,서울과학종합대학원대학교,"[""2024"",""0000666"",""서울과학종합대학원대학교"",""사립"",""서울"",""대학원대학"",""11,182,976"","""",""-"",""-"",""-"",""-"",""-"",""-"",""-"",""-"",""-"",""11,182,976"",""17,056,629,200"",""0.07""]",2026-08-28T22:20:04.397Z
2024,0000677,대학원대학,사립,서울,,서울미디어대학원대학교,"[""2024"",""0000677"",""서울미디어대학원대학교"",""사립"",""서울"",""대학원대학"",""36,078,740"","""",""-"",""-"",""65,230,000"",""-"",""-"",""-"",""-"",""-"",""-"",""101,308,740"",""2,514,683,349"",""4.03""]",2026-08-28T22:20:04.397Z
2024,0000660,대학원대학,사립,서울,,서울벤처대학원대학교,"[""2024"",""0000660"",""서울벤처대학원대학교"",""사립"",""서울"",""대학원대학"",""-"","""",""-"",""-"",""-"",""-"",""-"",""-"",""42,840,000"",""-"",""-"",""42,840,000"",""2,336,186,000"",""1.83""]",2026-08-28T22:20:04.397Z
2024,0000658,대학원대학,사립,서울,,서울불교대학원대학교,"[""2024"",""0000658"",""서울불교대학원대학교"",""사립"",""서울"",""대학원대학"",""70,261,560"","""",""-"",""-"",""-"",""-"",""-"",""-"",""-"",""-"",""369,276"",""70,630,836"",""1,871,979,600"",""3.77""]",2026-08-28T22:20:04.397Z
2024,0000653,대학원대학,사립,서울,,서울사회복지대학원대학교,"[""2024"",""0000653"",""서울사회복지대학원대학교"",""사립"",""서울"",""대학원대학"",""1,413,270"","""",""-"",""-"",""-"",""-"",""-"",""-"",""-"",""16,755,000"",""180,410"",""18,348,680"",""-"",""""]",2026-08-28T22:20:04.397Z
2024,0000678,대학원대학,사립,서울,,서울상담심리대학원대학교,"[""2024"",""0000678"",""서울상담심리대학원대학교"",""사립"",""서울"",""대학원대학"",""7,814,837"","""",""-"",""-"",""-"",""-"",""-"",""-"",""-"",""-"",""-"",""7,814,837"",""1,136,126,640"",""0.69""]",2026-08-28T22:20:04.397Z
2024,0000650,대학원대학,사립,서울,,서울성경신학대학원대학교,"[""2024"",""0000650"",""서울성경신학대학원대학교"",""사립"",""서울"",""대학원대학"",""5,370,120"","""",""-"",""-"",""-"",""-"",""-"",""-"",""-"",""-"",""-"",""5,370,120"",""364,180,000"",""1.47""]",2026-08-28T22:20:04.397Z
2024,0000659,대학원대학,사립,서울,,서울외국어대학원대학교,"[""2024"",""0000659"",""서울외국어대학원대학교"",""사립"",""서울"",""대학원대학"",""20,913,966"","""",""30,000,000"",""-"",""-"",""-"",""-"",""-"",""-"",""-"",""-"",""50,913,966"",""2,621,233,338"",""1.94""]",2026-08-28T22:20:04.397Z
2024,0000667,대학원대학,사립,경기,,선학유피대학원대학교,"[""2024"",""0000667"",""선학유피대학원대학교"",""사립"",""경기"",""대학원대학"",""11,165,310"","""",""-"",""-"",""-"",""-"",""-"",""-"",""-"",""-"",""-"",""11,165,310"",""427,190,000"",""2.61""]",2026-08-28T22:20:04.397Z
2024,0000644,대학원대학,사립,인천,,성산효대학원대학교,"[""2024"",""0000644"",""성산효대학원대학교"",""사립"",""인천"",""대학원대학"",""4,532,404"","""",""-"",""-"",""-"",""-"",""-"",""-"",""-"",""16,755,000"",""-"",""21,287,404"",""1,495,938,050"",""1.42""]",2026-08-28T22:20:04.397Z
2024,0000661,대학원대학,사립,경기,,성서침례대학원대학교,"[""2024"",""0000661"",""성서침례대학원대학교"",""사립"",""경기"",""대학원대학"",""3,628,350"","""",""-"",""-"",""-"",""-"",""-"",""-"",""-"",""-"",""-"",""3,628,350"",""295,762,670"",""1.23""]",2026-08-28T22:20:04.397Z
2024,0000649,대학원대학,사립,서울,,수도국제대학원대학교,"[""2024"",""0000649"",""수도국제대학원대학교"",""사립"",""서울"",""대학원대학"",""3,627,634"","""",""-"",""-"",""-"",""-"",""-"",""-"",""-"",""-"",""-"",""3,627,634"",""3,474,565,982"",""0.10""]",2026-08-28T22:20:04.397Z
2024,0000671,대학원대학,사립,서울,,순복음대학원대학교,"[""2024"",""0000671"",""순복음대학원대학교"",""사립"",""서울"",""대학원대학"",""10,497,994"","""",""-"",""-"",""-"",""-"",""-"",""-"",""-"",""-"",""75,956"",""10,573,950"",""729,362,000"",""1.45""]",2026-08-28T22:20:04.397Z
2024,0000672,대학원대학,사립,경기,,실천신학대학원대학교,"[""2024"",""0000672"",""실천신학대학원대학교"",""사립"",""경기"",""대학원대학"",""10,872,529"","""",""-"",""-"",""-"",""-"",""-"",""-"",""-"",""-"",""-"",""10,872,529"",""576,629,000"",""1.89""]",2026-08-28T22:20:04.397Z
2024,0000654,대학원대학,사립,경기,,온석대학원대학교,"[""2024"",""0000654"",""온석대학원대학교"",""사립"",""경기"",""대학원대학"",""110,413"","""",""-"",""-"",""-"",""-"",""-"",""-"",""-"",""-"",""-"",""110,413"",""2,172,950,000"",""0.01""]",2026-08-28T22:20:04.397Z
2024,0000646,대학원대학,사립,경기,,웨스트민스터신학대학원대학교,"[""2024"",""0000646"",""웨스트민스터신학대학원대학교"",""사립"",""경기"",""대학원대학"",""19,084,621"","""",""-"",""-"",""-"",""-"",""-"",""-"",""-"",""-"",""116,422"",""19,201,043"",""3,221,632,834"",""0.60""]",2026-08-28T22:20:04.397Z
2024,0002817,대학원대학,사립,서울,,치유상담대학원대학교,"[""2024"",""0002817"",""치유상담대학원대학교"",""사립"",""서울"",""대학원대학"",""3,243,771"","""",""-"",""-"",""-"",""-"",""-"",""-"",""-"",""-"",""-"",""3,243,771"",""1,010,507,330"",""0.32""]",2026-08-28T22:20:04.397Z
2024,0000640,대학원대학,사립,세종,,한국개발연구원국제정책대학원대학교,"[""2024"",""0000640"",""한국개발연구원국제정책대학원대학교"",""사립"",""세종"",""대학원대학"",""18,024,456"","""",""-"",""-"",""-"",""-"",""-"",""-"",""-"",""40,909,090"",""22,400,000"",""81,333,546"",""-"",""""]",2026-08-28T22:20:04.397Z
2024,0000679,대학원대학,사립,서울,,한국상담대학원대학교,"[""2024"",""0000679"",""한국상담대학원대학교"",""사립"",""서울"",""대학원대학"",""6,901,413"","""",""-"",""-"",""-"",""-"",""-"",""-"",""-"",""-"",""-"",""6,901,413"",""1,440,514,670"",""0.48""]",2026-08-28T22:20:04.397Z
2024,0000681,대학원대학,사립,울산,,한국전력국제원자력대학원대학교,"[""2024"",""0000681"",""한국전력국제원자력대학원대학교"",""사립"",""울산"",""대학원대학"",""-"","""",""300,000,000"",""-"",""2,583,479,000"",""-"",""-"",""-"",""-"",""187,200,000"",""99,100,000"",""3,169,779,000"",""5,191,390,000"",""61.06""]",2026-08-28T22:20:04.397Z
2024,0000683,대학원대학,특별법법인,경기,,한국학대학원,"[""2024"",""0000683"",""한국학대학원"",""특별법법인"",""경기"",""대학원대학"",""9,439,744"","""",""-"",""-"",""-"",""-"",""-"",""-"",""-"",""-"",""-"",""9,439,744"",""-"",""""]",2026-08-28T22:20:04.397Z
2024,0000673,대학원대학,사립,서울,,한림국제대학원대학교,"[""2024"",""0000673"",""한림국제대학원대학교"",""사립"",""서울"",""대학원대학"",""103,820,596"","""",""-"",""-"",""364,000,000"",""-"",""-"",""-"",""-"",""-"",""171,170"",""467,991,766"",""2,798,455,000"",""16.72""]",2026-08-28T22:20:04.397Z
2024,0000647,대학원대학,사립,경기,,합동신학대학원대학교,"[""2024"",""0000647"",""합동신학대학원대학교"",""사립"",""경기"",""대학원대학"",""33,462,053"","""",""-"",""-"",""-"",""-"",""-"",""-"",""-"",""-"",""81,765"",""33,543,818"",""1,733,365,750"",""1.94""]",2026-08-28T22:20:04.397Z
2024,0000648,대학원대학,사립,서울,,횃불트리니티신학대학원대학교,"[""2024"",""0000648"",""횃불트리니티신학대학원대학교"",""사립"",""서울"",""대학원대학"",""21,229,801"","""",""-"",""-"",""-"",""-"",""-"",""-"",""-"",""-"",""391,114"",""21,620,915"",""2,649,775,660"",""0.82""]",2026-08-28T22:20:04.397Z
2024,0000155,대학,사립,전남,,영산선학대학교,"[""2024"",""0000155"",""영산선학대학교"",""사립"",""전남"",""대학"","""","""","""","""","""","""","""","""","""","""",""3,881,000"",""3,881,000"",""39,000,000"",""9.95""]",2026-08-28T22:20:04.397Z
2024,0000288,대학,사립,서울,,정석대학,"[""2024"",""0000288"",""정석대학"",""사립"",""서울"",""대학"","""","""","""","""","""","""","""","""","""","""",""-"",""-"",""-"",""""]",2026-08-28T22:20:04.397Z
2024,0000668,대학원대학,사립,경북,,경안대학원대학교,"[""2024"",""0000668"",""경안대학원대학교"",""사립"",""경북"",""대학원대학"","""","""","""","""","""","""","""","""","""","""",""-"",""-"",""283,088,000"",""-""]",2026-08-28T22:20:04.397Z
2024,0002857,대학원대학,사립,경기,,구세군사관대학원대학교,"[""2024"",""0002857"",""구세군사관대학원대학교"",""사립"",""경기"",""대학원대학"","""","""","""","""","""","""","""","""","""","""",""-"",""-"",""98,133,320"",""-""]",2026-08-28T22:20:04.397Z
2024,0000655,대학원대학,사립,경기,,국제법률경영대학원대학교,"[""2024"",""0000655"",""국제법률경영대학원대학교"",""사립"",""경기"",""대학원대학"","""","""","""","""","""","""","""","""","""","""",""-"",""-"",""297,428,581"",""-""]",2026-08-28T22:20:04.397Z
2024,0000656,대학원대학,사립,서울,,국제언어대학원대학교,"[""2024"",""0000656"",""국제언어대학원대학교"",""사립"",""서울"",""대학원대학"","""","""","""","""","""","""","""","""","""","""",""-"",""-"",""1,984,628,500"",""-""]",2026-08-28T22:20:04.397Z
2024,0000670,대학원대학,사립,서울,,북한대학원대학교,"[""2024"",""0000670"",""북한대학원대학교"",""사립"",""서울"",""대학원대학"","""","""","""","""","""","""","""","""","""","""",""42,021"",""42,021"",""1,558,888,500"",""0.00""]",2026-08-28T22:20:04.397Z
2024,0000662,대학원대학,사립,경기,,에스라성경대학원대학교,"[""2024"",""0000662"",""에스라성경대학원대학교"",""사립"",""경기"",""대학원대학"","""","""","""","""","""","""","""","""","""","""",""-"",""-"",""530,001,000"",""-""]",2026-08-28T22:20:04.397Z
2024,0000651,대학원대학,사립,서울,,예명대학원대학교,"[""2024"",""0000651"",""예명대학원대학교"",""사립"",""서울"",""대학원대학"","""","""","""","""","""","""","""","""","""","""",""-"",""-"",""1,987,427,680"",""-""]",2026-08-28T22:20:04.397Z
2024,0000645,대학원대학,사립,전북,,원불교대학원대학교,"[""2024"",""0000645"",""원불교대학원대학교"",""사립"",""전북"",""대학원대학"","""","""","""","""","""","""","""","""","""","""",""-"",""-"",""158,000,000"",""-""]",2026-08-28T22:20:04.397Z
2024,0002668,대학원대학,사립,경기,,제네바신학대학원대학교,"[""2024"",""0002668"",""제네바신학대학원대학교"",""사립"",""경기"",""대학원대학"","""","""","""","""","""","""","""","""","""","""",""-"",""-"",""37,500,000"",""-""]",2026-08-28T22:20:04.397Z
2024,0000680,대학원대학,사립,인천,,주안대학원대학교,"[""2024"",""0000680"",""주안대학원대학교"",""사립"",""인천"",""대학원대학"","""","""","""","""","""","""","""","""","""","""",""425,746"",""425,746"",""416,454,400"",""0.10""]",2026-08-28T22:20:04.397Z
2024,0000676,대학원대학,사립,서울,,한반도국제대학원대학교,"[""2024"",""0000676"",""한반도국제대학원대학교"",""사립"",""서울"",""대학원대학"","""","""","""","""","""","""","""","""","""","""",""-"",""-"",""200,500,000"",""-""]",2026-08-28T22:20:04.397Z
2023,0002748,대학,사립,경남,,가야대학교(김해),"[""2023"",""0002748"",""가야대학교(김해)"",""사립"",""경남"",""대학"",""4,733,214,803"",""4,322,754,640"",""53,250,000"",""668,741,900"",""70,000,000"",""-"",""-"",""-"",""5,000,000"",""28,545,500"",""12,588,427"",""1,248,585,990"",""12,007,894,720"",""10.40""]",2026-08-28T22:20:04.397Z
2023,0000063,대학,사립,경기,,가천대학교,"[""2023"",""0000063"",""가천대학교"",""사립"",""경기"",""대학"",""64,422,222,205"",""29,477,563,935"",""27,372,755,000"",""450,000,000"",""8,736,523,333"",""3,612,474,346"",""1,125,500,000"",""989,450,000"",""534,200,000"",""5,441,307,760"",""4,834,149,373"",""88,041,018,082"",""188,602,327,600"",""46.68""]",2026-08-28T22:20:04.397Z
2023,0000072,대학,사립,강원,,가톨릭관동대학교,"[""2023"",""0000072"",""가톨릭관동대학교"",""사립"",""강원"",""대학"",""23,802,058,415"",""13,992,430,233"",""3,248,711,000"",""1,393,682,000"",""405,000,000"",""566,800,000"",""253,822,477"",""264,400,000"",""192,776,000"",""864,807,160"",""2,549,335,144"",""19,548,961,963"",""44,582,325,320"",""43.85""]",2026-08-28T22:20:04.397Z
2023,0000215,대학,사립,충북,,가톨릭꽃동네대학교,"[""2023"",""0000215"",""가톨릭꽃동네대학교"",""사립"",""충북"",""대학"",""3,427,203,060"",""992,830,500"",""-"",""-"",""-"",""450,000,000"",""414,056,000"",""-"",""-"",""3,898,000"",""17,853,760"",""3,320,180,320"",""3,318,157,668"",""100.06""]",2026-08-28T22:20:04.397Z
2023,0000046,대학,사립,경기,,가톨릭대학교,"[""2023"",""0000046"",""가톨릭대학교"",""사립"",""경기"",""대학"",""41,021,193,154"",""13,458,826,070"",""13,802,106,000"",""-"",""5,358,410,333"",""19,765,858,346"",""557,000,000"",""27,000,000"",""298,366,000"",""7,463,944,160"",""1,660,355,405"",""76,495,407,328"",""89,776,142,680"",""85.21""]",2026-08-28T22:20:04.397Z
2023,0000050,대학,사립,서울,,감리교신학대학교,"[""2023"",""0000050"",""감리교신학대학교"",""사립"",""서울"",""대학"",""2,309,090,794"",""1,689,043,210"",""-"",""-"",""-"",""-"",""-"",""-"",""3,000,000"",""12,860,000"",""13,183,949"",""649,091,533"",""7,236,508,369"",""8.97""]",2026-08-28T22:20:04.397Z
2023,0000051,대학,사립,경기,,강남대학교,"[""2023"",""0000051"",""강남대학교"",""사립"",""경기"",""대학"",""22,439,619,188"",""11,321,066,180"",""557,347,000"",""1,076,700,000"",""228,000,000"",""250,000,000"",""422,100,000"",""22,190,000"",""19,803,920"",""235,588,140"",""695,983,168"",""14,626,265,236"",""50,169,873,400"",""29.15""]",2026-08-28T22:20:04.397Z
2023,0000001,대학,국립,강원,,국립강릉원주대학교,"[""2023"",""0000001"",""국립강릉원주대학교"",""국립"",""강원"",""대학"",""128,017,553,250"",""13,840,547,020"",""4,835,132,000"",""-"",""1,953,817,500"",""76,000,000"",""124,000,000"",""349,990,000"",""91,108,000"",""1,961,486,300"",""20,614,827,628"",""144,183,367,658"",""27,189,932,020"",""530.28""]",2026-08-28T22:20:04.397Z
2023,0000003,대학,국립,강원,,강원대학교,"[""2023"",""0000003"",""강원대학교"",""국립"",""강원"",""대학"",""330,524,189,290"",""30,689,452,540"",""33,488,174,000"",""2,250,804,000"",""5,657,767,667"",""1,576,362,222"",""1,130,879,000"",""7,155,380,000"",""3,565,515,530"",""17,438,735,782"",""39,216,640,800"",""411,314,995,751"",""79,372,530,450"",""518.21""]",2026-08-28T22:20:04.397Z
2023,0000052,대학,사립,서울,,건국대학교,"[""2023"",""0000052"",""건국대학교"",""사립"",""서울"",""대학"",""48,743,334,842"",""20,843,662,170"",""27,401,869,000"",""855,000,000"",""6,182,500,000"",""1,243,507,471"",""171,401,159"",""60,000,000"",""4,321,387,380"",""14,379,383,875"",""3,079,993,441"",""85,594,714,998"",""230,009,484,068"",""37.21""]",2026-08-28T22:20:04.397Z
2023,0000053,대학,사립,충북,,건국대학교(글로컬),"[""2023"",""0000053"",""건국대학교(글로컬)"",""사립"",""충북"",""대학"",""30,604,557,535"",""14,543,394,799"",""6,674,319,000"",""318,800,000"",""351,666,667"",""1,298,480,000"",""-"",""22,190,000"",""60,221,500"",""1,354,378,710"",""1,405,382,759"",""27,546,601,372"",""-"",""""]",2026-08-28T22:20:04.397Z
2023,0000054,대학,사립,충남,,건양대학교,"[""2023"",""0000054"",""건양대학교"",""사립"",""충남"",""대학"",""30,389,409,923"",""14,331,728,619"",""2,534,151,000"",""210,000,000"",""2,038,000,000"",""488,055,556"",""-"",""272,925,000"",""34,484,000"",""262,066,555"",""1,748,904,580"",""23,646,267,995"",""48,164,101,239"",""49.10""]",2026-08-28T22:20:04.397Z
2023,0000056,대학,사립,경기,,경기대학교,"[""2023"",""0000056"",""경기대학교"",""사립"",""경기"",""대학"",""39,051,274,300"",""24,109,925,420"",""7,502,965,000"",""450,000,000"",""2,498,675,000"",""-"",""352,252,500"",""-"",""303,265,788"",""1,776,459,900"",""2,997,353,375"",""30,822,320,443"",""116,511,535,503"",""26.45""]",2026-08-28T22:20:04.397Z
2023,0000059,대학,사립,경남,,경남대학교,"[""2023"",""0000059"",""경남대학교"",""사립"",""경남"",""대학"",""37,853,906,766"",""19,343,471,266"",""2,300,346,000"",""649,842,400"",""461,000,000"",""-"",""101,000,000"",""1,241,987,500"",""175,728,000"",""624,408,900"",""2,763,796,562"",""26,828,544,862"",""64,813,106,007"",""41.39""]",2026-08-28T22:20:04.397Z
2023,0000060,대학,사립,강원,,경동대학교,"[""2023"",""0000060"",""경동대학교"",""사립"",""강원"",""대학"",""22,864,341,680"",""16,314,300,068"",""200,880,000"",""-"",""65,000,000"",""55,000,000"",""16,000,000"",""217,450,000"",""66,550,000"",""270,861,000"",""2,996,486,610"",""10,438,269,222"",""60,122,238,974"",""17.36""]",2026-08-28T22:20:04.397Z
2023,0000005,대학,국립,대구,,경북대학교,"[""2023"",""0000005"",""경북대학교"",""국립"",""대구"",""대학"",""428,131,069,405"",""30,778,718,420"",""85,189,279,000"",""1,280,085,200"",""14,346,496,667"",""2,144,939,279"",""452,250,000"",""1,526,950,000"",""8,187,778,470"",""21,250,468,678"",""26,683,963,143"",""558,414,561,422"",""109,617,993,460"",""509.42""]",2026-08-28T22:20:04.397Z
2023,0000007,대학,국립,경남,,경상국립대학교,"[""2023"",""0000007"",""경상국립대학교"",""국립"",""경남"",""대학"",""385,048,829,426"",""30,803,254,173"",""37,710,288,000"",""478,332,000"",""6,294,833,667"",""638,000,000"",""689,431,000"",""7,994,715,500"",""4,826,683,860"",""14,595,440,000"",""27,859,284,204"",""455,332,583,484"",""70,257,135,430"",""648.09""]",2026-08-28T22:20:04.397Z
2023,0000062,대학,사립,부산,,경성대학교,"[""2023"",""0000062"",""경성대학교"",""사립"",""부산"",""대학"",""46,299,445,538"",""25,496,706,848"",""1,183,191,000"",""1,284,769,047"",""-"",""-"",""211,000,000"",""22,190,000"",""7,000,000"",""2,055,515,000"",""467,728,175"",""26,034,131,912"",""80,362,779,874"",""32.40""]",2026-08-28T22:20:04.397Z
2023,0000244,대학,사립,경북,,경운대학교,"[""2023"",""0000244"",""경운대학교"",""사립"",""경북"",""대학"",""21,913,746,464"",""12,077,648,167"",""1,287,282,000"",""200,000,000"",""-"",""-"",""234,000,000"",""-"",""8,250,400"",""75,353,300"",""1,925,559,570"",""13,566,543,567"",""34,261,725,168"",""39.60""]",2026-08-28T22:20:04.397Z
2023,0000064,대학,사립,경북,,경일대학교,"[""2023"",""0000064"",""경일대학교"",""사립"",""경북"",""대학"",""40,327,856,169"",""15,483,685,463"",""1,255,814,000"",""205,000,000"",""89,850,000"",""-"",""550,000,000"",""337,071,000"",""51,334,000"",""305,994,500"",""687,949,251"",""28,327,183,457"",""47,554,682,990"",""59.57""]",2026-08-28T22:20:04.397Z
2023,0000065,대학,사립,경북,,신경주대학교,"[""2023"",""0000065"",""신경주대학교"",""사립"",""경북"",""대학"",""442,232,237"",""184,580,000"",""-"",""-"",""-"",""-"",""-"",""-"",""-"",""13,168,500"",""34,242,055"",""305,062,792"",""5,359,488,520"",""5.69""]",2026-08-28T22:20:04.397Z
2023,0000066,대학,사립,서울,,경희대학교,"[""2023"",""0000066"",""경희대학교"",""사립"",""서울"",""대학"",""77,576,303,685"",""34,570,148,240"",""51,242,171,000"",""-"",""10,943,125,667"",""13,917,637,471"",""1,455,072,800"",""516,559,000"",""629,633,980"",""11,160,667,811"",""4,287,366,882"",""137,158,390,056"",""304,022,097,376"",""45.11""]",2026-08-28T22:20:04.397Z
2023,0000068,대학,사립,대구,,계명대학교,"[""2023"",""0000068"",""계명대학교"",""사립"",""대구"",""대학"",""82,395,828,944"",""47,251,315,634"",""9,941,296,000"",""450,000,000"",""1,841,866,667"",""1,045,095,000"",""932,841,000"",""407,190,000"",""189,928,000"",""1,792,537,577"",""3,300,984,744"",""55,046,252,298"",""158,962,355,409"",""34.63""]",2026-08-28T22:20:04.397Z
2023,0000069,대학,사립,서울,,고려대학교,"[""2023"",""0000069"",""고려대학교"",""사립"",""서울"",""대학"",""110,872,041,247"",""21,100,817,000"",""166,901,106,758"",""-"",""22,042,394,667"",""13,177,242,634"",""2,349,000,000"",""742,190,000"",""1,501,943,000"",""31,510,130,007"",""13,783,880,373"",""341,779,111,686"",""370,357,889,465"",""92.28""]",2026-08-28T22:20:04.397Z
2023,0000070,대학,사립,세종,,고려대학교(세종),"[""2023"",""0000070"",""고려대학교(세종)"",""사립"",""세종"",""대학"",""43,922,903,155"",""9,299,231,335"",""6,032,702,510"",""430,000,000"",""2,997,841,333"",""1,121,231,333"",""1,184,250,000"",""226,590,000"",""538,160,000"",""2,533,371,720"",""1,853,807,970"",""51,541,626,686"",""-"",""""]",2026-08-28T22:20:04.397Z
2023,0000071,대학,사립,부산,,고신대학교,"[""2023"",""0000071"",""고신대학교"",""사립"",""부산"",""대학"",""15,600,157,098"",""7,571,171,002"",""2,098,384,000"",""200,000,000"",""-"",""74,000,000"",""1,094,182,000"",""-"",""1,500,000"",""559,491,000"",""1,231,658,497"",""13,288,201,593"",""24,914,152,238"",""53.34""]",2026-08-28T22:20:04.397Z
2023,0000008,대학,국립,충남,,국립공주대학교,"[""2023"",""0000008"",""국립공주대학교"",""국립"",""충남"",""대학"",""171,017,724,678"",""19,751,583,970"",""12,167,989,000"",""378,427,000"",""6,118,625,500"",""-"",""98,000,000"",""1,034,040,500"",""959,377,000"",""6,226,324,130"",""5,489,129,807"",""183,738,053,645"",""45,845,263,329"",""400.78""]",2026-08-28T22:20:04.397Z
2023,0000073,대학,사립,광주,,광신대학교,"[""2023"",""0000073"",""광신대학교"",""사립"",""광주"",""대학"",""1,627,117,826"",""1,520,865,000"",""-"",""-"",""-"",""-"",""-"",""-"",""3,866,000"",""67,554,000"",""40,902,560"",""218,575,386"",""5,377,221,750"",""4.06""]",2026-08-28T22:20:04.397Z
2023,0000074,대학,사립,서울,,광운대학교,"[""2023"",""0000074"",""광운대학교"",""사립"",""서울"",""대학"",""29,300,927,812"",""12,174,928,934"",""12,238,381,000"",""697,894,940"",""3,584,400,000"",""140,000,000"",""1,177,000,000"",""155,407,000"",""29,000,000"",""1,974,957,300"",""2,611,762,919"",""39,734,802,037"",""77,906,965,851"",""51.00""]",2026-08-28T22:20:04.397Z
2023,0000381,대학,특별법법인,광주,,광주과학기술원,"[""2023"",""0000381"",""광주과학기술원"",""특별법법인"",""광주"",""대학"",""3,432,105,510"",""309,000,000"",""158,584,854,736"",""-"",""3,682,758,250"",""809,755,915"",""3,377,000,000"",""40,000,000"",""26,000,000"",""3,714,000,000"",""421,708,000"",""173,779,182,411"",""-"",""""]",2026-08-28T22:20:04.397Z
2023,0000231,대학,사립,광주,,광주대학교,"[""2023"",""0000231"",""광주대학교"",""사립"",""광주"",""대학"",""31,098,478,457"",""15,268,241,997"",""624,963,000"",""222,910,000"",""150,000,000"",""5,000,000"",""148,160,000"",""182,190,000"",""53,534,000"",""207,448,000"",""2,124,920,668"",""19,549,362,128"",""37,543,726,644"",""52.07""]",2026-08-28T22:20:04.397Z
2023,0000076,대학,사립,광주,,광주여자대학교,"[""2023"",""0000076"",""광주여자대학교"",""사립"",""광주"",""대학"",""18,008,720,490"",""9,201,761,994"",""162,242,000"",""200,000,000"",""-"",""-"",""50,000,000"",""-"",""41,493,000"",""37,994,500"",""231,410,572"",""9,530,098,568"",""22,747,680,491"",""41.89""]",2026-08-28T22:20:04.397Z
2023,0000078,대학,사립,서울,,국민대학교,"[""2023"",""0000078"",""국민대학교"",""사립"",""서울"",""대학"",""63,563,511,143"",""23,655,397,210"",""21,633,409,000"",""412,500,000"",""5,214,866,667"",""500,000,000"",""1,791,000,000"",""-"",""149,197,000"",""7,047,395,550"",""3,210,614,949"",""79,867,097,099"",""156,170,435,700"",""51.14""]",2026-08-28T22:20:04.397Z
2023,0000009,대학,국립,전북,,국립군산대학교,"[""2023"",""0000009"",""국립군산대학교"",""국립"",""전북"",""대학"",""114,999,287,402"",""11,908,255,570"",""6,988,353,000"",""200,000,000"",""4,413,000,000"",""-"",""100,500,000"",""-"",""135,937,000"",""7,713,318,990"",""8,232,794,563"",""130,874,935,385"",""23,177,337,100"",""564.67""]",2026-08-28T22:20:04.397Z
2023,0000080,대학,사립,충북,,극동대학교,"[""2023"",""0000080"",""극동대학교"",""사립"",""충북"",""대학"",""7,125,240,054"",""6,201,362,041"",""121,220,000"",""200,000,000"",""152,000,000"",""-"",""-"",""-"",""8,248,000"",""237,138,200"",""130,098,241"",""1,772,582,454"",""22,301,410,191"",""7.95""]",2026-08-28T22:20:04.397Z
2023,0000224,대학,사립,충남,,금강대학교,"[""2023"",""0000224"",""금강대학교"",""사립"",""충남"",""대학"",""518,868,203"",""271,154,332"",""-"",""-"",""-"",""-"",""-"",""-"",""-"",""1,641,000"",""6,000,000"",""255,354,871"",""1,101,988,334"",""23.17""]",2026-08-28T22:20:04.397Z
2023,0000010,대학,국립,경북,,국립금오공과대학교,"[""2023"",""0000010"",""국립금오공과대학교"",""국립"",""경북"",""대학"",""89,833,375,562"",""8,880,806,240"",""10,690,024,000"",""450,000,000"",""1,649,714,000"",""99,765,000"",""-"",""1,976,140,000"",""4,396,200"",""1,127,592,000"",""4,653,414,678"",""101,603,615,200"",""18,037,761,940"",""563.28""]",2026-08-28T22:20:04.397Z
2023,0000241,대학,사립,경북,,김천대학교,"[""2023"",""0000241"",""김천대학교"",""사립"",""경북"",""대학"",""6,968,104,189"",""5,577,490,035"",""101,880,000"",""-"",""-"",""-"",""45,000,000"",""-"",""10,500,000"",""53,309,700"",""766,691,183"",""2,367,995,037"",""16,730,773,714"",""14.15""]",2026-08-28T22:20:04.397Z
2023,0000081,대학,사립,충남,,나사렛대학교,"[""2023"",""0000081"",""나사렛대학교"",""사립"",""충남"",""대학"",""22,397,757,046"",""11,236,047,280"",""76,747,000"",""200,000,000"",""-"",""425,000,000"",""570,000,000"",""80,000,000"",""17,580,000"",""153,818,330"",""2,864,517,242"",""15,549,372,338"",""34,449,980,480"",""45.14""]",2026-08-28T22:20:04.397Z
2023,0000216,대학,사립,광주,,남부대학교,"[""2023"",""0000216"",""남부대학교"",""사립"",""광주"",""대학"",""12,626,603,872"",""6,679,300,286"",""228,116,000"",""-"",""564,000,000"",""-"",""43,000,000"",""508,416,000"",""20,740,000"",""181,239,300"",""1,303,563,499"",""8,796,378,385"",""18,989,062,478"",""46.32""]",2026-08-28T22:20:04.397Z
2023,0000245,대학,사립,충남,,남서울대학교,"[""2023"",""0000245"",""남서울대학교"",""사립"",""충남"",""대학"",""31,979,897,528"",""19,586,202,877"",""791,613,000"",""956,787,000"",""-"",""-"",""100,000,000"",""257,290,000"",""27,102,000"",""267,902,500"",""1,020,930,907"",""15,815,320,058"",""73,303,654,288"",""21.58""]",2026-08-28T22:20:04.397Z
2023,0000082,대학,사립,경기,,단국대학교,"[""2023"",""0000082"",""단국대학교"",""사립"",""경기"",""대학"",""78,859,582,476"",""37,596,478,518"",""17,270,961,000"",""450,000,000"",""9,309,180,333"",""1,011,250,000"",""389,474,590"",""562,148,000"",""621,095,960"",""7,418,727,710"",""4,604,163,639"",""82,900,105,190"",""222,137,032,273"",""37.32""]",2026-08-28T22:20:04.397Z
2023,0000088,대학,사립,경북,,대구가톨릭대학교,"[""2023"",""0000088"",""대구가톨릭대학교"",""사립"",""경북"",""대학"",""46,573,356,557"",""25,042,615,616"",""6,789,002,000"",""375,000,000"",""887,000,000"",""225,000,000"",""57,400,000"",""67,190,000"",""63,500,000"",""3,052,919,700"",""6,808,778,718"",""39,856,531,359"",""84,516,040,542"",""47.16""]",2026-08-28T22:20:04.397Z
2023,0000382,대학,특별법법인,대구,,대구경북과학기술원,"[""2023"",""0000382"",""대구경북과학기술원"",""특별법법인"",""대구"",""대학"",""3,352,723,717"",""1,750,000"",""123,401,871,000"",""-"",""1,209,740,001"",""580,321,670"",""-"",""167,600,000"",""76,890,120"",""571,000,000"",""2,244,800,000"",""131,603,196,508"",""-"",""""]",2026-08-28T22:20:04.397Z
2023,0000084,대학,사립,경북,,대구대학교,"[""2023"",""0000084"",""대구대학교"",""사립"",""경북"",""대학"",""69,261,218,965"",""38,418,956,630"",""3,220,630,000"",""1,500,126,000"",""662,045,000"",""425,000,000"",""233,480,000"",""8,159,105,500"",""1,166,339,000"",""1,699,102,400"",""2,443,092,968"",""50,351,183,203"",""115,422,609,267"",""43.62""]",2026-08-28T22:20:04.397Z
2023,0000087,대학,사립,경북,,대구예술대학교,"[""2023"",""0000087"",""대구예술대학교"",""사립"",""경북"",""대학"",""1,222,002,624"",""1,107,090,666"",""-"",""-"",""-"",""-"",""41,019,000"",""-"",""17,314,000"",""17,485,830"",""10,378,500"",""201,109,288"",""3,277,671,860"",""6.14""]",2026-08-28T22:20:04.397Z
2023,0000061,대학,사립,경북,,대구한의대학교,"[""2023"",""0000061"",""대구한의대학교"",""사립"",""경북"",""대학"",""34,933,953,800"",""16,786,622,150"",""3,226,607,000"",""640,000,000"",""-"",""434,600,000"",""275,942,500"",""522,190,000"",""210,318,950"",""801,662,180"",""4,406,695,117"",""28,665,347,397"",""48,290,502,509"",""59.36""]",2026-08-28T22:20:04.397Z
2023,0000093,대학,사립,경북,,대신대학교,"[""2023"",""0000093"",""대신대학교"",""사립"",""경북"",""대학"",""1,841,556,106"",""1,669,308,100"",""-"",""-"",""-"",""-"",""-"",""-"",""-"",""30,023,000"",""96,212,241"",""298,483,247"",""3,523,074,220"",""8.47""]",2026-08-28T22:20:04.397Z
2023,0000094,대학,사립,세종,,대전가톨릭대학교,"[""2023"",""0000094"",""대전가톨릭대학교"",""사립"",""세종"",""대학"",""63,370,000"",""63,370,000"",""-"",""-"",""-"",""-"",""-"",""-"",""-"",""-"",""500,000"",""500,000"",""335,560,000"",""0.15""]",2026-08-28T22:20:04.397Z
2023,0000095,대학,사립,대전,,대전대학교,"[""2023"",""0000095"",""대전대학교"",""사립"",""대전"",""대학"",""38,142,274,048"",""17,998,742,880"",""1,902,527,000"",""260,000,000"",""526,000,000"",""1,507,500,000"",""72,000,000"",""464,325,000"",""65,516,000"",""943,317,153"",""10,021,012,289"",""35,905,728,610"",""61,681,834,346"",""58.21""]",2026-08-28T22:20:04.397Z
2023,0000238,대학,사립,대전,,대전신학대학교,"[""2023"",""0000238"",""대전신학대학교"",""사립"",""대전"",""대학"",""234,280,872"",""122,481,000"",""-"",""-"",""-"",""-"",""-"",""-"",""9,500,000"",""1,486,500"",""-"",""122,786,372"",""783,874,670"",""15.66""]",2026-08-28T22:20:04.397Z
2023,0000097,대학,사립,경기,,대진대학교,"[""2023"",""0000097"",""대진대학교"",""사립"",""경기"",""대학"",""24,774,098,144"",""16,700,705,360"",""444,139,500"",""690,000,000"",""431,375,000"",""-"",""-"",""327,190,000"",""28,201,000"",""959,177,500"",""1,809,744,915"",""12,763,220,699"",""54,285,619,690"",""23.51""]",2026-08-28T22:20:04.397Z
2023,0000099,대학,사립,서울,,덕성여자대학교,"[""2023"",""0000099"",""덕성여자대학교"",""사립"",""서울"",""대학"",""18,495,738,430"",""8,460,441,500"",""2,464,642,000"",""473,100,000"",""208,100,000"",""200,000,000"",""60,000,000"",""60,000,000"",""105,746,000"",""1,203,098,080"",""1,329,538,138"",""16,139,521,148"",""40,439,891,677"",""39.91""]",2026-08-28T22:20:04.397Z
2023,0000100,대학,사립,서울,,동국대학교,"[""2023"",""0000100"",""동국대학교"",""사립"",""서울"",""대학"",""47,236,649,376"",""19,368,600,260"",""25,478,079,000"",""425,250,000"",""5,166,500,000"",""2,430,340,000"",""5,028,052,400"",""889,380,000"",""638,160,000"",""6,124,492,454"",""3,999,981,578"",""78,048,284,548"",""211,828,189,337"",""36.85""]",2026-08-28T22:20:04.397Z
2023,0000101,대학,사립,경북,,동국대학교(WISE),"[""2023"",""0000101"",""동국대학교(WISE)"",""사립"",""경북"",""대학"",""28,811,584,814"",""13,884,291,093"",""4,202,063,000"",""450,000,000"",""206,667,000"",""1,548,500,000"",""10,000,000"",""270,000,000"",""50,565,000"",""900,563,400"",""3,411,612,600"",""25,977,264,721"",""-"",""""]",2026-08-28T22:20:04.397Z
2023,0000102,대학,사립,서울,,동덕여자대학교,"[""2023"",""0000102"",""동덕여자대학교"",""사립"",""서울"",""대학"",""19,383,889,371"",""11,931,278,407"",""768,759,000"",""657,575,000"",""127,605,000"",""280,000,000"",""60,000,000"",""-"",""108,569,000"",""1,271,059,000"",""1,191,616,007"",""11,917,793,971"",""51,619,150,157"",""23.09""]",2026-08-28T22:20:04.397Z
2023,0000235,대학,사립,부산,,동명대학교,"[""2023"",""0000235"",""동명대학교"",""사립"",""부산"",""대학"",""34,522,505,569"",""18,668,381,630"",""2,501,404,000"",""485,100,000"",""991,406,000"",""-"",""121,000,000"",""501,190,000"",""1,500,000"",""399,698,500"",""1,536,250,800"",""22,391,673,239"",""47,258,991,390"",""47.38""]",2026-08-28T22:20:04.397Z
2023,0000103,대학,사립,부산,,동서대학교,"[""2023"",""0000103"",""동서대학교"",""사립"",""부산"",""대학"",""44,735,884,453"",""23,172,841,964"",""3,686,337,000"",""1,457,408,000"",""350,000,000"",""-"",""501,600,000"",""302,619,000"",""26,500,000"",""471,090,342"",""1,927,092,613"",""30,285,689,444"",""59,479,492,217"",""50.92""]",2026-08-28T22:20:04.397Z
2023,0000104,대학,사립,전남,,동신대학교,"[""2023"",""0000104"",""동신대학교"",""사립"",""전남"",""대학"",""31,603,465,440"",""15,044,188,980"",""2,436,719,000"",""870,000,000"",""628,500,000"",""1,471,250,000"",""211,000,000"",""722,190,000"",""36,154,000"",""353,472,000"",""8,061,464,941"",""31,350,026,401"",""42,018,400,880"",""74.61""]",2026-08-28T22:20:04.397Z
2023,0000105,대학,사립,부산,,동아대학교,"[""2023"",""0000105"",""동아대학교"",""사립"",""부산"",""대학"",""72,149,389,098"",""37,350,185,271"",""12,270,851,000"",""768,800,000"",""5,265,533,333"",""190,500,000"",""253,329,232"",""1,411,701,000"",""206,405,000"",""6,017,654,280"",""1,998,657,519"",""63,182,635,191"",""139,493,098,363"",""45.29""]",2026-08-28T22:20:04.397Z
2023,0000106,대학,사립,경북,,동양대학교,"[""2023"",""0000106"",""동양대학교"",""사립"",""경북"",""대학"",""15,685,082,284"",""9,304,135,161"",""161,429,000"",""-"",""208,283,000"",""-"",""196,000,000"",""22,190,000"",""4,691,000"",""334,381,830"",""1,130,187,197"",""8,438,109,150"",""27,614,029,137"",""30.56""]",2026-08-28T22:20:04.397Z
2023,0000107,대학,사립,부산,,동의대학교,"[""2023"",""0000107"",""동의대학교"",""사립"",""부산"",""대학"",""58,333,006,516"",""33,233,382,345"",""4,940,870,000"",""1,241,951,000"",""1,050,450,000"",""762,800,000"",""206,300,000"",""67,190,000"",""13,699,000"",""1,304,372,410"",""2,142,698,608"",""36,829,955,189"",""95,156,994,472"",""38.70""]",2026-08-28T22:20:04.397Z
2023,0000108,대학,사립,경기,,루터대학교,"[""2023"",""0000108"",""루터대학교"",""사립"",""경기"",""대학"",""2,696,911,236"",""831,406,500"",""-"",""-"",""-"",""-"",""-"",""-"",""-"",""6,369,000"",""364,011,106"",""2,235,884,842"",""2,423,709,730"",""92.25""]",2026-08-28T22:20:04.397Z
2023,0000109,대학,사립,경기,,명지대학교,"[""2023"",""0000109"",""명지대학교"",""사립"",""경기"",""대학"",""44,305,222,491"",""22,990,127,667"",""6,448,381,000"",""1,537,911,000"",""2,021,500,000"",""-"",""303,000,000"",""516,303,000"",""264,936,700"",""2,523,007,860"",""2,204,160,907"",""37,134,295,291"",""128,887,718,232"",""28.81""]",2026-08-28T22:20:04.397Z
2023,0000112,대학,사립,대전,,목원대학교,"[""2023"",""0000112"",""목원대학교"",""사립"",""대전"",""대학"",""29,176,138,143"",""16,098,968,070"",""969,489,000"",""600,000,000"",""484,000,000"",""-"",""173,000,000"",""22,190,000"",""20,000,000"",""290,729,000"",""884,749,357"",""16,521,327,430"",""51,973,769,750"",""31.79""]",2026-08-28T22:20:04.397Z
2023,0000221,대학,사립,전남,,목포가톨릭대학교,"[""2023"",""0000221"",""목포가톨릭대학교"",""사립"",""전남"",""대학"",""4,930,733,838"",""1,578,009,150"",""-"",""-"",""-"",""-"",""-"",""-"",""15,000,000"",""17,078,000"",""188,010,026"",""3,572,812,714"",""3,281,371,330"",""108.88""]",2026-08-28T22:20:04.397Z
2023,0000011,대학,국립,전남,,국립목포대학교,"[""2023"",""0000011"",""국립목포대학교"",""국립"",""전남"",""대학"",""113,651,213,437"",""12,726,660,680"",""4,577,895,000"",""837,900,000"",""5,414,043,000"",""-"",""504,500,000"",""1,112,190,000"",""314,306,000"",""2,576,531,500"",""4,206,655,812"",""120,468,574,069"",""21,054,739,852"",""572.17""]",2026-08-28T22:20:04.397Z
2023,0000012,대학,국립,전남,,국립목포해양대학교,"[""2023"",""0000012"",""국립목포해양대학교"",""국립"",""전남"",""대학"",""72,780,392,615"",""3,659,680,530"",""655,307,000"",""-"",""1,496,000,000"",""-"",""10,000,000"",""100,000,000"",""4,460,000"",""1,528,065,500"",""1,081,874,832"",""73,996,419,417"",""7,720,626,850"",""958.43""]",2026-08-28T22:20:04.397Z
2023,0000113,대학,사립,대전,,배재대학교,"[""2023"",""0000113"",""배재대학교"",""사립"",""대전"",""대학"",""29,471,071,838"",""16,616,464,970"",""4,711,040,000"",""970,800,000"",""40,000,000"",""-"",""277,515,600"",""22,190,000"",""52,214,000"",""373,486,000"",""10,364,252,664"",""29,666,105,132"",""53,496,788,130"",""55.45""]",2026-08-28T22:20:04.397Z
2023,0000178,대학,사립,충남,,백석대학교,"[""2023"",""0000178"",""백석대학교"",""사립"",""충남"",""대학"",""40,860,582,662"",""27,206,235,020"",""370,696,000"",""1,548,368,000"",""175,000,000"",""64,759,320"",""105,500,000"",""327,190,000"",""18,425,576"",""105,711,000"",""6,535,199,397"",""22,905,196,935"",""108,822,941,980"",""21.05""]",2026-08-28T22:20:04.397Z
2023,0000013,대학,국립,부산,,국립부경대학교,"[""2023"",""0000013"",""국립부경대학교"",""국립"",""부산"",""대학"",""223,591,617,417"",""25,281,638,410"",""23,456,787,000"",""500,000,000"",""3,749,555,000"",""-"",""6,781,864"",""549,060,000"",""18,350,000"",""18,469,181,207"",""2,513,852,120"",""247,573,546,198"",""58,357,724,930"",""424.23""]",2026-08-28T22:20:04.397Z
2023,0000114,대학,사립,부산,,부산가톨릭대학교,"[""2023"",""0000114"",""부산가톨릭대학교"",""사립"",""부산"",""대학"",""19,881,705,088"",""8,037,919,141"",""683,084,000"",""88,000,000"",""85,000,000"",""400,000,000"",""-"",""22,190,000"",""4,470,000"",""37,323,000"",""235,703,795"",""13,399,556,742"",""24,012,433,770"",""55.80""]",2026-08-28T22:20:04.397Z
2023,0000014,대학,국립,부산,,부산대학교,"[""2023"",""0000014"",""부산대학교"",""국립"",""부산"",""대학"",""409,018,591,657"",""28,707,651,320"",""98,855,657,245"",""1,000,874,880"",""15,797,962,333"",""2,630,140,000"",""635,500,000"",""7,927,286,000"",""640,310,000"",""15,684,240,530"",""13,972,227,725"",""537,455,139,050"",""107,380,078,170"",""500.52""]",2026-08-28T22:20:04.397Z
2023,0000115,대학,사립,부산,,부산외국어대학교,"[""2023"",""0000115"",""부산외국어대학교"",""사립"",""부산"",""대학"",""22,905,212,115"",""12,975,005,554"",""250,000,000"",""1,021,470,000"",""235,000,000"",""-"",""50,000,000"",""-"",""13,099,000"",""337,280,410"",""881,081,312"",""12,718,137,283"",""42,208,168,433"",""30.13""]",2026-08-28T22:20:04.397Z
2023,0000222,대학,사립,경남,,부산장신대학교,"[""2023"",""0000222"",""부산장신대학교"",""사립"",""경남"",""대학"",""605,458,413"",""453,991,840"",""-"",""-"",""-"",""-"",""-"",""-"",""-"",""4,242,500"",""2,013,042"",""157,722,115"",""1,937,504,370"",""8.14""]",2026-08-28T22:20:04.397Z
2023,0000116,대학,사립,서울,,삼육대학교,"[""2023"",""0000116"",""삼육대학교"",""사립"",""서울"",""대학"",""20,743,686,933"",""10,709,042,530"",""3,240,028,000"",""855,000,000"",""-"",""51,250,000"",""294,000,000"",""82,190,000"",""47,555,000"",""435,209,830"",""1,382,499,502"",""16,422,376,735"",""48,986,029,070"",""33.52""]",2026-08-28T22:20:04.397Z
2023,0000117,대학,사립,서울,,상명대학교,"[""2023"",""0000117"",""상명대학교"",""사립"",""서울"",""대학"",""36,004,312,774"",""23,001,181,906"",""5,182,958,000"",""450,000,000"",""386,520,000"",""64,000,000"",""784,500,000"",""82,190,000"",""63,152,000"",""1,786,600,600"",""6,541,376,817"",""28,344,428,285"",""102,362,273,434"",""27.69""]",2026-08-28T22:20:04.397Z
2023,0000119,대학,사립,강원,,상지대학교,"[""2023"",""0000119"",""상지대학교"",""사립"",""강원"",""대학"",""14,362,407,899"",""11,434,541,425"",""1,827,420,000"",""-"",""160,000,000"",""490,000,000"",""99,000,000"",""140,190,000"",""109,182,000"",""1,099,402,500"",""2,423,792,491"",""9,276,853,465"",""46,321,417,259"",""20.03""]",2026-08-28T22:20:04.397Z
2023,0000120,대학,사립,서울,,서강대학교,"[""2023"",""0000120"",""서강대학교"",""사립"",""서울"",""대학"",""35,143,999,231"",""8,566,254,668"",""44,271,198,000"",""-"",""4,214,333,333"",""735,000,000"",""1,202,000,000"",""67,190,000"",""21,541,000"",""1,247,280,760"",""769,446,090"",""79,105,733,746"",""114,268,672,669"",""69.23""]",2026-08-28T22:20:04.397Z
2023,0000121,대학,사립,서울,,서경대학교,"[""2023"",""0000121"",""서경대학교"",""사립"",""서울"",""대학"",""19,610,538,378"",""11,241,790,234"",""1,146,061,000"",""192,000,000"",""110,500,000"",""-"",""1,293,000,000"",""-"",""38,036,810"",""4,215,714,850"",""1,653,730,513"",""17,017,791,317"",""52,451,574,594"",""32.44""]",2026-08-28T22:20:04.397Z
2023,0000036,대학,국립,서울,,서울과학기술대학교,"[""2023"",""0000036"",""서울과학기술대학교"",""국립"",""서울"",""대학"",""134,301,836,473"",""14,379,242,370"",""22,527,544,000"",""450,000,000"",""5,125,648,000"",""237,500,000"",""337,000,000"",""922,190,000"",""850,626,340"",""4,199,330,490"",""780,159,941"",""155,352,592,874"",""54,588,592,780"",""284.59""]",2026-08-28T22:20:04.397Z
2023,0000098,대학,사립,서울,,서울기독대학교,"[""2023"",""0000098"",""서울기독대학교"",""사립"",""서울"",""대학"",""624,951,367"",""563,992,000"",""-"",""-"",""-"",""-"",""-"",""-"",""-"",""12,353,000"",""2,000,000"",""75,312,367"",""3,226,845,333"",""2.33""]",2026-08-28T22:20:04.397Z
2023,0000019,대학,국립대법인,서울,,서울대학교,"[""2023"",""0000019"",""서울대학교"",""국립대법인"",""서울"",""대학"",""754,082,613,386"",""14,255,496,300"",""433,660,936,000"",""-"",""29,219,798,493"",""23,202,202,812"",""4,495,145,168"",""-"",""6,124,889,250"",""61,524,154,730"",""8,927,901,088"",""1,306,982,144,627"",""-"",""""]",2026-08-28T22:20:04.397Z
2023,0000040,대학,공립,서울,,서울시립대학교,"[""2023"",""0000040"",""서울시립대학교"",""공립"",""서울"",""대학"",""31,189,352,310"",""7,573,260,820"",""18,921,948,000"",""450,000,000"",""1,704,906,000"",""153,500,000"",""12,000,000"",""22,190,000"",""18,099,500"",""10,796,996,210"",""66,345,709,836"",""122,041,441,036"",""33,838,561,790"",""360.66""]",2026-08-28T22:20:04.397Z
2023,0000125,대학,사립,경기,,서울신학대학교,"[""2023"",""0000125"",""서울신학대학교"",""사립"",""경기"",""대학"",""10,858,567,867"",""5,521,482,320"",""37,260,000"",""-"",""-"",""-"",""4,000,000"",""-"",""-"",""10,015,000"",""95,703,584"",""5,484,064,131"",""17,601,668,930"",""31.16""]",2026-08-28T22:20:04.397Z
2023,0000126,대학,사립,서울,,서울여자대학교,"[""2023"",""0000126"",""서울여자대학교"",""사립"",""서울"",""대학"",""21,601,037,934"",""12,657,395,598"",""1,262,311,000"",""200,000,000"",""645,000,000"",""390,000,000"",""384,092,500"",""-"",""446,480,000"",""1,066,091,600"",""3,460,207,301"",""16,797,824,737"",""51,820,066,100"",""32.42""]",2026-08-28T22:20:04.397Z
2023,0000127,대학,사립,경기,,서울장신대학교,"[""2023"",""0000127"",""서울장신대학교"",""사립"",""경기"",""대학"",""1,028,835,650"",""814,006,000"",""-"",""-"",""-"",""-"",""-"",""-"",""-"",""7,714,000"",""1,057,351"",""223,601,001"",""4,157,677,240"",""5.38""]",2026-08-28T22:20:04.397Z
2023,0000205,대학,사립,서울,,서울한영대학교,"[""2023"",""0000205"",""서울한영대학교"",""사립"",""서울"",""대학"",""1,849,716,418"",""1,407,780,430"",""-"",""200,000,000"",""-"",""-"",""-"",""-"",""-"",""9,158,500"",""5,183,620"",""656,278,108"",""6,120,885,622"",""10.72""]",2026-08-28T22:20:04.397Z
2023,0000128,대학,사립,충북,,서원대학교,"[""2023"",""0000128"",""서원대학교"",""사립"",""충북"",""대학"",""28,761,325,746"",""16,117,746,958"",""492,747,000"",""590,200,000"",""-"",""45,000,000"",""1,056,000,000"",""22,190,000"",""82,803,300"",""237,857,000"",""1,396,472,365"",""16,566,848,453"",""43,499,906,478"",""38.08""]",2026-08-28T22:20:04.397Z
2023,0000129,대학,사립,충남,,선문대학교,"[""2023"",""0000129"",""선문대학교"",""사립"",""충남"",""대학"",""45,546,771,809"",""19,424,836,259"",""4,980,575,000"",""120,000,000"",""707,000,000"",""145,900,000"",""37,000,000"",""492,190,000"",""43,549,140"",""651,412,000"",""1,181,695,635"",""34,481,257,325"",""66,927,928,744"",""51.52""]",2026-08-28T22:20:04.397Z
2023,0000131,대학,사립,경기,,성결대학교,"[""2023"",""0000131"",""성결대학교"",""사립"",""경기"",""대학"",""17,371,325,506"",""10,696,672,709"",""191,636,000"",""450,000,000"",""-"",""-"",""126,464,155"",""-"",""8,000,000"",""104,641,500"",""3,463,547,556"",""11,018,942,008"",""37,830,809,037"",""29.13""]",2026-08-28T22:20:04.397Z
2023,0000132,대학,사립,서울,,성공회대학교,"[""2023"",""0000132"",""성공회대학교"",""사립"",""서울"",""대학"",""6,024,530,029"",""4,352,316,536"",""31,276,000"",""-"",""-"",""-"",""-"",""-"",""13,047,600"",""123,783,800"",""228,525,160"",""2,068,846,053"",""16,270,096,763"",""12.72""]",2026-08-28T22:20:04.397Z
2023,0000133,대학,사립,서울,,성균관대학교,"[""2023"",""0000133"",""성균관대학교"",""사립"",""서울"",""대학"",""123,183,014,124"",""21,702,634,717"",""173,687,372,294"",""815,241,667"",""29,443,290,167"",""6,837,028,025"",""516,000,000"",""7,577,810,000"",""458,762,000"",""13,974,790,906"",""3,773,910,772"",""338,564,585,238"",""292,651,796,900"",""115.69""]",2026-08-28T22:20:04.397Z
2023,0000136,대학,사립,서울,,성신여자대학교,"[""2023"",""0000136"",""성신여자대학교"",""사립"",""서울"",""대학"",""24,416,180,105"",""15,558,401,000"",""4,907,106,000"",""450,000,000"",""819,175,000"",""1,380,000,000"",""290,362,037"",""-"",""34,116,000"",""318,596,512"",""1,246,205,705"",""18,303,340,359"",""80,046,860,508"",""22.87""]",2026-08-28T22:20:04.397Z
2023,0000137,대학,사립,충북,,세명대학교,"[""2023"",""0000137"",""세명대학교"",""사립"",""충북"",""대학"",""23,714,287,659"",""15,922,193,120"",""755,865,000"",""200,000,000"",""223,744,000"",""35,000,000"",""-"",""22,190,000"",""285,603,930"",""382,583,500"",""4,318,555,060"",""14,015,636,029"",""45,067,151,510"",""31.10""]",2026-08-28T22:20:04.397Z
2023,0000138,대학,사립,서울,,세종대학교,"[""2023"",""0000138"",""세종대학교"",""사립"",""서울"",""대학"",""40,716,362,656"",""17,770,820,300"",""34,358,556,000"",""450,000,000"",""7,698,572,667"",""532,600,000"",""848,400,000"",""-"",""631,084,000"",""9,215,230,260"",""354,006,505"",""77,033,991,788"",""137,405,100,414"",""56.06""]",2026-08-28T22:20:04.397Z
2023,0000092,대학,사립,전남,,세한대학교,"[""2023"",""0000092"",""세한대학교"",""사립"",""전남"",""대학"",""9,860,067,365"",""9,133,879,385"",""-"",""994,056,200"",""-"",""-"",""112,000,000"",""-"",""18,500,000"",""113,948,000"",""497,537,641"",""2,462,229,821"",""23,651,942,843"",""10.41""]",2026-08-28T22:20:04.397Z
2023,0000243,대학,사립,광주,,송원대학교,"[""2023"",""0000243"",""송원대학교"",""사립"",""광주"",""대학"",""12,392,100,298"",""6,148,294,960"",""112,990,000"",""-"",""-"",""-"",""66,000,000"",""-"",""23,000,000"",""94,475,000"",""4,452,738,267"",""10,993,008,605"",""17,803,698,269"",""61.75""]",2026-08-28T22:20:04.397Z
2023,0000139,대학,사립,경기,,수원가톨릭대학교,"[""2023"",""0000139"",""수원가톨릭대학교"",""사립"",""경기"",""대학"",""222,468,050"",""222,468,050"",""-"",""-"",""-"",""-"",""-"",""-"",""-"",""-"",""-"",""-"",""911,250,050"",""-""]",2026-08-28T22:20:04.397Z
2023,0000140,대학,사립,경기,,수원대학교,"[""2023"",""0000140"",""수원대학교"",""사립"",""경기"",""대학"",""16,834,088,067"",""14,546,682,690"",""1,175,782,000"",""450,000,000"",""799,050,000"",""28,557,556"",""101,400,000"",""765,334,000"",""14,594,000"",""299,239,431"",""2,846,825,272"",""8,768,187,636"",""67,322,387,400"",""13.02""]",2026-08-28T22:20:04.397Z
2023,0000141,대학,사립,서울,,숙명여자대학교,"[""2023"",""0000141"",""숙명여자대학교"",""사립"",""서울"",""대학"",""37,081,030,667"",""14,925,882,600"",""16,163,751,000"",""450,000,000"",""1,654,460,000"",""383,713,815"",""423,000,000"",""-"",""225,244,000"",""2,743,598,500"",""4,388,381,473"",""48,587,296,855"",""105,055,898,434"",""46.25""]",2026-08-28T22:20:04.397Z
2023,0000020,대학,국립,전남,,국립순천대학교,"[""2023"",""0000020"",""국립순천대학교"",""국립"",""전남"",""대학"",""113,284,685,131"",""11,447,946,767"",""8,975,229,000"",""1,250,000,000"",""2,168,900,000"",""-"",""24,000,000"",""1,042,460,000"",""1,987,855,530"",""3,676,149,932"",""7,763,671,063"",""128,725,003,889"",""26,096,183,818"",""493.27""]",2026-08-28T22:20:04.397Z
2023,0000142,대학,사립,충남,,순천향대학교,"[""2023"",""0000142"",""순천향대학교"",""사립"",""충남"",""대학"",""52,296,083,359"",""20,162,106,590"",""21,643,945,000"",""885,000,000"",""6,482,964,333"",""3,769,132,000"",""1,188,245,000"",""475,190,000"",""14,941,000"",""2,846,328,700"",""7,871,836,625"",""77,311,559,427"",""94,255,081,440"",""82.02""]",2026-08-28T22:20:04.397Z
2023,0000143,대학,사립,서울,,숭실대학교,"[""2023"",""0000143"",""숭실대학교"",""사립"",""서울"",""대학"",""43,888,679,164"",""19,265,851,500"",""24,754,274,000"",""450,000,000"",""3,597,190,000"",""90,000,000"",""245,000,000"",""703,615,000"",""223,884,414"",""2,193,520,685"",""2,284,968,882"",""59,165,280,645"",""141,435,307,500"",""41.83""]",2026-08-28T22:20:04.397Z
2023,0000233,대학,사립,경기,,화성의과학대학교,"[""2023"",""0000233"",""화성의과학대학교"",""사립"",""경기"",""대학"",""42,600,748"",""3,201,000"",""153,101,000"",""-"",""-"",""-"",""-"",""-"",""-"",""-"",""1,000,000"",""193,500,748"",""2,760,569,240"",""7.01""]",2026-08-28T22:20:04.397Z
2023,0000144,대학,사립,부산,,신라대학교,"[""2023"",""0000144"",""신라대학교"",""사립"",""부산"",""대학"",""28,225,164,813"",""15,277,185,100"",""442,297,000"",""948,928,000"",""437,550,000"",""314,360,000"",""53,800,000"",""-"",""670,745,000"",""460,467,000"",""3,238,057,500"",""19,514,184,213"",""46,153,414,970"",""42.28""]",2026-08-28T22:20:04.397Z
2023,0002712,대학,사립,경기,,신한대학교,"[""2023"",""0002712"",""신한대학교"",""사립"",""경기"",""대학"",""21,078,620,550"",""14,172,775,303"",""885,498,000"",""774,097,100"",""-"",""-"",""-"",""-"",""36,000,000"",""402,859,203"",""2,218,558,616"",""11,222,858,166"",""55,944,820,981"",""20.06""]",2026-08-28T22:20:04.397Z
2023,0000145,대학,사립,경기,,아신대학교,"[""2023"",""0000145"",""아신대학교"",""사립"",""경기"",""대학"",""1,391,007,884"",""1,127,230,680"",""-"",""-"",""-"",""-"",""-"",""-"",""-"",""13,112,000"",""11,581,635"",""288,470,839"",""5,423,448,340"",""5.32""]",2026-08-28T22:20:04.397Z
2023,0000146,대학,사립,경기,,아주대학교,"[""2023"",""0000146"",""아주대학교"",""사립"",""경기"",""대학"",""48,908,685,746"",""13,309,457,900"",""46,430,672,510"",""919,939,000"",""8,224,123,333"",""7,368,794,575"",""313,419,600"",""127,190,000"",""85,980,000"",""10,492,698,201"",""2,460,074,467"",""112,022,119,532"",""126,332,540,880"",""88.67""]",2026-08-28T22:20:04.397Z
2023,0000021,대학,국립,경북,,국립경국대학교,"[""2023"",""0000021"",""국립경국대학교"",""국립"",""경북"",""대학"",""97,963,566,329"",""9,078,949,360"",""5,469,984,000"",""1,200,000,000"",""779,000,000"",""-"",""64,000,000"",""50,590,000"",""875,768,700"",""2,676,300,000"",""7,091,281,544"",""107,091,541,213"",""16,713,800,880"",""640.74""]",2026-08-28T22:20:04.397Z
2023,0000147,대학,사립,경기,,안양대학교,"[""2023"",""0000147"",""안양대학교"",""사립"",""경기"",""대학"",""16,859,611,010"",""9,704,049,420"",""116,793,000"",""185,100,000"",""190,000,000"",""-"",""139,250,000"",""-"",""18,376,000"",""4,238,809,826"",""1,602,972,259"",""13,646,862,675"",""37,602,240,099"",""36.29""]",2026-08-28T22:20:04.397Z
2023,0000149,대학,사립,서울,,연세대학교,"[""2023"",""0000149"",""연세대학교"",""사립"",""서울"",""대학"",""116,315,706,562"",""21,500,683,659"",""177,306,408,910"",""-"",""30,844,025,334"",""42,776,416,120"",""783,500,000"",""624,949,000"",""1,012,698,000"",""31,383,620,426"",""3,180,392,884"",""382,727,033,577"",""419,752,485,413"",""91.18""]",2026-08-28T22:20:04.397Z
2023,0000150,대학,사립,강원,,연세대학교(미래),"[""2023"",""0000150"",""연세대학교(미래)"",""사립"",""강원"",""대학"",""35,292,604,665"",""10,820,492,300"",""11,724,629,000"",""-"",""2,406,919,608"",""2,206,700,000"",""130,000,000"",""227,190,000"",""450,731,000"",""4,806,527,271"",""2,384,245,453"",""48,809,054,697"",""-"",""""]",2026-08-28T22:20:04.397Z
2023,0000151,대학,사립,경북,,영남대학교,"[""2023"",""0000151"",""영남대학교"",""사립"",""경북"",""대학"",""88,289,695,716"",""43,049,601,814"",""19,051,226,000"",""642,400,000"",""3,952,550,333"",""348,000,000"",""469,625,300"",""295,000,000"",""1,255,261,500"",""3,484,922,843"",""6,713,717,542"",""81,452,797,420"",""169,931,656,180"",""47.93""]",2026-08-28T22:20:04.397Z
2023,0000153,대학,사립,경북,,영남신학대학교,"[""2023"",""0000153"",""영남신학대학교"",""사립"",""경북"",""대학"",""1,365,977,129"",""1,192,333,600"",""-"",""-"",""53,333,333"",""-"",""-"",""-"",""-"",""4,712,000"",""109,923"",""231,798,785"",""3,624,403,667"",""6.40""]",2026-08-28T22:20:04.397Z
2023,0003193,대학,사립,경남,,영산대학교,"[""2023"",""0003193"",""영산대학교"",""사립"",""경남"",""대학"",""24,374,658,923"",""13,730,399,870"",""374,487,000"",""1,018,540,000"",""-"",""-"",""108,500,000"",""22,190,000"",""44,000,000"",""168,544,500"",""660,774,831"",""13,041,295,384"",""33,962,400,010"",""38.40""]",2026-08-28T22:20:04.397Z
2023,0000228,대학,사립,전북,,예수대학교,"[""2023"",""0000228"",""예수대학교"",""사립"",""전북"",""대학"",""4,361,969,867"",""1,299,603,000"",""-"",""-"",""-"",""-"",""-"",""-"",""1,000,000"",""-"",""267,607,976"",""3,330,974,843"",""3,414,171,660"",""97.56""]",2026-08-28T22:20:04.397Z
2023,0000218,대학,사립,전북,,예원예술대학교,"[""2023"",""0000218"",""예원예술대학교"",""사립"",""전북"",""대학"",""1,925,819,640"",""1,870,533,830"",""-"",""-"",""-"",""-"",""-"",""-"",""2,500,000"",""8,410,000"",""88,759,307"",""154,955,117"",""11,165,390,377"",""1.39""]",2026-08-28T22:20:04.397Z
2023,0000156,대학,사립,경기,,용인대학교,"[""2023"",""0000156"",""용인대학교"",""사립"",""경기"",""대학"",""14,315,336,822"",""11,368,065,000"",""92,250,000"",""-"",""160,000,000"",""180,000,000"",""215,000,000"",""-"",""32,672,000"",""388,273,000"",""1,423,401,345"",""5,438,868,167"",""46,149,273,000"",""11.79""]",2026-08-28T22:20:04.397Z
2023,0000157,대학,사립,전북,,우석대학교,"[""2023"",""0000157"",""우석대학교"",""사립"",""전북"",""대학"",""33,172,690,504"",""13,664,282,175"",""1,767,180,000"",""170,100,000"",""635,000,000"",""1,015,000,000"",""125,500,000"",""22,190,000"",""204,162,190"",""230,990,050"",""1,884,789,991"",""25,563,320,560"",""49,069,944,155"",""52.10""]",2026-08-28T22:20:04.397Z
2023,0000240,대학,사립,대전,,우송대학교,"[""2023"",""0000240"",""우송대학교"",""사립"",""대전"",""대학"",""38,516,032,362"",""19,868,719,214"",""2,074,677,000"",""-"",""222,000,000"",""-"",""-"",""-"",""137,630,150"",""2,637,247,190"",""886,180,655"",""24,605,048,143"",""77,163,331,233"",""31.89""]",2026-08-28T22:20:04.397Z
2023,0000250,대학,특별법법인,울산,,울산과학기술원,"[""2023"",""0000250"",""울산과학기술원"",""특별법법인"",""울산"",""대학"",""12,671,156,242"",""2,075,574,990"",""166,628,711,496"",""-"",""14,620,573,667"",""1,689,554,346"",""265,000,000"",""-"",""5,500,000"",""5,491,450,000"",""19,780,884,909"",""219,077,255,670"",""-"",""""]",2026-08-28T22:20:04.397Z
2023,0000158,대학,사립,울산,,울산대학교,"[""2023"",""0000158"",""울산대학교"",""사립"",""울산"",""대학"",""58,759,276,618"",""19,112,890,006"",""22,499,026,000"",""450,000,000"",""5,579,784,667"",""5,086,210,670"",""447,500,000"",""22,190,000"",""25,338,000"",""4,159,553,970"",""12,284,562,036"",""90,200,551,955"",""95,827,810,359"",""94.13""]",2026-08-28T22:20:04.397Z
2023,0000159,대학,사립,전북,,원광대학교,"[""2023"",""0000159"",""원광대학교"",""사립"",""전북"",""대학"",""54,267,687,946"",""28,730,441,251"",""13,974,496,000"",""450,000,000"",""792,666,667"",""2,331,748,000"",""161,000,000"",""-"",""940,617,000"",""2,580,186,000"",""8,194,360,075"",""54,962,320,437"",""104,370,997,177"",""52.66""]",2026-08-28T22:20:04.397Z
2023,0000160,대학,사립,경북,,위덕대학교,"[""2023"",""0000160"",""위덕대학교"",""사립"",""경북"",""대학"",""9,826,552,698"",""5,742,187,837"",""30,650,000"",""185,100,000"",""-"",""-"",""80,000,000"",""22,190,000"",""7,800,000"",""47,729,000"",""2,711,791,200"",""7,169,625,061"",""16,234,536,862"",""44.16""]",2026-08-28T22:20:04.397Z
2023,0000154,대학,사립,충북,,유원대학교,"[""2023"",""0000154"",""유원대학교"",""사립"",""충북"",""대학"",""9,338,301,868"",""8,660,305,272"",""-"",""108,000,000"",""-"",""-"",""109,000,000"",""63,000,000"",""13,880,000"",""57,067,294"",""226,716,911"",""1,255,660,801"",""22,065,422,407"",""5.69""]",2026-08-28T22:20:04.397Z
2023,0000161,대학,사립,대전,,을지대학교,"[""2023"",""0000161"",""을지대학교"",""사립"",""대전"",""대학"",""14,332,337,120"",""8,546,689,217"",""2,380,926,000"",""-"",""649,933,333"",""1,123,000,000"",""594,009,000"",""60,000,000"",""25,500,000"",""2,945,063,200"",""655,104,653"",""14,219,184,089"",""39,673,746,262"",""35.84""]",2026-08-28T22:20:04.397Z
2023,0000163,대학,사립,서울,,이화여자대학교,"[""2023"",""0000163"",""이화여자대학교"",""사립"",""서울"",""대학"",""50,719,747,412"",""18,664,963,310"",""61,740,018,472"",""-"",""2,567,736,343"",""3,575,158,164"",""932,600,000"",""67,190,000"",""681,478,920"",""8,077,674,077"",""4,081,446,492"",""113,778,086,570"",""207,938,667,400"",""54.72""]",2026-08-28T22:20:04.397Z
2023,0000164,대학,사립,경남,,인제대학교,"[""2023"",""0000164"",""인제대학교"",""사립"",""경남"",""대학"",""39,920,776,717"",""16,623,849,287"",""10,684,292,000"",""810,000,000"",""855,000,001"",""515,500,000"",""147,000,000"",""140,190,000"",""146,189,470"",""830,476,410"",""2,822,866,294"",""40,248,441,605"",""63,450,977,267"",""63.43""]",2026-08-28T22:20:04.397Z
2023,0000168,대학,사립,인천,,인천가톨릭대학교,"[""2023"",""0000168"",""인천가톨릭대학교"",""사립"",""인천"",""대학"",""3,952,009,359"",""1,241,265,530"",""-"",""-"",""-"",""90,400,000"",""-"",""-"",""-"",""-"",""1,610,705"",""2,802,754,534"",""6,062,726,796"",""46.23""]",2026-08-28T22:20:04.397Z
2023,0002660,대학,국립대법인,인천,,인천대학교,"[""2023"",""0002660"",""인천대학교"",""국립대법인"",""인천"",""대학"",""159,470,449,546"",""21,200,045,890"",""17,727,326,000"",""1,251,609,000"",""3,658,249,030"",""291,282,000"",""882,984,150"",""606,640,000"",""14,592,000"",""8,154,816,424"",""2,565,120,336"",""173,423,022,596"",""-"",""""]",2026-08-28T22:20:04.397Z
2023,0000169,대학,사립,인천,,인하대학교,"[""2023"",""0000169"",""인하대학교"",""사립"",""인천"",""대학"",""69,773,273,798"",""27,583,829,950"",""51,164,341,000"",""1,236,950,000"",""16,871,318,333"",""875,000,000"",""1,049,278,678"",""304,327,000"",""171,106,000"",""13,081,097,596"",""6,030,989,472"",""132,973,851,927"",""170,922,488,264"",""77.80""]",2026-08-28T22:20:04.397Z
2023,0000170,대학,사립,서울,,장로회신학대학교,"[""2023"",""0000170"",""장로회신학대학교"",""사립"",""서울"",""대학"",""2,090,467,801"",""1,851,452,110"",""-"",""-"",""75,000,000"",""-"",""-"",""-"",""-"",""4,810,000"",""4,609,511"",""323,435,202"",""15,841,301,430"",""2.04""]",2026-08-28T22:20:04.397Z
2023,0000023,대학,국립,광주,,전남대학교,"[""2023"",""0000023"",""전남대학교"",""국립"",""광주"",""대학"",""413,315,813,797"",""29,158,314,780"",""65,914,489,000"",""1,739,995,600"",""8,216,380,667"",""1,687,032,955"",""1,199,443,000"",""1,212,685,000"",""6,992,184,080"",""20,368,705,000"",""32,591,869,751"",""524,080,284,070"",""90,506,763,450"",""579.05""]",2026-08-28T22:20:04.397Z
2023,0000025,대학,국립,전북,,전북대학교,"[""2023"",""0000025"",""전북대학교"",""국립"",""전북"",""대학"",""361,598,501,042"",""27,178,132,508"",""44,565,403,000"",""-"",""9,142,923,333"",""2,070,822,044"",""1,481,922,000"",""7,761,240,000"",""7,769,184,385"",""16,238,904,697"",""20,350,180,684"",""443,800,948,677"",""82,817,830,169"",""535.88""]",2026-08-28T22:20:04.397Z
2023,0000171,대학,사립,전북,,전주대학교,"[""2023"",""0000171"",""전주대학교"",""사립"",""전북"",""대학"",""57,522,339,857"",""25,698,561,664"",""1,313,962,000"",""450,000,000"",""2,980,500,000"",""162,000,000"",""400,500,000"",""1,039,874,000"",""510,430,000"",""1,286,506,500"",""4,993,502,586"",""44,961,053,279"",""71,511,525,651"",""62.87""]",2026-08-28T22:20:04.397Z
2023,0000248,대학,사립,제주,,제주국제대학교,"[""2023"",""0000248"",""제주국제대학교"",""사립"",""제주"",""대학"",""334,847,361"",""231,244,000"",""-"",""-"",""-"",""-"",""-"",""23,000,000"",""-"",""7,470,000"",""41,709,099"",""175,782,460"",""3,112,664,000"",""5.65""]",2026-08-28T22:20:04.397Z
2023,0000027,대학,국립,제주,,제주대학교,"[""2023"",""0000027"",""제주대학교"",""국립"",""제주"",""대학"",""215,720,216,362"",""14,399,958,033"",""16,122,940,000"",""450,000,000"",""3,759,000,000"",""355,000,000"",""136,500,000"",""395,100,000"",""1,127,522,000"",""10,739,829,900"",""19,951,013,298"",""254,357,163,527"",""39,316,992,110"",""646.94""]",2026-08-28T22:20:04.397Z
2023,0000172,대학,사립,광주,,조선대학교,"[""2023"",""0000172"",""조선대학교"",""사립"",""광주"",""대학"",""79,823,706,849"",""40,714,907,912"",""21,128,843,000"",""814,464,990"",""5,156,260,000"",""1,399,750,000"",""365,000,000"",""1,742,311,000"",""151,398,000"",""4,294,269,630"",""4,869,959,445"",""79,031,055,002"",""137,839,890,742"",""57.34""]",2026-08-28T22:20:04.397Z
2023,0000173,대학,사립,충남,,중부대학교,"[""2023"",""0000173"",""중부대학교"",""사립"",""충남"",""대학"",""23,891,258,791"",""16,416,905,430"",""507,719,000"",""222,186,000"",""-"",""-"",""142,000,000"",""580,760,000"",""47,301,000"",""1,333,615,500"",""1,775,474,015"",""12,083,408,876"",""60,115,053,390"",""20.10""]",2026-08-28T22:20:04.397Z
2023,0000175,대학,사립,서울,,중앙대학교,"[""2023"",""0000175"",""중앙대학교"",""사립"",""서울"",""대학"",""82,911,361,993"",""33,053,068,610"",""62,458,796,100"",""-"",""12,985,121,667"",""4,764,675,110"",""3,117,571,972"",""91,139,750"",""1,312,346,000"",""13,620,009,000"",""2,542,551,246"",""150,750,504,228"",""268,725,756,900"",""56.10""]",2026-08-28T22:20:04.397Z
2023,0000177,대학,사립,경기,,중앙승가대학교,"[""2023"",""0000177"",""중앙승가대학교"",""사립"",""경기"",""대학"",""76,560,000"",""76,560,000"",""-"",""-"",""-"",""-"",""-"",""-"",""-"",""2,640,000"",""-"",""2,640,000"",""556,225,690"",""0.47""]",2026-08-28T22:20:04.397Z
2023,0000239,대학,사립,충북,,중원대학교,"[""2023"",""0000239"",""중원대학교"",""사립"",""충북"",""대학"",""13,284,684,204"",""6,594,123,173"",""265,308,000"",""-"",""278,800,000"",""100,000,000"",""182,363,700"",""562,133,000"",""9,000,000"",""39,062,330"",""609,128,611"",""8,736,356,672"",""23,242,096,717"",""37.59""]",2026-08-28T22:20:04.397Z
2023,0000187,대학,사립,경기,,차의과학대학교,"[""2023"",""0000187"",""차의과학대학교"",""사립"",""경기"",""대학"",""14,021,945,926"",""4,725,165,340"",""8,219,654,000"",""-"",""1,635,866,667"",""3,621,462,000"",""376,300,000"",""67,190,000"",""159,080,000"",""421,577,000"",""18,438,558"",""23,816,348,811"",""28,921,760,210"",""82.35""]",2026-08-28T22:20:04.397Z
2023,0000249,대학,사립,경남,,창신대학교,"[""2023"",""0000249"",""창신대학교"",""사립"",""경남"",""대학"",""9,339,559,620"",""4,609,852,334"",""357,002,000"",""-"",""-"",""5,000,000"",""-"",""-"",""4,400,000"",""64,601,160"",""213,890,931"",""5,374,601,377"",""13,079,137,888"",""41.09""]",2026-08-28T22:20:04.397Z
2023,0000028,대학,국립,경남,,국립창원대학교,"[""2023"",""0000028"",""국립창원대학교"",""국립"",""경남"",""대학"",""120,915,379,112"",""13,311,712,620"",""7,683,462,000"",""-"",""4,704,390,000"",""-"",""50,000,000"",""1,580,140,000"",""77,000,000"",""1,147,348,161"",""3,329,534,807"",""126,175,541,460"",""28,885,346,680"",""436.82""]",2026-08-28T22:20:04.397Z
2023,0000179,대학,사립,충북,,청주대학교,"[""2023"",""0000179"",""청주대학교"",""사립"",""충북"",""대학"",""36,233,452,612"",""21,326,042,229"",""2,147,655,000"",""1,058,860,240"",""1,736,824,000"",""99,000,000"",""383,250,000"",""463,190,000"",""51,854,000"",""611,229,450"",""2,326,485,563"",""23,785,758,636"",""88,862,264,649"",""26.77""]",2026-08-28T22:20:04.397Z
2023,0000246,대학,사립,전남,,초당대학교,"[""2023"",""0000246"",""초당대학교"",""사립"",""전남"",""대학"",""15,277,301,669"",""6,795,606,074"",""71,240,000"",""-"",""-"",""-"",""38,000,000"",""-"",""26,800,000"",""18,985,000"",""541,276,113"",""9,177,996,708"",""18,221,748,298"",""50.37""]",2026-08-28T22:20:04.397Z
2023,0000180,대학,사립,서울,,총신대학교,"[""2023"",""0000180"",""총신대학교"",""사립"",""서울"",""대학"",""4,598,839,975"",""3,720,828,140"",""-"",""-"",""-"",""-"",""190,000,000"",""-"",""3,000,000"",""188,388,500"",""78,114,995"",""1,337,515,330"",""22,251,853,163"",""6.01""]",2026-08-28T22:20:04.397Z
2023,0000181,대학,사립,서울,,추계예술대학교,"[""2023"",""0000181"",""추계예술대학교"",""사립"",""서울"",""대학"",""4,659,918,984"",""2,224,947,110"",""-"",""-"",""-"",""-"",""200,000,000"",""-"",""298,000,000"",""23,784,000"",""33,528,499"",""2,990,284,373"",""11,969,413,183"",""24.98""]",2026-08-28T22:20:04.397Z
2023,0000029,대학,국립,대전,,충남대학교,"[""2023"",""0000029"",""충남대학교"",""국립"",""대전"",""대학"",""322,102,819,994"",""22,504,310,170"",""58,049,653,000"",""-"",""9,123,652,000"",""3,338,132,399"",""1,258,858,004"",""696,264,000"",""7,941,384,000"",""17,560,111,234"",""10,563,252,696"",""408,129,817,157"",""81,536,880,324"",""500.55""]",2026-08-28T22:20:04.397Z
2023,0000030,대학,국립,충북,,충북대학교,"[""2023"",""0000030"",""충북대학교"",""국립"",""충북"",""대학"",""280,084,774,251"",""19,024,082,780"",""40,964,698,000"",""356,000,000"",""4,171,377,000"",""1,576,500,000"",""379,750,000"",""1,341,220,000"",""3,996,231,260"",""15,228,135,800"",""12,039,450,613"",""341,114,054,144"",""60,967,065,980"",""559.51""]",2026-08-28T22:20:04.397Z
2023,0000184,대학,사립,경기,,칼빈대학교,"[""2023"",""0000184"",""칼빈대학교"",""사립"",""경기"",""대학"",""912,577,414"",""862,257,300"",""-"",""-"",""-"",""-"",""-"",""-"",""-"",""7,170,000"",""6,805,225"",""64,295,339"",""13,359,057,840"",""0.48""]",2026-08-28T22:20:04.397Z
2023,0000079,대학,사립,서울,,강서대학교,"[""2023"",""0000079"",""강서대학교"",""사립"",""서울"",""대학"",""3,334,398,489"",""2,674,533,917"",""250,750,000"",""-"",""-"",""-"",""21,000,000"",""-"",""150,000,000"",""5,983,000"",""403,360,046"",""1,490,957,618"",""10,629,653,114"",""14.03""]",2026-08-28T22:20:04.397Z
2023,0000186,대학,사립,경기,,평택대학교,"[""2023"",""0000186"",""평택대학교"",""사립"",""경기"",""대학"",""7,365,739,713"",""6,298,717,668"",""174,588,000"",""-"",""-"",""-"",""-"",""-"",""-"",""33,781,750"",""954,109,439"",""2,229,501,234"",""26,001,282,178"",""8.57""]",2026-08-28T22:20:04.397Z
2023,0000188,대학,사립,경북,,포항공과대학교,"[""2023"",""0000188"",""포항공과대학교"",""사립"",""경북"",""대학"",""53,800,016,612"",""1,815,601,800"",""112,171,446,664"",""-"",""15,734,951,666"",""1,167,554,346"",""400,000,000"",""952,190,000"",""321,059,000"",""5,146,803,070"",""4,136,920,659"",""192,015,340,217"",""26,820,883,374"",""715.92""]",2026-08-28T22:20:04.397Z
2023,0000037,대학,국립,경기,,한경국립대학교,"[""2023"",""0000037"",""한경국립대학교"",""국립"",""경기"",""대학"",""111,728,751,424"",""8,999,407,977"",""2,690,500,000"",""170,100,000"",""471,200,000"",""-"",""77,000,000"",""60,000,000"",""1,705,505,060"",""6,976,360,020"",""1,566,898,507"",""116,446,907,034"",""20,429,865,308"",""569.98""]",2026-08-28T22:20:04.397Z
2023,0000247,대학,사립,경기,,한국공학대학교,"[""2023"",""0000247"",""한국공학대학교"",""사립"",""경기"",""대학"",""32,039,886,006"",""11,252,761,270"",""7,996,133,000"",""2,755,613,720"",""10,181,073,666"",""310,000,000"",""90,000,000"",""2,377,267,500"",""16,060,000"",""805,071,500"",""957,155,041"",""46,275,499,163"",""60,865,635,620"",""76.03""]",2026-08-28T22:20:04.397Z
2023,0000374,대학,특별법법인,대전,,한국과학기술원,"[""2023"",""0000374"",""한국과학기술원"",""특별법법인"",""대전"",""대학"",""19,896,887,424"",""2,444,682,000"",""430,109,285,592"",""-"",""20,358,842,583"",""4,934,988,747"",""1,745,000,000"",""6,725,990,000"",""-"",""11,845,926,550"",""3,877,007,477"",""497,049,246,373"",""-"",""""]",2026-08-28T22:20:04.397Z
2023,0000031,대학,국립,충북,,한국교원대학교,"[""2023"",""0000031"",""한국교원대학교"",""국립"",""충북"",""대학"",""74,743,449,758"",""3,004,165,000"",""1,303,482,000"",""-"",""-"",""-"",""114,600,000"",""-"",""62,800,000"",""225,256,018"",""7,527,760,457"",""80,973,183,233"",""19,370,465,080"",""418.02""]",2026-08-28T22:20:04.397Z
2023,0000034,대학,국립,충북,,국립한국교통대학교,"[""2023"",""0000034"",""국립한국교통대학교"",""국립"",""충북"",""대학"",""114,280,283,165"",""14,016,336,650"",""5,916,570,000"",""1,147,456,000"",""1,316,645,000"",""-"",""12,000,000"",""821,688,500"",""2,000,000"",""3,718,535,000"",""2,069,645,539"",""115,268,486,554"",""29,130,135,340"",""395.70""]",2026-08-28T22:20:04.397Z
2023,0000189,대학,사립,충남,,한국기술교육대학교,"[""2023"",""0000189"",""한국기술교육대학교"",""사립"",""충남"",""대학"",""28,551,435,995"",""5,921,717,037"",""3,134,193,000"",""131,842,495,000"",""2,288,600,000"",""-"",""-"",""62,190,000"",""17,269,000"",""583,667,230"",""1,186,085,371"",""161,744,218,559"",""19,879,628,828"",""813.62""]",2026-08-28T22:20:04.397Z
2023,0000191,대학,사립,서울,,한국성서대학교,"[""2023"",""0000191"",""한국성서대학교"",""사립"",""서울"",""대학"",""5,321,307,057"",""2,559,490,000"",""30,240,000"",""-"",""-"",""5,000,000"",""-"",""-"",""3,000,000"",""158,550,280"",""257,080,000"",""3,215,687,337"",""7,786,420,000"",""41.30""]",2026-08-28T22:20:04.397Z
2023,0003139,대학,특별법법인,전남,,한국에너지공과대학교,"[""2023"",""0003139"",""한국에너지공과대학교"",""특별법법인"",""전남"",""대학"",""289,400,000"",""236,900,000"",""7,532,247,000"",""-"",""2,791,300,000"",""-"",""-"",""-"",""-"",""520,000,000"",""10,001,000,000"",""20,897,047,000"",""-"",""""]",2026-08-28T22:20:04.397Z
2023,0000192,대학,사립,서울,,한국외국어대학교,"[""2023"",""0000192"",""한국외국어대학교"",""사립"",""서울"",""대학"",""43,417,374,120"",""22,051,487,417"",""5,208,050,000"",""450,000,000"",""23,333,333"",""-"",""135,200,000"",""22,190,000"",""13,860,500"",""1,779,230,230"",""1,477,649,912"",""30,475,400,678"",""142,384,265,500"",""21.40""]",2026-08-28T22:20:04.397Z
2023,0003022,대학,특별법국립,충남,,한국전통문화대학교,"[""2023"",""0003022"",""한국전통문화대학교"",""특별법국립"",""충남"",""대학"",""877,855,800"",""543,832,200"",""173,779,000"",""-"",""-"",""-"",""200,000,000"",""-"",""-"",""30,809,494,960"",""1,584,299,192"",""33,101,596,752"",""-"",""""]",2026-08-28T22:20:04.397Z
2023,0000032,대학,국립,서울,,한국체육대학교,"[""2023"",""0000032"",""한국체육대학교"",""국립"",""서울"",""대학"",""52,026,854,413"",""3,957,971,360"",""246,618,000"",""-"",""-"",""195,000,000"",""4,901,400,000"",""-"",""-"",""-"",""38,993,453"",""53,450,894,506"",""9,807,967,050"",""544.97""]",2026-08-28T22:20:04.397Z
2023,0000182,대학,사립,대전,,한국침례신학대학교,"[""2023"",""0000182"",""한국침례신학대학교"",""사립"",""대전"",""대학"",""4,931,401,752"",""2,518,846,567"",""-"",""-"",""-"",""-"",""-"",""-"",""7,093,200"",""21,253,400"",""8,845,477"",""2,449,747,262"",""8,722,069,770"",""28.09""]",2026-08-28T22:20:04.397Z
2023,0000194,대학,사립,경기,,한국항공대학교,"[""2023"",""0000194"",""한국항공대학교"",""사립"",""경기"",""대학"",""14,453,221,276"",""5,569,206,833"",""5,094,583,000"",""-"",""2,281,000,000"",""-"",""-"",""130,320,000"",""-"",""1,848,528,026"",""952,584,770"",""19,191,030,239"",""38,195,169,200"",""50.24""]",2026-08-28T22:20:04.397Z
2023,0000033,대학,국립,부산,,국립한국해양대학교,"[""2023"",""0000033"",""국립한국해양대학교"",""국립"",""부산"",""대학"",""119,805,257,577"",""9,410,941,131"",""5,319,704,000"",""568,080,000"",""2,942,482,000"",""-"",""30,000,000"",""302,918,000"",""80,742,200"",""4,682,513,050"",""989,901,799"",""125,310,657,495"",""21,458,720,440"",""583.96""]",2026-08-28T22:20:04.397Z
2023,0000195,대학,사립,대전,,한남대학교,"[""2023"",""0000195"",""한남대학교"",""사립"",""대전"",""대학"",""46,580,353,490"",""22,967,126,236"",""4,593,187,000"",""1,370,994,000"",""654,600,000"",""-"",""154,200,000"",""6,993,190,000"",""93,272,000"",""731,168,980"",""2,403,481,738"",""40,607,320,972"",""82,066,090,579"",""49.48""]",2026-08-28T22:20:04.397Z
2023,0000196,대학,사립,경북,,한동대학교,"[""2023"",""0000196"",""한동대학교"",""사립"",""경북"",""대학"",""29,852,421,665"",""9,123,571,484"",""1,874,105,000"",""200,000,000"",""1,048,066,000"",""306,660,000"",""450,980,000"",""200,000,000"",""48,694,000"",""587,992,695"",""1,410,319,579"",""26,855,667,455"",""31,441,856,469"",""85.41""]",2026-08-28T22:20:04.397Z
2023,0000197,대학,사립,강원,,한라대학교,"[""2023"",""0000197"",""한라대학교"",""사립"",""강원"",""대학"",""12,664,230,691"",""6,336,919,937"",""1,054,592,000"",""613,350,000"",""150,000,000"",""52,500,000"",""36,000,000"",""549,067,500"",""-"",""362,322,100"",""785,651,000"",""9,930,793,354"",""19,822,809,620"",""50.10""]",2026-08-28T22:20:04.397Z
2023,0000198,대학,사립,강원,,한림대학교,"[""2023"",""0000198"",""한림대학교"",""사립"",""강원"",""대학"",""51,098,186,363"",""15,703,796,420"",""17,458,933,000"",""170,100,000"",""2,279,204,667"",""3,558,501,667"",""82,500,000"",""312,190,000"",""85,583,000"",""12,039,776,964"",""2,870,906,057"",""74,252,085,298"",""59,955,174,160"",""123.85""]",2026-08-28T22:20:04.397Z
2023,0000039,대학,국립,대전,,국립한밭대학교,"[""2023"",""0000039"",""국립한밭대학교"",""국립"",""대전"",""대학"",""110,316,935,225"",""13,445,388,330"",""11,755,005,000"",""1,020,300,000"",""2,520,463,000"",""70,000,000"",""-"",""1,229,718,000"",""6,658,800"",""523,272,400"",""2,431,910,498"",""116,428,874,593"",""32,184,679,590"",""361.75""]",2026-08-28T22:20:04.397Z
2023,0000199,대학,사립,충남,,한서대학교,"[""2023"",""0000199"",""한서대학교"",""사립"",""충남"",""대학"",""27,694,841,821"",""13,365,818,260"",""638,328,000"",""-"",""1,080,500,000"",""-"",""8,000,000"",""972,090,000"",""-"",""791,147,830"",""686,494,782"",""18,505,584,173"",""51,771,464,715"",""35.74""]",2026-08-28T22:20:04.397Z
2023,0000200,대학,사립,서울,,한성대학교,"[""2023"",""0000200"",""한성대학교"",""사립"",""서울"",""대학"",""21,633,893,030"",""12,333,095,462"",""1,114,606,000"",""610,500,000"",""204,250,000"",""-"",""55,440,000"",""1,271,348,700"",""-"",""488,864,830"",""509,826,617"",""13,555,633,715"",""58,621,527,935"",""23.12""]",2026-08-28T22:20:04.397Z
2023,0000201,대학,사립,경기,,한세대학교,"[""2023"",""0000201"",""한세대학교"",""사립"",""경기"",""대학"",""6,085,665,087"",""4,961,528,334"",""61,701,000"",""-"",""-"",""-"",""879,063,800"",""-"",""7,000,000"",""29,138,500"",""44,555,695"",""2,145,595,748"",""23,046,639,835"",""9.31""]",2026-08-28T22:20:04.397Z
2023,0000202,대학,사립,경기,,한신대학교,"[""2023"",""0000202"",""한신대학교"",""사립"",""경기"",""대학"",""16,998,087,386"",""10,317,105,780"",""420,366,000"",""1,532,204,500"",""-"",""-"",""43,352,500"",""487,190,000"",""500,000"",""85,761,000"",""743,027,100"",""9,993,382,706"",""38,504,388,005"",""25.95""]",2026-08-28T22:20:04.397Z
2023,0000203,대학,사립,서울,,한양대학교,"[""2023"",""0000203"",""한양대학교"",""사립"",""서울"",""대학"",""76,396,955,828"",""21,276,118,460"",""104,464,217,000"",""-"",""22,150,924,831"",""5,673,159,517"",""1,249,083,678"",""7,930,000,000"",""641,625,000"",""14,174,512,607"",""5,870,790,718"",""217,275,150,719"",""370,553,738,945"",""58.64""]",2026-08-28T22:20:04.397Z
2023,0000204,대학,사립,경기,,한양대학교(ERICA),"[""2023"",""0000204"",""한양대학교(ERICA)"",""사립"",""경기"",""대학"",""56,005,993,592"",""16,611,927,000"",""25,656,104,000"",""1,000,000,000"",""11,669,715,000"",""659,000,000"",""933,250,000"",""67,190,000"",""64,391,000"",""2,599,928,300"",""1,498,202,627"",""83,541,847,519"",""-"",""""]",2026-08-28T22:20:04.397Z
2023,0000206,대학,사립,전북,,한일장신대학교,"[""2023"",""0000206"",""한일장신대학교"",""사립"",""전북"",""대학"",""3,192,583,955"",""2,581,673,334"",""-"",""-"",""-"",""-"",""106,000,000"",""-"",""2,000,000"",""13,450,000"",""6,927,228"",""739,287,849"",""5,998,204,834"",""12.33""]",2026-08-28T22:20:04.397Z
2023,0000207,대학,사립,경기,,협성대학교,"[""2023"",""0000207"",""협성대학교"",""사립"",""경기"",""대학"",""10,011,648,293"",""9,196,971,187"",""583,458,000"",""418,762,000"",""-"",""-"",""-"",""22,190,000"",""13,568,000"",""235,781,500"",""9,600,411,313"",""11,688,847,919"",""29,082,962,912"",""40.19""]",2026-08-28T22:20:04.397Z
2023,0000208,대학,사립,광주,,호남대학교,"[""2023"",""0000208"",""호남대학교"",""사립"",""광주"",""대학"",""32,835,914,240"",""15,572,765,600"",""218,239,000"",""450,000,000"",""96,000,000"",""100,000,000"",""466,600,000"",""22,190,000"",""22,000,000"",""78,618,500"",""3,674,624,798"",""22,391,420,938"",""48,674,776,370"",""46.00""]",2026-08-28T22:20:04.397Z
2023,0000209,대학,사립,광주,,호남신학대학교,"[""2023"",""0000209"",""호남신학대학교"",""사립"",""광주"",""대학"",""1,706,982,722"",""1,429,193,065"",""-"",""-"",""-"",""-"",""-"",""-"",""12,810,600"",""27,848,900"",""20,111,032"",""338,560,189"",""4,272,719,960"",""7.92""]",2026-08-28T22:20:04.397Z
2023,0000211,대학,사립,충남,,호서대학교,"[""2023"",""0000211"",""호서대학교"",""사립"",""충남"",""대학"",""49,655,541,514"",""24,982,023,366"",""6,093,252,000"",""144,000,000"",""1,938,350,000"",""-"",""38,000,000"",""7,725,380,000"",""180,480,000"",""6,126,075,210"",""1,160,587,192"",""48,079,642,550"",""103,189,940,983"",""46.59""]",2026-08-28T22:20:04.397Z
2023,0000212,대학,사립,서울,,홍익대학교,"[""2023"",""0000212"",""홍익대학교"",""사립"",""서울"",""대학"",""44,905,176,480"",""26,672,551,726"",""13,178,348,000"",""622,999,000"",""3,952,000,000"",""126,250,000"",""1,393,153,500"",""829,000,000"",""11,848,000"",""2,698,766,530"",""1,308,305,654"",""42,353,295,438"",""197,491,221,389"",""21.45""]",2026-08-28T22:20:04.397Z
2023,0000256,대학,국립,인천,,경인교육대학교,"[""2023"",""0000256"",""경인교육대학교"",""국립"",""인천"",""대학"",""41,366,463,104"",""2,273,313,080"",""36,289,000"",""-"",""-"",""-"",""69,000,000"",""-"",""7,226,000"",""-"",""2,158,794,843"",""41,364,459,867"",""11,837,637,500"",""349.43""]",2026-08-28T22:20:04.397Z
2023,0000251,대학,국립,충남,,공주교육대학교,"[""2023"",""0000251"",""공주교육대학교"",""국립"",""충남"",""대학"",""26,000,966,317"",""1,436,396,000"",""179,050,000"",""-"",""-"",""-"",""-"",""-"",""4,212,000"",""19,080,000"",""542,904,400"",""25,309,816,717"",""6,397,747,670"",""395.61""]",2026-08-28T22:20:04.397Z
2023,0000252,대학,국립,광주,,광주교육대학교,"[""2023"",""0000252"",""광주교육대학교"",""국립"",""광주"",""대학"",""31,809,778,066"",""1,457,722,500"",""54,552,000"",""-"",""-"",""-"",""-"",""-"",""-"",""-"",""759,416,590"",""31,166,024,156"",""6,248,444,100"",""498.78""]",2026-08-28T22:20:04.397Z
2023,0000253,대학,국립,대구,,대구교육대학교,"[""2023"",""0000253"",""대구교육대학교"",""국립"",""대구"",""대학"",""37,927,549,577"",""1,681,936,660"",""48,918,000"",""-"",""-"",""-"",""-"",""-"",""-"",""-"",""524,851,000"",""36,819,381,917"",""8,843,295,460"",""416.35""]",2026-08-28T22:20:04.397Z
2023,0000254,대학,국립,부산,,부산교육대학교,"[""2023"",""0000254"",""부산교육대학교"",""국립"",""부산"",""대학"",""34,588,308,241"",""1,301,116,000"",""-"",""-"",""-"",""-"",""-"",""-"",""-"",""50,000,000"",""421,950,350"",""33,759,142,591"",""6,407,057,530"",""526.91""]",2026-08-28T22:20:04.397Z
2023,0000255,대학,국립,서울,,서울교육대학교,"[""2023"",""0000255"",""서울교육대학교"",""국립"",""서울"",""대학"",""29,128,848,447"",""1,191,562,660"",""48,120,000"",""-"",""-"",""-"",""-"",""-"",""-"",""135,000,000"",""688,844,000"",""28,809,249,787"",""8,206,421,340"",""351.06""]",2026-08-28T22:20:04.397Z
2023,0000258,대학,국립,전북,,전주교육대학교,"[""2023"",""0000258"",""전주교육대학교"",""국립"",""전북"",""대학"",""25,234,170,111"",""1,033,098,500"",""-"",""-"",""-"",""-"",""-"",""-"",""-"",""50,000,000"",""504,853,339"",""24,755,924,950"",""4,353,373,190"",""568.66""]",2026-08-28T22:20:04.397Z
2023,0000260,대학,국립,경남,,진주교육대학교,"[""2023"",""0000260"",""진주교육대학교"",""국립"",""경남"",""대학"",""27,270,209,563"",""1,318,423,000"",""43,091,000"",""-"",""-"",""-"",""-"",""60,000,000"",""2,777,000"",""139,551,466"",""13,503,600"",""26,210,709,629"",""5,047,798,660"",""519.25""]",2026-08-28T22:20:04.397Z
2023,0000261,대학,국립,충북,,청주교육대학교,"[""2023"",""0000261"",""청주교육대학교"",""국립"",""충북"",""대학"",""21,658,948,157"",""969,490,000"",""82,750,000"",""-"",""-"",""-"",""-"",""-"",""-"",""-"",""275,214,000"",""21,047,422,157"",""4,647,548,330"",""452.87""]",2026-08-28T22:20:04.397Z
2023,0000262,대학,국립,강원,,춘천교육대학교,"[""2023"",""0000262"",""춘천교육대학교"",""국립"",""강원"",""대학"",""24,437,243,566"",""1,084,107,660"",""42,693,000"",""-"",""-"",""-"",""-"",""-"",""-"",""21,909,000"",""337,636,651"",""23,755,374,557"",""4,765,005,800"",""498.54""]",2026-08-28T22:20:04.397Z
2023,0000284,대학,사립,충남,,청운대학교,"[""2023"",""0000284"",""청운대학교"",""사립"",""충남"",""대학"",""25,355,724,056"",""13,425,112,220"",""88,320,000"",""168,000,000"",""-"",""200,000,000"",""190,000,000"",""255,000,000"",""1,500,000"",""83,524,040"",""1,803,782,285"",""14,720,738,161"",""39,668,810,380"",""37.11""]",2026-08-28T22:20:04.397Z
2023,0000282,대학,사립,전북,,호원대학교,"[""2023"",""0000282"",""호원대학교"",""사립"",""전북"",""대학"",""22,155,204,212"",""13,367,734,220"",""-"",""-"",""-"",""-"",""345,830,000"",""22,190,000"",""15,000,000"",""184,596,000"",""2,243,951,755"",""11,599,037,747"",""34,247,190,180"",""33.87""]",2026-08-28T22:20:04.397Z
2023,0000317,대학,사립,충북,,순복음총회신학교,"[""2023"",""0000317"",""순복음총회신학교"",""사립"",""충북"",""대학"",""478,604,259"",""422,970,000"",""-"",""-"",""-"",""-"",""-"",""-"",""-"",""-"",""226,102"",""55,860,361"",""621,696,000"",""8.99""]",2026-08-28T22:20:04.397Z
2023,0000383,대학,특별법국립,서울,,한국예술종합학교,"[""2023"",""0000383"",""한국예술종합학교"",""특별법국립"",""서울"",""대학"",""4,163,156,899"",""3,047,633,700"",""84,000,000"",""-"",""-"",""-"",""52,785,000,000"",""-"",""-"",""-"",""3,392,585,794"",""57,377,108,993"",""14,825,381,850"",""387.02""]",2026-08-28T22:20:04.397Z
2023,0000273,대학,국립,서울,,한국방송통신대학교,"[""2023"",""0000273"",""한국방송통신대학교"",""국립"",""서울"",""대학"",""72,009,614,283"",""11,547,488,382"",""174,792,000"",""-"",""-"",""100,000,000"",""-"",""-"",""14,266,200"",""416,631,910"",""48,282,953"",""61,216,098,964"",""58,746,165,153"",""104.20""]",2026-08-28T22:20:04.397Z
2023,0000335,대학,사립,대전,,건양사이버대학교,"[""2023"",""0000335"",""건양사이버대학교"",""사립"",""대전"",""대학"",""7,228,745,667"",""6,475,944,520"",""-"",""-"",""-"",""-"",""-"",""160,000,000"",""-"",""86,905,500"",""72,254,818"",""1,071,961,465"",""9,734,731,500"",""11.01""]",2026-08-28T22:20:04.397Z
2023,0000318,대학,사립,서울,,경희사이버대학교,"[""2023"",""0000318"",""경희사이버대학교"",""사립"",""서울"",""대학"",""13,541,763,377"",""12,629,408,500"",""1,800,000,000"",""-"",""-"",""-"",""-"",""-"",""-"",""226,639,250"",""3,518,866"",""2,942,512,993"",""32,460,233,836"",""9.06""]",2026-08-28T22:20:04.397Z
2023,0000328,대학,사립,서울,,고려사이버대학교,"[""2023"",""0000328"",""고려사이버대학교"",""사립"",""서울"",""대학"",""8,139,220,538"",""7,167,810,400"",""-"",""-"",""-"",""70,000,000"",""-"",""-"",""-"",""530,197,513"",""2,800,426"",""1,574,408,077"",""21,429,197,000"",""7.35""]",2026-08-28T22:20:04.397Z
2023,0000319,대학,사립,경기,,국제사이버대학교,"[""2023"",""0000319"",""국제사이버대학교"",""사립"",""경기"",""대학"",""5,629,504,146"",""5,597,176,000"",""-"",""-"",""-"",""-"",""-"",""-"",""-"",""62,046,000"",""26,562"",""94,400,708"",""8,461,208,454"",""1.12""]",2026-08-28T22:20:04.397Z
2023,0000334,대학,사립,충남,,글로벌사이버대학교,"[""2023"",""0000334"",""글로벌사이버대학교"",""사립"",""충남"",""대학"",""3,281,121,397"",""3,163,414,500"",""-"",""-"",""-"",""-"",""-"",""-"",""-"",""45,948,000"",""35,286"",""163,690,183"",""5,353,065,000"",""3.06""]",2026-08-28T22:20:04.397Z
2023,0000320,대학,사립,경북,,대구사이버대학교,"[""2023"",""0000320"",""대구사이버대학교"",""사립"",""경북"",""대학"",""5,311,604,976"",""5,234,249,250"",""-"",""-"",""-"",""-"",""-"",""-"",""-"",""86,595,250"",""6,589,961"",""170,540,937"",""10,978,484,663"",""1.55""]",2026-08-28T22:20:04.397Z
2023,0000330,대학,사립,서울,,디지털서울문화예술대학교,"[""2023"",""0000330"",""디지털서울문화예술대학교"",""사립"",""서울"",""대학"",""4,887,744,874"",""4,258,002,000"",""-"",""-"",""-"",""-"",""17,000,000"",""-"",""-"",""45,529,000"",""13,351,647"",""705,623,521"",""11,911,928,197"",""5.92""]",2026-08-28T22:20:04.397Z
2023,0000321,대학,사립,부산,,부산디지털대학교,"[""2023"",""0000321"",""부산디지털대학교"",""사립"",""부산"",""대학"",""5,004,893,625"",""3,582,520,433"",""-"",""-"",""-"",""-"",""-"",""-"",""-"",""100,826,500"",""324,464,308"",""1,847,664,000"",""6,027,925,990"",""30.65""]",2026-08-28T22:20:04.397Z
2023,0000332,대학,사립,서울,,사이버한국외국어대학교,"[""2023"",""0000332"",""사이버한국외국어대학교"",""사립"",""서울"",""대학"",""6,484,038,589"",""6,263,471,333"",""-"",""-"",""-"",""-"",""29,000,000"",""-"",""-"",""118,789,830"",""3,794,558"",""372,151,644"",""15,668,976,666"",""2.38""]",2026-08-28T22:20:04.397Z
2023,0000322,대학,사립,서울,,서울디지털대학교,"[""2023"",""0000322"",""서울디지털대학교"",""사립"",""서울"",""대학"",""11,653,043,178"",""11,002,076,700"",""-"",""-"",""-"",""-"",""-"",""-"",""-"",""249,994,500"",""3,448,165"",""904,409,143"",""24,293,691,900"",""3.72""]",2026-08-28T22:20:04.397Z
2023,0000323,대학,사립,서울,,서울사이버대학교,"[""2023"",""0000323"",""서울사이버대학교"",""사립"",""서울"",""대학"",""19,331,013,830"",""17,997,485,300"",""82,800,000"",""-"",""-"",""-"",""176,000,000"",""-"",""-"",""333,354,200"",""7,247,221"",""1,932,929,951"",""44,556,349,201"",""4.34""]",2026-08-28T22:20:04.397Z
2023,0000325,대학,사립,서울,,세종사이버대학교,"[""2023"",""0000325"",""세종사이버대학교"",""사립"",""서울"",""대학"",""15,983,977,684"",""15,467,140,500"",""50,000,000"",""-"",""-"",""-"",""-"",""-"",""-"",""277,686,000"",""3,396,676"",""847,919,860"",""29,370,556,502"",""2.89""]",2026-08-28T22:20:04.397Z
2023,0000329,대학,사립,서울,,숭실사이버대학교,"[""2023"",""0000329"",""숭실사이버대학교"",""사립"",""서울"",""대학"",""9,053,259,505"",""8,659,440,181"",""-"",""-"",""-"",""-"",""-"",""-"",""-"",""169,573,000"",""1,443,364"",""564,835,688"",""20,360,298,581"",""2.77""]",2026-08-28T22:20:04.397Z
2023,0000327,대학,사립,전북,,원광디지털대학교,"[""2023"",""0000327"",""원광디지털대학교"",""사립"",""전북"",""대학"",""8,353,439,886"",""8,106,530,500"",""-"",""-"",""-"",""-"",""35,000,000"",""-"",""-"",""170,628,500"",""1,750,862"",""454,288,748"",""16,056,103,000"",""2.83""]",2026-08-28T22:20:04.397Z
2023,0000326,대학,사립,서울,,한국열린사이버대학교,"[""2023"",""0000326"",""한국열린사이버대학교"",""사립"",""서울"",""대학"",""7,137,545,289"",""7,050,921,100"",""60,000,000"",""-"",""-"",""-"",""-"",""-"",""-"",""84,036,000"",""3,547,755"",""234,207,944"",""12,833,371,240"",""1.82""]",2026-08-28T22:20:04.397Z
2023,0000331,대학,사립,서울,,한양사이버대학교,"[""2023"",""0000331"",""한양사이버대학교"",""사립"",""서울"",""대학"",""18,600,342,798"",""17,428,785,000"",""101,880,000"",""-"",""-"",""-"",""-"",""-"",""-"",""378,852,750"",""2,282,488"",""1,654,573,036"",""49,509,551,160"",""3.34""]",2026-08-28T22:20:04.397Z
2023,0000333,대학,사립,부산,,화신사이버대학교,"[""2023"",""0000333"",""화신사이버대학교"",""사립"",""부산"",""대학"",""4,195,771,463"",""3,501,534,500"",""-"",""-"",""-"",""-"",""-"",""-"",""-"",""37,485,000"",""231,750,000"",""963,471,963"",""4,258,338,000"",""22.63""]",2026-08-28T22:20:04.397Z
2023,0000579,전문대학,사립,경기,,ICT폴리텍대학,"[""2023"",""0000579"",""ICT폴리텍대학"",""사립"",""경기"",""전문대학"",""345,215,606"",""345,050,000"",""-"",""169,384,000"",""-"",""-"",""-"",""-"",""-"",""-"",""-"",""169,549,606"",""-"",""""]",2026-08-28T22:20:04.397Z
2023,0000585,전문대학,사립,서울,,한국폴리텍 I 대학,"[""2023"",""0000585"",""한국폴리텍 I 대학"",""사립"",""서울"",""전문대학"",""2,238,005,771"",""2,179,117,992"",""91,500,000"",""40,074,787,186"",""-"",""-"",""-"",""-"",""-"",""12,119,750"",""311,856,322"",""40,549,151,037"",""-"",""""]",2026-08-28T22:20:04.397Z
2023,0000590,전문대학,사립,경기,,한국폴리텍 II 대학,"[""2023"",""0000590"",""한국폴리텍 II 대학"",""사립"",""경기"",""전문대학"",""1,797,475,252"",""1,766,480,992"",""-"",""42,541,358,286"",""-"",""-"",""-"",""58,590,000"",""-"",""95,480,000"",""462,747,347"",""43,189,169,893"",""-"",""""]",2026-08-28T22:20:04.397Z
2023,0000594,전문대학,사립,강원,,한국폴리텍 III 대학,"[""2023"",""0000594"",""한국폴리텍 III 대학"",""사립"",""강원"",""전문대학"",""500,918,952"",""497,844,334"",""-"",""31,266,845,786"",""-"",""-"",""-"",""-"",""-"",""-"",""35,567,000"",""31,305,487,404"",""-"",""""]",2026-08-28T22:20:04.397Z
2023,0000603,전문대학,사립,대전,,한국폴리텍 IV 대학,"[""2023"",""0000603"",""한국폴리텍 IV 대학"",""사립"",""대전"",""전문대학"",""2,318,047,720"",""2,284,632,002"",""38,812,000"",""60,717,076,615"",""-"",""-"",""-"",""-"",""4,164,000"",""1,216,000"",""1,125,970,000"",""61,920,654,333"",""-"",""""]",2026-08-28T22:20:04.397Z
2023,0000616,전문대학,사립,광주,,한국폴리텍 V 대학,"[""2023"",""0000616"",""한국폴리텍 V 대학"",""사립"",""광주"",""전문대학"",""1,796,974,013"",""1,789,059,922"",""-"",""49,720,545,975"",""-"",""-"",""-"",""60,000,000"",""-"",""1,216,000"",""136,650,000"",""49,926,326,066"",""-"",""""]",2026-08-28T22:20:04.397Z
2023,0000624,전문대학,사립,경북,,한국폴리텍 VI 대학,"[""2023"",""0000624"",""한국폴리텍 VI 대학"",""사립"",""경북"",""전문대학"",""1,481,453,340"",""1,469,015,002"",""89,700,000"",""41,657,495,086"",""-"",""-"",""-"",""63,000,000"",""-"",""1,824,000"",""556,600,000"",""42,381,057,424"",""-"",""""]",2026-08-28T22:20:04.397Z
2023,0003163,전문대학,사립,부산,,한국폴리텍 VII 대학,"[""2023"",""0003163"",""한국폴리텍 VII 대학"",""사립"",""부산"",""전문대학"",""3,450,854,917"",""3,305,098,670"",""-"",""54,944,354,076"",""-"",""-"",""-"",""112,000,000"",""-"",""206,485,330"",""858,819,782"",""56,267,415,435"",""-"",""""]",2026-08-28T22:20:04.397Z
2023,0003104,전문대학,사립,충남,,한국폴리텍 특성화대학,"[""2023"",""0003104"",""한국폴리텍 특성화대학"",""사립"",""충남"",""전문대학"",""1,359,137,780"",""1,313,353,335"",""-"",""42,696,837,582"",""83,800,000"",""-"",""-"",""-"",""1,082,000"",""-"",""371,967,916"",""43,199,471,943"",""-"",""""]",2026-08-28T22:20:04.397Z
2023,0000433,전문대학,사립,충북,,강동대학교,"[""2023"",""0000433"",""강동대학교"",""사립"",""충북"",""전문대학"",""9,559,828,864"",""8,954,058,089"",""-"",""180,111,000"",""-"",""-"",""133,000,000"",""60,000,000"",""15,300,000"",""59,650,000"",""252,393,763"",""1,306,225,538"",""17,720,770,783"",""7.37""]",2026-08-28T22:20:04.397Z
2023,0000548,전문대학,사립,강원,,강원관광대학교,"[""2023"",""0000548"",""강원관광대학교"",""사립"",""강원"",""전문대학"",""550,264,745"",""548,505,500"",""-"",""-"",""-"",""-"",""-"",""-"",""-"",""9,703,500"",""814,344,168"",""825,806,913"",""-"",""""]",2026-08-28T22:20:04.397Z
2023,0000560,전문대학,사립,경기,,경기과학기술대학교,"[""2023"",""0000560"",""경기과학기술대학교"",""사립"",""경기"",""전문대학"",""24,866,276,238"",""9,475,897,914"",""77,904,000"",""410,143,000"",""2,685,000,000"",""-"",""-"",""210,285,000"",""30,000,000"",""18,443,000"",""224,517,999"",""19,046,671,323"",""26,446,618,622"",""72.02""]",2026-08-28T22:20:04.397Z
2023,0000402,전문대학,공립,경남,,경남도립거창대학,"[""2023"",""0000402"",""경남도립거창대학"",""공립"",""경남"",""전문대학"",""10,516,491,867"",""1,486,067,790"",""-"",""200,000,000"",""304,000,000"",""-"",""-"",""22,190,000"",""-"",""-"",""12,770,742,125"",""22,327,356,202"",""2,325,657,890"",""960.04""]",2026-08-28T22:20:04.397Z
2023,0000403,전문대학,공립,경남,,경남도립남해대학,"[""2023"",""0000403"",""경남도립남해대학"",""공립"",""경남"",""전문대학"",""9,214,904,826"",""1,529,627,500"",""-"",""-"",""-"",""-"",""-"",""-"",""9,335,000"",""-"",""10,199,413,292"",""17,894,025,618"",""1,994,302,340"",""897.26""]",2026-08-28T22:20:04.397Z
2023,0000456,전문대학,사립,경북,,경북과학대학교,"[""2023"",""0000456"",""경북과학대학교"",""사립"",""경북"",""전문대학"",""5,474,738,412"",""5,214,218,140"",""-"",""-"",""-"",""-"",""-"",""-"",""2,500,000"",""451,678,500"",""121,000,250"",""835,699,022"",""10,001,238,540"",""8.36""]",2026-08-28T22:20:04.397Z
2023,0000405,전문대학,공립,경북,,경북도립대학교,"[""2023"",""0000405"",""경북도립대학교"",""공립"",""경북"",""전문대학"",""5,641,782,073"",""1,503,393,223"",""-"",""-"",""-"",""-"",""-"",""67,190,000"",""260,835,600"",""-"",""12,838,344,720"",""17,304,759,170"",""1,996,333,520"",""866.83""]",2026-08-28T22:20:04.397Z
2023,0000438,전문대학,사립,경북,,경북보건대학교,"[""2023"",""0000438"",""경북보건대학교"",""사립"",""경북"",""전문대학"",""10,257,549,185"",""3,249,360,300"",""-"",""-"",""-"",""-"",""-"",""-"",""500,000"",""10,755,500"",""706,062,991"",""7,725,507,376"",""7,039,225,910"",""109.75""]",2026-08-28T22:20:04.397Z
2023,0000425,전문대학,사립,대구,,계명문화대학교,"[""2023"",""0000425"",""계명문화대학교"",""사립"",""대구"",""전문대학"",""28,597,956,444"",""13,823,820,936"",""28,728,000"",""391,994,000"",""34,000,000"",""-"",""40,000,000"",""250,990,000"",""9,596,440"",""766,523,000"",""317,736,124"",""16,613,703,072"",""25,192,458,169"",""65.95""]",2026-08-28T22:20:04.397Z
2023,0000426,전문대학,사립,경기,,계원예술대학교,"[""2023"",""0000426"",""계원예술대학교"",""사립"",""경기"",""전문대학"",""14,053,799,495"",""6,484,747,151"",""-"",""170,100,000"",""34,000,000"",""-"",""200,000,000"",""290,000,000"",""12,200,000"",""25,658,880"",""59,596,273"",""8,360,607,497"",""20,462,488,814"",""40.86""]",2026-08-28T22:20:04.397Z
2023,0000430,전문대학,사립,경북,,구미대학교,"[""2023"",""0000430"",""구미대학교"",""사립"",""경북"",""전문대학"",""30,936,425,300"",""17,695,050,880"",""-"",""459,004,000"",""-"",""-"",""25,000,000"",""-"",""18,800,000"",""81,469,000"",""5,729,654,353"",""19,555,301,773"",""30,561,459,830"",""63.99""]",2026-08-28T22:20:04.397Z
2023,0000549,전문대학,사립,경기,,국제대학교,"[""2023"",""0000549"",""국제대학교"",""사립"",""경기"",""전문대학"",""9,253,472,734"",""6,838,455,557"",""-"",""-"",""-"",""-"",""20,000,000"",""-"",""-"",""53,409,500"",""1,658,398,778"",""4,146,825,455"",""15,695,934,105"",""26.42""]",2026-08-28T22:20:04.397Z
2023,0000442,전문대학,사립,경북,,대경대학교,"[""2023"",""0000442"",""대경대학교"",""사립"",""경북"",""전문대학"",""22,326,707,766"",""10,976,590,890"",""41,400,000"",""-"",""-"",""-"",""55,000,000"",""-"",""11,500,000"",""40,187,350"",""125,016,260"",""11,623,220,486"",""21,780,920,258"",""53.36""]",2026-08-28T22:20:04.397Z
2023,0000443,전문대학,사립,대구,,대구공업대학교,"[""2023"",""0000443"",""대구공업대학교"",""사립"",""대구"",""전문대학"",""4,411,770,637"",""3,890,552,990"",""90,000,000"",""-"",""-"",""-"",""-"",""22,190,000"",""-"",""63,927,000"",""2,000,000"",""699,334,647"",""6,847,841,240"",""10.21""]",2026-08-28T22:20:04.397Z
2023,0000446,전문대학,사립,대구,,대구과학대학교,"[""2023"",""0000446"",""대구과학대학교"",""사립"",""대구"",""전문대학"",""29,777,792,616"",""13,266,412,721"",""76,856,000"",""-"",""-"",""-"",""27,000,000"",""-"",""17,600,000"",""248,700,850"",""1,483,557,000"",""18,365,093,745"",""24,168,093,195"",""75.99""]",2026-08-28T22:20:04.397Z
2023,0000546,전문대학,사립,대전,,대덕대학교,"[""2023"",""0000546"",""대덕대학교"",""사립"",""대전"",""전문대학"",""5,331,335,410"",""4,558,354,930"",""-"",""266,369,000"",""-"",""-"",""32,000,000"",""259,020,000"",""4,500,000"",""21,188,500"",""103,028,953"",""1,459,086,933"",""9,149,173,623"",""15.95""]",2026-08-28T22:20:04.397Z
2023,0000447,전문대학,사립,부산,,대동대학교,"[""2023"",""0000447"",""대동대학교"",""사립"",""부산"",""전문대학"",""7,492,084,332"",""3,616,165,517"",""-"",""-"",""-"",""-"",""35,000,000"",""-"",""2,500,000"",""22,864,000"",""130,865,334"",""4,067,148,149"",""8,379,528,067"",""48.54""]",2026-08-28T22:20:04.397Z
2023,0000449,전문대학,사립,충북,,대원대학교,"[""2023"",""0000449"",""대원대학교"",""사립"",""충북"",""전문대학"",""5,800,999,637"",""5,358,383,750"",""30,240,000"",""-"",""-"",""-"",""-"",""56,190,000"",""5,500,000"",""29,252,750"",""701,818,813"",""1,265,617,450"",""10,714,718,754"",""11.81""]",2026-08-28T22:20:04.397Z
2023,0000453,전문대학,사립,대전,,대전과학기술대학교,"[""2023"",""0000453"",""대전과학기술대학교"",""사립"",""대전"",""전문대학"",""19,010,238,940"",""9,189,782,106"",""-"",""-"",""-"",""-"",""40,000,000"",""84,705,000"",""25,598,000"",""32,592,500"",""331,363,525"",""10,334,715,859"",""22,554,340,023"",""45.82""]",2026-08-28T22:20:04.397Z
2023,0000451,전문대학,사립,대전,,대전보건대학교,"[""2023"",""0000451"",""대전보건대학교"",""사립"",""대전"",""전문대학"",""22,438,107,484"",""11,263,646,124"",""30,240,000"",""299,335,000"",""-"",""-"",""-"",""22,190,000"",""13,327,000"",""35,565,450"",""1,228,520,431"",""12,803,639,241"",""24,749,041,156"",""51.73""]",2026-08-28T22:20:04.397Z
2023,0000460,전문대학,사립,광주,,동강대학교,"[""2023"",""0000460"",""동강대학교"",""사립"",""광주"",""전문대학"",""8,950,111,212"",""6,288,545,160"",""30,240,000"",""286,015,000"",""-"",""-"",""44,000,000"",""206,940,000"",""10,402,000"",""49,419,000"",""923,756,449"",""4,212,338,501"",""12,341,741,880"",""34.13""]",2026-08-28T22:20:04.397Z
2023,0000450,전문대학,사립,경기,,동서울대학교,"[""2023"",""0000450"",""동서울대학교"",""사립"",""경기"",""전문대학"",""27,616,127,982"",""13,880,181,345"",""101,855,000"",""1,248,190,000"",""-"",""300,000,000"",""-"",""22,190,000"",""3,500,000"",""192,390,000"",""102,767,953"",""15,706,839,590"",""36,873,809,141"",""42.60""]",2026-08-28T22:20:04.397Z
2023,0000509,전문대학,사립,경남,,동원과학기술대학교,"[""2023"",""0000509"",""동원과학기술대학교"",""사립"",""경남"",""전문대학"",""16,390,528,070"",""5,720,150,766"",""31,344,000"",""929,600,000"",""-"",""-"",""248,000,000"",""70,145,000"",""1,500,000"",""47,725,000"",""502,105,864"",""12,500,797,168"",""12,144,564,299"",""102.93""]",2026-08-28T22:20:04.397Z
2023,0000466,전문대학,사립,부산,,동의과학대학교,"[""2023"",""0000466"",""동의과학대학교"",""사립"",""부산"",""전문대학"",""24,254,312,129"",""10,586,359,930"",""30,240,000"",""545,967,000"",""-"",""-"",""47,000,000"",""717,402,000"",""2,000,000"",""68,902,000"",""805,587,900"",""15,885,051,099"",""22,459,331,334"",""70.73""]",2026-08-28T22:20:04.397Z
2023,0000469,전문대학,사립,경기,,두원공과대학교,"[""2023"",""0000469"",""두원공과대학교"",""사립"",""경기"",""전문대학"",""7,184,279,242"",""4,890,167,530"",""-"",""186,095,000"",""150,000,000"",""-"",""-"",""620,973,000"",""3,500,000"",""24,624,250"",""24,728,771"",""3,304,032,733"",""14,108,210,386"",""23.42""]",2026-08-28T22:20:04.397Z
2023,0000475,전문대학,사립,경북,,문경대학교,"[""2023"",""0000475"",""문경대학교"",""사립"",""경북"",""전문대학"",""9,891,603,233"",""2,228,028,234"",""-"",""-"",""-"",""-"",""-"",""-"",""-"",""13,055,580"",""1,813,343,000"",""9,489,973,579"",""4,413,044,058"",""215.04""]",2026-08-28T22:20:04.397Z
2023,0000543,전문대학,사립,충남,,백석문화대학교,"[""2023"",""0000543"",""백석문화대학교"",""사립"",""충남"",""전문대학"",""19,056,401,875"",""10,747,334,910"",""30,320,000"",""240,000,000"",""-"",""-"",""22,000,000"",""127,190,000"",""500,000"",""53,108,500"",""50,889,208"",""8,833,074,673"",""28,219,927,820"",""31.30""]",2026-08-28T22:20:04.397Z
2023,0000477,전문대학,사립,전북,,백제예술대학교,"[""2023"",""0000477"",""백제예술대학교"",""사립"",""전북"",""전문대학"",""2,275,074,752"",""2,202,162,133"",""-"",""-"",""-"",""-"",""-"",""-"",""1,000,000"",""17,872,000"",""7,072,349"",""98,856,968"",""5,993,840,084"",""1.65""]",2026-08-28T22:20:04.397Z
2023,0000479,전문대학,사립,부산,,부산경상대학교,"[""2023"",""0000479"",""부산경상대학교"",""사립"",""부산"",""전문대학"",""19,328,838,826"",""6,231,388,189"",""-"",""342,143,000"",""-"",""-"",""-"",""230,000,000"",""-"",""39,009,500"",""636,144,000"",""14,344,747,137"",""10,381,278,557"",""138.18""]",2026-08-28T22:20:04.397Z
2023,0000481,전문대학,사립,부산,,부산과학기술대학교,"[""2023"",""0000481"",""부산과학기술대학교"",""사립"",""부산"",""전문대학"",""23,586,556,552"",""9,721,279,204"",""-"",""301,435,000"",""-"",""-"",""-"",""398,800,000"",""-"",""93,832,260"",""443,443,303"",""15,102,787,911"",""18,530,722,729"",""81.50""]",2026-08-28T22:20:04.397Z
2023,0000480,전문대학,사립,부산,,부산여자대학교,"[""2023"",""0000480"",""부산여자대학교"",""사립"",""부산"",""전문대학"",""12,209,017,582"",""5,695,957,069"",""-"",""200,000,000"",""-"",""-"",""-"",""-"",""15,808,000"",""31,460,000"",""164,604,000"",""6,924,932,513"",""10,914,340,389"",""63.45""]",2026-08-28T22:20:04.397Z
2023,0000561,전문대학,사립,부산,,부산예술대학교,"[""2023"",""0000561"",""부산예술대학교"",""사립"",""부산"",""전문대학"",""2,310,749,374"",""2,107,371,327"",""-"",""-"",""-"",""-"",""-"",""-"",""-"",""38,968,000"",""103,065,290"",""345,411,337"",""3,377,087,624"",""10.23""]",2026-08-28T22:20:04.397Z
2023,0000482,전문대학,사립,경기,,부천대학교,"[""2023"",""0000482"",""부천대학교"",""사립"",""경기"",""전문대학"",""32,775,431,759"",""20,104,771,108"",""151,149,000"",""1,087,462,000"",""-"",""-"",""-"",""-"",""-"",""62,787,080"",""5,663,201,121"",""19,635,259,852"",""44,216,270,120"",""44.41""]",2026-08-28T22:20:04.397Z
2023,0000490,전문대학,사립,서울,,서일대학교,"[""2023"",""0000490"",""서일대학교"",""사립"",""서울"",""전문대학"",""22,752,819,511"",""14,327,080,223"",""364,317,000"",""550,050,000"",""-"",""-"",""-"",""-"",""-"",""95,358,000"",""775,396,392"",""10,210,860,680"",""33,627,822,924"",""30.36""]",2026-08-28T22:20:04.397Z
2023,0000515,전문대학,사립,강원,,세경대학교,"[""2023"",""0000515"",""세경대학교"",""사립"",""강원"",""전문대학"",""8,495,728,320"",""2,320,870,090"",""-"",""-"",""-"",""-"",""40,000,000"",""80,000,000"",""-"",""31,197,830"",""440,070,000"",""6,766,126,060"",""4,001,107,580"",""169.11""]",2026-08-28T22:20:04.397Z
2023,0000567,전문대학,사립,강원,,송곡대학교,"[""2023"",""0000567"",""송곡대학교"",""사립"",""강원"",""전문대학"",""5,912,363,455"",""1,477,281,867"",""-"",""-"",""-"",""-"",""-"",""-"",""-"",""2,182,500"",""248,150,000"",""4,685,414,088"",""4,306,988,104"",""108.79""]",2026-08-28T22:20:04.397Z
2023,0000564,전문대학,사립,강원,,송호대학교,"[""2023"",""0000564"",""송호대학교"",""사립"",""강원"",""전문대학"",""2,425,978,929"",""2,205,609,510"",""-"",""-"",""-"",""-"",""22,000,000"",""-"",""11,300,000"",""12,054,910"",""617,719,248"",""883,443,577"",""4,549,566,115"",""19.42""]",2026-08-28T22:20:04.397Z
2023,0000496,전문대학,사립,경기,,수원여자대학교,"[""2023"",""0000496"",""수원여자대학교"",""사립"",""경기"",""전문대학"",""14,273,682,442"",""8,546,762,701"",""31,500,000"",""-"",""-"",""-"",""-"",""-"",""-"",""95,262,330"",""65,157,737"",""5,918,839,808"",""24,304,677,562"",""24.35""]",2026-08-28T22:20:04.397Z
2023,0000498,전문대학,사립,전남,,순천제일대학교,"[""2023"",""0000498"",""순천제일대학교"",""사립"",""전남"",""전문대학"",""17,729,569,160"",""6,468,708,138"",""-"",""200,000,000"",""-"",""-"",""-"",""-"",""39,500,000"",""36,616,500"",""1,278,089,500"",""12,815,067,022"",""12,660,707,014"",""101.22""]",2026-08-28T22:20:04.397Z
2023,0000500,전문대학,사립,서울,,숭의여자대학교,"[""2023"",""0000500"",""숭의여자대학교"",""사립"",""서울"",""전문대학"",""7,956,791,832"",""7,439,572,312"",""7,500,000"",""-"",""-"",""-"",""-"",""-"",""-"",""24,082,200"",""11,990,496"",""560,792,216"",""17,353,731,059"",""3.23""]",2026-08-28T22:20:04.397Z
2023,0000501,전문대학,사립,경기,,신구대학교,"[""2023"",""0000501"",""신구대학교"",""사립"",""경기"",""전문대학"",""23,109,166,023"",""15,171,946,170"",""-"",""-"",""-"",""-"",""123,692,500"",""22,190,000"",""26,428,000"",""218,051,000"",""1,713,543,446"",""10,041,124,799"",""39,404,084,130"",""25.48""]",2026-08-28T22:20:04.397Z
2023,0000506,전문대학,사립,경기,,신안산대학교,"[""2023"",""0000506"",""신안산대학교"",""사립"",""경기"",""전문대학"",""6,174,187,500"",""5,961,147,080"",""82,800,000"",""204,551,000"",""23,306,250"",""-"",""-"",""-"",""-"",""22,608,700"",""2,091,483"",""548,397,853"",""13,760,718,886"",""3.99""]",2026-08-28T22:20:04.397Z
2023,0000454,전문대학,사립,충남,,아주자동차대학교,"[""2023"",""0000454"",""아주자동차대학교"",""사립"",""충남"",""전문대학"",""6,498,978,870"",""1,093,481,705"",""30,240,000"",""-"",""-"",""-"",""-"",""-"",""-"",""6,573,000"",""327,012,297"",""5,769,322,462"",""5,215,290,190"",""110.62""]",2026-08-28T22:20:04.397Z
2023,0000510,전문대학,사립,경기,,여주대학교,"[""2023"",""0000510"",""여주대학교"",""사립"",""경기"",""전문대학"",""15,369,181,885"",""9,068,726,953"",""110,160,000"",""-"",""-"",""-"",""35,000,000"",""22,190,000"",""15,053,000"",""52,946,500"",""2,205,823,750"",""8,741,628,182"",""23,481,194,329"",""37.23""]",2026-08-28T22:20:04.397Z
2023,0000512,전문대학,사립,충남,,연암대학교,"[""2023"",""0000512"",""연암대학교"",""사립"",""충남"",""전문대학"",""18,647,624,585"",""2,618,297,200"",""-"",""-"",""-"",""-"",""-"",""-"",""2,793,723,010"",""44,479,160"",""191,819,241"",""19,059,348,796"",""6,880,528,650"",""277.00""]",2026-08-28T22:20:04.397Z
2023,0000418,전문대학,사립,경북,,영남외국어대학,"[""2023"",""0000418"",""영남외국어대학"",""사립"",""경북"",""전문대학"",""946,678,143"",""885,439,500"",""-"",""-"",""-"",""-"",""-"",""-"",""-"",""15,690,000"",""2,000,000"",""78,928,643"",""2,253,635,500"",""3.50""]",2026-08-28T22:20:04.397Z
2023,0000513,전문대학,사립,대구,,영남이공대학교,"[""2023"",""0000513"",""영남이공대학교"",""사립"",""대구"",""전문대학"",""31,133,268,550"",""15,419,580,903"",""80,708,000"",""520,500,000"",""380,000,000"",""-"",""-"",""696,292,000"",""3,000,000"",""48,586,750"",""698,136,900"",""18,140,911,297"",""33,538,682,911"",""54.09""]",2026-08-28T22:20:04.397Z
2023,0000517,전문대학,사립,대구,,영진전문대학교,"[""2023"",""0000517"",""영진전문대학교"",""사립"",""대구"",""전문대학"",""39,225,486,957"",""18,434,725,090"",""-"",""1,406,259,000"",""-"",""-"",""80,000,000"",""320,000,000"",""6,000,000"",""119,839,500"",""943,905,275"",""23,666,765,642"",""39,945,859,810"",""59.25""]",2026-08-28T22:20:04.397Z
2023,0000524,전문대학,사립,경기,,유한대학교,"[""2023"",""0000524"",""유한대학교"",""사립"",""경기"",""전문대학"",""23,683,554,531"",""11,272,086,122"",""85,563,000"",""357,635,000"",""-"",""-"",""-"",""160,000,000"",""-"",""26,177,250"",""295,539,865"",""13,336,383,524"",""25,488,868,164"",""52.32""]",2026-08-28T22:20:04.397Z
2023,0000525,전문대학,사립,서울,,인덕대학교,"[""2023"",""0000525"",""인덕대학교"",""사립"",""서울"",""전문대학"",""23,326,930,003"",""14,289,984,868"",""91,786,000"",""1,440,505,000"",""164,000,000"",""-"",""-"",""227,190,000"",""5,454,000"",""145,548,000"",""1,913,966,436"",""13,025,394,571"",""36,674,558,810"",""35.52""]",2026-08-28T22:20:04.397Z
2023,0000455,전문대학,사립,인천,,재능대학교,"[""2023"",""0000455"",""재능대학교"",""사립"",""인천"",""전문대학"",""18,368,265,774"",""8,026,118,103"",""214,300,000"",""502,260,000"",""-"",""-"",""-"",""-"",""-"",""85,068,000"",""331,052,732"",""11,474,828,403"",""16,563,776,227"",""69.28""]",2026-08-28T22:20:04.397Z
2023,0000527,전문대학,사립,경기,,장안대학교,"[""2023"",""0000527"",""장안대학교"",""사립"",""경기"",""전문대학"",""3,708,136,430"",""3,363,381,130"",""-"",""367,928,000"",""-"",""-"",""-"",""-"",""-"",""101,702,000"",""96,685,929"",""911,071,229"",""14,526,505,010"",""6.27""]",2026-08-28T22:20:04.397Z
2023,0000529,전문대학,사립,전남,,전남과학대학교,"[""2023"",""0000529"",""전남과학대학교"",""사립"",""전남"",""전문대학"",""24,759,444,288"",""10,317,979,850"",""-"",""-"",""-"",""-"",""348,000,000"",""-"",""6,500,000"",""64,490,840"",""452,498,197"",""15,312,953,475"",""15,651,680,860"",""97.84""]",2026-08-28T22:20:04.397Z
2023,0000562,전문대학,공립,전남,,전남도립대학교,"[""2023"",""0000562"",""전남도립대학교"",""공립"",""전남"",""전문대학"",""2,563,026,316"",""1,303,801,000"",""-"",""195,167,000"",""35,000,000"",""-"",""-"",""-"",""3,996,000"",""-"",""6,448,925,000"",""7,942,313,316"",""1,810,685,680"",""438.64""]",2026-08-28T22:20:04.397Z
2023,0000531,전문대학,사립,전북,,전북과학대학교,"[""2023"",""0000531"",""전북과학대학교"",""사립"",""전북"",""전문대학"",""13,053,357,732"",""5,034,120,668"",""-"",""-"",""-"",""-"",""-"",""22,190,000"",""10,134,000"",""51,907,910"",""300,170,541"",""8,403,639,515"",""8,431,708,282"",""99.67""]",2026-08-28T22:20:04.397Z
2023,0000530,전문대학,사립,전북,,전주비전대학교,"[""2023"",""0000530"",""전주비전대학교"",""사립"",""전북"",""전문대학"",""19,954,925,227"",""8,740,913,217"",""-"",""272,372,000"",""-"",""-"",""22,000,000"",""203,405,000"",""26,560,000"",""225,734,000"",""433,045,418"",""12,397,128,428"",""18,103,998,187"",""68.48""]",2026-08-28T22:20:04.397Z
2023,0000532,전문대학,사립,제주,,제주관광대학교,"[""2023"",""0000532"",""제주관광대학교"",""사립"",""제주"",""전문대학"",""10,516,857,542"",""4,114,139,586"",""-"",""125,664,000"",""-"",""-"",""-"",""271,030,000"",""-"",""17,290,500"",""966,084,296"",""7,782,786,752"",""6,598,541,822"",""117.95""]",2026-08-28T22:20:04.397Z
2023,0000534,전문대학,사립,광주,,조선이공대학교,"[""2023"",""0000534"",""조선이공대학교"",""사립"",""광주"",""전문대학"",""23,928,539,084"",""7,165,811,500"",""63,400,000"",""-"",""292,000,000"",""-"",""80,000,000"",""220,060,000"",""-"",""42,375,000"",""302,500,000"",""17,763,062,584"",""15,189,197,324"",""116.95""]",2026-08-28T22:20:04.397Z
2023,0000406,전문대학,공립,충북,,충북도립대학교,"[""2023"",""0000406"",""충북도립대학교"",""공립"",""충북"",""전문대학"",""8,172,025,909"",""1,001,128,494"",""30,240,000"",""-"",""-"",""-"",""-"",""60,000,000"",""-"",""74,840,442"",""11,732,021,552"",""19,067,999,409"",""1,305,260,800"",""1,460.86""]",2026-08-28T22:20:04.397Z
2023,0000536,전문대학,사립,충북,,충북보건과학대학교,"[""2023"",""0000536"",""충북보건과학대학교"",""사립"",""충북"",""전문대학"",""14,269,107,199"",""5,486,049,353"",""-"",""403,202,000"",""150,000,000"",""-"",""66,000,000"",""40,190,000"",""-"",""17,812,750"",""107,660,744"",""9,567,923,340"",""12,846,972,050"",""74.48""]",2026-08-28T22:20:04.397Z
2023,0000547,전문대학,사립,충북,,충청대학교,"[""2023"",""0000547"",""충청대학교"",""사립"",""충북"",""전문대학"",""15,878,589,824"",""7,475,964,050"",""15,750,000"",""-"",""-"",""-"",""-"",""176,035,000"",""9,500,000"",""37,021,500"",""385,417,500"",""9,026,349,774"",""17,727,903,146"",""50.92""]",2026-08-28T22:20:04.397Z
2023,0000565,전문대학,사립,경기,,한국관광대학교,"[""2023"",""0000565"",""한국관광대학교"",""사립"",""경기"",""전문대학"",""5,787,881,594"",""3,212,104,011"",""-"",""-"",""-"",""-"",""80,000,000"",""-"",""-"",""7,119,360"",""11,810,177"",""2,674,707,120"",""7,228,301,475"",""37.00""]",2026-08-28T22:20:04.397Z
2023,0000570,전문대학,사립,경남,,한국승강기대학교,"[""2023"",""0000570"",""한국승강기대학교"",""사립"",""경남"",""전문대학"",""7,429,359,067"",""1,423,087,364"",""-"",""-"",""257,000,000"",""-"",""-"",""121,940,000"",""11,746,000"",""26,140,300"",""5,073,861,500"",""11,496,959,503"",""3,675,162,614"",""312.83""]",2026-08-28T22:20:04.397Z
2023,0000522,전문대학,사립,세종,,한국영상대학교,"[""2023"",""0000522"",""한국영상대학교"",""사립"",""세종"",""전문대학"",""20,551,939,407"",""8,262,177,717"",""-"",""-"",""-"",""-"",""152,650,000"",""-"",""1,500,000"",""19,662,000"",""264,921,056"",""12,728,494,746"",""17,583,169,162"",""72.39""]",2026-08-28T22:20:04.397Z
2023,0000554,전문대학,사립,서울,,한양여자대학교,"[""2023"",""0000554"",""한양여자대학교"",""사립"",""서울"",""전문대학"",""29,806,893,201"",""16,237,099,555"",""64,962,000"",""930,134,000"",""-"",""-"",""-"",""-"",""35,522,000"",""26,098,830"",""969,121,851"",""15,595,632,327"",""40,417,111,994"",""38.59""]",2026-08-28T22:20:04.397Z
2023,0000555,전문대학,사립,전남,,한영대학교,"[""2023"",""0000555"",""한영대학교"",""사립"",""전남"",""전문대학"",""8,350,076,713"",""3,180,168,400"",""-"",""-"",""-"",""-"",""-"",""-"",""-"",""1,039,983,500"",""685,000,000"",""6,894,891,813"",""8,038,710,020"",""85.77""]",2026-08-28T22:20:04.397Z
2023,0000415,전문대학,사립,경북,,호산대학교,"[""2023"",""0000415"",""호산대학교"",""사립"",""경북"",""전문대학"",""11,326,482,319"",""4,782,425,950"",""-"",""200,000,000"",""-"",""-"",""-"",""-"",""-"",""47,526,460"",""85,397,000"",""6,876,979,829"",""11,434,728,640"",""60.14""]",2026-08-28T22:20:04.397Z
2023,0000410,전문대학,사립,경북,,가톨릭상지대학교,"[""2023"",""0000410"",""가톨릭상지대학교"",""사립"",""경북"",""전문대학"",""12,462,931,743"",""4,619,481,283"",""-"",""174,000,000"",""-"",""-"",""-"",""102,000,000"",""22,108,000"",""33,996,500"",""282,113,591"",""8,457,668,551"",""10,169,314,432"",""83.17""]",2026-08-28T22:20:04.397Z
2023,0000514,전문대학,사립,강원,,강릉영동대학교,"[""2023"",""0000514"",""강릉영동대학교"",""사립"",""강원"",""전문대학"",""9,029,058,294"",""5,922,195,834"",""74,297,270"",""-"",""-"",""-"",""50,000,000"",""-"",""1,500,000"",""55,531,500"",""1,098,169,974"",""4,386,361,204"",""13,847,792,710"",""31.68""]",2026-08-28T22:20:04.397Z
2023,0002639,전문대학,공립,강원,,강원도립대학교,"[""2023"",""0002639"",""강원도립대학교"",""공립"",""강원"",""전문대학"",""8,401,450,515"",""920,385,660"",""-"",""-"",""-"",""-"",""28,000,000"",""465,790,000"",""4,444,000"",""430,000,000"",""14,755,004,000"",""23,164,302,855"",""1,165,882,820"",""1,986.85""]",2026-08-28T22:20:04.397Z
2023,0000412,전문대학,사립,경남,,거제대학교,"[""2023"",""0000412"",""거제대학교"",""사립"",""경남"",""전문대학"",""9,335,574,157"",""2,599,069,480"",""71,640,000"",""378,260,000"",""150,000,000"",""-"",""-"",""-"",""-"",""15,792,000"",""485,575,862"",""7,837,772,539"",""6,073,951,010"",""129.04""]",2026-08-28T22:20:04.397Z
2023,0002640,전문대학,사립,부산,,경남정보대학교,"[""2023"",""0002640"",""경남정보대학교"",""사립"",""부산"",""전문대학"",""35,695,235,351"",""17,190,675,202"",""-"",""277,794,000"",""150,000,000"",""-"",""35,000,000"",""590,000,000"",""24,502,000"",""60,361,690"",""668,348,415"",""20,310,566,254"",""31,918,695,793"",""63.63""]",2026-08-28T22:20:04.397Z
2023,0000416,전문대학,사립,경기,,경민대학교,"[""2023"",""0000416"",""경민대학교"",""사립"",""경기"",""전문대학"",""25,185,666,063"",""11,292,112,250"",""30,240,000"",""-"",""-"",""-"",""-"",""-"",""-"",""37,376,800"",""207,546,680"",""14,168,717,293"",""24,658,948,320"",""57.46""]",2026-08-28T22:20:04.397Z
2023,0002641,전문대학,사립,경기,,경복대학교,"[""2023"",""0002641"",""경복대학교"",""사립"",""경기"",""전문대학"",""28,994,981,189"",""16,985,288,826"",""61,740,000"",""-"",""-"",""-"",""-"",""22,190,000"",""4,000,000"",""70,429,000"",""815,480,432"",""12,983,531,795"",""38,343,805,020"",""33.86""]",2026-08-28T22:20:04.397Z
2023,0002642,전문대학,사립,경북,,경북전문대학교,"[""2023"",""0002642"",""경북전문대학교"",""사립"",""경북"",""전문대학"",""18,473,595,427"",""7,927,766,330"",""-"",""182,520,000"",""-"",""-"",""50,000,000"",""60,000,000"",""6,100,000"",""33,052,000"",""1,706,972,889"",""12,584,473,986"",""14,203,910,194"",""88.60""]",2026-08-28T22:20:04.397Z
2023,0000422,전문대학,사립,인천,,경인여자대학교,"[""2023"",""0000422"",""경인여자대학교"",""사립"",""인천"",""전문대학"",""15,895,756,377"",""9,881,367,122"",""85,523,000"",""154,206,000"",""-"",""-"",""-"",""-"",""3,208,000"",""22,608,500"",""2,610,362,182"",""8,890,296,937"",""23,152,328,231"",""38.40""]",2026-08-28T22:20:04.397Z
2023,0000435,전문대학,사립,전남,,나주대학교,"[""2023"",""0000435"",""나주대학교"",""사립"",""전남"",""전문대학"",""220,090,948"",""134,842,500"",""-"",""-"",""-"",""-"",""-"",""-"",""-"",""22,048,500"",""1,912,148,000"",""2,019,444,948"",""5,168,944,500"",""39.07""]",2026-08-28T22:20:04.397Z
2023,0000428,전문대학,사립,전남,,광양보건대학교,"[""2023"",""0000428"",""광양보건대학교"",""사립"",""전남"",""전문대학"",""498,515"","""",""-"",""-"",""-"",""-"",""-"",""-"",""-"",""-"",""-"",""498,515"",""662,680,000"",""0.08""]",2026-08-28T22:20:04.397Z
2023,0000429,전문대학,사립,광주,,광주보건대학교,"[""2023"",""0000429"",""광주보건대학교"",""사립"",""광주"",""전문대학"",""19,992,590,770"",""9,259,500,144"",""-"",""-"",""163,570,000"",""-"",""-"",""-"",""5,094,000"",""19,609,330"",""594,222,853"",""11,515,586,809"",""17,764,662,535"",""64.82""]",2026-08-28T22:20:04.397Z
2023,0000432,전문대학,사립,전북,,군장대학교,"[""2023"",""0000432"",""군장대학교"",""사립"",""전북"",""전문대학"",""13,033,550,651"",""4,322,681,917"",""-"",""196,000,000"",""-"",""-"",""35,000,000"",""-"",""7,100,000"",""78,525,750"",""1,385,527,534"",""10,413,022,018"",""8,630,936,832"",""120.65""]",2026-08-28T22:20:04.397Z
2023,0000440,전문대학,사립,경기,,김포대학교,"[""2023"",""0000440"",""김포대학교"",""사립"",""경기"",""전문대학"",""2,428,982,485"",""2,312,067,050"",""-"",""-"",""-"",""-"",""-"",""-"",""-"",""13,402,590"",""1,371,008,259"",""1,501,326,284"",""9,772,804,290"",""15.36""]",2026-08-28T22:20:04.397Z
2023,0000569,전문대학,사립,경남,,김해대학교,"[""2023"",""0000569"",""김해대학교"",""사립"",""경남"",""전문대학"",""12,686,846,250"",""4,138,083,666"",""-"",""-"",""-"",""-"",""29,000,000"",""-"",""-"",""19,947,000"",""6,439,552"",""8,604,149,136"",""8,346,900,835"",""103.08""]",2026-08-28T22:20:04.397Z
2023,0000441,전문대학,사립,경기,,농협대학교,"[""2023"",""0000441"",""농협대학교"",""사립"",""경기"",""전문대학"",""4,239,075,117"",""385,111,820"",""26,000,000"",""-"",""-"",""-"",""-"",""-"",""-"",""2,444,000"",""66,049,200"",""3,948,456,497"",""1,816,450,660"",""217.37""]",2026-08-28T22:20:04.397Z
2023,0000444,전문대학,사립,대구,,대구보건대학교,"[""2023"",""0000444"",""대구보건대학교"",""사립"",""대구"",""전문대학"",""36,995,082,727"",""18,271,442,367"",""-"",""229,200,000"",""290,000,000"",""-"",""23,000,000"",""713,257,000"",""18,959,000"",""74,618,750"",""847,894,572"",""20,920,569,682"",""39,977,992,864"",""52.33""]",2026-08-28T22:20:04.397Z
2023,0000448,전문대학,사립,경기,,대림대학교,"[""2023"",""0000448"",""대림대학교"",""사립"",""경기"",""전문대학"",""30,994,879,857"",""16,330,685,880"",""132,017,000"",""727,375,000"",""-"",""-"",""-"",""-"",""23,662,000"",""50,096,800"",""5,264,882,365"",""20,862,227,142"",""44,615,760,966"",""46.76""]",2026-08-28T22:20:04.397Z
2023,0000457,전문대학,사립,경기,,동남보건대학교,"[""2023"",""0000457"",""동남보건대학교"",""사립"",""경기"",""전문대학"",""17,107,259,111"",""9,954,959,000"",""-"",""809,243,000"",""-"",""-"",""-"",""-"",""-"",""14,972,600"",""3,162,022,714"",""11,138,538,425"",""29,681,542,067"",""37.53""]",2026-08-28T22:20:04.397Z
2023,0000461,전문대학,사립,경기,,동아방송예술대학교,"[""2023"",""0000461"",""동아방송예술대학교"",""사립"",""경기"",""전문대학"",""15,432,326,923"",""8,001,799,430"",""-"",""-"",""-"",""-"",""155,000,000"",""-"",""25,000,000"",""34,553,000"",""47,532,817"",""7,692,613,310"",""22,053,852,324"",""34.88""]",2026-08-28T22:20:04.397Z
2023,0000462,전문대학,사립,전남,,동아보건대학교,"[""2023"",""0000462"",""동아보건대학교"",""사립"",""전남"",""전문대학"",""4,959,149,385"",""3,112,959,812"",""-"",""-"",""-"",""-"",""-"",""-"",""2,500,000"",""18,989,110"",""25,134,169"",""1,892,812,852"",""4,966,745,159"",""38.11""]",2026-08-28T22:20:04.397Z
2023,0000463,전문대학,사립,서울,,동양미래대학교,"[""2023"",""0000463"",""동양미래대학교"",""사립"",""서울"",""전문대학"",""29,564,508,098"",""14,213,137,551"",""164,828,000"",""342,946,000"",""150,000,000"",""-"",""-"",""-"",""3,320,000"",""78,835,000"",""203,549,985"",""16,294,849,532"",""36,584,576,719"",""44.54""]",2026-08-28T22:20:04.397Z
2023,0000465,전문대학,사립,경기,,동원대학교,"[""2023"",""0000465"",""동원대학교"",""사립"",""경기"",""전문대학"",""11,784,062,106"",""6,711,581,993"",""36,640,000"",""221,830,000"",""-"",""-"",""37,000,000"",""-"",""5,541,000"",""51,264,000"",""1,045,671,083"",""6,470,426,196"",""15,627,549,990"",""41.40""]",2026-08-28T22:20:04.397Z
2023,0000467,전문대학,사립,부산,,부산보건대학교,"[""2023"",""0000467"",""부산보건대학교"",""사립"",""부산"",""전문대학"",""16,571,729,698"",""7,026,715,185"",""-"",""-"",""-"",""-"",""-"",""-"",""6,000,000"",""32,886,750"",""167,533,246"",""9,751,434,509"",""13,458,023,045"",""72.46""]",2026-08-28T22:20:04.397Z
2023,0000470,전문대학,사립,경남,,마산대학교,"[""2023"",""0000470"",""마산대학교"",""사립"",""경남"",""전문대학"",""23,464,777,706"",""14,468,323,630"",""-"",""-"",""-"",""-"",""1,146,000,000"",""125,000,000"",""21,880,000"",""38,139,160"",""565,869,915"",""10,893,343,151"",""29,619,104,830"",""36.78""]",2026-08-28T22:20:04.397Z
2023,0000473,전문대학,사립,서울,,명지전문대학,"[""2023"",""0000473"",""명지전문대학"",""사립"",""서울"",""전문대학"",""30,885,430,636"",""15,791,732,786"",""152,830,000"",""-"",""150,000,000"",""20,000,000"",""-"",""-"",""-"",""79,768,330"",""35,935,351"",""15,532,231,531"",""40,225,315,588"",""38.61""]",2026-08-28T22:20:04.397Z
2023,0000474,전문대학,사립,전남,,목포과학대학교,"[""2023"",""0000474"",""목포과학대학교"",""사립"",""전남"",""전문대학"",""18,445,204,483"",""7,818,955,075"",""-"",""-"",""-"",""-"",""60,000,000"",""-"",""-"",""69,579,250"",""548,860,406"",""11,304,689,064"",""13,050,805,435"",""86.62""]",2026-08-28T22:20:04.397Z
2023,0000476,전문대학,사립,서울,,배화여자대학교,"[""2023"",""0000476"",""배화여자대학교"",""사립"",""서울"",""전문대학"",""14,331,367,408"",""5,907,291,510"",""47,610,000"",""410,004,000"",""-"",""-"",""-"",""492,667,000"",""-"",""226,720,000"",""327,902,083"",""9,928,978,981"",""15,031,611,970"",""66.05""]",2026-08-28T22:20:04.397Z
2023,0000483,전문대학,사립,서울,,삼육보건대학교,"[""2023"",""0000483"",""삼육보건대학교"",""사립"",""서울"",""전문대학"",""8,087,507,050"",""2,439,484,121"",""30,240,000"",""261,136,000"",""-"",""-"",""-"",""-"",""-"",""30,000,000"",""27,039,000"",""5,996,437,929"",""7,009,952,030"",""85.54""]",2026-08-28T22:20:04.397Z
2023,0000065,대학,사립,경북,,신경주대학교,"[""2023"",""0000065"",""신경주대학교"",""사립"",""경북"",""대학"",""1,943,283,174"",""184,580,000"",""-"",""168,080,776"",""-"",""-"",""-"",""-"",""122,317,000"",""6,219,000"",""34,242,055"",""2,089,562,005"",""5,359,488,520"",""38.99""]",2026-08-28T22:20:04.397Z
2023,0002646,전문대학,사립,광주,,서영대학교,"[""2023"",""0002646"",""서영대학교"",""사립"",""광주"",""전문대학"",""23,747,105,786"",""14,781,447,023"",""41,400,000"",""107,969,000"",""-"",""-"",""-"",""-"",""-"",""85,207,540"",""1,538,331,105"",""10,738,566,408"",""26,365,278,752"",""40.73""]",2026-08-28T22:20:04.397Z
2023,0000489,전문대학,사립,경기,,서울예술대학교,"[""2023"",""0000489"",""서울예술대학교"",""사립"",""경기"",""전문대학"",""13,341,860,811"",""6,982,055,067"",""-"",""-"",""-"",""-"",""910,000,000"",""270,000,000"",""7,000,000"",""29,130,000"",""35,858,901"",""7,611,794,645"",""25,528,610,994"",""29.82""]",2026-08-28T22:20:04.397Z
2023,0000566,전문대학,사립,경기,,서정대학교,"[""2023"",""0000566"",""서정대학교"",""사립"",""경기"",""전문대학"",""30,556,116,736"",""16,213,999,235"",""-"",""257,011,000"",""-"",""-"",""-"",""279,767,000"",""6,000,000"",""161,638,060"",""2,425,020,000"",""17,471,553,561"",""44,961,683,510"",""38.86""]",2026-08-28T22:20:04.397Z
2023,0000550,전문대학,사립,경북,,선린대학교,"[""2023"",""0000550"",""선린대학교"",""사립"",""경북"",""전문대학"",""11,967,707,622"",""5,141,572,303"",""30,240,000"",""-"",""-"",""-"",""-"",""-"",""5,000,000"",""20,258,500"",""390,034,935"",""7,271,668,754"",""10,915,106,512"",""66.62""]",2026-08-28T22:20:04.397Z
2023,0002647,전문대학,사립,경북,,성운대학교,"[""2023"",""0002647"",""성운대학교"",""사립"",""경북"",""전문대학"",""11,559,651,549"",""5,232,405,000"",""30,240,000"",""-"",""-"",""-"",""-"",""-"",""121,499,000"",""75,340,500"",""253,117,000"",""6,807,443,049"",""7,510,467,500"",""90.64""]",2026-08-28T22:20:04.397Z
2023,0002649,전문대학,사립,대구,,수성대학교,"[""2023"",""0002649"",""수성대학교"",""사립"",""대구"",""전문대학"",""12,141,971,454"",""10,152,214,040"",""-"",""262,630,000"",""-"",""-"",""-"",""22,190,000"",""26,585,000"",""92,474,000"",""855,731,000"",""3,249,367,414"",""18,613,056,960"",""17.46""]",2026-08-28T22:20:04.397Z
2023,0000497,전문대학,사립,경기,,수원과학대학교,"[""2023"",""0000497"",""수원과학대학교"",""사립"",""경기"",""전문대학"",""6,689,341,809"",""6,515,387,518"",""44,278,000"",""-"",""-"",""-"",""-"",""-"",""28,782,000"",""15,740,500"",""49,641,731"",""312,396,522"",""17,860,575,708"",""1.75""]",2026-08-28T22:20:04.397Z
2023,0000502,전문대학,사립,충남,,신성대학교,"[""2023"",""0000502"",""신성대학교"",""사립"",""충남"",""전문대학"",""15,673,594,469"",""7,061,752,503"",""30,240,000"",""163,229,000"",""150,000,000"",""-"",""60,000,000"",""-"",""7,340,000"",""70,267,100"",""186,334,380"",""9,279,252,446"",""17,316,206,850"",""53.59""]",2026-08-28T22:20:04.397Z
2023,0002650,전문대학,사립,경북,,안동과학대학교,"[""2023"",""0002650"",""안동과학대학교"",""사립"",""경북"",""전문대학"",""14,149,782,305"",""5,503,654,162"",""30,240,000"",""170,100,000"",""-"",""-"",""59,000,000"",""-"",""1,000,000"",""22,911,000"",""636,397,427"",""9,565,776,570"",""12,125,437,416"",""78.89""]",2026-08-28T22:20:04.397Z
2023,0000507,전문대학,사립,경기,,안산대학교,"[""2023"",""0000507"",""안산대학교"",""사립"",""경기"",""전문대학"",""20,153,108,166"",""11,415,214,491"",""15,750,000"",""253,193,000"",""-"",""-"",""-"",""22,190,000"",""-"",""20,506,000"",""563,059,417"",""9,612,592,092"",""25,387,297,087"",""37.86""]",2026-08-28T22:20:04.397Z
2023,0002651,전문대학,사립,경기,,연성대학교,"[""2023"",""0002651"",""연성대학교"",""사립"",""경기"",""전문대학"",""26,167,424,502"",""14,181,226,804"",""60,480,000"",""316,415,000"",""-"",""-"",""-"",""22,190,000"",""20,480,000"",""30,833,000"",""789,404,701"",""13,226,000,399"",""35,126,998,501"",""37.65""]",2026-08-28T22:20:04.397Z
2023,0002652,전문대학,사립,경남,,연암공과대학교,"[""2023"",""0002652"",""연암공과대학교"",""사립"",""경남"",""전문대학"",""11,916,274,580"",""2,685,386,290"",""-"",""-"",""-"",""-"",""-"",""-"",""-"",""5,470,000"",""2,604,284"",""9,238,962,574"",""6,495,463,759"",""142.24""]",2026-08-28T22:20:04.397Z
2023,0002653,전문대학,사립,경기,,오산대학교,"[""2023"",""0002653"",""오산대학교"",""사립"",""경기"",""전문대학"",""23,611,920,608"",""9,828,614,840"",""38,633,000"",""224,143,360"",""-"",""-"",""-"",""22,190,000"",""11,738,000"",""200,103,160"",""844,000,023"",""15,124,113,311"",""26,027,441,360"",""58.11""]",2026-08-28T22:20:04.397Z
2023,0000520,전문대학,사립,경기,,용인예술과학대학교,"[""2023"",""0000520"",""용인예술과학대학교"",""사립"",""경기"",""전문대학"",""10,789,563,381"",""6,694,227,060"",""-"",""-"",""-"",""-"",""19,000,000"",""74,190,000"",""2,000,000"",""22,596,910"",""23,967,820"",""4,237,091,051"",""17,889,682,150"",""23.68""]",2026-08-28T22:20:04.397Z
2023,0000452,전문대학,사립,대전,,우송정보대학,"[""2023"",""0000452"",""우송정보대학"",""사립"",""대전"",""전문대학"",""17,437,599,239"",""8,698,404,064"",""-"",""653,107,000"",""-"",""-"",""-"",""91,100,000"",""2,000,000"",""24,249,400"",""231,114,925"",""9,740,766,500"",""18,549,736,403"",""52.51""]",2026-08-28T22:20:04.397Z
2023,0000521,전문대학,사립,울산,,울산과학대학교,"[""2023"",""0000521"",""울산과학대학교"",""사립"",""울산"",""전문대학"",""31,741,328,042"",""10,425,858,766"",""276,907,000"",""944,200,000"",""-"",""-"",""40,000,000"",""320,000,000"",""500,000"",""32,790,000"",""3,121,556,004"",""26,051,422,280"",""31,282,664,209"",""83.28""]",2026-08-28T22:20:04.397Z
2023,0000568,전문대학,사립,경기,,웅지세무대학교,"[""2023"",""0000568"",""웅지세무대학교"",""사립"",""경기"",""전문대학"",""6,677,545"","""",""-"",""-"",""-"",""-"",""-"",""-"",""-"",""12,180,000"",""29,918"",""18,887,463"",""3,195,804,810"",""0.59""]",2026-08-28T22:20:04.397Z
2023,0000523,전문대학,사립,전북,,원광보건대학교,"[""2023"",""0000523"",""원광보건대학교"",""사립"",""전북"",""전문대학"",""27,670,255,198"",""11,940,019,538"",""49,680,000"",""100,000,000"",""-"",""-"",""-"",""-"",""92,708,232"",""247,307,000"",""753,525,938"",""16,973,456,830"",""22,983,257,016"",""73.85""]",2026-08-28T22:20:04.397Z
2023,0002654,전문대학,사립,인천,,인하공업전문대학,"[""2023"",""0002654"",""인하공업전문대학"",""사립"",""인천"",""전문대학"",""28,528,314,795"",""15,883,140,151"",""137,557,000"",""990,652,000"",""332,000,000"",""-"",""-"",""60,000,000"",""6,320,000"",""427,664,000"",""92,212,741"",""14,691,580,385"",""43,900,050,850"",""33.47""]",2026-08-28T22:20:04.397Z
2023,0000437,전문대학,사립,전북,,전주기전대학,"[""2023"",""0000437"",""전주기전대학"",""사립"",""전북"",""전문대학"",""7,348,365,161"",""4,664,336,590"",""-"",""185,100,000"",""-"",""-"",""52,000,000"",""233,000,000"",""219,305,500"",""167,622,250"",""7,519,311,281"",""11,060,367,602"",""8,961,862,781"",""123.42""]",2026-08-28T22:20:04.397Z
2023,0002655,전문대학,사립,제주,,제주한라대학교,"[""2023"",""0002655"",""제주한라대학교"",""사립"",""제주"",""전문대학"",""19,340,615,969"",""10,048,408,420"",""-"",""582,200,000"",""150,000,000"",""-"",""114,000,000"",""23,000,000"",""168,465,000"",""49,769,500"",""440,754,439"",""10,820,396,488"",""20,636,100,885"",""52.43""]",2026-08-28T22:20:04.397Z
2023,0000539,전문대학,사립,경남,,진주보건대학교,"[""2023"",""0000539"",""진주보건대학교"",""사립"",""경남"",""전문대학"",""12,804,694,642"",""7,496,507,240"",""-"",""-"",""-"",""-"",""-"",""-"",""14,004,000"",""47,018,000"",""15,601,846"",""5,384,811,248"",""14,509,826,410"",""37.11""]",2026-08-28T22:20:04.397Z
2023,0000542,전문대학,사립,경남,,창원문성대학교,"[""2023"",""0000542"",""창원문성대학교"",""사립"",""경남"",""전문대학"",""3,500,313,183"",""3,093,314,690"",""-"",""320,096,000"",""-"",""-"",""-"",""67,190,000"",""2,500,000"",""26,203,840"",""1,253,453,907"",""2,076,442,240"",""7,342,669,760"",""28.28""]",2026-08-28T22:20:04.397Z
2023,0000544,전문대학,사립,경기,,청강문화산업대학교,"[""2023"",""0000544"",""청강문화산업대학교"",""사립"",""경기"",""전문대학"",""18,638,029,820"",""9,150,843,560"",""-"",""280,100,000"",""-"",""-"",""27,000,000"",""298,830,000"",""31,000,000"",""20,194,160"",""289,206,164"",""10,433,516,584"",""25,735,185,605"",""40.54""]",2026-08-28T22:20:04.397Z
2023,0002656,전문대학,사립,전남,,청암대학교,"[""2023"",""0002656"",""청암대학교"",""사립"",""전남"",""전문대학"",""9,981,160,063"",""5,219,793,870"",""-"",""-"",""-"",""-"",""-"",""-"",""-"",""24,771,500"",""647,300,000"",""5,433,437,693"",""12,019,669,450"",""45.20""]",2026-08-28T22:20:04.397Z
2023,0000545,전문대학,사립,울산,,춘해보건대학교,"[""2023"",""0000545"",""춘해보건대학교"",""사립"",""울산"",""전문대학"",""15,368,157,260"",""6,638,207,965"",""-"",""-"",""-"",""-"",""-"",""-"",""30,500,000"",""68,487,000"",""448,613,353"",""9,277,549,648"",""15,062,110,878"",""61.60""]",2026-08-28T22:20:04.397Z
2023,0002657,전문대학,공립,충남,,충남도립대학교,"[""2023"",""0002657"",""충남도립대학교"",""공립"",""충남"",""전문대학"",""5,633,765,527"",""1,558,754,410"",""28,000,000"",""-"",""-"",""-"",""-"",""110,000,000"",""-"",""19,186,210"",""16,636,170,500"",""20,868,367,827"",""2,293,240,840"",""909.99""]",2026-08-28T22:20:04.397Z
2023,0002658,전문대학,사립,경북,,포항대학교,"[""2023"",""0002658"",""포항대학교"",""사립"",""경북"",""전문대학"",""8,404,340,407"",""4,451,501,166"",""-"",""-"",""2,917,000,000"",""-"",""-"",""22,190,000"",""-"",""20,634,500"",""1,320,525,629"",""8,233,189,370"",""8,946,960,329"",""92.02""]",2026-08-28T22:20:04.397Z
2023,0000578,전문대학,사립,강원,,한국골프과학기술대학교,"[""2023"",""0000578"",""한국골프과학기술대학교"",""사립"",""강원"",""전문대학"",""1,375,803,029"",""1,323,883,833"",""-"",""-"",""-"",""-"",""63,000,000"",""-"",""-"",""42,532,500"",""262,667,000"",""420,118,696"",""3,251,815,000"",""12.92""]",2026-08-28T22:20:04.397Z
2023,0003019,전문대학,특별법국립,전북,,한국농수산대학교,"[""2023"",""0003019"",""한국농수산대학교"",""특별법국립"",""전북"",""전문대학"",""188,611,821"",""156,750,000"",""96,962,000"",""-"",""-"",""-"",""-"",""70,690,000"",""36,619,996,037"",""3,640,000,000"",""461,304,000"",""40,920,813,858"",""-"",""""]",2026-08-28T22:20:04.397Z
2023,0000553,전문대학,사립,강원,,한림성심대학교,"[""2023"",""0000553"",""한림성심대학교"",""사립"",""강원"",""전문대학"",""17,980,048,945"",""6,551,514,680"",""-"",""-"",""-"",""-"",""-"",""221,395,000"",""2,500,000"",""31,667,500"",""696,374,815"",""12,380,471,580"",""14,475,915,600"",""85.52""]",2026-08-28T22:20:04.397Z
2023,0000556,전문대학,사립,충남,,혜전대학교,"[""2023"",""0000556"",""혜전대학교"",""사립"",""충남"",""전문대학"",""9,564,404,499"",""6,068,335,540"",""30,240,000"",""45,095,000"",""-"",""-"",""-"",""-"",""-"",""19,637,000"",""1,008,757,017"",""4,599,797,976"",""15,209,498,630"",""30.24""]",2026-08-28T22:20:04.397Z
2023,0002971,전문대학,사립,전북,,군산간호대학교,"[""2023"",""0002971"",""군산간호대학교"",""사립"",""전북"",""전문대학"",""6,651,457,690"",""2,734,032,916"",""100,242,000"",""-"",""-"",""-"",""-"",""-"",""9,450,000"",""-"",""9,087,929"",""4,036,204,703"",""7,188,297,500"",""56.15""]",2026-08-28T22:20:04.397Z
2023,0002972,전문대학,사립,광주,,기독간호대학교,"[""2023"",""0002972"",""기독간호대학교"",""사립"",""광주"",""전문대학"",""5,491,270,039"",""1,430,107,000"",""-"",""-"",""-"",""-"",""-"",""-"",""-"",""5,408,750"",""-"",""4,066,571,789"",""3,117,859,263"",""130.43""]",2026-08-28T22:20:04.397Z
2023,0002973,전문대학,사립,서울,,서울여자간호대학교,"[""2023"",""0002973"",""서울여자간호대학교"",""사립"",""서울"",""전문대학"",""4,557,341,661"",""1,369,664,366"",""54,810,000"",""-"",""-"",""-"",""-"",""-"",""-"",""18,816,500"",""73,701,384"",""3,335,005,179"",""5,516,768,244"",""60.45""]",2026-08-28T22:20:04.397Z
2023,0002974,전문대학,사립,광주,,조선간호대학교,"[""2023"",""0002974"",""조선간호대학교"",""사립"",""광주"",""전문대학"",""6,036,879,633"",""1,391,264,250"",""67,500,000"",""-"",""-"",""-"",""-"",""-"",""20,000,000"",""9,252,300"",""22,712,000"",""4,765,079,683"",""3,912,879,650"",""121.78""]",2026-08-28T22:20:04.397Z
2023,0000575,전문대학,사립,대구,,영진사이버대학교,"[""2023"",""0000575"",""영진사이버대학교"",""사립"",""대구"",""전문대학"",""6,610,810,893"",""6,458,996,400"",""-"",""-"",""-"",""-"",""-"",""-"",""-"",""83,289,000"",""8,114,482"",""243,217,975"",""9,430,832,000"",""2.58""]",2026-08-28T22:20:04.397Z
2023,0000576,전문대학,사립,경북,,한국복지사이버대학교,"[""2023"",""0000576"",""한국복지사이버대학교"",""사립"",""경북"",""전문대학"",""3,343,015,501"",""3,301,636,000"",""-"",""-"",""-"",""-"",""-"",""-"",""-"",""44,604,000"",""287,370"",""86,270,871"",""5,961,451,000"",""1.45""]",2026-08-28T22:20:04.397Z
2023,0000683,대학원대학,특별법법인,경기,,한국학대학원,"[""2023"",""0000683"",""한국학대학원"",""특별법법인"",""경기"",""대학원대학"",""153,140"","""",""-"",""-"",""-"",""-"",""-"",""-"",""-"",""-"",""-"",""153,140"",""-"",""""]",2026-08-28T22:20:04.397Z
2023,0000663,대학원대학,사립,서울,,개신대학원대학교,"[""2023"",""0000663"",""개신대학원대학교"",""사립"",""서울"",""대학원대학"",""7,695,000"","""",""-"",""-"",""-"",""-"",""-"",""-"",""-"",""-"",""147,897"",""7,842,897"",""1,246,410,000"",""0.63""]",2026-08-28T22:20:04.397Z
2023,0000643,대학원대학,사립,대전,,건신대학원대학교,"[""2023"",""0000643"",""건신대학원대학교"",""사립"",""대전"",""대학원대학"",""325,789"","""",""-"",""-"",""-"",""-"",""-"",""-"",""-"",""-"",""9,622"",""335,411"",""1,078,555,333"",""0.03""]",2026-08-28T22:20:04.397Z
2023,0000664,대학원대학,기타,대전,,과학기술연합대학원대학교,"[""2023"",""0000664"",""과학기술연합대학원대학교"",""기타"",""대전"",""대학원대학"",""27,201,429"","""",""18,998,400,000"",""-"",""-"",""-"",""-"",""-"",""-"",""-"",""-"",""19,025,601,429"",""-"",""""]",2026-08-28T22:20:04.397Z
2023,0002928,대학원대학,특별법법인,경기,,국립암센터국제암대학원대학교,"[""2023"",""0002928"",""국립암센터국제암대학원대학교"",""특별법법인"",""경기"",""대학원대학"",""247,500,000"","""",""2,412,075,000"",""-"",""372,000,000"",""1,597,500,000"",""-"",""-"",""-"",""96,010,570"",""-"",""4,725,085,570"",""-"",""""]",2026-08-28T22:20:04.397Z
2023,0000657,대학원대학,사립,충남,,국제뇌교육종합대학원대학교,"[""2023"",""0000657"",""국제뇌교육종합대학원대학교"",""사립"",""충남"",""대학원대학"",""23,334,765"","""",""174,742,000"",""-"",""-"",""-"",""-"",""-"",""-"",""-"",""383,628"",""198,460,393"",""2,176,708,367"",""9.12""]",2026-08-28T22:20:04.397Z
2023,0000649,대학원대학,사립,서울,,수도국제대학원대학교,"[""2023"",""0000649"",""수도국제대학원대학교"",""사립"",""서울"",""대학원대학"",""1,541,571"","""",""-"",""-"",""-"",""-"",""-"",""-"",""-"",""-"",""-"",""1,541,571"",""2,924,567,650"",""0.05""]",2026-08-28T22:20:04.397Z
2023,0000641,대학원대학,사립,경기,,대한신학대학원대학교,"[""2023"",""0000641"",""대한신학대학원대학교"",""사립"",""경기"",""대학원대학"",""1,352,900"","""",""-"",""-"",""-"",""-"",""-"",""-"",""-"",""-"",""-"",""1,352,900"",""1,369,848,331"",""0.10""]",2026-08-28T22:20:04.397Z
2023,0000642,대학원대학,사립,서울,,베뢰아국제대학원대학교,"[""2023"",""0000642"",""베뢰아국제대학원대학교"",""사립"",""서울"",""대학원대학"",""7,858"","""",""-"",""-"",""-"",""-"",""-"",""-"",""-"",""-"",""-"",""7,858"",""162,667,000"",""0.00""]",2026-08-28T22:20:04.397Z
2023,0000670,대학원대학,사립,서울,,북한대학원대학교,"[""2023"",""0000670"",""북한대학원대학교"",""사립"",""서울"",""대학원대학"",""200,000,000"","""",""-"",""-"",""-"",""-"",""-"",""-"",""-"",""-"",""127,860"",""200,127,860"",""1,319,220,000"",""15.17""]",2026-08-28T22:20:04.397Z
2023,0000666,대학원대학,사립,서울,,서울과학종합대학원대학교,"[""2023"",""0000666"",""서울과학종합대학원대학교"",""사립"",""서울"",""대학원대학"",""6,479,736"","""",""-"",""-"",""-"",""-"",""-"",""-"",""-"",""-"",""-"",""6,479,736"",""16,343,704,533"",""0.04""]",2026-08-28T22:20:04.397Z
2023,0000660,대학원대학,사립,서울,,서울벤처대학원대학교,"[""2023"",""0000660"",""서울벤처대학원대학교"",""사립"",""서울"",""대학원대학"",""-"","""",""-"",""-"",""-"",""-"",""-"",""-"",""25,650,000"",""-"",""-"",""25,650,000"",""2,461,017,000"",""1.04""]",2026-08-28T22:20:04.397Z
2023,0000658,대학원대학,사립,서울,,서울불교대학원대학교,"[""2023"",""0000658"",""서울불교대학원대학교"",""사립"",""서울"",""대학원대학"",""5,365,000"","""",""-"",""-"",""-"",""-"",""-"",""-"",""-"",""-"",""854,234"",""6,219,234"",""1,710,038,600"",""0.36""]",2026-08-28T22:20:04.397Z
2023,0000678,대학원대학,사립,서울,,서울상담심리대학원대학교,"[""2023"",""0000678"",""서울상담심리대학원대학교"",""사립"",""서울"",""대학원대학"",""5,065,955"","""",""-"",""-"",""-"",""-"",""-"",""-"",""-"",""-"",""-"",""5,065,955"",""1,158,930,660"",""0.44""]",2026-08-28T22:20:04.397Z
2023,0000659,대학원대학,사립,서울,,서울외국어대학원대학교,"[""2023"",""0000659"",""서울외국어대학원대학교"",""사립"",""서울"",""대학원대학"",""14,959,826"","""",""-"",""-"",""-"",""-"",""-"",""-"",""-"",""-"",""-"",""14,959,826"",""3,015,133,335"",""0.50""]",2026-08-28T22:20:04.397Z
2023,0000644,대학원대학,사립,인천,,성산효대학원대학교,"[""2023"",""0000644"",""성산효대학원대학교"",""사립"",""인천"",""대학원대학"",""4,273,376"","""",""-"",""-"",""-"",""-"",""-"",""-"",""-"",""-"",""286,979"",""4,560,355"",""1,512,811,900"",""0.30""]",2026-08-28T22:20:04.397Z
2023,0000671,대학원대학,사립,서울,,순복음대학원대학교,"[""2023"",""0000671"",""순복음대학원대학교"",""사립"",""서울"",""대학원대학"",""1,288,697"","""",""-"",""-"",""-"",""-"",""-"",""-"",""-"",""-"",""175,381"",""1,464,078"",""711,985,000"",""0.21""]",2026-08-28T22:20:04.397Z
2023,0000672,대학원대학,사립,경기,,실천신학대학원대학교,"[""2023"",""0000672"",""실천신학대학원대학교"",""사립"",""경기"",""대학원대학"",""44,425"","""",""-"",""-"",""-"",""-"",""-"",""-"",""-"",""-"",""-"",""44,425"",""550,682,000"",""0.01""]",2026-08-28T22:20:04.397Z
2023,0000654,대학원대학,사립,경기,,온석대학원대학교,"[""2023"",""0000654"",""온석대학원대학교"",""사립"",""경기"",""대학원대학"",""1,599,027"","""",""-"",""-"",""-"",""-"",""-"",""-"",""-"",""-"",""37,171"",""1,636,198"",""1,828,567,355"",""0.09""]",2026-08-28T22:20:04.397Z
2023,0000646,대학원대학,사립,경기,,웨스트민스터신학대학원대학교,"[""2023"",""0000646"",""웨스트민스터신학대학원대학교"",""사립"",""경기"",""대학원대학"",""7,310,241"","""",""-"",""-"",""-"",""-"",""-"",""-"",""-"",""-"",""142,498"",""7,452,739"",""3,349,853,400"",""0.22""]",2026-08-28T22:20:04.397Z
2023,0000680,대학원대학,사립,인천,,주안대학원대학교,"[""2023"",""0000680"",""주안대학원대학교"",""사립"",""인천"",""대학원대학"",""10,000,000"","""",""-"",""-"",""-"",""-"",""-"",""-"",""-"",""-"",""-"",""10,000,000"",""345,086,800"",""2.90""]",2026-08-28T22:20:04.397Z
2023,0002817,대학원대학,사립,서울,,치유상담대학원대학교,"[""2023"",""0002817"",""치유상담대학원대학교"",""사립"",""서울"",""대학원대학"",""4,294,799"","""",""-"",""-"",""-"",""-"",""-"",""-"",""-"",""-"",""-"",""4,294,799"",""1,109,959,380"",""0.39""]",2026-08-28T22:20:04.397Z
2023,0000640,대학원대학,사립,세종,,한국개발연구원국제정책대학원대학교,"[""2023"",""0000640"",""한국개발연구원국제정책대학원대학교"",""사립"",""세종"",""대학원대학"",""6,613,417"","""",""-"",""-"",""-"",""-"",""-"",""-"",""-"",""685,921,181"",""68,075,000"",""760,609,598"",""-"",""""]",2026-08-28T22:20:04.397Z
2023,0000679,대학원대학,사립,서울,,한국상담대학원대학교,"[""2023"",""0000679"",""한국상담대학원대학교"",""사립"",""서울"",""대학원대학"",""2,559,836"","""",""-"",""-"",""-"",""-"",""-"",""-"",""-"",""-"",""139,017"",""2,698,853"",""1,225,148,000"",""0.22""]",2026-08-28T22:20:04.397Z
2023,0000681,대학원대학,사립,울산,,한국전력국제원자력대학원대학교,"[""2023"",""0000681"",""한국전력국제원자력대학원대학교"",""사립"",""울산"",""대학원대학"",""-"","""",""400,000,000"",""-"",""1,813,643,000"",""-"",""-"",""-"",""-"",""243,000,000"",""142,857,000"",""2,599,500,000"",""4,994,794,000"",""52.04""]",2026-08-28T22:20:04.397Z
2023,0000647,대학원대학,사립,경기,,합동신학대학원대학교,"[""2023"",""0000647"",""합동신학대학원대학교"",""사립"",""경기"",""대학원대학"",""1,436,126"","""",""-"",""-"",""-"",""-"",""-"",""-"",""-"",""-"",""-"",""1,436,126"",""1,761,756,000"",""0.08""]",2026-08-28T22:20:04.397Z
2023,0000648,대학원대학,사립,서울,,횃불트리니티신학대학원대학교,"[""2023"",""0000648"",""횃불트리니티신학대학원대학교"",""사립"",""서울"",""대학원대학"",""31,557,498"","""",""-"",""-"",""-"",""-"",""-"",""-"",""-"",""-"",""188,636"",""31,746,134"",""2,478,116,500"",""1.28""]",2026-08-28T22:20:04.397Z
2023,0000677,대학원대학,사립,서울,,서울미디어대학원대학교,"[""2023"",""0000677"",""서울미디어대학원대학교"",""사립"",""서울"",""대학원대학"",""402,315"","""",""-"",""-"",""102,120,000"",""-"",""98,000,000"",""-"",""-"",""-"",""-"",""200,522,315"",""1,683,899,950"",""11.91""]",2026-08-28T22:20:04.397Z
2023,0000653,대학원대학,사립,서울,,서울사회복지대학원대학교,"[""2023"",""0000653"",""서울사회복지대학원대학교"",""사립"",""서울"",""대학원대학"",""187,350"","""",""-"",""-"",""-"",""-"",""-"",""-"",""-"",""-"",""-"",""187,350"",""-"",""""]",2026-08-28T22:20:04.397Z
2023,0000673,대학원대학,사립,서울,,한림국제대학원대학교,"[""2023"",""0000673"",""한림국제대학원대학교"",""사립"",""서울"",""대학원대학"",""3,050,283"","""",""42,682,000"",""-"",""140,000,000"",""-"",""-"",""-"",""-"",""-"",""-"",""185,732,283"",""2,516,154,800"",""7.38""]",2026-08-28T22:20:04.397Z
2023,0003183,대학,사립,서울,,태재대학교,"[""2023"",""0003183"",""태재대학교"",""사립"",""서울"",""대학"",""22,100,000"",""22,100,000"",""-"",""-"",""-"",""-"",""-"",""-"",""-"",""-"",""1,657,000"",""1,657,000"",""312,832,150"",""0.53""]",2026-08-28T22:20:04.397Z
2023,0000075,대학,사립,전남,,광주가톨릭대학교,"[""2023"",""0000075"",""광주가톨릭대학교"",""사립"",""전남"",""대학"","""","""","""","""","""","""","""","""","""","""",""-"",""-"",""-"",""""]",2026-08-28T22:20:04.397Z
2023,0000155,대학,사립,전남,,영산선학대학교,"[""2023"",""0000155"",""영산선학대학교"",""사립"",""전남"",""대학"","""","""","""","""","""","""","""","""","""","""",""-"",""-"",""67,000,000"",""-""]",2026-08-28T22:20:04.397Z
2023,0000288,대학,사립,서울,,정석대학,"[""2023"",""0000288"",""정석대학"",""사립"",""서울"",""대학"","""","""","""","""","""","""","""","""","""","""",""-"",""-"",""-"",""""]",2026-08-28T22:20:04.397Z
2023,0000668,대학원대학,사립,경북,,경안대학원대학교,"[""2023"",""0000668"",""경안대학원대학교"",""사립"",""경북"",""대학원대학"","""","""","""","""","""","""","""","""","""","""",""-"",""-"",""214,525,000"",""-""]",2026-08-28T22:20:04.397Z
2023,0000655,대학원대학,사립,경기,,국제법률경영대학원대학교,"[""2023"",""0000655"",""국제법률경영대학원대학교"",""사립"",""경기"",""대학원대학"","""","""","""","""","""","""","""","""","""","""",""-"",""-"",""794,216,421"",""-""]",2026-08-28T22:20:04.397Z
2023,0000656,대학원대학,사립,서울,,국제언어대학원대학교,"[""2023"",""0000656"",""국제언어대학원대학교"",""사립"",""서울"",""대학원대학"","""","""","""","""","""","""","""","""","""","""",""-"",""-"",""1,534,721,568"",""-""]",2026-08-28T22:20:04.397Z
2023,0002818,대학원대학,사립,경기,,능인대학원대학교,"[""2023"",""0002818"",""능인대학원대학교"",""사립"",""경기"",""대학원대학"","""","""","""","""","""","""","""","""","""","""",""-"",""-"",""173,800,000"",""-""]",2026-08-28T22:20:04.397Z
2023,0000669,대학원대학,사립,서울,,동방문화대학원대학교,"[""2023"",""0000669"",""동방문화대학원대학교"",""사립"",""서울"",""대학원대학"","""","""","""","""","""","""","""","""","""","""",""272,465"",""272,465"",""2,685,438,999"",""0.01""]",2026-08-28T22:20:04.397Z
2023,0000650,대학원대학,사립,서울,,서울성경신학대학원대학교,"[""2023"",""0000650"",""서울성경신학대학원대학교"",""사립"",""서울"",""대학원대학"","""","""","""","""","""","""","""","""","""","""",""-"",""-"",""369,932,330"",""-""]",2026-08-28T22:20:04.397Z
2023,0000667,대학원대학,사립,경기,,선학유피대학원대학교,"[""2023"",""0000667"",""선학유피대학원대학교"",""사립"",""경기"",""대학원대학"","""","""","""","""","""","""","""","""","""","""",""-"",""-"",""519,700,000"",""-""]",2026-08-28T22:20:04.397Z
2023,0000661,대학원대학,사립,경기,,성서침례대학원대학교,"[""2023"",""0000661"",""성서침례대학원대학교"",""사립"",""경기"",""대학원대학"","""","""","""","""","""","""","""","""","""","""",""-"",""-"",""312,428,342"",""-""]",2026-08-28T22:20:04.397Z
2023,0000662,대학원대학,사립,경기,,에스라성경대학원대학교,"[""2023"",""0000662"",""에스라성경대학원대학교"",""사립"",""경기"",""대학원대학"","""","""","""","""","""","""","""","""","""","""",""-"",""-"",""373,126,000"",""-""]",2026-08-28T22:20:04.397Z
2023,0000651,대학원대학,사립,서울,,예명대학원대학교,"[""2023"",""0000651"",""예명대학원대학교"",""사립"",""서울"",""대학원대학"","""","""","""","""","""","""","""","""","""","""",""-"",""-"",""1,805,984,633"",""-""]",2026-08-28T22:20:04.397Z
2023,0000645,대학원대학,사립,전북,,원불교대학원대학교,"[""2023"",""0000645"",""원불교대학원대학교"",""사립"",""전북"",""대학원대학"","""","""","""","""","""","""","""","""","""","""",""-"",""-"",""132,000,000"",""-""]",2026-08-28T22:20:04.397Z
2023,0002668,대학원대학,사립,경기,,제네바신학대학원대학교,"[""2023"",""0002668"",""제네바신학대학원대학교"",""사립"",""경기"",""대학원대학"","""","""","""","""","""","""","""","""","""","""",""-"",""-"",""35,000,000"",""-""]",2026-08-28T22:20:04.397Z
2023,0002857,대학원대학,사립,경기,,구세군사관대학원대학교,"[""2023"",""0002857"",""구세군사관대학원대학교"",""사립"",""경기"",""대학원대학"","""","""","""","""","""","""","""","""","""","""",""-"",""-"",""102,400,000"",""-""]",2026-08-28T22:20:04.397Z
2023,0000676,대학원대학,사립,서울,,한반도국제대학원대학교,"[""2023"",""0000676"",""한반도국제대학원대학교"",""사립"",""서울"",""대학원대학"","""","""","""","""","""","""","""","""","""","""",""-"",""-"",""242,100,000"",""-""]",2026-08-28T22:20:04.397Z
2022,0002748,대학,사립,경남,,가야대학교(김해),"[""2022"",""0002748"",""가야대학교(김해)"",""사립"",""경남"",""대학"",""4,766,889,997"",""4,353,972,030"",""52,411,000"",""-"",""-"",""-"",""-"",""-"",""1,000,000"",""23,030,500"",""13,707,000"",""503,066,467"",""12,768,541,100"",""3.94""]",2026-08-28T22:20:04.397Z
2022,0000063,대학,사립,경기,,가천대학교,"[""2022"",""0000063"",""가천대학교"",""사립"",""경기"",""대학"",""55,744,251,669"",""30,139,598,140"",""27,908,482,200"",""450,000,000"",""7,807,320,667"",""1,806,195,990"",""822,000,000"",""923,627,941"",""777,586,000"",""4,709,454,730"",""1,328,085,422"",""72,137,406,479"",""177,138,412,810"",""40.72""]",2026-08-28T22:20:04.397Z
2022,0000072,대학,사립,강원,,가톨릭관동대학교,"[""2022"",""0000072"",""가톨릭관동대학교"",""사립"",""강원"",""대학"",""24,379,198,403"",""15,941,235,227"",""3,314,484,000"",""677,130,000"",""1,367,500,000"",""830,000,000"",""266,000,000"",""1,234,200,000"",""198,716,770"",""710,595,600"",""2,422,065,412"",""19,458,654,958"",""50,348,376,508"",""38.65""]",2026-08-28T22:20:04.397Z
2022,0000215,대학,사립,충북,,가톨릭꽃동네대학교,"[""2022"",""0000215"",""가톨릭꽃동네대학교"",""사립"",""충북"",""대학"",""2,630,425,954"",""1,042,299,600"",""90,000,000"",""-"",""-"",""-"",""441,828,000"",""-"",""-"",""143,134,000"",""-"",""2,263,088,354"",""3,290,704,844"",""68.77""]",2026-08-28T22:20:04.397Z
2022,0000046,대학,사립,경기,,가톨릭대학교,"[""2022"",""0000046"",""가톨릭대학교"",""사립"",""경기"",""대학"",""37,594,472,213"",""13,473,117,980"",""32,556,506,000"",""-"",""3,389,834,000"",""12,226,620,500"",""457,000,000"",""29,802,941"",""337,622,000"",""8,610,629,710"",""1,348,344,863"",""83,077,714,247"",""85,846,754,650"",""96.77""]",2026-08-28T22:20:04.397Z
2022,0000050,대학,사립,서울,,감리교신학대학교,"[""2022"",""0000050"",""감리교신학대학교"",""사립"",""서울"",""대학"",""2,625,265,737"",""1,836,285,340"",""-"",""-"",""-"",""-"",""-"",""-"",""-"",""11,032,000"",""7,643,784"",""807,656,181"",""7,532,798,490"",""10.72""]",2026-08-28T22:20:04.397Z
2022,0000051,대학,사립,경기,,강남대학교,"[""2022"",""0000051"",""강남대학교"",""사립"",""경기"",""대학"",""20,489,152,497"",""12,119,088,150"",""218,135,000"",""296,000,000"",""217,000,000"",""200,000,000"",""249,200,000"",""49,802,941"",""27,804,600"",""343,943,080"",""506,060,657"",""10,478,010,625"",""49,592,934,960"",""21.13""]",2026-08-28T22:20:04.397Z
2022,0000001,대학,국립,강원,,국립강릉원주대학교,"[""2022"",""0000001"",""국립강릉원주대학교"",""국립"",""강원"",""대학"",""105,894,037,330"",""14,061,165,780"",""4,327,907,000"",""-"",""1,063,000,000"",""70,000,000"",""121,000,000"",""366,680,000"",""75,151,475"",""2,178,848,900"",""4,564,312,089"",""104,599,771,014"",""27,361,754,370"",""382.28""]",2026-08-28T22:20:04.397Z
2022,0000003,대학,국립,강원,,강원대학교,"[""2022"",""0000003"",""강원대학교"",""국립"",""강원"",""대학"",""285,774,543,809"",""30,854,997,470"",""29,843,944,000"",""450,000,000"",""6,122,126,667"",""1,218,000,000"",""1,129,476,880"",""1,388,000,000"",""4,459,097,465"",""15,915,718,705"",""25,332,408,490"",""340,778,318,546"",""77,072,441,430"",""442.15""]",2026-08-28T22:20:04.397Z
2022,0000052,대학,사립,서울,,건국대학교,"[""2022"",""0000052"",""건국대학교"",""사립"",""서울"",""대학"",""44,883,994,116"",""21,580,372,849"",""27,897,732,000"",""450,000,000"",""7,715,671,000"",""122,300,000"",""98,744,000"",""112,400,000"",""4,317,140,830"",""10,205,890,070"",""2,913,750,311"",""77,137,249,478"",""227,714,693,920"",""33.87""]",2026-08-28T22:20:04.397Z
2022,0000053,대학,사립,충북,,건국대학교(글로컬),"[""2022"",""0000053"",""건국대학교(글로컬)"",""사립"",""충북"",""대학"",""24,489,033,741"",""15,007,452,130"",""8,148,549,780"",""344,447,500"",""502,120,000"",""70,000,000"",""-"",""49,000,000"",""77,985,000"",""995,380,500"",""1,557,994,650"",""21,227,059,041"",""-"",""""]",2026-08-28T22:20:04.397Z
2022,0000054,대학,사립,충남,,건양대학교,"[""2022"",""0000054"",""건양대학교"",""사립"",""충남"",""대학"",""27,303,575,469"",""14,446,998,180"",""2,292,947,000"",""217,384,000"",""633,000,000"",""660,000,000"",""-"",""971,745,000"",""37,000,000"",""510,293,750"",""1,069,564,009"",""19,248,511,048"",""48,141,803,120"",""39.98""]",2026-08-28T22:20:04.397Z
2022,0000056,대학,사립,경기,,경기대학교,"[""2022"",""0000056"",""경기대학교"",""사립"",""경기"",""대학"",""39,261,025,902"",""25,848,279,014"",""6,702,877,000"",""450,000,000"",""2,428,750,000"",""-"",""418,717,500"",""-"",""216,913,000"",""2,240,130,500"",""3,108,873,405"",""28,979,008,293"",""115,768,066,000"",""25.03""]",2026-08-28T22:20:04.397Z
2022,0000059,대학,사립,경남,,경남대학교,"[""2022"",""0000059"",""경남대학교"",""사립"",""경남"",""대학"",""37,815,713,496"",""20,346,059,251"",""2,003,216,000"",""438,007,200"",""535,000,000"",""80,000,000"",""122,987,200"",""642,862,500"",""110,000,000"",""619,497,160"",""2,044,338,946"",""24,065,563,251"",""67,162,254,573"",""35.83""]",2026-08-28T22:20:04.397Z
2022,0000060,대학,사립,강원,,경동대학교,"[""2022"",""0000060"",""경동대학교"",""사립"",""강원"",""대학"",""20,352,864,411"",""17,155,241,574"",""341,966,000"",""-"",""-"",""-"",""15,000,000"",""138,842,500"",""53,126,159"",""116,870,330"",""3,838,621,536"",""7,702,049,362"",""56,598,764,827"",""13.61""]",2026-08-28T22:20:04.397Z
2022,0000005,대학,국립,대구,,경북대학교,"[""2022"",""0000005"",""경북대학교"",""국립"",""대구"",""대학"",""359,146,440,496"",""30,641,199,330"",""75,350,724,000"",""-"",""12,777,483,333"",""2,128,441,000"",""1,098,548,400"",""1,949,780,800"",""8,920,390,360"",""14,396,187,980"",""15,164,252,613"",""460,291,049,652"",""107,105,940,370"",""429.75""]",2026-08-28T22:20:04.397Z
2022,0000007,대학,국립,경남,,경상국립대학교,"[""2022"",""0000007"",""경상국립대학교"",""국립"",""경남"",""대학"",""337,422,346,545"",""31,642,516,990"",""33,662,916,000"",""514,000,000"",""7,608,789,000"",""78,143,000"",""676,978,000"",""855,349,000"",""4,923,635,260"",""13,454,748,240"",""6,202,016,817"",""373,756,404,872"",""69,231,911,420"",""539.86""]",2026-08-28T22:20:04.397Z
2022,0000062,대학,사립,부산,,경성대학교,"[""2022"",""0000062"",""경성대학교"",""사립"",""부산"",""대학"",""42,572,780,415"",""26,601,139,214"",""1,359,727,000"",""913,775,840"",""253,850,000"",""45,000,000"",""140,300,000"",""39,000,000"",""8,000,000"",""1,638,658,410"",""406,799,345"",""20,776,751,796"",""77,895,533,423"",""26.67""]",2026-08-28T22:20:04.397Z
2022,0000244,대학,사립,경북,,경운대학교,"[""2022"",""0000244"",""경운대학교"",""사립"",""경북"",""대학"",""19,202,447,347"",""11,501,930,083"",""684,774,000"",""200,000,000"",""-"",""-"",""268,000,000"",""29,780,800"",""98,500,000"",""86,047,000"",""1,659,142,232"",""10,726,761,296"",""32,109,906,333"",""33.41""]",2026-08-28T22:20:04.397Z
2022,0000064,대학,사립,경북,,경일대학교,"[""2022"",""0000064"",""경일대학교"",""사립"",""경북"",""대학"",""34,514,061,883"",""16,016,619,610"",""1,477,104,000"",""213,481,500"",""392,050,000"",""-"",""96,000,000"",""434,516,800"",""44,325,000"",""392,421,000"",""650,853,460"",""22,198,194,033"",""47,787,604,057"",""46.45""]",2026-08-28T22:20:04.397Z
2022,0000065,대학,사립,경북,,신경주대학교,"[""2022"",""0000065"",""신경주대학교"",""사립"",""경북"",""대학"",""666,700,064"",""343,344,000"",""-"",""-"",""-"",""-"",""-"",""-"",""-"",""185,776,500"",""20,618,482"",""529,751,046"",""5,018,218,000"",""10.56""]",2026-08-28T22:20:04.397Z
2022,0000066,대학,사립,서울,,경희대학교,"[""2022"",""0000066"",""경희대학교"",""사립"",""서울"",""대학"",""81,407,896,123"",""36,356,346,050"",""55,506,529,600"",""-"",""9,832,726,999"",""10,756,800,000"",""616,317,730"",""698,822,000"",""1,336,684,310"",""11,974,902,545"",""3,559,410,621"",""139,333,743,878"",""299,960,452,240"",""46.45""]",2026-08-28T22:20:04.397Z
2022,0000068,대학,사립,대구,,계명대학교,"[""2022"",""0000068"",""계명대학교"",""사립"",""대구"",""대학"",""75,115,637,164"",""47,820,990,564"",""9,453,499,000"",""450,000,000"",""1,450,000,000"",""609,457,000"",""904,083,000"",""360,140,800"",""203,410,000"",""3,258,797,990"",""2,580,369,869"",""46,564,404,259"",""158,954,473,321"",""29.29""]",2026-08-28T22:20:04.397Z
2022,0000069,대학,사립,서울,,고려대학교,"[""2022"",""0000069"",""고려대학교"",""사립"",""서울"",""대학"",""105,516,184,821"",""20,822,163,700"",""156,135,414,000"",""-"",""23,550,024,667"",""7,097,294,970"",""1,524,931,210"",""2,005,355,000"",""1,909,815,000"",""22,165,388,290"",""8,008,441,864"",""307,090,686,122"",""359,214,469,812"",""85.49""]",2026-08-28T22:20:04.397Z
2022,0000070,대학,사립,세종,,고려대학교(세종),"[""2022"",""0000070"",""고려대학교(세종)"",""사립"",""세종"",""대학"",""25,595,733,097"",""9,564,679,333"",""11,543,295,000"",""309,460,000"",""3,085,135,000"",""127,000,000"",""1,570,750,000"",""287,000,000"",""404,200,000"",""2,351,773,675"",""1,626,752,463"",""37,336,419,902"",""-"",""""]",2026-08-28T22:20:04.397Z
2022,0000071,대학,사립,부산,,고신대학교,"[""2022"",""0000071"",""고신대학교"",""사립"",""부산"",""대학"",""14,142,412,496"",""8,626,657,972"",""2,148,318,000"",""200,000,000"",""-"",""618,143,000"",""1,072,648,000"",""-"",""2,000,000"",""505,669,000"",""663,222,644"",""10,725,755,168"",""27,318,168,914"",""39.26""]",2026-08-28T22:20:04.397Z
2022,0000008,대학,국립,충남,,국립공주대학교,"[""2022"",""0000008"",""국립공주대학교"",""국립"",""충남"",""대학"",""148,563,333,459"",""20,403,210,530"",""11,344,242,000"",""-"",""4,373,949,000"",""-"",""188,000,000"",""1,110,053,000"",""1,480,880,000"",""4,963,414,000"",""3,965,455,899"",""155,586,116,828"",""45,975,090,160"",""338.41""]",2026-08-28T22:20:04.397Z
2022,0000073,대학,사립,광주,,광신대학교,"[""2022"",""0000073"",""광신대학교"",""사립"",""광주"",""대학"",""1,689,387,768"",""1,557,951,000"",""-"",""-"",""-"",""-"",""-"",""-"",""-"",""54,688,000"",""31,363,075"",""217,487,843"",""5,418,535,400"",""4.01""]",2026-08-28T22:20:04.397Z
2022,0000074,대학,사립,서울,,광운대학교,"[""2022"",""0000074"",""광운대학교"",""사립"",""서울"",""대학"",""25,345,007,593"",""12,752,911,650"",""13,165,841,200"",""75,292,608"",""3,346,241,667"",""64,000,000"",""951,000,000"",""129,155,000"",""29,920,000"",""935,198,700"",""3,517,863,989"",""34,806,609,107"",""77,728,915,088"",""44.78""]",2026-08-28T22:20:04.397Z
2022,0000381,대학,특별법법인,광주,,광주과학기술원,"[""2022"",""0000381"",""광주과학기술원"",""특별법법인"",""광주"",""대학"",""3,966,103,121"",""318,529,000"",""147,625,647,000"",""-"",""5,620,670,333"",""960,450,000"",""3,694,000,000"",""-"",""128,000,000"",""5,843,000,000"",""566,040,098"",""168,085,381,552"",""-"",""""]",2026-08-28T22:20:04.397Z
2022,0000231,대학,사립,광주,,광주대학교,"[""2022"",""0000231"",""광주대학교"",""사립"",""광주"",""대학"",""33,388,275,521"",""16,879,408,330"",""672,775,000"",""80,000,000"",""245,000,000"",""-"",""268,738,800"",""272,182,007"",""68,000,000"",""205,192,500"",""1,924,171,545"",""20,244,927,043"",""40,620,626,820"",""49.84""]",2026-08-28T22:20:04.397Z
2022,0000076,대학,사립,광주,,광주여자대학교,"[""2022"",""0000076"",""광주여자대학교"",""사립"",""광주"",""대학"",""15,792,229,145"",""10,513,225,781"",""174,865,000"",""80,000,000"",""-"",""-"",""59,734,440"",""-"",""44,500,000"",""19,793,000"",""605,333,242"",""6,263,229,046"",""24,181,562,153"",""25.90""]",2026-08-28T22:20:04.397Z
2022,0000078,대학,사립,서울,,국민대학교,"[""2022"",""0000078"",""국민대학교"",""사립"",""서울"",""대학"",""54,046,587,779"",""25,547,007,600"",""18,456,835,000"",""412,500,000"",""7,978,946,667"",""-"",""1,102,500,000"",""25,355,000"",""367,500,000"",""6,143,147,500"",""2,459,096,255"",""65,445,460,601"",""152,143,187,200"",""43.02""]",2026-08-28T22:20:04.397Z
2022,0000009,대학,국립,전북,,국립군산대학교,"[""2022"",""0000009"",""국립군산대학교"",""국립"",""전북"",""대학"",""84,977,864,849"",""12,110,963,580"",""6,408,592,000"",""200,000,000"",""3,928,400,000"",""-"",""150,495,080"",""39,000,000"",""123,659,000"",""4,554,432,790"",""989,637,730"",""89,261,117,869"",""22,660,778,860"",""393.90""]",2026-08-28T22:20:04.397Z
2022,0000080,대학,사립,충북,,극동대학교,"[""2022"",""0000080"",""극동대학교"",""사립"",""충북"",""대학"",""8,234,482,337"",""7,289,901,700"",""205,674,000"",""-"",""147,120,000"",""-"",""-"",""-"",""7,500,000"",""133,566,000"",""244,804,530"",""1,683,245,167"",""22,243,384,790"",""7.57""]",2026-08-28T22:20:04.397Z
2022,0000224,대학,사립,충남,,금강대학교,"[""2022"",""0000224"",""금강대학교"",""사립"",""충남"",""대학"",""761,849,336"",""301,843,000"",""-"",""-"",""-"",""-"",""19,819,000"",""-"",""-"",""3,282,000"",""12,000,000"",""495,107,336"",""1,338,782,500"",""36.98""]",2026-08-28T22:20:04.397Z
2022,0000010,대학,국립,경북,,국립금오공과대학교,"[""2022"",""0000010"",""국립금오공과대학교"",""국립"",""경북"",""대학"",""73,010,318,180"",""9,370,433,830"",""10,680,493,600"",""450,000,000"",""2,050,000,000"",""-"",""-"",""2,144,115,800"",""53,396,200"",""882,780,000"",""2,762,008,623"",""82,662,678,573"",""18,277,482,850"",""452.27""]",2026-08-28T22:20:04.397Z
2022,0000241,대학,사립,경북,,김천대학교,"[""2022"",""0000241"",""김천대학교"",""사립"",""경북"",""대학"",""6,422,453,830"",""5,261,576,635"",""127,636,000"",""-"",""-"",""-"",""-"",""-"",""11,572,000"",""42,040,500"",""417,343,195"",""1,759,468,890"",""18,079,740,298"",""9.73""]",2026-08-28T22:20:04.397Z
2022,0000081,대학,사립,충남,,나사렛대학교,"[""2022"",""0000081"",""나사렛대학교"",""사립"",""충남"",""대학"",""19,030,058,966"",""11,708,817,950"",""30,582,000"",""200,000,000"",""-"",""58,500,000"",""555,000,000"",""90,000,000"",""6,000,000"",""252,552,250"",""2,602,186,406"",""11,116,061,672"",""34,513,419,970"",""32.21""]",2026-08-28T22:20:04.397Z
2022,0000216,대학,사립,광주,,남부대학교,"[""2022"",""0000216"",""남부대학교"",""사립"",""광주"",""대학"",""13,518,305,047"",""7,253,984,220"",""229,786,000"",""-"",""580,000,000"",""-"",""69,000,000"",""601,040,507"",""14,000,000"",""370,226,000"",""792,358,872"",""8,920,732,206"",""20,458,427,390"",""43.60""]",2026-08-28T22:20:04.397Z
2022,0000245,대학,사립,충남,,남서울대학교,"[""2022"",""0000245"",""남서울대학교"",""사립"",""충남"",""대학"",""28,950,454,054"",""20,813,103,760"",""1,561,024,000"",""145,700,000"",""-"",""-"",""101,100,000"",""171,398,000"",""40,111,640"",""529,427,000"",""1,389,402,964"",""12,075,513,898"",""73,559,653,250"",""16.42""]",2026-08-28T22:20:04.397Z
2022,0000082,대학,사립,경기,,단국대학교,"[""2022"",""0000082"",""단국대학교"",""사립"",""경기"",""대학"",""78,672,818,990"",""40,462,566,857"",""19,650,171,000"",""450,000,000"",""8,020,590,667"",""320,000,000"",""272,000,000"",""730,442,947"",""865,831,510"",""8,490,437,440"",""3,724,627,648"",""80,734,353,345"",""220,425,179,941"",""36.63""]",2026-08-28T22:20:04.397Z
2022,0000088,대학,사립,경북,,대구가톨릭대학교,"[""2022"",""0000088"",""대구가톨릭대학교"",""사립"",""경북"",""대학"",""42,187,097,288"",""25,298,299,070"",""7,420,866,000"",""-"",""1,234,320,000"",""25,000,000"",""188,974,000"",""39,780,800"",""132,807,000"",""1,981,192,570"",""4,783,299,034"",""32,695,037,622"",""85,240,409,060"",""38.36""]",2026-08-28T22:20:04.397Z
2022,0000382,대학,특별법법인,대구,,대구경북과학기술원,"[""2022"",""0000382"",""대구경북과학기술원"",""특별법법인"",""대구"",""대학"",""3,265,677,631"","""",""118,941,664,000"",""-"",""2,413,331,001"",""574,000,000"",""-"",""-"",""-"",""1,291,680,000"",""2,027,100,000"",""128,513,452,632"",""-"",""""]",2026-08-28T22:20:04.397Z
2022,0000084,대학,사립,경북,,대구대학교,"[""2022"",""0000084"",""대구대학교"",""사립"",""경북"",""대학"",""65,311,568,567"",""39,691,759,420"",""4,932,243,000"",""450,000,000"",""614,000,000"",""-"",""195,922,200"",""1,315,476,800"",""715,663,700"",""1,306,119,886"",""1,882,542,933"",""37,031,777,666"",""116,029,444,207"",""31.92""]",2026-08-28T22:20:04.397Z
2022,0000087,대학,사립,경북,,대구예술대학교,"[""2022"",""0000087"",""대구예술대학교"",""사립"",""경북"",""대학"",""1,658,932,966"",""1,470,692,999"",""-"",""-"",""-"",""-"",""56,000,000"",""-"",""-"",""16,856,000"",""10,500,000"",""271,595,967"",""4,679,283,402"",""5.80""]",2026-08-28T22:20:04.397Z
2022,0000061,대학,사립,경북,,대구한의대학교,"[""2022"",""0000061"",""대구한의대학교"",""사립"",""경북"",""대학"",""35,434,420,530"",""15,923,426,690"",""3,320,937,000"",""200,000,000"",""26,666,667"",""277,600,000"",""230,000,000"",""627,680,800"",""315,599,760"",""1,268,601,990"",""2,549,631,140"",""28,327,711,197"",""46,569,059,056"",""60.83""]",2026-08-28T22:20:04.397Z
2022,0000093,대학,사립,경북,,대신대학교,"[""2022"",""0000093"",""대신대학교"",""사립"",""경북"",""대학"",""1,966,854,557"",""1,754,812,000"",""-"",""-"",""-"",""-"",""-"",""-"",""-"",""36,183,000"",""-"",""248,225,557"",""3,615,064,480"",""6.87""]",2026-08-28T22:20:04.397Z
2022,0000094,대학,사립,세종,,대전가톨릭대학교,"[""2022"",""0000094"",""대전가톨릭대학교"",""사립"",""세종"",""대학"",""65,040,000"",""62,265,000"",""100,000,000"",""375,000,000"",""-"",""-"",""-"",""-"",""-"",""-"",""719,000"",""478,494,000"",""316,130,000"",""151.36""]",2026-08-28T22:20:04.397Z
2022,0000095,대학,사립,대전,,대전대학교,"[""2022"",""0000095"",""대전대학교"",""사립"",""대전"",""대학"",""34,501,614,292"",""18,715,725,269"",""2,270,917,000"",""257,075,000"",""676,593,000"",""1,970,000,000"",""81,000,000"",""408,555,000"",""241,336,000"",""1,974,129,575"",""11,322,002,454"",""34,987,497,052"",""63,858,809,819"",""54.79""]",2026-08-28T22:20:04.397Z
2022,0000238,대학,사립,대전,,대전신학대학교,"[""2022"",""0000238"",""대전신학대학교"",""사립"",""대전"",""대학"",""299,537,457"",""185,779,000"",""-"",""-"",""-"",""-"",""-"",""-"",""-"",""-"",""-"",""113,758,457"",""796,397,000"",""14.28""]",2026-08-28T22:20:04.397Z
2022,0000097,대학,사립,경기,,대진대학교,"[""2022"",""0000097"",""대진대학교"",""사립"",""경기"",""대학"",""30,040,632,874"",""17,580,016,150"",""532,964,000"",""580,500,000"",""554,000,000"",""-"",""-"",""344,802,941"",""42,059,000"",""448,106,500"",""1,330,359,018"",""16,293,408,183"",""56,937,369,330"",""28.62""]",2026-08-28T22:20:04.397Z
2022,0000099,대학,사립,서울,,덕성여자대학교,"[""2022"",""0000099"",""덕성여자대학교"",""사립"",""서울"",""대학"",""17,680,522,462"",""8,943,821,737"",""2,484,547,000"",""440,000,000"",""-"",""100,000,000"",""40,000,000"",""90,000,000"",""19,621,000"",""498,735,000"",""679,770,877"",""13,089,374,602"",""38,982,058,515"",""33.58""]",2026-08-28T22:20:04.397Z
2022,0000100,대학,사립,서울,,동국대학교,"[""2022"",""0000100"",""동국대학교"",""사립"",""서울"",""대학"",""49,809,862,744"",""20,203,463,540"",""23,648,479,000"",""-"",""5,330,643,667"",""4,362,680,000"",""3,621,600,000"",""1,963,957,941"",""535,573,000"",""6,964,176,068"",""826,104,508"",""76,859,613,388"",""208,342,779,184"",""36.89""]",2026-08-28T22:20:04.397Z
2022,0000101,대학,사립,경북,,동국대학교(WISE),"[""2022"",""0000101"",""동국대학교(WISE)"",""사립"",""경북"",""대학"",""25,104,587,303"",""14,321,139,001"",""3,852,305,800"",""450,000,000"",""360,667,000"",""355,000,000"",""12,000,000"",""-"",""68,768,000"",""477,216,800"",""4,748,526,591"",""21,107,932,493"",""-"",""""]",2026-08-28T22:20:04.397Z
2022,0000102,대학,사립,서울,,동덕여자대학교,"[""2022"",""0000102"",""동덕여자대학교"",""사립"",""서울"",""대학"",""18,997,110,154"",""12,420,811,890"",""885,626,000"",""-"",""95,000,000"",""136,600,000"",""110,000,000"",""-"",""100,656,500"",""546,737,000"",""1,052,160,393"",""9,503,078,157"",""51,119,533,967"",""18.59""]",2026-08-28T22:20:04.397Z
2022,0000235,대학,사립,부산,,동명대학교,"[""2022"",""0000235"",""동명대학교"",""사립"",""부산"",""대학"",""33,047,281,470"",""18,831,533,260"",""2,499,933,000"",""380,000,000"",""235,000,000"",""-"",""293,949,980"",""106,000,000"",""8,500,000"",""983,414,600"",""969,509,750"",""19,692,055,540"",""46,986,879,470"",""41.91""]",2026-08-28T22:20:04.397Z
2022,0000103,대학,사립,부산,,동서대학교,"[""2022"",""0000103"",""동서대학교"",""사립"",""부산"",""대학"",""39,215,059,389"",""23,408,925,041"",""4,023,423,000"",""735,000,000"",""150,000,000"",""-"",""452,200,000"",""225,192,000"",""49,500,000"",""299,703,000"",""799,124,674"",""22,540,277,022"",""59,955,248,911"",""37.60""]",2026-08-28T22:20:04.397Z
2022,0000104,대학,사립,전남,,동신대학교,"[""2022"",""0000104"",""동신대학교"",""사립"",""전남"",""대학"",""27,272,887,110"",""16,351,203,520"",""2,622,246,000"",""450,000,000"",""613,500,000"",""885,000,000"",""196,000,000"",""642,182,007"",""81,154,000"",""400,298,000"",""10,459,952,964"",""27,272,016,561"",""42,549,046,770"",""64.10""]",2026-08-28T22:20:04.397Z
2022,0000105,대학,사립,부산,,동아대학교,"[""2022"",""0000105"",""동아대학교"",""사립"",""부산"",""대학"",""67,836,155,857"",""42,364,423,607"",""11,276,297,000"",""686,080,000"",""3,058,566,667"",""775,500,000"",""262,270,000"",""1,225,565,000"",""284,764,000"",""5,541,414,770"",""1,218,906,067"",""49,801,095,754"",""134,861,262,146"",""36.93""]",2026-08-28T22:20:04.397Z
2022,0000106,대학,사립,경북,,동양대학교,"[""2022"",""0000106"",""동양대학교"",""사립"",""경북"",""대학"",""11,586,680,247"",""8,958,815,740"",""126,689,000"",""-"",""-"",""-"",""40,000,000"",""39,780,800"",""4,000,000"",""229,428,500"",""1,010,291,860"",""4,078,054,667"",""25,579,216,977"",""15.94""]",2026-08-28T22:20:04.397Z
2022,0000107,대학,사립,부산,,동의대학교,"[""2022"",""0000107"",""동의대학교"",""사립"",""부산"",""대학"",""52,822,333,080"",""35,072,634,650"",""4,423,162,000"",""711,457,994"",""1,101,690,000"",""495,000,000"",""215,750,000"",""29,000,000"",""26,500,000"",""1,159,187,200"",""815,160,659"",""26,726,606,283"",""98,007,477,690"",""27.27""]",2026-08-28T22:20:04.397Z
2022,0000108,대학,사립,경기,,루터대학교,"[""2022"",""0000108"",""루터대학교"",""사립"",""경기"",""대학"",""3,097,511,973"",""801,087,000"",""-"",""-"",""70,000,000"",""-"",""-"",""-"",""-"",""3,150,000"",""318,272,711"",""2,687,847,684"",""2,339,874,800"",""114.87""]",2026-08-28T22:20:04.397Z
2022,0000109,대학,사립,경기,,명지대학교,"[""2022"",""0000109"",""명지대학교"",""사립"",""경기"",""대학"",""38,605,381,328"",""24,808,771,200"",""7,972,283,000"",""450,000,000"",""2,471,000,000"",""-"",""246,000,000"",""417,802,000"",""210,000,000"",""3,762,563,110"",""184,183,269"",""29,510,441,507"",""128,164,149,951"",""23.03""]",2026-08-28T22:20:04.397Z
2022,0000112,대학,사립,대전,,목원대학교,"[""2022"",""0000112"",""목원대학교"",""사립"",""대전"",""대학"",""25,931,193,558"",""17,155,835,130"",""690,380,000"",""200,000,000"",""300,000,000"",""-"",""111,720,000"",""39,000,000"",""88,200,000"",""260,896,830"",""2,348,334,365"",""12,813,889,623"",""51,762,567,270"",""24.76""]",2026-08-28T22:20:04.397Z
2022,0000221,대학,사립,전남,,목포가톨릭대학교,"[""2022"",""0000221"",""목포가톨릭대학교"",""사립"",""전남"",""대학"",""3,167,209,820"",""1,629,403,000"",""-"",""-"",""-"",""200,000,000"",""-"",""-"",""13,000,000"",""17,078,000"",""200,000,000"",""1,967,884,820"",""3,205,278,340"",""61.40""]",2026-08-28T22:20:04.397Z
2022,0000011,대학,국립,전남,,국립목포대학교,"[""2022"",""0000011"",""국립목포대학교"",""국립"",""전남"",""대학"",""96,586,079,251"",""13,399,841,170"",""5,246,496,000"",""442,000,000"",""7,789,250,000"",""-"",""461,000,000"",""1,466,182,007"",""627,199,200"",""1,788,121,000"",""5,639,064,984"",""106,645,551,272"",""22,202,676,753"",""480.33""]",2026-08-28T22:20:04.397Z
2022,0000012,대학,국립,전남,,국립목포해양대학교,"[""2022"",""0000012"",""국립목포해양대학교"",""국립"",""전남"",""대학"",""68,836,208,548"",""3,960,182,660"",""369,851,000"",""-"",""1,758,000,000"",""-"",""-"",""343,982,007"",""-"",""834,802,150"",""897,806,338"",""69,080,467,383"",""7,818,183,950"",""883.59""]",2026-08-28T22:20:04.397Z
2022,0000113,대학,사립,대전,,배재대학교,"[""2022"",""0000113"",""배재대학교"",""사립"",""대전"",""대학"",""27,493,344,593"",""16,835,587,020"",""3,698,500,000"",""530,000,000"",""54,000,000"",""-"",""335,893,280"",""230,000,000"",""231,545,000"",""363,960,330"",""11,050,619,428"",""27,152,275,611"",""54,026,459,185"",""50.26""]",2026-08-28T22:20:04.397Z
2022,0000178,대학,사립,충남,,백석대학교,"[""2022"",""0000178"",""백석대학교"",""사립"",""충남"",""대학"",""35,272,553,919"",""27,503,024,620"",""610,454,000"",""1,056,400,000"",""51,500,000"",""200,000,000"",""102,300,000"",""344,000,000"",""27,841,290"",""127,130,875"",""5,122,210,090"",""15,411,365,554"",""108,496,464,680"",""14.20""]",2026-08-28T22:20:04.397Z
2022,0000013,대학,국립,부산,,국립부경대학교,"[""2022"",""0000013"",""국립부경대학교"",""국립"",""부산"",""대학"",""195,680,286,757"",""25,649,059,360"",""22,456,462,500"",""468,300,000"",""6,048,818,333"",""128,800,000"",""-"",""543,442,500"",""99,325,960"",""13,539,737,430"",""1,547,749,441"",""214,863,863,561"",""57,636,339,480"",""372.79""]",2026-08-28T22:20:04.397Z
2022,0000114,대학,사립,부산,,부산가톨릭대학교,"[""2022"",""0000114"",""부산가톨릭대학교"",""사립"",""부산"",""대학"",""16,986,828,713"",""9,135,754,658"",""806,184,000"",""130,086,000"",""-"",""-"",""114,694,100"",""107,000,000"",""9,500,000"",""20,150,000"",""109,217,000"",""9,147,905,155"",""24,788,979,044"",""36.90""]",2026-08-28T22:20:04.397Z
2022,0000014,대학,국립,부산,,부산대학교,"[""2022"",""0000014"",""부산대학교"",""국립"",""부산"",""대학"",""310,273,781,304"",""28,964,388,780"",""82,607,947,000"",""-"",""19,650,440,667"",""2,600,920,000"",""866,000,000"",""2,874,240,000"",""635,548,000"",""11,897,011,060"",""6,011,014,036"",""408,452,513,287"",""104,751,899,850"",""389.92""]",2026-08-28T22:20:04.397Z
2022,0000115,대학,사립,부산,,부산외국어대학교,"[""2022"",""0000115"",""부산외국어대학교"",""사립"",""부산"",""대학"",""23,872,721,773"",""13,581,447,430"",""250,000,000"",""654,315,000"",""235,000,000"",""-"",""48,000,000"",""-"",""22,000,000"",""485,064,751"",""151,011,996"",""12,136,666,090"",""42,120,761,310"",""28.81""]",2026-08-28T22:20:04.397Z
2022,0000222,대학,사립,경남,,부산장신대학교,"[""2022"",""0000222"",""부산장신대학교"",""사립"",""경남"",""대학"",""814,192,227"",""540,672,000"",""-"",""-"",""170,000,000"",""-"",""-"",""-"",""-"",""5,966,000"",""-"",""449,486,227"",""1,947,645,387"",""23.08""]",2026-08-28T22:20:04.397Z
2022,0000116,대학,사립,서울,,삼육대학교,"[""2022"",""0000116"",""삼육대학교"",""사립"",""서울"",""대학"",""18,500,795,899"",""11,349,555,334"",""3,227,603,000"",""903,000,000"",""208,000,000"",""215,000,000"",""336,350,000"",""116,155,000"",""72,968,000"",""564,846,300"",""1,024,403,984"",""13,819,566,849"",""46,614,429,618"",""29.65""]",2026-08-28T22:20:04.397Z
2022,0000117,대학,사립,서울,,상명대학교,"[""2022"",""0000117"",""상명대학교"",""사립"",""서울"",""대학"",""35,881,862,661"",""23,458,004,900"",""7,614,174,800"",""450,000,000"",""467,941,000"",""75,709,640"",""14,721,559,000"",""73,000,000"",""108,962,000"",""772,455,800"",""5,880,220,172"",""42,587,880,173"",""103,138,668,450"",""41.29""]",2026-08-28T22:20:04.397Z
2022,0000119,대학,사립,강원,,상지대학교,"[""2022"",""0000119"",""상지대학교"",""사립"",""강원"",""대학"",""15,303,058,726"",""11,201,869,170"",""2,272,628,000"",""-"",""80,000,000"",""665,000,000"",""133,450,210"",""144,000,000"",""603,028,020"",""938,811,000"",""3,164,432,029"",""12,102,538,815"",""45,994,771,450"",""26.31""]",2026-08-28T22:20:04.397Z
2022,0000120,대학,사립,서울,,서강대학교,"[""2022"",""0000120"",""서강대학교"",""사립"",""서울"",""대학"",""33,094,671,939"",""8,662,586,701"",""21,004,008,000"",""-"",""4,767,832,333"",""292,500,000"",""276,169,800"",""94,155,000"",""11,934,000"",""1,773,914,900"",""435,496,546"",""53,088,095,817"",""107,414,143,745"",""49.42""]",2026-08-28T22:20:04.397Z
2022,0000121,대학,사립,서울,,서경대학교,"[""2022"",""0000121"",""서경대학교"",""사립"",""서울"",""대학"",""18,382,941,877"",""11,287,161,900"",""541,307,000"",""-"",""351,000,000"",""-"",""890,000,000"",""-"",""27,480,984"",""4,688,878,410"",""1,826,550,746"",""15,420,997,117"",""50,378,277,225"",""30.61""]",2026-08-28T22:20:04.397Z
2022,0000036,대학,국립,서울,,서울과학기술대학교,"[""2022"",""0000036"",""서울과학기술대학교"",""국립"",""서울"",""대학"",""120,108,406,796"",""14,885,200,575"",""16,595,234,600"",""450,000,000"",""6,263,548,000"",""187,000,000"",""545,000,000"",""1,914,155,000"",""426,000,000"",""6,058,839,480"",""686,068,674"",""138,349,051,975"",""53,731,846,330"",""257.48""]",2026-08-28T22:20:04.397Z
2022,0000098,대학,사립,서울,,서울기독대학교,"[""2022"",""0000098"",""서울기독대학교"",""사립"",""서울"",""대학"",""971,155,594"",""900,701,667"",""-"",""-"",""-"",""-"",""-"",""-"",""-"",""12,067,500"",""10,078,455"",""92,599,882"",""3,438,484,867"",""2.69""]",2026-08-28T22:20:04.397Z
2022,0000019,대학,국립대법인,서울,,서울대학교,"[""2022"",""0000019"",""서울대학교"",""국립대법인"",""서울"",""대학"",""698,841,266,194"",""14,382,075,400"",""277,910,888,500"",""-"",""30,389,815,926"",""15,650,938,970"",""3,004,798,420"",""39,802,941"",""8,183,204,600"",""60,398,506,564"",""11,160,827,808"",""1,091,197,974,523"",""-"",""""]",2026-08-28T22:20:04.397Z
2022,0000040,대학,공립,서울,,서울시립대학교,"[""2022"",""0000040"",""서울시립대학교"",""공립"",""서울"",""대학"",""27,328,354,789"",""7,606,304,460"",""15,294,331,000"",""-"",""1,885,626,000"",""55,250,000"",""-"",""25,355,000"",""156,486,000"",""7,272,598,896"",""90,345,739,279"",""134,757,436,504"",""32,810,755,510"",""410.71""]",2026-08-28T22:20:04.397Z
2022,0000125,대학,사립,경기,,서울신학대학교,"[""2022"",""0000125"",""서울신학대학교"",""사립"",""경기"",""대학"",""10,684,605,884"",""6,330,491,880"",""82,602,000"",""-"",""-"",""-"",""77,629,700"",""-"",""-"",""8,898,500"",""167,179,275"",""4,690,423,479"",""17,803,205,300"",""26.35""]",2026-08-28T22:20:04.397Z
2022,0000126,대학,사립,서울,,서울여자대학교,"[""2022"",""0000126"",""서울여자대학교"",""사립"",""서울"",""대학"",""20,559,233,558"",""13,428,993,160"",""1,620,820,000"",""200,000,000"",""569,908,000"",""223,143,000"",""352,013,300"",""-"",""660,317,000"",""724,562,000"",""3,286,427,186"",""14,767,430,884"",""51,038,305,840"",""28.93""]",2026-08-28T22:20:04.397Z
2022,0000127,대학,사립,경기,,서울장신대학교,"[""2022"",""0000127"",""서울장신대학교"",""사립"",""경기"",""대학"",""1,447,427,951"",""1,151,879,000"",""-"",""-"",""-"",""-"",""-"",""-"",""-"",""3,471,000"",""5,218,205"",""304,238,156"",""4,659,508,168"",""6.53""]",2026-08-28T22:20:04.397Z
2022,0000205,대학,사립,서울,,서울한영대학교,"[""2022"",""0000205"",""서울한영대학교"",""사립"",""서울"",""대학"",""2,085,090,042"",""1,657,152,700"",""-"",""-"",""-"",""-"",""-"",""-"",""5,500,000"",""2,359,500"",""1,341,103"",""437,137,945"",""5,997,702,007"",""7.29""]",2026-08-28T22:20:04.397Z
2022,0000128,대학,사립,충북,,서원대학교,"[""2022"",""0000128"",""서원대학교"",""사립"",""충북"",""대학"",""22,591,081,039"",""15,799,077,984"",""576,763,800"",""221,587,337"",""-"",""80,000,000"",""5,306,968,980"",""39,000,000"",""84,676,140"",""119,256,500"",""1,134,080,772"",""14,354,336,584"",""42,381,408,795"",""33.87""]",2026-08-28T22:20:04.397Z
2022,0000129,대학,사립,충남,,선문대학교,"[""2022"",""0000129"",""선문대학교"",""사립"",""충남"",""대학"",""36,990,117,761"",""21,002,925,350"",""4,594,544,100"",""190,000,000"",""953,300,000"",""120,000,000"",""56,000,000"",""411,000,000"",""78,099,230"",""675,466,500"",""1,151,113,254"",""24,216,715,495"",""67,836,816,077"",""35.70""]",2026-08-28T22:20:04.397Z
2022,0000131,대학,사립,경기,,성결대학교,"[""2022"",""0000131"",""성결대학교"",""사립"",""경기"",""대학"",""16,354,623,630"",""10,871,839,218"",""317,110,000"",""450,000,000"",""-"",""-"",""9,527,162,600"",""-"",""15,500,000"",""432,924,500"",""5,143,629,554"",""21,369,111,066"",""38,034,396,458"",""56.18""]",2026-08-28T22:20:04.397Z
2022,0000132,대학,사립,서울,,성공회대학교,"[""2022"",""0000132"",""성공회대학교"",""사립"",""서울"",""대학"",""7,843,782,276"",""4,343,366,200"",""30,964,000"",""-"",""-"",""-"",""-"",""-"",""10,500,000"",""72,441,200"",""141,698,529"",""3,756,019,805"",""15,880,914,050"",""23.65""]",2026-08-28T22:20:04.397Z
2022,0000133,대학,사립,서울,,성균관대학교,"[""2022"",""0000133"",""성균관대학교"",""사립"",""서울"",""대학"",""104,591,565,280"",""21,709,010,400"",""142,564,987,000"",""80,000,000"",""29,871,086,667"",""3,997,365,000"",""1,576,000,000"",""203,562,941"",""662,114,000"",""15,846,853,547"",""1,445,574,104"",""279,130,098,139"",""281,558,723,600"",""99.14""]",2026-08-28T22:20:04.397Z
2022,0000136,대학,사립,서울,,성신여자대학교,"[""2022"",""0000136"",""성신여자대학교"",""사립"",""서울"",""대학"",""25,702,234,483"",""16,311,429,334"",""3,832,505,000"",""450,000,000"",""886,125,000"",""611,900,000"",""119,785,900"",""-"",""34,576,000"",""812,598,500"",""978,287,934"",""17,116,583,483"",""77,255,388,675"",""22.16""]",2026-08-28T22:20:04.397Z
2022,0000137,대학,사립,충북,,세명대학교,"[""2022"",""0000137"",""세명대학교"",""사립"",""충북"",""대학"",""25,297,639,483"",""17,177,962,480"",""944,905,500"",""200,000,000"",""88,000,000"",""30,000,000"",""-"",""39,000,000"",""210,506,000"",""1,074,450,500"",""2,164,192,005"",""12,870,731,008"",""47,090,571,690"",""27.33""]",2026-08-28T22:20:04.397Z
2022,0000138,대학,사립,서울,,세종대학교,"[""2022"",""0000138"",""세종대학교"",""사립"",""서울"",""대학"",""35,386,056,642"",""18,124,844,700"",""26,512,287,000"",""450,000,000"",""7,701,208,333"",""361,900,000"",""404,000,000"",""178,000,000"",""1,450,474,000"",""8,241,163,810"",""2,139,089,261"",""64,699,334,346"",""125,657,072,306"",""51.49""]",2026-08-28T22:20:04.397Z
2022,0000092,대학,사립,전남,,세한대학교,"[""2022"",""0000092"",""세한대학교"",""사립"",""전남"",""대학"",""9,154,772,235"",""8,443,777,450"",""41,566,000"",""-"",""-"",""-"",""130,000,000"",""-"",""16,500,000"",""68,155,000"",""107,360,915"",""1,074,576,700"",""21,301,723,540"",""5.04""]",2026-08-28T22:20:04.397Z
2022,0000243,대학,사립,광주,,송원대학교,"[""2022"",""0000243"",""송원대학교"",""사립"",""광주"",""대학"",""16,062,345,733"",""6,874,403,150"",""97,900,000"",""-"",""-"",""-"",""35,000,000"",""-"",""24,500,000"",""70,637,500"",""213,893,028"",""9,629,873,111"",""18,853,097,630"",""51.08""]",2026-08-28T22:20:04.397Z
2022,0000139,대학,사립,경기,,수원가톨릭대학교,"[""2022"",""0000139"",""수원가톨릭대학교"",""사립"",""경기"",""대학"",""240,319,050"",""235,441,800"",""-"",""-"",""-"",""-"",""-"",""-"",""-"",""1,274,250"",""-"",""6,151,500"",""958,873,500"",""0.64""]",2026-08-28T22:20:04.397Z
2022,0000140,대학,사립,경기,,수원대학교,"[""2022"",""0000140"",""수원대학교"",""사립"",""경기"",""대학"",""18,321,523,687"",""16,345,050,650"",""1,350,119,000"",""450,000,000"",""717,500,000"",""-"",""-"",""1,692,780,000"",""27,188,000"",""577,172,000"",""2,427,423,947"",""9,218,655,984"",""68,383,084,050"",""13.48""]",2026-08-28T22:20:04.397Z
2022,0000141,대학,사립,서울,,숙명여자대학교,"[""2022"",""0000141"",""숙명여자대학교"",""사립"",""서울"",""대학"",""35,398,855,844"",""14,920,780,500"",""15,397,374,000"",""450,000,000"",""2,009,700,000"",""170,000,000"",""200,000,000"",""-"",""886,929,000"",""2,366,137,500"",""709,098,800"",""42,667,314,644"",""102,221,996,657"",""41.74""]",2026-08-28T22:20:04.397Z
2022,0000020,대학,국립,전남,,국립순천대학교,"[""2022"",""0000020"",""국립순천대학교"",""국립"",""전남"",""대학"",""93,874,484,905"",""12,081,299,310"",""7,281,937,000"",""80,000,000"",""2,419,300,000"",""6,700,000"",""243,860,000"",""965,932,007"",""2,453,546,825"",""3,479,710,000"",""7,574,317,012"",""106,298,488,439"",""26,439,282,923"",""402.05""]",2026-08-28T22:20:04.397Z
2022,0000142,대학,사립,충남,,순천향대학교,"[""2022"",""0000142"",""순천향대학교"",""사립"",""충남"",""대학"",""47,347,678,967"",""20,746,293,140"",""18,688,735,000"",""453,000,000"",""4,820,579,000"",""1,777,643,000"",""6,563,420,000"",""1,079,000,000"",""20,344,000"",""3,661,658,253"",""4,202,324,069"",""67,868,089,149"",""90,761,395,520"",""74.78""]",2026-08-28T22:20:04.397Z
2022,0000143,대학,사립,서울,,숭실대학교,"[""2022"",""0000143"",""숭실대학교"",""사립"",""서울"",""대학"",""41,572,758,958"",""19,991,934,700"",""23,744,401,000"",""450,000,000"",""4,595,506,667"",""500,000,000"",""190,000,000"",""498,289,000"",""752,469,130"",""1,443,074,000"",""291,902,585"",""54,046,466,640"",""136,122,954,400"",""39.70""]",2026-08-28T22:20:04.397Z
2022,0000233,대학,사립,경기,,화성의과학대학교,"[""2022"",""0000233"",""화성의과학대학교"",""사립"",""경기"",""대학"",""127,020,941"",""20,848,410"",""-"",""-"",""-"",""-"",""-"",""-"",""-"",""1,065,029,814"",""-"",""1,171,202,345"",""2,738,418,810"",""42.77""]",2026-08-28T22:20:04.397Z
2022,0000144,대학,사립,부산,,신라대학교,"[""2022"",""0000144"",""신라대학교"",""사립"",""부산"",""대학"",""32,979,180,818"",""17,405,058,240"",""785,252,000"",""581,930,000"",""760,000,000"",""184,111,150"",""33,300,000"",""-"",""273,018,000"",""481,697,160"",""2,144,001,183"",""20,817,432,071"",""48,880,731,443"",""42.59""]",2026-08-28T22:20:04.397Z
2022,0002712,대학,사립,경기,,신한대학교,"[""2022"",""0002712"",""신한대학교"",""사립"",""경기"",""대학"",""20,222,551,834"",""14,954,826,270"",""304,666,500"",""888,752,800"",""-"",""-"",""5,000,000"",""-"",""19,000,000"",""610,970,434"",""3,759,299,187"",""10,855,414,485"",""55,667,074,052"",""19.50""]",2026-08-28T22:20:04.397Z
2022,0000145,대학,사립,경기,,아신대학교,"[""2022"",""0000145"",""아신대학교"",""사립"",""경기"",""대학"",""1,712,179,249"",""1,406,923,000"",""-"",""-"",""-"",""-"",""-"",""-"",""1,500,000"",""19,668,000"",""600,300,813"",""926,725,062"",""5,922,123,670"",""15.65""]",2026-08-28T22:20:04.397Z
2022,0000146,대학,사립,경기,,아주대학교,"[""2022"",""0000146"",""아주대학교"",""사립"",""경기"",""대학"",""45,402,922,668"",""14,381,397,100"",""46,267,194,000"",""847,000,000"",""7,586,799,999"",""4,668,766,000"",""138,328,800"",""116,802,941"",""51,880,000"",""8,280,773,000"",""1,472,430,728"",""100,451,501,036"",""122,302,447,100"",""82.13""]",2026-08-28T22:20:04.397Z
2022,0000021,대학,국립,경북,,국립경국대학교,"[""2022"",""0000021"",""국립경국대학교"",""국립"",""경북"",""대학"",""74,652,586,003"",""9,413,036,940"",""4,437,533,700"",""200,000,000"",""792,000,000"",""-"",""150,500,000"",""299,780,800"",""1,038,259,700"",""3,218,297,320"",""5,912,065,600"",""81,287,986,183"",""17,100,788,800"",""475.35""]",2026-08-28T22:20:04.397Z
2022,0000147,대학,사립,경기,,안양대학교,"[""2022"",""0000147"",""안양대학교"",""사립"",""경기"",""대학"",""16,091,708,930"",""10,394,876,467"",""422,602,000"",""200,000,000"",""230,000,000"",""-"",""75,250,000"",""29,802,941"",""21,975,922"",""2,564,428,800"",""1,551,975,096"",""10,792,867,222"",""37,354,389,342"",""28.89""]",2026-08-28T22:20:04.397Z
2022,0000149,대학,사립,서울,,연세대학교,"[""2022"",""0000149"",""연세대학교"",""사립"",""서울"",""대학"",""108,798,136,285"",""21,449,816,164"",""157,110,245,000"",""-"",""30,972,340,333"",""29,130,905,000"",""1,125,000,000"",""539,155,000"",""1,213,097,000"",""25,351,540,549"",""905,286,828"",""333,695,889,831"",""404,156,048,264"",""82.57""]",2026-08-28T22:20:04.397Z
2022,0000150,대학,사립,강원,,연세대학교(미래),"[""2022"",""0000150"",""연세대학교(미래)"",""사립"",""강원"",""대학"",""27,520,741,577"",""11,306,314,100"",""10,514,370,422"",""-"",""839,141,667"",""2,001,609,450"",""39,000,000"",""669,000,000"",""51,760,000"",""1,646,380,250"",""2,487,563,280"",""34,463,252,546"",""-"",""""]",2026-08-28T22:20:04.397Z
2022,0000151,대학,사립,경북,,영남대학교,"[""2022"",""0000151"",""영남대학교"",""사립"",""경북"",""대학"",""78,513,985,632"",""43,512,258,320"",""18,617,104,800"",""412,500,000"",""6,236,450,333"",""161,000,000"",""477,700,000"",""337,700,800"",""1,671,201,720"",""3,351,266,733"",""8,452,557,603"",""74,719,209,301"",""167,133,635,370"",""44.71""]",2026-08-28T22:20:04.397Z
2022,0000153,대학,사립,경북,,영남신학대학교,"[""2022"",""0000153"",""영남신학대학교"",""사립"",""경북"",""대학"",""1,566,792,130"",""1,349,571,300"",""-"",""-"",""-"",""-"",""-"",""-"",""2,000,000"",""4,562,000"",""-"",""223,782,830"",""3,943,737,600"",""5.67""]",2026-08-28T22:20:04.397Z
2022,0003193,대학,사립,경남,,영산대학교,"[""2022"",""0003193"",""영산대학교"",""사립"",""경남"",""대학"",""20,540,651,942"",""13,999,236,880"",""393,771,000"",""524,400,000"",""89,200,000"",""-"",""104,000,000"",""68,000,000"",""52,999,977"",""126,989,160"",""678,844,006"",""8,579,619,205"",""34,027,580,260"",""25.21""]",2026-08-28T22:20:04.397Z
2022,0000228,대학,사립,전북,,예수대학교,"[""2022"",""0000228"",""예수대학교"",""사립"",""전북"",""대학"",""2,741,625,528"",""1,424,469,000"",""-"",""-"",""-"",""-"",""-"",""-"",""4,000,000"",""-"",""1,405,637"",""1,322,562,165"",""3,706,606,490"",""35.68""]",2026-08-28T22:20:04.397Z
2022,0000218,대학,사립,전북,,예원예술대학교,"[""2022"",""0000218"",""예원예술대학교"",""사립"",""전북"",""대학"",""2,207,641,184"",""2,055,678,666"",""-"",""-"",""-"",""-"",""-"",""-"",""3,500,000"",""10,437,500"",""5,624,292"",""171,524,310"",""12,404,803,160"",""1.38""]",2026-08-28T22:20:04.397Z
2022,0000156,대학,사립,경기,,용인대학교,"[""2022"",""0000156"",""용인대학교"",""사립"",""경기"",""대학"",""14,280,639,192"",""11,624,792,000"",""179,000,000"",""-"",""80,000,000"",""325,041,950"",""163,000,000"",""-"",""58,085,000"",""568,666,660"",""855,686,435"",""4,885,327,237"",""46,261,087,000"",""10.56""]",2026-08-28T22:20:04.397Z
2022,0000157,대학,사립,전북,,우석대학교,"[""2022"",""0000157"",""우석대학교"",""사립"",""전북"",""대학"",""28,949,677,763"",""14,753,567,398"",""1,716,489,800"",""170,100,000"",""910,000,000"",""365,000,000"",""180,000,000"",""-"",""113,988,000"",""563,744,650"",""864,903,860"",""19,080,336,675"",""51,484,158,862"",""37.06""]",2026-08-28T22:20:04.397Z
2022,0000240,대학,사립,대전,,우송대학교,"[""2022"",""0000240"",""우송대학교"",""사립"",""대전"",""대학"",""32,478,011,798"",""20,071,957,420"",""2,106,202,000"",""-"",""126,000,000"",""-"",""-"",""-"",""165,916,360"",""903,542,820"",""2,524,465,135"",""18,232,180,693"",""75,815,688,660"",""24.05""]",2026-08-28T22:20:04.397Z
2022,0000250,대학,특별법법인,울산,,울산과학기술원,"[""2022"",""0000250"",""울산과학기술원"",""특별법법인"",""울산"",""대학"",""13,037,476,361"",""2,119,393,660"",""162,953,411,000"",""-"",""12,514,758,667"",""968,865,000"",""80,000,000"",""62,500,000"",""1,500,000"",""6,430,804,560"",""15,479,509,572"",""209,409,431,500"",""-"",""""]",2026-08-28T22:20:04.397Z
2022,0000158,대학,사립,울산,,울산대학교,"[""2022"",""0000158"",""울산대학교"",""사립"",""울산"",""대학"",""52,261,082,747"",""20,041,328,806"",""25,620,653,000"",""450,000,000"",""6,563,947,666"",""2,123,855,000"",""257,000,000"",""280,626,000"",""13,000,000"",""1,675,095,200"",""13,327,659,345"",""82,531,590,152"",""97,512,141,621"",""84.64""]",2026-08-28T22:20:04.397Z
2022,0000159,대학,사립,전북,,원광대학교,"[""2022"",""0000159"",""원광대학교"",""사립"",""전북"",""대학"",""57,805,012,609"",""30,516,566,558"",""15,362,010,000"",""450,000,000"",""407,666,666"",""1,720,200,000"",""159,036,000"",""-"",""776,775,500"",""2,843,556,250"",""3,033,693,231"",""52,041,383,698"",""106,665,600,791"",""48.79""]",2026-08-28T22:20:04.397Z
2022,0000160,대학,사립,경북,,위덕대학교,"[""2022"",""0000160"",""위덕대학교"",""사립"",""경북"",""대학"",""9,520,082,227"",""6,115,093,442"",""15,325,000"",""185,100,000"",""-"",""-"",""73,000,000"",""29,780,800"",""21,000,000"",""37,177,000"",""2,251,433,000"",""6,017,804,585"",""18,257,634,676"",""32.96""]",2026-08-28T22:20:04.397Z
2022,0000154,대학,사립,충북,,유원대학교,"[""2022"",""0000154"",""유원대학교"",""사립"",""충북"",""대학"",""10,449,220,501"",""8,929,355,039"",""-"",""136,800,000"",""23,250,000"",""-"",""-"",""39,000,000"",""21,500,000"",""51,037,400"",""24,034,104"",""1,815,486,966"",""22,926,317,384"",""7.92""]",2026-08-28T22:20:04.397Z
2022,0000161,대학,사립,대전,,을지대학교,"[""2022"",""0000161"",""을지대학교"",""사립"",""대전"",""대학"",""15,643,475,285"",""8,473,210,700"",""3,497,669,000"",""-"",""590,389,999"",""641,500,000"",""713,487,000"",""544,000,000"",""3,000,000"",""3,298,270,900"",""739,660,054"",""17,198,241,538"",""38,814,915,112"",""44.31""]",2026-08-28T22:20:04.397Z
2022,0000163,대학,사립,서울,,이화여자대학교,"[""2022"",""0000163"",""이화여자대학교"",""사립"",""서울"",""대학"",""51,107,198,892"",""18,116,431,360"",""48,806,230,000"",""-"",""2,434,238,959"",""2,115,050,000"",""497,300,000"",""94,155,000"",""588,152,220"",""6,290,736,988"",""973,153,065"",""94,789,783,764"",""200,994,722,400"",""47.16""]",2026-08-28T22:20:04.397Z
2022,0000164,대학,사립,경남,,인제대학교,"[""2022"",""0000164"",""인제대학교"",""사립"",""경남"",""대학"",""35,307,949,338"",""17,232,746,717"",""10,009,436,000"",""1,002,699,200"",""1,049,246,667"",""440,000,000"",""390,050,000"",""119,000,000"",""191,546,000"",""1,277,090,440"",""3,237,921,807"",""35,792,192,735"",""66,291,854,550"",""53.99""]",2026-08-28T22:20:04.397Z
2022,0000168,대학,사립,인천,,인천가톨릭대학교,"[""2022"",""0000168"",""인천가톨릭대학교"",""사립"",""인천"",""대학"",""3,729,897,360"",""1,230,847,914"",""30,000,000"",""-"",""-"",""26,200,000"",""-"",""-"",""-"",""804,198,500"",""2,146,273"",""3,361,594,219"",""6,044,620,789"",""55.61""]",2026-08-28T22:20:04.397Z
2022,0002660,대학,국립대법인,인천,,인천대학교,"[""2022"",""0002660"",""인천대학교"",""국립대법인"",""인천"",""대학"",""145,098,536,133"",""22,098,289,814"",""16,794,483,000"",""772,622,280"",""4,569,435,333"",""78,143,000"",""1,217,000,000"",""576,450,000"",""15,592,000"",""5,467,149,918"",""36,808,115,355"",""189,299,237,205"",""-"",""""]",2026-08-28T22:20:04.397Z
2022,0000169,대학,사립,인천,,인하대학교,"[""2022"",""0000169"",""인하대학교"",""사립"",""인천"",""대학"",""64,381,549,175"",""28,230,612,510"",""46,563,499,000"",""795,020,000"",""20,910,654,667"",""418,387,500"",""3,825,504,000"",""250,666,000"",""156,000,000"",""9,327,332,160"",""6,844,883,371"",""125,242,883,363"",""166,197,468,928"",""75.36""]",2026-08-28T22:20:04.397Z
2022,0000170,대학,사립,서울,,장로회신학대학교,"[""2022"",""0000170"",""장로회신학대학교"",""사립"",""서울"",""대학"",""2,477,474,878"",""1,882,067,320"",""-"",""-"",""-"",""-"",""-"",""-"",""-"",""9,156,500"",""460,768,209"",""1,065,332,267"",""15,692,853,553"",""6.79""]",2026-08-28T22:20:04.397Z
2022,0000023,대학,국립,광주,,전남대학교,"[""2022"",""0000023"",""전남대학교"",""국립"",""광주"",""대학"",""367,828,150,143"",""28,918,397,440"",""56,123,521,000"",""700,000,000"",""7,835,066,667"",""2,655,084,760"",""1,035,313,240"",""1,601,368,014"",""8,703,719,675"",""20,268,548,970"",""15,361,114,530"",""453,193,489,559"",""89,183,216,540"",""508.16""]",2026-08-28T22:20:04.397Z
2022,0000025,대학,국립,전북,,전북대학교,"[""2022"",""0000025"",""전북대학교"",""국립"",""전북"",""대학"",""295,520,806,983"",""26,405,455,490"",""40,920,404,000"",""-"",""12,522,400,667"",""829,000,000"",""844,357,000"",""1,829,275,000"",""8,532,972,425"",""13,358,823,400"",""19,444,103,407"",""367,396,687,392"",""81,286,319,950"",""451.98""]",2026-08-28T22:20:04.397Z
2022,0000171,대학,사립,전북,,전주대학교,"[""2022"",""0000171"",""전주대학교"",""사립"",""전북"",""대학"",""47,328,347,629"",""26,789,685,135"",""2,567,293,000"",""450,000,000"",""1,420,500,000"",""148,500,000"",""671,830,000"",""1,597,509,000"",""349,400,966"",""1,072,948,000"",""4,007,657,291"",""32,824,300,751"",""76,539,347,819"",""42.89""]",2026-08-28T22:20:04.397Z
2022,0000248,대학,사립,제주,,제주국제대학교,"[""2022"",""0000248"",""제주국제대학교"",""사립"",""제주"",""대학"",""611,599,904"",""442,968,000"",""-"",""-"",""-"",""-"",""-"",""30,825,000"",""-"",""5,850,000"",""30,199,402"",""235,506,306"",""3,649,910,000"",""6.45""]",2026-08-28T22:20:04.397Z
2022,0000027,대학,국립,제주,,제주대학교,"[""2022"",""0000027"",""제주대학교"",""국립"",""제주"",""대학"",""166,978,088,166"",""14,700,982,760"",""13,444,652,000"",""450,000,000"",""785,159,667"",""78,143,000"",""60,000,000"",""493,660,000"",""1,518,661,000"",""9,781,803,880"",""8,734,028,790"",""187,623,213,743"",""38,885,257,330"",""482.50""]",2026-08-28T22:20:04.397Z
2022,0000172,대학,사립,광주,,조선대학교,"[""2022"",""0000172"",""조선대학교"",""사립"",""광주"",""대학"",""71,922,518,020"",""41,412,663,590"",""18,218,857,600"",""899,452,150"",""4,654,043,667"",""150,000,000"",""142,410,400"",""1,937,825,007"",""176,906,000"",""9,826,056,580"",""3,122,961,097"",""69,638,366,931"",""138,450,564,660"",""50.30""]",2026-08-28T22:20:04.397Z
2022,0000173,대학,사립,충남,,중부대학교,"[""2022"",""0000173"",""중부대학교"",""사립"",""충남"",""대학"",""28,865,862,904"",""16,579,406,950"",""500,844,000"",""-"",""70,000,000"",""-"",""60,000,000"",""1,675,000,000"",""42,884,000"",""1,084,682,850"",""723,790,728"",""16,443,657,532"",""59,613,073,210"",""27.58""]",2026-08-28T22:20:04.397Z
2022,0000175,대학,사립,서울,,중앙대학교,"[""2022"",""0000175"",""중앙대학교"",""사립"",""서울"",""대학"",""75,861,059,267"",""33,091,643,800"",""59,283,893,000"",""-"",""14,124,535,000"",""2,476,200,000"",""1,539,000,000"",""168,957,941"",""997,241,000"",""16,919,397,330"",""979,923,174"",""139,258,562,912"",""260,802,781,400"",""53.40""]",2026-08-28T22:20:04.397Z
2022,0000177,대학,사립,경기,,중앙승가대학교,"[""2022"",""0000177"",""중앙승가대학교"",""사립"",""경기"",""대학"",""181,108,090"",""114,106,680"",""-"",""-"",""-"",""-"",""-"",""-"",""-"",""2,640,000"",""-"",""69,641,410"",""534,672,680"",""13.03""]",2026-08-28T22:20:04.397Z
2022,0000239,대학,사립,충북,,중원대학교,"[""2022"",""0000239"",""중원대학교"",""사립"",""충북"",""대학"",""9,727,052,418"",""6,592,924,137"",""258,609,000"",""-"",""245,000,000"",""-"",""134,400,000"",""233,785,000"",""8,500,000"",""57,407,500"",""742,375,954"",""4,814,205,735"",""23,901,166,277"",""20.14""]",2026-08-28T22:20:04.397Z
2022,0000187,대학,사립,경기,,차의과학대학교,"[""2022"",""0000187"",""차의과학대학교"",""사립"",""경기"",""대학"",""12,385,834,652"",""4,772,430,060"",""7,791,209,000"",""-"",""1,482,500,000"",""2,208,000,000"",""280,000,000"",""49,802,941"",""113,670,000"",""1,044,451,500"",""1,262,535,649"",""21,845,573,682"",""29,105,202,570"",""75.06""]",2026-08-28T22:20:04.397Z
2022,0000249,대학,사립,경남,,창신대학교,"[""2022"",""0000249"",""창신대학교"",""사립"",""경남"",""대학"",""7,108,169,907"",""4,365,760,667"",""396,163,000"",""-"",""-"",""-"",""-"",""-"",""6,000,000"",""67,237,500"",""186,420,000"",""3,398,229,740"",""12,636,355,955"",""26.89""]",2026-08-28T22:20:04.397Z
2022,0000028,대학,국립,경남,,국립창원대학교,"[""2022"",""0000028"",""국립창원대학교"",""국립"",""경남"",""대학"",""95,526,931,136"",""12,869,214,250"",""7,569,847,900"",""-"",""5,354,615,000"",""-"",""88,000,000"",""2,059,325,000"",""59,383,000"",""636,806,460"",""3,125,219,352"",""101,550,913,598"",""28,186,513,300"",""360.28""]",2026-08-28T22:20:04.397Z
2022,0000179,대학,사립,충북,,청주대학교,"[""2022"",""0000179"",""청주대학교"",""사립"",""충북"",""대학"",""29,622,009,845"",""20,989,706,181"",""2,401,370,000"",""200,000,000"",""1,829,120,000"",""96,625,450"",""219,750,000"",""319,000,000"",""66,034,000"",""614,291,250"",""1,476,314,225"",""15,854,808,589"",""85,842,951,168"",""18.47""]",2026-08-28T22:20:04.397Z
2022,0000246,대학,사립,전남,,초당대학교,"[""2022"",""0000246"",""초당대학교"",""사립"",""전남"",""대학"",""13,910,160,085"",""7,406,745,180"",""113,935,000"",""-"",""-"",""200,000,000"",""51,839,510"",""-"",""51,244,000"",""24,130,000"",""342,467,539"",""7,287,030,954"",""18,976,821,880"",""38.40""]",2026-08-28T22:20:04.397Z
2022,0000180,대학,사립,서울,,총신대학교,"[""2022"",""0000180"",""총신대학교"",""사립"",""서울"",""대학"",""4,984,947,123"",""3,830,104,900"",""-"",""-"",""-"",""-"",""-"",""-"",""2,000,000"",""179,312,151"",""45,219,266"",""1,381,373,640"",""23,500,320,850"",""5.88""]",2026-08-28T22:20:04.397Z
2022,0000181,대학,사립,서울,,추계예술대학교,"[""2022"",""0000181"",""추계예술대학교"",""사립"",""서울"",""대학"",""4,027,533,034"",""2,388,353,980"",""-"",""-"",""-"",""-"",""8,000,000"",""-"",""6,500,000"",""31,610,500"",""18,807,427"",""1,704,096,981"",""12,356,322,923"",""13.79""]",2026-08-28T22:20:04.397Z
2022,0000029,대학,국립,대전,,충남대학교,"[""2022"",""0000029"",""충남대학교"",""국립"",""대전"",""대학"",""289,277,266,010"",""22,995,091,040"",""51,835,031,000"",""170,100,000"",""10,915,945,333"",""929,348,000"",""703,032,000"",""613,480,000"",""8,826,624,500"",""14,415,161,900"",""12,306,194,404"",""366,997,092,107"",""78,714,462,314"",""466.24""]",2026-08-28T22:20:04.397Z
2022,0000030,대학,국립,충북,,충북대학교,"[""2022"",""0000030"",""충북대학교"",""국립"",""충북"",""대학"",""242,949,478,458"",""19,736,781,330"",""35,301,265,000"",""307,990,910"",""4,203,003,000"",""353,063,000"",""282,750,000"",""1,708,367,500"",""4,020,689,891"",""13,547,829,000"",""6,528,091,314"",""289,465,746,743"",""59,561,186,080"",""486.00""]",2026-08-28T22:20:04.397Z
2022,0000184,대학,사립,경기,,칼빈대학교,"[""2022"",""0000184"",""칼빈대학교"",""사립"",""경기"",""대학"",""924,695,215"",""837,955,000"",""-"",""-"",""-"",""-"",""-"",""-"",""-"",""7,070,000"",""852,260"",""94,662,475"",""8,888,224,494"",""1.07""]",2026-08-28T22:20:04.397Z
2022,0000079,대학,사립,서울,,강서대학교,"[""2022"",""0000079"",""강서대학교"",""사립"",""서울"",""대학"",""3,396,286,234"",""2,678,730,749"",""30,000,000"",""-"",""-"",""-"",""-"",""-"",""203,000,000"",""6,824,000"",""1,185,390,947"",""2,142,770,432"",""10,937,881,472"",""19.59""]",2026-08-28T22:20:04.397Z
2022,0000186,대학,사립,경기,,평택대학교,"[""2022"",""0000186"",""평택대학교"",""사립"",""경기"",""대학"",""9,135,977,615"",""6,661,886,001"",""213,947,000"",""-"",""-"",""-"",""-"",""-"",""12,840,000"",""305,561,000"",""90,983,092"",""3,097,422,706"",""26,838,968,184"",""11.54""]",2026-08-28T22:20:04.397Z
2022,0000188,대학,사립,경북,,포항공과대학교,"[""2022"",""0000188"",""포항공과대학교"",""사립"",""경북"",""대학"",""40,981,983,705"",""1,778,458,500"",""181,335,771,000"",""-"",""13,865,575,667"",""682,600,000"",""1,970,000,000"",""2,656,780,800"",""196,650,000"",""3,998,027,000"",""1,425,170,000"",""245,334,099,672"",""25,228,774,003"",""972.44""]",2026-08-28T22:20:04.397Z
2022,0000037,대학,국립,경기,,한경국립대학교,"[""2022"",""0000037"",""한경국립대학교"",""국립"",""경기"",""대학"",""60,296,543,371"",""7,693,070,600"",""2,382,522,000"",""170,100,000"",""652,169,000"",""-"",""20,000,000"",""64,584,941"",""1,639,609,666"",""5,659,525,905"",""1,175,824,807"",""64,367,809,090"",""18,430,714,120"",""349.24""]",2026-08-28T22:20:04.397Z
2022,0000247,대학,사립,경기,,한국공학대학교,"[""2022"",""0000247"",""한국공학대학교"",""사립"",""경기"",""대학"",""28,439,809,236"",""11,755,639,270"",""6,272,590,000"",""450,000,000"",""9,985,999,667"",""270,000,000"",""-"",""2,487,384,941"",""2,000,000"",""438,372,390"",""1,039,324,355"",""37,629,841,319"",""60,223,490,689"",""62.48""]",2026-08-28T22:20:04.397Z
2022,0000374,대학,특별법법인,대전,,한국과학기술원,"[""2022"",""0000374"",""한국과학기술원"",""특별법법인"",""대전"",""대학"",""19,113,880,544"",""2,547,459,000"",""425,454,314,000"",""-"",""23,072,871,667"",""2,119,935,500"",""2,050,000,000"",""9,825,000,000"",""-"",""9,921,064,608"",""4,278,230,558"",""493,287,837,877"",""-"",""""]",2026-08-28T22:20:04.397Z
2022,0000031,대학,국립,충북,,한국교원대학교,"[""2022"",""0000031"",""한국교원대학교"",""국립"",""충북"",""대학"",""61,828,972,642"",""3,045,122,000"",""1,289,663,000"",""-"",""-"",""57,000,000"",""119,800,000"",""-"",""60,000,000"",""571,901,593"",""7,061,855,006"",""67,944,070,241"",""19,168,196,480"",""354.46""]",2026-08-28T22:20:04.397Z
2022,0000034,대학,국립,충북,,국립한국교통대학교,"[""2022"",""0000034"",""국립한국교통대학교"",""국립"",""충북"",""대학"",""96,859,592,178"",""14,376,158,850"",""5,195,169,000"",""588,301,010"",""2,580,542,333"",""-"",""440,000,000"",""878,040,000"",""9,237,430"",""3,669,077,000"",""1,128,985,382"",""96,972,785,483"",""29,470,837,570"",""329.05""]",2026-08-28T22:20:04.397Z
2022,,대학,사립,경남,,한국국제대학교,"[""2022"","""",""한국국제대학교"",""사립"",""경남"",""대학"",""793,229,660"",""548,155,000"",""50,000,000"",""-"",""-"",""-"",""-"",""-"",""-"",""11,060,000"",""26,245"",""306,160,905"",""1,803,900,000"",""16.97""]",2026-08-28T22:20:04.397Z
2022,0000189,대학,사립,충남,,한국기술교육대학교,"[""2022"",""0000189"",""한국기술교육대학교"",""사립"",""충남"",""대학"",""19,538,433,471"",""5,858,438,757"",""3,217,777,000"",""127,249,000,000"",""3,076,470,000"",""77,000,000"",""-"",""309,000,000"",""11,274,000"",""882,293,215"",""308,332,515"",""148,811,141,444"",""20,239,055,160"",""735.27""]",2026-08-28T22:20:04.397Z
2022,0000191,대학,사립,서울,,한국성서대학교,"[""2022"",""0000191"",""한국성서대학교"",""사립"",""서울"",""대학"",""4,629,698,937"",""2,380,061,982"",""30,240,000"",""-"",""-"",""-"",""-"",""-"",""3,000,000"",""7,110,000"",""434,220,000"",""2,724,206,955"",""7,769,245,000"",""35.06""]",2026-08-28T22:20:04.397Z
2022,0003139,대학,특별법법인,전남,,한국에너지공과대학교,"[""2022"",""0003139"",""한국에너지공과대학교"",""특별법법인"",""전남"",""대학"",""330,000,000"","""",""5,787,301,000"",""-"",""2,521,380,000"",""-"",""-"",""-"",""-"",""470,000,000"",""10,000,000,000"",""19,108,681,000"",""-"",""""]",2026-08-28T22:20:04.397Z
2022,0000192,대학,사립,서울,,한국외국어대학교,"[""2022"",""0000192"",""한국외국어대학교"",""사립"",""서울"",""대학"",""46,712,164,752"",""22,604,420,068"",""5,897,047,500"",""450,000,000"",""345,633,333"",""-"",""65,057,020"",""29,802,941"",""39,581,500"",""1,863,347,500"",""771,811,615"",""33,570,026,093"",""140,036,981,950"",""23.97""]",2026-08-28T22:20:04.397Z
2022,0003022,대학,특별법국립,충남,,한국전통문화대학교,"[""2022"",""0003022"",""한국전통문화대학교"",""특별법국립"",""충남"",""대학"",""1,138,223,930"",""569,496,000"",""137,834,000"",""-"",""-"",""-"",""50,000,000"",""-"",""2,768,920"",""32,443,903,600"",""584,806,706"",""33,788,041,156"",""-"",""""]",2026-08-28T22:20:04.397Z
2022,0000032,대학,국립,서울,,한국체육대학교,"[""2022"",""0000032"",""한국체육대학교"",""국립"",""서울"",""대학"",""42,809,873,375"",""3,970,517,240"",""214,064,000"",""-"",""-"",""145,383,740"",""1,000,000,000"",""-"",""-"",""-"",""6,704,626"",""40,205,508,501"",""9,744,382,680"",""412.60""]",2026-08-28T22:20:04.397Z
2022,0000182,대학,사립,대전,,한국침례신학대학교,"[""2022"",""0000182"",""한국침례신학대학교"",""사립"",""대전"",""대학"",""5,997,898,350"",""3,134,417,487"",""-"",""-"",""-"",""-"",""-"",""-"",""6,500,000"",""29,610,000"",""517,036,446"",""3,416,627,309"",""9,361,885,900"",""36.50""]",2026-08-28T22:20:04.397Z
2022,0000194,대학,사립,경기,,한국항공대학교,"[""2022"",""0000194"",""한국항공대학교"",""사립"",""경기"",""대학"",""11,835,484,231"",""5,876,662,780"",""5,606,735,000"",""80,000,000"",""2,969,107,000"",""200,000,000"",""-"",""103,505,000"",""10,000,000"",""1,860,739,381"",""354,854,610"",""17,143,762,442"",""37,939,229,700"",""45.19""]",2026-08-28T22:20:04.397Z
2022,0000033,대학,국립,부산,,국립한국해양대학교,"[""2022"",""0000033"",""국립한국해양대학교"",""국립"",""부산"",""대학"",""101,686,897,493"",""9,723,717,520"",""3,641,236,000"",""278,808,000"",""3,269,358,000"",""-"",""26,000,000"",""108,820,000"",""-"",""2,390,021,000"",""2,292,630,213"",""103,970,053,186"",""21,028,222,630"",""494.43""]",2026-08-28T22:20:04.397Z
2022,0000195,대학,사립,대전,,한남대학교,"[""2022"",""0000195"",""한남대학교"",""사립"",""대전"",""대학"",""40,778,847,692"",""23,780,998,160"",""5,416,304,400"",""533,347,000"",""934,900,000"",""-"",""3,676,125,000"",""369,000,000"",""306,547,110"",""495,308,660"",""11,628,875,877"",""40,358,257,579"",""81,154,765,401"",""49.73""]",2026-08-28T22:20:04.397Z
2022,0000196,대학,사립,경북,,한동대학교,"[""2022"",""0000196"",""한동대학교"",""사립"",""경북"",""대학"",""23,902,097,029"",""9,379,632,817"",""2,943,579,750"",""200,000,000"",""1,032,666,000"",""278,416,320"",""791,411,000"",""-"",""41,000,000"",""913,493,354"",""1,016,620,216"",""21,739,650,852"",""31,746,130,303"",""68.48""]",2026-08-28T22:20:04.397Z
2022,0000197,대학,사립,강원,,한라대학교,"[""2022"",""0000197"",""한라대학교"",""사립"",""강원"",""대학"",""11,210,937,929"",""6,469,655,020"",""462,905,500"",""170,100,000"",""209,400,000"",""-"",""139,900,000"",""292,887,500"",""21,198,000"",""275,471,552"",""1,955,404,017"",""8,268,549,478"",""19,393,196,754"",""42.64""]",2026-08-28T22:20:04.397Z
2022,0000198,대학,사립,강원,,한림대학교,"[""2022"",""0000198"",""한림대학교"",""사립"",""강원"",""대학"",""39,806,188,895"",""16,032,355,230"",""15,189,667,700"",""170,100,000"",""1,196,020,000"",""3,287,900,000"",""760,658,100"",""110,000,000"",""50,967,000"",""8,503,207,115"",""2,385,784,814"",""55,428,138,394"",""60,498,024,700"",""91.62""]",2026-08-28T22:20:04.397Z
2022,0000039,대학,국립,대전,,국립한밭대학교,"[""2022"",""0000039"",""국립한밭대학교"",""국립"",""대전"",""대학"",""90,305,882,336"",""13,554,240,760"",""7,287,517,920"",""704,992,818"",""4,133,088,333"",""-"",""-"",""2,019,626,500"",""6,000,000"",""843,330,000"",""2,864,734,959"",""94,610,932,106"",""32,154,573,690"",""294.24""]",2026-08-28T22:20:04.397Z
2022,0000199,대학,사립,충남,,한서대학교,"[""2022"",""0000199"",""한서대학교"",""사립"",""충남"",""대학"",""25,170,963,404"",""14,277,730,830"",""1,710,534,000"",""170,100,000"",""1,049,440,000"",""-"",""-"",""540,500,000"",""14,000,000"",""1,166,706,200"",""450,440,592"",""15,994,953,366"",""52,721,094,080"",""30.34""]",2026-08-28T22:20:04.397Z
2022,0000200,대학,사립,서울,,한성대학교,"[""2022"",""0000200"",""한성대학교"",""사립"",""서울"",""대학"",""21,090,218,492"",""12,741,285,766"",""1,729,161,000"",""180,000,000"",""167,900,000"",""-"",""28,500,000"",""1,100,062,300"",""10,269,803"",""492,552,000"",""562,322,378"",""12,619,700,207"",""56,891,994,694"",""22.18""]",2026-08-28T22:20:04.397Z
2022,0000201,대학,사립,경기,,한세대학교,"[""2022"",""0000201"",""한세대학교"",""사립"",""경기"",""대학"",""6,802,388,808"",""5,391,283,001"",""46,611,000"",""80,000,000"",""-"",""-"",""904,588,000"",""-"",""2,500,000"",""77,715,000"",""29,348,718"",""2,551,868,525"",""23,244,422,168"",""10.98""]",2026-08-28T22:20:04.397Z
2022,0000202,대학,사립,경기,,한신대학교,"[""2022"",""0000202"",""한신대학교"",""사립"",""경기"",""대학"",""17,169,796,305"",""10,800,063,120"",""353,118,000"",""450,000,000"",""-"",""-"",""80,045,000"",""344,802,941"",""2,500,000"",""122,358,200"",""427,684,739"",""8,150,242,065"",""37,793,076,200"",""21.57""]",2026-08-28T22:20:04.397Z
2022,0000203,대학,사립,서울,,한양대학교,"[""2022"",""0000203"",""한양대학교"",""사립"",""서울"",""대학"",""72,481,213,068"",""20,962,822,200"",""88,645,358,000"",""-"",""30,183,450,593"",""3,880,442,000"",""787,300,000"",""1,050,000,000"",""906,109,000"",""12,319,641,413"",""4,321,380,425"",""193,612,072,299"",""349,738,415,378"",""55.36""]",2026-08-28T22:20:04.397Z
2022,0000204,대학,사립,경기,,한양대학교(ERICA),"[""2022"",""0000204"",""한양대학교(ERICA)"",""사립"",""경기"",""대학"",""52,304,180,305"",""17,191,507,937"",""25,422,666,000"",""-"",""10,714,185,000"",""120,000,000"",""373,597,800"",""149,802,941"",""86,497,000"",""3,339,972,618"",""1,614,992,817"",""76,934,386,544"",""-"",""""]",2026-08-28T22:20:04.397Z
2022,0000206,대학,사립,전북,,한일장신대학교,"[""2022"",""0000206"",""한일장신대학교"",""사립"",""전북"",""대학"",""3,568,379,019"",""2,750,965,332"",""-"",""-"",""-"",""-"",""113,000,000"",""-"",""4,000,000"",""43,195,000"",""7,042,782"",""984,651,469"",""6,702,307,667"",""14.69""]",2026-08-28T22:20:04.397Z
2022,0000207,대학,사립,경기,,협성대학교,"[""2022"",""0000207"",""협성대학교"",""사립"",""경기"",""대학"",""10,722,396,892"",""9,809,671,460"",""433,470,000"",""80,000,000"",""-"",""-"",""-"",""-"",""8,500,000"",""241,712,000"",""4,395,970,668"",""6,072,378,100"",""29,690,858,920"",""20.45""]",2026-08-28T22:20:04.397Z
2022,0000208,대학,사립,광주,,호남대학교,"[""2022"",""0000208"",""호남대학교"",""사립"",""광주"",""대학"",""27,706,756,673"",""16,337,050,060"",""231,867,000"",""450,000,000"",""30,000,000"",""-"",""128,000,000"",""52,182,007"",""58,107,000"",""187,550,750"",""2,448,424,905"",""14,955,838,275"",""49,146,025,650"",""30.43""]",2026-08-28T22:20:04.397Z
2022,0000209,대학,사립,광주,,호남신학대학교,"[""2022"",""0000209"",""호남신학대학교"",""사립"",""광주"",""대학"",""1,902,082,335"",""1,610,106,801"",""-"",""-"",""-"",""-"",""-"",""-"",""9,633,400"",""32,394,770"",""68,827"",""334,072,531"",""4,790,150,791"",""6.97""]",2026-08-28T22:20:04.397Z
2022,0000211,대학,사립,충남,,호서대학교,"[""2022"",""0000211"",""호서대학교"",""사립"",""충남"",""대학"",""40,627,808,511"",""25,453,670,250"",""5,936,103,000"",""120,000,000"",""2,747,500,000"",""-"",""54,000,000"",""938,155,000"",""216,500,000"",""6,268,891,830"",""808,808,506"",""32,264,096,597"",""100,507,190,997"",""32.10""]",2026-08-28T22:20:04.397Z
2022,0000212,대학,사립,서울,,홍익대학교,"[""2022"",""0000212"",""홍익대학교"",""사립"",""서울"",""대학"",""43,031,414,903"",""27,275,928,534"",""14,119,547,400"",""141,000,000"",""3,537,000,000"",""-"",""1,657,893,800"",""529,516,668"",""273,976,000"",""2,132,266,400"",""641,451,589"",""38,788,138,226"",""192,510,422,671"",""20.15""]",2026-08-28T22:20:04.397Z
2022,0000256,대학,국립,인천,,경인교육대학교,"[""2022"",""0000256"",""경인교육대학교"",""국립"",""인천"",""대학"",""34,588,064,510"",""2,929,261,500"",""125,004,000"",""-"",""30,000,000"",""-"",""68,810,000"",""-"",""2,500,000"",""261,393,000"",""1,324,463,600"",""33,470,973,610"",""11,532,625,650"",""290.23""]",2026-08-28T22:20:04.397Z
2022,0000251,대학,국립,충남,,공주교육대학교,"[""2022"",""0000251"",""공주교육대학교"",""국립"",""충남"",""대학"",""19,960,668,032"",""1,440,523,990"",""334,355,000"",""-"",""-"",""-"",""-"",""-"",""-"",""19,875,000"",""314,010,000"",""19,188,384,042"",""6,368,667,490"",""301.29""]",2026-08-28T22:20:04.397Z
2022,0000252,대학,국립,광주,,광주교육대학교,"[""2022"",""0000252"",""광주교육대학교"",""국립"",""광주"",""대학"",""25,084,211,167"",""1,669,379,000"",""162,237,000"",""-"",""-"",""-"",""-"",""-"",""-"",""-"",""735,987,871"",""24,313,057,038"",""6,022,557,770"",""403.70""]",2026-08-28T22:20:04.397Z
2022,0000253,대학,국립,대구,,대구교육대학교,"[""2022"",""0000253"",""대구교육대학교"",""국립"",""대구"",""대학"",""32,535,334,769"",""1,803,058,000"",""191,819,000"",""-"",""-"",""-"",""-"",""-"",""-"",""-"",""511,263,000"",""31,435,358,769"",""8,943,538,230"",""351.49""]",2026-08-28T22:20:04.397Z
2022,0000254,대학,국립,부산,,부산교육대학교,"[""2022"",""0000254"",""부산교육대학교"",""국립"",""부산"",""대학"",""23,658,251,960"",""1,507,070,000"",""63,504,000"",""-"",""-"",""-"",""-"",""-"",""-"",""50,000,000"",""368,955,900"",""22,633,641,860"",""6,704,881,730"",""337.57""]",2026-08-28T22:20:04.397Z
2022,0000255,대학,국립,서울,,서울교육대학교,"[""2022"",""0000255"",""서울교육대학교"",""국립"",""서울"",""대학"",""25,912,687,313"",""1,255,450,000"",""77,155,000"",""-"",""-"",""-"",""-"",""-"",""-"",""135,000,000"",""472,503,771"",""25,341,896,084"",""8,702,480,690"",""291.20""]",2026-08-28T22:20:04.397Z
2022,0000258,대학,국립,전북,,전주교육대학교,"[""2022"",""0000258"",""전주교육대학교"",""국립"",""전북"",""대학"",""15,963,018,053"",""1,066,546,000"",""59,832,000"",""-"",""-"",""-"",""-"",""-"",""8,500,000"",""50,000,000"",""162,023,853"",""15,176,827,906"",""4,339,533,400"",""349.73""]",2026-08-28T22:20:04.397Z
2022,0000260,대학,국립,경남,,진주교육대학교,"[""2022"",""0000260"",""진주교육대학교"",""국립"",""경남"",""대학"",""25,842,132,392"",""1,588,734,300"",""141,442,000"",""-"",""-"",""-"",""-"",""67,000,000"",""3,000,000"",""23,846,210"",""9,201,000"",""24,497,887,302"",""5,204,118,760"",""470.74""]",2026-08-28T22:20:04.397Z
2022,0000261,대학,국립,충북,,청주교육대학교,"[""2022"",""0000261"",""청주교육대학교"",""국립"",""충북"",""대학"",""17,440,400,053"",""1,055,445,000"",""80,486,000"",""-"",""-"",""-"",""-"",""-"",""-"",""-"",""305,200,000"",""16,770,641,053"",""4,714,113,680"",""355.75""]",2026-08-28T22:20:04.397Z
2022,0000262,대학,국립,강원,,춘천교육대학교,"[""2022"",""0000262"",""춘천교육대학교"",""국립"",""강원"",""대학"",""18,596,287,869"",""1,234,643,000"",""115,885,000"",""-"",""-"",""-"",""-"",""-"",""-"",""19,390,000"",""295,460,120"",""17,792,379,989"",""5,011,324,120"",""355.04""]",2026-08-28T22:20:04.397Z
2022,0000284,대학,사립,충남,,청운대학교,"[""2022"",""0000284"",""청운대학교"",""사립"",""충남"",""대학"",""24,607,131,200"",""13,775,923,280"",""280,073,000"",""144,000,000"",""-"",""200,000,000"",""136,110,000"",""444,000,000"",""29,926,000"",""249,770,250"",""1,258,567,881"",""13,573,655,051"",""40,079,933,910"",""33.87""]",2026-08-28T22:20:04.397Z
2022,0000282,대학,사립,전북,,호원대학교,"[""2022"",""0000282"",""호원대학교"",""사립"",""전북"",""대학"",""20,671,150,297"",""14,499,614,250"",""-"",""-"",""-"",""-"",""108,000,000"",""49,000,000"",""30,000,000"",""383,690,000"",""470,684,351"",""7,212,910,398"",""34,332,417,140"",""21.01""]",2026-08-28T22:20:04.397Z
2022,0000317,대학,사립,충북,,순복음총회신학교,"[""2022"",""0000317"",""순복음총회신학교"",""사립"",""충북"",""대학"",""574,411,563"",""437,280,000"",""-"",""-"",""-"",""-"",""-"",""-"",""-"",""2,550,000"",""213,775"",""139,895,338"",""-"",""""]",2026-08-28T22:20:04.397Z
2022,0000383,대학,특별법국립,서울,,한국예술종합학교,"[""2022"",""0000383"",""한국예술종합학교"",""특별법국립"",""서울"",""대학"",""4,517,198,920"",""3,127,224,420"",""75,000,000"",""-"",""-"",""-"",""42,483,061,200"",""-"",""-"",""20,000,000"",""3,547,414,236"",""47,515,449,936"",""14,457,774,130"",""328.65""]",2026-08-28T22:20:04.397Z
2022,0000273,대학,국립,서울,,한국방송통신대학교,"[""2022"",""0000273"",""한국방송통신대학교"",""국립"",""서울"",""대학"",""64,034,647,252"",""13,090,693,823"",""107,214,000"",""-"",""21,600,000"",""200,000,000"",""-"",""-"",""51,339,800"",""317,591,970"",""46,727,359"",""51,688,426,558"",""59,848,161,500"",""86.37""]",2026-08-28T22:20:04.397Z
2022,0000335,대학,사립,대전,,건양사이버대학교,"[""2022"",""0000335"",""건양사이버대학교"",""사립"",""대전"",""대학"",""6,835,017,869"",""6,092,097,000"",""-"",""-"",""-"",""-"",""-"",""230,000,000"",""-"",""283,573,500"",""49,727"",""1,256,544,096"",""8,870,351,000"",""14.17""]",2026-08-28T22:20:04.397Z
2022,0000318,대학,사립,서울,,경희사이버대학교,"[""2022"",""0000318"",""경희사이버대학교"",""사립"",""서울"",""대학"",""12,665,120,333"",""12,008,236,665"",""-"",""-"",""-"",""-"",""-"",""-"",""-"",""331,349,500"",""4,630,115"",""992,863,283"",""31,843,221,004"",""3.12""]",2026-08-28T22:20:04.397Z
2022,0000328,대학,사립,서울,,고려사이버대학교,"[""2022"",""0000328"",""고려사이버대학교"",""사립"",""서울"",""대학"",""8,047,875,392"",""7,107,509,200"",""-"",""-"",""-"",""150,000,000"",""-"",""-"",""-"",""217,022,800"",""4,416,571"",""1,311,805,563"",""21,182,947,750"",""6.19""]",2026-08-28T22:20:04.397Z
2022,0000319,대학,사립,경기,,국제사이버대학교,"[""2022"",""0000319"",""국제사이버대학교"",""사립"",""경기"",""대학"",""5,472,815,774"",""5,431,720,000"",""-"",""-"",""-"",""-"",""-"",""-"",""-"",""76,979,500"",""8,993,440"",""127,068,714"",""8,236,223,224"",""1.54""]",2026-08-28T22:20:04.397Z
2022,0000334,대학,사립,충남,,글로벌사이버대학교,"[""2022"",""0000334"",""글로벌사이버대학교"",""사립"",""충남"",""대학"",""3,358,426,853"",""3,198,742,000"",""-"",""-"",""-"",""-"",""-"",""-"",""-"",""85,941,500"",""18,583"",""245,644,936"",""5,491,558,000"",""4.47""]",2026-08-28T22:20:04.397Z
2022,0000320,대학,사립,경북,,대구사이버대학교,"[""2022"",""0000320"",""대구사이버대학교"",""사립"",""경북"",""대학"",""5,278,757,826"",""5,192,635,000"",""-"",""-"",""-"",""-"",""-"",""-"",""-"",""96,808,000"",""16,619,547"",""199,550,373"",""10,676,275,665"",""1.87""]",2026-08-28T22:20:04.397Z
2022,0000330,대학,사립,서울,,디지털서울문화예술대학교,"[""2022"",""0000330"",""디지털서울문화예술대학교"",""사립"",""서울"",""대학"",""5,035,080,125"",""4,381,241,550"",""-"",""-"",""-"",""-"",""16,000,000"",""-"",""-"",""45,838,300"",""2,669,814"",""718,346,689"",""11,973,163,543"",""6.00""]",2026-08-28T22:20:04.397Z
2022,0000321,대학,사립,부산,,부산디지털대학교,"[""2022"",""0000321"",""부산디지털대학교"",""사립"",""부산"",""대학"",""4,764,217,539"",""3,496,783,799"",""-"",""-"",""-"",""-"",""-"",""-"",""-"",""147,634,000"",""95,817"",""1,415,163,557"",""6,154,615,246"",""22.99""]",2026-08-28T22:20:04.397Z
2022,0000332,대학,사립,서울,,사이버한국외국어대학교,"[""2022"",""0000332"",""사이버한국외국어대학교"",""사립"",""서울"",""대학"",""6,670,466,149"",""6,412,335,500"",""-"",""-"",""-"",""-"",""29,000,000"",""-"",""-"",""181,417,500"",""1,239,410"",""469,787,559"",""15,692,739,166"",""2.99""]",2026-08-28T22:20:04.397Z
2022,0000322,대학,사립,서울,,서울디지털대학교,"[""2022"",""0000322"",""서울디지털대학교"",""사립"",""서울"",""대학"",""11,269,001,466"",""10,957,700,450"",""30,000,000"",""-"",""-"",""-"",""-"",""-"",""-"",""93,081,400"",""1,203,572"",""435,585,988"",""24,992,592,950"",""1.74""]",2026-08-28T22:20:04.397Z
2022,0000323,대학,사립,서울,,서울사이버대학교,"[""2022"",""0000323"",""서울사이버대학교"",""사립"",""서울"",""대학"",""19,415,796,847"",""17,868,099,520"",""74,312,000"",""-"",""-"",""-"",""80,000,000"",""-"",""-"",""552,552,700"",""524,448"",""2,255,086,475"",""44,299,607,918"",""5.09""]",2026-08-28T22:20:04.397Z
2022,0000325,대학,사립,서울,,세종사이버대학교,"[""2022"",""0000325"",""세종사이버대학교"",""사립"",""서울"",""대학"",""15,394,829,484"",""14,662,276,833"",""100,000,000"",""-"",""-"",""-"",""-"",""-"",""-"",""106,626,000"",""2,241,941"",""941,420,592"",""28,873,679,007"",""3.26""]",2026-08-28T22:20:04.397Z
2022,0000329,대학,사립,서울,,숭실사이버대학교,"[""2022"",""0000329"",""숭실사이버대학교"",""사립"",""서울"",""대학"",""8,828,473,374"",""8,428,739,000"",""-"",""-"",""-"",""-"",""-"",""-"",""-"",""324,324,000"",""752,501"",""724,810,875"",""19,761,211,270"",""3.67""]",2026-08-28T22:20:04.397Z
2022,0000327,대학,사립,전북,,원광디지털대학교,"[""2022"",""0000327"",""원광디지털대학교"",""사립"",""전북"",""대학"",""8,475,207,546"",""8,217,732,061"",""-"",""-"",""-"",""-"",""-"",""-"",""-"",""286,353,660"",""306,058"",""544,135,203"",""16,016,243,000"",""3.40""]",2026-08-28T22:20:04.397Z
2022,0000326,대학,사립,서울,,한국열린사이버대학교,"[""2022"",""0000326"",""한국열린사이버대학교"",""사립"",""서울"",""대학"",""6,638,358,884"",""6,587,319,700"",""-"",""-"",""86,940,000"",""-"",""-"",""-"",""-"",""128,053,250"",""129,648"",""266,162,082"",""12,376,368,890"",""2.15""]",2026-08-28T22:20:04.397Z
2022,0000331,대학,사립,서울,,한양사이버대학교,"[""2022"",""0000331"",""한양사이버대학교"",""사립"",""서울"",""대학"",""18,585,094,725"",""17,511,815,330"",""162,546,000"",""-"",""-"",""-"",""-"",""-"",""-"",""136,620,000"",""4,973,149"",""1,377,418,544"",""49,963,835,640"",""2.76""]",2026-08-28T22:20:04.397Z
2022,0000333,대학,사립,부산,,화신사이버대학교,"[""2022"",""0000333"",""화신사이버대학교"",""사립"",""부산"",""대학"",""3,662,355,675"",""3,155,608,000"",""-"",""-"",""-"",""-"",""-"",""-"",""-"",""63,766,500"",""-"",""570,514,175"",""3,874,566,000"",""14.72""]",2026-08-28T22:20:04.397Z
2022,0000579,전문대학,사립,경기,,ICT폴리텍대학,"[""2022"",""0000579"",""ICT폴리텍대학"",""사립"",""경기"",""전문대학"",""281,065,479"",""280,892,000"",""30,300,000"",""-"",""-"",""-"",""-"",""-"",""-"",""-"",""-"",""30,473,479"",""-"",""""]",2026-08-28T22:20:04.397Z
2022,0000585,전문대학,사립,서울,,한국폴리텍 I 대학,"[""2022"",""0000585"",""한국폴리텍 I 대학"",""사립"",""서울"",""전문대학"",""2,572,000,219"",""2,473,397,308"",""-"",""41,763,031,948"",""-"",""-"",""-"",""-"",""-"",""11,249,410"",""308,101,266"",""42,180,985,535"",""-"",""""]",2026-08-28T22:20:04.397Z
2022,0000590,전문대학,사립,경기,,한국폴리텍 II 대학,"[""2022"",""0000590"",""한국폴리텍 II 대학"",""사립"",""경기"",""전문대학"",""2,161,187,984"",""2,112,614,687"",""30,240,000"",""34,911,222,248"",""-"",""-"",""-"",""59,150,000"",""-"",""49,664,250"",""1,454,134,120"",""36,552,983,915"",""-"",""""]",2026-08-28T22:20:04.397Z
2022,0000594,전문대학,사립,강원,,한국폴리텍 III 대학,"[""2022"",""0000594"",""한국폴리텍 III 대학"",""사립"",""강원"",""전문대학"",""570,510,213"",""569,914,834"",""-"",""29,957,436,048"",""-"",""-"",""-"",""-"",""-"",""1,520,000"",""35,200,000"",""29,994,751,427"",""-"",""""]",2026-08-28T22:20:04.397Z
2022,0000603,전문대학,사립,대전,,한국폴리텍 IV 대학,"[""2022"",""0000603"",""한국폴리텍 IV 대학"",""사립"",""대전"",""전문대학"",""2,542,712,370"",""2,462,349,938"",""-"",""38,005,272,728"",""-"",""-"",""-"",""-"",""2,000,000"",""3,951,990"",""58,999,400"",""38,150,586,550"",""-"",""""]",2026-08-28T22:20:04.397Z
2022,0000616,전문대학,사립,광주,,한국폴리텍 V 대학,"[""2022"",""0000616"",""한국폴리텍 V 대학"",""사립"",""광주"",""전문대학"",""1,863,149,493"",""1,842,937,835"",""39,578,920"",""45,331,241,848"",""-"",""-"",""-"",""44,000,000"",""-"",""2,376,500"",""39,502,790"",""45,476,911,716"",""-"",""""]",2026-08-28T22:20:04.397Z
2022,0000624,전문대학,사립,경북,,한국폴리텍 VI 대학,"[""2022"",""0000624"",""한국폴리텍 VI 대학"",""사립"",""경북"",""전문대학"",""1,496,681,768"",""1,488,161,001"",""-"",""38,773,673,548"",""-"",""-"",""-"",""60,000,000"",""-"",""4,864,000"",""377,100,000"",""39,224,158,315"",""-"",""""]",2026-08-28T22:20:04.397Z
2022,0003163,전문대학,사립,부산,,한국폴리텍 VII 대학,"[""2022"",""0003163"",""한국폴리텍 VII 대학"",""사립"",""부산"",""전문대학"",""3,669,716,300"",""3,412,176,171"",""-"",""43,437,338,748"",""-"",""-"",""-"",""88,000,000"",""-"",""109,120,000"",""1,263,021,767"",""45,155,020,644"",""-"",""""]",2026-08-28T22:20:04.397Z
2022,0003104,전문대학,사립,충남,,한국폴리텍 특성화대학,"[""2022"",""0003104"",""한국폴리텍 특성화대학"",""사립"",""충남"",""전문대학"",""1,748,730,913"",""1,655,166,086"",""-"",""26,833,762,524"",""-"",""-"",""-"",""-"",""3,000,000"",""290,494,986"",""234,600,930"",""27,455,423,267"",""-"",""""]",2026-08-28T22:20:04.397Z
2022,0000433,전문대학,사립,충북,,강동대학교,"[""2022"",""0000433"",""강동대학교"",""사립"",""충북"",""전문대학"",""9,301,556,944"",""8,625,704,308"",""-"",""-"",""-"",""-"",""34,000,000"",""44,000,000"",""11,200,000"",""39,448,420"",""149,571,996"",""954,073,052"",""17,191,713,964"",""5.55""]",2026-08-28T22:20:04.397Z
2022,0000548,전문대학,사립,강원,,강원관광대학교,"[""2022"",""0000548"",""강원관광대학교"",""사립"",""강원"",""전문대학"",""842,975,264"",""840,707,500"",""-"",""-"",""-"",""-"",""-"",""-"",""-"",""2,814,250"",""364,507,859"",""369,589,873"",""2,209,006,250"",""16.73""]",2026-08-28T22:20:04.397Z
2022,0000560,전문대학,사립,경기,,경기과학기술대학교,"[""2022"",""0000560"",""경기과학기술대학교"",""사립"",""경기"",""전문대학"",""20,216,867,006"",""9,875,588,301"",""99,787,000"",""251,180,000"",""-"",""-"",""-"",""285,502,941"",""40,000,000"",""218,708,760"",""153,730,447"",""11,390,187,853"",""27,281,817,915"",""41.75""]",2026-08-28T22:20:04.397Z
2022,0000402,전문대학,공립,경남,,경남도립거창대학,"[""2022"",""0000402"",""경남도립거창대학"",""공립"",""경남"",""전문대학"",""5,912,152,461"",""1,285,937,390"",""-"",""200,000,000"",""-"",""-"",""-"",""-"",""-"",""-"",""1,525,780,000"",""6,351,995,071"",""2,116,738,440"",""300.08""]",2026-08-28T22:20:04.397Z
2022,0000403,전문대학,공립,경남,,경남도립남해대학,"[""2022"",""0000403"",""경남도립남해대학"",""공립"",""경남"",""전문대학"",""6,189,349,817"",""1,495,528,920"",""-"",""-"",""-"",""-"",""-"",""-"",""18,286,000"",""-"",""216,473,000"",""4,928,579,897"",""2,112,615,310"",""233.29""]",2026-08-28T22:20:04.397Z
2022,0000456,전문대학,사립,경북,,경북과학대학교,"[""2022"",""0000456"",""경북과학대학교"",""사립"",""경북"",""전문대학"",""4,872,539,670"",""4,604,013,100"",""-"",""-"",""-"",""-"",""-"",""-"",""3,500,000"",""335,333,000"",""565,420,000"",""1,172,779,570"",""9,584,293,333"",""12.24""]",2026-08-28T22:20:04.397Z
2022,0000405,전문대학,공립,경북,,경북도립대학교,"[""2022"",""0000405"",""경북도립대학교"",""공립"",""경북"",""전문대학"",""3,354,556,772"",""1,379,527,200"",""-"",""-"",""-"",""-"",""-"",""49,780,800"",""186,579,900"",""-"",""13,926,273,000"",""16,137,663,272"",""1,889,647,330"",""854.00""]",2026-08-28T22:20:04.397Z
2022,0000438,전문대학,사립,경북,,경북보건대학교,"[""2022"",""0000438"",""경북보건대학교"",""사립"",""경북"",""전문대학"",""7,631,500,144"",""3,175,855,760"",""-"",""-"",""-"",""-"",""-"",""-"",""5,000,000"",""8,032,000"",""1,957,027"",""4,470,633,411"",""6,940,519,370"",""64.41""]",2026-08-28T22:20:04.397Z
2022,0000425,전문대학,사립,대구,,계명문화대학교,"[""2022"",""0000425"",""계명문화대학교"",""사립"",""대구"",""전문대학"",""25,134,841,562"",""14,029,745,170"",""14,392,000"",""471,728,000"",""-"",""-"",""35,000,000"",""229,780,800"",""52,269,074"",""681,318,000"",""347,140,700"",""12,936,724,966"",""25,582,938,800"",""50.57""]",2026-08-28T22:20:04.397Z
2022,0000426,전문대학,사립,경기,,계원예술대학교,"[""2022"",""0000426"",""계원예술대학교"",""사립"",""경기"",""전문대학"",""11,442,772,929"",""6,718,606,070"",""-"",""185,100,000"",""71,000,000"",""-"",""110,000,000"",""297,000,000"",""30,250,000"",""22,434,100"",""50,660,365"",""5,490,611,324"",""20,483,729,130"",""26.80""]",2026-08-28T22:20:04.397Z
2022,0000430,전문대학,사립,경북,,구미대학교,"[""2022"",""0000430"",""구미대학교"",""사립"",""경북"",""전문대학"",""26,847,851,232"",""17,934,817,740"",""-"",""328,400,000"",""-"",""-"",""22,000,000"",""-"",""15,000,000"",""185,316,000"",""1,686,223,686"",""11,149,973,178"",""30,907,704,200"",""36.08""]",2026-08-28T22:20:04.397Z
2022,0000549,전문대학,사립,경기,,국제대학교,"[""2022"",""0000549"",""국제대학교"",""사립"",""경기"",""전문대학"",""7,471,293,559"",""6,795,626,160"",""-"",""-"",""-"",""-"",""-"",""-"",""1,500,000"",""30,318,500"",""44,583,347"",""752,069,246"",""16,912,483,402"",""4.45""]",2026-08-28T22:20:04.397Z
2022,0000442,전문대학,사립,경북,,대경대학교,"[""2022"",""0000442"",""대경대학교"",""사립"",""경북"",""전문대학"",""20,187,467,976"",""11,128,212,582"",""37,156,000"",""170,100,000"",""-"",""-"",""-"",""-"",""25,000,000"",""39,897,700"",""464,625,650"",""9,796,034,744"",""22,407,581,224"",""43.72""]",2026-08-28T22:20:04.397Z
2022,0000443,전문대학,사립,대구,,대구공업대학교,"[""2022"",""0000443"",""대구공업대학교"",""사립"",""대구"",""전문대학"",""3,793,642,828"",""3,390,070,340"",""105,120,000"",""-"",""-"",""-"",""-"",""39,780,800"",""-"",""52,541,000"",""93,252,500"",""694,266,788"",""8,377,818,435"",""8.29""]",2026-08-28T22:20:04.397Z
2022,0000446,전문대학,사립,대구,,대구과학대학교,"[""2022"",""0000446"",""대구과학대학교"",""사립"",""대구"",""전문대학"",""21,848,751,884"",""13,009,129,985"",""56,958,000"",""44,160,000"",""-"",""-"",""59,000,000"",""-"",""25,500,000"",""244,650,420"",""1,313,748,000"",""10,583,638,319"",""23,276,943,743"",""45.47""]",2026-08-28T22:20:04.397Z
2022,0000546,전문대학,사립,대전,,대덕대학교,"[""2022"",""0000546"",""대덕대학교"",""사립"",""대전"",""전문대학"",""6,028,414,488"",""5,256,943,770"",""-"",""110,000,000"",""-"",""-"",""22,000,000"",""223,420,000"",""5,000,000"",""86,945,300"",""123,736,760"",""1,342,572,778"",""-"",""""]",2026-08-28T22:20:04.397Z
2022,0000447,전문대학,사립,부산,,대동대학교,"[""2022"",""0000447"",""대동대학교"",""사립"",""부산"",""전문대학"",""6,117,453,264"",""3,835,203,834"",""-"",""-"",""-"",""-"",""-"",""-"",""4,000,000"",""43,247,000"",""37,963,800"",""2,367,460,230"",""8,604,915,334"",""27.51""]",2026-08-28T22:20:04.397Z
2022,0000449,전문대학,사립,충북,,대원대학교,"[""2022"",""0000449"",""대원대학교"",""사립"",""충북"",""전문대학"",""10,126,182,909"",""5,938,575,770"",""15,150,000"",""-"",""-"",""-"",""-"",""29,000,000"",""4,000,000"",""11,118,000"",""752,893,864"",""4,999,769,003"",""11,449,023,160"",""43.67""]",2026-08-28T22:20:04.397Z
2022,0000453,전문대학,사립,대전,,대전과학기술대학교,"[""2022"",""0000453"",""대전과학기술대학교"",""사립"",""대전"",""전문대학"",""17,504,442,939"",""10,103,921,790"",""39,636,000"",""-"",""-"",""-"",""-"",""159,500,000"",""29,000,000"",""29,026,000"",""424,484,700"",""8,082,167,849"",""22,419,509,130"",""36.05""]",2026-08-28T22:20:04.397Z
2022,0000451,전문대학,사립,대전,,대전보건대학교,"[""2022"",""0000451"",""대전보건대학교"",""사립"",""대전"",""전문대학"",""19,952,483,748"",""12,886,773,890"",""35,120,000"",""366,256,000"",""-"",""-"",""-"",""29,000,000"",""33,500,000"",""46,987,960"",""2,472,975,193"",""10,049,549,011"",""26,735,465,830"",""37.59""]",2026-08-28T22:20:04.397Z
2022,0000460,전문대학,사립,광주,,동강대학교,"[""2022"",""0000460"",""동강대학교"",""사립"",""광주"",""전문대학"",""8,621,362,599"",""6,741,007,010"",""30,240,000"",""-"",""-"",""-"",""36,000,000"",""106,782,012"",""23,500,000"",""53,074,500"",""500,872,072"",""2,630,824,173"",""12,682,220,850"",""20.74""]",2026-08-28T22:20:04.397Z
2022,0000450,전문대학,사립,경기,,동서울대학교,"[""2022"",""0000450"",""동서울대학교"",""사립"",""경기"",""전문대학"",""23,803,505,537"",""14,203,920,680"",""57,992,000"",""207,900,000"",""-"",""-"",""-"",""39,802,941"",""4,500,000"",""452,735,000"",""79,528,722"",""10,442,043,520"",""37,251,623,250"",""28.03""]",2026-08-28T22:20:04.397Z
2022,0000509,전문대학,사립,경남,,동원과학기술대학교,"[""2022"",""0000509"",""동원과학기술대학교"",""사립"",""경남"",""전문대학"",""10,768,309,209"",""5,685,665,100"",""-"",""133,659,000"",""-"",""-"",""55,000,000"",""180,900,000"",""1,500,000"",""17,991,000"",""391,224,000"",""5,862,918,109"",""12,621,922,066"",""46.45""]",2026-08-28T22:20:04.397Z
2022,0000466,전문대학,사립,부산,,동의과학대학교,"[""2022"",""0000466"",""동의과학대학교"",""사립"",""부산"",""전문대학"",""23,752,549,413"",""10,921,805,230"",""15,150,000"",""120,000,000"",""-"",""-"",""19,000,000"",""286,570,000"",""4,500,000"",""80,007,000"",""104,038,030"",""13,460,009,213"",""24,260,349,800"",""55.48""]",2026-08-28T22:20:04.397Z
2022,0000469,전문대학,사립,경기,,두원공과대학교,"[""2022"",""0000469"",""두원공과대학교"",""사립"",""경기"",""전문대학"",""6,274,078,323"",""5,515,981,284"",""-"",""-"",""150,000,000"",""-"",""-"",""230,660,000"",""19,500,000"",""22,718,100"",""14,897,820"",""1,195,872,959"",""15,846,176,228"",""7.55""]",2026-08-28T22:20:04.397Z
2022,0000475,전문대학,사립,경북,,문경대학교,"[""2022"",""0000475"",""문경대학교"",""사립"",""경북"",""전문대학"",""5,354,478,403"",""2,368,645,060"",""-"",""-"",""-"",""-"",""-"",""29,780,800"",""3,000,000"",""9,444,000"",""2,041,585,000"",""5,069,643,143"",""4,806,831,600"",""105.47""]",2026-08-28T22:20:04.397Z
2022,0000543,전문대학,사립,충남,,백석문화대학교,"[""2022"",""0000543"",""백석문화대학교"",""사립"",""충남"",""전문대학"",""18,425,576,763"",""11,420,893,620"",""15,160,000"",""288,000,000"",""-"",""-"",""-"",""106,000,000"",""-"",""94,147,580"",""26,108,680"",""7,534,099,403"",""28,243,050,640"",""26.68""]",2026-08-28T22:20:04.397Z
2022,0000477,전문대학,사립,전북,,백제예술대학교,"[""2022"",""0000477"",""백제예술대학교"",""사립"",""전북"",""전문대학"",""2,994,039,077"",""2,892,275,900"",""-"",""-"",""-"",""-"",""-"",""-"",""1,500,000"",""6,168,000"",""10,205,079"",""119,636,256"",""7,399,856,024"",""1.62""]",2026-08-28T22:20:04.397Z
2022,0000479,전문대학,사립,부산,,부산경상대학교,"[""2022"",""0000479"",""부산경상대학교"",""사립"",""부산"",""전문대학"",""19,869,260,816"",""7,632,387,220"",""-"",""-"",""360,000,000"",""-"",""-"",""230,000,000"",""12,896,000"",""127,494,000"",""633,807,300"",""13,601,070,896"",""12,774,847,700"",""106.47""]",2026-08-28T22:20:04.397Z
2022,0000481,전문대학,사립,부산,,부산과학기술대학교,"[""2022"",""0000481"",""부산과학기술대학교"",""사립"",""부산"",""전문대학"",""16,667,580,436"",""9,013,785,586"",""49,979,000"",""-"",""-"",""-"",""-"",""325,470,000"",""-"",""104,545,400"",""271,427,130"",""8,405,216,380"",""17,697,278,537"",""47.49""]",2026-08-28T22:20:04.397Z
2022,0000480,전문대학,사립,부산,,부산여자대학교,"[""2022"",""0000480"",""부산여자대학교"",""사립"",""부산"",""전문대학"",""14,254,722,611"",""6,551,854,501"",""-"",""200,000,000"",""-"",""-"",""-"",""-"",""12,000,000"",""63,300,000"",""103,540,071"",""8,081,708,181"",""12,568,537,121"",""64.30""]",2026-08-28T22:20:04.397Z
2022,0000561,전문대학,사립,부산,,부산예술대학교,"[""2022"",""0000561"",""부산예술대학교"",""사립"",""부산"",""전문대학"",""2,249,306,257"",""2,009,478,200"",""-"",""-"",""-"",""-"",""-"",""-"",""-"",""30,556,250"",""2,300,000"",""272,684,307"",""3,411,277,290"",""7.99""]",2026-08-28T22:20:04.397Z
2022,0000482,전문대학,사립,경기,,부천대학교,"[""2022"",""0000482"",""부천대학교"",""사립"",""경기"",""전문대학"",""30,265,521,259"",""21,588,128,767"",""120,321,000"",""450,000,000"",""-"",""-"",""-"",""-"",""1,500,000"",""110,785,000"",""5,424,261,442"",""14,784,259,934"",""46,671,826,690"",""31.68""]",2026-08-28T22:20:04.397Z
2022,0000490,전문대학,사립,서울,,서일대학교,"[""2022"",""0000490"",""서일대학교"",""사립"",""서울"",""전문대학"",""20,084,974,805"",""14,833,663,210"",""351,090,000"",""200,000,000"",""-"",""-"",""50,000,000"",""-"",""8,500,000"",""10,619,500"",""60,467,708"",""5,931,988,803"",""33,622,675,920"",""17.64""]",2026-08-28T22:20:04.397Z
2022,0000515,전문대학,사립,강원,,세경대학교,"[""2022"",""0000515"",""세경대학교"",""사립"",""강원"",""전문대학"",""4,732,899,462"",""2,724,868,800"",""-"",""-"",""-"",""-"",""65,000,000"",""200,000,000"",""-"",""9,507,250"",""574,035,000"",""2,856,572,912"",""4,439,209,980"",""64.35""]",2026-08-28T22:20:04.397Z
2022,0000567,전문대학,사립,강원,,송곡대학교,"[""2022"",""0000567"",""송곡대학교"",""사립"",""강원"",""전문대학"",""3,199,812,865"",""1,562,906,300"",""-"",""-"",""-"",""-"",""-"",""-"",""-"",""30,167,500"",""301,620,500"",""1,968,694,565"",""-"",""""]",2026-08-28T22:20:04.397Z
2022,0000564,전문대학,사립,강원,,송호대학교,"[""2022"",""0000564"",""송호대학교"",""사립"",""강원"",""전문대학"",""2,405,526,071"",""2,142,960,317"",""-"",""-"",""-"",""-"",""18,000,000"",""-"",""5,650,000"",""10,729,000"",""327,443,044"",""624,387,798"",""4,494,703,649"",""13.89""]",2026-08-28T22:20:04.397Z
2022,0000496,전문대학,사립,경기,,수원여자대학교,"[""2022"",""0000496"",""수원여자대학교"",""사립"",""경기"",""전문대학"",""13,658,376,429"",""8,967,760,517"",""-"",""-"",""-"",""-"",""-"",""-"",""-"",""113,162,000"",""21,253,149"",""4,825,031,061"",""24,965,114,909"",""19.33""]",2026-08-28T22:20:04.397Z
2022,0000498,전문대학,사립,전남,,순천제일대학교,"[""2022"",""0000498"",""순천제일대학교"",""사립"",""전남"",""전문대학"",""13,063,125,970"",""6,922,343,991"",""-"",""80,000,000"",""-"",""-"",""-"",""94,400,000"",""15,000,000"",""23,836,000"",""798,287,000"",""7,152,304,979"",""13,302,905,987"",""53.76""]",2026-08-28T22:20:04.397Z
2022,0000500,전문대학,사립,서울,,숭의여자대학교,"[""2022"",""0000500"",""숭의여자대학교"",""사립"",""서울"",""전문대학"",""8,677,825,767"",""8,072,354,090"",""3,750,000"",""-"",""-"",""-"",""-"",""-"",""26,500,000"",""5,856,650"",""564,617"",""642,142,944"",""17,462,562,620"",""3.68""]",2026-08-28T22:20:04.397Z
2022,0000501,전문대학,사립,경기,,신구대학교,"[""2022"",""0000501"",""신구대학교"",""사립"",""경기"",""전문대학"",""21,446,690,795"",""16,031,115,190"",""-"",""-"",""-"",""-"",""22,410,200"",""39,802,941"",""7,464,000"",""217,791,000"",""67,861,858"",""5,770,905,604"",""40,655,219,480"",""14.19""]",2026-08-28T22:20:04.397Z
2022,0000506,전문대학,사립,경기,,신안산대학교,"[""2022"",""0000506"",""신안산대학교"",""사립"",""경기"",""전문대학"",""7,346,227,689"",""7,015,915,380"",""74,312,000"",""-"",""115,320,000"",""-"",""-"",""-"",""3,500,000"",""31,912,300"",""21,087,091"",""576,443,700"",""15,878,531,127"",""3.63""]",2026-08-28T22:20:04.397Z
2022,0000454,전문대학,사립,충남,,아주자동차대학교,"[""2022"",""0000454"",""아주자동차대학교"",""사립"",""충남"",""전문대학"",""5,677,952,872"",""1,413,341,500"",""25,200,000"",""-"",""-"",""-"",""-"",""-"",""-"",""1,313,000"",""233,591,271"",""4,524,715,643"",""4,332,590,000"",""104.43""]",2026-08-28T22:20:04.397Z
2022,0000510,전문대학,사립,경기,,여주대학교,"[""2022"",""0000510"",""여주대학교"",""사립"",""경기"",""전문대학"",""15,535,200,180"",""10,453,769,907"",""113,010,000"",""-"",""-"",""-"",""36,000,000"",""29,802,941"",""2,000,000"",""45,806,400"",""340,286,428"",""5,648,336,042"",""25,423,746,767"",""22.22""]",2026-08-28T22:20:04.397Z
2022,0000512,전문대학,사립,충남,,연암대학교,"[""2022"",""0000512"",""연암대학교"",""사립"",""충남"",""전문대학"",""10,324,271,712"",""2,642,798,140"",""-"",""-"",""-"",""-"",""-"",""-"",""2,576,048,000"",""44,150,000"",""786,170,975"",""11,087,842,547"",""6,572,986,030"",""168.69""]",2026-08-28T22:20:04.397Z
2022,0000418,전문대학,사립,경북,,영남외국어대학,"[""2022"",""0000418"",""영남외국어대학"",""사립"",""경북"",""전문대학"",""83,524,080"",""5,496,000"",""-"",""-"",""-"",""-"",""-"",""-"",""-"",""12,606,000"",""3,000,000"",""93,634,080"",""2,046,131,500"",""4.58""]",2026-08-28T22:20:04.397Z
2022,0000513,전문대학,사립,대구,,영남이공대학교,"[""2022"",""0000513"",""영남이공대학교"",""사립"",""대구"",""전문대학"",""25,512,393,932"",""14,612,099,390"",""118,288,000"",""614,800,000"",""385,000,000"",""-"",""-"",""280,270,800"",""1,000,000"",""34,289,000"",""879,735,400"",""13,213,677,742"",""33,041,282,677"",""39.99""]",2026-08-28T22:20:04.397Z
2022,0000517,전문대학,사립,대구,,영진전문대학교,"[""2022"",""0000517"",""영진전문대학교"",""사립"",""대구"",""전문대학"",""32,988,969,941"",""17,581,745,290"",""-"",""1,103,862,500"",""-"",""-"",""80,000,000"",""-"",""16,394,000"",""200,771,815"",""2,295,820,470"",""19,104,073,436"",""40,367,834,390"",""47.32""]",2026-08-28T22:20:04.397Z
2022,0000524,전문대학,사립,경기,,유한대학교,"[""2022"",""0000524"",""유한대학교"",""사립"",""경기"",""전문대학"",""20,830,150,204"",""12,300,823,337"",""37,156,000"",""-"",""-"",""-"",""-"",""-"",""1,000,000"",""16,693,000"",""83,156,165"",""8,667,332,032"",""27,038,663,541"",""32.06""]",2026-08-28T22:20:04.397Z
2022,0000525,전문대학,사립,서울,,인덕대학교,"[""2022"",""0000525"",""인덕대학교"",""사립"",""서울"",""전문대학"",""23,154,795,222"",""15,879,844,894"",""91,786,000"",""80,000,000"",""35,000,000"",""-"",""-"",""39,155,000"",""3,500,000"",""475,030,500"",""2,119,386,742"",""10,118,808,570"",""36,508,082,620"",""27.72""]",2026-08-28T22:20:04.397Z
2022,0000455,전문대학,사립,인천,,재능대학교,"[""2022"",""0000455"",""재능대학교"",""사립"",""인천"",""전문대학"",""17,723,661,638"",""9,216,101,460"",""268,220,000"",""-"",""-"",""-"",""-"",""-"",""-"",""36,865,500"",""224,175,084"",""9,036,820,762"",""18,345,148,180"",""49.26""]",2026-08-28T22:20:04.397Z
2022,0000527,전문대학,사립,경기,,장안대학교,"[""2022"",""0000527"",""장안대학교"",""사립"",""경기"",""전문대학"",""8,435,627,239"",""7,700,084,280"",""-"",""200,000,000"",""-"",""-"",""-"",""-"",""-"",""123,454,000"",""96,646,248"",""1,155,643,207"",""19,742,284,770"",""5.85""]",2026-08-28T22:20:04.397Z
2022,0000529,전문대학,사립,전남,,전남과학대학교,"[""2022"",""0000529"",""전남과학대학교"",""사립"",""전남"",""전문대학"",""20,368,486,480"",""10,870,088,680"",""-"",""-"",""-"",""-"",""88,000,000"",""-"",""-"",""49,275,000"",""311,015,317"",""9,946,688,117"",""16,520,143,360"",""60.21""]",2026-08-28T22:20:04.397Z
2022,0000562,전문대학,공립,전남,,전남도립대학교,"[""2022"",""0000562"",""전남도립대학교"",""공립"",""전남"",""전문대학"",""1,675,548,956"",""1,360,127,000"",""-"",""80,000,000"",""-"",""-"",""-"",""-"",""6,492,000"",""1,992,000"",""6,348,183,000"",""6,752,088,956"",""2,013,470,570"",""335.35""]",2026-08-28T22:20:04.397Z
2022,0000531,전문대학,사립,전북,,전북과학대학교,"[""2022"",""0000531"",""전북과학대학교"",""사립"",""전북"",""전문대학"",""9,936,581,156"",""4,975,645,400"",""-"",""-"",""-"",""-"",""-"",""49,000,000"",""5,000,000"",""45,445,290"",""1,357,801,376"",""6,418,182,422"",""8,849,714,255"",""72.52""]",2026-08-28T22:20:04.397Z
2022,0000530,전문대학,사립,전북,,전주비전대학교,"[""2022"",""0000530"",""전주비전대학교"",""사립"",""전북"",""전문대학"",""16,647,358,097"",""9,479,243,780"",""-"",""-"",""-"",""-"",""29,000,000"",""146,600,000"",""26,000,000"",""314,466,870"",""199,448,790"",""7,883,629,977"",""18,992,661,510"",""41.51""]",2026-08-28T22:20:04.397Z
2022,0000532,전문대학,사립,제주,,제주관광대학교,"[""2022"",""0000532"",""제주관광대학교"",""사립"",""제주"",""전문대학"",""9,506,512,052"",""4,434,159,820"",""-"",""220,000,000"",""-"",""-"",""-"",""295,155,000"",""-"",""20,064,910"",""912,978,264"",""6,520,550,406"",""7,112,088,923"",""91.68""]",2026-08-28T22:20:04.397Z
2022,0000534,전문대학,사립,광주,,조선이공대학교,"[""2022"",""0000534"",""조선이공대학교"",""사립"",""광주"",""전문대학"",""14,990,349,497"",""7,505,881,001"",""145,206,000"",""-"",""248,300,000"",""-"",""52,000,000"",""193,200,000"",""-"",""48,573,500"",""82,050,000"",""8,253,797,996"",""15,995,474,976"",""51.60""]",2026-08-28T22:20:04.397Z
2022,0000406,전문대학,공립,충북,,충북도립대학교,"[""2022"",""0000406"",""충북도립대학교"",""공립"",""충북"",""전문대학"",""3,719,007,540"",""832,802,170"",""15,120,000"",""-"",""-"",""-"",""-"",""96,000,000"",""956,000"",""89,933,985"",""13,598,346,000"",""16,686,561,355"",""1,386,447,630"",""1,203.55""]",2026-08-28T22:20:04.397Z
2022,0000536,전문대학,사립,충북,,충북보건과학대학교,"[""2022"",""0000536"",""충북보건과학대학교"",""사립"",""충북"",""전문대학"",""11,892,274,989"",""6,059,482,240"",""-"",""-"",""150,000,000"",""-"",""53,000,000"",""39,000,000"",""7,500,000"",""24,670,000"",""96,664,853"",""6,203,627,602"",""14,052,148,280"",""44.15""]",2026-08-28T22:20:04.397Z
2022,0000547,전문대학,사립,충북,,충청대학교,"[""2022"",""0000547"",""충청대학교"",""사립"",""충북"",""전문대학"",""13,922,751,507"",""8,049,703,739"",""-"",""-"",""-"",""-"",""-"",""126,000,000"",""18,000,000"",""131,531,000"",""315,621,188"",""6,464,199,956"",""18,752,478,794"",""34.47""]",2026-08-28T22:20:04.397Z
2022,0000565,전문대학,사립,경기,,한국관광대학교,"[""2022"",""0000565"",""한국관광대학교"",""사립"",""경기"",""전문대학"",""7,265,684,133"",""4,318,467,791"",""-"",""-"",""-"",""-"",""80,000,000"",""-"",""50,500,000"",""4,831,500"",""11,793,034"",""3,094,340,876"",""8,936,043,638"",""34.63""]",2026-08-28T22:20:04.397Z
2022,0000570,전문대학,사립,경남,,한국승강기대학교,"[""2022"",""0000570"",""한국승강기대학교"",""사립"",""경남"",""전문대학"",""5,515,793,755"",""1,464,206,540"",""-"",""-"",""-"",""-"",""-"",""-"",""5,873,000"",""-"",""2,338,999,500"",""6,396,459,715"",""4,232,043,150"",""151.14""]",2026-08-28T22:20:04.397Z
2022,0000522,전문대학,사립,세종,,한국영상대학교,"[""2022"",""0000522"",""한국영상대학교"",""사립"",""세종"",""전문대학"",""19,047,897,272"",""8,764,387,068"",""-"",""65,880,000"",""-"",""-"",""231,088,050"",""27,791,666"",""16,000,000"",""22,553,250"",""301,450,226"",""10,948,273,396"",""18,357,494,041"",""59.64""]",2026-08-28T22:20:04.397Z
2022,0000554,전문대학,사립,서울,,한양여자대학교,"[""2022"",""0000554"",""한양여자대학교"",""사립"",""서울"",""전문대학"",""25,708,508,633"",""16,789,156,260"",""184,962,000"",""383,912,000"",""-"",""-"",""150,000,000"",""-"",""9,272,000"",""8,770,000"",""914,975,237"",""10,571,243,610"",""40,166,357,990"",""26.32""]",2026-08-28T22:20:04.397Z
2022,0000555,전문대학,사립,전남,,한영대학교,"[""2022"",""0000555"",""한영대학교"",""사립"",""전남"",""전문대학"",""8,097,552,986"",""3,125,996,670"",""-"",""200,000,000"",""-"",""-"",""-"",""-"",""10,846,000"",""11,912,000"",""683,500,000"",""5,877,814,316"",""7,517,157,350"",""78.19""]",2026-08-28T22:20:04.397Z
2022,0000415,전문대학,사립,경북,,호산대학교,"[""2022"",""0000415"",""호산대학교"",""사립"",""경북"",""전문대학"",""7,041,550,416"",""4,561,672,680"",""-"",""200,000,000"",""-"",""-"",""-"",""-"",""3,500,000"",""58,166,000"",""91,974,880"",""2,833,518,616"",""10,053,740,700"",""28.18""]",2026-08-28T22:20:04.397Z
2022,0000410,전문대학,사립,경북,,가톨릭상지대학교,"[""2022"",""0000410"",""가톨릭상지대학교"",""사립"",""경북"",""전문대학"",""10,461,903,974"",""4,796,999,001"",""17,000,000"",""186,800,000"",""-"",""-"",""-"",""117,000,000"",""33,411,000"",""52,201,000"",""162,537,000"",""6,233,853,973"",""10,246,469,471"",""60.84""]",2026-08-28T22:20:04.397Z
2022,0000514,전문대학,사립,강원,,강릉영동대학교,"[""2022"",""0000514"",""강릉영동대학교"",""사립"",""강원"",""전문대학"",""9,018,866,346"",""6,181,863,110"",""90,000,000"",""-"",""-"",""-"",""55,000,000"",""-"",""500,000"",""11,901,300"",""1,021,520,674"",""4,015,925,210"",""13,323,032,410"",""30.14""]",2026-08-28T22:20:04.397Z
2022,0002639,전문대학,공립,강원,,강원도립대학교,"[""2022"",""0002639"",""강원도립대학교"",""공립"",""강원"",""전문대학"",""6,010,696,900"",""794,192,160"",""-"",""-"",""-"",""-"",""27,000,000"",""1,610,000,000"",""2,000,000"",""360,000,000"",""13,533,923,000"",""20,749,427,740"",""1,046,996,970"",""1,981.80""]",2026-08-28T22:20:04.397Z
2022,0000412,전문대학,사립,경남,,거제대학교,"[""2022"",""0000412"",""거제대학교"",""사립"",""경남"",""전문대학"",""7,485,277,075"",""2,468,204,800"",""67,456,000"",""-"",""150,000,000"",""-"",""-"",""-"",""2,000,000"",""4,596,000"",""451,500,000"",""5,692,624,275"",""5,988,771,390"",""95.05""]",2026-08-28T22:20:04.397Z
2022,0002640,전문대학,사립,부산,,경남정보대학교,"[""2022"",""0002640"",""경남정보대학교"",""사립"",""부산"",""전문대학"",""31,028,844,195"",""18,259,772,066"",""-"",""-"",""150,000,000"",""-"",""33,300,000"",""20,000,000"",""11,588,000"",""96,728,330"",""115,814,504"",""13,196,502,963"",""34,328,391,374"",""38.44""]",2026-08-28T22:20:04.397Z
2022,0000416,전문대학,사립,경기,,경민대학교,"[""2022"",""0000416"",""경민대학교"",""사립"",""경기"",""전문대학"",""20,430,056,221"",""11,864,145,490"",""45,390,000"",""-"",""-"",""-"",""-"",""-"",""3,500,000"",""121,053,000"",""1,926,309,969"",""10,662,163,700"",""24,176,969,740"",""44.10""]",2026-08-28T22:20:04.397Z
2022,0002641,전문대학,사립,경기,,경복대학교,"[""2022"",""0002641"",""경복대학교"",""사립"",""경기"",""전문대학"",""26,651,708,696"",""17,332,788,601"",""30,300,000"",""80,000,000"",""-"",""-"",""-"",""39,802,941"",""6,000,000"",""51,168,750"",""79,298,384"",""9,605,490,170"",""37,830,083,095"",""25.39""]",2026-08-28T22:20:04.397Z
2022,0002642,전문대학,사립,경북,,경북전문대학교,"[""2022"",""0002642"",""경북전문대학교"",""사립"",""경북"",""전문대학"",""17,021,557,347"",""8,001,612,540"",""-"",""-"",""-"",""-"",""55,000,000"",""67,000,000"",""9,500,000"",""34,512,880"",""1,071,006,868"",""10,256,964,555"",""15,005,573,890"",""68.35""]",2026-08-28T22:20:04.397Z
2022,0000422,전문대학,사립,인천,,경인여자대학교,"[""2022"",""0000422"",""경인여자대학교"",""사립"",""인천"",""전문대학"",""16,521,103,902"",""11,311,133,260"",""86,824,000"",""-"",""-"",""-"",""-"",""-"",""1,000,000"",""27,614,000"",""61,868,754"",""5,387,277,396"",""24,368,556,980"",""22.11""]",2026-08-28T22:20:04.397Z
2022,0000435,전문대학,사립,전남,,나주대학교,"[""2022"",""0000435"",""나주대학교"",""사립"",""전남"",""전문대학"",""2,218,277,677"",""2,110,345,000"",""-"",""-"",""-"",""-"",""-"",""-"",""-"",""34,141,200"",""-"",""142,073,877"",""5,683,897,460"",""2.50""]",2026-08-28T22:20:04.397Z
2022,0000428,전문대학,사립,전남,,광양보건대학교,"[""2022"",""0000428"",""광양보건대학교"",""사립"",""전남"",""전문대학"",""14,588,734"",""7,400,000"",""-"",""-"",""-"",""-"",""-"",""-"",""-"",""1,500,000"",""-"",""8,688,734"",""932,283,340"",""0.93""]",2026-08-28T22:20:04.397Z
2022,0000429,전문대학,사립,광주,,광주보건대학교,"[""2022"",""0000429"",""광주보건대학교"",""사립"",""광주"",""전문대학"",""15,964,138,160"",""9,960,789,690"",""26,260,000"",""-"",""50,000,000"",""-"",""-"",""-"",""27,820,000"",""35,370,500"",""430,185,135"",""6,572,984,105"",""18,629,463,200"",""35.28""]",2026-08-28T22:20:04.397Z
2022,0000432,전문대학,사립,전북,,군장대학교,"[""2022"",""0000432"",""군장대학교"",""사립"",""전북"",""전문대학"",""10,327,635,752"",""4,723,872,708"",""-"",""170,100,000"",""-"",""-"",""45,000,000"",""-"",""1,000,000"",""26,641,630"",""132,010,461"",""5,978,515,135"",""9,506,394,338"",""62.89""]",2026-08-28T22:20:04.397Z
2022,0000440,전문대학,사립,경기,,김포대학교,"[""2022"",""0000440"",""김포대학교"",""사립"",""경기"",""전문대학"",""5,826,722,046"",""5,426,052,980"",""-"",""170,100,000"",""-"",""-"",""-"",""24,000,000"",""5,000,000"",""18,841,000"",""99,849,101"",""718,459,167"",""12,290,388,570"",""5.85""]",2026-08-28T22:20:04.397Z
2022,0000569,전문대학,사립,경남,,김해대학교,"[""2022"",""0000569"",""김해대학교"",""사립"",""경남"",""전문대학"",""9,365,173,422"",""4,150,740,335"",""-"",""-"",""-"",""-"",""18,000,000"",""-"",""8,500,000"",""25,949,000"",""3,768,686"",""5,270,650,773"",""8,459,486,668"",""62.30""]",2026-08-28T22:20:04.397Z
2022,0000441,전문대학,사립,경기,,농협대학교,"[""2022"",""0000441"",""농협대학교"",""사립"",""경기"",""전문대학"",""2,969,750,827"",""459,844,000"",""50,000,000"",""-"",""-"",""-"",""-"",""-"",""40,000,000"",""4,888,000"",""142,800,000"",""2,747,594,827"",""1,981,745,328"",""138.65""]",2026-08-28T22:20:04.397Z
2022,0000444,전문대학,사립,대구,,대구보건대학교,"[""2022"",""0000444"",""대구보건대학교"",""사립"",""대구"",""전문대학"",""30,767,745,009"",""18,838,585,070"",""-"",""222,000,000"",""2,645,000,000"",""-"",""54,000,000"",""349,780,800"",""26,000,000"",""40,507,000"",""517,132,445"",""15,783,580,184"",""40,137,561,237"",""39.32""]",2026-08-28T22:20:04.397Z
2022,0000448,전문대학,사립,경기,,대림대학교,"[""2022"",""0000448"",""대림대학교"",""사립"",""경기"",""전문대학"",""29,347,037,891"",""17,130,047,757"",""145,838,000"",""140,586,150"",""-"",""-"",""-"",""-"",""20,762,000"",""46,014,800"",""1,006,260,664"",""13,576,451,748"",""44,575,625,649"",""30.46""]",2026-08-28T22:20:04.397Z
2022,0000457,전문대학,사립,경기,,동남보건대학교,"[""2022"",""0000457"",""동남보건대학교"",""사립"",""경기"",""전문대학"",""15,517,185,172"",""10,415,227,950"",""-"",""-"",""-"",""-"",""-"",""-"",""13,317,000"",""26,418,500"",""2,418,998,819"",""7,560,691,541"",""29,216,302,195"",""25.88""]",2026-08-28T22:20:04.397Z
2022,0000461,전문대학,사립,경기,,동아방송예술대학교,"[""2022"",""0000461"",""동아방송예술대학교"",""사립"",""경기"",""전문대학"",""13,688,105,017"",""8,320,718,420"",""-"",""-"",""-"",""-"",""173,200,000"",""-"",""12,500,000"",""29,536,000"",""27,374,224"",""5,609,996,821"",""22,101,886,140"",""25.38""]",2026-08-28T22:20:04.397Z
2022,0000462,전문대학,사립,전남,,동아보건대학교,"[""2022"",""0000462"",""동아보건대학교"",""사립"",""전남"",""전문대학"",""5,470,596,100"",""3,902,822,392"",""-"",""-"",""-"",""-"",""-"",""-"",""3,500,000"",""26,357,080"",""216,078,362"",""1,813,709,150"",""6,000,555,381"",""30.23""]",2026-08-28T22:20:04.397Z
2022,0000463,전문대학,사립,서울,,동양미래대학교,"[""2022"",""0000463"",""동양미래대학교"",""사립"",""서울"",""전문대학"",""27,806,420,968"",""14,906,167,400"",""168,048,000"",""-"",""230,000,000"",""-"",""-"",""90,000,000"",""7,820,000"",""30,081,660"",""1,061,257,760"",""14,487,460,988"",""37,053,749,960"",""39.10""]",2026-08-28T22:20:04.397Z
2022,0000465,전문대학,사립,경기,,동원대학교,"[""2022"",""0000465"",""동원대학교"",""사립"",""경기"",""전문대학"",""11,791,541,363"",""7,076,919,950"",""36,640,000"",""-"",""-"",""-"",""160,000,000"",""-"",""-"",""56,463,500"",""1,091,100,049"",""6,058,824,962"",""16,184,798,210"",""37.44""]",2026-08-28T22:20:04.397Z
2022,0000467,전문대학,사립,부산,,부산보건대학교,"[""2022"",""0000467"",""부산보건대학교"",""사립"",""부산"",""전문대학"",""12,822,910,115"",""7,048,375,970"",""-"",""-"",""-"",""-"",""-"",""29,000,000"",""7,000,000"",""61,802,750"",""92,775,000"",""5,965,111,895"",""13,856,499,000"",""43.05""]",2026-08-28T22:20:04.397Z
2022,0000470,전문대학,사립,경남,,마산대학교,"[""2022"",""0000470"",""마산대학교"",""사립"",""경남"",""전문대학"",""20,774,400,044"",""14,896,967,270"",""-"",""-"",""-"",""-"",""190,000,000"",""179,500,000"",""25,140,000"",""46,336,000"",""227,734,000"",""6,546,142,774"",""30,879,447,500"",""21.20""]",2026-08-28T22:20:04.397Z
2022,0000473,전문대학,사립,서울,,명지전문대학,"[""2022"",""0000473"",""명지전문대학"",""사립"",""서울"",""전문대학"",""28,445,459,038"",""16,384,612,010"",""106,884,000"",""69,423,760"",""150,000,000"",""-"",""-"",""-"",""3,479,000"",""27,771,500"",""26,625,163"",""12,445,030,451"",""40,844,494,831"",""30.47""]",2026-08-28T22:20:04.397Z
2022,0000474,전문대학,사립,전남,,목포과학대학교,"[""2022"",""0000474"",""목포과학대학교"",""사립"",""전남"",""전문대학"",""15,856,215,421"",""7,693,057,118"",""-"",""-"",""-"",""-"",""67,000,000"",""-"",""4,000,000"",""47,035,330"",""281,994,132"",""8,563,187,765"",""12,800,919,422"",""66.90""]",2026-08-28T22:20:04.397Z
2022,0000476,전문대학,사립,서울,,배화여자대학교,"[""2022"",""0000476"",""배화여자대학교"",""사립"",""서울"",""전문대학"",""11,000,912,835"",""6,626,957,020"",""70,620,000"",""-"",""-"",""-"",""37,500,000"",""410,000,000"",""1,500,000"",""90,042,000"",""320,803,702"",""5,304,421,517"",""15,207,010,650"",""34.88""]",2026-08-28T22:20:04.397Z
2022,0000483,전문대학,사립,서울,,삼육보건대학교,"[""2022"",""0000483"",""삼육보건대학교"",""사립"",""서울"",""전문대학"",""6,411,237,799"",""2,778,410,800"",""15,120,000"",""-"",""-"",""-"",""-"",""43,000,000"",""-"",""-"",""34,363,255"",""3,725,310,254"",""7,438,443,560"",""50.08""]",2026-08-28T22:20:04.397Z
2022,0000065,대학,사립,경북,,신경주대학교,"[""2022"",""0000065"",""신경주대학교"",""사립"",""경북"",""대학"",""1,674,878,623"",""343,344,000"",""-"",""-"",""-"",""-"",""-"",""-"",""152,851,000"",""8,369,500"",""20,618,482"",""1,513,373,605"",""5,018,218,000"",""30.16""]",2026-08-28T22:20:04.397Z
2022,0002646,전문대학,사립,광주,,서영대학교,"[""2022"",""0002646"",""서영대학교"",""사립"",""광주"",""전문대학"",""20,861,630,521"",""15,431,209,740"",""37,156,000"",""-"",""-"",""-"",""-"",""-"",""500,000"",""82,678,840"",""1,592,367,725"",""7,143,123,346"",""26,886,583,347"",""26.57""]",2026-08-28T22:20:04.397Z
2022,0000489,전문대학,사립,경기,,서울예술대학교,"[""2022"",""0000489"",""서울예술대학교"",""사립"",""경기"",""전문대학"",""11,882,966,965"",""7,131,804,000"",""-"",""-"",""-"",""-"",""560,898,350"",""-"",""19,000,000"",""27,565,300"",""30,925,563"",""5,389,552,178"",""24,825,614,930"",""21.71""]",2026-08-28T22:20:04.397Z
2022,0000566,전문대학,사립,경기,,서정대학교,"[""2022"",""0000566"",""서정대학교"",""사립"",""경기"",""전문대학"",""28,610,516,817"",""15,674,366,440"",""30,240,000"",""-"",""-"",""-"",""-"",""320,000,000"",""4,500,000"",""353,859,660"",""1,987,772,580"",""15,632,522,617"",""40,789,246,525"",""38.33""]",2026-08-28T22:20:04.397Z
2022,0000550,전문대학,사립,경북,,선린대학교,"[""2022"",""0000550"",""선린대학교"",""사립"",""경북"",""전문대학"",""9,315,681,987"",""5,607,999,204"",""30,240,000"",""-"",""-"",""-"",""-"",""-"",""5,000,000"",""22,731,000"",""332,184,800"",""4,097,838,583"",""11,836,232,261"",""34.62""]",2026-08-28T22:20:04.397Z
2022,0002647,전문대학,사립,경북,,성운대학교,"[""2022"",""0002647"",""성운대학교"",""사립"",""경북"",""전문대학"",""8,084,459,276"",""4,975,993,480"",""15,120,000"",""-"",""-"",""-"",""-"",""-"",""155,415,800"",""113,724,450"",""347,417,200"",""3,740,143,246"",""7,230,404,730"",""51.73""]",2026-08-28T22:20:04.397Z
2022,0002649,전문대학,사립,대구,,수성대학교,"[""2022"",""0002649"",""수성대학교"",""사립"",""대구"",""전문대학"",""10,910,479,787"",""9,954,875,680"",""-"",""-"",""-"",""-"",""-"",""206,950,800"",""38,970,000"",""75,916,750"",""445,928,000"",""1,723,369,657"",""18,406,231,960"",""9.36""]",2026-08-28T22:20:04.397Z
2022,0000497,전문대학,사립,경기,,수원과학대학교,"[""2022"",""0000497"",""수원과학대학교"",""사립"",""경기"",""전문대학"",""9,080,796,397"",""8,657,934,168"",""39,739,000"",""-"",""-"",""-"",""-"",""-"",""28,000,000"",""28,197,000"",""187,820,895"",""706,619,124"",""21,799,790,028"",""3.24""]",2026-08-28T22:20:04.397Z
2022,0000502,전문대학,사립,충남,,신성대학교,"[""2022"",""0000502"",""신성대학교"",""사립"",""충남"",""전문대학"",""15,039,950,205"",""8,001,749,620"",""75,240,000"",""-"",""150,000,000"",""-"",""51,000,000"",""-"",""45,350,000"",""75,291,100"",""37,377,161"",""7,472,458,846"",""18,742,198,110"",""39.87""]",2026-08-28T22:20:04.397Z
2022,0002650,전문대학,사립,경북,,안동과학대학교,"[""2022"",""0002650"",""안동과학대학교"",""사립"",""경북"",""전문대학"",""12,691,905,613"",""5,905,944,830"",""30,240,000"",""185,100,000"",""-"",""-"",""67,000,000"",""-"",""12,000,000"",""60,822,000"",""454,286,359"",""7,595,409,142"",""12,448,700,550"",""61.01""]",2026-08-28T22:20:04.397Z
2022,0000507,전문대학,사립,경기,,안산대학교,"[""2022"",""0000507"",""안산대학교"",""사립"",""경기"",""전문대학"",""17,031,657,460"",""10,829,188,458"",""-"",""-"",""-"",""-"",""-"",""135,032,941"",""11,070,000"",""27,899,500"",""536,431,231"",""6,912,902,674"",""24,433,664,260"",""28.29""]",2026-08-28T22:20:04.397Z
2022,0002651,전문대학,사립,경기,,연성대학교,"[""2022"",""0002651"",""연성대학교"",""사립"",""경기"",""전문대학"",""24,168,722,165"",""15,107,407,995"",""30,240,000"",""146,400,000"",""-"",""-"",""18,618,600"",""29,802,941"",""23,680,000"",""15,204,000"",""599,385,760"",""9,924,645,471"",""35,954,688,328"",""27.60""]",2026-08-28T22:20:04.397Z
2022,0002652,전문대학,사립,경남,,연암공과대학교,"[""2022"",""0002652"",""연암공과대학교"",""사립"",""경남"",""전문대학"",""10,403,105,390"",""2,875,409,023"",""-"",""-"",""60,000,000"",""-"",""-"",""-"",""-"",""4,218,000"",""1,600,000"",""7,593,514,367"",""6,692,813,601"",""113.46""]",2026-08-28T22:20:04.397Z
2022,0002653,전문대학,사립,경기,,오산대학교,"[""2022"",""0002653"",""오산대학교"",""사립"",""경기"",""전문대학"",""18,489,436,651"",""9,815,235,100"",""39,626,000"",""385,644,000"",""-"",""-"",""-"",""39,802,941"",""5,869,000"",""88,956,500"",""67,212,529"",""9,301,312,521"",""24,969,512,820"",""37.25""]",2026-08-28T22:20:04.397Z
2022,0000520,전문대학,사립,경기,,용인예술과학대학교,"[""2022"",""0000520"",""용인예술과학대학교"",""사립"",""경기"",""전문대학"",""11,712,580,145"",""7,143,038,370"",""-"",""170,100,000"",""-"",""-"",""18,000,000"",""73,802,941"",""6,000,000"",""14,732,000"",""80,424,906"",""4,932,601,622"",""19,111,473,480"",""25.81""]",2026-08-28T22:20:04.397Z
2022,0000452,전문대학,사립,대전,,우송정보대학,"[""2022"",""0000452"",""우송정보대학"",""사립"",""대전"",""전문대학"",""17,768,280,699"",""9,163,226,830"",""-"",""-"",""-"",""-"",""-"",""168,000,000"",""-"",""16,400,800"",""2,101,036,012"",""10,890,490,681"",""19,397,369,040"",""56.14""]",2026-08-28T22:20:04.397Z
2022,0000521,전문대학,사립,울산,,울산과학대학교,"[""2022"",""0000521"",""울산과학대학교"",""사립"",""울산"",""전문대학"",""22,093,257,058"",""10,534,503,640"",""87,278,000"",""290,000,000"",""105,000,000"",""-"",""50,000,000"",""67,000,000"",""1,000,000"",""49,956,500"",""3,350,485,953"",""15,559,473,871"",""31,252,228,440"",""49.79""]",2026-08-28T22:20:04.397Z
2022,0000568,전문대학,사립,경기,,웅지세무대학교,"[""2022"",""0000568"",""웅지세무대학교"",""사립"",""경기"",""전문대학"",""250,359,150"",""58,148,200"",""-"",""-"",""-"",""-"",""-"",""-"",""-"",""3,480,000"",""34,953"",""195,725,903"",""-"",""""]",2026-08-28T22:20:04.397Z
2022,0000523,전문대학,사립,전북,,원광보건대학교,"[""2022"",""0000523"",""원광보건대학교"",""사립"",""전북"",""전문대학"",""26,111,641,824"",""12,936,683,086"",""45,436,000"",""70,400,000"",""-"",""78,143,000"",""-"",""-"",""99,511,400"",""182,959,660"",""541,336,484"",""14,192,745,282"",""24,410,556,853"",""58.14""]",2026-08-28T22:20:04.397Z
2022,0002654,전문대학,사립,인천,,인하공업전문대학,"[""2022"",""0002654"",""인하공업전문대학"",""사립"",""인천"",""전문대학"",""26,713,466,690"",""16,776,346,703"",""173,251,000"",""-"",""341,400,000"",""-"",""-"",""67,000,000"",""8,500,000"",""422,217,000"",""109,298,517"",""11,058,786,504"",""44,323,054,772"",""24.95""]",2026-08-28T22:20:04.397Z
2022,0000437,전문대학,사립,전북,,전주기전대학,"[""2022"",""0000437"",""전주기전대학"",""사립"",""전북"",""전문대학"",""8,299,242,462"",""4,907,559,360"",""-"",""200,000,000"",""-"",""-"",""54,000,000"",""347,000,000"",""271,490,000"",""28,451,930"",""222,174,210"",""4,514,799,242"",""8,766,672,050"",""51.50""]",2026-08-28T22:20:04.397Z
2022,0002655,전문대학,사립,제주,,제주한라대학교,"[""2022"",""0002655"",""제주한라대학교"",""사립"",""제주"",""전문대학"",""18,069,636,595"",""11,325,709,750"",""50,000,000"",""208,392,180"",""150,000,000"",""-"",""118,000,000"",""101,250,000"",""317,153,000"",""21,991,500"",""1,811,213,899"",""9,521,927,424"",""23,241,927,780"",""40.97""]",2026-08-28T22:20:04.397Z
2022,0000539,전문대학,사립,경남,,진주보건대학교,"[""2022"",""0000539"",""진주보건대학교"",""사립"",""경남"",""전문대학"",""11,274,761,047"",""7,495,214,490"",""-"",""-"",""-"",""-"",""-"",""-"",""5,500,000"",""55,006,000"",""31,100,000"",""3,871,152,557"",""14,945,033,050"",""25.90""]",2026-08-28T22:20:04.397Z
2022,0000542,전문대학,사립,경남,,창원문성대학교,"[""2022"",""0000542"",""창원문성대학교"",""사립"",""경남"",""전문대학"",""5,695,296,009"",""4,245,064,200"",""-"",""200,000,000"",""70,000,000"",""-"",""-"",""99,000,000"",""1,500,000"",""15,350,330"",""1,506,149,000"",""3,342,231,139"",""8,799,353,400"",""37.98""]",2026-08-28T22:20:04.397Z
2022,0000544,전문대학,사립,경기,,청강문화산업대학교,"[""2022"",""0000544"",""청강문화산업대학교"",""사립"",""경기"",""전문대학"",""15,750,584,409"",""9,794,188,520"",""-"",""185,100,000"",""-"",""-"",""28,759,928"",""248,490,000"",""24,000,000"",""14,380,000"",""60,837,375"",""6,517,963,192"",""25,281,478,028"",""25.78""]",2026-08-28T22:20:04.397Z
2022,0002656,전문대학,사립,전남,,청암대학교,"[""2022"",""0002656"",""청암대학교"",""사립"",""전남"",""전문대학"",""9,842,176,535"",""5,585,242,630"",""-"",""-"",""-"",""-"",""-"",""-"",""3,500,000"",""26,785,220"",""610,400,000"",""4,897,619,125"",""12,706,362,740"",""38.54""]",2026-08-28T22:20:04.397Z
2022,0000545,전문대학,사립,울산,,춘해보건대학교,"[""2022"",""0000545"",""춘해보건대학교"",""사립"",""울산"",""전문대학"",""12,414,896,863"",""6,999,941,250"",""-"",""-"",""-"",""200,000,000"",""-"",""-"",""14,000,000"",""31,505,000"",""438,197,440"",""6,098,658,053"",""15,774,560,420"",""38.66""]",2026-08-28T22:20:04.397Z
2022,0002657,전문대학,공립,충남,,충남도립대학교,"[""2022"",""0002657"",""충남도립대학교"",""공립"",""충남"",""전문대학"",""3,800,612,309"",""1,513,768,500"",""-"",""-"",""-"",""-"",""12,079,290"",""160,000,000"",""-"",""-"",""12,663,466,000"",""15,122,389,099"",""2,296,068,956"",""658.62""]",2026-08-28T22:20:04.397Z
2022,0002658,전문대학,사립,경북,,포항대학교,"[""2022"",""0002658"",""포항대학교"",""사립"",""경북"",""전문대학"",""7,476,917,009"",""4,246,108,332"",""-"",""-"",""-"",""-"",""-"",""29,780,800"",""17,228,000"",""21,871,000"",""1,069,019,090"",""4,368,707,567"",""9,010,421,179"",""48.49""]",2026-08-28T22:20:04.397Z
2022,0000578,전문대학,사립,강원,,한국골프과학기술대학교,"[""2022"",""0000578"",""한국골프과학기술대학교"",""사립"",""강원"",""전문대학"",""1,345,945,970"",""1,288,267,500"",""-"",""-"",""-"",""-"",""57,000,000"",""-"",""-"",""4,207,500"",""216,470,000"",""335,355,970"",""3,150,177,500"",""10.65""]",2026-08-28T22:20:04.397Z
2022,0003019,전문대학,특별법국립,전북,,한국농수산대학교,"[""2022"",""0003019"",""한국농수산대학교"",""특별법국립"",""전북"",""전문대학"",""191,287,283"",""171,662,500"",""329,155,000"",""-"",""100,000,000"",""-"",""-"",""111,230,000"",""35,144,586,733"",""2,885,000,000"",""449,087,000"",""39,038,683,516"",""-"",""""]",2026-08-28T22:20:04.397Z
2022,0000037,대학,국립,경기,,한경국립대학교,"[""2022"",""0000037"",""한경국립대학교"",""국립"",""경기"",""대학"",""23,284,823,228"",""7,693,070,600"",""-"",""-"",""-"",""-"",""-"",""67,000,000"",""1,000,000"",""-"",""1,175,824,807"",""16,835,577,435"",""18,430,714,120"",""91.35""]",2026-08-28T22:20:04.397Z
2022,0000553,전문대학,사립,강원,,한림성심대학교,"[""2022"",""0000553"",""한림성심대학교"",""사립"",""강원"",""전문대학"",""15,342,550,526"",""7,432,090,640"",""-"",""-"",""-"",""-"",""-"",""206,700,000"",""12,000,000"",""10,316,250"",""592,473,986"",""8,731,950,122"",""15,478,343,810"",""56.41""]",2026-08-28T22:20:04.397Z
2022,0000556,전문대학,사립,충남,,혜전대학교,"[""2022"",""0000556"",""혜전대학교"",""사립"",""충남"",""전문대학"",""8,401,200,695"",""6,643,177,930"",""15,150,000"",""-"",""-"",""-"",""-"",""-"",""3,500,000"",""10,925,370"",""355,194,474"",""2,142,792,609"",""13,966,081,065"",""15.34""]",2026-08-28T22:20:04.397Z
2022,0002971,전문대학,사립,전북,,군산간호대학교,"[""2022"",""0002971"",""군산간호대학교"",""사립"",""전북"",""전문대학"",""5,035,119,204"",""2,712,077,334"",""49,408,000"",""-"",""-"",""-"",""-"",""-"",""10,000,000"",""-"",""25,011,839"",""2,407,461,709"",""7,263,544,000"",""33.14""]",2026-08-28T22:20:04.397Z
2022,0002972,전문대학,사립,광주,,기독간호대학교,"[""2022"",""0002972"",""기독간호대학교"",""사립"",""광주"",""전문대학"",""3,020,907,368"",""1,420,974,500"",""-"",""-"",""-"",""-"",""-"",""-"",""-"",""1,529,500"",""2,500,000"",""1,603,962,368"",""3,191,946,690"",""50.25""]",2026-08-28T22:20:04.397Z
2022,0002973,전문대학,사립,서울,,서울여자간호대학교,"[""2022"",""0002973"",""서울여자간호대학교"",""사립"",""서울"",""전문대학"",""3,741,056,135"",""1,434,615,267"",""30,240,000"",""-"",""-"",""-"",""-"",""-"",""1,000,000"",""3,385,200"",""14,066,232"",""2,355,132,300"",""5,764,145,913"",""40.86""]",2026-08-28T22:20:04.397Z
2022,0002974,전문대학,사립,광주,,조선간호대학교,"[""2022"",""0002974"",""조선간호대학교"",""사립"",""광주"",""전문대학"",""3,979,157,279"",""1,392,116,500"",""15,150,000"",""-"",""-"",""-"",""-"",""-"",""-"",""8,831,000"",""-"",""2,611,021,779"",""3,759,795,000"",""69.45""]",2026-08-28T22:20:04.397Z
2022,0000575,전문대학,사립,대구,,영진사이버대학교,"[""2022"",""0000575"",""영진사이버대학교"",""사립"",""대구"",""전문대학"",""6,639,418,735"",""6,503,472,000"",""-"",""-"",""-"",""-"",""-"",""-"",""-"",""94,350,000"",""5,798,000"",""236,094,735"",""9,763,758,000"",""2.42""]",2026-08-28T22:20:04.397Z
2022,0000576,전문대학,사립,경북,,한국복지사이버대학교,"[""2022"",""0000576"",""한국복지사이버대학교"",""사립"",""경북"",""전문대학"",""3,567,950,750"",""3,536,004,000"",""-"",""-"",""-"",""-"",""-"",""-"",""-"",""47,776,500"",""258,369"",""79,981,619"",""6,395,040,000"",""1.25""]",2026-08-28T22:20:04.397Z
2022,0000683,대학원대학,특별법법인,경기,,한국학대학원,"[""2022"",""0000683"",""한국학대학원"",""특별법법인"",""경기"",""대학원대학"",""1,486,928,140"","""",""-"",""-"",""-"",""-"",""-"",""-"",""-"",""-"",""22,993"",""1,486,951,133"",""-"",""""]",2026-08-28T22:20:04.397Z
2022,0000643,대학원대학,사립,대전,,건신대학원대학교,"[""2022"",""0000643"",""건신대학원대학교"",""사립"",""대전"",""대학원대학"",""7,350,000"","""",""-"",""-"",""-"",""-"",""-"",""-"",""-"",""-"",""50,233,095"",""57,583,095"",""994,634,000"",""5.79""]",2026-08-28T22:20:04.397Z
2022,0000668,대학원대학,사립,경북,,경안대학원대학교,"[""2022"",""0000668"",""경안대학원대학교"",""사립"",""경북"",""대학원대학"",""738,000"","""",""-"",""-"",""-"",""-"",""-"",""-"",""-"",""-"",""-"",""738,000"",""203,508,000"",""0.36""]",2026-08-28T22:20:04.397Z
2022,0000664,대학원대학,기타,대전,,과학기술연합대학원대학교,"[""2022"",""0000664"",""과학기술연합대학원대학교"",""기타"",""대전"",""대학원대학"",""65,956,673"","""",""17,625,050,000"",""-"",""-"",""200,000,000"",""-"",""-"",""-"",""-"",""-"",""17,891,006,673"",""-"",""""]",2026-08-28T22:20:04.397Z
2022,0002928,대학원대학,특별법법인,경기,,국립암센터국제암대학원대학교,"[""2022"",""0002928"",""국립암센터국제암대학원대학교"",""특별법법인"",""경기"",""대학원대학"",""250,000,000"","""",""3,070,133,000"",""-"",""381,600,000"",""554,720,000"",""-"",""-"",""-"",""-"",""-"",""4,256,453,000"",""-"",""""]",2026-08-28T22:20:04.397Z
2022,0000657,대학원대학,사립,충남,,국제뇌교육종합대학원대학교,"[""2022"",""0000657"",""국제뇌교육종합대학원대학교"",""사립"",""충남"",""대학원대학"",""138,690,265"","""",""152,735,000"",""-"",""-"",""-"",""-"",""-"",""-"",""-"",""27,782"",""291,453,047"",""2,313,046,000"",""12.60""]",2026-08-28T22:20:04.397Z
2022,0000649,대학원대학,사립,서울,,수도국제대학원대학교,"[""2022"",""0000649"",""수도국제대학원대학교"",""사립"",""서울"",""대학원대학"",""4,486,370"","""",""-"",""-"",""-"",""-"",""-"",""-"",""-"",""-"",""-"",""4,486,370"",""2,527,439,150"",""0.18""]",2026-08-28T22:20:04.397Z
2022,0000656,대학원대학,사립,서울,,국제언어대학원대학교,"[""2022"",""0000656"",""국제언어대학원대학교"",""사립"",""서울"",""대학원대학"",""7,934,680"","""",""-"",""-"",""-"",""-"",""-"",""-"",""-"",""-"",""-"",""7,934,680"",""1,092,832,500"",""0.73""]",2026-08-28T22:20:04.397Z
2022,0002818,대학원대학,사립,경기,,능인대학원대학교,"[""2022"",""0002818"",""능인대학원대학교"",""사립"",""경기"",""대학원대학"",""6,790,950"","""",""-"",""-"",""-"",""-"",""-"",""-"",""-"",""-"",""-"",""6,790,950"",""169,820,000"",""4.00""]",2026-08-28T22:20:04.397Z
2022,0000641,대학원대학,사립,경기,,대한신학대학원대학교,"[""2022"",""0000641"",""대한신학대학원대학교"",""사립"",""경기"",""대학원대학"",""7,144,581"","""",""-"",""-"",""-"",""-"",""-"",""-"",""-"",""-"",""-"",""7,144,581"",""1,180,038,200"",""0.61""]",2026-08-28T22:20:04.397Z
2022,0000669,대학원대학,사립,서울,,동방문화대학원대학교,"[""2022"",""0000669"",""동방문화대학원대학교"",""사립"",""서울"",""대학원대학"",""103,406,750"","""",""-"",""-"",""-"",""-"",""-"",""-"",""-"",""-"",""-"",""103,406,750"",""2,576,513,335"",""4.01""]",2026-08-28T22:20:04.397Z
2022,0000642,대학원대학,사립,서울,,베뢰아국제대학원대학교,"[""2022"",""0000642"",""베뢰아국제대학원대학교"",""사립"",""서울"",""대학원대학"",""5,002,550"","""",""-"",""-"",""-"",""-"",""-"",""-"",""-"",""-"",""-"",""5,002,550"",""212,683,000"",""2.35""]",2026-08-28T22:20:04.397Z
2022,0000670,대학원대학,사립,서울,,북한대학원대학교,"[""2022"",""0000670"",""북한대학원대학교"",""사립"",""서울"",""대학원대학"",""227,300,000"","""",""-"",""-"",""-"",""-"",""-"",""-"",""-"",""-"",""-"",""227,300,000"",""1,435,130,510"",""15.84""]",2026-08-28T22:20:04.397Z
2022,0000666,대학원대학,사립,서울,,서울과학종합대학원대학교,"[""2022"",""0000666"",""서울과학종합대학원대학교"",""사립"",""서울"",""대학원대학"",""62,108,930"","""",""-"",""-"",""-"",""-"",""-"",""-"",""-"",""-"",""-"",""62,108,930"",""16,152,249,000"",""0.38""]",2026-08-28T22:20:04.397Z
2022,0000660,대학원대학,사립,서울,,서울벤처대학원대학교,"[""2022"",""0000660"",""서울벤처대학원대학교"",""사립"",""서울"",""대학원대학"",""14,700,000"","""",""-"",""-"",""-"",""-"",""-"",""-"",""-"",""-"",""8,873,420"",""23,573,420"",""2,442,913,500"",""0.96""]",2026-08-28T22:20:04.397Z
2022,0000658,대학원대학,사립,서울,,서울불교대학원대학교,"[""2022"",""0000658"",""서울불교대학원대학교"",""사립"",""서울"",""대학원대학"",""123,297,906"","""",""-"",""-"",""-"",""-"",""-"",""-"",""-"",""-"",""923,256"",""124,221,162"",""1,533,672,000"",""8.10""]",2026-08-28T22:20:04.397Z
2022,0000678,대학원대학,사립,서울,,서울상담심리대학원대학교,"[""2022"",""0000678"",""서울상담심리대학원대학교"",""사립"",""서울"",""대학원대학"",""2,181,456"","""",""-"",""-"",""-"",""-"",""-"",""-"",""-"",""-"",""-"",""2,181,456"",""1,147,037,330"",""0.19""]",2026-08-28T22:20:04.397Z
2022,0000650,대학원대학,사립,서울,,서울성경신학대학원대학교,"[""2022"",""0000650"",""서울성경신학대학원대학교"",""사립"",""서울"",""대학원대학"",""8,140,907"","""",""-"",""-"",""-"",""-"",""-"",""-"",""-"",""-"",""-"",""8,140,907"",""423,817,500"",""1.92""]",2026-08-28T22:20:04.397Z
2022,0000659,대학원대학,사립,서울,,서울외국어대학원대학교,"[""2022"",""0000659"",""서울외국어대학원대학교"",""사립"",""서울"",""대학원대학"",""8,593,790"","""",""-"",""-"",""-"",""-"",""-"",""-"",""-"",""-"",""-"",""8,593,790"",""2,832,575,001"",""0.30""]",2026-08-28T22:20:04.397Z
2022,0000667,대학원대학,사립,경기,,선학유피대학원대학교,"[""2022"",""0000667"",""선학유피대학원대학교"",""사립"",""경기"",""대학원대학"",""8,085,600"","""",""-"",""-"",""-"",""-"",""-"",""-"",""-"",""-"",""-"",""8,085,600"",""600,600,000"",""1.35""]",2026-08-28T22:20:04.397Z
2022,0000644,대학원대학,사립,인천,,성산효대학원대학교,"[""2022"",""0000644"",""성산효대학원대학교"",""사립"",""인천"",""대학원대학"",""7,861,080"","""",""-"",""-"",""-"",""-"",""-"",""-"",""-"",""-"",""-"",""7,861,080"",""1,425,874,300"",""0.55""]",2026-08-28T22:20:04.397Z
2022,0000661,대학원대학,사립,경기,,성서침례대학원대학교,"[""2022"",""0000661"",""성서침례대학원대학교"",""사립"",""경기"",""대학원대학"",""1,810,800"","""",""-"",""-"",""-"",""-"",""-"",""-"",""-"",""-"",""-"",""1,810,800"",""347,892,000"",""0.52""]",2026-08-28T22:20:04.397Z
2022,0000671,대학원대학,사립,서울,,순복음대학원대학교,"[""2022"",""0000671"",""순복음대학원대학교"",""사립"",""서울"",""대학원대학"",""10,641,369"","""",""-"",""-"",""-"",""-"",""-"",""-"",""-"",""-"",""13,506"",""10,654,875"",""-"",""""]",2026-08-28T22:20:04.397Z
2022,0000672,대학원대학,사립,경기,,실천신학대학원대학교,"[""2022"",""0000672"",""실천신학대학원대학교"",""사립"",""경기"",""대학원대학"",""30,473,626"","""",""-"",""-"",""-"",""-"",""-"",""-"",""-"",""-"",""8,638"",""30,482,264"",""455,915,340"",""6.69""]",2026-08-28T22:20:04.397Z
2022,0000651,대학원대학,사립,서울,,예명대학원대학교,"[""2022"",""0000651"",""예명대학원대학교"",""사립"",""서울"",""대학원대학"",""1,143,000"","""",""-"",""-"",""-"",""-"",""-"",""-"",""-"",""-"",""116,147"",""1,259,147"",""1,520,407,880"",""0.08""]",2026-08-28T22:20:04.397Z
2022,0000654,대학원대학,사립,경기,,온석대학원대학교,"[""2022"",""0000654"",""온석대학원대학교"",""사립"",""경기"",""대학원대학"",""5,932,020"","""",""-"",""-"",""-"",""-"",""-"",""-"",""-"",""-"",""-"",""5,932,020"",""1,414,528,000"",""0.42""]",2026-08-28T22:20:04.397Z
2022,0000646,대학원대학,사립,경기,,웨스트민스터신학대학원대학교,"[""2022"",""0000646"",""웨스트민스터신학대학원대학교"",""사립"",""경기"",""대학원대학"",""7,260,897"","""",""-"",""-"",""-"",""-"",""-"",""-"",""-"",""-"",""-"",""7,260,897"",""3,232,963,634"",""0.22""]",2026-08-28T22:20:04.397Z
2022,0000680,대학원대학,사립,인천,,주안대학원대학교,"[""2022"",""0000680"",""주안대학원대학교"",""사립"",""인천"",""대학원대학"",""34,150,000"","""",""-"",""-"",""-"",""-"",""-"",""-"",""-"",""-"",""-"",""34,150,000"",""348,248,200"",""9.81""]",2026-08-28T22:20:04.397Z
2022,0002817,대학원대학,사립,서울,,치유상담대학원대학교,"[""2022"",""0002817"",""치유상담대학원대학교"",""사립"",""서울"",""대학원대학"",""618,300"","""",""-"",""-"",""-"",""-"",""-"",""-"",""-"",""-"",""-"",""618,300"",""1,198,473,360"",""0.05""]",2026-08-28T22:20:04.397Z
2022,0000640,대학원대학,사립,세종,,한국개발연구원국제정책대학원대학교,"[""2022"",""0000640"",""한국개발연구원국제정책대학원대학교"",""사립"",""세종"",""대학원대학"",""2,768,072"","""",""30,000,000"",""-"",""-"",""-"",""-"",""-"",""-"",""1,601,594,615"",""50,000,000"",""1,684,362,687"",""-"",""""]",2026-08-28T22:20:04.397Z
2022,0000679,대학원대학,사립,서울,,한국상담대학원대학교,"[""2022"",""0000679"",""한국상담대학원대학교"",""사립"",""서울"",""대학원대학"",""6,783,921"","""",""-"",""-"",""-"",""-"",""-"",""-"",""-"",""-"",""-"",""6,783,921"",""1,253,868,340"",""0.54""]",2026-08-28T22:20:04.397Z
2022,0000681,대학원대학,사립,울산,,한국전력국제원자력대학원대학교,"[""2022"",""0000681"",""한국전력국제원자력대학원대학교"",""사립"",""울산"",""대학원대학"",""-"","""",""100,000,000"",""-"",""1,591,160,000"",""-"",""-"",""-"",""-"",""421,000,000"",""142,857,000"",""2,255,017,000"",""5,467,284,000"",""41.25""]",2026-08-28T22:20:04.397Z
2022,0000647,대학원대학,사립,경기,,합동신학대학원대학교,"[""2022"",""0000647"",""합동신학대학원대학교"",""사립"",""경기"",""대학원대학"",""6,558,703"","""",""-"",""-"",""-"",""-"",""-"",""-"",""-"",""-"",""33,189"",""6,591,892"",""1,929,648,385"",""0.34""]",2026-08-28T22:20:04.397Z
2022,0000648,대학원대학,사립,서울,,횃불트리니티신학대학원대학교,"[""2022"",""0000648"",""횃불트리니티신학대학원대학교"",""사립"",""서울"",""대학원대학"",""23,188,834"","""",""-"",""-"",""-"",""-"",""-"",""-"",""-"",""-"",""-"",""23,188,834"",""2,647,576,000"",""0.88""]",2026-08-28T22:20:04.397Z
2022,0000677,대학원대학,사립,서울,,서울미디어대학원대학교,"[""2022"",""0000677"",""서울미디어대학원대학교"",""사립"",""서울"",""대학원대학"",""145,905,271"","""",""-"",""-"",""-"",""-"",""408,000,000"",""-"",""-"",""-"",""-"",""553,905,271"",""1,327,250,000"",""41.73""]",2026-08-28T22:20:04.397Z
2022,0000673,대학원대학,사립,서울,,한림국제대학원대학교,"[""2022"",""0000673"",""한림국제대학원대학교"",""사립"",""서울"",""대학원대학"",""115,119,707"","""",""38,307,000"",""-"",""50,000,000"",""-"",""-"",""-"",""-"",""-"",""-"",""203,426,707"",""2,389,306,800"",""8.51""]",2026-08-28T22:20:04.397Z
2022,0000676,대학원대학,사립,서울,,한반도국제대학원대학교,"[""2022"",""0000676"",""한반도국제대학원대학교"",""사립"",""서울"",""대학원대학"",""464,880"","""",""-"",""-"",""-"",""-"",""-"",""-"",""-"",""-"",""-"",""464,880"",""227,200,000"",""0.20""]",2026-08-28T22:20:04.397Z
2022,0000075,대학,사립,전남,,광주가톨릭대학교,"[""2022"",""0000075"",""광주가톨릭대학교"",""사립"",""전남"",""대학"","""","""","""","""","""","""","""","""","""","""",""-"",""-"",""-"",""""]",2026-08-28T22:20:04.397Z
2022,0000155,대학,사립,전남,,영산선학대학교,"[""2022"",""0000155"",""영산선학대학교"",""사립"",""전남"",""대학"","""","""","""","""","""","""","""","""","""","""",""-"",""-"",""74,000,000"",""-""]",2026-08-28T22:20:04.397Z
2022,0000288,대학,사립,서울,,정석대학,"[""2022"",""0000288"",""정석대학"",""사립"",""서울"",""대학"","""","""","""","""","""","""","""","""","""","""",""-"",""-"",""-"",""""]",2026-08-28T22:20:04.397Z
2022,0000663,대학원대학,사립,서울,,개신대학원대학교,"[""2022"",""0000663"",""개신대학원대학교"",""사립"",""서울"",""대학원대학"","""","""","""","""","""","""","""","""","""","""",""-"",""-"",""1,131,197,000"",""-""]",2026-08-28T22:20:04.397Z
2022,0002643,대학원대학,사립,경기,,계약신학대학원대학교,"[""2022"",""0002643"",""계약신학대학원대학교"",""사립"",""경기"",""대학원대학"","""","""","""","""","""","""","""","""","""","""",""-"",""-"",""-"",""""]",2026-08-28T22:20:04.397Z
2022,0000655,대학원대학,사립,경기,,국제법률경영대학원대학교,"[""2022"",""0000655"",""국제법률경영대학원대학교"",""사립"",""경기"",""대학원대학"","""","""","""","""","""","""","""","""","""","""",""-"",""-"",""927,068,965"",""-""]",2026-08-28T22:20:04.397Z
2022,0000662,대학원대학,사립,경기,,에스라성경대학원대학교,"[""2022"",""0000662"",""에스라성경대학원대학교"",""사립"",""경기"",""대학원대학"","""","""","""","""","""","""","""","""","""","""",""-"",""-"",""459,472,000"",""-""]",2026-08-28T22:20:04.397Z
2022,0000645,대학원대학,사립,전북,,원불교대학원대학교,"[""2022"",""0000645"",""원불교대학원대학교"",""사립"",""전북"",""대학원대학"","""","""","""","""","""","""","""","""","""","""",""-"",""-"",""138,000,000"",""-""]",2026-08-28T22:20:04.397Z
2022,0002668,대학원대학,사립,경기,,제네바신학대학원대학교,"[""2022"",""0002668"",""제네바신학대학원대학교"",""사립"",""경기"",""대학원대학"","""","""","""","""","""","""","""","""","""","""",""-"",""-"",""27,500,000"",""-""]",2026-08-28T22:20:04.397Z
2022,0002857,대학원대학,사립,경기,,구세군사관대학원대학교,"[""2022"",""0002857"",""구세군사관대학원대학교"",""사립"",""경기"",""대학원대학"","""","""","""","""","""","""","""","""","""","""",""-"",""-"",""150,400,000"",""-""]",2026-08-28T22:20:04.397Z
2022,0000653,대학원대학,사립,서울,,서울사회복지대학원대학교,"[""2022"",""0000653"",""서울사회복지대학원대학교"",""사립"",""서울"",""대학원대학"","""","""","""","""","""","""","""","""","""","""",""-"",""-"",""1,099,678,000"",""-""]",2026-08-28T22:20:04.397Z
2021,0002748,대학,사립,경남,,가야대학교(김해),"[""2021"",""0002748"",""가야대학교(김해)"",""사립"",""경남"",""대학"",""5,009,838,161"",""4,533,643,190"",""-"",""-"",""100,000"",""-"",""-"",""-"",""-"",""21,884,330"",""-"",""498,179,301"",""13,875,084,220"",""3.59""]",2026-08-28T22:20:04.397Z
2021,0000063,대학,사립,경기,,가천대학교,"[""2021"",""0000063"",""가천대학교"",""사립"",""경기"",""대학"",""51,340,690,563"",""26,706,960,720"",""19,720,870,000"",""708,000,000"",""3,265,302,250"",""2,619,000,000"",""1,008,842,700"",""3,450,750,000"",""488,000,000"",""4,856,211,197"",""258,141,000"",""61,008,846,990"",""174,780,398,900"",""34.91""]",2026-08-28T22:20:04.397Z
2021,0000072,대학,사립,강원,,가톨릭관동대학교,"[""2021"",""0000072"",""가톨릭관동대학교"",""사립"",""강원"",""대학"",""25,488,455,028"",""14,039,870,790"",""2,772,965,000"",""1,062,569,820"",""-"",""704,000,000"",""253,500,000"",""3,546,000,000"",""90,000,000"",""1,127,282,460"",""2,089,434,740"",""23,094,336,258"",""53,558,853,220"",""43.12""]",2026-08-28T22:20:04.397Z
2021,0000046,대학,사립,경기,,가톨릭대학교,"[""2021"",""0000046"",""가톨릭대학교"",""사립"",""경기"",""대학"",""37,190,158,457"",""11,464,241,070"",""25,913,107,400"",""300,000,000"",""667,050,000"",""12,397,552,500"",""1,116,965,990"",""-"",""160,000,000"",""6,255,012,560"",""590,639,750"",""73,126,245,587"",""83,455,502,010"",""87.62""]",2026-08-28T22:20:04.397Z
2021,0000050,대학,사립,서울,,감리교신학대학교,"[""2021"",""0000050"",""감리교신학대학교"",""사립"",""서울"",""대학"",""2,746,668,345"",""1,990,276,867"",""-"",""-"",""-"",""-"",""-"",""-"",""-"",""11,114,700"",""4,930,350"",""772,436,528"",""8,667,113,547"",""8.91""]",2026-08-28T22:20:04.397Z
2021,0000051,대학,사립,경기,,강남대학교,"[""2021"",""0000051"",""강남대학교"",""사립"",""경기"",""대학"",""18,767,644,608"",""9,976,908,100"",""209,606,000"",""-"",""136,100,000"",""75,000,000"",""369,100,000"",""30,000,000"",""-"",""266,087,000"",""2,179,500"",""9,878,809,008"",""50,948,061,800"",""19.39""]",2026-08-28T22:20:04.397Z
2021,0000001,대학,국립,강원,,국립강릉원주대학교,"[""2021"",""0000001"",""국립강릉원주대학교"",""국립"",""강원"",""대학"",""101,128,840,380"",""13,346,125,150"",""4,358,971,000"",""305,955,600"",""1,223,171,100"",""43,000,000"",""115,000,000"",""795,272,000"",""201,280,000"",""1,514,134,900"",""3,648,420,400"",""99,987,920,230"",""-"",""""]",2026-08-28T22:20:04.397Z
2021,0000003,대학,국립,강원,,강원대학교,"[""2021"",""0000003"",""강원대학교"",""국립"",""강원"",""대학"",""251,137,093,168"",""28,602,138,620"",""24,126,236,333"",""1,120,000,000"",""2,253,298,500"",""1,224,000,000"",""1,139,428,000"",""2,071,200,000"",""5,198,695,000"",""14,923,513,230"",""9,391,743,000"",""283,983,068,611"",""-"",""""]",2026-08-28T22:20:04.397Z
2021,0000052,대학,사립,서울,,건국대학교,"[""2021"",""0000052"",""건국대학교"",""사립"",""서울"",""대학"",""42,414,041,383"",""18,560,608,450"",""23,324,907,000"",""732,480,000"",""3,766,213,000"",""1,555,850,000"",""318,745,990"",""2,496,000,000"",""4,388,301,364"",""8,560,741,000"",""12,461,500"",""69,009,132,787"",""231,870,911,360"",""29.76""]",2026-08-28T22:20:04.397Z
2021,0000053,대학,사립,충북,,건국대학교(글로컬),"[""2021"",""0000053"",""건국대학교(글로컬)"",""사립"",""충북"",""대학"",""26,536,836,290"",""12,866,093,750"",""6,461,167,000"",""169,898,200"",""315,000"",""206,802,000"",""-"",""40,000,000"",""124,000,000"",""799,548,356"",""2,046,000"",""21,474,519,096"",""-"",""""]",2026-08-28T22:20:04.397Z
2021,0000054,대학,사립,충남,,건양대학교,"[""2021"",""0000054"",""건양대학교"",""사립"",""충남"",""대학"",""22,845,897,926"",""13,691,201,127"",""2,345,532,000"",""275,000,000"",""580,200,000"",""580,000,000"",""275,000,000"",""1,323,995,000"",""-"",""660,308,000"",""3,000,000"",""15,197,731,799"",""49,819,864,970"",""30.51""]",2026-08-28T22:20:04.397Z
2021,0000335,대학,사립,대전,,건양사이버대학교,"[""2021"",""0000335"",""건양사이버대학교"",""사립"",""대전"",""대학"",""6,344,075,377"",""5,742,370,000"",""-"",""-"",""-"",""-"",""-"",""-"",""-"",""430,788,250"",""-"",""1,032,493,627"",""9,053,756,000"",""11.40""]",2026-08-28T22:20:04.397Z
2021,0000056,대학,사립,경기,,경기대학교,"[""2021"",""0000056"",""경기대학교"",""사립"",""경기"",""대학"",""38,525,741,500"",""23,062,412,380"",""4,126,621,400"",""300,000,000"",""2,079,605,000"",""-"",""535,134,600"",""2,060,000,000"",""50,000,000"",""2,186,072,670"",""168,179,450"",""26,968,942,240"",""118,445,561,000"",""22.77""]",2026-08-28T22:20:04.397Z
2021,0000059,대학,사립,경남,,경남대학교,"[""2021"",""0000059"",""경남대학교"",""사립"",""경남"",""대학"",""34,292,047,853"",""19,386,293,940"",""1,800,656,800"",""954,915,400"",""381,140,000"",""70,000,000"",""78,000,000"",""496,275,000"",""80,000,000"",""752,724,600"",""-"",""19,519,465,713"",""71,705,268,161"",""27.22""]",2026-08-28T22:20:04.397Z
2021,0000060,대학,사립,강원,,경동대학교,"[""2021"",""0000060"",""경동대학교"",""사립"",""강원"",""대학"",""14,611,606,783"",""14,268,133,077"",""296,503,000"",""-"",""-"",""5,000,000"",""17,500,000"",""175,948,800"",""-"",""98,673,590"",""2,446,174,860"",""3,383,273,956"",""58,026,991,945"",""5.83""]",2026-08-28T22:20:04.397Z
2021,0000005,대학,국립,대구,,경북대학교,"[""2021"",""0000005"",""경북대학교"",""국립"",""대구"",""대학"",""314,638,163,861"",""26,605,894,170"",""57,893,325,000"",""-"",""7,833,029,000"",""1,664,407,000"",""903,280,800"",""8,987,500,000"",""8,197,035,000"",""12,929,692,010"",""382,000"",""386,440,920,501"",""-"",""""]",2026-08-28T22:20:04.397Z
2021,0000007,대학,국립,경남,,경상국립대학교,"[""2021"",""0000007"",""경상국립대학교"",""국립"",""경남"",""대학"",""310,191,026,612"",""28,362,810,580"",""25,761,529,000"",""243,183,540"",""3,340,320,000"",""1,156,250,000"",""663,457,000"",""1,046,485,200"",""5,141,927,000"",""7,896,663,243"",""-"",""327,078,031,015"",""-"",""""]",2026-08-28T22:20:04.397Z
2021,0000062,대학,사립,부산,,경성대학교,"[""2021"",""0000062"",""경성대학교"",""사립"",""부산"",""대학"",""38,071,928,168"",""24,453,218,974"",""1,277,515,000"",""1,240,179,975"",""252,470,000"",""-"",""147,000,000"",""40,000,000"",""160,000,000"",""1,081,275,500"",""-"",""17,817,149,669"",""80,315,656,618"",""22.18""]",2026-08-28T22:20:04.397Z
2021,0000244,대학,사립,경북,,경운대학교,"[""2021"",""0000244"",""경운대학교"",""사립"",""경북"",""대학"",""21,117,682,294"",""10,588,511,168"",""232,537,000"",""200,000,000"",""-"",""-"",""267,500,000"",""30,000,000"",""3,893,250"",""183,485,000"",""3,869,500"",""11,450,455,876"",""33,302,929,674"",""34.38""]",2026-08-28T22:20:04.397Z
2021,0000256,대학,국립,인천,,경인교육대학교,"[""2021"",""0000256"",""경인교육대학교"",""국립"",""인천"",""대학"",""32,507,253,436"",""2,704,398,000"",""98,322,000"",""-"",""30,000,000"",""-"",""117,000,000"",""-"",""-"",""227,314,330"",""157,827,000"",""30,433,318,766"",""-"",""""]",2026-08-28T22:20:04.397Z
2021,0000064,대학,사립,경북,,경일대학교,"[""2021"",""0000064"",""경일대학교"",""사립"",""경북"",""대학"",""28,039,941,975"",""13,085,282,970"",""1,325,161,000"",""548,286,070"",""23,042,750"",""206,250,000"",""281,500,000"",""485,780,800"",""-"",""286,995,000"",""8,120,000"",""18,119,794,625"",""47,354,127,130"",""38.26""]",2026-08-28T22:20:04.397Z
2021,0000065,대학,사립,경북,,신경주대학교,"[""2021"",""0000065"",""신경주대학교"",""사립"",""경북"",""대학"",""854,721,861"",""446,041,000"",""-"",""-"",""100,000"",""-"",""-"",""-"",""-"",""16,876,330"",""-"",""425,657,191"",""5,384,468,200"",""7.91""]",2026-08-28T22:20:04.397Z
2021,0000066,대학,사립,서울,,경희대학교,"[""2021"",""0000066"",""경희대학교"",""사립"",""서울"",""대학"",""80,447,739,883"",""32,667,681,118"",""46,836,128,780"",""-"",""5,507,385,000"",""6,981,250,000"",""835,849,760"",""353,530,000"",""1,864,185,000"",""10,998,180,159"",""21,816,920"",""121,178,384,384"",""298,100,152,547"",""40.65""]",2026-08-28T22:20:04.397Z
2021,0000318,대학,사립,서울,,경희사이버대학교,"[""2021"",""0000318"",""경희사이버대학교"",""사립"",""서울"",""대학"",""11,382,413,065"",""10,975,206,250"",""-"",""-"",""-"",""-"",""-"",""-"",""-"",""205,464,500"",""-"",""612,671,315"",""31,483,755,340"",""1.95""]",2026-08-28T22:20:04.397Z
2021,0000068,대학,사립,대구,,계명대학교,"[""2021"",""0000068"",""계명대학교"",""사립"",""대구"",""대학"",""71,909,899,631"",""42,884,940,940"",""7,267,153,000"",""300,000,000"",""802,560,000"",""128,000,000"",""843,231,000"",""325,368,000"",""-"",""2,594,198,373"",""1,157,500"",""41,286,626,564"",""161,862,040,330"",""25.51""]",2026-08-28T22:20:04.397Z
2021,0000069,대학,사립,서울,,고려대학교,"[""2021"",""0000069"",""고려대학교"",""사립"",""서울"",""대학"",""105,369,698,983"",""18,563,302,280"",""114,029,681,000"",""-"",""8,634,023,200"",""19,898,150,000"",""762,889,200"",""5,946,000,000"",""1,498,472,000"",""20,127,021,860"",""613,974,000"",""258,316,607,963"",""356,169,041,515"",""72.53""]",2026-08-28T22:20:04.397Z
2021,0000070,대학,사립,세종,,고려대학교(세종),"[""2021"",""0000070"",""고려대학교(세종)"",""사립"",""세종"",""대학"",""23,756,413,856"",""8,822,307,300"",""8,880,672,820"",""379,358,960"",""1,342,600,000"",""587,500,000"",""1,243,240,000"",""1,510,000,000"",""626,995,090"",""2,769,677,330"",""2,144,750"",""32,276,295,506"",""-"",""""]",2026-08-28T22:20:04.397Z
2021,0000328,대학,사립,서울,,고려사이버대학교,"[""2021"",""0000328"",""고려사이버대학교"",""사립"",""서울"",""대학"",""7,154,480,669"",""6,755,738,383"",""15,000,000"",""-"",""-"",""150,000,000"",""-"",""-"",""-"",""153,502,750"",""-"",""717,245,036"",""20,930,180,600"",""3.43""]",2026-08-28T22:20:04.397Z
2021,0000071,대학,사립,부산,,고신대학교,"[""2021"",""0000071"",""고신대학교"",""사립"",""부산"",""대학"",""14,168,156,201"",""8,562,049,388"",""1,414,194,000"",""250,000,000"",""320,000,000"",""891,000,000"",""1,032,510,000"",""-"",""-"",""418,526,000"",""-"",""9,932,336,813"",""29,207,272,281"",""34.01""]",2026-08-28T22:20:04.397Z
2021,0000251,대학,국립,충남,,공주교육대학교,"[""2021"",""0000251"",""공주교육대학교"",""국립"",""충남"",""대학"",""18,466,971,505"",""1,379,521,160"",""302,323,000"",""-"",""10,000,000"",""-"",""-"",""67,000,000"",""-"",""27,899,756"",""-"",""17,494,673,101"",""-"",""""]",2026-08-28T22:20:04.397Z
2021,0000008,대학,국립,충남,,국립공주대학교,"[""2021"",""0000008"",""국립공주대학교"",""국립"",""충남"",""대학"",""163,135,820,506"",""18,931,454,540"",""8,819,990,000"",""457,065,000"",""3,661,986,000"",""-"",""140,500,000"",""956,987,600"",""1,755,593,000"",""4,212,958,786"",""6,720,000"",""164,216,166,352"",""-"",""""]",2026-08-28T22:20:04.397Z
2021,0000073,대학,사립,광주,,광신대학교,"[""2021"",""0000073"",""광신대학교"",""사립"",""광주"",""대학"",""1,611,872,633"",""1,490,298,500"",""-"",""-"",""-"",""-"",""-"",""-"",""-"",""9,488,500"",""-"",""131,062,633"",""5,570,108,500"",""2.35""]",2026-08-28T22:20:04.397Z
2021,0000074,대학,사립,서울,,광운대학교,"[""2021"",""0000074"",""광운대학교"",""사립"",""서울"",""대학"",""23,674,936,969"",""10,423,144,300"",""8,957,948,000"",""528,794,040"",""1,969,520,000"",""-"",""934,000,000"",""107,000,000"",""-"",""1,752,372,000"",""7,828,750"",""27,509,255,459"",""77,572,513,143"",""35.46""]",2026-08-28T22:20:04.397Z
2021,0000075,대학,사립,전남,,광주가톨릭대학교,"[""2021"",""0000075"",""광주가톨릭대학교"",""사립"",""전남"",""대학"",""-"","""",""-"",""-"",""-"",""-"",""-"",""-"",""-"",""-"",""-"",""-"",""-"",""""]",2026-08-28T22:20:04.397Z
2021,0000381,대학,특별법법인,광주,,광주과학기술원,"[""2021"",""0000381"",""광주과학기술원"",""특별법법인"",""광주"",""대학"",""4,296,363,879"",""229,866,500"",""142,955,131,000"",""1,000,000,000"",""2,343,506,414"",""738,000,000"",""4,492,688,000"",""79,000,000"",""-"",""7,249,854,700"",""-"",""162,924,677,493"",""-"",""""]",2026-08-28T22:20:04.397Z
2021,0000252,대학,국립,광주,,광주교육대학교,"[""2021"",""0000252"",""광주교육대학교"",""국립"",""광주"",""대학"",""27,046,091,010"",""1,576,320,000"",""180,444,000"",""-"",""541,400,000"",""-"",""-"",""-"",""-"",""-"",""-"",""26,191,615,010"",""-"",""""]",2026-08-28T22:20:04.397Z
2021,0000231,대학,사립,광주,,광주대학교,"[""2021"",""0000231"",""광주대학교"",""사립"",""광주"",""대학"",""23,945,999,871"",""15,579,098,170"",""648,991,000"",""337,920,000"",""298,700,000"",""5,000,000"",""280,664,600"",""2,452,000,000"",""-"",""145,542,450"",""225,500"",""12,535,945,251"",""42,366,054,540"",""29.59""]",2026-08-28T22:20:04.397Z
2021,0000076,대학,사립,광주,,광주여자대학교,"[""2021"",""0000076"",""광주여자대학교"",""사립"",""광주"",""대학"",""13,929,441,168"",""9,428,180,294"",""117,414,000"",""130,000,000"",""30,000,000"",""-"",""100,270,000"",""-"",""-"",""115,393,500"",""654,000"",""4,994,992,374"",""24,793,298,382"",""20.15""]",2026-08-28T22:20:04.397Z
2021,0000078,대학,사립,서울,,국민대학교,"[""2021"",""0000078"",""국민대학교"",""사립"",""서울"",""대학"",""51,799,917,218"",""21,843,814,300"",""17,278,508,000"",""285,000,000"",""3,529,300,000"",""-"",""2,728,650,000"",""-"",""518,500,000"",""6,366,859,080"",""31,970,500"",""60,694,890,498"",""153,140,979,400"",""39.63""]",2026-08-28T22:20:04.397Z
2021,0000319,대학,사립,경기,,국제사이버대학교,"[""2021"",""0000319"",""국제사이버대학교"",""사립"",""경기"",""대학"",""4,911,015,433"",""4,893,192,000"",""-"",""-"",""115,000,000"",""-"",""-"",""-"",""-"",""78,580,000"",""-"",""211,403,433"",""8,013,230,999"",""2.64""]",2026-08-28T22:20:04.397Z
2021,0000009,대학,국립,전북,,국립군산대학교,"[""2021"",""0000009"",""국립군산대학교"",""국립"",""전북"",""대학"",""98,898,279,800"",""12,184,385,580"",""5,930,606,000"",""460,000,000"",""1,007,352,000"",""-"",""113,000,000"",""2,581,500,000"",""240,000,000"",""3,683,185,746"",""1,000,000"",""100,730,537,966"",""-"",""""]",2026-08-28T22:20:04.397Z
2021,0000080,대학,사립,충북,,극동대학교,"[""2021"",""0000080"",""극동대학교"",""사립"",""충북"",""대학"",""8,294,979,427"",""7,033,759,200"",""236,627,000"",""-"",""71,400,000"",""-"",""77,500,000"",""-"",""-"",""16,732,500"",""30,000"",""1,663,509,727"",""24,016,228,740"",""6.93""]",2026-08-28T22:20:04.397Z
2021,0000334,대학,사립,충남,,글로벌사이버대학교,"[""2021"",""0000334"",""글로벌사이버대학교"",""사립"",""충남"",""대학"",""3,193,995,759"",""2,979,992,500"",""-"",""-"",""651,000,000"",""-"",""-"",""-"",""-"",""69,657,000"",""-"",""934,660,259"",""5,625,618,000"",""16.61""]",2026-08-28T22:20:04.397Z
2021,0000224,대학,사립,충남,,금강대학교,"[""2021"",""0000224"",""금강대학교"",""사립"",""충남"",""대학"",""863,703,372"",""401,906,600"",""-"",""-"",""170,000,000"",""-"",""-"",""-"",""-"",""9,846,000"",""-"",""641,642,772"",""1,740,630,333"",""36.86""]",2026-08-28T22:20:04.397Z
2021,0000010,대학,국립,경북,,국립금오공과대학교,"[""2021"",""0000010"",""국립금오공과대학교"",""국립"",""경북"",""대학"",""73,236,965,947"",""8,433,133,220"",""6,974,842,400"",""-"",""945,660,000"",""-"",""-"",""2,478,125,000"",""75,000,000"",""1,295,974,608"",""-"",""76,573,434,735"",""-"",""""]",2026-08-28T22:20:04.397Z
2021,0000241,대학,사립,경북,,김천대학교,"[""2021"",""0000241"",""김천대학교"",""사립"",""경북"",""대학"",""6,235,703,635"",""4,849,221,207"",""58,293,000"",""-"",""-"",""-"",""-"",""-"",""11,000,000"",""57,314,000"",""116,000"",""1,513,205,428"",""19,705,959,574"",""7.68""]",2026-08-28T22:20:04.397Z
2021,0000215,대학,사립,충북,,가톨릭꽃동네대학교,"[""2021"",""0000215"",""가톨릭꽃동네대학교"",""사립"",""충북"",""대학"",""2,390,109,036"",""1,050,247,767"",""90,000,000"",""-"",""-"",""-"",""467,071,000"",""-"",""-"",""-"",""-"",""1,896,932,269"",""3,363,339,417"",""56.40""]",2026-08-28T22:20:04.397Z
2021,0000081,대학,사립,충남,,나사렛대학교,"[""2021"",""0000081"",""나사렛대학교"",""사립"",""충남"",""대학"",""18,503,586,648"",""10,081,513,300"",""44,350,000"",""-"",""-"",""-"",""506,000,000"",""90,000,000"",""-"",""20,705,000"",""1,845,000"",""9,084,973,348"",""34,996,623,330"",""25.96""]",2026-08-28T22:20:04.397Z
2021,0000216,대학,사립,광주,,남부대학교,"[""2021"",""0000216"",""남부대학교"",""사립"",""광주"",""대학"",""7,835,900,353"",""6,765,915,740"",""330,381,000"",""250,000,000"",""290,000,000"",""52,424,000"",""32,000,000"",""934,144,000"",""-"",""371,661,500"",""-"",""3,330,595,113"",""21,619,171,410"",""15.41""]",2026-08-28T22:20:04.397Z
2021,0000245,대학,사립,충남,,남서울대학교,"[""2021"",""0000245"",""남서울대학교"",""사립"",""충남"",""대학"",""22,631,201,094"",""18,086,851,940"",""1,560,217,000"",""800,216,000"",""454,000,000"",""-"",""-"",""215,600,000"",""-"",""259,401,500"",""1,986,500"",""7,835,770,154"",""74,749,665,455"",""10.48""]",2026-08-28T22:20:04.397Z
2021,0000082,대학,사립,경기,,단국대학교,"[""2021"",""0000082"",""단국대학교"",""사립"",""경기"",""대학"",""71,891,454,721"",""34,008,212,220"",""13,187,303,000"",""-"",""4,007,354,000"",""341,000,000"",""467,500,000"",""2,700,533,600"",""958,300,000"",""4,621,017,410"",""6,004,500"",""64,172,255,011"",""220,768,583,350"",""29.07""]",2026-08-28T22:20:04.397Z
2021,0000088,대학,사립,경북,,대구가톨릭대학교,"[""2021"",""0000088"",""대구가톨릭대학교"",""사립"",""경북"",""대학"",""39,694,636,147"",""22,602,991,480"",""4,283,666,000"",""165,740,000"",""640,412,000"",""100,000,000"",""87,000,000"",""77,000,000"",""215,667,000"",""2,366,384,027"",""4,000,000"",""25,031,513,694"",""86,869,071,280"",""28.82""]",2026-08-28T22:20:04.397Z
2021,0000382,대학,특별법법인,대구,,대구경북과학기술원,"[""2021"",""0000382"",""대구경북과학기술원"",""특별법법인"",""대구"",""대학"",""3,421,514,059"","""",""115,367,257,000"",""24,606,000"",""3,101,961,000"",""935,000,000"",""400,000,000"",""560,085,000"",""-"",""240,000,000"",""-"",""124,050,423,059"",""-"",""""]",2026-08-28T22:20:04.397Z
2021,0000253,대학,국립,대구,,대구교육대학교,"[""2021"",""0000253"",""대구교육대학교"",""국립"",""대구"",""대학"",""27,017,110,952"",""1,632,106,830"",""240,318,000"",""-"",""100,000,000"",""-"",""-"",""-"",""-"",""-"",""-"",""25,725,322,122"",""-"",""""]",2026-08-28T22:20:04.397Z
2021,0000084,대학,사립,경북,,대구대학교,"[""2021"",""0000084"",""대구대학교"",""사립"",""경북"",""대학"",""61,794,600,973"",""34,738,642,380"",""6,010,919,000"",""1,087,095,000"",""610,200,000"",""-"",""220,270,000"",""3,785,820,400"",""500,460,000"",""1,313,691,528"",""6,000,000"",""40,590,414,521"",""118,503,187,150"",""34.25""]",2026-08-28T22:20:04.397Z
2021,0000320,대학,사립,경북,,대구사이버대학교,"[""2021"",""0000320"",""대구사이버대학교"",""사립"",""경북"",""대학"",""4,600,564,041"",""4,440,736,950"",""-"",""-"",""-"",""-"",""-"",""-"",""-"",""117,226,200"",""-"",""277,053,291"",""9,996,681,899"",""2.77""]",2026-08-28T22:20:04.397Z
2021,0000087,대학,사립,경북,,대구예술대학교,"[""2021"",""0000087"",""대구예술대학교"",""사립"",""경북"",""대학"",""2,089,843,281"",""1,740,122,500"",""-"",""-"",""-"",""-"",""35,000,000"",""-"",""-"",""38,658,500"",""1,947,500"",""425,326,781"",""6,144,824,910"",""6.92""]",2026-08-28T22:20:04.397Z
2021,0000061,대학,사립,경북,,대구한의대학교,"[""2021"",""0000061"",""대구한의대학교"",""사립"",""경북"",""대학"",""27,590,896,141"",""13,395,311,070"",""3,103,757,000"",""401,280,000"",""-"",""120,000,000"",""233,300,000"",""30,000,000"",""130,000,000"",""705,260,330"",""5,205,000"",""18,924,387,401"",""47,455,640,776"",""39.88""]",2026-08-28T22:20:04.397Z
2021,0000093,대학,사립,경북,,대신대학교,"[""2021"",""0000093"",""대신대학교"",""사립"",""경북"",""대학"",""1,703,271,481"",""1,485,079,500"",""-"",""-"",""-"",""-"",""-"",""-"",""-"",""36,786,000"",""-"",""254,977,981"",""3,744,076,820"",""6.81""]",2026-08-28T22:20:04.397Z
2021,0000094,대학,사립,세종,,대전가톨릭대학교,"[""2021"",""0000094"",""대전가톨릭대학교"",""사립"",""세종"",""대학"",""58,462,500"",""55,297,500"",""-"",""-"",""295,500,000"",""-"",""-"",""-"",""-"",""714,000,000"",""-"",""1,012,665,000"",""390,280,000"",""259.47""]",2026-08-28T22:20:04.397Z
2021,0000095,대학,사립,대전,,대전대학교,"[""2021"",""0000095"",""대전대학교"",""사립"",""대전"",""대학"",""33,984,790,522"",""16,385,427,110"",""2,333,280,000"",""279,911,968"",""1,026,270,000"",""1,224,000,000"",""50,500,000"",""240,899,200"",""178,000,000"",""1,493,214,987"",""1,464,580"",""24,426,904,147"",""65,236,653,051"",""37.44""]",2026-08-28T22:20:04.397Z
2021,0000238,대학,사립,대전,,대전신학대학교,"[""2021"",""0000238"",""대전신학대학교"",""사립"",""대전"",""대학"",""426,361,338"",""245,295,500"",""-"",""-"",""-"",""-"",""-"",""-"",""-"",""-"",""-"",""181,065,838"",""863,627,000"",""20.97""]",2026-08-28T22:20:04.397Z
2021,0000097,대학,사립,경기,,대진대학교,"[""2021"",""0000097"",""대진대학교"",""사립"",""경기"",""대학"",""21,439,784,794"",""14,951,009,820"",""573,377,000"",""270,000,000"",""200,467,700"",""-"",""30,000,000"",""335,000,000"",""4,176,900"",""609,757,500"",""15,719,500"",""8,527,273,574"",""56,297,725,570"",""15.15""]",2026-08-28T22:20:04.397Z
2021,0000099,대학,사립,서울,,덕성여자대학교,"[""2021"",""0000099"",""덕성여자대학교"",""사립"",""서울"",""대학"",""15,172,739,666"",""8,256,908,082"",""2,899,106,000"",""100,000,000"",""-"",""40,000,000"",""-"",""67,000,000"",""-"",""142,198,000"",""15,340,570"",""10,179,476,154"",""40,929,856,734"",""24.87""]",2026-08-28T22:20:04.397Z
2021,0000100,대학,사립,서울,,동국대학교,"[""2021"",""0000100"",""동국대학교"",""사립"",""서울"",""대학"",""49,786,916,012"",""17,973,148,420"",""20,036,602,000"",""688,759,980"",""2,402,835,000"",""3,661,580,000"",""3,375,463,000"",""436,000,000"",""427,625,421"",""4,255,095,122"",""242,315,500"",""67,340,043,615"",""209,852,665,034"",""32.09""]",2026-08-28T22:20:04.397Z
2021,0000101,대학,사립,경북,,동국대학교(WISE),"[""2021"",""0000101"",""동국대학교(WISE)"",""사립"",""경북"",""대학"",""23,157,384,407"",""12,322,415,367"",""2,977,754,600"",""300,000,000"",""511,500,000"",""350,000,000"",""-"",""-"",""50,000,000"",""471,677,800"",""5,308,580"",""15,501,210,020"",""-"",""""]",2026-08-28T22:20:04.397Z
2021,0000102,대학,사립,서울,,동덕여자대학교,"[""2021"",""0000102"",""동덕여자대학교"",""사립"",""서울"",""대학"",""18,744,467,266"",""11,269,416,410"",""791,453,000"",""604,464,000"",""-"",""-"",""-"",""-"",""24,000,000"",""103,782,000"",""9,986,500"",""9,008,736,356"",""52,793,245,883"",""17.06""]",2026-08-28T22:20:04.397Z
2021,0000235,대학,사립,부산,,동명대학교,"[""2021"",""0000235"",""동명대학교"",""사립"",""부산"",""대학"",""32,229,659,224"",""17,107,155,370"",""851,299,000"",""492,376,000"",""318,200,000"",""-"",""23,500,000"",""117,000,000"",""-"",""606,994,400"",""1,500,000"",""17,533,373,254"",""50,316,930,000"",""34.85""]",2026-08-28T22:20:04.397Z
2021,0000103,대학,사립,부산,,동서대학교,"[""2021"",""0000103"",""동서대학교"",""사립"",""부산"",""대학"",""37,606,681,082"",""22,077,309,650"",""1,979,150,000"",""1,385,393,430"",""220,200,000"",""206,250,000"",""477,650,000"",""2,488,000,000"",""-"",""268,626,328"",""-"",""22,554,641,190"",""62,469,484,363"",""36.11""]",2026-08-28T22:20:04.397Z
2021,0000104,대학,사립,전남,,동신대학교,"[""2021"",""0000104"",""동신대학교"",""사립"",""전남"",""대학"",""23,649,136,922"",""14,058,249,400"",""1,875,746,000"",""700,000,000"",""341,450,000"",""220,000,000"",""208,000,000"",""440,000,000"",""-"",""311,899,330"",""-"",""13,687,982,852"",""42,189,038,260"",""32.44""]",2026-08-28T22:20:04.397Z
2021,0000105,대학,사립,부산,,동아대학교,"[""2021"",""0000105"",""동아대학교"",""사립"",""부산"",""대학"",""63,965,860,210"",""36,375,892,030"",""9,101,337,400"",""622,792,704"",""1,804,890,000"",""724,221,000"",""218,200,000"",""1,356,302,400"",""90,000,000"",""2,322,663,715"",""1,500,000"",""43,831,875,399"",""137,264,203,341"",""31.93""]",2026-08-28T22:20:04.397Z
2021,0000106,대학,사립,경북,,동양대학교,"[""2021"",""0000106"",""동양대학교"",""사립"",""경북"",""대학"",""8,870,486,814"",""7,508,695,167"",""165,762,000"",""-"",""-"",""-"",""74,500,000"",""77,000,000"",""-"",""185,250,500"",""10,659,660"",""1,874,963,807"",""25,013,470,168"",""7.50""]",2026-08-28T22:20:04.397Z
2021,0000107,대학,사립,부산,,동의대학교,"[""2021"",""0000107"",""동의대학교"",""사립"",""부산"",""대학"",""50,268,259,622"",""31,177,389,940"",""5,094,061,000"",""1,030,884,820"",""748,000,000"",""270,000,000"",""144,000,000"",""99,232,000"",""27,000,000"",""642,030,249"",""2,000,000"",""27,148,077,751"",""99,916,982,340"",""27.17""]",2026-08-28T22:20:04.397Z
2021,0000330,대학,사립,서울,,디지털서울문화예술대학교,"[""2021"",""0000330"",""디지털서울문화예술대학교"",""사립"",""서울"",""대학"",""4,436,901,370"",""3,711,111,680"",""-"",""-"",""-"",""-"",""18,500,000"",""-"",""-"",""61,435,580"",""1,368,600"",""807,093,870"",""11,945,151,619"",""6.76""]",2026-08-28T22:20:04.397Z
2021,0000108,대학,사립,경기,,루터대학교,"[""2021"",""0000108"",""루터대학교"",""사립"",""경기"",""대학"",""2,535,613,104"",""723,753,670"",""-"",""-"",""-"",""-"",""-"",""-"",""-"",""3,150,000"",""-"",""1,815,009,434"",""2,249,679,570"",""80.68""]",2026-08-28T22:20:04.397Z
2021,0000109,대학,사립,경기,,명지대학교,"[""2021"",""0000109"",""명지대학교"",""사립"",""경기"",""대학"",""37,258,925,471"",""21,678,003,830"",""6,590,649,000"",""714,477,927"",""1,495,200,000"",""-"",""197,500,000"",""382,139,200"",""-"",""4,872,093,080"",""33,101,250"",""29,866,082,098"",""130,744,991,060"",""22.84""]",2026-08-28T22:20:04.397Z
2021,0000112,대학,사립,대전,,목원대학교,"[""2021"",""0000112"",""목원대학교"",""사립"",""대전"",""대학"",""21,410,519,619"",""15,369,537,940"",""412,455,000"",""788,180,000"",""230,000,000"",""-"",""167,760,000"",""33,300,000"",""68,000,000"",""263,148,910"",""7,497,500"",""8,011,323,089"",""53,894,593,890"",""14.86""]",2026-08-28T22:20:04.397Z
2021,0000221,대학,사립,전남,,목포가톨릭대학교,"[""2021"",""0000221"",""목포가톨릭대학교"",""사립"",""전남"",""대학"",""2,895,849,673"",""1,417,608,400"",""-"",""-"",""361,000,000"",""-"",""-"",""-"",""-"",""508,781,000"",""-"",""2,348,022,273"",""3,223,930,666"",""72.83""]",2026-08-28T22:20:04.397Z
2021,0000011,대학,국립,전남,,국립목포대학교,"[""2021"",""0000011"",""국립목포대학교"",""국립"",""전남"",""대학"",""99,835,023,181"",""12,491,661,470"",""3,823,548,000"",""960,800,000"",""2,992,850,000"",""-"",""394,000,000"",""2,804,000,000"",""957,000,000"",""1,532,097,000"",""-"",""100,807,656,711"",""-"",""""]",2026-08-28T22:20:04.397Z
2021,0000012,대학,국립,전남,,국립목포해양대학교,"[""2021"",""0000012"",""국립목포해양대학교"",""국립"",""전남"",""대학"",""62,765,883,929"",""3,602,826,670"",""552,699,000"",""-"",""1,582,000,000"",""-"",""-"",""269,000,000"",""-"",""915,232,100"",""1,500,000"",""62,483,488,359"",""-"",""""]",2026-08-28T22:20:04.397Z
2021,0000113,대학,사립,대전,,배재대학교,"[""2021"",""0000113"",""배재대학교"",""사립"",""대전"",""대학"",""26,175,476,349"",""14,264,176,850"",""1,183,636,000"",""1,053,730,000"",""54,000,000"",""70,000,000"",""395,040,000"",""103,000,000"",""153,800,000"",""286,111,171"",""5,270,000"",""15,215,886,670"",""54,731,625,014"",""27.80""]",2026-08-28T22:20:04.397Z
2021,0000178,대학,사립,충남,,백석대학교,"[""2021"",""0000178"",""백석대학교"",""사립"",""충남"",""대학"",""33,811,892,288"",""25,116,184,090"",""388,047,000"",""455,080,740"",""47,100,000"",""-"",""161,450,000"",""335,000,000"",""4,500,000"",""286,592,000"",""15,364,000"",""10,388,841,938"",""108,626,617,710"",""9.56""]",2026-08-28T22:20:04.397Z
2021,0000013,대학,국립,부산,,국립부경대학교,"[""2021"",""0000013"",""국립부경대학교"",""국립"",""부산"",""대학"",""182,412,925,198"",""23,470,709,140"",""17,071,279,000"",""513,881,300"",""3,212,662,000"",""254,600,000"",""-"",""2,621,476,800"",""64,850,000"",""10,064,592,900"",""-"",""192,745,558,058"",""-"",""""]",2026-08-28T22:20:04.397Z
2021,0000114,대학,사립,부산,,부산가톨릭대학교,"[""2021"",""0000114"",""부산가톨릭대학교"",""사립"",""부산"",""대학"",""18,701,283,031"",""8,502,806,810"",""657,671,390"",""84,630,000"",""-"",""-"",""113,106,200"",""85,000,000"",""64,430,000"",""46,078,000"",""-"",""11,249,391,811"",""25,353,994,265"",""44.37""]",2026-08-28T22:20:04.397Z
2021,0000254,대학,국립,부산,,부산교육대학교,"[""2021"",""0000254"",""부산교육대학교"",""국립"",""부산"",""대학"",""28,084,035,195"",""1,365,973,500"",""87,696,000"",""-"",""-"",""-"",""-"",""-"",""-"",""50,000,000"",""1,000,000"",""26,856,757,695"",""-"",""""]",2026-08-28T22:20:04.397Z
2021,0000014,대학,국립,부산,,부산대학교,"[""2021"",""0000014"",""부산대학교"",""국립"",""부산"",""대학"",""319,477,463,279"",""25,314,167,440"",""65,460,392,000"",""1,000,000,000"",""12,846,089,000"",""3,528,502,000"",""393,500,000"",""3,548,944,800"",""864,042,760"",""12,567,886,000"",""-"",""394,372,652,399"",""-"",""""]",2026-08-28T22:20:04.397Z
2021,0000321,대학,사립,부산,,부산디지털대학교,"[""2021"",""0000321"",""부산디지털대학교"",""사립"",""부산"",""대학"",""4,688,340,842"",""3,381,412,199"",""-"",""-"",""-"",""-"",""-"",""-"",""-"",""92,346,000"",""-"",""1,399,274,643"",""6,284,807,397"",""22.26""]",2026-08-28T22:20:04.397Z
2021,0000115,대학,사립,부산,,부산외국어대학교,"[""2021"",""0000115"",""부산외국어대학교"",""사립"",""부산"",""대학"",""21,806,072,764"",""14,291,828,580"",""308,604,000"",""1,082,308,480"",""-"",""-"",""55,000,000"",""-"",""-"",""448,449,501"",""3,230,000"",""9,411,836,165"",""45,344,863,760"",""20.76""]",2026-08-28T22:20:04.397Z
2021,0000222,대학,사립,경남,,부산장신대학교,"[""2021"",""0000222"",""부산장신대학교"",""사립"",""경남"",""대학"",""867,048,367"",""538,992,330"",""-"",""-"",""-"",""-"",""-"",""-"",""-"",""5,570,000"",""2,358,500"",""335,984,537"",""2,322,735,890"",""14.47""]",2026-08-28T22:20:04.397Z
2021,0000332,대학,사립,서울,,사이버한국외국어대학교,"[""2021"",""0000332"",""사이버한국외국어대학교"",""사립"",""서울"",""대학"",""6,630,770,855"",""6,182,910,834"",""-"",""-"",""-"",""-"",""40,000,000"",""-"",""-"",""152,775,000"",""-"",""640,635,021"",""16,715,446,920"",""3.83""]",2026-08-28T22:20:04.397Z
2021,0000116,대학,사립,서울,,삼육대학교,"[""2021"",""0000116"",""삼육대학교"",""사립"",""서울"",""대학"",""17,099,871,688"",""9,994,232,900"",""1,525,797,000"",""482,872,350"",""-"",""18,000,000"",""52,774,600"",""159,000,000"",""200,000,000"",""615,291,660"",""10,829,000"",""10,170,203,398"",""45,872,033,870"",""22.17""]",2026-08-28T22:20:04.397Z
2021,0000117,대학,사립,서울,,상명대학교,"[""2021"",""0000117"",""상명대학교"",""사립"",""서울"",""대학"",""35,861,897,947"",""19,713,567,567"",""3,502,059,000"",""300,000,000"",""811,020,000"",""76,800,000"",""12,433,034,000"",""97,000,000"",""611,800,000"",""876,386,000"",""26,614,370"",""34,883,043,750"",""105,155,704,069"",""33.17""]",2026-08-28T22:20:04.397Z
2021,0000119,대학,사립,강원,,상지대학교,"[""2021"",""0000119"",""상지대학교"",""사립"",""강원"",""대학"",""15,833,604,671"",""11,585,171,570"",""1,457,547,000"",""79,310,000"",""55,000,000"",""190,000,000"",""220,500,000"",""305,000,000"",""995,280,000"",""639,106,500"",""2,112,676,675"",""10,302,853,276"",""48,952,361,810"",""21.05""]",2026-08-28T22:20:04.397Z
2021,0000120,대학,사립,서울,,서강대학교,"[""2021"",""0000120"",""서강대학교"",""사립"",""서울"",""대학"",""29,402,960,115"",""7,257,643,166"",""17,843,251,000"",""-"",""1,849,500,000"",""530,000,000"",""778,550,580"",""245,000,000"",""6,000,000"",""2,141,560,500"",""9,007,000"",""45,548,186,029"",""103,109,818,901"",""44.17""]",2026-08-28T22:20:04.397Z
2021,0000121,대학,사립,서울,,서경대학교,"[""2021"",""0000121"",""서경대학교"",""사립"",""서울"",""대학"",""17,106,165,790"",""9,614,681,083"",""504,973,000"",""-"",""179,000,000"",""-"",""1,495,000,000"",""-"",""51,930,722"",""1,482,814,660"",""13,238,500"",""11,218,441,589"",""49,492,884,402"",""22.67""]",2026-08-28T22:20:04.397Z
2021,0000036,대학,국립,서울,,서울과학기술대학교,"[""2021"",""0000036"",""서울과학기술대학교"",""국립"",""서울"",""대학"",""114,082,553,347"",""13,904,719,210"",""11,440,216,050"",""590,764,992"",""4,393,217,500"",""233,000,000"",""70,000,000"",""345,000,000"",""417,000,000"",""4,979,634,150"",""205,120,100"",""122,851,786,929"",""-"",""""]",2026-08-28T22:20:04.397Z
2021,0000255,대학,국립,서울,,서울교육대학교,"[""2021"",""0000255"",""서울교육대학교"",""국립"",""서울"",""대학"",""23,163,305,719"",""1,206,697,500"",""91,974,000"",""-"",""-"",""-"",""-"",""-"",""-"",""150,000,000"",""3,088,000"",""22,201,670,219"",""-"",""""]",2026-08-28T22:20:04.397Z
2021,0000098,대학,사립,서울,,서울기독대학교,"[""2021"",""0000098"",""서울기독대학교"",""사립"",""서울"",""대학"",""898,872,796"",""809,402,334"",""-"",""-"",""-"",""-"",""-"",""-"",""-"",""14,062,750"",""-"",""103,533,212"",""4,002,034,800"",""2.59""]",2026-08-28T22:20:04.397Z
2021,0000019,대학,국립대법인,서울,,서울대학교,"[""2021"",""0000019"",""서울대학교"",""국립대법인"",""서울"",""대학"",""662,946,906,495"",""11,964,582,400"",""218,727,700,500"",""-"",""13,122,788,000"",""15,365,702,000"",""2,653,319,440"",""3,363,625,000"",""9,169,567,200"",""51,819,569,700"",""3,900,577,000"",""969,105,172,935"",""-"",""""]",2026-08-28T22:20:04.397Z
2021,0000322,대학,사립,서울,,서울디지털대학교,"[""2021"",""0000322"",""서울디지털대학교"",""사립"",""서울"",""대학"",""9,838,070,701"",""9,541,363,475"",""15,000,000"",""-"",""23,000,000"",""-"",""-"",""-"",""-"",""170,221,500"",""-"",""504,928,726"",""24,393,461,250"",""2.07""]",2026-08-28T22:20:04.397Z
2021,0000323,대학,사립,서울,,서울사이버대학교,"[""2021"",""0000323"",""서울사이버대학교"",""사립"",""서울"",""대학"",""17,009,940,821"",""15,490,769,300"",""70,586,000"",""-"",""-"",""-"",""-"",""-"",""-"",""520,172,610"",""-"",""2,109,930,131"",""42,710,149,272"",""4.94""]",2026-08-28T22:20:04.397Z
2021,0000040,대학,공립,서울,,서울시립대학교,"[""2021"",""0000040"",""서울시립대학교"",""공립"",""서울"",""대학"",""27,292,612,671"",""7,126,001,455"",""11,606,920,000"",""58,935,000"",""1,067,452,500"",""-"",""-"",""40,000,000"",""599,500,000"",""6,659,023,500"",""3,350,000"",""40,201,792,216"",""-"",""""]",2026-08-28T22:20:04.397Z
2021,0000125,대학,사립,경기,,서울신학대학교,"[""2021"",""0000125"",""서울신학대학교"",""사립"",""경기"",""대학"",""8,014,329,423"",""5,867,090,500"",""32,602,000"",""-"",""-"",""-"",""77,602,500"",""-"",""-"",""17,468,000"",""230,490,000"",""2,505,401,423"",""19,058,498,880"",""13.15""]",2026-08-28T22:20:04.397Z
2021,0000126,대학,사립,서울,,서울여자대학교,"[""2021"",""0000126"",""서울여자대학교"",""사립"",""서울"",""대학"",""18,278,394,806"",""11,573,435,950"",""1,473,740,000"",""100,000,000"",""330,000,000"",""-"",""11,410,000"",""-"",""-"",""592,756,000"",""1,702,887,120"",""10,915,751,976"",""51,737,189,070"",""21.10""]",2026-08-28T22:20:04.397Z
2021,0000127,대학,사립,경기,,서울장신대학교,"[""2021"",""0000127"",""서울장신대학교"",""사립"",""경기"",""대학"",""1,413,560,512"",""1,103,796,667"",""-"",""-"",""-"",""-"",""-"",""-"",""-"",""11,929,240"",""304,500"",""321,997,585"",""5,275,664,162"",""6.10""]",2026-08-28T22:20:04.397Z
2021,0000205,대학,사립,서울,,서울한영대학교,"[""2021"",""0000205"",""서울한영대학교"",""사립"",""서울"",""대학"",""2,061,263,263"",""1,523,722,700"",""15,000,000"",""-"",""80,000,000"",""-"",""-"",""-"",""-"",""12,035,700"",""355,500"",""644,931,763"",""6,042,080,294"",""10.67""]",2026-08-28T22:20:04.397Z
2021,0000128,대학,사립,충북,,서원대학교,"[""2021"",""0000128"",""서원대학교"",""사립"",""충북"",""대학"",""20,505,637,099"",""13,558,092,480"",""470,266,000"",""802,100,000"",""100,000,000"",""-"",""3,856,348,980"",""30,000,000"",""50,798,030"",""376,480,966"",""13,622,500"",""12,647,161,095"",""42,753,194,050"",""29.58""]",2026-08-28T22:20:04.397Z
2021,0000129,대학,사립,충남,,선문대학교,"[""2021"",""0000129"",""선문대학교"",""사립"",""충남"",""대학"",""36,048,464,780"",""17,669,434,964"",""2,361,758,500"",""1,487,650,000"",""543,100,000"",""-"",""386,500,000"",""603,000,000"",""4,500,000"",""377,358,500"",""9,872,700"",""24,152,769,516"",""67,866,602,530"",""35.59""]",2026-08-28T22:20:04.397Z
2021,0000131,대학,사립,경기,,성결대학교,"[""2021"",""0000131"",""성결대학교"",""사립"",""경기"",""대학"",""15,199,696,682"",""9,495,802,437"",""301,684,000"",""240,000,000"",""-"",""-"",""6,936,883,000"",""-"",""-"",""208,304,500"",""2,193,215,250"",""15,583,980,995"",""37,771,061,291"",""41.26""]",2026-08-28T22:20:04.397Z
2021,0000132,대학,사립,서울,,성공회대학교,"[""2021"",""0000132"",""성공회대학교"",""사립"",""서울"",""대학"",""10,383,072,534"",""4,113,307,187"",""3,823,800"",""-"",""49,100,000"",""-"",""-"",""-"",""-"",""80,459,260"",""6,577,150"",""6,409,725,557"",""16,923,159,574"",""37.88""]",2026-08-28T22:20:04.397Z
2021,0000133,대학,사립,서울,,성균관대학교,"[""2021"",""0000133"",""성균관대학교"",""사립"",""서울"",""대학"",""97,544,676,723"",""18,730,727,900"",""117,176,391,000"",""90,000,000"",""13,898,249,000"",""5,546,288,000"",""1,612,143,290"",""4,068,584,000"",""552,300,000"",""14,141,455,090"",""488,370,500"",""236,387,729,703"",""279,340,542,134"",""84.62""]",2026-08-28T22:20:04.397Z
2021,0000136,대학,사립,서울,,성신여자대학교,"[""2021"",""0000136"",""성신여자대학교"",""사립"",""서울"",""대학"",""24,558,676,872"",""14,939,107,200"",""1,968,009,000"",""-"",""827,500,000"",""200,000,000"",""73,230,000"",""-"",""4,124,270"",""526,092,000"",""19,879,500"",""13,238,404,442"",""78,771,004,842"",""16.81""]",2026-08-28T22:20:04.397Z
2021,0000137,대학,사립,충북,,세명대학교,"[""2021"",""0000137"",""세명대학교"",""사립"",""충북"",""대학"",""24,067,214,440"",""15,841,919,390"",""1,039,794,000"",""-"",""448,000,000"",""-"",""-"",""190,000,000"",""395,000,000"",""1,110,401,000"",""17,397,950"",""11,425,888,000"",""48,795,935,790"",""23.42""]",2026-08-28T22:20:04.397Z
2021,0000138,대학,사립,서울,,세종대학교,"[""2021"",""0000138"",""세종대학교"",""사립"",""서울"",""대학"",""30,545,291,195"",""16,070,638,050"",""25,252,630,000"",""240,000,000"",""3,161,062,000"",""127,000,000"",""238,000,000"",""-"",""1,567,012,429"",""7,758,356,000"",""13,558,000"",""52,832,271,574"",""122,744,760,667"",""43.04""]",2026-08-28T22:20:04.397Z
2021,0000325,대학,사립,서울,,세종사이버대학교,"[""2021"",""0000325"",""세종사이버대학교"",""사립"",""서울"",""대학"",""13,788,805,058"",""13,032,840,420"",""50,000,000"",""-"",""145,000,000"",""-"",""-"",""-"",""-"",""180,030,000"",""720,000"",""1,131,714,638"",""28,294,484,334"",""4.00""]",2026-08-28T22:20:04.397Z
2021,0000092,대학,사립,전남,,세한대학교,"[""2021"",""0000092"",""세한대학교"",""사립"",""전남"",""대학"",""8,855,349,309"",""8,098,376,930"",""39,482,000"",""-"",""-"",""-"",""325,500,000"",""-"",""-"",""67,448,830"",""5,426,500"",""1,194,829,709"",""21,391,189,740"",""5.59""]",2026-08-28T22:20:04.397Z
2021,0000243,대학,사립,광주,,송원대학교,"[""2021"",""0000243"",""송원대학교"",""사립"",""광주"",""대학"",""7,608,455,000"",""6,181,158,040"",""155,000,000"",""330,366,000"",""-"",""-"",""-"",""-"",""-"",""291,437,500"",""1,312,500"",""2,205,412,960"",""19,044,692,660"",""11.58""]",2026-08-28T22:20:04.397Z
2021,0000139,대학,사립,경기,,수원가톨릭대학교,"[""2021"",""0000139"",""수원가톨릭대학교"",""사립"",""경기"",""대학"",""198,766,300"",""193,043,800"",""-"",""-"",""-"",""-"",""680,000,000"",""-"",""-"",""2,548,500"",""-"",""688,271,000"",""1,004,211,168"",""68.54""]",2026-08-28T22:20:04.397Z
2021,0000140,대학,사립,경기,,수원대학교,"[""2021"",""0000140"",""수원대학교"",""사립"",""경기"",""대학"",""16,228,167,295"",""14,232,357,860"",""1,260,863,000"",""-"",""78,070,000"",""-"",""44,000,000"",""2,525,355,000"",""-"",""750,428,000"",""17,148,000"",""6,671,673,435"",""69,449,057,960"",""9.61""]",2026-08-28T22:20:04.397Z
2021,0000141,대학,사립,서울,,숙명여자대학교,"[""2021"",""0000141"",""숙명여자대학교"",""사립"",""서울"",""대학"",""34,741,212,584"",""13,368,398,700"",""12,330,044,000"",""300,000,000"",""1,054,080,000"",""84,000,000"",""410,000,000"",""30,000,000"",""673,600,000"",""2,795,163,400"",""9,192,650"",""39,058,893,934"",""103,149,578,047"",""37.87""]",2026-08-28T22:20:04.397Z
2021,0000317,대학,사립,충북,,순복음총회신학교,"[""2021"",""0000317"",""순복음총회신학교"",""사립"",""충북"",""대학"",""618,522,601"",""449,810,000"",""-"",""-"",""225,000,000"",""-"",""-"",""-"",""-"",""3,654,000"",""-"",""397,366,601"",""928,818,716"",""42.78""]",2026-08-28T22:20:04.397Z
2021,0000020,대학,국립,전남,,국립순천대학교,"[""2021"",""0000020"",""국립순천대학교"",""국립"",""전남"",""대학"",""98,228,391,821"",""11,497,238,626"",""7,372,996,000"",""193,300,000"",""1,616,017,000"",""-"",""28,000,000"",""3,640,544,000"",""4,649,450,000"",""3,102,582,800"",""-"",""107,334,042,995"",""-"",""""]",2026-08-28T22:20:04.397Z
2021,0000142,대학,사립,충남,,순천향대학교,"[""2021"",""0000142"",""순천향대학교"",""사립"",""충남"",""대학"",""42,655,011,043"",""17,174,943,310"",""11,978,219,000"",""546,448,000"",""3,352,410,000"",""1,524,500,000"",""5,065,948,000"",""2,953,000,000"",""165,000,000"",""1,473,311,906"",""145,286,500"",""52,684,191,139"",""90,775,077,817"",""58.04""]",2026-08-28T22:20:04.397Z
2021,0000143,대학,사립,서울,,숭실대학교,"[""2021"",""0000143"",""숭실대학교"",""사립"",""서울"",""대학"",""39,364,336,788"",""17,779,650,500"",""17,363,191,000"",""-"",""3,412,633,000"",""170,000,000"",""808,000,000"",""3,594,212,000"",""985,608,430"",""3,891,977,500"",""19,392,000"",""51,829,700,218"",""134,295,241,400"",""38.59""]",2026-08-28T22:20:04.397Z
2021,0000329,대학,사립,서울,,숭실사이버대학교,"[""2021"",""0000329"",""숭실사이버대학교"",""사립"",""서울"",""대학"",""7,913,074,645"",""7,345,432,750"",""-"",""-"",""-"",""-"",""-"",""-"",""-"",""229,764,000"",""-"",""797,405,895"",""19,333,818,250"",""4.12""]",2026-08-28T22:20:04.397Z
2021,0000233,대학,사립,경기,,화성의과학대학교,"[""2021"",""0000233"",""화성의과학대학교"",""사립"",""경기"",""대학"",""318,864,207"",""64,595,000"",""-"",""-"",""2,177,500,000"",""-"",""-"",""-"",""-"",""11,357,500"",""-"",""2,443,126,707"",""3,322,258,040"",""73.54""]",2026-08-28T22:20:04.397Z
2021,0000144,대학,사립,부산,,신라대학교,"[""2021"",""0000144"",""신라대학교"",""사립"",""부산"",""대학"",""28,849,394,682"",""16,594,183,870"",""688,914,000"",""645,542,760"",""732,872,500"",""139,500,000"",""25,000,000"",""-"",""252,600,000"",""751,713,354"",""1,000,000"",""15,492,353,426"",""53,231,199,560"",""29.10""]",2026-08-28T22:20:04.397Z
2021,0002712,대학,사립,경기,,신한대학교,"[""2021"",""0002712"",""신한대학교"",""사립"",""경기"",""대학"",""15,549,847,028"",""12,691,891,180"",""205,713,000"",""992,177,200"",""-"",""-"",""106,000,000"",""136,000,000"",""-"",""955,435,727"",""2,974,014,000"",""8,227,295,775"",""56,970,565,597"",""14.44""]",2026-08-28T22:20:04.397Z
2021,0000145,대학,사립,경기,,아신대학교,"[""2021"",""0000145"",""아신대학교"",""사립"",""경기"",""대학"",""2,229,469,404"",""1,779,083,750"",""-"",""-"",""-"",""-"",""-"",""-"",""-"",""16,546,170"",""-"",""466,931,824"",""6,786,724,000"",""6.88""]",2026-08-28T22:20:04.397Z
2021,0000146,대학,사립,경기,,아주대학교,"[""2021"",""0000146"",""아주대학교"",""사립"",""경기"",""대학"",""41,622,673,788"",""11,988,252,200"",""37,575,229,000"",""507,000,000"",""3,314,100,000"",""3,520,774,000"",""326,700,000"",""90,000,000"",""-"",""9,968,068,500"",""592,184,400"",""85,528,477,488"",""121,793,617,500"",""70.22""]",2026-08-28T22:20:04.397Z
2021,0000021,대학,국립,경북,,국립경국대학교,"[""2021"",""0000021"",""국립경국대학교"",""국립"",""경북"",""대학"",""88,026,661,884"",""8,889,967,400"",""1,976,221,900"",""324,000,000"",""583,600,000"",""-"",""57,000,000"",""228,572,000"",""870,120,000"",""1,694,770,400"",""8,590,000"",""84,879,568,784"",""-"",""""]",2026-08-28T22:20:04.397Z
2021,0000147,대학,사립,경기,,안양대학교,"[""2021"",""0000147"",""안양대학교"",""사립"",""경기"",""대학"",""13,695,333,169"",""8,606,871,268"",""437,463,000"",""100,000,000"",""-"",""-"",""64,700,000"",""-"",""-"",""3,113,575,300"",""1,496,064,000"",""10,300,264,201"",""36,000,335,283"",""28.61""]",2026-08-28T22:20:04.397Z
2021,0000149,대학,사립,서울,,연세대학교,"[""2021"",""0000149"",""연세대학교"",""사립"",""서울"",""대학"",""108,639,177,183"",""18,024,756,900"",""128,659,325,000"",""-"",""10,111,749,000"",""25,114,535,000"",""1,650,402,380"",""4,484,000,000"",""1,985,690,000"",""23,051,689,837"",""176,970,850"",""285,848,782,350"",""399,520,843,440"",""71.55""]",2026-08-28T22:20:04.397Z
2021,0000150,대학,사립,강원,,연세대학교(미래),"[""2021"",""0000150"",""연세대학교(미래)"",""사립"",""강원"",""대학"",""27,320,325,869"",""9,583,015,700"",""8,313,434,840"",""240,000,000"",""170,090,000"",""2,547,360,000"",""-"",""840,000,000"",""802,000,000"",""3,480,584,170"",""2,897,637,600"",""37,028,416,779"",""-"",""""]",2026-08-28T22:20:04.397Z
2021,0000151,대학,사립,경북,,영남대학교,"[""2021"",""0000151"",""영남대학교"",""사립"",""경북"",""대학"",""72,415,524,645"",""37,201,549,060"",""17,649,890,600"",""442,400,000"",""3,544,399,000"",""611,102,000"",""797,510,000"",""358,958,000"",""1,098,168,660"",""2,974,042,830"",""320,500"",""62,690,767,175"",""167,572,540,245"",""37.41""]",2026-08-28T22:20:04.397Z
2021,0000153,대학,사립,경북,,영남신학대학교,"[""2021"",""0000153"",""영남신학대학교"",""사립"",""경북"",""대학"",""1,548,031,903"",""1,313,113,900"",""-"",""-"",""-"",""-"",""-"",""-"",""-"",""10,640,000"",""-"",""245,558,003"",""4,250,848,068"",""5.78""]",2026-08-28T22:20:04.397Z
2021,0003193,대학,사립,경남,,영산대학교,"[""2021"",""0003193"",""영산대학교"",""사립"",""경남"",""대학"",""22,164,511,173"",""12,757,272,610"",""328,991,000"",""958,590,830"",""100,000,000"",""-"",""67,500,000"",""2,043,000,000"",""23,866,619"",""130,137,500"",""-"",""13,059,324,512"",""35,134,286,180"",""37.17""]",2026-08-28T22:20:04.397Z
2021,0000155,대학,사립,전남,,영산선학대학교,"[""2021"",""0000155"",""영산선학대학교"",""사립"",""전남"",""대학"",""-"","""",""-"",""-"",""1,879,370,000"",""-"",""-"",""-"",""-"",""-"",""-"",""1,879,370,000"",""66,000,000"",""2,847.53""]",2026-08-28T22:20:04.397Z
2021,0000228,대학,사립,전북,,예수대학교,"[""2021"",""0000228"",""예수대학교"",""사립"",""전북"",""대학"",""1,613,573,447"",""1,398,487,900"",""26,000,000"",""-"",""-"",""-"",""-"",""-"",""-"",""-"",""-"",""241,085,547"",""3,648,491,280"",""6.61""]",2026-08-28T22:20:04.397Z
2021,0000218,대학,사립,전북,,예원예술대학교,"[""2021"",""0000218"",""예원예술대학교"",""사립"",""전북"",""대학"",""2,122,991,959"",""1,994,364,100"",""-"",""-"",""-"",""-"",""-"",""-"",""-"",""6,082,500"",""1,480,000"",""136,190,359"",""14,150,006,660"",""0.96""]",2026-08-28T22:20:04.397Z
2021,0000156,대학,사립,경기,,용인대학교,"[""2021"",""0000156"",""용인대학교"",""사립"",""경기"",""대학"",""12,946,079,915"",""10,284,368,300"",""164,000,000"",""-"",""515,000,000"",""327,500,000"",""186,000,000"",""40,000,000"",""150,000,000"",""465,629,330"",""5,487,500"",""4,515,328,445"",""47,741,741,000"",""9.46""]",2026-08-28T22:20:04.397Z
2021,0000157,대학,사립,전북,,우석대학교,"[""2021"",""0000157"",""우석대학교"",""사립"",""전북"",""대학"",""25,063,493,030"",""13,345,442,538"",""1,181,664,300"",""295,000,000"",""56,285,000"",""-"",""128,000,000"",""-"",""109,500,000"",""876,097,350"",""755,500"",""14,365,352,642"",""52,968,424,589"",""27.12""]",2026-08-28T22:20:04.397Z
2021,0000240,대학,사립,대전,,우송대학교,"[""2021"",""0000240"",""우송대학교"",""사립"",""대전"",""대학"",""28,906,616,635"",""17,042,364,850"",""118,526,900"",""156,250,000"",""-"",""-"",""-"",""-"",""27,556,540"",""115,063,190"",""8,124,930"",""12,289,773,345"",""71,804,323,380"",""17.12""]",2026-08-28T22:20:04.397Z
2021,0000250,대학,특별법법인,울산,,울산과학기술원,"[""2021"",""0000250"",""울산과학기술원"",""특별법법인"",""울산"",""대학"",""13,488,943,191"",""1,915,025,530"",""149,351,841,000"",""77,623,100"",""5,344,051,000"",""2,053,304,000"",""-"",""1,034,340,000"",""92,000,000"",""4,672,125,000"",""-"",""174,199,201,761"",""-"",""""]",2026-08-28T22:20:04.397Z
2021,0000158,대학,사립,울산,,울산대학교,"[""2021"",""0000158"",""울산대학교"",""사립"",""울산"",""대학"",""43,132,395,722"",""16,460,140,640"",""23,766,894,000"",""-"",""4,686,426,000"",""2,895,960,000"",""251,000,000"",""2,189,969,000"",""60,000,000"",""2,197,301,477"",""2,870,000"",""62,722,675,559"",""99,996,293,762"",""62.73""]",2026-08-28T22:20:04.397Z
2021,0000159,대학,사립,전북,,원광대학교,"[""2021"",""0000159"",""원광대학교"",""사립"",""전북"",""대학"",""51,232,461,667"",""26,896,092,118"",""10,141,962,000"",""379,790,000"",""518,060,000"",""1,224,000,000"",""200,368,400"",""-"",""205,000,000"",""1,887,902,718"",""685,500"",""38,894,138,167"",""111,212,140,287"",""34.97""]",2026-08-28T22:20:04.397Z
2021,0000327,대학,사립,전북,,원광디지털대학교,"[""2021"",""0000327"",""원광디지털대학교"",""사립"",""전북"",""대학"",""7,510,886,067"",""7,252,641,750"",""-"",""-"",""-"",""-"",""-"",""-"",""-"",""188,883,000"",""-"",""447,127,317"",""15,413,577,167"",""2.90""]",2026-08-28T22:20:04.397Z
2021,0000160,대학,사립,경북,,위덕대학교,"[""2021"",""0000160"",""위덕대학교"",""사립"",""경북"",""대학"",""7,890,837,062"",""5,370,800,524"",""-"",""160,000,000"",""-"",""-"",""115,500,000"",""30,000,000"",""4,500,000"",""48,866,000"",""250,000"",""2,879,152,538"",""19,737,639,733"",""14.59""]",2026-08-28T22:20:04.397Z
2021,0000154,대학,사립,충북,,유원대학교,"[""2021"",""0000154"",""유원대학교"",""사립"",""충북"",""대학"",""10,472,832,167"",""7,397,509,547"",""-"",""100,800,000"",""82,500,000"",""-"",""-"",""90,000,000"",""-"",""36,219,000"",""4,819,000"",""3,389,660,620"",""23,076,883,075"",""14.69""]",2026-08-28T22:20:04.397Z
2021,0000161,대학,사립,대전,,을지대학교,"[""2021"",""0000161"",""을지대학교"",""사립"",""대전"",""대학"",""14,009,475,987"",""7,136,099,634"",""2,834,318,000"",""-"",""90,790,000"",""50,000,000"",""711,130,000"",""1,515,000,000"",""-"",""5,084,165,000"",""225,570,000"",""17,384,349,353"",""41,094,866,000"",""42.30""]",2026-08-28T22:20:04.397Z
2021,0000163,대학,사립,서울,,이화여자대학교,"[""2021"",""0000163"",""이화여자대학교"",""사립"",""서울"",""대학"",""51,240,288,208"",""16,140,788,280"",""41,089,934,600"",""4,728,000"",""824,600,000"",""1,388,966,500"",""565,474,280"",""82,000,000"",""530,779,000"",""4,206,249,230"",""18,579,800"",""83,810,811,338"",""202,851,727,800"",""41.32""]",2026-08-28T22:20:04.397Z
2021,0000164,대학,사립,경남,,인제대학교,"[""2021"",""0000164"",""인제대학교"",""사립"",""경남"",""대학"",""27,275,562,765"",""15,589,385,300"",""8,394,964,000"",""1,452,969,380"",""453,500,000"",""505,400,000"",""82,500,000"",""107,000,000"",""131,300,000"",""1,640,767,171"",""1,650,000"",""24,456,228,016"",""69,990,354,800"",""34.94""]",2026-08-28T22:20:04.397Z
2021,0000168,대학,사립,인천,,인천가톨릭대학교,"[""2021"",""0000168"",""인천가톨릭대학교"",""사립"",""인천"",""대학"",""1,485,706,639"",""1,073,414,497"",""30,000,000"",""400,000,000"",""-"",""-"",""-"",""-"",""-"",""-"",""1,640,000"",""843,932,142"",""6,407,583,733"",""13.17""]",2026-08-28T22:20:04.397Z
2021,0002660,대학,국립대법인,인천,,인천대학교,"[""2021"",""0002660"",""인천대학교"",""국립대법인"",""인천"",""대학"",""136,306,198,099"",""20,398,316,877"",""13,452,923,000"",""670,280,000"",""1,592,876,500"",""160,000,000"",""1,270,770,000"",""3,126,375,000"",""-"",""3,787,758,254"",""3,905,020"",""139,972,768,996"",""-"",""""]",2026-08-28T22:20:04.397Z
2021,0000169,대학,사립,인천,,인하대학교,"[""2021"",""0000169"",""인하대학교"",""사립"",""인천"",""대학"",""55,720,613,350"",""23,983,132,100"",""33,221,537,000"",""299,398,000"",""11,817,600,500"",""740,208,500"",""3,063,048,000"",""2,197,878,400"",""100,000,000"",""5,534,174,500"",""17,415,000"",""88,728,741,150"",""164,777,789,752"",""53.85""]",2026-08-28T22:20:04.397Z
2021,0000170,대학,사립,서울,,장로회신학대학교,"[""2021"",""0000170"",""장로회신학대학교"",""사립"",""서울"",""대학"",""2,357,745,914"",""1,742,339,400"",""-"",""-"",""-"",""-"",""-"",""-"",""-"",""8,025,000"",""192,000"",""623,623,514"",""15,892,865,650"",""3.92""]",2026-08-28T22:20:04.397Z
2021,0000023,대학,국립,광주,,전남대학교,"[""2021"",""0000023"",""전남대학교"",""국립"",""광주"",""대학"",""368,100,166,003"",""26,703,782,870"",""43,378,085,000"",""1,155,125,000"",""5,657,657,000"",""3,150,000,000"",""2,020,762,240"",""2,437,340,600"",""7,730,874,000"",""22,300,475,993"",""1,000,000"",""429,227,702,966"",""-"",""""]",2026-08-28T22:20:04.397Z
2021,0000025,대학,국립,전북,,전북대학교,"[""2021"",""0000025"",""전북대학교"",""국립"",""전북"",""대학"",""276,711,754,176"",""25,259,821,330"",""37,452,934,000"",""150,000,000"",""7,367,748,000"",""982,134,000"",""501,239,000"",""5,587,750,000"",""8,278,722,910"",""9,381,336,593"",""3,187,500"",""321,156,984,849"",""-"",""""]",2026-08-28T22:20:04.397Z
2021,0000258,대학,국립,전북,,전주교육대학교,"[""2021"",""0000258"",""전주교육대학교"",""국립"",""전북"",""대학"",""18,342,732,892"",""865,047,840"",""81,892,000"",""-"",""-"",""-"",""-"",""-"",""-"",""50,000,000"",""-"",""17,609,577,052"",""-"",""""]",2026-08-28T22:20:04.397Z
2021,0000171,대학,사립,전북,,전주대학교,"[""2021"",""0000171"",""전주대학교"",""사립"",""전북"",""대학"",""45,939,817,963"",""23,414,657,568"",""2,862,717,000"",""526,928,760"",""4,112,491,000"",""133,500,000"",""1,104,800,000"",""4,320,896,000"",""318,456,234"",""1,248,929,350"",""5,998,950"",""37,159,877,689"",""78,951,610,929"",""47.07""]",2026-08-28T22:20:04.397Z
2021,0000288,대학,사립,서울,,정석대학,"[""2021"",""0000288"",""정석대학"",""사립"",""서울"",""대학"",""-"","""",""-"",""-"",""100,000,000"",""-"",""-"",""-"",""-"",""-"",""-"",""100,000,000"",""-"",""""]",2026-08-28T22:20:04.397Z
2021,0000248,대학,사립,제주,,제주국제대학교,"[""2021"",""0000248"",""제주국제대학교"",""사립"",""제주"",""대학"",""1,092,846,904"",""832,335,500"",""-"",""-"",""68,000,000"",""-"",""-"",""44,000,000"",""-"",""15,786,000"",""-"",""388,297,404"",""4,719,708,000"",""8.23""]",2026-08-28T22:20:04.397Z
2021,0000027,대학,국립,제주,,제주대학교,"[""2021"",""0000027"",""제주대학교"",""국립"",""제주"",""대학"",""172,856,258,608"",""13,309,222,920"",""10,008,251,000"",""300,000,000"",""3,089,855,000"",""403,000,000"",""48,000,000"",""1,035,600,000"",""3,255,867,000"",""8,796,467,688"",""-"",""186,484,076,376"",""-"",""""]",2026-08-28T22:20:04.397Z
2021,0000172,대학,사립,광주,,조선대학교,"[""2021"",""0000172"",""조선대학교"",""사립"",""광주"",""대학"",""64,316,429,693"",""35,144,374,250"",""15,640,080,000"",""467,204,350"",""3,247,650,000"",""907,500,000"",""377,500,000"",""95,000,000"",""371,000,000"",""4,305,551,060"",""3,070,000"",""54,586,610,853"",""141,067,057,863"",""38.70""]",2026-08-28T22:20:04.397Z
2021,0000173,대학,사립,충남,,중부대학교,"[""2021"",""0000173"",""중부대학교"",""사립"",""충남"",""대학"",""21,994,355,140"",""15,300,129,260"",""471,199,000"",""213,110,000"",""12,000,000"",""-"",""78,000,000"",""323,000,000"",""145,000,000"",""278,227,500"",""14,706,600"",""8,229,468,980"",""60,144,789,570"",""13.68""]",2026-08-28T22:20:04.397Z
2021,0000175,대학,사립,서울,,중앙대학교,"[""2021"",""0000175"",""중앙대학교"",""사립"",""서울"",""대학"",""74,793,128,114"",""28,874,622,240"",""49,212,272,000"",""-"",""7,373,863,750"",""1,516,000,000"",""1,376,405,000"",""138,000,000"",""1,197,200,000"",""17,526,900,340"",""245,497,000"",""124,504,643,964"",""261,684,548,500"",""47.58""]",2026-08-28T22:20:04.397Z
2021,0000177,대학,사립,경기,,중앙승가대학교,"[""2021"",""0000177"",""중앙승가대학교"",""사립"",""경기"",""대학"",""194,775,500"",""133,775,500"",""-"",""-"",""-"",""-"",""-"",""-"",""-"",""880,000"",""-"",""61,880,000"",""613,317,020"",""10.09""]",2026-08-28T22:20:04.397Z
2021,0000239,대학,사립,충북,,중원대학교,"[""2021"",""0000239"",""중원대학교"",""사립"",""충북"",""대학"",""6,748,749,894"",""5,773,882,790"",""296,669,000"",""-"",""80,165,000"",""-"",""100,500,000"",""173,219,200"",""-"",""509,720,000"",""2,299,500"",""2,137,439,804"",""25,835,486,830"",""8.27""]",2026-08-28T22:20:04.397Z
2021,0000260,대학,국립,경남,,진주교육대학교,"[""2021"",""0000260"",""진주교육대학교"",""국립"",""경남"",""대학"",""24,310,641,610"",""1,397,772,000"",""148,162,000"",""-"",""-"",""-"",""-"",""67,000,000"",""-"",""27,963,658"",""-"",""23,155,995,268"",""-"",""""]",2026-08-28T22:20:04.397Z
2021,0000187,대학,사립,경기,,차의과학대학교,"[""2021"",""0000187"",""차의과학대학교"",""사립"",""경기"",""대학"",""11,968,161,747"",""4,075,367,860"",""6,857,944,000"",""-"",""271,000,000"",""1,223,000,000"",""177,000,000"",""89,000,000"",""84,500,000"",""654,755,000"",""6,590,000"",""17,256,582,887"",""28,092,847,110"",""61.43""]",2026-08-28T22:20:04.397Z
2021,0000249,대학,사립,경남,,창신대학교,"[""2021"",""0000249"",""창신대학교"",""사립"",""경남"",""대학"",""4,406,960,443"",""3,508,774,480"",""248,729,000"",""-"",""450,000,000"",""-"",""-"",""-"",""-"",""43,429,312"",""-"",""1,640,344,275"",""13,130,487,067"",""12.49""]",2026-08-28T22:20:04.397Z
2021,0000028,대학,국립,경남,,국립창원대학교,"[""2021"",""0000028"",""국립창원대학교"",""국립"",""경남"",""대학"",""101,982,219,645"",""12,078,809,670"",""7,253,672,200"",""-"",""4,110,502,000"",""-"",""52,500,000"",""2,438,750,000"",""55,000,000"",""1,050,200,450"",""1,500,000"",""104,865,534,625"",""-"",""""]",2026-08-28T22:20:04.397Z
2021,0000284,대학,사립,충남,,청운대학교,"[""2021"",""0000284"",""청운대학교"",""사립"",""충남"",""대학"",""20,658,479,758"",""12,601,401,430"",""290,784,000"",""-"",""-"",""-"",""121,558,000"",""750,800,000"",""201,600,000"",""168,348,000"",""2,950,000"",""9,593,118,328"",""40,816,747,050"",""23.50""]",2026-08-28T22:20:04.397Z
2021,0000261,대학,국립,충북,,청주교육대학교,"[""2021"",""0000261"",""청주교육대학교"",""국립"",""충북"",""대학"",""20,808,387,013"",""1,081,780,000"",""85,750,000"",""-"",""30,000,000"",""-"",""25,000,000"",""-"",""-"",""-"",""-"",""19,867,357,013"",""-"",""""]",2026-08-28T22:20:04.397Z
2021,0000179,대학,사립,충북,,청주대학교,"[""2021"",""0000179"",""청주대학교"",""사립"",""충북"",""대학"",""27,724,941,758"",""17,470,073,575"",""2,215,113,500"",""250,000,000"",""1,963,470,000"",""79,200,000"",""191,200,000"",""550,000,000"",""4,498,700"",""478,784,738"",""8,668,830"",""15,995,803,951"",""86,380,543,543"",""18.52""]",2026-08-28T22:20:04.397Z
2021,0000246,대학,사립,전남,,초당대학교,"[""2021"",""0000246"",""초당대학교"",""사립"",""전남"",""대학"",""10,775,014,676"",""6,958,532,940"",""133,994,000"",""-"",""-"",""-"",""36,500,000"",""-"",""-"",""17,934,000"",""-"",""4,004,909,736"",""19,451,686,480"",""20.59""]",2026-08-28T22:20:04.397Z
2021,0000180,대학,사립,서울,,총신대학교,"[""2021"",""0000180"",""총신대학교"",""사립"",""서울"",""대학"",""5,320,504,516"",""4,037,961,758"",""-"",""-"",""-"",""-"",""-"",""-"",""-"",""64,573,718"",""8,111,500"",""1,355,227,976"",""24,864,896,474"",""5.45""]",2026-08-28T22:20:04.397Z
2021,0000181,대학,사립,서울,,추계예술대학교,"[""2021"",""0000181"",""추계예술대학교"",""사립"",""서울"",""대학"",""2,190,604,056"",""1,901,953,150"",""-"",""-"",""246,000,000"",""-"",""-"",""-"",""-"",""31,113,500"",""2,896,000"",""568,660,406"",""11,472,039,960"",""4.96""]",2026-08-28T22:20:04.397Z
2021,0000262,대학,국립,강원,,춘천교육대학교,"[""2021"",""0000262"",""춘천교육대학교"",""국립"",""강원"",""대학"",""17,952,182,853"",""1,102,473,000"",""386,133,000"",""-"",""204,000,000"",""-"",""-"",""-"",""-"",""21,720,460"",""182,560,000"",""17,644,123,313"",""-"",""""]",2026-08-28T22:20:04.397Z
2021,0000029,대학,국립,대전,,충남대학교,"[""2021"",""0000029"",""충남대학교"",""국립"",""대전"",""대학"",""293,739,255,046"",""20,708,523,280"",""37,999,920,500"",""370,000,000"",""5,144,192,000"",""2,054,274,000"",""704,960,000"",""431,645,200"",""8,794,800,000"",""11,966,931,530"",""7,670,000"",""340,505,124,996"",""-"",""""]",2026-08-28T22:20:04.397Z
2021,0000030,대학,국립,충북,,충북대학교,"[""2021"",""0000030"",""충북대학교"",""국립"",""충북"",""대학"",""241,853,811,030"",""17,871,127,580"",""25,887,186,000"",""880,000,000"",""3,101,227,000"",""1,512,460,000"",""153,700,000"",""5,863,136,600"",""3,492,693,395"",""12,388,365,571"",""4,290,000"",""277,265,742,016"",""-"",""""]",2026-08-28T22:20:04.397Z
2021,0000184,대학,사립,경기,,칼빈대학교,"[""2021"",""0000184"",""칼빈대학교"",""사립"",""경기"",""대학"",""894,304,232"",""767,365,000"",""-"",""-"",""82,000,000"",""-"",""-"",""-"",""-"",""5,330,000"",""-"",""214,269,232"",""6,871,470,000"",""3.12""]",2026-08-28T22:20:04.397Z
2021,0000079,대학,사립,서울,,강서대학교,"[""2021"",""0000079"",""강서대학교"",""사립"",""서울"",""대학"",""4,666,640,638"",""2,510,294,920"",""15,000,000"",""-"",""-"",""-"",""-"",""-"",""170,000,000"",""7,655,500"",""344,000"",""2,349,345,218"",""11,516,434,698"",""20.40""]",2026-08-28T22:20:04.397Z
2021,0000186,대학,사립,경기,,평택대학교,"[""2021"",""0000186"",""평택대학교"",""사립"",""경기"",""대학"",""10,117,064,167"",""5,992,401,734"",""273,399,000"",""-"",""468,000,000"",""-"",""-"",""-"",""-"",""505,470,000"",""1,680,000"",""5,373,211,433"",""28,586,328,140"",""18.80""]",2026-08-28T22:20:04.397Z
2021,0000188,대학,사립,경북,,포항공과대학교,"[""2021"",""0000188"",""포항공과대학교"",""사립"",""경북"",""대학"",""34,299,119,412"",""1,885,264,500"",""78,801,104,000"",""-"",""4,080,606,500"",""1,496,100,000"",""1,955,000,000"",""1,157,600,000"",""306,000,000"",""2,054,966,000"",""-"",""122,265,231,412"",""24,810,942,560"",""492.79""]",2026-08-28T22:20:04.397Z
2021,0000037,대학,국립,경기,,한경국립대학교,"[""2021"",""0000037"",""한경국립대학교"",""국립"",""경기"",""대학"",""52,765,939,411"",""7,727,331,030"",""1,785,148,440"",""90,000,000"",""363,117,000"",""-"",""36,500,000"",""99,412,400"",""2,188,104,000"",""6,718,531,963"",""651,588,250"",""56,971,010,434"",""-"",""""]",2026-08-28T22:20:04.397Z
2021,0000374,대학,특별법법인,대전,,한국과학기술원,"[""2021"",""0000374"",""한국과학기술원"",""특별법법인"",""대전"",""대학"",""19,469,573,009"",""1,793,892,500"",""382,386,058,000"",""-"",""13,197,402,000"",""2,284,000,000"",""2,641,000,000"",""9,095,000,000"",""868,000,000"",""8,599,700,000"",""-"",""436,746,840,509"",""-"",""""]",2026-08-28T22:20:04.397Z
2021,0000031,대학,국립,충북,,한국교원대학교,"[""2021"",""0000031"",""한국교원대학교"",""국립"",""충북"",""대학"",""72,020,544,401"",""2,809,113,000"",""1,014,186,000"",""-"",""-"",""-"",""191,000,000"",""-"",""60,000,000"",""744,000,000"",""2,930,000"",""71,223,547,401"",""-"",""""]",2026-08-28T22:20:04.397Z
2021,0000034,대학,국립,충북,,국립한국교통대학교,"[""2021"",""0000034"",""국립한국교통대학교"",""국립"",""충북"",""대학"",""96,805,021,935"",""14,382,185,510"",""5,008,664,000"",""931,895,000"",""1,586,784,000"",""-"",""65,500,000"",""827,365,000"",""4,500,000"",""4,981,245,330"",""16,040,000"",""95,844,829,755"",""-"",""""]",2026-08-28T22:20:04.397Z
2021,,대학,사립,경남,,한국국제대학교,"[""2021"","""",""한국국제대학교"",""사립"",""경남"",""대학"",""1,871,463,091"",""1,434,572,890"",""150,000,000"",""-"",""-"",""-"",""-"",""30,000,000"",""-"",""44,115,000"",""-"",""661,005,201"",""1,522,620,000"",""43.41""]",2026-08-28T22:20:04.397Z
2021,0000189,대학,사립,충남,,한국기술교육대학교,"[""2021"",""0000189"",""한국기술교육대학교"",""사립"",""충남"",""대학"",""20,084,815,977"",""5,679,628,400"",""1,599,380,622"",""119,689,320,820"",""2,503,126,000"",""88,000,000"",""-"",""50,000,000"",""-"",""832,131,968"",""-"",""139,167,146,987"",""19,665,324,758"",""707.68""]",2026-08-28T22:20:04.397Z
2021,0000273,대학,국립,서울,,한국방송통신대학교,"[""2021"",""0000273"",""한국방송통신대학교"",""국립"",""서울"",""대학"",""66,786,563,205"",""14,315,905,734"",""-"",""-"",""-"",""100,000,000"",""-"",""-"",""131,000,000"",""202,152,745"",""32,246,450"",""52,936,056,666"",""-"",""""]",2026-08-28T22:20:04.397Z
2021,0000247,대학,사립,경기,,한국공학대학교,"[""2021"",""0000247"",""한국공학대학교"",""사립"",""경기"",""대학"",""26,541,353,532"",""9,995,931,110"",""4,067,930,000"",""2,019,438,130"",""6,057,890,000"",""120,000,000"",""-"",""4,861,727,200"",""-"",""16,913,900"",""373,648,880"",""34,062,970,532"",""59,244,092,130"",""57.50""]",2026-08-28T22:20:04.397Z
2021,0000191,대학,사립,서울,,한국성서대학교,"[""2021"",""0000191"",""한국성서대학교"",""사립"",""서울"",""대학"",""4,425,861,158"",""2,349,608,500"",""30,000,000"",""-"",""-"",""5,000,000"",""-"",""-"",""-"",""17,886,760"",""2,322,500"",""2,131,461,918"",""7,977,568,000"",""26.72""]",2026-08-28T22:20:04.397Z
2021,0000326,대학,사립,서울,,한국열린사이버대학교,"[""2021"",""0000326"",""한국열린사이버대학교"",""사립"",""서울"",""대학"",""6,879,947,442"",""6,810,664,800"",""-"",""-"",""86,940,000"",""-"",""-"",""-"",""-"",""84,586,000"",""-"",""240,808,642"",""13,242,391,850"",""1.82""]",2026-08-28T22:20:04.397Z
2021,0000383,대학,특별법국립,서울,,한국예술종합학교,"[""2021"",""0000383"",""한국예술종합학교"",""특별법국립"",""서울"",""대학"",""4,277,488,061"",""2,983,976,430"",""-"",""-"",""-"",""-"",""41,186,618,500"",""-"",""-"",""-"",""-"",""42,480,130,131"",""-"",""""]",2026-08-28T22:20:04.397Z
2021,0000192,대학,사립,서울,,한국외국어대학교,"[""2021"",""0000192"",""한국외국어대학교"",""사립"",""서울"",""대학"",""45,416,169,153"",""21,230,852,000"",""3,692,142,500"",""300,000,000"",""1,382,250,000"",""-"",""152,000,000"",""116,800,000"",""-"",""1,377,432,440"",""15,416,000"",""31,221,358,093"",""146,071,399,250"",""21.37""]",2026-08-28T22:20:04.397Z
2021,0003022,대학,특별법국립,충남,,한국전통문화대학교,"[""2021"",""0003022"",""한국전통문화대학교"",""특별법국립"",""충남"",""대학"",""1,337,688,346"",""558,811,700"",""90,000,000"",""-"",""-"",""-"",""300,000,000"",""-"",""4,498,340"",""32,782,500,000"",""-"",""33,955,874,986"",""-"",""""]",2026-08-28T22:20:04.397Z
2021,0000032,대학,국립,서울,,한국체육대학교,"[""2021"",""0000032"",""한국체육대학교"",""국립"",""서울"",""대학"",""41,357,246,746"",""4,060,880,540"",""161,072,000"",""-"",""-"",""223,100,000"",""1,395,000,000"",""-"",""-"",""-"",""1,000,000"",""39,076,538,206"",""-"",""""]",2026-08-28T22:20:04.397Z
2021,0000182,대학,사립,대전,,한국침례신학대학교,"[""2021"",""0000182"",""한국침례신학대학교"",""사립"",""대전"",""대학"",""6,289,983,298"",""3,138,941,270"",""-"",""-"",""-"",""-"",""-"",""-"",""-"",""20,271,900"",""-"",""3,171,313,928"",""10,060,580,780"",""31.52""]",2026-08-28T22:20:04.397Z
2021,0000194,대학,사립,경기,,한국항공대학교,"[""2021"",""0000194"",""한국항공대학교"",""사립"",""경기"",""대학"",""11,822,536,812"",""4,852,391,400"",""3,735,115,000"",""90,000,000"",""1,870,150,000"",""170,000,000"",""-"",""97,000,000"",""-"",""842,581,500"",""1,153,410,050"",""14,928,401,962"",""37,919,033,000"",""39.37""]",2026-08-28T22:20:04.397Z
2021,0000033,대학,국립,부산,,국립한국해양대학교,"[""2021"",""0000033"",""국립한국해양대학교"",""국립"",""부산"",""대학"",""98,956,180,555"",""8,711,434,390"",""3,766,806,000"",""545,621,000"",""1,630,260,000"",""-"",""12,000,000"",""347,000,000"",""-"",""1,882,260,000"",""-"",""98,428,693,165"",""-"",""""]",2026-08-28T22:20:04.397Z
2021,0000195,대학,사립,대전,,한남대학교,"[""2021"",""0000195"",""한남대학교"",""사립"",""대전"",""대학"",""39,761,839,850"",""20,599,729,420"",""3,735,966,960"",""759,470,300"",""700,090,000"",""-"",""2,903,131,000"",""2,389,000,000"",""231,191,000"",""190,666,460"",""5,150,000"",""30,076,776,150"",""82,363,082,098"",""36.52""]",2026-08-28T22:20:04.397Z
2021,0000196,대학,사립,경북,,한동대학교,"[""2021"",""0000196"",""한동대학교"",""사립"",""경북"",""대학"",""21,671,019,708"",""7,870,244,375"",""980,182,000"",""-"",""1,160,200,000"",""233,340,000"",""596,557,000"",""-"",""80,000,000"",""775,379,500"",""9,485,000"",""17,635,918,833"",""31,860,695,399"",""55.35""]",2026-08-28T22:20:04.397Z
2021,0000197,대학,사립,강원,,한라대학교,"[""2021"",""0000197"",""한라대학교"",""사립"",""강원"",""대학"",""9,730,181,866"",""6,320,087,820"",""471,814,000"",""791,000,000"",""241,320,000"",""-"",""49,500,000"",""260,753,600"",""-"",""296,054,280"",""1,581,339,119"",""7,101,875,045"",""21,032,898,180"",""33.77""]",2026-08-28T22:20:04.397Z
2021,0000242,대학,사립,전남,,한려대학교,"[""2021"",""0000242"",""한려대학교"",""사립"",""전남"",""대학"",""130,988,090"",""129,370,900"",""-"",""-"",""-"",""-"",""44,000,000"",""-"",""-"",""7,413,950"",""-"",""53,031,140"",""-"",""""]",2026-08-28T22:20:04.397Z
2021,0000198,대학,사립,강원,,한림대학교,"[""2021"",""0000198"",""한림대학교"",""사립"",""강원"",""대학"",""37,064,301,855"",""14,081,738,460"",""8,968,788,860"",""90,000,000"",""898,850,000"",""3,875,416,500"",""151,725,800"",""369,200,000"",""-"",""2,780,789,019"",""1,359,782,400"",""41,477,115,974"",""62,115,202,400"",""66.77""]",2026-08-28T22:20:04.397Z
2021,0000039,대학,국립,대전,,국립한밭대학교,"[""2021"",""0000039"",""국립한밭대학교"",""국립"",""대전"",""대학"",""90,317,830,564"",""12,825,396,030"",""4,785,755,950"",""887,300,000"",""5,674,152,000"",""-"",""-"",""5,304,630,400"",""-"",""686,100,650"",""-"",""94,830,373,534"",""-"",""""]",2026-08-28T22:20:04.397Z
2021,0000199,대학,사립,충남,,한서대학교,"[""2021"",""0000199"",""한서대학교"",""사립"",""충남"",""대학"",""23,143,353,334"",""12,429,557,480"",""1,587,032,000"",""274,250,000"",""1,353,750,000"",""-"",""-"",""88,000,000"",""-"",""621,176,660"",""3,240,000"",""14,641,244,514"",""53,401,061,110"",""27.42""]",2026-08-28T22:20:04.397Z
2021,0000200,대학,사립,서울,,한성대학교,"[""2021"",""0000200"",""한성대학교"",""사립"",""서울"",""대학"",""18,657,845,231"",""10,809,957,217"",""837,519,000"",""503,385,526"",""261,120,000"",""-"",""44,950,150"",""1,135,981,200"",""-"",""402,929,600"",""6,428,700"",""11,040,202,190"",""56,035,749,769"",""19.70""]",2026-08-28T22:20:04.397Z
2021,0000201,대학,사립,경기,,한세대학교,"[""2021"",""0000201"",""한세대학교"",""사립"",""경기"",""대학"",""8,339,421,274"",""4,935,598,000"",""42,000,000"",""90,000,000"",""-"",""-"",""4,000,000"",""23,232,000"",""-"",""69,665,000"",""4,838,500"",""3,637,558,774"",""24,384,113,500"",""14.92""]",2026-08-28T22:20:04.397Z
2021,0000202,대학,사립,경기,,한신대학교,"[""2021"",""0000202"",""한신대학교"",""사립"",""경기"",""대학"",""16,319,536,267"",""9,192,531,220"",""293,861,000"",""841,896,000"",""1,204,625,000"",""-"",""38,000,000"",""345,000,000"",""-"",""130,723,660"",""64,304,000"",""10,045,414,707"",""38,150,696,400"",""26.33""]",2026-08-28T22:20:04.397Z
2021,0000203,대학,사립,서울,,한양대학교,"[""2021"",""0000203"",""한양대학교"",""사립"",""서울"",""대학"",""71,532,465,972"",""17,633,124,034"",""60,986,302,000"",""-"",""12,480,528,000"",""6,028,946,000"",""948,399,945"",""4,005,000,000"",""829,618,000"",""16,444,050,251"",""412,896,250"",""156,035,082,384"",""340,529,676,485"",""45.82""]",2026-08-28T22:20:04.397Z
2021,0000204,대학,사립,경기,,한양대학교(ERICA),"[""2021"",""0000204"",""한양대학교(ERICA)"",""사립"",""경기"",""대학"",""50,887,735,226"",""13,981,454,070"",""18,119,582,000"",""-"",""8,247,177,680"",""1,739,000,000"",""837,489,000"",""89,000,000"",""-"",""3,861,532,500"",""687,806,500"",""70,487,868,836"",""-"",""""]",2026-08-28T22:20:04.397Z
2021,0000331,대학,사립,서울,,한양사이버대학교,"[""2021"",""0000331"",""한양사이버대학교"",""사립"",""서울"",""대학"",""16,743,177,877"",""15,677,919,250"",""195,293,000"",""-"",""-"",""50,000,000"",""-"",""-"",""-"",""301,720,500"",""-"",""1,612,272,127"",""49,066,299,500"",""3.29""]",2026-08-28T22:20:04.397Z
2021,0000206,대학,사립,전북,,한일장신대학교,"[""2021"",""0000206"",""한일장신대학교"",""사립"",""전북"",""대학"",""3,258,258,274"",""2,312,949,400"",""-"",""-"",""-"",""-"",""95,000,000"",""-"",""-"",""43,105,000"",""-"",""1,083,413,874"",""6,674,505,500"",""16.23""]",2026-08-28T22:20:04.397Z
2021,0000207,대학,사립,경기,,협성대학교,"[""2021"",""0000207"",""협성대학교"",""사립"",""경기"",""대학"",""12,190,705,044"",""8,878,325,800"",""224,250,000"",""796,137,000"",""-"",""5,000,000"",""20,000,000"",""94,000,000"",""-"",""41,223,100"",""-"",""4,492,989,344"",""30,957,556,743"",""14.51""]",2026-08-28T22:20:04.397Z
2021,0000208,대학,사립,광주,,호남대학교,"[""2021"",""0000208"",""호남대학교"",""사립"",""광주"",""대학"",""26,217,070,496"",""13,588,131,460"",""95,591,000"",""370,000,000"",""-"",""5,000,000"",""122,500,000"",""110,000,000"",""100,000,000"",""213,153,627"",""446,000"",""13,645,629,663"",""48,920,991,560"",""27.89""]",2026-08-28T22:20:04.397Z
2021,0000209,대학,사립,광주,,호남신학대학교,"[""2021"",""0000209"",""호남신학대학교"",""사립"",""광주"",""대학"",""1,699,969,392"",""1,383,961,500"",""-"",""-"",""-"",""-"",""-"",""-"",""-"",""27,708,400"",""-"",""343,716,292"",""4,951,412,780"",""6.94""]",2026-08-28T22:20:04.397Z
2021,0000211,대학,사립,충남,,호서대학교,"[""2021"",""0000211"",""호서대학교"",""사립"",""충남"",""대학"",""36,517,551,640"",""21,417,528,220"",""2,859,802,000"",""240,000,000"",""3,022,834,000"",""40,000,000"",""212,500,000"",""1,875,000,000"",""40,000,000"",""4,385,379,000"",""5,620,500"",""27,781,158,920"",""102,453,467,177"",""27.12""]",2026-08-28T22:20:04.397Z
2021,0000282,대학,사립,전북,,호원대학교,"[""2021"",""0000282"",""호원대학교"",""사립"",""전북"",""대학"",""18,893,978,021"",""12,755,752,000"",""-"",""-"",""-"",""-"",""128,000,000"",""50,000,000"",""-"",""140,882,000"",""3,784,000"",""6,460,892,021"",""34,332,687,140"",""18.82""]",2026-08-28T22:20:04.397Z
2021,0000212,대학,사립,서울,,홍익대학교,"[""2021"",""0000212"",""홍익대학교"",""사립"",""서울"",""대학"",""41,798,425,375"",""24,252,236,100"",""9,837,773,800"",""678,655,000"",""1,770,226,000"",""150,000,000"",""511,000,000"",""1,530,600,000"",""235,000,000"",""2,323,123,800"",""40,140,000"",""34,622,707,875"",""192,050,506,785"",""18.03""]",2026-08-28T22:20:04.397Z
2021,0000333,대학,사립,부산,,화신사이버대학교,"[""2021"",""0000333"",""화신사이버대학교"",""사립"",""부산"",""대학"",""3,398,557,274"",""3,140,873,000"",""-"",""-"",""-"",""-"",""-"",""-"",""-"",""23,068,000"",""-"",""280,752,274"",""3,901,508,000"",""7.20""]",2026-08-28T22:20:04.397Z
2021,0000663,대학원대학,사립,서울,,개신대학원대학교,"[""2021"",""0000663"",""개신대학원대학교"",""사립"",""서울"",""대학원대학"",""2,793,291"","""",""-"",""-"",""-"",""-"",""-"",""-"",""-"",""-"",""-"",""2,793,291"",""781,484,000"",""0.36""]",2026-08-28T22:20:04.397Z
2021,0000643,대학원대학,사립,대전,,건신대학원대학교,"[""2021"",""0000643"",""건신대학원대학교"",""사립"",""대전"",""대학원대학"",""2,176,740"","""",""-"",""-"",""-"",""-"",""-"",""-"",""-"",""-"",""-"",""2,176,740"",""1,057,098,000"",""0.21""]",2026-08-28T22:20:04.397Z
2021,0000668,대학원대학,사립,경북,,경안대학원대학교,"[""2021"",""0000668"",""경안대학원대학교"",""사립"",""경북"",""대학원대학"",""972,000"","""",""-"",""-"",""-"",""-"",""-"",""-"",""-"",""-"",""2,940,000"",""3,912,000"",""233,992,000"",""1.67""]",2026-08-28T22:20:04.397Z
2021,0002643,대학원대학,사립,경기,,계약신학대학원대학교,"[""2021"",""0002643"",""계약신학대학원대학교"",""사립"",""경기"",""대학원대학"",""-"","""",""-"",""-"",""-"",""-"",""-"",""-"",""-"",""-"",""-"",""-"",""-"",""""]",2026-08-28T22:20:04.397Z
2021,0000664,대학원대학,기타,대전,,과학기술연합대학원대학교,"[""2021"",""0000664"",""과학기술연합대학원대학교"",""기타"",""대전"",""대학원대학"",""49,791,546"","""",""16,674,000,000"",""-"",""-"",""-"",""-"",""-"",""-"",""-"",""-"",""16,723,791,546"",""-"",""""]",2026-08-28T22:20:04.397Z
2021,0002857,대학원대학,사립,경기,,구세군사관대학원대학교,"[""2021"",""0002857"",""구세군사관대학원대학교"",""사립"",""경기"",""대학원대학"",""-"","""",""-"",""-"",""-"",""-"",""-"",""-"",""-"",""-"",""-"",""-"",""179,200,000"",""-""]",2026-08-28T22:20:04.397Z
2021,0002928,대학원대학,특별법법인,경기,,국립암센터국제암대학원대학교,"[""2021"",""0002928"",""국립암센터국제암대학원대학교"",""특별법법인"",""경기"",""대학원대학"",""232,500,000"","""",""2,393,726,000"",""-"",""-"",""419,000,000"",""-"",""-"",""-"",""-"",""-"",""3,045,226,000"",""-"",""""]",2026-08-28T22:20:04.397Z
2021,0000657,대학원대학,사립,충남,,국제뇌교육종합대학원대학교,"[""2021"",""0000657"",""국제뇌교육종합대학원대학교"",""사립"",""충남"",""대학원대학"",""129,193,657"","""",""210,915,000"",""-"",""-"",""-"",""-"",""-"",""-"",""-"",""-"",""340,108,657"",""2,179,137,667"",""15.61""]",2026-08-28T22:20:04.397Z
2021,0000655,대학원대학,사립,경기,,국제법률경영대학원대학교,"[""2021"",""0000655"",""국제법률경영대학원대학교"",""사립"",""경기"",""대학원대학"",""-"","""",""-"",""-"",""-"",""-"",""-"",""-"",""-"",""-"",""-"",""-"",""1,018,226,750"",""-""]",2026-08-28T22:20:04.397Z
2021,0000649,대학원대학,사립,서울,,수도국제대학원대학교,"[""2021"",""0000649"",""수도국제대학원대학교"",""사립"",""서울"",""대학원대학"",""7,372,839"","""",""-"",""-"",""-"",""-"",""-"",""-"",""-"",""-"",""-"",""7,372,839"",""2,375,846,327"",""0.31""]",2026-08-28T22:20:04.397Z
2021,0000656,대학원대학,사립,서울,,국제언어대학원대학교,"[""2021"",""0000656"",""국제언어대학원대학교"",""사립"",""서울"",""대학원대학"",""7,281,810"","""",""-"",""-"",""326,000,000"",""-"",""-"",""-"",""-"",""-"",""-"",""333,281,810"",""734,379,000"",""45.38""]",2026-08-28T22:20:04.397Z
2021,0002818,대학원대학,사립,경기,,능인대학원대학교,"[""2021"",""0002818"",""능인대학원대학교"",""사립"",""경기"",""대학원대학"",""27,323,580"","""",""-"",""-"",""-"",""-"",""-"",""-"",""-"",""-"",""-"",""27,323,580"",""401,120,000"",""6.81""]",2026-08-28T22:20:04.397Z
2021,0000641,대학원대학,사립,경기,,대한신학대학원대학교,"[""2021"",""0000641"",""대한신학대학원대학교"",""사립"",""경기"",""대학원대학"",""8,317,160"","""",""-"",""-"",""-"",""-"",""-"",""-"",""-"",""-"",""-"",""8,317,160"",""1,038,766,350"",""0.80""]",2026-08-28T22:20:04.397Z
2021,0000669,대학원대학,사립,서울,,동방문화대학원대학교,"[""2021"",""0000669"",""동방문화대학원대학교"",""사립"",""서울"",""대학원대학"",""43,810,000"","""",""-"",""-"",""-"",""-"",""-"",""-"",""-"",""-"",""-"",""43,810,000"",""2,823,295,335"",""1.55""]",2026-08-28T22:20:04.397Z
2021,0000642,대학원대학,사립,서울,,베뢰아국제대학원대학교,"[""2021"",""0000642"",""베뢰아국제대학원대학교"",""사립"",""서울"",""대학원대학"",""7,060,250"","""",""-"",""-"",""-"",""-"",""-"",""-"",""-"",""-"",""-"",""7,060,250"",""212,518,840"",""3.32""]",2026-08-28T22:20:04.397Z
2021,0000670,대학원대학,사립,서울,,북한대학원대학교,"[""2021"",""0000670"",""북한대학원대학교"",""사립"",""서울"",""대학원대학"",""288,785,499"","""",""-"",""-"",""-"",""-"",""-"",""-"",""-"",""-"",""-"",""288,785,499"",""1,520,879,350"",""18.99""]",2026-08-28T22:20:04.397Z
2021,0000666,대학원대학,사립,서울,,서울과학종합대학원대학교,"[""2021"",""0000666"",""서울과학종합대학원대학교"",""사립"",""서울"",""대학원대학"",""101,100,638"","""",""-"",""-"",""327,000,000"",""-"",""-"",""-"",""-"",""-"",""-"",""428,100,638"",""10,718,250,000"",""3.99""]",2026-08-28T22:20:04.397Z
2021,0000677,대학원대학,사립,서울,,서울미디어대학원대학교,"[""2021"",""0000677"",""서울미디어대학원대학교"",""사립"",""서울"",""대학원대학"",""126,254,287"","""",""56,679,000"",""-"",""252,000,000"",""-"",""125,000,000"",""-"",""-"",""-"",""-"",""559,933,287"",""1,718,900,000"",""32.58""]",2026-08-28T22:20:04.397Z
2021,0000660,대학원대학,사립,서울,,서울벤처대학원대학교,"[""2021"",""0000660"",""서울벤처대학원대학교"",""사립"",""서울"",""대학원대학"",""-"","""",""-"",""-"",""-"",""-"",""-"",""-"",""32,600,000"",""-"",""-"",""32,600,000"",""2,373,965,600"",""1.37""]",2026-08-28T22:20:04.397Z
2021,0000658,대학원대학,사립,서울,,서울불교대학원대학교,"[""2021"",""0000658"",""서울불교대학원대학교"",""사립"",""서울"",""대학원대학"",""149,903,408"","""",""-"",""-"",""-"",""-"",""-"",""-"",""-"",""10,000,000"",""-"",""159,903,408"",""1,560,352,420"",""10.25""]",2026-08-28T22:20:04.397Z
2021,0000653,대학원대학,사립,서울,,서울사회복지대학원대학교,"[""2021"",""0000653"",""서울사회복지대학원대학교"",""사립"",""서울"",""대학원대학"",""15,374,532"","""",""-"",""-"",""-"",""-"",""-"",""-"",""-"",""-"",""-"",""15,374,532"",""949,957,200"",""1.62""]",2026-08-28T22:20:04.397Z
2021,0000650,대학원대학,사립,서울,,서울성경신학대학원대학교,"[""2021"",""0000650"",""서울성경신학대학원대학교"",""사립"",""서울"",""대학원대학"",""3,917,481"","""",""-"",""-"",""-"",""-"",""-"",""-"",""-"",""-"",""-"",""3,917,481"",""429,296,680"",""0.91""]",2026-08-28T22:20:04.397Z
2021,0000659,대학원대학,사립,서울,,서울외국어대학원대학교,"[""2021"",""0000659"",""서울외국어대학원대학교"",""사립"",""서울"",""대학원대학"",""35,414,530"","""",""-"",""-"",""-"",""-"",""-"",""-"",""-"",""-"",""-"",""35,414,530"",""2,824,900,001"",""1.25""]",2026-08-28T22:20:04.397Z
2021,0000667,대학원대학,사립,경기,,선학유피대학원대학교,"[""2021"",""0000667"",""선학유피대학원대학교"",""사립"",""경기"",""대학원대학"",""8,049,330"","""",""-"",""-"",""-"",""-"",""-"",""-"",""-"",""-"",""-"",""8,049,330"",""518,699,000"",""1.55""]",2026-08-28T22:20:04.397Z
2021,0000644,대학원대학,사립,인천,,성산효대학원대학교,"[""2021"",""0000644"",""성산효대학원대학교"",""사립"",""인천"",""대학원대학"",""17,910,691"","""",""-"",""-"",""-"",""-"",""-"",""-"",""-"",""-"",""-"",""17,910,691"",""1,297,594,940"",""1.38""]",2026-08-28T22:20:04.397Z
2021,0000661,대학원대학,사립,경기,,성서침례대학원대학교,"[""2021"",""0000661"",""성서침례대학원대학교"",""사립"",""경기"",""대학원대학"",""2,716,920"","""",""-"",""-"",""315,000,000"",""-"",""-"",""-"",""-"",""-"",""-"",""317,716,920"",""275,531,670"",""115.31""]",2026-08-28T22:20:04.397Z
2021,0000671,대학원대학,사립,서울,,순복음대학원대학교,"[""2021"",""0000671"",""순복음대학원대학교"",""사립"",""서울"",""대학원대학"",""9,450,307"","""",""-"",""-"",""-"",""-"",""-"",""-"",""-"",""-"",""-"",""9,450,307"",""742,928,500"",""1.27""]",2026-08-28T22:20:04.397Z
2021,0000672,대학원대학,사립,경기,,실천신학대학원대학교,"[""2021"",""0000672"",""실천신학대학원대학교"",""사립"",""경기"",""대학원대학"",""34,524,000"","""",""-"",""-"",""-"",""-"",""-"",""-"",""-"",""-"",""-"",""34,524,000"",""359,002,650"",""9.62""]",2026-08-28T22:20:04.397Z
2021,0000662,대학원대학,사립,경기,,에스라성경대학원대학교,"[""2021"",""0000662"",""에스라성경대학원대학교"",""사립"",""경기"",""대학원대학"",""-"","""",""-"",""-"",""-"",""-"",""-"",""-"",""-"",""-"",""-"",""-"",""464,548,667"",""-""]",2026-08-28T22:20:04.397Z
2021,0000651,대학원대학,사립,서울,,예명대학원대학교,"[""2021"",""0000651"",""예명대학원대학교"",""사립"",""서울"",""대학원대학"",""11,174,050"","""",""-"",""-"",""-"",""-"",""-"",""-"",""-"",""-"",""-"",""11,174,050"",""1,150,360,400"",""0.97""]",2026-08-28T22:20:04.397Z
2021,0000654,대학원대학,사립,경기,,온석대학원대학교,"[""2021"",""0000654"",""온석대학원대학교"",""사립"",""경기"",""대학원대학"",""7,430,774"","""",""-"",""-"",""-"",""-"",""-"",""-"",""-"",""-"",""-"",""7,430,774"",""951,500,000"",""0.78""]",2026-08-28T22:20:04.397Z
2021,0000678,대학원대학,사립,서울,,서울상담심리대학원대학교,"[""2021"",""0000678"",""서울상담심리대학원대학교"",""사립"",""서울"",""대학원대학"",""2,080,080"","""",""-"",""-"",""-"",""-"",""-"",""-"",""-"",""-"",""-"",""2,080,080"",""976,081,660"",""0.21""]",2026-08-28T22:20:04.397Z
2021,0000645,대학원대학,사립,전북,,원불교대학원대학교,"[""2021"",""0000645"",""원불교대학원대학교"",""사립"",""전북"",""대학원대학"",""1,200,240"","""",""-"",""-"",""-"",""-"",""-"",""-"",""-"",""-"",""-"",""1,200,240"",""164,000,000"",""0.73""]",2026-08-28T22:20:04.397Z
2021,0000646,대학원대학,사립,경기,,웨스트민스터신학대학원대학교,"[""2021"",""0000646"",""웨스트민스터신학대학원대학교"",""사립"",""경기"",""대학원대학"",""14,635,221"","""",""-"",""-"",""315,000,000"",""-"",""-"",""-"",""-"",""-"",""-"",""329,635,221"",""3,149,272,267"",""10.47""]",2026-08-28T22:20:04.397Z
2021,0002668,대학원대학,사립,경기,,제네바신학대학원대학교,"[""2021"",""0002668"",""제네바신학대학원대학교"",""사립"",""경기"",""대학원대학"",""-"","""",""-"",""-"",""-"",""-"",""-"",""-"",""-"",""-"",""-"",""-"",""30,000,000"",""-""]",2026-08-28T22:20:04.397Z
2021,0000680,대학원대학,사립,인천,,주안대학원대학교,"[""2021"",""0000680"",""주안대학원대학교"",""사립"",""인천"",""대학원대학"",""23,650,000"","""",""-"",""-"",""-"",""-"",""-"",""-"",""-"",""-"",""-"",""23,650,000"",""411,241,600"",""5.75""]",2026-08-28T22:20:04.397Z
2021,0002817,대학원대학,사립,서울,,치유상담대학원대학교,"[""2021"",""0002817"",""치유상담대학원대학교"",""사립"",""서울"",""대학원대학"",""15,005,165"","""",""-"",""-"",""-"",""-"",""-"",""-"",""-"",""-"",""-"",""15,005,165"",""1,268,006,420"",""1.18""]",2026-08-28T22:20:04.397Z
2021,0000640,대학원대학,사립,세종,,한국개발연구원국제정책대학원대학교,"[""2021"",""0000640"",""한국개발연구원국제정책대학원대학교"",""사립"",""세종"",""대학원대학"",""3,803,506"","""",""30,000,000"",""-"",""-"",""-"",""-"",""-"",""-"",""1,816,949,211"",""-"",""1,850,752,717"",""-"",""""]",2026-08-28T22:20:04.397Z
2021,0000679,대학원대학,사립,서울,,한국상담대학원대학교,"[""2021"",""0000679"",""한국상담대학원대학교"",""사립"",""서울"",""대학원대학"",""10,865,869"","""",""-"",""-"",""-"",""-"",""-"",""-"",""-"",""-"",""-"",""10,865,869"",""1,248,740,020"",""0.87""]",2026-08-28T22:20:04.397Z
2021,0000681,대학원대학,사립,울산,,한국전력국제원자력대학원대학교,"[""2021"",""0000681"",""한국전력국제원자력대학원대학교"",""사립"",""울산"",""대학원대학"",""-"","""",""279,812,000"",""-"",""808,000,000"",""-"",""-"",""-"",""-"",""380,000,000"",""-"",""1,467,812,000"",""4,442,006,000"",""33.04""]",2026-08-28T22:20:04.397Z
2021,0000683,대학원대학,특별법법인,경기,,한국학대학원,"[""2021"",""0000683"",""한국학대학원"",""특별법법인"",""경기"",""대학원대학"",""1,485,363,280"","""",""-"",""-"",""-"",""-"",""-"",""-"",""-"",""-"",""-"",""1,485,363,280"",""-"",""""]",2026-08-28T22:20:04.397Z
2021,0000673,대학원대학,사립,서울,,한림국제대학원대학교,"[""2021"",""0000673"",""한림국제대학원대학교"",""사립"",""서울"",""대학원대학"",""120,274,801"","""",""92,945,000"",""-"",""-"",""-"",""-"",""-"",""-"",""-"",""-"",""213,219,801"",""2,392,793,320"",""8.91""]",2026-08-28T22:20:04.397Z
2021,0000676,대학원대학,사립,서울,,한반도국제대학원대학교,"[""2021"",""0000676"",""한반도국제대학원대학교"",""사립"",""서울"",""대학원대학"",""525,000"","""",""-"",""-"",""-"",""-"",""-"",""-"",""-"",""-"",""-"",""525,000"",""251,000,000"",""0.21""]",2026-08-28T22:20:04.397Z
2021,0000647,대학원대학,사립,경기,,합동신학대학원대학교,"[""2021"",""0000647"",""합동신학대학원대학교"",""사립"",""경기"",""대학원대학"",""18,446,681"","""",""-"",""-"",""-"",""-"",""-"",""-"",""-"",""-"",""-"",""18,446,681"",""2,024,882,000"",""0.91""]",2026-08-28T22:20:04.397Z
2021,0000648,대학원대학,사립,서울,,횃불트리니티신학대학원대학교,"[""2021"",""0000648"",""횃불트리니티신학대학원대학교"",""사립"",""서울"",""대학원대학"",""31,883,197"","""",""-"",""-"",""-"",""-"",""-"",""-"",""-"",""-"",""-"",""31,883,197"",""2,876,255,000"",""1.11""]",2026-08-28T22:20:04.397Z
2021,0000579,전문대학,사립,경기,,ICT폴리텍대학,"[""2021"",""0000579"",""ICT폴리텍대학"",""사립"",""경기"",""전문대학"",""219,873,027"",""219,692,500"",""-"",""175,110,000"",""-"",""-"",""-"",""-"",""-"",""1,140,000"",""-"",""176,430,527"",""-"",""""]",2026-08-28T22:20:04.397Z
2021,0000410,전문대학,사립,경북,,가톨릭상지대학교,"[""2021"",""0000410"",""가톨릭상지대학교"",""사립"",""경북"",""전문대학"",""10,919,474,642"",""5,370,938,553"",""-"",""302,224,000"",""-"",""-"",""-"",""115,000,000"",""-"",""52,081,400"",""1,000,000"",""6,018,841,489"",""10,434,580,184"",""57.68""]",2026-08-28T22:20:04.397Z
2021,0000433,전문대학,사립,충북,,강동대학교,"[""2021"",""0000433"",""강동대학교"",""사립"",""충북"",""전문대학"",""15,474,424,954"",""7,634,646,970"",""-"",""142,718,000"",""-"",""-"",""-"",""44,000,000"",""-"",""29,505,000"",""1,731,000"",""8,057,731,984"",""17,312,277,279"",""46.54""]",2026-08-28T22:20:04.397Z
2021,0000514,전문대학,사립,강원,,강릉영동대학교,"[""2021"",""0000514"",""강릉영동대학교"",""사립"",""강원"",""전문대학"",""8,151,903,115"",""5,801,097,320"",""-"",""-"",""-"",""-"",""73,000,000"",""-"",""-"",""48,531,500"",""463,750,200"",""2,936,087,495"",""14,150,543,070"",""20.75""]",2026-08-28T22:20:04.397Z
2021,0000548,전문대학,사립,강원,,강원관광대학교,"[""2021"",""0000548"",""강원관광대학교"",""사립"",""강원"",""전문대학"",""1,613,612,015"",""1,609,479,400"",""-"",""-"",""-"",""-"",""-"",""-"",""-"",""12,810,910"",""577,768,950"",""594,712,475"",""3,040,538,187"",""19.56""]",2026-08-28T22:20:04.397Z
2021,0002639,전문대학,공립,강원,,강원도립대학교,"[""2021"",""0002639"",""강원도립대학교"",""공립"",""강원"",""전문대학"",""3,230,840,764"",""748,732,440"",""-"",""-"",""-"",""-"",""44,300,000"",""130,000,000"",""-"",""-"",""13,084,200,000"",""15,740,608,324"",""-"",""""]",2026-08-28T22:20:04.397Z
2021,0000412,전문대학,사립,경남,,거제대학교,"[""2021"",""0000412"",""거제대학교"",""사립"",""경남"",""전문대학"",""5,648,304,871"",""2,406,768,870"",""35,293,000"",""384,272,000"",""-"",""-"",""-"",""-"",""-"",""2,579,000"",""1,000,000"",""3,664,680,001"",""6,411,214,000"",""57.16""]",2026-08-28T22:20:04.397Z
2021,0000560,전문대학,사립,경기,,경기과학기술대학교,"[""2021"",""0000560"",""경기과학기술대학교"",""사립"",""경기"",""전문대학"",""17,287,283,494"",""8,705,346,380"",""80,096,000"",""452,807,450"",""-"",""-"",""-"",""313,351,600"",""30,000,000"",""243,340,000"",""259,136,400"",""9,960,668,564"",""26,396,776,070"",""37.73""]",2026-08-28T22:20:04.397Z
2021,0000402,전문대학,공립,경남,,경남도립거창대학,"[""2021"",""0000402"",""경남도립거창대학"",""공립"",""경남"",""전문대학"",""4,190,146,657"",""1,174,902,370"",""-"",""-"",""-"",""-"",""-"",""30,000,000"",""-"",""-"",""-"",""3,045,244,287"",""-"",""""]",2026-08-28T22:20:04.397Z
2021,0000403,전문대학,공립,경남,,경남도립남해대학,"[""2021"",""0000403"",""경남도립남해대학"",""공립"",""경남"",""전문대학"",""4,924,332,073"",""1,187,651,200"",""-"",""-"",""-"",""-"",""-"",""-"",""-"",""-"",""-"",""3,736,680,873"",""-"",""""]",2026-08-28T22:20:04.397Z
2021,0002640,전문대학,사립,부산,,경남정보대학교,"[""2021"",""0002640"",""경남정보대학교"",""사립"",""부산"",""전문대학"",""29,072,580,310"",""16,873,574,355"",""-"",""398,834,000"",""100,000,000"",""-"",""25,000,000"",""113,248,000"",""-"",""58,388,990"",""-"",""12,894,476,945"",""35,186,517,237"",""36.65""]",2026-08-28T22:20:04.397Z
2021,0000416,전문대학,사립,경기,,경민대학교,"[""2021"",""0000416"",""경민대학교"",""사립"",""경기"",""전문대학"",""19,396,191,458"",""10,563,240,660"",""-"",""-"",""-"",""-"",""-"",""30,000,000"",""120,000,000"",""93,277,400"",""1,164,125,000"",""10,240,353,198"",""24,412,752,740"",""41.95""]",2026-08-28T22:20:04.397Z
2021,0002641,전문대학,사립,경기,,경복대학교,"[""2021"",""0002641"",""경복대학교"",""사립"",""경기"",""전문대학"",""26,601,387,580"",""16,814,839,068"",""-"",""90,000,000"",""-"",""-"",""200,979,000"",""40,000,000"",""-"",""55,340,500"",""1,034,340,500"",""11,207,208,512"",""38,127,463,600"",""29.39""]",2026-08-28T22:20:04.397Z
2021,0000456,전문대학,사립,경북,,경북과학대학교,"[""2021"",""0000456"",""경북과학대학교"",""사립"",""경북"",""전문대학"",""3,951,631,627"",""3,677,998,370"",""-"",""130,000,000"",""-"",""-"",""-"",""-"",""-"",""26,608,750"",""-"",""430,242,007"",""10,142,478,490"",""4.24""]",2026-08-28T22:20:04.397Z
2021,0000405,전문대학,공립,경북,,경북도립대학교,"[""2021"",""0000405"",""경북도립대학교"",""공립"",""경북"",""전문대학"",""3,525,620,384"",""1,024,386,120"",""-"",""-"",""-"",""-"",""-"",""87,000,000"",""55,400,000"",""-"",""-"",""2,643,634,264"",""-"",""""]",2026-08-28T22:20:04.397Z
2021,0000438,전문대학,사립,경북,,경북보건대학교,"[""2021"",""0000438"",""경북보건대학교"",""사립"",""경북"",""전문대학"",""5,919,147,836"",""2,724,930,380"",""-"",""60,000,000"",""-"",""-"",""-"",""-"",""-"",""18,596,500"",""153,500"",""3,272,967,456"",""6,899,294,690"",""47.44""]",2026-08-28T22:20:04.397Z
2021,0002642,전문대학,사립,경북,,경북전문대학교,"[""2021"",""0002642"",""경북전문대학교"",""사립"",""경북"",""전문대학"",""14,007,152,348"",""7,429,009,040"",""-"",""126,793,000"",""-"",""-"",""36,500,000"",""67,000,000"",""-"",""23,279,360"",""5,816,320"",""6,837,531,988"",""15,664,903,860"",""43.65""]",2026-08-28T22:20:04.397Z
2021,0000422,전문대학,사립,인천,,경인여자대학교,"[""2021"",""0000422"",""경인여자대학교"",""사립"",""인천"",""전문대학"",""12,999,090,309"",""11,792,739,130"",""55,472,000"",""59,122,000"",""-"",""-"",""-"",""-"",""-"",""34,651,000"",""734,500"",""1,356,330,679"",""26,824,177,240"",""5.06""]",2026-08-28T22:20:04.397Z
2021,0000425,전문대학,사립,대구,,계명문화대학교,"[""2021"",""0000425"",""계명문화대학교"",""사립"",""대구"",""전문대학"",""23,794,712,569"",""13,549,729,460"",""-"",""103,627,550"",""-"",""-"",""26,000,000"",""361,990,000"",""162,492,870"",""361,077,000"",""560,000"",""11,260,730,529"",""27,123,381,490"",""41.52""]",2026-08-28T22:20:04.397Z
2021,0000426,전문대학,사립,경기,,계원예술대학교,"[""2021"",""0000426"",""계원예술대학교"",""사립"",""경기"",""전문대학"",""7,753,122,603"",""5,778,379,510"",""-"",""100,000,000"",""45,500,000"",""-"",""189,760,000"",""67,000,000"",""-"",""28,582,280"",""20,000,000"",""2,425,585,373"",""20,783,700,460"",""11.67""]",2026-08-28T22:20:04.397Z
2021,0000435,전문대학,사립,전남,,나주대학교,"[""2021"",""0000435"",""나주대학교"",""사립"",""전남"",""전문대학"",""4,462,413,742"",""4,366,676,500"",""-"",""-"",""-"",""-"",""-"",""-"",""-"",""34,603,000"",""1,000,000"",""131,340,242"",""6,237,816,300"",""2.11""]",2026-08-28T22:20:04.397Z
2021,0000428,전문대학,사립,전남,,광양보건대학교,"[""2021"",""0000428"",""광양보건대학교"",""사립"",""전남"",""전문대학"",""30,247,066"",""17,476,000"",""-"",""-"",""-"",""-"",""-"",""-"",""-"",""1,500,000"",""-"",""14,271,066"",""-"",""""]",2026-08-28T22:20:04.397Z
2021,0000429,전문대학,사립,광주,,광주보건대학교,"[""2021"",""0000429"",""광주보건대학교"",""사립"",""광주"",""전문대학"",""15,909,699,143"",""9,439,148,350"",""-"",""140,000,000"",""50,000,000"",""-"",""-"",""-"",""-"",""19,786,500"",""-"",""6,680,337,293"",""18,480,198,150"",""36.15""]",2026-08-28T22:20:04.397Z
2021,0000430,전문대학,사립,경북,,구미대학교,"[""2021"",""0000430"",""구미대학교"",""사립"",""경북"",""전문대학"",""26,000,107,434"",""15,710,548,990"",""-"",""738,603,000"",""-"",""-"",""-"",""30,000,000"",""-"",""203,888,000"",""-"",""11,262,049,444"",""30,216,055,060"",""37.27""]",2026-08-28T22:20:04.397Z
2021,0000549,전문대학,사립,경기,,국제대학교,"[""2021"",""0000549"",""국제대학교"",""사립"",""경기"",""전문대학"",""7,888,888,276"",""7,150,594,980"",""-"",""-"",""-"",""-"",""-"",""-"",""-"",""37,010,200"",""3,000,000"",""778,303,496"",""19,662,731,785"",""3.96""]",2026-08-28T22:20:04.397Z
2021,0002971,전문대학,사립,전북,,군산간호대학교,"[""2021"",""0002971"",""군산간호대학교"",""사립"",""전북"",""전문대학"",""2,612,938,893"",""2,456,989,000"",""35,293,000"",""-"",""-"",""-"",""-"",""-"",""-"",""3,150,000"",""337,000"",""194,729,893"",""7,306,771,000"",""2.67""]",2026-08-28T22:20:04.397Z
2021,0000432,전문대학,사립,전북,,군장대학교,"[""2021"",""0000432"",""군장대학교"",""사립"",""전북"",""전문대학"",""6,689,908,010"",""4,289,504,800"",""-"",""306,930,000"",""-"",""-"",""36,500,000"",""-"",""18,590,500"",""66,147,400"",""-"",""2,828,571,110"",""10,403,688,934"",""27.19""]",2026-08-28T22:20:04.397Z
2021,0002972,전문대학,사립,광주,,기독간호대학교,"[""2021"",""0002972"",""기독간호대학교"",""사립"",""광주"",""전문대학"",""3,277,272,424"",""1,279,597,500"",""-"",""-"",""-"",""-"",""-"",""-"",""-"",""6,568,000"",""-"",""2,004,242,924"",""3,148,673,150"",""63.65""]",2026-08-28T22:20:04.397Z
2021,0000440,전문대학,사립,경기,,김포대학교,"[""2021"",""0000440"",""김포대학교"",""사립"",""경기"",""전문대학"",""6,639,457,881"",""6,327,809,000"",""-"",""90,000,000"",""-"",""-"",""-"",""173,704,000"",""-"",""25,116,000"",""19,566,200"",""620,035,081"",""15,173,716,840"",""4.09""]",2026-08-28T22:20:04.397Z
2021,0000569,전문대학,사립,경남,,김해대학교,"[""2021"",""0000569"",""김해대학교"",""사립"",""경남"",""전문대학"",""6,208,183,460"",""3,704,006,150"",""-"",""-"",""-"",""-"",""34,000,000"",""-"",""-"",""36,467,600"",""-"",""2,574,644,910"",""8,327,201,330"",""30.92""]",2026-08-28T22:20:04.397Z
2021,0000441,전문대학,사립,경기,,농협대학교,"[""2021"",""0000441"",""농협대학교"",""사립"",""경기"",""전문대학"",""1,906,014,590"",""462,938,553"",""30,000,000"",""-"",""-"",""-"",""-"",""-"",""130,000,000"",""4,480,660"",""-"",""1,607,556,697"",""2,101,306,667"",""76.50""]",2026-08-28T22:20:04.397Z
2021,0000442,전문대학,사립,경북,,대경대학교,"[""2021"",""0000442"",""대경대학교"",""사립"",""경북"",""전문대학"",""16,467,049,830"",""9,927,709,435"",""35,293,000"",""90,000,000"",""-"",""-"",""-"",""-"",""35,800,000"",""42,321,900"",""2,120,000"",""6,744,875,295"",""22,758,618,935"",""29.64""]",2026-08-28T22:20:04.397Z
2021,0000443,전문대학,사립,대구,,대구공업대학교,"[""2021"",""0000443"",""대구공업대학교"",""사립"",""대구"",""전문대학"",""3,746,594,747"",""3,190,106,110"",""7,150,000"",""-"",""-"",""-"",""-"",""40,000,000"",""-"",""59,512,100"",""2,000,000"",""665,150,737"",""9,763,538,810"",""6.81""]",2026-08-28T22:20:04.397Z
2021,0000446,전문대학,사립,대구,,대구과학대학교,"[""2021"",""0000446"",""대구과학대학교"",""사립"",""대구"",""전문대학"",""22,100,532,341"",""11,633,638,990"",""-"",""26,496,000"",""-"",""-"",""53,000,000"",""-"",""-"",""252,691,000"",""450,000"",""10,799,530,351"",""22,984,445,157"",""46.99""]",2026-08-28T22:20:04.397Z
2021,0000444,전문대학,사립,대구,,대구보건대학교,"[""2021"",""0000444"",""대구보건대학교"",""사립"",""대구"",""전문대학"",""28,802,487,192"",""17,201,103,794"",""-"",""216,084,000"",""2,276,000,000"",""-"",""101,657,200"",""40,000,000"",""-"",""68,589,000"",""4,000,000"",""14,307,713,598"",""40,907,264,074"",""34.98""]",2026-08-28T22:20:04.397Z
2021,0000546,전문대학,사립,대전,,대덕대학교,"[""2021"",""0000546"",""대덕대학교"",""사립"",""대전"",""전문대학"",""10,526,395,798"",""6,815,553,660"",""-"",""210,000,000"",""-"",""-"",""24,000,000"",""222,430,000"",""-"",""65,435,400"",""-"",""4,232,707,538"",""15,099,046,650"",""28.03""]",2026-08-28T22:20:04.397Z
2021,0000447,전문대학,사립,부산,,대동대학교,"[""2021"",""0000447"",""대동대학교"",""사립"",""부산"",""전문대학"",""3,711,609,640"",""3,500,509,000"",""-"",""-"",""-"",""-"",""25,000,000"",""-"",""-"",""26,044,700"",""-"",""262,145,340"",""8,606,207,650"",""3.05""]",2026-08-28T22:20:04.397Z
2021,0000448,전문대학,사립,경기,,대림대학교,"[""2021"",""0000448"",""대림대학교"",""사립"",""경기"",""전문대학"",""30,724,949,761"",""15,704,539,910"",""84,525,000"",""697,584,930"",""-"",""-"",""-"",""-"",""-"",""82,378,080"",""4,215,709,000"",""20,100,606,861"",""46,104,936,820"",""43.60""]",2026-08-28T22:20:04.397Z
2021,0000449,전문대학,사립,충북,,대원대학교,"[""2021"",""0000449"",""대원대학교"",""사립"",""충북"",""전문대학"",""10,524,087,747"",""6,471,002,820"",""-"",""24,627,000"",""-"",""-"",""-"",""30,000,000"",""-"",""82,744,500"",""18,168,410"",""4,208,624,837"",""12,459,784,480"",""33.78""]",2026-08-28T22:20:04.397Z
2021,0000453,전문대학,사립,대전,,대전과학기술대학교,"[""2021"",""0000453"",""대전과학기술대학교"",""사립"",""대전"",""전문대학"",""18,763,546,126"",""10,078,225,700"",""37,649,000"",""-"",""-"",""-"",""-"",""144,179,000"",""-"",""37,269,500"",""1,399,500"",""8,905,817,426"",""23,487,133,990"",""37.92""]",2026-08-28T22:20:04.397Z
2021,0000451,전문대학,사립,대전,,대전보건대학교,"[""2021"",""0000451"",""대전보건대학교"",""사립"",""대전"",""전문대학"",""17,925,827,481"",""13,036,784,770"",""140,000,000"",""415,852,000"",""-"",""-"",""-"",""41,000,000"",""-"",""39,027,800"",""368,410"",""5,525,290,921"",""28,775,340,170"",""19.20""]",2026-08-28T22:20:04.397Z
2021,0000460,전문대학,사립,광주,,동강대학교,"[""2021"",""0000460"",""동강대학교"",""사립"",""광주"",""전문대학"",""10,954,415,714"",""6,327,048,110"",""-"",""1,295,617,720"",""-"",""-"",""43,500,000"",""108,000,000"",""-"",""77,237,000"",""743,500"",""6,152,465,824"",""13,312,522,410"",""46.22""]",2026-08-28T22:20:04.397Z
2021,0000457,전문대학,사립,경기,,동남보건대학교,"[""2021"",""0000457"",""동남보건대학교"",""사립"",""경기"",""전문대학"",""15,207,664,343"",""9,362,700,833"",""-"",""119,231,000"",""102,000,000"",""-"",""-"",""-"",""-"",""26,305,000"",""2,195,924,000"",""8,288,423,510"",""29,759,868,918"",""27.85""]",2026-08-28T22:20:04.397Z
2021,0000450,전문대학,사립,경기,,동서울대학교,"[""2021"",""0000450"",""동서울대학교"",""사립"",""경기"",""전문대학"",""21,406,720,108"",""12,213,378,500"",""84,192,000"",""260,653,000"",""662,672,000"",""-"",""384,550,000"",""-"",""-"",""38,464,000"",""50,630,000"",""10,674,502,608"",""37,098,659,540"",""28.77""]",2026-08-28T22:20:04.397Z
2021,0000461,전문대학,사립,경기,,동아방송예술대학교,"[""2021"",""0000461"",""동아방송예술대학교"",""사립"",""경기"",""전문대학"",""13,211,218,366"",""7,273,622,480"",""-"",""-"",""-"",""-"",""146,990,000"",""-"",""-"",""43,084,000"",""8,253,000"",""6,135,922,886"",""21,792,806,460"",""28.16""]",2026-08-28T22:20:04.397Z
2021,0000462,전문대학,사립,전남,,동아보건대학교,"[""2021"",""0000462"",""동아보건대학교"",""사립"",""전남"",""전문대학"",""4,400,522,985"",""4,054,320,051"",""-"",""-"",""-"",""-"",""-"",""-"",""-"",""25,242,500"",""-"",""371,445,434"",""6,813,872,984"",""5.45""]",2026-08-28T22:20:04.397Z
2021,0000463,전문대학,사립,서울,,동양미래대학교,"[""2021"",""0000463"",""동양미래대학교"",""사립"",""서울"",""전문대학"",""26,785,009,446"",""13,246,902,860"",""249,794,000"",""259,362,000"",""100,000,000"",""-"",""-"",""67,000,000"",""-"",""91,695,000"",""765,000"",""14,306,722,586"",""37,297,868,250"",""38.36""]",2026-08-28T22:20:04.397Z
2021,0000509,전문대학,사립,경남,,동원과학기술대학교,"[""2021"",""0000509"",""동원과학기술대학교"",""사립"",""경남"",""전문대학"",""9,383,053,310"",""5,194,902,616"",""-"",""1,210,354,300"",""-"",""-"",""-"",""199,091,100"",""-"",""35,177,500"",""-"",""5,632,773,594"",""12,994,007,256"",""43.35""]",2026-08-28T22:20:04.397Z
2021,0000465,전문대학,사립,경기,,동원대학교,"[""2021"",""0000465"",""동원대학교"",""사립"",""경기"",""전문대학"",""13,570,516,447"",""7,019,454,850"",""37,485,000"",""271,220,000"",""-"",""-"",""165,000,000"",""-"",""-"",""44,393,000"",""1,047,349,140"",""8,116,508,737"",""18,305,921,190"",""44.34""]",2026-08-28T22:20:04.397Z
2021,0000466,전문대학,사립,부산,,동의과학대학교,"[""2021"",""0000466"",""동의과학대학교"",""사립"",""부산"",""전문대학"",""22,967,048,200"",""10,511,846,900"",""-"",""660,044,900"",""-"",""-"",""-"",""114,850,000"",""-"",""49,322,400"",""-"",""13,279,418,600"",""25,741,654,840"",""51.59""]",2026-08-28T22:20:04.397Z
2021,0000467,전문대학,사립,부산,,부산보건대학교,"[""2021"",""0000467"",""부산보건대학교"",""사립"",""부산"",""전문대학"",""14,519,282,435"",""7,025,396,128"",""-"",""-"",""-"",""-"",""-"",""-"",""-"",""19,294,800"",""-"",""7,513,181,107"",""15,599,537,187"",""48.16""]",2026-08-28T22:20:04.397Z
2021,0000469,전문대학,사립,경기,,두원공과대학교,"[""2021"",""0000469"",""두원공과대학교"",""사립"",""경기"",""전문대학"",""6,973,418,461"",""6,194,379,650"",""-"",""124,240,000"",""100,000,000"",""-"",""-"",""152,660,000"",""-"",""24,732,400"",""8,083,500"",""1,188,754,711"",""19,670,022,799"",""6.04""]",2026-08-28T22:20:04.397Z
2021,0000470,전문대학,사립,경남,,마산대학교,"[""2021"",""0000470"",""마산대학교"",""사립"",""경남"",""전문대학"",""18,621,666,712"",""13,062,459,880"",""-"",""-"",""-"",""206,250,000"",""165,000,000"",""417,000,000"",""-"",""28,097,320"",""-"",""6,375,554,152"",""31,705,673,390"",""20.11""]",2026-08-28T22:20:04.397Z
2021,0000473,전문대학,사립,서울,,명지전문대학,"[""2021"",""0000473"",""명지전문대학"",""사립"",""서울"",""전문대학"",""19,106,683,984"",""15,167,939,155"",""72,744,000"",""102,150,000"",""100,000,000"",""-"",""-"",""-"",""-"",""57,159,000"",""3,249,100"",""4,274,046,929"",""41,030,208,644"",""10.42""]",2026-08-28T22:20:04.397Z
2021,0000474,전문대학,사립,전남,,목포과학대학교,"[""2021"",""0000474"",""목포과학대학교"",""사립"",""전남"",""전문대학"",""8,815,198,386"",""6,614,313,634"",""-"",""-"",""-"",""-"",""61,500,000"",""-"",""-"",""54,931,700"",""-"",""2,317,316,452"",""12,231,969,408"",""18.94""]",2026-08-28T22:20:04.397Z
2021,0000475,전문대학,사립,경북,,문경대학교,"[""2021"",""0000475"",""문경대학교"",""사립"",""경북"",""전문대학"",""4,851,371,930"",""2,248,793,767"",""-"",""-"",""-"",""-"",""-"",""-"",""-"",""7,936,000"",""-"",""2,610,514,163"",""4,856,531,047"",""53.75""]",2026-08-28T22:20:04.397Z
2021,0000476,전문대학,사립,서울,,배화여자대학교,"[""2021"",""0000476"",""배화여자대학교"",""사립"",""서울"",""전문대학"",""6,932,640,972"",""6,360,334,890"",""87,375,000"",""414,314,000"",""-"",""-"",""-"",""150,000,000"",""23,800,000"",""16,666,000"",""431,000"",""1,264,892,082"",""15,201,461,970"",""8.32""]",2026-08-28T22:20:04.397Z
2021,0000543,전문대학,사립,충남,,백석문화대학교,"[""2021"",""0000543"",""백석문화대학교"",""사립"",""충남"",""전문대학"",""18,593,191,568"",""11,929,665,430"",""-"",""133,207,830"",""-"",""-"",""-"",""190,000,000"",""-"",""67,513,500"",""2,000,000"",""7,056,247,468"",""30,719,443,220"",""22.97""]",2026-08-28T22:20:04.397Z
2021,0000477,전문대학,사립,전북,,백제예술대학교,"[""2021"",""0000477"",""백제예술대학교"",""사립"",""전북"",""전문대학"",""2,969,726,435"",""2,435,711,660"",""-"",""-"",""-"",""-"",""-"",""-"",""-"",""4,480,900"",""-"",""538,495,675"",""7,963,098,648"",""6.76""]",2026-08-28T22:20:04.397Z
2021,0000479,전문대학,사립,부산,,부산경상대학교,"[""2021"",""0000479"",""부산경상대학교"",""사립"",""부산"",""전문대학"",""12,449,992,175"",""7,005,874,699"",""-"",""467,386,000"",""-"",""-"",""-"",""-"",""-"",""108,657,500"",""-"",""6,020,160,976"",""12,990,645,800"",""46.34""]",2026-08-28T22:20:04.397Z
2021,0000481,전문대학,사립,부산,,부산과학기술대학교,"[""2021"",""0000481"",""부산과학기술대학교"",""사립"",""부산"",""전문대학"",""17,773,382,027"",""8,070,889,514"",""49,979,000"",""725,910,000"",""-"",""-"",""-"",""346,287,000"",""-"",""53,221,000"",""1,500,000"",""10,879,389,513"",""18,242,358,888"",""59.64""]",2026-08-28T22:20:04.397Z
2021,0000480,전문대학,사립,부산,,부산여자대학교,"[""2021"",""0000480"",""부산여자대학교"",""사립"",""부산"",""전문대학"",""12,715,068,423"",""6,877,083,769"",""-"",""-"",""-"",""-"",""-"",""-"",""-"",""19,127,000"",""96,000"",""5,857,207,654"",""14,201,572,669"",""41.24""]",2026-08-28T22:20:04.397Z
2021,0000561,전문대학,사립,부산,,부산예술대학교,"[""2021"",""0000561"",""부산예술대학교"",""사립"",""부산"",""전문대학"",""2,024,798,217"",""1,781,002,170"",""-"",""-"",""-"",""-"",""-"",""-"",""-"",""6,263,200"",""-"",""250,059,247"",""3,789,033,297"",""6.60""]",2026-08-28T22:20:04.397Z
2021,0000482,전문대학,사립,경기,,부천대학교,"[""2021"",""0000482"",""부천대학교"",""사립"",""경기"",""전문대학"",""31,248,716,348"",""19,151,274,125"",""-"",""512,220,000"",""-"",""-"",""-"",""-"",""-"",""75,963,600"",""4,762,924,000"",""17,448,549,823"",""46,673,293,240"",""37.38""]",2026-08-28T22:20:04.397Z
2021,0000483,전문대학,사립,서울,,삼육보건대학교,"[""2021"",""0000483"",""삼육보건대학교"",""사립"",""서울"",""전문대학"",""6,223,995,737"",""2,729,138,610"",""-"",""133,460,000"",""-"",""-"",""26,300,000"",""81,880,000"",""-"",""-"",""200,690"",""3,736,697,817"",""7,568,477,090"",""49.37""]",2026-08-28T22:20:04.397Z
2021,0000065,전문대학,사립,경북,,신경주대학교,"[""2021"",""0000065"",""신경주대학교"",""사립"",""경북"",""전문대학"",""1,571,469,562"",""446,041,000"",""-"",""206,860,000"",""-"",""-"",""-"",""-"",""157,140,000"",""7,506,600"",""-"",""1,496,935,162"",""5,384,468,200"",""27.80""]",2026-08-28T22:20:04.397Z
2021,0002646,전문대학,사립,광주,,서영대학교,"[""2021"",""0002646"",""서영대학교"",""사립"",""광주"",""전문대학"",""21,491,234,898"",""13,263,636,339"",""35,293,000"",""97,710,000"",""-"",""-"",""-"",""-"",""-"",""87,878,760"",""9,450,500"",""8,457,930,819"",""27,795,172,693"",""30.43""]",2026-08-28T22:20:04.397Z
2021,0002973,전문대학,사립,서울,,서울여자간호대학교,"[""2021"",""0002973"",""서울여자간호대학교"",""사립"",""서울"",""전문대학"",""3,195,251,175"",""1,294,268,120"",""25,250,000"",""-"",""-"",""-"",""-"",""-"",""-"",""2,746,500"",""1,349,000"",""1,930,328,555"",""5,886,055,725"",""32.79""]",2026-08-28T22:20:04.397Z
2021,0000489,전문대학,사립,경기,,서울예술대학교,"[""2021"",""0000489"",""서울예술대학교"",""사립"",""경기"",""전문대학"",""7,268,203,780"",""6,462,020,300"",""-"",""-"",""-"",""-"",""799,900,000"",""-"",""-"",""22,471,000"",""10,075,000"",""1,638,629,480"",""25,303,971,198"",""6.48""]",2026-08-28T22:20:04.397Z
2021,0000490,전문대학,사립,서울,,서일대학교,"[""2021"",""0000490"",""서일대학교"",""사립"",""서울"",""전문대학"",""17,958,228,430"",""12,878,872,275"",""301,916,000"",""420,511,000"",""11,879,000"",""-"",""-"",""-"",""-"",""129,149,250"",""9,731,900"",""5,952,543,305"",""33,131,512,790"",""17.97""]",2026-08-28T22:20:04.397Z
2021,0000566,전문대학,사립,경기,,서정대학교,"[""2021"",""0000566"",""서정대학교"",""사립"",""경기"",""전문대학"",""17,415,447,460"",""13,152,710,680"",""-"",""172,898,000"",""-"",""50,328,000"",""-"",""-"",""-"",""395,161,550"",""780,170,500"",""5,661,294,830"",""38,138,589,340"",""14.84""]",2026-08-28T22:20:04.397Z
2021,0000550,전문대학,사립,경북,,선린대학교,"[""2021"",""0000550"",""선린대학교"",""사립"",""경북"",""전문대학"",""7,278,811,010"",""5,074,276,067"",""-"",""-"",""-"",""-"",""-"",""-"",""-"",""15,659,000"",""-"",""2,220,193,943"",""12,148,282,948"",""18.28""]",2026-08-28T22:20:04.397Z
2021,0002647,전문대학,사립,경북,,성운대학교,"[""2021"",""0002647"",""성운대학교"",""사립"",""경북"",""전문대학"",""6,437,004,596"",""4,100,979,300"",""-"",""-"",""-"",""-"",""-"",""-"",""157,140,000"",""117,628,800"",""-"",""2,610,794,096"",""7,206,897,300"",""36.23""]",2026-08-28T22:20:04.397Z
2021,0000515,전문대학,사립,강원,,세경대학교,"[""2021"",""0000515"",""세경대학교"",""사립"",""강원"",""전문대학"",""3,046,053,259"",""2,618,530,760"",""-"",""-"",""-"",""-"",""-"",""-"",""-"",""17,748,360"",""697,260,000"",""1,142,530,859"",""4,684,822,109"",""24.39""]",2026-08-28T22:20:04.397Z
2021,0000567,전문대학,사립,강원,,송곡대학교,"[""2021"",""0000567"",""송곡대학교"",""사립"",""강원"",""전문대학"",""2,926,832,529"",""1,519,481,900"",""-"",""-"",""-"",""-"",""-"",""-"",""-"",""21,185,000"",""338,569,500"",""1,767,105,129"",""3,387,677,567"",""52.16""]",2026-08-28T22:20:04.397Z
2021,0000564,전문대학,사립,강원,,송호대학교,"[""2021"",""0000564"",""송호대학교"",""사립"",""강원"",""전문대학"",""2,583,119,736"",""2,303,263,604"",""-"",""-"",""-"",""-"",""38,500,000"",""-"",""-"",""11,300,500"",""412,738,050"",""742,394,682"",""5,022,124,506"",""14.78""]",2026-08-28T22:20:04.397Z
2021,0002649,전문대학,사립,대구,,수성대학교,"[""2021"",""0002649"",""수성대학교"",""사립"",""대구"",""전문대학"",""14,134,048,717"",""8,621,467,090"",""-"",""137,356,000"",""-"",""-"",""2,000,000"",""182,600,000"",""-"",""83,770,660"",""1,500,000"",""5,919,808,287"",""18,583,381,350"",""31.86""]",2026-08-28T22:20:04.397Z
2021,0000497,전문대학,사립,경기,,수원과학대학교,"[""2021"",""0000497"",""수원과학대학교"",""사립"",""경기"",""전문대학"",""9,900,366,079"",""9,518,236,738"",""37,747,000"",""5,415,600"",""-"",""-"",""-"",""-"",""23,999,997"",""23,916,500"",""1,617,000"",""474,825,438"",""24,356,772,206"",""1.95""]",2026-08-28T22:20:04.397Z
2021,0000496,전문대학,사립,경기,,수원여자대학교,"[""2021"",""0000496"",""수원여자대학교"",""사립"",""경기"",""전문대학"",""8,623,715,624"",""8,185,131,427"",""-"",""-"",""-"",""-"",""-"",""-"",""-"",""35,760,910"",""935,500"",""475,280,607"",""26,084,891,555"",""1.82""]",2026-08-28T22:20:04.397Z
2021,0000498,전문대학,사립,전남,,순천제일대학교,"[""2021"",""0000498"",""순천제일대학교"",""사립"",""전남"",""전문대학"",""12,584,517,713"",""5,817,498,514"",""-"",""90,000,000"",""-"",""-"",""-"",""118,303,600"",""-"",""44,819,100"",""-"",""7,020,141,899"",""13,425,175,225"",""52.29""]",2026-08-28T22:20:04.397Z
2021,0000500,전문대학,사립,서울,,숭의여자대학교,"[""2021"",""0000500"",""숭의여자대학교"",""사립"",""서울"",""전문대학"",""8,444,547,975"",""7,794,962,140"",""-"",""-"",""-"",""-"",""-"",""-"",""-"",""8,238,360"",""192,000"",""658,016,195"",""18,405,815,600"",""3.58""]",2026-08-28T22:20:04.397Z
2021,0000501,전문대학,사립,경기,,신구대학교,"[""2021"",""0000501"",""신구대학교"",""사립"",""경기"",""전문대학"",""21,763,955,094"",""15,072,214,550"",""-"",""-"",""-"",""-"",""18,150,000"",""40,000,000"",""-"",""349,544,500"",""1,409,077,000"",""8,508,512,044"",""42,180,461,540"",""20.17""]",2026-08-28T22:20:04.397Z
2021,0000502,전문대학,사립,충남,,신성대학교,"[""2021"",""0000502"",""신성대학교"",""사립"",""충남"",""전문대학"",""13,168,180,536"",""8,011,941,840"",""-"",""131,671,000"",""100,000,000"",""-"",""-"",""-"",""35,000,000"",""72,962,500"",""-"",""5,495,872,196"",""20,991,106,010"",""26.18""]",2026-08-28T22:20:04.397Z
2021,0000506,전문대학,사립,경기,,신안산대학교,"[""2021"",""0000506"",""신안산대학교"",""사립"",""경기"",""전문대학"",""7,707,617,941"",""7,295,142,234"",""70,586,000"",""183,475,860"",""-"",""-"",""-"",""-"",""-"",""13,136,000"",""1,565,380,000"",""2,245,053,567"",""17,941,057,910"",""12.51""]",2026-08-28T22:20:04.397Z
2021,0000454,전문대학,사립,충남,,아주자동차대학교,"[""2021"",""0000454"",""아주자동차대학교"",""사립"",""충남"",""전문대학"",""4,962,415,583"",""1,664,804,000"",""-"",""176,000,000"",""-"",""-"",""-"",""-"",""-"",""4,891,900"",""226,500"",""3,478,729,983"",""5,063,099,900"",""68.71""]",2026-08-28T22:20:04.397Z
2021,0002650,전문대학,사립,경북,,안동과학대학교,"[""2021"",""0002650"",""안동과학대학교"",""사립"",""경북"",""전문대학"",""11,316,191,432"",""6,053,465,420"",""-"",""262,000,000"",""-"",""-"",""41,600,000"",""-"",""-"",""30,856,000"",""5,900,000"",""5,603,082,012"",""13,551,099,900"",""41.35""]",2026-08-28T22:20:04.397Z
2021,0000507,전문대학,사립,경기,,안산대학교,"[""2021"",""0000507"",""안산대학교"",""사립"",""경기"",""전문대학"",""16,546,502,090"",""10,062,705,500"",""-"",""211,043,000"",""-"",""206,250,000"",""-"",""124,000,000"",""-"",""7,787,000"",""500,000,000"",""7,532,876,590"",""24,980,253,800"",""30.16""]",2026-08-28T22:20:04.397Z
2021,0000510,전문대학,사립,경기,,여주대학교,"[""2021"",""0000510"",""여주대학교"",""사립"",""경기"",""전문대학"",""16,753,748,300"",""10,035,243,817"",""-"",""-"",""-"",""-"",""70,000,000"",""30,000,000"",""-"",""29,091,000"",""319,530,000"",""7,167,125,483"",""28,241,565,986"",""25.38""]",2026-08-28T22:20:04.397Z
2021,0002651,전문대학,사립,경기,,연성대학교,"[""2021"",""0002651"",""연성대학교"",""사립"",""경기"",""전문대학"",""24,999,809,226"",""13,616,842,231"",""-"",""142,448,800"",""-"",""-"",""-"",""89,000,000"",""-"",""34,339,500"",""575,624,000"",""12,224,379,295"",""36,211,013,997"",""33.76""]",2026-08-28T22:20:04.397Z
2021,0002652,전문대학,사립,경남,,연암공과대학교,"[""2021"",""0002652"",""연암공과대학교"",""사립"",""경남"",""전문대학"",""7,201,028,201"",""2,389,464,584"",""-"",""-"",""-"",""-"",""-"",""-"",""-"",""5,470,000"",""-"",""4,817,033,617"",""6,282,245,484"",""76.68""]",2026-08-28T22:20:04.397Z
2021,0000512,전문대학,사립,충남,,연암대학교,"[""2021"",""0000512"",""연암대학교"",""사립"",""충남"",""전문대학"",""9,184,118,620"",""2,107,647,710"",""-"",""-"",""-"",""-"",""-"",""-"",""1,088,220,000"",""18,917,120"",""3,000,000"",""8,186,608,030"",""6,343,488,920"",""129.06""]",2026-08-28T22:20:04.397Z
2021,0000418,전문대학,사립,경북,,영남외국어대학,"[""2021"",""0000418"",""영남외국어대학"",""사립"",""경북"",""전문대학"",""115,564,706"",""27,141,560"",""-"",""-"",""-"",""-"",""-"",""-"",""-"",""31,849,000"",""66,910,000"",""187,182,146"",""2,508,940,000"",""7.46""]",2026-08-28T22:20:04.397Z
2021,0000513,전문대학,사립,대구,,영남이공대학교,"[""2021"",""0000513"",""영남이공대학교"",""사립"",""대구"",""전문대학"",""25,111,368,777"",""12,603,923,790"",""65,514,000"",""745,972,000"",""310,000,000"",""-"",""-"",""182,880,000"",""-"",""27,239,000"",""-"",""13,839,049,987"",""31,605,299,820"",""43.79""]",2026-08-28T22:20:04.397Z
2021,0000575,전문대학,사립,대구,,영진사이버대학교,"[""2021"",""0000575"",""영진사이버대학교"",""사립"",""대구"",""전문대학"",""6,125,828,326"",""5,881,440,800"",""-"",""-"",""-"",""-"",""-"",""-"",""-"",""129,350,000"",""-"",""373,737,526"",""9,635,960,000"",""3.88""]",2026-08-28T22:20:04.397Z
2021,0000517,전문대학,사립,대구,,영진전문대학교,"[""2021"",""0000517"",""영진전문대학교"",""사립"",""대구"",""전문대학"",""33,176,090,093"",""16,712,245,170"",""-"",""1,648,699,320"",""-"",""-"",""-"",""-"",""-"",""197,534,830"",""-"",""18,310,079,073"",""41,195,269,077"",""44.45""]",2026-08-28T22:20:04.397Z
2021,0002653,전문대학,사립,경기,,오산대학교,"[""2021"",""0002653"",""오산대학교"",""사립"",""경기"",""전문대학"",""14,809,350,133"",""8,365,981,520"",""37,639,000"",""360,183,016"",""-"",""-"",""-"",""40,000,000"",""-"",""52,813,600"",""545,769,000"",""7,479,773,229"",""27,893,703,130"",""26.82""]",2026-08-28T22:20:04.397Z
2021,0000520,전문대학,사립,경기,,용인예술과학대학교,"[""2021"",""0000520"",""용인예술과학대학교"",""사립"",""경기"",""전문대학"",""10,888,706,835"",""6,772,463,330"",""-"",""90,000,000"",""-"",""-"",""-"",""-"",""-"",""10,434,000"",""840,000"",""4,217,517,505"",""21,681,201,350"",""19.45""]",2026-08-28T22:20:04.397Z
2021,0000452,전문대학,사립,대전,,우송정보대학,"[""2021"",""0000452"",""우송정보대학"",""사립"",""대전"",""전문대학"",""15,652,176,718"",""9,038,257,060"",""-"",""594,003,750"",""-"",""-"",""-"",""161,100,000"",""-"",""22,401,100"",""2,035,000"",""7,393,459,508"",""21,376,294,330"",""34.59""]",2026-08-28T22:20:04.397Z
2021,0000521,전문대학,사립,울산,,울산과학대학교,"[""2021"",""0000521"",""울산과학대학교"",""사립"",""울산"",""전문대학"",""22,011,831,542"",""9,415,437,000"",""87,817,000"",""962,581,800"",""64,000,000"",""-"",""57,500,000"",""100,992,200"",""35,000,000"",""223,429,000"",""-"",""14,127,714,542"",""33,145,747,517"",""42.62""]",2026-08-28T22:20:04.397Z
2021,0000568,전문대학,사립,경기,,웅지세무대학교,"[""2021"",""0000568"",""웅지세무대학교"",""사립"",""경기"",""전문대학"",""321,653,109"",""107,556,400"",""-"",""-"",""-"",""-"",""-"",""-"",""-"",""15,876,470"",""-"",""229,973,179"",""5,469,086,400"",""4.20""]",2026-08-28T22:20:04.397Z
2021,0000523,전문대학,사립,전북,,원광보건대학교,"[""2021"",""0000523"",""원광보건대학교"",""사립"",""전북"",""전문대학"",""22,018,600,628"",""12,484,042,853"",""41,503,000"",""333,350,000"",""-"",""-"",""-"",""-"",""57,251,582"",""43,316,800"",""-"",""10,009,979,157"",""26,893,669,586"",""37.22""]",2026-08-28T22:20:04.397Z
2021,0000524,전문대학,사립,경기,,유한대학교,"[""2021"",""0000524"",""유한대학교"",""사립"",""경기"",""전문대학"",""20,349,942,781"",""10,733,682,169"",""35,293,000"",""439,273,000"",""-"",""-"",""-"",""70,000,000"",""-"",""9,062,000"",""75,000,000"",""10,244,888,612"",""26,384,328,682"",""38.83""]",2026-08-28T22:20:04.397Z
2021,0000525,전문대학,사립,서울,,인덕대학교,"[""2021"",""0000525"",""인덕대학교"",""사립"",""서울"",""전문대학"",""16,132,071,673"",""14,472,666,060"",""-"",""320,836,000"",""129,000,000"",""-"",""-"",""2,129,000,000"",""-"",""596,527,000"",""6,398,950"",""4,841,167,563"",""36,917,675,446"",""13.11""]",2026-08-28T22:20:04.397Z
2021,0000455,전문대학,사립,인천,,재능대학교,"[""2021"",""0000455"",""재능대학교"",""사립"",""인천"",""전문대학"",""17,413,192,299"",""8,519,970,107"",""130,816,000"",""620,135,000"",""-"",""-"",""-"",""-"",""-"",""37,859,500"",""409,500"",""9,682,442,192"",""19,419,746,250"",""49.86""]",2026-08-28T22:20:04.397Z
2021,0002654,전문대학,사립,인천,,인하공업전문대학,"[""2021"",""0002654"",""인하공업전문대학"",""사립"",""인천"",""전문대학"",""25,218,915,209"",""15,443,343,150"",""266,491,000"",""297,642,000"",""257,100,000"",""-"",""-"",""67,000,000"",""-"",""298,837,000"",""4,900,000"",""10,967,542,059"",""42,914,204,760"",""25.56""]",2026-08-28T22:20:04.397Z
2021,0000527,전문대학,사립,경기,,장안대학교,"[""2021"",""0000527"",""장안대학교"",""사립"",""경기"",""전문대학"",""10,239,425,187"",""9,138,082,500"",""-"",""376,798,000"",""-"",""-"",""-"",""-"",""-"",""84,752,600"",""619,000"",""1,563,512,287"",""25,593,983,130"",""6.11""]",2026-08-28T22:20:04.397Z
2021,0000529,전문대학,사립,전남,,전남과학대학교,"[""2021"",""0000529"",""전남과학대학교"",""사립"",""전남"",""전문대학"",""19,581,201,414"",""10,798,247,840"",""-"",""-"",""-"",""-"",""102,500,000"",""-"",""-"",""42,804,000"",""-"",""8,928,257,574"",""17,529,518,360"",""50.93""]",2026-08-28T22:20:04.397Z
2021,0000562,전문대학,공립,전남,,전남도립대학교,"[""2021"",""0000562"",""전남도립대학교"",""공립"",""전남"",""전문대학"",""5,081,952,861"",""1,342,271,750"",""-"",""365,430,000"",""3,110,000"",""-"",""-"",""-"",""-"",""-"",""-"",""4,108,221,111"",""-"",""""]",2026-08-28T22:20:04.397Z
2021,0000531,전문대학,사립,전북,,전북과학대학교,"[""2021"",""0000531"",""전북과학대학교"",""사립"",""전북"",""전문대학"",""9,675,643,353"",""4,848,133,333"",""44,796,000"",""-"",""-"",""-"",""-"",""99,000,000"",""-"",""48,849,500"",""-"",""5,020,155,520"",""9,142,922,161"",""54.91""]",2026-08-28T22:20:04.397Z
2021,0000437,전문대학,사립,전북,,전주기전대학,"[""2021"",""0000437"",""전주기전대학"",""사립"",""전북"",""전문대학"",""7,627,313,848"",""4,481,395,310"",""-"",""1,055,000,000"",""-"",""-"",""29,500,000"",""244,000,000"",""157,140,000"",""64,003,200"",""-"",""4,695,561,738"",""9,091,345,540"",""51.65""]",2026-08-28T22:20:04.397Z
2021,0000530,전문대학,사립,전북,,전주비전대학교,"[""2021"",""0000530"",""전주비전대학교"",""사립"",""전북"",""전문대학"",""17,033,016,568"",""8,861,916,420"",""-"",""249,325,000"",""-"",""-"",""19,000,000"",""186,171,200"",""-"",""356,763,319"",""-"",""8,982,359,667"",""20,838,976,350"",""43.10""]",2026-08-28T22:20:04.397Z
2021,0000532,전문대학,사립,제주,,제주관광대학교,"[""2021"",""0000532"",""제주관광대학교"",""사립"",""제주"",""전문대학"",""8,746,867,263"",""4,582,002,957"",""-"",""233,118,400"",""-"",""-"",""-"",""220,790,000"",""-"",""33,024,110"",""-"",""4,651,796,816"",""8,422,067,918"",""55.23""]",2026-08-28T22:20:04.397Z
2021,0002655,전문대학,사립,제주,,제주한라대학교,"[""2021"",""0002655"",""제주한라대학교"",""사립"",""제주"",""전문대학"",""19,479,267,505"",""11,561,284,310"",""260,000,000"",""648,432,800"",""100,000,000"",""-"",""98,300,000"",""107,000,000"",""235,740,000"",""60,594,200"",""-"",""9,428,050,195"",""25,722,216,690"",""36.65""]",2026-08-28T22:20:04.397Z
2021,0002974,전문대학,사립,광주,,조선간호대학교,"[""2021"",""0002974"",""조선간호대학교"",""사립"",""광주"",""전문대학"",""2,737,035,790"",""1,229,875,900"",""-"",""-"",""-"",""-"",""-"",""-"",""-"",""14,928,000"",""-"",""1,522,087,890"",""3,755,315,600"",""40.53""]",2026-08-28T22:20:04.397Z
2021,0000534,전문대학,사립,광주,,조선이공대학교,"[""2021"",""0000534"",""조선이공대학교"",""사립"",""광주"",""전문대학"",""15,081,905,708"",""6,426,759,017"",""85,293,000"",""-"",""148,920,000"",""-"",""36,000,000"",""183,570,500"",""-"",""42,743,700"",""-"",""9,151,673,891"",""16,134,872,290"",""56.72""]",2026-08-28T22:20:04.397Z
2021,0000539,전문대학,사립,경남,,진주보건대학교,"[""2021"",""0000539"",""진주보건대학교"",""사립"",""경남"",""전문대학"",""7,688,329,278"",""7,162,637,670"",""-"",""-"",""-"",""-"",""-"",""-"",""-"",""84,127,800"",""-"",""609,819,408"",""15,764,275,150"",""3.87""]",2026-08-28T22:20:04.397Z
2021,0000542,전문대학,사립,경남,,창원문성대학교,"[""2021"",""0000542"",""창원문성대학교"",""사립"",""경남"",""전문대학"",""8,898,844,420"",""5,073,389,320"",""-"",""577,848,000"",""-"",""-"",""-"",""95,000,000"",""-"",""23,638,000"",""-"",""4,521,941,100"",""11,329,319,000"",""39.91""]",2026-08-28T22:20:04.397Z
2021,0000544,전문대학,사립,경기,,청강문화산업대학교,"[""2021"",""0000544"",""청강문화산업대학교"",""사립"",""경기"",""전문대학"",""12,425,599,026"",""7,709,566,940"",""-"",""218,633,120"",""-"",""-"",""15,278,900"",""224,800,000"",""23,999,980"",""46,510,000"",""574,272,300"",""5,819,526,386"",""23,834,166,380"",""24.42""]",2026-08-28T22:20:04.397Z
2021,0002656,전문대학,사립,전남,,청암대학교,"[""2021"",""0002656"",""청암대학교"",""사립"",""전남"",""전문대학"",""9,456,836,603"",""5,782,090,720"",""-"",""-"",""-"",""206,250,000"",""-"",""-"",""-"",""30,637,200"",""-"",""3,911,633,083"",""12,821,278,270"",""30.51""]",2026-08-28T22:20:04.397Z
2021,0000545,전문대학,사립,울산,,춘해보건대학교,"[""2021"",""0000545"",""춘해보건대학교"",""사립"",""울산"",""전문대학"",""12,071,674,842"",""6,323,831,330"",""-"",""-"",""-"",""-"",""-"",""-"",""-"",""68,708,500"",""-"",""5,816,552,012"",""16,179,898,040"",""35.95""]",2026-08-28T22:20:04.397Z
2021,0002657,전문대학,공립,충남,,충남도립대학교,"[""2021"",""0002657"",""충남도립대학교"",""공립"",""충남"",""전문대학"",""4,175,772,465"",""1,445,244,580"",""-"",""-"",""-"",""-"",""-"",""-"",""-"",""-"",""-"",""2,730,527,885"",""-"",""""]",2026-08-28T22:20:04.397Z
2021,0000406,전문대학,공립,충북,,충북도립대학교,"[""2021"",""0000406"",""충북도립대학교"",""공립"",""충북"",""전문대학"",""3,091,068,662"",""717,777,150"",""-"",""-"",""114,000,000"",""-"",""-"",""97,000,000"",""-"",""-"",""-"",""2,584,291,512"",""-"",""""]",2026-08-28T22:20:04.397Z
2021,0000536,전문대학,사립,충북,,충북보건과학대학교,"[""2021"",""0000536"",""충북보건과학대학교"",""사립"",""충북"",""전문대학"",""10,442,892,259"",""5,589,066,020"",""-"",""389,396,000"",""-"",""-"",""58,000,000"",""30,000,000"",""-"",""25,989,800"",""-"",""5,357,212,039"",""15,243,524,290"",""35.14""]",2026-08-28T22:20:04.397Z
2021,0000547,전문대학,사립,충북,,충청대학교,"[""2021"",""0000547"",""충청대학교"",""사립"",""충북"",""전문대학"",""15,462,042,056"",""7,744,999,422"",""-"",""-"",""-"",""-"",""-"",""145,260,200"",""-"",""32,830,200"",""-"",""7,895,133,034"",""19,936,165,737"",""39.60""]",2026-08-28T22:20:04.397Z
2021,0002658,전문대학,사립,경북,,포항대학교,"[""2021"",""0002658"",""포항대학교"",""사립"",""경북"",""전문대학"",""4,759,627,398"",""4,015,692,327"",""-"",""-"",""-"",""-"",""-"",""77,000,000"",""-"",""36,291,000"",""3,364,000"",""860,590,071"",""9,755,487,682"",""8.82""]",2026-08-28T22:20:04.397Z
2021,0000578,전문대학,사립,강원,,한국골프과학기술대학교,"[""2021"",""0000578"",""한국골프과학기술대학교"",""사립"",""강원"",""전문대학"",""1,118,263,372"",""1,052,318,167"",""-"",""-"",""-"",""-"",""75,500,000"",""-"",""-"",""21,677,130"",""209,740,000"",""372,862,335"",""3,088,507,500"",""12.07""]",2026-08-28T22:20:04.397Z
2021,0000565,전문대학,사립,경기,,한국관광대학교,"[""2021"",""0000565"",""한국관광대학교"",""사립"",""경기"",""전문대학"",""7,090,501,097"",""4,410,591,416"",""-"",""-"",""-"",""-"",""80,000,000"",""-"",""-"",""12,909,500"",""1,000,000"",""2,773,819,181"",""10,241,256,683"",""27.08""]",2026-08-28T22:20:04.397Z
2021,0003019,전문대학,특별법국립,전북,,한국농수산대학교,"[""2021"",""0003019"",""한국농수산대학교"",""특별법국립"",""전북"",""전문대학"",""114,883,458"",""114,862,500"",""237,186,000"",""-"",""100,000,000"",""-"",""-"",""30,000,000"",""34,621,600,000"",""2,360,000,000"",""-"",""37,348,806,958"",""-"",""""]",2026-08-28T22:20:04.397Z
2021,0000037,전문대학,국립,경기,,한경국립대학교,"[""2021"",""0000037"",""한경국립대학교"",""국립"",""경기"",""전문대학"",""27,214,880,549"",""7,727,331,030"",""-"",""-"",""67,280,000"",""-"",""-"",""44,000,000"",""-"",""-"",""-"",""19,598,829,519"",""-"",""""]",2026-08-28T22:20:04.397Z
2021,0000576,전문대학,사립,경북,,한국복지사이버대학교,"[""2021"",""0000576"",""한국복지사이버대학교"",""사립"",""경북"",""전문대학"",""3,147,012,800"",""3,129,251,300"",""-"",""-"",""-"",""-"",""-"",""-"",""-"",""38,762,600"",""-"",""56,524,100"",""6,275,041,200"",""0.90""]",2026-08-28T22:20:04.397Z
2021,0000570,전문대학,사립,경남,,한국승강기대학교,"[""2021"",""0000570"",""한국승강기대학교"",""사립"",""경남"",""전문대학"",""4,135,476,840"",""1,317,356,140"",""-"",""120,000,000"",""-"",""-"",""-"",""-"",""-"",""3,373,000"",""115,334,000"",""3,056,827,700"",""4,062,882,530"",""75.24""]",2026-08-28T22:20:04.397Z
2021,0000522,전문대학,사립,세종,,한국영상대학교,"[""2021"",""0000522"",""한국영상대학교"",""사립"",""세종"",""전문대학"",""17,538,744,904"",""7,507,651,741"",""-"",""54,413,800"",""-"",""-"",""12,000,000"",""26,000,000"",""-"",""35,937,000"",""-"",""10,159,443,963"",""17,950,886,470"",""56.60""]",2026-08-28T22:20:04.397Z
2021,0000585,전문대학,사립,서울,,한국폴리텍 I 대학,"[""2021"",""0000585"",""한국폴리텍 I 대학"",""사립"",""서울"",""전문대학"",""2,627,275,654"",""2,543,470,666"",""90,000,000"",""44,468,118,394"",""-"",""-"",""-"",""370,000,000"",""-"",""169,811,834"",""-"",""45,181,735,216"",""-"",""""]",2026-08-28T22:20:04.397Z
2021,0000590,전문대학,사립,경기,,한국폴리텍 II 대학,"[""2021"",""0000590"",""한국폴리텍 II 대학"",""사립"",""경기"",""전문대학"",""2,525,238,412"",""2,517,517,901"",""80,000,000"",""34,139,494,349"",""-"",""-"",""-"",""50,000,000"",""-"",""56,717,000"",""-"",""34,333,931,860"",""-"",""""]",2026-08-28T22:20:04.397Z
2021,0000594,전문대학,사립,강원,,한국폴리텍 III 대학,"[""2021"",""0000594"",""한국폴리텍 III 대학"",""사립"",""강원"",""전문대학"",""528,930,786"",""528,345,000"",""-"",""29,724,784,013"",""-"",""-"",""-"",""-"",""-"",""-"",""15,900,000"",""29,741,269,799"",""-"",""""]",2026-08-28T22:20:04.397Z
2021,0000603,전문대학,사립,대전,,한국폴리텍 IV 대학,"[""2021"",""0000603"",""한국폴리텍 IV 대학"",""사립"",""대전"",""전문대학"",""2,442,425,078"",""2,391,921,674"",""-"",""42,702,203,817"",""-"",""-"",""-"",""-"",""-"",""12,026,000"",""-"",""42,764,733,221"",""-"",""""]",2026-08-28T22:20:04.397Z
2021,0000616,전문대학,사립,광주,,한국폴리텍 V 대학,"[""2021"",""0000616"",""한국폴리텍 V 대학"",""사립"",""광주"",""전문대학"",""1,813,729,135"",""1,811,920,920"",""-"",""41,496,286,343"",""-"",""-"",""-"",""44,000,000"",""-"",""7,812,000"",""-"",""41,549,906,558"",""-"",""""]",2026-08-28T22:20:04.397Z
2021,0000624,전문대학,사립,경북,,한국폴리텍 VI 대학,"[""2021"",""0000624"",""한국폴리텍 VI 대학"",""사립"",""경북"",""전문대학"",""1,381,165,380"",""1,378,912,169"",""-"",""41,941,997,868"",""-"",""-"",""-"",""-"",""-"",""2,432,000"",""-"",""41,946,683,079"",""-"",""""]",2026-08-28T22:20:04.397Z
2021,0003163,전문대학,사립,부산,,한국폴리텍 VII 대학,"[""2021"",""0003163"",""한국폴리텍 VII 대학"",""사립"",""부산"",""전문대학"",""3,375,210,916"",""3,126,944,168"",""-"",""49,703,903,606"",""-"",""-"",""-"",""134,000,000"",""-"",""16,416,000"",""-"",""50,102,586,354"",""-"",""""]",2026-08-28T22:20:04.397Z
2021,0003104,전문대학,사립,충남,,한국폴리텍 특성화대학,"[""2021"",""0003104"",""한국폴리텍 특성화대학"",""사립"",""충남"",""전문대학"",""1,114,903,112"",""1,114,089,168"",""-"",""26,593,948,247"",""-"",""-"",""-"",""140,000,000"",""-"",""229,684,160"",""-"",""26,964,446,351"",""-"",""""]",2026-08-28T22:20:04.397Z
2021,0000553,전문대학,사립,강원,,한림성심대학교,"[""2021"",""0000553"",""한림성심대학교"",""사립"",""강원"",""전문대학"",""14,811,337,054"",""6,971,336,550"",""-"",""-"",""-"",""-"",""-"",""189,886,400"",""-"",""20,320,500"",""279,720,000"",""8,329,927,404"",""15,553,192,770"",""53.56""]",2026-08-28T22:20:04.397Z
2021,0000554,전문대학,사립,서울,,한양여자대학교,"[""2021"",""0000554"",""한양여자대학교"",""사립"",""서울"",""전문대학"",""24,297,303,201"",""14,803,801,080"",""184,962,000"",""859,217,600"",""-"",""67,550,000"",""210,000,000"",""-"",""65,000,000"",""20,128,500"",""2,172,500"",""10,902,532,721"",""38,941,552,600"",""28.00""]",2026-08-28T22:20:04.397Z
2021,0000555,전문대학,사립,전남,,한영대학교,"[""2021"",""0000555"",""한영대학교"",""사립"",""전남"",""전문대학"",""4,262,573,793"",""2,591,374,500"",""-"",""-"",""-"",""-"",""-"",""-"",""-"",""14,525,700"",""-"",""1,685,724,993"",""7,266,403,800"",""23.20""]",2026-08-28T22:20:04.397Z
2021,0000556,전문대학,사립,충남,,혜전대학교,"[""2021"",""0000556"",""혜전대학교"",""사립"",""충남"",""전문대학"",""10,438,329,995"",""6,550,295,860"",""-"",""59,470,000"",""-"",""-"",""-"",""-"",""-"",""20,033,000"",""135,000"",""3,967,672,135"",""14,313,402,990"",""27.72""]",2026-08-28T22:20:04.397Z
2021,0000415,전문대학,사립,경북,,호산대학교,"[""2021"",""0000415"",""호산대학교"",""사립"",""경북"",""전문대학"",""8,347,663,131"",""4,626,140,910"",""-"",""-"",""-"",""-"",""-"",""-"",""-"",""54,112,000"",""-"",""3,775,634,221"",""10,598,285,960"",""35.62""]",2026-08-28T22:20:04.397Z
2020,0002748,대학,사립,경남,,가야대학교(김해),"[""2020"",""0002748"",""가야대학교(김해)"",""사립"",""경남"",""대학"",""4,778,002,345"",""4,421,215,760"",""10,126,199,000"",""-"",""-"",""313,433,000"",""-"",""-"",""-"",""11,556,000"",""-"",""10,807,974,585"",""14,881,197,780"",""72.63""]",2026-08-28T22:20:04.397Z
2020,0000063,대학,사립,경기,,가천대학교,"[""2020"",""0000063"",""가천대학교"",""사립"",""경기"",""대학"",""46,718,073,522"",""26,288,227,000"",""12,214,413,333"",""714,726,000"",""2,438,400,000"",""971,285,000"",""597,150,000"",""3,566,450,000"",""-"",""2,236,177,100"",""933,900,630"",""44,102,348,585"",""168,762,137,650"",""26.13""]",2026-08-28T22:20:04.397Z
2020,0000072,대학,사립,강원,,가톨릭관동대학교,"[""2020"",""0000072"",""가톨릭관동대학교"",""사립"",""강원"",""대학"",""27,194,998,001"",""15,568,887,220"",""21,514,778,333"",""1,152,339,000"",""148,750,000"",""704,925,000"",""95,250,000"",""2,242,700,000"",""200,000,000"",""713,907,760"",""1,539,831,340"",""39,938,592,214"",""58,587,742,008"",""68.17""]",2026-08-28T22:20:04.397Z
2020,0000046,대학,사립,경기,,가톨릭대학교,"[""2020"",""0000046"",""가톨릭대학교"",""사립"",""경기"",""대학"",""37,908,634,613"",""12,196,827,741"",""9,107,054,600"",""-"",""1,151,000,000"",""5,108,360,000"",""1,030,847,000"",""80,000,000"",""-"",""3,527,994,200"",""374,981,230"",""46,092,043,902"",""82,770,520,831"",""55.69""]",2026-08-28T22:20:04.397Z
2020,0000050,대학,사립,서울,,감리교신학대학교,"[""2020"",""0000050"",""감리교신학대학교"",""사립"",""서울"",""대학"",""2,705,211,134"",""2,129,029,680"",""162,425,000"",""-"",""-"",""-"",""-"",""-"",""-"",""14,242,100"",""-"",""752,848,554"",""9,013,573,550"",""8.35""]",2026-08-28T22:20:04.397Z
2020,0000051,대학,사립,경기,,강남대학교,"[""2020"",""0000051"",""강남대학교"",""사립"",""경기"",""대학"",""18,337,268,855"",""10,504,441,400"",""3,768,406,000"",""67,584,000"",""139,800,000"",""100,000"",""584,790,000"",""-"",""-"",""250,100,000"",""362,854,830"",""13,006,462,285"",""52,505,535,160"",""24.77""]",2026-08-28T22:20:04.397Z
2020,0000001,대학,국립,강원,,국립강릉원주대학교,"[""2020"",""0000001"",""국립강릉원주대학교"",""국립"",""강원"",""대학"",""95,013,670,773"",""13,999,992,650"",""14,908,740,000"",""-"",""660,000,000"",""-"",""54,800,000"",""456,954,200"",""65,000,000"",""876,983,200"",""1,849,162,840"",""99,885,318,363"",""-"",""""]",2026-08-28T22:20:04.397Z
2020,0000003,대학,국립,강원,,강원대학교,"[""2020"",""0000003"",""강원대학교"",""국립"",""강원"",""대학"",""231,068,606,916"",""30,035,091,770"",""22,845,554,333"",""670,750,000"",""4,343,000,000"",""469,000,000"",""1,108,354,000"",""385,556,780"",""3,099,000,000"",""6,772,148,214"",""8,325,777,800"",""249,052,656,273"",""-"",""""]",2026-08-28T22:20:04.397Z
2020,0000052,대학,사립,서울,,건국대학교,"[""2020"",""0000052"",""건국대학교"",""사립"",""서울"",""대학"",""41,312,122,335"",""18,791,135,180"",""12,321,956,000"",""877,355,000"",""5,269,670,000"",""1,104,733,000"",""276,152,447"",""2,350,045,000"",""3,411,570,000"",""7,471,363,310"",""1,548,252,110"",""57,152,084,022"",""232,698,112,128"",""24.56""]",2026-08-28T22:20:04.397Z
2020,0000053,대학,사립,충북,,건국대학교(글로컬),"[""2020"",""0000053"",""건국대학교(글로컬)"",""사립"",""충북"",""대학"",""28,133,817,097"",""13,279,376,023"",""3,666,219,435"",""356,960,000"",""103,000,000"",""850,100,000"",""6,300,000"",""233,076,800"",""96,000,000"",""1,065,000,000"",""1,480,890,600"",""22,711,987,909"",""-"",""""]",2026-08-28T22:20:04.397Z
2020,0000054,대학,사립,충남,,건양대학교,"[""2020"",""0000054"",""건양대학교"",""사립"",""충남"",""대학"",""22,629,090,343"",""14,076,214,300"",""6,061,570,333"",""215,200,000"",""229,000,000"",""237,500,000"",""-"",""9,837,300"",""-"",""258,130,000"",""6,356,240,660"",""21,920,354,336"",""51,893,413,543"",""42.24""]",2026-08-28T22:20:04.397Z
2020,0000056,대학,사립,경기,,경기대학교,"[""2020"",""0000056"",""경기대학교"",""사립"",""경기"",""대학"",""38,585,250,990"",""23,146,075,960"",""2,705,934,000"",""300,000,000"",""1,563,964,000"",""-"",""339,925,300"",""1,911,532,000"",""267,925,000"",""1,292,689,330"",""498,193,091"",""24,319,337,751"",""119,491,132,020"",""20.35""]",2026-08-28T22:20:04.397Z
2020,0000007,대학,국립,경남,,경상국립대학교,"[""2020"",""0000007"",""경상국립대학교"",""국립"",""경남"",""대학"",""259,755,436,384"",""8,709,882,300"",""6,201,305,500"",""800,205,000"",""3,125,000,000"",""190,000,000"",""760,417,000"",""1,088,892,370"",""3,905,143,720"",""8,278,238,850"",""604,808,000"",""275,999,564,524"",""-"",""""]",2026-08-28T22:20:04.397Z
2020,0000059,대학,사립,경남,,경남대학교,"[""2020"",""0000059"",""경남대학교"",""사립"",""경남"",""대학"",""34,412,641,298"",""20,590,129,365"",""420,071,500"",""1,939,469,990"",""500,000,000"",""200,100,000"",""88,550,000"",""452,589,945"",""124,000,000"",""810,674,750"",""3,511,707,500"",""21,869,675,618"",""77,583,649,504"",""28.19""]",2026-08-28T22:20:04.397Z
2020,0000060,대학,사립,강원,,경동대학교,"[""2020"",""0000060"",""경동대학교"",""사립"",""강원"",""대학"",""14,784,360,307"",""14,523,928,050"",""33,615,558,000"",""199,905,000"",""-"",""-"",""32,550,000"",""166,235,000"",""10,000,000"",""82,957,000"",""1,648,101,380"",""36,015,738,637"",""58,162,860,100"",""61.92""]",2026-08-28T22:20:04.397Z
2020,0000005,대학,국립,대구,,경북대학교,"[""2020"",""0000005"",""경북대학교"",""국립"",""대구"",""대학"",""276,974,119,417"",""28,373,752,320"",""27,805,370,666"",""278,800,000"",""6,114,112,000"",""1,202,061,010"",""756,100,000"",""2,782,425,000"",""5,528,597,110"",""10,822,253,836"",""4,674,777,750"",""308,564,864,469"",""-"",""""]",2026-08-28T22:20:04.397Z
2020,0000062,대학,사립,부산,,경성대학교,"[""2020"",""0000062"",""경성대학교"",""사립"",""부산"",""대학"",""38,963,721,952"",""23,798,435,168"",""172,843,000"",""1,460,474,000"",""725,000,000"",""100,000"",""66,300,000"",""58,617,000"",""166,000,000"",""670,151,500"",""328,881,200"",""18,813,653,484"",""82,234,747,235"",""22.88""]",2026-08-28T22:20:04.397Z
2020,0000244,대학,사립,경북,,경운대학교,"[""2020"",""0000244"",""경운대학교"",""사립"",""경북"",""대학"",""19,864,354,261"",""10,377,085,500"",""940,480,000"",""375,000,000"",""-"",""-"",""104,600,000"",""4,000,000"",""-"",""49,625,000"",""1,001,261,000"",""11,962,234,761"",""33,217,838,170"",""36.01""]",2026-08-28T22:20:04.397Z
2020,0000064,대학,사립,경북,,경일대학교,"[""2020"",""0000064"",""경일대학교"",""사립"",""경북"",""대학"",""26,977,294,808"",""12,667,488,710"",""165,204,000"",""368,790,000"",""129,920,000"",""-"",""-"",""531,378,000"",""-"",""85,344,000"",""905,314,000"",""16,495,756,098"",""46,013,829,440"",""35.85""]",2026-08-28T22:20:04.397Z
2020,0000065,대학,사립,경북,,신경주대학교,"[""2020"",""0000065"",""신경주대학교"",""사립"",""경북"",""대학"",""1,176,344,426"",""784,505,000"",""26,178,507,000"",""-"",""-"",""-"",""-"",""-"",""-"",""17,955,000"",""20,000,000"",""26,608,301,426"",""6,976,203,030"",""381.42""]",2026-08-28T22:20:04.397Z
2020,0000066,대학,사립,서울,,경희대학교,"[""2020"",""0000066"",""경희대학교"",""사립"",""서울"",""대학"",""79,974,974,075"",""32,801,308,950"",""21,850,528,321"",""251,432,240"",""3,031,692,000"",""5,195,315,000"",""938,799,990"",""341,082,000"",""1,550,870,000"",""9,979,251,441"",""2,311,838,700"",""92,624,474,817"",""289,984,318,388"",""31.94""]",2026-08-28T22:20:04.397Z
2020,0000068,대학,사립,대구,,계명대학교,"[""2020"",""0000068"",""계명대학교"",""사립"",""대구"",""대학"",""66,941,441,123"",""42,837,532,584"",""62,344,833,000"",""300,000,000"",""697,015,000"",""820,100,000"",""884,047,000"",""667,315,500"",""-"",""1,246,854,740"",""2,386,594,810"",""93,450,668,589"",""163,092,513,696"",""57.30""]",2026-08-28T22:20:04.397Z
2020,0000069,대학,사립,서울,,고려대학교,"[""2020"",""0000069"",""고려대학교"",""사립"",""서울"",""대학"",""90,400,419,989"",""19,648,522,300"",""53,614,115,458"",""-"",""9,662,290,000"",""17,041,720,000"",""581,750,000"",""3,428,220,000"",""782,200,000"",""17,229,919,893"",""5,134,225,170"",""178,226,338,210"",""352,941,598,053"",""50.50""]",2026-08-28T22:20:04.397Z
2020,0000070,대학,사립,세종,,고려대학교(세종),"[""2020"",""0000070"",""고려대학교(세종)"",""사립"",""세종"",""대학"",""21,684,402,477"",""8,779,129,100"",""3,957,220,000"",""314,200,000"",""883,500,000"",""744,750,000"",""712,000,000"",""665,000,000"",""549,455,000"",""597,000,000"",""161,500,000"",""21,489,898,377"",""-"",""""]",2026-08-28T22:20:04.397Z
2020,0000071,대학,사립,부산,,고신대학교,"[""2020"",""0000071"",""고신대학교"",""사립"",""부산"",""대학"",""14,093,586,863"",""8,851,714,834"",""6,069,005,000"",""250,000,000"",""-"",""449,285,000"",""894,555,000"",""-"",""-"",""35,137,660"",""840,589,000"",""13,780,443,689"",""29,690,495,257"",""46.41""]",2026-08-28T22:20:04.397Z
2020,0000008,대학,국립,충남,,국립공주대학교,"[""2020"",""0000008"",""국립공주대학교"",""국립"",""충남"",""대학"",""140,254,792,081"",""19,653,126,617"",""1,829,095,000"",""-"",""2,487,500,000"",""100,000"",""55,550,000"",""994,565,000"",""688,500,000"",""2,793,528,000"",""3,676,018,280"",""133,126,521,744"",""-"",""""]",2026-08-28T22:20:04.397Z
2020,0000073,대학,사립,광주,,광신대학교,"[""2020"",""0000073"",""광신대학교"",""사립"",""광주"",""대학"",""1,764,497,875"",""1,533,808,700"",""4,422,272,000"",""-"",""-"",""-"",""-"",""-"",""-"",""12,010,500"",""-"",""4,664,971,675"",""5,515,697,340"",""84.58""]",2026-08-28T22:20:04.397Z
2020,0000074,대학,사립,서울,,광운대학교,"[""2020"",""0000074"",""광운대학교"",""사립"",""서울"",""대학"",""20,343,709,607"",""10,592,463,900"",""3,923,612,333"",""664,919,528"",""1,297,000,000"",""49,700,000"",""149,300,000"",""150,000,000"",""-"",""237,034,500"",""2,592,245,250"",""18,815,057,318"",""76,370,613,299"",""24.64""]",2026-08-28T22:20:04.397Z
2020,0000075,대학,사립,전남,,광주가톨릭대학교,"[""2020"",""0000075"",""광주가톨릭대학교"",""사립"",""전남"",""대학"",""-"","""",""17,772,113,000"",""-"",""-"",""-"",""-"",""-"",""-"",""-"",""-"",""17,772,113,000"",""-"",""""]",2026-08-28T22:20:04.397Z
2020,0000381,대학,특별법법인,광주,,광주과학기술원,"[""2020"",""0000381"",""광주과학기술원"",""특별법법인"",""광주"",""대학"",""3,800,505,469"",""250,038,500"",""116,435,438,000"",""-"",""5,006,048,000"",""397,320,000"",""3,465,000,000"",""43,147,000"",""350,000,000"",""6,644,000,000"",""200,000,000"",""136,091,419,969"",""-"",""""]",2026-08-28T22:20:04.397Z
2020,0000231,대학,사립,광주,,광주대학교,"[""2020"",""0000231"",""광주대학교"",""사립"",""광주"",""대학"",""23,907,517,690"",""16,166,085,350"",""30,000,000"",""100,000,000"",""163,500,000"",""200,000,000"",""274,735,800"",""2,635,612,000"",""-"",""366,871,500"",""1,767,187,690"",""13,279,339,330"",""44,202,213,850"",""30.04""]",2026-08-28T22:20:04.397Z
2020,0000076,대학,사립,광주,,광주여자대학교,"[""2020"",""0000076"",""광주여자대학교"",""사립"",""광주"",""대학"",""14,423,908,470"",""9,240,617,006"",""5,472,989,000"",""311,500,000"",""-"",""-"",""113,500,000"",""-"",""-"",""32,679,000"",""405,156,000"",""11,519,115,464"",""24,667,440,928"",""46.70""]",2026-08-28T22:20:04.397Z
2020,0000078,대학,사립,서울,,국민대학교,"[""2020"",""0000078"",""국민대학교"",""사립"",""서울"",""대학"",""46,073,524,567"",""21,913,083,740"",""8,994,492,667"",""300,000,000"",""1,802,930,000"",""-"",""1,449,051,760"",""332,135,000"",""178,500,000"",""5,553,468,250"",""1,248,944,090"",""44,019,962,594"",""151,941,941,700"",""28.97""]",2026-08-28T22:20:04.397Z
2020,0000009,대학,국립,전북,,국립군산대학교,"[""2020"",""0000009"",""국립군산대학교"",""국립"",""전북"",""대학"",""89,385,395,556"",""12,805,489,550"",""794,455,987"",""270,000,000"",""10,126,125,000"",""-"",""69,000,000"",""1,962,347,900"",""109,000,000"",""2,779,420,000"",""2,925,387,000"",""95,615,641,893"",""-"",""""]",2026-08-28T22:20:04.397Z
2020,0000080,대학,사립,충북,,극동대학교,"[""2020"",""0000080"",""극동대학교"",""사립"",""충북"",""대학"",""8,835,857,048"",""7,679,382,575"",""793,908,000"",""-"",""1,153,000,000"",""-"",""-"",""-"",""100,000,000"",""19,695,500"",""735,302,020"",""3,958,379,993"",""26,690,534,820"",""14.83""]",2026-08-28T22:20:04.397Z
2020,0000224,대학,사립,충남,,금강대학교,"[""2020"",""0000224"",""금강대학교"",""사립"",""충남"",""대학"",""950,374,528"",""551,286,333"",""2,504,500,000"",""-"",""-"",""-"",""-"",""-"",""-"",""8,273,100"",""-"",""2,911,861,295"",""2,417,714,433"",""120.44""]",2026-08-28T22:20:04.397Z
2020,0000010,대학,국립,경북,,국립금오공과대학교,"[""2020"",""0000010"",""국립금오공과대학교"",""국립"",""경북"",""대학"",""64,951,529,278"",""8,850,737,550"",""1,550,258,400"",""-"",""627,250,000"",""-"",""-"",""1,186,257,900"",""-"",""726,896,200"",""2,540,000,000"",""62,731,454,228"",""-"",""""]",2026-08-28T22:20:04.397Z
2020,0000241,대학,사립,경북,,김천대학교,"[""2020"",""0000241"",""김천대학교"",""사립"",""경북"",""대학"",""5,841,596,332"",""5,104,486,234"",""96,030,000"",""-"",""-"",""-"",""-"",""-"",""12,000,000"",""41,802,330"",""774,950,000"",""1,661,892,428"",""20,362,791,770"",""8.16""]",2026-08-28T22:20:04.397Z
2020,0000215,대학,사립,충북,,가톨릭꽃동네대학교,"[""2020"",""0000215"",""가톨릭꽃동네대학교"",""사립"",""충북"",""대학"",""2,690,342,976"",""1,124,813,200"",""624,826,000"",""-"",""-"",""-"",""456,895,000"",""-"",""-"",""-"",""-"",""2,647,250,776"",""3,524,693,590"",""75.11""]",2026-08-28T22:20:04.397Z
2020,0000081,대학,사립,충남,,나사렛대학교,"[""2020"",""0000081"",""나사렛대학교"",""사립"",""충남"",""대학"",""17,999,958,545"",""10,695,097,470"",""231,000,000"",""85,500,000"",""88,000,000"",""-"",""116,000,000"",""130,000,000"",""-"",""601,740,000"",""2,323,954,770"",""10,881,055,845"",""37,338,008,710"",""29.14""]",2026-08-28T22:20:04.397Z
2020,0000216,대학,사립,광주,,남부대학교,"[""2020"",""0000216"",""남부대학교"",""사립"",""광주"",""대학"",""8,175,661,319"",""6,818,411,360"",""440,918,000"",""90,000,000"",""-"",""87,500,000"",""48,850,000"",""330,072,000"",""-"",""45,191,500"",""113,824,000"",""2,513,605,459"",""21,387,951,330"",""11.75""]",2026-08-28T22:20:04.397Z
2020,0000245,대학,사립,충남,,남서울대학교,"[""2020"",""0000245"",""남서울대학교"",""사립"",""충남"",""대학"",""21,922,432,777"",""17,913,315,140"",""7,921,630,000"",""760,180,000"",""189,621,000"",""28,100,000"",""-"",""247,700,000"",""170,000,000"",""186,175,920"",""1,515,347,390"",""15,027,871,947"",""73,962,775,430"",""20.32""]",2026-08-28T22:20:04.397Z
2020,0000082,대학,사립,경기,,단국대학교,"[""2020"",""0000082"",""단국대학교"",""사립"",""경기"",""대학"",""69,400,885,967"",""33,391,575,800"",""9,845,388,122"",""-"",""3,155,585,000"",""127,000,000"",""369,950,000"",""3,114,118,100"",""2,363,300,000"",""3,995,924,160"",""3,929,779,820"",""62,910,355,369"",""221,932,276,460"",""28.35""]",2026-08-28T22:20:04.397Z
2020,0000088,대학,사립,경북,,대구가톨릭대학교,"[""2020"",""0000088"",""대구가톨릭대학교"",""사립"",""경북"",""대학"",""41,506,358,435"",""24,064,316,090"",""14,013,464,000"",""417,254,000"",""2,679,250,000"",""637,000,000"",""20,250,000"",""354,742,400"",""165,000,000"",""2,880,008,000"",""3,059,162,000"",""41,668,172,745"",""92,699,560,340"",""44.95""]",2026-08-28T22:20:04.397Z
2020,0000382,대학,특별법법인,대구,,대구경북과학기술원,"[""2020"",""0000382"",""대구경북과학기술원"",""특별법법인"",""대구"",""대학"",""2,485,260,879"","""",""92,833,303,000"",""-"",""888,310,000"",""450,000,000"",""-"",""-"",""-"",""570,000,000"",""667,114,000"",""97,893,987,879"",""-"",""""]",2026-08-28T22:20:04.397Z
2020,0000084,대학,사립,경북,,대구대학교,"[""2020"",""0000084"",""대구대학교"",""사립"",""경북"",""대학"",""58,690,165,149"",""36,153,265,950"",""1,246,979,000"",""708,750,000"",""85,000,000"",""36,800,000"",""170,970,000"",""3,576,136,000"",""709,000,000"",""716,639,630"",""1,075,400,000"",""30,862,573,829"",""124,908,128,430"",""24.71""]",2026-08-28T22:20:04.397Z
2020,0000087,대학,사립,경북,,대구예술대학교,"[""2020"",""0000087"",""대구예술대학교"",""사립"",""경북"",""대학"",""2,388,837,775"",""2,032,267,670"",""1,365,400,000"",""-"",""-"",""-"",""30,000,000"",""-"",""-"",""30,117,500"",""30,000,000"",""1,812,087,605"",""7,638,563,210"",""23.72""]",2026-08-28T22:20:04.397Z
2020,0000061,대학,사립,경북,,대구한의대학교,"[""2020"",""0000061"",""대구한의대학교"",""사립"",""경북"",""대학"",""27,216,911,370"",""13,258,153,260"",""915,676,000"",""412,734,000"",""-"",""80,000,000"",""222,570,000"",""48,062,660"",""-"",""1,476,344,160"",""2,187,061,000"",""19,301,205,930"",""49,198,346,281"",""39.23""]",2026-08-28T22:20:04.397Z
2020,0000093,대학,사립,경북,,대신대학교,"[""2020"",""0000093"",""대신대학교"",""사립"",""경북"",""대학"",""1,541,136,790"",""1,407,175,000"",""-"",""-"",""-"",""-"",""-"",""-"",""-"",""52,866,330"",""-"",""186,828,120"",""3,634,566,220"",""5.14""]",2026-08-28T22:20:04.397Z
2020,0000094,대학,사립,세종,,대전가톨릭대학교,"[""2020"",""0000094"",""대전가톨릭대학교"",""사립"",""세종"",""대학"",""217,954,536"",""85,797,500"",""1,929,937,000"",""-"",""-"",""-"",""-"",""-"",""-"",""370,000,000"",""-"",""2,432,094,036"",""444,970,000"",""546.57""]",2026-08-28T22:20:04.397Z
2020,0000095,대학,사립,대전,,대전대학교,"[""2020"",""0000095"",""대전대학교"",""사립"",""대전"",""대학"",""33,144,021,920"",""17,025,026,334"",""1,165,328,000"",""322,270,020"",""3,866,000,000"",""990,000,000"",""72,700,000"",""578,775,000"",""203,000,000"",""469,732,500"",""9,752,036,940"",""33,538,838,046"",""68,080,580,390"",""49.26""]",2026-08-28T22:20:04.397Z
2020,0000238,대학,사립,대전,,대전신학대학교,"[""2020"",""0000238"",""대전신학대학교"",""사립"",""대전"",""대학"",""524,122,898"",""309,231,000"",""455,706,000"",""-"",""-"",""-"",""-"",""-"",""-"",""536,458,000"",""-"",""1,207,055,898"",""1,025,169,167"",""117.74""]",2026-08-28T22:20:04.397Z
2020,0000097,대학,사립,경기,,대진대학교,"[""2020"",""0000097"",""대진대학교"",""사립"",""경기"",""대학"",""23,986,099,196"",""14,985,953,830"",""1,056,549,000"",""285,000,000"",""770,340,000"",""-"",""-"",""364,944,000"",""-"",""675,688,000"",""2,668,251,655"",""14,820,918,021"",""56,468,028,610"",""26.25""]",2026-08-28T22:20:04.397Z
2020,0000099,대학,사립,서울,,덕성여자대학교,"[""2020"",""0000099"",""덕성여자대학교"",""사립"",""서울"",""대학"",""14,591,527,981"",""8,454,905,186"",""10,639,705,000"",""100,000,000"",""20,000,000"",""-"",""-"",""150,000,000"",""-"",""935,028,000"",""1,033,188,850"",""19,014,544,645"",""41,306,777,171"",""46.03""]",2026-08-28T22:20:04.397Z
2020,0000100,대학,사립,서울,,동국대학교,"[""2020"",""0000100"",""동국대학교"",""사립"",""서울"",""대학"",""48,603,126,712"",""17,727,276,997"",""10,638,591,667"",""622,950,000"",""2,114,050,000"",""3,207,500,000"",""2,007,343,800"",""383,828,000"",""734,200,000"",""5,855,314,080"",""295,728,000"",""56,735,355,262"",""214,686,985,916"",""26.43""]",2026-08-28T22:20:04.397Z
2020,0000101,대학,사립,경북,,동국대학교(WISE),"[""2020"",""0000101"",""동국대학교(WISE)"",""사립"",""경북"",""대학"",""22,927,163,268"",""12,491,047,702"",""680,072,467"",""300,000,000"",""217,500,000"",""148,700,000"",""-"",""-"",""100,000,000"",""153,000,000"",""1,275,512,940"",""13,310,900,973"",""-"",""""]",2026-08-28T22:20:04.397Z
2020,0000102,대학,사립,서울,,동덕여자대학교,"[""2020"",""0000102"",""동덕여자대학교"",""사립"",""서울"",""대학"",""18,399,370,331"",""11,255,148,104"",""354,988,000"",""738,175,000"",""-"",""-"",""68,000,000"",""-"",""24,000,000"",""27,863,500"",""1,157,221,510"",""9,514,470,237"",""52,311,935,334"",""18.19""]",2026-08-28T22:20:04.397Z
2020,0000235,대학,사립,부산,,동명대학교,"[""2020"",""0000235"",""동명대학교"",""사립"",""부산"",""대학"",""32,800,587,946"",""17,299,335,220"",""2,966,003,000"",""290,000,000"",""230,000,000"",""-"",""35,250,000"",""222,716,736"",""-"",""515,290,600"",""1,336,200,000"",""21,096,713,062"",""52,533,682,715"",""40.16""]",2026-08-28T22:20:04.397Z
2020,0000103,대학,사립,부산,,동서대학교,"[""2020"",""0000103"",""동서대학교"",""사립"",""부산"",""대학"",""39,064,244,980"",""23,344,241,017"",""3,272,906,000"",""1,326,845,000"",""16,000,000"",""100,000,000"",""24,800,000"",""2,392,700,000"",""-"",""478,445,100"",""777,720,000"",""24,109,420,063"",""67,662,502,763"",""35.63""]",2026-08-28T22:20:04.397Z
2020,0000104,대학,사립,전남,,동신대학교,"[""2020"",""0000104"",""동신대학교"",""사립"",""전남"",""대학"",""23,787,710,545"",""14,772,330,970"",""6,801,538,667"",""910,750,000"",""55,000,000"",""350,000,000"",""48,200,000"",""1,558,396,000"",""130,000,000"",""207,509,500"",""4,075,499,440"",""23,152,273,182"",""43,864,479,510"",""52.78""]",2026-08-28T22:20:04.397Z
2020,0000105,대학,사립,부산,,동아대학교,"[""2020"",""0000105"",""동아대학교"",""사립"",""부산"",""대학"",""62,037,016,732"",""35,243,090,580"",""1,851,593,467"",""492,704,996"",""1,126,230,000"",""37,000,000"",""239,860,000"",""1,375,975,000"",""480,000,000"",""1,935,814,100"",""1,039,416,000"",""35,372,519,715"",""138,086,062,414"",""25.62""]",2026-08-28T22:20:04.397Z
2020,0000106,대학,사립,경북,,동양대학교,"[""2020"",""0000106"",""동양대학교"",""사립"",""경북"",""대학"",""8,784,477,669"",""7,633,520,502"",""1,893,928,000"",""-"",""-"",""-"",""96,900,000"",""65,501,000"",""-"",""162,247,500"",""158,610,450"",""3,528,144,117"",""26,398,333,506"",""13.37""]",2026-08-28T22:20:04.397Z
2020,0000107,대학,사립,부산,,동의대학교,"[""2020"",""0000107"",""동의대학교"",""사립"",""부산"",""대학"",""49,017,035,533"",""31,342,950,330"",""1,141,011,000"",""909,918,000"",""494,186,000"",""15,000,000"",""128,100,000"",""971,058,000"",""27,000,000"",""222,277,580"",""624,186,940"",""22,206,822,723"",""101,102,346,250"",""21.96""]",2026-08-28T22:20:04.397Z
2020,0000108,대학,사립,경기,,루터대학교,"[""2020"",""0000108"",""루터대학교"",""사립"",""경기"",""대학"",""2,147,270,010"",""716,451,500"",""5,028,916,000"",""-"",""-"",""-"",""-"",""-"",""-"",""6,300,000"",""3,915,000"",""6,469,949,510"",""2,500,677,200"",""258.73""]",2026-08-28T22:20:04.397Z
2020,0000109,대학,사립,경기,,명지대학교,"[""2020"",""0000109"",""명지대학교"",""사립"",""경기"",""대학"",""37,510,444,339"",""22,141,625,500"",""1,351,802,000"",""892,309,000"",""1,197,000,000"",""-"",""162,036,000"",""342,941,300"",""-"",""5,762,733,000"",""303,405,170"",""25,381,045,309"",""130,128,966,150"",""19.50""]",2026-08-28T22:20:04.397Z
2020,0000112,대학,사립,대전,,목원대학교,"[""2020"",""0000112"",""목원대학교"",""사립"",""대전"",""대학"",""22,779,277,534"",""15,999,554,380"",""31,706,000"",""793,128,000"",""-"",""-"",""173,500,000"",""-"",""68,000,000"",""165,213,250"",""149,417,000"",""8,160,687,404"",""56,116,572,730"",""14.54""]",2026-08-28T22:20:04.397Z
2020,0000221,대학,사립,전남,,목포가톨릭대학교,"[""2020"",""0000221"",""목포가톨릭대학교"",""사립"",""전남"",""대학"",""2,799,613,984"",""1,361,985,750"",""2,190,171,000"",""-"",""-"",""-"",""-"",""-"",""-"",""24,130,000"",""199,076,000"",""3,851,005,234"",""3,258,564,166"",""118.18""]",2026-08-28T22:20:04.397Z
2020,0000011,대학,국립,전남,,국립목포대학교,"[""2020"",""0000011"",""국립목포대학교"",""국립"",""전남"",""대학"",""90,662,089,362"",""12,795,874,810"",""983,892,000"",""1,126,608,000"",""1,077,000,000"",""-"",""432,725,000"",""637,980,000"",""215,000,000"",""982,043,000"",""7,478,926,230"",""90,800,388,782"",""-"",""""]",2026-08-28T22:20:04.397Z
2020,0000012,대학,국립,전남,,국립목포해양대학교,"[""2020"",""0000012"",""국립목포해양대학교"",""국립"",""전남"",""대학"",""60,798,397,901"",""3,567,693,160"",""630,943,000"",""-"",""2,763,800,000"",""-"",""-"",""-"",""-"",""441,252,500"",""1,512,100,000"",""62,578,800,241"",""-"",""""]",2026-08-28T22:20:04.397Z
2020,0000113,대학,사립,대전,,배재대학교,"[""2020"",""0000113"",""배재대학교"",""사립"",""대전"",""대학"",""27,327,351,865"",""15,278,476,560"",""2,682,500,000"",""1,149,270,000"",""100,000,000"",""80,000,000"",""52,700,000"",""110,953,000"",""-"",""279,326,820"",""6,578,831,230"",""23,082,456,355"",""57,936,664,590"",""39.84""]",2026-08-28T22:20:04.397Z
2020,0000178,대학,사립,충남,,백석대학교,"[""2020"",""0000178"",""백석대학교"",""사립"",""충남"",""대학"",""34,945,783,057"",""24,760,370,940"",""9,091,939,000"",""743,240,000"",""52,000,000"",""-"",""104,000,000"",""-"",""-"",""60,683,000"",""3,687,669,510"",""23,924,943,627"",""107,357,956,700"",""22.29""]",2026-08-28T22:20:04.397Z
2020,0000013,대학,국립,부산,,국립부경대학교,"[""2020"",""0000013"",""국립부경대학교"",""국립"",""부산"",""대학"",""217,083,318,753"",""24,234,182,450"",""2,886,041,000"",""560,342,000"",""2,112,000,000"",""100,000,000"",""30,000,000"",""3,030,058,700"",""150,000,000"",""2,733,294,561"",""2,901,254,520"",""207,352,127,084"",""-"",""""]",2026-08-28T22:20:04.397Z
2020,0000114,대학,사립,부산,,부산가톨릭대학교,"[""2020"",""0000114"",""부산가톨릭대학교"",""사립"",""부산"",""대학"",""18,459,289,812"",""8,430,963,330"",""34,299,861,000"",""79,100,000"",""-"",""-"",""94,800,000"",""58,617,000"",""-"",""25,008,000"",""1,158,750,000"",""45,744,462,482"",""26,170,761,720"",""174.79""]",2026-08-28T22:20:04.397Z
2020,0000014,대학,국립,부산,,부산대학교,"[""2020"",""0000014"",""부산대학교"",""국립"",""부산"",""대학"",""274,124,476,572"",""25,889,960,507"",""19,868,324,973"",""90,000,000"",""6,934,855,000"",""2,825,540,000"",""103,024,710"",""3,192,552,000"",""1,679,400,000"",""6,432,662,183"",""7,429,083,000"",""296,789,957,931"",""-"",""""]",2026-08-28T22:20:04.397Z
2020,0000115,대학,사립,부산,,부산외국어대학교,"[""2020"",""0000115"",""부산외국어대학교"",""사립"",""부산"",""대학"",""24,240,781,252"",""15,056,670,110"",""125,000,000"",""1,650,811,400"",""280,000,000"",""-"",""116,500,000"",""-"",""-"",""96,809,910"",""345,568,700"",""11,798,801,152"",""49,311,188,290"",""23.93""]",2026-08-28T22:20:04.397Z
2020,0000222,대학,사립,경남,,부산장신대학교,"[""2020"",""0000222"",""부산장신대학교"",""사립"",""경남"",""대학"",""782,131,208"",""391,854,500"",""1,227,593,000"",""-"",""-"",""-"",""-"",""-"",""-"",""1,394,000"",""-"",""1,619,263,708"",""2,415,840,330"",""67.03""]",2026-08-28T22:20:04.397Z
2020,0000116,대학,사립,서울,,삼육대학교,"[""2020"",""0000116"",""삼육대학교"",""사립"",""서울"",""대학"",""17,673,810,469"",""10,491,719,671"",""3,030,764,000"",""421,032,000"",""-"",""-"",""-"",""183,219,000"",""178,000,000"",""1,410,873,100"",""1,619,292,360"",""14,025,271,258"",""46,201,973,160"",""30.36""]",2026-08-28T22:20:04.397Z
2020,0000117,대학,사립,서울,,상명대학교,"[""2020"",""0000117"",""상명대학교"",""사립"",""서울"",""대학"",""33,386,293,777"",""19,648,594,450"",""3,659,164,000"",""346,236,000"",""809,110,000"",""-"",""1,359,650,000"",""125,431,000"",""412,400,000"",""1,200,963,600"",""7,722,634,180"",""29,373,288,107"",""107,670,378,690"",""27.28""]",2026-08-28T22:20:04.397Z
2020,0000119,대학,사립,강원,,상지대학교,"[""2020"",""0000119"",""상지대학교"",""사립"",""강원"",""대학"",""15,643,158,873"",""13,394,099,010"",""9,845,035,700"",""20,000,000"",""20,000,000"",""30,000,000"",""154,500,000"",""63,539,000"",""100,000,000"",""923,574,500"",""1,197,202,480"",""14,602,911,543"",""55,415,339,590"",""26.35""]",2026-08-28T22:20:04.397Z
2020,0000120,대학,사립,서울,,서강대학교,"[""2020"",""0000120"",""서강대학교"",""사립"",""서울"",""대학"",""28,729,851,198"",""7,473,690,301"",""12,965,962,333"",""-"",""1,736,000,000"",""430,000,000"",""748,593,850"",""390,232,010"",""6,000,000"",""582,500,500"",""294,857,580"",""38,410,307,170"",""102,451,524,006"",""37.49""]",2026-08-28T22:20:04.397Z
2020,0000121,대학,사립,서울,,서경대학교,"[""2020"",""0000121"",""서경대학교"",""사립"",""서울"",""대학"",""16,002,654,336"",""9,501,037,600"",""7,413,762,000"",""-"",""90,000,000"",""-"",""909,500,000"",""-"",""-"",""1,747,246,500"",""551,959,150"",""17,214,084,386"",""49,019,921,066"",""35.12""]",2026-08-28T22:20:04.397Z
2020,0000036,대학,국립,서울,,서울과학기술대학교,"[""2020"",""0000036"",""서울과학기술대학교"",""국립"",""서울"",""대학"",""100,491,182,679"",""14,686,436,808"",""1,054,257,710"",""400,750,000"",""2,811,336,000"",""-"",""-"",""384,679,100"",""339,350,000"",""4,313,932,000"",""128,559,890"",""95,237,610,571"",""-"",""""]",2026-08-28T22:20:04.397Z
2020,0000098,대학,사립,서울,,서울기독대학교,"[""2020"",""0000098"",""서울기독대학교"",""사립"",""서울"",""대학"",""1,021,728,407"",""904,218,800"",""112,164,973,000"",""-"",""-"",""-"",""-"",""-"",""-"",""10,199,000"",""-"",""112,292,681,607"",""-"",""""]",2026-08-28T22:20:04.397Z
2020,0000019,대학,국립대법인,서울,,서울대학교,"[""2020"",""0000019"",""서울대학교"",""국립대법인"",""서울"",""대학"",""608,219,885,277"",""12,465,166,700"",""84,876,445,666"",""-"",""11,914,830,000"",""12,006,677,000"",""1,313,166,000"",""5,834,188,900"",""6,477,963,420"",""43,989,462,524"",""9,257,640,968"",""771,425,093,055"",""-"",""""]",2026-08-28T22:20:04.397Z
2020,0000040,대학,공립,서울,,서울시립대학교,"[""2020"",""0000040"",""서울시립대학교"",""공립"",""서울"",""대학"",""23,285,786,441"",""7,324,101,290"",""2,165,026,500"",""-"",""1,320,528,000"",""-"",""-"",""92,787,000"",""330,000,000"",""4,409,832,880"",""67,642,612,450"",""91,922,471,981"",""-"",""""]",2026-08-28T22:20:04.397Z
2020,0000125,대학,사립,경기,,서울신학대학교,"[""2020"",""0000125"",""서울신학대학교"",""사립"",""경기"",""대학"",""7,852,372,677"",""5,959,881,500"",""1,704,950,000"",""-"",""-"",""-"",""5,250,000"",""-"",""-"",""20,251,000"",""170,954,000"",""3,793,896,177"",""19,630,027,290"",""19.33""]",2026-08-28T22:20:04.397Z
2020,0000126,대학,사립,서울,,서울여자대학교,"[""2020"",""0000126"",""서울여자대학교"",""사립"",""서울"",""대학"",""19,717,583,764"",""11,801,572,900"",""2,539,121,170"",""-"",""72,000,000"",""-"",""32,493,600"",""-"",""351,700,000"",""746,895,000"",""1,712,446,200"",""13,370,666,834"",""53,089,895,470"",""25.18""]",2026-08-28T22:20:04.397Z
2020,0000127,대학,사립,경기,,서울장신대학교,"[""2020"",""0000127"",""서울장신대학교"",""사립"",""경기"",""대학"",""1,615,911,326"",""1,314,555,000"",""30,000,000"",""-"",""-"",""-"",""17,000,000"",""-"",""-"",""9,590,000"",""29,972,400"",""387,918,726"",""5,897,008,000"",""6.58""]",2026-08-28T22:20:04.397Z
2020,0000205,대학,사립,서울,,서울한영대학교,"[""2020"",""0000205"",""서울한영대학교"",""사립"",""서울"",""대학"",""2,097,493,524"",""1,561,384,200"",""178,000,000"",""-"",""-"",""-"",""-"",""-"",""-"",""5,025,700"",""-"",""719,135,024"",""6,045,081,030"",""11.90""]",2026-08-28T22:20:04.397Z
2020,0000128,대학,사립,충북,,서원대학교,"[""2020"",""0000128"",""서원대학교"",""사립"",""충북"",""대학"",""20,340,528,703"",""13,409,572,480"",""1,543,565,000"",""869,850,000"",""448,000,000"",""-"",""308,000,000"",""568,881,000"",""-"",""34,139,000"",""392,260,880"",""11,095,652,103"",""44,583,303,269"",""24.89""]",2026-08-28T22:20:04.397Z
2020,0000129,대학,사립,충남,,선문대학교,"[""2020"",""0000129"",""선문대학교"",""사립"",""충남"",""대학"",""34,895,288,787"",""17,433,079,214"",""2,409,854,000"",""726,150,000"",""532,700,000"",""-"",""62,150,000"",""189,004,000"",""-"",""203,306,000"",""1,118,196,950"",""22,703,570,523"",""68,914,908,570"",""32.94""]",2026-08-28T22:20:04.397Z
2020,0000131,대학,사립,경기,,성결대학교,"[""2020"",""0000131"",""성결대학교"",""사립"",""경기"",""대학"",""15,537,993,687"",""9,452,171,497"",""45,014,000"",""270,000,000"",""-"",""-"",""49,500,000"",""-"",""-"",""203,654,500"",""3,556,141,440"",""10,210,132,130"",""38,666,495,447"",""26.41""]",2026-08-28T22:20:04.397Z
2020,0000132,대학,사립,서울,,성공회대학교,"[""2020"",""0000132"",""성공회대학교"",""사립"",""서울"",""대학"",""9,085,756,232"",""4,212,929,867"",""52,138,516,000"",""-"",""-"",""-"",""-"",""-"",""-"",""97,140,450"",""1,192,103,840"",""58,300,586,655"",""17,041,987,227"",""342.10""]",2026-08-28T22:20:04.397Z
2020,0000133,대학,사립,서울,,성균관대학교,"[""2020"",""0000133"",""성균관대학교"",""사립"",""서울"",""대학"",""92,047,582,635"",""19,267,293,800"",""42,556,496,666"",""100,000,000"",""11,887,848,000"",""4,373,035,000"",""1,370,243,000"",""4,343,207,000"",""449,000,000"",""8,658,069,200"",""2,186,693,280"",""148,704,880,981"",""271,257,112,133"",""54.82""]",2026-08-28T22:20:04.397Z
2020,0000136,대학,사립,서울,,성신여자대학교,"[""2020"",""0000136"",""성신여자대학교"",""사립"",""서울"",""대학"",""21,654,038,677"",""15,159,219,100"",""660,618,000"",""300,000,000"",""160,000,000"",""300,000,000"",""11,379,300"",""-"",""-"",""651,419,500"",""1,103,327,980"",""9,681,564,357"",""75,745,580,172"",""12.78""]",2026-08-28T22:20:04.397Z
2020,0000137,대학,사립,충북,,세명대학교,"[""2020"",""0000137"",""세명대학교"",""사립"",""충북"",""대학"",""24,005,239,976"",""16,669,553,440"",""10,764,515,000"",""300,000,000"",""360,000,000"",""-"",""47,600,000"",""60,451,000"",""163,500,000"",""119,323,250"",""1,051,270,680"",""20,202,346,466"",""52,045,574,180"",""38.82""]",2026-08-28T22:20:04.397Z
2020,0000138,대학,사립,서울,,세종대학교,"[""2020"",""0000138"",""세종대학교"",""사립"",""서울"",""대학"",""33,636,303,090"",""16,790,930,300"",""10,838,380,293"",""270,000,000"",""2,803,118,000"",""207,250,000"",""828,900,000"",""147,125,000"",""1,518,431,000"",""3,208,562,000"",""5,111,393,480"",""41,778,532,563"",""120,201,796,129"",""34.76""]",2026-08-28T22:20:04.397Z
2020,0000092,대학,사립,전남,,세한대학교,"[""2020"",""0000092"",""세한대학교"",""사립"",""전남"",""대학"",""8,714,094,212"",""8,019,649,760"",""155,000,000"",""-"",""-"",""-"",""172,400,000"",""-"",""-"",""48,945,160"",""54,186,000"",""1,124,975,612"",""21,975,288,440"",""5.12""]",2026-08-28T22:20:04.397Z
2020,0000243,대학,사립,광주,,송원대학교,"[""2020"",""0000243"",""송원대학교"",""사립"",""광주"",""대학"",""7,846,063,056"",""6,228,078,310"",""-"",""200,000,000"",""-"",""-"",""-"",""-"",""29,980,000"",""79,150,000"",""493,900,000"",""2,421,014,746"",""18,651,519,030"",""12.98""]",2026-08-28T22:20:04.397Z
2020,0000139,대학,사립,경기,,수원가톨릭대학교,"[""2020"",""0000139"",""수원가톨릭대학교"",""사립"",""경기"",""대학"",""248,022,223"",""223,716,800"",""520,500,000"",""-"",""-"",""-"",""-"",""-"",""-"",""1,274,250"",""-"",""546,079,673"",""982,570,751"",""55.58""]",2026-08-28T22:20:04.397Z
2020,0000140,대학,사립,경기,,수원대학교,"[""2020"",""0000140"",""수원대학교"",""사립"",""경기"",""대학"",""16,316,514,097"",""14,314,113,310"",""7,439,070,000"",""-"",""201,000,000"",""-"",""32,800,000"",""2,111,877,000"",""-"",""368,455,000"",""585,518,500"",""12,741,121,287"",""72,285,549,010"",""17.63""]",2026-08-28T22:20:04.397Z
2020,0000141,대학,사립,서울,,숙명여자대학교,"[""2020"",""0000141"",""숙명여자대학교"",""사립"",""서울"",""대학"",""31,826,071,607"",""13,430,410,300"",""4,722,300,740"",""326,150,000"",""616,000,000"",""-"",""402,500,000"",""1,990,500"",""485,500,000"",""2,342,725,900"",""2,606,096,090"",""29,898,924,537"",""103,145,047,689"",""28.99""]",2026-08-28T22:20:04.397Z
2020,0000020,대학,국립,전남,,국립순천대학교,"[""2020"",""0000020"",""국립순천대학교"",""국립"",""전남"",""대학"",""91,538,863,215"",""11,840,568,841"",""8,861,506,000"",""100,000,000"",""376,975,000"",""74,285,000"",""154,800,000"",""2,877,036,000"",""4,159,507,620"",""2,739,910,000"",""5,384,375,000"",""104,426,688,994"",""-"",""""]",2026-08-28T22:20:04.397Z
2020,0000142,대학,사립,충남,,순천향대학교,"[""2020"",""0000142"",""순천향대학교"",""사립"",""충남"",""대학"",""42,320,305,215"",""17,255,663,740"",""14,683,172,393"",""522,712,000"",""4,546,500,000"",""1,517,611,000"",""442,905,200"",""3,199,739,640"",""228,000,000"",""1,153,016,628"",""11,644,013,390"",""63,002,311,726"",""92,226,560,270"",""68.31""]",2026-08-28T22:20:04.397Z
2020,0000143,대학,사립,서울,,숭실대학교,"[""2020"",""0000143"",""숭실대학교"",""사립"",""서울"",""대학"",""38,213,272,774"",""18,399,380,167"",""7,310,466,667"",""340,000,000"",""1,867,334,000"",""-"",""105,000,000"",""3,080,285,854"",""488,000,000"",""2,307,761,500"",""62,686,220"",""35,375,426,848"",""135,433,853,500"",""26.12""]",2026-08-28T22:20:04.397Z
2020,0000233,대학,사립,경기,,화성의과학대학교,"[""2020"",""0000233"",""화성의과학대학교"",""사립"",""경기"",""대학"",""450,539,462"",""190,529,200"",""644,000,000"",""-"",""-"",""-"",""-"",""-"",""-"",""-"",""1,955,440"",""905,965,702"",""3,869,698,050"",""23.41""]",2026-08-28T22:20:04.397Z
2020,0000144,대학,사립,부산,,신라대학교,"[""2020"",""0000144"",""신라대학교"",""사립"",""부산"",""대학"",""27,648,623,902"",""16,941,877,660"",""324,512,667"",""1,422,543,000"",""749,500,000"",""-"",""-"",""-"",""64,600,000"",""703,836,599"",""1,072,435,500"",""15,044,174,008"",""56,650,737,020"",""26.56""]",2026-08-28T22:20:04.397Z
2020,0002712,대학,사립,경기,,신한대학교,"[""2020"",""0002712"",""신한대학교"",""사립"",""경기"",""대학"",""15,068,264,106"",""12,425,973,540"",""-"",""-"",""-"",""49,400,000"",""5,250,000"",""180,000,000"",""2,500,000"",""323,486,723"",""5,546,017,030"",""8,748,944,319"",""57,791,757,946"",""15.14""]",2026-08-28T22:20:04.397Z
2020,0000145,대학,사립,경기,,아신대학교,"[""2020"",""0000145"",""아신대학교"",""사립"",""경기"",""대학"",""2,417,451,137"",""1,908,751,760"",""19,535,739,000"",""-"",""-"",""-"",""-"",""-"",""-"",""19,728,000"",""18,417,570"",""20,082,583,947"",""7,304,141,000"",""274.95""]",2026-08-28T22:20:04.397Z
2020,0000146,대학,사립,경기,,아주대학교,"[""2020"",""0000146"",""아주대학교"",""사립"",""경기"",""대학"",""39,608,016,959"",""12,300,401,200"",""20,915,737,667"",""556,965,000"",""2,558,128,000"",""3,843,220,000"",""342,993,900"",""187,000,000"",""80,000,000"",""4,047,164,813"",""459,145,600"",""60,297,970,739"",""121,505,889,500"",""49.63""]",2026-08-28T22:20:04.397Z
2020,0000021,대학,국립,경북,,국립경국대학교,"[""2020"",""0000021"",""국립경국대학교"",""국립"",""경북"",""대학"",""85,268,420,853"",""10,037,396,740"",""2,284,313,300"",""400,000,000"",""57,000,000"",""-"",""67,200,000"",""86,907,800"",""709,000,000"",""579,044,000"",""3,754,798,560"",""83,169,287,773"",""-"",""""]",2026-08-28T22:20:04.397Z
2020,0000147,대학,사립,경기,,안양대학교,"[""2020"",""0000147"",""안양대학교"",""사립"",""경기"",""대학"",""13,952,472,229"",""8,757,530,050"",""80,789,471,000"",""100,000,000"",""164,808,000"",""-"",""50,000,000"",""-"",""-"",""724,187,110"",""1,058,737,870"",""88,082,146,159"",""38,285,129,343"",""230.07""]",2026-08-28T22:20:04.397Z
2020,0000149,대학,사립,서울,,연세대학교,"[""2020"",""0000149"",""연세대학교"",""사립"",""서울"",""대학"",""101,223,401,687"",""17,999,870,500"",""45,384,647,334"",""-"",""8,911,931,000"",""12,659,308,000"",""1,400,100,000"",""5,113,634,000"",""1,709,380,000"",""9,148,227,306"",""2,103,506,950"",""169,654,265,777"",""391,949,729,275"",""43.28""]",2026-08-28T22:20:04.397Z
2020,0000150,대학,사립,강원,,연세대학교(미래),"[""2020"",""0000150"",""연세대학교(미래)"",""사립"",""강원"",""대학"",""26,258,362,433"",""10,208,733,700"",""13,404,301,820"",""350,000,000"",""781,230,000"",""1,541,445,000"",""125,266,000"",""37,899,000"",""505,000,000"",""1,818,804,160"",""1,978,698,280"",""36,592,272,993"",""-"",""""]",2026-08-28T22:20:04.397Z
2020,0000151,대학,사립,경북,,영남대학교,"[""2020"",""0000151"",""영남대학교"",""사립"",""경북"",""대학"",""68,407,486,724"",""37,428,839,250"",""2,632,024,733"",""285,354,096"",""2,694,660,000"",""472,200,000"",""181,620,000"",""381,951,600"",""478,000,000"",""2,690,763,150"",""3,392,786,000"",""44,188,007,053"",""170,120,987,272"",""25.97""]",2026-08-28T22:20:04.397Z
2020,0000153,대학,사립,경북,,영남신학대학교,"[""2020"",""0000153"",""영남신학대학교"",""사립"",""경북"",""대학"",""1,671,285,526"",""1,394,629,167"",""195,000,000"",""-"",""-"",""-"",""-"",""-"",""-"",""12,190,000"",""67,752,000"",""551,598,359"",""4,314,826,971"",""12.78""]",2026-08-28T22:20:04.397Z
2020,0003193,대학,사립,경남,,영산대학교,"[""2020"",""0003193"",""영산대학교"",""사립"",""경남"",""대학"",""21,728,129,173"",""12,089,661,060"",""-"",""1,006,110,000"",""-"",""-"",""74,050,000"",""2,505,325,200"",""28,935,365"",""56,259,800"",""690,890,000"",""14,000,038,478"",""37,419,225,150"",""37.41""]",2026-08-28T22:20:04.397Z
2020,0000155,대학,사립,전남,,영산선학대학교,"[""2020"",""0000155"",""영산선학대학교"",""사립"",""전남"",""대학"",""28,518,267"","""",""30,000,000"",""-"",""-"",""-"",""-"",""-"",""-"",""-"",""-"",""58,518,267"",""59,000,000"",""99.18""]",2026-08-28T22:20:04.397Z
2020,0000228,대학,사립,전북,,예수대학교,"[""2020"",""0000228"",""예수대학교"",""사립"",""전북"",""대학"",""2,065,000,335"",""1,360,897,400"",""-"",""-"",""-"",""200,000,000"",""-"",""-"",""-"",""-"",""-"",""904,102,935"",""3,693,796,460"",""24.48""]",2026-08-28T22:20:04.397Z
2020,0000218,대학,사립,전북,,예원예술대학교,"[""2020"",""0000218"",""예원예술대학교"",""사립"",""전북"",""대학"",""2,500,657,265"",""2,005,478,160"",""166,700,000"",""-"",""-"",""-"",""-"",""-"",""-"",""4,055,000"",""1,327,940"",""667,262,045"",""16,191,202,673"",""4.12""]",2026-08-28T22:20:04.397Z
2020,0000156,대학,사립,경기,,용인대학교,"[""2020"",""0000156"",""용인대학교"",""사립"",""경기"",""대학"",""12,607,106,059"",""10,329,078,100"",""1,063,639,000"",""-"",""-"",""-"",""141,470,000"",""-"",""-"",""287,880,500"",""74,596,380"",""3,845,613,839"",""51,595,853,000"",""7.45""]",2026-08-28T22:20:04.397Z
2020,0000157,대학,사립,전북,,우석대학교,"[""2020"",""0000157"",""우석대학교"",""사립"",""전북"",""대학"",""24,804,181,000"",""13,807,103,939"",""339,300,000"",""665,000,000"",""4,908,930,000"",""-"",""284,850,000"",""-"",""153,000,000"",""567,389,850"",""1,702,302,945"",""19,617,849,856"",""53,833,024,953"",""36.44""]",2026-08-28T22:20:04.397Z
2020,0000240,대학,사립,대전,,우송대학교,"[""2020"",""0000240"",""우송대학교"",""사립"",""대전"",""대학"",""26,623,507,447"",""16,411,511,220"",""27,020,349,000"",""175,500,000"",""-"",""-"",""-"",""-"",""-"",""83,474,330"",""128,810,000"",""37,620,129,557"",""72,726,545,895"",""51.73""]",2026-08-28T22:20:04.397Z
2020,0000250,대학,특별법법인,울산,,울산과학기술원,"[""2020"",""0000250"",""울산과학기술원"",""특별법법인"",""울산"",""대학"",""11,583,974,351"",""2,098,475,650"",""116,053,703,000"",""-"",""7,193,750,000"",""1,372,000,000"",""-"",""-"",""46,000,000"",""1,101,000,000"",""17,725,433,310"",""152,977,385,011"",""-"",""""]",2026-08-28T22:20:04.397Z
2020,0000158,대학,사립,울산,,울산대학교,"[""2020"",""0000158"",""울산대학교"",""사립"",""울산"",""대학"",""41,398,033,032"",""16,462,331,835"",""11,035,625,834"",""479,000,000"",""3,582,082,000"",""1,683,993,000"",""101,000,000"",""2,931,185,000"",""60,000,000"",""1,192,209,500"",""3,225,258,580"",""49,226,055,111"",""102,326,754,521"",""48.11""]",2026-08-28T22:20:04.397Z
2020,0000159,대학,사립,전북,,원광대학교,"[""2020"",""0000159"",""원광대학교"",""사립"",""전북"",""대학"",""51,319,136,065"",""27,868,877,635"",""4,252,423,833"",""474,250,000"",""365,000,000"",""1,032,500,000"",""236,050,000"",""-"",""275,000,000"",""1,814,554,500"",""2,575,023,000"",""34,475,059,763"",""119,006,586,378"",""28.97""]",2026-08-28T22:20:04.397Z
2020,0000160,대학,사립,경북,,위덕대학교,"[""2020"",""0000160"",""위덕대학교"",""사립"",""경북"",""대학"",""8,741,511,982"",""5,778,196,530"",""50,000,000"",""180,000,000"",""-"",""-"",""103,500,000"",""39,416,000"",""-"",""216,481,000"",""1,248,600,000"",""4,801,312,452"",""20,582,160,267"",""23.33""]",2026-08-28T22:20:04.397Z
2020,0000154,대학,사립,충북,,유원대학교,"[""2020"",""0000154"",""유원대학교"",""사립"",""충북"",""대학"",""10,826,289,228"",""7,590,096,906"",""2,290,292,000"",""120,000,000"",""-"",""-"",""-"",""66,174,000"",""-"",""46,138,800"",""188,600,000"",""5,947,397,122"",""25,047,224,950"",""23.74""]",2026-08-28T22:20:04.397Z
2020,0000161,대학,사립,대전,,을지대학교,"[""2020"",""0000161"",""을지대학교"",""사립"",""대전"",""대학"",""13,257,983,417"",""6,920,327,100"",""23,494,367,000"",""-"",""100,000,000"",""349,597,070"",""788,994,000"",""37,613,000"",""90,000,000"",""2,869,815,100"",""343,095,560"",""34,411,138,047"",""42,352,121,330"",""81.25""]",2026-08-28T22:20:04.397Z
2020,0000163,대학,사립,서울,,이화여자대학교,"[""2020"",""0000163"",""이화여자대학교"",""사립"",""서울"",""대학"",""48,840,483,313"",""16,729,289,404"",""20,395,853,583"",""-"",""345,500,000"",""1,147,930,000"",""621,478,300"",""258,488,000"",""242,550,000"",""3,460,115,944"",""806,818,570"",""59,389,928,306"",""201,722,872,400"",""29.44""]",2026-08-28T22:20:04.397Z
2020,0000164,대학,사립,경남,,인제대학교,"[""2020"",""0000164"",""인제대학교"",""사립"",""경남"",""대학"",""27,837,783,681"",""16,728,834,500"",""1,295,282,666"",""1,278,168,500"",""342,500,000"",""1,075,000,000"",""94,600,000"",""134,999,000"",""-"",""338,311,410"",""1,169,400,000"",""16,837,210,757"",""75,343,396,800"",""22.35""]",2026-08-28T22:20:04.397Z
2020,0000168,대학,사립,인천,,인천가톨릭대학교,"[""2020"",""0000168"",""인천가톨릭대학교"",""사립"",""인천"",""대학"",""1,656,904,703"",""1,159,741,810"",""7,355,494,000"",""-"",""-"",""-"",""-"",""-"",""-"",""-"",""9,988,000"",""7,862,644,893"",""6,549,511,365"",""120.05""]",2026-08-28T22:20:04.397Z
2020,0002660,대학,국립대법인,인천,,인천대학교,"[""2020"",""0002660"",""인천대학교"",""국립대법인"",""인천"",""대학"",""132,642,087,518"",""21,090,729,614"",""19,653,695,667"",""965,230,000"",""890,966,000"",""478,835,000"",""656,700,000"",""3,157,045,600"",""-"",""2,125,741,060"",""66,193,212,240"",""205,672,783,471"",""-"",""""]",2026-08-28T22:20:04.397Z
2020,0000169,대학,사립,인천,,인하대학교,"[""2020"",""0000169"",""인하대학교"",""사립"",""인천"",""대학"",""53,525,521,420"",""24,392,522,480"",""7,831,501,333"",""1,110,624,000"",""6,766,308,000"",""1,781,353,000"",""874,630,000"",""2,433,483,100"",""100,000,000"",""2,770,773,500"",""5,349,991,080"",""58,151,662,953"",""163,868,470,242"",""35.49""]",2026-08-28T22:20:04.397Z
2020,0000170,대학,사립,서울,,장로회신학대학교,"[""2020"",""0000170"",""장로회신학대학교"",""사립"",""서울"",""대학"",""2,692,200,324"",""1,776,333,800"",""22,649,611,000"",""-"",""-"",""-"",""-"",""-"",""-"",""8,125,000"",""1,000,000,000"",""24,573,602,524"",""16,144,372,560"",""152.21""]",2026-08-28T22:20:04.397Z
2020,0000023,대학,국립,광주,,전남대학교,"[""2020"",""0000023"",""전남대학교"",""국립"",""광주"",""대학"",""293,682,133,285"",""26,868,161,400"",""27,964,575,667"",""523,670,000"",""3,263,066,000"",""1,219,795,000"",""1,076,074,000"",""1,449,863,800"",""6,758,120,000"",""11,021,163,000"",""23,832,825,430"",""343,923,124,782"",""-"",""""]",2026-08-28T22:20:04.397Z
2020,0000025,대학,국립,전북,,전북대학교,"[""2020"",""0000025"",""전북대학교"",""국립"",""전북"",""대학"",""244,722,797,129"",""25,803,902,010"",""8,605,026,000"",""257,000,000"",""7,101,600,000"",""1,167,075,000"",""494,956,000"",""4,387,434,963"",""6,493,509,190"",""8,989,369,240"",""5,498,776,920"",""261,913,642,432"",""-"",""""]",2026-08-28T22:20:04.397Z
2020,0000171,대학,사립,전북,,전주대학교,"[""2020"",""0000171"",""전주대학교"",""사립"",""전북"",""대학"",""44,485,451,536"",""23,525,606,784"",""976,876,000"",""300,000,000"",""232,000,000"",""97,500,000"",""1,367,256,000"",""2,838,711,400"",""423,498,600"",""257,584,500"",""3,856,532,000"",""31,309,803,252"",""80,657,542,916"",""38.82""]",2026-08-28T22:20:04.397Z
2020,0000248,대학,사립,제주,,제주국제대학교,"[""2020"",""0000248"",""제주국제대학교"",""사립"",""제주"",""대학"",""1,591,076,599"",""1,248,774,980"",""5,772,280,000"",""-"",""90,000,000"",""-"",""33,000,000"",""53,210,000"",""-"",""25,835,750"",""528,000,000"",""6,844,627,369"",""-"",""""]",2026-08-28T22:20:04.397Z
2020,0000027,대학,국립,제주,,제주대학교,"[""2020"",""0000027"",""제주대학교"",""국립"",""제주"",""대학"",""151,662,645,049"",""13,383,323,440"",""11,866,665,667"",""300,000,000"",""4,613,700,000"",""308,285,000"",""68,450,000"",""53,210,000"",""2,308,061,780"",""7,444,066,636"",""7,538,157,532"",""172,779,918,224"",""-"",""""]",2026-08-28T22:20:04.397Z
2020,0000172,대학,사립,광주,,조선대학교,"[""2020"",""0000172"",""조선대학교"",""사립"",""광주"",""대학"",""63,265,000,423"",""36,525,843,400"",""4,055,897,467"",""386,415,000"",""4,063,600,000"",""480,000,000"",""160,250,000"",""603,319,000"",""771,000,000"",""1,466,926,880"",""3,237,788,000"",""41,964,353,370"",""145,566,169,620"",""28.83""]",2026-08-28T22:20:04.397Z
2020,0000173,대학,사립,충남,,중부대학교,"[""2020"",""0000173"",""중부대학교"",""사립"",""충남"",""대학"",""21,909,738,206"",""15,153,813,820"",""21,829,173,000"",""-"",""237,000,000"",""-"",""83,850,000"",""-"",""105,000,000"",""64,857,500"",""1,733,904,435"",""30,809,709,321"",""62,417,531,940"",""49.36""]",2026-08-28T22:20:04.397Z
2020,0000175,대학,사립,서울,,중앙대학교,"[""2020"",""0000175"",""중앙대학교"",""사립"",""서울"",""대학"",""71,244,322,209"",""29,515,449,200"",""14,556,680,334"",""-"",""4,876,123,000"",""1,744,350,000"",""784,491,748"",""256,360,000"",""1,253,644,000"",""13,052,879,392"",""3,041,650,180"",""81,295,051,663"",""261,283,131,800"",""31.11""]",2026-08-28T22:20:04.397Z
2020,0000177,대학,사립,경기,,중앙승가대학교,"[""2020"",""0000177"",""중앙승가대학교"",""사립"",""경기"",""대학"",""345,531,514"",""154,067,500"",""445,368,000"",""-"",""-"",""-"",""-"",""-"",""-"",""130,922,000"",""-"",""767,754,014"",""729,657,730"",""105.22""]",2026-08-28T22:20:04.397Z
2020,0000239,대학,사립,충북,,중원대학교,"[""2020"",""0000239"",""중원대학교"",""사립"",""충북"",""대학"",""7,746,238,401"",""6,266,560,810"",""5,770,597,000"",""-"",""270,000,000"",""-"",""78,000,000"",""226,742,000"",""-"",""467,580,500"",""493,745,220"",""8,786,342,311"",""28,085,992,200"",""31.28""]",2026-08-28T22:20:04.397Z
2020,0000187,대학,사립,경기,,차의과학대학교,"[""2020"",""0000187"",""차의과학대학교"",""사립"",""경기"",""대학"",""10,442,615,317"",""3,852,613,360"",""5,386,230,667"",""-"",""663,750,000"",""653,000,000"",""84,826,500"",""83,028,000"",""197,500,000"",""82,790,000"",""77,344,680"",""13,818,471,804"",""28,583,865,940"",""48.34""]",2026-08-28T22:20:04.397Z
2020,0000249,대학,사립,경남,,창신대학교,"[""2020"",""0000249"",""창신대학교"",""사립"",""경남"",""대학"",""3,504,964,143"",""2,678,590,720"",""2,859,746,000"",""204,700,000"",""-"",""-"",""-"",""-"",""-"",""31,894,000"",""308,275,000"",""4,230,988,423"",""13,467,324,474"",""31.42""]",2026-08-28T22:20:04.397Z
2020,0000028,대학,국립,경남,,국립창원대학교,"[""2020"",""0000028"",""국립창원대학교"",""국립"",""경남"",""대학"",""93,014,488,304"",""12,053,865,320"",""1,702,389,000"",""533,505,000"",""2,692,600,000"",""-"",""57,000,000"",""890,877,275"",""45,000,000"",""329,091,400"",""4,280,082,510"",""91,491,168,169"",""-"",""""]",2026-08-28T22:20:04.397Z
2020,0000179,대학,사립,충북,,청주대학교,"[""2020"",""0000179"",""청주대학교"",""사립"",""충북"",""대학"",""26,021,946,364"",""16,747,329,054"",""717,021,000"",""-"",""1,556,473,000"",""-"",""170,750,000"",""66,174,000"",""-"",""293,947,700"",""7,987,974,390"",""20,066,957,400"",""88,077,277,314"",""22.78""]",2026-08-28T22:20:04.397Z
2020,0000246,대학,사립,전남,,초당대학교,"[""2020"",""0000246"",""초당대학교"",""사립"",""전남"",""대학"",""10,862,451,232"",""7,041,639,570"",""69,154,000"",""-"",""-"",""-"",""-"",""-"",""-"",""23,827,330"",""618,850,000"",""4,532,642,992"",""19,701,845,180"",""23.01""]",2026-08-28T22:20:04.397Z
2020,0000180,대학,사립,서울,,총신대학교,"[""2020"",""0000180"",""총신대학교"",""사립"",""서울"",""대학"",""5,189,296,007"",""4,043,303,000"",""-"",""-"",""-"",""-"",""-"",""-"",""-"",""31,551,500"",""7,485,620"",""1,185,030,127"",""25,697,682,346"",""4.61""]",2026-08-28T22:20:04.397Z
2020,0000181,대학,사립,서울,,추계예술대학교,"[""2020"",""0000181"",""추계예술대학교"",""사립"",""서울"",""대학"",""2,179,952,212"",""1,962,102,990"",""22,427,758,000"",""-"",""-"",""-"",""-"",""-"",""-"",""28,390,500"",""-"",""22,673,997,722"",""10,830,626,280"",""209.35""]",2026-08-28T22:20:04.397Z
2020,0000029,대학,국립,대전,,충남대학교,"[""2020"",""0000029"",""충남대학교"",""국립"",""대전"",""대학"",""208,668,293,205"",""22,494,542,130"",""25,793,473,167"",""100,000,000"",""5,338,480,000"",""1,831,995,000"",""1,119,352,000"",""666,900,100"",""7,582,350,000"",""10,045,601,000"",""8,542,870,080"",""247,194,772,422"",""-"",""""]",2026-08-28T22:20:04.397Z
2020,0000030,대학,국립,충북,,충북대학교,"[""2020"",""0000030"",""충북대학교"",""국립"",""충북"",""대학"",""187,572,355,411"",""18,463,206,160"",""9,859,759,698"",""1,056,927,110"",""1,549,050,000"",""913,285,000"",""231,000,000"",""3,105,538,000"",""2,263,385,200"",""14,425,218,985"",""10,186,326,480"",""212,699,639,724"",""-"",""""]",2026-08-28T22:20:04.397Z
2020,0000182,대학,사립,대전,,한국침례신학대학교,"[""2020"",""0000182"",""한국침례신학대학교"",""사립"",""대전"",""대학"",""6,492,717,946"",""3,638,740,334"",""-"",""-"",""-"",""-"",""33,000,000"",""-"",""-"",""20,630,300"",""3,000,000"",""2,910,607,912"",""11,679,117,842"",""24.92""]",2026-08-28T22:20:04.397Z
2020,0000184,대학,사립,경기,,칼빈대학교,"[""2020"",""0000184"",""칼빈대학교"",""사립"",""경기"",""대학"",""1,065,947,297"",""874,158,600"",""-"",""-"",""-"",""-"",""-"",""-"",""-"",""857,500"",""2,555,000"",""195,201,197"",""7,057,672,000"",""2.77""]",2026-08-28T22:20:04.397Z
2020,0000079,대학,사립,서울,,강서대학교,"[""2020"",""0000079"",""강서대학교"",""사립"",""서울"",""대학"",""4,666,918,549"",""2,605,750,867"",""155,021,000"",""-"",""-"",""-"",""-"",""-"",""50,000,000"",""18,478,500"",""814,000,000"",""3,098,667,182"",""9,976,511,314"",""31.06""]",2026-08-28T22:20:04.397Z
2020,0000186,대학,사립,경기,,평택대학교,"[""2020"",""0000186"",""평택대학교"",""사립"",""경기"",""대학"",""9,397,879,766"",""6,250,475,501"",""36,332,237,000"",""-"",""20,000,000"",""-"",""-"",""-"",""-"",""119,900,260"",""111,130,430"",""39,730,671,955"",""30,298,819,271"",""131.13""]",2026-08-28T22:20:04.397Z
2020,0000188,대학,사립,경북,,포항공과대학교,"[""2020"",""0000188"",""포항공과대학교"",""사립"",""경북"",""대학"",""30,357,129,964"",""1,881,090,210"",""40,233,879,333"",""-"",""3,832,368,000"",""435,550,000"",""1,333,300,000"",""554,258,000"",""114,000,000"",""2,135,096,000"",""3,243,502,920"",""80,357,994,007"",""23,776,146,500"",""337.98""]",2026-08-28T22:20:04.397Z
2020,0000037,대학,국립,경기,,한경국립대학교,"[""2020"",""0000037"",""한경국립대학교"",""국립"",""경기"",""대학"",""52,983,602,950"",""8,112,065,600"",""64,493,040,000"",""100,000,000"",""579,000,000"",""-"",""38,500,000"",""203,200,000"",""1,055,948,060"",""5,084,534,881"",""1,307,883,210"",""117,733,643,501"",""-"",""""]",2026-08-28T22:20:04.397Z
2020,0000374,대학,특별법법인,대전,,한국과학기술원,"[""2020"",""0000374"",""한국과학기술원"",""특별법법인"",""대전"",""대학"",""19,611,224,629"",""2,161,783,500"",""306,055,632,667"",""-"",""10,314,999,000"",""1,248,500,000"",""2,600,000,000"",""7,866,599,000"",""-"",""5,041,439,001"",""1,052,900,000"",""351,629,510,797"",""-"",""""]",2026-08-28T22:20:04.397Z
2020,0000031,대학,국립,충북,,한국교원대학교,"[""2020"",""0000031"",""한국교원대학교"",""국립"",""충북"",""대학"",""56,155,355,042"",""2,926,456,000"",""3,271,073,000"",""-"",""-"",""-"",""-"",""-"",""60,000,000"",""577,745,850"",""7,801,208,100"",""64,938,925,992"",""-"",""""]",2026-08-28T22:20:04.397Z
2020,0000034,대학,국립,충북,,국립한국교통대학교,"[""2020"",""0000034"",""국립한국교통대학교"",""국립"",""충북"",""대학"",""93,748,328,004"",""14,618,626,210"",""889,183,333"",""1,032,826,670"",""1,476,813,000"",""-"",""78,500,000"",""802,846,700"",""-"",""1,915,500,328"",""2,296,445,690"",""87,621,817,515"",""-"",""""]",2026-08-28T22:20:04.397Z
2020,,대학,사립,경남,,한국국제대학교,"[""2020"","""",""한국국제대학교"",""사립"",""경남"",""대학"",""2,745,620,231"",""2,271,716,820"",""554,263,000"",""-"",""-"",""-"",""-"",""38,999,000"",""-"",""38,720,500"",""211,600,000"",""1,317,485,911"",""1,531,293,000"",""86.04""]",2026-08-28T22:20:04.397Z
2020,0000189,대학,사립,충남,,한국기술교육대학교,"[""2020"",""0000189"",""한국기술교육대학교"",""사립"",""충남"",""대학"",""20,102,576,873"",""5,981,972,553"",""1,882,264,000"",""76,076,108,124"",""2,968,900,000"",""-"",""-"",""335,171,000"",""-"",""400,567,147"",""482,433,280"",""96,266,047,871"",""19,984,540,382"",""481.70""]",2026-08-28T22:20:04.397Z
2020,0000247,대학,사립,경기,,한국공학대학교,"[""2020"",""0000247"",""한국공학대학교"",""사립"",""경기"",""대학"",""27,310,022,507"",""10,350,515,940"",""3,855,460,000"",""380,000,000"",""2,011,830,000"",""-"",""40,000,000"",""4,781,499,100"",""100,000,000"",""43,570,000"",""319,530,720"",""28,491,396,387"",""59,815,790,033"",""47.63""]",2026-08-28T22:20:04.397Z
2020,0000191,대학,사립,서울,,한국성서대학교,"[""2020"",""0000191"",""한국성서대학교"",""사립"",""서울"",""대학"",""4,556,439,898"",""2,438,295,000"",""2,224,478,000"",""-"",""-"",""-"",""-"",""-"",""-"",""5,430,000"",""-"",""4,348,052,898"",""8,167,634,500"",""53.24""]",2026-08-28T22:20:04.397Z
2020,0000192,대학,사립,서울,,한국외국어대학교,"[""2020"",""0000192"",""한국외국어대학교"",""사립"",""서울"",""대학"",""41,783,177,486"",""21,498,299,950"",""3,293,053,500"",""300,000,000"",""400,000,000"",""-"",""19,200,000"",""106,324,258"",""100,000,000"",""276,269,940"",""1,145,574,310"",""25,925,299,544"",""147,333,499,000"",""17.60""]",2026-08-28T22:20:04.397Z
2020,0003022,대학,특별법국립,충남,,한국전통문화대학교,"[""2020"",""0003022"",""한국전통문화대학교"",""특별법국립"",""충남"",""대학"",""1,263,044,154"",""619,854,900"",""50,000,000"",""-"",""-"",""-"",""620,000,000"",""-"",""-"",""32,057,123,000"",""50,000,000"",""33,420,312,254"",""-"",""""]",2026-08-28T22:20:04.397Z
2020,0000032,대학,국립,서울,,한국체육대학교,"[""2020"",""0000032"",""한국체육대학교"",""국립"",""서울"",""대학"",""40,606,789,837"",""4,260,652,840"",""1,590,183,000"",""-"",""-"",""-"",""880,000,000"",""-"",""-"",""-"",""-"",""38,816,319,997"",""-"",""""]",2026-08-28T22:20:04.397Z
2020,0000194,대학,사립,경기,,한국항공대학교,"[""2020"",""0000194"",""한국항공대학교"",""사립"",""경기"",""대학"",""11,816,138,900"",""4,969,632,700"",""2,897,651,000"",""100,000,000"",""483,000,000"",""-"",""-"",""127,832,000"",""-"",""1,333,439,782"",""443,863,700"",""12,232,292,682"",""37,955,419,700"",""32.23""]",2026-08-28T22:20:04.397Z
2020,0000033,대학,국립,부산,,국립한국해양대학교,"[""2020"",""0000033"",""국립한국해양대학교"",""국립"",""부산"",""대학"",""91,490,419,631"",""8,918,346,890"",""2,058,753,000"",""300,113,000"",""2,227,554,000"",""-"",""-"",""81,701,000"",""-"",""1,005,500,000"",""1,102,008,230"",""89,347,701,971"",""-"",""""]",2026-08-28T22:20:04.397Z
2020,0000195,대학,사립,대전,,한남대학교,"[""2020"",""0000195"",""한남대학교"",""사립"",""대전"",""대학"",""39,302,122,321"",""20,812,548,718"",""2,675,266,570"",""922,950,000"",""640,000,000"",""-"",""122,000,000"",""2,384,644,000"",""144,000,000"",""389,821,230"",""403,196,590"",""26,171,451,993"",""84,485,082,323"",""30.98""]",2026-08-28T22:20:04.397Z
2020,0000196,대학,사립,경북,,한동대학교,"[""2020"",""0000196"",""한동대학교"",""사립"",""경북"",""대학"",""18,016,618,471"",""7,676,463,800"",""4,064,253,000"",""100,000,000"",""50,000,000"",""-"",""523,923,000"",""-"",""80,000,000"",""831,647,980"",""982,500,000"",""16,972,478,651"",""31,647,906,038"",""53.63""]",2026-08-28T22:20:04.397Z
2020,0000197,대학,사립,강원,,한라대학교,"[""2020"",""0000197"",""한라대학교"",""사립"",""강원"",""대학"",""10,271,431,638"",""6,992,881,600"",""62,735,000"",""710,750,000"",""120,000,000"",""-"",""111,800,000"",""424,048,000"",""-"",""90,128,500"",""1,006,137,000"",""5,804,148,538"",""22,979,957,770"",""25.26""]",2026-08-28T22:20:04.397Z
2020,0000242,대학,사립,전남,,한려대학교,"[""2020"",""0000242"",""한려대학교"",""사립"",""전남"",""대학"",""295,001,373"",""274,346,600"",""7,663,986,000"",""-"",""-"",""-"",""42,965,000"",""-"",""-"",""10,972,900"",""33,450,000"",""7,772,028,673"",""2,734,816,180"",""284.19""]",2026-08-28T22:20:04.397Z
2020,0000198,대학,사립,강원,,한림대학교,"[""2020"",""0000198"",""한림대학교"",""사립"",""강원"",""대학"",""38,047,243,869"",""14,271,283,480"",""8,584,063,974"",""100,000,000"",""190,000,000"",""1,171,000,000"",""93,762,500"",""124,899,000"",""-"",""1,228,430,479"",""2,375,265,550"",""37,643,381,892"",""62,686,741,710"",""60.05""]",2026-08-28T22:20:04.397Z
2020,0000039,대학,국립,대전,,국립한밭대학교,"[""2020"",""0000039"",""국립한밭대학교"",""국립"",""대전"",""대학"",""83,530,390,257"",""13,877,861,890"",""1,464,150,240"",""500,350,000"",""4,194,000,000"",""-"",""-"",""3,743,877,760"",""-"",""485,464,920"",""335,189,000"",""80,375,560,287"",""-"",""""]",2026-08-28T22:20:04.397Z
2020,0000199,대학,사립,충남,,한서대학교,"[""2020"",""0000199"",""한서대학교"",""사립"",""충남"",""대학"",""24,479,095,238"",""12,963,100,710"",""1,111,381,333"",""278,200,000"",""330,000,000"",""-"",""115,250,000"",""88,156,462"",""-"",""229,547,000"",""933,157,000"",""14,601,686,323"",""55,835,505,730"",""26.15""]",2026-08-28T22:20:04.397Z
2020,0000200,대학,사립,서울,,한성대학교,"[""2020"",""0000200"",""한성대학교"",""사립"",""서울"",""대학"",""19,393,811,302"",""10,726,817,610"",""156,433,000"",""669,887,792"",""220,000,000"",""-"",""6,300,000"",""1,048,706,900"",""-"",""313,222,452"",""782,078,460"",""11,863,622,296"",""55,508,499,910"",""21.37""]",2026-08-28T22:20:04.397Z
2020,0000201,대학,사립,경기,,한세대학교,"[""2020"",""0000201"",""한세대학교"",""사립"",""경기"",""대학"",""8,843,248,722"",""4,695,596,500"",""138,044,000"",""100,000,000"",""-"",""-"",""-"",""96,900,000"",""-"",""34,062,500"",""53,893,700"",""4,570,552,422"",""24,857,871,967"",""18.39""]",2026-08-28T22:20:04.397Z
2020,0000202,대학,사립,경기,,한신대학교,"[""2020"",""0000202"",""한신대학교"",""사립"",""경기"",""대학"",""15,597,347,952"",""9,043,605,340"",""29,440,946,000"",""893,430,000"",""5,000,000"",""-"",""36,810,000"",""39,805,000"",""-"",""71,516,650"",""1,149,291,530"",""38,190,541,792"",""37,527,804,610"",""101.77""]",2026-08-28T22:20:04.397Z
2020,0000203,대학,사립,서울,,한양대학교,"[""2020"",""0000203"",""한양대학교"",""사립"",""서울"",""대학"",""64,758,793,290"",""17,976,091,550"",""36,197,557,334"",""-"",""12,617,085,000"",""4,134,316,000"",""2,348,000,108"",""3,977,865,000"",""524,618,000"",""5,612,245,667"",""857,937,560"",""113,052,326,409"",""327,516,820,702"",""34.52""]",2026-08-28T22:20:04.397Z
2020,0000204,대학,사립,경기,,한양대학교(ERICA),"[""2020"",""0000204"",""한양대학교(ERICA)"",""사립"",""경기"",""대학"",""44,125,486,373"",""14,007,395,110"",""11,165,178,000"",""-"",""5,769,966,000"",""1,008,000,000"",""537,000,000"",""218,659,000"",""40,000,000"",""3,172,000,000"",""763,362,310"",""52,792,256,573"",""-"",""""]",2026-08-28T22:20:04.397Z
2020,0000206,대학,사립,전북,,한일장신대학교,"[""2020"",""0000206"",""한일장신대학교"",""사립"",""전북"",""대학"",""3,542,084,250"",""2,471,635,500"",""311,750,000"",""-"",""-"",""-"",""91,850,000"",""-"",""-"",""43,876,000"",""-"",""1,517,924,750"",""7,525,305,900"",""20.17""]",2026-08-28T22:20:04.397Z
2020,0000207,대학,사립,경기,,협성대학교,"[""2020"",""0000207"",""협성대학교"",""사립"",""경기"",""대학"",""12,248,345,397"",""8,522,213,630"",""336,564,000"",""722,688,000"",""-"",""-"",""-"",""83,028,000"",""-"",""34,241,000"",""438,005,700"",""5,340,658,467"",""31,335,490,397"",""17.04""]",2026-08-28T22:20:04.397Z
2020,0000208,대학,사립,광주,,호남대학교,"[""2020"",""0000208"",""호남대학교"",""사립"",""광주"",""대학"",""25,865,515,099"",""13,430,643,660"",""-"",""270,000,000"",""163,000,000"",""-"",""125,050,000"",""38,257,000"",""-"",""44,459,000"",""3,018,146,200"",""16,093,783,639"",""48,697,699,310"",""33.05""]",2026-08-28T22:20:04.397Z
2020,0000209,대학,사립,광주,,호남신학대학교,"[""2020"",""0000209"",""호남신학대학교"",""사립"",""광주"",""대학"",""1,699,557,918"",""1,384,937,101"",""1,117,780,000"",""-"",""-"",""-"",""-"",""-"",""-"",""15,711,300"",""-"",""1,448,112,117"",""5,426,029,324"",""26.69""]",2026-08-28T22:20:04.397Z
2020,0000211,대학,사립,충남,,호서대학교,"[""2020"",""0000211"",""호서대학교"",""사립"",""충남"",""대학"",""36,921,365,149"",""22,463,244,900"",""9,360,453,070"",""270,000,000"",""1,604,800,000"",""-"",""238,850,000"",""385,138,000"",""106,491,930"",""4,409,931,940"",""801,708,880"",""31,635,494,069"",""105,798,481,170"",""29.90""]",2026-08-28T22:20:04.397Z
2020,0000212,대학,사립,서울,,홍익대학교,"[""2020"",""0000212"",""홍익대학교"",""사립"",""서울"",""대학"",""39,291,526,045"",""25,311,726,800"",""2,520,432,800"",""757,420,000"",""981,640,000"",""-"",""794,000,000"",""36,500,000"",""145,000,000"",""1,148,434,300"",""122,415,070"",""20,485,641,415"",""195,991,497,113"",""10.45""]",2026-08-28T22:20:04.397Z
2020,0000284,대학,사립,충남,,청운대학교,"[""2020"",""0000284"",""청운대학교"",""사립"",""충남"",""대학"",""18,997,543,265"",""12,347,326,770"",""97,940,000"",""-"",""-"",""49,800,000"",""164,200,000"",""283,519,554"",""-"",""166,805,500"",""1,272,357,000"",""8,684,838,549"",""43,683,333,070"",""19.88""]",2026-08-28T22:20:04.397Z
2020,0000282,대학,사립,전북,,호원대학교,"[""2020"",""0000282"",""호원대학교"",""사립"",""전북"",""대학"",""16,882,090,504"",""12,304,627,770"",""177,500,000"",""-"",""-"",""-"",""130,900,000"",""83,535,000"",""-"",""70,003,000"",""452,732,950"",""5,492,133,684"",""35,400,654,010"",""15.51""]",2026-08-28T22:20:04.397Z
2020,0000256,대학,국립,인천,,경인교육대학교,"[""2020"",""0000256"",""경인교육대학교"",""국립"",""인천"",""대학"",""34,585,887,313"",""2,753,309,000"",""18,890,000"",""-"",""-"",""-"",""143,140,000"",""-"",""-"",""-"",""1,524,132,200"",""33,518,740,513"",""-"",""""]",2026-08-28T22:20:04.397Z
2020,0000251,대학,국립,충남,,공주교육대학교,"[""2020"",""0000251"",""공주교육대학교"",""국립"",""충남"",""대학"",""21,461,980,068"",""1,349,904,000"",""150,656,000"",""-"",""-"",""-"",""-"",""-"",""-"",""10,290,000"",""74,733,000"",""20,347,755,068"",""-"",""""]",2026-08-28T22:20:04.397Z
2020,0000252,대학,국립,광주,,광주교육대학교,"[""2020"",""0000252"",""광주교육대학교"",""국립"",""광주"",""대학"",""18,805,197,411"",""1,764,425,500"",""142,052,000"",""-"",""-"",""-"",""-"",""-"",""-"",""105,383,000"",""105,910,400"",""17,394,117,311"",""-"",""""]",2026-08-28T22:20:04.397Z
2020,0000253,대학,국립,대구,,대구교육대학교,"[""2020"",""0000253"",""대구교육대학교"",""국립"",""대구"",""대학"",""23,191,213,495"",""1,800,493,000"",""3,724,084,000"",""-"",""-"",""-"",""-"",""-"",""-"",""-"",""568,000,000"",""25,682,804,495"",""-"",""""]",2026-08-28T22:20:04.397Z
2020,0000254,대학,국립,부산,,부산교육대학교,"[""2020"",""0000254"",""부산교육대학교"",""국립"",""부산"",""대학"",""27,311,715,789"",""1,484,876,000"",""93,744,000"",""-"",""-"",""-"",""-"",""-"",""-"",""50,000,000"",""473,455,440"",""26,444,039,229"",""-"",""""]",2026-08-28T22:20:04.397Z
2020,0000255,대학,국립,서울,,서울교육대학교,"[""2020"",""0000255"",""서울교육대학교"",""국립"",""서울"",""대학"",""21,424,022,199"",""1,304,712,330"",""54,040,000"",""-"",""34,000,000"",""-"",""-"",""-"",""40,000,000"",""150,000,000"",""395,609,510"",""20,792,959,379"",""-"",""""]",2026-08-28T22:20:04.397Z
2020,0000258,대학,국립,전북,,전주교육대학교,"[""2020"",""0000258"",""전주교육대학교"",""국립"",""전북"",""대학"",""16,363,205,436"",""937,659,000"",""109,704,000"",""-"",""-"",""-"",""150,000,000"",""-"",""-"",""50,000,000"",""125,995,000"",""15,861,245,436"",""-"",""""]",2026-08-28T22:20:04.397Z
2020,0000260,대학,국립,경남,,진주교육대학교,"[""2020"",""0000260"",""진주교육대학교"",""국립"",""경남"",""대학"",""20,191,221,049"",""1,449,856,900"",""104,775,800"",""-"",""-"",""-"",""-"",""87,000,000"",""-"",""145,467,182"",""38,050,000"",""19,116,657,131"",""-"",""""]",2026-08-28T22:20:04.397Z
2020,0000261,대학,국립,충북,,청주교육대학교,"[""2020"",""0000261"",""청주교육대학교"",""국립"",""충북"",""대학"",""16,682,972,219"",""1,146,135,170"",""129,088,000"",""-"",""-"",""-"",""-"",""-"",""-"",""-"",""351,673,490"",""16,017,598,539"",""-"",""""]",2026-08-28T22:20:04.397Z
2020,0000262,대학,국립,강원,,춘천교육대학교,"[""2020"",""0000262"",""춘천교육대학교"",""국립"",""강원"",""대학"",""21,563,844,378"",""1,137,574,660"",""153,925,000"",""-"",""-"",""-"",""-"",""-"",""-"",""24,167,850"",""305,990,000"",""20,910,352,568"",""-"",""""]",2026-08-28T22:20:04.397Z
2020,0000288,대학,사립,서울,,정석대학,"[""2020"",""0000288"",""정석대학"",""사립"",""서울"",""대학"",""14,588,437"","""",""-"",""-"",""-"",""-"",""-"",""-"",""-"",""-"",""-"",""14,588,437"",""-"",""""]",2026-08-28T22:20:04.397Z
2020,0000317,대학,사립,충북,,순복음총회신학교,"[""2020"",""0000317"",""순복음총회신학교"",""사립"",""충북"",""대학"",""740,740,446"",""510,322,500"",""214,120,000"",""-"",""-"",""-"",""-"",""-"",""-"",""-"",""-"",""444,537,946"",""-"",""""]",2026-08-28T22:20:04.397Z
2020,0000383,대학,특별법국립,서울,,한국예술종합학교,"[""2020"",""0000383"",""한국예술종합학교"",""특별법국립"",""서울"",""대학"",""3,911,781,690"",""2,821,624,920"",""-"",""-"",""-"",""-"",""38,703,967,593"",""-"",""-"",""-"",""3,205,414,900"",""42,999,539,263"",""-"",""""]",2026-08-28T22:20:04.397Z
2020,0000273,대학,국립,서울,,한국방송통신대학교,"[""2020"",""0000273"",""한국방송통신대학교"",""국립"",""서울"",""대학"",""54,991,864,793"",""12,310,118,380"",""-"",""-"",""50,000,000"",""-"",""-"",""-"",""213,000,000"",""283,854,700"",""1,131,450,000"",""44,360,051,113"",""-"",""""]",2026-08-28T22:20:04.397Z
2020,0000335,대학,사립,대전,,건양사이버대학교,"[""2020"",""0000335"",""건양사이버대학교"",""사립"",""대전"",""대학"",""6,666,851,317"",""5,816,770,000"",""-"",""-"",""-"",""-"",""-"",""-"",""-"",""483,570,000"",""69,268,000"",""1,402,919,317"",""9,074,886,000"",""15.46""]",2026-08-28T22:20:04.397Z
2020,0000318,대학,사립,서울,,경희사이버대학교,"[""2020"",""0000318"",""경희사이버대학교"",""사립"",""서울"",""대학"",""10,208,103,650"",""9,686,124,416"",""30,000,000"",""-"",""-"",""-"",""-"",""-"",""-"",""1,440,000"",""1,327,940"",""554,747,174"",""29,205,867,008"",""1.90""]",2026-08-28T22:20:04.397Z
2020,0000328,대학,사립,서울,,고려사이버대학교,"[""2020"",""0000328"",""고려사이버대학교"",""사립"",""서울"",""대학"",""6,666,912,189"",""5,948,365,750"",""-"",""-"",""-"",""-"",""-"",""-"",""-"",""-"",""-"",""718,546,439"",""19,519,433,250"",""3.68""]",2026-08-28T22:20:04.397Z
2020,0000319,대학,사립,경기,,국제사이버대학교,"[""2020"",""0000319"",""국제사이버대학교"",""사립"",""경기"",""대학"",""4,919,042,130"",""4,750,045,500"",""-"",""-"",""-"",""-"",""-"",""-"",""-"",""246,500,000"",""63,730,000"",""479,226,630"",""7,862,349,551"",""6.10""]",2026-08-28T22:20:04.397Z
2020,0000334,대학,사립,충남,,글로벌사이버대학교,"[""2020"",""0000334"",""글로벌사이버대학교"",""사립"",""충남"",""대학"",""3,397,559,832"",""3,068,772,000"",""-"",""-"",""-"",""-"",""-"",""-"",""-"",""-"",""-"",""328,787,832"",""6,021,932,000"",""5.46""]",2026-08-28T22:20:04.397Z
2020,0000320,대학,사립,경북,,대구사이버대학교,"[""2020"",""0000320"",""대구사이버대학교"",""사립"",""경북"",""대학"",""4,417,446,705"",""4,360,906,350"",""-"",""-"",""-"",""-"",""-"",""-"",""-"",""100,000,000"",""13,200,000"",""169,740,355"",""9,522,018,893"",""1.78""]",2026-08-28T22:20:04.397Z
2020,0000330,대학,사립,서울,,디지털서울문화예술대학교,"[""2020"",""0000330"",""디지털서울문화예술대학교"",""사립"",""서울"",""대학"",""3,944,256,763"",""3,704,172,300"",""-"",""-"",""-"",""-"",""-"",""-"",""-"",""693,000"",""-"",""240,777,463"",""12,134,739,052"",""1.98""]",2026-08-28T22:20:04.397Z
2020,0000321,대학,사립,부산,,부산디지털대학교,"[""2020"",""0000321"",""부산디지털대학교"",""사립"",""부산"",""대학"",""4,544,696,646"",""3,311,618,383"",""-"",""-"",""-"",""-"",""-"",""-"",""-"",""-"",""8,153,600"",""1,241,231,863"",""6,193,860,994"",""20.04""]",2026-08-28T22:20:04.397Z
2020,0000332,대학,사립,서울,,사이버한국외국어대학교,"[""2020"",""0000332"",""사이버한국외국어대학교"",""사립"",""서울"",""대학"",""6,188,434,200"",""5,828,437,650"",""30,000,000"",""-"",""-"",""-"",""-"",""-"",""-"",""-"",""-"",""389,996,550"",""16,685,522,488"",""2.34""]",2026-08-28T22:20:04.397Z
2020,0000322,대학,사립,서울,,서울디지털대학교,"[""2020"",""0000322"",""서울디지털대학교"",""사립"",""서울"",""대학"",""8,337,253,335"",""8,028,588,250"",""15,000,000"",""-"",""-"",""-"",""-"",""-"",""-"",""1,890,000"",""-"",""325,555,085"",""21,799,506,483"",""1.49""]",2026-08-28T22:20:04.397Z
2020,0000323,대학,사립,서울,,서울사이버대학교,"[""2020"",""0000323"",""서울사이버대학교"",""사립"",""서울"",""대학"",""13,297,744,056"",""12,032,493,900"",""132,500,000"",""-"",""-"",""-"",""-"",""-"",""-"",""264,934,997"",""-"",""1,662,685,153"",""36,039,890,233"",""4.61""]",2026-08-28T22:20:04.397Z
2020,0000325,대학,사립,서울,,세종사이버대학교,"[""2020"",""0000325"",""세종사이버대학교"",""사립"",""서울"",""대학"",""13,036,385,260"",""12,028,731,926"",""-"",""-"",""-"",""-"",""-"",""-"",""-"",""2,276,500"",""-"",""1,009,929,834"",""26,336,984,093"",""3.83""]",2026-08-28T22:20:04.397Z
2020,0000329,대학,사립,서울,,숭실사이버대학교,"[""2020"",""0000329"",""숭실사이버대학교"",""사립"",""서울"",""대학"",""7,431,591,872"",""6,924,611,500"",""15,000,000"",""-"",""-"",""-"",""-"",""-"",""-"",""116,000,000"",""-"",""637,980,372"",""18,220,820,000"",""3.50""]",2026-08-28T22:20:04.397Z
2020,0000327,대학,사립,전북,,원광디지털대학교,"[""2020"",""0000327"",""원광디지털대학교"",""사립"",""전북"",""대학"",""7,096,306,615"",""6,827,052,500"",""-"",""-"",""-"",""-"",""105,000,000"",""-"",""-"",""2,640,000"",""-"",""376,894,115"",""15,304,079,500"",""2.46""]",2026-08-28T22:20:04.397Z
2020,0000326,대학,사립,서울,,한국열린사이버대학교,"[""2020"",""0000326"",""한국열린사이버대학교"",""사립"",""서울"",""대학"",""7,184,233,216"",""7,141,065,100"",""1,439,313,000"",""-"",""-"",""-"",""-"",""100,000,000"",""-"",""-"",""-"",""1,582,481,116"",""12,753,841,170"",""12.41""]",2026-08-28T22:20:04.397Z
2020,0000331,대학,사립,서울,,한양사이버대학교,"[""2020"",""0000331"",""한양사이버대학교"",""사립"",""서울"",""대학"",""15,723,610,931"",""14,753,655,838"",""50,000,000"",""-"",""-"",""-"",""-"",""-"",""-"",""1,316,500"",""-"",""1,021,271,593"",""45,600,526,425"",""2.24""]",2026-08-28T22:20:04.397Z
2020,0000333,대학,사립,부산,,화신사이버대학교,"[""2020"",""0000333"",""화신사이버대학교"",""사립"",""부산"",""대학"",""3,074,976,440"",""2,801,358,582"",""-"",""-"",""-"",""-"",""-"",""-"",""-"",""-"",""-"",""273,617,858"",""3,548,113,582"",""7.71""]",2026-08-28T22:20:04.397Z
2020,0000433,전문대학,사립,충북,,강동대학교,"[""2020"",""0000433"",""강동대학교"",""사립"",""충북"",""전문대학"",""16,254,416,857"",""8,423,958,551"",""-"",""167,210,000"",""-"",""-"",""-"",""84,000,000"",""-"",""38,151,660"",""190,324,280"",""8,310,144,246"",""18,757,157,123"",""44.30""]",2026-08-28T22:20:04.397Z
2020,0000548,전문대학,사립,강원,,강원관광대학교,"[""2020"",""0000548"",""강원관광대학교"",""사립"",""강원"",""전문대학"",""2,889,733,176"",""2,755,863,933"",""-"",""-"",""-"",""-"",""-"",""-"",""-"",""19,748,510"",""300,000,000"",""453,617,753"",""4,883,365,652"",""9.29""]",2026-08-28T22:20:04.397Z
2020,0000560,전문대학,사립,경기,,경기과학기술대학교,"[""2020"",""0000560"",""경기과학기술대학교"",""사립"",""경기"",""전문대학"",""16,520,914,149"",""9,103,133,570"",""-"",""156,594,000"",""836,400,000"",""-"",""-"",""364,590,000"",""-"",""4,570,000"",""878,082,000"",""9,658,016,579"",""28,527,405,920"",""33.86""]",2026-08-28T22:20:04.397Z
2020,0000402,전문대학,공립,경남,,경남도립거창대학,"[""2020"",""0000402"",""경남도립거창대학"",""공립"",""경남"",""전문대학"",""3,936,327,897"",""1,214,687,500"",""-"",""-"",""-"",""-"",""-"",""-"",""-"",""90,000,000"",""9,318,795,000"",""12,130,435,397"",""-"",""""]",2026-08-28T22:20:04.397Z
2020,0000403,전문대학,공립,경남,,경남도립남해대학,"[""2020"",""0000403"",""경남도립남해대학"",""공립"",""경남"",""전문대학"",""5,120,075,062"",""1,245,934,620"",""-"",""-"",""-"",""-"",""65,000,000"",""-"",""-"",""-"",""9,117,459,000"",""13,056,599,442"",""-"",""""]",2026-08-28T22:20:04.397Z
2020,0000456,전문대학,사립,경북,,경북과학대학교,"[""2020"",""0000456"",""경북과학대학교"",""사립"",""경북"",""전문대학"",""3,864,536,303"",""3,420,508,980"",""98,926,000"",""321,000,000"",""-"",""-"",""-"",""44,000,000"",""-"",""203,949,000"",""186,900,000"",""1,298,802,323"",""9,224,031,680"",""14.08""]",2026-08-28T22:20:04.397Z
2020,0000405,전문대학,공립,경북,,경북도립대학교,"[""2020"",""0000405"",""경북도립대학교"",""공립"",""경북"",""전문대학"",""3,092,390,045"",""1,061,298,530"",""-"",""-"",""-"",""-"",""-"",""182,639,000"",""-"",""-"",""17,652,496,000"",""19,866,226,515"",""-"",""""]",2026-08-28T22:20:04.397Z
2020,0000438,전문대학,사립,경북,,경북보건대학교,"[""2020"",""0000438"",""경북보건대학교"",""사립"",""경북"",""전문대학"",""5,885,414,306"",""2,820,626,100"",""-"",""-"",""-"",""-"",""-"",""160,000,000"",""-"",""3,872,000"",""569,800,000"",""3,798,460,206"",""6,964,537,040"",""54.54""]",2026-08-28T22:20:04.397Z
2020,0000425,전문대학,사립,대구,,계명문화대학교,"[""2020"",""0000425"",""계명문화대학교"",""사립"",""대구"",""전문대학"",""23,898,605,448"",""14,206,756,900"",""-"",""131,563,500"",""-"",""-"",""19,500,000"",""573,816,000"",""-"",""369,570,830"",""914,380,000"",""11,700,678,878"",""28,830,680,070"",""40.58""]",2026-08-28T22:20:04.397Z
2020,0000426,전문대학,사립,경기,,계원예술대학교,"[""2020"",""0000426"",""계원예술대학교"",""사립"",""경기"",""전문대학"",""7,438,955,532"",""6,088,956,320"",""-"",""100,000,000"",""-"",""-"",""149,900,000"",""150,000,000"",""-"",""29,820,460"",""229,185,840"",""2,008,905,512"",""21,632,315,480"",""9.29""]",2026-08-28T22:20:04.397Z
2020,0000430,전문대학,사립,경북,,구미대학교,"[""2020"",""0000430"",""구미대학교"",""사립"",""경북"",""전문대학"",""24,616,738,716"",""15,219,005,880"",""-"",""603,705,000"",""-"",""-"",""-"",""59,555,000"",""-"",""1,387,210,000"",""1,085,392,400"",""12,533,595,236"",""29,979,189,900"",""41.81""]",2026-08-28T22:20:04.397Z
2020,0000549,전문대학,사립,경기,,국제대학교,"[""2020"",""0000549"",""국제대학교"",""사립"",""경기"",""전문대학"",""9,183,153,122"",""8,348,134,660"",""40,000,000"",""100,000,000"",""-"",""-"",""-"",""-"",""-"",""32,007,700"",""1,162,082,460"",""2,169,108,622"",""23,349,828,497"",""9.29""]",2026-08-28T22:20:04.397Z
2020,0000442,전문대학,사립,경북,,대경대학교,"[""2020"",""0000442"",""대경대학교"",""사립"",""경북"",""전문대학"",""15,972,743,856"",""9,927,288,309"",""-"",""162,100,000"",""-"",""-"",""-"",""-"",""29,100,000"",""57,741,350"",""458,450,000"",""6,752,846,897"",""22,467,825,519"",""30.06""]",2026-08-28T22:20:04.397Z
2020,0000443,전문대학,사립,대구,,대구공업대학교,"[""2020"",""0000443"",""대구공업대학교"",""사립"",""대구"",""전문대학"",""4,392,085,530"",""3,698,733,040"",""-"",""-"",""-"",""-"",""-"",""252,555,000"",""-"",""67,857,130"",""120,500,000"",""1,134,264,620"",""9,207,963,216"",""12.32""]",2026-08-28T22:20:04.397Z
2020,0000446,전문대학,사립,대구,,대구과학대학교,"[""2020"",""0000446"",""대구과학대학교"",""사립"",""대구"",""전문대학"",""21,625,820,088"",""11,544,480,381"",""-"",""33,120,000"",""-"",""-"",""67,650,000"",""-"",""-"",""225,494,050"",""740,634,000"",""11,148,237,757"",""23,397,112,024"",""47.65""]",2026-08-28T22:20:04.397Z
2020,0000546,전문대학,사립,대전,,대덕대학교,"[""2020"",""0000546"",""대덕대학교"",""사립"",""대전"",""전문대학"",""12,466,572,316"",""8,958,021,560"",""-"",""214,450,000"",""-"",""-"",""42,700,000"",""237,000,000"",""-"",""73,110,050"",""14,585,000"",""4,090,395,806"",""19,889,826,600"",""20.57""]",2026-08-28T22:20:04.397Z
2020,0000447,전문대학,사립,부산,,대동대학교,"[""2020"",""0000447"",""대동대학교"",""사립"",""부산"",""전문대학"",""3,948,138,420"",""3,576,226,400"",""147,680,000"",""99,000,000"",""-"",""-"",""-"",""-"",""-"",""8,828,050"",""80,844,800"",""708,264,870"",""8,868,995,300"",""7.99""]",2026-08-28T22:20:04.397Z
2020,0000449,전문대학,사립,충북,,대원대학교,"[""2020"",""0000449"",""대원대학교"",""사립"",""충북"",""전문대학"",""12,436,821,738"",""6,635,306,435"",""-"",""45,720,000"",""-"",""-"",""-"",""-"",""-"",""41,431,000"",""265,800,000"",""6,154,466,303"",""13,302,337,709"",""46.27""]",2026-08-28T22:20:04.397Z
2020,0000453,전문대학,사립,대전,,대전과학기술대학교,"[""2020"",""0000453"",""대전과학기술대학교"",""사립"",""대전"",""전문대학"",""19,021,952,956"",""11,324,707,320"",""-"",""-"",""-"",""-"",""-"",""143,610,000"",""-"",""33,983,500"",""371,786,000"",""8,246,625,136"",""25,429,911,900"",""32.43""]",2026-08-28T22:20:04.397Z
2020,0000451,전문대학,사립,대전,,대전보건대학교,"[""2020"",""0000451"",""대전보건대학교"",""사립"",""대전"",""전문대학"",""19,340,618,716"",""14,136,922,070"",""66,000,000"",""340,685,000"",""-"",""-"",""-"",""40,648,000"",""-"",""66,117,300"",""489,730,000"",""6,206,876,946"",""31,671,192,030"",""19.60""]",2026-08-28T22:20:04.397Z
2020,0000460,전문대학,사립,광주,,동강대학교,"[""2020"",""0000460"",""동강대학교"",""사립"",""광주"",""전문대학"",""11,074,589,931"",""7,468,906,177"",""50,000,000"",""578,000,000"",""-"",""-"",""55,900,000"",""161,491,683"",""-"",""63,144,000"",""325,800,000"",""4,840,019,437"",""15,506,970,818"",""31.21""]",2026-08-28T22:20:04.397Z
2020,0000450,전문대학,사립,경기,,동서울대학교,"[""2020"",""0000450"",""동서울대학교"",""사립"",""경기"",""전문대학"",""20,978,052,081"",""12,916,076,200"",""114,047,000"",""134,410,000"",""1,011,750,000"",""-"",""-"",""219,805,000"",""-"",""22,464,800"",""104,577,050"",""9,669,029,731"",""39,730,554,890"",""24.34""]",2026-08-28T22:20:04.397Z
2020,0000509,전문대학,사립,경남,,동원과학기술대학교,"[""2020"",""0000509"",""동원과학기술대학교"",""사립"",""경남"",""전문대학"",""9,386,504,828"",""5,383,373,620"",""-"",""-"",""-"",""-"",""-"",""216,169,000"",""-"",""15,261,000"",""319,964,000"",""4,554,525,208"",""12,770,485,400"",""35.66""]",2026-08-28T22:20:04.397Z
2020,0000466,전문대학,사립,부산,,동의과학대학교,"[""2020"",""0000466"",""동의과학대학교"",""사립"",""부산"",""전문대학"",""21,676,618,304"",""12,559,903,365"",""-"",""673,125,000"",""-"",""-"",""-"",""392,000,000"",""-"",""29,898,700"",""121,550,000"",""10,333,288,639"",""30,980,065,011"",""33.35""]",2026-08-28T22:20:04.397Z
2020,0000469,전문대학,사립,경기,,두원공과대학교,"[""2020"",""0000469"",""두원공과대학교"",""사립"",""경기"",""전문대학"",""8,691,813,151"",""8,117,550,197"",""-"",""411,425,000"",""50,000,000"",""-"",""-"",""118,050,000"",""-"",""26,077,500"",""2,886,706,000"",""4,066,521,454"",""25,521,817,756"",""15.93""]",2026-08-28T22:20:04.397Z
2020,0000475,전문대학,사립,경북,,문경대학교,"[""2020"",""0000475"",""문경대학교"",""사립"",""경북"",""전문대학"",""4,781,099,771"",""2,437,346,000"",""-"",""-"",""-"",""-"",""62,600,000"",""-"",""-"",""192,865,650"",""1,349,831,000"",""3,949,050,421"",""5,051,280,380"",""78.18""]",2026-08-28T22:20:04.397Z
2020,0000543,전문대학,사립,충남,,백석문화대학교,"[""2020"",""0000543"",""백석문화대학교"",""사립"",""충남"",""전문대학"",""21,725,333,707"",""13,686,613,640"",""-"",""152,020,000"",""-"",""-"",""-"",""109,320,000"",""-"",""37,900,990"",""11,553,640"",""8,349,514,697"",""35,850,978,090"",""23.29""]",2026-08-28T22:20:04.397Z
2020,0000477,전문대학,사립,전북,,백제예술대학교,"[""2020"",""0000477"",""백제예술대학교"",""사립"",""전북"",""전문대학"",""3,019,702,814"",""2,527,378,018"",""-"",""-"",""-"",""-"",""-"",""-"",""-"",""16,794,400"",""-"",""509,119,196"",""8,477,808,681"",""6.01""]",2026-08-28T22:20:04.397Z
2020,0000479,전문대학,사립,부산,,부산경상대학교,"[""2020"",""0000479"",""부산경상대학교"",""사립"",""부산"",""전문대학"",""10,940,219,220"",""6,521,332,725"",""737,484,000"",""2,133,684,000"",""-"",""-"",""-"",""-"",""-"",""143,801,750"",""536,283,000"",""7,970,139,245"",""12,778,181,300"",""62.37""]",2026-08-28T22:20:04.397Z
2020,0000481,전문대학,사립,부산,,부산과학기술대학교,"[""2020"",""0000481"",""부산과학기술대학교"",""사립"",""부산"",""전문대학"",""18,495,566,180"",""8,573,193,277"",""-"",""361,780,000"",""-"",""-"",""-"",""325,720,000"",""-"",""23,478,330"",""214,889,000"",""10,848,240,233"",""20,609,506,124"",""52.64""]",2026-08-28T22:20:04.397Z
2020,0000480,전문대학,사립,부산,,부산여자대학교,"[""2020"",""0000480"",""부산여자대학교"",""사립"",""부산"",""전문대학"",""12,667,751,904"",""6,896,575,234"",""-"",""-"",""-"",""-"",""-"",""-"",""-"",""40,676,000"",""-"",""5,811,852,670"",""15,641,979,934"",""37.16""]",2026-08-28T22:20:04.397Z
2020,0000561,전문대학,사립,부산,,부산예술대학교,"[""2020"",""0000561"",""부산예술대학교"",""사립"",""부산"",""전문대학"",""1,934,845,161"",""1,728,571,308"",""-"",""-"",""-"",""-"",""-"",""-"",""-"",""5,270,000"",""-"",""211,543,853"",""3,942,769,411"",""5.37""]",2026-08-28T22:20:04.397Z
2020,0000482,전문대학,사립,경기,,부천대학교,"[""2020"",""0000482"",""부천대학교"",""사립"",""경기"",""전문대학"",""31,471,375,501"",""19,861,521,080"",""313,243,000"",""270,000,000"",""-"",""-"",""-"",""660,890,000"",""-"",""475,356,150"",""1,509,552,950"",""14,838,896,521"",""48,406,532,450"",""30.65""]",2026-08-28T22:20:04.397Z
2020,0000490,전문대학,사립,서울,,서일대학교,"[""2020"",""0000490"",""서일대학교"",""사립"",""서울"",""전문대학"",""20,239,982,778"",""14,114,303,560"",""150,000,000"",""270,000,000"",""53,077,000"",""-"",""-"",""-"",""-"",""33,154,000"",""377,737,800"",""7,009,648,018"",""35,510,942,680"",""19.74""]",2026-08-28T22:20:04.397Z
2020,0000515,전문대학,사립,강원,,세경대학교,"[""2020"",""0000515"",""세경대학교"",""사립"",""강원"",""전문대학"",""3,046,551,129"",""2,669,193,530"",""-"",""-"",""-"",""-"",""-"",""-"",""-"",""13,538,850"",""300,000,000"",""690,896,449"",""4,907,246,097"",""14.08""]",2026-08-28T22:20:04.397Z
2020,0000567,전문대학,사립,강원,,송곡대학교,"[""2020"",""0000567"",""송곡대학교"",""사립"",""강원"",""전문대학"",""2,929,267,180"",""1,482,564,600"",""-"",""-"",""-"",""-"",""-"",""-"",""-"",""13,404,500"",""343,056,000"",""1,803,163,080"",""3,318,440,790"",""54.34""]",2026-08-28T22:20:04.397Z
2020,0000564,전문대학,사립,강원,,송호대학교,"[""2020"",""0000564"",""송호대학교"",""사립"",""강원"",""전문대학"",""2,730,179,553"",""2,311,084,670"",""-"",""50,000,000"",""-"",""-"",""56,650,000"",""-"",""-"",""14,161,500"",""380,000,000"",""919,906,383"",""5,288,204,564"",""17.40""]",2026-08-28T22:20:04.397Z
2020,0000496,전문대학,사립,경기,,수원여자대학교,"[""2020"",""0000496"",""수원여자대학교"",""사립"",""경기"",""전문대학"",""9,918,295,318"",""9,161,463,490"",""-"",""-"",""-"",""-"",""-"",""183,679,300"",""-"",""135,362,000"",""916,426,915"",""1,992,300,043"",""28,205,285,133"",""7.06""]",2026-08-28T22:20:04.397Z
2020,0000498,전문대학,사립,전남,,순천제일대학교,"[""2020"",""0000498"",""순천제일대학교"",""사립"",""전남"",""전문대학"",""12,241,957,629"",""5,846,542,647"",""-"",""100,000,000"",""-"",""-"",""-"",""200,620,000"",""-"",""15,742,900"",""695,350,000"",""7,407,127,882"",""13,349,838,210"",""55.48""]",2026-08-28T22:20:04.397Z
2020,0000500,전문대학,사립,서울,,숭의여자대학교,"[""2020"",""0000500"",""숭의여자대학교"",""사립"",""서울"",""전문대학"",""8,884,054,511"",""8,033,539,870"",""-"",""-"",""-"",""-"",""-"",""-"",""-"",""14,805,850"",""2,325,900"",""867,646,391"",""19,100,508,300"",""4.54""]",2026-08-28T22:20:04.397Z
2020,0000501,전문대학,사립,경기,,신구대학교,"[""2020"",""0000501"",""신구대학교"",""사립"",""경기"",""전문대학"",""22,019,846,559"",""15,332,597,690"",""-"",""-"",""-"",""-"",""12,628,200"",""66,360,000"",""-"",""42,742,500"",""58,299,740"",""6,867,279,309"",""43,548,144,410"",""15.77""]",2026-08-28T22:20:04.397Z
2020,0000506,전문대학,사립,경기,,신안산대학교,"[""2020"",""0000506"",""신안산대학교"",""사립"",""경기"",""전문대학"",""9,853,376,953"",""9,200,709,640"",""-"",""-"",""-"",""-"",""-"",""-"",""-"",""23,617,500"",""27,677,900"",""703,962,713"",""23,781,735,005"",""2.96""]",2026-08-28T22:20:04.397Z
2020,0000454,전문대학,사립,충남,,아주자동차대학교,"[""2020"",""0000454"",""아주자동차대학교"",""사립"",""충남"",""전문대학"",""5,411,839,225"",""1,911,306,200"",""851,141,000"",""-"",""-"",""-"",""-"",""-"",""-"",""-"",""173,000,000"",""4,524,674,025"",""5,554,066,150"",""81.47""]",2026-08-28T22:20:04.397Z
2020,0000510,전문대학,사립,경기,,여주대학교,"[""2020"",""0000510"",""여주대학교"",""사립"",""경기"",""전문대학"",""17,220,826,573"",""11,877,099,162"",""-"",""68,213,600"",""-"",""-"",""72,665,000"",""227,805,000"",""-"",""11,318,500"",""58,520,000"",""5,782,249,511"",""33,312,414,445"",""17.36""]",2026-08-28T22:20:04.397Z
2020,0000512,전문대학,사립,충남,,연암대학교,"[""2020"",""0000512"",""연암대학교"",""사립"",""충남"",""전문대학"",""7,914,455,748"",""2,159,472,618"",""-"",""-"",""-"",""-"",""-"",""-"",""1,223,852,000"",""64,972,670"",""-"",""7,043,807,800"",""6,509,065,368"",""108.22""]",2026-08-28T22:20:04.397Z
2020,0000418,전문대학,사립,경북,,영남외국어대학,"[""2020"",""0000418"",""영남외국어대학"",""사립"",""경북"",""전문대학"",""153,397,477"",""51,273,620"",""37,500,000"",""-"",""-"",""-"",""-"",""-"",""-"",""166,182,000"",""-"",""305,805,857"",""2,789,459,000"",""10.96""]",2026-08-28T22:20:04.397Z
2020,0000513,전문대학,사립,대구,,영남이공대학교,"[""2020"",""0000513"",""영남이공대학교"",""사립"",""대구"",""전문대학"",""24,657,652,599"",""14,663,247,020"",""66,400,000"",""798,008,000"",""-"",""-"",""-"",""319,973,000"",""-"",""42,470,000"",""307,825,000"",""11,529,081,579"",""35,560,293,151"",""32.42""]",2026-08-28T22:20:04.397Z
2020,0000517,전문대학,사립,대구,,영진전문대학교,"[""2020"",""0000517"",""영진전문대학교"",""사립"",""대구"",""전문대학"",""31,326,416,979"",""19,169,437,630"",""-"",""1,963,939,624"",""-"",""-"",""-"",""241,233,800"",""-"",""64,387,000"",""1,748,997,800"",""16,175,537,573"",""46,209,247,227"",""35.00""]",2026-08-28T22:20:04.397Z
2020,0000524,전문대학,사립,경기,,유한대학교,"[""2020"",""0000524"",""유한대학교"",""사립"",""경기"",""전문대학"",""19,712,921,514"",""11,216,223,635"",""-"",""153,120,000"",""-"",""-"",""-"",""88,883,500"",""100,000,000"",""23,337,000"",""75,000,000"",""8,937,038,379"",""27,891,501,803"",""32.04""]",2026-08-28T22:20:04.397Z
2020,0000525,전문대학,사립,서울,,인덕대학교,"[""2020"",""0000525"",""인덕대학교"",""사립"",""서울"",""전문대학"",""16,653,078,756"",""14,814,548,657"",""-"",""100,000,000"",""70,000,000"",""-"",""-"",""1,948,180,000"",""-"",""21,268,160"",""2,258,470,630"",""6,236,448,889"",""38,861,330,033"",""16.05""]",2026-08-28T22:20:04.397Z
2020,0000455,전문대학,사립,인천,,재능대학교,"[""2020"",""0000455"",""재능대학교"",""사립"",""인천"",""전문대학"",""15,984,480,148"",""8,609,072,810"",""46,650,560"",""117,665,000"",""-"",""-"",""-"",""-"",""-"",""39,917,100"",""213,930,810"",""7,793,570,808"",""21,148,060,710"",""36.85""]",2026-08-28T22:20:04.397Z
2020,0000527,전문대학,사립,경기,,장안대학교,"[""2020"",""0000527"",""장안대학교"",""사립"",""경기"",""전문대학"",""13,273,796,307"",""11,686,940,933"",""44,937,000"",""198,736,000"",""-"",""-"",""-"",""47,778,500"",""-"",""87,545,750"",""255,547,550"",""2,221,400,174"",""32,777,438,833"",""6.78""]",2026-08-28T22:20:04.397Z
2020,0000529,전문대학,사립,전남,,전남과학대학교,"[""2020"",""0000529"",""전남과학대학교"",""사립"",""전남"",""전문대학"",""18,997,742,903"",""11,732,259,480"",""-"",""-"",""-"",""-"",""99,550,000"",""-"",""-"",""60,795,000"",""111,350,000"",""7,537,178,423"",""19,230,416,640"",""39.19""]",2026-08-28T22:20:04.397Z
2020,0000562,전문대학,공립,전남,,전남도립대학교,"[""2020"",""0000562"",""전남도립대학교"",""공립"",""전남"",""전문대학"",""5,161,256,188"",""1,455,278,000"",""-"",""304,130,000"",""-"",""-"",""75,000,000"",""-"",""-"",""996,000"",""5,360,022,000"",""9,446,126,188"",""-"",""""]",2026-08-28T22:20:04.397Z
2020,0000531,전문대학,사립,전북,,전북과학대학교,"[""2020"",""0000531"",""전북과학대학교"",""사립"",""전북"",""전문대학"",""9,863,617,643"",""5,278,591,769"",""107,432,000"",""-"",""-"",""-"",""-"",""60,451,000"",""-"",""14,976,500"",""461,432,000"",""5,229,317,374"",""8,985,306,254"",""58.20""]",2026-08-28T22:20:04.397Z
2020,0000530,전문대학,사립,전북,,전주비전대학교,"[""2020"",""0000530"",""전주비전대학교"",""사립"",""전북"",""전문대학"",""17,217,151,104"",""9,309,287,220"",""-"",""165,810,000"",""-"",""-"",""28,950,000"",""165,768,000"",""-"",""313,469,733"",""218,367,000"",""8,800,228,617"",""21,028,919,670"",""41.85""]",2026-08-28T22:20:04.397Z
2020,0000532,전문대학,사립,제주,,제주관광대학교,"[""2020"",""0000532"",""제주관광대학교"",""사립"",""제주"",""전문대학"",""9,016,469,278"",""4,879,340,770"",""37,500,000"",""178,100,000"",""-"",""-"",""-"",""245,910,000"",""-"",""25,406,000"",""400,500,000"",""5,024,544,508"",""9,672,087,454"",""51.95""]",2026-08-28T22:20:04.397Z
2020,0000534,전문대학,사립,광주,,조선이공대학교,"[""2020"",""0000534"",""조선이공대학교"",""사립"",""광주"",""전문대학"",""13,701,111,393"",""6,866,578,640"",""-"",""-"",""8,000,000"",""-"",""40,500,000"",""177,570,000"",""-"",""38,913,850"",""55,000,000"",""7,154,516,603"",""18,007,454,000"",""39.73""]",2026-08-28T22:20:04.397Z
2020,0000406,전문대학,공립,충북,,충북도립대학교,"[""2020"",""0000406"",""충북도립대학교"",""공립"",""충북"",""전문대학"",""3,416,471,591"",""835,935,087"",""35,461,950"",""-"",""93,000,000"",""-"",""-"",""124,312,000"",""-"",""-"",""17,267,337,000"",""20,100,647,454"",""-"",""""]",2026-08-28T22:20:04.397Z
2020,0000536,전문대학,사립,충북,,충북보건과학대학교,"[""2020"",""0000536"",""충북보건과학대학교"",""사립"",""충북"",""전문대학"",""11,796,691,154"",""6,082,004,110"",""-"",""-"",""-"",""-"",""58,500,000"",""113,646,000"",""-"",""43,212,100"",""114,330,000"",""6,044,375,144"",""16,315,587,270"",""37.05""]",2026-08-28T22:20:04.397Z
2020,0000547,전문대학,사립,충북,,충청대학교,"[""2020"",""0000547"",""충청대학교"",""사립"",""충북"",""전문대학"",""16,662,193,967"",""9,084,704,289"",""-"",""-"",""-"",""-"",""-"",""146,360,000"",""-"",""51,098,900"",""155,375,000"",""7,930,323,578"",""22,503,925,519"",""35.24""]",2026-08-28T22:20:04.397Z
2020,0000565,전문대학,사립,경기,,한국관광대학교,"[""2020"",""0000565"",""한국관광대학교"",""사립"",""경기"",""전문대학"",""8,463,782,854"",""5,012,894,398"",""-"",""-"",""-"",""-"",""80,000,000"",""-"",""-"",""10,247,000"",""12,395,000"",""3,553,530,456"",""11,663,896,095"",""30.47""]",2026-08-28T22:20:04.397Z
2020,0000570,전문대학,사립,경남,,한국승강기대학교,"[""2020"",""0000570"",""한국승강기대학교"",""사립"",""경남"",""전문대학"",""3,770,936,456"",""1,458,757,370"",""-"",""119,885,000"",""-"",""-"",""-"",""-"",""-"",""3,613,000"",""635,625,000"",""3,071,302,086"",""4,325,776,830"",""71.00""]",2026-08-28T22:20:04.397Z
2020,0000522,전문대학,사립,세종,,한국영상대학교,"[""2020"",""0000522"",""한국영상대학교"",""사립"",""세종"",""전문대학"",""15,484,458,036"",""8,036,228,601"",""180,000,000"",""-"",""-"",""-"",""12,000,000"",""32,230,000"",""-"",""38,569,200"",""20,000,000"",""7,731,028,635"",""19,451,709,418"",""39.74""]",2026-08-28T22:20:04.397Z
2020,0000554,전문대학,사립,서울,,한양여자대학교,"[""2020"",""0000554"",""한양여자대학교"",""사립"",""서울"",""전문대학"",""23,950,105,927"",""14,520,091,180"",""-"",""386,562,000"",""-"",""-"",""130,000,000"",""-"",""-"",""22,021,000"",""73,217,050"",""10,041,814,797"",""39,607,817,150"",""25.35""]",2026-08-28T22:20:04.397Z
2020,0000555,전문대학,사립,전남,,한영대학교,"[""2020"",""0000555"",""한영대학교"",""사립"",""전남"",""전문대학"",""4,631,745,532"",""2,776,928,950"",""-"",""-"",""-"",""-"",""-"",""-"",""-"",""57,920,050"",""-"",""1,912,736,632"",""7,339,894,810"",""26.06""]",2026-08-28T22:20:04.397Z
2020,0000415,전문대학,사립,경북,,호산대학교,"[""2020"",""0000415"",""호산대학교"",""사립"",""경북"",""전문대학"",""8,928,707,359"",""4,926,226,750"",""581,687,000"",""-"",""-"",""-"",""-"",""-"",""-"",""136,752,800"",""874,910,000"",""5,595,830,409"",""10,702,880,430"",""52.28""]",2026-08-28T22:20:04.397Z
2020,0000410,전문대학,사립,경북,,가톨릭상지대학교,"[""2020"",""0000410"",""가톨릭상지대학교"",""사립"",""경북"",""전문대학"",""9,859,905,883"",""4,785,669,634"",""-"",""259,590,000"",""-"",""-"",""-"",""30,000,000"",""-"",""51,411,200"",""205,950,000"",""5,621,187,449"",""10,294,550,737"",""54.60""]",2026-08-28T22:20:04.397Z
2020,0000514,전문대학,사립,강원,,강릉영동대학교,"[""2020"",""0000514"",""강릉영동대학교"",""사립"",""강원"",""전문대학"",""8,990,576,841"",""6,495,593,808"",""249,699,000"",""-"",""-"",""-"",""67,000,000"",""-"",""-"",""60,289,250"",""391,227,940"",""3,263,199,223"",""15,238,041,596"",""21.41""]",2026-08-28T22:20:04.397Z
2020,0002639,전문대학,공립,강원,,강원도립대학교,"[""2020"",""0002639"",""강원도립대학교"",""공립"",""강원"",""전문대학"",""2,809,747,306"",""769,983,950"",""-"",""-"",""-"",""-"",""48,850,000"",""174,848,584"",""-"",""-"",""12,713,150,000"",""14,976,611,940"",""-"",""""]",2026-08-28T22:20:04.397Z
2020,0000412,전문대학,사립,경남,,거제대학교,"[""2020"",""0000412"",""거제대학교"",""사립"",""경남"",""전문대학"",""6,975,701,398"",""2,476,481,800"",""20,000,000"",""70,000,000"",""-"",""-"",""-"",""-"",""-"",""136,344,000"",""500,000,000"",""5,225,563,598"",""7,051,627,430"",""74.10""]",2026-08-28T22:20:04.397Z
2020,0002640,전문대학,사립,부산,,경남정보대학교,"[""2020"",""0002640"",""경남정보대학교"",""사립"",""부산"",""전문대학"",""27,113,758,231"",""17,807,350,487"",""-"",""236,350,000"",""-"",""-"",""-"",""122,100,000"",""-"",""91,325,160"",""241,000,000"",""9,997,182,904"",""39,068,377,091"",""25.59""]",2026-08-28T22:20:04.397Z
2020,0000416,전문대학,사립,경기,,경민대학교,"[""2020"",""0000416"",""경민대학교"",""사립"",""경기"",""전문대학"",""20,532,214,580"",""11,636,210,230"",""-"",""-"",""-"",""-"",""-"",""43,832,000"",""129,146,890"",""42,115,200"",""549,807,450"",""9,660,905,890"",""28,095,777,340"",""34.39""]",2026-08-28T22:20:04.397Z
2020,0002641,전문대학,사립,경기,,경복대학교,"[""2020"",""0002641"",""경복대학교"",""사립"",""경기"",""전문대학"",""26,047,137,265"",""17,797,962,917"",""-"",""100,000,000"",""-"",""-"",""-"",""243,832,000"",""-"",""157,539,500"",""1,126,139,970"",""9,876,685,818"",""39,814,871,250"",""24.81""]",2026-08-28T22:20:04.397Z
2020,0002642,전문대학,사립,경북,,경북전문대학교,"[""2020"",""0002642"",""경북전문대학교"",""사립"",""경북"",""전문대학"",""13,252,086,347"",""7,714,766,230"",""-"",""93,254,000"",""-"",""-"",""38,400,000"",""96,000,000"",""-"",""28,469,360"",""473,740,050"",""6,267,183,527"",""16,239,752,160"",""38.59""]",2026-08-28T22:20:04.397Z
2020,0000422,전문대학,사립,인천,,경인여자대학교,"[""2020"",""0000422"",""경인여자대학교"",""사립"",""인천"",""전문대학"",""13,295,780,869"",""12,143,321,770"",""45,000,000"",""-"",""-"",""-"",""-"",""-"",""-"",""15,594,400"",""63,884,490"",""1,276,937,989"",""27,915,559,300"",""4.57""]",2026-08-28T22:20:04.397Z
2020,0000435,전문대학,사립,전남,,나주대학교,"[""2020"",""0000435"",""나주대학교"",""사립"",""전남"",""전문대학"",""4,984,805,737"",""4,868,983,200"",""-"",""-"",""-"",""-"",""-"",""-"",""-"",""48,073,400"",""-"",""163,895,937"",""7,174,212,650"",""2.28""]",2026-08-28T22:20:04.397Z
2020,0000428,전문대학,사립,전남,,광양보건대학교,"[""2020"",""0000428"",""광양보건대학교"",""사립"",""전남"",""전문대학"",""84,487,817"",""62,394,600"",""-"",""-"",""-"",""-"",""-"",""-"",""-"",""1,685,000"",""46,158,000"",""69,936,217"",""-"",""""]",2026-08-28T22:20:04.397Z
2020,0000429,전문대학,사립,광주,,광주보건대학교,"[""2020"",""0000429"",""광주보건대학교"",""사립"",""광주"",""전문대학"",""15,662,029,208"",""9,441,864,570"",""-"",""80,000,000"",""50,000,000"",""74,285,000"",""-"",""38,257,000"",""-"",""24,029,200"",""118,600,000"",""6,605,335,838"",""18,728,789,860"",""35.27""]",2026-08-28T22:20:04.397Z
2020,0000432,전문대학,사립,전북,,군장대학교,"[""2020"",""0000432"",""군장대학교"",""사립"",""전북"",""전문대학"",""7,960,694,384"",""4,587,261,983"",""-"",""227,325,000"",""-"",""-"",""44,450,000"",""-"",""-"",""15,804,000"",""445,874,000"",""4,106,885,401"",""10,526,218,432"",""39.02""]",2026-08-28T22:20:04.397Z
2020,0000440,전문대학,사립,경기,,김포대학교,"[""2020"",""0000440"",""김포대학교"",""사립"",""경기"",""전문대학"",""8,002,618,461"",""7,472,054,620"",""-"",""100,000,000"",""-"",""-"",""-"",""247,105,595"",""-"",""923,490,000"",""631,454,000"",""2,432,613,436"",""19,329,800,440"",""12.58""]",2026-08-28T22:20:04.397Z
2020,0000569,전문대학,사립,경남,,김해대학교,"[""2020"",""0000569"",""김해대학교"",""사립"",""경남"",""전문대학"",""5,890,380,496"",""3,712,307,150"",""103,452,000"",""-"",""-"",""-"",""-"",""-"",""-"",""43,408,800"",""82,661,000"",""2,407,595,146"",""8,381,541,864"",""28.72""]",2026-08-28T22:20:04.397Z
2020,0000441,전문대학,사립,경기,,농협대학교,"[""2020"",""0000441"",""농협대학교"",""사립"",""경기"",""전문대학"",""2,187,533,439"",""464,132,600"",""-"",""-"",""-"",""-"",""-"",""-"",""48,019,500"",""6,110,000"",""-"",""1,777,530,339"",""2,223,629,990"",""79.94""]",2026-08-28T22:20:04.397Z
2020,0000444,전문대학,사립,대구,,대구보건대학교,"[""2020"",""0000444"",""대구보건대학교"",""사립"",""대구"",""전문대학"",""27,959,979,432"",""17,827,131,023"",""218,123,000"",""267,600,000"",""1,900,000,000"",""-"",""64,642,800"",""65,501,000"",""-"",""50,094,830"",""303,478,000"",""13,002,288,039"",""42,673,860,599"",""30.47""]",2026-08-28T22:20:04.397Z
2020,0000448,전문대학,사립,경기,,대림대학교,"[""2020"",""0000448"",""대림대학교"",""사립"",""경기"",""전문대학"",""26,025,276,834"",""15,659,511,430"",""-"",""276,372,620"",""40,000,000"",""-"",""19,000,000"",""-"",""29,256,000"",""62,590,420"",""854,883,550"",""11,647,867,994"",""46,935,108,940"",""24.82""]",2026-08-28T22:20:04.397Z
2020,0000457,전문대학,사립,경기,,동남보건대학교,"[""2020"",""0000457"",""동남보건대학교"",""사립"",""경기"",""전문대학"",""15,278,004,978"",""9,916,921,634"",""196,699,000"",""-"",""-"",""-"",""-"",""-"",""-"",""24,595,500"",""224,906,190"",""5,807,284,034"",""30,398,537,020"",""19.10""]",2026-08-28T22:20:04.397Z
2020,0000459,전문대학,사립,부산,,동부산대학교,"[""2020"",""0000459"",""동부산대학교"",""사립"",""부산"",""전문대학"",""163,707,461"",""158,973,500"",""-"",""-"",""-"",""-"",""-"",""-"",""-"",""-"",""-"",""4,733,961"",""-"",""""]",2026-08-28T22:20:04.397Z
2020,0000461,전문대학,사립,경기,,동아방송예술대학교,"[""2020"",""0000461"",""동아방송예술대학교"",""사립"",""경기"",""전문대학"",""13,342,590,731"",""7,440,216,990"",""-"",""-"",""-"",""-"",""-"",""-"",""-"",""13,521,600"",""10,742,950"",""5,926,638,291"",""22,497,397,950"",""26.34""]",2026-08-28T22:20:04.397Z
2020,0000462,전문대학,사립,전남,,동아보건대학교,"[""2020"",""0000462"",""동아보건대학교"",""사립"",""전남"",""전문대학"",""4,260,954,056"",""4,056,268,500"",""683,984,000"",""-"",""-"",""-"",""-"",""-"",""-"",""232,252,500"",""336,206,840"",""1,457,128,896"",""7,224,308,803"",""20.17""]",2026-08-28T22:20:04.397Z
2020,0000463,전문대학,사립,서울,,동양미래대학교,"[""2020"",""0000463"",""동양미래대학교"",""사립"",""서울"",""전문대학"",""23,686,847,721"",""13,267,711,290"",""37,485,000"",""-"",""80,000,000"",""-"",""-"",""150,000,000"",""-"",""30,180,000"",""1,005,067,200"",""11,721,868,631"",""37,454,844,420"",""31.30""]",2026-08-28T22:20:04.397Z
2020,0000465,전문대학,사립,경기,,동원대학교,"[""2020"",""0000465"",""동원대학교"",""사립"",""경기"",""전문대학"",""14,141,681,076"",""7,730,177,930"",""-"",""181,550,000"",""-"",""-"",""151,175,000"",""-"",""-"",""38,051,000"",""52,665,490"",""6,834,944,636"",""21,072,863,590"",""32.43""]",2026-08-28T22:20:04.397Z
2020,0000467,전문대학,사립,부산,,부산보건대학교,"[""2020"",""0000467"",""부산보건대학교"",""사립"",""부산"",""전문대학"",""15,042,366,781"",""7,967,113,067"",""-"",""-"",""-"",""-"",""-"",""38,478,000"",""-"",""73,086,200"",""10,183,000"",""7,197,000,914"",""17,408,801,659"",""41.34""]",2026-08-28T22:20:04.397Z
2020,0000470,전문대학,사립,경남,,마산대학교,"[""2020"",""0000470"",""마산대학교"",""사립"",""경남"",""전문대학"",""17,738,908,683"",""12,751,004,120"",""387,512,000"",""-"",""-"",""-"",""151,175,000"",""50,000,000"",""-"",""39,130,500"",""408,380,000"",""6,024,102,063"",""32,281,149,850"",""18.66""]",2026-08-28T22:20:04.397Z
2020,0000473,전문대학,사립,서울,,명지전문대학,"[""2020"",""0000473"",""명지전문대학"",""사립"",""서울"",""전문대학"",""20,159,072,161"",""15,739,744,385"",""-"",""122,915,000"",""-"",""-"",""-"",""-"",""-"",""809,936,990"",""503,118,390"",""5,855,298,156"",""43,138,630,229"",""13.57""]",2026-08-28T22:20:04.397Z
2020,0000474,전문대학,사립,전남,,목포과학대학교,"[""2020"",""0000474"",""목포과학대학교"",""사립"",""전남"",""전문대학"",""8,329,477,531"",""6,302,399,197"",""87,375,000"",""-"",""-"",""-"",""62,150,000"",""-"",""-"",""19,011,100"",""546,465,000"",""2,742,079,434"",""11,976,817,287"",""22.89""]",2026-08-28T22:20:04.397Z
2020,0000476,전문대학,사립,서울,,배화여자대학교,"[""2020"",""0000476"",""배화여자대학교"",""사립"",""서울"",""전문대학"",""7,892,835,309"",""7,033,189,280"",""435,624,000"",""-"",""-"",""-"",""-"",""155,000,000"",""20,000,000"",""37,742,000"",""554,423,830"",""2,062,435,859"",""16,160,686,620"",""12.76""]",2026-08-28T22:20:04.397Z
2020,0000483,전문대학,사립,서울,,삼육보건대학교,"[""2020"",""0000483"",""삼육보건대학교"",""사립"",""서울"",""전문대학"",""5,952,045,526"",""2,663,991,767"",""-"",""-"",""-"",""-"",""-"",""148,000,000"",""-"",""-"",""147,695,280"",""3,583,749,039"",""7,625,867,220"",""46.99""]",2026-08-28T22:20:04.397Z
2020,0000065,대학,사립,경북,,신경주대학교,"[""2020"",""0000065"",""신경주대학교"",""사립"",""경북"",""대학"",""1,593,720,456"",""784,505,000"",""-"",""81,000,000"",""-"",""-"",""-"",""-"",""194,110,000"",""10,094,000"",""20,000,000"",""1,114,419,456"",""6,976,203,030"",""15.97""]",2026-08-28T22:20:04.397Z
2020,0002646,전문대학,사립,광주,,서영대학교,"[""2020"",""0002646"",""서영대학교"",""사립"",""광주"",""전문대학"",""21,240,625,488"",""12,974,769,197"",""70,000,000"",""-"",""-"",""-"",""-"",""-"",""-"",""57,728,250"",""1,192,726,800"",""9,586,311,341"",""29,037,532,495"",""33.01""]",2026-08-28T22:20:04.397Z
2020,0000489,전문대학,사립,경기,,서울예술대학교,"[""2020"",""0000489"",""서울예술대학교"",""사립"",""경기"",""전문대학"",""6,981,237,291"",""6,253,613,600"",""-"",""-"",""-"",""-"",""167,500,000"",""-"",""-"",""17,679,500"",""25,000,000"",""937,803,191"",""25,481,841,531"",""3.68""]",2026-08-28T22:20:04.397Z
2020,0000566,전문대학,사립,경기,,서정대학교,"[""2020"",""0000566"",""서정대학교"",""사립"",""경기"",""전문대학"",""16,998,952,530"",""12,941,830,370"",""-"",""-"",""-"",""-"",""-"",""-"",""45,000,000"",""104,650,900"",""425,488,060"",""4,632,261,120"",""34,146,550,370"",""13.57""]",2026-08-28T22:20:04.397Z
2020,0000431,전문대학,사립,전북,,서해대학,"[""2020"",""0000431"",""서해대학"",""사립"",""전북"",""전문대학"",""477,693,234"",""425,222,070"",""-"",""-"",""-"",""-"",""-"",""-"",""-"",""19,739,830"",""-"",""72,210,994"",""-"",""""]",2026-08-28T22:20:04.397Z
2020,0000550,전문대학,사립,경북,,선린대학교,"[""2020"",""0000550"",""선린대학교"",""사립"",""경북"",""전문대학"",""9,022,069,288"",""5,545,958,400"",""-"",""-"",""-"",""-"",""-"",""-"",""-"",""15,988,670"",""313,500,000"",""3,805,599,558"",""13,089,288,707"",""29.07""]",2026-08-28T22:20:04.397Z
2020,0002647,전문대학,사립,경북,,성운대학교,"[""2020"",""0002647"",""성운대학교"",""사립"",""경북"",""전문대학"",""6,070,747,365"",""3,383,689,375"",""-"",""-"",""-"",""-"",""-"",""-"",""194,110,000"",""92,311,800"",""-"",""2,973,479,790"",""7,656,680,238"",""38.84""]",2026-08-28T22:20:04.397Z
2020,0002649,전문대학,사립,대구,,수성대학교,"[""2020"",""0002649"",""수성대학교"",""사립"",""대구"",""전문대학"",""15,499,001,647"",""8,878,060,300"",""117,000,000"",""-"",""-"",""-"",""-"",""127,000,000"",""-"",""98,664,080"",""419,982,000"",""7,383,587,427"",""19,423,832,110"",""38.01""]",2026-08-28T22:20:04.397Z
2020,0000497,전문대학,사립,경기,,수원과학대학교,"[""2020"",""0000497"",""수원과학대학교"",""사립"",""경기"",""전문대학"",""12,019,176,211"",""11,585,143,730"",""233,333,000"",""54,156,000"",""-"",""-"",""-"",""215,000,000"",""27,272,723"",""28,395,000"",""95,070,000"",""1,087,259,204"",""30,060,950,617"",""3.62""]",2026-08-28T22:20:04.397Z
2020,0000502,전문대학,사립,충남,,신성대학교,"[""2020"",""0000502"",""신성대학교"",""사립"",""충남"",""전문대학"",""14,497,586,801"",""8,803,332,900"",""-"",""148,897,000"",""-"",""-"",""-"",""-"",""30,000,000"",""31,944,000"",""192,092,940"",""6,097,187,841"",""23,737,450,980"",""25.69""]",2026-08-28T22:20:04.397Z
2020,0002650,전문대학,사립,경북,,안동과학대학교,"[""2020"",""0002650"",""안동과학대학교"",""사립"",""경북"",""전문대학"",""12,394,110,989"",""6,835,908,650"",""-"",""100,000,000"",""-"",""-"",""67,000,000"",""-"",""-"",""26,634,630"",""125,000,000"",""5,876,836,969"",""14,996,500,930"",""39.19""]",2026-08-28T22:20:04.397Z
2020,0000507,전문대학,사립,경기,,안산대학교,"[""2020"",""0000507"",""안산대학교"",""사립"",""경기"",""전문대학"",""16,982,974,677"",""11,223,630,910"",""176,268,000"",""-"",""-"",""-"",""-"",""39,805,000"",""-"",""24,524,000"",""12,712,950"",""6,012,653,717"",""26,951,922,280"",""22.31""]",2026-08-28T22:20:04.397Z
2020,0002651,전문대학,사립,경기,,연성대학교,"[""2020"",""0002651"",""연성대학교"",""사립"",""경기"",""전문대학"",""24,989,791,915"",""14,079,554,316"",""-"",""-"",""-"",""-"",""-"",""83,028,000"",""-"",""20,557,600"",""219,404,200"",""11,233,227,399"",""37,278,856,748"",""30.13""]",2026-08-28T22:20:04.397Z
2020,0002652,전문대학,사립,경남,,연암공과대학교,"[""2020"",""0002652"",""연암공과대학교"",""사립"",""경남"",""전문대학"",""6,660,044,246"",""2,368,953,890"",""-"",""-"",""-"",""-"",""-"",""-"",""-"",""11,358,600"",""20,000,000"",""4,322,448,956"",""6,320,750,285"",""68.39""]",2026-08-28T22:20:04.397Z
2020,0002653,전문대학,사립,경기,,오산대학교,"[""2020"",""0002653"",""오산대학교"",""사립"",""경기"",""전문대학"",""16,210,841,311"",""9,304,065,262"",""-"",""415,654,000"",""135,000,000"",""-"",""-"",""59,944,000"",""-"",""49,495,000"",""856,816,650"",""8,423,685,699"",""31,273,532,820"",""26.94""]",2026-08-28T22:20:04.397Z
2020,0000520,전문대학,사립,경기,,용인예술과학대학교,"[""2020"",""0000520"",""용인예술과학대학교"",""사립"",""경기"",""전문대학"",""12,361,143,905"",""7,839,199,360"",""338,953,000"",""100,000,000"",""-"",""-"",""-"",""194,312,000"",""-"",""14,356,500"",""139,896,080"",""5,309,462,125"",""25,018,055,375"",""21.22""]",2026-08-28T22:20:04.397Z
2020,0000452,전문대학,사립,대전,,우송정보대학,"[""2020"",""0000452"",""우송정보대학"",""사립"",""대전"",""전문대학"",""17,875,074,904"",""11,010,040,080"",""109,410,000"",""-"",""-"",""-"",""-"",""381,800,000"",""-"",""16,913,750"",""234,237,000"",""7,607,395,574"",""25,331,032,040"",""30.03""]",2026-08-28T22:20:04.397Z
2020,0000521,전문대학,사립,울산,,울산과학대학교,"[""2020"",""0000521"",""울산과학대학교"",""사립"",""울산"",""전문대학"",""20,501,789,024"",""9,705,676,140"",""-"",""342,850,000"",""30,000,000"",""-"",""180,850,000"",""338,680,000"",""32,000,000"",""37,704,000"",""2,315,338,940"",""14,073,535,824"",""34,121,006,110"",""41.25""]",2026-08-28T22:20:04.397Z
2020,0000568,전문대학,사립,경기,,웅지세무대학교,"[""2020"",""0000568"",""웅지세무대학교"",""사립"",""경기"",""전문대학"",""401,655,938"",""270,886,800"",""-"",""-"",""-"",""-"",""-"",""-"",""-"",""13,920,000"",""-"",""144,689,138"",""6,882,544,360"",""2.10""]",2026-08-28T22:20:04.397Z
2020,0000523,전문대학,사립,전북,,원광보건대학교,"[""2020"",""0000523"",""원광보건대학교"",""사립"",""전북"",""전문대학"",""21,131,748,746"",""13,079,844,401"",""136,907,000"",""292,000,000"",""-"",""-"",""60,000,000"",""-"",""-"",""23,855,000"",""799,976,000"",""9,364,642,345"",""27,789,923,511"",""33.70""]",2026-08-28T22:20:04.397Z
2020,0002654,전문대학,사립,인천,,인하공업전문대학,"[""2020"",""0002654"",""인하공업전문대학"",""사립"",""인천"",""전문대학"",""26,158,225,714"",""16,043,193,360"",""-"",""250,000,000"",""238,000,000"",""-"",""-"",""87,000,000"",""-"",""238,876,000"",""72,935,280"",""11,001,843,634"",""43,765,823,530"",""25.14""]",2026-08-28T22:20:04.397Z
2020,0000437,전문대학,사립,전북,,전주기전대학,"[""2020"",""0000437"",""전주기전대학"",""사립"",""전북"",""전문대학"",""7,886,663,067"",""4,830,186,430"",""127,500,000"",""769,000,000"",""-"",""-"",""-"",""231,130,260"",""194,110,000"",""19,480,050"",""1,154,382,230"",""5,552,079,177"",""9,719,964,700"",""57.12""]",2026-08-28T22:20:04.397Z
2020,0002655,전문대학,사립,제주,,제주한라대학교,"[""2020"",""0002655"",""제주한라대학교"",""사립"",""제주"",""전문대학"",""18,071,572,749"",""11,366,244,860"",""180,000,000"",""213,850,000"",""-"",""200,000,000"",""-"",""134,670,000"",""194,110,000"",""60,708,150"",""-"",""7,688,666,039"",""27,881,216,887"",""27.58""]",2026-08-28T22:20:04.397Z
2020,0000539,전문대학,사립,경남,,진주보건대학교,"[""2020"",""0000539"",""진주보건대학교"",""사립"",""경남"",""전문대학"",""8,274,984,430"",""7,699,485,327"",""-"",""-"",""-"",""-"",""-"",""-"",""-"",""50,319,100"",""-"",""625,818,203"",""16,644,609,040"",""3.76""]",2026-08-28T22:20:04.397Z
2020,0000542,전문대학,사립,경남,,창원문성대학교,"[""2020"",""0000542"",""창원문성대학교"",""사립"",""경남"",""전문대학"",""10,333,008,301"",""6,184,108,000"",""-"",""562,700,000"",""-"",""-"",""-"",""94,643,000"",""-"",""21,495,000"",""1,217,480,000"",""6,045,218,301"",""14,222,183,500"",""42.51""]",2026-08-28T22:20:04.397Z
2020,0000544,전문대학,사립,경기,,청강문화산업대학교,"[""2020"",""0000544"",""청강문화산업대학교"",""사립"",""경기"",""전문대학"",""12,213,095,601"",""8,562,383,880"",""-"",""101,426,140"",""-"",""-"",""12,000,000"",""255,000,000"",""30,000,000"",""24,370,500"",""1,026,945,440"",""5,100,453,801"",""25,906,045,025"",""19.69""]",2026-08-28T22:20:04.397Z
2020,0002656,전문대학,사립,전남,,청암대학교,"[""2020"",""0002656"",""청암대학교"",""사립"",""전남"",""전문대학"",""10,637,443,608"",""6,269,551,770"",""-"",""-"",""-"",""-"",""-"",""-"",""-"",""12,770,850"",""3,103,722,000"",""7,484,384,688"",""14,005,609,430"",""53.44""]",2026-08-28T22:20:04.397Z
2020,0000545,전문대학,사립,울산,,춘해보건대학교,"[""2020"",""0000545"",""춘해보건대학교"",""사립"",""울산"",""전문대학"",""10,450,143,185"",""6,186,425,050"",""-"",""-"",""-"",""-"",""-"",""-"",""-"",""41,976,500"",""316,000,000"",""4,621,694,635"",""16,553,929,240"",""27.92""]",2026-08-28T22:20:04.397Z
2020,0002657,전문대학,공립,충남,,충남도립대학교,"[""2020"",""0002657"",""충남도립대학교"",""공립"",""충남"",""전문대학"",""4,009,040,684"",""1,347,863,250"",""-"",""180,000,000"",""-"",""-"",""-"",""-"",""-"",""-"",""1,154,763,000"",""3,995,940,434"",""-"",""""]",2026-08-28T22:20:04.397Z
2020,0002658,전문대학,사립,경북,,포항대학교,"[""2020"",""0002658"",""포항대학교"",""사립"",""경북"",""전문대학"",""5,150,829,789"",""4,569,612,500"",""-"",""-"",""-"",""-"",""-"",""89,814,679"",""-"",""28,900,500"",""1,192,500,000"",""1,892,432,468"",""10,738,954,701"",""17.62""]",2026-08-28T22:20:04.397Z
2020,0000578,전문대학,사립,강원,,한국골프과학기술대학교,"[""2020"",""0000578"",""한국골프과학기술대학교"",""사립"",""강원"",""전문대학"",""1,101,969,095"",""1,045,000,500"",""200,000,000"",""-"",""-"",""-"",""37,750,000"",""-"",""-"",""15,415,000"",""200,000,000"",""510,133,595"",""3,206,915,000"",""15.91""]",2026-08-28T22:20:04.397Z
2020,0003019,전문대학,특별법국립,전북,,한국농수산대학교,"[""2020"",""0003019"",""한국농수산대학교"",""특별법국립"",""전북"",""전문대학"",""127,737,500"",""115,237,500"",""-"",""-"",""100,000,000"",""-"",""-"",""40,312,000"",""46,513,462,000"",""1,465,000,000"",""408,720,000"",""48,539,994,000"",""-"",""""]",2026-08-28T22:20:04.397Z
2020,0000037,전문대학,국립,경기,,한경국립대학교,"[""2020"",""0000037"",""한경국립대학교"",""국립"",""경기"",""전문대학"",""20,340,369,612"",""8,112,065,600"",""-"",""58,400,000"",""58,000,000"",""-"",""156,800,000"",""150,000,000"",""-"",""22,400,000"",""-"",""12,673,904,012"",""-"",""""]",2026-08-28T22:20:04.397Z
2020,0000553,전문대학,사립,강원,,한림성심대학교,"[""2020"",""0000553"",""한림성심대학교"",""사립"",""강원"",""전문대학"",""15,406,821,974"",""7,867,919,850"",""-"",""-"",""-"",""-"",""-"",""353,100,000"",""-"",""18,616,700"",""350,990,890"",""8,261,609,714"",""16,792,764,910"",""49.20""]",2026-08-28T22:20:04.397Z
2020,0000556,전문대학,사립,충남,,혜전대학교,"[""2020"",""0000556"",""혜전대학교"",""사립"",""충남"",""전문대학"",""10,506,267,907"",""6,632,191,020"",""526,256,000"",""-"",""-"",""200,000,000"",""43,500,000"",""-"",""-"",""15,825,000"",""931,749,280"",""5,591,407,167"",""15,211,433,760"",""36.76""]",2026-08-28T22:20:04.397Z
2020,0002971,전문대학,사립,전북,,군산간호대학교,"[""2020"",""0002971"",""군산간호대학교"",""사립"",""전북"",""전문대학"",""2,824,516,233"",""2,524,016,000"",""-"",""-"",""-"",""-"",""-"",""-"",""-"",""394,644,350"",""-"",""695,144,583"",""7,269,616,800"",""9.56""]",2026-08-28T22:20:04.397Z
2020,0002972,전문대학,사립,광주,,기독간호대학교,"[""2020"",""0002972"",""기독간호대학교"",""사립"",""광주"",""전문대학"",""3,162,975,950"",""1,216,910,800"",""160,000,000"",""-"",""-"",""-"",""-"",""-"",""-"",""6,568,000"",""-"",""2,112,633,150"",""3,190,981,440"",""66.21""]",2026-08-28T22:20:04.397Z
2020,0002973,전문대학,사립,서울,,서울여자간호대학교,"[""2020"",""0002973"",""서울여자간호대학교"",""사립"",""서울"",""전문대학"",""3,254,839,660"",""1,338,510,140"",""-"",""-"",""-"",""-"",""-"",""-"",""-"",""8,398,940"",""501,162,950"",""2,425,891,410"",""6,050,616,620"",""40.09""]",2026-08-28T22:20:04.397Z
2020,0002974,전문대학,사립,광주,,조선간호대학교,"[""2020"",""0002974"",""조선간호대학교"",""사립"",""광주"",""전문대학"",""2,897,430,016"",""1,399,392,150"",""-"",""79,200,000"",""-"",""-"",""-"",""-"",""-"",""11,367,850"",""-"",""1,588,605,716"",""3,888,336,850"",""40.86""]",2026-08-28T22:20:04.397Z
2020,0000579,전문대학,사립,경기,,ICT폴리텍대학,"[""2020"",""0000579"",""ICT폴리텍대학"",""사립"",""경기"",""전문대학"",""206,463,357"",""206,247,500"",""5,786,000,000"",""-"",""-"",""-"",""-"",""-"",""-"",""1,140,000"",""-"",""5,787,355,857"",""-"",""""]",2026-08-28T22:20:04.397Z
2020,0000585,전문대학,사립,서울,,한국폴리텍 I 대학,"[""2020"",""0000585"",""한국폴리텍 I 대학"",""사립"",""서울"",""전문대학"",""2,986,281,427"",""2,925,177,662"",""-"",""40,519,244,639"",""-"",""-"",""-"",""87,000,000"",""-"",""3,292,080"",""1,000,400,000"",""41,671,040,484"",""-"",""""]",2026-08-28T22:20:04.397Z
2020,0000590,전문대학,사립,경기,,한국폴리텍 II 대학,"[""2020"",""0000590"",""한국폴리텍 II 대학"",""사립"",""경기"",""전문대학"",""2,244,039,280"",""2,186,551,907"",""-"",""39,530,655,639"",""-"",""-"",""-"",""68,168,000"",""-"",""9,940,000"",""40,000,000"",""39,706,251,012"",""-"",""""]",2026-08-28T22:20:04.397Z
2020,0000594,전문대학,사립,강원,,한국폴리텍 III 대학,"[""2020"",""0000594"",""한국폴리텍 III 대학"",""사립"",""강원"",""전문대학"",""539,951,691"",""539,385,501"",""-"",""31,871,402,509"",""-"",""-"",""-"",""-"",""-"",""599,250"",""83,180,000"",""31,955,747,949"",""-"",""""]",2026-08-28T22:20:04.397Z
2020,0000603,전문대학,사립,대전,,한국폴리텍 IV 대학,"[""2020"",""0000603"",""한국폴리텍 IV 대학"",""사립"",""대전"",""전문대학"",""2,809,292,389"",""2,699,617,386"",""-"",""35,693,005,539"",""70,000,000"",""-"",""-"",""-"",""-"",""11,464,500"",""-"",""35,884,145,042"",""-"",""""]",2026-08-28T22:20:04.397Z
2020,0000616,전문대학,사립,광주,,한국폴리텍 V 대학,"[""2020"",""0000616"",""한국폴리텍 V 대학"",""사립"",""광주"",""전문대학"",""2,067,702,892"",""1,982,831,004"",""-"",""49,957,947,899"",""-"",""-"",""-"",""87,000,000"",""-"",""10,174,000"",""9,000,000"",""50,148,993,787"",""-"",""""]",2026-08-28T22:20:04.397Z
2020,0000624,전문대학,사립,경북,,한국폴리텍 VI 대학,"[""2020"",""0000624"",""한국폴리텍 VI 대학"",""사립"",""경북"",""전문대학"",""1,758,382,082"",""1,744,441,104"",""1,107,192,000"",""39,067,802,749"",""-"",""-"",""-"",""-"",""-"",""1,806,500"",""594,353,000"",""40,785,095,227"",""-"",""""]",2026-08-28T22:20:04.397Z
2020,0003163,전문대학,사립,부산,,한국폴리텍 VII 대학,"[""2020"",""0003163"",""한국폴리텍 VII 대학"",""사립"",""부산"",""전문대학"",""3,281,101,011"",""3,016,593,420"",""-"",""37,877,144,939"",""-"",""-"",""-"",""150,000,000"",""-"",""14,495,750"",""946,320,000"",""39,252,468,280"",""-"",""""]",2026-08-28T22:20:04.397Z
2020,0003104,전문대학,사립,충남,,한국폴리텍 특성화대학,"[""2020"",""0003104"",""한국폴리텍 특성화대학"",""사립"",""충남"",""전문대학"",""1,712,252,763"",""1,681,274,918"",""40,000,000"",""28,332,563,037"",""-"",""-"",""-"",""-"",""-"",""44,800,750"",""142,800,000"",""28,591,141,632"",""-"",""""]",2026-08-28T22:20:04.397Z
2020,0000575,전문대학,사립,대구,,영진사이버대학교,"[""2020"",""0000575"",""영진사이버대학교"",""사립"",""대구"",""전문대학"",""6,035,842,185"",""5,530,436,300"",""-"",""-"",""-"",""-"",""-"",""-"",""-"",""-"",""-"",""505,405,885"",""9,096,670,000"",""5.56""]",2026-08-28T22:20:04.397Z
2020,0000576,전문대학,사립,경북,,한국복지사이버대학교,"[""2020"",""0000576"",""한국복지사이버대학교"",""사립"",""경북"",""전문대학"",""2,582,633,004"",""2,547,252,000"",""-"",""-"",""-"",""-"",""-"",""-"",""-"",""-"",""-"",""35,381,004"",""5,110,900,000"",""0.69""]",2026-08-28T22:20:04.397Z
2020,0000683,대학원대학,특별법법인,경기,,한국학대학원,"[""2020"",""0000683"",""한국학대학원"",""특별법법인"",""경기"",""대학원대학"",""6,367,770"","""",""1,511,658,000"",""-"",""-"",""-"",""-"",""-"",""-"",""-"",""-"",""1,518,025,770"",""-"",""""]",2026-08-28T22:20:04.397Z
2020,0000663,대학원대학,사립,서울,,개신대학원대학교,"[""2020"",""0000663"",""개신대학원대학교"",""사립"",""서울"",""대학원대학"",""1,510,859,110"","""",""-"",""-"",""-"",""-"",""-"",""-"",""-"",""-"",""-"",""1,510,859,110"",""653,082,674"",""231.34""]",2026-08-28T22:20:04.397Z
2020,0000643,대학원대학,사립,대전,,건신대학원대학교,"[""2020"",""0000643"",""건신대학원대학교"",""사립"",""대전"",""대학원대학"",""7,070,340"","""",""-"",""-"",""-"",""-"",""-"",""-"",""-"",""180,000,000"",""20,000,000"",""207,070,340"",""1,053,977,760"",""19.65""]",2026-08-28T22:20:04.397Z
2020,0000668,대학원대학,사립,경북,,경안대학원대학교,"[""2020"",""0000668"",""경안대학원대학교"",""사립"",""경북"",""대학원대학"",""1,884,600"","""",""70,700,000"",""-"",""-"",""-"",""-"",""-"",""-"",""-"",""-"",""72,584,600"",""256,300,330"",""28.32""]",2026-08-28T22:20:04.397Z
2020,0002643,대학원대학,사립,경기,,계약신학대학원대학교,"[""2020"",""0002643"",""계약신학대학원대학교"",""사립"",""경기"",""대학원대학"",""-"","""",""50,000,000"",""-"",""-"",""-"",""-"",""-"",""-"",""-"",""-"",""50,000,000"",""173,260,000"",""28.86""]",2026-08-28T22:20:04.397Z
2020,0000664,대학원대학,사립,대전,,과학기술연합대학원대학교,"[""2020"",""0000664"",""과학기술연합대학원대학교"",""사립"",""대전"",""대학원대학"",""112,106,415"","""",""15,733,907,000"",""-"",""-"",""-"",""-"",""-"",""-"",""-"",""-"",""15,846,013,415"",""-"",""""]",2026-08-28T22:20:04.397Z
2020,0002928,대학원대학,특별법법인,경기,,국립암센터국제암대학원대학교,"[""2020"",""0002928"",""국립암센터국제암대학원대학교"",""특별법법인"",""경기"",""대학원대학"",""72,475,000"","""",""995,500,000"",""-"",""-"",""43,500,000"",""-"",""-"",""-"",""-"",""-"",""1,111,475,000"",""-"",""""]",2026-08-28T22:20:04.397Z
2020,0000657,대학원대학,사립,충남,,국제뇌교육종합대학원대학교,"[""2020"",""0000657"",""국제뇌교육종합대학원대학교"",""사립"",""충남"",""대학원대학"",""126,834,088"","""",""-"",""-"",""-"",""-"",""-"",""-"",""-"",""-"",""-"",""126,834,088"",""2,220,704,600"",""5.71""]",2026-08-28T22:20:04.397Z
2020,0000649,대학원대학,사립,서울,,수도국제대학원대학교,"[""2020"",""0000649"",""수도국제대학원대학교"",""사립"",""서울"",""대학원대학"",""1,873,199"","""",""-"",""-"",""-"",""-"",""-"",""-"",""-"",""-"",""140,000,000"",""141,873,199"",""2,195,317,000"",""6.46""]",2026-08-28T22:20:04.397Z
2020,0000656,대학원대학,사립,서울,,국제언어대학원대학교,"[""2020"",""0000656"",""국제언어대학원대학교"",""사립"",""서울"",""대학원대학"",""5,600,000"","""",""-"",""-"",""-"",""-"",""-"",""-"",""-"",""-"",""-"",""5,600,000"",""518,397,000"",""1.08""]",2026-08-28T22:20:04.397Z
2020,0002818,대학원대학,사립,경기,,능인대학원대학교,"[""2020"",""0002818"",""능인대학원대학교"",""사립"",""경기"",""대학원대학"",""29,750,850"","""",""-"",""-"",""-"",""-"",""-"",""-"",""-"",""70,000,000"",""-"",""99,750,850"",""498,460,000"",""20.01""]",2026-08-28T22:20:04.397Z
2020,0000641,대학원대학,사립,경기,,대한신학대학원대학교,"[""2020"",""0000641"",""대한신학대학원대학교"",""사립"",""경기"",""대학원대학"",""3,960,140"","""",""-"",""-"",""-"",""-"",""-"",""-"",""-"",""-"",""-"",""3,960,140"",""1,242,644,120"",""0.32""]",2026-08-28T22:20:04.397Z
2020,0000669,대학원대학,사립,서울,,동방문화대학원대학교,"[""2020"",""0000669"",""동방문화대학원대학교"",""사립"",""서울"",""대학원대학"",""107,620,620"","""",""-"",""-"",""-"",""-"",""-"",""-"",""-"",""96,000,000"",""-"",""203,620,620"",""2,805,518,668"",""7.26""]",2026-08-28T22:20:04.397Z
2020,0000642,대학원대학,사립,서울,,베뢰아국제대학원대학교,"[""2020"",""0000642"",""베뢰아국제대학원대학교"",""사립"",""서울"",""대학원대학"",""8,248,830"","""",""-"",""-"",""-"",""-"",""-"",""-"",""-"",""-"",""-"",""8,248,830"",""226,015,000"",""3.65""]",2026-08-28T22:20:04.397Z
2020,0000670,대학원대학,사립,서울,,북한대학원대학교,"[""2020"",""0000670"",""북한대학원대학교"",""사립"",""서울"",""대학원대학"",""557,692,297"","""",""-"",""-"",""-"",""-"",""-"",""-"",""-"",""-"",""-"",""557,692,297"",""1,414,282,510"",""39.43""]",2026-08-28T22:20:04.397Z
2020,0000666,대학원대학,사립,서울,,서울과학종합대학원대학교,"[""2020"",""0000666"",""서울과학종합대학원대학교"",""사립"",""서울"",""대학원대학"",""416,388,504"","""",""-"",""-"",""-"",""-"",""-"",""-"",""-"",""-"",""-"",""416,388,504"",""9,494,983,333"",""4.39""]",2026-08-28T22:20:04.397Z
2020,0000660,대학원대학,사립,서울,,서울벤처대학원대학교,"[""2020"",""0000660"",""서울벤처대학원대학교"",""사립"",""서울"",""대학원대학"",""14,456,943"","""",""-"",""-"",""-"",""-"",""-"",""-"",""26,400,000"",""-"",""-"",""40,856,943"",""2,259,400,000"",""1.81""]",2026-08-28T22:20:04.397Z
2020,0000658,대학원대학,사립,서울,,서울불교대학원대학교,"[""2020"",""0000658"",""서울불교대학원대학교"",""사립"",""서울"",""대학원대학"",""209,000,000"","""",""-"",""-"",""-"",""-"",""-"",""-"",""-"",""-"",""-"",""209,000,000"",""1,660,845,725"",""12.58""]",2026-08-28T22:20:04.397Z
2020,0000650,대학원대학,사립,서울,,서울성경신학대학원대학교,"[""2020"",""0000650"",""서울성경신학대학원대학교"",""사립"",""서울"",""대학원대학"",""8,873,663"","""",""-"",""-"",""-"",""-"",""-"",""-"",""-"",""-"",""-"",""8,873,663"",""475,780,000"",""1.87""]",2026-08-28T22:20:04.397Z
2020,0000659,대학원대학,사립,서울,,서울외국어대학원대학교,"[""2020"",""0000659"",""서울외국어대학원대학교"",""사립"",""서울"",""대학원대학"",""15,789,844"","""",""-"",""-"",""-"",""-"",""-"",""-"",""-"",""-"",""-"",""15,789,844"",""2,941,941,667"",""0.54""]",2026-08-28T22:20:04.397Z
2020,0000667,대학원대학,사립,경기,,선학유피대학원대학교,"[""2020"",""0000667"",""선학유피대학원대학교"",""사립"",""경기"",""대학원대학"",""9,528,390"","""",""-"",""-"",""-"",""-"",""-"",""-"",""-"",""-"",""-"",""9,528,390"",""429,480,900"",""2.22""]",2026-08-28T22:20:04.397Z
2020,0000644,대학원대학,사립,인천,,성산효대학원대학교,"[""2020"",""0000644"",""성산효대학원대학교"",""사립"",""인천"",""대학원대학"",""9,284,175"","""",""-"",""-"",""-"",""-"",""-"",""-"",""-"",""-"",""-"",""9,284,175"",""1,353,433,900"",""0.69""]",2026-08-28T22:20:04.397Z
2020,0000661,대학원대학,사립,경기,,성서침례대학원대학교,"[""2020"",""0000661"",""성서침례대학원대학교"",""사립"",""경기"",""대학원대학"",""1,517,760"","""",""-"",""-"",""-"",""-"",""-"",""-"",""-"",""-"",""-"",""1,517,760"",""202,435,000"",""0.75""]",2026-08-28T22:20:04.397Z
2020,0000671,대학원대학,사립,서울,,순복음대학원대학교,"[""2020"",""0000671"",""순복음대학원대학교"",""사립"",""서울"",""대학원대학"",""496,943"","""",""-"",""-"",""-"",""-"",""-"",""-"",""-"",""5,100,000"",""-"",""5,596,943"",""-"",""""]",2026-08-28T22:20:04.397Z
2020,0000672,대학원대학,사립,경기,,실천신학대학원대학교,"[""2020"",""0000672"",""실천신학대학원대학교"",""사립"",""경기"",""대학원대학"",""20,979,000"","""",""-"",""-"",""-"",""-"",""-"",""-"",""-"",""-"",""-"",""20,979,000"",""325,816,500"",""6.44""]",2026-08-28T22:20:04.397Z
2020,0000651,대학원대학,사립,서울,,예명대학원대학교,"[""2020"",""0000651"",""예명대학원대학교"",""사립"",""서울"",""대학원대학"",""10,000,000"","""",""-"",""-"",""-"",""-"",""-"",""-"",""-"",""-"",""-"",""10,000,000"",""1,268,037,700"",""0.79""]",2026-08-28T22:20:04.397Z
2020,0000678,대학원대학,사립,서울,,서울상담심리대학원대학교,"[""2020"",""0000678"",""서울상담심리대학원대학교"",""사립"",""서울"",""대학원대학"",""27,001,170"","""",""-"",""-"",""-"",""-"",""-"",""-"",""-"",""-"",""-"",""27,001,170"",""1,026,415,670"",""2.63""]",2026-08-28T22:20:04.397Z
2020,0000645,대학원대학,사립,전북,,원불교대학원대학교,"[""2020"",""0000645"",""원불교대학원대학교"",""사립"",""전북"",""대학원대학"",""1,092,600"","""",""-"",""-"",""-"",""-"",""-"",""-"",""-"",""-"",""-"",""1,092,600"",""182,000,000"",""0.60""]",2026-08-28T22:20:04.397Z
2020,0000646,대학원대학,사립,경기,,웨스트민스터신학대학원대학교,"[""2020"",""0000646"",""웨스트민스터신학대학원대학교"",""사립"",""경기"",""대학원대학"",""39,292,201"","""",""-"",""-"",""-"",""-"",""-"",""-"",""-"",""-"",""10,000,000"",""49,292,201"",""3,025,522,502"",""1.63""]",2026-08-28T22:20:04.397Z
2020,0000680,대학원대학,사립,인천,,주안대학원대학교,"[""2020"",""0000680"",""주안대학원대학교"",""사립"",""인천"",""대학원대학"",""24,000,000"","""",""62,705,000"",""-"",""-"",""-"",""-"",""-"",""-"",""-"",""-"",""86,705,000"",""415,647,600"",""20.86""]",2026-08-28T22:20:04.397Z
2020,0000654,대학원대학,사립,경기,,온석대학원대학교,"[""2020"",""0000654"",""온석대학원대학교"",""사립"",""경기"",""대학원대학"",""8,979,120"","""",""30,000,000"",""-"",""-"",""-"",""-"",""-"",""-"",""-"",""-"",""38,979,120"",""902,520,000"",""4.32""]",2026-08-28T22:20:04.397Z
2020,0000640,대학원대학,사립,세종,,한국개발연구원국제정책대학원대학교,"[""2020"",""0000640"",""한국개발연구원국제정책대학원대학교"",""사립"",""세종"",""대학원대학"",""33,113,977"","""",""-"",""-"",""-"",""-"",""-"",""-"",""-"",""1,198,724,667"",""-"",""1,231,838,644"",""-"",""""]",2026-08-28T22:20:04.397Z
2020,0000679,대학원대학,사립,서울,,한국상담대학원대학교,"[""2020"",""0000679"",""한국상담대학원대학교"",""사립"",""서울"",""대학원대학"",""31,032,994"","""",""168,400,000"",""-"",""-"",""-"",""-"",""-"",""-"",""-"",""-"",""199,432,994"",""1,162,871,340"",""17.15""]",2026-08-28T22:20:04.397Z
2020,0000681,대학원대학,사립,울산,,한국전력국제원자력대학원대학교,"[""2020"",""0000681"",""한국전력국제원자력대학원대학교"",""사립"",""울산"",""대학원대학"",""-"","""",""-"",""-"",""796,000,000"",""-"",""-"",""-"",""-"",""-"",""100,000,000"",""896,000,000"",""4,168,438,000"",""21.49""]",2026-08-28T22:20:04.397Z
2020,0000647,대학원대학,사립,경기,,합동신학대학원대학교,"[""2020"",""0000647"",""합동신학대학원대학교"",""사립"",""경기"",""대학원대학"",""17,265,033"","""",""-"",""-"",""-"",""-"",""-"",""-"",""-"",""-"",""-"",""17,265,033"",""2,064,285,000"",""0.84""]",2026-08-28T22:20:04.397Z
2020,0000648,대학원대학,사립,서울,,횃불트리니티신학대학원대학교,"[""2020"",""0000648"",""횃불트리니티신학대학원대학교"",""사립"",""서울"",""대학원대학"",""45,989,109"","""",""77,500,000"",""-"",""-"",""-"",""-"",""-"",""-"",""-"",""-"",""123,489,109"",""2,847,591,000"",""4.34""]",2026-08-28T22:20:04.397Z
2020,0002857,대학원대학,사립,경기,,구세군사관대학원대학교,"[""2020"",""0002857"",""구세군사관대학원대학교"",""사립"",""경기"",""대학원대학"",""-"","""",""56,679,000"",""-"",""-"",""-"",""-"",""-"",""-"",""-"",""-"",""56,679,000"",""172,800,000"",""32.80""]",2026-08-28T22:20:04.397Z
2020,0000677,대학원대학,사립,서울,,서울미디어대학원대학교,"[""2020"",""0000677"",""서울미디어대학원대학교"",""사립"",""서울"",""대학원대학"",""283,291,755"","""",""-"",""-"",""-"",""-"",""100,000,000"",""-"",""-"",""-"",""-"",""383,291,755"",""1,072,733,333"",""35.73""]",2026-08-28T22:20:04.397Z
2020,0000653,대학원대학,사립,서울,,서울사회복지대학원대학교,"[""2020"",""0000653"",""서울사회복지대학원대학교"",""사립"",""서울"",""대학원대학"",""3,785,600"","""",""221,533,000"",""-"",""-"",""-"",""-"",""-"",""-"",""-"",""-"",""225,318,600"",""1,239,918,000"",""18.17""]",2026-08-28T22:20:04.397Z
2020,0002817,대학원대학,사립,서울,,치유상담대학원대학교,"[""2020"",""0002817"",""치유상담대학원대학교"",""사립"",""서울"",""대학원대학"",""30,588,858"","""",""150,638,000"",""-"",""-"",""-"",""-"",""-"",""-"",""-"",""-"",""181,226,858"",""1,293,420,130"",""14.01""]",2026-08-28T22:20:04.397Z
2020,0000673,대학원대학,사립,서울,,한림국제대학원대학교,"[""2020"",""0000673"",""한림국제대학원대학교"",""사립"",""서울"",""대학원대학"",""158,571,398"","""",""-"",""-"",""-"",""-"",""-"",""-"",""-"",""-"",""-"",""158,571,398"",""2,441,714,140"",""6.49""]",2026-08-28T22:20:04.397Z
2020,0000655,대학원대학,사립,경기,,국제법률경영대학원대학교,"[""2020"",""0000655"",""국제법률경영대학원대학교"",""사립"",""경기"",""대학원대학"","""","""","""","""","""","""","""","""","""","""",""-"",""-"",""1,057,753,125"",""-""]",2026-08-28T22:20:04.397Z
2020,0000662,대학원대학,사립,경기,,에스라성경대학원대학교,"[""2020"",""0000662"",""에스라성경대학원대학교"",""사립"",""경기"",""대학원대학"","""","""","""","""","""","""","""","""","""","""",""-"",""-"",""458,945,334"",""-""]",2026-08-28T22:20:04.397Z
2020,0002668,대학원대학,사립,경기,,제네바신학대학원대학교,"[""2020"",""0002668"",""제네바신학대학원대학교"",""사립"",""경기"",""대학원대학"","""","""","""","""","""","""","""","""","""","""",""-"",""-"",""45,500,000"",""-""]",2026-08-28T22:20:04.397Z
2020,0000676,대학원대학,사립,서울,,한반도국제대학원대학교,"[""2020"",""0000676"",""한반도국제대학원대학교"",""사립"",""서울"",""대학원대학"","""","""","""","""","""","""","""","""","""","""",""-"",""-"",""247,200,000"",""-""]",2026-08-28T22:20:04.397Z
