year,region_code,region,region_full,sido,geo_level,age_0,age_1,age_2,age_3,age_4,age_5,age_6,age_7,age_8,age_9,age_10,age_11,age_12,age_13,age_14,age_15,age_16,age_17,age_18,age_19,age_20,uploaded_at
2025,1100000000,서울,서울특별시,서울,sido,43645,39703,37268,39955,42056,43053,47447,50486,54961,62088,66913,66610,67029,74629,71635,72718,69117,73390,78039,77791,79530,2026-08-14T00:22:57.807Z
2025,1111000000,종로구,서울특별시 종로구,서울,sigungu,427,444,416,445,472,477,526,546,634,703,814,768,816,934,854,960,862,942,1081,1162,1216,2026-08-14T00:22:57.807Z
2025,1114000000,중구,서울특별시 중구,서울,sigungu,601,484,410,511,501,462,459,476,507,566,552,533,523,570,545,522,524,569,696,770,816,2026-08-14T00:22:57.807Z
2025,1117000000,용산구,서울특별시 용산구,서울,sigungu,1052,951,852,917,912,955,1016,983,1042,1140,1164,1179,1175,1258,1211,1265,1217,1287,1417,1448,1581,2026-08-14T00:22:57.807Z
2025,1120000000,성동구,서울특별시 성동구,서울,sigungu,1812,1587,1365,1485,1540,1484,1512,1570,1588,1738,1710,1703,1610,1617,1579,1533,1526,1737,1994,2156,2400,2026-08-14T00:22:57.807Z
2025,1121500000,광진구,서울특별시 광진구,서울,sigungu,1269,1170,1072,1141,1223,1259,1445,1513,1560,1856,2044,1992,2123,2324,2267,2285,2171,2329,2572,2750,2839,2026-08-14T00:22:57.807Z
2025,1123000000,동대문구,서울특별시 동대문구,서울,sigungu,1814,1623,1614,1611,1585,1722,1797,1783,1918,2037,2192,2093,2042,2296,2142,2148,2043,2234,2436,2992,3623,2026-08-14T00:22:57.807Z
2025,1126000000,중랑구,서울특별시 중랑구,서울,sigungu,1720,1552,1525,1543,1488,1448,1652,1729,1851,2128,2207,2025,2165,2378,2297,2291,2251,2366,2532,2571,2576,2026-08-14T00:22:57.807Z
2025,1129000000,성북구,서울특별시 성북구,서울,sigungu,1899,1845,1754,1853,1970,2014,2204,2407,2577,2934,3159,3024,2953,3321,3384,3338,3223,3372,3763,4279,4789,2026-08-14T00:22:57.807Z
2025,1130500000,강북구,서울특별시 강북구,서울,sigungu,762,785,790,764,858,916,948,1104,1274,1373,1464,1496,1603,1787,1741,1813,1795,1880,2037,2193,2361,2026-08-14T00:22:57.807Z
2025,1132000000,도봉구,서울특별시 도봉구,서울,sigungu,1026,941,917,1007,1101,1047,1236,1345,1508,1710,1897,1941,1871,2082,2119,2188,2084,2224,2499,2299,2277,2026-08-14T00:22:57.807Z
2025,1135000000,노원구,서울특별시 노원구,서울,sigungu,2268,1933,1878,1951,1929,2059,2293,2423,2870,3291,3685,3793,3906,4436,4348,4541,4390,4807,4976,5218,5320,2026-08-14T00:22:57.807Z
2025,1138000000,은평구,서울특별시 은평구,서울,sigungu,1960,1767,1624,1873,1849,1924,2031,2177,2401,2778,3020,2931,2998,3364,3302,3499,3342,3546,3879,3730,3563,2026-08-14T00:22:57.807Z
2025,1141000000,서대문구,서울특별시 서대문구,서울,sigungu,1391,1345,1283,1364,1419,1454,1523,1604,1835,2024,2128,2167,1958,2161,2025,2162,2091,2120,2235,2608,2911,2026-08-14T00:22:57.807Z
2025,1144000000,마포구,서울특별시 마포구,서울,sigungu,1805,1582,1468,1579,1727,1684,1832,1980,2121,2489,2501,2442,2267,2656,2457,2580,2455,2635,2848,2867,3126,2026-08-14T00:22:57.807Z
2025,1147000000,양천구,서울특별시 양천구,서울,sigungu,1566,1554,1469,1743,1925,2091,2519,2822,3280,3620,4098,4302,4614,5085,4765,4931,4515,4889,5010,4079,3962,2026-08-14T00:22:57.807Z
2025,1150000000,강서구,서울특별시 강서구,서울,sigungu,2645,2384,2193,2345,2456,2520,2725,2766,3048,3604,3764,3743,3665,4301,4142,3928,3831,4217,4461,4061,3990,2026-08-14T00:22:57.807Z
2025,1153000000,구로구,서울특별시 구로구,서울,sigungu,2083,1930,1729,1810,1793,1771,1936,2052,2140,2350,2541,2467,2559,2781,2661,2769,2641,2815,2947,2843,2777,2026-08-14T00:22:57.807Z
2025,1154500000,금천구,서울특별시 금천구,서울,sigungu,867,756,755,774,776,753,831,848,938,1023,1113,1072,991,1277,1197,1230,1155,1245,1422,1342,1415,2026-08-14T00:22:57.807Z
2025,1156000000,영등포구,서울특별시 영등포구,서울,sigungu,2356,1931,1872,1879,1816,1747,1914,1961,2042,2215,2281,2264,2000,2303,2191,2167,2131,2267,2395,2320,2517,2026-08-14T00:22:57.807Z
2025,1159000000,동작구,서울특별시 동작구,서울,sigungu,1858,1589,1539,1488,1520,1606,1759,1807,1968,2203,2464,2310,2214,2420,2344,2523,2354,2395,2726,3090,3428,2026-08-14T00:22:57.807Z
2025,1162000000,관악구,서울특별시 관악구,서울,sigungu,1565,1305,1170,1197,1272,1299,1323,1395,1578,1833,2005,1974,2003,2173,2257,2222,2188,2498,2718,3491,4104,2026-08-14T00:22:57.807Z
2025,1165000000,서초구,서울특별시 서초구,서울,sigungu,1988,2000,1925,2208,2470,2519,2936,3231,3386,3734,4274,4396,4518,4923,4666,4927,4433,4651,4610,4329,4008,2026-08-14T00:22:57.807Z
2025,1168000000,강남구,서울특별시 강남구,서울,sigungu,2711,2375,2271,2404,2684,2930,3445,3845,4365,4965,5596,5904,6558,7187,6956,6672,6125,6575,6655,5829,5190,2026-08-14T00:22:57.807Z
2025,1171000000,송파구,서울특별시 송파구,서울,sigungu,3392,3093,2864,3267,3676,3796,4198,4474,4840,5589,5687,5621,5551,6200,5872,5793,5504,5525,5819,5347,5045,2026-08-14T00:22:57.807Z
2025,1174000000,강동구,서울특별시 강동구,서울,sigungu,2808,2777,2513,2796,3094,3116,3387,3645,3690,4185,4553,4470,4346,4795,4313,4431,4266,4265,4311,4017,3696,2026-08-14T00:22:57.807Z
2025,2600000000,부산,부산광역시,부산,sido,13847,13459,13165,14491,15232,15781,17738,19697,21793,24694,26812,26361,25924,28595,27509,26910,24507,25774,27256,25169,25259,2026-08-14T00:22:57.807Z
2025,2611000000,중구,부산광역시 중구,부산,sigungu,58,41,38,60,41,47,61,66,98,109,121,132,140,141,148,153,141,138,176,201,234,2026-08-14T00:22:57.807Z
2025,2614000000,서구,부산광역시 서구,부산,sigungu,332,325,302,363,359,396,428,485,505,635,659,676,647,721,729,724,639,700,750,768,756,2026-08-14T00:22:57.807Z
2025,2617000000,동구,부산광역시 동구,부산,sigungu,362,338,325,340,340,318,340,308,388,419,441,424,402,469,454,431,452,454,519,466,423,2026-08-14T00:22:57.807Z
2025,2620000000,영도구,부산광역시 영도구,부산,sigungu,306,294,276,291,326,296,369,410,445,536,553,558,597,649,659,674,582,679,709,679,645,2026-08-14T00:22:57.807Z
2025,2623000000,부산진구,부산광역시 부산진구,부산,sigungu,1882,1710,1681,1772,1669,1702,1779,1896,2073,2334,2436,2385,2234,2553,2506,2433,2289,2368,2567,2598,2721,2026-08-14T00:22:57.807Z
2025,2626000000,동래구,부산광역시 동래구,부산,sigungu,1285,1254,1285,1428,1571,1584,1883,2027,2214,2530,2774,2699,2683,2981,2679,2809,2387,2555,2603,2281,2100,2026-08-14T00:22:57.807Z
2025,2629000000,남구,부산광역시 남구,부산,sigungu,909,962,884,957,1083,1125,1304,1473,1706,1916,2104,2081,2115,2293,2235,2252,1998,2095,2301,2408,2597,2026-08-14T00:22:57.807Z
2025,2632000000,북구,부산광역시 북구,부산,sigungu,1202,1129,1036,1128,1178,1188,1315,1522,1665,1903,2038,1942,1972,2129,2099,2040,1977,2034,2145,1946,1988,2026-08-14T00:22:57.807Z
2025,2635000000,해운대구,부산광역시 해운대구,부산,sigungu,1409,1533,1438,1636,1761,1915,2203,2524,2654,3113,3439,3415,3478,3794,3639,3548,3293,3508,3715,3197,3006,2026-08-14T00:22:57.807Z
2025,2638000000,사하구,부산광역시 사하구,부산,sigungu,992,957,918,989,1084,1171,1265,1453,1695,1891,2142,2079,2100,2447,2397,2318,2209,2314,2499,2282,2257,2026-08-14T00:22:57.807Z
2025,2641000000,금정구,부산광역시 금정구,부산,sigungu,586,552,603,636,723,690,877,951,1133,1191,1447,1393,1412,1545,1527,1548,1433,1549,1699,1777,2044,2026-08-14T00:22:57.807Z
2025,2644000000,강서구,부산광역시 강서구,부산,sigungu,1229,1243,1325,1589,1589,1572,1740,1954,2099,2252,2371,2296,2099,2116,1984,1771,1491,1430,1281,995,902,2026-08-14T00:22:57.807Z
2025,2647000000,연제구,부산광역시 연제구,부산,sigungu,1149,1011,979,1012,1090,1194,1313,1417,1494,1713,1769,1769,1673,1825,1790,1711,1540,1678,1810,1581,1553,2026-08-14T00:22:57.807Z
2025,2650000000,수영구,부산광역시 수영구,부산,sigungu,614,626,585,679,680,668,802,823,898,1051,1142,1122,1061,1192,1202,1104,1073,1137,1216,1063,1136,2026-08-14T00:22:57.807Z
2025,2653000000,사상구,부산광역시 사상구,부산,sigungu,657,592,597,588,624,702,721,888,1015,1063,1266,1188,1235,1430,1311,1314,1211,1332,1418,1437,1512,2026-08-14T00:22:57.807Z
2025,2671000000,기장군,부산광역시 기장군,부산,sigungu,875,892,893,1023,1114,1213,1338,1500,1711,2038,2110,2202,2076,2310,2150,2080,1792,1803,1848,1490,1385,2026-08-14T00:22:57.807Z
2025,2700000000,대구,대구광역시,대구,sido,10781,10674,10089,11127,11857,12507,14614,15657,17292,19716,20761,20678,20447,22726,21876,21594,20064,21303,22847,20610,20607,2026-08-14T00:22:57.807Z
2025,2711000000,중구,대구광역시 중구,대구,sigungu,935,893,754,829,725,766,810,786,830,875,835,812,715,790,739,715,666,690,776,748,804,2026-08-14T00:22:57.807Z
2025,2714000000,동구,대구광역시 동구,대구,sigungu,1729,1676,1582,1650,1775,1795,2061,2105,2292,2552,2626,2552,2482,2734,2645,2684,2450,2565,2766,2409,2553,2026-08-14T00:22:57.807Z
2025,2717000000,서구,대구광역시 서구,대구,sigungu,692,652,562,622,595,619,709,696,814,926,917,906,903,1007,992,947,916,1029,1096,1016,985,2026-08-14T00:22:57.807Z
2025,2720000000,남구,대구광역시 남구,대구,sigungu,510,444,470,428,478,497,490,541,575,660,686,675,718,783,805,790,779,827,954,1028,1071,2026-08-14T00:22:57.807Z
2025,2723000000,북구,대구광역시 북구,대구,sigungu,1768,1770,1612,1836,1925,2053,2299,2612,2785,3340,3530,3517,3483,3877,3831,3734,3568,3825,4184,4024,4197,2026-08-14T00:22:57.807Z
2025,2726000000,수성구,대구광역시 수성구,대구,sigungu,1469,1544,1488,1902,2041,2174,2871,3240,3606,4100,4470,4580,4773,5236,4923,4710,4506,4829,5017,4335,4003,2026-08-14T00:22:57.807Z
2025,2729000000,달서구,대구광역시 달서구,대구,sigungu,2183,2140,2048,2116,2389,2519,2955,3202,3606,4278,4597,4550,4493,5113,4969,5065,4751,4919,5433,4900,4946,2026-08-14T00:22:57.807Z
2025,2771000000,달성군,대구광역시 달성군,대구,sigungu,1440,1506,1542,1703,1892,2038,2368,2437,2736,2936,3049,3015,2815,3096,2888,2857,2349,2522,2520,2063,1965,2026-08-14T00:22:57.807Z
2025,2772000000,군위군,대구광역시 군위군,대구,sigungu,55,49,31,41,37,46,51,38,48,49,51,71,65,90,84,92,79,97,101,87,83,2026-08-14T00:22:57.807Z
2025,2800000000,인천,인천광역시,인천,sido,16840,16519,15612,16786,17220,18113,19850,20940,22230,25163,27059,26511,26567,29174,28792,28158,26658,27387,29405,26257,25380,2026-08-14T00:22:57.807Z
2025,2811000000,중구,인천광역시 중구,인천,sigungu,1194,1179,1152,1228,1132,1185,1344,1382,1434,1569,1654,1563,1576,1769,1715,1710,1467,1515,1633,1355,1248,2026-08-14T00:22:57.807Z
2025,2811400000,중구영종출장소,인천광역시 중구영종출장소,인천,sigungu,0,0,0,0,0,0,0,0,0,0,0,0,0,0,0,0,0,0,0,0,0,2026-08-14T00:22:57.807Z
2025,2811800000,중구용유출장소,인천광역시 중구용유출장소,인천,sigungu,0,0,0,0,0,0,0,0,0,0,0,0,0,0,0,0,0,0,0,0,0,2026-08-14T00:22:57.807Z
2025,2814000000,동구,인천광역시 동구,인천,sigungu,227,193,192,188,209,183,252,250,266,348,352,357,340,456,415,443,410,459,518,426,435,2026-08-14T00:22:57.807Z
2025,2817700000,미추홀구,인천광역시 미추홀구,인천,sigungu,2262,2251,1972,2092,2157,2247,2275,2445,2618,2848,3120,2974,3007,3297,3348,3162,3153,3253,3511,3490,3525,2026-08-14T00:22:57.807Z
2025,2818500000,연수구,인천광역시 연수구,인천,sigungu,2618,2623,2544,2784,2989,3166,3587,3847,4005,4507,4899,4889,4829,5161,4901,4830,4474,4538,4764,4257,3960,2026-08-14T00:22:57.807Z
2025,2820000000,남동구,인천광역시 남동구,인천,sigungu,1843,1751,1797,1864,1960,2241,2508,2815,3155,3682,4077,4104,4208,4739,4688,4677,4402,4462,4801,4279,4089,2026-08-14T00:22:57.807Z
2025,2823700000,부평구,인천광역시 부평구,인천,sigungu,2669,2524,2258,2353,2277,2417,2605,2754,2982,3369,3536,3533,3446,3872,3886,3844,3887,3991,4393,3793,3881,2026-08-14T00:22:57.807Z
2025,2824500000,계양구,인천광역시 계양구,인천,sigungu,1040,997,947,1056,1118,1099,1289,1349,1348,1643,1813,1824,1859,2127,2170,2209,2148,2346,2569,2301,2185,2026-08-14T00:22:57.807Z
2025,2826000000,서구,인천광역시 서구,인천,sigungu,4697,4724,4474,4922,5097,5221,5690,5813,6104,6813,7179,6819,6837,7241,7146,6749,6168,6280,6649,5809,5506,2026-08-14T00:22:57.807Z
2025,2826500000,서구검단출장소,인천광역시 서구검단출장소,인천,sigungu,0,0,0,0,0,0,0,0,0,0,0,0,0,0,0,0,0,0,0,0,0,2026-08-14T00:22:57.807Z
2025,2871000000,강화군,인천광역시 강화군,인천,sigungu,242,231,225,244,238,286,243,232,278,319,357,384,389,432,428,440,459,461,462,433,403,2026-08-14T00:22:57.807Z
2025,2872000000,옹진군,인천광역시 옹진군,인천,sigungu,48,46,51,55,43,68,57,53,40,65,72,64,76,80,95,94,90,82,105,114,148,2026-08-14T00:22:57.807Z
2025,2900000000,광주,광주광역시,광주,sido,6487,6358,6484,7294,7996,8249,9438,10204,11040,12606,13386,13555,13645,15176,14673,14903,14094,14645,15822,14123,13792,2026-08-14T00:22:57.807Z
2025,2911000000,동구,광주광역시 동구,광주,sigungu,630,617,537,631,645,634,670,704,745,774,880,818,706,784,758,733,627,690,782,855,879,2026-08-14T00:22:57.807Z
2025,2914000000,서구,광주광역시 서구,광주,sigungu,1060,1012,1062,1192,1292,1390,1659,1814,1907,2231,2324,2409,2543,2725,2693,2696,2646,2777,3041,2771,2599,2026-08-14T00:22:57.807Z
2025,2915500000,남구,광주광역시 남구,광주,sigungu,843,783,898,981,1127,1193,1523,1587,1761,2032,2231,2330,2304,2560,2387,2399,2180,2258,2332,2092,1857,2026-08-14T00:22:57.807Z
2025,2917000000,북구,광주광역시 북구,광주,sigungu,2033,1939,2003,2219,2482,2509,2730,2965,3185,3580,3722,3759,3748,4119,4021,4038,3841,3984,4370,3807,3967,2026-08-14T00:22:57.807Z
2025,2920000000,광산구,광주광역시 광산구,광주,sigungu,1921,2007,1984,2271,2450,2523,2856,3134,3442,3989,4229,4239,4344,4988,4814,5037,4800,4936,5297,4598,4490,2026-08-14T00:22:57.807Z
2025,3000000000,대전,대전광역시,대전,sido,7714,7452,7310,7743,7896,7977,8814,9458,10616,11796,12804,12666,12873,13928,13882,13690,12982,13731,14787,14404,14189,2026-08-14T00:22:57.807Z
2025,3011000000,동구,대전광역시 동구,대전,sigungu,1024,1087,1048,1005,1021,1011,1060,1129,1299,1445,1532,1584,1581,1757,1812,1821,1766,1901,2013,2583,2620,2026-08-14T00:22:57.807Z
2025,3014000000,중구,대전광역시 중구,대전,sigungu,966,948,942,1035,1132,1119,1243,1331,1483,1613,1756,1773,1756,2024,2006,2040,1912,2122,2233,2005,1872,2026-08-14T00:22:57.807Z
2025,3017000000,서구,대전광역시 서구,대전,sigungu,2445,2305,2242,2379,2391,2549,2746,3066,3543,4050,4442,4285,4534,4838,4774,4643,4366,4566,5087,4537,4522,2026-08-14T00:22:57.807Z
2025,3020000000,유성구,대전광역시 유성구,대전,sigungu,2539,2414,2404,2620,2690,2652,2942,3144,3383,3703,3984,3857,3756,3997,3929,3796,3626,3700,3915,3782,3727,2026-08-14T00:22:57.807Z
2025,3023000000,대덕구,대전광역시 대덕구,대전,sigungu,740,698,674,704,662,646,823,788,908,985,1090,1167,1246,1312,1361,1390,1312,1442,1539,1497,1448,2026-08-14T00:22:57.807Z
2025,3100000000,울산,울산광역시,울산,sido,5508,5276,5010,5417,6035,6394,7157,7811,8726,10136,10875,10868,10747,11860,11276,11236,10600,11005,11663,9564,8926,2026-08-14T00:22:57.807Z
2025,3111000000,중구,울산광역시 중구,울산,sigungu,885,885,874,935,1081,1081,1266,1409,1491,1749,1796,1830,1856,2049,2033,1954,1837,1899,2036,1612,1468,2026-08-14T00:22:57.807Z
2025,3114000000,남구,울산광역시 남구,울산,sigungu,1521,1399,1276,1453,1608,1748,1859,1983,2235,2578,2801,2758,2673,3016,2802,2766,2742,2830,2950,2603,2475,2026-08-14T00:22:57.807Z
2025,3117000000,동구,울산광역시 동구,울산,sigungu,685,650,606,634,777,797,1025,1084,1279,1567,1572,1717,1638,1824,1691,1771,1582,1579,1689,1369,1178,2026-08-14T00:22:57.807Z
2025,3120000000,북구,울산광역시 북구,울산,sigungu,1270,1312,1323,1404,1534,1668,1852,1971,2258,2590,2806,2648,2619,2773,2630,2598,2377,2524,2632,1955,1861,2026-08-14T00:22:57.807Z
2025,3171000000,울주군,울산광역시 울주군,울산,sigungu,1147,1030,931,991,1035,1100,1155,1364,1463,1652,1900,1915,1961,2198,2120,2147,2062,2173,2356,2025,1944,2026-08-14T00:22:57.807Z
2025,3600000000,세종,세종특별자치시,세종,sido,2915,2897,2873,3318,3664,3735,4191,4597,4991,5499,5893,5622,5537,6020,5710,5599,5193,5285,5058,4226,3695,2026-08-14T00:22:57.807Z
2025,4100000000,경기,경기도,경기,sido,76695,74954,72238,79104,81420,84563,92752,99227,107347,121665,130311,128562,127214,141042,136585,135584,127937,133655,139691,125920,118667,2026-08-14T00:22:57.807Z
2025,4111000000,수원시,경기도 수원시,경기,sigungu,6907,6510,5866,6396,6531,6832,7449,7863,8555,9739,10702,10313,10336,11753,11212,11269,10706,11432,12064,11070,10779,2026-08-14T00:22:57.807Z
2025,4111100000,수원시 장안구,경기도 수원시 장안구,경기,sigungu,1188,1189,1064,1197,1286,1354,1440,1494,1633,1892,2166,2132,2283,2489,2524,2533,2543,2844,2884,2743,2809,2026-08-14T00:22:57.807Z
2025,4111300000,수원시 권선구,경기도 수원시 권선구,경기,sigungu,2077,1949,1821,1853,1883,1928,2069,2260,2470,2950,3153,3090,3003,3488,3251,3194,3030,3127,3366,3126,2875,2026-08-14T00:22:57.807Z
2025,4111500000,수원시 팔달구,경기도 수원시 팔달구,경기,sigungu,1110,1014,856,890,904,1006,1124,1085,1180,1252,1224,1142,1100,1323,1232,1288,1290,1363,1617,1444,1573,2026-08-14T00:22:57.807Z
2025,4111700000,수원시 영통구,경기도 수원시 영통구,경기,sigungu,2532,2358,2125,2456,2458,2544,2816,3024,3272,3645,4159,3949,3950,4453,4205,4254,3843,4098,4197,3757,3522,2026-08-14T00:22:57.807Z
2025,4113000000,성남시,경기도 성남시,경기,sigungu,4915,4675,4409,4819,5023,5162,5683,5937,6410,7128,7892,7709,7860,8452,8235,8474,7838,8244,8691,7840,7549,2026-08-14T00:22:57.807Z
2025,4113100000,성남시 수정구,경기도 성남시 수정구,경기,sigungu,1257,1195,1090,1178,1205,1297,1340,1313,1357,1465,1613,1498,1453,1644,1517,1638,1464,1601,1778,1751,1762,2026-08-14T00:22:57.807Z
2025,4113300000,성남시 중원구,경기도 성남시 중원구,경기,sigungu,1063,961,947,976,956,962,997,1022,1164,1246,1306,1212,1292,1372,1410,1417,1353,1482,1632,1489,1539,2026-08-14T00:22:57.807Z
2025,4113500000,성남시 분당구,경기도 성남시 분당구,경기,sigungu,2595,2519,2372,2665,2862,2903,3346,3602,3889,4417,4973,4999,5115,5436,5308,5419,5021,5161,5281,4600,4248,2026-08-14T00:22:57.807Z
2025,4115000000,의정부시,경기도 의정부시,경기,sigungu,2207,2198,2247,2476,2562,2661,2855,2943,3193,3583,3865,3706,3708,4160,3973,4124,3764,3961,4425,4006,3975,2026-08-14T00:22:57.807Z
2025,4117000000,안양시,경기도 안양시,경기,sigungu,3767,3468,3078,3275,3212,3205,3379,3634,3810,4336,4788,4714,4517,5081,4975,5056,4683,5063,5231,5070,4839,2026-08-14T00:22:57.807Z
2025,4117100000,안양시 만안구,경기도 안양시 만안구,경기,sigungu,1476,1306,1192,1213,1180,1150,1154,1199,1261,1399,1483,1464,1387,1586,1572,1616,1549,1743,1887,1955,1881,2026-08-14T00:22:57.807Z
2025,4117300000,안양시 동안구,경기도 안양시 동안구,경기,sigungu,2291,2162,1886,2062,2032,2055,2225,2435,2549,2937,3305,3250,3130,3495,3403,3440,3134,3320,3344,3115,2958,2026-08-14T00:22:57.807Z
2025,4119000000,부천시,경기도 부천시,경기,sigungu,3237,3244,3109,3433,3628,3789,4044,4356,4658,5231,5598,5858,5681,6371,6228,6295,6063,6402,7037,6448,6143,2026-08-14T00:22:57.807Z
2025,4119200000,부천시 원미구,경기도 부천시 원미구,경기,sigungu,1671,1694,1587,1783,1811,1928,2038,2219,2353,2681,2878,3037,2932,3256,3133,3184,3096,3351,3675,3298,3205,2026-08-14T00:22:57.807Z
2025,4119400000,부천시 소사구,경기도 부천시 소사구,경기,sigungu,1135,1106,1095,1177,1307,1323,1443,1480,1631,1729,1868,1894,1840,2033,1979,2029,1890,1932,2075,1940,1726,2026-08-14T00:22:57.807Z
2025,4119600000,부천시 오정구,경기도 부천시 오정구,경기,sigungu,431,444,427,473,510,538,563,657,674,821,852,927,909,1082,1116,1082,1077,1119,1287,1210,1212,2026-08-14T00:22:57.807Z
2025,4121000000,광명시,경기도 광명시,경기,sigungu,1859,1672,1565,1558,1631,1567,1826,1984,2046,2415,2560,2540,2567,2886,2831,2811,2724,2953,3070,2968,2712,2026-08-14T00:22:57.807Z
2025,4122000000,평택시,경기도 평택시,경기,sigungu,4335,4304,3931,4215,4298,4450,4734,5096,5327,5856,6107,6017,5831,6408,5974,5990,5624,5654,5857,5194,4860,2026-08-14T00:22:57.807Z
2025,4122200000,송탄출장소,경기도 송탄출장소,경기,sigungu,0,0,0,0,0,0,0,0,0,0,0,0,0,0,0,0,0,0,0,0,0,2026-08-14T00:22:57.807Z
2025,4122400000,안중출장소,경기도 안중출장소,경기,sigungu,0,0,0,0,0,0,0,0,0,0,0,0,0,0,0,0,0,0,0,0,0,2026-08-14T00:22:57.807Z
2025,4125000000,동두천시,경기도 동두천시,경기,sigungu,273,248,254,300,315,339,382,393,505,575,593,661,663,733,766,793,803,766,839,786,695,2026-08-14T00:22:57.807Z
2025,4127000000,안산시,경기도 안산시,경기,sigungu,2693,2427,2452,2575,2667,2806,3070,3286,3550,4114,4495,4552,4612,5164,5253,5430,5254,5730,6271,5604,5837,2026-08-14T00:22:57.807Z
2025,4127100000,안산시 상록구,경기도 안산시 상록구,경기,sigungu,1248,1056,1108,1142,1249,1334,1502,1664,1761,2138,2410,2479,2474,2714,2856,2916,2802,2997,3297,3081,3203,2026-08-14T00:22:57.807Z
2025,4127300000,안산시 단원구,경기도 안산시 단원구,경기,sigungu,1445,1371,1344,1433,1418,1472,1568,1622,1789,1976,2085,2073,2138,2450,2397,2514,2452,2733,2974,2523,2634,2026-08-14T00:22:57.807Z
2025,4128000000,고양시,경기도 고양시,경기,sigungu,5344,5233,4902,5550,5598,5720,6367,6890,7486,8513,9192,9031,8873,10090,9831,9860,9377,9955,10381,9282,8943,2026-08-14T00:22:57.807Z
2025,4128100000,고양시 덕양구,경기도 고양시 덕양구,경기,sigungu,2859,2708,2568,2946,2916,2950,3151,3334,3604,4097,4144,4098,3832,4314,4307,4051,3982,4002,4137,3839,3701,2026-08-14T00:22:57.807Z
2025,4128500000,고양시 일산동구,경기도 고양시 일산동구,경기,sigungu,1332,1361,1251,1443,1464,1520,1741,1878,1985,2222,2488,2515,2467,2850,2681,2827,2598,2842,2983,2600,2564,2026-08-14T00:22:57.807Z
2025,4128700000,고양시 일산서구,경기도 고양시 일산서구,경기,sigungu,1153,1164,1083,1161,1218,1250,1475,1678,1897,2194,2560,2418,2574,2926,2843,2982,2797,3111,3261,2843,2678,2026-08-14T00:22:57.807Z
2025,4129000000,과천시,경기도 과천시,경기,sigungu,620,636,635,694,871,841,899,961,963,1045,1016,936,844,856,838,767,738,759,747,667,633,2026-08-14T00:22:57.807Z
2025,4131000000,구리시,경기도 구리시,경기,sigungu,874,833,823,870,907,929,1051,1137,1269,1417,1518,1589,1548,1707,1649,1661,1593,1584,1777,1671,1537,2026-08-14T00:22:57.807Z
2025,4136000000,남양주시,경기도 남양주시,경기,sigungu,3576,3532,3521,3837,4222,4430,4950,5376,5995,6929,7427,7399,7658,8487,8146,8079,7768,8063,8385,7388,6745,2026-08-14T00:22:57.807Z
2025,4136200000,풍양출장소,경기도 풍양출장소,경기,sigungu,0,0,0,0,0,0,0,0,0,0,0,0,0,0,0,0,0,0,0,0,0,2026-08-14T00:22:57.807Z
2025,4137000000,오산시,경기도 오산시,경기,sigungu,1526,1511,1448,1604,1669,1657,1886,2030,2170,2486,2691,2602,2689,2923,2864,2766,2601,2717,2700,2458,2298,2026-08-14T00:22:57.807Z
2025,4139000000,시흥시,경기도 시흥시,경기,sigungu,2958,3083,3128,3402,3548,3688,4145,4339,4672,5174,5561,5214,5017,5582,5311,5218,4993,5193,5246,4806,4536,2026-08-14T00:22:57.807Z
2025,4141000000,군포시,경기도 군포시,경기,sigungu,1123,1082,1007,1099,1048,1120,1243,1320,1501,1806,1840,1985,2084,2241,2277,2288,2240,2433,2535,2386,2265,2026-08-14T00:22:57.807Z
2025,4143000000,의왕시,경기도 의왕시,경기,sigungu,1092,1100,1029,1105,1110,1002,1020,1130,1184,1310,1367,1257,1268,1298,1294,1293,1308,1347,1457,1390,1202,2026-08-14T00:22:57.807Z
2025,4145000000,하남시,경기도 하남시,경기,sigungu,2091,2146,2058,2312,2347,2448,2848,3159,3318,3715,3867,3768,3546,3636,3433,3438,3062,3106,3180,2614,2460,2026-08-14T00:22:57.807Z
2025,4146000000,용인시,경기도 용인시,경기,sigungu,5883,5836,5584,6189,6514,6814,7665,8307,9210,10559,11579,11512,11536,12784,12485,12323,11795,12242,12977,11734,10958,2026-08-14T00:22:57.807Z
2025,4146100000,용인시 처인구,경기도 용인시 처인구,경기,sigungu,1530,1546,1463,1558,1699,1722,1800,1986,2133,2355,2559,2407,2445,2743,2719,2592,2486,2597,2769,2835,2612,2026-08-14T00:22:57.807Z
2025,4146300000,용인시 기흥구,경기도 용인시 기흥구,경기,sigungu,2221,2197,2033,2327,2391,2510,2864,3114,3430,4091,4452,4464,4491,5204,5069,5079,4767,5045,5490,4803,4546,2026-08-14T00:22:57.807Z
2025,4146500000,용인시 수지구,경기도 용인시 수지구,경기,sigungu,2132,2093,2088,2304,2424,2582,3001,3207,3647,4113,4568,4641,4600,4837,4697,4652,4542,4600,4718,4096,3800,2026-08-14T00:22:57.807Z
2025,4148000000,파주시,경기도 파주시,경기,sigungu,3023,2997,3008,3542,3552,3803,4172,4324,4709,5254,5615,5561,5436,5967,5734,5705,5285,5459,5696,4895,4492,2026-08-14T00:22:57.807Z
2025,4150000000,이천시,경기도 이천시,경기,sigungu,1195,1142,1130,1190,1217,1257,1358,1510,1664,1921,2041,2053,1951,2288,2272,2226,2001,2156,2309,2220,2041,2026-08-14T00:22:57.807Z
2025,4155000000,안성시,경기도 안성시,경기,sigungu,937,879,847,940,909,955,1095,1159,1282,1444,1582,1568,1678,1801,1906,1745,1749,1833,1879,1790,1746,2026-08-14T00:22:57.807Z
2025,4157000000,김포시,경기도 김포시,경기,sigungu,2581,2678,2853,3277,3321,3708,4138,4461,4926,5869,6096,6015,5812,6433,6075,5698,5219,5261,5112,4360,3899,2026-08-14T00:22:57.807Z
2025,4159000000,화성시,경기도 화성시,경기,sigungu,7980,7663,7500,8117,8329,8478,9170,9699,10519,11784,12377,12205,11933,13079,12508,12034,11100,11349,11215,9709,8570,2026-08-14T00:22:57.807Z
2025,4159200000,화성시동부출장소,경기도 화성시동부출장소,경기,sigungu,0,0,0,0,0,0,0,0,0,0,0,0,0,0,0,0,0,0,0,0,0,2026-08-14T00:22:57.807Z
2025,4159400000,화성시동탄출장소,경기도 화성시동탄출장소,경기,sigungu,0,0,0,0,0,0,0,0,0,0,0,0,0,0,0,0,0,0,0,0,0,2026-08-14T00:22:57.807Z
2025,4161000000,광주시,경기도 광주시,경기,sigungu,2033,2145,2147,2367,2460,2637,2813,3138,3226,3672,3853,3784,3496,3959,3790,3596,3305,3464,3701,3349,2997,2026-08-14T00:22:57.807Z
2025,4163000000,양주시,경기도 양주시,경기,sigungu,1913,1973,2077,2148,2072,2191,2335,2447,2590,2889,2922,2846,2841,3215,3006,2939,2726,2826,2965,2650,2544,2026-08-14T00:22:57.807Z
2025,4165000000,포천시,경기도 포천시,경기,sigungu,518,464,435,502,496,547,601,628,692,751,825,854,828,1010,1001,985,1032,1039,1177,1065,1013,2026-08-14T00:22:57.807Z
2025,4167000000,여주시,경기도 여주시,경기,sigungu,389,424,408,470,474,564,567,602,646,738,815,816,825,923,954,950,907,914,974,884,806,2026-08-14T00:22:57.807Z
2025,4180000000,연천군,경기도 연천군,경기,sigungu,188,155,142,157,177,205,183,206,204,254,249,238,265,267,285,300,265,282,312,272,285,2026-08-14T00:22:57.807Z
2025,4182000000,가평군,경기도 가평군,경기,sigungu,218,244,182,209,228,245,234,280,310,335,360,323,364,432,416,446,409,446,454,424,442,2026-08-14T00:22:57.807Z
2025,4183000000,양평군,경기도 양평군,경기,sigungu,440,452,463,476,484,513,590,632,757,823,918,936,947,1056,1063,1025,1005,1022,1027,920,866,2026-08-14T00:22:57.807Z
2025,5100000000,강원,강원특별자치도,강원,sido,6654,6774,6698,7291,7461,7945,8487,8868,9649,10846,11599,11419,11626,13065,12912,12937,12586,12881,14041,12285,12389,2026-08-14T00:22:57.807Z
2025,5111000000,춘천시,강원특별자치도 춘천시,강원,sigungu,1478,1539,1407,1578,1590,1708,1792,1883,1963,2296,2423,2436,2522,2719,2747,2618,2428,2550,2681,2469,2881,2026-08-14T00:22:57.807Z
2025,5113000000,원주시,강원특별자치도 원주시,강원,sigungu,1989,1964,1998,2153,2248,2285,2525,2506,2831,3106,3278,3188,3240,3660,3624,3640,3419,3449,3830,3116,3093,2026-08-14T00:22:57.807Z
2025,5115000000,강릉시,강원특별자치도 강릉시,강원,sigungu,797,820,837,928,928,1026,1048,1161,1201,1405,1505,1468,1527,1753,1688,1734,1682,1666,1924,1673,1640,2026-08-14T00:22:57.807Z
2025,5117000000,동해시,강원특별자치도 동해시,강원,sigungu,357,361,379,410,438,447,470,502,599,689,720,725,755,839,827,806,808,798,867,740,692,2026-08-14T00:22:57.807Z
2025,5119000000,태백시,강원특별자치도 태백시,강원,sigungu,88,100,97,135,125,152,154,195,201,217,257,277,275,325,336,347,364,361,383,301,277,2026-08-14T00:22:57.807Z
2025,5121000000,속초시,강원특별자치도 속초시,강원,sigungu,363,364,305,366,381,412,456,477,490,601,688,643,624,732,706,715,625,631,674,585,536,2026-08-14T00:22:57.807Z
2025,5123000000,삼척시,강원특별자치도 삼척시,강원,sigungu,229,235,245,261,248,280,275,283,329,336,361,361,399,429,436,449,431,437,478,720,656,2026-08-14T00:22:57.807Z
2025,5172000000,홍천군,강원특별자치도 홍천군,강원,sigungu,257,215,248,219,232,274,286,334,320,388,443,373,381,461,432,452,457,454,493,392,386,2026-08-14T00:22:57.807Z
2025,5173000000,횡성군,강원특별자치도 횡성군,강원,sigungu,88,112,128,130,154,146,180,172,220,228,239,245,248,269,277,282,424,456,468,324,286,2026-08-14T00:22:57.807Z
2025,5175000000,영월군,강원특별자치도 영월군,강원,sigungu,77,72,89,92,94,128,129,161,165,178,188,209,202,215,238,229,276,275,318,245,254,2026-08-14T00:22:57.807Z
2025,5176000000,평창군,강원특별자치도 평창군,강원,sigungu,91,91,87,99,106,112,131,137,174,163,200,194,227,249,241,273,263,291,310,267,258,2026-08-14T00:22:57.807Z
2025,5177000000,정선군,강원특별자치도 정선군,강원,sigungu,65,75,101,84,106,127,110,127,130,141,154,187,163,238,196,244,234,221,261,227,244,2026-08-14T00:22:57.807Z
2025,5178000000,철원군,강원특별자치도 철원군,강원,sigungu,174,216,203,220,202,243,229,236,267,265,281,286,267,281,314,294,298,327,357,352,322,2026-08-14T00:22:57.807Z
2025,5179000000,화천군,강원특별자치도 화천군,강원,sigungu,109,121,110,112,108,103,115,145,124,146,171,162,151,156,157,152,156,160,173,165,164,2026-08-14T00:22:57.807Z
2025,5180000000,양구군,강원특별자치도 양구군,강원,sigungu,110,104,112,113,114,112,122,120,159,165,143,149,149,172,167,164,227,255,238,151,143,2026-08-14T00:22:57.807Z
2025,5181000000,인제군,강원특별자치도 인제군,강원,sigungu,174,170,171,198,193,179,222,189,223,199,254,192,202,242,188,230,180,211,213,229,215,2026-08-14T00:22:57.807Z
2025,5182000000,고성군,강원특별자치도 고성군,강원,sigungu,126,116,93,112,99,112,140,109,132,156,141,162,139,158,167,153,152,164,172,173,177,2026-08-14T00:22:57.807Z
2025,5183000000,양양군,강원특별자치도 양양군,강원,sigungu,82,99,88,81,95,99,103,131,121,167,153,162,155,167,171,155,162,175,201,156,165,2026-08-14T00:22:57.807Z
2025,4300000000,충북,충청북도,충북,sido,8226,7790,7762,7833,8490,8778,9448,10679,11426,12824,13528,13377,13689,15107,14834,14906,14018,14506,15485,13792,13483,2026-08-14T00:22:57.807Z
2025,4311000000,청주시,충청북도 청주시,충북,sigungu,5455,4975,4918,4925,5373,5455,5770,6599,7023,7762,8240,8034,8254,9107,8719,8737,8149,8384,8862,7897,7833,2026-08-14T00:22:57.807Z
2025,4311100000,청주시 상당구,충청북도 청주시 상당구,충북,sigungu,1081,1039,987,1057,1239,1253,1307,1511,1625,1818,1948,1888,1985,2172,2048,2058,1853,1968,2080,1718,1632,2026-08-14T00:22:57.807Z
2025,4311200000,청주시 서원구,충청북도 청주시 서원구,충북,sigungu,896,813,824,781,837,835,910,1015,1178,1301,1386,1429,1472,1752,1708,1779,1716,1826,1901,1853,1961,2026-08-14T00:22:57.807Z
2025,4311300000,청주시 흥덕구,충청북도 청주시 흥덕구,충북,sigungu,2361,2053,2080,2038,2199,2154,2274,2571,2625,2764,2900,2750,2792,3045,2882,2868,2671,2683,2843,2486,2432,2026-08-14T00:22:57.807Z
2025,4311400000,청주시 청원구,충청북도 청주시 청원구,충북,sigungu,1117,1070,1027,1049,1098,1213,1279,1502,1595,1879,2006,1967,2005,2138,2081,2032,1909,1907,2038,1840,1808,2026-08-14T00:22:57.807Z
2025,4313000000,충주시,충청북도 충주시,충북,sigungu,894,863,932,893,939,1059,1124,1228,1370,1560,1587,1564,1629,1736,1844,1850,1703,1827,1979,1620,1603,2026-08-14T00:22:57.807Z
2025,4315000000,제천시,충청북도 제천시,충북,sigungu,441,481,494,497,575,574,638,738,752,900,919,961,953,1065,1075,1104,1013,1104,1141,1409,1307,2026-08-14T00:22:57.807Z
2025,4372000000,보은군,충청북도 보은군,충북,sigungu,75,76,74,82,67,99,85,142,133,142,150,152,150,179,190,176,211,177,210,169,187,2026-08-14T00:22:57.807Z
2025,4373000000,옥천군,충청북도 옥천군,충북,sigungu,138,124,130,120,148,156,179,183,226,280,266,319,297,346,382,369,370,371,427,373,337,2026-08-14T00:22:57.807Z
2025,4374000000,영동군,충청북도 영동군,충북,sigungu,119,95,110,113,122,140,110,163,168,188,230,226,238,270,283,303,268,290,335,278,271,2026-08-14T00:22:57.807Z
2025,4374500000,증평군,충청북도 증평군,충북,sigungu,184,198,192,167,194,190,239,263,273,348,303,341,340,368,344,362,324,327,370,253,292,2026-08-14T00:22:57.807Z
2025,4375000000,진천군,충청북도 진천군,충북,sigungu,457,483,446,517,495,556,671,660,722,767,876,830,855,929,899,922,829,902,920,705,646,2026-08-14T00:22:57.807Z
2025,4376000000,괴산군,충청북도 괴산군,충북,sigungu,73,85,73,98,117,110,111,136,156,159,166,188,162,193,162,199,198,184,226,222,199,2026-08-14T00:22:57.807Z
2025,4377000000,음성군,충청북도 음성군,충북,sigungu,330,361,341,364,390,374,442,456,509,601,651,636,680,747,776,739,796,768,810,719,639,2026-08-14T00:22:57.807Z
2025,4380000000,단양군,충청북도 단양군,충북,sigungu,60,49,52,57,70,65,79,111,94,117,140,126,131,167,160,145,157,172,205,147,169,2026-08-14T00:22:57.807Z
2025,4400000000,충남,충청남도,충남,sido,10141,10047,9764,10702,11453,12417,13511,14483,16044,17918,19440,19097,19550,21657,21051,20964,19848,20627,21459,18980,18257,2026-08-14T00:22:57.807Z
2025,4413000000,천안시,충청남도 천안시,충남,sigungu,3683,3513,3460,3685,4090,4276,4563,4944,5403,6165,6656,6467,6587,7268,7040,6930,6510,6838,7140,6559,6646,2026-08-14T00:22:57.807Z
2025,4413100000,천안시 동남구,충청남도 천안시 동남구,충남,sigungu,1298,1220,1176,1243,1356,1363,1508,1631,1730,2041,2252,2217,2328,2547,2585,2616,2471,2617,2812,2618,2667,2026-08-14T00:22:57.807Z
2025,4413300000,천안시 서북구,충청남도 천안시 서북구,충남,sigungu,2385,2293,2284,2442,2734,2913,3055,3313,3673,4124,4404,4250,4259,4721,4455,4314,4039,4221,4328,3941,3979,2026-08-14T00:22:57.807Z
2025,4415000000,공주시,충청남도 공주시,충남,sigungu,275,269,294,310,313,361,384,399,440,541,596,634,679,744,715,746,787,851,830,1094,1208,2026-08-14T00:22:57.807Z
2025,4418000000,보령시,충청남도 보령시,충남,sigungu,284,283,299,362,374,386,438,429,512,578,593,645,633,711,759,769,702,787,790,687,628,2026-08-14T00:22:57.807Z
2025,4420000000,아산시,충청남도 아산시,충남,sigungu,2336,2307,2250,2475,2554,2852,3169,3299,3586,3931,4258,3958,4104,4607,4312,4260,3850,3860,3921,3380,3098,2026-08-14T00:22:57.807Z
2025,4421000000,서산시,충청남도 서산시,충남,sigungu,796,813,785,946,930,1040,1102,1210,1353,1514,1633,1656,1633,1788,1717,1763,1697,1728,1839,1424,1286,2026-08-14T00:22:57.807Z
2025,4423000000,논산시,충청남도 논산시,충남,sigungu,341,361,344,358,398,444,525,558,662,670,736,780,752,863,834,852,814,931,955,802,738,2026-08-14T00:22:57.807Z
2025,4425000000,계룡시,충청남도 계룡시,충남,sigungu,245,237,207,255,271,303,348,389,458,479,544,548,574,614,590,619,641,640,703,613,498,2026-08-14T00:22:57.807Z
2025,4427000000,당진시,충청남도 당진시,충남,sigungu,887,898,906,971,1036,1120,1198,1355,1503,1572,1794,1694,1728,1847,1843,1801,1657,1630,1738,1350,1190,2026-08-14T00:22:57.807Z
2025,4471000000,금산군,충청남도 금산군,충남,sigungu,112,113,106,130,131,159,158,176,207,252,270,266,315,405,439,463,439,448,488,400,373,2026-08-14T00:22:57.807Z
2025,4476000000,부여군,충청남도 부여군,충남,sigungu,96,119,103,138,148,158,180,205,226,278,350,354,327,389,385,403,381,397,433,414,407,2026-08-14T00:22:57.807Z
2025,4477000000,서천군,충청남도 서천군,충남,sigungu,108,108,85,119,141,143,137,169,170,221,236,255,268,269,309,307,271,309,308,265,304,2026-08-14T00:22:57.807Z
2025,4479000000,청양군,충청남도 청양군,충남,sigungu,68,69,58,78,79,93,72,87,101,116,128,129,160,174,181,179,185,217,195,294,258,2026-08-14T00:22:57.807Z
2025,4480000000,홍성군,충청남도 홍성군,충남,sigungu,486,494,439,433,550,575,663,677,792,869,883,898,902,1027,974,978,957,982,1005,817,767,2026-08-14T00:22:57.807Z
2025,4481000000,예산군,충청남도 예산군,충남,sigungu,297,306,297,275,282,317,358,329,400,405,467,488,535,562,573,548,579,571,669,503,496,2026-08-14T00:22:57.807Z
2025,4482500000,태안군,충청남도 태안군,충남,sigungu,127,157,131,167,156,190,216,257,231,327,296,325,353,389,380,346,378,438,445,378,360,2026-08-14T00:22:57.807Z
2025,5200000000,전북,전북특별자치도,전북,sido,6981,6878,6773,7269,7788,8429,9301,10237,11487,12915,14338,14562,14927,16584,16644,16678,15901,16748,17743,15534,15316,2026-08-14T00:22:57.807Z
2025,5211000000,전주시,전북특별자치도 전주시,전북,sigungu,2615,2694,2750,2945,3340,3625,4060,4399,5010,5521,6247,6163,6311,6985,6831,7012,6384,6852,7168,6338,6443,2026-08-14T00:22:57.807Z
2025,5211100000,전주시 완산구,전북특별자치도 전주시 완산구,전북,sigungu,1118,1152,1174,1254,1398,1576,1792,1975,2230,2516,2770,2828,2913,3162,3197,3303,3084,3298,3538,3143,3200,2026-08-14T00:22:57.807Z
2025,5211300000,전주시 덕진구,전북특별자치도 전주시 덕진구,전북,sigungu,1497,1542,1576,1691,1942,2049,2268,2424,2780,3005,3477,3335,3398,3823,3634,3709,3300,3554,3630,3195,3243,2026-08-14T00:22:57.807Z
2025,5213000000,군산시,전북특별자치도 군산시,전북,sigungu,1067,985,1034,1208,1218,1347,1441,1673,1857,2114,2372,2456,2510,2664,2632,2650,2491,2525,2669,2257,2162,2026-08-14T00:22:57.807Z
2025,5214000000,익산시,전북특별자치도 익산시,전북,sigungu,1095,1024,955,1037,1116,1193,1361,1515,1687,1932,2127,2108,2195,2575,2543,2527,2474,2599,2846,2594,2605,2026-08-14T00:22:57.807Z
2025,5218000000,정읍시,전북특별자치도 정읍시,전북,sigungu,309,344,345,358,371,377,468,511,537,595,687,732,712,824,897,825,835,856,991,801,779,2026-08-14T00:22:57.807Z
2025,5219000000,남원시,전북특별자치도 남원시,전북,sigungu,219,275,242,252,300,321,339,378,427,476,482,546,535,580,638,657,597,704,660,616,557,2026-08-14T00:22:57.807Z
2025,5221000000,김제시,전북특별자치도 김제시,전북,sigungu,373,364,397,354,267,278,283,330,383,418,466,466,488,570,634,550,601,614,673,595,536,2026-08-14T00:22:57.807Z
2025,5271000000,완주군,전북특별자치도 완주군,전북,sigungu,614,559,472,487,482,514,576,610,671,791,841,833,825,970,920,896,851,842,906,817,789,2026-08-14T00:22:57.807Z
2025,5272000000,진안군,전북특별자치도 진안군,전북,sigungu,81,79,81,70,90,86,74,70,94,104,97,120,121,132,152,170,152,164,180,190,157,2026-08-14T00:22:57.807Z
2025,5273000000,무주군,전북특별자치도 무주군,전북,sigungu,57,60,44,66,61,75,66,73,92,113,127,140,138,146,172,171,185,190,210,181,151,2026-08-14T00:22:57.807Z
2025,5274000000,장수군,전북특별자치도 장수군,전북,sigungu,67,60,53,54,63,80,69,77,76,88,97,122,146,137,158,147,136,190,185,135,150,2026-08-14T00:22:57.807Z
2025,5275000000,임실군,전북특별자치도 임실군,전북,sigungu,113,76,74,91,103,103,84,85,116,131,114,121,132,130,127,141,148,166,151,132,113,2026-08-14T00:22:57.807Z
2025,5277000000,순창군,전북특별자치도 순창군,전북,sigungu,93,87,72,81,87,123,105,130,122,172,141,158,157,187,187,225,214,230,263,242,244,2026-08-14T00:22:57.807Z
2025,5279000000,고창군,전북특별자치도 고창군,전북,sigungu,151,131,125,136,147,163,203,210,208,235,282,320,351,347,405,373,520,489,476,332,315,2026-08-14T00:22:57.807Z
2025,5280000000,부안군,전북특별자치도 부안군,전북,sigungu,127,140,129,130,143,144,172,176,207,225,258,277,306,337,348,334,313,327,365,304,315,2026-08-14T00:22:57.807Z
2025,4600000000,전남,전라남도,전남,sido,8539,8177,7681,8120,8513,9120,10033,10551,11577,13297,14340,14242,14809,16657,16469,16203,15414,15933,17037,14618,13678,2026-08-14T00:22:57.807Z
2025,4611000000,목포시,전라남도 목포시,전남,sigungu,714,702,686,730,806,910,1189,1279,1455,1791,1837,1929,2079,2315,2376,2291,2163,2221,2274,1949,1843,2026-08-14T00:22:57.807Z
2025,4613000000,여수시,전라남도 여수시,전남,sigungu,1187,1189,1099,1218,1314,1409,1522,1661,1808,2125,2306,2218,2312,2454,2591,2463,2278,2416,2617,2273,2113,2026-08-14T00:22:57.807Z
2025,4615000000,순천시,전라남도 순천시,전남,sigungu,1482,1477,1410,1579,1640,1766,2003,2022,2200,2447,2758,2605,2737,2943,2857,2867,2751,2832,3029,2707,2527,2026-08-14T00:22:57.807Z
2025,4617000000,나주시,전라남도 나주시,전남,sigungu,771,800,740,772,767,816,842,924,987,1061,1109,1076,1036,1228,1129,1046,959,999,1037,872,796,2026-08-14T00:22:57.807Z
2025,4623000000,광양시,전라남도 광양시,전남,sigungu,1139,977,870,955,1014,1019,1124,1124,1246,1348,1506,1479,1542,1720,1636,1683,1620,1624,1663,1389,1308,2026-08-14T00:22:57.807Z
2025,4671000000,담양군,전라남도 담양군,전남,sigungu,147,145,172,138,144,157,153,185,188,226,232,279,255,290,278,289,297,345,326,254,259,2026-08-14T00:22:57.807Z
2025,4672000000,곡성군,전라남도 곡성군,전남,sigungu,91,79,52,49,56,71,63,83,94,120,128,122,131,157,178,162,174,186,184,174,178,2026-08-14T00:22:57.807Z
2025,4673000000,구례군,전라남도 구례군,전남,sigungu,59,52,33,62,67,56,79,73,96,131,130,124,147,154,166,155,157,160,186,146,171,2026-08-14T00:22:57.807Z
2025,4677000000,고흥군,전라남도 고흥군,전남,sigungu,177,181,164,148,161,166,167,191,202,249,252,241,279,338,318,334,327,327,391,316,329,2026-08-14T00:22:57.807Z
2025,4678000000,보성군,전라남도 보성군,전남,sigungu,119,112,85,94,91,101,114,121,145,142,188,178,177,207,246,227,213,239,288,226,227,2026-08-14T00:22:57.807Z
2025,4679000000,화순군,전라남도 화순군,전남,sigungu,253,237,210,179,212,217,247,255,304,329,393,382,392,494,493,474,509,484,610,482,484,2026-08-14T00:22:57.807Z
2025,4680000000,장흥군,전라남도 장흥군,전남,sigungu,131,94,113,115,111,128,134,116,155,167,191,208,262,251,226,224,214,222,281,214,204,2026-08-14T00:22:57.807Z
2025,4681000000,강진군,전라남도 강진군,전남,sigungu,162,152,131,128,112,113,150,137,147,141,184,175,195,187,238,226,202,241,258,193,198,2026-08-14T00:22:57.807Z
2025,4682000000,해남군,전라남도 해남군,전남,sigungu,215,219,227,180,222,240,247,277,292,319,358,373,366,476,444,468,444,503,478,463,420,2026-08-14T00:22:57.807Z
2025,4683000000,영암군,전라남도 영암군,전남,sigungu,169,152,169,155,191,197,220,234,252,300,328,323,383,389,386,424,393,378,423,381,342,2026-08-14T00:22:57.807Z
2025,4684000000,무안군,전라남도 무안군,전남,sigungu,632,641,606,655,611,656,828,805,856,1045,1083,1074,1079,1293,1174,1155,1033,1069,1061,915,776,2026-08-14T00:22:57.807Z
2025,4686000000,함평군,전라남도 함평군,전남,sigungu,110,97,80,62,78,88,79,99,103,115,101,131,160,197,193,200,182,172,213,154,158,2026-08-14T00:22:57.807Z
2025,4687000000,영광군,전라남도 영광군,전남,sigungu,408,359,334,361,327,393,261,259,284,324,322,309,316,418,396,415,407,411,474,422,370,2026-08-14T00:22:57.807Z
2025,4688000000,장성군,전라남도 장성군,전남,sigungu,243,180,148,129,139,182,164,206,210,263,281,292,273,301,342,299,308,318,329,295,279,2026-08-14T00:22:57.807Z
2025,4689000000,완도군,전라남도 완도군,전남,sigungu,143,148,137,173,179,192,218,226,253,304,283,331,304,353,323,364,303,286,347,313,263,2026-08-14T00:22:57.807Z
2025,4690000000,진도군,전라남도 진도군,전남,sigungu,100,88,81,103,112,96,124,116,140,147,151,168,183,199,200,191,197,203,243,189,158,2026-08-14T00:22:57.807Z
2025,4691000000,신안군,전라남도 신안군,전남,sigungu,87,96,134,135,159,147,105,158,160,203,219,225,201,293,279,246,283,297,325,291,275,2026-08-14T00:22:57.807Z
2025,4700000000,경북,경상북도,경북,sido,10279,10231,9854,10825,11447,12299,13489,15008,16445,18940,20499,20204,20595,22807,22248,21823,21463,22093,23085,20322,19524,2026-08-14T00:22:57.807Z
2025,4711000000,포항시,경상북도 포항시,경북,sigungu,2303,2311,2141,2310,2407,2694,2941,3285,3671,4178,4684,4517,4640,5009,4837,4804,4497,4534,4700,3878,3635,2026-08-14T00:22:57.807Z
2025,4711100000,포항시 남구,경상북도 포항시 남구,경북,sigungu,778,825,771,864,948,1107,1207,1335,1502,1838,2077,1977,2014,2289,2132,2152,1963,2004,1987,1643,1620,2026-08-14T00:22:57.807Z
2025,4711300000,포항시 북구,경상북도 포항시 북구,경북,sigungu,1525,1486,1370,1446,1459,1587,1734,1950,2169,2340,2607,2540,2626,2720,2705,2652,2534,2530,2713,2235,2015,2026-08-14T00:22:57.807Z
2025,4713000000,경주시,경상북도 경주시,경북,sigungu,962,945,936,956,1049,1106,1155,1334,1453,1678,1757,1763,1778,1961,1925,1943,1860,1972,2085,1842,1752,2026-08-14T00:22:57.807Z
2025,4715000000,김천시,경상북도 김천시,경북,sigungu,638,594,564,639,666,669,758,851,905,1025,1059,1081,1109,1251,1208,1165,1324,1393,1340,1019,953,2026-08-14T00:22:57.807Z
2025,4717000000,안동시,경상북도 안동시,경북,sigungu,581,563,578,632,671,676,783,846,906,1055,1153,1068,1244,1315,1305,1270,1220,1302,1370,1668,1604,2026-08-14T00:22:57.807Z
2025,4719000000,구미시,경상북도 구미시,경북,sigungu,2012,2035,1906,2238,2457,2743,3013,3369,3667,4201,4572,4517,4352,4919,4697,4437,4142,4302,4550,4073,3732,2026-08-14T00:22:57.807Z
2025,4721000000,영주시,경상북도 영주시,경북,sigungu,325,314,284,348,364,367,422,523,542,638,672,695,700,866,826,948,991,1050,974,817,851,2026-08-14T00:22:57.807Z
2025,4723000000,영천시,경상북도 영천시,경북,sigungu,366,412,381,414,406,401,386,417,465,482,553,500,515,616,569,658,641,669,670,559,526,2026-08-14T00:22:57.807Z
2025,4725000000,상주시,경상북도 상주시,경북,sigungu,239,269,296,319,301,328,345,390,430,516,585,552,604,665,669,734,841,814,796,622,598,2026-08-14T00:22:57.807Z
2025,4728000000,문경시,경상북도 문경시,경북,sigungu,178,208,167,200,232,261,293,293,333,350,429,412,423,515,532,480,510,545,584,410,428,2026-08-14T00:22:57.807Z
2025,4729000000,경산시,경상북도 경산시,경북,sigungu,1311,1129,1102,1262,1280,1306,1489,1620,1792,2148,2173,2237,2195,2430,2388,2207,2167,2182,2419,2511,2757,2026-08-14T00:22:57.807Z
2025,4773000000,의성군,경상북도 의성군,경북,sigungu,122,135,137,99,123,131,94,124,150,156,165,178,156,184,198,177,232,277,267,200,182,2026-08-14T00:22:57.807Z
2025,4775000000,청송군,경상북도 청송군,경북,sigungu,45,68,74,68,71,57,84,73,80,75,89,94,94,103,111,101,102,96,106,97,96,2026-08-14T00:22:57.807Z
2025,4776000000,영양군,경상북도 영양군,경북,sigungu,27,31,29,33,36,46,53,44,59,63,76,81,89,82,70,98,93,104,121,81,90,2026-08-14T00:22:57.807Z
2025,4777000000,영덕군,경상북도 영덕군,경북,sigungu,94,75,66,85,74,97,89,96,142,137,158,174,177,155,186,196,170,162,197,162,165,2026-08-14T00:22:57.807Z
2025,4782000000,청도군,경상북도 청도군,경북,sigungu,100,93,106,96,79,89,90,106,115,134,159,160,170,201,197,215,221,206,251,203,152,2026-08-14T00:22:57.807Z
2025,4783000000,고령군,경상북도 고령군,경북,sigungu,85,66,80,74,84,83,80,95,106,112,143,142,146,169,151,161,179,188,204,174,164,2026-08-14T00:22:57.807Z
2025,4784000000,성주군,경상북도 성주군,경북,sigungu,125,132,147,121,124,130,96,124,133,138,157,154,186,194,217,178,223,243,230,194,177,2026-08-14T00:22:57.807Z
2025,4785000000,칠곡군,경상북도 칠곡군,경북,sigungu,242,295,305,366,396,443,577,674,724,991,959,969,1032,1124,1096,1093,1018,1042,1131,935,872,2026-08-14T00:22:57.807Z
2025,4790000000,예천군,경상북도 예천군,경북,sigungu,277,282,304,296,340,368,418,394,416,457,521,452,517,529,531,454,484,440,431,360,294,2026-08-14T00:22:57.807Z
2025,4792000000,봉화군,경상북도 봉화군,경북,sigungu,45,49,56,66,67,78,82,96,102,107,126,128,133,152,160,175,208,196,230,160,127,2026-08-14T00:22:57.807Z
2025,4793000000,울진군,경상북도 울진군,경북,sigungu,186,197,176,187,197,199,215,226,234,266,283,294,292,320,324,294,306,332,378,301,319,2026-08-14T00:22:57.807Z
2025,4794000000,울릉군,경상북도 울릉군,경북,sigungu,16,28,19,16,23,27,26,28,20,33,26,36,43,47,51,35,34,44,51,56,50,2026-08-14T00:22:57.807Z
2025,4800000000,경남,경상남도,경남,sido,13691,13382,13417,14263,15510,16879,19263,21223,23834,27455,29939,30186,30054,33645,33102,32628,30750,32278,33986,28063,25849,2026-08-14T00:22:57.807Z
2025,4812000000,창원시,경상남도 창원시,경남,sigungu,4582,4436,4377,4683,5171,5302,6142,6652,7536,8452,9260,9169,9397,10410,10102,9770,9214,9499,10325,8478,8016,2026-08-14T00:22:57.807Z
2025,4812100000,창원시 의창구,경상남도 창원시 의창구,경남,sigungu,909,945,920,967,1109,1099,1296,1389,1605,1814,1905,1860,1890,2043,1956,2007,1836,1831,2011,1611,1612,2026-08-14T00:22:57.807Z
2025,4812300000,창원시 성산구,경상남도 창원시 성산구,경남,sigungu,1426,1329,1296,1370,1468,1439,1655,1832,1938,2105,2300,2306,2287,2573,2507,2446,2353,2479,2710,2178,2081,2026-08-14T00:22:57.807Z
2025,4812500000,창원시 마산합포구,경상남도 창원시 마산합포구,경남,sigungu,792,734,704,807,821,868,1030,1075,1253,1458,1590,1545,1580,1752,1613,1471,1402,1406,1522,1312,1281,2026-08-14T00:22:57.807Z
2025,4812700000,창원시 마산회원구,경상남도 창원시 마산회원구,경남,sigungu,626,629,629,697,780,811,923,986,1134,1303,1442,1474,1560,1734,1724,1674,1597,1675,1864,1565,1478,2026-08-14T00:22:57.807Z
2025,4812900000,창원시 진해구,경상남도 창원시 진해구,경남,sigungu,829,799,828,842,993,1085,1238,1370,1606,1772,2023,1984,2080,2308,2302,2172,2026,2108,2218,1812,1564,2026-08-14T00:22:57.807Z
2025,4817000000,진주시,경상남도 진주시,경남,sigungu,1808,1678,1669,1734,1794,1885,2108,2367,2539,2970,3105,3335,3155,3494,3510,3491,3042,3415,3582,3287,3129,2026-08-14T00:22:57.807Z
2025,4822000000,통영시,경상남도 통영시,경남,sigungu,289,328,329,355,398,459,508,620,763,877,1031,1131,1056,1305,1321,1373,1269,1294,1334,1085,992,2026-08-14T00:22:57.807Z
2025,4824000000,사천시,경상남도 사천시,경남,sigungu,450,429,392,447,456,476,530,611,720,818,915,955,910,1052,1015,1104,1028,1049,1074,995,828,2026-08-14T00:22:57.807Z
2025,4824500000,사천남양출장소,경상남도 사천남양출장소,경남,sigungu,0,0,0,0,0,0,0,0,0,0,0,0,0,0,0,0,0,0,0,0,0,2026-08-14T00:22:57.807Z
2025,4825000000,김해시,경상남도 김해시,경남,sigungu,2629,2554,2679,2742,2949,3242,3754,4020,4468,5245,5660,5617,5653,6349,6088,6116,5671,5969,6492,5470,4920,2026-08-14T00:22:57.807Z
2025,4825200000,장유출장소,경상남도 장유출장소,경남,sigungu,0,0,0,0,0,0,0,0,0,0,0,0,0,0,0,0,0,0,0,0,0,2026-08-14T00:22:57.807Z
2025,4827000000,밀양시,경상남도 밀양시,경남,sigungu,242,280,248,289,318,340,402,413,531,578,569,618,639,713,700,719,712,783,862,639,618,2026-08-14T00:22:57.807Z
2025,4831000000,거제시,경상남도 거제시,경남,sigungu,842,879,907,992,1147,1380,1600,1855,2221,2657,3024,2957,2894,3157,3196,3068,2760,2832,2880,2255,1972,2026-08-14T00:22:57.807Z
2025,4833000000,양산시,경상남도 양산시,경남,sigungu,1912,1859,1868,2006,2133,2492,2699,3048,3288,3721,3977,3878,3711,4117,4044,3781,3500,3688,3737,3079,2861,2026-08-14T00:22:57.807Z
2025,4833200000,양산시웅상출장소,경상남도 양산시웅상출장소,경남,sigungu,0,0,0,0,0,0,0,0,0,0,0,0,0,0,0,0,0,0,0,0,0,2026-08-14T00:22:57.807Z
2025,4872000000,의령군,경상남도 의령군,경남,sigungu,55,55,49,62,63,71,65,75,103,88,114,105,110,148,137,137,135,131,146,120,122,2026-08-14T00:22:57.807Z
2025,4873000000,함안군,경상남도 함안군,경남,sigungu,129,103,139,165,157,196,246,295,285,368,417,439,477,542,540,564,577,615,576,494,385,2026-08-14T00:22:57.807Z
2025,4874000000,창녕군,경상남도 창녕군,경남,sigungu,152,123,116,112,153,161,220,215,244,288,296,299,333,378,396,381,457,450,437,300,269,2026-08-14T00:22:57.807Z
2025,4882000000,고성군,경상남도 고성군,경남,sigungu,75,78,77,86,97,116,135,171,181,225,291,310,328,391,384,402,438,467,483,302,281,2026-08-14T00:22:57.807Z
2025,4884000000,남해군,경상남도 남해군,경남,sigungu,58,68,72,100,87,106,110,121,145,178,218,212,209,265,275,282,347,366,293,267,243,2026-08-14T00:22:57.807Z
2025,4885000000,하동군,경상남도 하동군,경남,sigungu,72,74,83,80,113,98,140,117,135,162,187,196,164,211,216,259,206,259,267,214,212,2026-08-14T00:22:57.807Z
2025,4886000000,산청군,경상남도 산청군,경남,sigungu,59,54,67,61,82,76,87,84,89,111,136,121,145,150,172,207,170,186,240,190,180,2026-08-14T00:22:57.807Z
2025,4887000000,함양군,경상남도 함양군,경남,sigungu,64,65,81,80,95,114,130,147,159,176,196,214,225,252,211,296,294,296,289,248,206,2026-08-14T00:22:57.807Z
2025,4888000000,거창군,경상남도 거창군,경남,sigungu,215,239,209,180,209,264,277,309,333,386,413,468,465,516,559,503,728,735,711,472,446,2026-08-14T00:22:57.807Z
2025,4889000000,합천군,경상남도 합천군,경남,sigungu,58,80,55,89,88,101,110,103,94,155,130,162,183,195,236,175,202,244,258,168,169,2026-08-14T00:22:57.807Z
2025,5000000000,제주,제주특별자치도,제주,sido,3269,3194,3299,3695,3956,4211,4911,5318,5867,6501,6960,6992,6898,7641,7346,7177,6792,6904,7268,6279,5784,2026-08-14T00:22:57.807Z
2025,5011000000,제주시,제주특별자치도 제주시,제주,sigungu,2565,2502,2569,2824,3006,3160,3639,4024,4296,4785,5116,5240,5174,5711,5437,5319,5061,5132,5480,4769,4428,2026-08-14T00:22:57.807Z
2025,5013000000,서귀포시,제주특별자치도 서귀포시,제주,sigungu,704,692,730,871,950,1051,1272,1294,1571,1716,1844,1752,1724,1930,1909,1858,1731,1772,1788,1510,1356,2026-08-14T00:22:57.807Z
2024,1100000000,서울,서울특별시,서울,sido,39588,37696,40295,42163,43155,47146,50295,54899,61875,66668,66426,66625,74642,71709,72634,69493,73553,77999,72242,75444,87480,2026-08-14T00:22:57.807Z
2024,1111000000,종로구,서울특별시 종로구,서울,sigungu,421,413,453,487,480,529,544,641,719,824,795,819,955,864,987,860,933,1094,972,1099,1362,2026-08-14T00:22:57.807Z
2024,1114000000,중구,서울특별시 중구,서울,sigungu,548,433,523,543,515,519,500,538,598,599,547,585,577,548,546,511,570,668,614,717,950,2026-08-14T00:22:57.807Z
2024,1117000000,용산구,서울특별시 용산구,서울,sigungu,962,893,943,953,981,1053,1037,1062,1151,1215,1208,1207,1245,1208,1286,1256,1288,1420,1357,1441,1752,2026-08-14T00:22:57.807Z
2024,1120000000,성동구,서울특별시 성동구,서울,sigungu,1553,1399,1515,1557,1539,1576,1630,1626,1805,1774,1753,1659,1687,1592,1546,1510,1728,1913,1761,2182,2552,2026-08-14T00:22:57.807Z
2024,1121500000,광진구,서울특별시 광진구,서울,sigungu,1172,1067,1160,1198,1238,1398,1474,1550,1819,2022,1973,2111,2298,2262,2271,2200,2328,2553,2452,2538,3126,2026-08-14T00:22:57.807Z
2024,1123000000,동대문구,서울특별시 동대문구,서울,sigungu,1434,1432,1486,1501,1640,1752,1766,1911,2051,2201,2110,2056,2284,2101,2128,2013,2195,2351,2151,2881,3672,2026-08-14T00:22:57.807Z
2024,1126000000,중랑구,서울특별시 중랑구,서울,sigungu,1630,1606,1645,1567,1517,1756,1783,1883,2162,2244,2068,2220,2389,2302,2280,2210,2352,2505,2481,2461,2899,2026-08-14T00:22:57.807Z
2024,1129000000,성북구,서울특별시 성북구,서울,sigungu,1722,1772,1832,1950,1970,2198,2359,2570,2939,3183,3048,3053,3310,3384,3333,3205,3348,3742,3433,4117,5196,2026-08-14T00:22:57.807Z
2024,1130500000,강북구,서울특별시 강북구,서울,sigungu,741,792,777,916,963,999,1125,1320,1400,1521,1516,1660,1817,1756,1824,1804,1863,2030,1954,2181,2542,2026-08-14T00:22:57.807Z
2024,1132000000,도봉구,서울특별시 도봉구,서울,sigungu,992,959,1041,1111,1088,1267,1378,1508,1728,1895,1961,1882,2087,2123,2195,2112,2240,2497,2260,2240,2694,2026-08-14T00:22:57.807Z
2024,1135000000,노원구,서울특별시 노원구,서울,sigungu,1967,1964,2025,1984,2102,2262,2402,2868,3270,3648,3764,3777,4430,4370,4517,4493,4880,5117,4724,5344,5945,2026-08-14T00:22:57.807Z
2024,1138000000,은평구,서울특별시 은평구,서울,sigungu,1762,1679,1938,1933,1977,2117,2250,2470,2840,3090,2991,3047,3424,3321,3485,3350,3555,3897,3694,3535,4089,2026-08-14T00:22:57.807Z
2024,1141000000,서대문구,서울특별시 서대문구,서울,sigungu,1374,1303,1412,1477,1504,1531,1688,1874,2070,2174,2210,2030,2181,2034,2159,2097,2121,2214,2226,2439,3208,2026-08-14T00:22:57.807Z
2024,1144000000,마포구,서울특별시 마포구,서울,sigungu,1624,1500,1642,1769,1720,1849,2050,2149,2547,2549,2492,2289,2680,2482,2577,2495,2654,2857,2600,2819,3481,2026-08-14T00:22:57.807Z
2024,1147000000,양천구,서울특별시 양천구,서울,sigungu,1509,1453,1677,1831,1993,2243,2666,3158,3443,3930,4123,4322,5082,4818,4958,4697,4979,5157,4471,4225,4435,2026-08-14T00:22:57.807Z
2024,1150000000,강서구,서울특별시 강서구,서울,sigungu,2554,2267,2463,2522,2597,2832,2895,3148,3713,3869,3849,3840,4359,4192,3943,3808,4240,4488,4056,3984,4543,2026-08-14T00:22:57.807Z
2024,1153000000,구로구,서울특별시 구로구,서울,sigungu,2004,1818,1960,1909,1887,2066,2159,2204,2432,2627,2543,2664,2838,2727,2819,2641,2828,2942,2797,2724,3058,2026-08-14T00:22:57.807Z
2024,1154500000,금천구,서울특별시 금천구,서울,sigungu,820,808,830,819,822,878,876,965,1059,1149,1108,1031,1296,1201,1249,1164,1239,1421,1347,1369,1551,2026-08-14T00:22:57.807Z
2024,1156000000,영등포구,서울특별시 영등포구,서울,sigungu,2043,1968,2002,1960,1861,2080,2077,2102,2321,2374,2303,2156,2324,2192,2234,2118,2310,2369,2185,2373,2702,2026-08-14T00:22:57.807Z
2024,1159000000,동작구,서울특별시 동작구,서울,sigungu,1670,1589,1557,1621,1646,1833,1873,2025,2258,2553,2422,2313,2464,2385,2581,2355,2408,2689,2558,3015,3784,2026-08-14T00:22:57.807Z
2024,1162000000,관악구,서울특별시 관악구,서울,sigungu,1375,1258,1269,1326,1363,1416,1457,1615,1874,2070,2022,2067,2172,2279,2238,2188,2473,2644,2592,3421,4271,2026-08-14T00:22:57.807Z
2024,1165000000,서초구,서울특별시 서초구,서울,sigungu,1784,1751,2014,2263,2327,2601,2994,3257,3575,4068,4207,4277,4894,4626,4793,4484,4631,4594,4252,4031,4384,2026-08-14T00:22:57.807Z
2024,1168000000,강남구,서울특별시 강남구,서울,sigungu,2397,2293,2333,2501,2749,3154,3581,4181,4685,5286,5613,6066,7113,6895,6709,6269,6607,6699,5996,5560,5707,2026-08-14T00:22:57.807Z
2024,1171000000,송파구,서울특별시 송파구,서울,sigungu,3054,2913,3201,3663,3780,4133,4387,4831,5570,5608,5623,5529,6200,5914,5844,5576,5611,5922,5493,5138,5648,2026-08-14T00:22:57.807Z
2024,1174000000,강동구,서울특별시 강동구,서울,sigungu,2476,2366,2597,2802,2896,3104,3344,3443,3846,4195,4177,3965,4536,4133,4132,4077,4172,4216,3816,3610,3929,2026-08-14T00:22:57.807Z
2024,2600000000,부산,부산광역시,부산,sido,12847,13063,14374,15137,15715,17651,19674,21789,24711,26775,26331,25902,28647,27562,27048,24706,25822,27291,24612,24931,27588,2026-08-14T00:22:57.807Z
2024,2611000000,중구,부산광역시 중구,부산,sigungu,52,42,64,52,51,63,73,100,110,122,138,141,139,154,161,141,135,175,174,199,269,2026-08-14T00:22:57.807Z
2024,2614000000,서구,부산광역시 서구,부산,sigungu,310,298,381,373,400,425,482,505,641,667,672,651,706,741,733,634,703,745,689,717,869,2026-08-14T00:22:57.807Z
2024,2617000000,동구,부산광역시 동구,부산,sigungu,363,343,371,352,332,349,320,403,424,439,426,425,466,447,424,437,453,519,463,432,511,2026-08-14T00:22:57.807Z
2024,2620000000,영도구,부산광역시 영도구,부산,sigungu,305,292,306,330,304,389,418,453,550,555,564,607,662,663,682,591,687,707,663,660,736,2026-08-14T00:22:57.807Z
2024,2623000000,부산진구,부산광역시 부산진구,부산,sigungu,1547,1622,1649,1641,1650,1796,1877,2020,2329,2400,2360,2194,2521,2433,2384,2249,2317,2516,2305,2480,3001,2026-08-14T00:22:57.807Z
2024,2626000000,동래구,부산광역시 동래구,부산,sigungu,1226,1259,1440,1553,1561,1817,1974,2179,2494,2737,2654,2591,2983,2682,2828,2428,2549,2624,2425,2168,2339,2026-08-14T00:22:57.807Z
2024,2629000000,남구,부산광역시 남구,부산,sigungu,890,869,950,1077,1113,1271,1446,1712,1898,2110,2079,2122,2324,2283,2274,2052,2125,2311,2070,2481,2706,2026-08-14T00:22:57.807Z
2024,2632000000,북구,부산광역시 북구,부산,sigungu,1137,1101,1224,1258,1231,1357,1571,1723,1933,2072,1971,2007,2151,2110,2081,2021,2029,2147,2018,2078,2112,2026-08-14T00:22:57.807Z
2024,2635000000,해운대구,부산광역시 해운대구,부산,sigungu,1432,1430,1597,1691,1877,2108,2475,2634,3053,3387,3375,3429,3786,3641,3601,3364,3519,3754,3450,3179,3222,2026-08-14T00:22:57.807Z
2024,2638000000,사하구,부산광역시 사하구,부산,sigungu,985,1006,1101,1164,1208,1317,1522,1733,1932,2169,2120,2114,2507,2404,2330,2228,2327,2522,2228,2270,2537,2026-08-14T00:22:57.807Z
2024,2641000000,금정구,부산광역시 금정구,부산,sigungu,525,611,626,716,691,873,944,1129,1213,1460,1402,1427,1543,1547,1563,1429,1562,1679,1551,1751,2161,2026-08-14T00:22:57.807Z
2024,2644000000,강서구,부산광역시 강서구,부산,sigungu,969,1069,1258,1293,1395,1600,1859,1993,2216,2321,2247,2070,2081,1940,1755,1479,1430,1263,1023,924,893,2026-08-14T00:22:57.807Z
2024,2647000000,연제구,부산광역시 연제구,부산,sigungu,955,969,1013,1092,1206,1313,1428,1518,1717,1773,1763,1686,1806,1798,1712,1557,1689,1817,1616,1578,1709,2026-08-14T00:22:57.807Z
2024,2650000000,수영구,부산광역시 수영구,부산,sigungu,634,623,717,734,715,839,857,920,1074,1154,1133,1081,1186,1190,1109,1081,1148,1216,1046,1123,1275,2026-08-14T00:22:57.807Z
2024,2653000000,사상구,부산광역시 사상구,부산,sigungu,656,637,655,697,767,765,914,1044,1083,1289,1211,1272,1451,1332,1321,1228,1334,1420,1296,1423,1770,2026-08-14T00:22:57.807Z
2024,2671000000,기장군,부산광역시 기장군,부산,sigungu,861,892,1022,1114,1214,1369,1514,1723,2044,2120,2216,2085,2335,2197,2090,1787,1815,1876,1595,1468,1478,2026-08-14T00:22:57.807Z
2024,2700000000,대구,대구광역시,대구,sido,10090,9894,10908,11675,12307,14297,15557,17208,19612,20680,20619,20312,22710,21843,21569,20177,21212,22830,20661,20505,22068,2026-08-14T00:22:57.807Z
2024,2711000000,중구,대구광역시 중구,대구,sigungu,799,730,799,719,746,818,784,813,880,836,790,703,782,713,645,664,657,751,672,705,863,2026-08-14T00:22:57.807Z
2024,2714000000,동구,대구광역시 동구,대구,sigungu,1645,1585,1703,1847,1840,2148,2165,2348,2623,2696,2644,2577,2748,2668,2664,2453,2554,2765,2408,2485,2709,2026-08-14T00:22:57.807Z
2024,2717000000,서구,대구광역시 서구,대구,sigungu,594,544,601,572,588,668,684,801,918,886,884,909,966,946,912,876,971,1024,987,966,1091,2026-08-14T00:22:57.807Z
2024,2720000000,남구,대구광역시 남구,대구,sigungu,424,463,437,464,501,512,545,570,675,692,687,741,762,790,758,756,802,937,879,941,1131,2026-08-14T00:22:57.807Z
2024,2723000000,북구,대구광역시 북구,대구,sigungu,1683,1568,1817,1915,2037,2312,2621,2793,3347,3564,3533,3532,3883,3829,3717,3608,3821,4172,3862,4029,4460,2026-08-14T00:22:57.807Z
2024,2726000000,수성구,대구광역시 수성구,대구,sigungu,1320,1352,1687,1849,1985,2467,3025,3464,3850,4258,4398,4418,5213,4903,4859,4552,4822,5066,4667,4258,4341,2026-08-14T00:22:57.807Z
2024,2729000000,달서구,대구광역시 달서구,대구,sigungu,2024,2042,2064,2322,2468,2909,3214,3600,4297,4606,4566,4523,5130,4997,5054,4786,4926,5478,4876,4966,5405,2026-08-14T00:22:57.807Z
2024,2771000000,달성군,대구광역시 달성군,대구,sigungu,1543,1572,1750,1946,2097,2404,2481,2771,2979,3084,3047,2848,3133,2911,2869,2403,2559,2539,2219,2072,1989,2026-08-14T00:22:57.807Z
2024,2772000000,군위군,대구광역시 군위군,대구,sigungu,58,38,50,41,45,59,38,48,43,58,70,61,93,86,91,79,100,98,91,83,79,2026-08-14T00:22:57.807Z
2024,2800000000,인천,인천광역시,인천,sido,15433,15014,16369,16845,17730,19526,20660,21926,24927,26766,26262,26299,28903,28645,27991,26465,27282,29269,26014,25446,27046,2026-08-14T00:22:57.807Z
2024,2811000000,중구,인천광역시 중구,인천,sigungu,1046,1051,1139,1081,1102,1290,1331,1370,1496,1563,1509,1525,1708,1667,1675,1429,1473,1610,1299,1205,1365,2026-08-14T00:22:57.807Z
2024,2811400000,중구영종출장소,인천광역시 중구영종출장소,인천,sigungu,0,0,0,0,0,0,0,0,0,0,0,0,0,0,0,0,0,0,0,0,0,2026-08-14T00:22:57.807Z
2024,2811800000,중구용유출장소,인천광역시 중구용유출장소,인천,sigungu,0,0,0,0,0,0,0,0,0,0,0,0,0,0,0,0,0,0,0,0,0,2026-08-14T00:22:57.807Z
2024,2814000000,동구,인천광역시 동구,인천,sigungu,211,204,207,213,208,262,266,277,363,369,378,339,469,419,455,413,465,539,451,462,484,2026-08-14T00:22:57.807Z
2024,2817700000,미추홀구,인천광역시 미추홀구,인천,sigungu,2075,1889,2063,2095,2229,2260,2395,2561,2830,3091,2963,3008,3263,3299,3131,3088,3176,3412,3059,3368,3681,2026-08-14T00:22:57.807Z
2024,2818500000,연수구,인천광역시 연수구,인천,sigungu,2272,2349,2619,2798,2970,3378,3698,3853,4371,4734,4740,4635,5050,4908,4784,4445,4573,4759,4025,4055,4290,2026-08-14T00:22:57.807Z
2024,2820000000,남동구,인천광역시 남동구,인천,sigungu,1742,1815,1911,2029,2289,2564,2863,3207,3793,4185,4235,4305,4804,4748,4721,4435,4520,4856,4469,4159,4237,2026-08-14T00:22:57.807Z
2024,2823700000,부평구,인천광역시 부평구,인천,sigungu,2563,2271,2412,2337,2478,2661,2802,3016,3406,3570,3538,3471,3889,3892,3857,3898,3977,4396,3919,3947,4079,2026-08-14T00:22:57.807Z
2024,2824500000,계양구,인천광역시 계양구,인천,sigungu,1000,989,1102,1153,1120,1322,1383,1379,1680,1853,1862,1908,2132,2158,2232,2165,2371,2584,2366,2233,2606,2026-08-14T00:22:57.807Z
2024,2826000000,서구,인천광역시 서구,인천,sigungu,4235,4161,4602,4845,4990,5456,5642,5951,6610,6984,6590,6642,7070,7041,6603,6039,6176,6549,5883,5466,5708,2026-08-14T00:22:57.807Z
2024,2826500000,서구검단출장소,인천광역시 서구검단출장소,인천,sigungu,0,0,0,0,0,0,0,0,0,0,0,0,0,0,0,0,0,0,0,0,0,2026-08-14T00:22:57.807Z
2024,2871000000,강화군,인천광역시 강화군,인천,sigungu,240,233,258,240,277,266,224,267,302,343,376,384,430,419,435,467,468,460,441,430,426,2026-08-14T00:22:57.807Z
2024,2872000000,옹진군,인천광역시 옹진군,인천,sigungu,49,52,56,54,67,67,56,45,76,74,71,82,88,94,98,86,83,104,102,121,170,2026-08-14T00:22:57.807Z
2024,2900000000,광주,광주광역시,광주,sido,6020,6424,7375,8034,8237,9288,10232,11108,12659,13460,13595,13741,15241,14679,14983,14254,14668,15923,14465,13869,15024,2026-08-14T00:22:57.807Z
2024,2911000000,동구,광주광역시 동구,광주,sigungu,596,553,666,678,659,711,708,769,800,890,831,739,777,759,741,627,690,777,726,790,973,2026-08-14T00:22:57.807Z
2024,2914000000,서구,광주광역시 서구,광주,sigungu,983,1057,1206,1301,1388,1625,1841,1947,2253,2340,2417,2560,2757,2736,2717,2695,2795,3055,2855,2623,2980,2026-08-14T00:22:57.807Z
2024,2915500000,남구,광주광역시 남구,광주,sigungu,693,852,965,1091,1124,1360,1560,1729,1946,2189,2264,2226,2547,2324,2418,2173,2240,2307,2177,1923,2036,2026-08-14T00:22:57.807Z
2024,2917000000,북구,광주광역시 북구,광주,sigungu,1898,2028,2261,2530,2523,2750,2981,3185,3616,3770,3799,3777,4133,4040,4037,3889,3990,4437,3924,3946,4227,2026-08-14T00:22:57.807Z
2024,2920000000,광산구,광주광역시 광산구,광주,sigungu,1850,1934,2277,2434,2543,2842,3142,3478,4044,4271,4284,4439,5027,4820,5070,4870,4953,5347,4783,4587,4808,2026-08-14T00:22:57.807Z
2024,3000000000,대전,대전광역시,대전,sido,7226,7336,7880,7897,7915,8759,9434,10584,11737,12745,12593,12822,13878,13866,13656,13036,13768,14763,13593,13638,15324,2026-08-14T00:22:57.807Z
2024,3011000000,동구,대전광역시 동구,대전,sigungu,1043,1042,1016,1027,1009,1115,1173,1306,1472,1563,1613,1623,1756,1810,1810,1785,1925,2007,1847,2387,2688,2026-08-14T00:22:57.807Z
2024,3014000000,중구,대전광역시 중구,대전,sigungu,868,901,963,1063,1052,1196,1261,1430,1590,1709,1722,1744,2002,2000,1994,1906,2107,2205,2103,1918,2017,2026-08-14T00:22:57.807Z
2024,3017000000,서구,대전광역시 서구,대전,sigungu,2136,2175,2320,2305,2450,2612,2934,3456,3902,4322,4172,4354,4766,4709,4625,4284,4543,5059,4466,4298,4912,2026-08-14T00:22:57.807Z
2024,3020000000,유성구,대전광역시 유성구,대전,sigungu,2431,2532,2808,2800,2728,2985,3263,3473,3776,4035,3926,3842,4035,3971,3840,3709,3740,3936,3714,3569,4040,2026-08-14T00:22:57.807Z
2024,3023000000,대덕구,대전광역시 대덕구,대전,sigungu,748,686,773,702,676,851,803,919,997,1116,1160,1259,1319,1376,1387,1352,1453,1556,1463,1466,1667,2026-08-14T00:22:57.807Z
2024,3100000000,울산,울산광역시,울산,sido,5182,5009,5404,6060,6431,7252,7864,8764,10186,10945,10932,10802,11887,11291,11265,10701,11040,11716,10306,9430,9594,2026-08-14T00:22:57.807Z
2024,3111000000,중구,울산광역시 중구,울산,sigungu,856,847,907,1071,1080,1295,1419,1515,1762,1816,1859,1902,2078,2038,1948,1851,1909,2038,1774,1575,1696,2026-08-14T00:22:57.807Z
2024,3114000000,남구,울산광역시 남구,울산,sigungu,1347,1251,1419,1581,1687,1806,1970,2218,2554,2791,2734,2661,2992,2786,2781,2780,2840,2962,2752,2560,2681,2026-08-14T00:22:57.807Z
2024,3117000000,동구,울산광역시 동구,울산,sigungu,647,639,648,799,813,1036,1107,1290,1593,1602,1738,1652,1848,1702,1750,1610,1581,1711,1494,1254,1239,2026-08-14T00:22:57.807Z
2024,3120000000,북구,울산광역시 북구,울산,sigungu,1295,1333,1437,1572,1708,1918,2005,2271,2622,2834,2684,2660,2791,2643,2626,2395,2537,2654,2192,2002,1875,2026-08-14T00:22:57.807Z
2024,3171000000,울주군,울산광역시 울주군,울산,sigungu,1037,939,993,1037,1143,1197,1363,1470,1655,1902,1917,1927,2178,2122,2160,2065,2173,2351,2094,2039,2103,2026-08-14T00:22:57.807Z
2024,3600000000,세종,세종특별자치시,세종,sido,2822,2818,3212,3677,3718,4164,4556,4975,5524,5885,5616,5541,6032,5681,5644,5219,5305,5122,4530,3849,3806,2026-08-14T00:22:57.807Z
2024,4100000000,경기,경기도,경기,sido,71451,71843,78718,81246,84418,92883,99497,107559,121792,130581,128699,127591,141193,136635,135850,128052,133625,139701,126815,120146,129435,2026-08-14T00:22:57.807Z
2024,4111000000,수원시,경기도 수원시,경기,sigungu,6396,6008,6513,6640,6921,7539,8004,8664,9841,10820,10416,10426,11831,11259,11294,10794,11480,12139,11065,10613,12062,2026-08-14T00:22:57.807Z
2024,4111100000,수원시 장안구,경기도 수원시 장안구,경기,sigungu,1197,1119,1226,1314,1373,1466,1523,1646,1902,2203,2148,2283,2506,2543,2539,2558,2855,2908,2755,2732,3031,2026-08-14T00:22:57.807Z
2024,4111300000,수원시 권선구,경기도 수원시 권선구,경기,sigungu,1900,1883,1937,1968,2017,2145,2360,2532,3033,3213,3163,3076,3533,3250,3224,3059,3116,3366,3090,2842,3220,2026-08-14T00:22:57.807Z
2024,4111500000,수원시 팔달구,경기도 수원시 팔달구,경기,sigungu,1016,905,953,955,1077,1204,1148,1229,1286,1270,1173,1138,1322,1249,1318,1291,1371,1623,1407,1511,1839,2026-08-14T00:22:57.807Z
2024,4111700000,수원시 영통구,경기도 수원시 영통구,경기,sigungu,2283,2101,2397,2403,2454,2724,2973,3257,3620,4134,3932,3929,4470,4217,4213,3886,4138,4242,3813,3528,3972,2026-08-14T00:22:57.807Z
2024,4113000000,성남시,경기도 성남시,경기,sigungu,4527,4433,4847,5054,5128,5679,5953,6386,7069,7919,7725,7885,8508,8339,8578,7897,8299,8791,7972,7699,8604,2026-08-14T00:22:57.807Z
2024,4113100000,성남시 수정구,경기도 성남시 수정구,경기,sigungu,1182,1127,1217,1235,1362,1450,1353,1396,1504,1654,1548,1498,1685,1559,1689,1470,1622,1771,1595,1735,2104,2026-08-14T00:22:57.807Z
2024,4113300000,성남시 중원구,경기도 성남시 중원구,경기,sigungu,977,1015,1046,1068,1008,1077,1089,1196,1296,1368,1260,1333,1405,1419,1417,1332,1479,1637,1453,1499,1710,2026-08-14T00:22:57.807Z
2024,4113500000,성남시 분당구,경기도 성남시 분당구,경기,sigungu,2368,2291,2584,2751,2758,3152,3511,3794,4269,4897,4917,5054,5418,5361,5472,5095,5198,5383,4924,4465,4790,2026-08-14T00:22:57.807Z
2024,4115000000,의정부시,경기도 의정부시,경기,sigungu,2087,2201,2452,2563,2620,2890,2982,3193,3583,3885,3721,3728,4176,3976,4109,3779,3946,4388,3945,3912,4327,2026-08-14T00:22:57.807Z
2024,4117000000,안양시,경기도 안양시,경기,sigungu,3369,3098,3203,3146,3086,3305,3579,3742,4230,4673,4569,4369,5034,4946,5002,4636,5049,5247,5033,4865,5122,2026-08-14T00:22:57.807Z
2024,4117100000,안양시 만안구,경기도 안양시 만안구,경기,sigungu,1219,1201,1194,1143,1150,1166,1202,1248,1420,1487,1476,1378,1575,1532,1574,1472,1698,1837,1787,1807,1967,2026-08-14T00:22:57.807Z
2024,4117300000,안양시 동안구,경기도 안양시 동안구,경기,sigungu,2150,1897,2009,2003,1936,2139,2377,2494,2810,3186,3093,2991,3459,3414,3428,3164,3351,3410,3246,3058,3155,2026-08-14T00:22:57.807Z
2024,4119000000,부천시,경기도 부천시,경기,sigungu,3179,3199,3514,3712,3891,4108,4450,4716,5342,5670,5936,5754,6459,6282,6313,6087,6427,7089,6513,6187,6769,2026-08-14T00:22:57.807Z
2024,4119200000,부천시 원미구,경기도 부천시 원미구,경기,sigungu,1680,1627,1853,1854,2004,2056,2259,2389,2740,2905,3062,2947,3311,3164,3164,3111,3378,3689,3347,3198,3569,2026-08-14T00:22:57.807Z
2024,4119400000,부천시 소사구,경기도 부천시 소사구,경기,sigungu,1070,1119,1188,1328,1341,1469,1512,1636,1753,1882,1927,1893,2047,2000,2042,1882,1923,2089,1924,1737,1930,2026-08-14T00:22:57.807Z
2024,4119600000,부천시 오정구,경기도 부천시 오정구,경기,sigungu,429,453,473,530,546,583,679,691,849,883,947,914,1101,1118,1107,1094,1126,1311,1242,1252,1270,2026-08-14T00:22:57.807Z
2024,4121000000,광명시,경기도 광명시,경기,sigungu,1362,1407,1400,1502,1442,1680,1869,1941,2301,2473,2428,2519,2805,2754,2783,2671,2902,3019,2918,2664,2854,2026-08-14T00:22:57.807Z
2024,4122000000,평택시,경기도 평택시,경기,sigungu,4031,3825,4122,4212,4394,4661,4988,5224,5756,5999,5912,5750,6343,5906,5925,5610,5623,5816,5282,4841,5246,2026-08-14T00:22:57.807Z
2024,4122200000,송탄출장소,경기도 송탄출장소,경기,sigungu,0,0,0,0,0,0,0,0,0,0,0,0,0,0,0,0,0,0,0,0,0,2026-08-14T00:22:57.807Z
2024,4122400000,안중출장소,경기도 안중출장소,경기,sigungu,0,0,0,0,0,0,0,0,0,0,0,0,0,0,0,0,0,0,0,0,0,2026-08-14T00:22:57.807Z
2024,4125000000,동두천시,경기도 동두천시,경기,sigungu,248,251,296,325,334,377,390,516,580,591,665,679,742,768,791,811,767,837,783,712,789,2026-08-14T00:22:57.807Z
2024,4127000000,안산시,경기도 안산시,경기,sigungu,2530,2572,2660,2750,2898,3201,3351,3614,4159,4543,4576,4631,5199,5286,5445,5250,5752,6274,5575,5835,6573,2026-08-14T00:22:57.807Z
2024,4127100000,안산시 상록구,경기도 안산시 상록구,경기,sigungu,1112,1146,1164,1270,1378,1534,1695,1794,2160,2422,2486,2486,2746,2865,2926,2798,3005,3307,3032,3154,3552,2026-08-14T00:22:57.807Z
2024,4127300000,안산시 단원구,경기도 안산시 단원구,경기,sigungu,1418,1426,1496,1480,1520,1667,1656,1820,1999,2121,2090,2145,2453,2421,2519,2452,2747,2967,2543,2681,3021,2026-08-14T00:22:57.807Z
2024,4128000000,고양시,경기도 고양시,경기,sigungu,5157,4999,5661,5719,5793,6460,6976,7582,8620,9316,9129,9037,10168,9907,9954,9481,9997,10465,9667,9118,10172,2026-08-14T00:22:57.807Z
2024,4128100000,고양시 덕양구,경기도 고양시 덕양구,경기,sigungu,2768,2670,3083,3020,3031,3270,3466,3700,4235,4276,4220,3994,4422,4374,4145,4021,4043,4170,3864,3714,4201,2026-08-14T00:22:57.807Z
2024,4128500000,고양시 일산동구,경기도 고양시 일산동구,경기,sigungu,1236,1211,1393,1428,1481,1689,1838,1988,2207,2455,2467,2457,2786,2683,2804,2594,2825,2984,2744,2608,2802,2026-08-14T00:22:57.807Z
2024,4128700000,고양시 일산서구,경기도 고양시 일산서구,경기,sigungu,1153,1118,1185,1271,1281,1501,1672,1894,2178,2585,2442,2586,2960,2850,3005,2866,3129,3311,3059,2796,3169,2026-08-14T00:22:57.807Z
2024,4129000000,과천시,경기도 과천시,경기,sigungu,673,684,730,905,887,921,974,990,1063,1045,966,891,895,889,817,792,791,780,717,703,805,2026-08-14T00:22:57.807Z
2024,4131000000,구리시,경기도 구리시,경기,sigungu,801,850,883,931,965,1072,1149,1298,1454,1554,1601,1569,1718,1656,1696,1599,1592,1777,1702,1539,1713,2026-08-14T00:22:57.807Z
2024,4136000000,남양주시,경기도 남양주시,경기,sigungu,3343,3491,3836,4200,4493,4981,5418,6054,6984,7451,7463,7697,8499,8201,8181,7782,8085,8398,7562,6964,7460,2026-08-14T00:22:57.807Z
2024,4136200000,풍양출장소,경기도 풍양출장소,경기,sigungu,0,0,0,0,0,0,0,0,0,0,0,0,0,0,0,0,0,0,0,0,0,2026-08-14T00:22:57.807Z
2024,4137000000,오산시,경기도 오산시,경기,sigungu,1317,1365,1520,1601,1605,1843,1975,2139,2456,2665,2583,2681,2875,2844,2740,2578,2686,2681,2410,2301,2378,2026-08-14T00:22:57.807Z
2024,4139000000,시흥시,경기도 시흥시,경기,sigungu,3002,3081,3467,3641,3740,4198,4442,4774,5259,5631,5301,5085,5653,5338,5244,5017,5202,5261,4858,4589,4935,2026-08-14T00:22:57.807Z
2024,4141000000,군포시,경기도 군포시,경기,sigungu,1177,1072,1169,1103,1170,1312,1352,1547,1852,1888,2025,2118,2263,2287,2301,2256,2462,2562,2442,2322,2472,2026-08-14T00:22:57.807Z
2024,4143000000,의왕시,경기도 의왕시,경기,sigungu,928,913,1020,1081,979,1017,1096,1168,1332,1360,1285,1283,1268,1270,1262,1279,1325,1425,1316,1173,1364,2026-08-14T00:22:57.807Z
2024,4145000000,하남시,경기도 하남시,경기,sigungu,2034,2073,2310,2392,2470,2892,3232,3391,3831,3968,3849,3668,3708,3483,3482,3044,3087,3182,2652,2435,2649,2026-08-14T00:22:57.807Z
2024,4146000000,용인시,경기도 용인시,경기,sigungu,5400,5414,6034,6305,6664,7556,8233,9092,10487,11528,11489,11557,12771,12451,12355,11835,12264,13015,11574,11225,11619,2026-08-14T00:22:57.807Z
2024,4146100000,용인시 처인구,경기도 용인시 처인구,경기,sigungu,1382,1343,1449,1573,1621,1738,1916,2051,2276,2494,2366,2382,2727,2644,2570,2464,2563,2739,2414,2674,2658,2026-08-14T00:22:57.807Z
2024,4146300000,용인시 기흥구,경기도 용인시 기흥구,경기,sigungu,2098,2038,2358,2401,2527,2977,3176,3509,4131,4527,4542,4604,5259,5119,5110,4784,5055,5458,4839,4591,4857,2026-08-14T00:22:57.807Z
2024,4146500000,용인시 수지구,경기도 용인시 수지구,경기,sigungu,1920,2033,2227,2331,2516,2841,3141,3532,4080,4507,4581,4571,4785,4688,4675,4587,4646,4818,4321,3960,4104,2026-08-14T00:22:57.807Z
2024,4148000000,파주시,경기도 파주시,경기,sigungu,2671,2853,3347,3354,3655,4068,4237,4632,5137,5488,5453,5317,5877,5623,5629,5180,5378,5576,4945,4512,4630,2026-08-14T00:22:57.807Z
2024,4150000000,이천시,경기도 이천시,경기,sigungu,1112,1127,1175,1223,1250,1365,1519,1693,1920,2070,2066,1964,2298,2288,2216,2005,2157,2285,2082,2353,2175,2026-08-14T00:22:57.807Z
2024,4155000000,안성시,경기도 안성시,경기,sigungu,821,840,915,900,932,1097,1164,1279,1434,1564,1542,1672,1800,1884,1721,1738,1832,1867,1704,1720,1790,2026-08-14T00:22:57.807Z
2024,4157000000,김포시,경기도 김포시,경기,sigungu,2564,2904,3329,3372,3783,4216,4545,5001,5907,6185,6105,5853,6489,6096,5768,5286,5273,5154,4553,4023,4169,2026-08-14T00:22:57.807Z
2024,4159000000,화성시,경기도 화성시,경기,sigungu,7186,7323,7947,8153,8381,9041,9661,10481,11719,12305,12112,11840,13042,12446,12028,11048,11248,11115,9862,8646,9005,2026-08-14T00:22:57.807Z
2024,4159200000,화성시동부출장소,경기도 화성시동부출장소,경기,sigungu,0,0,0,0,0,0,0,0,0,0,0,0,0,0,0,0,0,0,0,0,0,2026-08-14T00:22:57.807Z
2024,4159400000,화성시동탄출장소,경기도 화성시동탄출장소,경기,sigungu,0,0,0,0,0,0,0,0,0,0,0,0,0,0,0,0,0,0,0,0,0,2026-08-14T00:22:57.807Z
2024,4161000000,광주시,경기도 광주시,경기,sigungu,2079,2180,2418,2523,2696,2882,3177,3264,3731,3915,3815,3557,3969,3797,3597,3306,3466,3712,3351,3118,3379,2026-08-14T00:22:57.807Z
2024,4163000000,양주시,경기도 양주시,경기,sigungu,1770,2010,2108,2031,2140,2317,2430,2554,2824,2881,2795,2835,3140,2955,2907,2685,2797,2932,2652,2517,2653,2026-08-14T00:22:57.807Z
2024,4165000000,포천시,경기도 포천시,경기,sigungu,472,460,501,509,562,605,640,703,759,850,865,829,1013,1001,983,1032,1046,1162,1132,1019,1076,2026-08-14T00:22:57.807Z
2024,4167000000,여주시,경기도 여주시,경기,sigungu,413,408,480,484,572,586,605,656,756,823,811,850,934,956,952,914,910,982,904,867,952,2026-08-14T00:22:57.807Z
2024,4180000000,연천군,경기도 연천군,경기,sigungu,149,140,163,173,201,185,202,198,254,247,247,260,261,268,301,250,275,294,261,282,293,2026-08-14T00:22:57.807Z
2024,4182000000,가평군,경기도 가평군,경기,sigungu,236,186,206,241,253,243,282,309,336,359,331,373,434,420,438,408,456,451,426,468,453,2026-08-14T00:22:57.807Z
2024,4183000000,양평군,경기도 양평군,경기,sigungu,417,476,492,501,513,586,622,758,816,915,918,914,1021,1059,1038,1002,1051,1025,957,924,947,2026-08-14T00:22:57.807Z
2024,5100000000,강원,강원특별자치도,강원,sido,6521,6800,7360,7535,8016,8670,8841,9599,10834,11593,11470,11675,13171,12938,12972,12410,12877,14041,12559,12524,13528,2026-08-14T00:22:57.807Z
2024,5111000000,춘천시,강원특별자치도 춘천시,강원,sigungu,1430,1400,1570,1579,1701,1795,1885,1933,2308,2416,2444,2507,2741,2749,2617,2497,2551,2696,2443,2685,3076,2026-08-14T00:22:57.807Z
2024,5113000000,원주시,강원특별자치도 원주시,강원,sigungu,1862,1993,2134,2236,2286,2506,2476,2788,3055,3224,3163,3218,3642,3600,3632,3462,3430,3826,3247,3143,3353,2026-08-14T00:22:57.807Z
2024,5115000000,강릉시,강원특별자치도 강릉시,강원,sigungu,755,850,929,940,1018,1044,1167,1193,1392,1512,1452,1531,1737,1697,1727,1723,1654,1927,1712,1659,1804,2026-08-14T00:22:57.807Z
2024,5117000000,동해시,강원특별자치도 동해시,강원,sigungu,347,381,399,436,444,491,506,611,693,724,750,765,867,839,811,826,806,881,792,730,760,2026-08-14T00:22:57.807Z
2024,5119000000,태백시,강원특별자치도 태백시,강원,sigungu,93,96,132,135,160,161,198,204,216,259,273,282,325,334,353,329,361,380,343,319,303,2026-08-14T00:22:57.807Z
2024,5121000000,속초시,강원특별자치도 속초시,강원,sigungu,370,315,384,389,429,482,492,497,614,708,647,624,751,713,733,644,648,679,635,566,648,2026-08-14T00:22:57.807Z
2024,5123000000,삼척시,강원특별자치도 삼척시,강원,sigungu,231,266,282,263,301,301,292,322,339,369,370,403,435,438,458,433,445,463,453,739,707,2026-08-14T00:22:57.807Z
2024,5172000000,홍천군,강원특별자치도 홍천군,강원,sigungu,227,270,235,237,270,305,325,315,384,437,374,393,453,438,457,453,467,497,421,409,421,2026-08-14T00:22:57.807Z
2024,5173000000,횡성군,강원특별자치도 횡성군,강원,sigungu,100,133,137,166,154,193,170,220,226,237,238,241,279,274,282,281,458,484,435,320,336,2026-08-14T00:22:57.807Z
2024,5175000000,영월군,강원특별자치도 영월군,강원,sigungu,70,99,94,94,123,138,149,159,176,194,200,206,227,235,227,215,276,328,299,268,299,2026-08-14T00:22:57.807Z
2024,5176000000,평창군,강원특별자치도 평창군,강원,sigungu,99,94,108,108,116,131,133,176,167,195,200,221,260,244,263,245,287,302,282,273,269,2026-08-14T00:22:57.807Z
2024,5177000000,정선군,강원특별자치도 정선군,강원,sigungu,78,95,84,113,127,117,127,128,141,158,191,164,241,194,243,232,208,248,207,230,218,2026-08-14T00:22:57.807Z
2024,5178000000,철원군,강원특별자치도 철원군,강원,sigungu,205,206,230,210,254,256,238,267,268,280,302,278,293,328,298,302,334,351,358,322,346,2026-08-14T00:22:57.807Z
2024,5179000000,화천군,강원특별자치도 화천군,강원,sigungu,145,120,123,113,112,134,144,136,156,181,176,159,165,158,156,160,159,167,176,153,195,2026-08-14T00:22:57.807Z
2024,5180000000,양구군,강원특별자치도 양구군,강원,sigungu,110,117,117,117,125,127,127,169,173,150,147,153,181,173,172,124,258,242,206,148,179,2026-08-14T00:22:57.807Z
2024,5181000000,인제군,강원특별자치도 인제군,강원,sigungu,187,191,202,216,195,240,204,238,217,263,213,221,259,194,237,177,213,209,233,214,247,2026-08-14T00:22:57.807Z
2024,5182000000,고성군,강원특별자치도 고성군,강원,sigungu,119,93,117,98,110,142,103,129,154,140,164,144,154,162,149,145,151,166,167,176,181,2026-08-14T00:22:57.807Z
2024,5183000000,양양군,강원특별자치도 양양군,강원,sigungu,93,81,83,85,91,107,105,114,155,146,166,165,161,168,157,162,171,195,150,170,186,2026-08-14T00:22:57.807Z
2024,4300000000,충북,충청북도,충북,sido,7508,7706,7728,8418,8750,9396,10676,11375,12770,13510,13360,13689,15045,14815,14888,14032,14491,15454,13802,13420,14491,2026-08-14T00:22:57.807Z
2024,4311000000,청주시,충청북도 청주시,충북,sigungu,4834,4912,4869,5326,5442,5727,6631,7012,7756,8236,8034,8284,9106,8727,8715,8263,8407,8883,8063,7724,8387,2026-08-14T00:22:57.807Z
2024,4311100000,청주시 상당구,충청북도 청주시 상당구,충북,sigungu,1056,1048,1123,1262,1293,1348,1551,1657,1861,1982,1918,2008,2195,2065,2082,1873,1994,2113,1872,1712,1881,2026-08-14T00:22:57.807Z
2024,4311200000,청주시 서원구,충청북도 청주시 서원구,충북,sigungu,736,780,726,761,788,860,1017,1153,1244,1392,1410,1448,1756,1717,1756,1743,1827,1903,1818,1793,2062,2026-08-14T00:22:57.807Z
2024,4311300000,청주시 흥덕구,충청북도 청주시 흥덕구,충북,sigungu,1969,2007,1949,2140,2077,2190,2500,2530,2689,2800,2692,2761,2970,2839,2832,2696,2674,2807,2566,2457,2648,2026-08-14T00:22:57.807Z
2024,4311400000,청주시 청원구,충청북도 청주시 청원구,충북,sigungu,1073,1077,1071,1163,1284,1329,1563,1672,1962,2062,2014,2067,2185,2106,2045,1951,1912,2060,1807,1762,1796,2026-08-14T00:22:57.807Z
2024,4313000000,충주시,충청북도 충주시,충북,sigungu,856,919,885,940,1064,1119,1235,1359,1533,1596,1563,1633,1743,1855,1873,1719,1847,2004,1724,1606,1735,2026-08-14T00:22:57.807Z
2024,4315000000,제천시,충청북도 제천시,충북,sigungu,456,497,492,586,562,634,741,740,898,915,958,947,1050,1072,1088,1035,1098,1132,1069,1302,1416,2026-08-14T00:22:57.807Z
2024,4372000000,보은군,충청북도 보은군,충북,sigungu,70,69,75,58,97,87,141,136,145,153,151,152,176,193,187,202,176,207,168,194,180,2026-08-14T00:22:57.807Z
2024,4373000000,옥천군,충청북도 옥천군,충북,sigungu,106,116,112,145,153,174,178,217,268,266,312,290,344,379,361,361,365,413,369,337,361,2026-08-14T00:22:57.807Z
2024,4374000000,영동군,충청북도 영동군,충북,sigungu,86,110,111,124,138,116,162,171,191,233,229,234,275,290,308,276,291,334,298,280,308,2026-08-14T00:22:57.807Z
2024,4374500000,증평군,충청북도 증평군,충북,sigungu,204,204,174,208,201,248,265,282,353,303,347,338,379,349,372,330,336,364,276,297,298,2026-08-14T00:22:57.807Z
2024,4375000000,진천군,충청북도 진천군,충북,sigungu,496,449,540,511,583,681,668,746,780,893,852,860,909,894,925,783,872,917,769,665,738,2026-08-14T00:22:57.807Z
2024,4376000000,괴산군,충청북도 괴산군,충북,sigungu,67,63,86,107,92,103,106,132,137,143,166,161,175,151,187,181,173,196,166,188,247,2026-08-14T00:22:57.807Z
2024,4377000000,음성군,충청북도 음성군,충북,sigungu,279,311,325,341,349,425,440,485,589,632,619,659,718,742,720,726,748,795,726,657,659,2026-08-14T00:22:57.807Z
2024,4380000000,단양군,충청북도 단양군,충북,sigungu,54,56,59,72,69,82,109,95,120,140,129,131,170,163,152,156,178,209,174,170,162,2026-08-14T00:22:57.807Z
2024,4400000000,충남,충청남도,충남,sido,9740,9699,10727,11467,12377,13550,14455,16001,17890,19410,19116,19442,21493,21017,20866,19883,20598,21503,19514,18355,19512,2026-08-14T00:22:57.807Z
2024,4413000000,천안시,충청남도 천안시,충남,sigungu,3420,3440,3708,4094,4268,4554,4948,5412,6189,6677,6502,6594,7260,7032,6900,6532,6815,7107,6353,6406,7006,2026-08-14T00:22:57.807Z
2024,4413100000,천안시 동남구,충청남도 천안시 동남구,충남,sigungu,1163,1153,1246,1355,1368,1529,1638,1733,2062,2254,2266,2353,2565,2600,2614,2486,2608,2806,2452,2538,2787,2026-08-14T00:22:57.807Z
2024,4413300000,천안시 서북구,충청남도 천안시 서북구,충남,sigungu,2257,2287,2462,2739,2900,3025,3310,3679,4127,4423,4236,4241,4695,4432,4286,4046,4207,4301,3901,3868,4219,2026-08-14T00:22:57.807Z
2024,4415000000,공주시,충청남도 공주시,충남,sigungu,275,320,330,327,365,402,409,450,544,613,640,676,752,719,733,720,848,841,846,1075,1250,2026-08-14T00:22:57.807Z
2024,4418000000,보령시,충청남도 보령시,충남,sigungu,274,299,367,385,402,442,436,522,594,607,668,659,726,775,780,719,788,785,763,667,730,2026-08-14T00:22:57.807Z
2024,4420000000,아산시,충청남도 아산시,충남,sigungu,2193,2195,2407,2493,2783,3119,3254,3538,3886,4179,3900,3980,4519,4285,4174,3918,3847,3938,3527,3100,3289,2026-08-14T00:22:57.807Z
2024,4421000000,서산시,충청남도 서산시,충남,sigungu,811,809,984,959,1060,1141,1241,1369,1538,1659,1672,1652,1825,1728,1762,1710,1734,1837,1620,1351,1443,2026-08-14T00:22:57.807Z
2024,4423000000,논산시,충청남도 논산시,충남,sigungu,367,353,359,415,442,523,560,673,672,751,795,765,865,857,847,838,941,968,930,792,811,2026-08-14T00:22:57.807Z
2024,4425000000,계룡시,충청남도 계룡시,충남,sigungu,229,203,256,283,318,353,383,466,485,549,545,553,597,589,627,644,640,708,717,542,547,2026-08-14T00:22:57.807Z
2024,4427000000,당진시,충청남도 당진시,충남,sigungu,867,887,977,1039,1131,1227,1348,1498,1573,1801,1702,1731,1839,1846,1824,1683,1631,1729,1519,1275,1304,2026-08-14T00:22:57.807Z
2024,4471000000,금산군,충청남도 금산군,충남,sigungu,111,108,130,135,165,181,175,202,250,264,274,317,342,436,467,432,444,517,412,410,351,2026-08-14T00:22:57.807Z
2024,4476000000,부여군,충청남도 부여군,충남,sigungu,112,98,141,139,164,191,204,226,272,348,353,337,382,381,406,392,393,435,435,418,381,2026-08-14T00:22:57.807Z
2024,4477000000,서천군,충청남도 서천군,충남,sigungu,113,90,129,153,142,145,175,163,219,241,265,276,273,305,312,280,315,312,300,324,301,2026-08-14T00:22:57.807Z
2024,4479000000,청양군,충청남도 청양군,충남,sigungu,62,59,77,85,87,79,85,106,110,124,133,156,177,177,184,164,216,192,182,291,293,2026-08-14T00:22:57.807Z
2024,4480000000,홍성군,충청남도 홍성군,충남,sigungu,452,411,421,515,542,621,666,756,832,863,877,887,1004,959,953,920,989,1008,924,796,884,2026-08-14T00:22:57.807Z
2024,4481000000,예산군,충청남도 예산군,충남,sigungu,302,293,270,291,311,359,313,388,392,442,462,505,543,547,546,548,558,674,565,507,535,2026-08-14T00:22:57.807Z
2024,4482500000,태안군,충청남도 태안군,충남,sigungu,152,134,171,154,197,213,258,232,334,292,328,354,389,381,351,383,439,452,421,401,387,2026-08-14T00:22:57.807Z
2024,5200000000,전북,전북특별자치도,전북,sido,6676,6735,7237,7736,8429,9284,10236,11469,12929,14350,14562,14867,16672,16634,16667,15844,16736,17775,16120,15493,16363,2026-08-14T00:22:57.807Z
2024,5211000000,전주시,전북특별자치도 전주시,전북,sigungu,2592,2752,2921,3319,3628,3944,4458,5065,5579,6263,6186,6300,7000,6875,7012,6509,6919,7239,6525,6440,6835,2026-08-14T00:22:57.807Z
2024,5211100000,전주시 완산구,전북특별자치도 전주시 완산구,전북,sigungu,1103,1158,1240,1394,1574,1732,1988,2248,2549,2801,2829,2902,3169,3209,3297,3138,3320,3558,3247,3226,3447,2026-08-14T00:22:57.807Z
2024,5211300000,전주시 덕진구,전북특별자치도 전주시 덕진구,전북,sigungu,1489,1594,1681,1925,2054,2212,2470,2817,3030,3462,3357,3398,3831,3666,3715,3371,3599,3681,3278,3214,3388,2026-08-14T00:22:57.807Z
2024,5213000000,군산시,전북특별자치도 군산시,전북,sigungu,964,1016,1179,1197,1339,1428,1666,1847,2117,2371,2455,2513,2672,2634,2649,2542,2534,2678,2447,2269,2331,2026-08-14T00:22:57.807Z
2024,5214000000,익산시,전북특별자치도 익산시,전북,sigungu,960,916,1029,1098,1184,1338,1511,1667,1906,2125,2098,2175,2587,2543,2511,2437,2601,2851,2545,2556,2743,2026-08-14T00:22:57.807Z
2024,5218000000,정읍시,전북특별자치도 정읍시,전북,sigungu,334,337,356,366,370,480,518,532,592,689,735,719,830,890,826,836,848,994,849,827,840,2026-08-14T00:22:57.807Z
2024,5219000000,남원시,전북특별자치도 남원시,전북,sigungu,259,249,253,304,324,359,381,425,485,482,549,544,578,641,669,606,700,679,692,613,636,2026-08-14T00:22:57.807Z
2024,5221000000,김제시,전북특별자치도 김제시,전북,sigungu,345,408,366,266,266,295,318,366,408,450,460,487,541,618,530,582,597,662,613,533,606,2026-08-14T00:22:57.807Z
2024,5271000000,완주군,전북특별자치도 완주군,전북,sigungu,541,464,488,488,529,597,607,681,791,851,845,825,1010,906,898,845,828,894,825,784,856,2026-08-14T00:22:57.807Z
2024,5272000000,진안군,전북특별자치도 진안군,전북,sigungu,88,83,74,93,87,97,55,79,87,93,115,123,121,145,175,144,157,173,191,154,166,2026-08-14T00:22:57.807Z
2024,5273000000,무주군,전북특별자치도 무주군,전북,sigungu,57,45,63,63,80,68,67,94,114,129,138,140,148,174,169,169,182,207,186,155,174,2026-08-14T00:22:57.807Z
2024,5274000000,장수군,전북특별자치도 장수군,전북,sigungu,61,59,57,61,81,75,71,72,91,100,122,151,139,157,153,134,192,178,147,145,151,2026-08-14T00:22:57.807Z
2024,5275000000,임실군,전북특별자치도 임실군,전북,sigungu,92,88,102,102,107,100,82,107,128,119,115,138,137,126,139,151,167,150,139,125,148,2026-08-14T00:22:57.807Z
2024,5277000000,순창군,전북특별자치도 순창군,전북,sigungu,91,68,77,78,117,117,119,109,166,136,144,157,182,181,220,193,226,248,235,228,230,2026-08-14T00:22:57.807Z
2024,5279000000,고창군,전북특별자치도 고창군,전북,sigungu,149,126,138,146,170,205,211,210,235,282,318,288,398,401,380,380,455,464,403,343,322,2026-08-14T00:22:57.807Z
2024,5280000000,부안군,전북특별자치도 부안군,전북,sigungu,143,124,134,155,147,181,172,215,230,260,282,307,329,343,336,316,330,358,323,321,325,2026-08-14T00:22:57.807Z
2024,4600000000,전남,전라남도,전남,sido,8084,7727,8067,8534,9116,10209,10479,11538,13291,14323,14247,14815,16662,16498,16208,15313,15966,17030,15464,14235,15222,2026-08-14T00:22:57.807Z
2024,4611000000,목포시,전라남도 목포시,전남,sigungu,759,733,778,840,974,1165,1368,1540,1882,1913,2014,2136,2463,2465,2380,2266,2312,2374,2170,2010,2075,2026-08-14T00:22:57.807Z
2024,4613000000,여수시,전라남도 여수시,전남,sigungu,1173,1114,1240,1335,1420,1538,1689,1835,2145,2325,2235,2331,2470,2597,2465,2308,2420,2623,2382,2226,2553,2026-08-14T00:22:57.807Z
2024,4615000000,순천시,전라남도 순천시,전남,sigungu,1438,1396,1551,1619,1754,1983,2003,2186,2443,2731,2594,2726,2970,2866,2880,2794,2835,3045,2798,2587,2867,2026-08-14T00:22:57.807Z
2024,4617000000,나주시,전라남도 나주시,전남,sigungu,775,706,725,744,802,833,932,985,1054,1126,1086,1045,1244,1135,1038,962,1013,1027,897,809,840,2026-08-14T00:22:57.807Z
2024,4623000000,광양시,전라남도 광양시,전남,sigungu,935,866,960,1023,1048,1165,1118,1240,1335,1490,1476,1538,1703,1641,1689,1508,1623,1670,1546,1367,1392,2026-08-14T00:22:57.807Z
2024,4671000000,담양군,전라남도 담양군,전남,sigungu,145,179,138,160,152,166,174,193,232,233,272,252,286,278,281,268,362,338,302,274,282,2026-08-14T00:22:57.807Z
2024,4672000000,곡성군,전라남도 곡성군,전남,sigungu,83,48,45,48,63,64,81,90,109,124,113,129,147,169,152,161,178,167,174,178,184,2026-08-14T00:22:57.807Z
2024,4673000000,구례군,전라남도 구례군,전남,sigungu,51,40,64,67,58,75,69,86,130,128,124,150,158,167,157,155,161,184,151,165,141,2026-08-14T00:22:57.807Z
2024,4677000000,고흥군,전라남도 고흥군,전남,sigungu,179,170,161,172,174,184,186,204,251,254,243,282,327,317,332,325,333,391,350,356,334,2026-08-14T00:22:57.807Z
2024,4678000000,보성군,전라남도 보성군,전남,sigungu,107,99,88,91,104,114,114,142,143,185,175,183,212,244,221,215,228,279,242,225,229,2026-08-14T00:22:57.807Z
2024,4679000000,화순군,전라남도 화순군,전남,sigungu,243,211,185,208,219,245,249,298,329,388,379,392,486,492,462,511,489,602,526,499,537,2026-08-14T00:22:57.807Z
2024,4680000000,장흥군,전라남도 장흥군,전남,sigungu,111,124,115,116,131,140,115,151,169,197,209,240,253,226,224,214,228,282,226,221,249,2026-08-14T00:22:57.807Z
2024,4681000000,강진군,전라남도 강진군,전남,sigungu,155,133,117,99,111,151,137,145,144,186,171,194,192,233,227,207,244,263,218,219,210,2026-08-14T00:22:57.807Z
2024,4682000000,해남군,전라남도 해남군,전남,sigungu,219,246,194,234,252,264,281,287,318,363,380,369,483,451,471,441,506,476,508,456,441,2026-08-14T00:22:57.807Z
2024,4683000000,영암군,전라남도 영암군,전남,sigungu,162,185,168,215,210,264,233,258,313,334,330,393,397,392,436,397,384,430,392,375,410,2026-08-14T00:22:57.807Z
2024,4684000000,무안군,전라남도 무안군,전남,sigungu,561,545,592,569,582,725,760,796,1000,1053,1035,1044,1260,1144,1132,1049,1033,1049,943,781,860,2026-08-14T00:22:57.807Z
2024,4686000000,함평군,전라남도 함평군,전남,sigungu,105,92,64,77,90,90,95,101,113,102,130,155,177,196,197,183,175,214,183,164,181,2026-08-14T00:22:57.807Z
2024,4687000000,영광군,전라남도 영광군,전남,sigungu,363,354,372,348,391,352,251,269,315,312,305,319,394,390,416,378,404,468,411,371,391,2026-08-14T00:22:57.807Z
2024,4688000000,장성군,전라남도 장성군,전남,sigungu,191,152,115,134,170,168,191,207,250,268,279,263,291,338,288,292,321,320,291,281,293,2026-08-14T00:22:57.807Z
2024,4689000000,완도군,전라남도 완도군,전남,sigungu,157,145,172,179,198,234,229,258,315,292,337,309,354,323,371,305,282,352,339,288,330,2026-08-14T00:22:57.807Z
2024,4690000000,진도군,전라남도 진도군,전남,sigungu,92,79,101,120,93,150,114,143,146,158,171,183,200,206,198,192,203,249,202,168,184,2026-08-14T00:22:57.807Z
2024,4691000000,신안군,전라남도 신안군,전남,sigungu,80,110,122,136,120,139,90,124,155,161,189,182,195,228,191,182,232,227,213,215,239,2026-08-14T00:22:57.807Z
2024,4700000000,경북,경상북도,경북,sido,10083,10031,11060,11572,12441,13752,15128,16500,19073,20618,20321,20817,22767,22302,21740,20938,22334,23277,21061,20196,20813,2026-08-14T00:22:57.807Z
2024,4711000000,포항시,경상북도 포항시,경북,sigungu,2225,2109,2309,2390,2656,2896,3270,3653,4161,4673,4502,4649,5004,4844,4821,4460,4555,4715,4314,3970,3912,2026-08-14T00:22:57.807Z
2024,4711100000,포항시 남구,경상북도 포항시 남구,경북,sigungu,858,809,891,972,1116,1191,1346,1508,1846,2098,1989,2032,2320,2176,2202,1975,2045,2040,1884,1784,1689,2026-08-14T00:22:57.807Z
2024,4711300000,포항시 북구,경상북도 포항시 북구,경북,sigungu,1367,1300,1418,1418,1540,1705,1924,2145,2315,2575,2513,2617,2684,2668,2619,2485,2510,2675,2430,2186,2223,2026-08-14T00:22:57.807Z
2024,4713000000,경주시,경상북도 경주시,경북,sigungu,895,957,975,1044,1103,1154,1318,1439,1687,1763,1781,1799,1973,1922,1945,1870,1975,2077,1964,1790,1870,2026-08-14T00:22:57.807Z
2024,4715000000,김천시,경상북도 김천시,경북,sigungu,599,611,669,687,675,786,866,925,1031,1061,1095,1118,1194,1210,1201,1123,1413,1367,1271,1017,1117,2026-08-14T00:22:57.807Z
2024,4717000000,안동시,경상북도 안동시,경북,sigungu,549,587,630,667,669,786,857,917,1054,1146,1072,1248,1310,1309,1259,1235,1315,1369,1240,1644,1525,2026-08-14T00:22:57.807Z
2024,4719000000,구미시,경상북도 구미시,경북,sigungu,1967,1883,2209,2444,2761,2975,3393,3689,4252,4600,4523,4353,4941,4712,4470,4169,4319,4541,4021,3835,3935,2026-08-14T00:22:57.807Z
2024,4721000000,영주시,경상북도 영주시,경북,sigungu,316,299,350,360,363,409,522,545,636,673,697,703,872,829,852,800,1066,1019,899,938,956,2026-08-14T00:22:57.807Z
2024,4723000000,영천시,경상북도 영천시,경북,sigungu,432,417,458,439,432,463,427,466,499,570,514,549,602,575,649,606,684,715,643,589,594,2026-08-14T00:22:57.807Z
2024,4725000000,상주시,경상북도 상주시,경북,sigungu,268,305,327,318,335,377,394,433,526,599,561,596,648,674,677,765,895,828,792,653,634,2026-08-14T00:22:57.807Z
2024,4728000000,문경시,경상북도 문경시,경북,sigungu,232,189,233,254,282,305,305,334,357,433,414,437,496,536,476,476,552,615,522,480,480,2026-08-14T00:22:57.807Z
2024,4729000000,경산시,경상북도 경산시,경북,sigungu,1178,1121,1275,1300,1330,1525,1649,1806,2164,2197,2250,2244,2441,2398,2205,2178,2202,2402,2108,2363,2917,2026-08-14T00:22:57.807Z
2024,4773000000,의성군,경상북도 의성군,경북,sigungu,134,164,132,131,153,126,122,148,157,162,182,168,183,193,175,202,272,268,230,193,199,2026-08-14T00:22:57.807Z
2024,4775000000,청송군,경상북도 청송군,경북,sigungu,69,74,69,75,72,83,77,84,73,93,103,102,107,110,106,95,95,105,104,101,99,2026-08-14T00:22:57.807Z
2024,4776000000,영양군,경상북도 영양군,경북,sigungu,24,28,34,35,43,59,43,53,60,75,74,88,76,68,91,79,99,120,83,86,72,2026-08-14T00:22:57.807Z
2024,4777000000,영덕군,경상북도 영덕군,경북,sigungu,76,73,95,84,104,114,91,144,137,155,169,182,165,184,192,181,172,208,183,192,173,2026-08-14T00:22:57.807Z
2024,4782000000,청도군,경상북도 청도군,경북,sigungu,83,110,111,84,96,112,100,117,135,160,162,171,197,196,200,217,206,261,238,180,197,2026-08-14T00:22:57.807Z
2024,4783000000,고령군,경상북도 고령군,경북,sigungu,72,89,82,89,85,92,97,107,113,140,144,148,171,146,165,180,192,211,186,167,167,2026-08-14T00:22:57.807Z
2024,4784000000,성주군,경상북도 성주군,경북,sigungu,135,148,152,142,140,131,130,136,140,156,157,193,194,219,184,221,249,244,226,191,199,2026-08-14T00:22:57.807Z
2024,4785000000,칠곡군,경상북도 칠곡군,경북,sigungu,292,309,371,413,449,599,714,739,1013,982,989,1061,1128,1106,1104,1079,1051,1138,1027,943,929,2026-08-14T00:22:57.807Z
2024,4790000000,예천군,경상북도 예천군,경북,sigungu,272,297,303,332,372,406,400,417,466,533,468,525,542,535,462,508,460,425,412,334,327,2026-08-14T00:22:57.807Z
2024,4792000000,봉화군,경상북도 봉화군,경북,sigungu,47,54,69,67,87,97,95,95,110,123,127,138,152,160,172,154,193,218,233,138,137,2026-08-14T00:22:57.807Z
2024,4793000000,울진군,경상북도 울진군,경북,sigungu,185,179,188,191,211,216,229,231,264,295,298,296,325,326,295,306,326,382,319,340,335,2026-08-14T00:22:57.807Z
2024,4794000000,울릉군,경상북도 울릉군,경북,sigungu,33,28,19,26,23,41,29,22,38,29,39,49,46,50,39,34,43,49,46,52,39,2026-08-14T00:22:57.807Z
2024,4800000000,경남,경상남도,경남,sido,12941,13347,14258,15520,16928,19291,21306,23887,27496,30033,30251,30168,33660,33112,32641,30797,32331,34139,30025,27018,28309,2026-08-14T00:22:57.807Z
2024,4812000000,창원시,경상남도 창원시,경남,sigungu,4352,4383,4681,5196,5320,6181,6685,7535,8475,9304,9207,9455,10441,10136,9816,9432,9534,10314,9079,8267,8908,2026-08-14T00:22:57.807Z
2024,4812100000,창원시 의창구,경상남도 창원시 의창구,경남,sigungu,941,948,999,1158,1117,1338,1414,1654,1828,1926,1871,1916,2071,1968,2033,1888,1848,2001,1743,1662,1769,2026-08-14T00:22:57.807Z
2024,4812300000,창원시 성산구,경상남도 창원시 성산구,경남,sigungu,1174,1216,1241,1318,1327,1513,1740,1829,2021,2206,2245,2243,2509,2483,2405,2372,2454,2696,2387,2170,2327,2026-08-14T00:22:57.807Z
2024,4812500000,창원시 마산합포구,경상남도 창원시 마산합포구,경남,sigungu,749,750,843,881,897,1075,1111,1265,1465,1620,1555,1600,1757,1620,1488,1424,1415,1519,1287,1238,1389,2026-08-14T00:22:57.807Z
2024,4812700000,창원시 마산회원구,경상남도 창원시 마산회원구,경남,sigungu,601,609,682,781,826,916,987,1145,1323,1460,1491,1553,1760,1717,1672,1632,1677,1857,1682,1533,1610,2026-08-14T00:22:57.807Z
2024,4812900000,창원시 진해구,경상남도 창원시 진해구,경남,sigungu,887,860,916,1058,1153,1339,1433,1642,1838,2092,2045,2143,2344,2348,2218,2116,2140,2241,1980,1664,1813,2026-08-14T00:22:57.807Z
2024,4817000000,진주시,경상남도 진주시,경남,sigungu,1644,1654,1719,1794,1883,2088,2378,2539,2985,3136,3322,3158,3502,3516,3528,3151,3474,3590,3256,3106,3507,2026-08-14T00:22:57.807Z
2024,4822000000,통영시,경상남도 통영시,경남,sigungu,311,332,372,399,460,508,627,775,884,1041,1141,1072,1311,1339,1388,1275,1298,1338,1129,1028,1032,2026-08-14T00:22:57.807Z
2024,4824000000,사천시,경상남도 사천시,경남,sigungu,406,397,459,449,497,528,620,741,827,925,960,916,1064,1018,1094,1066,1062,1066,993,883,830,2026-08-14T00:22:57.807Z
2024,4824500000,사천남양출장소,경상남도 사천남양출장소,경남,sigungu,0,0,0,0,0,0,0,0,0,0,0,0,0,0,0,0,0,0,0,0,0,2026-08-14T00:22:57.807Z
2024,4825000000,김해시,경상남도 김해시,경남,sigungu,2362,2626,2684,2915,3217,3686,3985,4450,5200,5617,5593,5622,6331,6067,6093,5801,5972,6486,5805,5123,5384,2026-08-14T00:22:57.807Z
2024,4825200000,장유출장소,경상남도 장유출장소,경남,sigungu,0,0,0,0,0,0,0,0,0,0,0,0,0,0,0,0,0,0,0,0,0,2026-08-14T00:22:57.807Z
2024,4827000000,밀양시,경상남도 밀양시,경남,sigungu,274,259,303,327,350,414,414,537,580,580,618,641,709,702,727,675,790,897,719,656,659,2026-08-14T00:22:57.807Z
2024,4831000000,거제시,경상남도 거제시,경남,sigungu,846,892,996,1148,1400,1612,1875,2257,2692,3054,2985,2931,3202,3204,3071,2801,2841,2887,2504,2148,2140,2026-08-14T00:22:57.807Z
2024,4833000000,양산시,경상남도 양산시,경남,sigungu,1774,1836,1990,2130,2475,2689,3067,3277,3716,3968,3883,3721,4094,4005,3742,3466,3686,3730,3259,3009,3040,2026-08-14T00:22:57.807Z
2024,4833200000,양산시웅상출장소,경상남도 양산시웅상출장소,경남,sigungu,0,0,0,0,0,0,0,0,0,0,0,0,0,0,0,0,0,0,0,0,0,2026-08-14T00:22:57.807Z
2024,4872000000,의령군,경상남도 의령군,경남,sigungu,64,53,73,68,76,71,75,100,91,115,105,113,141,139,139,133,132,144,126,135,145,2026-08-14T00:22:57.807Z
2024,4873000000,함안군,경상남도 함안군,경남,sigungu,115,137,169,154,198,253,319,287,379,427,442,477,552,545,559,576,622,579,561,439,426,2026-08-14T00:22:57.807Z
2024,4874000000,창녕군,경상남도 창녕군,경남,sigungu,139,125,126,157,164,230,218,246,291,303,304,348,361,398,378,395,461,472,386,291,288,2026-08-14T00:22:57.807Z
2024,4882000000,고성군,경상남도 고성군,경남,sigungu,75,81,90,104,121,134,170,184,230,292,307,314,380,379,414,346,453,511,409,320,312,2026-08-14T00:22:57.807Z
2024,4884000000,남해군,경상남도 남해군,경남,sigungu,70,69,97,88,103,116,120,143,170,203,213,193,255,260,273,261,290,286,241,245,267,2026-08-14T00:22:57.807Z
2024,4885000000,하동군,경상남도 하동군,경남,sigungu,70,85,81,116,100,148,120,132,160,187,197,169,220,223,259,217,265,273,235,234,236,2026-08-14T00:22:57.807Z
2024,4886000000,산청군,경상남도 산청군,경남,sigungu,59,69,63,82,80,104,85,100,112,141,127,151,150,171,211,177,182,244,215,196,189,2026-08-14T00:22:57.807Z
2024,4887000000,함양군,경상남도 함양군,경남,sigungu,63,81,80,96,113,133,144,160,166,193,210,228,252,218,266,270,286,297,291,236,239,2026-08-14T00:22:57.807Z
2024,4888000000,거창군,경상남도 거창군,경남,sigungu,242,212,177,204,264,275,300,331,387,411,469,463,499,557,502,531,743,760,623,519,507,2026-08-14T00:22:57.807Z
2024,4889000000,합천군,경상남도 합천군,경남,sigungu,75,56,98,93,107,121,104,93,151,136,168,196,196,235,181,224,240,265,194,183,200,2026-08-14T00:22:57.807Z
2024,5000000000,제주,제주특별자치도,제주,sido,3125,3263,3682,3940,4241,4870,5255,5869,6545,6966,7002,6980,7733,7369,7259,6864,6951,7333,6760,6011,6241,2026-08-14T00:22:57.807Z
2024,5011000000,제주시,제주특별자치도 제주시,제주,sigungu,2452,2546,2813,2994,3190,3633,4005,4305,4828,5128,5245,5209,5765,5465,5369,5128,5149,5507,5099,4605,4758,2026-08-14T00:22:57.807Z
2024,5013000000,서귀포시,제주특별자치도 서귀포시,제주,sigungu,673,717,869,946,1051,1237,1250,1564,1717,1838,1757,1771,1968,1904,1890,1736,1802,1826,1661,1406,1483,2026-08-14T00:22:57.807Z
2023,1100000000,서울,서울특별시,서울,sido,37771,41087,43013,43637,47506,50291,55100,62036,66691,66430,66672,74287,71911,72773,69371,73898,78204,72331,70353,83411,90143,2026-08-14T00:22:57.807Z
2023,1111000000,종로구,서울특별시 종로구,서울,sigungu,390,460,479,470,543,552,655,726,834,810,819,937,891,994,899,947,1090,982,924,1256,1355,2026-08-14T00:22:57.807Z
2023,1114000000,중구,서울특별시 중구,서울,sigungu,472,535,591,547,542,524,577,639,627,576,621,658,553,554,512,570,671,598,576,843,970,2026-08-14T00:22:57.807Z
2023,1117000000,용산구,서울특별시 용산구,서울,sigungu,927,1008,1005,1034,1094,1110,1112,1225,1288,1286,1251,1330,1249,1301,1263,1322,1454,1361,1398,1691,1810,2026-08-14T00:22:57.807Z
2023,1120000000,성동구,서울특별시 성동구,서울,sigungu,1409,1558,1604,1625,1660,1736,1741,1872,1854,1834,1778,1780,1659,1571,1552,1731,1925,1752,1752,2351,2653,2026-08-14T00:22:57.807Z
2023,1121500000,광진구,서울특별시 광진구,서울,sigungu,1120,1204,1261,1271,1434,1460,1577,1839,2046,1996,2130,2319,2274,2306,2224,2381,2576,2475,2335,2784,3378,2026-08-14T00:22:57.807Z
2023,1123000000,동대문구,서울특별시 동대문구,서울,sigungu,1390,1497,1549,1682,1822,1814,1996,2133,2249,2170,2094,2346,2155,2165,2041,2172,2345,2129,2128,3032,3828,2026-08-14T00:22:57.807Z
2023,1126000000,중랑구,서울특별시 중랑구,서울,sigungu,1702,1755,1654,1580,1828,1910,1973,2248,2326,2138,2269,2450,2324,2290,2208,2337,2480,2465,2353,2784,3072,2026-08-14T00:22:57.807Z
2023,1129000000,성북구,서울특별시 성북구,서울,sigungu,1696,1878,2008,1988,2226,2390,2594,2989,3213,3115,3091,3416,3431,3361,3198,3360,3771,3428,3371,4575,5237,2026-08-14T00:22:57.807Z
2023,1130500000,강북구,서울특별시 강북구,서울,sigungu,791,808,945,998,1004,1178,1343,1426,1551,1531,1693,1880,1777,1835,1827,1866,2017,1939,1946,2361,2786,2026-08-14T00:22:57.807Z
2023,1132000000,도봉구,서울특별시 도봉구,서울,sigungu,952,1070,1126,1112,1308,1406,1571,1773,1922,2002,1918,2171,2165,2188,2127,2209,2483,2269,2189,2653,2813,2026-08-14T00:22:57.807Z
2023,1135000000,노원구,서울특별시 노원구,서울,sigungu,2000,2137,2053,2147,2285,2371,2843,3261,3620,3708,3734,4310,4375,4539,4469,4973,5199,4811,4896,5866,5998,2026-08-14T00:22:57.807Z
2023,1138000000,은평구,서울특별시 은평구,서울,sigungu,1740,2020,2053,2102,2220,2399,2554,2936,3196,3054,3100,3499,3354,3514,3340,3562,3901,3719,3511,4039,4380,2026-08-14T00:22:57.807Z
2023,1141000000,서대문구,서울특별시 서대문구,서울,sigungu,1298,1427,1514,1549,1551,1743,1895,2104,2183,2259,2106,2250,2056,2174,2103,2092,2217,2224,2126,2775,3300,2026-08-14T00:22:57.807Z
2023,1144000000,마포구,서울특별시 마포구,서울,sigungu,1523,1692,1835,1748,1894,2058,2220,2572,2590,2496,2328,2729,2522,2597,2501,2693,2861,2597,2529,3118,3523,2026-08-14T00:22:57.807Z
2023,1147000000,양천구,서울특별시 양천구,서울,sigungu,1425,1692,1805,1919,2150,2434,2950,3296,3780,3928,4177,4734,4787,4995,4721,5190,5258,4607,4554,4711,4553,2026-08-14T00:22:57.807Z
2023,1150000000,강서구,서울특별시 강서구,서울,sigungu,2451,2603,2642,2703,2946,2998,3239,3773,3913,3921,3925,4475,4259,3971,3854,4226,4484,4089,3994,4540,4787,2026-08-14T00:22:57.807Z
2023,1153000000,구로구,서울특별시 구로구,서울,sigungu,1830,2032,2016,1993,2160,2260,2298,2501,2713,2631,2759,2952,2759,2861,2663,2793,2954,2798,2675,3004,3129,2026-08-14T00:22:57.807Z
2023,1154500000,금천구,서울특별시 금천구,서울,sigungu,897,887,878,882,936,942,1009,1094,1213,1146,1078,1359,1221,1257,1170,1233,1417,1335,1321,1536,1679,2026-08-14T00:22:57.807Z
2023,1156000000,영등포구,서울특별시 영등포구,서울,sigungu,2034,2070,2082,1998,2193,2248,2240,2421,2483,2408,2247,2454,2225,2239,2142,2307,2368,2172,2235,2564,2858,2026-08-14T00:22:57.807Z
2023,1159000000,동작구,서울특별시 동작구,서울,sigungu,1604,1609,1671,1724,1855,1978,2122,2340,2666,2502,2388,2636,2434,2605,2409,2395,2690,2517,2553,3367,3821,2026-08-14T00:22:57.807Z
2023,1162000000,관악구,서울특별시 관악구,서울,sigungu,1324,1371,1428,1448,1509,1539,1706,1937,2118,2100,2121,2262,2323,2275,2212,2446,2639,2530,2662,3609,4480,2026-08-14T00:22:57.807Z
2023,1165000000,서초구,서울특별시 서초구,서울,sigungu,1679,1915,2134,2227,2454,2777,3113,3488,3960,4071,4219,4652,4648,4761,4409,4764,4611,4305,4004,4433,4146,2026-08-14T00:22:57.807Z
2023,1168000000,강남구,서울특별시 강남구,서울,sigungu,2131,2177,2356,2481,2885,3126,3747,4242,4737,5123,5510,6224,6598,6506,6068,6633,6676,5976,5626,5991,5670,2026-08-14T00:22:57.807Z
2023,1171000000,송파구,서울특별시 송파구,서울,sigungu,2851,3181,3668,3695,4093,4295,4749,5560,5600,5622,5520,6225,5919,5888,5614,5660,6012,5578,5256,5781,5934,2026-08-14T00:22:57.807Z
2023,1174000000,강동구,서울특별시 강동구,서울,sigungu,2135,2501,2656,2714,2914,3043,3276,3641,4009,4003,3796,4239,3953,4026,3845,4036,4105,3675,3439,3747,3983,2026-08-14T00:22:57.807Z
2023,2600000000,부산,부산광역시,부산,sido,12620,14371,15046,15703,17620,19562,21787,24689,26730,26275,25885,28593,27617,27042,24792,26014,27317,24633,24362,27084,29044,2026-08-14T00:22:57.807Z
2023,2611000000,중구,부산광역시 중구,부산,sigungu,55,74,64,58,62,82,97,115,124,144,148,150,156,167,148,140,180,173,177,223,312,2026-08-14T00:22:57.807Z
2023,2614000000,서구,부산광역시 서구,부산,sigungu,292,376,380,410,439,487,521,643,670,668,641,717,726,728,620,700,738,686,640,805,910,2026-08-14T00:22:57.807Z
2023,2617000000,동구,부산광역시 동구,부산,sigungu,376,393,382,351,374,356,420,445,449,432,431,476,448,437,428,467,517,467,466,521,589,2026-08-14T00:22:57.807Z
2023,2620000000,영도구,부산광역시 영도구,부산,sigungu,302,322,329,321,416,448,466,566,583,576,614,673,676,696,601,676,703,667,650,740,758,2026-08-14T00:22:57.807Z
2023,2623000000,부산진구,부산광역시 부산진구,부산,sigungu,1594,1659,1682,1650,1783,1938,2052,2348,2409,2372,2213,2544,2424,2383,2222,2302,2507,2285,2240,2784,3083,2026-08-14T00:22:57.807Z
2023,2626000000,동래구,부산광역시 동래구,부산,sigungu,1056,1274,1350,1443,1668,1790,2075,2378,2612,2562,2495,2862,2641,2776,2389,2571,2650,2424,2255,2366,2461,2026-08-14T00:22:57.807Z
2023,2629000000,남구,부산광역시 남구,부산,sigungu,788,889,1032,1050,1238,1392,1672,1880,2078,2070,2111,2302,2271,2262,2055,2124,2311,2046,2077,2480,2708,2026-08-14T00:22:57.807Z
2023,2632000000,북구,부산광역시 북구,부산,sigungu,1119,1329,1299,1304,1411,1614,1788,1971,2120,2011,2045,2204,2150,2103,2062,2112,2190,2045,2213,2187,2421,2026-08-14T00:22:57.807Z
2023,2635000000,해운대구,부산광역시 해운대구,부산,sigungu,1369,1531,1652,1834,2102,2356,2603,3011,3356,3316,3400,3727,3667,3591,3428,3599,3776,3495,3444,3393,3579,2026-08-14T00:22:57.807Z
2023,2638000000,사하구,부산광역시 사하구,부산,sigungu,1004,1146,1208,1263,1348,1575,1776,1963,2191,2129,2154,2515,2452,2342,2240,2360,2542,2238,2215,2585,2724,2026-08-14T00:22:57.807Z
2023,2641000000,금정구,부산광역시 금정구,부산,sigungu,608,642,725,727,884,948,1151,1258,1500,1422,1489,1586,1606,1596,1463,1577,1696,1565,1582,1901,2233,2026-08-14T00:22:57.807Z
2023,2644000000,강서구,부산광역시 강서구,부산,sigungu,1024,1236,1286,1376,1595,1864,2018,2249,2332,2273,2069,2100,1953,1771,1492,1442,1267,1015,965,905,867,2026-08-14T00:22:57.807Z
2023,2647000000,연제구,부산광역시 연제구,부산,sigungu,850,957,991,1072,1208,1257,1359,1593,1662,1674,1567,1719,1682,1636,1485,1618,1727,1554,1505,1644,1792,2026-08-14T00:22:57.807Z
2023,2650000000,수영구,부산광역시 수영구,부산,sigungu,616,771,759,771,848,919,943,1081,1165,1119,1074,1199,1186,1107,1086,1150,1208,1064,1096,1282,1341,2026-08-14T00:22:57.807Z
2023,2653000000,사상구,부산광역시 사상구,부산,sigungu,687,717,741,799,837,954,1074,1117,1314,1236,1298,1479,1357,1344,1261,1338,1424,1294,1276,1699,1736,2026-08-14T00:22:57.807Z
2023,2671000000,기장군,부산광역시 기장군,부산,sigungu,880,1055,1166,1274,1407,1582,1772,2071,2165,2271,2136,2340,2222,2103,1812,1838,1881,1615,1561,1569,1530,2026-08-14T00:22:57.807Z
2023,2700000000,대구,대구광역시,대구,sido,9288,10675,11476,12056,14092,15212,17059,19530,20557,20458,20203,22532,21803,21565,20200,21384,22801,20689,20740,22204,24199,2026-08-14T00:22:57.807Z
2023,2711000000,중구,대구광역시 중구,대구,sigungu,560,648,606,596,701,688,742,806,756,706,627,690,643,582,562,598,642,592,568,730,815,2026-08-14T00:22:57.807Z
2023,2714000000,동구,대구광역시 동구,대구,sigungu,1509,1745,1856,1866,2179,2289,2384,2693,2762,2717,2636,2879,2667,2665,2473,2586,2748,2388,2471,2698,2958,2026-08-14T00:22:57.807Z
2023,2717000000,서구,대구광역시 서구,대구,sigungu,462,530,531,554,643,662,773,903,871,857,911,977,947,903,874,953,1024,964,996,1100,1243,2026-08-14T00:22:57.807Z
2023,2720000000,남구,대구광역시 남구,대구,sigungu,429,430,485,516,525,602,586,669,713,702,769,793,780,761,739,807,933,888,888,1057,1313,2026-08-14T00:22:57.807Z
2023,2723000000,북구,대구광역시 북구,대구,sigungu,1566,1843,1950,2118,2368,2652,2894,3417,3661,3609,3572,3964,3877,3781,3622,3864,4222,3913,3946,4328,5002,2026-08-14T00:22:57.807Z
2023,2726000000,수성구,대구광역시 수성구,대구,sigungu,1170,1521,1636,1736,2206,2556,3180,3635,3930,4113,4195,4789,4844,4815,4655,4873,5069,4724,4587,4638,4766,2026-08-14T00:22:57.807Z
2023,2729000000,달서구,대구광역시 달서구,대구,sigungu,1912,2037,2304,2399,2894,3127,3600,4289,4650,4575,4522,5166,5004,5068,4783,4991,5513,4904,4992,5485,5817,2026-08-14T00:22:57.807Z
2023,2771000000,달성군,대구광역시 달성군,대구,sigungu,1624,1858,2057,2225,2515,2589,2850,3072,3156,3109,2910,3180,2957,2901,2415,2612,2552,2227,2205,2075,2206,2026-08-14T00:22:57.807Z
2023,2772000000,군위군,대구광역시 군위군,대구,sigungu,56,63,51,46,61,47,50,46,58,70,61,94,84,89,77,100,98,89,87,93,79,2026-08-14T00:22:57.807Z
2023,2800000000,인천,인천광역시,인천,sido,13892,15920,16423,17286,19232,20398,21797,24729,26574,26078,26100,28713,28470,27870,26350,27176,29194,25915,25270,27021,28469,2026-08-14T00:22:57.807Z
2023,2811000000,중구,인천광역시 중구,인천,sigungu,876,993,988,996,1187,1247,1309,1422,1503,1460,1469,1626,1604,1608,1380,1461,1590,1284,1218,1351,1354,2026-08-14T00:22:57.807Z
2023,2811400000,중구영종출장소,인천광역시 중구영종출장소,인천,sigungu,0,0,0,0,0,0,0,0,0,0,0,0,0,0,0,0,0,0,0,0,0,2026-08-14T00:22:57.807Z
2023,2811800000,중구용유출장소,인천광역시 중구용유출장소,인천,sigungu,0,0,0,0,0,0,0,0,0,0,0,0,0,0,0,0,0,0,0,0,0,2026-08-14T00:22:57.807Z
2023,2814000000,동구,인천광역시 동구,인천,sigungu,213,215,223,219,267,284,293,377,387,387,352,471,437,466,423,460,551,470,489,499,463,2026-08-14T00:22:57.807Z
2023,2817700000,미추홀구,인천광역시 미추홀구,인천,sigungu,1721,1883,1993,2129,2165,2362,2526,2763,3029,2898,2952,3243,3235,3084,3003,3095,3297,2982,3000,3335,3691,2026-08-14T00:22:57.807Z
2023,2818500000,연수구,인천광역시 연수구,인천,sigungu,2024,2498,2578,2783,3225,3486,3709,4198,4572,4578,4511,4833,4822,4698,4418,4529,4767,3993,3840,4380,4335,2026-08-14T00:22:57.807Z
2023,2820000000,남동구,인천광역시 남동구,인천,sigungu,1743,1968,2094,2329,2660,2967,3310,3884,4291,4323,4397,4927,4816,4770,4518,4596,4900,4557,4333,4346,4743,2026-08-14T00:22:57.807Z
2023,2823700000,부평구,인천광역시 부평구,인천,sigungu,2258,2482,2361,2464,2671,2833,3052,3437,3561,3562,3478,3923,3909,3854,3896,3999,4393,3884,4033,4163,4622,2026-08-14T00:22:57.807Z
2023,2824500000,계양구,인천광역시 계양구,인천,sigungu,912,1069,1159,1126,1317,1374,1371,1695,1888,1884,1924,2152,2169,2249,2177,2372,2584,2346,2252,2598,2753,2026-08-14T00:22:57.807Z
2023,2826000000,서구,인천광역시 서구,인천,sigungu,3848,4477,4709,4890,5399,5517,5920,6569,6918,6536,6549,7017,6961,6608,5985,6122,6525,5852,5578,5777,5900,2026-08-14T00:22:57.807Z
2023,2826500000,서구검단출장소,인천광역시 서구검단출장소,인천,sigungu,0,0,0,0,0,0,0,0,0,0,0,0,0,0,0,0,0,0,0,0,0,2026-08-14T00:22:57.807Z
2023,2871000000,강화군,인천광역시 강화군,인천,sigungu,241,270,255,283,267,249,253,300,340,379,377,426,426,436,461,457,468,442,437,424,416,2026-08-14T00:22:57.807Z
2023,2872000000,옹진군,인천광역시 옹진군,인천,sigungu,56,65,63,67,74,79,54,84,85,71,91,95,91,97,89,85,119,105,90,148,192,2026-08-14T00:22:57.807Z
2023,2900000000,광주,광주광역시,광주,sido,6065,7459,8038,8120,9234,10017,11144,12673,13453,13576,13742,15278,14692,15002,14311,14807,15962,14503,14123,15105,16292,2026-08-14T00:22:57.807Z
2023,2911000000,동구,광주광역시 동구,광주,sigungu,545,682,701,690,736,745,787,809,912,846,760,824,770,739,627,686,770,738,680,878,1055,2026-08-14T00:22:57.807Z
2023,2914000000,서구,광주광역시 서구,광주,sigungu,984,1211,1301,1360,1600,1763,1938,2258,2348,2424,2567,2770,2734,2741,2737,2858,3077,2880,2711,3087,3227,2026-08-14T00:22:57.807Z
2023,2915500000,남구,광주광역시 남구,광주,sigungu,817,974,1072,1082,1343,1452,1715,1909,2154,2228,2183,2465,2335,2406,2194,2246,2323,2176,2049,2087,2127,2026-08-14T00:22:57.807Z
2023,2917000000,북구,광주광역시 북구,광주,sigungu,1842,2243,2506,2432,2688,2888,3166,3575,3723,3730,3736,4110,3999,4011,3858,3993,4368,3872,3913,4119,4720,2026-08-14T00:22:57.807Z
2023,2920000000,광산구,광주광역시 광산구,광주,sigungu,1877,2349,2458,2556,2867,3169,3538,4122,4316,4348,4496,5109,4854,5105,4895,5024,5424,4837,4770,4934,5163,2026-08-14T00:22:57.807Z
2023,3000000000,대전,대전광역시,대전,sido,7161,7920,7984,7917,8749,9354,10571,11752,12745,12574,12853,13893,13872,13640,13085,13918,14798,13615,13187,14975,15580,2026-08-14T00:22:57.807Z
2023,3011000000,동구,대전광역시 동구,대전,sigungu,949,936,1013,995,1120,1187,1297,1488,1581,1610,1663,1784,1782,1795,1726,1949,1991,1851,1795,2449,2561,2026-08-14T00:22:57.807Z
2023,3014000000,중구,대전광역시 중구,대전,sigungu,781,890,934,938,1068,1146,1343,1480,1629,1634,1705,1941,1959,1950,1841,2086,2158,2045,2015,2022,2243,2026-08-14T00:22:57.807Z
2023,3017000000,서구,대전광역시 서구,대전,sigungu,2277,2486,2449,2487,2675,2986,3486,3933,4310,4174,4359,4733,4739,4637,4413,4540,5084,4547,4422,4901,5033,2026-08-14T00:22:57.807Z
2023,3020000000,유성구,대전광역시 유성구,대전,sigungu,2454,2793,2846,2787,3035,3220,3492,3817,4077,3962,3854,4094,3992,3870,3742,3836,3986,3708,3471,3949,3960,2026-08-14T00:22:57.807Z
2023,3023000000,대덕구,대전광역시 대덕구,대전,sigungu,700,815,742,710,851,815,953,1034,1148,1194,1272,1341,1400,1388,1363,1507,1579,1464,1484,1654,1783,2026-08-14T00:22:57.807Z
2023,3100000000,울산,울산광역시,울산,sido,4959,5392,6090,6450,7252,7898,8836,10238,10987,10984,10863,11936,11361,11289,10723,11135,11752,10343,10015,10045,10175,2026-08-14T00:22:57.807Z
2023,3111000000,중구,울산광역시 중구,울산,sigungu,789,905,1063,1072,1283,1402,1536,1768,1849,1884,1923,2102,2053,1951,1867,1941,2052,1783,1736,1774,1817,2026-08-14T00:22:57.807Z
2023,3114000000,남구,울산광역시 남구,울산,sigungu,1261,1429,1555,1661,1792,1910,2235,2550,2775,2722,2664,2962,2810,2801,2780,2873,2983,2781,2700,2814,2927,2026-08-14T00:22:57.807Z
2023,3117000000,동구,울산광역시 동구,울산,sigungu,654,672,829,865,1039,1136,1322,1616,1621,1757,1671,1850,1721,1744,1605,1598,1726,1504,1340,1313,1302,2026-08-14T00:22:57.807Z
2023,3120000000,북구,울산광역시 북구,울산,sigungu,1241,1391,1588,1706,1921,2047,2287,2632,2844,2708,2666,2845,2661,2630,2412,2541,2648,2200,2130,1985,1941,2026-08-14T00:22:57.807Z
2023,3171000000,울주군,울산광역시 울주군,울산,sigungu,1014,995,1055,1146,1217,1403,1456,1672,1898,1913,1939,2177,2116,2163,2059,2182,2343,2075,2109,2159,2188,2026-08-14T00:22:57.807Z
2023,3600000000,세종,세종특별자치시,세종,sido,2639,3184,3612,3664,4124,4504,4939,5465,5842,5568,5499,5992,5593,5610,5204,5297,5100,4521,4030,3890,3718,2026-08-14T00:22:57.807Z
2023,4100000000,경기,경기도,경기,sido,68030,77729,80214,83766,92309,99339,107355,121609,130466,128733,127485,141419,136489,135750,128248,133672,139563,126683,120669,130653,133536,2026-08-14T00:22:57.807Z
2023,4111000000,수원시,경기도 수원시,경기,sigungu,5963,6770,6763,7072,7677,8127,8820,9958,10951,10535,10518,11897,11363,11348,10859,11542,12229,11099,10629,11899,12755,2026-08-14T00:22:57.807Z
2023,4111100000,수원시 장안구,경기도 수원시 장안구,경기,sigungu,984,1164,1172,1287,1390,1441,1614,1858,2149,2112,2234,2428,2502,2491,2512,2833,2900,2730,2648,2933,3281,2026-08-14T00:22:57.807Z
2023,4111300000,수원시 권선구,경기도 수원시 권선구,경기,sigungu,1922,2086,2081,2153,2286,2502,2670,3151,3356,3269,3187,3677,3333,3275,3139,3127,3411,3095,2890,3224,3460,2026-08-14T00:22:57.807Z
2023,4111500000,수원시 팔달구,경기도 수원시 팔달구,경기,sigungu,943,1025,1037,1140,1241,1267,1278,1313,1301,1192,1168,1373,1262,1326,1298,1369,1623,1400,1453,1807,1859,2026-08-14T00:22:57.807Z
2023,4111700000,수원시 영통구,경기도 수원시 영통구,경기,sigungu,2114,2495,2473,2492,2760,2917,3258,3636,4145,3962,3929,4419,4266,4256,3910,4213,4295,3874,3638,3935,4155,2026-08-14T00:22:57.807Z
2023,4113000000,성남시,경기도 성남시,경기,sigungu,4284,4900,5042,5088,5675,5932,6412,7042,7923,7728,7887,8535,8395,8648,7991,8378,8883,8094,7775,8767,8839,2026-08-14T00:22:57.807Z
2023,4113100000,성남시 수정구,경기도 성남시 수정구,경기,sigungu,1128,1289,1275,1388,1480,1480,1453,1535,1694,1588,1532,1698,1591,1708,1471,1574,1765,1575,1527,2007,2100,2026-08-14T00:22:57.807Z
2023,4113300000,성남시 중원구,경기도 성남시 중원구,경기,sigungu,1065,1136,1135,1072,1148,1174,1256,1335,1386,1337,1368,1449,1444,1455,1357,1493,1662,1455,1464,1721,1827,2026-08-14T00:22:57.807Z
2023,4113500000,성남시 분당구,경기도 성남시 분당구,경기,sigungu,2091,2475,2632,2628,3047,3278,3703,4172,4843,4803,4987,5388,5360,5485,5163,5311,5456,5064,4784,5039,4912,2026-08-14T00:22:57.807Z
2023,4115000000,의정부시,경기도 의정부시,경기,sigungu,2149,2458,2567,2654,2869,3031,3243,3604,3919,3776,3772,4208,3997,4120,3796,3976,4356,3931,3882,4331,4583,2026-08-14T00:22:57.807Z
2023,4117000000,안양시,경기도 안양시,경기,sigungu,2933,3128,3067,3017,3210,3394,3625,4116,4506,4416,4203,4806,4885,4907,4598,4971,5219,5025,4788,5069,5589,2026-08-14T00:22:57.807Z
2023,4117100000,안양시 만안구,경기도 안양시 만안구,경기,sigungu,1221,1207,1212,1207,1238,1266,1326,1489,1556,1521,1439,1612,1574,1600,1497,1651,1836,1788,1702,1912,2261,2026-08-14T00:22:57.807Z
2023,4117300000,안양시 동안구,경기도 안양시 동안구,경기,sigungu,1712,1921,1855,1810,1972,2128,2299,2627,2950,2895,2764,3194,3311,3307,3101,3320,3383,3237,3086,3157,3328,2026-08-14T00:22:57.807Z
2023,4119000000,부천시,경기도 부천시,경기,sigungu,3231,3623,3820,3993,4250,4540,4802,5439,5723,6023,5867,6543,6372,6349,6098,6457,7104,6552,6264,6831,7332,2026-08-14T00:22:57.807Z
2023,4121000000,광명시,경기도 광명시,경기,sigungu,1374,1426,1525,1478,1699,1877,1971,2321,2482,2479,2547,2840,2769,2810,2681,2942,3021,2909,2735,2918,2937,2026-08-14T00:22:57.807Z
2023,4122000000,평택시,경기도 평택시,경기,sigungu,3620,4075,4165,4373,4638,4910,5200,5706,5929,5827,5697,6330,5865,5893,5607,5592,5831,5268,4868,5245,5405,2026-08-14T00:22:57.807Z
2023,4122200000,송탄출장소,경기도 송탄출장소,경기,sigungu,0,0,0,0,0,0,0,0,0,0,0,0,0,0,0,0,0,0,0,0,0,2026-08-14T00:22:57.807Z
2023,4122400000,안중출장소,경기도 안중출장소,경기,sigungu,0,0,0,0,0,0,0,0,0,0,0,0,0,0,0,0,0,0,0,0,0,2026-08-14T00:22:57.807Z
2023,4125000000,동두천시,경기도 동두천시,경기,sigungu,283,311,347,348,398,403,527,609,608,687,695,765,784,798,815,782,850,795,704,800,867,2026-08-14T00:22:57.807Z
2023,4127000000,안산시,경기도 안산시,경기,sigungu,2671,2793,2880,2995,3262,3456,3691,4239,4601,4640,4674,5212,5314,5493,5278,5724,6263,5590,5826,6667,7015,2026-08-14T00:22:57.807Z
2023,4127100000,안산시 상록구,경기도 안산시 상록구,경기,sigungu,1278,1268,1376,1460,1603,1748,1847,2235,2465,2546,2525,2774,2906,2955,2830,2986,3318,3040,3140,3637,3918,2026-08-14T00:22:57.807Z
2023,4127300000,안산시 단원구,경기도 안산시 단원구,경기,sigungu,1393,1525,1504,1535,1659,1708,1844,2004,2136,2094,2149,2438,2408,2538,2448,2738,2945,2550,2686,3030,3097,2026-08-14T00:22:57.807Z
2023,4128000000,고양시,경기도 고양시,경기,sigungu,4853,5707,5709,5803,6452,6992,7614,8661,9342,9203,9138,10250,9964,10007,9510,10042,10491,9698,9452,10395,10714,2026-08-14T00:22:57.807Z
2023,4128100000,고양시 덕양구,경기도 고양시 덕양구,경기,sigungu,2690,3222,3080,3120,3362,3584,3807,4340,4396,4339,4093,4562,4427,4204,4067,4061,4184,3862,3753,4200,4588,2026-08-14T00:22:57.807Z
2023,4128500000,고양시 일산동구,경기도 고양시 일산동구,경기,sigungu,1039,1227,1300,1338,1564,1728,1919,2109,2386,2450,2455,2750,2651,2791,2582,2817,2974,2736,2716,2900,2927,2026-08-14T00:22:57.807Z
2023,4128700000,고양시 일산서구,경기도 고양시 일산서구,경기,sigungu,1124,1258,1329,1345,1526,1680,1888,2212,2560,2414,2590,2938,2886,3012,2861,3164,3333,3100,2983,3295,3199,2026-08-14T00:22:57.807Z
2023,4129000000,과천시,경기도 과천시,경기,sigungu,594,611,740,716,766,837,869,955,984,923,827,888,851,792,807,795,774,685,688,783,777,2026-08-14T00:22:57.807Z
2023,4131000000,구리시,경기도 구리시,경기,sigungu,786,886,933,976,1067,1187,1315,1466,1572,1629,1576,1763,1662,1714,1627,1587,1787,1724,1573,1731,1806,2026-08-14T00:22:57.807Z
2023,4136000000,남양주시,경기도 남양주시,경기,sigungu,3226,3797,4133,4487,5005,5540,6114,7025,7520,7490,7755,8592,8221,8190,7864,8082,8406,7550,7092,7547,7407,2026-08-14T00:22:57.807Z
2023,4136200000,풍양출장소,경기도 풍양출장소,경기,sigungu,0,0,0,0,0,0,0,0,0,0,0,0,0,0,0,0,0,0,0,0,0,2026-08-14T00:22:57.807Z
2023,4137000000,오산시,경기도 오산시,경기,sigungu,1047,1299,1351,1435,1670,1845,2035,2358,2567,2532,2567,2830,2782,2663,2522,2626,2613,2358,2210,2311,2372,2026-08-14T00:22:57.807Z
2023,4139000000,시흥시,경기도 시흥시,경기,sigungu,2985,3468,3654,3810,4222,4519,4809,5344,5720,5379,5115,5714,5386,5270,5019,5230,5259,4866,4597,5060,5073,2026-08-14T00:22:57.807Z
2023,4141000000,군포시,경기도 군포시,경기,sigungu,1237,1267,1186,1241,1402,1456,1627,1935,1973,2084,2188,2330,2339,2346,2278,2485,2582,2460,2375,2555,2752,2026-08-14T00:22:57.807Z
2023,4143000000,의왕시,경기도 의왕시,경기,sigungu,888,1029,1091,1021,1068,1169,1214,1381,1419,1340,1380,1344,1305,1309,1298,1362,1444,1356,1193,1411,1467,2026-08-14T00:22:57.807Z
2023,4145000000,하남시,경기도 하남시,경기,sigungu,2005,2321,2441,2493,2928,3267,3437,3892,4006,3895,3726,3804,3518,3542,3113,3106,3206,2639,2456,2663,2630,2026-08-14T00:22:57.807Z
2023,4146000000,용인시,경기도 용인시,경기,sigungu,4891,5847,6200,6544,7400,8092,8944,10383,11457,11465,11452,12732,12368,12340,11846,12315,13011,11569,11054,11668,11851,2026-08-14T00:22:57.807Z
2023,4146100000,용인시 처인구,경기도 용인시 처인구,경기,sigungu,1062,1240,1380,1435,1586,1797,1943,2173,2386,2291,2326,2622,2588,2477,2411,2501,2656,2323,2267,2557,2674,2026-08-14T00:22:57.807Z
2023,4146300000,용인시 기흥구,경기도 용인시 기흥구,경기,sigungu,1943,2365,2470,2608,3014,3284,3546,4207,4616,4598,4641,5363,5112,5153,4822,5103,5470,4849,4626,4876,4979,2026-08-14T00:22:57.807Z
2023,4146500000,용인시 수지구,경기도 용인시 수지구,경기,sigungu,1886,2242,2350,2501,2800,3011,3455,4003,4455,4576,4485,4747,4668,4710,4613,4711,4885,4397,4161,4235,4198,2026-08-14T00:22:57.807Z
2023,4148000000,파주시,경기도 파주시,경기,sigungu,2432,3085,3094,3417,3856,4097,4472,4968,5340,5306,5143,5761,5486,5497,5106,5289,5497,4860,4609,4608,4784,2026-08-14T00:22:57.807Z
2023,4150000000,이천시,경기도 이천시,경기,sigungu,1117,1178,1246,1262,1362,1522,1704,1938,2096,2080,1981,2301,2282,2213,1997,2192,2281,2085,2108,2437,2156,2026-08-14T00:22:57.807Z
2023,4155000000,안성시,경기도 안성시,경기,sigungu,738,851,854,876,1046,1133,1250,1407,1527,1531,1668,1764,1867,1701,1701,1815,1833,1676,1602,1788,1827,2026-08-14T00:22:57.807Z
2023,4157000000,김포시,경기도 김포시,경기,sigungu,2765,3337,3436,3827,4290,4650,5107,5981,6280,6158,5868,6539,6146,5791,5305,5330,5164,4546,4186,4216,4113,2026-08-14T00:22:57.807Z
2023,4159000000,화성시,경기도 화성시,경기,sigungu,6777,7622,7876,8154,8958,9582,10352,11618,12221,11993,11785,12944,12320,11962,11048,11177,11083,9815,8777,9111,8830,2026-08-14T00:22:57.807Z
2023,4159200000,화성시동부출장소,경기도 화성시동부출장소,경기,sigungu,0,0,0,0,0,0,0,0,0,0,0,0,0,0,0,0,0,0,0,0,0,2026-08-14T00:22:57.807Z
2023,4159400000,화성시동탄출장소,경기도 화성시동탄출장소,경기,sigungu,0,0,0,0,0,0,0,0,0,0,0,0,0,0,0,0,0,0,0,0,0,2026-08-14T00:22:57.807Z
2023,4161000000,광주시,경기도 광주시,경기,sigungu,1953,2280,2433,2642,2802,3181,3192,3707,3893,3785,3516,3981,3752,3571,3280,3422,3666,3298,3115,3404,3214,2026-08-14T00:22:57.807Z
2023,4163000000,양주시,경기도 양주시,경기,sigungu,1567,1791,1723,1946,2081,2207,2383,2640,2685,2615,2669,3016,2773,2762,2580,2689,2807,2543,2449,2560,2530,2026-08-14T00:22:57.807Z
2023,4165000000,포천시,경기도 포천시,경기,sigungu,469,509,535,586,633,678,721,774,860,881,848,1055,1024,1003,1054,1059,1164,1143,1087,1062,1342,2026-08-14T00:22:57.807Z
2023,4167000000,여주시,경기도 여주시,경기,sigungu,407,497,484,564,604,607,653,761,832,822,860,940,957,945,922,908,977,890,906,980,945,2026-08-14T00:22:57.807Z
2023,4180000000,연천군,경기도 연천군,경기,sigungu,147,165,183,195,199,212,195,254,261,260,275,275,272,307,256,277,298,261,302,309,278,2026-08-14T00:22:57.807Z
2023,4182000000,가평군,경기도 가평군,경기,sigungu,188,201,236,244,240,292,314,336,372,340,380,443,432,431,405,459,444,427,466,462,460,2026-08-14T00:22:57.807Z
2023,4183000000,양평군,경기도 양평군,경기,sigungu,450,497,500,509,580,604,743,791,897,911,908,1017,1038,1028,987,1061,1020,971,901,1065,886,2026-08-14T00:22:57.807Z
2023,5100000000,강원,강원특별자치도,강원,sido,6637,7442,7592,8135,8740,8897,9546,10832,11599,11452,11675,13211,12980,12992,12480,12755,14059,12644,12744,13513,14061,2026-08-14T00:22:57.807Z
2023,5111000000,춘천시,강원특별자치도 춘천시,강원,sigungu,1335,1568,1572,1710,1802,1862,1917,2308,2393,2450,2506,2742,2755,2625,2511,2618,2681,2435,2517,2670,3159,2026-08-14T00:22:57.807Z
2023,5113000000,원주시,강원특별자치도 원주시,강원,sigungu,1944,2145,2212,2294,2491,2432,2761,3021,3203,3115,3194,3604,3560,3603,3460,3493,3823,3267,3279,3396,3411,2026-08-14T00:22:57.807Z
2023,5115000000,강릉시,강원특별자치도 강릉시,강원,sigungu,816,922,938,1011,1038,1169,1186,1384,1502,1447,1530,1744,1696,1739,1741,1705,1918,1702,1742,1863,1913,2026-08-14T00:22:57.807Z
2023,5117000000,동해시,강원특별자치도 동해시,강원,sigungu,350,394,440,446,497,505,604,706,716,768,776,879,846,811,823,801,900,794,827,809,813,2026-08-14T00:22:57.807Z
2023,5119000000,태백시,강원특별자치도 태백시,강원,sigungu,91,130,130,157,167,194,205,213,262,274,281,331,340,355,340,338,381,343,356,320,313,2026-08-14T00:22:57.807Z
2023,5121000000,속초시,강원특별자치도 속초시,강원,sigungu,319,392,394,445,489,512,505,617,731,659,634,725,722,730,653,680,688,646,646,702,670,2026-08-14T00:22:57.807Z
2023,5123000000,삼척시,강원특별자치도 삼척시,강원,sigungu,269,295,279,312,324,298,326,346,380,367,405,442,449,460,440,447,469,451,461,782,849,2026-08-14T00:22:57.807Z
2023,5172000000,홍천군,강원특별자치도 홍천군,강원,sigungu,271,251,240,280,309,327,317,382,441,375,398,469,435,459,458,455,513,444,465,448,497,2026-08-14T00:22:57.807Z
2023,5173000000,횡성군,강원특별자치도 횡성군,강원,sigungu,125,137,160,165,195,180,217,224,233,237,239,280,279,278,284,309,486,463,392,339,295,2026-08-14T00:22:57.807Z
2023,5175000000,영월군,강원특별자치도 영월군,강원,sigungu,102,97,94,126,143,155,152,176,189,186,194,228,233,225,216,210,325,315,300,330,307,2026-08-14T00:22:57.807Z
2023,5176000000,평창군,강원특별자치도 평창군,강원,sigungu,89,106,109,118,128,134,175,162,195,197,223,257,243,260,235,281,288,275,272,289,318,2026-08-14T00:22:57.807Z
2023,5177000000,정선군,강원특별자치도 정선군,강원,sigungu,93,87,116,129,123,139,129,148,158,193,169,246,204,248,236,214,247,212,238,225,218,2026-08-14T00:22:57.807Z
2023,5178000000,철원군,강원특별자치도 철원군,강원,sigungu,216,249,231,277,271,258,271,277,290,319,280,300,336,305,310,343,350,356,343,360,335,2026-08-14T00:22:57.807Z
2023,5179000000,화천군,강원특별자치도 화천군,강원,sigungu,131,132,123,113,145,153,134,163,190,175,157,169,159,156,158,152,166,174,144,183,175,2026-08-14T00:22:57.807Z
2023,5180000000,양구군,강원특별자치도 양구군,강원,sigungu,119,124,144,132,132,146,173,178,154,152,156,178,179,178,119,170,260,226,196,183,160,2026-08-14T00:22:57.807Z
2023,5181000000,인제군,강원특별자치도 인제군,강원,sigungu,206,212,221,218,247,219,247,230,269,220,228,281,209,248,192,218,211,235,215,250,251,2026-08-14T00:22:57.807Z
2023,5182000000,고성군,강원특별자치도 고성군,강원,sigungu,87,119,100,119,135,111,125,154,155,167,147,168,162,152,141,152,158,155,177,181,181,2026-08-14T00:22:57.807Z
2023,5183000000,양양군,강원특별자치도 양양군,강원,sigungu,74,82,89,83,104,103,102,143,138,151,158,168,173,160,163,169,195,151,174,183,196,2026-08-14T00:22:57.807Z
2023,4300000000,충북,충청북도,충북,sido,7487,7638,8380,8741,9331,10693,11335,12803,13547,13378,13720,15100,14840,14882,13997,14500,15477,13778,13519,14633,14804,2026-08-14T00:22:57.807Z
2023,4311000000,청주시,충청북도 청주시,충북,sigungu,4768,4800,5291,5436,5679,6625,6981,7759,8247,8020,8281,9104,8728,8714,8217,8442,8894,8057,7809,8274,8635,2026-08-14T00:22:57.807Z
2023,4311100000,청주시 상당구,충청북도 청주시 상당구,충북,sigungu,1039,1148,1278,1331,1356,1562,1654,1871,1989,1937,2030,2204,2069,2116,1883,2015,2113,1888,1832,1958,1961,2026-08-14T00:22:57.807Z
2023,4311200000,청주시 서원구,충청북도 청주시 서원구,충북,sigungu,814,792,812,853,912,1088,1165,1264,1444,1432,1476,1801,1740,1763,1730,1844,1926,1852,1829,1976,2190,2026-08-14T00:22:57.807Z
2023,4311300000,청주시 흥덕구,충청북도 청주시 흥덕구,충북,sigungu,1808,1740,1970,1919,2061,2338,2445,2600,2720,2589,2672,2864,2822,2758,2645,2637,2763,2496,2432,2595,2644,2026-08-14T00:22:57.807Z
2023,4311400000,청주시 청원구,충청북도 청주시 청원구,충북,sigungu,1107,1120,1231,1333,1350,1637,1717,2024,2094,2062,2103,2235,2097,2077,1959,1946,2092,1821,1716,1745,1840,2026-08-14T00:22:57.807Z
2023,4313000000,충주시,충청북도 충주시,충북,sigungu,903,876,948,1077,1106,1236,1350,1530,1613,1576,1634,1752,1857,1875,1711,1854,2010,1723,1696,1762,1778,2026-08-14T00:22:57.807Z
2023,4315000000,제천시,충청북도 제천시,충북,sigungu,494,481,583,560,639,746,750,906,921,964,958,1062,1062,1107,1030,1115,1138,1079,1076,1557,1423,2026-08-14T00:22:57.807Z
2023,4372000000,보은군,충청북도 보은군,충북,sigungu,71,74,61,94,84,134,134,152,154,151,152,182,197,187,206,177,204,177,202,191,201,2026-08-14T00:22:57.807Z
2023,4373000000,옥천군,충청북도 옥천군,충북,sigungu,111,106,142,160,170,189,218,263,272,314,288,341,379,359,364,363,413,363,336,388,371,2026-08-14T00:22:57.807Z
2023,4374000000,영동군,충청북도 영동군,충북,sigungu,108,123,126,142,122,174,174,191,231,233,236,283,299,309,277,282,337,295,286,316,337,2026-08-14T00:22:57.807Z
2023,4374500000,증평군,충청북도 증평군,충북,sigungu,209,181,213,203,249,279,293,350,302,354,348,376,351,374,334,333,370,269,325,301,299,2026-08-14T00:22:57.807Z
2023,4375000000,진천군,충청북도 진천군,충북,sigungu,403,522,514,567,656,653,723,788,884,845,853,894,898,906,793,865,924,799,744,780,710,2026-08-14T00:22:57.807Z
2023,4376000000,괴산군,충청북도 괴산군,충북,sigungu,62,90,94,87,95,114,129,139,149,165,168,193,156,188,182,178,191,158,163,218,196,2026-08-14T00:22:57.807Z
2023,4377000000,음성군,충청북도 음성군,충북,sigungu,298,325,333,345,444,438,491,607,639,629,675,743,743,710,722,714,786,683,691,669,676,2026-08-14T00:22:57.807Z
2023,4380000000,단양군,충청북도 단양군,충북,sigungu,60,60,75,70,87,105,92,118,135,127,127,170,170,153,161,177,210,175,191,177,178,2026-08-14T00:22:57.807Z
2023,4400000000,충남,충청남도,충남,sido,9312,10541,11393,12336,13531,14526,15932,17826,19320,19054,19357,21386,20932,20797,19741,20564,21465,19560,18589,19666,19809,2026-08-14T00:22:57.807Z
2023,4413000000,천안시,충청남도 천안시,충남,sigungu,3349,3701,4110,4294,4604,4987,5440,6216,6669,6496,6576,7228,7083,6890,6504,6834,7042,6346,6240,6799,7035,2026-08-14T00:22:57.807Z
2023,4413100000,천안시 동남구,충청남도 천안시 동남구,충남,sigungu,1045,1174,1299,1325,1515,1632,1718,2046,2219,2225,2312,2561,2586,2574,2471,2589,2769,2455,2432,2616,2832,2026-08-14T00:22:57.807Z
2023,4413300000,천안시 서북구,충청남도 천안시 서북구,충남,sigungu,2304,2527,2811,2969,3089,3355,3722,4170,4450,4271,4264,4667,4497,4316,4033,4245,4273,3891,3808,4183,4203,2026-08-14T00:22:57.807Z
2023,4415000000,공주시,충청남도 공주시,충남,sigungu,322,337,347,375,412,421,459,531,598,642,674,759,725,737,718,747,832,863,786,1039,1183,2026-08-14T00:22:57.807Z
2023,4418000000,보령시,충청남도 보령시,충남,sigungu,286,372,388,406,460,453,528,612,623,694,665,739,780,785,734,814,790,772,742,794,736,2026-08-14T00:22:57.807Z
2023,4420000000,아산시,충청남도 아산시,충남,sigungu,2013,2275,2397,2673,3036,3210,3481,3804,4103,3818,3931,4399,4202,4148,3799,3913,3951,3514,3194,3315,3253,2026-08-14T00:22:57.807Z
2023,4421000000,서산시,충청남도 서산시,충남,sigungu,838,1014,995,1104,1180,1299,1388,1543,1698,1697,1665,1870,1749,1766,1716,1754,1847,1617,1508,1529,1498,2026-08-14T00:22:57.807Z
2023,4423000000,논산시,충청남도 논산시,충남,sigungu,356,359,412,447,533,570,684,687,757,804,783,879,855,861,839,960,979,940,883,887,882,2026-08-14T00:22:57.807Z
2023,4425000000,계룡시,충청남도 계룡시,충남,sigungu,196,233,269,317,348,394,450,481,538,542,543,580,591,619,640,638,707,714,637,609,619,2026-08-14T00:22:57.807Z
2023,4427000000,당진시,충청남도 당진시,충남,sigungu,819,953,1024,1111,1204,1343,1480,1567,1780,1706,1721,1837,1832,1809,1666,1651,1725,1512,1373,1371,1267,2026-08-14T00:22:57.807Z
2023,4471000000,금산군,충청남도 금산군,충남,sigungu,101,132,137,169,187,179,200,257,261,277,306,342,377,459,441,428,518,426,400,346,374,2026-08-14T00:22:57.807Z
2023,4476000000,부여군,충청남도 부여군,충남,sigungu,90,138,145,166,186,215,233,278,353,351,337,395,372,404,395,403,441,442,450,433,465,2026-08-14T00:22:57.807Z
2023,4477000000,서천군,충청남도 서천군,충남,sigungu,97,134,159,157,148,190,162,219,247,271,282,283,319,316,279,313,316,301,352,324,325,2026-08-14T00:22:57.807Z
2023,4479000000,청양군,충청남도 청양군,충남,sigungu,63,80,86,91,79,91,105,115,126,134,158,169,175,186,168,185,189,181,192,321,330,2026-08-14T00:22:57.807Z
2023,4480000000,홍성군,충청남도 홍성군,충남,sigungu,380,393,500,528,612,627,736,803,839,850,867,981,938,939,918,943,1022,939,838,935,886,2026-08-14T00:22:57.807Z
2023,4481000000,예산군,충청남도 예산군,충남,sigungu,268,252,263,298,331,292,353,379,428,443,488,526,549,527,537,544,661,567,574,537,542,2026-08-14T00:22:57.807Z
2023,4482500000,태안군,충청남도 태안군,충남,sigungu,134,168,161,200,211,255,233,334,300,329,361,399,385,351,387,437,445,426,420,427,414,2026-08-14T00:22:57.807Z
2023,4500000000,전북,전라북도,전북,sido,6478,7165,7677,8390,9239,10278,11487,12918,14359,14491,14856,16616,16681,16708,15830,16664,17820,16213,16116,16800,17375,2026-08-14T00:22:57.807Z
2023,4511000000,전주시,전라북도 전주시,전북,sigungu,2633,2899,3273,3613,3955,4421,5112,5612,6306,6168,6322,6998,6901,7030,6498,6942,7273,6559,6549,6859,7287,2026-08-14T00:22:57.807Z
2023,4511100000,전주시 완산구,전라북도 전주시 완산구,전북,sigungu,1153,1252,1412,1585,1769,1999,2272,2592,2828,2817,2911,3167,3223,3322,3105,3291,3579,3261,3296,3538,3806,2026-08-14T00:22:57.807Z
2023,4511300000,전주시 덕진구,전라북도 전주시 덕진구,전북,sigungu,1480,1647,1861,2028,2186,2422,2840,3020,3478,3351,3411,3831,3678,3708,3393,3651,3694,3298,3253,3321,3481,2026-08-14T00:22:57.807Z
2023,4513000000,군산시,전라북도 군산시,전북,sigungu,961,1160,1185,1322,1428,1644,1838,2111,2376,2430,2505,2679,2651,2660,2531,2572,2679,2449,2405,2474,2474,2026-08-14T00:22:57.807Z
2023,4514000000,익산시,전라북도 익산시,전북,sigungu,869,997,1064,1157,1307,1511,1669,1887,2115,2091,2162,2574,2552,2501,2430,2527,2848,2560,2624,2808,3023,2026-08-14T00:22:57.807Z
2023,4518000000,정읍시,전라북도 정읍시,전북,sigungu,323,358,362,374,476,520,535,597,691,739,714,841,893,830,837,867,993,857,893,891,894,2026-08-14T00:22:57.807Z
2023,4519000000,남원시,전라북도 남원시,전북,sigungu,243,264,304,326,370,396,430,481,481,542,547,579,632,674,606,726,705,733,692,697,660,2026-08-14T00:22:57.807Z
2023,4521000000,김제시,전라북도 김제시,전북,sigungu,406,357,272,268,280,343,360,406,449,469,490,560,599,539,580,572,653,619,572,626,639,2026-08-14T00:22:57.807Z
2023,4571000000,완주군,전라북도 완주군,전북,sigungu,424,467,483,512,584,589,681,788,837,832,815,960,923,914,854,836,891,812,797,849,809,2026-08-14T00:22:57.807Z
2023,4572000000,진안군,전라북도 진안군,전북,sigungu,89,80,107,95,104,84,78,81,96,112,124,142,141,174,141,146,171,189,162,169,169,2026-08-14T00:22:57.807Z
2023,4573000000,무주군,전라북도 무주군,전북,sigungu,44,58,58,84,68,68,92,115,126,139,138,154,173,167,172,179,203,184,161,177,164,2026-08-14T00:22:57.807Z
2023,4574000000,장수군,전라북도 장수군,전북,sigungu,63,64,66,83,75,75,70,98,98,126,150,140,163,150,133,194,170,146,144,164,148,2026-08-14T00:22:57.807Z
2023,4575000000,임실군,전라북도 임실군,전북,sigungu,96,118,122,115,100,92,101,127,118,111,138,140,124,140,156,172,150,140,135,158,174,2026-08-14T00:22:57.807Z
2023,4577000000,순창군,전라북도 순창군,전북,sigungu,76,71,73,120,109,133,94,151,126,141,146,180,178,221,193,212,245,233,230,238,231,2026-08-14T00:22:57.807Z
2023,4579000000,고창군,전라북도 고창군,전북,sigungu,129,134,149,174,201,221,215,234,279,311,292,337,417,368,385,388,482,413,417,342,344,2026-08-14T00:22:57.807Z
2023,4580000000,부안군,전라북도 부안군,전북,sigungu,122,138,159,147,182,181,212,230,261,280,313,332,334,340,314,331,357,319,335,348,359,2026-08-14T00:22:57.807Z
2023,4600000000,전남,전라남도,전남,sido,7663,7997,8542,9237,10254,10704,11496,13229,14300,14304,14830,16702,16511,16233,15324,15857,17080,15530,15052,15814,16093,2026-08-14T00:22:57.807Z
2023,4611000000,목포시,전라남도 목포시,전남,sigungu,777,824,854,995,1193,1344,1593,1926,1957,2054,2170,2500,2543,2433,2276,2349,2404,2234,2154,2232,2262,2026-08-14T00:22:57.807Z
2023,4613000000,여수시,전라남도 여수시,전남,sigungu,1108,1264,1358,1462,1561,1708,1853,2156,2354,2257,2342,2507,2613,2476,2315,2453,2651,2391,2293,2602,2634,2026-08-14T00:22:57.807Z
2023,4615000000,순천시,전라남도 순천시,전남,sigungu,1371,1536,1603,1720,1988,1990,2208,2446,2738,2598,2742,2951,2891,2887,2800,2881,3054,2822,2704,2936,3009,2026-08-14T00:22:57.807Z
2023,4617000000,나주시,전라남도 나주시,전남,sigungu,718,697,731,810,835,942,987,1057,1122,1095,1053,1252,1145,1046,977,1013,1033,896,825,871,927,2026-08-14T00:22:57.807Z
2023,4623000000,광양시,전라남도 광양시,전남,sigungu,815,904,983,1045,1122,1134,1200,1319,1461,1444,1510,1682,1614,1665,1501,1531,1656,1539,1536,1429,1412,2026-08-14T00:22:57.807Z
2023,4671000000,담양군,전라남도 담양군,전남,sigungu,194,143,163,178,175,202,187,221,229,281,251,275,278,283,265,285,332,321,323,299,306,2026-08-14T00:22:57.807Z
2023,4672000000,곡성군,전라남도 곡성군,전남,sigungu,56,40,47,53,63,88,83,106,132,118,121,149,170,156,152,178,166,177,184,191,201,2026-08-14T00:22:57.807Z
2023,4673000000,구례군,전라남도 구례군,전남,sigungu,49,69,75,56,78,63,79,115,127,121,151,156,166,156,154,167,181,154,182,141,187,2026-08-14T00:22:57.807Z
2023,4677000000,고흥군,전라남도 고흥군,전남,sigungu,167,178,180,187,195,204,197,246,252,246,280,331,313,330,321,335,396,345,374,366,371,2026-08-14T00:22:57.807Z
2023,4678000000,보성군,전라남도 보성군,전남,sigungu,101,82,87,112,118,126,137,141,179,170,184,210,243,223,212,220,280,242,241,234,247,2026-08-14T00:22:57.807Z
2023,4679000000,화순군,전라남도 화순군,전남,sigungu,203,173,217,225,255,261,296,322,391,385,400,487,500,469,497,484,608,530,556,568,573,2026-08-14T00:22:57.807Z
2023,4680000000,장흥군,전라남도 장흥군,전남,sigungu,131,113,123,135,141,117,152,164,192,213,240,249,234,222,227,232,285,229,247,274,269,2026-08-14T00:22:57.807Z
2023,4681000000,강진군,전라남도 강진군,전남,sigungu,147,107,99,111,148,132,137,144,183,172,197,193,228,229,204,247,272,222,239,225,233,2026-08-14T00:22:57.807Z
2023,4682000000,해남군,전라남도 해남군,전남,sigungu,253,211,258,266,285,313,293,320,356,385,385,493,451,468,454,513,482,502,480,484,473,2026-08-14T00:22:57.807Z
2023,4683000000,영암군,전라남도 영암군,전남,sigungu,182,178,219,226,268,256,268,322,346,332,405,408,400,436,398,383,442,394,394,430,474,2026-08-14T00:22:57.807Z
2023,4684000000,무안군,전라남도 무안군,전남,sigungu,457,510,522,530,679,687,763,952,994,1011,995,1206,1093,1115,1027,1043,1032,911,786,858,870,2026-08-14T00:22:57.807Z
2023,4686000000,함평군,전라남도 함평군,전남,sigungu,98,68,75,97,95,107,99,115,101,129,159,178,178,193,183,178,211,185,188,200,207,2026-08-14T00:22:57.807Z
2023,4687000000,영광군,전라남도 영광군,전남,sigungu,354,393,374,430,360,301,263,307,307,313,309,402,378,407,383,387,465,415,375,391,396,2026-08-14T00:22:57.807Z
2023,4688000000,장성군,전라남도 장성군,전남,sigungu,161,116,132,181,173,210,203,252,267,285,271,298,329,294,283,311,324,288,294,310,308,2026-08-14T00:22:57.807Z
2023,4689000000,완도군,전라남도 완도군,전남,sigungu,139,167,197,207,241,255,259,315,292,345,312,375,326,371,313,284,359,349,301,362,299,2026-08-14T00:22:57.807Z
2023,4690000000,진도군,전라남도 진도군,전남,sigungu,78,104,117,98,149,126,144,145,163,171,185,206,207,201,197,184,249,201,178,185,202,2026-08-14T00:22:57.807Z
2023,4691000000,신안군,전라남도 신안군,전남,sigungu,104,120,128,113,132,138,95,138,157,179,168,194,211,173,185,199,198,183,198,226,233,2026-08-14T00:22:57.807Z
2023,4700000000,경북,경상북도,경북,sido,9967,11247,11752,12603,13950,15422,16593,19167,20759,20466,20965,22987,22291,21729,20953,21840,23374,21151,20833,21188,22028,2026-08-14T00:22:57.807Z
2023,4711000000,포항시,경상북도 포항시,경북,sigungu,2026,2263,2331,2601,2848,3200,3607,4146,4642,4496,4635,4992,4855,4804,4455,4526,4716,4329,4333,4166,4124,2026-08-14T00:22:57.807Z
2023,4711100000,포항시 남구,경상북도 포항시 남구,경북,sigungu,858,951,1011,1130,1203,1328,1528,1865,2115,2001,2070,2332,2213,2231,2010,2062,2105,1926,1993,1845,1842,2026-08-14T00:22:57.807Z
2023,4711300000,포항시 북구,경상북도 포항시 북구,경북,sigungu,1168,1312,1320,1471,1645,1872,2079,2281,2527,2495,2565,2660,2642,2573,2445,2464,2611,2403,2340,2321,2282,2026-08-14T00:22:57.807Z
2023,4713000000,경주시,경상북도 경주시,경북,sigungu,958,990,1090,1114,1193,1362,1455,1676,1788,1787,1820,2007,1935,1957,1889,1996,2079,1979,1907,1957,2118,2026-08-14T00:22:57.807Z
2023,4715000000,김천시,경상북도 김천시,경북,sigungu,644,707,743,696,800,893,930,1041,1067,1114,1135,1223,1178,1202,1130,1244,1388,1283,1207,1186,1166,2026-08-14T00:22:57.807Z
2023,4717000000,안동시,경상북도 안동시,경북,sigungu,582,651,662,679,797,866,928,1059,1158,1078,1247,1325,1305,1270,1228,1312,1387,1240,1270,1322,1404,2026-08-14T00:22:57.807Z
2023,4719000000,구미시,경상북도 구미시,경북,sigungu,1809,2179,2389,2735,2969,3336,3717,4263,4616,4561,4373,4948,4729,4470,4176,4413,4535,4010,3976,4076,4325,2026-08-14T00:22:57.807Z
2023,4721000000,영주시,경상북도 영주시,경북,sigungu,304,355,374,362,413,532,547,643,675,696,714,870,829,850,808,920,1009,899,866,1019,960,2026-08-14T00:22:57.807Z
2023,4723000000,영천시,경상북도 영천시,경북,sigungu,451,500,472,464,497,482,467,520,579,543,564,619,556,647,619,625,734,659,658,610,679,2026-08-14T00:22:57.807Z
2023,4725000000,상주시,경상북도 상주시,경북,sigungu,294,344,332,353,396,422,437,534,604,566,611,654,661,681,704,770,895,811,751,677,700,2026-08-14T00:22:57.807Z
2023,4728000000,문경시,경상북도 문경시,경북,sigungu,213,264,278,299,316,322,347,357,430,415,444,496,531,458,479,519,617,544,554,518,528,2026-08-14T00:22:57.807Z
2023,4729000000,경산시,경상북도 경산시,경북,sigungu,1128,1265,1299,1356,1548,1706,1824,2171,2230,2254,2252,2485,2398,2200,2185,2197,2369,2073,2034,2525,2871,2026-08-14T00:22:57.807Z
2023,4773000000,의성군,경상북도 의성군,경북,sigungu,174,162,158,170,138,164,153,161,169,186,177,193,193,175,211,221,260,239,217,222,216,2026-08-14T00:22:57.807Z
2023,4775000000,청송군,경상북도 청송군,경북,sigungu,75,71,76,80,87,74,86,77,93,103,102,108,110,99,106,100,102,101,115,113,134,2026-08-14T00:22:57.807Z
2023,4776000000,영양군,경상북도 영양군,경북,sigungu,29,34,41,47,62,48,52,61,78,76,89,73,71,89,76,98,123,86,92,74,84,2026-08-14T00:22:57.807Z
2023,4777000000,영덕군,경상북도 영덕군,경북,sigungu,78,105,93,110,116,98,149,137,157,172,187,171,184,196,174,164,203,188,198,195,188,2026-08-14T00:22:57.807Z
2023,4782000000,청도군,경상북도 청도군,경북,sigungu,104,120,96,105,116,123,115,132,166,160,172,205,195,194,203,218,266,251,207,214,198,2026-08-14T00:22:57.807Z
2023,4783000000,고령군,경상북도 고령군,경북,sigungu,86,84,97,91,88,113,111,114,142,142,149,175,144,163,177,194,208,192,190,178,189,2026-08-14T00:22:57.807Z
2023,4784000000,성주군,경상북도 성주군,경북,sigungu,147,155,158,159,145,164,136,136,153,156,188,196,220,186,223,221,258,227,206,200,225,2026-08-14T00:22:57.807Z
2023,4785000000,칠곡군,경상북도 칠곡군,경북,sigungu,323,403,434,470,638,730,774,1043,1023,1013,1074,1155,1119,1115,1089,1110,1147,1036,1082,1007,1013,2026-08-14T00:22:57.807Z
2023,4790000000,예천군,경상북도 예천군,경북,sigungu,280,307,342,372,408,392,407,477,522,471,536,561,534,466,514,474,434,413,391,370,370,2026-08-14T00:22:57.807Z
2023,4792000000,봉화군,경상북도 봉화군,경북,sigungu,60,69,69,96,104,106,98,110,127,132,140,153,165,170,157,143,211,229,187,163,153,2026-08-14T00:22:57.807Z
2023,4793000000,울진군,경상북도 울진군,경북,sigungu,176,199,192,220,229,253,231,268,308,304,303,329,334,296,316,331,384,319,347,358,326,2026-08-14T00:22:57.807Z
2023,4794000000,울릉군,경상북도 울릉군,경북,sigungu,26,20,26,24,42,36,22,41,32,41,53,49,45,41,34,44,49,43,45,38,57,2026-08-14T00:22:57.807Z
2023,4800000000,경남,경상남도,경남,sido,12805,14184,15477,16889,19275,21374,23952,27506,30150,30387,30232,33767,33088,32687,30801,32308,34211,30156,28998,29699,29460,2026-08-14T00:22:57.807Z
2023,4812000000,창원시,경상남도 창원시,경남,sigungu,4247,4698,5200,5355,6189,6680,7567,8526,9359,9234,9496,10524,10128,9845,9462,9742,10337,9100,8865,9299,9285,2026-08-14T00:22:57.807Z
2023,4812100000,창원시 의창구,경상남도 창원시 의창구,경남,sigungu,928,1035,1191,1172,1369,1476,1690,1866,1977,1901,1942,2119,1986,2069,1897,1898,2026,1751,1719,1848,1909,2026-08-14T00:22:57.807Z
2023,4812300000,창원시 성산구,경상남도 창원시 성산구,경남,sigungu,1180,1218,1264,1290,1466,1632,1801,1991,2165,2207,2210,2489,2466,2383,2342,2503,2689,2399,2395,2469,2462,2026-08-14T00:22:57.807Z
2023,4812500000,창원시 마산합포구,경상남도 창원시 마산합포구,경남,sigungu,731,847,900,937,1092,1127,1283,1468,1633,1568,1603,1766,1609,1486,1428,1431,1514,1276,1272,1382,1399,2026-08-14T00:22:57.807Z
2023,4812700000,창원시 마산회원구,경상남도 창원시 마산회원구,경남,sigungu,554,627,726,747,883,980,1115,1310,1467,1461,1541,1757,1704,1664,1634,1709,1838,1686,1664,1710,1692,2026-08-14T00:22:57.807Z
2023,4812900000,창원시 진해구,경상남도 창원시 진해구,경남,sigungu,854,971,1119,1209,1379,1465,1678,1891,2117,2097,2200,2393,2363,2243,2161,2201,2270,1988,1815,1890,1823,2026-08-14T00:22:57.807Z
2023,4817000000,진주시,경상남도 진주시,경남,sigungu,1620,1711,1766,1895,2074,2368,2547,2985,3149,3341,3179,3504,3537,3530,3180,3536,3610,3273,3066,3445,3574,2026-08-14T00:22:57.807Z
2023,4822000000,통영시,경상남도 통영시,경남,sigungu,335,383,399,467,540,643,786,899,1053,1152,1079,1337,1363,1392,1286,1322,1334,1127,1089,1059,1043,2026-08-14T00:22:57.807Z
2023,4824000000,사천시,경상남도 사천시,경남,sigungu,395,458,458,496,543,634,757,830,926,962,917,1070,1019,1109,1073,1087,1065,977,898,898,907,2026-08-14T00:22:57.807Z
2023,4824500000,사천남양출장소,경상남도 사천남양출장소,경남,sigungu,0,0,0,0,0,0,0,0,0,0,0,0,0,0,0,0,0,0,0,0,0,2026-08-14T00:22:57.807Z
2023,4825000000,김해시,경상남도 김해시,경남,sigungu,2497,2652,2894,3170,3626,3989,4449,5193,5614,5595,5625,6327,6061,6080,5815,6066,6483,5816,5522,5626,5664,2026-08-14T00:22:57.807Z
2023,4825200000,장유출장소,경상남도 장유출장소,경남,sigungu,0,0,0,0,0,0,0,0,0,0,0,0,0,0,0,0,0,0,0,0,0,2026-08-14T00:22:57.807Z
2023,4827000000,밀양시,경상남도 밀양시,경남,sigungu,261,320,328,357,422,418,536,596,594,636,642,706,690,721,674,779,905,732,724,729,709,2026-08-14T00:22:57.807Z
2023,4831000000,거제시,경상남도 거제시,경남,sigungu,825,977,1156,1379,1632,1883,2269,2684,3102,3025,2952,3235,3220,3076,2792,2860,2907,2518,2405,2388,2150,2026-08-14T00:22:57.807Z
2023,4833000000,양산시,경상남도 양산시,경남,sigungu,1669,1896,2081,2424,2639,3035,3258,3678,3960,3894,3691,4068,3973,3742,3432,3612,3709,3249,3121,3158,3101,2026-08-14T00:22:57.807Z
2023,4833200000,양산시웅상출장소,경상남도 양산시웅상출장소,경남,sigungu,0,0,0,0,0,0,0,0,0,0,0,0,0,0,0,0,0,0,0,0,0,2026-08-14T00:22:57.807Z
2023,4872000000,의령군,경상남도 의령군,경남,sigungu,50,75,70,78,76,86,100,85,114,104,113,141,137,135,132,127,141,120,149,153,149,2026-08-14T00:22:57.807Z
2023,4873000000,함안군,경상남도 함안군,경남,sigungu,136,167,162,200,262,317,293,374,435,449,493,553,566,567,584,610,587,560,533,470,486,2026-08-14T00:22:57.807Z
2023,4874000000,창녕군,경상남도 창녕군,경남,sigungu,129,132,168,172,233,238,248,292,303,309,353,363,385,377,340,370,486,421,366,310,294,2026-08-14T00:22:57.807Z
2023,4882000000,고성군,경상남도 고성군,경남,sigungu,86,91,112,123,139,176,190,224,286,306,311,380,372,418,346,392,522,432,423,339,353,2026-08-14T00:22:57.807Z
2023,4884000000,남해군,경상남도 남해군,경남,sigungu,64,106,94,101,120,123,140,166,203,209,189,241,260,273,267,286,289,245,241,296,303,2026-08-14T00:22:57.807Z
2023,4885000000,하동군,경상남도 하동군,경남,sigungu,86,93,117,106,148,131,131,159,183,201,166,226,230,258,216,268,274,241,257,261,267,2026-08-14T00:22:57.807Z
2023,4886000000,산청군,경상남도 산청군,경남,sigungu,64,63,84,83,104,95,99,109,144,120,150,145,171,217,182,182,247,211,202,188,186,2026-08-14T00:22:57.807Z
2023,4887000000,함양군,경상남도 함양군,경남,sigungu,76,79,94,108,132,141,165,168,194,219,228,255,208,266,275,295,303,290,289,277,257,2026-08-14T00:22:57.807Z
2023,4888000000,거창군,경상남도 거창군,경남,sigungu,207,183,202,264,270,302,321,380,396,459,450,493,539,503,520,528,745,642,652,588,518,2026-08-14T00:22:57.807Z
2023,4889000000,합천군,경상남도 합천군,경남,sigungu,58,100,92,111,126,115,96,158,135,172,198,199,229,178,225,246,267,202,196,215,214,2026-08-14T00:22:57.807Z
2023,5000000000,제주,제주특별자치도,제주,sido,3184,3644,3910,4204,4844,5236,5811,6533,7020,7017,7015,7817,7439,7325,6914,6984,7370,6760,6425,6420,6629,2026-08-14T00:22:57.807Z
2023,5011000000,제주시,제주특별자치도 제주시,제주,sigungu,2490,2799,2989,3186,3629,3997,4274,4831,5163,5274,5244,5840,5522,5414,5153,5160,5535,5106,4878,4882,5163,2026-08-14T00:22:57.807Z
2023,5013000000,서귀포시,제주특별자치도 서귀포시,제주,sigungu,694,845,921,1018,1215,1239,1537,1702,1857,1743,1771,1977,1917,1911,1761,1824,1835,1654,1547,1538,1466,2026-08-14T00:22:57.807Z
2022,1100000000,서울,서울특별시,서울,sido,40742,43950,44177,48120,50630,55088,62376,66960,66454,66820,74250,71693,73139,69481,73939,78832,72618,70496,78443,86227,88938,2026-08-14T00:22:57.807Z
2022,1111000000,종로구,서울특별시 종로구,서울,sigungu,442,493,477,547,553,636,739,850,839,827,944,881,1026,915,952,1097,999,953,1076,1244,1444,2026-08-14T00:22:57.807Z
2022,1114000000,중구,서울특별시 중구,서울,sigungu,549,569,557,563,551,605,677,648,602,643,667,616,550,522,582,656,593,571,697,868,983,2026-08-14T00:22:57.807Z
2022,1117000000,용산구,서울특별시 용산구,서울,sigungu,1031,1089,1072,1130,1176,1192,1316,1344,1336,1287,1405,1351,1309,1304,1335,1485,1379,1402,1573,1698,1900,2026-08-14T00:22:57.807Z
2022,1120000000,성동구,서울특별시 성동구,서울,sigungu,1626,1715,1717,1755,1824,1870,2016,1937,1909,1866,1887,1781,1644,1580,1776,1935,1752,1762,1993,2397,2615,2026-08-14T00:22:57.807Z
2022,1121500000,광진구,서울특별시 광진구,서울,sigungu,1198,1334,1270,1483,1479,1611,1826,2082,2023,2141,2320,2270,2324,2219,2378,2588,2477,2310,2543,3040,3089,2026-08-14T00:22:57.807Z
2022,1123000000,동대문구,서울특별시 동대문구,서울,sigungu,1389,1521,1653,1798,1782,1944,2103,2224,2150,2078,2311,2165,2185,2023,2150,2297,2107,2062,2294,3140,3683,2026-08-14T00:22:57.807Z
2022,1126000000,중랑구,서울특별시 중랑구,서울,sigungu,1785,1751,1663,1920,1989,2056,2319,2365,2185,2309,2490,2414,2330,2232,2380,2483,2471,2378,2675,2990,3072,2026-08-14T00:22:57.807Z
2022,1129000000,성북구,서울특별시 성북구,서울,sigungu,1823,2038,2041,2250,2477,2631,3012,3272,3185,3151,3494,3528,3411,3228,3379,3809,3456,3373,3840,4644,5084,2026-08-14T00:22:57.807Z
2022,1130500000,강북구,서울특별시 강북구,서울,sigungu,804,990,1018,1050,1209,1394,1478,1573,1542,1728,1899,1839,1864,1850,1885,2040,1952,1960,2148,2593,2734,2026-08-14T00:22:57.807Z
2022,1132000000,도봉구,서울특별시 도봉구,서울,sigungu,1050,1157,1168,1369,1458,1608,1837,1950,2044,1948,2202,2219,2225,2143,2238,2494,2307,2211,2653,2816,2873,2026-08-14T00:22:57.807Z
2022,1135000000,노원구,서울특별시 노원구,서울,sigungu,2194,2144,2192,2321,2399,2816,3229,3600,3687,3725,4239,4225,4568,4461,4970,5308,4885,4938,5483,6033,5831,2026-08-14T00:22:57.807Z
2022,1138000000,은평구,서울특별시 은평구,서울,sigungu,2011,2087,2064,2240,2420,2602,2943,3218,3058,3130,3524,3357,3514,3316,3497,3880,3719,3484,3943,4237,4289,2026-08-14T00:22:57.807Z
2022,1141000000,서대문구,서울특별시 서대문구,서울,sigungu,1423,1493,1546,1575,1778,1923,2084,2211,2240,2122,2275,2123,2182,2103,2064,2213,2239,2093,2435,2889,3200,2026-08-14T00:22:57.807Z
2022,1144000000,마포구,서울특별시 마포구,서울,sigungu,1674,1852,1799,1929,2082,2244,2603,2636,2545,2367,2798,2540,2668,2514,2753,2947,2605,2524,2846,3214,3380,2026-08-14T00:22:57.807Z
2022,1147000000,양천구,서울특별시 양천구,서울,sigungu,1637,1791,1898,2078,2324,2681,3175,3664,3801,4006,4597,4504,4981,4731,5210,5436,4722,4663,5068,4829,4633,2026-08-14T00:22:57.807Z
2022,1150000000,강서구,서울특별시 강서구,서울,sigungu,2675,2738,2798,3043,3096,3333,3890,4025,4001,4024,4585,4342,4050,3905,4239,4468,4099,4057,4521,4777,4859,2026-08-14T00:22:57.807Z
2022,1153000000,구로구,서울특별시 구로구,서울,sigungu,2047,2194,2088,2283,2359,2416,2617,2809,2705,2837,2992,2888,2855,2666,2836,2925,2797,2668,2947,3063,3384,2026-08-14T00:22:57.807Z
2022,1154500000,금천구,서울특별시 금천구,서울,sigungu,959,960,956,996,1028,1074,1161,1284,1166,1115,1399,1269,1270,1188,1240,1425,1320,1301,1507,1629,1752,2026-08-14T00:22:57.807Z
2022,1156000000,영등포구,서울특별시 영등포구,서울,sigungu,2110,2194,2072,2347,2354,2439,2571,2581,2515,2367,2543,2356,2256,2164,2370,2350,2194,2210,2425,2714,2856,2026-08-14T00:22:57.807Z
2022,1159000000,동작구,서울특별시 동작구,서울,sigungu,1618,1712,1792,1886,2013,2185,2434,2696,2577,2439,2675,2530,2613,2410,2456,2674,2530,2503,2860,3425,3719,2026-08-14T00:22:57.807Z
2022,1162000000,관악구,서울특별시 관악구,서울,sigungu,1486,1523,1567,1601,1589,1826,2043,2191,2152,2186,2348,2425,2346,2207,2473,2653,2515,2611,2884,3866,4449,2026-08-14T00:22:57.807Z
2022,1165000000,서초구,서울특별시 서초구,서울,sigungu,1731,2024,2116,2339,2676,2880,3356,3851,3949,4130,4545,4440,4773,4410,4712,4725,4320,4010,4410,4198,4018,2026-08-14T00:22:57.807Z
2022,1168000000,강남구,서울특별시 강남구,서울,sigungu,1858,2200,2179,2531,2718,3158,3742,4330,4593,5011,5697,5749,6246,5886,6380,6692,5870,5646,5992,5937,5271,2026-08-14T00:22:57.807Z
2022,1171000000,송파구,서울특별시 송파구,서울,sigungu,3128,3687,3737,4126,4294,4711,5561,5661,5632,5583,6211,5957,5923,5675,5682,6103,5627,5343,5821,6010,5832,2026-08-14T00:22:57.807Z
2022,1174000000,강동구,서울특별시 강동구,서울,sigungu,2494,2694,2737,2960,3002,3253,3644,3958,4018,3800,4203,3924,4026,3829,4002,4149,3683,3463,3809,3976,3988,2026-08-14T00:22:57.807Z
2022,2600000000,부산,부산광역시,부산,sido,13792,14862,15580,17495,19543,21678,24621,26654,26284,25868,28577,27619,27072,24848,26096,27455,24694,24296,26619,28658,28925,2026-08-14T00:22:57.807Z
2022,2611000000,중구,부산광역시 중구,부산,sigungu,87,70,64,67,84,109,115,121,145,154,149,159,169,170,148,184,173,178,183,266,294,2026-08-14T00:22:57.807Z
2022,2614000000,서구,부산광역시 서구,부산,sigungu,349,369,395,438,475,534,650,674,673,641,726,731,720,623,690,734,676,638,755,843,865,2026-08-14T00:22:57.807Z
2022,2617000000,동구,부산광역시 동구,부산,sigungu,347,375,315,324,321,396,428,441,421,423,468,459,436,405,445,508,450,431,502,571,585,2026-08-14T00:22:57.807Z
2022,2620000000,영도구,부산광역시 영도구,부산,sigungu,307,302,315,396,434,451,551,591,577,610,675,674,713,606,678,696,681,643,741,753,800,2026-08-14T00:22:57.807Z
2022,2623000000,부산진구,부산광역시 부산진구,부산,sigungu,1540,1606,1601,1732,1938,1999,2286,2359,2352,2190,2539,2418,2364,2202,2289,2478,2259,2195,2539,2828,3056,2026-08-14T00:22:57.807Z
2022,2626000000,동래구,부산광역시 동래구,부산,sigungu,1226,1362,1413,1625,1742,2015,2322,2578,2520,2475,2811,2587,2759,2382,2584,2688,2442,2272,2476,2583,2455,2026-08-14T00:22:57.807Z
2022,2629000000,남구,부산광역시 남구,부산,sigungu,802,955,983,1183,1369,1637,1844,2070,2066,2102,2325,2261,2266,2079,2132,2382,2061,2090,2209,2592,2638,2026-08-14T00:22:57.807Z
2022,2632000000,북구,부산광역시 북구,부산,sigungu,1313,1348,1340,1454,1633,1822,2003,2167,2055,2068,2216,2160,2122,2075,2138,2215,2064,2200,2272,2465,2440,2026-08-14T00:22:57.807Z
2022,2635000000,해운대구,부산광역시 해운대구,부산,sigungu,1457,1612,1853,2067,2338,2568,2981,3339,3298,3388,3731,3640,3609,3438,3667,3826,3503,3479,3621,3773,3588,2026-08-14T00:22:57.807Z
2022,2638000000,사하구,부산광역시 사하구,부산,sigungu,1139,1226,1288,1347,1572,1797,1985,2194,2151,2150,2516,2446,2353,2238,2355,2531,2230,2209,2538,2721,2838,2026-08-14T00:22:57.807Z
2022,2641000000,금정구,부산광역시 금정구,부산,sigungu,642,716,737,901,974,1142,1273,1512,1440,1492,1612,1623,1608,1483,1595,1729,1589,1584,1710,2066,2224,2026-08-14T00:22:57.807Z
2022,2644000000,강서구,부산광역시 강서구,부산,sigungu,1230,1304,1404,1647,1897,2066,2290,2347,2299,2101,2113,2011,1800,1515,1453,1292,1041,986,944,895,859,2026-08-14T00:22:57.807Z
2022,2647000000,연제구,부산광역시 연제구,부산,sigungu,894,931,1010,1166,1227,1252,1567,1612,1643,1558,1693,1660,1605,1466,1586,1691,1556,1489,1642,1755,1677,2026-08-14T00:22:57.807Z
2022,2650000000,수영구,부산광역시 수영구,부산,sigungu,753,772,765,863,939,946,1091,1162,1109,1059,1175,1176,1068,1064,1118,1153,1052,1070,1256,1293,1329,2026-08-14T00:22:57.807Z
2022,2653000000,사상구,부산광역시 사상구,부산,sigungu,665,748,786,839,990,1117,1136,1330,1232,1314,1487,1388,1358,1277,1360,1438,1303,1275,1576,1663,1735,2026-08-14T00:22:57.807Z
2022,2671000000,기장군,부산광역시 기장군,부산,sigungu,1041,1166,1311,1446,1610,1827,2099,2157,2303,2143,2341,2226,2122,1825,1858,1910,1614,1557,1655,1591,1542,2026-08-14T00:22:57.807Z
2022,2700000000,대구,대구광역시,대구,sido,9994,11014,11667,13672,14875,16661,19272,20328,20244,20003,22295,21596,21477,20077,21272,22832,20608,20651,22293,24431,23387,2026-08-14T00:22:57.807Z
2022,2711000000,중구,대구광역시 중구,대구,sigungu,468,483,441,529,601,599,676,666,628,554,621,594,526,497,502,592,529,518,575,689,658,2026-08-14T00:22:57.807Z
2022,2714000000,동구,대구광역시 동구,대구,sigungu,1581,1727,1767,2096,2211,2397,2663,2736,2749,2641,2910,2743,2649,2479,2542,2697,2370,2401,2621,2884,2820,2026-08-14T00:22:57.807Z
2022,2717000000,서구,대구광역시 서구,대구,sigungu,350,357,451,523,580,683,825,810,804,851,938,927,866,851,900,998,928,972,1073,1205,1199,2026-08-14T00:22:57.807Z
2022,2720000000,남구,대구광역시 남구,대구,sigungu,409,474,497,541,591,610,674,723,705,766,787,789,743,731,798,916,886,896,993,1276,1248,2026-08-14T00:22:57.807Z
2022,2723000000,북구,대구광역시 북구,대구,sigungu,1901,2018,2221,2525,2789,3042,3514,3756,3713,3643,4067,3972,3841,3663,3927,4310,3978,3965,4366,5110,4911,2026-08-14T00:22:57.807Z
2022,2726000000,수성구,대구광역시 수성구,대구,sigungu,1391,1526,1596,1987,2339,2858,3476,3769,3924,4084,4626,4596,4843,4666,4998,5181,4779,4679,4995,5082,4668,2026-08-14T00:22:57.807Z
2022,2729000000,달서구,대구광역시 달서구,대구,sigungu,2005,2334,2403,2853,3094,3561,4310,4665,4596,4519,5145,5019,5093,4790,5000,5570,4910,5026,5493,5902,5776,2026-08-14T00:22:57.807Z
2022,2771000000,달성군,대구광역시 달성군,대구,sigungu,1889,2095,2291,2618,2670,2911,3134,3203,3125,2945,3201,2956,2916,2400,2605,2568,2228,2194,2177,2283,2107,2026-08-14T00:22:57.807Z
2022,2800000000,인천,인천광역시,인천,sido,14617,15716,16671,18560,19985,21355,24242,26212,25777,25807,28346,28211,27564,26188,27018,29056,25823,25104,27024,28406,28010,2026-08-14T00:22:57.807Z
2022,2811000000,중구,인천광역시 중구,인천,sigungu,930,933,960,1140,1220,1257,1360,1445,1427,1406,1558,1514,1504,1338,1423,1575,1270,1195,1352,1284,1245,2026-08-14T00:22:57.807Z
2022,2811400000,중구영종출장소,인천광역시 중구영종출장소,인천,sigungu,0,0,0,0,0,0,0,0,0,0,0,0,0,0,0,0,0,0,0,0,0,2026-08-14T00:22:57.807Z
2022,2811800000,중구용유출장소,인천광역시 중구용유출장소,인천,sigungu,0,0,0,0,0,0,0,0,0,0,0,0,0,0,0,0,0,0,0,0,0,2026-08-14T00:22:57.807Z
2022,2814000000,동구,인천광역시 동구,인천,sigungu,215,223,235,276,295,290,393,395,401,363,489,456,476,439,453,536,463,473,503,454,488,2026-08-14T00:22:57.807Z
2022,2817700000,미추홀구,인천광역시 미추홀구,인천,sigungu,1771,1924,2129,2211,2367,2584,2798,3033,2908,2962,3250,3232,3067,2997,3054,3235,2946,2978,3201,3564,3677,2026-08-14T00:22:57.807Z
2022,2818500000,연수구,인천광역시 연수구,인천,sigungu,2259,2448,2640,3064,3340,3578,4002,4419,4443,4382,4675,4663,4594,4339,4467,4731,3973,3824,4103,4303,4091,2026-08-14T00:22:57.807Z
2022,2820000000,남동구,인천광역시 남동구,인천,sigungu,2056,2269,2509,2832,3150,3506,4026,4489,4476,4536,5049,4989,4897,4624,4751,5028,4615,4426,4614,4879,4745,2026-08-14T00:22:57.807Z
2022,2823700000,부평구,인천광역시 부평구,인천,sigungu,2247,2247,2326,2522,2756,2951,3369,3551,3560,3483,3887,3924,3846,3873,3985,4401,3886,4008,4205,4622,4592,2026-08-14T00:22:57.807Z
2022,2824500000,계양구,인천광역시 계양구,인천,sigungu,1113,1242,1207,1418,1463,1478,1772,1978,1960,1997,2225,2262,2314,2226,2416,2641,2383,2275,2688,2873,2857,2026-08-14T00:22:57.807Z
2022,2826000000,서구,인천광역시 서구,인천,sigungu,3706,4098,4286,4750,5047,5371,6134,6467,6140,6210,6666,6637,6321,5792,5918,6317,5732,5389,5795,5814,5641,2026-08-14T00:22:57.807Z
2022,2826500000,서구검단출장소,인천광역시 서구검단출장소,인천,sigungu,0,0,0,0,0,0,0,0,0,0,0,0,0,0,0,0,0,0,0,0,0,2026-08-14T00:22:57.807Z
2022,2871000000,강화군,인천광역시 강화군,인천,sigungu,255,270,297,270,258,266,298,338,381,373,436,431,441,469,459,477,452,445,448,447,467,2026-08-14T00:22:57.807Z
2022,2872000000,옹진군,인천광역시 옹진군,인천,sigungu,65,62,82,77,89,74,90,97,81,95,111,103,104,91,92,115,103,91,115,166,207,2026-08-14T00:22:57.807Z
2022,2900000000,광주,광주광역시,광주,sido,7333,8099,7980,9120,9967,10974,12717,13470,13566,13751,15298,14709,15013,14325,14828,16112,14540,14157,15427,16448,16235,2026-08-14T00:22:57.807Z
2022,2911000000,동구,광주광역시 동구,광주,sigungu,691,706,682,740,750,788,783,891,841,755,808,775,713,631,687,770,720,668,773,966,1023,2026-08-14T00:22:57.807Z
2022,2914000000,서구,광주광역시 서구,광주,sigungu,1216,1322,1343,1591,1737,1905,2260,2359,2432,2585,2785,2751,2780,2728,2849,3108,2899,2729,3139,3283,3350,2026-08-14T00:22:57.807Z
2022,2915500000,남구,광주광역시 남구,광주,sigungu,948,1072,1051,1293,1418,1607,1894,2102,2212,2143,2426,2280,2377,2195,2281,2384,2188,2068,2207,2198,2258,2026-08-14T00:22:57.807Z
2022,2917000000,북구,광주광역시 북구,광주,sigungu,2200,2509,2398,2658,2886,3126,3562,3729,3695,3704,4080,3987,3995,3836,3965,4358,3874,3897,4222,4691,4586,2026-08-14T00:22:57.807Z
2022,2920000000,광산구,광주광역시 광산구,광주,sigungu,2278,2490,2506,2838,3176,3548,4218,4389,4386,4564,5199,4916,5148,4935,5046,5492,4859,4795,5086,5310,5018,2026-08-14T00:22:57.807Z
2022,3000000000,대전,대전광역시,대전,sido,7651,7924,7922,8752,9364,10555,11861,12762,12604,12838,13924,13852,13689,13148,13938,14916,13640,13212,14747,15222,15481,2026-08-14T00:22:57.807Z
2022,3011000000,동구,대전광역시 동구,대전,sigungu,917,1016,1025,1172,1233,1337,1547,1607,1657,1679,1814,1836,1797,1752,1922,1996,1864,1799,1999,2363,2475,2026-08-14T00:22:57.807Z
2022,3014000000,중구,대전광역시 중구,대전,sigungu,894,980,976,1111,1174,1378,1497,1653,1653,1724,1948,1968,1956,1852,2078,2170,2043,2022,2115,2295,2304,2026-08-14T00:22:57.807Z
2022,3017000000,서구,대전광역시 서구,대전,sigungu,2508,2543,2642,2761,3099,3510,4029,4341,4193,4375,4746,4711,4690,4482,4665,5139,4575,4459,5067,5021,5045,2026-08-14T00:22:57.807Z
2022,3020000000,유성구,대전광역시 유성구,대전,sigungu,2516,2611,2517,2817,2989,3343,3709,3987,3884,3773,4032,3919,3841,3692,3783,4003,3685,3438,3861,3736,3845,2026-08-14T00:22:57.807Z
2022,3023000000,대덕구,대전광역시 대덕구,대전,sigungu,816,774,762,891,869,987,1079,1174,1217,1287,1384,1418,1405,1370,1490,1608,1473,1494,1705,1807,1812,2026-08-14T00:22:57.807Z
2022,3100000000,울산,울산광역시,울산,sido,5275,6071,6433,7279,7907,8892,10262,11043,11010,10889,11960,11389,11369,10739,11142,11836,10367,10094,10694,10612,10139,2026-08-14T00:22:57.807Z
2022,3111000000,중구,울산광역시 중구,울산,sigungu,744,929,956,1168,1292,1496,1710,1810,1859,1899,2083,2045,1953,1869,1937,2063,1789,1742,1928,1885,1739,2026-08-14T00:22:57.807Z
2022,3114000000,남구,울산광역시 남구,울산,sigungu,1450,1592,1647,1792,1882,2183,2549,2787,2706,2665,2960,2795,2797,2781,2886,3000,2787,2736,3013,3001,2948,2026-08-14T00:22:57.807Z
2022,3117000000,동구,울산광역시 동구,울산,sigungu,606,798,828,1029,1131,1330,1613,1622,1749,1643,1850,1720,1764,1608,1571,1730,1500,1347,1398,1360,1329,2026-08-14T00:22:57.807Z
2022,3120000000,북구,울산광역시 북구,울산,sigungu,1404,1645,1822,2019,2147,2366,2703,2904,2754,2727,2878,2696,2690,2422,2556,2684,2214,2142,2128,2065,1900,2026-08-14T00:22:57.807Z
2022,3171000000,울주군,울산광역시 울주군,울산,sigungu,1071,1107,1180,1271,1455,1517,1687,1920,1942,1955,2189,2133,2165,2059,2192,2359,2077,2127,2227,2301,2223,2026-08-14T00:22:57.807Z
2022,3600000000,세종,세종특별자치시,세종,sido,3100,3611,3655,4114,4484,4889,5383,5769,5510,5436,5955,5591,5518,5203,5290,5044,4516,4022,4065,3798,3460,2026-08-14T00:22:57.807Z
2022,4100000000,경기,경기도,경기,sido,74114,79007,82889,91427,98890,107169,121360,130212,128532,127354,141467,136623,135444,128174,133764,139406,126558,120514,130552,135224,133781,2026-08-14T00:22:57.807Z
2022,4111000000,수원시,경기도 수원시,경기,sigungu,6528,6759,7021,7605,8149,8762,9960,10915,10542,10538,11844,11327,11368,10871,11535,12221,11038,10617,11771,12619,12437,2026-08-14T00:22:57.807Z
2022,4111100000,수원시 장안구,경기도 수원시 장안구,경기,sigungu,1034,1091,1229,1346,1416,1569,1864,2108,2110,2209,2417,2477,2471,2516,2795,2880,2694,2653,2871,3244,3203,2026-08-14T00:22:57.807Z
2022,4111300000,수원시 권선구,경기도 수원시 권선구,경기,sigungu,2090,2194,2277,2428,2658,2866,3276,3484,3381,3325,3745,3414,3342,3175,3171,3435,3106,2899,3222,3510,3506,2026-08-14T00:22:57.807Z
2022,4111500000,수원시 팔달구,경기도 수원시 팔달구,경기,sigungu,995,1026,1062,1135,1233,1246,1261,1250,1158,1124,1337,1235,1279,1253,1333,1538,1334,1375,1653,1759,1832,2026-08-14T00:22:57.807Z
2022,4111700000,수원시 영통구,경기도 수원시 영통구,경기,sigungu,2409,2448,2453,2696,2842,3081,3559,4073,3893,3880,4345,4201,4276,3927,4236,4368,3904,3690,4025,4106,3896,2026-08-14T00:22:57.807Z
2022,4113000000,성남시,경기도 성남시,경기,sigungu,4751,4953,4991,5571,5811,6235,6983,7866,7643,7815,8510,8364,8612,8023,8393,8946,8137,7868,8844,9023,8716,2026-08-14T00:22:57.807Z
2022,4113100000,성남시 수정구,경기도 성남시 수정구,경기,sigungu,1153,1138,1215,1340,1367,1406,1465,1608,1573,1509,1679,1587,1668,1452,1533,1713,1538,1492,1773,1996,1947,2026-08-14T00:22:57.807Z
2022,4113300000,성남시 중원구,경기도 성남시 중원구,경기,sigungu,1110,1131,1123,1185,1167,1277,1339,1402,1328,1337,1455,1435,1481,1361,1509,1660,1461,1445,1678,1800,1845,2026-08-14T00:22:57.807Z
2022,4113500000,성남시 분당구,경기도 성남시 분당구,경기,sigungu,2488,2684,2653,3046,3277,3552,4179,4856,4742,4969,5376,5342,5463,5210,5351,5573,5138,4931,5393,5227,4924,2026-08-14T00:22:57.807Z
2022,4115000000,의정부시,경기도 의정부시,경기,sigungu,2303,2493,2572,2822,3002,3257,3587,3907,3751,3776,4205,4002,4120,3768,3969,4364,3919,3871,4246,4603,4819,2026-08-14T00:22:57.807Z
2022,4117000000,안양시,경기도 안양시,경기,sigungu,3230,3210,3058,3269,3438,3620,4141,4472,4344,4199,4737,4803,4917,4602,4962,5228,5056,4843,5179,5658,5525,2026-08-14T00:22:57.807Z
2022,4117100000,안양시 만안구,경기도 안양시 만안구,경기,sigungu,1277,1300,1271,1309,1343,1412,1544,1585,1532,1488,1649,1589,1635,1512,1664,1792,1781,1725,1867,2226,2241,2026-08-14T00:22:57.807Z
2022,4117300000,안양시 동안구,경기도 안양시 동안구,경기,sigungu,1953,1910,1787,1960,2095,2208,2597,2887,2812,2711,3088,3214,3282,3090,3298,3436,3275,3118,3312,3432,3284,2026-08-14T00:22:57.807Z
2022,4119000000,부천시,경기도 부천시,경기,sigungu,3607,3864,4080,4322,4614,4933,5531,5781,6111,5936,6639,6434,6436,6157,6504,7107,6570,6298,6940,7387,7397,2026-08-14T00:22:57.807Z
2022,4121000000,광명시,경기도 광명시,경기,sigungu,1461,1608,1552,1728,1939,1990,2388,2522,2539,2590,2895,2854,2828,2712,2979,3064,2967,2791,3044,3045,2890,2026-08-14T00:22:57.807Z
2022,4122000000,평택시,경기도 평택시,경기,sigungu,3886,4042,4256,4475,4763,5058,5550,5827,5725,5625,6229,5834,5828,5575,5533,5785,5274,4832,5179,5398,5446,2026-08-14T00:22:57.807Z
2022,4122200000,송탄출장소,경기도 송탄출장소,경기,sigungu,0,0,0,0,0,0,0,0,0,0,0,0,0,0,0,0,0,0,0,0,0,2026-08-14T00:22:57.807Z
2022,4122400000,안중출장소,경기도 안중출장소,경기,sigungu,0,0,0,0,0,0,0,0,0,0,0,0,0,0,0,0,0,0,0,0,0,2026-08-14T00:22:57.807Z
2022,4125000000,동두천시,경기도 동두천시,경기,sigungu,335,383,384,440,442,564,640,646,728,738,794,824,822,838,812,871,809,733,821,897,833,2026-08-14T00:22:57.807Z
2022,4127000000,안산시,경기도 안산시,경기,sigungu,2964,3016,3124,3380,3587,3839,4348,4724,4715,4761,5290,5376,5543,5302,5739,6301,5623,5835,6607,7185,7584,2026-08-14T00:22:57.807Z
2022,4127100000,안산시 상록구,경기도 안산시 상록구,경기,sigungu,1382,1473,1538,1685,1840,1968,2299,2565,2597,2596,2837,2975,2986,2861,3014,3341,3051,3145,3552,4094,4236,2026-08-14T00:22:57.807Z
2022,4127300000,안산시 단원구,경기도 안산시 단원구,경기,sigungu,1582,1543,1586,1695,1747,1871,2049,2159,2118,2165,2453,2401,2557,2441,2725,2960,2572,2690,3055,3091,3348,2026-08-14T00:22:57.807Z
2022,4128000000,고양시,경기도 고양시,경기,sigungu,5485,5621,5759,6381,6925,7588,8598,9293,9161,9116,10234,9980,10013,9543,10118,10490,9683,9505,10646,10901,10808,2026-08-14T00:22:57.807Z
2022,4128100000,고양시 덕양구,경기도 고양시 덕양구,경기,sigungu,3042,2949,3035,3244,3476,3752,4245,4330,4308,4083,4538,4451,4178,4051,4068,4123,3829,3716,4099,4523,4422,2026-08-14T00:22:57.807Z
2022,4128500000,고양시 일산동구,경기도 고양시 일산동구,경기,sigungu,1190,1314,1342,1579,1750,1949,2145,2421,2435,2452,2764,2637,2803,2613,2850,3005,2759,2759,3066,3054,3025,2026-08-14T00:22:57.807Z
2022,4128700000,고양시 일산서구,경기도 고양시 일산서구,경기,sigungu,1253,1358,1382,1558,1699,1887,2208,2542,2418,2581,2932,2892,3032,2879,3200,3362,3095,3030,3481,3324,3361,2026-08-14T00:22:57.807Z
2022,4129000000,과천시,경기도 과천시,경기,sigungu,541,643,623,634,738,755,852,881,853,786,844,807,743,788,765,748,665,650,748,753,811,2026-08-14T00:22:57.807Z
2022,4131000000,구리시,경기도 구리시,경기,sigungu,845,936,986,1083,1207,1309,1505,1588,1658,1617,1787,1677,1719,1635,1602,1803,1716,1577,1758,1810,1789,2026-08-14T00:22:57.807Z
2022,4136000000,남양주시,경기도 남양주시,경기,sigungu,3670,4091,4514,5093,5615,6249,7140,7584,7596,7818,8708,8324,8203,7863,8122,8413,7562,7099,7699,7533,7434,2026-08-14T00:22:57.807Z
2022,4136200000,풍양출장소,경기도 풍양출장소,경기,sigungu,0,0,0,0,0,0,0,0,0,0,0,0,0,0,0,0,0,0,0,0,0,2026-08-14T00:22:57.807Z
2022,4137000000,오산시,경기도 오산시,경기,sigungu,1268,1320,1443,1684,1872,2069,2395,2603,2573,2597,2847,2785,2680,2520,2635,2585,2367,2210,2337,2392,2270,2026-08-14T00:22:57.807Z
2022,4139000000,시흥시,경기도 시흥시,경기,sigungu,3164,3516,3701,4127,4421,4772,5266,5708,5357,5094,5717,5363,5250,4998,5187,5200,4812,4574,4767,5209,5047,2026-08-14T00:22:57.807Z
2022,4141000000,군포시,경기도 군포시,경기,sigungu,1384,1332,1348,1520,1541,1720,1995,2028,2153,2220,2364,2397,2391,2294,2508,2607,2478,2382,2612,2836,2707,2026-08-14T00:22:57.807Z
2022,4143000000,의왕시,경기도 의왕시,경기,sigungu,889,997,959,1041,1154,1273,1369,1451,1381,1426,1418,1365,1307,1325,1391,1441,1366,1225,1418,1502,1599,2026-08-14T00:22:57.807Z
2022,4145000000,하남시,경기도 하남시,경기,sigungu,2202,2414,2462,2868,3261,3435,3896,4008,3914,3690,3813,3534,3493,3079,3097,3124,2585,2405,2594,2567,2657,2026-08-14T00:22:57.807Z
2022,4146000000,용인시,경기도 용인시,경기,sigungu,5538,6167,6565,7369,8135,8952,10410,11462,11471,11447,12798,12444,12363,11847,12392,13073,11583,11006,11615,12093,11633,2026-08-14T00:22:57.807Z
2022,4146100000,용인시 처인구,경기도 용인시 처인구,경기,sigungu,1174,1379,1411,1575,1773,1950,2144,2367,2288,2338,2639,2580,2516,2386,2498,2626,2283,2192,2335,2816,2755,2026-08-14T00:22:57.807Z
2022,4146300000,용인시 기흥구,경기도 용인시 기흥구,경기,sigungu,2304,2466,2659,3033,3377,3668,4329,4700,4680,4689,5438,5192,5197,4854,5151,5516,4871,4634,4883,4992,4768,2026-08-14T00:22:57.807Z
2022,4146500000,용인시 수지구,경기도 용인시 수지구,경기,sigungu,2060,2322,2495,2761,2985,3334,3937,4395,4503,4420,4721,4672,4650,4607,4743,4931,4429,4180,4397,4285,4110,2026-08-14T00:22:57.807Z
2022,4148000000,파주시,경기도 파주시,경기,sigungu,2885,3047,3368,3828,4083,4437,4976,5321,5305,5153,5785,5477,5466,5092,5300,5480,4843,4595,4769,4870,4772,2026-08-14T00:22:57.807Z
2022,4150000000,이천시,경기도 이천시,경기,sigungu,1164,1253,1301,1407,1536,1742,1953,2128,2106,2020,2310,2291,2251,2013,2186,2304,2075,2080,2143,2452,2252,2026-08-14T00:22:57.807Z
2022,4155000000,안성시,경기도 안성시,경기,sigungu,837,855,872,1070,1148,1277,1412,1532,1522,1671,1772,1886,1701,1709,1831,1830,1671,1606,1699,1800,1923,2026-08-14T00:22:57.807Z
2022,4157000000,김포시,경기도 김포시,경기,sigungu,3164,3431,3837,4329,4685,5197,6090,6367,6234,5905,6623,6216,5821,5314,5346,5203,4565,4188,4310,4164,4093,2026-08-14T00:22:57.807Z
2022,4159000000,화성시,경기도 화성시,경기,sigungu,6698,7330,7796,8634,9333,10126,11383,12056,11777,11591,12784,12141,11769,10932,11127,10989,9733,8690,9078,8728,8380,2026-08-14T00:22:57.807Z
2022,4159200000,화성시동부출장소,경기도 화성시동부출장소,경기,sigungu,0,0,0,0,0,0,0,0,0,0,0,0,0,0,0,0,0,0,0,0,0,2026-08-14T00:22:57.807Z
2022,4159400000,화성시동탄출장소,경기도 화성시동탄출장소,경기,sigungu,0,0,0,0,0,0,0,0,0,0,0,0,0,0,0,0,0,0,0,0,0,2026-08-14T00:22:57.807Z
2022,4161000000,광주시,경기도 광주시,경기,sigungu,2221,2423,2660,2852,3218,3295,3755,3904,3806,3537,4022,3799,3560,3286,3425,3664,3313,3082,3394,3330,3411,2026-08-14T00:22:57.807Z
2022,4163000000,양주시,경기도 양주시,경기,sigungu,1273,1355,1556,1671,1893,2036,2331,2393,2361,2412,2748,2578,2538,2444,2549,2623,2442,2314,2439,2392,2427,2026-08-14T00:22:57.807Z
2022,4165000000,포천시,경기도 포천시,경기,sigungu,536,568,618,660,707,797,813,924,909,882,1094,1067,1027,1079,1074,1187,1151,1094,1128,1384,1360,2026-08-14T00:22:57.807Z
2022,4167000000,여주시,경기도 여주시,경기,sigungu,470,461,549,577,597,649,753,823,815,866,929,960,933,910,895,974,893,904,993,977,978,2026-08-14T00:22:57.807Z
2022,4180000000,연천군,경기도 연천군,경기,sigungu,168,188,205,213,227,209,254,275,267,274,282,279,311,267,290,305,269,301,328,285,363,2026-08-14T00:22:57.807Z
2022,4182000000,가평군,경기도 가평군,경기,sigungu,198,246,243,236,275,312,332,366,328,365,449,417,435,400,456,448,427,454,460,483,485,2026-08-14T00:22:57.807Z
2022,4183000000,양평군,경기도 양평군,경기,sigungu,449,485,486,538,574,712,754,857,887,889,996,1018,996,988,1042,1028,966,885,986,948,935,2026-08-14T00:22:57.807Z
2022,4200000000,강원,강원도,강원,sido,7240,7610,8222,8789,8899,9611,10843,11603,11495,11724,13281,13048,13041,12517,12802,13987,12714,12867,13840,14036,14788,2026-08-14T00:22:57.807Z
2022,4211000000,춘천시,강원도 춘천시,강원,sigungu,1515,1581,1727,1811,1857,1909,2300,2381,2452,2502,2743,2744,2621,2513,2621,2730,2434,2518,2604,2811,3063,2026-08-14T00:22:57.807Z
2022,4213000000,원주시,강원도 원주시,강원,sigungu,2061,2164,2237,2463,2385,2729,2980,3172,3094,3152,3577,3529,3596,3449,3488,3913,3289,3299,3574,3482,3632,2026-08-14T00:22:57.807Z
2022,4215000000,강릉시,강원도 강릉시,강원,sigungu,890,930,1016,1044,1163,1196,1404,1514,1453,1532,1740,1714,1732,1743,1701,1949,1716,1754,1965,1997,2129,2026-08-14T00:22:57.807Z
2022,4217000000,동해시,강원도 동해시,강원,sigungu,379,439,450,493,489,595,711,730,757,785,893,859,814,827,809,887,799,826,861,867,835,2026-08-14T00:22:57.807Z
2022,4219000000,태백시,강원도 태백시,강원,sigungu,119,126,156,157,195,207,217,263,280,287,347,359,372,344,351,381,355,360,357,330,339,2026-08-14T00:22:57.807Z
2022,4221000000,속초시,강원도 속초시,강원,sigungu,375,403,444,494,511,508,634,731,661,637,726,718,742,661,691,718,660,657,763,718,770,2026-08-14T00:22:57.807Z
2022,4223000000,삼척시,강원도 삼척시,강원,sigungu,290,285,323,330,313,328,350,377,385,413,463,456,465,444,451,476,450,461,497,847,805,2026-08-14T00:22:57.807Z
2022,4272000000,홍천군,강원도 홍천군,강원,sigungu,259,251,299,316,331,334,384,437,367,403,472,442,455,455,468,509,450,483,502,516,533,2026-08-14T00:22:57.807Z
2022,4273000000,횡성군,강원도 횡성군,강원,sigungu,126,159,169,193,188,223,221,234,238,241,281,281,285,279,304,344,466,443,459,301,337,2026-08-14T00:22:57.807Z
2022,4275000000,영월군,강원도 영월군,강원,sigungu,92,93,130,139,149,144,168,178,179,195,224,251,231,217,211,262,307,304,358,318,349,2026-08-14T00:22:57.807Z
2022,4276000000,평창군,강원도 평창군,강원,sigungu,101,105,117,132,138,190,171,197,206,227,263,238,257,243,270,285,275,253,279,341,298,2026-08-14T00:22:57.807Z
2022,4277000000,정선군,강원도 정선군,강원,sigungu,90,119,128,135,137,138,155,163,203,171,245,210,255,250,222,258,213,238,222,220,279,2026-08-14T00:22:57.807Z
2022,4278000000,철원군,강원도 철원군,강원,sigungu,259,261,311,309,286,299,285,308,340,294,322,335,324,311,347,353,358,339,371,348,429,2026-08-14T00:22:57.807Z
2022,4279000000,화천군,강원도 화천군,강원,sigungu,145,133,129,158,154,140,176,195,179,166,169,169,164,160,149,170,174,148,187,169,207,2026-08-14T00:22:57.807Z
2022,4280000000,양구군,강원도 양구군,강원,sigungu,138,153,142,130,152,185,184,154,151,163,183,187,172,122,174,182,234,241,232,157,188,2026-08-14T00:22:57.807Z
2022,4281000000,인제군,강원도 인제군,강원,sigungu,209,232,238,250,233,258,228,270,227,241,289,218,247,197,226,221,228,211,244,234,216,2026-08-14T00:22:57.807Z
2022,4282000000,고성군,강원도 고성군,강원,sigungu,109,93,114,129,110,121,137,157,171,157,169,162,148,142,151,154,153,164,172,176,194,2026-08-14T00:22:57.807Z
2022,4283000000,양양군,강원도 양양군,강원,sigungu,83,83,92,106,108,107,138,142,152,158,175,176,161,160,168,195,153,168,193,204,185,2026-08-14T00:22:57.807Z
2022,4300000000,충북,충청북도,충북,sido,7337,8312,8689,9355,10697,11414,12844,13602,13443,13717,15129,14859,14879,13981,14488,15490,13808,13569,14710,14969,15208,2026-08-14T00:22:57.807Z
2022,4311000000,청주시,충청북도 청주시,충북,sigungu,4615,5212,5382,5638,6620,7015,7799,8273,8022,8253,9081,8703,8685,8205,8399,8926,8060,7817,8431,8596,8721,2026-08-14T00:22:57.807Z
2022,4311100000,청주시 상당구,충청북도 청주시 상당구,충북,sigungu,1038,1176,1248,1262,1498,1574,1815,1930,1878,1980,2136,2023,2070,1828,1962,2076,1850,1817,2003,2005,2081,2026-08-14T00:22:57.807Z
2022,4311200000,청주시 서원구,충청북도 청주시 서원구,충북,sigungu,820,881,898,956,1147,1241,1322,1517,1452,1498,1848,1790,1833,1764,1887,1963,1905,1852,2019,2155,2176,2026-08-14T00:22:57.807Z
2022,4311300000,청주시 흥덕구,충청북도 청주시 흥덕구,충북,sigungu,1613,1869,1850,1977,2255,2403,2541,2668,2573,2609,2815,2755,2667,2621,2580,2755,2471,2402,2652,2640,2610,2026-08-14T00:22:57.807Z
2022,4311400000,청주시 청원구,충청북도 청주시 청원구,충북,sigungu,1144,1286,1386,1443,1720,1797,2121,2158,2119,2166,2282,2135,2115,1992,1970,2132,1834,1746,1757,1796,1854,2026-08-14T00:22:57.807Z
2022,4313000000,충주시,충청북도 충주시,충북,sigungu,848,941,1079,1107,1232,1350,1533,1614,1592,1630,1752,1860,1886,1703,1861,2004,1732,1702,1871,1805,1912,2026-08-14T00:22:57.807Z
2022,4315000000,제천시,충청북도 제천시,충북,sigungu,456,582,551,641,749,751,914,929,974,965,1078,1069,1100,1039,1135,1154,1091,1090,1177,1467,1390,2026-08-14T00:22:57.807Z
2022,4372000000,보은군,충청북도 보은군,충북,sigungu,76,67,99,96,137,135,152,155,154,156,180,198,187,207,177,211,179,200,214,203,230,2026-08-14T00:22:57.807Z
2022,4373000000,옥천군,충청북도 옥천군,충북,sigungu,106,144,162,171,185,222,257,274,320,293,338,385,361,362,364,403,366,332,392,379,357,2026-08-14T00:22:57.807Z
2022,4374000000,영동군,충청북도 영동군,충북,sigungu,120,139,151,134,183,174,198,231,237,240,291,295,317,282,286,335,294,288,333,344,359,2026-08-14T00:22:57.807Z
2022,4374500000,증평군,충청북도 증평군,충북,sigungu,169,210,201,261,283,286,345,311,355,355,385,361,385,342,338,370,276,320,319,308,306,2026-08-14T00:22:57.807Z
2022,4375000000,진천군,충청북도 진천군,충북,sigungu,497,514,559,667,654,737,792,889,841,849,907,899,914,790,880,904,807,767,836,731,727,2026-08-14T00:22:57.807Z
2022,4376000000,괴산군,충청북도 괴산군,충북,sigungu,78,86,85,96,102,143,130,147,175,168,200,158,185,181,179,196,159,169,187,223,231,2026-08-14T00:22:57.807Z
2022,4377000000,음성군,충청북도 음성군,충북,sigungu,316,343,351,457,446,512,613,646,647,685,755,766,711,710,693,783,674,690,751,728,792,2026-08-14T00:22:57.807Z
2022,4380000000,단양군,충청북도 단양군,충북,sigungu,56,74,69,87,106,89,111,133,126,123,162,165,148,160,176,204,170,194,199,185,183,2026-08-14T00:22:57.807Z
2022,4400000000,충남,충청남도,충남,sido,10106,11191,12188,13386,14440,15899,17762,19244,18993,19289,21342,20863,20742,19677,20463,21377,19521,18606,19915,19793,19796,2026-08-14T00:22:57.807Z
2022,4413000000,천안시,충청남도 천안시,충남,sigungu,3796,4275,4469,4767,5109,5555,6317,6751,6552,6634,7285,7065,6979,6510,6836,7114,6371,6261,6662,6848,7030,2026-08-14T00:22:57.807Z
2022,4413100000,천안시 동남구,충청남도 천안시 동남구,충남,sigungu,1116,1270,1338,1539,1622,1707,2057,2227,2214,2326,2563,2544,2593,2464,2583,2788,2449,2423,2505,2707,2772,2026-08-14T00:22:57.807Z
2022,4413300000,천안시 서북구,충청남도 천안시 서북구,충남,sigungu,2680,3005,3131,3228,3487,3848,4260,4524,4338,4308,4722,4521,4386,4046,4253,4326,3922,3838,4157,4141,4258,2026-08-14T00:22:57.807Z
2022,4415000000,공주시,충청남도 공주시,충남,sigungu,337,348,384,406,423,469,537,601,645,682,752,747,749,701,743,803,865,780,828,1003,1124,2026-08-14T00:22:57.807Z
2022,4418000000,보령시,충청남도 보령시,충남,sigungu,349,384,407,465,454,541,607,618,697,670,736,802,786,740,813,802,766,745,841,794,787,2026-08-14T00:22:57.807Z
2022,4420000000,아산시,충청남도 아산시,충남,sigungu,1899,2135,2401,2787,3055,3341,3687,4001,3744,3846,4320,4125,4073,3783,3810,3909,3478,3186,3361,3253,3094,2026-08-14T00:22:57.807Z
2022,4421000000,서산시,충청남도 서산시,충남,sigungu,1019,1012,1125,1200,1320,1400,1570,1725,1709,1693,1891,1753,1792,1719,1760,1864,1626,1521,1708,1540,1579,2026-08-14T00:22:57.807Z
2022,4423000000,논산시,충청남도 논산시,충남,sigungu,370,413,463,555,589,670,714,772,813,783,891,885,871,850,974,977,934,879,963,940,946,2026-08-14T00:22:57.807Z
2022,4425000000,계룡시,충청남도 계룡시,충남,sigungu,197,215,256,285,350,419,432,487,510,510,568,558,589,611,619,689,709,634,659,649,551,2026-08-14T00:22:57.807Z
2022,4427000000,당진시,충청남도 당진시,충남,sigungu,892,993,1083,1192,1321,1469,1548,1762,1700,1688,1827,1833,1794,1659,1650,1729,1506,1362,1498,1297,1334,2026-08-14T00:22:57.807Z
2022,4471000000,금산군,충청남도 금산군,충남,sigungu,129,138,166,180,170,199,247,256,265,310,339,367,401,428,429,494,428,401,411,381,359,2026-08-14T00:22:57.807Z
2022,4476000000,부여군,충청남도 부여군,충남,sigungu,130,138,169,184,215,242,273,356,357,349,392,377,401,393,417,448,440,455,451,497,507,2026-08-14T00:22:57.807Z
2022,4477000000,서천군,충청남도 서천군,충남,sigungu,128,158,176,156,191,172,219,250,270,283,275,325,320,283,313,315,301,351,348,346,345,2026-08-14T00:22:57.807Z
2022,4479000000,청양군,충청남도 청양군,충남,sigungu,77,89,88,85,94,108,118,124,137,158,171,168,179,162,181,175,175,178,209,363,298,2026-08-14T00:22:57.807Z
2022,4480000000,홍성군,충청남도 홍성군,충남,sigungu,402,494,539,609,625,738,799,830,827,856,973,947,946,929,959,994,947,859,974,907,849,2026-08-14T00:22:57.807Z
2022,4481000000,예산군,충청남도 예산군,충남,sigungu,220,234,260,300,271,331,355,409,431,463,511,520,513,518,520,622,555,567,566,533,564,2026-08-14T00:22:57.807Z
2022,4482500000,태안군,충청남도 태안군,충남,sigungu,161,165,202,215,253,245,339,302,336,364,411,391,349,391,439,442,420,427,436,442,429,2026-08-14T00:22:57.807Z
2022,4500000000,전북,전라북도,전북,sido,6912,7584,8302,9190,10220,11491,12900,14390,14557,14854,16622,16658,16713,15855,16609,17765,16258,16211,17361,17489,18050,2026-08-14T00:22:57.807Z
2022,4511000000,전주시,전라북도 전주시,전북,sigungu,2815,3251,3573,3972,4434,5052,5669,6362,6223,6349,7018,6887,7060,6558,6953,7309,6586,6625,7124,7253,7447,2026-08-14T00:22:57.807Z
2022,4511100000,전주시 완산구,전라북도 전주시 완산구,전북,sigungu,1231,1416,1588,1776,2011,2270,2621,2846,2858,2907,3175,3200,3350,3122,3289,3542,3260,3358,3676,3792,3915,2026-08-14T00:22:57.807Z
2022,4511300000,전주시 덕진구,전라북도 전주시 덕진구,전북,sigungu,1584,1835,1985,2196,2423,2782,3048,3516,3365,3442,3843,3687,3710,3436,3664,3767,3326,3267,3448,3461,3532,2026-08-14T00:22:57.807Z
2022,4513000000,군산시,전라북도 군산시,전북,sigungu,1113,1178,1315,1409,1611,1824,2112,2391,2441,2511,2688,2672,2656,2526,2557,2751,2458,2402,2598,2549,2595,2026-08-14T00:22:57.807Z
2022,4514000000,익산시,전라북도 익산시,전북,sigungu,971,1062,1146,1300,1506,1676,1887,2123,2107,2171,2587,2552,2514,2428,2518,2798,2583,2651,2796,2972,3116,2026-08-14T00:22:57.807Z
2022,4518000000,정읍시,전라북도 정읍시,전북,sigungu,344,353,369,464,526,528,596,685,740,709,846,887,836,846,865,1008,867,888,946,944,1047,2026-08-14T00:22:57.807Z
2022,4519000000,남원시,전라북도 남원시,전북,sigungu,271,302,328,374,404,444,480,483,542,552,585,642,674,609,722,670,735,715,767,700,741,2026-08-14T00:22:57.807Z
2022,4521000000,김제시,전라북도 김제시,전북,sigungu,347,269,266,271,332,377,406,462,469,491,565,616,533,578,569,638,609,574,643,647,641,2026-08-14T00:22:57.807Z
2022,4571000000,완주군,전라북도 완주군,전북,sigungu,384,402,442,521,544,640,740,785,791,786,920,867,914,826,810,879,787,759,797,774,775,2026-08-14T00:22:57.807Z
2022,4572000000,진안군,전라북도 진안군,전북,sigungu,78,111,101,108,81,95,81,91,115,125,140,152,162,138,140,159,184,154,169,172,175,2026-08-14T00:22:57.807Z
2022,4573000000,무주군,전라북도 무주군,전북,sigungu,58,55,86,71,75,87,118,123,145,135,157,176,163,174,177,204,183,165,179,168,171,2026-08-14T00:22:57.807Z
2022,4574000000,장수군,전라북도 장수군,전북,sigungu,65,72,84,80,76,85,94,100,123,150,140,165,153,135,195,181,146,148,165,159,143,2026-08-14T00:22:57.807Z
2022,4575000000,임실군,전라북도 임실군,전북,sigungu,119,143,136,110,99,124,122,120,119,142,135,142,145,157,180,152,146,133,156,182,163,2026-08-14T00:22:57.807Z
2022,4577000000,순창군,전라북도 순창군,전북,sigungu,66,76,125,113,126,114,136,119,141,136,171,175,214,195,210,240,233,219,232,224,221,2026-08-14T00:22:57.807Z
2022,4579000000,고창군,전라북도 고창군,전북,sigungu,142,152,181,202,226,221,235,283,316,288,336,382,353,374,377,413,422,440,421,368,403,2026-08-14T00:22:57.807Z
2022,4580000000,부안군,전라북도 부안군,전북,sigungu,139,158,150,195,180,224,224,263,285,309,334,343,336,311,336,363,319,338,368,377,412,2026-08-14T00:22:57.807Z
2022,4600000000,전남,전라남도,전남,sido,7713,8492,9299,10342,10770,11689,13139,14278,14292,14875,16711,16572,16334,15341,15918,16977,15531,15105,16523,16554,16784,2026-08-14T00:22:57.807Z
2022,4611000000,목포시,전라남도 목포시,전남,sigungu,796,835,975,1177,1346,1536,1955,1981,2055,2186,2524,2528,2495,2280,2375,2434,2245,2178,2377,2368,2339,2026-08-14T00:22:57.807Z
2022,4613000000,여수시,전라남도 여수시,전남,sigungu,1246,1367,1463,1567,1724,1880,2159,2371,2263,2370,2513,2626,2491,2313,2452,2669,2391,2302,2707,2717,2737,2026-08-14T00:22:57.807Z
2022,4615000000,순천시,전라남도 순천시,전남,sigungu,1474,1561,1669,1948,1952,2186,2400,2740,2589,2716,2937,2869,2883,2817,2885,3053,2814,2727,3013,3016,3015,2026-08-14T00:22:57.807Z
2022,4617000000,나주시,전라남도 나주시,전남,sigungu,651,699,789,834,941,994,1062,1115,1100,1036,1244,1131,1050,971,997,1017,901,814,865,889,934,2026-08-14T00:22:57.807Z
2022,4623000000,광양시,전라남도 광양시,전남,sigungu,850,952,1041,1148,1152,1218,1302,1444,1417,1500,1666,1615,1661,1496,1540,1623,1541,1541,1570,1466,1624,2026-08-14T00:22:57.807Z
2022,4671000000,담양군,전라남도 담양군,전남,sigungu,142,155,179,184,212,194,212,224,285,251,276,274,290,269,282,276,330,327,330,298,333,2026-08-14T00:22:57.807Z
2022,4672000000,곡성군,전라남도 곡성군,전남,sigungu,38,41,49,63,90,85,103,132,118,124,149,174,154,149,176,161,177,188,176,215,229,2026-08-14T00:22:57.807Z
2022,4673000000,구례군,전라남도 구례군,전남,sigungu,67,78,57,78,59,81,113,121,119,162,155,174,165,156,170,192,156,180,161,184,191,2026-08-14T00:22:57.807Z
2022,4677000000,고흥군,전라남도 고흥군,전남,sigungu,159,202,206,203,204,198,248,245,255,282,333,315,333,325,335,398,343,372,390,385,413,2026-08-14T00:22:57.807Z
2022,4678000000,보성군,전라남도 보성군,전남,sigungu,78,91,112,123,124,154,136,174,166,182,210,246,226,210,225,282,249,238,247,270,257,2026-08-14T00:22:57.807Z
2022,4679000000,화순군,전라남도 화순군,전남,sigungu,171,205,240,259,270,303,317,393,385,406,483,500,471,508,494,601,536,568,592,598,602,2026-08-14T00:22:57.807Z
2022,4680000000,장흥군,전라남도 장흥군,전남,sigungu,124,134,148,148,116,148,164,188,216,241,249,237,235,228,230,284,231,244,289,287,283,2026-08-14T00:22:57.807Z
2022,4681000000,강진군,전라남도 강진군,전남,sigungu,98,100,109,147,131,144,143,184,177,198,199,233,224,206,253,272,223,242,234,251,223,2026-08-14T00:22:57.807Z
2022,4682000000,해남군,전라남도 해남군,전남,sigungu,203,279,294,301,328,338,318,353,389,391,496,456,481,454,511,477,504,484,516,529,499,2026-08-14T00:22:57.807Z
2022,4683000000,영암군,전라남도 영암군,전남,sigungu,169,218,244,287,262,296,303,346,323,413,410,415,429,397,387,441,391,398,429,485,490,2026-08-14T00:22:57.807Z
2022,4684000000,무안군,전라남도 무안군,전남,sigungu,496,500,520,683,689,726,958,980,1016,993,1201,1100,1103,1035,1049,1037,904,782,875,898,847,2026-08-14T00:22:57.807Z
2022,4686000000,함평군,전라남도 함평군,전남,sigungu,73,82,99,98,110,108,108,102,129,158,183,188,191,183,182,204,190,191,223,219,207,2026-08-14T00:22:57.807Z
2022,4687000000,영광군,전라남도 영광군,전남,sigungu,374,401,493,383,320,324,313,303,307,314,396,379,399,378,395,433,397,377,398,402,430,2026-08-14T00:22:57.807Z
2022,4688000000,장성군,전라남도 장성군,전남,sigungu,124,141,188,182,219,220,251,270,295,286,309,340,305,283,314,328,282,290,326,312,330,2026-08-14T00:22:57.807Z
2022,4689000000,완도군,전라남도 완도군,전남,sigungu,163,206,212,253,262,272,313,301,355,317,386,341,378,316,293,362,343,301,399,317,321,2026-08-14T00:22:57.807Z
2022,4690000000,진도군,전라남도 진도군,전남,sigungu,99,120,105,151,126,151,148,161,173,188,207,213,202,192,187,247,203,177,194,221,255,2026-08-14T00:22:57.807Z
2022,4691000000,신안군,전라남도 신안군,전남,sigungu,118,125,107,125,133,133,113,150,160,161,185,218,168,175,186,186,180,184,212,227,225,2026-08-14T00:22:57.807Z
2022,4700000000,경북,경상북도,경북,sido,11097,11985,12838,14248,15681,17028,19423,20966,20693,21160,23240,22553,21796,21059,21944,23083,21299,21044,22104,22457,22740,2026-08-14T00:22:57.807Z
2022,4711000000,포항시,경상북도 포항시,경북,sigungu,2151,2303,2557,2825,3184,3568,4164,4650,4516,4619,4976,4855,4819,4462,4557,4734,4344,4382,4539,4326,4316,2026-08-14T00:22:57.807Z
2022,4711100000,포항시 남구,경상북도 포항시 남구,경북,sigungu,880,995,1096,1176,1320,1494,1885,2115,2013,2050,2317,2207,2241,2029,2105,2126,1961,2022,2035,1936,1899,2026-08-14T00:22:57.807Z
2022,4711300000,포항시 북구,경상북도 포항시 북구,경북,sigungu,1271,1308,1461,1649,1864,2074,2279,2535,2503,2569,2659,2648,2578,2433,2452,2608,2383,2360,2504,2390,2417,2026-08-14T00:22:57.807Z
2022,4713000000,경주시,경상북도 경주시,경북,sigungu,970,1075,1151,1216,1373,1485,1678,1798,1789,1840,2036,1965,1964,1891,2001,2092,1984,1913,2000,2112,2165,2026-08-14T00:22:57.807Z
2022,4715000000,김천시,경상북도 김천시,경북,sigungu,714,782,746,829,915,958,1060,1075,1136,1143,1246,1188,1142,1142,1250,1208,1298,1230,1360,1217,1193,2026-08-14T00:22:57.807Z
2022,4717000000,안동시,경상북도 안동시,경북,sigungu,640,695,690,796,873,931,1063,1164,1086,1248,1326,1298,1281,1234,1316,1393,1266,1279,1366,1452,1440,2026-08-14T00:22:57.807Z
2022,4719000000,구미시,경상북도 구미시,경북,sigungu,2142,2369,2710,2986,3402,3723,4318,4671,4635,4433,4977,4761,4486,4206,4434,4691,4028,3980,4214,4479,4261,2026-08-14T00:22:57.807Z
2022,4721000000,영주시,경상북도 영주시,경북,sigungu,338,377,366,415,528,544,645,679,697,712,883,828,848,814,858,841,823,870,876,894,873,2026-08-14T00:22:57.807Z
2022,4723000000,영천시,경상북도 영천시,경북,sigungu,517,513,507,529,502,520,521,586,539,572,628,574,629,616,633,666,685,666,685,693,660,2026-08-14T00:22:57.807Z
2022,4725000000,상주시,경상북도 상주시,경북,sigungu,326,336,360,415,412,458,539,598,563,614,650,651,661,694,739,778,857,747,749,719,765,2026-08-14T00:22:57.807Z
2022,4728000000,문경시,경상북도 문경시,경북,sigungu,265,294,319,320,330,368,372,436,417,445,503,537,465,466,530,567,551,576,546,584,642,2026-08-14T00:22:57.807Z
2022,4729000000,경산시,경상북도 경산시,경북,sigungu,1256,1368,1373,1599,1767,1892,2209,2246,2282,2279,2517,2419,2210,2196,2204,2420,2064,2032,2293,2570,2855,2026-08-14T00:22:57.807Z
2022,4772000000,군위군,경상북도 군위군,경북,sigungu,73,59,51,63,50,54,52,56,71,61,96,84,86,79,101,104,89,88,93,77,112,2026-08-14T00:22:57.807Z
2022,4773000000,의성군,경상북도 의성군,경북,sigungu,176,170,185,163,168,187,159,166,183,179,194,202,179,207,223,212,212,215,233,236,250,2026-08-14T00:22:57.807Z
2022,4775000000,청송군,경상북도 청송군,경북,sigungu,74,77,85,86,70,79,78,96,104,103,107,111,102,96,108,108,100,118,118,132,126,2026-08-14T00:22:57.807Z
2022,4776000000,영양군,경상북도 영양군,경북,sigungu,31,40,52,65,51,66,61,74,80,89,72,73,91,74,100,103,92,94,77,96,97,2026-08-14T00:22:57.807Z
2022,4777000000,영덕군,경상북도 영덕군,경북,sigungu,110,98,122,125,105,168,141,162,169,179,178,189,204,178,168,216,188,199,213,203,203,2026-08-14T00:22:57.807Z
2022,4782000000,청도군,경상북도 청도군,경북,sigungu,111,96,111,107,126,131,129,160,160,166,201,192,188,201,198,272,262,212,232,214,231,2026-08-14T00:22:57.807Z
2022,4783000000,고령군,경상북도 고령군,경북,sigungu,87,97,96,94,110,127,120,146,142,147,183,150,168,177,185,215,193,192,191,193,214,2026-08-14T00:22:57.807Z
2022,4784000000,성주군,경상북도 성주군,경북,sigungu,153,166,181,182,170,189,136,158,154,185,197,227,184,218,221,215,228,203,223,217,236,2026-08-14T00:22:57.807Z
2022,4785000000,칠곡군,경상북도 칠곡군,경북,sigungu,414,442,495,638,755,785,1083,1047,1026,1099,1184,1150,1124,1102,1128,1197,1041,1083,1089,1091,1087,2026-08-14T00:22:57.807Z
2022,4790000000,예천군,경상북도 예천군,경북,sigungu,272,334,354,404,390,412,482,531,466,538,559,544,455,512,471,447,423,388,400,388,380,2026-08-14T00:22:57.807Z
2022,4792000000,봉화군,경상북도 봉화군,경북,sigungu,66,71,90,107,111,116,110,128,130,149,153,174,169,155,144,173,209,180,195,169,182,2026-08-14T00:22:57.807Z
2022,4793000000,울진군,경상북도 울진군,경북,sigungu,193,196,213,244,254,240,263,305,309,311,327,331,302,304,334,381,321,354,378,337,397,2026-08-14T00:22:57.807Z
2022,4794000000,울릉군,경상북도 울릉군,경북,sigungu,18,27,24,40,35,27,40,34,39,49,47,50,39,35,41,50,41,43,34,58,55,2026-08-14T00:22:57.807Z
2022,4800000000,경남,경상남도,경남,sido,13704,15534,16885,19332,21504,24076,27690,30318,30542,30357,33911,33200,32777,30828,32410,34225,30206,29170,31557,30640,30533,2026-08-14T00:22:57.807Z
2022,4812000000,창원시,경상남도 창원시,경남,sigungu,4594,5236,5413,6212,6753,7595,8632,9447,9301,9554,10602,10204,9861,9468,9779,10535,9143,8881,9785,9560,9635,2026-08-14T00:22:57.807Z
2022,4812100000,창원시 의창구,경상남도 창원시 의창구,경남,sigungu,1018,1203,1189,1365,1501,1731,1886,2019,1931,1969,2165,2010,2088,1889,1900,2038,1759,1717,1881,1923,1935,2026-08-14T00:22:57.807Z
2022,4812300000,창원시 성산구,경상남도 창원시 성산구,경남,sigungu,1197,1279,1297,1454,1635,1747,2003,2174,2206,2182,2471,2450,2398,2341,2516,2759,2411,2419,2697,2604,2660,2026-08-14T00:22:57.807Z
2022,4812500000,창원시 마산합포구,경상남도 창원시 마산합포구,경남,sigungu,787,867,909,1054,1109,1273,1475,1626,1558,1592,1742,1606,1460,1406,1409,1529,1267,1246,1378,1341,1505,2026-08-14T00:22:57.807Z
2022,4812700000,창원시 마산회원구,경상남도 창원시 마산회원구,경남,sigungu,620,725,765,921,997,1128,1311,1480,1482,1548,1781,1730,1661,1661,1725,1882,1695,1670,1800,1780,1717,2026-08-14T00:22:57.807Z
2022,4812900000,창원시 진해구,경상남도 창원시 진해구,경남,sigungu,972,1162,1253,1418,1511,1716,1957,2148,2124,2263,2443,2408,2254,2171,2229,2327,2011,1829,2029,1912,1818,2026-08-14T00:22:57.807Z
2022,4817000000,진주시,경상남도 진주시,경남,sigungu,1698,1779,1894,2073,2375,2506,2990,3164,3376,3187,3527,3558,3537,3187,3554,3679,3275,3076,3464,3542,3635,2026-08-14T00:22:57.807Z
2022,4822000000,통영시,경상남도 통영시,경남,sigungu,380,403,466,538,644,787,917,1061,1164,1087,1353,1376,1410,1293,1334,1365,1142,1105,1165,1110,1041,2026-08-14T00:22:57.807Z
2022,4824000000,사천시,경상남도 사천시,경남,sigungu,441,454,492,548,629,771,836,933,958,931,1072,1013,1110,1070,1080,1082,971,890,923,949,906,2026-08-14T00:22:57.807Z
2022,4824500000,사천남양출장소,경상남도 사천남양출장소,경남,sigungu,0,0,0,0,0,0,0,0,0,0,0,0,0,0,0,0,0,0,0,0,0,2026-08-14T00:22:57.807Z
2022,4825000000,김해시,경상남도 김해시,경남,sigungu,2512,2859,3097,3607,3971,4409,5176,5577,5569,5603,6297,6034,6071,5807,6066,6609,5825,5521,5956,5928,5807,2026-08-14T00:22:57.807Z
2022,4825200000,장유출장소,경상남도 장유출장소,경남,sigungu,0,0,0,0,0,0,0,0,0,0,0,0,0,0,0,0,0,0,0,0,0,2026-08-14T00:22:57.807Z
2022,4827000000,밀양시,경상남도 밀양시,경남,sigungu,312,338,360,418,427,542,585,596,629,642,698,687,715,676,774,859,724,726,765,737,766,2026-08-14T00:22:57.807Z
2022,4831000000,거제시,경상남도 거제시,경남,sigungu,951,1158,1409,1660,1920,2327,2759,3156,3064,2984,3282,3254,3121,2816,2891,2941,2534,2411,2633,2339,2333,2026-08-14T00:22:57.807Z
2022,4833000000,양산시,경상남도 양산시,경남,sigungu,1769,2073,2399,2644,3023,3260,3682,3967,3910,3695,4062,3986,3753,3417,3584,3684,3245,3135,3313,3208,3122,2026-08-14T00:22:57.807Z
2022,4833200000,양산시웅상출장소,경상남도 양산시웅상출장소,경남,sigungu,0,0,0,0,0,0,0,0,0,0,0,0,0,0,0,0,0,0,0,0,0,2026-08-14T00:22:57.807Z
2022,4872000000,의령군,경상남도 의령군,경남,sigungu,74,71,82,74,93,111,83,112,109,116,148,141,133,137,129,145,118,148,161,155,157,2026-08-14T00:22:57.807Z
2022,4873000000,함안군,경상남도 함안군,경남,sigungu,153,164,206,264,313,305,374,443,453,500,557,555,584,589,626,588,559,547,541,549,478,2026-08-14T00:22:57.807Z
2022,4874000000,창녕군,경상남도 창녕군,경남,sigungu,142,183,180,241,250,274,299,313,314,359,369,397,374,344,373,384,441,431,409,320,362,2026-08-14T00:22:57.807Z
2022,4882000000,고성군,경상남도 고성군,경남,sigungu,90,118,126,142,177,194,220,291,304,313,383,379,424,349,393,408,413,430,461,390,356,2026-08-14T00:22:57.807Z
2022,4884000000,남해군,경상남도 남해군,경남,sigungu,101,97,100,122,122,139,162,199,210,182,227,243,274,271,286,296,251,248,281,321,335,2026-08-14T00:22:57.807Z
2022,4885000000,하동군,경상남도 하동군,경남,sigungu,89,124,106,149,139,144,158,183,204,162,230,230,272,220,272,275,240,258,279,274,254,2026-08-14T00:22:57.807Z
2022,4886000000,산청군,경상남도 산청군,경남,sigungu,58,89,86,113,100,119,109,146,124,154,152,164,210,175,190,248,205,208,205,193,223,2026-08-14T00:22:57.807Z
2022,4887000000,함양군,경상남도 함양군,경남,sigungu,72,95,108,129,150,162,169,194,215,238,255,210,263,271,297,291,286,291,310,279,259,2026-08-14T00:22:57.807Z
2022,4888000000,거창군,경상남도 거창군,경남,sigungu,171,201,248,268,296,321,382,401,464,451,496,543,494,522,533,556,635,664,676,553,621,2026-08-14T00:22:57.807Z
2022,4889000000,합천군,경상남도 합천군,경남,sigungu,97,92,113,130,122,110,157,135,174,199,201,226,171,216,249,280,199,200,230,233,243,2026-08-14T00:22:57.807Z
2022,5000000000,제주,제주특별자치도,제주,sido,3523,3826,4132,4794,5192,5729,6467,7032,7048,7063,7839,7537,7357,6928,7018,7418,6772,6464,6748,6792,6664,2026-08-14T00:22:57.807Z
2022,5011000000,제주시,제주특별자치도 제주시,제주,sigungu,2704,2939,3131,3600,3999,4235,4810,5165,5283,5268,5861,5546,5437,5168,5181,5576,5109,4867,5119,5277,5037,2026-08-14T00:22:57.807Z
2022,5013000000,서귀포시,제주특별자치도 서귀포시,제주,sigungu,819,887,1001,1194,1193,1494,1657,1867,1765,1795,1978,1991,1920,1760,1837,1842,1663,1597,1629,1515,1627,2026-08-14T00:22:57.807Z
2021,1100000000,서울,서울특별시,서울,sido,43410,44904,48900,51445,55879,62987,67581,66923,67174,74480,71911,72979,69798,74226,78965,73101,70668,78485,81354,84649,97483,2026-08-14T00:22:57.807Z
2021,1111000000,종로구,서울특별시 종로구,서울,sigungu,484,463,564,564,645,761,851,868,823,961,890,1016,936,977,1115,1026,952,1074,1092,1303,1586,2026-08-14T00:22:57.807Z
2021,1114000000,중구,서울특별시 중구,서울,sigungu,569,568,574,587,629,691,681,628,676,696,656,601,532,594,670,581,574,689,703,874,1061,2026-08-14T00:22:57.807Z
2021,1117000000,용산구,서울특별시 용산구,서울,sigungu,1133,1078,1168,1184,1242,1387,1357,1351,1310,1443,1384,1402,1306,1355,1504,1377,1415,1591,1580,1778,2132,2026-08-14T00:22:57.807Z
2021,1120000000,성동구,서울특별시 성동구,서울,sigungu,1721,1808,1838,1865,1947,2112,2042,1973,1935,1981,1853,1756,1603,1824,1962,1726,1784,1986,2014,2395,2864,2026-08-14T00:22:57.807Z
2021,1121500000,광진구,서울특별시 광진구,서울,sigungu,1353,1313,1509,1514,1649,1819,2068,2042,2130,2347,2286,2340,2224,2405,2612,2478,2328,2563,2721,2817,3481,2026-08-14T00:22:57.807Z
2021,1123000000,동대문구,서울특별시 동대문구,서울,sigungu,1511,1630,1819,1792,1953,2096,2265,2135,2080,2309,2172,2204,2048,2173,2308,2131,2065,2241,2444,2981,3794,2026-08-14T00:22:57.807Z
2021,1126000000,중랑구,서울특별시 중랑구,서울,sigungu,1730,1708,1898,1995,2091,2359,2383,2209,2379,2533,2452,2399,2258,2414,2517,2478,2363,2663,2901,2987,3533,2026-08-14T00:22:57.807Z
2021,1129000000,성북구,서울특별시 성북구,서울,sigungu,1920,2052,2209,2454,2631,3001,3243,3185,3143,3488,3515,3428,3201,3373,3739,3436,3346,3773,3872,4303,5197,2026-08-14T00:22:57.807Z
2021,1130500000,강북구,서울특별시 강북구,서울,sigungu,945,1015,1081,1235,1420,1557,1600,1597,1766,1932,1887,1936,1904,1903,2092,1983,1961,2177,2416,2537,2966,2026-08-14T00:22:57.807Z
2021,1132000000,도봉구,서울특별시 도봉구,서울,sigungu,1108,1193,1396,1515,1673,1885,1985,2081,1954,2254,2248,2255,2150,2254,2537,2292,2240,2675,2792,2868,3280,2026-08-14T00:22:57.807Z
2021,1135000000,노원구,서울특별시 노원구,서울,sigungu,2164,2224,2394,2476,2866,3252,3652,3686,3729,4215,4214,4463,4484,4976,5327,4980,4993,5574,5708,5593,6403,2026-08-14T00:22:57.807Z
2021,1138000000,은평구,서울특별시 은평구,서울,sigungu,2003,2107,2296,2464,2663,3000,3274,3110,3162,3576,3417,3521,3362,3506,3819,3713,3474,3953,4216,4227,4744,2026-08-14T00:22:57.807Z
2021,1141000000,서대문구,서울특별시 서대문구,서울,sigungu,1443,1531,1557,1679,1852,2068,2165,2201,2120,2265,2087,2173,2088,2038,2193,2201,2104,2395,2520,2694,3470,2026-08-14T00:22:57.807Z
2021,1144000000,마포구,서울특별시 마포구,서울,sigungu,1873,1896,2037,2204,2303,2694,2729,2631,2433,2861,2580,2675,2563,2818,2986,2680,2559,2845,2921,3078,3725,2026-08-14T00:22:57.807Z
2021,1147000000,양천구,서울특별시 양천구,서울,sigungu,1755,1866,2103,2292,2662,3082,3567,3793,3944,4470,4427,4751,4733,5230,5446,4878,4715,5196,5200,4896,5107,2026-08-14T00:22:57.807Z
2021,1150000000,강서구,서울특별시 강서구,서울,sigungu,2815,2928,3169,3240,3467,3999,4158,4090,4133,4647,4404,4128,3948,4269,4496,4108,4046,4498,4754,4866,5371,2026-08-14T00:22:57.807Z
2021,1153000000,구로구,서울특별시 구로구,서울,sigungu,2135,2151,2356,2438,2494,2763,2920,2769,2881,3060,2971,2974,2723,2853,2972,2769,2655,2948,3026,3300,3629,2026-08-14T00:22:57.807Z
2021,1154500000,금천구,서울특별시 금천구,서울,sigungu,965,1007,1035,1094,1144,1249,1351,1218,1172,1441,1288,1306,1216,1262,1438,1337,1308,1491,1589,1720,1942,2026-08-14T00:22:57.807Z
2021,1156000000,영등포구,서울특별시 영등포구,서울,sigungu,2193,2162,2461,2427,2532,2710,2699,2540,2420,2612,2405,2345,2134,2330,2399,2160,2178,2416,2553,2720,3296,2026-08-14T00:22:57.807Z
2021,1159000000,동작구,서울특별시 동작구,서울,sigungu,1721,1860,1911,2113,2263,2506,2754,2633,2506,2725,2584,2679,2454,2516,2715,2494,2513,2821,2902,3289,3951,2026-08-14T00:22:57.807Z
2021,1162000000,관악구,서울특별시 관악구,서울,sigungu,1544,1638,1693,1711,1934,2136,2297,2218,2246,2426,2486,2437,2254,2489,2685,2492,2608,2776,3115,3715,4731,2026-08-14T00:22:57.807Z
2021,1165000000,서초구,서울특별시 서초구,서울,sigungu,2018,2100,2303,2699,2860,3297,3820,3971,4095,4536,4424,4677,4480,4738,4712,4481,4056,4469,4234,4206,4365,2026-08-14T00:22:57.807Z
2021,1168000000,강남구,서울특별시 강남구,서울,sigungu,2100,2130,2451,2618,3064,3493,4170,4429,4838,5433,5499,5680,5816,6286,6513,5947,5645,6027,6108,5620,5834,2026-08-14T00:22:57.807Z
2021,1171000000,송파구,서울특별시 송파구,서울,sigungu,3541,3739,4073,4247,4663,5404,5586,5542,5491,6087,5870,5847,5562,5622,6055,5675,5320,5799,6013,5872,6624,2026-08-14T00:22:57.807Z
2021,1174000000,강동구,서울특별시 강동구,서울,sigungu,2666,2737,3005,3038,3232,3666,3964,4023,3808,4182,3912,3986,3819,4021,4153,3678,3466,3845,3960,4010,4397,2026-08-14T00:22:57.807Z
2021,2600000000,부산,부산광역시,부산,sido,14112,15294,17336,19420,21616,24566,26603,26226,25835,28603,27599,27111,24871,26161,27555,24838,24286,26663,28360,28661,33193,2026-08-14T00:22:57.807Z
2021,2611000000,중구,부산광역시 중구,부산,sigungu,74,69,72,93,115,121,125,141,157,150,167,166,164,151,185,168,185,181,244,261,351,2026-08-14T00:22:57.807Z
2021,2614000000,서구,부산광역시 서구,부산,sigungu,338,370,414,447,512,602,664,648,611,704,711,701,629,676,715,678,634,745,781,812,998,2026-08-14T00:22:57.807Z
2021,2617000000,동구,부산광역시 동구,부산,sigungu,358,313,344,334,395,439,447,424,440,470,460,444,413,450,515,445,435,504,582,576,774,2026-08-14T00:22:57.807Z
2021,2620000000,영도구,부산광역시 영도구,부산,sigungu,275,314,379,426,462,561,595,578,614,670,680,717,605,684,704,671,635,746,783,817,964,2026-08-14T00:22:57.807Z
2021,2623000000,부산진구,부산광역시 부산진구,부산,sigungu,1473,1484,1634,1885,1990,2227,2353,2328,2184,2539,2394,2383,2192,2284,2462,2227,2164,2488,2600,2840,3505,2026-08-14T00:22:57.807Z
2021,2626000000,동래구,부산광역시 동래구,부산,sigungu,1187,1253,1416,1505,1760,2058,2327,2316,2284,2620,2419,2585,2259,2508,2613,2394,2246,2431,2616,2451,2719,2026-08-14T00:22:57.807Z
2021,2629000000,남구,부산광역시 남구,부산,sigungu,924,1001,1202,1381,1641,1827,2098,2070,2142,2325,2271,2301,2104,2155,2406,2094,2097,2233,2377,2489,2849,2026-08-14T00:22:57.807Z
2021,2632000000,북구,부산광역시 북구,부산,sigungu,1249,1345,1468,1654,1860,2088,2232,2080,2100,2264,2196,2136,2090,2148,2238,2109,2208,2291,2518,2511,2969,2026-08-14T00:22:57.807Z
2021,2635000000,해운대구,부산광역시 해운대구,부산,sigungu,1567,1826,2078,2316,2518,2952,3340,3331,3398,3771,3652,3621,3480,3669,3891,3564,3500,3706,4037,3798,4304,2026-08-14T00:22:57.807Z
2021,2638000000,사하구,부산광역시 사하구,부산,sigungu,1146,1287,1375,1596,1813,2019,2218,2177,2162,2537,2473,2368,2252,2371,2526,2234,2201,2538,2706,2841,3209,2026-08-14T00:22:57.807Z
2021,2641000000,금정구,부산광역시 금정구,부산,sigungu,702,762,927,1010,1182,1292,1543,1486,1523,1662,1663,1643,1530,1623,1768,1630,1601,1738,1925,2094,2435,2026-08-14T00:22:57.807Z
2021,2644000000,강서구,부산광역시 강서구,부산,sigungu,1285,1426,1697,1944,2107,2347,2354,2303,2103,2134,2017,1849,1521,1471,1293,1068,983,949,942,864,968,2026-08-14T00:22:57.807Z
2021,2647000000,연제구,부산광역시 연제구,부산,sigungu,983,1027,1188,1272,1318,1616,1619,1671,1583,1693,1678,1635,1457,1608,1695,1561,1491,1651,1766,1694,1973,2026-08-14T00:22:57.807Z
2021,2650000000,수영구,부산광역시 수영구,부산,sigungu,760,761,856,927,946,1108,1161,1093,1042,1184,1175,1052,1052,1106,1165,1050,1066,1234,1268,1296,1528,2026-08-14T00:22:57.807Z
2021,2653000000,사상구,부산광역시 사상구,부산,sigungu,720,773,883,1021,1154,1202,1358,1277,1342,1538,1419,1396,1287,1391,1471,1315,1279,1575,1563,1713,2036,2026-08-14T00:22:57.807Z
2021,2671000000,기장군,부산광역시 기장군,부산,sigungu,1071,1283,1403,1609,1843,2107,2169,2303,2150,2342,2224,2114,1836,1866,1908,1630,1561,1653,1652,1604,1611,2026-08-14T00:22:57.807Z
2021,2700000000,대구,대구광역시,대구,sido,10408,11371,13434,14643,16501,18951,20216,20167,19913,22219,21519,21346,20107,21236,22879,20761,20698,22377,24289,23325,27070,2026-08-14T00:22:57.807Z
2021,2711000000,중구,대구광역시 중구,대구,sigungu,388,358,419,517,513,579,585,560,506,577,545,476,463,437,492,493,457,508,580,552,724,2026-08-14T00:22:57.807Z
2021,2714000000,동구,대구광역시 동구,대구,sigungu,1634,1751,2097,2214,2414,2693,2800,2771,2686,2938,2756,2717,2477,2531,2690,2345,2399,2603,2861,2826,3174,2026-08-14T00:22:57.807Z
2021,2717000000,서구,대구광역시 서구,대구,sigungu,344,428,480,585,677,825,812,814,857,957,936,882,858,892,1000,935,977,1085,1265,1277,1482,2026-08-14T00:22:57.807Z
2021,2720000000,남구,대구광역시 남구,대구,sigungu,421,471,546,585,593,699,717,722,771,804,793,766,742,803,896,870,887,981,1107,1098,1323,2026-08-14T00:22:57.807Z
2021,2723000000,북구,대구광역시 북구,대구,sigungu,1981,2276,2566,2874,3162,3637,3830,3773,3717,4105,4015,3895,3703,3954,4340,4003,3999,4390,4736,4726,5531,2026-08-14T00:22:57.807Z
2021,2726000000,수성구,대구광역시 수성구,대구,sigungu,1375,1453,1849,2157,2663,3137,3596,3796,3911,4469,4474,4614,4670,5013,5328,4899,4741,5132,5516,4928,5618,2026-08-14T00:22:57.807Z
2021,2729000000,달서구,대구광역시 달서구,대구,sigungu,2179,2313,2832,2989,3521,4185,4639,4558,4511,5152,5008,5073,4793,5026,5561,4978,5050,5541,5898,5798,6771,2026-08-14T00:22:57.807Z
2021,2771000000,달성군,대구광역시 달성군,대구,sigungu,2086,2321,2645,2722,2958,3196,3237,3173,2954,3217,2992,2923,2401,2580,2572,2238,2188,2137,2326,2120,2447,2026-08-14T00:22:57.807Z
2021,2800000000,인천,인천광역시,인천,sido,14603,15994,17905,19411,20841,23768,25827,25431,25493,28111,27930,27301,26050,26885,28850,25742,25102,26862,28418,27991,31633,2026-08-14T00:22:57.807Z
2021,2811000000,중구,인천광역시 중구,인천,sigungu,799,824,1017,1103,1157,1247,1371,1334,1343,1466,1435,1441,1275,1332,1509,1259,1170,1307,1215,1204,1235,2026-08-14T00:22:57.807Z
2021,2811400000,중구영종출장소,인천광역시 중구영종출장소,인천,sigungu,0,0,0,0,0,0,0,0,0,0,0,0,0,0,0,0,0,0,0,0,0,2026-08-14T00:22:57.807Z
2021,2811800000,중구용유출장소,인천광역시 중구용유출장소,인천,sigungu,0,0,0,0,0,0,0,0,0,0,0,0,0,0,0,0,0,0,0,0,0,2026-08-14T00:22:57.807Z
2021,2814000000,동구,인천광역시 동구,인천,sigungu,197,239,280,312,301,403,442,414,388,497,477,486,459,463,547,465,485,507,503,513,566,2026-08-14T00:22:57.807Z
2021,2817700000,미추홀구,인천광역시 미추홀구,인천,sigungu,1874,2123,2169,2372,2587,2798,3034,2905,2977,3265,3217,3075,2958,3042,3204,2889,2961,3167,3446,3561,4105,2026-08-14T00:22:57.807Z
2021,2818500000,연수구,인천광역시 연수구,인천,sigungu,2397,2688,3074,3318,3586,3966,4440,4471,4419,4728,4647,4537,4374,4492,4747,4017,3888,4135,4149,4135,4701,2026-08-14T00:22:57.807Z
2021,2820000000,남동구,인천광역시 남동구,인천,sigungu,2289,2597,2982,3302,3643,4210,4596,4602,4644,5165,5124,5005,4723,4847,5110,4682,4488,4687,5096,4892,5605,2026-08-14T00:22:57.807Z
2021,2823700000,부평구,인천광역시 부평구,인천,sigungu,2075,2216,2484,2746,2939,3373,3564,3599,3496,3912,3935,3852,3892,3994,4401,3911,3986,4173,4667,4643,5142,2026-08-14T00:22:57.807Z
2021,2824500000,계양구,인천광역시 계양구,인천,sigungu,1259,1250,1459,1504,1543,1869,2031,2022,2035,2297,2336,2391,2280,2473,2676,2422,2306,2729,2946,2922,3432,2026-08-14T00:22:57.807Z
2021,2826000000,서구,인천광역시 서구,인천,sigungu,3375,3669,4075,4419,4741,5491,5911,5631,5719,6241,6228,5958,5527,5692,6074,5544,5282,5595,5792,5494,6178,2026-08-14T00:22:57.807Z
2021,2826500000,서구검단출장소,인천광역시 서구검단출장소,인천,sigungu,0,0,0,0,0,0,0,0,0,0,0,0,0,0,0,0,0,0,0,0,0,2026-08-14T00:22:57.807Z
2021,2871000000,강화군,인천광역시 강화군,인천,sigungu,264,319,279,255,264,311,337,375,371,429,429,443,464,458,471,452,442,453,488,466,493,2026-08-14T00:22:57.807Z
2021,2872000000,옹진군,인천광역시 옹진군,인천,sigungu,74,69,86,80,80,100,101,78,101,111,102,113,98,92,111,101,94,109,116,161,176,2026-08-14T00:22:57.807Z
2021,2900000000,광주,광주광역시,광주,sido,7819,7798,8976,9872,10884,12545,13547,13561,13749,15314,14742,14999,14335,14832,16113,14652,14160,15486,16750,16335,18766,2026-08-14T00:22:57.807Z
2021,2911000000,동구,광주광역시 동구,광주,sigungu,648,596,684,680,746,755,857,814,728,786,732,699,595,668,729,688,634,756,861,901,1093,2026-08-14T00:22:57.807Z
2021,2914000000,서구,광주광역시 서구,광주,sigungu,1254,1357,1546,1726,1932,2190,2362,2439,2577,2792,2768,2786,2732,2847,3109,2942,2757,3155,3366,3400,3977,2026-08-14T00:22:57.807Z
2021,2915500000,남구,광주광역시 남구,광주,sigungu,1036,1024,1300,1404,1590,1849,2109,2199,2143,2408,2289,2343,2197,2286,2428,2227,2092,2238,2322,2317,2577,2026-08-14T00:22:57.807Z
2021,2917000000,북구,광주광역시 북구,광주,sigungu,2447,2330,2592,2872,3084,3531,3744,3664,3681,4049,3977,3954,3812,3964,4309,3893,3882,4209,4770,4589,5330,2026-08-14T00:22:57.807Z
2021,2920000000,광산구,광주광역시 광산구,광주,sigungu,2434,2491,2854,3190,3532,4220,4475,4445,4620,5279,4976,5217,4999,5067,5538,4902,4795,5128,5431,5128,5789,2026-08-14T00:22:57.807Z
2021,3000000000,대전,대전광역시,대전,sido,7342,7668,8640,9301,10520,11841,12805,12636,12857,13938,13911,13707,13212,13937,14928,13743,13267,14817,15267,15386,17562,2026-08-14T00:22:57.807Z
2021,3011000000,동구,대전광역시 동구,대전,sigungu,941,990,1185,1243,1375,1558,1646,1679,1699,1840,1856,1823,1777,1904,1999,1885,1813,2034,2020,2363,2723,2026-08-14T00:22:57.807Z
2021,3014000000,중구,대전광역시 중구,대전,sigungu,920,937,1066,1133,1349,1469,1663,1655,1737,1954,1983,1960,1850,2080,2174,2029,2021,2134,2396,2321,2652,2026-08-14T00:22:57.807Z
2021,3017000000,서구,대전광역시 서구,대전,sigungu,2404,2546,2757,3094,3465,3995,4333,4199,4330,4738,4697,4675,4508,4684,5172,4629,4485,5057,5230,5012,5791,2026-08-14T00:22:57.807Z
2021,3020000000,유성구,대전광역시 유성구,대전,sigungu,2317,2428,2743,2933,3346,3696,3986,3870,3801,4009,3951,3829,3680,3768,3972,3697,3452,3864,3778,3827,4194,2026-08-14T00:22:57.807Z
2021,3023000000,대덕구,대전광역시 대덕구,대전,sigungu,760,767,889,898,985,1123,1177,1233,1290,1397,1424,1420,1397,1501,1611,1503,1496,1728,1843,1863,2202,2026-08-14T00:22:57.807Z
2021,3100000000,울산,울산광역시,울산,sido,5926,6415,7310,7939,8934,10345,11101,11062,10936,12050,11437,11408,10804,11172,11864,10419,10115,10730,11392,10649,12249,2026-08-14T00:22:57.807Z
2021,3111000000,중구,울산광역시 중구,울산,sigungu,891,952,1166,1290,1491,1725,1845,1872,1923,2110,2066,1994,1894,1955,2066,1814,1736,1953,2104,1873,2264,2026-08-14T00:22:57.807Z
2021,3114000000,남구,울산광역시 남구,울산,sigungu,1542,1614,1782,1843,2152,2504,2786,2705,2653,2959,2795,2785,2783,2897,3015,2805,2760,3037,3227,3041,3661,2026-08-14T00:22:57.807Z
2021,3117000000,동구,울산광역시 동구,울산,sigungu,753,820,1032,1157,1359,1642,1643,1772,1661,1872,1730,1778,1635,1581,1723,1513,1357,1417,1506,1414,1485,2026-08-14T00:22:57.807Z
2021,3120000000,북구,울산광역시 북구,울산,sigungu,1580,1828,2031,2171,2382,2738,2908,2767,2741,2893,2700,2687,2449,2546,2710,2221,2139,2106,2204,2021,2291,2026-08-14T00:22:57.807Z
2021,3171000000,울주군,울산광역시 울주군,울산,sigungu,1160,1201,1299,1478,1550,1736,1919,1946,1958,2216,2146,2164,2043,2193,2350,2066,2123,2217,2351,2300,2548,2026-08-14T00:22:57.807Z
2021,3600000000,세종,세종특별자치시,세종,sido,3445,3526,3952,4345,4730,5209,5539,5285,5273,5759,5443,5379,5025,5189,4956,4449,3982,4027,3849,3495,3461,2026-08-14T00:22:57.807Z
2021,4100000000,경기,경기도,경기,sido,74799,81421,90332,98341,106691,121200,130040,128487,127196,141420,136569,135664,128002,133666,139569,126680,120411,130583,134592,135269,150826,2026-08-14T00:22:57.807Z
2021,4111000000,수원시,경기도 수원시,경기,sigungu,6378,6809,7477,8055,8648,9890,10903,10544,10510,11823,11305,11317,10853,11514,12208,11080,10627,11765,12373,12327,14243,2026-08-14T00:22:57.807Z
2021,4111100000,수원시 장안구,경기도 수원시 장안구,경기,sigungu,1029,1229,1360,1434,1593,1888,2139,2179,2225,2426,2480,2498,2529,2799,2906,2727,2652,2918,3060,3196,3725,2026-08-14T00:22:57.807Z
2021,4111300000,수원시 권선구,경기도 수원시 권선구,경기,sigungu,2077,2260,2453,2703,2927,3354,3544,3382,3336,3755,3452,3333,3154,3141,3412,3087,2895,3186,3447,3417,3949,2026-08-14T00:22:57.807Z
2021,4111500000,수원시 팔달구,경기도 수원시 팔달구,경기,sigungu,821,849,891,979,1002,1103,1084,1043,1040,1243,1148,1234,1176,1275,1446,1237,1283,1527,1635,1723,1977,2026-08-14T00:22:57.807Z
2021,4111700000,수원시 영통구,경기도 수원시 영통구,경기,sigungu,2451,2471,2773,2939,3126,3545,4136,3940,3909,4399,4225,4252,3994,4299,4444,4029,3797,4134,4231,3991,4592,2026-08-14T00:22:57.807Z
2021,4113000000,성남시,경기도 성남시,경기,sigungu,4749,4985,5461,5707,6173,6918,7809,7628,7782,8461,8361,8553,8076,8436,9000,8214,7938,8926,9188,8862,9976,2026-08-14T00:22:57.807Z
2021,4113100000,성남시 수정구,경기도 성남시 수정구,경기,sigungu,1162,1286,1389,1434,1476,1595,1679,1636,1558,1696,1635,1723,1491,1550,1741,1554,1527,1782,1870,1941,2259,2026-08-14T00:22:57.807Z
2021,4113300000,성남시 중원구,경기도 성남시 중원구,경기,sigungu,982,1026,1078,1072,1198,1295,1386,1311,1344,1474,1458,1486,1372,1531,1675,1456,1422,1648,1768,1802,2151,2026-08-14T00:22:57.807Z
2021,4113500000,성남시 분당구,경기도 성남시 분당구,경기,sigungu,2605,2673,2994,3201,3499,4028,4744,4681,4880,5291,5268,5344,5213,5355,5584,5204,4989,5496,5550,5119,5566,2026-08-14T00:22:57.807Z
2021,4115000000,의정부시,경기도 의정부시,경기,sigungu,2278,2481,2760,2958,3219,3570,3929,3768,3814,4219,4007,4147,3815,3951,4369,3901,3861,4229,4530,4806,5410,2026-08-14T00:22:57.807Z
2021,4117000000,안양시,경기도 안양시,경기,sigungu,3071,2951,3201,3414,3535,4064,4424,4286,4177,4697,4780,4850,4598,4950,5265,5076,4822,5200,5701,5593,6186,2026-08-14T00:22:57.807Z
2021,4117100000,안양시 만안구,경기도 안양시 만안구,경기,sigungu,1273,1282,1337,1400,1451,1623,1624,1562,1555,1684,1634,1652,1532,1688,1825,1772,1718,1893,2172,2240,2502,2026-08-14T00:22:57.807Z
2021,4117300000,안양시 동안구,경기도 안양시 동안구,경기,sigungu,1798,1669,1864,2014,2084,2441,2800,2724,2622,3013,3146,3198,3066,3262,3440,3304,3104,3307,3529,3353,3684,2026-08-14T00:22:57.807Z
2021,4119000000,부천시,경기도 부천시,경기,sigungu,3853,4147,4411,4784,5116,5763,5933,6258,6038,6726,6531,6536,6253,6529,7170,6633,6313,6976,7535,7480,8552,2026-08-14T00:22:57.807Z
2021,4121000000,광명시,경기도 광명시,경기,sigungu,1599,1600,1721,1921,2006,2388,2520,2574,2572,2919,2875,2865,2714,3001,3076,2981,2816,3086,3171,2948,3400,2026-08-14T00:22:57.807Z
2021,4122000000,평택시,경기도 평택시,경기,sigungu,3738,4094,4357,4621,4940,5392,5728,5587,5505,6103,5761,5729,5528,5501,5724,5233,4803,5162,5325,5438,6091,2026-08-14T00:22:57.807Z
2021,4122200000,송탄출장소,경기도 송탄출장소,경기,sigungu,0,0,0,0,0,0,0,0,0,0,0,0,0,0,0,0,0,0,0,0,0,2026-08-14T00:22:57.807Z
2021,4122400000,안중출장소,경기도 안중출장소,경기,sigungu,0,0,0,0,0,0,0,0,0,0,0,0,0,0,0,0,0,0,0,0,0,2026-08-14T00:22:57.807Z
2021,4125000000,동두천시,경기도 동두천시,경기,sigungu,348,397,452,443,565,658,662,745,745,815,832,839,857,812,879,813,737,840,940,843,975,2026-08-14T00:22:57.807Z
2021,4127000000,안산시,경기도 안산시,경기,sigungu,3144,3237,3485,3675,3904,4501,4829,4823,4829,5349,5437,5592,5358,5791,6306,5677,5848,6656,6858,7714,8886,2026-08-14T00:22:57.807Z
2021,4127100000,안산시 상록구,경기도 안산시 상록구,경기,sigungu,1528,1581,1722,1882,1990,2389,2615,2670,2621,2872,2989,3018,2882,3026,3355,3059,3160,3557,3713,4298,4968,2026-08-14T00:22:57.807Z
2021,4127300000,안산시 단원구,경기도 안산시 단원구,경기,sigungu,1616,1656,1763,1793,1914,2112,2214,2153,2208,2477,2448,2574,2476,2765,2951,2618,2688,3099,3145,3416,3918,2026-08-14T00:22:57.807Z
2021,4128000000,고양시,경기도 고양시,경기,sigungu,5374,5650,6266,6865,7538,8544,9277,9088,9165,10171,9986,10063,9536,10142,10520,9717,9521,10684,11135,11050,12167,2026-08-14T00:22:57.807Z
2021,4128100000,고양시 덕양구,경기도 고양시 덕양구,경기,sigungu,2781,2923,3097,3332,3679,4191,4291,4246,4091,4507,4447,4217,4026,4049,4113,3779,3685,4052,4459,4382,4901,2026-08-14T00:22:57.807Z
2021,4128500000,고양시 일산동구,경기도 고양시 일산동구,경기,sigungu,1255,1300,1560,1764,1888,2107,2420,2399,2432,2700,2617,2767,2589,2833,2981,2777,2789,3075,3151,3130,3524,2026-08-14T00:22:57.807Z
2021,4128700000,고양시 일산서구,경기도 고양시 일산서구,경기,sigungu,1338,1427,1609,1769,1971,2246,2566,2443,2642,2964,2922,3079,2921,3260,3426,3161,3047,3557,3525,3538,3742,2026-08-14T00:22:57.807Z
2021,4129000000,과천시,경기도 과천시,경기,sigungu,517,521,525,597,638,707,757,763,711,752,710,685,706,721,693,637,627,711,713,811,848,2026-08-14T00:22:57.807Z
2021,4131000000,구리시,경기도 구리시,경기,sigungu,921,1014,1117,1242,1345,1526,1637,1698,1642,1804,1683,1745,1630,1613,1839,1740,1588,1772,1877,1824,2113,2026-08-14T00:22:57.807Z
2021,4136000000,남양주시,경기도 남양주시,경기,sigungu,3730,4326,4956,5555,6158,7111,7589,7596,7796,8710,8344,8221,7826,8102,8422,7513,7051,7653,7656,7505,8328,2026-08-14T00:22:57.807Z
2021,4136200000,풍양출장소,경기도 풍양출장소,경기,sigungu,0,0,0,0,0,0,0,0,0,0,0,0,0,0,0,0,0,0,0,0,0,2026-08-14T00:22:57.807Z
2021,4137000000,오산시,경기도 오산시,경기,sigungu,1325,1452,1707,1903,2099,2429,2644,2624,2611,2888,2814,2722,2529,2629,2586,2397,2213,2327,2385,2302,2566,2026-08-14T00:22:57.807Z
2021,4139000000,시흥시,경기도 시흥시,경기,sigungu,3318,3619,4123,4462,4794,5299,5732,5379,5113,5738,5394,5264,4992,5205,5224,4794,4546,4768,4985,5044,5781,2026-08-14T00:22:57.807Z
2021,4141000000,군포시,경기도 군포시,경기,sigungu,1347,1409,1569,1586,1755,2047,2074,2187,2255,2405,2445,2416,2316,2519,2618,2480,2400,2643,2851,2763,3081,2026-08-14T00:22:57.807Z
2021,4143000000,의왕시,경기도 의왕시,경기,sigungu,964,958,1048,1176,1282,1424,1472,1397,1452,1458,1392,1351,1325,1402,1431,1364,1227,1440,1517,1621,1920,2026-08-14T00:22:57.807Z
2021,4145000000,하남시,경기도 하남시,경기,sigungu,2263,2360,2766,3134,3352,3795,3918,3837,3618,3760,3494,3455,2987,3035,3062,2500,2347,2519,2468,2598,2825,2026-08-14T00:22:57.807Z
2021,4146000000,용인시,경기도 용인시,경기,sigungu,5850,6479,7320,8122,9009,10440,11505,11522,11505,12855,12467,12459,11874,12454,13144,11709,11051,11664,11783,11815,12850,2026-08-14T00:22:57.807Z
2021,4146100000,용인시 처인구,경기도 용인시 처인구,경기,sigungu,1332,1427,1583,1783,1949,2190,2380,2303,2349,2663,2586,2506,2433,2501,2614,2312,2217,2326,2428,2786,2910,2026-08-14T00:22:57.807Z
2021,4146300000,용인시 기흥구,경기도 용인시 기흥구,경기,sigungu,2424,2679,3070,3471,3770,4430,4820,4806,4767,5508,5239,5315,4903,5180,5586,4928,4654,4898,4957,4801,5422,2026-08-14T00:22:57.807Z
2021,4146500000,용인시 수지구,경기도 용인시 수지구,경기,sigungu,2094,2373,2667,2868,3290,3820,4305,4413,4389,4684,4642,4638,4538,4773,4944,4469,4180,4440,4398,4228,4518,2026-08-14T00:22:57.807Z
2021,4148000000,파주시,경기도 파주시,경기,sigungu,2658,3118,3614,3885,4232,4796,5217,5185,5024,5703,5377,5421,5014,5220,5442,4755,4571,4719,4964,4783,5111,2026-08-14T00:22:57.807Z
2021,4150000000,이천시,경기도 이천시,경기,sigungu,1199,1320,1422,1570,1769,1986,2125,2122,2042,2328,2289,2247,2038,2188,2336,2092,2086,2124,2196,2552,2573,2026-08-14T00:22:57.807Z
2021,4155000000,안성시,경기도 안성시,경기,sigungu,833,861,1063,1138,1281,1431,1536,1529,1676,1775,1902,1724,1713,1851,1855,1675,1613,1707,1728,1949,2238,2026-08-14T00:22:57.807Z
2021,4157000000,김포시,경기도 김포시,경기,sigungu,3346,3862,4431,4848,5355,6181,6520,6383,6001,6750,6322,5939,5360,5394,5279,4642,4218,4348,4273,4197,4490,2026-08-14T00:22:57.807Z
2021,4159000000,화성시,경기도 화성시,경기,sigungu,6697,7652,8456,9251,10024,11337,11954,11671,11515,12761,12033,11715,10867,11072,10963,9640,8645,9019,8722,8414,9071,2026-08-14T00:22:57.807Z
2021,4159200000,화성시동부출장소,경기도 화성시동부출장소,경기,sigungu,0,0,0,0,0,0,0,0,0,0,0,0,0,0,0,0,0,0,0,0,0,2026-08-14T00:22:57.807Z
2021,4159400000,화성시동탄출장소,경기도 화성시동탄출장소,경기,sigungu,0,0,0,0,0,0,0,0,0,0,0,0,0,0,0,0,0,0,0,0,0,2026-08-14T00:22:57.807Z
2021,4161000000,광주시,경기도 광주시,경기,sigungu,2235,2596,2833,3214,3342,3805,3860,3821,3526,4007,3766,3573,3257,3407,3620,3288,3048,3344,3244,3442,3713,2026-08-14T00:22:57.807Z
2021,4163000000,양주시,경기도 양주시,경기,sigungu,1198,1409,1555,1792,1942,2225,2276,2287,2314,2653,2514,2502,2323,2476,2582,2403,2257,2416,2399,2405,2668,2026-08-14T00:22:57.807Z
2021,4165000000,포천시,경기도 포천시,경기,sigungu,545,624,662,743,814,860,930,905,912,1115,1083,1046,1107,1079,1205,1152,1107,1142,1428,1372,1589,2026-08-14T00:22:57.807Z
2021,4167000000,여주시,경기도 여주시,경기,sigungu,424,528,569,580,639,739,798,791,846,931,964,929,912,897,985,881,891,976,980,990,1133,2026-08-14T00:22:57.807Z
2021,4180000000,연천군,경기도 연천군,경기,sigungu,202,224,217,248,217,271,287,283,293,299,285,324,277,294,302,281,304,328,299,354,406,2026-08-14T00:22:57.807Z
2021,4182000000,가평군,경기도 가평군,경기,sigungu,237,255,252,281,302,332,357,327,356,456,420,439,397,453,446,430,456,458,463,496,580,2026-08-14T00:22:57.807Z
2021,4183000000,양평군,경기도 양평군,경기,sigungu,458,483,536,571,698,771,838,879,851,989,996,996,964,1028,1018,982,879,981,905,971,1056,2026-08-14T00:22:57.807Z
2021,4200000000,강원,강원도,강원,sido,7258,8081,8683,8832,9517,10782,11523,11401,11703,13191,13063,13072,12496,12846,13918,12554,12916,13884,14259,14877,16516,2026-08-14T00:22:57.807Z
2021,4211000000,춘천시,강원도 춘천시,강원,sigungu,1479,1672,1772,1845,1886,2257,2364,2404,2468,2679,2725,2622,2484,2628,2700,2466,2536,2596,2785,2934,3361,2026-08-14T00:22:57.807Z
2021,4213000000,원주시,강원도 원주시,강원,sigungu,2036,2192,2398,2335,2678,2941,3150,3041,3131,3518,3525,3577,3439,3498,3891,3321,3298,3555,3601,3657,4090,2026-08-14T00:22:57.807Z
2021,4215000000,강릉시,강원도 강릉시,강원,sigungu,874,1008,1022,1154,1178,1398,1501,1437,1541,1724,1730,1722,1741,1716,1944,1770,1743,1950,2020,2113,2316,2026-08-14T00:22:57.807Z
2021,4217000000,동해시,강원도 동해시,강원,sigungu,421,433,491,488,596,707,719,754,777,886,856,816,832,809,884,808,834,877,940,879,985,2026-08-14T00:22:57.807Z
2021,4219000000,태백시,강원도 태백시,강원,sigungu,130,157,165,199,205,227,267,294,300,357,365,382,351,353,386,337,363,363,382,383,437,2026-08-14T00:22:57.807Z
2021,4221000000,속초시,강원도 속초시,강원,sigungu,370,430,471,490,502,606,737,657,628,730,704,742,668,690,722,668,664,765,767,830,879,2026-08-14T00:22:57.807Z
2021,4223000000,삼척시,강원도 삼척시,강원,sigungu,269,316,322,308,318,352,364,396,405,474,455,476,445,448,477,451,459,480,523,804,785,2026-08-14T00:22:57.807Z
2021,4272000000,홍천군,강원도 홍천군,강원,sigungu,244,291,310,325,326,385,428,353,407,466,458,456,461,480,515,448,478,518,586,562,609,2026-08-14T00:22:57.807Z
2021,4273000000,횡성군,강원도 횡성군,강원,sigungu,146,170,187,189,219,218,228,237,233,281,276,278,274,301,327,314,446,469,408,348,352,2026-08-14T00:22:57.807Z
2021,4275000000,영월군,강원도 영월군,강원,sigungu,95,125,138,138,144,157,167,181,190,214,249,222,213,205,259,252,302,365,319,362,430,2026-08-14T00:22:57.807Z
2021,4276000000,평창군,강원도 평창군,강원,sigungu,107,114,133,133,186,167,191,198,227,259,234,262,246,268,285,265,262,275,320,307,338,2026-08-14T00:22:57.807Z
2021,4277000000,정선군,강원도 정선군,강원,sigungu,122,127,136,135,139,160,164,212,183,250,219,256,247,227,260,218,237,235,230,283,323,2026-08-14T00:22:57.807Z
2021,4278000000,철원군,강원도 철원군,강원,sigungu,269,318,322,305,315,310,313,360,301,342,342,343,314,356,357,368,357,373,377,442,428,2026-08-14T00:22:57.807Z
2021,4279000000,화천군,강원도 화천군,강원,sigungu,140,152,183,176,144,175,201,186,171,181,168,174,161,152,173,173,147,188,177,208,227,2026-08-14T00:22:57.807Z
2021,4280000000,양구군,강원도 양구군,강원,sigungu,160,146,139,151,195,184,158,159,169,188,190,175,129,173,182,160,252,278,206,184,197,2026-08-14T00:22:57.807Z
2021,4281000000,인제군,강원도 인제군,강원,sigungu,227,234,262,235,257,252,280,220,242,290,224,252,207,227,224,226,207,234,230,205,292,2026-08-14T00:22:57.807Z
2021,4282000000,고성군,강원도 고성군,강원,sigungu,92,107,125,116,121,142,153,162,166,170,166,148,132,151,139,159,162,172,176,183,226,2026-08-14T00:22:57.807Z
2021,4283000000,양양군,강원도 양양군,강원,sigungu,77,89,107,110,108,144,138,150,164,182,177,169,152,164,193,150,169,191,212,193,241,2026-08-14T00:22:57.807Z
2021,4300000000,충북,충청북도,충북,sido,8030,8730,9352,10745,11395,12848,13551,13438,13728,15158,14851,14934,14031,14521,15493,13847,13622,14793,15076,15243,17197,2026-08-14T00:22:57.807Z
2021,4311000000,청주시,충청북도 청주시,충북,sigungu,5028,5396,5641,6638,7009,7765,8260,8026,8282,9091,8706,8679,8239,8427,8927,8076,7839,8406,8763,8677,9855,2026-08-14T00:22:57.807Z
2021,4311100000,청주시 상당구,충청북도 청주시 상당구,충북,sigungu,1088,1205,1224,1445,1497,1742,1849,1842,1929,2083,1992,2013,1815,1943,2053,1827,1801,1979,2112,2115,2334,2026-08-14T00:22:57.807Z
2021,4311200000,청주시 서원구,충청북도 청주시 서원구,충북,sigungu,836,897,941,1156,1269,1333,1527,1462,1524,1866,1794,1838,1787,1918,1977,1910,1884,2038,2158,2105,2485,2026-08-14T00:22:57.807Z
2021,4311300000,청주시 흥덕구,충청북도 청주시 흥덕구,충북,sigungu,1788,1817,1950,2262,2382,2507,2681,2577,2634,2836,2768,2695,2621,2571,2769,2477,2400,2638,2704,2654,3072,2026-08-14T00:22:57.807Z
2021,4311400000,청주시 청원구,충청북도 청주시 청원구,충북,sigungu,1316,1477,1526,1775,1861,2183,2203,2145,2195,2306,2152,2133,2016,1995,2128,1862,1754,1751,1789,1803,1964,2026-08-14T00:22:57.807Z
2021,4313000000,충주시,충청북도 충주시,충북,sigungu,916,1070,1110,1238,1339,1527,1596,1581,1634,1745,1852,1888,1697,1855,2000,1754,1708,1889,1909,1920,2181,2026-08-14T00:22:57.807Z
2021,4315000000,제천시,충청북도 제천시,충북,sigungu,563,559,631,755,765,928,943,984,966,1094,1080,1104,1036,1125,1156,1087,1091,1191,1174,1295,1464,2026-08-14T00:22:57.807Z
2021,4372000000,보은군,충청북도 보은군,충북,sigungu,69,105,96,139,129,143,154,155,156,188,195,188,203,177,205,181,196,217,209,246,262,2026-08-14T00:22:57.807Z
2021,4373000000,옥천군,충청북도 옥천군,충북,sigungu,147,172,169,181,226,265,270,320,299,348,384,381,366,367,406,365,335,388,388,383,473,2026-08-14T00:22:57.807Z
2021,4374000000,영동군,충청북도 영동군,충북,sigungu,150,181,160,197,187,216,229,242,231,294,288,311,285,292,339,300,304,350,357,369,422,2026-08-14T00:22:57.807Z
2021,4374500000,증평군,충청북도 증평군,충북,sigungu,182,197,253,284,284,355,313,344,357,378,361,386,340,340,366,275,324,319,308,318,346,2026-08-14T00:22:57.807Z
2021,4375000000,진천군,충청북도 진천군,충북,sigungu,498,552,664,656,730,803,897,838,850,901,906,915,801,878,907,751,774,875,774,772,824,2026-08-14T00:22:57.807Z
2021,4376000000,괴산군,충청북도 괴산군,충북,sigungu,75,80,90,102,126,126,123,173,162,191,161,195,192,183,206,173,171,189,223,249,286,2026-08-14T00:22:57.807Z
2021,4377000000,음성군,충청북도 음성군,충북,sigungu,335,347,448,443,513,612,630,650,671,758,754,733,705,695,772,703,685,772,757,818,861,2026-08-14T00:22:57.807Z
2021,4380000000,단양군,충청북도 단양군,충북,sigungu,67,71,90,112,87,108,136,125,120,170,164,154,167,182,209,182,195,197,214,196,223,2026-08-14T00:22:57.807Z
2021,4400000000,충남,충청남도,충남,sido,10759,12061,13317,14392,15865,17707,19131,18950,19282,21262,20817,20648,19635,20420,21326,19430,18561,19897,20082,19857,22402,2026-08-14T00:22:57.807Z
2021,4413000000,천안시,충청남도 천안시,충남,sigungu,4245,4618,4874,5282,5707,6438,6864,6619,6702,7350,7083,6991,6591,6892,7144,6415,6267,6696,6698,6878,7989,2026-08-14T00:22:57.807Z
2021,4413100000,천안시 동남구,충청남도 천안시 동남구,충남,sigungu,1209,1328,1542,1628,1723,2056,2254,2194,2330,2541,2535,2576,2483,2589,2797,2433,2410,2504,2613,2648,3158,2026-08-14T00:22:57.807Z
2021,4413300000,천안시 서북구,충청남도 천안시 서북구,충남,sigungu,3036,3290,3332,3654,3984,4382,4610,4425,4372,4809,4548,4415,4108,4303,4347,3982,3857,4192,4085,4230,4831,2026-08-14T00:22:57.807Z
2021,4415000000,공주시,충청남도 공주시,충남,sigungu,349,405,423,428,471,526,619,637,695,751,751,754,711,758,797,785,744,802,858,951,1042,2026-08-14T00:22:57.807Z
2021,4418000000,보령시,충청남도 보령시,충남,sigungu,374,410,467,462,548,614,624,703,667,747,812,804,746,816,808,790,752,838,838,839,939,2026-08-14T00:22:57.807Z
2021,4420000000,아산시,충청남도 아산시,충남,sigungu,1875,2157,2608,2821,3151,3537,3838,3611,3749,4184,4025,3960,3698,3725,3809,3450,3140,3335,3268,3101,3384,2026-08-14T00:22:57.807Z
2021,4421000000,서산시,충청남도 서산시,충남,sigungu,993,1137,1229,1343,1412,1586,1727,1736,1700,1892,1761,1789,1715,1763,1864,1649,1513,1704,1721,1632,1828,2026-08-14T00:22:57.807Z
2021,4423000000,논산시,충청남도 논산시,충남,sigungu,440,458,562,605,665,725,785,812,791,886,896,886,868,990,990,944,878,975,1019,987,1128,2026-08-14T00:22:57.807Z
2021,4425000000,계룡시,충청남도 계룡시,충남,sigungu,178,227,252,308,394,417,441,487,492,551,539,553,595,602,673,692,622,661,717,575,600,2026-08-14T00:22:57.807Z
2021,4427000000,당진시,충청남도 당진시,충남,sigungu,955,1047,1191,1337,1484,1548,1747,1722,1699,1834,1839,1813,1652,1631,1722,1521,1371,1496,1405,1382,1576,2026-08-14T00:22:57.807Z
2021,4471000000,금산군,충청남도 금산군,충남,sigungu,141,173,187,177,201,256,256,269,321,335,375,398,384,426,490,415,399,398,435,382,421,2026-08-14T00:22:57.807Z
2021,4476000000,부여군,충청남도 부여군,충남,sigungu,124,167,187,216,247,271,350,355,350,392,385,402,393,406,451,445,463,451,519,523,556,2026-08-14T00:22:57.807Z
2021,4477000000,서천군,충청남도 서천군,충남,sigungu,149,175,157,189,171,211,241,274,277,277,325,322,280,312,316,305,360,355,384,363,425,2026-08-14T00:22:57.807Z
2021,4479000000,청양군,충청남도 청양군,충남,sigungu,82,87,89,101,109,120,121,137,159,170,176,179,165,183,178,171,172,211,202,299,315,2026-08-14T00:22:57.807Z
2021,4480000000,홍성군,충청남도 홍성군,충남,sigungu,493,559,602,634,745,788,832,840,877,988,956,958,937,984,1025,888,853,977,986,894,1030,2026-08-14T00:22:57.807Z
2021,4481000000,예산군,충청남도 예산군,충남,sigungu,194,239,280,241,314,335,378,414,443,486,498,487,505,495,605,535,602,562,570,577,678,2026-08-14T00:22:57.807Z
2021,4482500000,태안군,충청남도 태안군,충남,sigungu,167,202,209,248,246,335,308,334,360,419,396,352,395,437,454,425,425,436,462,474,491,2026-08-14T00:22:57.807Z
2021,4500000000,전북,전라북도,전북,sido,7296,8197,9143,10147,11469,12917,14435,14550,14899,16620,16670,16775,15859,16606,17780,16112,16253,17462,18186,18425,20627,2026-08-14T00:22:57.807Z
2021,4511000000,전주시,전라북도 전주시,전북,sigungu,3090,3464,3918,4391,5029,5580,6412,6216,6328,7015,6855,7010,6566,6919,7296,6612,6647,7154,7460,7552,8500,2026-08-14T00:22:57.807Z
2021,4511100000,전주시 완산구,전라북도 전주시 완산구,전북,sigungu,1316,1535,1751,1952,2247,2539,2848,2838,2871,3160,3176,3286,3140,3250,3531,3273,3349,3686,3914,4005,4506,2026-08-14T00:22:57.807Z
2021,4511300000,전주시 덕진구,전라북도 전주시 덕진구,전북,sigungu,1774,1929,2167,2439,2782,3041,3564,3378,3457,3855,3679,3724,3426,3669,3765,3339,3298,3468,3546,3547,3994,2026-08-14T00:22:57.807Z
2021,4513000000,군산시,전라북도 군산시,전북,sigungu,1120,1309,1396,1607,1829,2110,2419,2456,2528,2709,2683,2701,2541,2572,2758,2477,2417,2605,2714,2682,3017,2026-08-14T00:22:57.807Z
2021,4514000000,익산시,전라북도 익산시,전북,sigungu,1038,1146,1291,1499,1679,1880,2132,2092,2178,2579,2558,2521,2416,2525,2819,2523,2677,2840,3009,3126,3499,2026-08-14T00:22:57.807Z
2021,4514500000,익산시함열출장소,전라북도 익산시함열출장소,전북,sigungu,0,0,0,0,0,0,0,0,0,0,0,0,0,0,0,0,0,0,0,0,0,2026-08-14T00:22:57.807Z
2021,4518000000,정읍시,전라북도 정읍시,전북,sigungu,347,357,462,534,519,611,689,745,720,856,888,842,845,862,996,873,877,949,1032,1093,1117,2026-08-14T00:22:57.807Z
2021,4519000000,남원시,전라북도 남원시,전북,sigungu,318,353,399,412,443,500,480,544,554,592,656,679,603,724,679,688,724,784,769,787,884,2026-08-14T00:22:57.807Z
2021,4521000000,김제시,전라북도 김제시,전북,sigungu,247,261,263,323,368,415,462,478,489,568,627,548,566,564,629,603,566,625,659,653,710,2026-08-14T00:22:57.807Z
2021,4571000000,완주군,전라북도 완주군,전북,sigungu,344,386,480,507,650,719,762,772,799,905,872,909,838,819,887,783,757,781,771,760,901,2026-08-14T00:22:57.807Z
2021,4572000000,진안군,전라북도 진안군,전북,sigungu,113,125,120,98,100,116,89,113,129,144,152,175,133,140,160,173,151,171,180,184,198,2026-08-14T00:22:57.807Z
2021,4573000000,무주군,전라북도 무주군,전북,sigungu,63,87,75,75,86,120,121,147,136,156,172,168,180,173,208,179,167,182,170,173,212,2026-08-14T00:22:57.807Z
2021,4574000000,장수군,전라북도 장수군,전북,sigungu,68,89,84,75,82,102,100,131,152,142,166,160,134,199,184,148,144,169,165,158,186,2026-08-14T00:22:57.807Z
2021,4575000000,임실군,전라북도 임실군,전북,sigungu,149,156,121,108,120,129,107,119,141,135,148,156,157,186,155,146,125,153,183,165,189,2026-08-14T00:22:57.807Z
2021,4577000000,순창군,전라북도 순창군,전북,sigungu,74,128,124,124,112,160,118,136,135,161,171,215,192,202,237,223,222,230,234,225,227,2026-08-14T00:22:57.807Z
2021,4579000000,고창군,전라북도 고창군,전북,sigungu,161,184,205,215,223,236,283,318,296,333,380,357,374,389,411,364,443,454,453,441,494,2026-08-14T00:22:57.807Z
2021,4580000000,부안군,전라북도 부안군,전북,sigungu,164,152,205,179,229,239,261,283,314,325,342,334,314,332,361,320,336,365,387,426,493,2026-08-14T00:22:57.807Z
2021,4600000000,전남,전라남도,전남,sido,8242,9418,10423,10781,11699,13208,14159,14246,14858,16678,16530,16347,15375,15947,17065,15480,15150,16608,17335,17311,19444,2026-08-14T00:22:57.807Z
2021,4611000000,목포시,전라남도 목포시,전남,sigungu,774,932,1172,1308,1526,1859,1998,2067,2177,2534,2521,2469,2301,2362,2446,2266,2178,2344,2462,2453,2720,2026-08-14T00:22:57.807Z
2021,4613000000,여수시,전라남도 여수시,전남,sigungu,1325,1456,1556,1729,1871,2142,2361,2244,2355,2507,2632,2492,2319,2451,2680,2427,2311,2714,2788,2810,3149,2026-08-14T00:22:57.807Z
2021,4615000000,순천시,전라남도 순천시,전남,sigungu,1508,1658,1922,1926,2185,2371,2734,2578,2708,2948,2870,2900,2840,2893,3070,2830,2736,3043,3174,3088,3574,2026-08-14T00:22:57.807Z
2021,4617000000,나주시,전라남도 나주시,전남,sigungu,699,777,848,929,1015,1078,1109,1084,1067,1239,1130,1044,972,1005,1029,906,828,856,942,931,1002,2026-08-14T00:22:57.807Z
2021,4623000000,광양시,전라남도 광양시,전남,sigungu,888,1001,1120,1148,1195,1328,1424,1403,1490,1659,1609,1640,1487,1543,1606,1459,1504,1576,1595,1629,1756,2026-08-14T00:22:57.807Z
2021,4671000000,담양군,전라남도 담양군,전남,sigungu,152,194,191,227,198,218,216,269,246,266,273,292,276,279,280,279,332,344,295,335,406,2026-08-14T00:22:57.807Z
2021,4672000000,곡성군,전라남도 곡성군,전남,sigungu,40,54,70,95,80,105,129,116,128,147,173,157,154,180,160,181,198,177,226,253,264,2026-08-14T00:22:57.807Z
2021,4673000000,구례군,전라남도 구례군,전남,sigungu,85,70,82,59,78,102,116,119,160,153,170,171,154,169,197,165,180,163,196,209,226,2026-08-14T00:22:57.807Z
2021,4677000000,고흥군,전라남도 고흥군,전남,sigungu,189,235,216,206,205,254,240,257,285,326,308,331,325,337,396,348,382,393,405,446,452,2026-08-14T00:22:57.807Z
2021,4678000000,보성군,전라남도 보성군,전남,sigungu,86,124,129,132,154,147,170,171,189,215,245,231,207,225,283,242,245,254,284,265,320,2026-08-14T00:22:57.807Z
2021,4679000000,화순군,전라남도 화순군,전남,sigungu,199,250,266,262,300,323,374,385,400,492,489,477,507,491,599,538,564,599,618,618,710,2026-08-14T00:22:57.807Z
2021,4680000000,장흥군,전라남도 장흥군,전남,sigungu,151,173,161,126,154,168,190,223,241,247,238,229,237,236,287,236,246,284,304,308,352,2026-08-14T00:22:57.807Z
2021,4681000000,강진군,전라남도 강진군,전남,sigungu,98,108,148,134,145,145,176,182,196,199,234,233,206,244,278,219,242,234,272,242,295,2026-08-14T00:22:57.807Z
2021,4682000000,해남군,전라남도 해남군,전남,sigungu,285,340,340,332,346,345,349,390,385,486,457,480,442,510,484,498,485,520,556,539,662,2026-08-14T00:22:57.807Z
2021,4683000000,영암군,전라남도 영암군,전남,sigungu,214,252,291,283,312,341,340,331,405,406,419,431,398,392,452,393,398,425,488,484,539,2026-08-14T00:22:57.807Z
2021,4684000000,무안군,전라남도 무안군,전남,sigungu,475,514,668,700,720,938,971,1007,986,1192,1075,1101,1024,1057,1044,922,792,913,911,860,982,2026-08-14T00:22:57.807Z
2021,4686000000,함평군,전라남도 함평군,전남,sigungu,82,114,92,117,106,131,97,131,163,177,186,189,169,193,214,172,189,226,241,215,259,2026-08-14T00:22:57.807Z
2021,4687000000,영광군,전라남도 영광군,전남,sigungu,402,528,418,326,317,331,295,299,316,399,376,400,379,395,436,381,375,404,418,436,471,2026-08-14T00:22:57.807Z
2021,4688000000,장성군,전라남도 장성군,전남,sigungu,145,199,196,227,227,258,279,307,290,310,346,309,282,313,330,291,296,326,331,340,372,2026-08-14T00:22:57.807Z
2021,4689000000,완도군,전라남도 완도군,전남,sigungu,196,227,258,259,277,327,292,354,319,378,343,385,326,294,371,355,304,407,347,358,401,2026-08-14T00:22:57.807Z
2021,4690000000,진도군,전라남도 진도군,전남,sigungu,122,101,158,125,155,157,160,171,192,206,216,207,197,189,248,201,179,199,245,272,268,2026-08-14T00:22:57.807Z
2021,4691000000,신안군,전라남도 신안군,전남,sigungu,127,111,121,131,133,140,139,158,160,192,220,179,173,189,175,171,186,207,237,220,264,2026-08-14T00:22:57.807Z
2021,4700000000,경북,경상북도,경북,sido,11755,12910,14369,15876,17224,19725,21185,20835,21282,23354,22697,21995,21014,22008,23130,20981,21170,22276,23419,23274,26498,2026-08-14T00:22:57.807Z
2021,4711000000,포항시,경상북도 포항시,경북,sigungu,2189,2534,2807,3208,3569,4170,4661,4562,4638,4965,4871,4863,4443,4557,4755,4355,4431,4586,4770,4569,5268,2026-08-14T00:22:57.807Z
2021,4711100000,포항시 남구,경상북도 포항시 남구,경북,sigungu,950,1090,1160,1315,1504,1831,2117,2022,2061,2317,2198,2242,2024,2114,2137,1980,2068,2068,2116,1989,2401,2026-08-14T00:22:57.807Z
2021,4711300000,포항시 북구,경상북도 포항시 북구,경북,sigungu,1239,1444,1647,1893,2065,2339,2544,2540,2577,2648,2673,2621,2419,2443,2618,2375,2363,2518,2654,2580,2867,2026-08-14T00:22:57.807Z
2021,4713000000,경주시,경상북도 경주시,경북,sigungu,1047,1130,1201,1370,1475,1685,1805,1781,1845,2036,1972,1962,1889,1994,2095,1972,1913,1997,2197,2198,2513,2026-08-14T00:22:57.807Z
2021,4715000000,김천시,경상북도 김천시,경북,sigungu,778,772,836,920,984,1082,1082,1127,1131,1268,1182,1162,1094,1241,1233,1105,1253,1405,1297,1237,1416,2026-08-14T00:22:57.807Z
2021,4717000000,안동시,경상북도 안동시,경북,sigungu,720,716,818,886,949,1050,1169,1090,1249,1323,1308,1277,1243,1323,1392,1247,1291,1386,1388,1488,1630,2026-08-14T00:22:57.807Z
2021,4719000000,구미시,경상북도 구미시,경북,sigungu,2354,2687,3000,3462,3795,4363,4786,4703,4505,5037,4811,4520,4245,4472,4739,4154,4017,4220,4647,4345,4937,2026-08-14T00:22:57.807Z
2021,4721000000,영주시,경상북도 영주시,경북,sigungu,358,359,405,517,522,622,681,692,710,876,825,846,810,858,844,815,874,884,948,904,1059,2026-08-14T00:22:57.807Z
2021,4723000000,영천시,경상북도 영천시,경북,sigungu,517,529,548,510,534,567,578,542,570,632,593,655,599,634,669,615,668,696,734,684,878,2026-08-14T00:22:57.807Z
2021,4725000000,상주시,경상북도 상주시,경북,sigungu,315,373,425,416,447,529,590,554,603,650,656,669,683,737,726,682,789,760,813,780,890,2026-08-14T00:22:57.807Z
2021,4728000000,문경시,경상북도 문경시,경북,sigungu,293,326,321,327,363,391,433,417,454,502,540,463,465,519,559,495,567,571,580,668,760,2026-08-14T00:22:57.807Z
2021,4729000000,경산시,경상북도 경산시,경북,sigungu,1357,1407,1614,1795,1908,2250,2271,2308,2292,2527,2423,2235,2196,2215,2402,2059,2023,2264,2397,2643,3089,2026-08-14T00:22:57.807Z
2021,4772000000,군위군,경상북도 군위군,경북,sigungu,52,54,58,48,53,57,58,67,63,95,84,82,82,100,103,90,84,98,83,113,113,2026-08-14T00:22:57.807Z
2021,4773000000,의성군,경상북도 의성군,경북,sigungu,165,205,178,172,186,181,162,183,182,187,199,185,206,222,214,222,212,222,246,258,277,2026-08-14T00:22:57.807Z
2021,4775000000,청송군,경상북도 청송군,경북,sigungu,81,81,95,74,79,83,100,103,109,112,108,102,90,108,113,113,122,120,141,132,150,2026-08-14T00:22:57.807Z
2021,4776000000,영양군,경상북도 영양군,경북,sigungu,40,53,77,51,68,66,75,76,89,80,75,94,76,96,106,75,93,77,99,101,106,2026-08-14T00:22:57.807Z
2021,4777000000,영덕군,경상북도 영덕군,경북,sigungu,92,125,130,107,171,149,165,171,179,169,192,205,181,174,222,208,196,211,223,218,231,2026-08-14T00:22:57.807Z
2021,4782000000,청도군,경상북도 청도군,경북,sigungu,92,112,115,133,131,141,158,166,164,200,198,187,196,201,259,279,204,235,226,248,247,2026-08-14T00:22:57.807Z
2021,4783000000,고령군,경상북도 고령군,경북,sigungu,97,100,100,113,134,133,146,154,153,186,150,170,186,185,209,198,190,205,195,220,229,2026-08-14T00:22:57.807Z
2021,4784000000,성주군,경상북도 성주군,경북,sigungu,172,187,208,190,197,179,153,155,179,199,221,187,215,218,216,221,204,216,238,246,282,2026-08-14T00:22:57.807Z
2021,4785000000,칠곡군,경상북도 칠곡군,경북,sigungu,446,477,630,770,820,1082,1102,1029,1123,1207,1180,1144,1099,1143,1205,1085,1077,1085,1171,1161,1279,2026-08-14T00:22:57.807Z
2021,4790000000,예천군,경상북도 예천군,경북,sigungu,299,355,393,394,425,486,535,473,533,557,546,460,513,476,452,432,384,407,402,383,434,2026-08-14T00:22:57.807Z
2021,4792000000,봉화군,경상북도 봉화군,경북,sigungu,72,94,112,116,136,132,128,128,147,162,174,176,156,150,182,187,175,201,198,204,224,2026-08-14T00:22:57.807Z
2021,4793000000,울진군,경상북도 울진군,경북,sigungu,195,206,257,262,249,281,310,314,312,339,337,308,313,341,383,329,357,398,374,419,424,2026-08-14T00:22:57.807Z
2021,4794000000,울릉군,경상북도 울릉군,경북,sigungu,24,28,41,35,29,46,37,40,52,45,52,43,34,44,52,43,46,32,52,55,62,2026-08-14T00:22:57.807Z
2021,4800000000,경남,경상남도,경남,sido,15087,16812,19376,21601,24228,27823,30492,30703,30492,34055,33348,32946,30880,32417,34243,30215,29259,31736,32485,31932,35480,2026-08-14T00:22:57.807Z
2021,4812000000,창원시,경상남도 창원시,경남,sigungu,5112,5410,6218,6798,7648,8664,9528,9357,9589,10629,10255,9916,9506,9783,10547,9280,8867,9788,10153,10039,11222,2026-08-14T00:22:57.807Z
2021,4812100000,창원시 의창구,경상남도 창원시 의창구,경남,sigungu,1199,1197,1403,1513,1734,1895,2047,1951,2003,2156,2030,2104,1898,1885,2032,1772,1717,1891,2007,1995,2365,2026-08-14T00:22:57.807Z
2021,4812300000,창원시 성산구,경상남도 창원시 성산구,경남,sigungu,1237,1280,1430,1624,1743,1986,2165,2205,2159,2464,2437,2388,2341,2515,2777,2435,2424,2700,2841,2827,3157,2026-08-14T00:22:57.807Z
2021,4812500000,창원시 마산합포구,경상남도 창원시 마산합포구,경남,sigungu,862,901,1060,1103,1273,1464,1622,1564,1586,1754,1607,1481,1422,1414,1528,1285,1248,1370,1393,1523,1616,2026-08-14T00:22:57.807Z
2021,4812700000,창원시 마산회원구,경상남도 창원시 마산회원구,경남,sigungu,690,760,899,1016,1133,1326,1500,1499,1558,1794,1745,1659,1656,1734,1887,1733,1660,1814,1901,1800,2044,2026-08-14T00:22:57.807Z
2021,4812900000,창원시 진해구,경상남도 창원시 진해구,경남,sigungu,1124,1272,1426,1542,1765,1993,2194,2138,2283,2461,2436,2284,2189,2235,2323,2055,1818,2013,2011,1894,2040,2026-08-14T00:22:57.807Z
2021,4817000000,진주시,경상남도 진주시,경남,sigungu,1691,1865,2052,2374,2510,2965,3206,3386,3199,3546,3572,3529,3230,3554,3691,3323,3104,3481,3583,3619,4025,2026-08-14T00:22:57.807Z
2021,4822000000,통영시,경상남도 통영시,경남,sigungu,407,463,541,645,791,948,1092,1186,1108,1366,1396,1434,1316,1346,1382,1155,1114,1189,1229,1110,1260,2026-08-14T00:22:57.807Z
2021,4824000000,사천시,경상남도 사천시,경남,sigungu,435,495,550,626,780,859,934,956,928,1075,1014,1127,1060,1077,1083,996,884,923,1009,950,1065,2026-08-14T00:22:57.807Z
2021,4824500000,사천남양출장소,경상남도 사천남양출장소,경남,sigungu,0,0,0,0,0,0,0,0,0,0,0,0,0,0,0,0,0,0,0,0,0,2026-08-14T00:22:57.807Z
2021,4825000000,김해시,경상남도 김해시,경남,sigungu,2714,2997,3614,3963,4414,5138,5567,5565,5598,6284,6029,6070,5777,6040,6605,5882,5505,5940,6179,6074,6683,2026-08-14T00:22:57.807Z
2021,4825200000,장유출장소,경상남도 장유출장소,경남,sigungu,0,0,0,0,0,0,0,0,0,0,0,0,0,0,0,0,0,0,0,0,0,2026-08-14T00:22:57.807Z
2021,4827000000,밀양시,경상남도 밀양시,경남,sigungu,334,363,425,432,541,578,591,626,643,702,687,717,669,776,855,702,727,767,784,786,926,2026-08-14T00:22:57.807Z
2021,4831000000,거제시,경상남도 거제시,경남,sigungu,1165,1446,1675,1960,2386,2816,3209,3107,3038,3343,3300,3177,2840,2906,2962,2561,2426,2643,2592,2545,2770,2026-08-14T00:22:57.807Z
2021,4833000000,양산시,경상남도 양산시,경남,sigungu,2032,2402,2677,3053,3265,3692,3986,3933,3718,4083,3988,3764,3405,3567,3668,3222,3147,3307,3314,3249,3693,2026-08-14T00:22:57.807Z
2021,4833200000,양산시웅상출장소,경상남도 양산시웅상출장소,경남,sigungu,0,0,0,0,0,0,0,0,0,0,0,0,0,0,0,0,0,0,0,0,0,2026-08-14T00:22:57.807Z
2021,4872000000,의령군,경상남도 의령군,경남,sigungu,69,84,74,92,106,95,104,109,110,143,133,132,134,131,144,122,147,163,177,161,177,2026-08-14T00:22:57.807Z
2021,4873000000,함안군,경상남도 함안군,경남,sigungu,162,198,269,306,316,379,440,468,490,558,556,582,598,623,595,566,552,555,598,531,583,2026-08-14T00:22:57.807Z
2021,4874000000,창녕군,경상남도 창녕군,경남,sigungu,192,189,240,258,289,314,313,319,371,380,405,395,344,389,390,341,476,467,404,405,471,2026-08-14T00:22:57.807Z
2021,4882000000,고성군,경상남도 고성군,경남,sigungu,116,126,135,177,183,227,290,315,318,390,385,418,354,389,400,355,425,483,498,351,419,2026-08-14T00:22:57.807Z
2021,4884000000,남해군,경상남도 남해군,경남,sigungu,87,113,114,113,144,157,183,208,176,217,243,252,265,285,283,252,258,305,311,377,350,2026-08-14T00:22:57.807Z
2021,4885000000,하동군,경상남도 하동군,경남,sigungu,118,122,156,141,139,172,179,201,170,235,242,286,228,285,281,257,261,271,288,274,363,2026-08-14T00:22:57.807Z
2021,4886000000,산청군,경상남도 산청군,경남,sigungu,85,84,112,99,121,114,143,119,146,152,162,200,161,190,240,210,199,198,209,237,230,2026-08-14T00:22:57.807Z
2021,4887000000,함양군,경상남도 함양군,경남,sigungu,91,104,128,148,159,169,194,211,238,253,206,266,249,293,295,286,298,316,305,272,346,2026-08-14T00:22:57.807Z
2021,4888000000,거창군,경상남도 거창군,경남,sigungu,190,246,268,290,323,370,395,462,451,501,544,498,528,536,550,494,668,714,593,693,609,2026-08-14T00:22:57.807Z
2021,4889000000,합천군,경상남도 합천군,경남,sigungu,87,105,128,126,113,166,138,175,201,198,231,183,216,247,272,211,201,226,259,259,288,2026-08-14T00:22:57.807Z
2021,5000000000,제주,제주특별자치도,제주,sido,3655,4033,4672,5066,5620,6317,6820,6965,7002,7837,7499,7386,6987,7032,7447,6834,6475,6779,7153,6777,7541,2026-08-14T00:22:57.807Z
2021,5011000000,제주시,제주특별자치도 제주시,제주,sigungu,2824,3070,3530,3940,4191,4735,5076,5262,5265,5865,5554,5450,5205,5191,5588,5158,4874,5135,5501,5146,5751,2026-08-14T00:22:57.807Z
2021,5013000000,서귀포시,제주특별자치도 서귀포시,제주,sigungu,831,963,1142,1126,1429,1582,1744,1703,1737,1972,1945,1936,1782,1841,1859,1676,1601,1644,1652,1631,1790,2026-08-14T00:22:57.807Z
2020,1100000000,서울,서울특별시,서울,sido,45165,50482,53099,57331,64404,68808,68085,68257,75438,72676,73776,70062,74955,79461,73398,71470,79105,81820,82413,95406,114046,2026-08-14T00:22:57.807Z
2020,1111000000,종로구,서울특별시 종로구,서울,sigungu,469,585,586,676,764,843,869,833,990,912,1018,933,1036,1118,1047,980,1115,1123,1161,1482,1835,2026-08-14T00:22:57.807Z
2020,1114000000,중구,서울특별시 중구,서울,sigungu,612,624,623,682,740,729,682,720,743,681,639,569,615,682,587,580,683,693,766,959,1332,2026-08-14T00:22:57.807Z
2020,1117000000,용산구,서울특별시 용산구,서울,sigungu,1085,1221,1249,1288,1455,1473,1411,1382,1507,1425,1452,1398,1376,1530,1436,1417,1615,1625,1715,2045,2489,2026-08-14T00:22:57.807Z
2020,1120000000,성동구,서울특별시 성동구,서울,sigungu,1873,1935,1967,2058,2228,2226,2099,2032,2068,1963,1840,1705,1841,1985,1746,1776,2001,1990,2162,2769,3427,2026-08-14T00:22:57.807Z
2020,1121500000,광진구,서울특별시 광진구,서울,sigungu,1402,1612,1672,1753,1912,2163,2101,2194,2426,2337,2378,2242,2456,2643,2518,2376,2596,2750,2683,3289,4248,2026-08-14T00:22:57.807Z
2020,1123000000,동대문구,서울특별시 동대문구,서울,sigungu,1631,1860,1850,2008,2168,2306,2224,2145,2363,2233,2263,2074,2240,2341,2140,2080,2257,2430,2518,3304,4357,2026-08-14T00:22:57.807Z
2020,1126000000,중랑구,서울특별시 중랑구,서울,sigungu,1761,2012,2092,2191,2475,2559,2321,2483,2624,2546,2481,2375,2469,2547,2508,2358,2658,2901,2951,3511,4176,2026-08-14T00:22:57.807Z
2020,1129000000,성북구,서울특별시 성북구,서울,sigungu,2013,2217,2380,2594,3016,3218,3173,3163,3503,3545,3484,3272,3394,3759,3431,3375,3776,3872,3942,4840,5903,2026-08-14T00:22:57.807Z
2020,1130500000,강북구,서울특별시 강북구,서울,sigungu,1003,1149,1309,1503,1651,1694,1658,1807,1979,1961,1986,1967,1949,2121,2025,1975,2216,2427,2455,2906,3507,2026-08-14T00:22:57.807Z
2020,1132000000,도봉구,서울특별시 도봉구,서울,sigungu,1171,1450,1590,1756,1948,2049,2169,2016,2333,2293,2319,2230,2265,2577,2312,2250,2689,2803,2893,3289,3876,2026-08-14T00:22:57.807Z
2020,1135000000,노원구,서울특별시 노원구,서울,sigungu,2188,2478,2595,2968,3274,3705,3717,3778,4278,4201,4517,4368,5080,5328,4981,5122,5657,5877,5765,6540,7538,2026-08-14T00:22:57.807Z
2020,1138000000,은평구,서울특별시 은평구,서울,sigungu,2090,2379,2538,2743,3089,3353,3197,3204,3651,3460,3567,3426,3559,3842,3683,3479,3957,4217,4270,4676,5507,2026-08-14T00:22:57.807Z
2020,1141000000,서대문구,서울특별시 서대문구,서울,sigungu,1570,1627,1810,1892,2161,2231,2275,2166,2330,2113,2233,2148,2069,2227,2238,2114,2400,2551,2518,3124,3914,2026-08-14T00:22:57.807Z
2020,1144000000,마포구,서울특별시 마포구,서울,sigungu,1995,2122,2297,2364,2725,2738,2671,2506,2873,2608,2680,2589,2831,2990,2680,2578,2825,2906,2828,3465,4298,2026-08-14T00:22:57.807Z
2020,1147000000,양천구,서울특별시 양천구,서울,sigungu,1831,2143,2293,2622,3034,3419,3661,3868,4338,4343,4645,4529,5250,5504,4887,4863,5283,5312,5218,5381,5870,2026-08-14T00:22:57.807Z
2020,1150000000,강서구,서울특별시 강서구,서울,sigungu,3053,3279,3393,3630,4126,4335,4215,4273,4758,4498,4209,4019,4324,4508,4142,4057,4543,4743,4852,5297,6227,2026-08-14T00:22:57.807Z
2020,1153000000,구로구,서울특별시 구로구,서울,sigungu,2209,2458,2592,2677,2933,3110,2930,3002,3189,3099,3097,2862,2906,2995,2826,2670,2950,3038,3236,3609,4238,2026-08-14T00:22:57.807Z
2020,1154500000,금천구,서울특별시 금천구,서울,sigungu,1007,1068,1135,1232,1333,1445,1293,1215,1489,1331,1354,1254,1271,1449,1357,1331,1485,1588,1670,1910,2339,2026-08-14T00:22:57.807Z
2020,1156000000,영등포구,서울특별시 영등포구,서울,sigungu,2258,2567,2534,2607,2822,2854,2634,2445,2682,2433,2399,2194,2275,2388,2188,2132,2424,2535,2574,3169,3737,2026-08-14T00:22:57.807Z
2020,1159000000,동작구,서울특별시 동작구,서울,sigungu,1890,1980,2178,2331,2563,2834,2696,2601,2827,2664,2750,2545,2565,2701,2550,2452,2775,2843,2970,3670,4506,2026-08-14T00:22:57.807Z
2020,1162000000,관악구,서울특별시 관악구,서울,sigungu,1745,1851,1898,2106,2298,2515,2415,2375,2558,2611,2540,2380,2536,2724,2551,2596,2795,3057,3186,4235,5444,2026-08-14T00:22:57.807Z
2020,1165000000,서초구,서울특별시 서초구,서울,sigungu,2043,2331,2681,2821,3249,3672,3939,4142,4533,4440,4677,4376,4821,4799,4430,4293,4633,4394,4307,4599,5136,2026-08-14T00:22:57.807Z
2020,1168000000,강남구,서울특별시 강남구,서울,sigungu,2159,2504,2594,2972,3392,3877,4252,4613,5163,5240,5382,5303,6187,6476,5790,5759,6025,6159,5820,6233,7062,2026-08-14T00:22:57.807Z
2020,1171000000,송파구,서울특별시 송파구,서울,sigungu,3532,4052,4269,4706,5425,5595,5610,5531,6159,5865,5939,5609,5677,6114,5722,5399,5888,6035,5960,6725,7895,2026-08-14T00:22:57.807Z
2020,1174000000,강동구,서울특별시 강동구,서울,sigungu,2575,2978,2974,3151,3623,3865,3873,3763,4074,3874,3927,3695,3963,4113,3623,3458,3859,3951,3993,4379,5185,2026-08-14T00:22:57.807Z
2020,2600000000,부산,부산광역시,부산,sido,14785,17149,19312,21565,24563,26588,26220,25895,28642,27637,27143,24917,26210,27637,24901,24453,26732,28427,28586,33008,38289,2026-08-14T00:22:57.807Z
2020,2611000000,중구,부산광역시 중구,부산,sigungu,80,88,106,133,119,155,150,160,156,173,172,169,156,196,168,179,178,245,252,312,398,2026-08-14T00:22:57.807Z
2020,2614000000,서구,부산광역시 서구,부산,sigungu,347,424,455,503,586,639,653,603,705,707,709,634,662,707,674,651,748,797,753,952,1164,2026-08-14T00:22:57.807Z
2020,2617000000,동구,부산광역시 동구,부산,sigungu,320,340,355,403,436,457,413,439,458,464,439,413,443,507,443,431,518,581,587,783,802,2026-08-14T00:22:57.807Z
2020,2620000000,영도구,부산광역시 영도구,부산,sigungu,287,347,416,449,540,588,574,615,654,669,715,609,686,705,680,633,738,793,852,992,1141,2026-08-14T00:22:57.807Z
2020,2623000000,부산진구,부산광역시 부산진구,부산,sigungu,1472,1675,1901,2018,2283,2363,2384,2214,2574,2434,2426,2251,2309,2491,2245,2153,2497,2584,2701,3348,3950,2026-08-14T00:22:57.807Z
2020,2626000000,동래구,부산광역시 동래구,부산,sigungu,1235,1410,1513,1751,2004,2265,2244,2243,2583,2387,2522,2224,2515,2623,2400,2271,2436,2649,2544,2786,3119,2026-08-14T00:22:57.807Z
2020,2629000000,남구,부산광역시 남구,부산,sigungu,991,1187,1379,1630,1855,2090,2100,2176,2361,2283,2319,2109,2172,2415,2092,2130,2230,2385,2405,2778,3360,2026-08-14T00:22:57.807Z
2020,2632000000,북구,부산광역시 북구,부산,sigungu,1257,1407,1592,1838,2064,2191,2067,2113,2261,2204,2144,2107,2158,2230,2129,2210,2278,2508,2534,3003,3487,2026-08-14T00:22:57.807Z
2020,2635000000,해운대구,부산광역시 해운대구,부산,sigungu,1693,2005,2253,2430,2896,3255,3264,3380,3714,3621,3591,3453,3682,3891,3599,3561,3764,4108,4048,4453,4932,2026-08-14T00:22:57.807Z
2020,2638000000,사하구,부산광역시 사하구,부산,sigungu,1277,1390,1608,1846,2070,2286,2211,2191,2575,2515,2390,2278,2408,2556,2251,2225,2526,2712,2851,3188,3728,2026-08-14T00:22:57.807Z
2020,2641000000,금정구,부산광역시 금정구,부산,sigungu,745,934,987,1165,1295,1527,1492,1533,1679,1676,1645,1527,1599,1760,1624,1606,1738,1914,1975,2322,2969,2026-08-14T00:22:57.807Z
2020,2644000000,강서구,부산광역시 강서구,부산,sigungu,1350,1632,1900,2108,2320,2318,2273,2084,2135,1975,1830,1494,1450,1296,1036,983,933,911,835,946,986,2026-08-14T00:22:57.807Z
2020,2647000000,연제구,부산광역시 연제구,부산,sigungu,981,1203,1282,1335,1647,1660,1669,1583,1692,1695,1646,1454,1598,1686,1543,1483,1648,1754,1674,1981,2311,2026-08-14T00:22:57.807Z
2020,2650000000,수영구,부산광역시 수영구,부산,sigungu,769,841,935,963,1120,1195,1119,1039,1185,1162,1065,1044,1097,1172,1051,1083,1245,1271,1306,1518,1782,2026-08-14T00:22:57.807Z
2020,2653000000,사상구,부산광역시 사상구,부산,sigungu,773,923,1068,1184,1255,1439,1306,1382,1581,1444,1428,1316,1399,1487,1331,1288,1589,1574,1657,2019,2407,2026-08-14T00:22:57.807Z
2020,2671000000,기장군,부산광역시 기장군,부산,sigungu,1208,1343,1562,1809,2073,2160,2301,2140,2329,2228,2102,1835,1876,1915,1635,1566,1666,1641,1612,1627,1753,2026-08-14T00:22:57.807Z
2020,2700000000,대구,대구광역시,대구,sido,10935,13326,14626,16445,18868,20143,20147,19952,22240,21544,21397,20137,21314,22949,20835,20941,22490,24448,23928,27459,31297,2026-08-14T00:22:57.807Z
2020,2711000000,중구,대구광역시 중구,대구,sigungu,373,410,512,513,576,581,553,503,579,542,480,450,449,491,446,459,506,577,546,685,754,2026-08-14T00:22:57.807Z
2020,2714000000,동구,대구광역시 동구,대구,sigungu,1622,2027,2223,2416,2736,2884,2778,2699,3000,2808,2789,2565,2517,2698,2338,2360,2573,2801,2794,3131,3638,2026-08-14T00:22:57.807Z
2020,2717000000,서구,대구광역시 서구,대구,sigungu,412,496,593,709,838,859,829,881,996,951,897,886,910,1017,947,977,1101,1292,1321,1514,1786,2026-08-14T00:22:57.807Z
2020,2720000000,남구,대구광역시 남구,대구,sigungu,466,559,601,601,722,748,726,787,808,803,770,759,830,893,880,876,979,1104,1057,1271,1553,2026-08-14T00:22:57.807Z
2020,2723000000,북구,대구광역시 북구,대구,sigungu,2183,2564,2912,3177,3634,3858,3797,3734,4151,4021,3928,3706,3960,4338,4010,4033,4396,4752,4701,5480,6409,2026-08-14T00:22:57.807Z
2020,2726000000,수성구,대구광역시 수성구,대구,sigungu,1336,1715,1952,2444,2913,3316,3659,3807,4293,4349,4482,4478,5012,5375,4997,4901,5227,5648,5393,5982,6406,2026-08-14T00:22:57.807Z
2020,2729000000,달서구,대구광역시 달서구,대구,sigungu,2283,2906,3077,3616,4234,4635,4651,4584,5231,5056,5139,4869,5059,5603,4975,5139,5587,5978,5957,6934,8052,2026-08-14T00:22:57.807Z
2020,2771000000,달성군,대구광역시 달성군,대구,sigungu,2260,2649,2756,2969,3215,3262,3154,2957,3182,3014,2912,2424,2577,2534,2242,2196,2121,2296,2159,2462,2699,2026-08-14T00:22:57.807Z
2020,2800000000,인천,인천광역시,인천,sido,15253,17615,19126,20685,23641,25731,25361,25436,28005,27781,27197,25999,26790,28761,25756,25061,26830,28306,27896,31566,35624,2026-08-14T00:22:57.807Z
2020,2811000000,중구,인천광역시 중구,인천,sigungu,753,974,1044,1150,1212,1352,1293,1314,1411,1392,1377,1241,1307,1482,1245,1177,1294,1173,1148,1205,1358,2026-08-14T00:22:57.807Z
2020,2811400000,중구영종출장소,인천광역시 중구영종출장소,인천,sigungu,0,0,0,0,0,0,0,0,0,0,0,0,0,0,0,0,0,0,0,0,0,2026-08-14T00:22:57.807Z
2020,2811800000,중구용유출장소,인천광역시 중구용유출장소,인천,sigungu,0,0,0,0,0,0,0,0,0,0,0,0,0,0,0,0,0,0,0,0,0,2026-08-14T00:22:57.807Z
2020,2814000000,동구,인천광역시 동구,인천,sigungu,209,277,291,297,398,435,436,397,508,494,502,470,469,556,468,474,513,497,518,562,690,2026-08-14T00:22:57.807Z
2020,2817700000,미추홀구,인천광역시 미추홀구,인천,sigungu,1986,2100,2341,2605,2789,3082,2891,2978,3239,3182,3068,2933,2988,3162,2850,2889,3108,3379,3379,3902,4670,2026-08-14T00:22:57.807Z
2020,2818500000,연수구,인천광역시 연수구,인천,sigungu,2566,2998,3278,3472,3918,4279,4355,4360,4664,4525,4427,4299,4446,4675,3998,3842,4133,4132,4034,4726,5169,2026-08-14T00:22:57.807Z
2020,2820000000,남동구,인천광역시 남동구,인천,sigungu,2632,3057,3364,3733,4297,4747,4700,4748,5299,5237,5086,4829,4913,5189,4747,4542,4734,5124,5003,5685,6312,2026-08-14T00:22:57.807Z
2020,2823700000,부평구,인천광역시 부평구,인천,sigungu,2165,2525,2828,3001,3449,3679,3689,3587,4013,3969,3902,3940,4057,4448,3941,4025,4199,4731,4750,5217,5957,2026-08-14T00:22:57.807Z
2020,2824500000,계양구,인천광역시 계양구,인천,sigungu,1205,1435,1530,1538,1895,2046,2080,2063,2313,2385,2423,2326,2483,2701,2447,2304,2729,2941,2941,3411,3868,2026-08-14T00:22:57.807Z
2020,2826000000,서구,인천광역시 서구,인천,sigungu,3352,3871,4107,4530,5267,5664,5476,5531,6042,6067,5855,5404,5584,5975,5506,5274,5565,5734,5515,6215,6794,2026-08-14T00:22:57.807Z
2020,2826500000,서구검단출장소,인천광역시 서구검단출장소,인천,sigungu,0,0,0,0,0,0,0,0,0,0,0,0,0,0,0,0,0,0,0,0,0,2026-08-14T00:22:57.807Z
2020,2871000000,강화군,인천광역시 강화군,인천,sigungu,313,292,264,264,307,343,363,357,405,426,440,455,446,465,450,448,448,483,483,499,587,2026-08-14T00:22:57.807Z
2020,2872000000,옹진군,인천광역시 옹진군,인천,sigungu,72,86,79,95,109,104,78,101,111,104,117,102,97,108,104,86,107,112,125,144,219,2026-08-14T00:22:57.807Z
2020,2900000000,광주,광주광역시,광주,sido,7147,8656,9663,10801,12503,13394,13631,13760,15364,14773,15024,14337,14889,16160,14696,14272,15517,16794,16609,18846,21552,2026-08-14T00:22:57.807Z
2020,2911000000,동구,광주광역시 동구,광주,sigungu,547,650,664,733,733,856,791,706,762,731,691,586,637,694,687,594,748,838,828,1021,1371,2026-08-14T00:22:57.807Z
2020,2914000000,서구,광주광역시 서구,광주,sigungu,1299,1529,1732,1928,2233,2328,2466,2606,2829,2825,2810,2746,2893,3135,2963,2843,3187,3416,3510,4064,4484,2026-08-14T00:22:57.807Z
2020,2915500000,남구,광주광역시 남구,광주,sigungu,916,1184,1266,1479,1743,1955,2129,2087,2322,2202,2264,2121,2263,2401,2170,2077,2223,2316,2359,2582,2905,2026-08-14T00:22:57.807Z
2020,2917000000,북구,광주광역시 북구,광주,sigungu,2106,2553,2819,3138,3566,3775,3740,3732,4108,4012,3999,3864,3989,4348,3889,3903,4231,4767,4650,5331,6167,2026-08-14T00:22:57.807Z
2020,2920000000,광산구,광주광역시 광산구,광주,sigungu,2279,2740,3182,3523,4228,4480,4505,4629,5343,5003,5260,5020,5107,5582,4987,4855,5128,5457,5262,5848,6625,2026-08-14T00:22:57.807Z
2020,3000000000,대전,대전광역시,대전,sido,7303,8488,9347,10596,11950,12950,12755,12990,14099,14051,13811,13257,14067,15014,13771,13429,14874,15430,15375,17408,19826,2026-08-14T00:22:57.807Z
2020,3011000000,동구,대전광역시 동구,대전,sigungu,922,1139,1229,1377,1560,1684,1693,1713,1830,1863,1844,1794,1906,1995,1844,1834,2037,2028,2072,2547,3067,2026-08-14T00:22:57.807Z
2020,3014000000,중구,대전광역시 중구,대전,sigungu,895,1073,1172,1386,1505,1709,1671,1755,1992,2016,2002,1894,2118,2182,2040,2035,2155,2439,2415,2707,2951,2026-08-14T00:22:57.807Z
2020,3017000000,서구,대전광역시 서구,대전,sigungu,2481,2764,3074,3437,4032,4282,4213,4346,4757,4706,4649,4448,4728,5192,4662,4557,5112,5284,5207,5854,6692,2026-08-14T00:22:57.807Z
2020,3020000000,유성구,대전광역시 유성구,대전,sigungu,2312,2642,2954,3389,3721,4038,3913,3869,4096,4012,3875,3685,3815,4001,3703,3492,3840,3809,3847,4088,4708,2026-08-14T00:22:57.807Z
2020,3023000000,대덕구,대전광역시 대덕구,대전,sigungu,693,870,918,1007,1132,1237,1265,1307,1424,1454,1441,1436,1500,1644,1522,1511,1730,1870,1834,2212,2408,2026-08-14T00:22:57.807Z
2020,3100000000,울산,울산광역시,울산,sido,6375,7398,8022,9069,10471,11231,11203,11034,12165,11538,11491,10863,11255,11905,10463,10214,10784,11469,11260,12716,14270,2026-08-14T00:22:57.807Z
2020,3111000000,중구,울산광역시 중구,울산,sigungu,912,1178,1311,1543,1746,1884,1895,1950,2133,2086,2017,1930,1964,2076,1851,1760,1948,2130,2061,2381,2580,2026-08-14T00:22:57.807Z
2020,3114000000,남구,울산광역시 남구,울산,sigungu,1619,1806,1867,2148,2527,2717,2741,2666,2970,2816,2775,2787,2922,3037,2813,2788,3081,3275,3271,3811,4343,2026-08-14T00:22:57.807Z
2020,3117000000,동구,울산광역시 동구,울산,sigungu,798,1052,1161,1396,1671,1680,1796,1688,1890,1757,1794,1624,1599,1722,1504,1384,1424,1522,1488,1550,1745,2026-08-14T00:22:57.807Z
2020,3120000000,북구,울산광역시 북구,울산,sigungu,1788,2033,2184,2379,2749,2960,2809,2752,2918,2724,2713,2464,2560,2709,2222,2151,2126,2189,2140,2385,2667,2026-08-14T00:22:57.807Z
2020,3171000000,울주군,울산광역시 울주군,울산,sigungu,1258,1329,1499,1603,1778,1990,1962,1978,2254,2155,2192,2058,2210,2361,2073,2131,2205,2353,2300,2589,2935,2026-08-14T00:22:57.807Z
2020,3600000000,세종,세종특별자치시,세종,sido,3344,3807,4174,4566,5010,5307,5109,5123,5567,5276,5208,4903,5013,4848,4347,3881,3985,3746,3406,3340,3630,2026-08-14T00:22:57.807Z
2020,4100000000,경기,경기도,경기,sido,76810,88101,96802,105278,119777,128940,127560,126241,140538,135937,134861,127586,133064,139128,126339,119870,130058,134067,133149,150092,170114,2026-08-14T00:22:57.807Z
2020,4111000000,수원시,경기도 수원시,경기,sigungu,6573,7519,8217,8795,10014,11110,10752,10691,12004,11439,11466,10901,11638,12269,11099,10646,11812,12429,12053,14016,16337,2026-08-14T00:22:57.807Z
2020,4111100000,수원시 장안구,경기도 수원시 장안구,경기,sigungu,1140,1282,1354,1518,1821,2067,2104,2195,2379,2481,2490,2489,2799,2893,2701,2649,2890,3096,2990,3654,4235,2026-08-14T00:22:57.807Z
2020,4111300000,수원시 권선구,경기도 수원시 권선구,경기,sigungu,2243,2597,2879,3118,3518,3744,3539,3440,3883,3551,3425,3226,3214,3479,3137,2920,3244,3483,3412,3939,4487,2026-08-14T00:22:57.807Z
2020,4111500000,수원시 팔달구,경기도 수원시 팔달구,경기,sigungu,670,704,834,885,1026,1010,1032,1006,1208,1108,1188,1146,1253,1374,1194,1233,1474,1564,1583,1831,2230,2026-08-14T00:22:57.807Z
2020,4111700000,수원시 영통구,경기도 수원시 영통구,경기,sigungu,2520,2936,3150,3274,3649,4289,4077,4050,4534,4299,4363,4040,4372,4523,4067,3844,4204,4286,4068,4592,5385,2026-08-14T00:22:57.807Z
2020,4113000000,성남시,경기도 성남시,경기,sigungu,4852,5446,5645,6149,6799,7655,7693,7754,8468,8374,8521,8065,8521,9045,8290,8013,9032,9261,9020,10071,11566,2026-08-14T00:22:57.807Z
2020,4113100000,성남시 수정구,경기도 성남시 수정구,경기,sigungu,1238,1455,1470,1540,1660,1756,1704,1604,1739,1703,1759,1543,1584,1788,1571,1567,1796,1889,1854,2214,2720,2026-08-14T00:22:57.807Z
2020,4113300000,성남시 중원구,경기도 성남시 중원구,경기,sigungu,1082,1120,1138,1271,1331,1489,1399,1400,1529,1501,1553,1397,1579,1697,1490,1453,1678,1775,1806,2159,2490,2026-08-14T00:22:57.807Z
2020,4113500000,성남시 분당구,경기도 성남시 분당구,경기,sigungu,2532,2871,3037,3338,3808,4410,4590,4750,5200,5170,5209,5125,5358,5560,5229,4993,5558,5597,5360,5698,6356,2026-08-14T00:22:57.807Z
2020,4115000000,의정부시,경기도 의정부시,경기,sigungu,2306,2669,2913,3173,3595,3955,3785,3801,4217,4039,4111,3818,3943,4353,3876,3822,4188,4494,4659,5275,6004,2026-08-14T00:22:57.807Z
2020,4117000000,안양시,경기도 안양시,경기,sigungu,2937,3164,3417,3489,3992,4378,4282,4166,4680,4789,4797,4548,4938,5274,5112,4853,5231,5733,5633,6238,7267,2026-08-14T00:22:57.807Z
2020,4117100000,안양시 만안구,경기도 안양시 만안구,경기,sigungu,1235,1315,1460,1491,1688,1733,1616,1587,1748,1687,1694,1552,1705,1809,1799,1693,1881,2155,2120,2451,3019,2026-08-14T00:22:57.807Z
2020,4117300000,안양시 동안구,경기도 안양시 동안구,경기,sigungu,1702,1849,1957,1998,2304,2645,2666,2579,2932,3102,3103,2996,3233,3465,3313,3160,3350,3578,3513,3787,4248,2026-08-14T00:22:57.807Z
2020,4119000000,부천시,경기도 부천시,경기,sigungu,4082,4522,4960,5292,5981,6189,6459,6183,6880,6676,6672,6367,6610,7233,6634,6327,6965,7554,7567,8647,9932,2026-08-14T00:22:57.807Z
2020,4121000000,광명시,경기도 광명시,경기,sigungu,1550,1730,1929,2028,2386,2540,2619,2601,2971,2929,2909,2765,3044,3127,3010,2848,3116,3206,3070,3486,3854,2026-08-14T00:22:57.807Z
2020,4122000000,평택시,경기도 평택시,경기,sigungu,3654,3988,4308,4658,5064,5433,5343,5263,5866,5576,5531,5349,5391,5602,5127,4701,5075,5235,5306,5897,6742,2026-08-14T00:22:57.807Z
2020,4122200000,송탄출장소,경기도 송탄출장소,경기,sigungu,0,0,0,0,0,0,0,0,0,0,0,0,0,0,0,0,0,0,0,0,0,2026-08-14T00:22:57.807Z
2020,4122400000,안중출장소,경기도 안중출장소,경기,sigungu,0,0,0,0,0,0,0,0,0,0,0,0,0,0,0,0,0,0,0,0,0,2026-08-14T00:22:57.807Z
2020,4125000000,동두천시,경기도 동두천시,경기,sigungu,394,452,451,548,643,667,741,748,826,828,863,854,823,897,821,739,834,937,863,973,1171,2026-08-14T00:22:57.807Z
2020,4127000000,안산시,경기도 안산시,경기,sigungu,3315,3499,3741,3972,4537,4914,4873,4901,5409,5471,5609,5352,5809,6357,5709,5863,6642,6859,7295,8550,9912,2026-08-14T00:22:57.807Z
2020,4127100000,안산시 상록구,경기도 안산시 상록구,경기,sigungu,1626,1783,1911,2032,2429,2665,2700,2667,2895,2988,3016,2871,3020,3367,3061,3138,3541,3685,3935,4658,5403,2026-08-14T00:22:57.807Z
2020,4127300000,안산시 단원구,경기도 안산시 단원구,경기,sigungu,1689,1716,1830,1940,2108,2249,2173,2234,2514,2483,2593,2481,2789,2990,2648,2725,3101,3174,3360,3892,4509,2026-08-14T00:22:57.807Z
2020,4128000000,고양시,경기도 고양시,경기,sigungu,5426,6213,6837,7498,8504,9277,9077,9144,10187,9959,10026,9570,10164,10557,9746,9529,10677,11187,11246,12306,14315,2026-08-14T00:22:57.807Z
2020,4128100000,고양시 덕양구,경기도 고양시 덕양구,경기,sigungu,2802,3079,3294,3623,4168,4323,4212,4084,4518,4479,4232,4087,4054,4126,3783,3650,4016,4387,4307,4871,5678,2026-08-14T00:22:57.807Z
2020,4128500000,고양시 일산동구,경기도 고양시 일산동구,경기,sigungu,1265,1515,1730,1889,2062,2349,2416,2388,2683,2563,2743,2555,2793,2970,2766,2790,3051,3181,3199,3577,4097,2026-08-14T00:22:57.807Z
2020,4128700000,고양시 일산서구,경기도 고양시 일산서구,경기,sigungu,1359,1619,1813,1986,2274,2605,2449,2672,2986,2917,3051,2928,3317,3461,3197,3089,3610,3619,3740,3858,4540,2026-08-14T00:22:57.807Z
2020,4129000000,과천시,경기도 과천시,경기,sigungu,398,375,438,483,551,555,574,589,626,586,548,594,619,609,587,583,657,662,705,755,842,2026-08-14T00:22:57.807Z
2020,4131000000,구리시,경기도 구리시,경기,sigungu,1002,1163,1298,1418,1565,1692,1736,1710,1865,1750,1776,1670,1641,1873,1756,1639,1818,1932,1886,2160,2593,2026-08-14T00:22:57.807Z
2020,4136000000,남양주시,경기도 남양주시,경기,sigungu,3764,4508,5198,5806,6798,7263,7386,7559,8473,8171,8043,7759,7983,8341,7467,6927,7560,7528,7406,8254,9038,2026-08-14T00:22:57.807Z
2020,4136200000,풍양출장소,경기도 풍양출장소,경기,sigungu,0,0,0,0,0,0,0,0,0,0,0,0,0,0,0,0,0,0,0,0,0,2026-08-14T00:22:57.807Z
2020,4137000000,오산시,경기도 오산시,경기,sigungu,1459,1737,1977,2169,2493,2734,2698,2652,2984,2881,2761,2611,2667,2629,2415,2207,2347,2397,2298,2541,2874,2026-08-14T00:22:57.807Z
2020,4139000000,시흥시,경기도 시흥시,경기,sigungu,3363,3990,4311,4648,5152,5608,5247,5036,5628,5334,5221,4952,5145,5200,4767,4464,4731,4969,4949,5749,6589,2026-08-14T00:22:57.807Z
2020,4141000000,군포시,경기도 군포시,경기,sigungu,1483,1676,1705,1869,2166,2177,2247,2314,2487,2506,2505,2392,2591,2654,2511,2426,2671,2895,2862,3147,3661,2026-08-14T00:22:57.807Z
2020,4143000000,의왕시,경기도 의왕시,경기,sigungu,920,1060,1182,1284,1442,1500,1404,1466,1469,1435,1378,1374,1409,1443,1364,1209,1426,1520,1573,1900,2235,2026-08-14T00:22:57.807Z
2020,4145000000,하남시,경기도 하남시,경기,sigungu,1974,2308,2735,2873,3380,3531,3455,3259,3467,3212,3164,2726,2735,2817,2293,2131,2283,2258,2233,2499,2843,2026-08-14T00:22:57.807Z
2020,4146000000,용인시,경기도 용인시,경기,sigungu,6229,7265,8056,8981,10467,11456,11496,11480,12839,12502,12446,11898,12485,13187,11804,11202,11718,11834,11531,13060,14798,2026-08-14T00:22:57.807Z
2020,4146100000,용인시 처인구,경기도 용인시 처인구,경기,sigungu,1403,1566,1782,1954,2212,2379,2314,2340,2677,2595,2500,2400,2527,2616,2323,2208,2334,2383,2495,3097,3519,2026-08-14T00:22:57.807Z
2020,4146300000,용인시 기흥구,경기도 용인시 기흥구,경기,sigungu,2549,3033,3462,3794,4491,4918,4862,4829,5542,5319,5368,4979,5247,5622,4986,4760,4883,4948,4718,5321,6113,2026-08-14T00:22:57.807Z
2020,4146500000,용인시 수지구,경기도 용인시 수지구,경기,sigungu,2277,2666,2812,3233,3764,4159,4320,4311,4620,4588,4578,4519,4711,4949,4495,4234,4501,4503,4318,4642,5166,2026-08-14T00:22:57.807Z
2020,4148000000,파주시,경기도 파주시,경기,sigungu,2783,3376,3647,4053,4645,5055,5050,4886,5575,5244,5350,4913,5099,5336,4671,4469,4670,4850,4696,5008,5582,2026-08-14T00:22:57.807Z
2020,4150000000,이천시,경기도 이천시,경기,sigungu,1235,1397,1571,1774,1972,2128,2098,2053,2322,2273,2253,2018,2175,2352,2082,2072,2101,2154,2257,2767,2831,2026-08-14T00:22:57.807Z
2020,4155000000,안성시,경기도 안성시,경기,sigungu,804,1005,1119,1268,1428,1549,1541,1679,1764,1891,1748,1736,1858,1862,1671,1616,1703,1728,1838,2239,2288,2026-08-14T00:22:57.807Z
2020,4157000000,김포시,경기도 김포시,경기,sigungu,3516,4198,4718,5233,6062,6415,6259,5931,6671,6250,5856,5311,5383,5217,4598,4188,4327,4252,4178,4413,4884,2026-08-14T00:22:57.807Z
2020,4159000000,화성시,경기도 화성시,경기,sigungu,6977,8314,9083,9838,11184,11756,11520,11377,12557,11879,11588,10744,10940,10877,9566,8562,8921,8572,8088,8891,9658,2026-08-14T00:22:57.807Z
2020,4159200000,화성시동부출장소,경기도 화성시동부출장소,경기,sigungu,0,0,0,0,0,0,0,0,0,0,0,0,0,0,0,0,0,0,0,0,0,2026-08-14T00:22:57.807Z
2020,4159400000,화성시동탄출장소,경기도 화성시동탄출장소,경기,sigungu,0,0,0,0,0,0,0,0,0,0,0,0,0,0,0,0,0,0,0,0,0,2026-08-14T00:22:57.807Z
2020,4161000000,광주시,경기도 광주시,경기,sigungu,2457,2868,3241,3431,3892,4026,3886,3562,4038,3789,3609,3273,3344,3568,3260,2975,3278,3198,3354,3760,4239,2026-08-14T00:22:57.807Z
2020,4163000000,양주시,경기도 양주시,경기,sigungu,1291,1452,1704,1864,2087,2165,2187,2220,2553,2417,2419,2321,2393,2528,2373,2224,2395,2385,2382,2637,2853,2026-08-14T00:22:57.807Z
2020,4165000000,포천시,경기도 포천시,경기,sigungu,578,647,727,811,861,950,903,909,1113,1080,1051,1125,1097,1197,1160,1096,1144,1411,1377,1585,1750,2026-08-14T00:22:57.807Z
2020,4167000000,여주시,경기도 여주시,경기,sigungu,528,567,593,636,748,807,799,835,925,976,920,931,878,971,889,899,984,971,1020,1129,1318,2026-08-14T00:22:57.807Z
2020,4180000000,연천군,경기도 연천군,경기,sigungu,225,238,263,236,291,305,288,295,296,293,319,286,292,302,283,305,327,299,360,420,454,2026-08-14T00:22:57.807Z
2020,4182000000,가평군,경기도 가평군,경기,sigungu,257,250,276,326,335,364,325,351,440,420,426,412,450,438,424,455,447,463,495,624,618,2026-08-14T00:22:57.807Z
2020,4183000000,양평군,경기도 양평군,경기,sigungu,478,505,542,675,743,786,837,826,938,968,975,951,999,1013,974,880,978,894,949,1095,1066,2026-08-14T00:22:57.807Z
2020,4200000000,강원,강원도,강원,sido,7736,8636,8752,9396,10689,11374,11283,11603,13114,13015,13061,12514,12854,13918,12529,12787,13884,14391,15028,16542,18989,2026-08-14T00:22:57.807Z
2020,4211000000,춘천시,강원도 춘천시,강원,sigungu,1572,1760,1815,1848,2206,2333,2370,2440,2646,2679,2592,2467,2615,2697,2449,2573,2586,2766,2915,3277,3725,2026-08-14T00:22:57.807Z
2020,4213000000,원주시,강원도 원주시,강원,sigungu,2060,2336,2259,2615,2883,3065,3008,3104,3482,3490,3531,3407,3496,3881,3322,3353,3542,3596,3706,4084,4573,2026-08-14T00:22:57.807Z
2020,4215000000,강릉시,강원도 강릉시,강원,sigungu,936,1016,1145,1154,1375,1489,1398,1527,1726,1722,1716,1730,1689,1937,1730,1771,1942,2020,2118,2321,2861,2026-08-14T00:22:57.807Z
2020,4217000000,동해시,강원도 동해시,강원,sigungu,399,470,486,596,709,694,754,771,885,861,823,836,823,889,814,842,878,935,936,1041,1085,2026-08-14T00:22:57.807Z
2020,4219000000,태백시,강원도 태백시,강원,sigungu,153,171,208,210,238,271,302,296,357,368,389,359,360,386,342,341,362,385,441,466,517,2026-08-14T00:22:57.807Z
2020,4221000000,속초시,강원도 속초시,강원,sigungu,414,453,491,490,600,721,651,627,722,690,741,652,681,728,675,674,777,784,855,911,1034,2026-08-14T00:22:57.807Z
2020,4223000000,삼척시,강원도 삼척시,강원,sigungu,343,346,322,332,377,382,398,415,481,465,485,455,457,483,454,465,475,532,600,728,912,2026-08-14T00:22:57.807Z
2020,4272000000,홍천군,강원도 홍천군,강원,sigungu,289,319,335,339,387,418,374,400,472,467,466,487,469,507,442,468,518,608,601,614,677,2026-08-14T00:22:57.807Z
2020,4273000000,횡성군,강원도 횡성군,강원,sigungu,152,180,171,210,215,224,229,228,279,271,277,280,300,322,300,302,467,477,408,367,445,2026-08-14T00:22:57.807Z
2020,4275000000,영월군,강원도 영월군,강원,sigungu,117,132,137,140,159,166,184,181,214,247,227,215,205,259,251,245,371,318,329,449,469,2026-08-14T00:22:57.807Z
2020,4276000000,평창군,강원도 평창군,강원,sigungu,107,142,146,184,171,194,195,227,260,242,263,252,278,289,279,269,278,321,326,352,418,2026-08-14T00:22:57.807Z
2020,4277000000,정선군,강원도 정선군,강원,sigungu,127,147,136,131,163,163,216,182,252,219,261,254,231,261,217,248,232,228,282,330,358,2026-08-14T00:22:57.807Z
2020,4278000000,철원군,강원도 철원군,강원,sigungu,338,331,314,336,332,336,360,309,350,359,357,315,372,367,372,360,372,373,463,444,536,2026-08-14T00:22:57.807Z
2020,4279000000,화천군,강원도 화천군,강원,sigungu,162,177,192,150,177,204,181,184,192,172,173,164,160,175,170,157,192,176,212,218,280,2026-08-14T00:22:57.807Z
2020,4280000000,양구군,강원도 양구군,강원,sigungu,154,162,149,199,184,156,156,165,184,193,177,136,175,189,171,166,300,270,266,197,251,2026-08-14T00:22:57.807Z
2020,4281000000,인제군,강원도 인제군,강원,sigungu,226,256,233,262,245,283,219,252,284,239,266,220,234,222,232,211,235,229,196,269,304,2026-08-14T00:22:57.807Z
2020,4282000000,고성군,강원도 고성군,강원,sigungu,94,127,96,102,127,135,143,136,154,159,148,127,145,138,156,161,167,167,188,224,251,2026-08-14T00:22:57.807Z
2020,4283000000,양양군,강원도 양양군,강원,sigungu,93,111,117,98,141,140,145,159,174,172,169,158,164,188,153,181,190,206,186,250,293,2026-08-14T00:22:57.807Z
2020,4300000000,충북,충청북도,충북,sido,8399,9382,10742,11439,12815,13562,13403,13663,15143,14823,14962,14049,14495,15518,13900,13585,14799,15113,15544,17414,19487,2026-08-14T00:22:57.807Z
2020,4311000000,청주시,충청북도 청주시,충북,sigungu,5093,5601,6595,6996,7724,8237,8014,8240,9074,8675,8695,8215,8435,8931,8100,7867,8427,8830,8825,9842,11013,2026-08-14T00:22:57.807Z
2020,4311100000,청주시 상당구,충청북도 청주시 상당구,충북,sigungu,1060,1125,1382,1429,1651,1801,1770,1884,2030,1950,1969,1769,1899,2010,1797,1760,1969,2084,2185,2350,2568,2026-08-14T00:22:57.807Z
2020,4311200000,청주시 서원구,충청북도 청주시 서원구,충북,sigungu,857,941,1155,1269,1338,1553,1489,1534,1888,1818,1869,1819,1943,2002,1973,1902,2051,2201,2134,2477,2747,2026-08-14T00:22:57.807Z
2020,4311300000,청주시 흥덕구,충청북도 청주시 흥덕구,충북,sigungu,1770,1956,2248,2372,2487,2630,2570,2607,2830,2736,2703,2582,2557,2761,2457,2400,2629,2715,2674,3048,3414,2026-08-14T00:22:57.807Z
2020,4311400000,청주시 청원구,충청북도 청주시 청원구,충북,sigungu,1406,1579,1810,1926,2248,2253,2185,2215,2326,2171,2154,2045,2036,2158,1873,1805,1778,1830,1832,1967,2284,2026-08-14T00:22:57.807Z
2020,4313000000,충주시,충청북도 충주시,충북,sigungu,1009,1115,1227,1320,1538,1607,1561,1627,1737,1840,1863,1695,1853,1985,1743,1698,1881,1921,1992,2252,2482,2026-08-14T00:22:57.807Z
2020,4315000000,제천시,충청북도 제천시,충북,sigungu,583,635,750,773,924,926,994,969,1098,1088,1117,1038,1110,1149,1098,1082,1185,1170,1273,1473,1630,2026-08-14T00:22:57.807Z
2020,4372000000,보은군,충청북도 보은군,충북,sigungu,109,94,144,133,149,146,152,156,186,195,193,207,176,206,186,199,220,200,258,266,283,2026-08-14T00:22:57.807Z
2020,4373000000,옥천군,충청북도 옥천군,충북,sigungu,177,175,180,215,257,265,309,290,345,377,373,372,362,405,370,334,393,387,393,495,531,2026-08-14T00:22:57.807Z
2020,4374000000,영동군,충청북도 영동군,충북,sigungu,202,202,217,219,211,237,241,220,296,291,315,282,289,343,304,303,353,360,384,457,617,2026-08-14T00:22:57.807Z
2020,4374500000,증평군,충청북도 증평군,충북,sigungu,190,269,299,307,359,334,355,371,387,371,398,347,335,367,274,324,324,298,339,342,423,2026-08-14T00:22:57.807Z
2020,4375000000,진천군,충청북도 진천군,충북,sigungu,540,645,651,730,794,896,838,836,900,898,907,795,867,922,748,707,812,719,759,856,907,2026-08-14T00:22:57.807Z
2020,4376000000,괴산군,충청북도 괴산군,충북,sigungu,77,104,107,129,121,134,162,160,185,167,200,210,189,211,177,175,200,230,247,322,376,2026-08-14T00:22:57.807Z
2020,4377000000,음성군,충청북도 음성군,충북,sigungu,349,455,465,516,625,644,648,668,768,756,747,725,692,782,712,693,800,773,847,876,977,2026-08-14T00:22:57.807Z
2020,4380000000,단양군,충청북도 단양군,충북,sigungu,70,87,107,101,113,136,129,126,167,165,154,163,187,217,188,203,204,225,227,233,248,2026-08-14T00:22:57.807Z
2020,4400000000,충남,충청남도,충남,sido,11733,13382,14425,15791,17742,19205,18957,19291,21299,20803,20601,19588,20301,21308,19378,18576,19905,20094,20150,22647,25164,2026-08-14T00:22:57.807Z
2020,4413000000,천안시,충청남도 천안시,충남,sigungu,4595,4992,5368,5758,6528,6976,6678,6745,7402,7114,6975,6583,6925,7162,6426,6283,6726,6695,6772,7850,8883,2026-08-14T00:22:57.807Z
2020,4413100000,천안시 동남구,충청남도 천안시 동남구,충남,sigungu,1352,1579,1670,1742,2092,2307,2217,2367,2568,2555,2576,2489,2613,2815,2437,2419,2533,2628,2584,3134,3465,2026-08-14T00:22:57.807Z
2020,4413300000,천안시 서북구,충청남도 천안시 서북구,충남,sigungu,3243,3413,3698,4016,4436,4669,4461,4378,4834,4559,4399,4094,4312,4347,3989,3864,4193,4067,4188,4716,5418,2026-08-14T00:22:57.807Z
2020,4415000000,공주시,충청남도 공주시,충남,sigungu,432,445,434,475,546,609,629,687,760,756,753,724,757,806,785,754,807,866,940,967,1254,2026-08-14T00:22:57.807Z
2020,4418000000,보령시,충청남도 보령시,충남,sigungu,391,466,476,570,620,634,715,666,767,832,808,748,824,805,791,760,841,847,874,997,1075,2026-08-14T00:22:57.807Z
2020,4420000000,아산시,충청남도 아산시,충남,sigungu,1959,2491,2732,3041,3492,3773,3571,3745,4173,3969,3946,3632,3653,3781,3377,3124,3267,3234,3105,3341,3692,2026-08-14T00:22:57.807Z
2020,4421000000,서산시,충청남도 서산시,충남,sigungu,1103,1230,1346,1413,1581,1697,1742,1690,1880,1764,1773,1711,1748,1847,1623,1511,1701,1713,1727,1898,2073,2026-08-14T00:22:57.807Z
2020,4423000000,논산시,충청남도 논산시,충남,sigungu,464,567,610,677,725,784,824,800,898,883,884,879,985,1001,947,888,973,1030,1044,1175,1255,2026-08-14T00:22:57.807Z
2020,4425000000,계룡시,충청남도 계룡시,충남,sigungu,182,248,276,360,393,426,456,465,519,538,540,580,557,659,675,609,652,708,656,664,686,2026-08-14T00:22:57.807Z
2020,4427000000,당진시,충청남도 당진시,충남,sigungu,1042,1200,1343,1476,1560,1788,1733,1715,1858,1846,1815,1665,1642,1716,1528,1390,1494,1400,1416,1621,1734,2026-08-14T00:22:57.807Z
2020,4471000000,금산군,충청남도 금산군,충남,sigungu,177,198,183,202,256,257,266,318,330,378,401,383,396,502,439,420,423,444,432,449,492,2026-08-14T00:22:57.807Z
2020,4476000000,부여군,충청남도 부여군,충남,sigungu,163,195,212,241,271,359,346,342,404,391,402,392,407,450,451,480,463,522,532,575,687,2026-08-14T00:22:57.807Z
2020,4477000000,서천군,충청남도 서천군,충남,sigungu,168,159,193,176,217,242,274,279,273,325,329,284,313,316,308,359,349,397,398,434,469,2026-08-14T00:22:57.807Z
2020,4479000000,청양군,충청남도 청양군,충남,sigungu,85,95,104,105,119,131,132,157,170,171,175,161,177,175,172,172,206,212,231,375,363,2026-08-14T00:22:57.807Z
2020,4480000000,홍성군,충청남도 홍성군,충남,sigungu,533,588,631,730,778,823,847,878,972,936,959,948,986,1027,890,841,973,991,924,1067,1185,2026-08-14T00:22:57.807Z
2020,4481000000,예산군,충청남도 예산군,충남,sigungu,238,288,255,318,324,386,411,433,479,499,490,494,496,600,536,547,587,567,631,708,751,2026-08-14T00:22:57.807Z
2020,4482500000,태안군,충청남도 태안군,충남,sigungu,201,220,262,249,332,320,333,371,414,401,351,404,435,461,430,438,443,468,468,526,565,2026-08-14T00:22:57.807Z
2020,4500000000,전북,전라북도,전북,sido,7947,9047,10130,11469,12905,14398,14538,14935,16608,16715,16771,15823,16643,17756,16144,16197,17469,18279,18921,20960,23331,2026-08-14T00:22:57.807Z
2020,4511000000,전주시,전라북도 전주시,전북,sigungu,3200,3761,4301,4960,5499,6221,6212,6296,6959,6808,6957,6446,6903,7270,6611,6661,7176,7471,7698,8543,9793,2026-08-14T00:22:57.807Z
2020,4511100000,전주시 완산구,전라북도 전주시 완산구,전북,sigungu,1448,1696,1983,2266,2523,2830,2870,2868,3172,3190,3287,3085,3268,3528,3277,3366,3721,3944,4133,4583,5206,2026-08-14T00:22:57.807Z
2020,4511300000,전주시 덕진구,전라북도 전주시 덕진구,전북,sigungu,1752,2065,2318,2694,2976,3391,3342,3428,3787,3618,3670,3361,3635,3742,3334,3295,3455,3527,3565,3960,4587,2026-08-14T00:22:57.807Z
2020,4513000000,군산시,전라북도 군산시,전북,sigungu,1256,1364,1599,1820,2108,2394,2461,2537,2712,2700,2715,2571,2576,2765,2512,2457,2604,2723,2794,3113,3362,2026-08-14T00:22:57.807Z
2020,4514000000,익산시,전라북도 익산시,전북,sigungu,1129,1285,1512,1707,1903,2159,2116,2193,2581,2581,2523,2420,2545,2838,2527,2618,2818,3053,3094,3472,3972,2026-08-14T00:22:57.807Z
2020,4514500000,익산시함열출장소,전라북도 익산시함열출장소,전북,sigungu,0,0,0,0,0,0,0,0,0,0,0,0,0,0,0,0,0,0,0,0,0,2026-08-14T00:22:57.807Z
2020,4518000000,정읍시,전라북도 정읍시,전북,sigungu,354,461,523,524,617,690,742,721,851,887,839,838,877,1001,871,913,952,1041,1158,1174,1274,2026-08-14T00:22:57.807Z
2020,4519000000,남원시,전라북도 남원시,전북,sigungu,358,423,435,442,506,489,540,569,589,660,681,607,732,680,686,684,752,763,815,931,943,2026-08-14T00:22:57.807Z
2020,4521000000,김제시,전라북도 김제시,전북,sigungu,280,267,322,372,412,464,470,496,581,643,556,579,563,631,602,562,621,656,672,724,825,2026-08-14T00:22:57.807Z
2020,4571000000,완주군,전라북도 완주군,전북,sigungu,386,475,497,643,731,799,764,824,912,880,915,840,858,868,795,776,799,767,783,910,957,2026-08-14T00:22:57.807Z
2020,4572000000,진안군,전라북도 진안군,전북,sigungu,130,137,116,104,127,113,112,125,151,161,178,147,130,158,173,147,167,181,199,200,222,2026-08-14T00:22:57.807Z
2020,4573000000,무주군,전라북도 무주군,전북,sigungu,88,73,81,97,119,129,148,141,160,176,169,180,171,209,176,165,182,169,181,218,213,2026-08-14T00:22:57.807Z
2020,4574000000,장수군,전라북도 장수군,전북,sigungu,94,90,76,83,103,109,131,153,146,171,160,138,196,181,145,151,166,168,165,188,196,2026-08-14T00:22:57.807Z
2020,4575000000,임실군,전라북도 임실군,전북,sigungu,162,135,113,131,130,130,112,139,143,148,160,172,179,158,145,138,163,182,176,207,209,2026-08-14T00:22:57.807Z
2020,4577000000,순창군,전라북도 순창군,전북,sigungu,160,158,151,138,171,141,129,136,162,175,214,199,197,234,220,217,224,235,229,250,263,2026-08-14T00:22:57.807Z
2020,4579000000,고창군,전라북도 고창군,전북,sigungu,191,204,211,223,233,286,325,294,338,385,366,369,384,399,366,370,481,480,503,519,565,2026-08-14T00:22:57.807Z
2020,4580000000,부안군,전라북도 부안군,전북,sigungu,159,214,193,225,246,274,276,311,323,340,338,317,332,364,315,338,364,390,454,511,537,2026-08-14T00:22:57.807Z
2020,4600000000,전남,전라남도,전남,sido,9445,10725,10884,11764,13216,14266,14124,14758,16584,16436,16305,15384,15913,17059,15468,15065,16642,17432,18008,20032,22574,2026-08-14T00:22:57.807Z
2020,4611000000,목포시,전라남도 목포시,전남,sigungu,920,1181,1329,1519,1887,1960,2139,2221,2571,2568,2505,2333,2400,2488,2311,2205,2375,2484,2564,2846,3201,2026-08-14T00:22:57.807Z
2020,4613000000,여수시,전라남도 여수시,전남,sigungu,1423,1562,1749,1903,2156,2380,2243,2383,2513,2630,2504,2349,2462,2696,2437,2357,2714,2786,2888,3219,3653,2026-08-14T00:22:57.807Z
2020,4615000000,순천시,전라남도 순천시,전남,sigungu,1599,1860,1911,2122,2340,2669,2571,2685,2925,2846,2874,2826,2897,3065,2827,2756,3042,3162,3189,3630,4043,2026-08-14T00:22:57.807Z
2020,4617000000,나주시,전라남도 나주시,전남,sigungu,736,845,916,1011,1081,1126,1061,1036,1209,1112,1018,968,981,1014,882,802,836,986,916,986,1135,2026-08-14T00:22:57.807Z
2020,4623000000,광양시,전라남도 광양시,전남,sigungu,980,1103,1139,1203,1326,1459,1410,1481,1669,1618,1649,1482,1554,1617,1479,1441,1594,1648,1749,1833,2204,2026-08-14T00:22:57.807Z
2020,4671000000,담양군,전라남도 담양군,전남,sigungu,235,228,239,206,217,228,243,233,255,261,287,268,272,268,259,278,357,304,337,399,485,2026-08-14T00:22:57.807Z
2020,4672000000,곡성군,전라남도 곡성군,전남,sigungu,64,79,97,82,101,124,104,123,137,174,156,154,179,158,176,189,183,247,231,255,275,2026-08-14T00:22:57.807Z
2020,4673000000,구례군,전라남도 구례군,전남,sigungu,83,101,63,84,104,124,115,149,150,168,167,160,166,192,165,184,171,194,217,242,255,2026-08-14T00:22:57.807Z
2020,4677000000,고흥군,전라남도 고흥군,전남,sigungu,241,256,217,215,268,241,250,283,334,314,332,328,336,391,350,381,395,403,484,460,558,2026-08-14T00:22:57.807Z
2020,4678000000,보성군,전라남도 보성군,전남,sigungu,120,153,147,171,156,198,175,183,211,245,229,213,226,280,237,239,257,281,293,349,395,2026-08-14T00:22:57.807Z
2020,4679000000,화순군,전라남도 화순군,전남,sigungu,257,280,265,295,310,367,368,390,482,476,463,495,473,595,513,517,598,623,657,725,875,2026-08-14T00:22:57.807Z
2020,4680000000,장흥군,전라남도 장흥군,전남,sigungu,218,179,137,157,172,196,226,243,242,244,233,237,243,295,235,261,284,300,340,383,380,2026-08-14T00:22:57.807Z
2020,4681000000,강진군,전라남도 강진군,전남,sigungu,123,173,149,160,155,193,181,196,209,236,239,211,242,276,224,248,240,275,251,314,361,2026-08-14T00:22:57.807Z
2020,4682000000,해남군,전라남도 해남군,전남,sigungu,366,437,381,377,363,382,384,387,479,448,487,448,529,485,513,479,517,544,580,691,693,2026-08-14T00:22:57.807Z
2020,4683000000,영암군,전라남도 영암군,전남,sigungu,275,317,292,341,362,372,331,410,425,414,442,399,395,445,398,397,425,493,492,557,666,2026-08-14T00:22:57.807Z
2020,4684000000,무안군,전라남도 무안군,전남,sigungu,438,554,591,639,819,852,906,911,1103,982,1036,955,990,998,881,800,876,875,858,972,1031,2026-08-14T00:22:57.807Z
2020,4686000000,함평군,전라남도 함평군,전남,sigungu,126,111,121,116,142,115,133,162,173,188,185,174,176,209,170,180,218,223,243,270,287,2026-08-14T00:22:57.807Z
2020,4687000000,영광군,전라남도 영광군,전남,sigungu,534,501,336,332,334,328,301,320,398,381,395,381,394,442,381,371,403,432,470,500,527,2026-08-14T00:22:57.807Z
2020,4688000000,장성군,전라남도 장성군,전남,sigungu,249,232,254,246,269,282,307,282,309,351,311,287,315,342,295,316,333,342,351,391,410,2026-08-14T00:22:57.807Z
2020,4689000000,완도군,전라남도 완도군,전남,sigungu,227,277,280,286,343,315,359,328,386,352,394,333,300,375,354,315,404,348,378,436,507,2026-08-14T00:22:57.807Z
2020,4690000000,진도군,전라남도 진도군,전남,sigungu,104,166,130,167,160,185,174,188,213,217,219,202,191,251,205,179,207,252,277,296,327,2026-08-14T00:22:57.807Z
2020,4691000000,신안군,전라남도 신안군,전남,sigungu,127,130,141,132,151,170,143,164,191,211,180,181,192,177,176,170,213,230,243,278,306,2026-08-14T00:22:57.807Z
2020,4700000000,경북,경상북도,경북,sido,12555,14495,15853,17312,19846,21326,20855,21259,23345,22715,22020,21088,21902,23130,20964,20755,22267,23417,23671,26710,30507,2026-08-14T00:22:57.807Z
2020,4711000000,포항시,경상북도 포항시,경북,sigungu,2418,2766,3164,3537,4157,4615,4538,4630,4987,4861,4858,4441,4551,4760,4375,4353,4552,4766,4759,5338,6063,2026-08-14T00:22:57.807Z
2020,4711100000,포항시 남구,경상북도 포항시 남구,경북,sigungu,1031,1175,1295,1489,1819,2078,2007,2063,2319,2192,2236,2028,2127,2150,1991,2015,2036,2100,2101,2458,2654,2026-08-14T00:22:57.807Z
2020,4711300000,포항시 북구,경상북도 포항시 북구,경북,sigungu,1387,1591,1869,2048,2338,2537,2531,2567,2668,2669,2622,2413,2424,2610,2384,2338,2516,2666,2658,2880,3409,2026-08-14T00:22:57.807Z
2020,4713000000,경주시,경상북도 경주시,경북,sigungu,1085,1171,1341,1469,1695,1807,1790,1836,2035,1967,1979,1891,1989,2106,1961,1897,1996,2200,2269,2548,3048,2026-08-14T00:22:57.807Z
2020,4715000000,김천시,경상북도 김천시,경북,sigungu,804,867,940,983,1087,1095,1118,1141,1235,1167,1160,1090,1182,1222,1092,1072,1416,1342,1242,1427,1586,2026-08-14T00:22:57.807Z
2020,4717000000,안동시,경상북도 안동시,경북,sigungu,718,868,885,954,1071,1186,1093,1254,1310,1304,1277,1239,1303,1399,1264,1300,1405,1407,1477,1665,1753,2026-08-14T00:22:57.807Z
2020,4719000000,구미시,경상북도 구미시,경북,sigungu,2630,2972,3478,3841,4411,4780,4763,4536,5099,4856,4551,4291,4526,4780,4205,4155,4249,4661,4480,5019,5793,2026-08-14T00:22:57.807Z
2020,4721000000,영주시,경상북도 영주시,경북,sigungu,346,384,504,524,614,652,691,698,865,822,840,811,864,840,819,861,872,929,968,1079,1189,2026-08-14T00:22:57.807Z
2020,4723000000,영천시,경상북도 영천시,경북,sigungu,542,609,494,541,562,619,528,572,635,597,647,610,613,665,624,577,674,742,685,855,969,2026-08-14T00:22:57.807Z
2020,4725000000,상주시,경상북도 상주시,경북,sigungu,354,452,416,440,529,581,538,593,648,649,660,685,728,715,678,694,818,828,807,928,1068,2026-08-14T00:22:57.807Z
2020,4728000000,문경시,경상북도 문경시,경북,sigungu,324,325,319,359,386,448,415,450,510,536,468,470,498,566,489,521,564,577,661,766,823,2026-08-14T00:22:57.807Z
2020,4729000000,경산시,경상북도 경산시,경북,sigungu,1297,1570,1749,1889,2250,2259,2307,2277,2476,2402,2201,2169,2196,2363,2035,1960,2212,2285,2389,2890,3471,2026-08-14T00:22:57.807Z
2020,4772000000,군위군,경상북도 군위군,경북,sigungu,60,65,55,65,58,64,69,66,96,83,86,81,101,98,93,88,93,90,119,112,142,2026-08-14T00:22:57.807Z
2020,4773000000,의성군,경상북도 의성군,경북,sigungu,215,213,201,193,187,174,173,174,182,199,183,212,219,216,218,214,227,245,271,291,322,2026-08-14T00:22:57.807Z
2020,4775000000,청송군,경상북도 청송군,경북,sigungu,75,98,76,86,89,107,105,114,114,115,103,95,105,115,116,122,118,143,139,151,180,2026-08-14T00:22:57.807Z
2020,4776000000,영양군,경상북도 영양군,경북,sigungu,48,81,60,74,71,79,73,86,78,76,99,74,96,104,73,96,77,104,105,110,151,2026-08-14T00:22:57.807Z
2020,4777000000,영덕군,경상북도 영덕군,경북,sigungu,139,162,129,176,152,184,178,181,178,196,205,186,169,227,202,213,215,226,231,243,286,2026-08-14T00:22:57.807Z
2020,4782000000,청도군,경상북도 청도군,경북,sigungu,109,131,137,132,144,160,164,158,193,198,189,197,195,259,226,201,238,228,256,265,348,2026-08-14T00:22:57.807Z
2020,4783000000,고령군,경상북도 고령군,경북,sigungu,92,107,124,140,137,164,157,155,188,154,171,193,189,209,200,190,205,209,227,248,277,2026-08-14T00:22:57.807Z
2020,4784000000,성주군,경상북도 성주군,경북,sigungu,183,214,192,205,183,192,153,172,196,220,187,220,222,212,212,206,218,240,248,292,347,2026-08-14T00:22:57.807Z
2020,4785000000,칠곡군,경상북도 칠곡군,경북,sigungu,455,630,774,850,1093,1121,1052,1133,1228,1188,1164,1114,1134,1205,1087,1088,1080,1149,1210,1310,1379,2026-08-14T00:22:57.807Z
2020,4790000000,예천군,경상북도 예천군,경북,sigungu,330,390,388,432,490,516,466,520,553,554,459,507,478,443,433,388,409,388,397,444,469,2026-08-14T00:22:57.807Z
2020,4792000000,봉화군,경상북도 봉화군,경북,sigungu,98,121,121,140,145,150,131,147,159,173,180,162,151,189,188,146,194,211,220,226,239,2026-08-14T00:22:57.807Z
2020,4793000000,울진군,경상북도 울진군,경북,sigungu,205,260,272,257,291,336,316,314,338,344,306,312,343,386,331,369,405,398,462,441,508,2026-08-14T00:22:57.807Z
2020,4794000000,울릉군,경상북도 울릉군,경북,sigungu,28,39,34,25,44,37,37,52,42,54,47,38,50,51,43,44,30,49,49,62,96,2026-08-14T00:22:57.807Z
2020,4800000000,경남,경상남도,경남,sido,16327,19365,21667,24279,27882,30544,30731,30531,34073,33367,32987,30978,32433,34211,30247,29255,31796,32638,33109,36560,40643,2026-08-14T00:22:57.807Z
2020,4812000000,창원시,경상남도 창원시,경남,sigungu,5240,6167,6760,7584,8604,9452,9331,9533,10586,10213,9886,9505,9771,10512,9282,9041,9789,10166,10341,11434,12986,2026-08-14T00:22:57.807Z
2020,4812100000,창원시 의창구,경상남도 창원시 의창구,경남,sigungu,1474,1742,1821,2078,2272,2410,2366,2341,2559,2428,2424,2276,2259,2412,2091,2091,2296,2395,2486,2919,3424,2026-08-14T00:22:57.807Z
2020,4812300000,창원시 성산구,경상남도 창원시 성산구,경남,sigungu,1071,1201,1390,1460,1683,1827,1879,1865,2096,2085,2075,1993,2185,2390,2136,2148,2327,2463,2594,2800,3150,2026-08-14T00:22:57.807Z
2020,4812500000,창원시 마산합포구,경상남도 창원시 마산합포구,경남,sigungu,714,914,978,1142,1331,1458,1456,1487,1647,1512,1405,1360,1355,1462,1245,1221,1343,1375,1468,1530,1870,2026-08-14T00:22:57.807Z
2020,4812700000,창원시 마산회원구,경상남도 창원시 마산회원구,경남,sigungu,785,883,1018,1165,1341,1547,1510,1576,1820,1761,1703,1678,1740,1929,1751,1735,1830,1917,1854,2113,2357,2026-08-14T00:22:57.807Z
2020,4812900000,창원시 진해구,경상남도 창원시 진해구,경남,sigungu,1196,1427,1553,1739,1977,2210,2120,2264,2464,2427,2279,2198,2232,2319,2059,1846,1993,2016,1939,2072,2185,2026-08-14T00:22:57.807Z
2020,4817000000,진주시,경상남도 진주시,경남,sigungu,1794,2022,2332,2500,2927,3161,3372,3195,3538,3555,3520,3228,3547,3691,3323,3153,3500,3590,3704,3969,4552,2026-08-14T00:22:57.807Z
2020,4822000000,통영시,경상남도 통영시,경남,sigungu,457,545,659,790,961,1106,1206,1127,1393,1416,1457,1336,1377,1393,1160,1118,1190,1231,1248,1338,1409,2026-08-14T00:22:57.807Z
2020,4824000000,사천시,경상남도 사천시,경남,sigungu,493,518,615,774,852,914,949,934,1070,1011,1121,1071,1083,1083,994,914,918,1000,993,1104,1265,2026-08-14T00:22:57.807Z
2020,4824500000,사천남양출장소,경상남도 사천남양출장소,경남,sigungu,0,0,0,0,0,0,0,0,0,0,0,0,0,0,0,0,0,0,0,0,0,2026-08-14T00:22:57.807Z
2020,4825000000,김해시,경상남도 김해시,경남,sigungu,2925,3619,4000,4426,5192,5579,5572,5628,6305,6063,6079,5784,6043,6584,5898,5584,5919,6192,6290,6896,7654,2026-08-14T00:22:57.807Z
2020,4825200000,장유출장소,경상남도 장유출장소,경남,sigungu,0,0,0,0,0,0,0,0,0,0,0,0,0,0,0,0,0,0,0,0,0,2026-08-14T00:22:57.807Z
2020,4827000000,밀양시,경상남도 밀양시,경남,sigungu,356,449,444,542,575,601,624,642,695,692,710,673,784,856,714,729,782,796,829,956,1103,2026-08-14T00:22:57.807Z
2020,4831000000,거제시,경상남도 거제시,경남,sigungu,1403,1701,2021,2454,2890,3278,3175,3069,3393,3332,3211,2907,2916,2978,2580,2442,2643,2619,2714,2953,3076,2026-08-14T00:22:57.807Z
2020,4833000000,양산시,경상남도 양산시,경남,sigungu,2274,2666,3056,3289,3674,3967,3932,3707,4053,3979,3779,3383,3542,3645,3166,3129,3293,3295,3272,3776,3992,2026-08-14T00:22:57.807Z
2020,4833200000,양산시웅상출장소,경상남도 양산시웅상출장소,경남,sigungu,0,0,0,0,0,0,0,0,0,0,0,0,0,0,0,0,0,0,0,0,0,2026-08-14T00:22:57.807Z
2020,4872000000,의령군,경상남도 의령군,경남,sigungu,83,79,99,106,96,118,109,112,138,134,131,134,133,146,130,147,167,170,181,183,235,2026-08-14T00:22:57.807Z
2020,4873000000,함안군,경상남도 함안군,경남,sigungu,195,278,310,334,387,470,474,506,574,570,592,610,639,601,577,540,564,615,566,635,660,2026-08-14T00:22:57.807Z
2020,4874000000,창녕군,경상남도 창녕군,경남,sigungu,217,263,269,299,335,341,323,370,396,400,408,357,381,399,352,339,505,421,469,487,515,2026-08-14T00:22:57.807Z
2020,4882000000,고성군,경상남도 고성군,경남,sigungu,132,140,178,190,230,302,310,328,386,374,412,344,395,393,362,372,484,539,407,449,461,2026-08-14T00:22:57.807Z
2020,4884000000,남해군,경상남도 남해군,경남,sigungu,103,113,108,129,153,179,190,171,208,237,243,241,278,282,254,244,330,336,338,391,507,2026-08-14T00:22:57.807Z
2020,4885000000,하동군,경상남도 하동군,경남,sigungu,131,170,153,147,171,200,197,179,236,245,286,237,296,286,262,279,267,289,289,392,396,2026-08-14T00:22:57.807Z
2020,4886000000,산청군,경상남도 산청군,경남,sigungu,80,131,110,130,122,162,118,151,159,166,200,165,182,237,214,209,198,204,248,231,273,2026-08-14T00:22:57.807Z
2020,4887000000,함양군,경상남도 함양군,경남,sigungu,99,131,148,158,174,191,214,231,247,211,274,257,287,298,287,279,309,308,310,362,403,2026-08-14T00:22:57.807Z
2020,4888000000,거창군,경상남도 거창군,경남,sigungu,239,245,276,315,368,380,457,447,499,535,494,525,534,551,480,502,706,612,632,684,820,2026-08-14T00:22:57.807Z
2020,4889000000,합천군,경상남도 합천군,경남,sigungu,106,128,129,112,171,143,178,201,197,234,184,221,245,276,212,234,232,255,278,320,336,2026-08-14T00:22:57.807Z
2020,5000000000,제주,제주특별자치도,제주,sido,3828,4597,4982,5464,6147,6600,6748,6832,7712,7387,7304,6965,6989,7412,6822,6509,6794,7165,6991,7710,8765,2026-08-14T00:22:57.807Z
2020,5011000000,제주시,제주특별자치도 제주시,제주,sigungu,2948,3494,3895,4109,4653,4941,5175,5174,5825,5510,5412,5205,5180,5574,5147,4913,5142,5522,5281,5898,6680,2026-08-14T00:22:57.807Z
2020,5013000000,서귀포시,제주특별자치도 서귀포시,제주,sigungu,880,1103,1087,1355,1494,1659,1573,1658,1887,1877,1892,1760,1809,1838,1675,1596,1652,1643,1710,1812,2085,2026-08-14T00:22:57.807Z
